seed,match_id,slug,feed,old_pnl,new_pnl,difference
0,115565004607949415,lol-fly-sr-2026-09-25-game4,archive,-1089.9618623200001,-261.5518427200001,828.4100196
0,117212895183030075,lol-tf3-llh-2026-09-09,synthetic,0.0,0.0,0.0
0,117171782819927909,lol-esb-wd-2026-09-29-game2,archive,0.0,-7.642800000000193,-7.642800000000193
0,115565004607949421,lol-ly-sr-2026-09-26-game4,archive,395.0686699999999,259.7934,-135.27526999999986
0,117212895183030069,lol-tsc-mgz-2026-09-10,archive,0.0,0.0,0.0
0,116837891489387022,lol-capy-bublik-2026-08-20,synthetic,0.0,0.0,0.0
0,117173205363099694,lol-su-vdn-2026-09-23-game1,synthetic,89.19820623999993,-201.7982226099999,-290.9964288499998
0,117030752644841576,lol-kt-bro2-2026-08-26,synthetic,0.0,0.0,0.0
0,117171782819665586,lol-sc-lds-2026-09-22,archive,165.86923193999996,49.200732519999974,-116.66849941999999
0,115570934355614532,lol-blg-t1-2026-07-04,synthetic,557.2297379,625.4122379,68.1825
0,116996464901636925,lol-mea-brt-2026-09-01,archive,0.0,0.0,0.0
0,117171782819927878,lol-hrts-kcb-2026-09-29,archive,359.0105029599995,481.45319929999977,122.44269634000028
0,116923257568665139,lol-mgz-rp-2026-08-19,synthetic,0.0,0.0,0.0
0,115548681803406314,lol-gx-navi-2026-09-11,archive,0.0,47.12144320000016,47.12144320000016
0,115548681803406234,lol-gx-sk-2026-08-01,synthetic,53.8842767600006,49.97426304000062,-3.9100137199999807
0,115548668059589391,lol-mkoi-kc-2026-06-06-game3,synthetic,25.2869333499998,148.6248556200001,123.33792227000029
0,116929376557102175,lol-t1-hle1-2026-08-04,synthetic,-675.6981999999999,-681.2968,-5.598600000000033
0,116855104460702389,lol-t1-gen-2026-07-19,synthetic,-71.92869999999996,-430.59860074999995,-358.66990075
0,115548668059589397,lol-g2-kc-2026-06-07-game3,synthetic,-20.10157501999987,-198.35913182000013,-178.25755680000026
0,116929405380376827,lol-ns-kt-2026-07-20,synthetic,228.11135549999904,-48.782364210000424,-276.89371970999946
0,117171782819731127,lol-use1-tos-2026-09-21-game2,archive,0.0,0.0,0.0
0,116837891489386974,lol-domi-hype-2026-08-05,synthetic,0.0,0.0,0.0
0,116833506932259274,lol-lua-flk-2026-07-14,synthetic,-172.0291217099999,-148.1283897599999,23.900731950000022
0,115548681803406162,lol-sk-navi-2026-08-08,synthetic,-51.314899999999994,-59.18250092000011,-7.867600920000115
0,116884625259372845,lol-blue-wu-2026-08-05,synthetic,56.62039055999999,-96.25097216000009,-152.8713627200001
0,116929376557102191,lol-dnf-drx-2026-08-10,synthetic,415.6000883300005,254.22580794000032,-161.3742803900002
0,115548147900684588,lol-dk-gen-2026-08-22,synthetic,539.1405842500001,11.538399999999967,-527.6021842500002
0,115548128963037590,lol-t1-gen-2026-06-14-game3,synthetic,-85.76384174000007,107.36221351999995,193.12605526000004
0,116837891489386964,lol-bublik-exg-2026-07-29,synthetic,0.0,0.0,0.0
0,116929376557102210,lol-ns-dnf-2026-08-18-game2,synthetic,-48.214154160000476,186.76362459999984,234.97777876000032
0,117171782819927888,lol-jsk-use1-2026-09-29,synthetic,0.0,0.0,0.0
0,115564793879469303,lol-c9-ly-2026-06-07-game3,synthetic,21.3697926399999,21.369792639999957,5.684341886080802e-14
0,116996464901637016,lol-exe-esb-2026-09-14-game2,archive,0.0,-43.730088329999916,-43.730088329999916
0,115564797163886758,lol-c9-sr-2026-08-30,synthetic,133.09637064999924,154.35977286999992,21.26340222000067
0,117171782819796768,lol-anb-sc-2026-09-28,archive,0.6999999999999993,8.867819239999992,8.167819239999993
0,115548681803406250,lol-gx-g2-2026-08-24,synthetic,114.61979878,-97.47943151999993,-212.09923029999993
0,117171782819927902,lol-tp2-lds-2026-09-29,archive,-129.90727375000006,-76.41677375000012,53.49049999999994
0,115548681803406242,lol-fnc-gx-2026-08-30,synthetic,23.076799999999935,-270.2837009,-293.3605008999999
0,116884625134461194,lol-mvu-ccg-2026-08-06,synthetic,-138.38952582000013,-141.77285354000037,-3.3833277200002385
0,116520885021783362,lol-fue-z5-2026-08-24-game2,synthetic,0.0,-14.907600000000006,-14.907600000000006
0,115548681803406210,lol-shft-gx-2026-08-07,synthetic,533.4910693499996,297.6186974000005,-235.87237194999915
0,116634566264113561,lol-gal-es1-2026-06-14-game3,synthetic,-124.1912268800001,-124.1912268800001,0.0
0,115548147900684644,lol-bro2-ns-2026-08-05,synthetic,-92.61775386000016,-313.7449862599998,-221.12723239999963
0,116792888905448313,lol-ccg-cont-2026-08-14,synthetic,0.0,10.068011770000055,10.068011770000055
0,115548147900553452,lol-kt-hle1-2026-08-02,synthetic,-147.88661288999992,-147.88661288999992,0.0
0,116837902961537606,lol-tos-wd-2026-09-13-game3,archive,0.0,0.0,0.0
0,116837891489386986,lol-fcn2-bublik-2026-08-04,synthetic,0.0,0.0,0.0
0,117171782819927864,lol-esb-lds-2026-09-28,archive,-0.09999999999999964,-0.09999999999999964,0.0
0,115548681803406270,lol-fnc-mkoi-2026-08-02,synthetic,7.532700000000091,245.15469943999983,237.62199943999974
0,116170292916656918,lol-wu-ccg-2026-06-04,synthetic,144.1382119299999,45.18451298999994,-98.95369893999995
0,117030752644841598,lol-dk-kt-2026-08-30-game3,synthetic,161.99409948999983,156.53620464000028,-5.457894849999548
0,116929404978837689,lol-dnf-bro2-2026-07-20,synthetic,600.5267167999997,435.1146367299996,-165.41208007000012
0,116634566264113560,lol-gal-es1-2026-06-14-game2,synthetic,0.0,0.0,0.0
0,117171782819927898,lol-bw-ucam1-2026-09-29,archive,-82.45709767999995,110.08046754000071,192.53756522000066
0,117030752644841639,lol-hle1-t1-2026-09-12-game2,archive,527.0763478200008,493.5089099800002,-33.56743784000059
0,117171782819731200,lol-tlnpir-bombat-2026-09-27,archive,-365.79672933999996,-232.12281771999972,133.67391162000024
0,115548147900684674,lol-bro2-fox1-2026-08-21-game1,synthetic,-416.7022485200001,-64.13000052000001,352.5722480000001
0,115548681803406213,lol-shft-sk-2026-08-14-game2,synthetic,-1.4624439299999494,-106.54593586000021,-105.08349193000026
0,115548128963037584,lol-gen-kt-2026-06-13-game3,synthetic,0.0,0.0,0.0
0,116855104460702377,lol-gen-dk-2026-07-18-game1,synthetic,0.0,0.0,0.0
0,116855104460702387,lol-t1-gen-2026-07-19-game1,synthetic,233.9847999999995,264.54139999999984,30.556600000000344
0,115548681803406169,lol-navi-fnc-2026-08-24-game2,synthetic,-167.3622276999995,-13.350701730000083,154.0115259699994
0,116929376557102157,lol-ns-t1-2026-08-03-game1,synthetic,-3.124726570000014,0.0,3.124726570000014
0,115565004607949403,lol-sr-sen-2026-09-18-game4,archive,-44.30821746000001,-187.27789980000006,-142.96968234000005
0,116884625259372844,lol-blue-wu-2026-08-05-game2,synthetic,-54.91732246000001,-54.91732246000001,0.0
0,115548681803406313,lol-gx-navi-2026-09-11-game4,archive,29.7636012799999,-0.5434995000000065,-30.307100779999907
0,116792888905448369,lol-mvu-nrg-2026-09-09-game1,archive,2.379999999999999,83.15072362999992,80.77072362999992
0,116833506932324832,lol-bar-ucam1-2026-08-20,synthetic,-141.46516354,2.12390000000004,143.58906354000004
0,115548147900684675,lol-bro2-fox1-2026-08-21-game2,synthetic,157.34748369999977,376.13169735999986,218.7842136600001
0,115548681803406322,lol-navi-mkoi-2026-09-18-game1,archive,0.0,0.0,0.0
0,116929405190125792,lol-gen-t1-2026-07-21,synthetic,106.01145063999988,158.98557630000013,52.974125660000254
0,116837891489386977,lol-nort-wd-2026-08-05-game2,synthetic,1.6466449000000019,1.6466449000000019,0.0
0,116884625094680827,lol-nrg-wu-2026-07-30,synthetic,102.16692637999975,474.9029263799998,372.7360000000001
0,115548681803406233,lol-gx-sk-2026-08-01-game2,synthetic,96.65131667999987,684.3311999999996,587.6798833199998
0,116929405012523202,lol-t1-dnf-2026-07-27,synthetic,218.41249517999984,551.9224643400003,333.5099691600004
0,117030752644841627,lol-kt-dk-2026-09-04-game2,archive,17.85263863999974,118.68787649999987,100.83523786000013
0,116855104460702337,lol-mkoi-gam-2026-07-15,synthetic,-41.25315884999986,169.85989699999982,211.11305584999968
0,117173205363099690,lol-vdn-mcn-2026-09-22-game1,archive,0.3204999999999991,-0.8974000000000002,-1.2178999999999993
0,116793933806066927,lol-znt-sec-2026-07-16,synthetic,82.98330186000008,66.10355348,-16.87974838000008
0,117151111922858552,lol-bublik-domi-2026-09-10-game1,archive,0.0,-0.5599999999999996,-0.5599999999999996
0,116929405062330571,lol-dk-hle1-2026-07-27,synthetic,0.0,0.0,0.0
0,116793933806066930,lol-fec-sec-2026-09-01-game2,archive,0.0,0.0,0.0
0,115548681803406125,lol-th-gx-2026-08-23-game2,synthetic,-8.580412919999725,-27.769915479999867,-19.189502560000143
0,116923238535448343,lol-spk-rlx-2026-08-06-game1,synthetic,0.0,0.0,0.0
0,116634566270405093,lol-bombat-anb-2026-06-11-game2,synthetic,1.5574999999999974,-23.905,-25.4625
0,117171782819927894,lol-mgz-bar-2026-09-29,archive,-55.329199870000025,-66.39559999999994,-11.06640012999992
0,115564797163821194,lol-ly-sen-2026-08-16,synthetic,-29.431739020000066,-39.416638060000096,-9.98489904000003
0,115565004607949382,lol-sen-fly-2026-09-13-game1,archive,41.39296705999982,-247.89403273999994,-289.28699979999976
0,116295727286716932,lol-koia-ucam1-2026-06-04-game3,synthetic,-12.217702369999992,-31.497701000000006,-19.279998630000016
0,115565004607949383,lol-sen-fly-2026-09-13-game2,archive,-244.82900908999977,-54.27581413000007,190.5531949599997
0,116996464901637003,lol-nbs-ckz-2026-09-15-game1,archive,0.0,0.0,0.0
0,115548681803406124,lol-th-gx-2026-08-23-game1,synthetic,0.0,0.0,0.0
0,115548147900750228,lol-drx-fox1-2026-08-13,synthetic,286.75939818999996,384.4510708200008,97.69167263000082
0,116792888905382772,lol-cnv-blue-2026-08-14-game2,synthetic,-37.73320000000004,-39.66640000000004,-1.9331999999999994
0,117030752644841622,lol-gen-hle1-2026-09-05-game3,archive,1.8639986000000164,4.606380179999967,2.7423815799999502
0,115548681803406298,lol-vit-g2-2026-09-05-game1,archive,0.0,0.0,0.0
0,115548681803406312,lol-gx-navi-2026-09-11-game3,archive,41.43839227000001,51.46099227000006,10.022600000000054
0,116833506932324824,lol-koia-hrts-2026-08-20-game1,synthetic,0.0,0.0,0.0
0,115548681803406325,lol-navi-mkoi-2026-09-18-game4,archive,-234.11959999999976,-191.98629999999957,42.13330000000019
0,115548147900684671,lol-ns-dnf-2026-08-08-game2,synthetic,-619.3263286600001,0.0,619.3263286600001
0,117171782819796756,lol-fec-lds-2026-09-27,archive,19.76611024999994,173.50688281000026,153.74077256000032
0,116929405249894633,lol-hle1-drx-2026-07-27,synthetic,-24.693200619999857,-3.8171000000000106,20.876100619999846
0,116634529527025860,lol-fec-rs-2026-06-08,synthetic,0.0,0.0,0.0
0,117171782819731194,lol-use1-pcific-2026-09-26,archive,-14.09478475000006,-28.436122240000067,-14.341337490000008
0,115548681803406209,lol-shft-gx-2026-08-07-game2,synthetic,649.9324000000001,678.6168,28.68439999999987
0,115548147900684634,lol-fox1-bro2-2026-08-07-game1,synthetic,40.07095350999981,61.662675699999795,21.591722189999984
0,115565670260181876,lol-fur-los-2026-06-06-game1,synthetic,-227.06547461999997,-1.9683000000000002,225.09717461999998
0,117171782819731182,lol-ucam1-hmble-2026-09-26,archive,-11.552699970000006,-8.435299970000003,3.1174000000000035
0,116634566264113543,lol-hrts-es1-2026-06-13-game3,synthetic,0.0,0.0,0.0
0,116793933806066951,lol-sec-ban2-2026-09-10-game1,archive,1.7885999999999989,2.4389999999999965,0.6503999999999976
0,115564797163886745,lol-c9-dsg-2026-08-08-game2,synthetic,3.092399999999987,3.092399999999987,0.0
0,115548681803406304,lol-g2-kc-2026-09-06-game1,archive,-0.004580800000013596,0.5974553600000032,0.6020361600000168
0,115548147900619034,lol-t1-gen-2026-08-16-game1,synthetic,0.0,197.49054999999998,197.49054999999998
0,115565671526403030,lol-png1-vks-2026-08-30-game1,synthetic,-267.86455736999966,-135.15825736999997,132.7062999999997
0,116833506932324825,lol-koia-hrts-2026-08-20-game2,synthetic,11.064793379999998,46.180328579999994,35.1155352
0,116996464901636916,lol-exe-brt-2026-08-26-game2,synthetic,65.06808128000013,82.94129999999998,17.873218719999855
0,116837891489386966,lol-drm-tung-2026-07-29,synthetic,91.14865911999996,64.69865912,-26.44999999999996
0,116996464901637004,lol-nbs-ckz-2026-09-15-game2,archive,0.0,0.0,0.0
0,115548681803406185,lol-gx-vit-2026-08-14-game2,synthetic,22.643642529999994,20.83604253,-1.8075999999999937
0,115548128963037591,lol-t1-gen-2026-06-14-game4,synthetic,37.14101175000002,-7.790988200000072,-44.93199995000009
0,116634566270405033,lol-hrts-kcb-2026-06-10-game2,synthetic,0.0,0.0,0.0
0,115570934355614594,lol-g2-ly-2026-07-10-game1,synthetic,0.0,0.0,0.0
0,115565671526403043,lol-vks-fxw7-2026-08-07-game2,synthetic,0.0,0.0,0.0
0,116833506932193669,lol-bar-ucam1-2026-07-22-game2,synthetic,0.0,0.0,0.0
0,117173205363099698,lol-bublik-tf3-2026-09-22-game1,synthetic,-56.15999999999998,0.0,56.15999999999998
0,116792888905448364,lol-mvu-cont-2026-09-03-game2,archive,159.46809959000007,162.11809959,2.649999999999949
0,116833506932259260,lol-ub-flk-2026-07-22-game1,synthetic,0.0,0.0,0.0
0,116833506932324849,lol-hrts-koia-2026-09-06-game4,synthetic,0.2271999999999963,-231.54870263000004,-231.77590263000002
0,115548128963037582,lol-gen-kt-2026-06-13-game1,synthetic,0.0,-2.7253801000000237,-2.7253801000000237
0,115548681803406324,lol-navi-mkoi-2026-09-18-game3,archive,-96.9177748699999,-497.68900761000015,-400.77123274000024
0,115548681803406334,lol-g2-mkoi-2026-09-20-game1,archive,5.039200000000008,6.298999999999992,1.2597999999999843
0,117171782819731206,lol-khk-sc-2026-09-27,archive,-78.09627081000002,-100.47516320999995,-22.378892399999927
0,115548681803406299,lol-vit-g2-2026-09-05-game2,archive,0.0,0.0,0.0
0,117171782819796776,lol-g2nord-fec-2026-09-28,archive,169.20600001,153.2286761100003,-15.977323899999703
0,116634529527025936,lol-me1-ucam1-2026-06-11-game1,synthetic,3.4735999999999905,-22.33493019000001,-25.80853019
0,117030752644841614,lol-fox1-dk-2026-09-03-game1,archive,69.92182905000027,-341.0665008799997,-410.98832992999996
0,116996464901637010,lol-mea-brt-2026-09-10-game2,archive,0.0,0.0,0.0
0,115564797163821192,lol-ly-sen-2026-08-16-game1,synthetic,-82.85150000000033,-96.29610000000014,-13.44459999999981
0,117212895183030060,lol-llh-mgz-2026-09-08-game2,archive,0.0,0.0,0.0
0,115548681803406269,lol-fnc-mkoi-2026-08-02-game2,synthetic,164.33638480000025,-394.2760278799997,-558.6124126799999
0,116634566270405064,lol-g2nord-gal-2026-06-11-game1,synthetic,119.83504147999997,154.49379859999993,34.65875711999996
0,116792888905448339,lol-cnv-dog-2026-08-26-game1,synthetic,0.0,-16.042798109999964,-16.042798109999964
0,116923257568665154,lol-mgz-llh-2026-08-25-game2,synthetic,0.0,0.0,0.0
0,115548681803406265,lol-sk-g2-2026-08-02-game2,synthetic,-37.12709999999993,-37.18709999999987,-0.05999999999994543
0,116855104460702312,lol-g2-dk-2026-07-16-game2,synthetic,-29.3493000000002,-29.3493000000002,0.0
0,115565671526402950,lol-fur-lll-2026-08-07-game1,synthetic,0.0,0.0,0.0
0,115548147900684670,lol-ns-dnf-2026-08-08-game1,synthetic,4.108734600000048,5.477969200000075,1.369234600000027
0,115548681803406300,lol-vit-g2-2026-09-05-game3,archive,50.95889999999986,30.54504335999991,-20.41385663999995
0,115570934355614606,lol-blg-hle1-2026-07-12-game1,synthetic,25.00799999999981,78.14507119000038,53.13707119000057
0,115565671526403042,lol-vks-fxw7-2026-08-07-game1,synthetic,24.09864000000005,18.099140000000048,-5.999500000000001
0,116837902961537569,lol-hype-bublik-2026-08-26-game2,synthetic,0.0,0.0,0.0
0,116793933806066917,lol-ban2-znt-2026-07-23-game1,synthetic,0.0,0.0,0.0
0,116295727286716937,lol-hrts-ucam1-2026-06-05-game2,synthetic,0.0,-21.052404089999925,-21.052404089999925
0,116996464901636931,lol-esb-ckz-2026-08-26-game1,synthetic,0.0,0.0,0.0
0,116929376557102186,lol-hle1-gen-2026-08-10-game2,synthetic,-129.32168998000066,-231.73949550000032,-102.41780551999966
0,116884625160413459,lol-mvu-wu-2026-08-13-game2,synthetic,-526.5391569599998,-519.0991569600002,7.4399999999996
0,115570934355614528,lol-blg-t1-2026-07-04-game1,synthetic,160.30972221999997,-24.36192311999996,-184.67164533999994
0,115548147900553482,lol-hle1-t1-2026-08-23-game1,synthetic,0.0,-37.85710000000006,-37.85710000000006
0,116837891489321420,lol-tos-wd-2026-07-28,synthetic,0.0,0.0,0.0
0,116996464901571345,lol-brt-bg2-2026-08-11,synthetic,0.0,0.0,0.0
0,116884625201897756,lol-mvu-dog-2026-07-16-game1,synthetic,-69.38364742,-26.219547419999998,43.164100000000005
0,115548681803340576,lol-navi-th-2026-08-17-game1,synthetic,8.331297270000277,-32.122602729999926,-40.4539000000002
0,116837891489386982,lol-drm-gde-2026-08-04,synthetic,0.0,0.0,0.0
0,116884625219920161,lol-blue-ccg-2026-07-17-game1,synthetic,0.0,0.0,0.0
0,117171782819927882,lol-vlr-sc-2026-09-29,archive,155.8963,142.91383667,-12.982463330000002
0,116520885021783381,lol-kits-3v-2026-08-18-game3,synthetic,0.40000000000000036,0.7000000000000002,0.2999999999999998
0,115548681803406240,lol-fnc-gx-2026-08-30-game1,synthetic,-399.2812999999999,-318.6213999999993,80.65990000000056
0,115564797163821188,lol-sen-fly-2026-08-22-game1,synthetic,-89.68930072000012,-108.75579940000006,-19.06649867999994
0,115565004607949391,lol-ly-c9-2026-09-19-game4,archive,-163.87487633000012,-139.25857607000017,24.616300259999946
0,115548147900684639,lol-bro2-drx-2026-07-31-game2,synthetic,201.5311927199998,112.02235757000024,-89.50883514999957
0,116884625201897757,lol-mvu-dog-2026-07-16-game2,synthetic,69.29334211000007,81.71640000000002,12.423057889999953
0,116833506932259269,lol-flk-ucam1-2026-07-16-game2,synthetic,0.0,0.0,0.0
0,116566603146451432,lol-bar-koia-2026-06-05-game1,synthetic,1.9642848499999999,1.9642848499999999,0.0
0,115570934355614534,lol-ly-fur-2026-07-03-game1,synthetic,-94.09280000000012,-125.21519999999981,-31.122399999999686
0,115548681803406193,lol-mkoi-vit-2026-07-26-game2,synthetic,-142.0316118400001,-153.02113547000022,-10.989523630000122
0,116833506932324847,lol-hrts-koia-2026-09-06-game2,synthetic,-0.46142591999999993,-0.46142591999999993,0.0
0,115548147900684647,lol-dnf-bro2-2026-08-02-game2,synthetic,-39.802759500000036,-98.45865950000018,-58.655900000000145
0,117171782819731210,lol-big1-vlr-2026-09-27,synthetic,0.0,0.0,0.0
0,116996464901636980,lol-mea-ot-2026-09-02-game2,archive,0.0,0.0,0.0
0,115564797163886772,lol-dig-ly-2026-08-09-game1,synthetic,0.0,0.0,0.0
0,116996464901702569,lol-nbs-esb-2026-09-20-game1,archive,0.0,0.0,0.0
0,115548681803406177,lol-navi-g2-2026-08-10-game2,synthetic,547.6032553,459.8114353599999,-87.7918199400001
0,116837891489386970,lol-pane-role-2026-07-29,synthetic,0.0,0.0,0.0
0,116929405111089364,lol-fox1-gen-2026-07-27,synthetic,0.0,0.0,0.0
0,116996464901636911,lol-esb-brt-2026-08-25-game1,synthetic,0.0,0.0,0.0
0,116996464901636999,lol-ckz-mea-2026-09-09-game3,archive,0.0,0.0,0.0
0,116520885021783361,lol-fue-z5-2026-08-24-game1,synthetic,0.0,0.0,0.0
0,115548147900684650,lol-fox1-drx-2026-08-09-game1,synthetic,1596.3144690099996,-68.99804077000022,-1665.3125097799998
0,115565671526403002,lol-fxw7-lll-2026-08-02-game1,synthetic,0.0,9.900000000000006,9.900000000000006
0,116634566270405040,lol-hrts-fsk-2026-06-11-game1,synthetic,0.0,0.0,0.0
0,117030752644841604,lol-gen-kt-2026-09-01-game3,archive,-73.18369999999982,-88.76810000000023,-15.584400000000414
0,115548147900684655,lol-ns-fox1-2026-08-01-game2,synthetic,0.0,-624.0133703500002,-624.0133703500002
0,116833506932193661,lol-koia-bar-2026-07-15-game2,synthetic,0.0,0.0,0.0
0,116923257568665156,lol-mgz-llh-2026-08-25-game4,synthetic,0.0,0.0,0.0
0,116634566264113538,lol-sly-g2nord-2026-06-13-game4,synthetic,109.54859942999997,109.54859942999997,0.0
0,115548681803406280,lol-fnc-kc-2026-08-09-game1,synthetic,23.85369999999989,23.85369999999989,0.0
0,116634529527025912,lol-kcb-vdn-2026-06-09-game1,synthetic,32.457059319999956,65.28369403999989,32.82663471999993
0,116855104460702336,lol-mkoi-gam-2026-07-15-game2,synthetic,10.746966280000095,-7.06264651999993,-17.809612800000025
0,116929376557102199,lol-hle1-dnf-2026-08-11-game3,synthetic,39.13559969000005,32.613199690000044,-6.522400000000005
0,116996464901702554,lol-exe-esb-2026-09-14-game4,archive,-41.50760000000014,-39.22760000000005,2.2800000000000864
0,116634566270405068,lol-ps1-wlg-2026-06-11-game1,synthetic,-274.60327316,-74.42816812,200.17510504
0,116520885021783318,lol-kits-sdm-2026-07-19-game2,synthetic,0.0,0.0,0.0
0,116520885021783380,lol-kits-3v-2026-08-18-game2,synthetic,12.60190652,10.201906519999994,-2.4000000000000057
0,116833506932324827,lol-koia-hrts-2026-08-20-game4,synthetic,-2.2999999999999936,-38.22530019000001,-35.925300190000016
0,115548681803406336,lol-g2-mkoi-2026-09-20-game3,archive,473.1718000000003,473.1718000000003,0.0
0,116249441374562218,lol-fec-mcn-2026-06-06-game2,synthetic,0.0,0.0,0.0
0,116634566270405085,lol-es1-anb-2026-06-10-game2,synthetic,0.0,0.0,0.0
0,116884625060929771,lol-cnv-dog-2026-07-30-game2,synthetic,-11.874699999999962,-11.774699999999967,0.09999999999999432
0,116929376557102185,lol-hle1-gen-2026-08-10-game1,synthetic,-1.1391126399999791,-91.24966583000025,-90.11055319000027
0,116855104460702319,lol-sen-gen-2026-07-16,synthetic,0.0,0.0,0.0
0,115570934355614529,lol-blg-t1-2026-07-04-game2,synthetic,-147.07515536000028,-147.5152806000002,-0.44012523999992936
0,116793933806066939,lol-fec-mcn-2026-09-08-game3,archive,0.0,261.86034806,261.86034806
0,115548681803406116,lol-vit-th-2026-07-31-game1,synthetic,-45.21720179999994,17.620087150000103,62.837288950000044
0,116929376557102181,lol-bro2-drx-2026-08-04-game1,synthetic,0.0,-33.43959999999987,-33.43959999999987
0,115548147900684586,lol-dk-gen-2026-08-22-game1,synthetic,174.78449871999987,467.5756970999994,292.7911983799995
0,116793933806066858,lol-ban2-dyn1-2026-08-25-game2,synthetic,-15.258556629999918,-98.12192533999993,-82.86336871000002
0,115565004607949412,lol-fly-sr-2026-09-25-game1,archive,172.64150000000018,266.8992999999998,94.25779999999963
0,115565671526403065,lol-vks-png1-2026-09-05-game2,archive,0.0,-1.9315999999999995,-1.9315999999999995
0,116520885021783391,lol-z5-fue-2026-09-07-game1,archive,-136.08079996999996,-120.8568999999999,15.223899970000062
0,115565671526403018,lol-png1-fxw7-2026-08-16-game1,synthetic,-108.58861371999994,-383.82950219999987,-275.2408884799999
0,115565671526402947,lol-fur-los-2026-07-25-game2,synthetic,625.4447646899998,596.5328633500001,-28.91190133999976
0,116833506932324820,lol-ucam1-hrts-2026-08-19-game3,synthetic,6.054971239999999,6.919771240000001,0.8648000000000025
0,115548681803406252,lol-sk-mkoi-2026-08-22-game1,synthetic,-27.53270188000002,-27.53270188000002,0.0
0,115570934355614572,lol-tsw-tes-2026-07-04-game3,synthetic,0.0,0.0,0.0
0,116634566264113548,lol-gal-me1-2026-06-13-game2,synthetic,113.18795843999999,302.6583584399999,189.47039999999993
0,116634566264113537,lol-sly-g2nord-2026-06-13-game3,synthetic,-32.22553236,-44.58769306999989,-12.362160709999884
0,116855104460702383,lol-kc-dk-2026-07-19-game3,synthetic,285.63434847999997,285.63434847999997,0.0
0,115548147900684686,lol-bro2-dnf-2026-08-19-game1,synthetic,-42.48239309000013,-203.08013666,-160.59774356999986
0,115565671526403070,lol-los-fur-2026-09-13-game1,archive,-2.3999999999999986,0.0,2.3999999999999986
0,115548147900619046,lol-gen-kt-2026-08-19-game1,synthetic,0.0,0.0,0.0
0,116884625146454286,lol-mvu-cpd-2026-07-31-game2,synthetic,192.97378489000005,528.2400852900001,335.2663004000001
0,116837902961537589,lol-domi-drm-2026-09-03-game4,archive,0.0,0.0,0.0
0,115548681803406212,lol-shft-sk-2026-08-14-game1,synthetic,59.65789797000001,-19.774267960000003,-79.43216593000001
0,115548681803406184,lol-gx-vit-2026-08-14-game1,synthetic,362.13607260000003,630.5021726000002,268.3661000000002
0,117171782819731184,lol-fsk-g2nord-2026-09-26,archive,-4.800000000000011,-3.7364000000000033,1.063600000000008
0,115565671526402999,lol-lll-png1-2026-07-25-game2,synthetic,-34.34421524,-27.286657170000005,7.057558069999992
0,116792888905448315,lol-cpd-cnv-2026-08-20-game1,synthetic,0.0,5.080000000000005,5.080000000000005
0,116833506932128109,lol-ucam1-hrts-2026-07-14-game2,synthetic,0.0,-50.9129999999999,-50.9129999999999
0,116837891489387017,lol-wge-tung-2026-08-19-game2,synthetic,0.0,0.0,0.0
0,115548681803340577,lol-navi-th-2026-08-17-game2,synthetic,438.26692375999994,457.5881981199996,19.321274359999677
0,116833506932193676,lol-flk-bar-2026-08-06-game1,synthetic,0.0,0.0,0.0
0,115570934355614506,lol-kc-dcg-2026-06-27-game3,synthetic,0.0,0.0,0.0
0,115548147900619027,lol-hle1-kt-2026-08-15-game2,synthetic,0.0,0.0,0.0
0,116793933806066889,lol-fec-myth-2026-08-25-game1,synthetic,0.0,0.0,0.0
0,116855104460702311,lol-g2-dk-2026-07-16-game1,synthetic,555.2230560900002,548.91307375,-6.309982340000261
0,115565671526402998,lol-lll-png1-2026-07-25-game1,synthetic,-452.60333746,-453.38033746,-0.7770000000000437
0,116996464901702571,lol-nbs-esb-2026-09-20-game3,archive,0.0,0.0,0.0
0,116793933806066882,lol-ouat-znt-2026-08-04-game2,synthetic,0.0,0.0,0.0
0,115548681803406217,lol-mkoi-shft-2026-07-31-game2,synthetic,4.094943749999814,-1.4632223300001783,-5.558166079999992
0,115548681803406294,lol-kc-gx-2026-09-05-game3,archive,0.0,0.0,0.0
0,115548147900684682,lol-ns-bro2-2026-08-14-game1,synthetic,584.30851173,619.2731524800001,34.96464075000017
0,115548147900684667,lol-drx-dnf-2026-08-06-game2,synthetic,458.51219733999994,495.3337945499993,36.82159720999937
0,116634566270405032,lol-hrts-kcb-2026-06-10-game1,synthetic,0.4686281899999898,-0.010571810000012505,-0.4792000000000023
0,116793933806066933,lol-ban2-mcn-2026-09-01-game1,archive,0.0,0.0,0.0
0,115570934355614542,lol-hle1-tsw-2026-07-02-game3,synthetic,0.0,0.0,0.0
0,116793933806066821,lol-mcn-ouat-2026-07-21-game1,synthetic,0.0,0.0,0.0
0,116833506932259272,lol-lua-flk-2026-07-14-game1,synthetic,11.187000000000005,11.187000000000001,-3.552713678800501e-15
0,115570934355614590,lol-ly-tsw-2026-07-08-game3,synthetic,0.0,-0.6328557200001228,-0.6328557200001228
0,116793933806066905,lol-fec-ban2-2026-07-16-game1,synthetic,0.0,0.0,0.0
0,116634566270405081,lol-sly-bombat-2026-06-10-game2,synthetic,0.0,0.0,0.0
0,115548681803406245,lol-gx-kc-2026-08-17-game2,synthetic,275.56904800999996,276.3968,0.8277519900000243
0,116634566270405056,lol-g2nord-ps1-2026-06-10-game1,synthetic,11.179000000000002,34.25559999999999,23.076599999999985
0,116833506932193700,lol-ub-koia-2026-08-04-game1,synthetic,0.0,0.0,0.0
0,116833506932193664,lol-bar-ub-2026-08-12-game1,synthetic,0.0,0.0,0.0
0,115548681803406132,lol-mkoi-th-2026-08-30-game1,synthetic,-22.899912340000014,-3.0,19.899912340000014
0,116929376557102194,lol-gen-dnf-2026-08-10-game2,synthetic,0.0,0.0,0.0
0,115548147900684646,lol-dnf-bro2-2026-08-02-game1,synthetic,-103.93183119999998,16.47339999999997,120.40523119999995
0,116837891489387012,lol-fcn2-gde-2026-08-19-game1,synthetic,0.0,0.0,0.0
0,115564797163886773,lol-dig-ly-2026-08-09-game2,synthetic,0.0,0.0,0.0
0,115565671526403006,lol-lll-lev-2026-08-16-game1,synthetic,0.0,0.0,0.0
0,116996464901636952,lol-exe-esb-2026-09-03-game2,archive,0.0,0.0,0.0
0,115570934355614531,lol-blg-t1-2026-07-04-game4,synthetic,-154.01292870999993,-154.01292870999993,0.0
0,117275453885353213,lol-est-9zg-2026-09-29-game1,archive,0.0,0.0,0.0
0,115565671526403035,lol-fxw7-lev-2026-07-26-game2,synthetic,32.02580000000005,30.52940000000004,-1.4964000000000048
0,115548681803406117,lol-vit-th-2026-07-31-game2,synthetic,-55.3354041400002,-65.63600265999985,-10.300598519999646
0,115565670260181879,lol-fur-los-2026-06-06-game4,synthetic,0.9215999999999998,0.7679999999999998,-0.15359999999999996
0,116833506932193660,lol-koia-bar-2026-07-15-game1,synthetic,0.0,-56.60330000000016,-56.60330000000016
0,117054582581341053,lol-nbs-ckz-2026-08-18-game1,synthetic,0.0,0.0,0.0
0,116855104460702326,lol-kc-sen-2026-07-16-game2,synthetic,93.85117325999988,94.70697496000003,0.8558017000001428
0,116837902961537595,lol-bublik-tos-2026-09-07-game4,archive,0.0,0.0,0.0
0,116520885021717717,lol-3v-fue-2026-07-18-game1,synthetic,0.0,0.0,0.0
0,115570934355614559,lol-hle1-g2-2026-07-05-game2,synthetic,2.941564480000004,28.20406305000003,25.262498570000027
0,115570934355614560,lol-hle1-g2-2026-07-05-game3,synthetic,0.0,128.57040000000006,128.57040000000006
0,116923238535448312,lol-rlx-lps-2026-08-04-game2,synthetic,0.0,0.0,0.0
0,116793933806066925,lol-znt-sec-2026-07-16-game1,synthetic,0.0,0.0,0.0
0,116855104460702353,lol-jdg-milo-2026-07-16-game1,synthetic,0.0,0.0,0.0
0,116884625182630168,lol-mvu-cont-2026-08-07-game2,synthetic,84.84450000000038,84.84450000000038,0.0
0,115564797163886744,lol-c9-dsg-2026-08-08-game1,synthetic,48.17130000000003,48.17130000000003,0.0
0,116833506932324830,lol-bar-ucam1-2026-08-20-game1,synthetic,196.2248999999997,198.01779942999997,1.7928994300002614
0,116520885021783374,lol-3v-lyna-2026-08-17-game2,synthetic,32.2247,32.712500000000006,0.4878000000000071
0,116884625060929770,lol-cnv-dog-2026-07-30-game1,synthetic,-4.705200530000411,6.547603679999611,11.252804210000022
0,116855104460702339,lol-gam-t1-2026-07-16-game1,synthetic,0.0,0.0,0.0
0,115570934355614541,lol-hle1-tsw-2026-07-02-game2,synthetic,0.0,0.0,0.0
0,116520885021717725,lol-pls1-fue-2026-07-19-game1,synthetic,0.0,0.0,0.0
0,116996464901636956,lol-ot-esb-2026-08-12-game2,synthetic,0.0,0.0,0.0
0,116996464901636993,lol-nbs-exe-2026-09-08-game3,archive,0.0,0.0,0.0
0,116833506932128116,lol-hrts-flk-2026-07-30-game1,synthetic,0.0,0.0,0.0
0,116996464901636943,lol-mea-ckz-2026-08-12-game1,synthetic,0.0,0.0,0.0
0,115548147900684658,lol-dnf-fox1-2026-07-30-game1,synthetic,37.548399630000006,42.02599963,4.477599999999995
0,116793933806066914,lol-fec-sec-2026-07-21-game2,synthetic,0.0,0.0,0.0
0,116855104460702308,lol-fur-dk-2026-07-15-game2,synthetic,0.0,0.0,0.0
0,116833506932193688,lol-ucam1-gxp-2026-08-04-game1,synthetic,0.0,0.0,0.0
0,116634566264113532,lol-ucam1-kcb-2026-06-13-game4,synthetic,0.0,-2.427075330000001,-2.427075330000001
0,116923238535448351,lol-hool-rlx-2026-08-13-game1,synthetic,0.0,0.0,0.0
0,115565671526402979,lol-los-png1-2026-08-10-game2,synthetic,0.0,0.0,0.0
0,116923238535448387,lol-hool-spk-2026-07-29-game1,synthetic,0.0,0.0,0.0
0,115570934355614540,lol-hle1-tsw-2026-07-02-game1,synthetic,0.0,0.0,0.0
0,116634529527025894,lol-bombat-fec-2026-06-08,synthetic,0.0,0.0,0.0
0,116520885021717729,lol-lyna-z5-2026-07-19-game1,synthetic,0.0,0.0,0.0
0,115565671526468627,lol-los-lll-2026-09-27-game4,archive,-185.1413136299997,-104.85279999999989,80.28851362999981
0,115548128963037592,lol-t1-gen-2026-06-14,synthetic,0.0,-296.94845645000015,-296.94845645000015
0,116996464901636933,lol-esb-ckz-2026-08-26,synthetic,0.0,0.0,0.0
0,117173205363099686,lol-ckz-tos-2026-09-23-game1,archive,-13.436533049999994,-11.988049910000008,1.4484831399999862
0,116837891489387006,lol-tos-nort-2026-08-13,synthetic,0.0,0.0,0.0
0,116634566270405098,lol-es1-anb-2026-06-12,synthetic,-410.5037932299996,-187.91295566000008,222.5908375699995
0,116833506932324828,lol-koia-hrts-2026-08-20,synthetic,0.0,-49.67707531000006,-49.67707531000006
0,116996464901636921,lol-ot-brt-2026-08-19,synthetic,0.0,0.0,0.0
0,116634566270405038,lol-pcific-fsk-2026-06-10,synthetic,-110.74675908000005,-126.89062646000012,-16.143867380000074
0,117173205363099695,lol-su-vdn-2026-09-23-game2,synthetic,580.9594109500005,671.1943789500004,90.23496799999998
0,115548147900619040,lol-kt-t1-2026-08-21,synthetic,0.0,0.0020995200000015757,0.0020995200000015757
0,116793933806066871,lol-ouat-myth-2026-07-14,synthetic,-37.8,-37.8,0.0
0,115548681803406278,lol-g2-mkoi-2026-07-24,synthetic,-155.01500063999993,208.76484411999968,363.7798447599996
0,115548681803406226,lol-shft-kc-2026-08-23,synthetic,21.42840000000001,186.53600000000006,165.10760000000005
0,117171782819665578,lol-sc-ap-2026-09-21,archive,-75.72661904999993,-419.2578493600003,-343.5312303100004
0,117171782819731145,lol-ucam1-mcn-2026-09-21-game2,archive,0.0,0.0,0.0
0,117171782819731141,lol-su-vdn-2026-09-21-game2,synthetic,27.78739999999999,27.787399999999963,-2.842170943040401e-14
0,116996464901636998,lol-ckz-mea-2026-09-09-game2,archive,0.0,0.0,0.0
0,116793933806066859,lol-ban2-dyn1-2026-08-25,synthetic,0.0,0.0,0.0
0,116855104460702375,lol-t1-kc-2026-07-18,synthetic,7.410200000000032,41.31008057999999,33.89988057999996
0,116923257568665147,lol-tsc-defini-2026-08-20,synthetic,0.0,0.0,0.0
0,116929405329586421,lol-ns-bro2-2026-07-20,synthetic,32.72409846999983,-211.15110820999973,-243.87520667999956
0,116837891489386998,lol-drm-capy-2026-08-12,synthetic,0.0,2.0599999999999934,2.0599999999999934
0,115548147900750232,lol-fox1-ns-2026-08-23,synthetic,-32.287879020000105,-197.98693371999912,-165.699054699999
0,115548128963037572,lol-kt-dk-2026-06-07-game3,synthetic,-62.940204359999996,-72.43646015000002,-9.49625579000002
0,117171782819665585,lol-sc-lds-2026-09-22-game2,archive,0.0,-8.800000000000011,-8.800000000000011
0,117171782819731140,lol-su-vdn-2026-09-21-game1,synthetic,-127.64830985999984,-177.17869996000013,-49.53039010000029
0,115570934355614550,lol-g2-tes-2026-07-04,synthetic,374.4970161099993,344.19836812999984,-30.298647979999487
0,116793933806066959,lol-mcn-sec-2026-09-15-game3,archive,0.0,-209.97099999999995,-209.97099999999995
0,116634566270405074,lol-g2nord-wlg-2026-06-12,synthetic,5.8348063599999875,242.8561137600002,237.0213074000002
0,117171782819796778,lol-pcific-ucam1-2026-09-28,archive,-1.4301005500000015,-2.633500550000001,-1.2033999999999994
0,117171782819731208,lol-jsk-su-2026-09-27,synthetic,-20.53368156000002,30.56694470999997,51.10062626999999
0,116634566270405096,lol-es1-anb-2026-06-12-game1,synthetic,139.2662259199999,90.10796591999991,-49.158259999999984
0,117030752644841638,lol-hle1-t1-2026-09-12-game1,archive,122.9984999999997,113.19710059999989,-9.80139939999981
0,116837891489387005,lol-tos-nort-2026-08-13-game2,synthetic,0.0,0.0,0.0
0,116929405306255602,lol-ns-fox1-2026-07-20,synthetic,0.0,0.0,0.0
0,116996464901636923,lol-mea-brt-2026-09-01-game1,archive,22.779960109999998,22.129960109999992,-0.6500000000000057
0,116996464901702566,lol-ckz-esb-2026-09-19-game4,synthetic,0.0,0.0,0.0
0,116855104460702333,lol-blg-t1-2026-07-16,synthetic,137.89449721000005,-353.21426935000045,-491.1087665600005
0,117030752644841621,lol-gen-hle1-2026-09-05-game2,archive,320.0520129499998,-47.20862455000008,-367.26063749999986
0,116793933806066845,lol-ouat-dyn1-2026-08-18-game1,synthetic,0.0,0.0,0.0
0,116837902961537604,lol-tos-wd-2026-09-13-game1,archive,9.698955659999982,17.033327080000007,7.334371420000025
0,115548128963037589,lol-t1-gen-2026-06-14-game2,synthetic,-234.8147347700002,-218.88683653000004,15.927898240000161
0,116996464901571353,lol-esb-bg2-2026-09-05,archive,-46.50612483999991,-28.46663505999993,18.039489779999982
0,116855104460702374,lol-t1-kc-2026-07-18-game2,synthetic,221.1291000000001,0.0,-221.1291000000001
0,116884625039565024,lol-cnv-wu-2026-07-23-game1,synthetic,0.0,-7.5,-7.5
0,117171782819796770,lol-tlnpir-jsk-2026-09-28,synthetic,-44.355484129999994,-43.94748413000001,0.40799999999998704
0,117030752644841640,lol-hle1-t1-2026-09-12-game3,archive,343.51219999999967,95.15120029999957,-248.3609997000001
0,117171782819731126,lol-use1-tos-2026-09-21-game1,archive,0.0,0.0,0.0
0,116520885021783371,lol-kits-sdm-2026-08-11,synthetic,-7.44605684000004,-52.65559348000005,-45.20953664000001
0,116884625201897758,lol-mvu-dog-2026-07-16,synthetic,4.958209590000024,0.22053394000005255,-4.7376756499999715
0,115548147900750247,lol-dnf-ns-2026-08-12-game2,synthetic,-283.5651814199997,-378.50521322,-94.94003180000027
0,116837891489387026,lol-nort-tung-2026-08-20,synthetic,0.0,0.0,0.0
0,116793933806066867,lol-dyn1-sec-2026-08-11,synthetic,67.44999999999999,235.65479556000014,168.20479556000015
0,116996464901702558,lol-mea-esb-2026-09-16-game2,archive,37.65036512999996,86.91324009000004,49.26287496000008
0,117171782819927872,lol-tlnpir-anb-2026-09-29-game1,archive,0.0,-53.83696885000002,-53.83696885000002
0,116793933806066929,lol-fec-sec-2026-09-01-game1,archive,0.0,0.0,0.0
0,116996464901636920,lol-ot-brt-2026-08-19-game2,synthetic,0.0,0.0,0.0
0,116855104460702345,lol-ly-jdg-2026-07-15,synthetic,35.804774360000096,-12.612625639999813,-48.41739999999991
0,115565671526403044,lol-vks-fxw7-2026-08-07,synthetic,162.49298358999997,327.7178993900003,165.22491580000033
0,116520885021783379,lol-kits-3v-2026-08-18-game1,synthetic,-4.600000000000023,-4.600000000000023,0.0
0,117030752644841634,lol-t1-dk-2026-09-06-game3,archive,-104.98209999999983,-40.30270061999977,64.67939938000006
0,115548147900619031,lol-dk-hle1-2026-08-20-game2,synthetic,0.0,8.098899999999844,8.098899999999844
0,116837902961537575,lol-tos-fcn2-2026-08-27-game2,synthetic,257.44528371999996,0.0,-257.44528371999996
0,116855104460702381,lol-kc-dk-2026-07-19-game1,synthetic,0.0,0.0,0.0
0,115548147900619022,lol-gen-hle1-2026-08-13-game1,synthetic,-221.50635700999993,56.136672260000125,277.64302927000006
0,116837891489386988,lol-zzg-exg-2026-08-06-game1,synthetic,0.0,0.0,0.0
0,115565004607949420,lol-ly-sr-2026-09-26-game3,archive,-14.534217339999884,-24.68510137999982,-10.150884039999937
0,117171782819927884,lol-big1-bombat-2026-09-29,synthetic,-23.021691090000004,-116.75689309,-93.735202
0,116855104460702366,lol-gen-jdg-2026-07-17-game2,synthetic,90.94927157999973,-87.0703,-178.01957157999973
0,115564797163821197,lol-sen-sr-2026-08-08-game2,synthetic,8.828000000000031,15.10200000000009,6.274000000000058
0,116634566264113567,lol-sly-gal-2026-06-15-game3,synthetic,-420.18438224000033,1.1802000000000028,421.36458224000035
0,116996464901637011,lol-mea-brt-2026-09-10-game3,archive,0.0,0.0,0.0
0,116833506932193694,lol-gxp-lua-2026-08-05,synthetic,7.889399999999998,5.9041999999999994,-1.985199999999999
0,115570934355614585,lol-g2-t1-2026-07-08-game4,synthetic,46.513000000000034,236.57246861,190.05946860999995
0,115548147900553443,lol-t1-hle1-2026-08-08-game2,synthetic,-68.59379999999993,-55.18110101999963,13.4126989800003
0,116833506932128106,lol-hrts-ub-2026-08-06,synthetic,0.0,0.0,0.0
0,116929376557102203,lol-t1-dnf-2026-08-17-game1,synthetic,0.0,13.21745709999999,13.21745709999999
0,116996464901702557,lol-mea-esb-2026-09-16-game1,archive,-202.67142132999996,-57.63344075999994,145.03798057
0,116792888905448370,lol-mvu-nrg-2026-09-09-game2,archive,0.1083330800000013,-49.215674740000054,-49.324007820000055
0,117173205363099675,lol-ap-piv-2026-09-22-game2,archive,2.289999999999999,-368.93310699999995,-371.22310699999997
0,117171782819927900,lol-hmble-sec-2026-09-29,archive,-12.86239999999998,-40.135031159999954,-27.272631159999975
0,115548681803406317,lol-vit-mkoi-2026-09-12-game2,archive,127.82129999999995,129.2950469699997,1.4737469699997519
0,116996464901636979,lol-mea-ot-2026-09-02-game1,archive,0.0,0.0,0.0
0,116634566270405073,lol-g2nord-wlg-2026-06-12-game2,synthetic,1.2777959999999968,1.4621950599999938,0.18439905999999695
0,116792888905382773,lol-cnv-blue-2026-08-14,synthetic,723.4592880699997,879.6468000000002,156.18751193000048
0,116929376557102209,lol-ns-dnf-2026-08-18-game1,synthetic,-120.55000000000001,-152.4070508499999,-31.857050849999894
0,115548681803406228,lol-g2-shft-2026-08-15-game1,synthetic,0.0,0.0,0.0
0,116520885021783392,lol-z5-fue-2026-09-07-game2,archive,0.08135893999999944,0.0013589400000002527,-0.07999999999999918
0,115548681803406152,lol-navi-shft-2026-08-03-game1,synthetic,-92.94686079999997,-75.43256179999992,17.51429900000005
0,117030752644841602,lol-gen-kt-2026-09-01-game1,archive,3.4961999999999875,-160.24530149999998,-163.74150149999997
0,115548147900619042,lol-t1-dk-2026-08-14-game1,synthetic,39.121499409999984,197.39032596999994,158.26882655999995
0,115548128963037577,lol-hle1-t1-2026-06-12-game2,synthetic,-388.66946052000026,-417.88755183000006,-29.218091309999807
0,116520885021783269,lol-sdm-z5-2026-07-18-game1,synthetic,-18.12859999999995,-18.12859999999995,0.0
0,115548681803406173,lol-kc-navi-2026-08-01-game2,synthetic,0.0,0.4223999999999961,0.4223999999999961
0,116634529527025852,lol-gmb-nbs-2026-06-08,synthetic,0.0,0.0,0.0
0,116837902961537593,lol-bublik-tos-2026-09-07-game2,archive,32.41999999999999,32.41999999999999,0.0
0,116793933806066964,lol-fec-sec-2026-09-17-game2,archive,0.8799999999999999,1.6799999999999997,0.7999999999999998
0,115548128963037583,lol-gen-kt-2026-06-13-game2,synthetic,14.978724779999965,-46.33531026000003,-61.31403503999999
0,116884625219920162,lol-blue-ccg-2026-07-17-game2,synthetic,0.0,14.693499999999972,14.693499999999972
0,117171782819927876,lol-hrts-kcb-2026-09-29-game1,archive,-288.2845750199998,-256.0013992199998,32.28317579999998
0,117171782819927856,lol-bombat-su-2026-09-28,synthetic,-873.0267516299998,-337.37629626000023,535.6504553699996
0,116929376557102158,lol-ns-t1-2026-08-03-game2,synthetic,-110.8947933899997,-303.14163309000037,-192.24683970000066
0,115548681803406241,lol-fnc-gx-2026-08-30-game2,synthetic,-521.3748458400007,-223.21724584000043,298.1576000000003
0,116833506932193704,lol-ucam1-koia-2026-08-05-game1,synthetic,0.0,0.0,0.0
0,116792888905448382,lol-cpd-mvu-2026-09-11-game2,archive,-44.42077308000012,162.20547459999966,206.62624767999978
0,116793933806066865,lol-dyn1-sec-2026-08-11-game1,synthetic,-4.399200000000004,-4.399200000000004,0.0
0,116929405156047066,lol-gen-hle1-2026-07-21,synthetic,511.77390000000014,584.6210995199997,72.84719951999955
0,116855104460702357,lol-hle1-t1-2026-07-17-game1,synthetic,-87.97227985999997,-746.2677761799999,-658.29549632
0,116923257568665153,lol-mgz-llh-2026-08-25-game1,synthetic,0.0,0.0,0.0
0,115548681803406232,lol-gx-sk-2026-08-01-game1,synthetic,134.01825654999988,464.45725794999976,330.4390013999999
0,117171782819927880,lol-g2nord-rs-2026-09-29,synthetic,2.649699999999939,-3.329499999999996,-5.979199999999935
0,116634566264113566,lol-sly-gal-2026-06-15-game2,synthetic,135.76906433000005,-7.3258456699999925,-143.09491000000003
0,115570934355614552,lol-blg-ly-2026-07-05-game1,synthetic,-184.99481192999997,-94.4286000000005,90.56621192999947
0,116996464901637005,lol-nbs-ckz-2026-09-15-game3,archive,0.0,0.0,0.0
0,116793933806066918,lol-ban2-znt-2026-07-23-game2,synthetic,-43.284599999999834,-214.18310995999977,-170.89850995999993
0,116837902961537568,lol-hype-bublik-2026-08-26-game1,synthetic,0.0,0.0,0.0
0,115570934355614596,lol-g2-ly-2026-07-10-game3,synthetic,108.59573223999996,74.17369767999935,-34.42203456000061
0,115548681803406208,lol-shft-gx-2026-08-07-game1,synthetic,-18.145102659999964,-1.9583837899999708,16.186718869999993
0,117171782819927892,lol-cg-su-2026-09-29,synthetic,0.0,0.0,0.0
0,115570934355614595,lol-g2-ly-2026-07-10-game2,synthetic,-442.0396520000003,-111.7197586199999,330.3198933800004
0,117171782819731170,lol-jsk-bar-2026-09-26,synthetic,0.0,-77.57280000000003,-77.57280000000003
0,116929376557102173,lol-t1-hle1-2026-08-04-game1,synthetic,45.99450000000005,56.24999999999994,10.255499999999891
0,116170292916656916,lol-wu-ccg-2026-06-04-game3,synthetic,726.5961393099999,743.6076207099997,17.011481399999752
0,116996464901636951,lol-exe-esb-2026-09-03-game1,archive,0.0,0.0,0.0
0,117030752644841616,lol-fox1-dk-2026-09-03-game3,archive,357.52869946999954,-147.1502573599999,-504.67895682999944
0,116634529527025856,lol-bombat-mgz-2026-06-08,synthetic,0.0,0.0,0.0
0,115570934355614535,lol-ly-fur-2026-07-03-game2,synthetic,0.0,0.0,0.0
0,116634529527025848,lol-ewi-tos-2026-06-08,synthetic,0.0,0.0,0.0
0,116833506932128097,lol-gxp-hrts-2026-07-23-game2,synthetic,1.5800997199999998,4.351499999999998,2.771400279999998
0,116996464901636960,lol-mea-esb-2026-09-06-game2,archive,0.0,0.0,0.0
0,116833506932193668,lol-bar-ucam1-2026-07-22-game1,synthetic,0.0,0.0,0.0
0,116884625134461192,lol-mvu-ccg-2026-08-06-game1,synthetic,358.39909936000004,23.77389935999986,-334.6252000000002
0,115548147900619026,lol-hle1-kt-2026-08-15-game1,synthetic,6.643636899999819,-379.8347630999995,-386.47839999999934
0,116295727286716938,lol-hrts-ucam1-2026-06-05-game3,synthetic,61.82868217999999,46.786653219999835,-15.042028960000152
0,115564797163821182,lol-dig-sen-2026-07-25,synthetic,12.461999359999993,5.368599739999997,-7.093399619999996
0,116634566264113565,lol-sly-gal-2026-06-15-game1,synthetic,-122.02410000000006,-598.9898011199998,-476.9657011199997
0,116792888905448312,lol-ccg-cont-2026-08-14-game2,synthetic,-4.820100480000022,-232.8682137200003,-228.0481132400003
0,117173205363099679,lol-sc-piv-2026-09-23-game2,archive,-65.12227110999999,-44.80525880000005,20.31701230999994
0,115565004607949413,lol-fly-sr-2026-09-25-game2,archive,-163.63094401000012,-140.50130107000024,23.129642939999883
0,115548147900684591,lol-kt-dk-2026-08-12-game2,synthetic,378.0129466400001,386.9923466399999,8.979399999999771
0,115548147900684651,lol-fox1-drx-2026-08-09-game2,synthetic,1.0516528299999948,6.5897526600000305,5.538099830000036
0,117171782819927866,lol-cg-wd-2026-09-28,archive,13.186179119999991,84.67300004999993,71.48682092999994
0,116833506932324842,lol-koia-ucam1-2026-09-02-game3,archive,-0.12125373999999134,10.245303280000002,10.366557019999993
0,116833506932259277,lol-koia-bar-2026-08-18-game2,synthetic,-54.740728080000025,-0.557228080000002,54.18350000000002
0,115548147900553467,lol-dk-t1-2026-08-06-game2,synthetic,196.28419206999976,-158.4477840999998,-354.7319761699996
0,116996464901636912,lol-esb-brt-2026-08-25-game2,synthetic,0.0,0.0,0.0
0,115564797164345557,lol-sr-fly-2026-09-06-game2,archive,-177.6841890099999,-303.7918988000003,-126.1077097900004
0,116996464901636935,lol-exe-ckz-2026-09-01-game1,synthetic,0.0,0.0,0.0
0,115548128963037571,lol-kt-dk-2026-06-07-game2,synthetic,847.75255907,1058.7558302999996,211.00327122999965
0,116833506932193708,lol-koia-lua-2026-07-23-game1,synthetic,0.0,-55.89668495999993,-55.89668495999993
0,115570934355614607,lol-blg-hle1-2026-07-12-game2,synthetic,-151.33162791999968,-303.5375014399997,-152.20587352
0,116837891489386996,lol-drm-capy-2026-08-12-game1,synthetic,0.0,0.0,0.0
0,116884625236435239,lol-blue-cpd-2026-07-23-game2,synthetic,-346.6675,-242.84910283,103.81839717000003
0,117171782819927886,lol-pcific-nbs-2026-09-29,archive,183.63164583000002,165.77764583000004,-17.853999999999985
0,115564797163886757,lol-c9-sr-2026-08-30-game2,synthetic,-241.96597224000004,-189.66779462999966,52.29817761000038
0,115548147900553442,lol-t1-hle1-2026-08-08-game1,synthetic,466.25357796000003,1050.6961283399996,584.4425503799996
0,117030752644841603,lol-gen-kt-2026-09-01-game2,archive,11.542200000000093,26.77023224999982,15.228032249999728
0,115548147900553463,lol-t1-kt-2026-07-29-game2,synthetic,-818.0137083599999,-792.7929090800001,25.220799279999824
0,117030752644841610,lol-hle1-t1-2026-09-02-game3,synthetic,597.1917000000003,247.7030083299992,-349.4886916700011
0,116793933806001282,lol-mcn-dyn1-2026-07-14-game2,synthetic,65.8465000000001,-331.1468666999998,-396.9933666999999
0,115564797163821185,lol-dsg-sen-2026-08-23-game2,synthetic,60.202555369999956,69.04859937000003,8.846044000000077
0,117171782819796780,lol-khk-sec-2026-09-28,archive,0.0,0.0,0.0
0,115564797163886749,lol-fly-c9-2026-08-16-game2,synthetic,3.002478599999961,-36.15289735000013,-39.15537595000009
0,115548681803406323,lol-navi-mkoi-2026-09-18-game2,archive,321.25796012000023,364.42684145,43.16888132999975
0,116884625039565025,lol-cnv-wu-2026-07-23-game2,synthetic,4.135400000000061,-6.514599999999973,-10.650000000000034
0,116884625259372843,lol-blue-wu-2026-08-05-game1,synthetic,0.2999999999999998,-23.999571880000076,-24.299571880000077
0,115548681803406128,lol-th-sk-2026-08-21-game1,synthetic,-10.408129200000005,-155.36517583999984,-144.95704663999982
0,116929405173020893,lol-kt-gen-2026-07-27,synthetic,0.0,0.0,0.0
0,115548147900750231,lol-fox1-ns-2026-08-23-game2,synthetic,327.4233721200002,563.5687966700001,236.14542454999992
0,115548681803406272,lol-kc-mkoi-2026-07-25-game1,synthetic,-128.83570152,-33.42436364000008,95.4113378799999
0,115548681803406293,lol-kc-gx-2026-09-05-game2,archive,-128.41682104000014,-130.64774123000007,-2.230920189999921
0,116793933806066938,lol-fec-mcn-2026-09-08-game2,archive,-4.385263160000029,12.628299420000005,17.013562580000034
0,116996464901636924,lol-mea-brt-2026-09-01-game2,archive,0.0,0.0,0.0
0,116833506932324841,lol-koia-ucam1-2026-09-02-game2,archive,0.0,0.0,0.0
0,116634529527091481,lol-me1-ewi-2026-06-12-game2,synthetic,0.0,0.0,0.0
0,117030752644841629,lol-kt-dk-2026-09-04-game4,archive,18.427900000000136,290.89039387000037,272.46249387000023
0,117030752644841574,lol-kt-bro2-2026-08-26-game3,synthetic,-91.18908933999978,-122.69613529999947,-31.507045959999687
0,116634566270405072,lol-g2nord-wlg-2026-06-12-game1,synthetic,27.775032440000004,28.540199040000033,0.765166600000029
0,116929376557102182,lol-bro2-drx-2026-08-04-game2,synthetic,-133.9123999999997,-147.62549999999987,-13.713100000000168
0,115564797163886764,lol-dsg-dig-2026-08-22-game1,synthetic,3.552713678800501e-15,47.36790000000008,47.36790000000008
0,116884625094680826,lol-nrg-wu-2026-07-30-game2,synthetic,2.5599991999999996,0.0,-2.5599991999999996
0,115565671526402958,lol-fxw7-fur-2026-08-09-game1,synthetic,39.545199520000025,26.956399519999948,-12.588800000000077
0,115565671526402954,lol-png1-fur-2026-08-22-game1,synthetic,-514.5201,-587.6701999999999,-73.15009999999995
0,116634566270405036,lol-pcific-fsk-2026-06-10-game1,synthetic,0.0,-13.235100000000045,-13.235100000000045
0,115548147900553459,lol-gen-t1-2026-07-31-game2,synthetic,135.2490138099999,0.46469421000011835,-134.78431959999978
0,116837891489387008,lol-zzg-role-2026-08-13-game1,synthetic,0.0,0.0,0.0
0,116837902961537600,lol-wd-domi-2026-09-08-game3,archive,0.0,0.0,0.0
0,115570934355614583,lol-g2-t1-2026-07-08-game2,synthetic,-47.5073837799998,-101.69939999999997,-54.19201622000017
0,116929376557102178,lol-gen-dnf-2026-08-04-game2,synthetic,-0.203899999999976,1.9173000000000187,2.1211999999999946
0,116929376557102211,lol-ns-dnf-2026-08-18-game3,synthetic,9.090800000000002,406.4897995499996,397.3989995499996
0,115564797163821176,lol-sen-c9-2026-09-05-game1,archive,367.70420000000036,384.07650000000024,16.372299999999882
0,115548147900684590,lol-kt-dk-2026-08-12-game1,synthetic,-54.86384712999987,-38.40608564999988,16.457761479999988
0,116634566264113549,lol-gal-me1-2026-06-13-game3,synthetic,0.0,0.0,0.0
0,115548147900553450,lol-kt-hle1-2026-08-02-game1,synthetic,-69.34050228999988,-166.71212424000004,-97.37162195000016
0,116793933806066862,lol-znt-dyn1-2026-07-28-game2,synthetic,7.1326009,10.552600900000002,3.4200000000000017
0,115548681803406144,lol-th-g2-2026-08-09-game1,synthetic,0.0,0.0,0.0
0,115548681803406160,lol-sk-navi-2026-08-08-game1,synthetic,350.8935794199997,327.8797794199995,-23.013800000000174
0,116792888905448363,lol-mvu-cont-2026-09-03-game1,archive,-16.295564520000006,-13.900662879999997,2.3949016400000094
0,115570934355614578,lol-blg-hle1-2026-07-09-game3,synthetic,281.3777374999994,148.26366704999987,-133.11407044999953
0,115565671526402951,lol-fur-lll-2026-08-07-game2,synthetic,0.0,-660.4595578599999,-660.4595578599999
0,115548147900750235,lol-fox1-dnf-2026-08-15-game2,synthetic,-46.60220079999996,-10.817481869999995,35.78471892999997
0,115548681803406236,lol-mkoi-gx-2026-08-08-game1,synthetic,0.5039989899999995,0.0,-0.5039989899999995
0,116923238535448399,lol-hool-mgz-2026-08-12-game1,synthetic,0.0,0.0,0.0
0,116566603146713577,lol-bar-koia-2026-06-05-game2,synthetic,104.55520000000001,95.20120000000003,-9.353999999999985
0,115565671526403071,lol-los-fur-2026-09-13-game2,archive,-90.53859911,-95.27859911000002,-4.740000000000009
0,116884625094680825,lol-nrg-wu-2026-07-30-game1,synthetic,-6.748100000000068,-18.3,-11.551899999999932
0,115565004607949376,lol-c9-sr-2026-09-12-game1,archive,8.081852659999988,7.673008720000027,-0.4088439399999615
0,116520885021783375,lol-3v-lyna-2026-08-17-game3,synthetic,-9.044330900000062,-5.835730900000044,3.2086000000000183
0,115570934355614565,lol-t1-fur-2026-07-06-game2,synthetic,0.0,0.0,0.0
0,116634566270405084,lol-es1-anb-2026-06-10-game1,synthetic,11.495200000000004,9.605399030000001,-1.8898009700000031
0,115548681803406204,lol-vit-g2-2026-07-25-game1,synthetic,-0.6664000000000003,-228.2070000000001,-227.5406000000001
0,116837891489386968,lol-zzg-wge-2026-07-29,synthetic,0.0,0.0,0.0
0,117054582581341062,lol-nbs-exe-2026-08-20-game2,synthetic,0.0,0.0,0.0
0,116855104460702343,lol-hle1-milo-2026-07-15,synthetic,0.0,0.0,0.0
0,115565671526402994,lol-vks-los-2026-08-15-game1,synthetic,167.21890000000013,191.39940000000013,24.180499999999995
0,116996464901636971,lol-mea-exe-2026-08-13-game1,synthetic,0.0,0.0,0.0
0,115548147900684663,lol-drx-ns-2026-07-29-game2,synthetic,-968.6496999999994,-21.647901000000047,947.0017989999993
0,115565671526402971,lol-vks-fur-2026-08-01-game2,synthetic,0.0,8.137766719999988,8.137766719999988
0,116793933806066921,lol-ban2-sec-2026-08-20-game1,synthetic,0.0,0.0,0.0
0,116793933806066833,lol-mcn-ban2-2026-08-04-game1,synthetic,0.0,0.0,0.0
0,116793933806066881,lol-ouat-znt-2026-08-04-game1,synthetic,-29.032199999999932,-29.032199999999932,0.0
0,116793933806066952,lol-sec-ban2-2026-09-10-game2,archive,-258.3476,44.898500099999964,303.2461001
0,117030752644841611,lol-hle1-t1-2026-09-02-game4,archive,-78.23995862000054,-149.20448533000024,-70.9645267099997
0,117171782819731134,lol-use1-ckz-2026-09-22-game1,archive,0.0,0.0,0.0
0,115565671526403019,lol-png1-fxw7-2026-08-16-game2,synthetic,950.01620078,1338.9004926000005,388.8842918200005
0,116996464901636932,lol-esb-ckz-2026-08-26-game2,synthetic,0.0,0.0,0.0
0,117151111922858553,lol-bublik-domi-2026-09-10-game2,archive,0.0,0.0,0.0
0,116634566264113547,lol-gal-me1-2026-06-13-game1,synthetic,-55.79251256000007,-55.79251256000007,0.0
0,115548681803406180,lol-shft-vit-2026-08-30-game1,synthetic,-0.5963999999999992,-18.553700340000034,-17.957300340000035
0,115548681803406288,lol-g2-kc-2026-07-26-game1,synthetic,-5.868236799999961,0.35999839999999944,6.22823519999996
0,116929376557102198,lol-hle1-dnf-2026-08-11-game2,synthetic,0.33189976999999793,0.5044997699999989,0.17260000000000097
0,116837891489386972,lol-domi-hype-2026-08-05-game1,synthetic,0.0,0.0,0.0
0,116923238535448363,lol-spk-tsc-2026-08-12-game1,synthetic,0.0,0.0,0.0
0,116520885021783349,lol-fue-kits-2026-07-27-game1,synthetic,0.0,0.0,0.0
0,116833506932193705,lol-ucam1-koia-2026-08-05-game2,synthetic,-148.45940033999995,-148.45940033999995,0.0
0,117212895183030066,lol-tsc-mgz-2026-09-10-game2,archive,-14.223999999999998,-14.223999999999998,0.0
0,115548147900684687,lol-bro2-dnf-2026-08-19-game2,synthetic,91.17409999999995,67.54249311999976,-23.63160688000019
0,116929376557102165,lol-dnf-bro2-2026-07-28-game1,synthetic,-173.08839803,-106.83450294999989,66.25389508000012
0,116996464901702570,lol-nbs-esb-2026-09-20-game2,archive,0.0,0.0,0.0
0,116884625050247398,lol-cnv-cont-2026-08-06-game2,synthetic,203.02180656999963,212.01847618999977,8.996669620000148
0,117151111922858555,lol-bublik-domi-2026-09-10-game4,archive,0.0,0.0,0.0
0,116520885021783351,lol-fue-kits-2026-07-27-game3,synthetic,0.0,0.0,0.0
0,115548681803406264,lol-sk-g2-2026-08-02-game1,synthetic,0.0,0.0,0.0
0,116634566270405088,lol-sly-es1-2026-06-11-game1,synthetic,0.0,0.0,0.0
0,116929405094115537,lol-dk-t1-2026-07-27,synthetic,0.0,0.0,0.0
0,115548681803406273,lol-kc-mkoi-2026-07-25-game2,synthetic,-173.68380054000022,-133.87710054000036,39.806699999999864
0,115570934355614558,lol-hle1-g2-2026-07-05-game1,synthetic,-295.2954649199997,285.7254867700007,581.0209516900004
0,115548147900553471,lol-kt-gen-2026-08-07-game2,synthetic,-79.75159205,57.223753649999935,136.97534569999993
0,116792888905448323,lol-nrg-cont-2026-08-21-game1,synthetic,-119.12230000000011,0.0,119.12230000000011
0,115548681803406205,lol-vit-g2-2026-07-25-game2,synthetic,194.65509963,183.2822996299999,-11.372800000000097
0,116855104460702340,lol-gam-t1-2026-07-16-game2,synthetic,0.0,0.0,0.0
0,116837891489387016,lol-wge-tung-2026-08-19-game1,synthetic,1.2664991199999953,0.0,-1.2664991199999953
0,115565671526403022,lol-lev-png1-2026-08-01-game1,synthetic,29.089633749999933,115.87909935000016,86.78946560000023
0,115564797163886768,lol-dig-fly-2026-08-23-game1,synthetic,-6.18040000000002,43.25260000000003,49.43300000000005
0,116855104460702321,lol-ts-kc-2026-07-15-game1,synthetic,141.55125541000018,0.0,-141.55125541000018
0,117212895183030071,lol-tf3-llh-2026-09-09-game1,synthetic,0.0,0.0,0.0
0,115565671526403050,lol-lev-vks-2026-08-22-game1,synthetic,-0.5,-0.5,0.0
0,115564797164345565,lol-ly-sr-2026-08-02-game2,synthetic,69.1146,131.6536991700001,62.5390991700001
0,117173205363099678,lol-sc-piv-2026-09-23-game1,archive,0.0,0.0,0.0
0,116923238535448311,lol-rlx-lps-2026-08-04-game1,synthetic,0.0,0.0,0.0
0,115564797163886789,lol-ly-dsg-2026-09-06-game2,archive,0.0,0.0,0.0
0,116884625111982335,lol-nrg-cont-2026-08-13-game2,synthetic,0.0,0.0,0.0
0,115570934355614564,lol-t1-fur-2026-07-06-game1,synthetic,0.0,0.0,0.0
0,116249441374562217,lol-fec-mcn-2026-06-06-game1,synthetic,0.0,0.0,0.0
0,115548681803406220,lol-fnc-shft-2026-08-22-game1,synthetic,-42.90485280999991,-42.90485280999991,0.0
0,116520885021783393,lol-z5-fue-2026-09-07-game3,archive,0.3136000699999997,47.22505872999997,46.91145865999997
0,116793933806066834,lol-mcn-ban2-2026-08-04-game2,synthetic,0.0,0.0,0.0
0,115570934355614536,lol-ly-fur-2026-07-03-game3,synthetic,-113.01926844000036,625.4434999999999,738.4627684400002
0,116793933806066857,lol-ban2-dyn1-2026-08-25-game1,synthetic,0.0,0.0,0.0
0,116793933806066926,lol-znt-sec-2026-07-16-game2,synthetic,0.0,0.0,0.0
0,115565671526403034,lol-fxw7-lev-2026-07-26-game1,synthetic,0.21099963999999982,0.6843996399999996,0.4733999999999998
0,116923238535448367,lol-mgz-tsc-2026-08-04-game1,synthetic,0.0,0.0,0.0
0,117212895183030065,lol-tsc-mgz-2026-09-10-game1,archive,0.0,0.0,0.0
0,116996464901571348,lol-ckz-bg2-2026-08-20-game2,synthetic,0.0,0.0,0.0
0,116634566270405044,lol-kcb-pcific-2026-06-11-game1,synthetic,0.7200000000000002,1.5,0.7799999999999998
0,116855104460702325,lol-kc-sen-2026-07-16-game1,synthetic,25.243099999999913,-33.58790179000016,-58.83100179000007
0,116793933806066906,lol-fec-ban2-2026-07-16-game2,synthetic,0.0,0.0,0.0
0,115548147900750226,lol-drx-fox1-2026-08-13-game1,synthetic,-893.6009,-617.53280585,276.06809415
0,115548668059589398,lol-g2-kc-2026-06-07-game4,synthetic,0.0,-9.697669719999993,-9.697669719999993
0,116833506932259276,lol-koia-bar-2026-08-18-game1,synthetic,0.0,0.0,0.0
0,115565671526402987,lol-los-lev-2026-08-08-game2,synthetic,0.0,0.0,0.0
0,116855104460702354,lol-jdg-milo-2026-07-16-game2,synthetic,0.0,0.0,0.0
0,115570934355614571,lol-tsw-tes-2026-07-04-game2,synthetic,281.9104972199998,281.20780000000036,-0.7026972199994361
0,116792888905448324,lol-nrg-cont-2026-08-21-game2,synthetic,0.0,0.0,0.0
0,115548681803406140,lol-kc-th-2026-08-03-game1,synthetic,0.0,0.0,0.0
0,116996464901702565,lol-ckz-esb-2026-09-19-game3,synthetic,0.0,0.0,0.0
0,117171782819731186,lol-hrts-esb-2026-09-26,archive,0.0,0.0,0.0
0,117054582581341058,lol-nbs-esb-2026-08-13-game2,synthetic,0.0,0.0,0.0
0,115564797163821181,lol-dig-sen-2026-07-25-game2,synthetic,88.88049999999998,247.04950000000008,158.1690000000001
0,117171782819731198,lol-nbs-tos-2026-09-26,archive,0.0,46.071000000000026,46.071000000000026
0,116837891489387024,lol-nort-tung-2026-08-20-game1,synthetic,0.0,0.0,0.0
0,116833506932193673,lol-lua-bar-2026-07-30-game2,synthetic,0.0,0.0,0.0
0,116833506932259264,lol-ucam1-lua-2026-08-12-game1,synthetic,0.0,0.0,0.0
0,115570934355614576,lol-blg-hle1-2026-07-09-game1,synthetic,742.2888000000002,758.9008977999999,16.612097799999788
0,117171782819927858,lol-big1-mgz-2026-09-28,synthetic,0.0,0.0,0.0
0,117212895183030055,lol-tsc-tf3-2026-09-07-game3,synthetic,0.0,0.0,0.0
0,117054582581341065,lol-nbs-ot-2026-08-11-game1,synthetic,0.0,0.0,0.0
0,116833506932128104,lol-hrts-ub-2026-08-06-game1,synthetic,0.0,0.0,0.0
0,116929376557102169,lol-drx-kt-2026-07-28-game1,synthetic,-37.67342694999988,-37.67342694999988,0.0
0,117054582581341061,lol-nbs-exe-2026-08-20-game1,synthetic,0.0,0.0,0.0
0,116996464901636991,lol-nbs-exe-2026-09-08-game1,archive,0.0,0.0,0.0
0,116634529527025882,lol-fn-fec-2026-06-08,synthetic,0.0,0.0,0.0
0,117212895183030062,lol-llh-mgz-2026-09-08-game4,archive,2.4800000000000004,1.5199999999999996,-0.9600000000000009
0,116837891489387020,lol-capy-bublik-2026-08-20-game1,synthetic,0.0,0.0,0.0
0,115564797163886785,lol-fly-dsg-2026-08-01-game2,synthetic,49.11744999999996,63.12479999999999,14.00735000000003
0,116833506932193713,lol-koia-flk-2026-07-29-game2,synthetic,0.0,0.0,0.0
0,117151111922858556,lol-bublik-domi-2026-09-10,archive,0.0,0.0,0.0
0,115565671526403067,lol-vks-png1-2026-09-05-game4,archive,23.444563600000016,25.035500000000084,1.5909364000000679
0,116837891489386990,lol-zzg-exg-2026-08-06,synthetic,0.0,0.0,0.0
0,115548668059589399,lol-g2-kc-2026-06-07,synthetic,-134.19535059999976,-44.506599999999935,89.68875059999982
0,116923238535448313,lol-rlx-lps-2026-08-04,synthetic,0.0,0.0,0.0
0,115570934355614610,lol-blg-hle1-2026-07-12,synthetic,19.52014579999969,55.793874759999014,36.273728959999325
0,115548128963037574,lol-kt-dk-2026-06-07,synthetic,581.0087963399997,124.70731949000007,-456.3014768499996
0,117171782819731149,lol-su-ucam1-2026-09-22-game2,synthetic,33.54189999999994,-130.16549394999998,-163.70739394999993
0,116520885021783365,lol-fue-z5-2026-08-24,synthetic,-3.960000000000001,-120.08660000000002,-116.12660000000002
0,116634566264113545,lol-hrts-es1-2026-06-13,synthetic,311.13904490000016,114.4649341400002,-196.67411075999996
0,116923238535448369,lol-mgz-tsc-2026-08-04,synthetic,0.0,0.0,0.0
0,117171782819927905,lol-fsk-tsc-2026-09-29-game2,archive,4.789999999999992,-29.972411799999968,-34.76241179999996
0,117030752644841618,lol-fox1-dk-2026-09-03,archive,64.03249812000004,-27.002843819999725,-91.03534193999977
0,115548147900684676,lol-bro2-fox1-2026-08-21,synthetic,-195.10061171999962,4.8498758599999405,199.95048757999956
0,117173205363099696,lol-su-vdn-2026-09-23,synthetic,-7.056360110000028,-22.78032926000003,-15.723969150000002
0,116793933806066907,lol-fec-ban2-2026-07-16,synthetic,58.8621724599999,64.93647245999989,6.074299999999994
0,116793933806066899,lol-myth-znt-2026-08-13,synthetic,-0.6612054499999829,-0.6612054499999829,0.0
0,116793933806066923,lol-ban2-sec-2026-08-20,synthetic,14.092514639999889,-46.693100000000044,-60.785614639999935
0,116566603146713578,lol-bar-koia-2026-06-05,synthetic,76.58073008,76.99247299999999,0.4117429199999947
0,116833506932324850,lol-hrts-koia-2026-09-06,synthetic,4.599999999999966,-23.86228903000002,-28.462289029999987
0,116837891489386989,lol-zzg-exg-2026-08-06-game2,synthetic,0.0,0.0,0.0
0,116855104460702371,lol-blg-dk-2026-07-17,synthetic,339.34555116,-111.66256930000026,-451.00812046000027
0,115565004607949390,lol-ly-c9-2026-09-19-game3,archive,-24.193499999999972,-52.805918299999924,-28.612418299999952
0,116634566270405048,lol-fsk-kcb-2026-06-12-game1,synthetic,0.0,0.0,0.0
0,115548147900684648,lol-dnf-bro2-2026-08-02,synthetic,0.0,-169.9480595299998,-169.9480595299998
0,116929405232265446,lol-drx-bro2-2026-07-20,synthetic,-228.38089489999987,57.77259552999999,286.15349042999986
0,116833506932128094,lol-bar-hrts-2026-07-16,synthetic,-29.4084,-29.4084,0.0
0,116929405206706403,lol-drx-fox1-2026-07-20,synthetic,-24.327800000000025,0.0,24.327800000000025
0,116634566270405049,lol-fsk-kcb-2026-06-12-game2,synthetic,0.0,0.0,0.0
0,115548681803406138,lol-th-fnc-2026-08-07,synthetic,-178.02952499000003,-157.05872498999975,20.97080000000028
0,116170292916656915,lol-wu-ccg-2026-06-04-game2,synthetic,-10.565091520000038,-28.180887700000014,-17.615796179999975
0,115548147900553456,lol-hle1-dk-2026-07-30,synthetic,18.58592315999988,170.6014215499997,152.01549838999983
0,115565004607949416,lol-fly-sr-2026-09-25,archive,-326.37837735000016,-575.3840905800001,-249.00571322999997
0,116793933806066953,lol-sec-ban2-2026-09-10-game3,archive,-190.67841659000013,-126.39421659000001,64.28420000000011
0,115548147900684656,lol-ns-fox1-2026-08-01,synthetic,-478.6279409699997,-361.80844284999966,116.81949812000005
0,115548668059589396,lol-g2-kc-2026-06-07-game2,synthetic,401.1508476800002,178.86790000000005,-222.28294768000015
0,116520885021783383,lol-kits-3v-2026-08-18,synthetic,0.0,0.0,0.0
0,115564797163886742,lol-c9-dig-2026-08-01,synthetic,39.367200000000025,39.367200000000025,0.0
0,116792888905448378,lol-wu-mvu-2026-09-10-game4,archive,112.8998,70.05209999999998,-42.84770000000002
0,116855104460702305,lol-g2-agal-2026-07-16,synthetic,40.420900000000074,-39.06744856999944,-79.48834856999952
0,116634529527025934,lol-ucam1-hmble-2026-06-10,synthetic,229.92260999999974,239.88839999999993,9.965790000000197
0,115564793879469301,lol-c9-ly-2026-06-07-game1,synthetic,0.0,0.0,0.0
0,115548147900684680,lol-drx-bro2-2026-08-16,synthetic,1.1368683772161603e-13,-12.978799999999978,-12.978800000000092
0,116929376557102187,lol-hle1-gen-2026-08-10,synthetic,60.24560146999954,-172.8774866600006,-233.12308813000016
0,115548147900553480,lol-dk-kt-2026-08-09,synthetic,18.197197230000484,-64.38650038999958,-82.58369762000007
0,116170292916656914,lol-wu-ccg-2026-06-04-game1,synthetic,-12.291544779999967,-9.187779559999989,3.1037652199999783
0,116855104460702315,lol-ts-sen-2026-07-15,synthetic,78.22543002000032,-2.0330000000000155,-80.25843002000033
0,116884625277067570,lol-blue-cont-2026-07-29,synthetic,-4.942,-2.660499999999999,2.281500000000001
0,115548681803406194,lol-mkoi-vit-2026-07-26,synthetic,447.5776187700003,213.8136894500002,-233.7639293200001
0,116884625236435240,lol-blue-cpd-2026-07-23,synthetic,-31.292218030000186,-53.701624349999975,-22.40940631999979
0,116923238535448329,lol-hool-lps-2026-07-28,synthetic,10.2,10.2,0.0
0,116884625160413460,lol-mvu-wu-2026-08-13,synthetic,556.4903257399999,540.5303257399999,-15.960000000000036
0,116884625060929772,lol-cnv-dog-2026-07-30,synthetic,33.24140240999992,-61.70370077000001,-94.94510317999993
0,116792888905448371,lol-mvu-nrg-2026-09-09-game3,archive,-36.73609999999999,-37.39699961000002,-0.6608996100000297
0,117173205363099674,lol-ap-piv-2026-09-22-game1,archive,-98.94001099999997,-91.39854300000013,7.541467999999838
0,116929404958783670,lol-dnf-fox1-2026-07-20,synthetic,428.14969785999995,-36.95576598000025,-465.1054638400002
0,115565671526468626,lol-los-lll-2026-09-27-game3,archive,0.0,-72.49017485999961,-72.49017485999961
0,117030752644841632,lol-t1-dk-2026-09-06-game1,archive,-118.3922531400001,-196.5607779400002,-78.16852480000011
0,116792888905448375,lol-wu-mvu-2026-09-10-game1,archive,0.0,-64.33891456,-64.33891456
0,116996464901702559,lol-mea-esb-2026-09-16-game3,archive,7.841289119999999,7.431422250000011,-0.40986686999998767
0,116923238535448345,lol-spk-rlx-2026-08-06,synthetic,0.0,0.0,0.0
0,115565004607949378,lol-c9-sr-2026-09-12-game3,archive,107.33400044000001,201.67420043999994,94.34019999999992
0,116793933806066965,lol-fec-sec-2026-09-17-game3,archive,0.0,0.0,0.0
0,115548128963037564,lol-dk-bro2-2026-06-06-game1,synthetic,-907.3863021000003,-800.9070957399999,106.47920636000038
0,116634566264113559,lol-gal-es1-2026-06-14-game1,synthetic,0.0,0.0,0.0
0,116634529527025854,lol-goal-mcn-2026-06-08,synthetic,0.0,0.0,0.0
0,117030752644841620,lol-gen-hle1-2026-09-05-game1,archive,-144.26019999999994,-52.37830000000031,91.88189999999963
0,116520885021783267,lol-lyna-z5-2026-07-19,synthetic,24.26291028000003,26.958610280000016,2.695699999999988
0,117030752644841633,lol-t1-dk-2026-09-06-game2,archive,312.57830667000053,33.2959276100007,-279.2823790599998
0,115548668059589395,lol-g2-kc-2026-06-07-game1,synthetic,20.40079915000001,0.0,-20.40079915000001
0,116520885021783363,lol-fue-z5-2026-08-24-game3,synthetic,0.0,0.0,0.0
0,115548147900684587,lol-dk-gen-2026-08-22-game2,synthetic,10.049695000000128,-4.7406588699999475,-14.790353870000075
0,116855104460702369,lol-blg-dk-2026-07-17-game1,synthetic,19.894600000000082,-162.71032717000006,-182.60492717000014
0,116792888905448376,lol-wu-mvu-2026-09-10-game2,archive,37.55938827999995,0.0,-37.55938827999995
0,116855104460702373,lol-t1-kc-2026-07-18-game1,synthetic,-20.547499999999957,-19.645200659999958,0.902299339999999
0,115548147900619038,lol-kt-t1-2026-08-21-game1,synthetic,-132.34941857999996,-91.82531945999989,40.52409912000007
0,116855104460702323,lol-ts-kc-2026-07-15,synthetic,-181.73430046,-90.47855116999949,91.2557492900005
0,115548147900684640,lol-bro2-drx-2026-07-31,synthetic,619.8346999999999,619.8346999999999,0.0
0,115548681803406328,lol-kc-mkoi-2026-09-19-game1,archive,15.145800000000065,15.145800000000065,0.0
0,116996464901636915,lol-exe-brt-2026-08-26-game1,synthetic,30.954947750000024,21.303817310000028,-9.651130439999996
0,116929405398989054,lol-t1-ns-2026-07-27,synthetic,0.0,335.7855368800001,335.7855368800001
0,117171782819927904,lol-fsk-tsc-2026-09-29-game1,archive,16.76177702000001,18.65500000000001,1.8932229799999973
0,117171782819731180,lol-rs-khk-2026-09-26,archive,-1.2799999999999994,-0.40000000000000036,0.879999999999999
0,116996464901702560,lol-mea-esb-2026-09-16-game4,archive,0.0,0.0,0.0
0,116929376557102190,lol-dnf-drx-2026-08-10-game2,synthetic,11.09960000000001,21.33526587999995,10.235665879999942
0,116792888905448383,lol-cpd-mvu-2026-09-11-game3,archive,0.0,0.0,0.0
0,117030752644841579,lol-ns-fox1-2026-08-27-game2,synthetic,14.761961410000026,-22.76011889999984,-37.522080309999865
0,115548681803406218,lol-mkoi-shft-2026-07-31,synthetic,-260.0843790499996,-287.95987814999967,-27.87549910000007
0,115548147900619039,lol-kt-t1-2026-08-21-game2,synthetic,-152.44629999999995,0.4046092799999981,152.85090927999994
0,115565670260181878,lol-fur-los-2026-06-06-game3,synthetic,149.23001871999998,236.73753267999973,87.50751395999976
0,115564797164345556,lol-sr-fly-2026-09-06-game1,archive,-78.65330043999985,8.380359420000048,87.0336598599999
0,117054582581341054,lol-nbs-ckz-2026-08-18-game2,synthetic,0.0,0.0,0.0
0,117030752644841575,lol-kt-bro2-2026-08-26-game4,synthetic,-36.22970000000009,-9.090799999999945,27.13890000000015
0,116855104460702331,lol-t1-gam-2026-07-15,synthetic,0.0,-7.800000000000011,-7.800000000000011
0,116855104460702329,lol-blg-mkoi-2026-07-15,synthetic,0.0,0.0,0.0
0,115548681803406284,lol-g2-fnc-2026-08-16-game1,synthetic,-60.353200000000044,-60.80826322000016,-0.45506322000011323
0,116837902961537594,lol-bublik-tos-2026-09-07-game3,archive,32.68894451999998,31.727312519999984,-0.9616319999999945
0,116793933806066830,lol-fec-mcn-2026-08-11-game2,synthetic,0.0,0.0,0.0
0,117030752644841646,lol-gen-hle1-2026-09-13-game3,archive,-141.41829793999995,-186.14879783999987,-44.73049989999993
0,116634566264113553,lol-sly-ucam1-2026-06-14-game1,synthetic,0.0,0.0,0.0
0,116634566264113554,lol-sly-ucam1-2026-06-14-game2,synthetic,11.127200000000016,12.981600000000014,1.8543999999999983
0,116929405140121815,lol-bro2-gen-2026-07-21,synthetic,0.0,0.0,0.0
0,116170292916656920,lol-cnv-ccg-2026-06-05-game1,synthetic,14.061880210000027,27.30368021000004,13.241800000000012
0,117275453885353215,lol-est-9zg-2026-09-29-game3,archive,0.0,0.0,0.0
0,115548681803406201,lol-vit-kc-2026-07-24-game2,synthetic,3.512311509999904,65.98980430999995,62.47749280000005
0,115548128963037588,lol-t1-gen-2026-06-14-game1,synthetic,356.5324180900004,678.4851675000004,321.95274941
0,116837891489386997,lol-drm-capy-2026-08-12-game2,synthetic,0.0,0.0,0.0
0,116996464901636919,lol-ot-brt-2026-08-19-game1,synthetic,0.0,0.0,0.0
0,116793933806066826,lol-mcn-myth-2026-08-18-game2,synthetic,-62.18697589999999,-41.716979609999996,20.469996289999997
0,116996464901637015,lol-exe-esb-2026-09-14-game1,archive,12.68685542999998,26.022963579999985,13.336108150000005
0,115548147900619035,lol-t1-gen-2026-08-16-game2,synthetic,0.0,-60.63210000000004,-60.63210000000004
0,116792888905448319,lol-dog-mvu-2026-08-20-game1,synthetic,0.0,0.0,0.0
0,116855104460702370,lol-blg-dk-2026-07-17-game2,synthetic,0.0,18.900999999999954,18.900999999999954
0,115548147900750242,lol-dnf-drx-2026-08-22-game1,synthetic,54.506699999999796,62.13846477000004,7.631764770000245
0,115548147900553446,lol-hle1-gen-2026-08-05-game1,synthetic,308.52842829999986,-41.149401709999964,-349.6778300099998
0,116996464901636907,lol-ckz-brt-2026-09-06-game1,archive,0.0,0.0,0.0
0,116833506932259256,lol-lua-ub-2026-07-21-game1,synthetic,0.0,-12.385600000000068,-12.385600000000068
0,115565671526468625,lol-los-lll-2026-09-27-game2,archive,-4.039676819999983,1.5099680000000006,5.549644819999983
0,115570934355614584,lol-g2-t1-2026-07-08-game3,synthetic,0.0,-106.57279999999969,-106.57279999999969
0,115548681803406319,lol-vit-mkoi-2026-09-12-game4,archive,-570.0547440600001,-216.54203811000025,353.5127059499998
0,117030752644841641,lol-hle1-t1-2026-09-12-game4,archive,755.6747087000001,862.3205086999999,106.64579999999978
0,115564797164345564,lol-ly-sr-2026-08-02-game1,synthetic,-389.1247213399992,-320.5731008,68.55162053999919
0,115548681803406172,lol-kc-navi-2026-08-01-game1,synthetic,-6.666600000000017,-48.62767464000001,-41.96107463999999
0,116520885021783367,lol-kits-sdm-2026-08-11-game1,synthetic,0.0,-46.394300000000015,-46.394300000000015
0,116884625292665142,lol-blue-dog-2026-08-07-game2,synthetic,-15.128800800000008,-19.986556639999968,-4.85775583999996
0,116884625134461193,lol-mvu-ccg-2026-08-06-game2,synthetic,0.0,107.91823052000001,107.91823052000001
0,115548147900619030,lol-dk-hle1-2026-08-20-game1,synthetic,-344.92616445999977,-504.69716605999963,-159.77100159999986
0,116833506932259261,lol-ub-flk-2026-07-22-game2,synthetic,-68.80409999999998,-88.18551249999996,-19.381412499999982
0,115548147900750230,lol-fox1-ns-2026-08-23-game1,synthetic,96.84807559999973,123.12497203999976,26.27689644000003
0,116295727286716930,lol-koia-ucam1-2026-06-04-game1,synthetic,26.149199999999993,-139.19872235999998,-165.34792235999998
0,116884625082949876,lol-nrg-cpd-2026-08-05-game1,synthetic,-62.25693060000003,-69.36433060000002,-7.107399999999984
0,115548147900750239,lol-ns-drx-2026-08-20-game2,synthetic,133.2911622400004,130.0696000000005,-3.221562239999912
0,116634529527025932,lol-ucam1-hmble-2026-06-10-game1,synthetic,-33.71479999999997,0.0,33.71479999999997
0,117030752644841647,lol-gen-hle1-2026-09-13-game4,archive,121.32659581999974,109.33019999999965,-11.996395820000089
0,115564797164214472,lol-sr-dsg-2026-07-26-game1,synthetic,-123.63266453999984,-72.09233559999984,51.540328939999995
0,116884625123188995,lol-nrg-dog-2026-07-31-game1,synthetic,0.0,0.0,0.0
0,116837902961537592,lol-bublik-tos-2026-09-07-game1,archive,9.600000000000009,24.149135040000004,14.549135039999996
0,115548147900684642,lol-bro2-ns-2026-08-05-game1,synthetic,-179.25318452999983,-199.71358453,-20.460400000000163
0,116634529527091480,lol-me1-ewi-2026-06-12-game1,synthetic,0.9999994600000002,0.9999994600000002,0.0
0,116833506932259282,lol-ucam1-hrts-2026-08-19-game1,synthetic,-32.741228140000004,0.2602313599999997,33.0014595
0,116833506932324843,lol-koia-ucam1-2026-09-02-game4,archive,-0.45500000000000096,-2.115000000000001,-1.6600000000000001
0,116837891489387028,lol-fcn2-zzg-2026-08-20-game1,synthetic,0.0,0.0,0.0
0,115548681803406161,lol-sk-navi-2026-08-08-game2,synthetic,-188.7129678499997,-324.22587734000035,-135.51290949000065
0,115548147900619023,lol-gen-hle1-2026-08-13-game2,synthetic,195.29304969000032,222.41400551999993,27.120955829999616
0,116634529527025937,lol-me1-ucam1-2026-06-11-game2,synthetic,0.0,0.6493285899999961,0.6493285899999961
0,115548681803406224,lol-shft-kc-2026-08-23-game1,synthetic,0.0,0.0,0.0
0,115565671526403077,lol-lll-png1-2026-09-13-game2,archive,-2.64,-244.13317674,-241.49317674000002
0,115565004607949402,lol-sr-sen-2026-09-18-game3,archive,0.0,0.7619995700001709,0.7619995700001709
0,116295727286716936,lol-hrts-ucam1-2026-06-05-game1,synthetic,0.0,0.0,0.0
0,115564797163886769,lol-dig-fly-2026-08-23-game2,synthetic,-3.7058999999999855,-3.8398999999999717,-0.13399999999998613
0,115570934355614582,lol-g2-t1-2026-07-08-game1,synthetic,-368.5793118500001,-346.40911185,22.170200000000136
0,116855104460702317,lol-gen-kc-2026-07-15,synthetic,10.800199999999904,0.0,-10.800199999999904
0,115548681803406253,lol-sk-mkoi-2026-08-22-game2,synthetic,0.0,0.0,0.0
0,116837891489321426,lol-hype-fcn2-2026-07-28,synthetic,0.0,0.22139999999999826,0.22139999999999826
0,117030752644841635,lol-t1-dk-2026-09-06-game4,archive,502.99263767000025,405.5872376700002,-97.40540000000004
0,116837902961537570,lol-hype-bublik-2026-08-26-game3,synthetic,0.0,0.0,0.0
0,115565671526402974,lol-los-lll-2026-08-23-game1,synthetic,-4.899999999999999,-4.899999999999999,0.0
0,116793933806066866,lol-dyn1-sec-2026-08-11-game2,synthetic,0.0,0.0,0.0
0,115570934355614601,lol-hle1-ly-2026-07-11-game2,synthetic,5.155999999999949,432.6883999999998,427.5323999999998
0,115565671526402978,lol-los-png1-2026-08-10-game1,synthetic,7.299999999999994,5.0,-2.2999999999999936
0,115548681803406306,lol-g2-kc-2026-09-06-game3,archive,31.38145352999996,300.2753199700005,268.8938664400006
0,116996464901636936,lol-exe-ckz-2026-09-01-game2,archive,1.3000000000000025,0.0,-1.3000000000000025
0,116792888905448366,lol-mvu-cont-2026-09-03-game4,archive,-24.578118959999983,-28.257602960000042,-3.679484000000059
0,117171782819927890,lol-khk-tos-2026-09-29,archive,0.0,0.0,0.0
0,115548681803406129,lol-th-sk-2026-08-21-game2,synthetic,-31.58099999999999,-51.162867110000036,-19.581867110000047
0,116793933806066943,lol-sec-myth-2026-09-03-game1,archive,0.0,-6.5,-6.5
0,115565671526468624,lol-los-lll-2026-09-27-game1,archive,84.69030062999991,294.9562163800001,210.2659157500002
0,117171782819731154,lol-bar-bublik-2026-09-21-game1,archive,0.0,0.0,0.0
0,117275453885353214,lol-est-9zg-2026-09-29-game2,archive,0.0,26.569100000000006,26.569100000000006
0,116634566270405045,lol-kcb-pcific-2026-06-11-game2,synthetic,0.0,0.0,0.0
0,117030752644841572,lol-kt-bro2-2026-08-26-game1,synthetic,26.240099999999984,-100.92909213999985,-127.16919213999984
0,115548147900750246,lol-dnf-ns-2026-08-12-game1,synthetic,213.92579456000016,18.17248788000029,-195.75330667999987
0,116634566270405065,lol-g2nord-gal-2026-06-11-game2,synthetic,0.0,20.626599600000006,20.626599600000006
0,115548681803406221,lol-fnc-shft-2026-08-22-game2,synthetic,-36.10453984000003,-80.95734055999998,-44.85280071999995
0,116792888905448365,lol-mvu-cont-2026-09-03-game3,archive,92.74509978000003,99.50249978000011,6.757400000000075
0,116833506932324846,lol-hrts-koia-2026-09-06-game1,synthetic,2.6159257899999986,9.637925789999997,7.0219999999999985
0,116837902961537577,lol-tos-fcn2-2026-08-27-game4,synthetic,0.0,60.59043059000001,60.59043059000001
0,117171782819796762,lol-bw-esb-2026-09-27,archive,0.0,0.0,0.0
0,117212895183030053,lol-tsc-tf3-2026-09-07-game1,synthetic,0.0,0.0,0.0
0,115548147900553479,lol-dk-kt-2026-08-09-game2,synthetic,328.6584669999995,416.7407721800005,88.08230518000096
0,116792888905448341,lol-cnv-dog-2026-08-26-game3,synthetic,0.0,0.0,0.0
0,116249441374627755,lol-fec-mcn-2026-06-06-game3,synthetic,0.0,0.0,0.0
0,116833506932128093,lol-bar-hrts-2026-07-16-game2,synthetic,-36.548200000000065,-27.72810200000015,8.820097999999916
0,116884625160413458,lol-mvu-wu-2026-08-13-game1,synthetic,368.1109984799998,330.0679984799997,-38.04300000000012
0,115570934355614553,lol-blg-ly-2026-07-05-game2,synthetic,0.0,0.0,0.0
0,117171782819927873,lol-tlnpir-anb-2026-09-29-game2,archive,-1049.2783086600002,-864.6764273700003,184.60188128999994
0,116634566264113530,lol-ucam1-kcb-2026-06-13-game2,synthetic,-96.54477326,-201.41534426,-104.87057100000001
0,115570934355614603,lol-hle1-ly-2026-07-11-game4,synthetic,20.349123350000013,-393.5730900900003,-413.9222134400003
0,116170292916656921,lol-cnv-ccg-2026-06-05-game2,synthetic,465.56386021000026,471.5462942100005,5.982434000000239
0,116929376557102166,lol-dnf-bro2-2026-07-28-game2,synthetic,-112.23103657000001,-98.55529960000001,13.675736970000003
0,116793933806066861,lol-znt-dyn1-2026-07-28-game1,synthetic,0.0,-153.7052018799999,-153.7052018799999
0,116923238535448371,lol-hool-tsc-2026-08-05-game1,synthetic,0.0,0.0,0.0
0,115570934355614548,lol-g2-tes-2026-07-04-game3,synthetic,-199.95216230999986,-305.57092086,-105.61875855000014
0,116884625123188996,lol-nrg-dog-2026-07-31-game2,synthetic,0.0,0.0,0.0
0,116837891489386973,lol-domi-hype-2026-08-05-game2,synthetic,323.9511,323.9511,0.0
0,116833506932128121,lol-bar-gxp-2026-07-28-game2,synthetic,0.0,0.0,0.0
0,115548147900553478,lol-dk-kt-2026-08-09-game1,synthetic,-218.86929064000037,-185.94349063999994,32.925800000000436
0,115548681803406310,lol-gx-navi-2026-09-11-game1,archive,-237.5056070600001,-237.5470341600001,-0.041427099999992834
0,115570934355614608,lol-blg-hle1-2026-07-12-game3,synthetic,729.2409565800003,204.83948266000004,-524.4014739200003
0,115564797163886776,lol-sr-dig-2026-08-15-game1,synthetic,-133.33812140999999,-150.4055214099999,-17.067399999999907
0,116793933806066909,lol-fec-znt-2026-08-20-game1,synthetic,0.0,0.0,0.0
0,116833506932324834,lol-ucam1-bar-2026-09-01-game1,synthetic,0.0,0.0,0.0
0,115565004607949401,lol-sr-sen-2026-09-18-game2,archive,72.13040286000006,99.28835498000007,27.157952120000004
0,116833506932193692,lol-gxp-lua-2026-08-05-game1,synthetic,0.0,-358.08450093999977,-358.08450093999977
0,115548147900553458,lol-gen-t1-2026-07-31-game1,synthetic,0.0,0.0,0.0
0,116837891489386980,lol-capy-wge-2026-08-04,synthetic,0.0,0.0,0.0
0,117030752644841578,lol-ns-fox1-2026-08-27-game1,synthetic,331.7930114299995,185.10085983000022,-146.6921515999993
0,116634529527025933,lol-ucam1-hmble-2026-06-10-game2,synthetic,43.11846336999997,-5.322936630000072,-48.441400000000044
0,116855104460702349,lol-milo-ly-2026-07-15-game1,synthetic,158.84563361000005,19.606762440000097,-139.23887116999995
0,115565671526403072,lol-los-fur-2026-09-13-game3,archive,-99.76425870999995,-293.78916860999993,-194.02490989999998
0,116855104460702335,lol-mkoi-gam-2026-07-15-game1,synthetic,-34.1471003800001,-203.6042444800005,-169.4571441000004
0,115570934355614512,lol-t1-kc-2026-06-28-game3,synthetic,3.8469024100000127,6.850402110000012,3.003499699999999
0,116833506932324840,lol-koia-ucam1-2026-09-02-game1,archive,17.750766400000046,42.80750000000002,25.056733599999973
0,116837902961537574,lol-tos-fcn2-2026-08-27-game1,synthetic,0.0,0.0,0.0
0,115564797164280009,lol-sr-dsg-2026-07-26-game2,synthetic,-33.87089999999995,-7.5,26.37089999999995
0,115548681803406285,lol-g2-fnc-2026-08-16-game2,synthetic,-41.78923614999964,-32.346936149999635,9.442300000000003
0,115565004607949400,lol-sr-sen-2026-09-18-game1,archive,445.0780004100001,523.4486004100002,78.37060000000008
0,115564797163821196,lol-sen-sr-2026-08-08-game1,synthetic,144.26639916,79.22957080000026,-65.03682835999973
0,115548681803406149,lol-vit-navi-2026-08-21-game2,synthetic,52.529022790000056,244.7450113499999,192.21598855999986
0,116833506932324819,lol-ucam1-hrts-2026-08-19-game2,synthetic,-2.3515999999999337,27.146998999999937,29.49859899999987
0,116884625146454285,lol-mvu-cpd-2026-07-31-game1,synthetic,288.3580610000001,288.13225500000004,-0.22580600000003415
0,116996464901637009,lol-mea-brt-2026-09-10-game1,archive,0.0,0.0,0.0
0,116923257568665138,lol-mgz-rp-2026-08-19-game2,synthetic,0.0,0.0,0.0
0,115548147900750243,lol-dnf-drx-2026-08-22-game2,synthetic,78.42809950999992,362.3448995100001,283.9168000000002
0,116855104460702350,lol-milo-ly-2026-07-15-game2,synthetic,7.250024329999967,-110.02820084000007,-117.27822517000004
0,116793933806066937,lol-fec-mcn-2026-09-08-game1,archive,0.7999999999999998,0.8799999999999999,0.08000000000000007
0,115548147900684654,lol-ns-fox1-2026-08-01-game1,synthetic,-513.9708338899998,-206.19682907999993,307.77400480999984
0,117054582581341049,lol-nbs-brt-2026-09-03-game1,archive,0.0,0.0,0.0
0,115548147900684683,lol-ns-bro2-2026-08-14-game2,synthetic,7.981277130000024,148.97623688000007,140.99495975000005
0,116793933806066829,lol-fec-mcn-2026-08-11-game1,synthetic,0.0,0.0,0.0
0,116884625082949877,lol-nrg-cpd-2026-08-05-game2,synthetic,0.0,0.0,0.0
0,115548681803406289,lol-g2-kc-2026-07-26-game2,synthetic,19.813699999999983,-53.35370336000028,-73.16740336000026
0,116833506932259278,lol-koia-bar-2026-08-18-game3,synthetic,0.0,0.0,0.0
0,115570934355614588,lol-ly-tsw-2026-07-08-game1,synthetic,468.90576861,114.02857309000098,-354.877195519999
0,115548147900750234,lol-fox1-dnf-2026-08-15-game1,synthetic,0.0,-11.527874339999983,-11.527874339999983
0,117212895183030067,lol-tsc-mgz-2026-09-10-game3,archive,-97.27776098999999,-83.41776098999999,13.86
0,115570934355614609,lol-blg-hle1-2026-07-12-game4,synthetic,103.40817154999934,342.23179028000004,238.8236187300007
0,115570934355614577,lol-blg-hle1-2026-07-09-game2,synthetic,87.06507236000024,419.00814649999995,331.9430741399997
0,115548128963037570,lol-kt-dk-2026-06-07-game1,synthetic,299.9002112999998,258.2534000000002,-41.64681129999957
0,116996464901636997,lol-ckz-mea-2026-09-09-game1,archive,0.0,0.0,0.0
0,116837902961537598,lol-wd-domi-2026-09-08-game1,archive,1.1999999999999993,1.1999999999999993,0.0
0,115548681803406141,lol-kc-th-2026-08-03-game2,synthetic,0.0,53.571000000000026,53.571000000000026
0,116520885021717718,lol-3v-fue-2026-07-18-game2,synthetic,22.219999999999686,171.18538999999964,148.96538999999996
0,115565671526403051,lol-lev-vks-2026-08-22-game2,synthetic,0.0,0.0,0.0
0,115548681803406281,lol-fnc-kc-2026-08-09-game2,synthetic,0.0,0.0,0.0
0,116520885021783368,lol-kits-sdm-2026-08-11-game2,synthetic,-148.67664890000003,-11.962921500000007,136.71372740000004
0,117173205363099699,lol-bublik-tf3-2026-09-22-game2,synthetic,288.3473950000001,265.0780420000001,-23.269353000000024
0,115548681803406268,lol-fnc-mkoi-2026-08-02-game1,synthetic,14.787907319999704,14.638999219999846,-0.14890809999985777
0,116793933806066822,lol-mcn-ouat-2026-07-21-game2,synthetic,0.0,0.0,0.0
0,116929376557102161,lol-gen-hle1-2026-08-03-game1,synthetic,93.70389999999998,363.16290000000004,269.45900000000006
0,116833506932324831,lol-bar-ucam1-2026-08-20-game2,synthetic,-34.57364042000002,16.58439999999996,51.15804041999998
0,115565671526403073,lol-los-fur-2026-09-13-game4,archive,62.69999999999999,36.19566309999999,-26.5043369
0,116833506932193693,lol-gxp-lua-2026-08-05-game2,synthetic,75.99537003000005,75.42836004000006,-0.5670099899999883
0,116833506932193681,lol-gxp-koia-2026-07-21-game2,synthetic,0.0,0.0,0.0
0,116833506932259273,lol-lua-flk-2026-07-14-game2,synthetic,-152.75571985000002,-174.16551985,-21.40979999999999
0,115564797163821205,lol-c9-dig-2026-08-01-game2,synthetic,39.47579938000001,42.80229867999981,3.3264992999997958
0,115570934355614579,lol-blg-hle1-2026-07-09-game4,synthetic,14.170471779999843,15.296656349999637,1.1261845699997934
0,117054582581341050,lol-nbs-brt-2026-09-03-game2,archive,0.0,0.0,0.0
0,115548147900553470,lol-kt-gen-2026-08-07-game1,synthetic,823.1633000000002,590.2816987200001,-232.88160128000004
0,115548128963037573,lol-kt-dk-2026-06-07-game4,synthetic,359.71072587000026,107.28558435000025,-252.42514152
0,116520885021783270,lol-sdm-z5-2026-07-18-game2,synthetic,0.0,0.0,0.0
0,116833506932128105,lol-hrts-ub-2026-08-06-game2,synthetic,0.0,0.0,0.0
0,116520885021783350,lol-fue-kits-2026-07-27-game2,synthetic,0.0,0.0,0.0
0,116634566270405089,lol-sly-es1-2026-06-11-game2,synthetic,0.0,0.0,0.0
0,115548681803406292,lol-kc-gx-2026-09-05-game1,archive,278.3955714999995,-213.22950792000074,-491.62507942000025
0,116634529527025916,lol-ewi-goal-2026-06-09-game1,synthetic,84.30214299999992,119.93958959999995,35.63744660000003
0,115548681803406148,lol-vit-navi-2026-08-21-game1,synthetic,0.0,69.14277550999988,69.14277550999988
0,115548681803406200,lol-vit-kc-2026-07-24-game1,synthetic,398.0748977200001,415.39039772,17.31549999999993
0,115565671526402970,lol-vks-fur-2026-08-01-game1,synthetic,-73.8084,-65.58369999999996,8.224700000000041
0,115548147900553454,lol-hle1-dk-2026-07-30-game1,synthetic,-143.93918459999986,-126.97641230999966,16.962772290000203
0,116170292916656917,lol-wu-ccg-2026-06-04-game4,synthetic,-157.79838551999978,-157.79838551999978,0.0
0,116295727286716933,lol-koia-ucam1-2026-06-04-game4,synthetic,-3.2142544199999996,-2.0086544200000027,1.205599999999997
0,115564797164345552,lol-fly-ly-2026-07-25-game1,synthetic,160.39170000000007,813.4934999999999,653.1017999999999
0,116520885021783369,lol-kits-sdm-2026-08-11-game3,synthetic,630.95074002,480.3556737800001,-150.59506623999994
0,115570934355614549,lol-g2-tes-2026-07-04-game4,synthetic,-286.1279376800003,-121.58233340000069,164.5456042799996
0,115548681803406244,lol-gx-kc-2026-08-17-game1,synthetic,13.0,18.0,5.0
0,116884624995197142,lol-cnv-ccg-2026-08-12-game1,synthetic,0.0,0.0,0.0
0,115565671526403007,lol-lll-lev-2026-08-16-game2,synthetic,0.0,0.0,0.0
0,116295727286716939,lol-hrts-ucam1-2026-06-05-game4,synthetic,495.42651684,352.47333232000005,-142.95318451999992
0,116634566270405092,lol-bombat-anb-2026-06-11-game1,synthetic,363.4629329499998,392.84073294999985,29.377800000000036
0,116833506932193677,lol-flk-bar-2026-08-06-game2,synthetic,0.0,0.0,0.0
0,115548147900684666,lol-drx-dnf-2026-08-06-game1,synthetic,38.944011360000104,27.703894720000132,-11.240116639999972
0,115565671526403023,lol-lev-png1-2026-08-01-game2,synthetic,0.0,0.0,0.0
0,115565671526402963,lol-fur-lev-2026-08-30-game2,synthetic,0.0,0.0,0.0
0,116793933806066873,lol-fec-ouat-2026-07-30-game1,synthetic,0.0,0.0,0.0
0,116520885021783382,lol-kits-3v-2026-08-18-game4,synthetic,0.0,0.7800000000000011,0.7800000000000011
0,117171782819731174,lol-sc-cg-2026-09-26,archive,0.0,0.0,0.0
0,116793933806066841,lol-mcn-sec-2026-07-30-game1,synthetic,0.0,0.0,0.0
0,115565671526402962,lol-fur-lev-2026-08-30-game1,synthetic,0.0,0.0,0.0
0,116520885021783345,lol-pls1-kits-2026-07-18-game1,synthetic,18.390000000000015,18.390000000000015,0.0
0,116833506932193680,lol-gxp-koia-2026-07-21-game1,synthetic,14.999900000000064,17.397500000000065,2.3976000000000006
0,116929376557102193,lol-gen-dnf-2026-08-10-game1,synthetic,35.89389999999986,30.959999999999866,-4.933899999999994
0,116996464901571347,lol-ckz-bg2-2026-08-20-game1,synthetic,0.0,0.0,0.0
0,116520885021717726,lol-pls1-fue-2026-07-19-game2,synthetic,0.0,0.0,0.0
0,116634529527025862,lol-kcb-ckz-2026-06-08,synthetic,219.54779999999994,0.0,-219.54779999999994
0,116833506932193672,lol-lua-bar-2026-07-30-game1,synthetic,0.0,0.0,0.0
0,116833506932259253,lol-ub-ucam1-2026-07-28-game2,synthetic,0.0,0.0,0.0
0,116996464901571352,lol-esb-bg2-2026-09-05-game2,archive,0.0,0.0,0.0
0,115570934355614505,lol-kc-dcg-2026-06-27-game2,synthetic,0.0,0.0,0.0
0,116634566264113535,lol-sly-g2nord-2026-06-13-game1,synthetic,6.236175360000061,0.0,-6.236175360000061
0,116855104460702307,lol-fur-dk-2026-07-15-game1,synthetic,0.0,40.72979999999984,40.72979999999984
0,117212895183030072,lol-tf3-llh-2026-09-09-game2,synthetic,0.0,0.0,0.0
0,116634566270405060,lol-gal-wlg-2026-06-10-game1,synthetic,0.0,0.0,0.0
0,116634529527025878,lol-kcb-vdn-2026-06-08,synthetic,0.0,0.0,0.0
0,115548147900619047,lol-gen-kt-2026-08-19-game2,synthetic,0.0,0.0,0.0
0,117054582581341066,lol-nbs-ot-2026-08-11-game2,synthetic,0.0,0.0,0.0
0,116634529527025904,lol-tos-mcn-2026-06-08,synthetic,0.0,0.0,0.0
0,116793933806066949,lol-ban2-znt-2026-09-03,archive,31.537414,31.537414,0.0
0,116833506932193712,lol-koia-flk-2026-07-29-game1,synthetic,0.0,0.0,0.0
0,115565004607949404,lol-sr-sen-2026-09-18,archive,-23.717899999999872,2.659999999999968,26.37789999999984
0,115548681803406307,lol-g2-kc-2026-09-06-game4,archive,0.0,52.23111344999995,52.23111344999995
0,117173205363099688,lol-ckz-tos-2026-09-23,archive,-49.119848490000095,-1.6017000000000001,47.518148490000094
0,117173205363099687,lol-ckz-tos-2026-09-23-game2,archive,0.0,1.9599999999999866,1.9599999999999866
0,116996464901702567,lol-ckz-esb-2026-09-19,synthetic,-89.95884037999997,-86.42638522000001,3.532455159999955
0,117171782819731148,lol-su-ucam1-2026-09-22-game1,synthetic,437.2495216600005,445.37452166000025,8.124999999999773
0,116295727286716934,lol-koia-ucam1-2026-06-04,synthetic,205.5309578800002,-56.48520917999974,-262.01616705999993
0,115570934355614604,lol-hle1-ly-2026-07-11,synthetic,1035.3720999999998,1035.3720999999998,0.0
0,116929376557102159,lol-ns-t1-2026-08-03,synthetic,0.002253700000004244,5.019853700000006,5.017600000000002
0,117171782819927906,lol-fsk-tsc-2026-09-29,archive,0.0,0.0,0.0
0,115548681803406320,lol-vit-mkoi-2026-09-12,archive,-168.4626597299997,-137.81897532999938,30.643684400000325
0,115565671526403079,lol-lll-png1-2026-09-13-game4,archive,20.186399999999992,26.580299999999994,6.393900000000002
0,117030752644841612,lol-hle1-t1-2026-09-02,archive,386.42931454999973,-121.93784213000004,-508.36715667999977
0,117171782819731156,lol-bar-bublik-2026-09-21,archive,0.0,0.0,0.0
0,117171782819731144,lol-ucam1-mcn-2026-09-21-game1,archive,0.0,0.0,0.0
0,117171782819665581,lol-piv-lds-2026-09-21-game2,archive,0.0,0.0,0.0
0,115565671526468628,lol-los-lll-2026-09-27,archive,99.68260000000004,-71.02109006999996,-170.70369007
0,117173205363099676,lol-ap-piv-2026-09-22,archive,0.0,-255.1079091599999,-255.1079091599999
0,116634566270405097,lol-es1-anb-2026-06-12-game2,synthetic,0.7776000000000014,1.7357994300000001,0.9581994299999987
0,116929405267392748,lol-drx-kt-2026-07-20,synthetic,11.290800000000047,-34.16411697000012,-45.45491697000017
0,115548147900553444,lol-t1-hle1-2026-08-08,synthetic,-19.461608320000323,-936.5204546900005,-917.0588463700002
0,116855104460702303,lol-agal-dk-2026-07-15,synthetic,-54.22200000000004,101.6471926500004,155.86919265000046
0,115548681803406290,lol-g2-kc-2026-07-26,synthetic,-116.60040000000009,-108.40000000000032,8.200399999999775
0,116837891489386994,lol-tung-pane-2026-08-06,synthetic,0.0,0.0,0.0
0,116929405348526328,lol-hle1-ns-2026-07-21,synthetic,-472.2809528199995,-155.03167243999994,317.2492803799996
0,115548681803406186,lol-gx-vit-2026-08-14,synthetic,-21.877790210000057,-17.103590210000107,4.774199999999951
0,116929405001709759,lol-dnf-kt-2026-07-20,synthetic,97.9685000000004,73.04089021000004,-24.92760979000036
0,115548147900553448,lol-hle1-gen-2026-08-05,synthetic,268.95157660000064,206.01307660000066,-62.938499999999976
0,115548681803406249,lol-gx-g2-2026-08-24-game2,synthetic,-47.91778226999986,-102.19451335999975,-54.276731089999885
0,116929405026285765,lol-fox1-dk-2026-07-21,synthetic,19.84891556000003,-296.6001915699996,-316.4491071299996
0,116634566270405066,lol-g2nord-gal-2026-06-11,synthetic,67.49489954000023,100.56429586000013,33.069396319999896
0,116929376557102183,lol-bro2-drx-2026-08-04,synthetic,0.0,-188.82940000000005,-188.82940000000005
0,115548668059589390,lol-mkoi-kc-2026-06-06-game2,synthetic,163.61209693999996,78.45099746000004,-85.16109947999992
0,116837902961537605,lol-tos-wd-2026-09-13-game2,archive,0.0,0.0,0.0
0,116837891489387004,lol-tos-nort-2026-08-13-game1,synthetic,0.0,0.0,0.0
0,116792888905448372,lol-mvu-nrg-2026-09-09-game4,archive,1.1999999999999984,-58.3489,-59.548899999999996
0,116855104460702378,lol-gen-dk-2026-07-18-game2,synthetic,224.9152999999999,192.53289999999993,-32.38239999999996
0,116996464901636981,lol-mea-ot-2026-09-02,archive,0.0,0.0,0.0
0,116792888905448367,lol-mvu-cont-2026-09-03,archive,-541.8855997799999,-140.0800499999998,401.8055497800001
0,117030752644841644,lol-gen-hle1-2026-09-13-game1,archive,19.64199521999973,0.015300840000008975,-19.62669437999972
0,116833506932128102,lol-hrts-koia-2026-08-13,synthetic,-0.3332013400000733,-8.970701340000005,-8.637499999999932
0,117171782819731202,lol-g2nord-nbs-2026-09-27,archive,-26.09961101000001,-128.55863975,-102.45902873999998
0,117171782819665584,lol-sc-lds-2026-09-22-game1,archive,4.5,-9.0,-13.5
0,116929405286725871,lol-t1-drx-2026-07-21,synthetic,-413.35671061999983,-306.4681163400003,106.88859427999955
0,116634529526960310,lol-kcb-ps1-2026-06-08,synthetic,-13.403000360000002,-29.16071055999997,-15.757710199999968
0,116855104460702388,lol-t1-gen-2026-07-19-game2,synthetic,-81.30774702999969,-71.02784840999968,10.279898620000012
0,115548681803406150,lol-vit-navi-2026-08-21,synthetic,-115.53926710000007,-129.52286709999998,-13.98359999999991
0,115548147900750248,lol-dnf-ns-2026-08-12,synthetic,-29.036270639999884,39.00039152000001,68.03666215999989
0,115564797163886746,lol-c9-dsg-2026-08-08,synthetic,14.401189220000006,16.436989220000015,2.035800000000009
0,117171782819731214,lol-anb-use1-2026-09-27,archive,-22.988728820000002,-22.39902882,0.5897000000000006
0,115564793879469302,lol-c9-ly-2026-06-07-game2,synthetic,-79.4905,-9.331824529999977,70.15867547000002
0,115548681803406168,lol-navi-fnc-2026-08-24-game1,synthetic,-114.15221397999983,-112.16801198000019,1.984201999999641
0,117171782819927908,lol-esb-wd-2026-09-29-game1,archive,677.5076999999997,626.8260087799998,-50.681691219999834
0,115548668059589389,lol-mkoi-kc-2026-06-06-game1,synthetic,21.6952,57.54812564000002,35.852925640000024
0,116792888905448377,lol-wu-mvu-2026-09-10-game3,archive,-106.04790134000008,0.08000000000000007,106.12790134000008
0,115565670260181877,lol-fur-los-2026-06-06-game2,synthetic,-11.075538740000042,-5.7801000000000045,5.295438740000037
0,116793933806066846,lol-ouat-dyn1-2026-08-18-game2,synthetic,172.07940000000008,213.32832400000018,41.2489240000001
0,116793933806066957,lol-mcn-sec-2026-09-15-game1,archive,126.0092021099998,446.5521796199996,320.5429775099998
0,116793933806066931,lol-fec-sec-2026-09-01,archive,0.0,0.0,0.0
0,116634566264113555,lol-sly-ucam1-2026-06-14-game3,synthetic,0.0,0.0,0.0
0,116793933806066935,lol-ban2-mcn-2026-09-01,archive,69.02842704999999,14.55962705000001,-54.46879999999998
0,115565004607949419,lol-ly-sr-2026-09-26-game2,archive,52.25346217999993,258.3645621800001,206.1111000000002
0,116929404990699708,lol-hle1-dnf-2026-07-21,synthetic,313.77949718000036,313.77949718000036,0.0
0,115565004607949389,lol-ly-c9-2026-09-19-game2,archive,-468.9932826000006,-507.4081818999997,-38.41489929999909
0,117030752644841645,lol-gen-hle1-2026-09-13-game2,archive,-13.74948871000015,83.41670372999948,97.16619243999963
0,117171782819731216,lol-cg-rs-2026-09-27,archive,0.0,0.599041279999998,0.599041279999998
0,115565004607949384,lol-sen-fly-2026-09-13-game3,archive,-3.6375000000000384,-30.281008799999995,-26.643508799999957
0,117171782819665577,lol-sc-ap-2026-09-21-game2,archive,0.0,0.0,0.0
0,115548147900619043,lol-t1-dk-2026-08-14-game2,synthetic,-344.0232000000002,-212.21109047999988,131.81210952000032
0,115548147900619028,lol-hle1-kt-2026-08-15,synthetic,92.33755319,110.11605239000005,17.778499200000056
0,115570934355614566,lol-t1-fur-2026-07-06-game3,synthetic,0.0,0.0,0.0
0,116884625182630167,lol-mvu-cont-2026-08-07-game1,synthetic,0.0,0.0,0.0
0,116793933806066963,lol-fec-sec-2026-09-17-game1,archive,0.0,0.0,0.0
0,115564797163886778,lol-sr-dig-2026-08-15,synthetic,0.0,0.0,0.0
0,116793933806066883,lol-ouat-znt-2026-08-04,synthetic,22.07220000000001,105.58670000000004,83.51450000000003
0,116792888905448381,lol-cpd-mvu-2026-09-11-game1,archive,104.2926,104.92160000000004,0.6290000000000475
0,115548681803406305,lol-g2-kc-2026-09-06-game2,archive,-265.95464100000015,38.40123029999984,304.3558713
0,115564797163821189,lol-sen-fly-2026-08-22-game2,synthetic,0.0,-48.38626079999996,-48.38626079999996
0,116634566270405041,lol-hrts-fsk-2026-06-11-game2,synthetic,-2.5976000000000568,-2.597600000000284,-2.2737367544323206e-13
0,116884625292665141,lol-blue-dog-2026-08-07-game1,synthetic,0.0,-71.52441004000013,-71.52441004000013
0,116929376557102167,lol-dnf-bro2-2026-07-28,synthetic,-20.68960000000004,0.0,20.68960000000004
0,115570934355614511,lol-t1-kc-2026-06-28-game2,synthetic,0.0,0.0,0.0
0,115548128963037578,lol-hle1-t1-2026-06-12-game3,synthetic,148.01836415000025,121.99655124000014,-26.021812910000108
0,115564797163821177,lol-sen-c9-2026-09-05-game2,archive,-6.081045610000146,30.418799999999976,36.49984561000012
0,115548128963037576,lol-hle1-t1-2026-06-12-game1,synthetic,0.0,-38.32618870999986,-38.32618870999986
0,117171782819731218,lol-tp2-bar-2026-09-27,archive,-30.543450659999955,-10.884999999999977,19.65845065999998
0,116855104460702347,lol-hle1-jdg-2026-07-16,synthetic,9.30459944999995,15.726999450000017,6.422400000000067
0,115565671526403000,lol-lll-png1-2026-07-25,synthetic,318.7966999999999,738.0375999999999,419.2409
0,116634566264113542,lol-hrts-es1-2026-06-13-game2,synthetic,-1.1999999999999993,-6.660000800000002,-5.460000800000003
0,115548128963037566,lol-dk-bro2-2026-06-06-game3,synthetic,0.6099999999999994,134.4575381699998,133.84753816999978
0,115548681803406165,lol-mkoi-navi-2026-08-16-game2,synthetic,360.3857738700001,6.09116884000025,-354.29460502999984
0,115548681803406318,lol-vit-mkoi-2026-09-12-game3,archive,-208.8733753599996,-235.25059939999994,-26.37722404000033
0,115548681803406176,lol-navi-g2-2026-08-10-game1,synthetic,-36.76310000000001,-81.46653280000027,-44.70343280000026
0,116837891489387025,lol-nort-tung-2026-08-20-game2,synthetic,-8.909999999999997,-8.909999999999997,0.0
0,116855104460702358,lol-hle1-t1-2026-07-17-game2,synthetic,-2.8080000000000496,-77.95450000000014,-75.14650000000009
0,116884625072070895,lol-nrg-ccg-2026-07-22-game1,synthetic,-41.126339569999956,-62.88141723000001,-21.755077660000055
0,116884625236435238,lol-blue-cpd-2026-07-23-game1,synthetic,0.759999999999998,0.759999999999998,0.0
0,115548147900684678,lol-drx-bro2-2026-08-16-game1,synthetic,-94.78460085,-73.02461605000013,21.75998479999987
0,116996464901636959,lol-mea-esb-2026-09-06-game1,archive,0.0,0.0,0.0
0,116170292916656922,lol-cnv-ccg-2026-06-05-game3,synthetic,45.41104334999966,72.77526328999966,27.364219939999998
0,117030752644841615,lol-fox1-dk-2026-09-03-game2,archive,0.0,0.0,0.0
0,116793933806066843,lol-mcn-sec-2026-07-30,synthetic,101.82338900000002,101.82338900000002,0.0
0,117171782819796760,lol-fsk-tos-2026-09-27,archive,-172.96442990000014,0.0,172.96442990000014
0,116833506932193658,lol-bar-gxp-2026-07-28,synthetic,42.610499660000016,9.912999660000025,-32.69749999999999
0,116855104460702301,lol-g2-fur-2026-07-15,synthetic,0.0,0.0,0.0
0,116793933806066958,lol-mcn-sec-2026-09-15-game2,archive,0.0,-14.607570410000008,-14.607570410000008
0,115564797163821198,lol-sen-sr-2026-08-08,synthetic,113.40640710000017,-10.087300000000027,-123.4937071000002
0,117171782819796774,lol-kcb-nbs-2026-09-28,archive,51.73235093000005,164.07338285000003,112.34103191999998
0,117173205363099691,lol-vdn-mcn-2026-09-22-game2,archive,0.0,0.0,0.0
0,115565671526403014,lol-lll-vks-2026-08-09-game1,synthetic,0.0,0.0,0.0
0,117171782819731168,lol-big1-fec-2026-09-26,synthetic,0.0,0.0,0.0
0,116929376557102206,lol-t1-dnf-2026-08-17-game4,synthetic,-234.12255510000008,-345.7120003199999,-111.58944521999982
0,117171782819731172,lol-vlr-lds-2026-09-26,archive,-26.056130060000044,-10.588560660000148,15.467569399999896
0,116295727286716931,lol-koia-ucam1-2026-06-04-game2,synthetic,-10.46265630000001,0.0,10.46265630000001
0,116634566270405037,lol-pcific-fsk-2026-06-10-game2,synthetic,-51.96040054000014,-41.466300540000134,10.494100000000003
0,116634529527025913,lol-kcb-vdn-2026-06-09-game2,synthetic,0.0,0.0,0.0
0,115565671526402975,lol-los-lll-2026-08-23-game2,synthetic,-66.66660000000002,-66.66660000000002,0.0
0,116996464901637017,lol-exe-esb-2026-09-14-game3,archive,-5.239999999999995,-5.799999999999997,-0.5600000000000023
0,116837891489321422,lol-nort-gde-2026-07-28,synthetic,7.985498359999998,3.7399999999999984,-4.245498359999999
0,116996464901636908,lol-ckz-brt-2026-09-06-game2,archive,0.0,0.0,0.0
0,115548147900684635,lol-fox1-bro2-2026-08-07-game2,synthetic,5.882300000000043,0.0,-5.882300000000043
0,117171782819665580,lol-piv-lds-2026-09-21-game1,archive,23.13421001999999,11.820699999999988,-11.313510020000002
0,115548681803406311,lol-gx-navi-2026-09-11-game2,archive,-216.82012067999995,-250.42064711999976,-33.60052643999981
0,117171782819731135,lol-use1-ckz-2026-09-22-game2,archive,0.0,0.0,0.0
0,115548681803406257,lol-sk-fnc-2026-08-15-game2,synthetic,2.6730986400000063,-29.918474460000056,-32.59157310000006
0,115564797163886748,lol-fly-c9-2026-08-16-game1,synthetic,-68.60049999999998,-667.6271849600001,-599.0266849600001
0,116929405047650504,lol-bro2-dk-2026-07-27,synthetic,269.9262266500003,343.8365000000001,73.91027334999984
0,117030752644841628,lol-kt-dk-2026-09-04-game3,archive,-234.15680232000017,-277.4267000000002,-43.26989768000004
0,115565004607949418,lol-ly-sr-2026-09-26-game1,archive,-20.951974980000045,-17.79691874000004,3.155056240000004
0,115565671526402959,lol-fxw7-fur-2026-08-09-game2,synthetic,-384.5978,-384.5978,0.0
0,116929376557102197,lol-hle1-dnf-2026-08-11-game1,synthetic,6.01424105000001,0.0,-6.01424105000001
0,116634529527025924,lol-fec-bombat-2026-06-09-game1,synthetic,-105.69201345000003,-105.69201345000003,0.0
0,116929376557102174,lol-t1-hle1-2026-08-04-game2,synthetic,-8.567499999999974,-69.58289999999997,-61.01539999999999
0,115548128963037565,lol-dk-bro2-2026-06-06-game2,synthetic,251.28054136000003,251.28054136000003,0.0
0,116884625072070896,lol-nrg-ccg-2026-07-22-game2,synthetic,269.89803746999996,668.3845990100001,398.48656154000014
0,116634529527025925,lol-fec-bombat-2026-06-09-game2,synthetic,175.5783920699999,173.7825567199999,-1.7958353500000044
0,115548681803406137,lol-th-fnc-2026-08-07-game2,synthetic,-73.51257334000039,-79.35657334000032,-5.843999999999937
0,116837891489386976,lol-nort-wd-2026-08-05-game1,synthetic,4.222814960000008,0.0,-4.222814960000008
0,115548681803406181,lol-shft-vit-2026-08-30-game2,synthetic,0.0,-172.99019728000053,-172.99019728000053
0,116855104460702382,lol-kc-dk-2026-07-19-game2,synthetic,40.06060226000021,-132.13281549999965,-172.19341775999987
0,115565004607949377,lol-c9-sr-2026-09-12-game2,archive,-19.008508149999997,-19.008508149999997,0.0
0,116793933806066877,lol-ban2-ouat-2026-08-13-game1,synthetic,0.0,0.0,0.0
0,116855104460702365,lol-gen-jdg-2026-07-17-game1,synthetic,0.0,0.0,0.0
0,115548681803406136,lol-th-fnc-2026-08-07-game1,synthetic,0.0,0.0,0.0
0,117171782819731212,lol-kcb-ucam1-2026-09-27,archive,322.4120478300001,201.92857322999998,-120.48347460000014
0,115570934355614554,lol-blg-ly-2026-07-05-game3,synthetic,-19.517899999999997,-58.170799999999865,-38.65289999999987
0,116634529527025929,lol-me1-ewi-2026-06-10-game2,synthetic,-8.382114830000035,8.915083050000192,17.297197880000226
0,116792888905055091,lol-cnv-blue-2026-08-14-game1,synthetic,-0.09999999999999964,-2.980000000000004,-2.8800000000000043
0,115548681803406188,lol-sk-vit-2026-08-10-game1,synthetic,-62.6161125499998,92.66768800000008,155.28380054999988
0,116833506932128100,lol-hrts-koia-2026-08-13-game1,synthetic,0.6434406999999993,-5.3768345399999795,-6.020275239999979
0,115548681803406295,lol-kc-gx-2026-09-05-game4,archive,15.75999947999999,35.64580459999999,19.88580512
0,117030752644841608,lol-hle1-t1-2026-09-02-game1,archive,-96.36731187999987,145.6307898,241.99810167999988
0,116634529527025940,lol-ewi-hmble-2026-06-11-game1,synthetic,0.0,-10.499606640000025,-10.499606640000025
0,115565671526403015,lol-lll-vks-2026-08-09-game2,synthetic,128.94909858000005,174.18479858000012,45.235700000000065
0,115548147900750238,lol-ns-drx-2026-08-20-game1,synthetic,57.370896269999804,80.78749687999974,23.416600609999932
0,115548681803406237,lol-mkoi-gx-2026-08-08-game2,synthetic,-48.461701630000164,-18.746704480000062,29.7149971500001
0,115570934355614600,lol-hle1-ly-2026-07-11-game1,synthetic,0.47679767999989053,61.28400073000003,60.80720305000014
0,117171782819927877,lol-hrts-kcb-2026-09-29-game2,archive,-6.8471913400001085,-56.140075539999984,-49.292884199999875
0,117030752644841573,lol-kt-bro2-2026-08-26-game2,synthetic,9.968285830000232,12.171588790000092,2.20330295999986
0,116833506932324826,lol-koia-hrts-2026-08-20-game3,synthetic,535.8898383400003,664.7403477500004,128.8505094100001
0,116793933806066910,lol-fec-znt-2026-08-20-game2,synthetic,0.0,0.0,0.0
0,116634529527025917,lol-ewi-goal-2026-06-09-game2,synthetic,0.8832000000000004,0.8832000000000004,0.0
0,116793933806066895,lol-ban2-myth-2026-07-28,synthetic,0.0,0.0,0.0
0,115564797164345553,lol-fly-ly-2026-07-25-game2,synthetic,0.0,-557.48590464,-557.48590464
0,115570934355614602,lol-hle1-ly-2026-07-11-game3,synthetic,0.0,-1.5703262000001814,-1.5703262000001814
0,115565004607949414,lol-fly-sr-2026-09-25-game3,archive,747.8322002800003,782.2507804100001,34.41858012999978
0,117171782819731178,lol-sec-bw-2026-09-26,archive,-104.40355999999997,-150.2284839299997,-45.82492392999973
0,116520885021783317,lol-kits-sdm-2026-07-19-game1,synthetic,-0.879999999999999,8.840000000000003,9.720000000000002
0,116929376557102189,lol-dnf-drx-2026-08-10-game1,synthetic,0.0,-217.7585091400009,-217.7585091400009
0,115565671526403031,lol-png1-vks-2026-08-30-game2,synthetic,-53.65014138999999,-53.65014138999999,0.0
0,115565671526403066,lol-vks-png1-2026-09-05-game3,archive,98.74102639000013,411.8556966499999,313.1146702599998
0,115565671526402946,lol-fur-los-2026-07-25-game1,synthetic,-132.8324023000001,-251.62019632000016,-118.78779402000006
0,115548147900553447,lol-hle1-gen-2026-08-05-game2,synthetic,91.95226545999992,46.66336543,-45.28890002999992
0,116792888905448316,lol-cpd-cnv-2026-08-20-game2,synthetic,0.0,30.07022360000002,30.07022360000002
0,116634566264113531,lol-ucam1-kcb-2026-06-13-game3,synthetic,-234.83735943,-35.32425943000004,199.51309999999995
0,116833506932193697,lol-flk-gxp-2026-08-13-game2,synthetic,0.0,0.0,0.0
0,116929376557102162,lol-gen-hle1-2026-08-03-game2,synthetic,0.0,0.0,0.0
0,116634566264113541,lol-hrts-es1-2026-06-13-game1,synthetic,-43.06537774,1.9849211099999984,45.050298850000004
0,116855104460702322,lol-ts-kc-2026-07-15-game2,synthetic,-1.3279000000000032,152.60913810999986,153.93703810999986
0,116837891489321424,lol-domi-capy-2026-07-28,synthetic,0.0,0.0,0.0
0,115548681803406216,lol-mkoi-shft-2026-07-31-game1,synthetic,2.0398046700000023,0.91603254999999,-1.1237721200000124
0,115564797163821193,lol-ly-sen-2026-08-16-game2,synthetic,0.0,27.272500000000036,27.272500000000036
0,116833506932324836,lol-ucam1-bar-2026-09-01-game3,archive,434.83283315000006,571.8621866900005,137.02935354000044
0,115564797163886784,lol-fly-dsg-2026-08-01-game1,synthetic,128.7168999999999,124.49069999999995,-4.226199999999949
0,115548681803406329,lol-kc-mkoi-2026-09-19-game2,archive,-601.75091943,131.87203099999988,733.6229504299998
0,116833506932259268,lol-flk-ucam1-2026-07-16-game1,synthetic,0.0,0.0,0.0
0,116884624995262679,lol-cnv-ccg-2026-08-12-game2,synthetic,1.318200000000001,0.0,-1.318200000000001
0,117171782819796772,lol-hrts-vlr-2026-09-28,archive,389.9711000000002,465.97996879999954,76.00886879999933
0,117171782819796764,lol-hmble-wd-2026-09-27,archive,-96.92991460000007,-148.22400627000013,-51.29409167000006
0,115564797163886777,lol-sr-dig-2026-08-15-game2,synthetic,0.0,0.0,0.0
0,115570934355614573,lol-tsw-tes-2026-07-04-game4,synthetic,-17.57790080999999,-223.78850075000003,-206.21059994000004
0,116833506932324848,lol-hrts-koia-2026-09-06-game3,synthetic,0.0,0.0,0.0
0,115548147900619019,lol-hle1-t1-2026-08-23-game2,synthetic,-71.08086562999983,-71.08086562999983,0.0
0,115548147900684679,lol-drx-bro2-2026-08-16-game2,synthetic,160.61739939999995,104.20080000000002,-56.41659939999994
0,116634566270405069,lol-ps1-wlg-2026-06-11-game2,synthetic,3.8055000000000003,-2.1249999999999982,-5.9304999999999986
0,116884625050247397,lol-cnv-cont-2026-08-06-game1,synthetic,18.056743359999956,0.0,-18.056743359999956
0,115548681803406164,lol-mkoi-navi-2026-08-16-game1,synthetic,-47.25711498999999,638.4148071100001,685.6719221000001
0,115565671526402995,lol-vks-los-2026-08-15-game2,synthetic,-139.37409591999995,-139.37409591999995,0.0
0,116634566263916921,lol-ucam1-kcb-2026-06-13-game1,synthetic,0.0,-12.200702960000015,-12.200702960000015
0,117212895183030073,lol-tf3-llh-2026-09-09-game3,synthetic,0.0,-0.7915999500000046,-0.7915999500000046
0,116792888905448340,lol-cnv-dog-2026-08-26-game2,synthetic,45.45487742,71.3402935400001,25.8854161200001
0,116793933806066934,lol-ban2-mcn-2026-09-01-game2,archive,0.0,0.0,0.0
0,115565671526403003,lol-fxw7-lll-2026-08-02-game2,synthetic,2.6471993599999983,3.1756993599999923,0.528499999999994
0,115548147900684643,lol-bro2-ns-2026-08-05-game2,synthetic,-53.39198282999996,39.476822019999645,92.8688048499996
0,115565671526402986,lol-los-lev-2026-08-08-game1,synthetic,0.0,0.0,0.0
0,116833506932128096,lol-gxp-hrts-2026-07-23-game1,synthetic,0.0,0.0,0.0
0,117171782819731155,lol-bar-bublik-2026-09-21-game2,archive,0.0,0.0,0.0
0,116634529527091477,lol-ewi-hmble-2026-06-11-game2,synthetic,0.0,0.0,0.0
0,116520885021783364,lol-fue-z5-2026-08-24-game4,synthetic,86.76813625999995,101.75732812,14.989191860000048
0,117030752644841617,lol-fox1-dk-2026-09-03-game4,archive,-10.218694739999847,119.28858350999991,129.50727824999976
0,116634566270405057,lol-g2nord-ps1-2026-06-10-game2,synthetic,78.53220000000002,78.53220000000002,0.0
0,115564797163886765,lol-dsg-dig-2026-08-22-game2,synthetic,-59.70860068999991,-247.6053999999997,-187.89679930999978
0,115548147900553474,lol-gen-dk-2026-08-01-game1,synthetic,4.291898419999999,509.8475973199995,505.5556988999995
0,115564797163821204,lol-c9-dig-2026-08-01-game1,synthetic,-0.870517260000014,-0.870517260000014,0.0
0,115548681803406225,lol-shft-kc-2026-08-23-game2,synthetic,-161.35560152000005,-83.06356746000006,78.29203405999999
0,116833506932324835,lol-ucam1-bar-2026-09-01-game2,archive,170.16694999999999,303.6065,133.43955
0,116793933806066870,lol-ouat-myth-2026-07-14-game2,synthetic,0.0,0.0,0.0
0,115565671526403078,lol-lll-png1-2026-09-13-game3,archive,123.45599671000002,-101.86106600000005,-225.31706271000007
0,115548147900553462,lol-t1-kt-2026-07-29-game1,synthetic,-17.94299999999987,-60.45779999999991,-42.51480000000004
0,116520885021783370,lol-kits-sdm-2026-08-11-game4,synthetic,1.3523474799999988,26.51633425999998,25.16398677999998
0,115570934355614546,lol-g2-tes-2026-07-04-game1,synthetic,-516.6214999999995,-372.7032534799996,143.9182465199999
0,115564797163821184,lol-dsg-sen-2026-08-23-game1,synthetic,-4.0,52.658375010000015,56.658375010000015
0,115570934355614530,lol-blg-t1-2026-07-04-game3,synthetic,697.2474996100002,314.9625996100003,-382.2848999999999
0,115548681803406276,lol-g2-mkoi-2026-07-24-game1,synthetic,937.0475000000004,1064.3268062400002,127.27930623999987
0,115548681803406335,lol-g2-mkoi-2026-09-20-game2,archive,241.9824000000001,241.9824000000001,0.0
0,115548681803406229,lol-g2-shft-2026-08-15-game2,synthetic,-3.0806007799999975,-6.358600779999996,-3.2779999999999987
0,117171782819796758,lol-pcific-tsc-2026-09-27,archive,0.0,0.0,0.0
0,115570934355614570,lol-tsw-tes-2026-07-04-game1,synthetic,0.0,-160.13605291999994,-160.13605291999994
0,115548681803406189,lol-sk-vit-2026-08-10-game2,synthetic,303.02853422000044,327.1777634100001,24.149229189999687
0,116923257568665155,lol-mgz-llh-2026-08-25-game3,synthetic,0.0,0.0,0.0
0,115570934355614547,lol-g2-tes-2026-07-04-game2,synthetic,117.03219311000035,-26.32905341999924,-143.3612465299996
0,117212895183030059,lol-llh-mgz-2026-09-08-game1,archive,0.0,0.0,0.0
0,115548128963037579,lol-hle1-t1-2026-06-12-game4,synthetic,5.520999830000051,0.9122924399998453,-4.608707390000205
0,116837891489387009,lol-zzg-role-2026-08-13-game2,synthetic,0.0,0.0,0.0
0,115548147900553455,lol-hle1-dk-2026-07-30-game2,synthetic,-77.77562988,-97.44233947999999,-19.66670959999999
0,115548681803406277,lol-g2-mkoi-2026-07-24-game2,synthetic,1130.96757123,304.77687806999984,-826.1906931600001
0,116833506932128112,lol-lua-hrts-2026-07-29-game1,synthetic,0.0,0.0,0.0
0,115565671526403076,lol-lll-png1-2026-09-13-game1,archive,231.94352066999966,103.64470125999992,-128.29881940999974
0,117171782819731190,lol-tp2-su-2026-09-26,synthetic,35.47630000000001,37.278000000000006,1.8016999999999967
0,117171782819731204,lol-hrts-sec-2026-09-27,archive,0.0,0.0,0.0
0,115548147900684638,lol-bro2-drx-2026-07-31-game1,synthetic,-7.282299999999985,-1.4000000000000004,5.882299999999985
0,117171782819665576,lol-sc-ap-2026-09-21-game1,archive,0.0,0.0,0.0
0,115548681803406153,lol-navi-shft-2026-08-03-game2,synthetic,19.68480000000011,-4.938699999999869,-24.62349999999998
0,115570934355614589,lol-ly-tsw-2026-07-08-game2,synthetic,-353.27379229999974,-44.75512547999983,308.5186668199999
0,116833506932259257,lol-lua-ub-2026-07-21-game2,synthetic,1.4406526399999713,92.68430000000001,91.24364736000004
0,116929376557102177,lol-gen-dnf-2026-08-04-game1,synthetic,0.0,0.0,0.0
0,115564797163821180,lol-dig-sen-2026-07-25-game1,synthetic,0.0,0.0,0.0
0,116833506932193665,lol-bar-ub-2026-08-12-game2,synthetic,0.0,0.0,0.0
0,115548147900553466,lol-dk-t1-2026-08-06-game1,synthetic,1115.6515685799998,1034.5438702100003,-81.10769836999953
0,116793933806066922,lol-ban2-sec-2026-08-20-game2,synthetic,-255.58999999999997,-294.5899999999999,-38.99999999999994
0,115570934355614504,lol-kc-dcg-2026-06-27-game1,synthetic,-93.63524694999978,142.1062919100002,235.74153886
0,116792888905448311,lol-ccg-cont-2026-08-14-game1,synthetic,-58.90590828999996,-51.66614364999998,7.239764639999976
0,117171782819731192,lol-anb-tsc-2026-09-26,archive,25.33000018999998,28.31000018999997,2.9799999999999898
0,115548681803406248,lol-gx-g2-2026-08-24-game1,synthetic,334.2906995999999,398.94189959999994,64.65120000000002
0,117212895183030061,lol-llh-mgz-2026-09-08-game3,archive,0.0,0.0,0.0
0,116833506932128108,lol-ucam1-hrts-2026-07-14-game1,synthetic,-2.25,-2.25,0.0
0,115548681803406145,lol-th-g2-2026-08-09-game2,synthetic,134.65844418000006,118.11107622000009,-16.547367959999974
0,116793933806066854,lol-fec-dyn1-2026-08-06-game2,synthetic,0.0,0.0,0.0
0,116520885021783373,lol-3v-lyna-2026-08-17-game1,synthetic,0.0,0.0,0.0
0,115565671526403064,lol-vks-png1-2026-09-05-game1,archive,37.28539978,155.92899924999983,118.64359946999983
0,116884625277067569,lol-blue-cont-2026-07-29-game2,synthetic,-43.74829999999997,-43.070899999999966,0.6774000000000058
0,116634566270405061,lol-gal-wlg-2026-06-10-game2,synthetic,6.969010000000004,0.0,-6.969010000000004
0,116837902961537576,lol-tos-fcn2-2026-08-27-game3,synthetic,0.0,0.0,0.0
0,115564797163886756,lol-c9-sr-2026-08-30-game1,synthetic,381.96629919999964,342.4403799899997,-39.52591920999993
0,116923238535448368,lol-mgz-tsc-2026-08-04-game2,synthetic,0.0,0.0,0.0
0,116793933806066874,lol-fec-ouat-2026-07-30-game2,synthetic,0.0,0.0,0.0
0,116833506932128092,lol-bar-hrts-2026-07-16-game1,synthetic,0.0,133.41809999999987,133.41809999999987
0,115565671526402955,lol-png1-fur-2026-08-22-game2,synthetic,55.30175563999967,73.46985563999976,18.168100000000095
0,116520885021783346,lol-pls1-kits-2026-07-18-game2,synthetic,0.0,0.0,0.0
0,116837902961537599,lol-wd-domi-2026-09-08-game2,archive,0.0,0.0,0.0
0,116996464901636972,lol-mea-exe-2026-08-13-game2,synthetic,0.0,0.0,0.0
0,116837891489386984,lol-role-tos-2026-08-04,synthetic,0.0,0.0,0.0
0,116833506932193689,lol-ucam1-gxp-2026-08-04-game2,synthetic,0.0,0.0,0.0
0,116634529527025921,lol-ckz-ps1-2026-06-09-game2,synthetic,0.0,0.0,0.0
0,116833506932193709,lol-koia-lua-2026-07-23-game2,synthetic,0.0,0.0,0.0
0,116793933806066913,lol-fec-sec-2026-07-21-game1,synthetic,0.0,0.0,0.0
0,115564797163886788,lol-ly-dsg-2026-09-06-game1,archive,0.0,0.0,0.0
0,115548147900684662,lol-drx-ns-2026-07-29-game1,synthetic,400.7988252700003,629.7789990200001,228.98017374999984
0,116634529527025920,lol-ckz-ps1-2026-06-09-game1,synthetic,0.0,0.0,0.0
0,115548147900553451,lol-kt-hle1-2026-08-02-game2,synthetic,541.9362999999998,631.1862999999998,89.25
0,116634529527025928,lol-me1-ewi-2026-06-10-game1,synthetic,0.0,8.57169966,8.57169966
0,116996464901571351,lol-esb-bg2-2026-09-05-game1,archive,0.0,0.0,0.0
0,116833506932128101,lol-hrts-koia-2026-08-13-game2,synthetic,149.1353606,149.1353606,0.0
0,115548681803406133,lol-mkoi-th-2026-08-30-game2,synthetic,0.0,4.0,4.0
0,116833506932193684,lol-ub-gxp-2026-07-15-game1,synthetic,0.0,0.0,0.0
0,116792888905448320,lol-dog-mvu-2026-08-20-game2,synthetic,97.36719974999994,71.19299974999996,-26.174199999999985
0,116634566264113544,lol-hrts-es1-2026-06-13-game4,synthetic,0.0,10.445857200000006,10.445857200000006
0,116833506932128113,lol-lua-hrts-2026-07-29-game2,synthetic,0.0,0.0,0.0
0,116833506932193701,lol-ub-koia-2026-08-04-game2,synthetic,0.0,0.0,0.0
0,116884625277067568,lol-blue-cont-2026-07-29-game1,synthetic,22.90030514,-111.90520097999999,-134.80550612
0,116634566264113536,lol-sly-g2nord-2026-06-13-game2,synthetic,0.0,-0.02080024000000691,-0.02080024000000691
0,116634566270405080,lol-sly-bombat-2026-06-10-game1,synthetic,0.0,0.0,0.0
0,116884625111982334,lol-nrg-cont-2026-08-13-game1,synthetic,0.0,0.0,0.0
0,116833506932128120,lol-bar-gxp-2026-07-28-game1,synthetic,13.376399200000009,20.694799200000006,7.318399999999997
0,116833506932259252,lol-ub-ucam1-2026-07-28-game1,synthetic,0.0,0.0,0.0
0,115548147900750227,lol-drx-fox1-2026-08-13-game2,synthetic,-15.873702680000179,55.81038490999981,71.68408758999999
0,116837891489387021,lol-capy-bublik-2026-08-20-game2,synthetic,0.0,0.0,0.0
0,116520885021783266,lol-lyna-z5-2026-07-19-game2,synthetic,14.273099999999992,15.492599999999996,1.2195000000000036
0,115570934355614510,lol-t1-kc-2026-06-28-game1,synthetic,190.6112999999998,243.68656500999998,53.07526501000018
0,116833506932193696,lol-flk-gxp-2026-08-13-game1,synthetic,0.0,0.0,0.0
0,117054582581341057,lol-nbs-esb-2026-08-13-game1,synthetic,0.0,0.0,0.0
0,116996464901702563,lol-ckz-esb-2026-09-19-game1,synthetic,0.0,0.0,0.0
0,116996464901636955,lol-ot-esb-2026-08-12-game1,synthetic,0.0,0.0,0.0
0,116996464901702564,lol-ckz-esb-2026-09-19-game2,synthetic,0.0,0.0,0.0
0,116793933806066890,lol-fec-myth-2026-08-25-game2,synthetic,0.0,0.0,0.0
0,116833506932128117,lol-hrts-flk-2026-07-30-game2,synthetic,0.0,0.0,0.0
0,116793933806001281,lol-mcn-dyn1-2026-07-14-game1,synthetic,0.0,0.0,0.0
1,115565004607949415,lol-fly-sr-2026-09-25-game4,archive,-1089.9618623200001,-261.5518427200001,828.4100196
1,117212895183030075,lol-tf3-llh-2026-09-09,synthetic,0.0,0.0,0.0
1,117171782819927909,lol-esb-wd-2026-09-29-game2,archive,0.0,-7.642800000000193,-7.642800000000193
1,115565004607949421,lol-ly-sr-2026-09-26-game4,archive,395.0686699999999,259.7934,-135.27526999999986
1,117212895183030069,lol-tsc-mgz-2026-09-10,archive,0.0,0.0,0.0
1,116837891489387022,lol-capy-bublik-2026-08-20,synthetic,0.0,0.0,0.0
1,117173205363099694,lol-su-vdn-2026-09-23-game1,synthetic,0.0,-253.10216970999994,-253.10216970999994
1,117030752644841576,lol-kt-bro2-2026-08-26,synthetic,0.0,0.0,0.0
1,117171782819665586,lol-sc-lds-2026-09-22,archive,165.86923193999996,49.200732519999974,-116.66849941999999
1,115570934355614532,lol-blg-t1-2026-07-04,synthetic,340.3745992499996,449.6424980499994,109.26789879999978
1,116996464901636925,lol-mea-brt-2026-09-01,archive,0.0,0.0,0.0
1,117171782819927878,lol-hrts-kcb-2026-09-29,archive,359.0105029599995,481.45319929999977,122.44269634000028
1,116923257568665139,lol-mgz-rp-2026-08-19,synthetic,0.0,0.0,0.0
1,115548681803406314,lol-gx-navi-2026-09-11,archive,0.0,47.12144320000016,47.12144320000016
1,115548681803406234,lol-gx-sk-2026-08-01,synthetic,48.68359348000021,64.23049157000031,15.546898090000099
1,115548668059589391,lol-mkoi-kc-2026-06-06-game3,synthetic,-519.6907764900002,-386.1583450600001,133.5324314300001
1,116929376557102175,lol-t1-hle1-2026-08-04,synthetic,-711.2640999999998,-716.8626999999998,-5.598600000000033
1,116855104460702389,lol-t1-gen-2026-07-19,synthetic,-36.023223290000004,-306.0237000000002,-270.00047671000016
1,115548668059589397,lol-g2-kc-2026-06-07-game3,synthetic,-13.673930299999938,-178.77402289999998,-165.10009260000004
1,116929405380376827,lol-ns-kt-2026-07-20,synthetic,386.64634380999934,-35.47846306999895,-422.1248068799983
1,117171782819731127,lol-use1-tos-2026-09-21-game2,archive,0.0,0.0,0.0
1,116837891489386974,lol-domi-hype-2026-08-05,synthetic,0.0,0.0,0.0
1,116833506932259274,lol-lua-flk-2026-07-14,synthetic,-166.87912170999994,-163.43202101000014,3.447100699999794
1,115548681803406162,lol-sk-navi-2026-08-08,synthetic,-50.014899999999955,-102.96880092000004,-52.95390092000008
1,116884625259372845,lol-blue-wu-2026-08-05,synthetic,-85.51110944000008,43.92320128000003,129.4343107200001
1,116929376557102191,lol-dnf-drx-2026-08-10,synthetic,179.1741697699992,678.8658977699993,499.69172800000007
1,115548147900684588,lol-dk-gen-2026-08-22,synthetic,482.23729922999996,0.0,-482.23729922999996
1,115548128963037590,lol-t1-gen-2026-06-14-game3,synthetic,-6.309250759999941,-35.828628360000096,-29.519377600000155
1,116837891489386964,lol-bublik-exg-2026-07-29,synthetic,0.0,0.0,0.0
1,116929376557102210,lol-ns-dnf-2026-08-18-game2,synthetic,-162.43532060000018,241.51715951999995,403.95248012000013
1,117171782819927888,lol-jsk-use1-2026-09-29,synthetic,0.0,0.0,0.0
1,115564793879469303,lol-c9-ly-2026-06-07-game3,synthetic,19.946864399999953,7.05969263999998,-12.887171759999973
1,116996464901637016,lol-exe-esb-2026-09-14-game2,archive,0.0,-43.730088329999916,-43.730088329999916
1,115564797163886758,lol-c9-sr-2026-08-30,synthetic,-255.6290164300004,142.90075139999988,398.5297678300003
1,117171782819796768,lol-anb-sc-2026-09-28,archive,0.6999999999999993,8.867819239999992,8.167819239999993
1,115548681803406250,lol-gx-g2-2026-08-24,synthetic,-375.1916176199998,-131.5425176199999,243.64909999999992
1,117171782819927902,lol-tp2-lds-2026-09-29,archive,-129.90727375000006,-76.41677375000012,53.49049999999994
1,115548681803406242,lol-fnc-gx-2026-08-30,synthetic,-281.92143855999984,-299.58813945999987,-17.666700900000023
1,116884625134461194,lol-mvu-ccg-2026-08-06,synthetic,-111.3339262599999,-113.92265398000006,-2.588727720000165
1,116520885021783362,lol-fue-z5-2026-08-24-game2,synthetic,0.0,-13.407600000000008,-13.407600000000008
1,115548681803406210,lol-shft-gx-2026-08-07,synthetic,682.9053659699989,644.263661629999,-38.64170433999993
1,116634566264113561,lol-gal-es1-2026-06-14-game3,synthetic,-124.1912268800001,-124.1912268800001,0.0
1,115548147900684644,lol-bro2-ns-2026-08-05,synthetic,-236.47002713000035,-337.78711649999985,-101.31708936999951
1,116792888905448313,lol-ccg-cont-2026-08-14,synthetic,-1.751503399999999,11.668984850000154,13.420488250000153
1,115548147900553452,lol-kt-hle1-2026-08-02,synthetic,-123.99010219000002,-123.99010219000002,0.0
1,116837902961537606,lol-tos-wd-2026-09-13-game3,archive,0.0,0.0,0.0
1,116837891489386986,lol-fcn2-bublik-2026-08-04,synthetic,0.0,0.0,0.0
1,117171782819927864,lol-esb-lds-2026-09-28,archive,-0.09999999999999964,-0.09999999999999964,0.0
1,115548681803406270,lol-fnc-mkoi-2026-08-02,synthetic,241.56839956,342.4018994400001,100.83349988000009
1,116170292916656918,lol-wu-ccg-2026-06-04,synthetic,160.6905702800001,80.45124148999989,-80.2393287900002
1,117030752644841598,lol-dk-kt-2026-08-30-game3,synthetic,110.5208868000002,166.2029672000001,55.682080399999904
1,116929404978837689,lol-dnf-bro2-2026-07-20,synthetic,415.2976536899994,175.3385735999999,-239.95908008999947
1,116634566264113560,lol-gal-es1-2026-06-14-game2,synthetic,-112.40086398,-103.51846397999999,8.882400000000004
1,117171782819927898,lol-bw-ucam1-2026-09-29,archive,-82.45709767999995,110.08046754000071,192.53756522000066
1,117030752644841639,lol-hle1-t1-2026-09-12-game2,archive,527.0763478200008,493.5089099800002,-33.56743784000059
1,117171782819731200,lol-tlnpir-bombat-2026-09-27,archive,-365.79672933999996,-232.12281771999972,133.67391162000024
1,115548147900684674,lol-bro2-fox1-2026-08-21-game1,synthetic,-1156.4917005200004,-702.5423005200001,453.9494000000003
1,115548681803406213,lol-shft-sk-2026-08-14-game2,synthetic,17.543756070000086,-205.72702737999998,-223.27078345000007
1,115548128963037584,lol-gen-kt-2026-06-13-game3,synthetic,0.0,0.0,0.0
1,116855104460702377,lol-gen-dk-2026-07-18-game1,synthetic,0.0,0.0,0.0
1,116855104460702387,lol-t1-gen-2026-07-19-game1,synthetic,276.8878999999997,20.291352039999246,-256.59654796000046
1,115548681803406169,lol-navi-fnc-2026-08-24-game2,synthetic,-156.0587276999995,100.94756538000024,257.00629307999975
1,116929376557102157,lol-ns-t1-2026-08-03-game1,synthetic,-16.107977099999864,0.0,16.107977099999864
1,115565004607949403,lol-sr-sen-2026-09-18-game4,archive,-44.30821746000001,-187.27789980000006,-142.96968234000005
1,116884625259372844,lol-blue-wu-2026-08-05-game2,synthetic,-33.339600000000004,-214.04482530000024,-180.70522530000022
1,115548681803406313,lol-gx-navi-2026-09-11-game4,archive,29.7636012799999,-0.5434995000000065,-30.307100779999907
1,116792888905448369,lol-mvu-nrg-2026-09-09-game1,archive,2.379999999999999,83.15072362999992,80.77072362999992
1,116833506932324832,lol-bar-ucam1-2026-08-20,synthetic,-139.58736354,-25.835137400000008,113.75222614
1,115548147900684675,lol-bro2-fox1-2026-08-21-game2,synthetic,206.46763651999981,294.79712944000016,88.32949292000035
1,115548681803406322,lol-navi-mkoi-2026-09-18-game1,archive,0.0,0.0,0.0
1,116929405190125792,lol-gen-t1-2026-07-21,synthetic,223.56832514,125.24952659999991,-98.3187985400001
1,116837891489386977,lol-nort-wd-2026-08-05-game2,synthetic,1.096644899999987,1.2966448999999827,0.19999999999999574
1,116884625094680827,lol-nrg-wu-2026-07-30,synthetic,83.61249943999974,485.83848544,402.22598600000026
1,115548681803406233,lol-gx-sk-2026-08-01-game2,synthetic,21.15621668,538.2435593599996,517.0873426799997
1,116929405012523202,lol-t1-dnf-2026-07-27,synthetic,183.83435773000005,294.77198069000065,110.9376229600006
1,117030752644841627,lol-kt-dk-2026-09-04-game2,archive,17.85263863999974,118.68787649999987,100.83523786000013
1,116855104460702337,lol-mkoi-gam-2026-07-15,synthetic,-73.4091786499998,107.55452100000002,180.96369964999982
1,117173205363099690,lol-vdn-mcn-2026-09-22-game1,archive,0.3204999999999991,-0.8974000000000002,-1.2178999999999993
1,116793933806066927,lol-znt-sec-2026-07-16,synthetic,23.789999999999964,57.887664150000035,34.09766415000007
1,117151111922858552,lol-bublik-domi-2026-09-10-game1,archive,0.0,-0.5599999999999996,-0.5599999999999996
1,116929405062330571,lol-dk-hle1-2026-07-27,synthetic,0.0,0.0,0.0
1,116793933806066930,lol-fec-sec-2026-09-01-game2,archive,0.0,0.0,0.0
1,115548681803406125,lol-th-gx-2026-08-23-game2,synthetic,-0.7090788000000181,-223.76012508999986,-223.05104628999985
1,116923238535448343,lol-spk-rlx-2026-08-06-game1,synthetic,0.0,0.0,0.0
1,116634566270405093,lol-bombat-anb-2026-06-11-game2,synthetic,1.5574999999999974,-24.302500000000002,-25.86
1,117171782819927894,lol-mgz-bar-2026-09-29,archive,-55.329199870000025,-66.39559999999994,-11.06640012999992
1,115564797163821194,lol-ly-sen-2026-08-16,synthetic,-45.47967765999998,-44.479677659999986,0.9999999999999929
1,115565004607949382,lol-sen-fly-2026-09-13-game1,archive,41.39296705999982,-247.89403273999994,-289.28699979999976
1,116295727286716932,lol-koia-ucam1-2026-06-04-game3,synthetic,-7.121134240000032,-93.75782468000003,-86.63669044
1,115565004607949383,lol-sen-fly-2026-09-13-game2,archive,-244.82900908999977,-54.27581413000007,190.5531949599997
1,116996464901637003,lol-nbs-ckz-2026-09-15-game1,archive,0.0,0.0,0.0
1,115548681803406124,lol-th-gx-2026-08-23-game1,synthetic,0.0,0.0,0.0
1,115548147900750228,lol-drx-fox1-2026-08-13,synthetic,294.6770610399999,406.79801346000016,112.12095242000026
1,116792888905382772,lol-cnv-blue-2026-08-14-game2,synthetic,-37.73320000000004,-37.73320000000004,0.0
1,117030752644841622,lol-gen-hle1-2026-09-05-game3,archive,1.8639986000000164,4.606380179999967,2.7423815799999502
1,115548681803406298,lol-vit-g2-2026-09-05-game1,archive,0.0,0.0,0.0
1,115548681803406312,lol-gx-navi-2026-09-11-game3,archive,41.43839227000001,51.46099227000006,10.022600000000054
1,116833506932324824,lol-koia-hrts-2026-08-20-game1,synthetic,0.0,0.0,0.0
1,115548681803406325,lol-navi-mkoi-2026-09-18-game4,archive,-234.11959999999976,-191.98629999999957,42.13330000000019
1,115548147900684671,lol-ns-dnf-2026-08-08-game2,synthetic,-575.4994678100002,-127.98580037999989,447.5136674300003
1,117171782819796756,lol-fec-lds-2026-09-27,archive,19.76611024999994,173.50688281000026,153.74077256000032
1,116929405249894633,lol-hle1-drx-2026-07-27,synthetic,-26.740248509999958,8.402899999999995,35.14314850999995
1,116634529527025860,lol-fec-rs-2026-06-08,synthetic,0.0,0.0,0.0
1,117171782819731194,lol-use1-pcific-2026-09-26,archive,-14.09478475000006,-28.436122240000067,-14.341337490000008
1,115548681803406209,lol-shft-gx-2026-08-07-game2,synthetic,-272.9545909200003,-381.5694909199999,-108.61489999999958
1,115548147900684634,lol-fox1-bro2-2026-08-07-game1,synthetic,-3.7043809899999243,70.16985191999996,73.87423290999988
1,115565670260181876,lol-fur-los-2026-06-06-game1,synthetic,-106.44277462000005,-0.9500000000000002,105.49277462000005
1,117171782819731182,lol-ucam1-hmble-2026-09-26,archive,-11.552699970000006,-8.435299970000003,3.1174000000000035
1,116634566264113543,lol-hrts-es1-2026-06-13-game3,synthetic,40.94159968000001,37.27439968000001,-3.667200000000001
1,116793933806066951,lol-sec-ban2-2026-09-10-game1,archive,1.7885999999999989,2.4389999999999965,0.6503999999999976
1,115564797163886745,lol-c9-dsg-2026-08-08-game2,synthetic,0.0,0.0,0.0
1,115548681803406304,lol-g2-kc-2026-09-06-game1,archive,-0.004580800000013596,0.5974553600000032,0.6020361600000168
1,115548147900619034,lol-t1-gen-2026-08-16-game1,synthetic,0.0,106.64834860000008,106.64834860000008
1,115565671526403030,lol-png1-vks-2026-08-30-game1,synthetic,0.0,-488.3643874299995,-488.3643874299995
1,116833506932324825,lol-koia-hrts-2026-08-20-game2,synthetic,11.064793379999998,5.640623179999999,-5.424170199999999
1,116996464901636916,lol-exe-brt-2026-08-26-game2,synthetic,72.89177135000007,82.94146511000001,10.04969375999994
1,116837891489386966,lol-drm-tung-2026-07-29,synthetic,0.0,0.0,0.0
1,116996464901637004,lol-nbs-ckz-2026-09-15-game2,archive,0.0,0.0,0.0
1,115548681803406185,lol-gx-vit-2026-08-14-game2,synthetic,367.37805058000026,330.05825058000005,-37.319800000000214
1,115548128963037591,lol-t1-gen-2026-06-14-game4,synthetic,57.683878109999796,-71.06675436000003,-128.75063246999983
1,116634566270405033,lol-hrts-kcb-2026-06-10-game2,synthetic,0.0,0.0,0.0
1,115570934355614594,lol-g2-ly-2026-07-10-game1,synthetic,0.559199999999997,0.559199999999997,0.0
1,115565671526403043,lol-vks-fxw7-2026-08-07-game2,synthetic,0.0,0.0,0.0
1,116833506932193669,lol-bar-ucam1-2026-07-22-game2,synthetic,-4.71999999999997,-0.646000000000047,4.0739999999999235
1,117173205363099698,lol-bublik-tf3-2026-09-22-game1,synthetic,0.0,0.0,0.0
1,116792888905448364,lol-mvu-cont-2026-09-03-game2,archive,159.46809959000007,162.11809959,2.649999999999949
1,116833506932259260,lol-ub-flk-2026-07-22-game1,synthetic,0.0,0.0,0.0
1,116833506932324849,lol-hrts-koia-2026-09-06-game4,synthetic,0.2271999999999963,-183.53964773,-183.76684773
1,115548128963037582,lol-gen-kt-2026-06-13-game1,synthetic,0.0,0.0,0.0
1,115548681803406324,lol-navi-mkoi-2026-09-18-game3,archive,-96.9177748699999,-497.68900761000015,-400.77123274000024
1,115548681803406334,lol-g2-mkoi-2026-09-20-game1,archive,5.039200000000008,6.298999999999992,1.2597999999999843
1,117171782819731206,lol-khk-sc-2026-09-27,archive,-78.09627081000002,-100.47516320999995,-22.378892399999927
1,115548681803406299,lol-vit-g2-2026-09-05-game2,archive,0.0,0.0,0.0
1,117171782819796776,lol-g2nord-fec-2026-09-28,archive,169.20600001,153.2286761100003,-15.977323899999703
1,116634529527025936,lol-me1-ucam1-2026-06-11-game1,synthetic,19.445418670000095,-223.4897115199999,-242.93513019
1,117030752644841614,lol-fox1-dk-2026-09-03-game1,archive,69.92182905000027,-341.0665008799997,-410.98832992999996
1,116996464901637010,lol-mea-brt-2026-09-10-game2,archive,0.0,0.0,0.0
1,115564797163821192,lol-ly-sen-2026-08-16-game1,synthetic,-56.21848167000036,-322.8791902400003,-266.66070856999994
1,117212895183030060,lol-llh-mgz-2026-09-08-game2,archive,0.0,0.0,0.0
1,115548681803406269,lol-fnc-mkoi-2026-08-02-game2,synthetic,173.01480000000015,-218.6586808500001,-391.67348085000026
1,116634566270405064,lol-g2nord-gal-2026-06-11-game1,synthetic,121.06103634999994,3.974776440000001,-117.08625990999994
1,116792888905448339,lol-cnv-dog-2026-08-26-game1,synthetic,0.0,-29.902599999999893,-29.902599999999893
1,116923257568665154,lol-mgz-llh-2026-08-25-game2,synthetic,0.0,0.0,0.0
1,115548681803406265,lol-sk-g2-2026-08-02-game2,synthetic,-33.2639781099997,-29.49009999999953,3.773878110000169
1,116855104460702312,lol-g2-dk-2026-07-16-game2,synthetic,-7.32540000000003,-8.088100000000011,-0.7626999999999811
1,115565671526402950,lol-fur-lll-2026-08-07-game1,synthetic,0.0,0.0,0.0
1,115548147900684670,lol-ns-dnf-2026-08-08-game1,synthetic,4.295898920000013,3.947300000000041,-0.34859891999997217
1,115548681803406300,lol-vit-g2-2026-09-05-game3,archive,50.95889999999986,30.54504335999991,-20.41385663999995
1,115570934355614606,lol-blg-hle1-2026-07-12-game1,synthetic,-26.611100850000184,14.836338910000027,41.44743976000021
1,115565671526403042,lol-vks-fxw7-2026-08-07-game1,synthetic,19.484640000000017,14.638640000000024,-4.845999999999993
1,116837902961537569,lol-hype-bublik-2026-08-26-game2,synthetic,0.0,0.0,0.0
1,116793933806066917,lol-ban2-znt-2026-07-23-game1,synthetic,-212.381,0.0,212.381
1,116295727286716937,lol-hrts-ucam1-2026-06-05-game2,synthetic,0.533199999999999,-69.72706955000012,-70.26026955000012
1,116996464901636931,lol-esb-ckz-2026-08-26-game1,synthetic,0.0,0.0,0.0
1,116929376557102186,lol-hle1-gen-2026-08-10-game2,synthetic,-308.22266401000024,-330.25786121999977,-22.035197209999524
1,116884625160413459,lol-mvu-wu-2026-08-13-game2,synthetic,-606.7160188499995,-698.1192188499997,-91.4032000000002
1,115570934355614528,lol-blg-t1-2026-07-04-game1,synthetic,79.91692222000012,-55.23114271999983,-135.14806493999995
1,115548147900553482,lol-hle1-t1-2026-08-23-game1,synthetic,0.0,-31.4461,-31.4461
1,116837891489321420,lol-tos-wd-2026-07-28,synthetic,0.0,0.0,0.0
1,116996464901571345,lol-brt-bg2-2026-08-11,synthetic,0.0,0.0,0.0
1,116884625201897756,lol-mvu-dog-2026-07-16-game1,synthetic,-70.2658,-25.17849999999997,45.08730000000003
1,115548681803340576,lol-navi-th-2026-08-17-game1,synthetic,-42.235869320000006,8.930109469999707,51.16597878999971
1,116837891489386982,lol-drm-gde-2026-08-04,synthetic,0.0,0.0,0.0
1,116884625219920161,lol-blue-ccg-2026-07-17-game1,synthetic,0.0,0.0,0.0
1,117171782819927882,lol-vlr-sc-2026-09-29,archive,155.8963,142.91383667,-12.982463330000002
1,116520885021783381,lol-kits-3v-2026-08-18-game3,synthetic,0.75,-1.7596172799999987,-2.5096172799999987
1,115548681803406240,lol-fnc-gx-2026-08-30-game1,synthetic,-408.7108999999998,-408.7108999999998,0.0
1,115564797163821188,lol-sen-fly-2026-08-22-game1,synthetic,-22.092019430000427,-13.346327030000054,8.745692400000372
1,115565004607949391,lol-ly-c9-2026-09-19-game4,archive,-163.87487633000012,-139.25857607000017,24.616300259999946
1,115548147900684639,lol-bro2-drx-2026-07-31-game2,synthetic,-14.64748438999959,-154.3309835399998,-139.68349915000022
1,116884625201897757,lol-mvu-dog-2026-07-16-game2,synthetic,69.85051286000004,248.97108104000017,179.12056818000013
1,116833506932259269,lol-flk-ucam1-2026-07-16-game2,synthetic,0.0,0.0,0.0
1,116566603146451432,lol-bar-koia-2026-06-05-game1,synthetic,1.9642848499999999,1.9642848499999999,0.0
1,115570934355614534,lol-ly-fur-2026-07-03-game1,synthetic,-77.31178839999984,-114.63308153999958,-37.32129313999974
1,115548681803406193,lol-mkoi-vit-2026-07-26-game2,synthetic,-40.22940096000019,-1.7960609600002044,38.43333999999999
1,116833506932324847,lol-hrts-koia-2026-09-06-game2,synthetic,-3.024990509999924,-3.024990509999924,0.0
1,115548147900684647,lol-dnf-bro2-2026-08-02-game2,synthetic,-48.49108679000006,13.329140500000037,61.8202272900001
1,117171782819731210,lol-big1-vlr-2026-09-27,synthetic,-0.10213192000000504,1.111068079999967,1.213199999999972
1,116996464901636980,lol-mea-ot-2026-09-02-game2,archive,0.0,0.0,0.0
1,115564797163886772,lol-dig-ly-2026-08-09-game1,synthetic,0.0,2.2614997499999845,2.2614997499999845
1,116996464901702569,lol-nbs-esb-2026-09-20-game1,archive,0.0,0.0,0.0
1,115548681803406177,lol-navi-g2-2026-08-10-game2,synthetic,262.12663769999995,472.2216539999997,210.09501629999977
1,116837891489386970,lol-pane-role-2026-07-29,synthetic,0.0,0.0,0.0
1,116929405111089364,lol-fox1-gen-2026-07-27,synthetic,0.20829999999999416,0.20829999999999416,0.0
1,116996464901636911,lol-esb-brt-2026-08-25-game1,synthetic,0.0,0.0,0.0
1,116996464901636999,lol-ckz-mea-2026-09-09-game3,archive,0.0,0.0,0.0
1,116520885021783361,lol-fue-z5-2026-08-24-game1,synthetic,0.0,0.0,0.0
1,115548147900684650,lol-fox1-drx-2026-08-09-game1,synthetic,1363.4407798999991,-56.19980792000001,-1419.6405878199992
1,115565671526403002,lol-fxw7-lll-2026-08-02-game1,synthetic,0.0,8.0,8.0
1,116634566270405040,lol-hrts-fsk-2026-06-11-game1,synthetic,0.0,0.0,0.0
1,117030752644841604,lol-gen-kt-2026-09-01-game3,archive,-73.18369999999982,-88.76810000000023,-15.584400000000414
1,115548147900684655,lol-ns-fox1-2026-08-01-game2,synthetic,0.0,-304.4524991500004,-304.4524991500004
1,116833506932193661,lol-koia-bar-2026-07-15-game2,synthetic,0.0,0.0,0.0
1,116923257568665156,lol-mgz-llh-2026-08-25-game4,synthetic,0.0,0.0,0.0
1,116634566264113538,lol-sly-g2nord-2026-06-13-game4,synthetic,70.12399943000003,77.71459943000002,7.590599999999995
1,115548681803406280,lol-fnc-kc-2026-08-09-game1,synthetic,86.6413,86.94130000000001,0.30000000000001137
1,116634529527025912,lol-kcb-vdn-2026-06-09-game1,synthetic,38.69763647999994,74.28369407999992,35.586057599999975
1,116855104460702336,lol-mkoi-gam-2026-07-15-game2,synthetic,26.309299000000024,15.690699000000023,-10.6186
1,116929376557102199,lol-hle1-dnf-2026-08-11-game3,synthetic,26.163857089999993,42.39679969000002,16.23294260000003
1,116996464901702554,lol-exe-esb-2026-09-14-game4,archive,-41.50760000000014,-39.22760000000005,2.2800000000000864
1,116634566270405068,lol-ps1-wlg-2026-06-11-game1,synthetic,-239.96477316000002,-64.33376812,175.63100504000002
1,116520885021783318,lol-kits-sdm-2026-07-19-game2,synthetic,0.0,0.0,0.0
1,116520885021783380,lol-kits-3v-2026-08-18-game2,synthetic,9.059999999999995,9.059999999999995,0.0
1,116833506932324827,lol-koia-hrts-2026-08-20-game4,synthetic,5.221391760000008,-39.30967491000001,-44.53106667000002
1,115548681803406336,lol-g2-mkoi-2026-09-20-game3,archive,473.1718000000003,473.1718000000003,0.0
1,116249441374562218,lol-fec-mcn-2026-06-06-game2,synthetic,0.0,0.0,0.0
1,116634566270405085,lol-es1-anb-2026-06-10-game2,synthetic,0.0,0.0,0.0
1,116884625060929771,lol-cnv-dog-2026-07-30-game2,synthetic,-169.38348323,-102.24728323,67.1362
1,116929376557102185,lol-hle1-gen-2026-08-10-game1,synthetic,-13.37162515,-168.46553506000083,-155.09390991000083
1,116855104460702319,lol-sen-gen-2026-07-16,synthetic,0.0,0.0,0.0
1,115570934355614529,lol-blg-t1-2026-07-04-game2,synthetic,-235.91134606999998,-93.15188059999991,142.75946547000007
1,116793933806066939,lol-fec-mcn-2026-09-08-game3,archive,0.0,261.86034806,261.86034806
1,115548681803406116,lol-vit-th-2026-07-31-game1,synthetic,-39.79079999999999,-23.78878992,16.00201007999999
1,116929376557102181,lol-bro2-drx-2026-08-04-game1,synthetic,-30.25409999999988,-50.942099999999755,-20.687999999999874
1,115548147900684586,lol-dk-gen-2026-08-22-game1,synthetic,171.47419963999982,484.18063696999934,312.7064373299995
1,116793933806066858,lol-ban2-dyn1-2026-08-25-game2,synthetic,0.0,0.0,0.0
1,115565004607949412,lol-fly-sr-2026-09-25-game1,archive,172.64150000000018,266.8992999999998,94.25779999999963
1,115565671526403065,lol-vks-png1-2026-09-05-game2,archive,0.0,-1.9315999999999995,-1.9315999999999995
1,116520885021783391,lol-z5-fue-2026-09-07-game1,archive,-136.08079996999996,-120.8568999999999,15.223899970000062
1,115565671526403018,lol-png1-fxw7-2026-08-16-game1,synthetic,-63.221313719999955,-242.31470219999994,-179.09338848
1,115565671526402947,lol-fur-los-2026-07-25-game2,synthetic,27.937164689999804,22.03489955000009,-5.902265139999713
1,116833506932324820,lol-ucam1-hrts-2026-08-19-game3,synthetic,5.190171239999998,11.24377124,6.053600000000001
1,115548681803406252,lol-sk-mkoi-2026-08-22-game1,synthetic,0.0,0.0,0.0
1,115570934355614572,lol-tsw-tes-2026-07-04-game3,synthetic,0.0,0.0,0.0
1,116634566264113548,lol-gal-me1-2026-06-13-game2,synthetic,23.577658439999993,213.0480584400001,189.4704000000001
1,116634566264113537,lol-sly-g2nord-2026-06-13-game3,synthetic,-32.863213529999996,-45.284000049999975,-12.420786519999979
1,116855104460702383,lol-kc-dk-2026-07-19-game3,synthetic,303.3943484800002,303.3943484800002,0.0
1,115548147900684686,lol-bro2-dnf-2026-08-19-game1,synthetic,37.584234700000025,-228.60556530000014,-266.18980000000016
1,115565671526403070,lol-los-fur-2026-09-13-game1,archive,-2.3999999999999986,0.0,2.3999999999999986
1,115548147900619046,lol-gen-kt-2026-08-19-game1,synthetic,0.0,0.0,0.0
1,116884625146454286,lol-mvu-cpd-2026-07-31-game2,synthetic,176.07740000000013,359.9779000000002,183.90050000000008
1,116837902961537589,lol-domi-drm-2026-09-03-game4,archive,0.0,0.0,0.0
1,115548681803406212,lol-shft-sk-2026-08-14-game1,synthetic,70.29948486999997,0.001998040000003698,-70.29748682999997
1,115548681803406184,lol-gx-vit-2026-08-14-game1,synthetic,242.9109000000003,259.48090000000013,16.569999999999823
1,117171782819731184,lol-fsk-g2nord-2026-09-26,archive,-4.800000000000011,-3.7364000000000033,1.063600000000008
1,115565671526402999,lol-lll-png1-2026-07-25-game2,synthetic,-75.55811024000012,-100.08059453000018,-24.522484290000065
1,116792888905448315,lol-cpd-cnv-2026-08-20-game1,synthetic,241.99311880000005,43.15519999999992,-198.83791880000012
1,116833506932128109,lol-ucam1-hrts-2026-07-14-game2,synthetic,0.0,-46.57929999999976,-46.57929999999976
1,116837891489387017,lol-wge-tung-2026-08-19-game2,synthetic,0.0,0.0,0.0
1,115548681803340577,lol-navi-th-2026-08-17-game2,synthetic,195.80280000000005,158.06929771999967,-37.73350228000038
1,116833506932193676,lol-flk-bar-2026-08-06-game1,synthetic,0.0,0.0,0.0
1,115570934355614506,lol-kc-dcg-2026-06-27-game3,synthetic,0.0,0.0,0.0
1,115548147900619027,lol-hle1-kt-2026-08-15-game2,synthetic,0.0,0.0,0.0
1,116793933806066889,lol-fec-myth-2026-08-25-game1,synthetic,0.0,0.0,0.0
1,116855104460702311,lol-g2-dk-2026-07-16-game1,synthetic,307.63814506000017,514.91682924,207.2786841799998
1,115565671526402998,lol-lll-png1-2026-07-25-game1,synthetic,-452.60333746,-453.38033746,-0.7770000000000437
1,116996464901702571,lol-nbs-esb-2026-09-20-game3,archive,0.0,0.0,0.0
1,116793933806066882,lol-ouat-znt-2026-08-04-game2,synthetic,0.0,0.0,0.0
1,115548681803406217,lol-mkoi-shft-2026-07-31-game2,synthetic,556.0627119300002,-58.06778933999961,-614.1305012699999
1,115548681803406294,lol-kc-gx-2026-09-05-game3,archive,0.0,0.0,0.0
1,115548147900684682,lol-ns-bro2-2026-08-14-game1,synthetic,267.80499870999984,-51.89230129000009,-319.6972999999999
1,115548147900684667,lol-drx-dnf-2026-08-06-game2,synthetic,465.53539843999977,448.8791348999998,-16.65626353999994
1,116634566270405032,lol-hrts-kcb-2026-06-10-game1,synthetic,-0.33137180999999316,-1.6123044499999946,-1.2809326400000014
1,116793933806066933,lol-ban2-mcn-2026-09-01-game1,archive,0.0,0.0,0.0
1,115570934355614542,lol-hle1-tsw-2026-07-02-game3,synthetic,0.0,0.0,0.0
1,116793933806066821,lol-mcn-ouat-2026-07-21-game1,synthetic,0.0,0.0,0.0
1,116833506932259272,lol-lua-flk-2026-07-14-game1,synthetic,0.3186996400000002,0.0,-0.3186996400000002
1,115570934355614590,lol-ly-tsw-2026-07-08-game3,synthetic,0.0,0.0,0.0
1,116793933806066905,lol-fec-ban2-2026-07-16-game1,synthetic,0.0,0.0,0.0
1,116634566270405081,lol-sly-bombat-2026-06-10-game2,synthetic,0.0,0.0,0.0
1,115548681803406245,lol-gx-kc-2026-08-17-game2,synthetic,478.87759970000025,323.4301997,-155.44740000000024
1,116634566270405056,lol-g2nord-ps1-2026-06-10-game1,synthetic,7.938684300000006,86.35778102,78.41909672
1,116833506932193700,lol-ub-koia-2026-08-04-game1,synthetic,0.0,0.0,0.0
1,116833506932193664,lol-bar-ub-2026-08-12-game1,synthetic,0.0,0.0,0.0
1,115548681803406132,lol-mkoi-th-2026-08-30-game1,synthetic,-0.9345000000000141,0.0,0.9345000000000141
1,116929376557102194,lol-gen-dnf-2026-08-10-game2,synthetic,0.0,0.0,0.0
1,115548147900684646,lol-dnf-bro2-2026-08-02-game1,synthetic,-100.60473604000003,-54.498331199999996,46.10640484000004
1,116837891489387012,lol-fcn2-gde-2026-08-19-game1,synthetic,0.0,0.0,0.0
1,115564797163886773,lol-dig-ly-2026-08-09-game2,synthetic,0.0,0.0,0.0
1,115565671526403006,lol-lll-lev-2026-08-16-game1,synthetic,0.0,0.0,0.0
1,116996464901636952,lol-exe-esb-2026-09-03-game2,archive,0.0,0.0,0.0
1,115570934355614531,lol-blg-t1-2026-07-04-game4,synthetic,-46.679663549999816,-46.679663549999816,0.0
1,117275453885353213,lol-est-9zg-2026-09-29-game1,archive,0.0,0.0,0.0
1,115565671526403035,lol-fxw7-lev-2026-07-26-game2,synthetic,28.915200000000027,32.02580000000005,3.1106000000000193
1,115548681803406117,lol-vit-th-2026-07-31-game2,synthetic,-53.5136041400002,-50.702304140000194,2.811300000000003
1,115565670260181879,lol-fur-los-2026-06-06-game4,synthetic,1.0751999999999997,0.7679999999999998,-0.3071999999999999
1,116833506932193660,lol-koia-bar-2026-07-15-game1,synthetic,0.0,0.0,0.0
1,117054582581341053,lol-nbs-ckz-2026-08-18-game1,synthetic,0.0,0.0,0.0
1,116855104460702326,lol-kc-sen-2026-07-16-game2,synthetic,353.2426854299999,269.26318825,-83.9794971799999
1,116837902961537595,lol-bublik-tos-2026-09-07-game4,archive,0.0,0.0,0.0
1,116520885021717717,lol-3v-fue-2026-07-18-game1,synthetic,0.0,0.0,0.0
1,115570934355614559,lol-hle1-g2-2026-07-05-game2,synthetic,2.941564480000004,51.85846305000001,48.91689857000001
1,115570934355614560,lol-hle1-g2-2026-07-05-game3,synthetic,0.0,171.42720000000008,171.42720000000008
1,116923238535448312,lol-rlx-lps-2026-08-04-game2,synthetic,0.0,0.0,0.0
1,116793933806066925,lol-znt-sec-2026-07-16-game1,synthetic,0.0,0.0,0.0
1,116855104460702353,lol-jdg-milo-2026-07-16-game1,synthetic,0.0,0.0,0.0
1,116884625182630168,lol-mvu-cont-2026-08-07-game2,synthetic,538.867,538.867,0.0
1,115564797163886744,lol-c9-dsg-2026-08-08-game1,synthetic,48.17130000000003,48.17130000000003,0.0
1,116833506932324830,lol-bar-ucam1-2026-08-20-game1,synthetic,134.0304,134.0304,0.0
1,116520885021783374,lol-3v-lyna-2026-08-17-game2,synthetic,33.152000000000015,33.152000000000015,0.0
1,116884625060929770,lol-cnv-dog-2026-07-30-game1,synthetic,-11.519700530000364,-21.508195790000173,-9.988495259999809
1,116855104460702339,lol-gam-t1-2026-07-16-game1,synthetic,0.0,0.0,0.0
1,115570934355614541,lol-hle1-tsw-2026-07-02-game2,synthetic,0.0,0.0,0.0
1,116520885021717725,lol-pls1-fue-2026-07-19-game1,synthetic,0.0,0.0,0.0
1,116996464901636956,lol-ot-esb-2026-08-12-game2,synthetic,0.0,0.0,0.0
1,116996464901636993,lol-nbs-exe-2026-09-08-game3,archive,0.0,0.0,0.0
1,116833506932128116,lol-hrts-flk-2026-07-30-game1,synthetic,0.0,0.0,0.0
1,116996464901636943,lol-mea-ckz-2026-08-12-game1,synthetic,0.0,0.0,0.0
1,115548147900684658,lol-dnf-fox1-2026-07-30-game1,synthetic,302.90636675000013,317.6704852800002,14.764118530000076
1,116793933806066914,lol-fec-sec-2026-07-21-game2,synthetic,0.0,0.0,0.0
1,116855104460702308,lol-fur-dk-2026-07-15-game2,synthetic,0.0,0.0,0.0
1,116833506932193688,lol-ucam1-gxp-2026-08-04-game1,synthetic,0.0,0.0,0.0
1,116634566264113532,lol-ucam1-kcb-2026-06-13-game4,synthetic,0.0,2.816524669999998,2.816524669999998
1,116923238535448351,lol-hool-rlx-2026-08-13-game1,synthetic,0.0,0.0,0.0
1,115565671526402979,lol-los-png1-2026-08-10-game2,synthetic,19.20090000000002,19.20090000000002,0.0
1,116923238535448387,lol-hool-spk-2026-07-29-game1,synthetic,0.0,0.0,0.0
1,115570934355614540,lol-hle1-tsw-2026-07-02-game1,synthetic,0.0,0.0,0.0
1,116634529527025894,lol-bombat-fec-2026-06-08,synthetic,0.0,0.0,0.0
1,116520885021717729,lol-lyna-z5-2026-07-19-game1,synthetic,0.0,0.0,0.0
1,115565671526468627,lol-los-lll-2026-09-27-game4,archive,-185.1413136299997,-104.85279999999989,80.28851362999981
1,115548128963037592,lol-t1-gen-2026-06-14,synthetic,0.0,-287.44965645000025,-287.44965645000025
1,116996464901636933,lol-esb-ckz-2026-08-26,synthetic,0.0,0.0,0.0
1,117173205363099686,lol-ckz-tos-2026-09-23-game1,archive,-13.436533049999994,-11.988049910000008,1.4484831399999862
1,116837891489387006,lol-tos-nort-2026-08-13,synthetic,0.0,0.0,0.0
1,116634566270405098,lol-es1-anb-2026-06-12,synthetic,-391.9768927900001,0.06529999999999969,392.04219279000006
1,116833506932324828,lol-koia-hrts-2026-08-20,synthetic,0.75,0.9399999999999995,0.1899999999999995
1,116996464901636921,lol-ot-brt-2026-08-19,synthetic,0.0,0.0,0.0
1,116634566270405038,lol-pcific-fsk-2026-06-10,synthetic,-133.94455965999998,0.6550510800000211,134.59961074
1,117173205363099695,lol-su-vdn-2026-09-23-game2,synthetic,639.5573789500002,750.6473789500001,111.08999999999992
1,115548147900619040,lol-kt-t1-2026-08-21,synthetic,0.0,0.0,0.0
1,116793933806066871,lol-ouat-myth-2026-07-14,synthetic,-35.4587,-35.4587,0.0
1,115548681803406278,lol-g2-mkoi-2026-07-24,synthetic,77.06300000000033,522.6259974699997,445.56299746999935
1,115548681803406226,lol-shft-kc-2026-08-23,synthetic,42.85680000000002,315.28991027999973,272.4331102799997
1,117171782819665578,lol-sc-ap-2026-09-21,archive,-75.72661904999993,-419.2578493600003,-343.5312303100004
1,117171782819731145,lol-ucam1-mcn-2026-09-21-game2,archive,0.0,0.0,0.0
1,117171782819731141,lol-su-vdn-2026-09-21-game2,synthetic,303.77921018,319.9592101799999,16.179999999999893
1,116996464901636998,lol-ckz-mea-2026-09-09-game2,archive,0.0,0.0,0.0
1,116793933806066859,lol-ban2-dyn1-2026-08-25,synthetic,0.0,0.0,0.0
1,116855104460702375,lol-t1-kc-2026-07-18,synthetic,-30.975800000000163,121.18410000000006,152.15990000000022
1,116923257568665147,lol-tsc-defini-2026-08-20,synthetic,0.0,0.0,0.0
1,116929405329586421,lol-ns-bro2-2026-07-20,synthetic,29.73944263999988,59.85397703999969,30.114534399999812
1,116837891489386998,lol-drm-capy-2026-08-12,synthetic,0.0,8.3844444,8.3844444
1,115548147900750232,lol-fox1-ns-2026-08-23,synthetic,-79.19720040000016,218.6506747400001,297.84787514000027
1,115548128963037572,lol-kt-dk-2026-06-07-game3,synthetic,-50.57911303999998,-65.78410867999992,-15.204995639999936
1,117171782819665585,lol-sc-lds-2026-09-22-game2,archive,0.0,-8.800000000000011,-8.800000000000011
1,117171782819731140,lol-su-vdn-2026-09-21-game1,synthetic,89.41385545999955,-335.64005885000046,-425.05391431
1,115570934355614550,lol-g2-tes-2026-07-04,synthetic,356.2344993499996,854.5178999999996,498.28340065
1,116793933806066959,lol-mcn-sec-2026-09-15-game3,archive,0.0,-209.97099999999995,-209.97099999999995
1,116634566270405074,lol-g2nord-wlg-2026-06-12,synthetic,3.1565999999999974,226.19049474999986,223.03389474999986
1,117171782819796778,lol-pcific-ucam1-2026-09-28,archive,-1.4301005500000015,-2.633500550000001,-1.2033999999999994
1,117171782819731208,lol-jsk-su-2026-09-27,synthetic,-87.26849476999996,-3.2246654700000335,84.04382929999993
1,116634566270405096,lol-es1-anb-2026-06-12-game1,synthetic,159.65551900000025,137.3325849200001,-22.322934080000152
1,117030752644841638,lol-hle1-t1-2026-09-12-game1,archive,122.9984999999997,113.19710059999989,-9.80139939999981
1,116837891489387005,lol-tos-nort-2026-08-13-game2,synthetic,0.0,0.0,0.0
1,116929405306255602,lol-ns-fox1-2026-07-20,synthetic,0.0,20.150000000000006,20.150000000000006
1,116996464901636923,lol-mea-brt-2026-09-01-game1,archive,22.779960109999998,22.129960109999992,-0.6500000000000057
1,116996464901702566,lol-ckz-esb-2026-09-19-game4,synthetic,0.0,0.0,0.0
1,116855104460702333,lol-blg-t1-2026-07-16,synthetic,-99.55650486999974,-203.99531765999984,-104.4388127900001
1,117030752644841621,lol-gen-hle1-2026-09-05-game2,archive,320.0520129499998,-47.20862455000008,-367.26063749999986
1,116793933806066845,lol-ouat-dyn1-2026-08-18-game1,synthetic,0.0,0.0,0.0
1,116837902961537604,lol-tos-wd-2026-09-13-game1,archive,9.698955659999982,17.033327080000007,7.334371420000025
1,115548128963037589,lol-t1-gen-2026-06-14-game2,synthetic,-196.36309999999992,-210.19909999999982,-13.835999999999899
1,116996464901571353,lol-esb-bg2-2026-09-05,archive,-46.50612483999991,-28.46663505999993,18.039489779999982
1,116855104460702374,lol-t1-kc-2026-07-18-game2,synthetic,88.65898248000008,0.0,-88.65898248000008
1,116884625039565024,lol-cnv-wu-2026-07-23-game1,synthetic,0.0,-5.51980237999998,-5.51980237999998
1,117171782819796770,lol-tlnpir-jsk-2026-09-28,synthetic,-7.062515550000019,-12.65321555,-5.590699999999981
1,117030752644841640,lol-hle1-t1-2026-09-12-game3,archive,343.51219999999967,95.15120029999957,-248.3609997000001
1,117171782819731126,lol-use1-tos-2026-09-21-game1,archive,0.0,0.0,0.0
1,116520885021783371,lol-kits-sdm-2026-08-11,synthetic,-10.441399999999959,-14.506056840000042,-4.064656840000083
1,116884625201897758,lol-mvu-dog-2026-07-16,synthetic,4.890715040000032,9.481815040000015,4.591099999999983
1,115548147900750247,lol-dnf-ns-2026-08-12-game2,synthetic,-133.67092977999988,-256.81300912999995,-123.14207935000007
1,116837891489387026,lol-nort-tung-2026-08-20,synthetic,0.0,0.0,0.0
1,116793933806066867,lol-dyn1-sec-2026-08-11,synthetic,-7.5,255.92911408999987,263.42911408999987
1,116996464901702558,lol-mea-esb-2026-09-16-game2,archive,37.65036512999996,86.91324009000004,49.26287496000008
1,117171782819927872,lol-tlnpir-anb-2026-09-29-game1,archive,0.0,-53.83696885000002,-53.83696885000002
1,116793933806066929,lol-fec-sec-2026-09-01-game1,archive,0.0,0.0,0.0
1,116996464901636920,lol-ot-brt-2026-08-19-game2,synthetic,0.0,0.0,0.0
1,116855104460702345,lol-ly-jdg-2026-07-15,synthetic,38.89943184000015,10.987707840000539,-27.91172399999961
1,115565671526403044,lol-vks-fxw7-2026-08-07,synthetic,313.74978366000005,868.3307852500004,554.5810015900004
1,116520885021783379,lol-kits-3v-2026-08-18-game1,synthetic,-0.25,-0.25,0.0
1,117030752644841634,lol-t1-dk-2026-09-06-game3,archive,-104.98209999999983,-40.30270061999977,64.67939938000006
1,115548147900619031,lol-dk-hle1-2026-08-20-game2,synthetic,0.0,8.587398879999967,8.587398879999967
1,116837902961537575,lol-tos-fcn2-2026-08-27-game2,synthetic,257.44528371999996,0.0,-257.44528371999996
1,116855104460702381,lol-kc-dk-2026-07-19-game1,synthetic,0.0,-49.49733750999994,-49.49733750999994
1,115548147900619022,lol-gen-hle1-2026-08-13-game1,synthetic,77.42281005000008,-1.6668000000000802,-79.08961005000016
1,116837891489386988,lol-zzg-exg-2026-08-06-game1,synthetic,0.0,0.0,0.0
1,115565004607949420,lol-ly-sr-2026-09-26-game3,archive,-14.534217339999884,-24.68510137999982,-10.150884039999937
1,117171782819927884,lol-big1-bombat-2026-09-29,synthetic,-42.02489108999998,-223.83529109000006,-181.81040000000007
1,116855104460702366,lol-gen-jdg-2026-07-17-game2,synthetic,0.9152141400001028,-73.0666,-73.9818141400001
1,115564797163821197,lol-sen-sr-2026-08-08-game2,synthetic,3.8108000000000857,10.26780000000008,6.456999999999994
1,116634566264113567,lol-sly-gal-2026-06-15-game3,synthetic,18.47564950000003,4.593949499999994,-13.881700000000038
1,116996464901637011,lol-mea-brt-2026-09-10-game3,archive,0.0,0.0,0.0
1,116833506932193694,lol-gxp-lua-2026-08-05,synthetic,7.889399999999998,5.9041999999999994,-1.985199999999999
1,115570934355614585,lol-g2-t1-2026-07-08-game4,synthetic,46.513000000000034,256.3539570200003,209.84095702000025
1,115548147900553443,lol-t1-hle1-2026-08-08-game2,synthetic,-35.59379999999999,-138.17281534999938,-102.5790153499994
1,116833506932128106,lol-hrts-ub-2026-08-06,synthetic,0.0,0.0,0.0
1,116929376557102203,lol-t1-dnf-2026-08-17-game1,synthetic,0.0,33.72931709999966,33.72931709999966
1,116996464901702557,lol-mea-esb-2026-09-16-game1,archive,-202.67142132999996,-57.63344075999994,145.03798057
1,116792888905448370,lol-mvu-nrg-2026-09-09-game2,archive,0.1083330800000013,-49.215674740000054,-49.324007820000055
1,117173205363099675,lol-ap-piv-2026-09-22-game2,archive,2.289999999999999,-368.93310699999995,-371.22310699999997
1,117171782819927900,lol-hmble-sec-2026-09-29,archive,-12.86239999999998,-40.135031159999954,-27.272631159999975
1,115548681803406317,lol-vit-mkoi-2026-09-12-game2,archive,127.82129999999995,129.2950469699997,1.4737469699997519
1,116996464901636979,lol-mea-ot-2026-09-02-game1,archive,0.0,0.0,0.0
1,116634566270405073,lol-g2nord-wlg-2026-06-12-game2,synthetic,0.7951999999999977,0.7933959999999978,-0.0018039999999999168
1,116792888905382773,lol-cnv-blue-2026-08-14,synthetic,839.74739922,988.1492000000001,148.40180078000003
1,116929376557102209,lol-ns-dnf-2026-08-18-game1,synthetic,-14.762500000000045,-262.70745084999976,-247.9449508499997
1,115548681803406228,lol-g2-shft-2026-08-15-game1,synthetic,0.0,0.0,0.0
1,116520885021783392,lol-z5-fue-2026-09-07-game2,archive,0.08135893999999944,0.0013589400000002527,-0.07999999999999918
1,115548681803406152,lol-navi-shft-2026-08-03-game1,synthetic,-35.19456079999998,-40.24246079999995,-5.04789999999997
1,117030752644841602,lol-gen-kt-2026-09-01-game1,archive,3.4961999999999875,-160.24530149999998,-163.74150149999997
1,115548147900619042,lol-t1-dk-2026-08-14-game1,synthetic,37.39949839999997,360.00154756,322.60204916000004
1,115548128963037577,lol-hle1-t1-2026-06-12-game2,synthetic,-377.40245872000014,-429.46099847999994,-52.0585397599998
1,116520885021783269,lol-sdm-z5-2026-07-18-game1,synthetic,42.29329999999993,88.70507000000003,46.411770000000104
1,115548681803406173,lol-kc-navi-2026-08-01-game2,synthetic,0.0,-4.224000000000004,-4.224000000000004
1,116634529527025852,lol-gmb-nbs-2026-06-08,synthetic,0.0,0.0,0.0
1,116837902961537593,lol-bublik-tos-2026-09-07-game2,archive,32.41999999999999,32.41999999999999,0.0
1,116793933806066964,lol-fec-sec-2026-09-17-game2,archive,0.8799999999999999,1.6799999999999997,0.7999999999999998
1,115548128963037583,lol-gen-kt-2026-06-13-game2,synthetic,24.239424779999936,13.048524340000029,-11.190900439999908
1,116884625219920162,lol-blue-ccg-2026-07-17-game2,synthetic,0.0,-169.72459999999995,-169.72459999999995
1,117171782819927876,lol-hrts-kcb-2026-09-29-game1,archive,-288.2845750199998,-256.0013992199998,32.28317579999998
1,117171782819927856,lol-bombat-su-2026-09-28,synthetic,-851.9198184099996,-793.0680253900002,58.85179301999938
1,116929376557102158,lol-ns-t1-2026-08-03-game2,synthetic,-145.84919338999975,-72.18960242000026,73.6595909699995
1,115548681803406241,lol-fnc-gx-2026-08-30-game2,synthetic,-469.4475450799999,-274.2807450799996,195.1668000000003
1,116833506932193704,lol-ucam1-koia-2026-08-05-game1,synthetic,-102.61570055999995,0.0,102.61570055999995
1,116792888905448382,lol-cpd-mvu-2026-09-11-game2,archive,-44.42077308000012,162.20547459999966,206.62624767999978
1,116793933806066865,lol-dyn1-sec-2026-08-11-game1,synthetic,-70.22259999999994,-4.399200000000004,65.82339999999994
1,116929405156047066,lol-gen-hle1-2026-07-21,synthetic,42.05470000000014,506.1730432700002,464.1183432700001
1,116855104460702357,lol-hle1-t1-2026-07-17-game1,synthetic,-87.8759,-722.5515074499998,-634.6756074499998
1,116923257568665153,lol-mgz-llh-2026-08-25-game1,synthetic,0.0,0.0,0.0
1,115548681803406232,lol-gx-sk-2026-08-01-game1,synthetic,11.494098599999965,156.01189665999982,144.51779805999985
1,117171782819927880,lol-g2nord-rs-2026-09-29,synthetic,11.353503250000017,1.8165032499999256,-9.537000000000091
1,116634566264113566,lol-sly-gal-2026-06-15-game2,synthetic,59.17819988000008,-59.65295479999992,-118.83115468
1,115570934355614552,lol-blg-ly-2026-07-05-game1,synthetic,138.7050119099997,-24.401052119999918,-163.10606402999963
1,116996464901637005,lol-nbs-ckz-2026-09-15-game3,archive,0.0,0.0,0.0
1,116793933806066918,lol-ban2-znt-2026-07-23-game2,synthetic,73.89639999999952,-347.65762368000014,-421.55402367999966
1,116837902961537568,lol-hype-bublik-2026-08-26-game1,synthetic,0.0,0.0,0.0
1,115570934355614596,lol-g2-ly-2026-07-10-game3,synthetic,-21.01452352000001,-63.63130302000013,-42.61677950000012
1,115548681803406208,lol-shft-gx-2026-08-07-game1,synthetic,-34.81069999999994,-7.993124159999951,26.81757583999999
1,117171782819927892,lol-cg-su-2026-09-29,synthetic,0.0,0.0,0.0
1,115570934355614595,lol-g2-ly-2026-07-10-game2,synthetic,-652.6632593600004,-19.50478725000039,633.15847211
1,117171782819731170,lol-jsk-bar-2026-09-26,synthetic,0.0,-20.591900000000006,-20.591900000000006
1,116929376557102173,lol-t1-hle1-2026-08-04-game1,synthetic,0.0,0.0,0.0
1,116170292916656916,lol-wu-ccg-2026-06-04-game3,synthetic,816.46316222,907.8597248399996,91.3965626199996
1,116996464901636951,lol-exe-esb-2026-09-03-game1,archive,0.0,0.0,0.0
1,117030752644841616,lol-fox1-dk-2026-09-03-game3,archive,357.52869946999954,-147.1502573599999,-504.67895682999944
1,116634529527025856,lol-bombat-mgz-2026-06-08,synthetic,0.0,0.0,0.0
1,115570934355614535,lol-ly-fur-2026-07-03-game2,synthetic,0.0,-0.8999999999999986,-0.8999999999999986
1,116634529527025848,lol-ewi-tos-2026-06-08,synthetic,0.0,0.0,0.0
1,116833506932128097,lol-gxp-hrts-2026-07-23-game2,synthetic,-2.378700279999997,-1.7189002799999926,0.6598000000000042
1,116996464901636960,lol-mea-esb-2026-09-06-game2,archive,0.0,0.0,0.0
1,116833506932193668,lol-bar-ucam1-2026-07-22-game1,synthetic,0.0,0.0,0.0
1,116884625134461192,lol-mvu-ccg-2026-08-06-game1,synthetic,798.6648117599997,320.5566312499999,-478.1081805099998
1,115548147900619026,lol-hle1-kt-2026-08-15-game1,synthetic,-262.88646919999996,-728.7154691999998,-465.82899999999984
1,116295727286716938,lol-hrts-ucam1-2026-06-05-game3,synthetic,147.02812618000019,162.92545322000012,15.897327039999936
1,115564797163821182,lol-dig-sen-2026-07-25,synthetic,8.825199359999992,5.368599739999997,-3.456599619999995
1,116634566264113565,lol-sly-gal-2026-06-15-game1,synthetic,-4.161599999999999,-2.7672999999999988,1.3943000000000003
1,116792888905448312,lol-ccg-cont-2026-08-14-game2,synthetic,0.0,-333.5085137199999,-333.5085137199999
1,117173205363099679,lol-sc-piv-2026-09-23-game2,archive,-65.12227110999999,-44.80525880000005,20.31701230999994
1,115565004607949413,lol-fly-sr-2026-09-25-game2,archive,-163.63094401000012,-140.50130107000024,23.129642939999883
1,115548147900684591,lol-kt-dk-2026-08-12-game2,synthetic,-49.824299999999994,70.11999575999971,119.9442957599997
1,115548147900684651,lol-fox1-drx-2026-08-09-game2,synthetic,9.28896801000002,1.690268900000035,-7.598699109999984
1,117171782819927866,lol-cg-wd-2026-09-28,archive,13.186179119999991,84.67300004999993,71.48682092999994
1,116833506932324842,lol-koia-ucam1-2026-09-02-game3,archive,-0.12125373999999134,10.245303280000002,10.366557019999993
1,116833506932259277,lol-koia-bar-2026-08-18-game2,synthetic,-20.31870488000004,-0.37362808000000225,19.945076800000038
1,115548147900553467,lol-dk-t1-2026-08-06-game2,synthetic,110.12844766000003,-126.04268839999965,-236.1711360599997
1,116996464901636912,lol-esb-brt-2026-08-25-game2,synthetic,0.0,0.0,0.0
1,115564797164345557,lol-sr-fly-2026-09-06-game2,archive,-177.6841890099999,-303.7918988000003,-126.1077097900004
1,116996464901636935,lol-exe-ckz-2026-09-01-game1,synthetic,0.0,0.0,0.0
1,115548128963037571,lol-kt-dk-2026-06-07-game2,synthetic,933.0843594299996,1204.9986307600002,271.9142713300006
1,116833506932193708,lol-koia-lua-2026-07-23-game1,synthetic,3.5714000000000397,7.1428000000000225,3.571399999999983
1,115570934355614607,lol-blg-hle1-2026-07-12-game2,synthetic,-75.80906752999991,-244.43416609,-168.62509856000008
1,116837891489386996,lol-drm-capy-2026-08-12-game1,synthetic,0.0,0.0,0.0
1,116884625236435239,lol-blue-cpd-2026-07-23-game2,synthetic,-360.05949999999973,-81.2006745099998,278.85882548999996
1,117171782819927886,lol-pcific-nbs-2026-09-29,archive,183.63164583000002,165.77764583000004,-17.853999999999985
1,115564797163886757,lol-c9-sr-2026-08-30-game2,synthetic,-247.0889555499998,-237.86530179000016,9.22365375999965
1,115548147900553442,lol-t1-hle1-2026-08-08-game1,synthetic,185.59413943999988,754.19398669,568.59984725
1,117030752644841603,lol-gen-kt-2026-09-01-game2,archive,11.542200000000093,26.77023224999982,15.228032249999728
1,115548147900553463,lol-t1-kt-2026-07-29-game2,synthetic,-811.6591083600001,-810.48880908,1.1702992800001084
1,117030752644841610,lol-hle1-t1-2026-09-02-game3,synthetic,483.1011985399998,-93.78946401000019,-576.89066255
1,116793933806001282,lol-mcn-dyn1-2026-07-14-game2,synthetic,-81.74489999999997,-427.4482999999998,-345.7033999999998
1,115564797163821185,lol-dsg-sen-2026-08-23-game2,synthetic,81.44909906999997,84.00737286999988,2.5582737999999097
1,117171782819796780,lol-khk-sec-2026-09-28,archive,0.0,0.0,0.0
1,115564797163886749,lol-fly-c9-2026-08-16-game2,synthetic,-16.536613530000068,-39.938119610000285,-23.401506080000217
1,115548681803406323,lol-navi-mkoi-2026-09-18-game2,archive,321.25796012000023,364.42684145,43.16888132999975
1,116884625039565025,lol-cnv-wu-2026-07-23-game2,synthetic,6.225199999999994,-10.862400000000065,-17.08760000000006
1,116884625259372843,lol-blue-wu-2026-08-05-game1,synthetic,-2.5218910200001687,-33.92637188000009,-31.40448085999992
1,115548681803406128,lol-th-sk-2026-08-21-game1,synthetic,-136.30037280999997,-204.10587855999995,-67.80550574999998
1,116929405173020893,lol-kt-gen-2026-07-27,synthetic,0.0,0.0,0.0
1,115548147900750231,lol-fox1-ns-2026-08-23-game2,synthetic,97.12189735999982,-53.83568266000009,-150.9575800199999
1,115548681803406272,lol-kc-mkoi-2026-07-25-game1,synthetic,-167.67393208,-218.6144332700001,-50.940501190000106
1,115548681803406293,lol-kc-gx-2026-09-05-game2,archive,-128.41682104000014,-130.64774123000007,-2.230920189999921
1,116793933806066938,lol-fec-mcn-2026-09-08-game2,archive,-4.385263160000029,12.628299420000005,17.013562580000034
1,116996464901636924,lol-mea-brt-2026-09-01-game2,archive,0.0,0.0,0.0
1,116833506932324841,lol-koia-ucam1-2026-09-02-game2,archive,0.0,0.0,0.0
1,116634529527091481,lol-me1-ewi-2026-06-12-game2,synthetic,0.0,0.0,0.0
1,117030752644841629,lol-kt-dk-2026-09-04-game4,archive,18.427900000000136,290.89039387000037,272.46249387000023
1,117030752644841574,lol-kt-bro2-2026-08-26-game3,synthetic,-91.18908933999978,-95.53688933999979,-4.3478000000000065
1,116634566270405072,lol-g2nord-wlg-2026-06-12-game1,synthetic,0.0,0.0,0.0
1,116929376557102182,lol-bro2-drx-2026-08-04-game2,synthetic,-123.41079999999988,-193.6207999999998,-70.20999999999992
1,115564797163886764,lol-dsg-dig-2026-08-22-game1,synthetic,0.0,-216.8068870000002,-216.8068870000002
1,116884625094680826,lol-nrg-wu-2026-07-30-game2,synthetic,33.33279999999996,-170.9498000000002,-204.28260000000017
1,115565671526402958,lol-fxw7-fur-2026-08-09-game1,synthetic,26.482099639999973,14.254799639999966,-12.227300000000007
1,115565671526402954,lol-png1-fur-2026-08-22-game1,synthetic,-430.2640468999999,-591.2402000000003,-160.97615310000037
1,116634566270405036,lol-pcific-fsk-2026-06-10-game1,synthetic,0.0,-8.789999999999992,-8.789999999999992
1,115548147900553459,lol-gen-t1-2026-07-31-game2,synthetic,66.18407176000022,89.3564673699999,23.172395609999683
1,116837891489387008,lol-zzg-role-2026-08-13-game1,synthetic,0.0,0.0,0.0
1,116837902961537600,lol-wd-domi-2026-09-08-game3,archive,0.0,0.0,0.0
1,115570934355614583,lol-g2-t1-2026-07-08-game2,synthetic,-100.84018377999985,-133.96150094999973,-33.121317169999884
1,116929376557102178,lol-gen-dnf-2026-08-04-game2,synthetic,1.0774000000000115,-3.903999999999993,-4.981400000000004
1,116929376557102211,lol-ns-dnf-2026-08-18-game3,synthetic,0.0,755.3302995500001,755.3302995500001
1,115564797163821176,lol-sen-c9-2026-09-05-game1,archive,367.70420000000036,384.07650000000024,16.372299999999882
1,115548147900684590,lol-kt-dk-2026-08-12-game1,synthetic,-75.76091165999993,-63.121110340000044,12.63980131999989
1,116634566264113549,lol-gal-me1-2026-06-13-game3,synthetic,0.0,0.0,0.0
1,115548147900553450,lol-kt-hle1-2026-08-02-game1,synthetic,-199.7981836500001,-217.06149310000006,-17.26330944999995
1,116793933806066862,lol-znt-dyn1-2026-07-28-game2,synthetic,0.0,-0.40999999999999925,-0.40999999999999925
1,115548681803406144,lol-th-g2-2026-08-09-game1,synthetic,0.0,0.0,0.0
1,115548681803406160,lol-sk-navi-2026-08-08-game1,synthetic,117.75777968999955,170.56429968999964,52.80652000000009
1,116792888905448363,lol-mvu-cont-2026-09-03-game1,archive,-16.295564520000006,-13.900662879999997,2.3949016400000094
1,115570934355614578,lol-blg-hle1-2026-07-09-game3,synthetic,349.89603186999955,155.96392876000004,-193.9321031099995
1,115565671526402951,lol-fur-lll-2026-08-07-game2,synthetic,0.0,-633.3047974700005,-633.3047974700005
1,115548147900750235,lol-fox1-dnf-2026-08-15-game2,synthetic,-79.18023693999993,-27.261738120000018,51.91849881999991
1,115548681803406236,lol-mkoi-gx-2026-08-08-game1,synthetic,-5.760801010000009,-5.760801010000009,0.0
1,116923238535448399,lol-hool-mgz-2026-08-12-game1,synthetic,0.0,0.0,0.0
1,116566603146713577,lol-bar-koia-2026-06-05-game2,synthetic,119.62292354999994,144.13269954999998,24.509776000000045
1,115565671526403071,lol-los-fur-2026-09-13-game2,archive,-90.53859911,-95.27859911000002,-4.740000000000009
1,116884625094680825,lol-nrg-wu-2026-07-30-game1,synthetic,125.72849927000004,-0.40000000000000036,-126.12849927000005
1,115565004607949376,lol-c9-sr-2026-09-12-game1,archive,8.081852659999988,7.673008720000027,-0.4088439399999615
1,116520885021783375,lol-3v-lyna-2026-08-17-game3,synthetic,19.833069099999932,9.714769099999959,-10.118299999999973
1,115570934355614565,lol-t1-fur-2026-07-06-game2,synthetic,0.0,0.0,0.0
1,116634566270405084,lol-es1-anb-2026-06-10-game1,synthetic,11.671599030000003,0.0,-11.671599030000003
1,115548681803406204,lol-vit-g2-2026-07-25-game1,synthetic,0.0,-227.06460000000004,-227.06460000000004
1,116837891489386968,lol-zzg-wge-2026-07-29,synthetic,0.0,0.0,0.0
1,117054582581341062,lol-nbs-exe-2026-08-20-game2,synthetic,0.0,0.0,0.0
1,116855104460702343,lol-hle1-milo-2026-07-15,synthetic,0.0,0.0,0.0
1,115565671526402994,lol-vks-los-2026-08-15-game1,synthetic,264.1741000000001,288.3546000000001,24.180499999999995
1,116996464901636971,lol-mea-exe-2026-08-13-game1,synthetic,0.0,0.0,0.0
1,115548147900684663,lol-drx-ns-2026-07-29-game2,synthetic,-846.4386999999992,-109.28321865000021,737.155481349999
1,115565671526402971,lol-vks-fur-2026-08-01-game2,synthetic,16.769209760000024,19.039772649999982,2.270562889999958
1,116793933806066921,lol-ban2-sec-2026-08-20-game1,synthetic,0.0,0.0,0.0
1,116793933806066833,lol-mcn-ban2-2026-08-04-game1,synthetic,0.0,0.5999999999999943,0.5999999999999943
1,116793933806066881,lol-ouat-znt-2026-08-04-game1,synthetic,-29.032199999999932,-29.032199999999932,0.0
1,116793933806066952,lol-sec-ban2-2026-09-10-game2,archive,-258.3476,44.898500099999964,303.2461001
1,117030752644841611,lol-hle1-t1-2026-09-02-game4,archive,-78.23995862000054,-149.20448533000024,-70.9645267099997
1,117171782819731134,lol-use1-ckz-2026-09-22-game1,archive,0.0,0.0,0.0
1,115565671526403019,lol-png1-fxw7-2026-08-16-game2,synthetic,252.21840077999957,588.6927784499997,336.4743776700001
1,116996464901636932,lol-esb-ckz-2026-08-26-game2,synthetic,0.0,0.0,0.0
1,117151111922858553,lol-bublik-domi-2026-09-10-game2,archive,0.0,0.0,0.0
1,116634566264113547,lol-gal-me1-2026-06-13-game1,synthetic,0.0,0.0,0.0
1,115548681803406180,lol-shft-vit-2026-08-30-game1,synthetic,1.2036000000000122,-37.44470033999994,-38.64830033999995
1,115548681803406288,lol-g2-kc-2026-07-26-game1,synthetic,0.4999984,0.4999984,0.0
1,116929376557102198,lol-hle1-dnf-2026-08-11-game2,synthetic,4.220399410000006,4.717399409999999,0.4969999999999928
1,116837891489386972,lol-domi-hype-2026-08-05-game1,synthetic,0.0,0.0,0.0
1,116923238535448363,lol-spk-tsc-2026-08-12-game1,synthetic,0.0,0.0,0.0
1,116520885021783349,lol-fue-kits-2026-07-27-game1,synthetic,0.0,0.0,0.0
1,116833506932193705,lol-ucam1-koia-2026-08-05-game2,synthetic,-143.02280033999995,-143.02280033999995,0.0
1,117212895183030066,lol-tsc-mgz-2026-09-10-game2,archive,-14.223999999999998,-14.223999999999998,0.0
1,115548147900684687,lol-bro2-dnf-2026-08-19-game2,synthetic,147.16779999999994,173.26833515999965,26.10053515999971
1,116929376557102165,lol-dnf-bro2-2026-07-28-game1,synthetic,239.69271708999986,429.2882782300004,189.59556114000054
1,116996464901702570,lol-nbs-esb-2026-09-20-game2,archive,0.0,0.0,0.0
1,116884625050247398,lol-cnv-cont-2026-08-06-game2,synthetic,92.69433008999995,110.93939970999998,18.245069620000024
1,117151111922858555,lol-bublik-domi-2026-09-10-game4,archive,0.0,0.0,0.0
1,116520885021783351,lol-fue-kits-2026-07-27-game3,synthetic,0.0,0.0,0.0
1,115548681803406264,lol-sk-g2-2026-08-02-game1,synthetic,0.0,0.0,0.0
1,116634566270405088,lol-sly-es1-2026-06-11-game1,synthetic,0.0,-0.54,-0.54
1,116929405094115537,lol-dk-t1-2026-07-27,synthetic,0.0,0.0,0.0
1,115548681803406273,lol-kc-mkoi-2026-07-25-game2,synthetic,-179.38710000000026,-170.4386899199999,8.948410080000372
1,115570934355614558,lol-hle1-g2-2026-07-05-game1,synthetic,-229.7611999999998,324.4658275500002,554.22702755
1,115548147900553471,lol-kt-gen-2026-08-07-game2,synthetic,-135.82530206999968,-112.26850206999984,23.55679999999984
1,116792888905448323,lol-nrg-cont-2026-08-21-game1,synthetic,-113.5223000000002,0.0,113.5223000000002
1,115548681803406205,lol-vit-g2-2026-07-25-game2,synthetic,108.32559707000019,183.2822996299999,74.95670255999971
1,116855104460702340,lol-gam-t1-2026-07-16-game2,synthetic,0.0,0.0,0.0
1,116837891489387016,lol-wge-tung-2026-08-19-game1,synthetic,2.1414991200000024,0.0,-2.1414991200000024
1,115565671526403022,lol-lev-png1-2026-08-01-game1,synthetic,82.32989935000018,115.87909935000016,33.549199999999985
1,115564797163886768,lol-dig-fly-2026-08-23-game1,synthetic,-6.18040000000002,49.43299999999999,55.61340000000001
1,116855104460702321,lol-ts-kc-2026-07-15-game1,synthetic,144.88450940000013,0.0,-144.88450940000013
1,117212895183030071,lol-tf3-llh-2026-09-09-game1,synthetic,0.0,0.0,0.0
1,115565671526403050,lol-lev-vks-2026-08-22-game1,synthetic,0.0,0.0,0.0
1,115564797164345565,lol-ly-sr-2026-08-02-game2,synthetic,60.75460000000032,145.56560000000025,84.81099999999992
1,117173205363099678,lol-sc-piv-2026-09-23-game1,archive,0.0,0.0,0.0
1,116923238535448311,lol-rlx-lps-2026-08-04-game1,synthetic,0.0,0.0,0.0
1,115564797163886789,lol-ly-dsg-2026-09-06-game2,archive,0.0,0.0,0.0
1,116884625111982335,lol-nrg-cont-2026-08-13-game2,synthetic,0.0,0.0,0.0
1,115570934355614564,lol-t1-fur-2026-07-06-game1,synthetic,0.0,0.0,0.0
1,116249441374562217,lol-fec-mcn-2026-06-06-game1,synthetic,0.0,0.0,0.0
1,115548681803406220,lol-fnc-shft-2026-08-22-game1,synthetic,-39.677652490000014,-39.677652490000014,0.0
1,116520885021783393,lol-z5-fue-2026-09-07-game3,archive,0.3136000699999997,47.22505872999997,46.91145865999997
1,116793933806066834,lol-mcn-ban2-2026-08-04-game2,synthetic,0.0,0.0,0.0
1,115570934355614536,lol-ly-fur-2026-07-03-game3,synthetic,439.51885000000016,790.7443000000005,351.22545000000036
1,116793933806066857,lol-ban2-dyn1-2026-08-25-game1,synthetic,0.0,0.0,0.0
1,116793933806066926,lol-znt-sec-2026-07-16-game2,synthetic,0.0,0.0,0.0
1,115565671526403034,lol-fxw7-lev-2026-07-26-game1,synthetic,0.21099963999999982,0.5265996399999997,0.3155999999999999
1,116923238535448367,lol-mgz-tsc-2026-08-04-game1,synthetic,0.0,0.0,0.0
1,117212895183030065,lol-tsc-mgz-2026-09-10-game1,archive,0.0,0.0,0.0
1,116996464901571348,lol-ckz-bg2-2026-08-20-game2,synthetic,0.0,0.0,0.0
1,116634566270405044,lol-kcb-pcific-2026-06-11-game1,synthetic,0.0,0.0,0.0
1,116855104460702325,lol-kc-sen-2026-07-16-game1,synthetic,120.32819999999992,1017.4726340600005,897.1444340600005
1,116793933806066906,lol-fec-ban2-2026-07-16-game2,synthetic,0.0,0.0,0.0
1,115548147900750226,lol-drx-fox1-2026-08-13-game1,synthetic,-919.1903000000001,-606.6295058500001,312.56079415
1,115548668059589398,lol-g2-kc-2026-06-07-game4,synthetic,0.0,-57.464309030000095,-57.464309030000095
1,116833506932259276,lol-koia-bar-2026-08-18-game1,synthetic,0.0,0.0,0.0
1,115565671526402987,lol-los-lev-2026-08-08-game2,synthetic,0.0,0.0,0.0
1,116855104460702354,lol-jdg-milo-2026-07-16-game2,synthetic,0.0,0.0,0.0
1,115570934355614571,lol-tsw-tes-2026-07-04-game2,synthetic,243.36480844000016,174.12701034999998,-69.23779809000018
1,116792888905448324,lol-nrg-cont-2026-08-21-game2,synthetic,0.0,0.0,0.0
1,115548681803406140,lol-kc-th-2026-08-03-game1,synthetic,0.0,0.5265996299999927,0.5265996299999927
1,116996464901702565,lol-ckz-esb-2026-09-19-game3,synthetic,0.0,0.0,0.0
1,117171782819731186,lol-hrts-esb-2026-09-26,archive,0.0,0.0,0.0
1,117054582581341058,lol-nbs-esb-2026-08-13-game2,synthetic,0.0,0.0,0.0
1,115564797163821181,lol-dig-sen-2026-07-25-game2,synthetic,90.25659999999999,381.0519999999998,290.7953999999998
1,117171782819731198,lol-nbs-tos-2026-09-26,archive,0.0,46.071000000000026,46.071000000000026
1,116837891489387024,lol-nort-tung-2026-08-20-game1,synthetic,0.0,0.0,0.0
1,116833506932193673,lol-lua-bar-2026-07-30-game2,synthetic,0.0,0.0,0.0
1,116833506932259264,lol-ucam1-lua-2026-08-12-game1,synthetic,0.0,0.0,0.0
1,115570934355614576,lol-blg-hle1-2026-07-09-game1,synthetic,906.9090977999999,710.4438978000004,-196.46519999999953
1,117171782819927858,lol-big1-mgz-2026-09-28,synthetic,0.0,0.0,0.0
1,117212895183030055,lol-tsc-tf3-2026-09-07-game3,synthetic,0.0,0.0,0.0
1,117054582581341065,lol-nbs-ot-2026-08-11-game1,synthetic,0.0,0.0,0.0
1,116833506932128104,lol-hrts-ub-2026-08-06-game1,synthetic,0.0,0.0,0.0
1,116929376557102169,lol-drx-kt-2026-07-28-game1,synthetic,-54.97152762999994,-60.47616261999992,-5.504634989999978
1,117054582581341061,lol-nbs-exe-2026-08-20-game1,synthetic,0.0,0.0,0.0
1,116996464901636991,lol-nbs-exe-2026-09-08-game1,archive,0.0,0.0,0.0
1,116634529527025882,lol-fn-fec-2026-06-08,synthetic,0.0,0.0,0.0
1,117212895183030062,lol-llh-mgz-2026-09-08-game4,archive,2.4800000000000004,1.5199999999999996,-0.9600000000000009
1,116837891489387020,lol-capy-bublik-2026-08-20-game1,synthetic,0.0,0.0,0.0
1,115564797163886785,lol-fly-dsg-2026-08-01-game2,synthetic,0.0,0.0,0.0
1,116833506932193713,lol-koia-flk-2026-07-29-game2,synthetic,0.0,0.0,0.0
1,117151111922858556,lol-bublik-domi-2026-09-10,archive,0.0,0.0,0.0
1,115565671526403067,lol-vks-png1-2026-09-05-game4,archive,23.444563600000016,25.035500000000084,1.5909364000000679
1,116837891489386990,lol-zzg-exg-2026-08-06,synthetic,0.0,0.0,0.0
1,115548668059589399,lol-g2-kc-2026-06-07,synthetic,-109.91017857999992,-246.5043763500001,-136.59419777000016
1,116923238535448313,lol-rlx-lps-2026-08-04,synthetic,0.0,0.0,0.0
1,115570934355614610,lol-blg-hle1-2026-07-12,synthetic,-1.8401501900000454,31.771248999999912,33.61139918999996
1,115548128963037574,lol-kt-dk-2026-06-07,synthetic,376.34082453999986,-35.13206410000021,-411.47288864000006
1,117171782819731149,lol-su-ucam1-2026-09-22-game2,synthetic,17.901899999999955,-72.31300782000012,-90.21490782000008
1,116520885021783365,lol-fue-z5-2026-08-24,synthetic,-3.520000000000003,-87.63540000000006,-84.11540000000005
1,116634566264113545,lol-hrts-es1-2026-06-13,synthetic,198.8651612199999,77.04199898000002,-121.82316223999987
1,116923238535448369,lol-mgz-tsc-2026-08-04,synthetic,0.0,0.0,0.0
1,117171782819927905,lol-fsk-tsc-2026-09-29-game2,archive,4.789999999999992,-29.972411799999968,-34.76241179999996
1,117030752644841618,lol-fox1-dk-2026-09-03,archive,64.03249812000004,-27.002843819999725,-91.03534193999977
1,115548147900684676,lol-bro2-fox1-2026-08-21,synthetic,-34.92941772000012,57.1482220099999,92.07763973000002
1,117173205363099696,lol-su-vdn-2026-09-23,synthetic,-10.251860109999988,-60.02767329000034,-49.77581318000035
1,116793933806066907,lol-fec-ban2-2026-07-16,synthetic,50.668199999999985,56.99279999999993,6.324599999999947
1,116793933806066899,lol-myth-znt-2026-08-13,synthetic,-0.6612054499999829,1.3103945500000052,1.971599999999988
1,116793933806066923,lol-ban2-sec-2026-08-20,synthetic,-220.45108536000023,10.664999999999935,231.11608536000017
1,116566603146713578,lol-bar-koia-2026-06-05,synthetic,48.08783008000001,48.090030080000005,0.0021999999999948727
1,116833506932324850,lol-hrts-koia-2026-09-06,synthetic,5.0,4.348718979999942,-0.6512810200000576
1,116837891489386989,lol-zzg-exg-2026-08-06-game2,synthetic,0.0,0.0,0.0
1,116855104460702371,lol-blg-dk-2026-07-17,synthetic,164.19555115999947,194.66225115999987,30.4667000000004
1,115565004607949390,lol-ly-c9-2026-09-19-game3,archive,-24.193499999999972,-52.805918299999924,-28.612418299999952
1,116634566270405048,lol-fsk-kcb-2026-06-12-game1,synthetic,0.0,0.0,0.0
1,115548147900684648,lol-dnf-bro2-2026-08-02,synthetic,0.0,-155.42669484999988,-155.42669484999988
1,116929405232265446,lol-drx-bro2-2026-07-20,synthetic,-253.83269875999997,-128.8638368799999,124.96886188000008
1,116833506932128094,lol-bar-hrts-2026-07-16,synthetic,-27.039600000000007,-27.039600000000007,0.0
1,116929405206706403,lol-drx-fox1-2026-07-20,synthetic,0.0,0.0,0.0
1,116634566270405049,lol-fsk-kcb-2026-06-12-game2,synthetic,0.0,0.0,0.0
1,115548681803406138,lol-th-fnc-2026-08-07,synthetic,-148.67992499000025,-174.14720361000002,-25.467278619999774
1,116170292916656915,lol-wu-ccg-2026-06-04-game2,synthetic,-16.424506300000047,-22.52686649000003,-6.102360189999985
1,115548147900553456,lol-hle1-dk-2026-07-30,synthetic,17.81666336000012,153.41249751999976,135.59583415999964
1,115565004607949416,lol-fly-sr-2026-09-25,archive,-326.37837735000016,-575.3840905800001,-249.00571322999997
1,116793933806066953,lol-sec-ban2-2026-09-10-game3,archive,-190.67841659000013,-126.39421659000001,64.28420000000011
1,115548147900684656,lol-ns-fox1-2026-08-01,synthetic,42.559441449999895,-378.8454595599999,-421.4049010099998
1,115548668059589396,lol-g2-kc-2026-06-07-game2,synthetic,83.60874768000008,360.8588,277.2500523199999
1,116520885021783383,lol-kits-3v-2026-08-18,synthetic,0.0,0.0,0.0
1,115564797163886742,lol-c9-dig-2026-08-01,synthetic,0.0,0.0,0.0
1,116792888905448378,lol-wu-mvu-2026-09-10-game4,archive,112.8998,70.05209999999998,-42.84770000000002
1,116855104460702305,lol-g2-agal-2026-07-16,synthetic,49.65150000000017,-51.79350496999996,-101.44500497000013
1,116634529527025934,lol-ucam1-hmble-2026-06-10,synthetic,66.83799962,38.660799620000056,-28.17719999999995
1,115564793879469301,lol-c9-ly-2026-06-07-game1,synthetic,0.0,0.0,0.0
1,115548147900684680,lol-drx-bro2-2026-08-16,synthetic,1.1368683772161603e-13,-25.478799999999865,-25.47879999999998
1,116929376557102187,lol-hle1-gen-2026-08-10,synthetic,98.73070922999993,-91.87824818000001,-190.60895740999996
1,115548147900553480,lol-dk-kt-2026-08-09,synthetic,205.85639722999986,-4.379302370000005,-210.23569959999986
1,116170292916656914,lol-wu-ccg-2026-06-04-game1,synthetic,-33.54471127999997,4.679995890000022,38.224707169999995
1,116855104460702315,lol-ts-sen-2026-07-15,synthetic,195.62813281999996,27.60039714000004,-168.02773567999992
1,116884625277067570,lol-blue-cont-2026-07-29,synthetic,-2.619492670000003,-1.4604999999999997,1.1589926700000035
1,115548681803406194,lol-mkoi-vit-2026-07-26,synthetic,424.2864617199998,272.02132328,-152.26513843999982
1,116884625236435240,lol-blue-cpd-2026-07-23,synthetic,173.6730369699997,656.9171743799998,483.24413741000006
1,116923238535448329,lol-hool-lps-2026-07-28,synthetic,10.2,10.2,0.0
1,116884625160413460,lol-mvu-wu-2026-08-13,synthetic,78.29379948000002,78.29379948000002,0.0
1,116884625060929772,lol-cnv-dog-2026-07-30,synthetic,192.63620241,155.99890000000016,-36.63730240999985
1,116792888905448371,lol-mvu-nrg-2026-09-09-game3,archive,-36.73609999999999,-37.39699961000002,-0.6608996100000297
1,117173205363099674,lol-ap-piv-2026-09-22-game1,archive,-98.94001099999997,-91.39854300000013,7.541467999999838
1,116929404958783670,lol-dnf-fox1-2026-07-20,synthetic,340.21159737999994,-13.707166459999996,-353.91876383999994
1,115565671526468626,lol-los-lll-2026-09-27-game3,archive,0.0,-72.49017485999961,-72.49017485999961
1,117030752644841632,lol-t1-dk-2026-09-06-game1,archive,-118.3922531400001,-196.5607779400002,-78.16852480000011
1,116792888905448375,lol-wu-mvu-2026-09-10-game1,archive,0.0,-64.33891456,-64.33891456
1,116996464901702559,lol-mea-esb-2026-09-16-game3,archive,7.841289119999999,7.431422250000011,-0.40986686999998767
1,116923238535448345,lol-spk-rlx-2026-08-06,synthetic,0.0,0.0,0.0
1,115565004607949378,lol-c9-sr-2026-09-12-game3,archive,107.33400044000001,201.67420043999994,94.34019999999992
1,116793933806066965,lol-fec-sec-2026-09-17-game3,archive,0.0,0.0,0.0
1,115548128963037564,lol-dk-bro2-2026-06-06-game1,synthetic,-1163.9001000000003,-819.4004831000004,344.49961689999986
1,116634566264113559,lol-gal-es1-2026-06-14-game1,synthetic,0.0,0.0,0.0
1,116634529527025854,lol-goal-mcn-2026-06-08,synthetic,0.0,0.0,0.0
1,117030752644841620,lol-gen-hle1-2026-09-05-game1,archive,-144.26019999999994,-52.37830000000031,91.88189999999963
1,116520885021783267,lol-lyna-z5-2026-07-19,synthetic,24.26291028000003,26.958610280000016,2.695699999999988
1,117030752644841633,lol-t1-dk-2026-09-06-game2,archive,312.57830667000053,33.2959276100007,-279.2823790599998
1,115548668059589395,lol-g2-kc-2026-06-07-game1,synthetic,22.89203630000003,1.1737904499999914,-21.718245850000038
1,116520885021783363,lol-fue-z5-2026-08-24-game3,synthetic,0.0,0.0,0.0
1,115548147900684587,lol-dk-gen-2026-08-22-game2,synthetic,0.13464560000005577,9.875968040000117,9.741322440000062
1,116855104460702369,lol-blg-dk-2026-07-17-game1,synthetic,19.894600000000082,21.26499707999983,1.3703970799997478
1,116792888905448376,lol-wu-mvu-2026-09-10-game2,archive,37.55938827999995,0.0,-37.55938827999995
1,116855104460702373,lol-t1-kc-2026-07-18-game1,synthetic,-97.21439775999973,-18.20109841999961,79.01329934000012
1,115548147900619038,lol-kt-t1-2026-08-21-game1,synthetic,0.0,0.0,0.0
1,116855104460702323,lol-ts-kc-2026-07-15,synthetic,-63.35980429999995,-46.89714892999996,16.462655369999993
1,115548147900684640,lol-bro2-drx-2026-07-31,synthetic,524.58992054,595.5245370399998,70.93461649999983
1,115548681803406328,lol-kc-mkoi-2026-09-19-game1,archive,15.145800000000065,15.145800000000065,0.0
1,116996464901636915,lol-exe-brt-2026-08-26-game1,synthetic,0.0,19.219353709999993,19.219353709999993
1,116929405398989054,lol-t1-ns-2026-07-27,synthetic,0.0,391.06339999999983,391.06339999999983
1,117171782819927904,lol-fsk-tsc-2026-09-29-game1,archive,16.76177702000001,18.65500000000001,1.8932229799999973
1,117171782819731180,lol-rs-khk-2026-09-26,archive,-1.2799999999999994,-0.40000000000000036,0.879999999999999
1,116996464901702560,lol-mea-esb-2026-09-16-game4,archive,0.0,0.0,0.0
1,116929376557102190,lol-dnf-drx-2026-08-10-game2,synthetic,11.234000000000055,11.234000000000055,0.0
1,116792888905448383,lol-cpd-mvu-2026-09-11-game3,archive,0.0,0.0,0.0
1,117030752644841579,lol-ns-fox1-2026-08-27-game2,synthetic,16.10966676999996,-24.926315759999852,-41.03598252999981
1,115548681803406218,lol-mkoi-shft-2026-07-31,synthetic,-175.76687815000014,-287.95987814999967,-112.19299999999953
1,115548147900619039,lol-kt-t1-2026-08-21-game2,synthetic,-152.44629999999995,30.800609279999776,183.24690927999973
1,115565670260181878,lol-fur-los-2026-06-06-game3,synthetic,219.81569875999963,352.20581272000004,132.3901139600004
1,115564797164345556,lol-sr-fly-2026-09-06-game1,archive,-78.65330043999985,8.380359420000048,87.0336598599999
1,117054582581341054,lol-nbs-ckz-2026-08-18-game2,synthetic,0.0,0.0,0.0
1,117030752644841575,lol-kt-bro2-2026-08-26-game4,synthetic,-36.22970000000032,-18.812299999999937,17.417400000000384
1,116855104460702331,lol-t1-gam-2026-07-15,synthetic,0.0,5.533199999999908,5.533199999999908
1,116855104460702329,lol-blg-mkoi-2026-07-15,synthetic,0.0,0.0,0.0
1,115548681803406284,lol-g2-fnc-2026-08-16-game1,synthetic,0.0,-10.444463220000102,-10.444463220000102
1,116837902961537594,lol-bublik-tos-2026-09-07-game3,archive,32.68894451999998,31.727312519999984,-0.9616319999999945
1,116793933806066830,lol-fec-mcn-2026-08-11-game2,synthetic,0.0,0.0,0.0
1,117030752644841646,lol-gen-hle1-2026-09-13-game3,archive,-141.41829793999995,-186.14879783999987,-44.73049989999993
1,116634566264113553,lol-sly-ucam1-2026-06-14-game1,synthetic,0.0,0.0,0.0
1,116634566264113554,lol-sly-ucam1-2026-06-14-game2,synthetic,30.23119964,23.681600000000003,-6.549599639999997
1,116929405140121815,lol-bro2-gen-2026-07-21,synthetic,0.0,0.0,0.0
1,116170292916656920,lol-cnv-ccg-2026-06-05-game1,synthetic,14.817571990000033,14.821971990000065,0.004400000000032378
1,117275453885353215,lol-est-9zg-2026-09-29-game3,archive,0.0,0.0,0.0
1,115548681803406201,lol-vit-kc-2026-07-24-game2,synthetic,1.134857210000007,1.1346642500000144,-0.0001929599999925813
1,115548128963037588,lol-t1-gen-2026-06-14-game1,synthetic,676.8553180799993,671.9168953600001,-4.938422719999153
1,116837891489386997,lol-drm-capy-2026-08-12-game2,synthetic,0.0,0.0,0.0
1,116996464901636919,lol-ot-brt-2026-08-19-game1,synthetic,0.0,0.0,0.0
1,116793933806066826,lol-mcn-myth-2026-08-18-game2,synthetic,-9.899446609999998,-15.678299969999985,-5.778853359999987
1,116996464901637015,lol-exe-esb-2026-09-14-game1,archive,12.68685542999998,26.022963579999985,13.336108150000005
1,115548147900619035,lol-t1-gen-2026-08-16-game2,synthetic,0.0,-92.88920000000013,-92.88920000000013
1,116792888905448319,lol-dog-mvu-2026-08-20-game1,synthetic,0.0,0.0,0.0
1,116855104460702370,lol-blg-dk-2026-07-17-game2,synthetic,0.0,-53.45638520000002,-53.45638520000002
1,115548147900750242,lol-dnf-drx-2026-08-22-game1,synthetic,49.58869999999979,70.67656673999983,21.087866740000038
1,115548147900553446,lol-hle1-gen-2026-08-05-game1,synthetic,89.72480301000019,-49.58801670999992,-139.3128197200001
1,116996464901636907,lol-ckz-brt-2026-09-06-game1,archive,0.0,0.0,0.0
1,116833506932259256,lol-lua-ub-2026-07-21-game1,synthetic,0.0,-11.333028040000045,-11.333028040000045
1,115565671526468625,lol-los-lll-2026-09-27-game2,archive,-4.039676819999983,1.5099680000000006,5.549644819999983
1,115570934355614584,lol-g2-t1-2026-07-08-game3,synthetic,0.0,-123.96399999999994,-123.96399999999994
1,115548681803406319,lol-vit-mkoi-2026-09-12-game4,archive,-570.0547440600001,-216.54203811000025,353.5127059499998
1,117030752644841641,lol-hle1-t1-2026-09-12-game4,archive,755.6747087000001,862.3205086999999,106.64579999999978
1,115564797164345564,lol-ly-sr-2026-08-02-game1,synthetic,-404.47390843999966,-394.75730080000005,9.716607639999609
1,115548681803406172,lol-kc-navi-2026-08-01-game1,synthetic,-6.666600000000017,-40.815200000000004,-34.14859999999999
1,116520885021783367,lol-kits-sdm-2026-08-11-game1,synthetic,0.0,-53.28539999999995,-53.28539999999995
1,116884625292665142,lol-blue-dog-2026-08-07-game2,synthetic,-9.404000000000032,-19.835487199999964,-10.431487199999932
1,116884625134461193,lol-mvu-ccg-2026-08-06-game2,synthetic,0.0,257.63460560999994,257.63460560999994
1,115548147900619030,lol-dk-hle1-2026-08-20-game1,synthetic,-429.21150201999995,-436.64680202,-7.435300000000041
1,116833506932259261,lol-ub-flk-2026-07-22-game2,synthetic,-64.85679999999999,-64.85679999999999,0.0
1,115548147900750230,lol-fox1-ns-2026-08-23-game1,synthetic,-134.6647000000002,-40.33242672000023,94.33227327999998
1,116295727286716930,lol-koia-ucam1-2026-06-04-game1,synthetic,26.149199999999993,-253.51934594999994,-279.66854594999995
1,116884625082949876,lol-nrg-cpd-2026-08-05-game1,synthetic,-112.00873059999998,-115.5161306,-3.5074000000000183
1,115548147900750239,lol-ns-drx-2026-08-20-game2,synthetic,40.92006312000012,148.2943654400002,107.37430232000008
1,116634529527025932,lol-ucam1-hmble-2026-06-10-game1,synthetic,-27.374500000000012,0.0,27.374500000000012
1,117030752644841647,lol-gen-hle1-2026-09-13-game4,archive,121.32659581999974,109.33019999999965,-11.996395820000089
1,115564797164214472,lol-sr-dsg-2026-07-26-game1,synthetic,-59.83750158999996,16.767162799999795,76.60466438999975
1,116884625123188995,lol-nrg-dog-2026-07-31-game1,synthetic,0.0,0.0,0.0
1,116837902961537592,lol-bublik-tos-2026-09-07-game1,archive,9.600000000000009,24.149135040000004,14.549135039999996
1,115548147900684642,lol-bro2-ns-2026-08-05-game1,synthetic,-218.14400719000002,-284.34090906000006,-66.19690187000003
1,116634529527091480,lol-me1-ewi-2026-06-12-game1,synthetic,0.0,0.0,0.0
1,116833506932259282,lol-ucam1-hrts-2026-08-19-game1,synthetic,-11.16233176,-11.16233176,0.0
1,116833506932324843,lol-koia-ucam1-2026-09-02-game4,archive,-0.45500000000000096,-2.115000000000001,-1.6600000000000001
1,116837891489387028,lol-fcn2-zzg-2026-08-20-game1,synthetic,0.0,0.0,0.0
1,115548681803406161,lol-sk-navi-2026-08-08-game2,synthetic,-138.91496784999975,-295.4810505600002,-156.56608271000044
1,115548147900619023,lol-gen-hle1-2026-08-13-game2,synthetic,63.69737789999988,281.7961965699993,218.09881866999945
1,116634529527025937,lol-me1-ucam1-2026-06-11-game2,synthetic,0.0,0.6493285899999961,0.6493285899999961
1,115548681803406224,lol-shft-kc-2026-08-23-game1,synthetic,0.0,0.0,0.0
1,115565671526403077,lol-lll-png1-2026-09-13-game2,archive,-2.64,-244.13317674,-241.49317674000002
1,115565004607949402,lol-sr-sen-2026-09-18-game3,archive,0.0,0.7619995700001709,0.7619995700001709
1,116295727286716936,lol-hrts-ucam1-2026-06-05-game1,synthetic,0.0,0.0,0.0
1,115564797163886769,lol-dig-fly-2026-08-23-game2,synthetic,5.910593680000034,16.40934728000005,10.498753600000015
1,115570934355614582,lol-g2-t1-2026-07-08-game1,synthetic,-122.91809018000015,-334.1096710900001,-211.19158090999997
1,116855104460702317,lol-gen-kc-2026-07-15,synthetic,0.0,0.5,0.5
1,115548681803406253,lol-sk-mkoi-2026-08-22-game2,synthetic,0.0,0.0,0.0
1,116837891489321426,lol-hype-fcn2-2026-07-28,synthetic,0.0,0.0,0.0
1,117030752644841635,lol-t1-dk-2026-09-06-game4,archive,502.99263767000025,405.5872376700002,-97.40540000000004
1,116837902961537570,lol-hype-bublik-2026-08-26-game3,synthetic,0.0,0.0,0.0
1,115565671526402974,lol-los-lll-2026-08-23-game1,synthetic,-1.799999999999999,0.0,1.799999999999999
1,116793933806066866,lol-dyn1-sec-2026-08-11-game2,synthetic,0.0,0.0,0.0
1,115570934355614601,lol-hle1-ly-2026-07-11-game2,synthetic,-1705.9509000000003,408.56939999999986,2114.5203
1,115565671526402978,lol-los-png1-2026-08-10-game1,synthetic,4.667199660000001,5.055999660000001,0.3887999999999998
1,115548681803406306,lol-g2-kc-2026-09-06-game3,archive,31.38145352999996,300.2753199700005,268.8938664400006
1,116996464901636936,lol-exe-ckz-2026-09-01-game2,archive,1.3000000000000025,0.0,-1.3000000000000025
1,116792888905448366,lol-mvu-cont-2026-09-03-game4,archive,-24.578118959999983,-28.257602960000042,-3.679484000000059
1,117171782819927890,lol-khk-tos-2026-09-29,archive,0.0,0.0,0.0
1,115548681803406129,lol-th-sk-2026-08-21-game2,synthetic,-37.32299999999998,-63.63716711000001,-26.314167110000028
1,116793933806066943,lol-sec-myth-2026-09-03-game1,archive,0.0,-6.5,-6.5
1,115565671526468624,lol-los-lll-2026-09-27-game1,archive,84.69030062999991,294.9562163800001,210.2659157500002
1,117171782819731154,lol-bar-bublik-2026-09-21-game1,archive,0.0,0.0,0.0
1,117275453885353214,lol-est-9zg-2026-09-29-game2,archive,0.0,26.569100000000006,26.569100000000006
1,116634566270405045,lol-kcb-pcific-2026-06-11-game2,synthetic,0.0,0.0,0.0
1,117030752644841572,lol-kt-bro2-2026-08-26-game1,synthetic,-21.27671139000006,-131.90619214000026,-110.6294807500002
1,115548147900750246,lol-dnf-ns-2026-08-12-game1,synthetic,213.9257945600002,57.20114955000031,-156.7246450099999
1,116634566270405065,lol-g2nord-gal-2026-06-11-game2,synthetic,0.0,107.46719959999996,107.46719959999996
1,115548681803406221,lol-fnc-shft-2026-08-22-game2,synthetic,-16.266139840000008,-64.61654056000003,-48.350400720000025
1,116792888905448365,lol-mvu-cont-2026-09-03-game3,archive,92.74509978000003,99.50249978000011,6.757400000000075
1,116833506932324846,lol-hrts-koia-2026-09-06-game1,synthetic,9.117925790000001,-4.8148742100000135,-13.932800000000015
1,116837902961537577,lol-tos-fcn2-2026-08-27-game4,synthetic,0.0,0.0,0.0
1,117171782819796762,lol-bw-esb-2026-09-27,archive,0.0,0.0,0.0
1,117212895183030053,lol-tsc-tf3-2026-09-07-game1,synthetic,0.0,0.0,0.0
1,115548147900553479,lol-dk-kt-2026-08-09-game2,synthetic,268.77506620000054,437.58017493000034,168.8051087299998
1,116792888905448341,lol-cnv-dog-2026-08-26-game3,synthetic,0.0,30.230455700000057,30.230455700000057
1,116249441374627755,lol-fec-mcn-2026-06-06-game3,synthetic,0.0,0.0,0.0
1,116833506932128093,lol-bar-hrts-2026-07-16-game2,synthetic,-16.6581020000001,-22.15417750000006,-5.496075499999961
1,116884625160413458,lol-mvu-wu-2026-08-13-game1,synthetic,373.5605989600001,348.7956989600002,-24.764899999999898
1,115570934355614553,lol-blg-ly-2026-07-05-game2,synthetic,0.0,0.0,0.0
1,117171782819927873,lol-tlnpir-anb-2026-09-29-game2,archive,-1049.2783086600002,-864.6764273700003,184.60188128999994
1,116634566264113530,lol-ucam1-kcb-2026-06-13-game2,synthetic,29.979663550000044,17.062191599999966,-12.917471950000078
1,115570934355614603,lol-hle1-ly-2026-07-11-game4,synthetic,0.0,-11.968758890000231,-11.968758890000231
1,116170292916656921,lol-cnv-ccg-2026-06-05-game2,synthetic,308.0168602100001,178.38269421000052,-129.6341659999996
1,116929376557102166,lol-dnf-bro2-2026-07-28-game2,synthetic,-162.66987931000017,-143.2514800900002,19.41839921999997
1,116793933806066861,lol-znt-dyn1-2026-07-28-game1,synthetic,0.09721829999999931,0.13361641999991036,0.03639811999991105
1,115570934355614548,lol-g2-tes-2026-07-04-game3,synthetic,-511.37257046,-259.4733313699999,251.8992390900001
1,116884625123188996,lol-nrg-dog-2026-07-31-game2,synthetic,0.0,0.0,0.0
1,116837891489386973,lol-domi-hype-2026-08-05-game2,synthetic,111.94,111.94,0.0
1,116833506932128121,lol-bar-gxp-2026-07-28-game2,synthetic,0.0,0.0,0.0
1,115548147900553478,lol-dk-kt-2026-08-09-game1,synthetic,-200.93191544000092,-200.93191544000092,0.0
1,115548681803406310,lol-gx-navi-2026-09-11-game1,archive,-237.5056070600001,-237.5470341600001,-0.041427099999992834
1,115570934355614608,lol-blg-hle1-2026-07-12-game3,synthetic,712.7109069500001,218.07329941999967,-494.6376075300004
1,115564797163886776,lol-sr-dig-2026-08-15-game1,synthetic,-127.38981180000007,-138.79830826000008,-11.40849646000001
1,116793933806066909,lol-fec-znt-2026-08-20-game1,synthetic,0.0,0.0,0.0
1,116833506932324834,lol-ucam1-bar-2026-09-01-game1,synthetic,0.0,-0.04999999999999982,-0.04999999999999982
1,115565004607949401,lol-sr-sen-2026-09-18-game2,archive,72.13040286000006,99.28835498000007,27.157952120000004
1,116833506932193692,lol-gxp-lua-2026-08-05-game1,synthetic,-104.45555184000006,-86.17780094000028,18.277750899999774
1,115548147900553458,lol-gen-t1-2026-07-31-game1,synthetic,0.0,0.0,0.0
1,116837891489386980,lol-capy-wge-2026-08-04,synthetic,0.0,0.0,0.0
1,117030752644841578,lol-ns-fox1-2026-08-27-game1,synthetic,300.9011131799998,301.56111317999944,0.6599999999996271
1,116634529527025933,lol-ucam1-hmble-2026-06-10-game2,synthetic,19.000000000000007,4.370770170000014,-14.629229829999993
1,116855104460702349,lol-milo-ly-2026-07-15-game1,synthetic,58.06533360999998,0.0,-58.06533360999998
1,115565671526403072,lol-los-fur-2026-09-13-game3,archive,-99.76425870999995,-293.78916860999993,-194.02490989999998
1,116855104460702335,lol-mkoi-gam-2026-07-15-game1,synthetic,-55.541274999999814,-195.58999289999974,-140.04871789999993
1,115570934355614512,lol-t1-kc-2026-06-28-game3,synthetic,28.89449935999999,1.6858993600000005,-27.20859999999999
1,116833506932324840,lol-koia-ucam1-2026-09-02-game1,archive,17.750766400000046,42.80750000000002,25.056733599999973
1,116837902961537574,lol-tos-fcn2-2026-08-27-game1,synthetic,0.0,0.0,0.0
1,115564797164280009,lol-sr-dsg-2026-07-26-game2,synthetic,-12.84099999999998,3.6188994399999928,16.459899439999973
1,115548681803406285,lol-g2-fnc-2026-08-16-game2,synthetic,-35.8821104499998,-37.498470849999805,-1.616360400000005
1,115565004607949400,lol-sr-sen-2026-09-18-game1,archive,445.0780004100001,523.4486004100002,78.37060000000008
1,115564797163821196,lol-sen-sr-2026-08-08-game1,synthetic,211.13751514000012,56.56287132000023,-154.5746438199999
1,115548681803406149,lol-vit-navi-2026-08-21-game2,synthetic,298.2959892500004,1050.0255477499998,751.7295584999994
1,116833506932324819,lol-ucam1-hrts-2026-08-19-game2,synthetic,-1.4400000000000013,-121.64470000000009,-120.20470000000009
1,116884625146454285,lol-mvu-cpd-2026-07-31-game1,synthetic,288.3580610000001,290.91806100000014,2.560000000000059
1,116996464901637009,lol-mea-brt-2026-09-10-game1,archive,0.0,0.0,0.0
1,116923257568665138,lol-mgz-rp-2026-08-19-game2,synthetic,0.0,0.0,0.0
1,115548147900750243,lol-dnf-drx-2026-08-22-game2,synthetic,14.854038410000044,24.11383840999997,9.259799999999927
1,116855104460702350,lol-milo-ly-2026-07-15-game2,synthetic,-18.684600000000046,-91.98619999999983,-73.30159999999978
1,116793933806066937,lol-fec-mcn-2026-09-08-game1,archive,0.7999999999999998,0.8799999999999999,0.08000000000000007
1,115548147900684654,lol-ns-fox1-2026-08-01-game1,synthetic,-541.1752474999998,-169.4053341799999,371.76991331999994
1,117054582581341049,lol-nbs-brt-2026-09-03-game1,archive,0.0,0.0,0.0
1,115548147900684683,lol-ns-bro2-2026-08-14-game2,synthetic,-0.7815036500000048,174.06222521999962,174.8437288699996
1,116793933806066829,lol-fec-mcn-2026-08-11-game1,synthetic,0.0,0.0,0.0
1,116884625082949877,lol-nrg-cpd-2026-08-05-game2,synthetic,0.0,0.0,0.0
1,115548681803406289,lol-g2-kc-2026-07-26-game2,synthetic,145.40779942000006,-86.10172896000006,-231.50952838000012
1,116833506932259278,lol-koia-bar-2026-08-18-game3,synthetic,0.0,0.0,0.0
1,115570934355614588,lol-ly-tsw-2026-07-08-game1,synthetic,337.68991522,65.16465209000023,-272.52526312999976
1,115548147900750234,lol-fox1-dnf-2026-08-15-game1,synthetic,0.0,0.0,0.0
1,117212895183030067,lol-tsc-mgz-2026-09-10-game3,archive,-97.27776098999999,-83.41776098999999,13.86
1,115570934355614609,lol-blg-hle1-2026-07-12-game4,synthetic,234.31311487999983,199.24515828000025,-35.067956599999576
1,115570934355614577,lol-blg-hle1-2026-07-09-game2,synthetic,44.12207563999999,294.3490174000004,250.2269417600004
1,115548128963037570,lol-kt-dk-2026-06-07-game1,synthetic,394.04397311999986,157.2841721600003,-236.75980095999955
1,116996464901636997,lol-ckz-mea-2026-09-09-game1,archive,0.0,0.0,0.0
1,116837902961537598,lol-wd-domi-2026-09-08-game1,archive,1.1999999999999993,1.1999999999999993,0.0
1,115548681803406141,lol-kc-th-2026-08-03-game2,synthetic,0.0,0.0,0.0
1,116520885021717718,lol-3v-fue-2026-07-18-game2,synthetic,29.81999999999971,40.56429999999966,10.744299999999953
1,115565671526403051,lol-lev-vks-2026-08-22-game2,synthetic,0.0,0.0,0.0
1,115548681803406281,lol-fnc-kc-2026-08-09-game2,synthetic,0.0,0.0,0.0
1,116520885021783368,lol-kits-sdm-2026-08-11-game2,synthetic,-224.87462739999998,-14.619200000000035,210.25542739999995
1,117173205363099699,lol-bublik-tf3-2026-09-22-game2,synthetic,308.8392000000001,284.10500000000013,-24.734199999999987
1,115548681803406268,lol-fnc-mkoi-2026-08-02-game1,synthetic,61.14549595999989,85.99849595999979,24.852999999999895
1,116793933806066822,lol-mcn-ouat-2026-07-21-game2,synthetic,0.0,0.0,0.0
1,116929376557102161,lol-gen-hle1-2026-08-03-game1,synthetic,511.4751322999997,692.91693196,181.44179966000036
1,116833506932324831,lol-bar-ucam1-2026-08-20-game2,synthetic,-117.95314042000018,-95.30380091000012,22.64933951000006
1,115565671526403073,lol-los-fur-2026-09-13-game4,archive,62.69999999999999,36.19566309999999,-26.5043369
1,116833506932193693,lol-gxp-lua-2026-08-05-game2,synthetic,142.67352404000002,143.17727003,0.5037459899999703
1,116833506932193681,lol-gxp-koia-2026-07-21-game2,synthetic,0.0,0.0,0.0
1,116833506932259273,lol-lua-flk-2026-07-14-game2,synthetic,-140.22341746999996,-164.33727336999993,-24.113855899999976
1,115564797163821205,lol-c9-dig-2026-08-01-game2,synthetic,5.655799380000008,10.483199379999988,4.8273999999999795
1,115570934355614579,lol-blg-hle1-2026-07-09-game4,synthetic,-95.13411850999994,-95.13411850999994,0.0
1,117054582581341050,lol-nbs-brt-2026-09-03-game2,archive,0.0,0.0,0.0
1,115548147900553470,lol-kt-gen-2026-08-07-game1,synthetic,714.8776398200007,854.5167411,139.6391012799993
1,115548128963037573,lol-kt-dk-2026-06-07-game4,synthetic,321.72743965000006,56.38761039000008,-265.33982926
1,116520885021783270,lol-sdm-z5-2026-07-18-game2,synthetic,0.0,0.0,0.0
1,116833506932128105,lol-hrts-ub-2026-08-06-game2,synthetic,0.0,0.0,0.0
1,116520885021783350,lol-fue-kits-2026-07-27-game2,synthetic,0.0,0.0,0.0
1,116634566270405089,lol-sly-es1-2026-06-11-game2,synthetic,6.999300000000005,6.999300000000005,0.0
1,115548681803406292,lol-kc-gx-2026-09-05-game1,archive,278.3955714999995,-213.22950792000074,-491.62507942000025
1,116634529527025916,lol-ewi-goal-2026-06-09-game1,synthetic,97.62214299999994,184.82478959999992,87.20264659999998
1,115548681803406148,lol-vit-navi-2026-08-21-game1,synthetic,0.0,70.74409939999988,70.74409939999988
1,115548681803406200,lol-vit-kc-2026-07-24-game1,synthetic,370.5067992099998,387.52324129,17.01644208000016
1,115565671526402970,lol-vks-fur-2026-08-01-game1,synthetic,-73.2584,-65.82039999999999,7.438000000000002
1,115548147900553454,lol-hle1-dk-2026-07-30-game1,synthetic,-141.95608459999994,-141.33111230999975,0.6249722900001871
1,116170292916656917,lol-wu-ccg-2026-06-04-game4,synthetic,-155.6518840399997,-155.6518840399997,0.0
1,116295727286716933,lol-koia-ucam1-2026-06-04-game4,synthetic,-3.2142544199999996,-2.0086544200000027,1.205599999999997
1,115564797164345552,lol-fly-ly-2026-07-25-game1,synthetic,339.7312999999999,1410.7289999999998,1070.9977
1,116520885021783369,lol-kits-sdm-2026-08-11-game3,synthetic,514.01786112,504.7963780800002,-9.221483039999839
1,115570934355614549,lol-g2-tes-2026-07-04-game4,synthetic,5.750896840000337,76.21669684000011,70.46579999999977
1,115548681803406244,lol-gx-kc-2026-08-17-game1,synthetic,80.1945,80.1945,0.0
1,116884624995197142,lol-cnv-ccg-2026-08-12-game1,synthetic,0.0,0.0,0.0
1,115565671526403007,lol-lll-lev-2026-08-16-game2,synthetic,0.0,0.0,0.0
1,116295727286716939,lol-hrts-ucam1-2026-06-05-game4,synthetic,336.50731684000004,336.5177328399999,0.0104159999998501
1,116634566270405092,lol-bombat-anb-2026-06-11-game1,synthetic,10.670732349999994,12.146432349999998,1.4757000000000033
1,116833506932193677,lol-flk-bar-2026-08-06-game2,synthetic,0.0,0.0,0.0
1,115548147900684666,lol-drx-dnf-2026-08-06-game1,synthetic,-25.26550639999965,-89.69844177000004,-64.4329353700004
1,115565671526403023,lol-lev-png1-2026-08-01-game2,synthetic,0.0,0.0,0.0
1,115565671526402963,lol-fur-lev-2026-08-30-game2,synthetic,0.0,0.0,0.0
1,116793933806066873,lol-fec-ouat-2026-07-30-game1,synthetic,0.0,0.0,0.0
1,116520885021783382,lol-kits-3v-2026-08-18-game4,synthetic,0.0,-148.18492276999996,-148.18492276999996
1,116923257568665146,lol-tsc-defini-2026-08-20-game2,synthetic,0.0,0.0,0.0
1,117171782819731174,lol-sc-cg-2026-09-26,archive,0.0,0.0,0.0
1,116793933806066841,lol-mcn-sec-2026-07-30-game1,synthetic,-568.3064,-567.7364,0.57000000000005
1,115565671526402962,lol-fur-lev-2026-08-30-game1,synthetic,0.0,0.0,0.0
1,116520885021783345,lol-pls1-kits-2026-07-18-game1,synthetic,15.189999999999998,24.53,9.340000000000003
1,116833506932193680,lol-gxp-koia-2026-07-21-game1,synthetic,15.898700000000064,17.397500000000065,1.498800000000001
1,116929376557102193,lol-gen-dnf-2026-08-10-game1,synthetic,14.374369439999981,-2.818100000000044,-17.192469440000025
1,116996464901571347,lol-ckz-bg2-2026-08-20-game1,synthetic,0.0,0.0,0.0
1,116520885021717726,lol-pls1-fue-2026-07-19-game2,synthetic,0.0,0.0,0.0
1,116634529527025862,lol-kcb-ckz-2026-06-08,synthetic,231.73829999999998,0.0,-231.73829999999998
1,116833506932193672,lol-lua-bar-2026-07-30-game1,synthetic,0.0,0.0,0.0
1,116833506932259253,lol-ub-ucam1-2026-07-28-game2,synthetic,0.0,0.0,0.0
1,116996464901571352,lol-esb-bg2-2026-09-05-game2,archive,0.0,0.0,0.0
1,115570934355614505,lol-kc-dcg-2026-06-27-game2,synthetic,11.392199999999946,11.392199999999946,0.0
1,116634566264113535,lol-sly-g2nord-2026-06-13-game1,synthetic,0.0,0.0,0.0
1,116855104460702307,lol-fur-dk-2026-07-15-game1,synthetic,0.0,59.937016949999986,59.937016949999986
1,117212895183030072,lol-tf3-llh-2026-09-09-game2,synthetic,0.0,0.0,0.0
1,116634566270405060,lol-gal-wlg-2026-06-10-game1,synthetic,0.0,0.0,0.0
1,116634529527025878,lol-kcb-vdn-2026-06-08,synthetic,0.0,0.0,0.0
1,115548147900619047,lol-gen-kt-2026-08-19-game2,synthetic,0.0,0.0,0.0
1,117054582581341066,lol-nbs-ot-2026-08-11-game2,synthetic,0.0,0.0,0.0
1,116634529527025904,lol-tos-mcn-2026-06-08,synthetic,0.0,0.0,0.0
1,116793933806066949,lol-ban2-znt-2026-09-03,archive,31.537414,31.537414,0.0
1,116833506932193712,lol-koia-flk-2026-07-29-game1,synthetic,0.0,0.0,0.0
1,115565004607949404,lol-sr-sen-2026-09-18,archive,-23.717899999999872,2.659999999999968,26.37789999999984
1,115548681803406307,lol-g2-kc-2026-09-06-game4,archive,0.0,52.23111344999995,52.23111344999995
1,117173205363099688,lol-ckz-tos-2026-09-23,archive,-49.119848490000095,-1.6017000000000001,47.518148490000094
1,117173205363099687,lol-ckz-tos-2026-09-23-game2,archive,0.0,1.9599999999999866,1.9599999999999866
1,116996464901702567,lol-ckz-esb-2026-09-19,synthetic,-10.42838522,6.648600360000006,17.076985580000006
1,117171782819731148,lol-su-ucam1-2026-09-22-game1,synthetic,406.53712166000014,30.779721659999936,-375.7574000000002
1,116295727286716934,lol-koia-ucam1-2026-06-04,synthetic,173.90713867999997,3.2424088400001665,-170.6647298399998
1,115570934355614604,lol-hle1-ly-2026-07-11,synthetic,1028.5918,1016.3881438400003,-12.203656159999582
1,116929376557102159,lol-ns-t1-2026-08-03,synthetic,0.0,1.2562000000000069,1.2562000000000069
1,117171782819927906,lol-fsk-tsc-2026-09-29,archive,0.0,0.0,0.0
1,115548681803406320,lol-vit-mkoi-2026-09-12,archive,-168.4626597299997,-137.81897532999938,30.643684400000325
1,115565671526403079,lol-lll-png1-2026-09-13-game4,archive,20.186399999999992,26.580299999999994,6.393900000000002
1,117030752644841612,lol-hle1-t1-2026-09-02,archive,386.42931454999973,-121.93784213000004,-508.36715667999977
1,117171782819731156,lol-bar-bublik-2026-09-21,archive,0.0,0.0,0.0
1,117171782819731144,lol-ucam1-mcn-2026-09-21-game1,archive,0.0,0.0,0.0
1,117171782819665581,lol-piv-lds-2026-09-21-game2,archive,0.0,0.0,0.0
1,115565671526468628,lol-los-lll-2026-09-27,archive,99.68260000000004,-71.02109006999996,-170.70369007
1,117173205363099676,lol-ap-piv-2026-09-22,archive,0.0,-255.1079091599999,-255.1079091599999
1,116634566270405097,lol-es1-anb-2026-06-12-game2,synthetic,0.9071999999999996,1.0368000000000013,0.1296000000000017
1,116929405267392748,lol-drx-kt-2026-07-20,synthetic,1.240628020000031,-58.118416570000136,-59.35904459000017
1,115548147900553444,lol-t1-hle1-2026-08-08,synthetic,-956.3638619500005,-405.10486195000004,551.2590000000005
1,116855104460702303,lol-agal-dk-2026-07-15,synthetic,-0.6871020200000002,68.28009894000006,68.96720096000006
1,115548681803406290,lol-g2-kc-2026-07-26,synthetic,-50.85140280999994,-73.16089999999991,-22.309497189999973
1,116837891489386994,lol-tung-pane-2026-08-06,synthetic,0.0,0.0,0.0
1,116929405348526328,lol-hle1-ns-2026-07-21,synthetic,48.643662390000145,-90.74030000000005,-139.3839623900002
1,115548681803406186,lol-gx-vit-2026-08-14,synthetic,-8.875190210000483,37.71816573000007,46.59335594000055
1,116929405001709759,lol-dnf-kt-2026-07-20,synthetic,77.4198722000001,107.43824425999986,30.018372059999763
1,115548147900553448,lol-hle1-gen-2026-08-05,synthetic,244.88841324000032,204.75719776000005,-40.131215480000265
1,115548681803406249,lol-gx-g2-2026-08-24-game2,synthetic,-37.13739999999996,-71.77144549000013,-34.634045490000176
1,116929405026285765,lol-fox1-dk-2026-07-21,synthetic,0.0,-301.07971153999955,-301.07971153999955
1,116634566270405066,lol-g2nord-gal-2026-06-11,synthetic,64.68139999999994,64.90689999999995,0.22550000000001091
1,116929376557102183,lol-bro2-drx-2026-08-04,synthetic,0.0,-101.80760000000012,-101.80760000000012
1,115548668059589390,lol-mkoi-kc-2026-06-06-game2,synthetic,127.1210150700006,50.25476759000043,-76.86624748000017
1,116837902961537605,lol-tos-wd-2026-09-13-game2,archive,0.0,0.0,0.0
1,116837891489387004,lol-tos-nort-2026-08-13-game1,synthetic,0.0,0.0,0.0
1,116792888905448372,lol-mvu-nrg-2026-09-09-game4,archive,1.1999999999999984,-58.3489,-59.548899999999996
1,116855104460702378,lol-gen-dk-2026-07-18-game2,synthetic,226.60339999999962,243.07689999999957,16.473499999999945
1,116996464901636981,lol-mea-ot-2026-09-02,archive,0.0,0.0,0.0
1,116792888905448367,lol-mvu-cont-2026-09-03,archive,-541.8855997799999,-140.0800499999998,401.8055497800001
1,117030752644841644,lol-gen-hle1-2026-09-13-game1,archive,19.64199521999973,0.015300840000008975,-19.62669437999972
1,116833506932128102,lol-hrts-koia-2026-08-13,synthetic,-8.636800840000035,-16.227600440000003,-7.5907995999999684
1,117171782819731202,lol-g2nord-nbs-2026-09-27,archive,-26.09961101000001,-128.55863975,-102.45902873999998
1,117171782819665584,lol-sc-lds-2026-09-22-game1,archive,4.5,-9.0,-13.5
1,116929405286725871,lol-t1-drx-2026-07-21,synthetic,-309.3574703700002,-318.9373830600003,-9.579912690000072
1,116634529526960310,lol-kcb-ps1-2026-06-08,synthetic,-15.639000859999996,-29.732710559999987,-14.093709699999991
1,116855104460702388,lol-t1-gen-2026-07-19-game2,synthetic,-64.9645470599997,-46.39393078999943,18.570616270000272
1,115548681803406150,lol-vit-navi-2026-08-21,synthetic,-173.04350726,-179.54350726,-6.5
1,115548147900750248,lol-dnf-ns-2026-08-12,synthetic,-88.88110591999975,-83.42951791999995,5.451587999999802
1,115564797163886746,lol-c9-dsg-2026-08-08,synthetic,0.6999999999999993,0.9500000000000002,0.2500000000000009
1,117171782819731214,lol-anb-use1-2026-09-27,archive,-22.988728820000002,-22.39902882,0.5897000000000006
1,115564793879469302,lol-c9-ly-2026-06-07-game2,synthetic,-100.34441951999992,-27.356136239999987,72.98828327999993
1,115548681803406168,lol-navi-fnc-2026-08-24-game1,synthetic,-122.5852946199999,-100.82569462000016,21.759599999999736
1,117171782819927908,lol-esb-wd-2026-09-29-game1,archive,677.5076999999997,626.8260087799998,-50.681691219999834
1,115548668059589389,lol-mkoi-kc-2026-06-06-game1,synthetic,0.0,0.15720000000000045,0.15720000000000045
1,116792888905448377,lol-wu-mvu-2026-09-10-game3,archive,-106.04790134000008,0.08000000000000007,106.12790134000008
1,115565670260181877,lol-fur-los-2026-06-06-game2,synthetic,-32.185542139999995,-12.448851540000007,19.73669059999999
1,116793933806066846,lol-ouat-dyn1-2026-08-18-game2,synthetic,207.4684000000001,207.4684000000001,0.0
1,116793933806066957,lol-mcn-sec-2026-09-15-game1,archive,126.0092021099998,446.5521796199996,320.5429775099998
1,116793933806066931,lol-fec-sec-2026-09-01,archive,0.0,0.0,0.0
1,116634566264113555,lol-sly-ucam1-2026-06-14-game3,synthetic,0.0,0.0,0.0
1,116793933806066935,lol-ban2-mcn-2026-09-01,archive,69.02842704999999,14.55962705000001,-54.46879999999998
1,115565004607949419,lol-ly-sr-2026-09-26-game2,archive,52.25346217999993,258.3645621800001,206.1111000000002
1,116929404990699708,lol-hle1-dnf-2026-07-21,synthetic,263.4897553399999,335.65043235999997,72.1606770200001
1,115565004607949389,lol-ly-c9-2026-09-19-game2,archive,-468.9932826000006,-507.4081818999997,-38.41489929999909
1,117030752644841645,lol-gen-hle1-2026-09-13-game2,archive,-13.74948871000015,83.41670372999948,97.16619243999963
1,117171782819731216,lol-cg-rs-2026-09-27,archive,0.0,0.599041279999998,0.599041279999998
1,115565004607949384,lol-sen-fly-2026-09-13-game3,archive,-3.6375000000000384,-30.281008799999995,-26.643508799999957
1,117171782819665577,lol-sc-ap-2026-09-21-game2,archive,0.0,0.0,0.0
1,115548147900619043,lol-t1-dk-2026-08-14-game2,synthetic,-123.07680000000005,-177.77679071999987,-54.69999071999982
1,115548147900619028,lol-hle1-kt-2026-08-15,synthetic,317.67650000000026,388.70900000000006,71.0324999999998
1,115570934355614566,lol-t1-fur-2026-07-06-game3,synthetic,0.0,0.0,0.0
1,116884625182630167,lol-mvu-cont-2026-08-07-game1,synthetic,-92.1583,-92.1583,0.0
1,116793933806066963,lol-fec-sec-2026-09-17-game1,archive,0.0,0.0,0.0
1,115564797163886778,lol-sr-dig-2026-08-15,synthetic,0.0,0.0,0.0
1,116793933806066883,lol-ouat-znt-2026-08-04,synthetic,-53.13000000000001,12.393799999999999,65.52380000000001
1,116792888905448381,lol-cpd-mvu-2026-09-11-game1,archive,104.2926,104.92160000000004,0.6290000000000475
1,115548681803406305,lol-g2-kc-2026-09-06-game2,archive,-265.95464100000015,38.40123029999984,304.3558713
1,115564797163821189,lol-sen-fly-2026-08-22-game2,synthetic,0.0,-48.38626079999996,-48.38626079999996
1,116634566270405041,lol-hrts-fsk-2026-06-11-game2,synthetic,-2.698799999999892,-2.098799999999869,0.6000000000000227
1,116884625292665141,lol-blue-dog-2026-08-07-game1,synthetic,0.0,-116.64296405000006,-116.64296405000006
1,116929376557102167,lol-dnf-bro2-2026-07-28,synthetic,58.70259999999996,25.331904949999966,-33.370695049999995
1,115570934355614511,lol-t1-kc-2026-06-28-game2,synthetic,8.823399999999936,0.0,-8.823399999999936
1,115548128963037578,lol-hle1-t1-2026-06-12-game3,synthetic,276.89012175000005,289.65719292000006,12.767071170000008
1,115564797163821177,lol-sen-c9-2026-09-05-game2,archive,-6.081045610000146,30.418799999999976,36.49984561000012
1,115548128963037576,lol-hle1-t1-2026-06-12-game1,synthetic,0.0,-82.41854964000004,-82.41854964000004
1,117171782819731218,lol-tp2-bar-2026-09-27,archive,-30.543450659999955,-10.884999999999977,19.65845065999998
1,116855104460702347,lol-hle1-jdg-2026-07-16,synthetic,4.195400000000019,24.79389567999993,20.598495679999914
1,115565671526403000,lol-lll-png1-2026-07-25,synthetic,337.8072999999998,23.86430000000007,-313.94299999999976
1,116634566264113542,lol-hrts-es1-2026-06-13-game2,synthetic,0.0,-8.700000000000003,-8.700000000000003
1,115548128963037566,lol-dk-bro2-2026-06-06-game3,synthetic,0.6099999999999994,74.08753684999994,73.47753684999994
1,115548681803406165,lol-mkoi-navi-2026-08-16-game2,synthetic,-252.00532684999985,123.10528992000013,375.11061677
1,115548681803406318,lol-vit-mkoi-2026-09-12-game3,archive,-208.8733753599996,-235.25059939999994,-26.37722404000033
1,115548681803406176,lol-navi-g2-2026-08-10-game1,synthetic,-70.65653411000017,-102.50630420000005,-31.84977008999988
1,116837891489387025,lol-nort-tung-2026-08-20-game2,synthetic,-9.719999999999999,-9.719999999999999,0.0
1,116855104460702358,lol-hle1-t1-2026-07-17-game2,synthetic,4.496999999999986,-78.71420000000012,-83.2112000000001
1,116884625072070895,lol-nrg-ccg-2026-07-22-game1,synthetic,-39.584057650000005,-2.792031889999997,36.79202576000001
1,116884625236435238,lol-blue-cpd-2026-07-23-game1,synthetic,0.759999999999998,0.759999999999998,0.0
1,115548147900684678,lol-drx-bro2-2026-08-16-game1,synthetic,-94.1846008500001,-74.42461605000045,19.759984799999643
1,116996464901636959,lol-mea-esb-2026-09-06-game1,archive,0.0,0.0,0.0
1,116170292916656922,lol-cnv-ccg-2026-06-05-game3,synthetic,45.17544406999991,68.57218818999982,23.39674411999991
1,117030752644841615,lol-fox1-dk-2026-09-03-game2,archive,0.0,0.0,0.0
1,116793933806066843,lol-mcn-sec-2026-07-30,synthetic,101.82338900000002,101.82338900000002,0.0
1,117171782819796760,lol-fsk-tos-2026-09-27,archive,-172.96442990000014,0.0,172.96442990000014
1,116833506932193658,lol-bar-gxp-2026-07-28,synthetic,-808.92984316,-416.14239786000024,392.7874452999998
1,116855104460702301,lol-g2-fur-2026-07-15,synthetic,0.0,0.0,0.0
1,116793933806066958,lol-mcn-sec-2026-09-15-game2,archive,0.0,-14.607570410000008,-14.607570410000008
1,115564797163821198,lol-sen-sr-2026-08-08,synthetic,66.0154,-14.871900719999985,-80.88730071999998
1,117171782819796774,lol-kcb-nbs-2026-09-28,archive,51.73235093000005,164.07338285000003,112.34103191999998
1,117173205363099691,lol-vdn-mcn-2026-09-22-game2,archive,0.0,0.0,0.0
1,115565671526403014,lol-lll-vks-2026-08-09-game1,synthetic,0.0,0.7508992999999986,0.7508992999999986
1,117171782819731168,lol-big1-fec-2026-09-26,synthetic,0.0,0.0,0.0
1,116929376557102206,lol-t1-dnf-2026-08-17-game4,synthetic,-175.2270003199998,-359.57845697000005,-184.35145665000024
1,117171782819731172,lol-vlr-lds-2026-09-26,archive,-26.056130060000044,-10.588560660000148,15.467569399999896
1,116295727286716931,lol-koia-ucam1-2026-06-04-game2,synthetic,0.0,0.0,0.0
1,116634566270405037,lol-pcific-fsk-2026-06-10-game2,synthetic,-41.466300540000134,-114.45680054000007,-72.99049999999994
1,116634529527025913,lol-kcb-vdn-2026-06-09-game2,synthetic,0.0,0.0,0.0
1,115565671526402975,lol-los-lll-2026-08-23-game2,synthetic,0.0,0.0,0.0
1,116996464901637017,lol-exe-esb-2026-09-14-game3,archive,-5.239999999999995,-5.799999999999997,-0.5600000000000023
1,116837891489321422,lol-nort-gde-2026-07-28,synthetic,3.1999999999999993,0.0,-3.1999999999999993
1,116996464901636908,lol-ckz-brt-2026-09-06-game2,archive,0.0,0.0,0.0
1,115548147900684635,lol-fox1-bro2-2026-08-07-game2,synthetic,0.0,9.88248102,9.88248102
1,117171782819665580,lol-piv-lds-2026-09-21-game1,archive,23.13421001999999,11.820699999999988,-11.313510020000002
1,115548681803406311,lol-gx-navi-2026-09-11-game2,archive,-216.82012067999995,-250.42064711999976,-33.60052643999981
1,117171782819731135,lol-use1-ckz-2026-09-22-game2,archive,0.0,0.0,0.0
1,115548681803406257,lol-sk-fnc-2026-08-15-game2,synthetic,2.6730986400000063,-4.902501359999974,-7.57559999999998
1,115564797163886748,lol-fly-c9-2026-08-16-game1,synthetic,-114.80099999999996,-71.19630000000006,43.604699999999895
1,116929405047650504,lol-bro2-dk-2026-07-27,synthetic,354.77702665,374.02970000000005,19.252673350000066
1,117030752644841628,lol-kt-dk-2026-09-04-game3,archive,-234.15680232000017,-277.4267000000002,-43.26989768000004
1,115565004607949418,lol-ly-sr-2026-09-26-game1,archive,-20.951974980000045,-17.79691874000004,3.155056240000004
1,115565671526402959,lol-fxw7-fur-2026-08-09-game2,synthetic,-432.0978,-357.0756,75.0222
1,116929376557102197,lol-hle1-dnf-2026-08-11-game1,synthetic,6.01424105000001,0.0,-6.01424105000001
1,116634529527025924,lol-fec-bombat-2026-06-09-game1,synthetic,-94.19299487000002,-94.18079976000003,0.012195109999993292
1,116929376557102174,lol-t1-hle1-2026-08-04-game2,synthetic,-12.167499999999976,-76.38290000000016,-64.21540000000019
1,115548128963037565,lol-dk-bro2-2026-06-06-game2,synthetic,185.81052899999986,185.81052899999986,0.0
1,116884625072070896,lol-nrg-ccg-2026-07-22-game2,synthetic,558.7772083000004,795.2437981400005,236.4665898400001
1,116634529527025925,lol-fec-bombat-2026-06-09-game2,synthetic,419.29662067000004,129.25564599999996,-290.0409746700001
1,115548681803406137,lol-th-fnc-2026-08-07-game2,synthetic,-175.33182498999997,-161.8345999999999,13.497224990000063
1,116837891489386976,lol-nort-wd-2026-08-05-game1,synthetic,8.495714960000015,18.70711496,10.211399999999983
1,115548681803406181,lol-shft-vit-2026-08-30-game2,synthetic,0.0,212.24016887999983,212.24016887999983
1,116855104460702382,lol-kc-dk-2026-07-19-game2,synthetic,171.70803337000007,-181.9249167399994,-353.63295010999946
1,115565004607949377,lol-c9-sr-2026-09-12-game2,archive,-19.008508149999997,-19.008508149999997,0.0
1,116793933806066877,lol-ban2-ouat-2026-08-13-game1,synthetic,0.0,0.0,0.0
1,116855104460702365,lol-gen-jdg-2026-07-17-game1,synthetic,0.0,-0.3682859599999997,-0.3682859599999997
1,115548681803406136,lol-th-fnc-2026-08-07-game1,synthetic,0.0,31.881833460000053,31.881833460000053
1,117171782819731212,lol-kcb-ucam1-2026-09-27,archive,322.4120478300001,201.92857322999998,-120.48347460000014
1,115570934355614554,lol-blg-ly-2026-07-05-game3,synthetic,-31.18116772000016,-70.45130035999978,-39.270132639999616
1,116634529527025929,lol-me1-ewi-2026-06-10-game2,synthetic,44.765585520000116,30.222585520000038,-14.543000000000077
1,116792888905055091,lol-cnv-blue-2026-08-14-game1,synthetic,-0.09999999999999964,-0.09999999999999964,0.0
1,115548681803406188,lol-sk-vit-2026-08-10-game1,synthetic,11.868931770000074,208.01044639999975,196.14151462999968
1,116833506932128100,lol-hrts-koia-2026-08-13-game1,synthetic,-137.3599325400001,-90.55193254000001,46.80800000000009
1,115548681803406295,lol-kc-gx-2026-09-05-game4,archive,15.75999947999999,35.64580459999999,19.88580512
1,117030752644841608,lol-hle1-t1-2026-09-02-game1,archive,-96.36731187999987,145.6307898,241.99810167999988
1,116634529527025940,lol-ewi-hmble-2026-06-11-game1,synthetic,0.0,-6.299606640000064,-6.299606640000064
1,115565671526403015,lol-lll-vks-2026-08-09-game2,synthetic,30.55039961,189.4534979299998,158.9030983199998
1,115548147900750238,lol-ns-drx-2026-08-20-game1,synthetic,-12.264700000000403,-49.64670000000024,-37.381999999999834
1,115548681803406237,lol-mkoi-gx-2026-08-08-game2,synthetic,-12.06430000000023,33.171639010000035,45.235939010000266
1,115570934355614600,lol-hle1-ly-2026-07-11-game1,synthetic,-3.6582003699999177,-9.932799119999686,-6.274598749999768
1,117171782819927877,lol-hrts-kcb-2026-09-29-game2,archive,-6.8471913400001085,-56.140075539999984,-49.292884199999875
1,117030752644841573,lol-kt-bro2-2026-08-26-game2,synthetic,14.915289210000012,1.414485369999948,-13.500803840000064
1,116833506932324826,lol-koia-hrts-2026-08-20-game3,synthetic,352.8722383400001,397.1188887700003,44.246650430000216
1,116793933806066910,lol-fec-znt-2026-08-20-game2,synthetic,0.0,0.0,0.0
1,116634529527025917,lol-ewi-goal-2026-06-09-game2,synthetic,0.8834,0.8834,0.0
1,116793933806066895,lol-ban2-myth-2026-07-28,synthetic,0.0,0.0,0.0
1,115564797164345553,lol-fly-ly-2026-07-25-game2,synthetic,0.0,-476.2595050799999,-476.2595050799999
1,115570934355614602,lol-hle1-ly-2026-07-11-game3,synthetic,-96.11235114000004,304.25288560999974,400.3652367499998
1,115565004607949414,lol-fly-sr-2026-09-25-game3,archive,747.8322002800003,782.2507804100001,34.41858012999978
1,117171782819731178,lol-sec-bw-2026-09-26,archive,-104.40355999999997,-150.2284839299997,-45.82492392999973
1,116520885021783317,lol-kits-sdm-2026-07-19-game1,synthetic,-20.196799999999996,-13.448880799999927,6.747919200000069
1,116929376557102189,lol-dnf-drx-2026-08-10-game1,synthetic,28.58316477000004,55.814878700000264,27.231713930000225
1,115565671526403031,lol-png1-vks-2026-08-30-game2,synthetic,-36.897570849999994,-42.78094437999988,-5.883373529999886
1,115565671526403066,lol-vks-png1-2026-09-05-game3,archive,98.74102639000013,411.8556966499999,313.1146702599998
1,115565671526402946,lol-fur-los-2026-07-25-game1,synthetic,-34.83539999999996,-511.08279402000005,-476.2473940200001
1,115548147900553447,lol-hle1-gen-2026-08-05-game2,synthetic,92.66898224000033,10.285172270000217,-82.38380997000012
1,116792888905448316,lol-cpd-cnv-2026-08-20-game2,synthetic,0.0,-0.21300000000000097,-0.21300000000000097
1,116634566264113531,lol-ucam1-kcb-2026-06-13-game3,synthetic,45.22294057000005,34.09724057,-11.125700000000052
1,116833506932193697,lol-flk-gxp-2026-08-13-game2,synthetic,0.0,0.0,0.0
1,116929376557102162,lol-gen-hle1-2026-08-03-game2,synthetic,0.0,0.0,0.0
1,116634566264113541,lol-hrts-es1-2026-06-13-game1,synthetic,-20.565377740000006,10.342622259999999,30.908000000000005
1,116855104460702322,lol-ts-kc-2026-07-15-game2,synthetic,-8.133398439999983,72.37946011000034,80.51285855000032
1,116837891489321424,lol-domi-capy-2026-07-28,synthetic,0.0,0.0,0.0
1,115548681803406216,lol-mkoi-shft-2026-07-31-game1,synthetic,2.0404325500000056,1.890432550000007,-0.14999999999999858
1,115564797163821193,lol-ly-sen-2026-08-16-game2,synthetic,0.0,27.27249999999998,27.27249999999998
1,116833506932324836,lol-ucam1-bar-2026-09-01-game3,archive,434.83283315000006,571.8621866900005,137.02935354000044
1,115564797163886784,lol-fly-dsg-2026-08-01-game1,synthetic,186.48554535999983,236.7223453599995,50.236799999999675
1,115548681803406329,lol-kc-mkoi-2026-09-19-game2,archive,-601.75091943,131.87203099999988,733.6229504299998
1,116833506932259268,lol-flk-ucam1-2026-07-16-game1,synthetic,0.0,0.0,0.0
1,116884624995262679,lol-cnv-ccg-2026-08-12-game2,synthetic,0.0,0.0,0.0
1,117171782819796772,lol-hrts-vlr-2026-09-28,archive,389.9711000000002,465.97996879999954,76.00886879999933
1,117171782819796764,lol-hmble-wd-2026-09-27,archive,-96.92991460000007,-148.22400627000013,-51.29409167000006
1,115564797163886777,lol-sr-dig-2026-08-15-game2,synthetic,0.680328639999999,0.0,-0.680328639999999
1,115570934355614573,lol-tsw-tes-2026-07-04-game4,synthetic,-190.73418027999992,-292.0810552100003,-101.34687493000035
1,116833506932324848,lol-hrts-koia-2026-09-06-game3,synthetic,0.0,0.0,0.0
1,115548147900619019,lol-hle1-t1-2026-08-23-game2,synthetic,-66.5278656300004,-82.6015656300001,-16.07369999999969
1,115548147900684679,lol-drx-bro2-2026-08-16-game2,synthetic,229.71192070000006,116.48559926000007,-113.22632143999999
1,116634566270405069,lol-ps1-wlg-2026-06-11-game2,synthetic,2.692,-1.9280000000000008,-4.620000000000001
1,116884625050247397,lol-cnv-cont-2026-08-06-game1,synthetic,0.0,0.0,0.0
1,115548681803406164,lol-mkoi-navi-2026-08-16-game1,synthetic,-28.495493950000082,562.72224383,591.2177377800001
1,115565671526402995,lol-vks-los-2026-08-15-game2,synthetic,-96.69169592000003,-314.91389591999996,-218.22219999999993
1,116634566263916921,lol-ucam1-kcb-2026-06-13-game1,synthetic,-57.91720374000002,-33.35340296000001,24.563800780000008
1,117212895183030073,lol-tf3-llh-2026-09-09-game3,synthetic,0.0,-1.351599950000005,-1.351599950000005
1,116792888905448340,lol-cnv-dog-2026-08-26-game2,synthetic,0.0,3.4510000000000005,3.4510000000000005
1,116793933806066934,lol-ban2-mcn-2026-09-01-game2,archive,0.0,0.0,0.0
1,115565671526403003,lol-fxw7-lll-2026-08-02-game2,synthetic,0.0,0.0,0.0
1,115548147900684643,lol-bro2-ns-2026-08-05-game2,synthetic,12.866816560000416,-44.53072773000031,-57.397544290000724
1,115565671526402986,lol-los-lev-2026-08-08-game1,synthetic,0.0,0.0,0.0
1,116833506932128096,lol-gxp-hrts-2026-07-23-game1,synthetic,0.0,0.0,0.0
1,117171782819731155,lol-bar-bublik-2026-09-21-game2,archive,0.0,0.0,0.0
1,116634529527091477,lol-ewi-hmble-2026-06-11-game2,synthetic,0.0,234.12025499999987,234.12025499999987
1,116520885021783364,lol-fue-z5-2026-08-24-game4,synthetic,319.51292811999997,331.01032811999994,11.49739999999997
1,117030752644841617,lol-fox1-dk-2026-09-03-game4,archive,-10.218694739999847,119.28858350999991,129.50727824999976
1,116634566270405057,lol-g2nord-ps1-2026-06-10-game2,synthetic,110.9565,110.9565,0.0
1,115564797163886765,lol-dsg-dig-2026-08-22-game2,synthetic,-56.86220069000001,-183.05140069000004,-126.18920000000003
1,115548147900553474,lol-gen-dk-2026-08-01-game1,synthetic,10.108666669999977,25.937368390000415,15.828701720000439
1,115564797163821204,lol-c9-dig-2026-08-01-game1,synthetic,-0.870517260000014,-0.870517260000014,0.0
1,115548681803406225,lol-shft-kc-2026-08-23-game2,synthetic,-168.66500156999984,-87.44410167000001,81.22089989999984
1,116833506932324835,lol-ucam1-bar-2026-09-01-game2,archive,170.16694999999999,303.6065,133.43955
1,116793933806066870,lol-ouat-myth-2026-07-14-game2,synthetic,0.0,0.0,0.0
1,115565671526403078,lol-lll-png1-2026-09-13-game3,archive,123.45599671000002,-101.86106600000005,-225.31706271000007
1,115548147900553462,lol-t1-kt-2026-07-29-game1,synthetic,-17.94299999999987,-60.757799999999975,-42.814800000000105
1,116520885021783370,lol-kits-sdm-2026-08-11-game4,synthetic,1.3523474799999988,22.72054589999992,21.36819841999992
1,115570934355614546,lol-g2-tes-2026-07-04-game1,synthetic,-533.9924000000001,-463.27199999999993,70.72040000000015
1,115564797163821184,lol-dsg-sen-2026-08-23-game1,synthetic,-6.494599999999991,0.0,6.494599999999991
1,115570934355614530,lol-blg-t1-2026-07-04-game3,synthetic,737.8483996100001,450.97841685000003,-286.8699827600001
1,115548681803406276,lol-g2-mkoi-2026-07-24-game1,synthetic,926.0910488400004,900.2643062400005,-25.82674259999999
1,115548681803406335,lol-g2-mkoi-2026-09-20-game2,archive,241.9824000000001,241.9824000000001,0.0
1,115548681803406229,lol-g2-shft-2026-08-15-game2,synthetic,-2.2924004999999994,-1.9667999999999992,0.3256005000000002
1,117171782819796758,lol-pcific-tsc-2026-09-27,archive,0.0,0.0,0.0
1,115570934355614570,lol-tsw-tes-2026-07-04-game1,synthetic,0.0,0.0,0.0
1,115548681803406189,lol-sk-vit-2026-08-10-game2,synthetic,9.937400000000103,117.69069800000018,107.75329800000009
1,116923257568665155,lol-mgz-llh-2026-08-25-game3,synthetic,0.0,0.0,0.0
1,115570934355614547,lol-g2-tes-2026-07-04-game2,synthetic,78.86837745999992,41.86383459999979,-37.00454286000013
1,117212895183030059,lol-llh-mgz-2026-09-08-game1,archive,0.0,0.0,0.0
1,115548128963037579,lol-hle1-t1-2026-06-12-game4,synthetic,-191.8139435999998,-481.98782707000026,-290.1738834700005
1,116837891489387009,lol-zzg-role-2026-08-13-game2,synthetic,0.0,0.0,0.0
1,115548147900553455,lol-hle1-dk-2026-07-30-game2,synthetic,-93.62251315999993,-77.96381316000006,15.658699999999868
1,115548681803406277,lol-g2-mkoi-2026-07-24-game2,synthetic,1008.8004514900005,377.6077601499999,-631.1926913400006
1,116833506932128112,lol-lua-hrts-2026-07-29-game1,synthetic,0.0,0.0,0.0
1,115565671526403076,lol-lll-png1-2026-09-13-game1,archive,231.94352066999966,103.64470125999992,-128.29881940999974
1,117171782819731190,lol-tp2-su-2026-09-26,synthetic,35.47630000000001,37.278000000000006,1.8016999999999967
1,117171782819731204,lol-hrts-sec-2026-09-27,archive,0.0,0.0,0.0
1,115548147900684638,lol-bro2-drx-2026-07-31-game1,synthetic,-54.502902249999835,-35.75727044000009,18.745631809999743
1,117171782819665576,lol-sc-ap-2026-09-21-game1,archive,0.0,0.0,0.0
1,115548681803406153,lol-navi-shft-2026-08-03-game2,synthetic,-24.009899999999902,106.94359834000011,130.95349834
1,115570934355614589,lol-ly-tsw-2026-07-08-game2,synthetic,-166.84337462000008,-124.2894079099998,42.55396671000028
1,116833506932259257,lol-lua-ub-2026-07-21-game2,synthetic,-62.16560000000004,69.13030000000003,131.29590000000007
1,116929376557102177,lol-gen-dnf-2026-08-04-game1,synthetic,0.0,0.0,0.0
1,115564797163821180,lol-dig-sen-2026-07-25-game1,synthetic,0.0,0.0,0.0
1,116833506932193665,lol-bar-ub-2026-08-12-game2,synthetic,0.0,0.0,0.0
1,115548147900553466,lol-dk-t1-2026-08-06-game1,synthetic,993.7789701900001,951.7789701900001,-42.0
1,116793933806066922,lol-ban2-sec-2026-08-20-game2,synthetic,-598.8384999999998,-637.9584999999997,-39.11999999999989
1,115570934355614504,lol-kc-dcg-2026-06-27-game1,synthetic,-97.81127819999983,-17.126134149999984,80.68514404999985
1,116792888905448311,lol-ccg-cont-2026-08-14-game1,synthetic,-65.81400828999989,-65.81400828999983,5.684341886080802e-14
1,117171782819731192,lol-anb-tsc-2026-09-26,archive,25.33000018999998,28.31000018999997,2.9799999999999898
1,115548681803406248,lol-gx-g2-2026-08-24-game1,synthetic,123.30859965999991,156.40460000000007,33.09600034000016
1,117212895183030061,lol-llh-mgz-2026-09-08-game3,archive,0.0,0.0,0.0
1,116833506932128108,lol-ucam1-hrts-2026-07-14-game1,synthetic,-12.184799999999996,-12.184799999999996,0.0
1,115548681803406145,lol-th-g2-2026-08-09-game2,synthetic,166.7860441800002,150.23867622000023,-16.547367959999974
1,116520885021783373,lol-3v-lyna-2026-08-17-game1,synthetic,0.0,0.0,0.0
1,115565671526403064,lol-vks-png1-2026-09-05-game1,archive,37.28539978,155.92899924999983,118.64359946999983
1,116884625277067569,lol-blue-cont-2026-07-29-game2,synthetic,0.5161010100000709,-1.4264975999999105,-1.9425986099999815
1,116634566270405061,lol-gal-wlg-2026-06-10-game2,synthetic,5.289010000000005,0.0,-5.289010000000005
1,116837902961537576,lol-tos-fcn2-2026-08-27-game3,synthetic,0.0,0.0,0.0
1,115564797163886756,lol-c9-sr-2026-08-30-game1,synthetic,360.9430000000003,368.0166991999997,7.073699199999396
1,116923238535448368,lol-mgz-tsc-2026-08-04-game2,synthetic,0.0,0.0,0.0
1,116793933806066874,lol-fec-ouat-2026-07-30-game2,synthetic,0.0,0.0,0.0
1,116833506932128092,lol-bar-hrts-2026-07-16-game1,synthetic,61.82299968000001,66.05069968000004,4.227700000000027
1,115565671526402955,lol-png1-fur-2026-08-22-game2,synthetic,83.77725564000013,104.61245564000012,20.835199999999986
1,116520885021783346,lol-pls1-kits-2026-07-18-game2,synthetic,0.0,0.14390000000000214,0.14390000000000214
1,116837902961537599,lol-wd-domi-2026-09-08-game2,archive,0.0,0.0,0.0
1,116996464901636972,lol-mea-exe-2026-08-13-game2,synthetic,0.0,0.0,0.0
1,116837891489386984,lol-role-tos-2026-08-04,synthetic,0.0,0.0,0.0
1,116833506932193689,lol-ucam1-gxp-2026-08-04-game2,synthetic,0.0,0.0,0.0
1,116634529527025921,lol-ckz-ps1-2026-06-09-game2,synthetic,0.0,0.0,0.0
1,116833506932193709,lol-koia-lua-2026-07-23-game2,synthetic,0.0,0.0,0.0
1,116793933806066913,lol-fec-sec-2026-07-21-game1,synthetic,0.0,0.0,0.0
1,115564797163886788,lol-ly-dsg-2026-09-06-game1,archive,0.0,0.0,0.0
1,115548147900684662,lol-drx-ns-2026-07-29-game1,synthetic,113.60923231999993,619.45512024,505.8458879200001
1,116634529527025920,lol-ckz-ps1-2026-06-09-game1,synthetic,0.0,0.0,0.0
1,115548147900553451,lol-kt-hle1-2026-08-02-game2,synthetic,266.2662997099999,176.03739899999994,-90.22890070999995
1,116634529527025928,lol-me1-ewi-2026-06-10-game1,synthetic,39.8655,40.878000000000014,1.012500000000017
1,116996464901571351,lol-esb-bg2-2026-09-05-game1,archive,0.0,0.0,0.0
1,116833506932128101,lol-hrts-koia-2026-08-13-game2,synthetic,68.56909999999999,76.3691,7.800000000000011
1,115548681803406133,lol-mkoi-th-2026-08-30-game2,synthetic,0.0,289.29498941999975,289.29498941999975
1,116833506932193684,lol-ub-gxp-2026-07-15-game1,synthetic,0.0,0.0,0.0
1,116792888905448320,lol-dog-mvu-2026-08-20-game2,synthetic,365.85809893,339.1817995099999,-26.676299420000078
1,116634566264113544,lol-hrts-es1-2026-06-13-game4,synthetic,0.0,0.0,0.0
1,116833506932128113,lol-lua-hrts-2026-07-29-game2,synthetic,0.0,0.0,0.0
1,116833506932193701,lol-ub-koia-2026-08-04-game2,synthetic,0.0,0.0,0.0
1,116884625277067568,lol-blue-cont-2026-07-29-game1,synthetic,-26.525294859999853,-108.83550248,-82.31020762000014
1,116634566264113536,lol-sly-g2nord-2026-06-13-game2,synthetic,0.0,0.0,0.0
1,116634566270405080,lol-sly-bombat-2026-06-10-game1,synthetic,0.0,0.0,0.0
1,116884625111982334,lol-nrg-cont-2026-08-13-game1,synthetic,0.0,0.0,0.0
1,116833506932128120,lol-bar-gxp-2026-07-28-game1,synthetic,9.965199200000015,20.69479920000002,10.729600000000005
1,116833506932259252,lol-ub-ucam1-2026-07-28-game1,synthetic,0.0,0.0,0.0
1,115548147900750227,lol-drx-fox1-2026-08-13-game2,synthetic,-5.008504980000453,3.9971891999994114,9.005694179999864
1,116837891489387021,lol-capy-bublik-2026-08-20-game2,synthetic,0.0,0.0,0.0
1,116520885021783266,lol-lyna-z5-2026-07-19-game2,synthetic,12.849099999999993,13.015199999999993,0.16610000000000014
1,115570934355614510,lol-t1-kc-2026-06-28-game1,synthetic,136.4464999999999,150.7404820299998,14.29398202999991
1,116833506932193696,lol-flk-gxp-2026-08-13-game1,synthetic,0.0,0.0,0.0
1,117054582581341057,lol-nbs-esb-2026-08-13-game1,synthetic,0.0,0.0,0.0
1,116996464901702563,lol-ckz-esb-2026-09-19-game1,synthetic,0.0,0.0,0.0
1,116996464901636955,lol-ot-esb-2026-08-12-game1,synthetic,0.0,0.0,0.0
1,116996464901702564,lol-ckz-esb-2026-09-19-game2,synthetic,0.0,0.0,0.0
1,116793933806066890,lol-fec-myth-2026-08-25-game2,synthetic,0.0,0.0,0.0
1,116833506932128117,lol-hrts-flk-2026-07-30-game2,synthetic,0.0,0.0,0.0
1,116793933806001281,lol-mcn-dyn1-2026-07-14-game1,synthetic,0.0,0.0,0.0
2,115565004607949415,lol-fly-sr-2026-09-25-game4,archive,-1089.9618623200001,-261.5518427200001,828.4100196
2,117212895183030075,lol-tf3-llh-2026-09-09,synthetic,0.0,-4.396660720000001,-4.396660720000001
2,117171782819927909,lol-esb-wd-2026-09-29-game2,archive,0.0,-7.642800000000193,-7.642800000000193
2,115565004607949421,lol-ly-sr-2026-09-26-game4,archive,395.0686699999999,259.7934,-135.27526999999986
2,117212895183030069,lol-tsc-mgz-2026-09-10,archive,0.0,0.0,0.0
2,116837891489387022,lol-capy-bublik-2026-08-20,synthetic,0.0,0.0,0.0
2,117173205363099694,lol-su-vdn-2026-09-23-game1,synthetic,3.2339999999999804,-145.59820482000015,-148.83220482000013
2,117030752644841576,lol-kt-bro2-2026-08-26,synthetic,0.0,0.0,0.0
2,117171782819665586,lol-sc-lds-2026-09-22,archive,165.86923193999996,49.200732519999974,-116.66849941999999
2,115570934355614532,lol-blg-t1-2026-07-04,synthetic,334.0798403199997,404.8497395699992,70.76989924999953
2,116996464901636925,lol-mea-brt-2026-09-01,archive,0.0,0.0,0.0
2,117171782819927878,lol-hrts-kcb-2026-09-29,archive,359.0105029599995,481.45319929999977,122.44269634000028
2,116923257568665139,lol-mgz-rp-2026-08-19,synthetic,0.0,0.0,0.0
2,115548681803406314,lol-gx-navi-2026-09-11,archive,0.0,47.12144320000016,47.12144320000016
2,115548681803406234,lol-gx-sk-2026-08-01,synthetic,57.699611520000026,67.60036063999999,9.900749119999965
2,115548668059589391,lol-mkoi-kc-2026-06-06-game3,synthetic,40.75679966999974,138.38939195000015,97.63259228000041
2,116929376557102175,lol-t1-hle1-2026-08-04,synthetic,-641.7219999999998,-647.1399999999998,-5.418000000000006
2,116855104460702389,lol-t1-gen-2026-07-19,synthetic,-32.24220319000004,-295.2584007499998,-263.01619755999974
2,115548668059589397,lol-g2-kc-2026-06-07-game3,synthetic,-40.67917957999987,-191.99772087999986,-151.3185413
2,116929405380376827,lol-ns-kt-2026-07-20,synthetic,365.3939554499996,-58.62686514000029,-424.0208205899999
2,117171782819731127,lol-use1-tos-2026-09-21-game2,archive,0.0,0.0,0.0
2,116837891489386974,lol-domi-hype-2026-08-05,synthetic,0.0,0.0,0.0
2,116833506932259274,lol-lua-flk-2026-07-14,synthetic,-150.15778954999996,-135.5383897600002,14.619399789999761
2,115548681803406162,lol-sk-navi-2026-08-08,synthetic,-85.22200032,-94.38890032000006,-9.166900000000055
2,116884625259372845,lol-blue-wu-2026-08-05,synthetic,72.75120023999992,-109.55289872000014,-182.30409896000006
2,116929376557102191,lol-dnf-drx-2026-08-10,synthetic,-66.0145,-225.55078901000013,-159.53628901000013
2,115548147900684588,lol-dk-gen-2026-08-22,synthetic,126.63284201000022,0.0,-126.63284201000022
2,115548128963037590,lol-t1-gen-2026-06-14-game3,synthetic,-32.084961500000006,-66.02275824000014,-33.93779674000014
2,116837891489386964,lol-bublik-exg-2026-07-29,synthetic,0.0,0.0,0.0
2,116929376557102210,lol-ns-dnf-2026-08-18-game2,synthetic,-19.937881320000088,248.11182459999907,268.04970591999916
2,117171782819927888,lol-jsk-use1-2026-09-29,synthetic,0.0,0.0,0.0
2,115564793879469303,lol-c9-ly-2026-06-07-game3,synthetic,0.0,0.0,0.0
2,116996464901637016,lol-exe-esb-2026-09-14-game2,archive,0.0,-43.730088329999916,-43.730088329999916
2,115564797163886758,lol-c9-sr-2026-08-30,synthetic,100.44667064999999,131.25873938000018,30.812068730000192
2,117171782819796768,lol-anb-sc-2026-09-28,archive,0.6999999999999993,8.867819239999992,8.167819239999993
2,115548681803406250,lol-gx-g2-2026-08-24,synthetic,114.91128038000033,-89.54731761999994,-204.45859800000028
2,117171782819927902,lol-tp2-lds-2026-09-29,archive,-129.90727375000006,-76.41677375000012,53.49049999999994
2,115548681803406242,lol-fnc-gx-2026-08-30,synthetic,23.076799999999935,-40.50960000000012,-63.586400000000054
2,116884625134461194,lol-mvu-ccg-2026-08-06,synthetic,-69.25032559999994,-68.11905331999998,1.131272279999962
2,116520885021783362,lol-fue-z5-2026-08-24-game2,synthetic,0.0,-12.600000000000009,-12.600000000000009
2,115548681803406210,lol-shft-gx-2026-08-07,synthetic,764.18569718,527.8829646199995,-236.30273256000055
2,116634566264113561,lol-gal-es1-2026-06-14-game3,synthetic,-124.1912268800001,-56.361000000000075,67.83022688000003
2,115548147900684644,lol-bro2-ns-2026-08-05,synthetic,-173.07518454,-471.4095419600003,-298.3343574200003
2,116792888905448313,lol-ccg-cont-2026-08-14,synthetic,-78.56580145000001,-222.8607198800001,-144.29491843000008
2,115548147900553452,lol-kt-hle1-2026-08-02,synthetic,-128.65110219000007,-128.65110219000007,0.0
2,116837902961537606,lol-tos-wd-2026-09-13-game3,archive,0.0,0.0,0.0
2,116837891489386986,lol-fcn2-bublik-2026-08-04,synthetic,0.0,0.0,0.0
2,117171782819927864,lol-esb-lds-2026-09-28,archive,-0.09999999999999964,-0.09999999999999964,0.0
2,115548681803406270,lol-fnc-mkoi-2026-08-02,synthetic,20.032500000000027,389.67419943999994,369.6416994399999
2,116170292916656918,lol-wu-ccg-2026-06-04,synthetic,136.29518752999985,4.678838020000011,-131.61634950999985
2,117030752644841598,lol-dk-kt-2026-08-30-game3,synthetic,167.18942220000054,188.4036666900006,21.214244490000056
2,116929404978837689,lol-dnf-bro2-2026-07-20,synthetic,392.5816475999999,281.6591346000004,-110.92251299999947
2,116634566264113560,lol-gal-es1-2026-06-14-game2,synthetic,-168.44096469000002,-102.11846398000002,66.32250071
2,117171782819927898,lol-bw-ucam1-2026-09-29,archive,-82.45709767999995,110.08046754000071,192.53756522000066
2,117030752644841639,lol-hle1-t1-2026-09-12-game2,archive,527.0763478200008,493.5089099800002,-33.56743784000059
2,117171782819731200,lol-tlnpir-bombat-2026-09-27,archive,-365.79672933999996,-232.12281771999972,133.67391162000024
2,115548147900684674,lol-bro2-fox1-2026-08-21-game1,synthetic,-608.9378317300005,-249.1890005200006,359.74883120999993
2,115548681803406213,lol-shft-sk-2026-08-14-game2,synthetic,-19.19870000000003,16.345620410000038,35.54432041000007
2,115548128963037584,lol-gen-kt-2026-06-13-game3,synthetic,0.0,-4.299499999999966,-4.299499999999966
2,116855104460702377,lol-gen-dk-2026-07-18-game1,synthetic,0.0,0.0,0.0
2,116855104460702387,lol-t1-gen-2026-07-19-game1,synthetic,206.61709751999956,227.64009751999947,21.02299999999991
2,115548681803406169,lol-navi-fnc-2026-08-24-game2,synthetic,-81.17319996999959,62.45592899999974,143.62912896999933
2,116929376557102157,lol-ns-t1-2026-08-03-game1,synthetic,-2.9692334499999475,0.0,2.9692334499999475
2,115565004607949403,lol-sr-sen-2026-09-18-game4,archive,-44.30821746000001,-187.27789980000006,-142.96968234000005
2,116884625259372844,lol-blue-wu-2026-08-05-game2,synthetic,-33.339600000000004,-33.339600000000004,0.0
2,115548681803406313,lol-gx-navi-2026-09-11-game4,archive,29.7636012799999,-0.5434995000000065,-30.307100779999907
2,116792888905448369,lol-mvu-nrg-2026-09-09-game1,archive,2.379999999999999,83.15072362999992,80.77072362999992
2,116833506932324832,lol-bar-ucam1-2026-08-20,synthetic,-99.28749842000002,-13.06189999999998,86.22559842000004
2,115548147900684675,lol-bro2-fox1-2026-08-21-game2,synthetic,252.44899571999986,302.19408936000036,49.745093640000505
2,115548681803406322,lol-navi-mkoi-2026-09-18-game1,archive,0.0,0.0,0.0
2,116929405190125792,lol-gen-t1-2026-07-21,synthetic,136.70625504000003,135.64477051999995,-1.0614845200000786
2,116837891489386977,lol-nort-wd-2026-08-05-game2,synthetic,1.1966448999999884,1.6466449000000019,0.4500000000000135
2,116884625094680827,lol-nrg-wu-2026-07-30,synthetic,-19.737000559999956,-20.007000559999938,-0.2699999999999818
2,115548681803406233,lol-gx-sk-2026-08-01-game2,synthetic,163.25115935999986,671.0941999999998,507.8430406399999
2,116929405012523202,lol-t1-dnf-2026-07-27,synthetic,271.74925844999973,507.5172104399994,235.7679519899997
2,117030752644841627,lol-kt-dk-2026-09-04-game2,archive,17.85263863999974,118.68787649999987,100.83523786000013
2,116855104460702337,lol-mkoi-gam-2026-07-15,synthetic,65.78464774999983,241.55244831999994,175.7678005700001
2,117173205363099690,lol-vdn-mcn-2026-09-22-game1,archive,0.3204999999999991,-0.8974000000000002,-1.2178999999999993
2,116793933806066927,lol-znt-sec-2026-07-16,synthetic,8.157253479999994,8.860053479999996,0.7028000000000016
2,117151111922858552,lol-bublik-domi-2026-09-10-game1,archive,0.0,-0.5599999999999996,-0.5599999999999996
2,116929405062330571,lol-dk-hle1-2026-07-27,synthetic,0.0,0.0,0.0
2,116793933806066930,lol-fec-sec-2026-09-01-game2,archive,0.0,0.0,0.0
2,115548681803406125,lol-th-gx-2026-08-23-game2,synthetic,5.170461479999997,-42.8898514399998,-48.0603129199998
2,116634566270405093,lol-bombat-anb-2026-06-11-game2,synthetic,1.5575000000000045,-24.302500000000002,-25.860000000000007
2,117171782819927894,lol-mgz-bar-2026-09-29,archive,-55.329199870000025,-66.39559999999994,-11.06640012999992
2,115564797163821194,lol-ly-sen-2026-08-16,synthetic,0.0,0.0,0.0
2,115565004607949382,lol-sen-fly-2026-09-13-game1,archive,41.39296705999982,-247.89403273999994,-289.28699979999976
2,116295727286716932,lol-koia-ucam1-2026-06-04-game3,synthetic,-22.551884319999992,-13.01479999999998,9.537084320000012
2,115565004607949383,lol-sen-fly-2026-09-13-game2,archive,-244.82900908999977,-54.27581413000007,190.5531949599997
2,116996464901637003,lol-nbs-ckz-2026-09-15-game1,archive,0.0,0.0,0.0
2,115548681803406124,lol-th-gx-2026-08-23-game1,synthetic,0.0,0.0,0.0
2,115548147900750228,lol-drx-fox1-2026-08-13,synthetic,188.6034946900001,168.99817959000035,-19.605315099999757
2,116792888905382772,lol-cnv-blue-2026-08-14-game2,synthetic,-37.73320000000004,-39.29300000000006,-1.559800000000024
2,117030752644841622,lol-gen-hle1-2026-09-05-game3,archive,1.8639986000000164,4.606380179999967,2.7423815799999502
2,115548681803406298,lol-vit-g2-2026-09-05-game1,archive,0.0,0.0,0.0
2,115548681803406312,lol-gx-navi-2026-09-11-game3,archive,41.43839227000001,51.46099227000006,10.022600000000054
2,116833506932324824,lol-koia-hrts-2026-08-20-game1,synthetic,0.0,0.0,0.0
2,115548681803406325,lol-navi-mkoi-2026-09-18-game4,archive,-234.11959999999976,-191.98629999999957,42.13330000000019
2,115548147900684671,lol-ns-dnf-2026-08-08-game2,synthetic,-541.9097905799999,-23.258101330000017,518.6516892499999
2,117171782819796756,lol-fec-lds-2026-09-27,archive,19.76611024999994,173.50688281000026,153.74077256000032
2,116929405249894633,lol-hle1-drx-2026-07-27,synthetic,-8.995285279999962,0.45290000000000674,9.448185279999969
2,116634529527025860,lol-fec-rs-2026-06-08,synthetic,0.0,0.0,0.0
2,117171782819731194,lol-use1-pcific-2026-09-26,archive,-14.09478475000006,-28.436122240000067,-14.341337490000008
2,115548681803406209,lol-shft-gx-2026-08-07-game2,synthetic,-240.37385685999993,-337.2560568599997,-96.88219999999978
2,115548147900684634,lol-fox1-bro2-2026-08-07-game1,synthetic,89.28134375999997,60.616254459999936,-28.665089300000034
2,115565670260181876,lol-fur-los-2026-06-06-game1,synthetic,-184.43537461999995,-102.73217461999994,81.70320000000001
2,117171782819731182,lol-ucam1-hmble-2026-09-26,archive,-11.552699970000006,-8.435299970000003,3.1174000000000035
2,116634566264113543,lol-hrts-es1-2026-06-13-game3,synthetic,24.932499999999976,22.55499999999998,-2.3774999999999977
2,116793933806066951,lol-sec-ban2-2026-09-10-game1,archive,1.7885999999999989,2.4389999999999965,0.6503999999999976
2,115564797163886745,lol-c9-dsg-2026-08-08-game2,synthetic,0.0,0.0,0.0
2,115548681803406304,lol-g2-kc-2026-09-06-game1,archive,-0.004580800000013596,0.5974553600000032,0.6020361600000168
2,115548147900619034,lol-t1-gen-2026-08-16-game1,synthetic,0.0,219.73329999999987,219.73329999999987
2,115565671526403030,lol-png1-vks-2026-08-30-game1,synthetic,8.594435419999982,-811.4850962899991,-820.0795317099991
2,116833506932324825,lol-koia-hrts-2026-08-20-game2,synthetic,11.064793379999998,20.07382808,9.0090347
2,116996464901636916,lol-exe-brt-2026-08-26-game2,synthetic,77.25897504000005,86.32898207,9.070007029999942
2,116837891489386966,lol-drm-tung-2026-07-29,synthetic,0.0,0.0,0.0
2,116996464901637004,lol-nbs-ckz-2026-09-15-game2,archive,0.0,0.0,0.0
2,115548681803406185,lol-gx-vit-2026-08-14-game2,synthetic,386.25005058000033,365.1757505800001,-21.07430000000022
2,115548128963037591,lol-t1-gen-2026-06-14-game4,synthetic,1.8841449800000234,2.4572134300000172,0.5730684499999938
2,116634566270405033,lol-hrts-kcb-2026-06-10-game2,synthetic,0.0,0.0,0.0
2,115570934355614594,lol-g2-ly-2026-07-10-game1,synthetic,0.559199999999997,0.559199999999997,0.0
2,115565671526403043,lol-vks-fxw7-2026-08-07-game2,synthetic,0.0,0.0,0.0
2,116833506932193669,lol-bar-ucam1-2026-07-22-game2,synthetic,0.0,0.0,0.0
2,117173205363099698,lol-bublik-tf3-2026-09-22-game1,synthetic,-56.15999999999998,0.0,56.15999999999998
2,116792888905448364,lol-mvu-cont-2026-09-03-game2,archive,159.46809959000007,162.11809959,2.649999999999949
2,116833506932259260,lol-ub-flk-2026-07-22-game1,synthetic,0.0,0.0,0.0
2,116833506932324849,lol-hrts-koia-2026-09-06-game4,synthetic,0.2271999999999963,-203.83660541000006,-204.06380541000004
2,115548128963037582,lol-gen-kt-2026-06-13-game1,synthetic,0.0,0.0,0.0
2,115548681803406324,lol-navi-mkoi-2026-09-18-game3,archive,-96.9177748699999,-497.68900761000015,-400.77123274000024
2,115548681803406334,lol-g2-mkoi-2026-09-20-game1,archive,5.039200000000008,6.298999999999992,1.2597999999999843
2,117171782819731206,lol-khk-sc-2026-09-27,archive,-78.09627081000002,-100.47516320999995,-22.378892399999927
2,115548681803406299,lol-vit-g2-2026-09-05-game2,archive,0.0,0.0,0.0
2,117171782819796776,lol-g2nord-fec-2026-09-28,archive,169.20600001,153.2286761100003,-15.977323899999703
2,116634529527025936,lol-me1-ucam1-2026-06-11-game1,synthetic,85.36472458000004,-29.382075420000035,-114.74680000000008
2,117030752644841614,lol-fox1-dk-2026-09-03-game1,archive,69.92182905000027,-341.0665008799997,-410.98832992999996
2,116996464901637010,lol-mea-brt-2026-09-10-game2,archive,0.0,0.0,0.0
2,115564797163821192,lol-ly-sen-2026-08-16-game1,synthetic,36.16991832999976,-2.7392999999999574,-38.90921832999972
2,117212895183030060,lol-llh-mgz-2026-09-08-game2,archive,0.0,0.0,0.0
2,115548681803406269,lol-fnc-mkoi-2026-08-02-game2,synthetic,164.48638480000034,-364.2053398799999,-528.6917246800002
2,116634566270405064,lol-g2nord-gal-2026-06-11-game1,synthetic,120.92378186000002,138.08580740000002,17.162025540000002
2,116792888905448339,lol-cnv-dog-2026-08-26-game1,synthetic,0.0,-16.123698109999907,-16.123698109999907
2,116923257568665154,lol-mgz-llh-2026-08-25-game2,synthetic,0.0,0.0,0.0
2,115548681803406265,lol-sk-g2-2026-08-02-game2,synthetic,-139.6280003400002,-139.6280003400002,0.0
2,116855104460702312,lol-g2-dk-2026-07-16-game2,synthetic,-29.249300000000062,-29.249300000000062,0.0
2,115565671526402950,lol-fur-lll-2026-08-07-game1,synthetic,0.0,0.0,0.0
2,115548147900684670,lol-ns-dnf-2026-08-08-game1,synthetic,5.6958989199999905,4.108734600000048,-1.5871643199999426
2,115548681803406300,lol-vit-g2-2026-09-05-game3,archive,50.95889999999986,30.54504335999991,-20.41385663999995
2,115570934355614606,lol-blg-hle1-2026-07-12-game1,synthetic,24.96091085999967,43.977599329999975,19.016688470000304
2,115565671526403042,lol-vks-fxw7-2026-08-07-game1,synthetic,24.09864000000005,18.09914000000005,-5.999499999999998
2,116837902961537569,lol-hype-bublik-2026-08-26-game2,synthetic,0.0,0.0,0.0
2,116793933806066917,lol-ban2-znt-2026-07-23-game1,synthetic,-207.461,0.0,207.461
2,116295727286716937,lol-hrts-ucam1-2026-06-05-game2,synthetic,0.5585000000000093,-61.64710778000028,-62.20560778000029
2,116996464901636931,lol-esb-ckz-2026-08-26-game1,synthetic,0.0,0.0,0.0
2,116929376557102186,lol-hle1-gen-2026-08-10-game2,synthetic,-290.8775216600002,-324.27556822000065,-33.398046560000466
2,116884625160413459,lol-mvu-wu-2026-08-13-game2,synthetic,-439.84103807999963,-447.9774380799996,-8.13639999999998
2,115570934355614528,lol-blg-t1-2026-07-04-game1,synthetic,161.20322222000016,-29.235957319999756,-190.4391795399999
2,115548147900553482,lol-hle1-t1-2026-08-23-game1,synthetic,0.43869641999999853,-86.99820357999988,-87.43689999999988
2,116837891489321420,lol-tos-wd-2026-07-28,synthetic,0.0,0.0,0.0
2,116996464901571345,lol-brt-bg2-2026-08-11,synthetic,0.0,0.0,0.0
2,116884625201897756,lol-mvu-dog-2026-07-16-game1,synthetic,-47.35670095999998,-19.998499999999964,27.35820096000002
2,115548681803340576,lol-navi-th-2026-08-17-game1,synthetic,-8.592602880000186,113.51525505999939,122.10785793999958
2,116837891489386982,lol-drm-gde-2026-08-04,synthetic,0.0,0.0,0.0
2,116884625219920161,lol-blue-ccg-2026-07-17-game1,synthetic,0.0,0.0,0.0
2,117171782819927882,lol-vlr-sc-2026-09-29,archive,155.8963,142.91383667,-12.982463330000002
2,116520885021783381,lol-kits-3v-2026-08-18-game3,synthetic,-0.24890000000001322,-2.1199172800000117,-1.8710172799999985
2,115548681803406240,lol-fnc-gx-2026-08-30-game1,synthetic,-423.0719020799995,-296.59439999999995,126.47750207999957
2,115564797163821188,lol-sen-fly-2026-08-22-game1,synthetic,-168.00635484000003,-70.6172557499998,97.38909909000023
2,115565004607949391,lol-ly-c9-2026-09-19-game4,archive,-163.87487633000012,-139.25857607000017,24.616300259999946
2,115548147900684639,lol-bro2-drx-2026-07-31-game2,synthetic,489.21841634999976,-239.93411707000018,-729.1525334199999
2,116884625201897757,lol-mvu-dog-2026-07-16-game2,synthetic,125.36297637000015,151.76578226000004,26.402805889999883
2,116833506932259269,lol-flk-ucam1-2026-07-16-game2,synthetic,0.0,0.0,0.0
2,116566603146451432,lol-bar-koia-2026-06-05-game1,synthetic,1.9642848499999999,1.9642848499999999,0.0
2,115570934355614534,lol-ly-fur-2026-07-03-game1,synthetic,-18.731508119999944,-33.19159999999988,-14.460091879999936
2,115548681803406193,lol-mkoi-vit-2026-07-26-game2,synthetic,44.6930969,52.29631540999989,7.603218509999891
2,116833506932324847,lol-hrts-koia-2026-09-06-game2,synthetic,11.541435410000048,13.31683541000005,1.7754000000000012
2,115548147900684647,lol-dnf-bro2-2026-08-02-game2,synthetic,-37.99236038,-98.4560611000002,-60.4637007200002
2,117171782819731210,lol-big1-vlr-2026-09-27,synthetic,-0.4649999999999963,0.0,0.4649999999999963
2,116996464901636980,lol-mea-ot-2026-09-02-game2,archive,0.0,0.0,0.0
2,115564797163886772,lol-dig-ly-2026-08-09-game1,synthetic,0.0,1.8421997499999918,1.8421997499999918
2,116996464901702569,lol-nbs-esb-2026-09-20-game1,archive,0.0,0.0,0.0
2,115548681803406177,lol-navi-g2-2026-08-10-game2,synthetic,239.08511033999991,363.7326552999998,124.64754495999989
2,116837891489386970,lol-pane-role-2026-07-29,synthetic,-7.199999999999998,0.0,7.199999999999998
2,116929405111089364,lol-fox1-gen-2026-07-27,synthetic,14.399999999999991,0.0,-14.399999999999991
2,116996464901636911,lol-esb-brt-2026-08-25-game1,synthetic,0.0,0.0,0.0
2,116996464901636999,lol-ckz-mea-2026-09-09-game3,archive,0.0,0.0,0.0
2,116520885021783361,lol-fue-z5-2026-08-24-game1,synthetic,0.0,0.0,0.0
2,115548147900684650,lol-fox1-drx-2026-08-09-game1,synthetic,1585.6744690099995,-69.38738437000052,-1655.06185338
2,115565671526403002,lol-fxw7-lll-2026-08-02-game1,synthetic,0.0,-39.30000000000001,-39.30000000000001
2,116634566270405040,lol-hrts-fsk-2026-06-11-game1,synthetic,0.0,0.0,0.0
2,117030752644841604,lol-gen-kt-2026-09-01-game3,archive,-73.18369999999982,-88.76810000000023,-15.584400000000414
2,115548147900684655,lol-ns-fox1-2026-08-01-game2,synthetic,-0.8100000000000005,-582.0220703500007,-581.2120703500008
2,116833506932193661,lol-koia-bar-2026-07-15-game2,synthetic,0.0,0.0,0.0
2,116923257568665156,lol-mgz-llh-2026-08-25-game4,synthetic,0.0,0.0,0.0
2,116634566264113538,lol-sly-g2nord-2026-06-13-game4,synthetic,69.06539943000001,109.54859942999997,40.483199999999954
2,115548681803406280,lol-fnc-kc-2026-08-09-game1,synthetic,39.218499159999965,39.218499159999965,0.0
2,116634529527025912,lol-kcb-vdn-2026-06-09-game1,synthetic,42.75703611999987,75.28369371999986,32.52665759999999
2,116855104460702336,lol-mkoi-gam-2026-07-15-game2,synthetic,26.192721600000255,39.11456610000033,12.921844500000077
2,116929376557102199,lol-hle1-dnf-2026-08-11-game3,synthetic,92.06760000000008,96.57600000000014,4.5084000000000515
2,116996464901702554,lol-exe-esb-2026-09-14-game4,archive,-41.50760000000014,-39.22760000000005,2.2800000000000864
2,116634566270405068,lol-ps1-wlg-2026-06-11-game1,synthetic,-239.96477316000002,-74.42816812,165.53660504000004
2,116520885021783318,lol-kits-sdm-2026-07-19-game2,synthetic,0.0,0.0,0.0
2,116520885021783380,lol-kits-3v-2026-08-18-game2,synthetic,9.26190651999999,9.26190651999999,0.0
2,116833506932324827,lol-koia-hrts-2026-08-20-game4,synthetic,3.97939929,-20.363240470000036,-24.342639760000036
2,115548681803406336,lol-g2-mkoi-2026-09-20-game3,archive,473.1718000000003,473.1718000000003,0.0
2,116249441374562218,lol-fec-mcn-2026-06-06-game2,synthetic,0.0,0.0,0.0
2,116634566270405085,lol-es1-anb-2026-06-10-game2,synthetic,0.0,0.0,0.0
2,116884625060929771,lol-cnv-dog-2026-07-30-game2,synthetic,-4.220987229999977,-4.220987229999977,0.0
2,116929376557102185,lol-hle1-gen-2026-08-10-game1,synthetic,-17.13966729000009,-154.43213623999986,-137.29246894999977
2,116855104460702319,lol-sen-gen-2026-07-16,synthetic,0.0,0.0,0.0
2,115570934355614529,lol-blg-t1-2026-07-04-game2,synthetic,-126.84804352000029,-27.439200710000023,99.40884281000027
2,116793933806066939,lol-fec-mcn-2026-09-08-game3,archive,0.0,261.86034806,261.86034806
2,115548681803406116,lol-vit-th-2026-07-31-game1,synthetic,-32.79079999999999,-19.78878992,13.002010079999991
2,116929376557102181,lol-bro2-drx-2026-08-04-game1,synthetic,0.0,-23.20789999999988,-23.20789999999988
2,115548147900684586,lol-dk-gen-2026-08-22-game1,synthetic,167.84329963999994,299.0228996399999,131.17959999999994
2,116793933806066858,lol-ban2-dyn1-2026-08-25-game2,synthetic,0.0,0.0,0.0
2,115565004607949412,lol-fly-sr-2026-09-25-game1,archive,172.64150000000018,266.8992999999998,94.25779999999963
2,115565671526403065,lol-vks-png1-2026-09-05-game2,archive,0.0,-1.9315999999999995,-1.9315999999999995
2,116520885021783391,lol-z5-fue-2026-09-07-game1,archive,-136.08079996999996,-120.8568999999999,15.223899970000062
2,115565671526403018,lol-png1-fxw7-2026-08-16-game1,synthetic,-84.65160000000003,-293.0255,-208.3739
2,115565671526402947,lol-fur-los-2026-07-25-game2,synthetic,157.27086468999994,197.56196468999997,40.29110000000003
2,116833506932324820,lol-ucam1-hrts-2026-08-19-game3,synthetic,6.054971239999999,-37.011213320000024,-43.066184560000025
2,115548681803406252,lol-sk-mkoi-2026-08-22-game1,synthetic,0.0,-25.460001880000036,-25.460001880000036
2,115570934355614572,lol-tsw-tes-2026-07-04-game3,synthetic,0.0,0.0,0.0
2,116634566264113548,lol-gal-me1-2026-06-13-game2,synthetic,78.28385844,275.00015844000006,196.71630000000005
2,116634566264113537,lol-sly-g2nord-2026-06-13-game3,synthetic,-35.676012799999995,-52.372155309999926,-16.69614250999993
2,116855104460702383,lol-kc-dk-2026-07-19-game3,synthetic,315.04584848000036,315.04584848000036,0.0
2,115548147900684686,lol-bro2-dnf-2026-08-19-game1,synthetic,27.816546300000084,58.31604630000004,30.499499999999955
2,115565671526403070,lol-los-fur-2026-09-13-game1,archive,-2.3999999999999986,0.0,2.3999999999999986
2,115548147900619046,lol-gen-kt-2026-08-19-game1,synthetic,0.0,0.0,0.0
2,116884625146454286,lol-mvu-cpd-2026-07-31-game2,synthetic,203.92149956000003,411.67789956,207.75639999999999
2,116837902961537589,lol-domi-drm-2026-09-03-game4,archive,0.0,0.0,0.0
2,115548681803406212,lol-shft-sk-2026-08-14-game1,synthetic,70.29388770999998,0.0,-70.29388770999998
2,115548681803406184,lol-gx-vit-2026-08-14-game1,synthetic,298.5230994999997,591.5149995000002,292.99190000000044
2,117171782819731184,lol-fsk-g2nord-2026-09-26,archive,-4.800000000000011,-3.7364000000000033,1.063600000000008
2,115565671526402999,lol-lll-png1-2026-07-25-game2,synthetic,-49.08861268000004,-66.36519697000003,-17.276584289999988
2,116792888905448315,lol-cpd-cnv-2026-08-20-game1,synthetic,56.32099999999997,32.69739999999996,-23.62360000000001
2,116833506932128109,lol-ucam1-hrts-2026-07-14-game2,synthetic,0.0,-360.64485759,-360.64485759
2,116837891489387017,lol-wge-tung-2026-08-19-game2,synthetic,0.0,0.0,0.0
2,115548681803340577,lol-navi-th-2026-08-17-game2,synthetic,409.9490991,315.8377981799995,-94.11130092000053
2,116833506932193676,lol-flk-bar-2026-08-06-game1,synthetic,0.0,0.0,0.0
2,115570934355614506,lol-kc-dcg-2026-06-27-game3,synthetic,0.0,0.0,0.0
2,115548147900619027,lol-hle1-kt-2026-08-15-game2,synthetic,0.0,0.0,0.0
2,116793933806066889,lol-fec-myth-2026-08-25-game1,synthetic,0.0,0.0,0.0
2,116855104460702311,lol-g2-dk-2026-07-16-game1,synthetic,544.6905924500002,551.2338673900001,6.543274939999947
2,115565671526402998,lol-lll-png1-2026-07-25-game1,synthetic,-449.4931,-281.1401,168.353
2,116996464901702571,lol-nbs-esb-2026-09-20-game3,archive,0.0,0.0,0.0
2,116793933806066882,lol-ouat-znt-2026-08-04-game2,synthetic,0.0,0.0,0.0
2,115548681803406217,lol-mkoi-shft-2026-07-31-game2,synthetic,-15.52801699000031,-106.09428934000005,-90.56627234999974
2,115548681803406294,lol-kc-gx-2026-09-05-game3,archive,0.0,0.0,0.0
2,115548147900684682,lol-ns-bro2-2026-08-14-game1,synthetic,477.64029771,16.81049771000005,-460.8298
2,115548147900684667,lol-drx-dnf-2026-08-06-game2,synthetic,671.3877261999999,686.3250718299996,14.937345629999754
2,116634566270405032,lol-hrts-kcb-2026-06-10-game1,synthetic,0.0,0.0,0.0
2,116793933806066933,lol-ban2-mcn-2026-09-01-game1,archive,0.0,0.0,0.0
2,115570934355614542,lol-hle1-tsw-2026-07-02-game3,synthetic,0.0,0.0,0.0
2,116793933806066821,lol-mcn-ouat-2026-07-21-game1,synthetic,0.0,0.0,0.0
2,116833506932259272,lol-lua-flk-2026-07-14-game1,synthetic,1.3844999999999956,20.04929971999998,18.664799719999984
2,115570934355614590,lol-ly-tsw-2026-07-08-game3,synthetic,0.0,4.307599020000012,4.307599020000012
2,116793933806066905,lol-fec-ban2-2026-07-16-game1,synthetic,0.0,0.0,0.0
2,116634566270405081,lol-sly-bombat-2026-06-10-game2,synthetic,0.0,0.0,0.0
2,115548681803406245,lol-gx-kc-2026-08-17-game2,synthetic,167.7904000000001,167.7904000000001,0.0
2,116634566270405056,lol-g2nord-ps1-2026-06-10-game1,synthetic,10.976784299999998,34.25559999999999,23.27881569999999
2,116833506932193700,lol-ub-koia-2026-08-04-game1,synthetic,0.0,0.0,0.0
2,116833506932193664,lol-bar-ub-2026-08-12-game1,synthetic,0.0,0.0,0.0
2,115548681803406132,lol-mkoi-th-2026-08-30-game1,synthetic,9.446973340000039,1.0082733399999881,-8.43870000000005
2,116929376557102194,lol-gen-dnf-2026-08-10-game2,synthetic,0.0,0.0,0.0
2,115548147900684646,lol-dnf-bro2-2026-08-02-game1,synthetic,-52.26019999999997,-52.26019999999997,0.0
2,116837891489387012,lol-fcn2-gde-2026-08-19-game1,synthetic,0.0,0.0,0.0
2,115564797163886773,lol-dig-ly-2026-08-09-game2,synthetic,0.0,0.0,0.0
2,115565671526403006,lol-lll-lev-2026-08-16-game1,synthetic,0.0,0.0,0.0
2,116996464901636952,lol-exe-esb-2026-09-03-game2,archive,0.0,0.0,0.0
2,115570934355614531,lol-blg-t1-2026-07-04-game4,synthetic,-50.06100246000017,-50.06100246000017,0.0
2,117275453885353213,lol-est-9zg-2026-09-29-game1,archive,0.0,0.0,0.0
2,115565671526403035,lol-fxw7-lev-2026-07-26-game2,synthetic,32.02580000000005,20.180000000000035,-11.845800000000011
2,115548681803406117,lol-vit-th-2026-07-31-game2,synthetic,-51.840904140000006,-62.35150266000004,-10.51059852000003
2,115565670260181879,lol-fur-los-2026-06-06-game4,synthetic,1.0751999999999997,0.9215999999999998,-0.15359999999999996
2,116833506932193660,lol-koia-bar-2026-07-15-game1,synthetic,0.0,0.0,0.0
2,117054582581341053,lol-nbs-ckz-2026-08-18-game1,synthetic,0.0,0.0,0.0
2,116855104460702326,lol-kc-sen-2026-07-16-game2,synthetic,264.7021043200002,312.9265043200003,48.22440000000006
2,116837902961537595,lol-bublik-tos-2026-09-07-game4,archive,0.0,0.0,0.0
2,116520885021717717,lol-3v-fue-2026-07-18-game1,synthetic,0.0,0.0,0.0
2,115570934355614559,lol-hle1-g2-2026-07-05-game2,synthetic,25.515964480000036,26.59596448000002,1.079999999999984
2,115570934355614560,lol-hle1-g2-2026-07-05-game3,synthetic,0.0,171.42720000000008,171.42720000000008
2,116923238535448312,lol-rlx-lps-2026-08-04-game2,synthetic,0.0,0.0,0.0
2,116793933806066925,lol-znt-sec-2026-07-16-game1,synthetic,0.0,0.0,0.0
2,116855104460702353,lol-jdg-milo-2026-07-16-game1,synthetic,0.0,0.0,0.0
2,116884625182630168,lol-mvu-cont-2026-08-07-game2,synthetic,89.64450000000033,391.6001000000001,301.9555999999998
2,115564797163886744,lol-c9-dsg-2026-08-08-game1,synthetic,53.97189980000002,51.420199800000006,-2.551700000000011
2,116833506932324830,lol-bar-ucam1-2026-08-20-game1,synthetic,134.0304,134.0304,0.0
2,116520885021783374,lol-3v-lyna-2026-08-17-game2,synthetic,30.880999999999986,31.108099999999993,0.22710000000000719
2,116884625060929770,lol-cnv-dog-2026-07-30-game1,synthetic,-620.7628000000001,-620.7628000000001,0.0
2,116855104460702339,lol-gam-t1-2026-07-16-game1,synthetic,0.0,0.0,0.0
2,115570934355614541,lol-hle1-tsw-2026-07-02-game2,synthetic,0.0,0.0,0.0
2,116520885021717725,lol-pls1-fue-2026-07-19-game1,synthetic,0.0,0.0,0.0
2,116996464901636956,lol-ot-esb-2026-08-12-game2,synthetic,0.0,0.0,0.0
2,116996464901636993,lol-nbs-exe-2026-09-08-game3,archive,0.0,0.0,0.0
2,116833506932128116,lol-hrts-flk-2026-07-30-game1,synthetic,0.0,0.0,0.0
2,116996464901636943,lol-mea-ckz-2026-08-12-game1,synthetic,0.0,0.0,0.0
2,115548147900684658,lol-dnf-fox1-2026-07-30-game1,synthetic,37.548399630000006,42.02599963,4.477599999999995
2,116793933806066914,lol-fec-sec-2026-07-21-game2,synthetic,0.0,0.0,0.0
2,116855104460702308,lol-fur-dk-2026-07-15-game2,synthetic,0.0,0.0,0.0
2,116833506932193688,lol-ucam1-gxp-2026-08-04-game1,synthetic,0.0,0.0,0.0
2,116634566264113532,lol-ucam1-kcb-2026-06-13-game4,synthetic,0.0,2.816524669999998,2.816524669999998
2,116923238535448351,lol-hool-rlx-2026-08-13-game1,synthetic,0.0,0.0,0.0
2,115565671526402979,lol-los-png1-2026-08-10-game2,synthetic,38.294399999999996,38.294399999999996,0.0
2,116923238535448387,lol-hool-spk-2026-07-29-game1,synthetic,0.0,0.0,0.0
2,115570934355614540,lol-hle1-tsw-2026-07-02-game1,synthetic,0.0,0.0,0.0
2,116634529527025894,lol-bombat-fec-2026-06-08,synthetic,0.0,0.0,0.0
2,116520885021717729,lol-lyna-z5-2026-07-19-game1,synthetic,0.0,0.0,0.0
2,115565671526468627,lol-los-lll-2026-09-27-game4,archive,-185.1413136299997,-104.85279999999989,80.28851362999981
2,115548128963037592,lol-t1-gen-2026-06-14,synthetic,0.0,-303.9550090900002,-303.9550090900002
2,116996464901636933,lol-esb-ckz-2026-08-26,synthetic,0.0,0.0,0.0
2,117173205363099686,lol-ckz-tos-2026-09-23-game1,archive,-13.436533049999994,-11.988049910000008,1.4484831399999862
2,116837891489387006,lol-tos-nort-2026-08-13,synthetic,0.0,0.0,0.0
2,116634566270405098,lol-es1-anb-2026-06-12,synthetic,-48.40694376000003,-49.64764376000003,-1.2406999999999968
2,116833506932324828,lol-koia-hrts-2026-08-20,synthetic,0.0,0.0,0.0
2,116996464901636921,lol-ot-brt-2026-08-19,synthetic,0.0,8.425124999999994,8.425124999999994
2,116634566270405038,lol-pcific-fsk-2026-06-10,synthetic,63.617150559999956,30.447117639999867,-33.17003292000009
2,117173205363099695,lol-su-vdn-2026-09-23-game2,synthetic,583.2559789500006,620.0679789500002,36.81199999999967
2,115548147900619040,lol-kt-t1-2026-08-21,synthetic,0.0,0.0,0.0
2,116793933806066871,lol-ouat-myth-2026-07-14,synthetic,-35.4587,-35.4587,0.0
2,115548681803406278,lol-g2-mkoi-2026-07-24,synthetic,67.42303883999989,121.27194411999972,53.848905279999826
2,115548681803406226,lol-shft-kc-2026-08-23,synthetic,21.42840000000001,267.30409999999995,245.87569999999994
2,117171782819665578,lol-sc-ap-2026-09-21,archive,-75.72661904999993,-419.2578493600003,-343.5312303100004
2,117171782819731145,lol-ucam1-mcn-2026-09-21-game2,archive,0.0,0.0,0.0
2,117171782819731141,lol-su-vdn-2026-09-21-game2,synthetic,158.15330992000003,161.37160991999997,3.2182999999999424
2,116996464901636998,lol-ckz-mea-2026-09-09-game2,archive,0.0,0.0,0.0
2,116793933806066859,lol-ban2-dyn1-2026-08-25,synthetic,0.0,0.0,0.0
2,116855104460702375,lol-t1-kc-2026-07-18,synthetic,-42.44630133999988,-6.732301339999879,35.714
2,116923257568665147,lol-tsc-defini-2026-08-20,synthetic,0.0,0.0,0.0
2,116929405329586421,lol-ns-bro2-2026-07-20,synthetic,68.01824178999975,65.91617618999976,-2.102065599999989
2,116837891489386998,lol-drm-capy-2026-08-12,synthetic,0.0,5.495644399999993,5.495644399999993
2,115548147900750232,lol-fox1-ns-2026-08-23,synthetic,-200.05620039999917,-143.94120039999984,56.11499999999933
2,115548128963037572,lol-kt-dk-2026-06-07-game3,synthetic,-65.49380436000013,-97.37346015000013,-31.87965579
2,117171782819665585,lol-sc-lds-2026-09-22-game2,archive,0.0,-8.800000000000011,-8.800000000000011
2,117171782819731140,lol-su-vdn-2026-09-21-game1,synthetic,-117.3601096899998,-400.17544288000056,-282.81533319000073
2,115570934355614550,lol-g2-tes-2026-07-04,synthetic,563.2997294199996,439.20762201000025,-124.09210740999936
2,116793933806066959,lol-mcn-sec-2026-09-15-game3,archive,0.0,-209.97099999999995,-209.97099999999995
2,116634566270405074,lol-g2nord-wlg-2026-06-12,synthetic,35.19454712000004,269.04512380000074,233.8505766800007
2,117171782819796778,lol-pcific-ucam1-2026-09-28,archive,-1.4301005500000015,-2.633500550000001,-1.2033999999999994
2,117171782819731208,lol-jsk-su-2026-09-27,synthetic,-45.213455509999946,-9.719187760000068,35.49426774999988
2,116634566270405096,lol-es1-anb-2026-06-12-game1,synthetic,-0.8181809999999999,-0.8181809999999999,0.0
2,117030752644841638,lol-hle1-t1-2026-09-12-game1,archive,122.9984999999997,113.19710059999989,-9.80139939999981
2,116837891489387005,lol-tos-nort-2026-08-13-game2,synthetic,0.0,0.0,0.0
2,116929405306255602,lol-ns-fox1-2026-07-20,synthetic,0.0,0.0,0.0
2,116996464901636923,lol-mea-brt-2026-09-01-game1,archive,22.779960109999998,22.129960109999992,-0.6500000000000057
2,116996464901702566,lol-ckz-esb-2026-09-19-game4,synthetic,0.0,0.0,0.0
2,116855104460702333,lol-blg-t1-2026-07-16,synthetic,-213.0006027899999,-325.1724057099997,-112.17180291999978
2,117030752644841621,lol-gen-hle1-2026-09-05-game2,archive,320.0520129499998,-47.20862455000008,-367.26063749999986
2,116793933806066845,lol-ouat-dyn1-2026-08-18-game1,synthetic,0.0,0.0,0.0
2,116837902961537604,lol-tos-wd-2026-09-13-game1,archive,9.698955659999982,17.033327080000007,7.334371420000025
2,115548128963037589,lol-t1-gen-2026-06-14-game2,synthetic,-203.57840000000022,-213.4184017600001,-9.840001759999893
2,116996464901571353,lol-esb-bg2-2026-09-05,archive,-46.50612483999991,-28.46663505999993,18.039489779999982
2,116855104460702374,lol-t1-kc-2026-07-18-game2,synthetic,-3.9715999999996257,0.0,3.9715999999996257
2,116884625039565024,lol-cnv-wu-2026-07-23-game1,synthetic,-8.399999999999999,-8.849999999999998,-0.4499999999999993
2,117171782819796770,lol-tlnpir-jsk-2026-09-28,synthetic,-12.65321555,0.0,12.65321555
2,117030752644841640,lol-hle1-t1-2026-09-12-game3,archive,343.51219999999967,95.15120029999957,-248.3609997000001
2,117171782819731126,lol-use1-tos-2026-09-21-game1,archive,0.0,0.0,0.0
2,116520885021783371,lol-kits-sdm-2026-08-11,synthetic,0.0,0.0,0.0
2,116884625201897758,lol-mvu-dog-2026-07-16,synthetic,0.4078891000000002,0.8003890999999932,0.39249999999999297
2,115548147900750247,lol-dnf-ns-2026-08-12-game2,synthetic,-289.0858882399997,-157.19548719,131.8904010499997
2,116837891489387026,lol-nort-tung-2026-08-20,synthetic,0.0,0.0,0.0
2,116793933806066867,lol-dyn1-sec-2026-08-11,synthetic,-4.948666000000003,67.48669999999998,72.43536599999999
2,116996464901702558,lol-mea-esb-2026-09-16-game2,archive,37.65036512999996,86.91324009000004,49.26287496000008
2,117171782819927872,lol-tlnpir-anb-2026-09-29-game1,archive,0.0,-53.83696885000002,-53.83696885000002
2,116793933806066929,lol-fec-sec-2026-09-01-game1,archive,0.0,0.0,0.0
2,116996464901636920,lol-ot-brt-2026-08-19-game2,synthetic,0.0,0.0,0.0
2,116855104460702345,lol-ly-jdg-2026-07-15,synthetic,38.89943184000015,114.86207700000003,75.96264515999988
2,115565671526403044,lol-vks-fxw7-2026-08-07,synthetic,302.27615676000005,474.3045202200001,172.02836346000004
2,116520885021783379,lol-kits-3v-2026-08-18-game1,synthetic,0.0,0.0,0.0
2,117030752644841634,lol-t1-dk-2026-09-06-game3,archive,-104.98209999999983,-40.30270061999977,64.67939938000006
2,115548147900619031,lol-dk-hle1-2026-08-20-game2,synthetic,0.0,21.428399999999783,21.428399999999783
2,116837902961537575,lol-tos-fcn2-2026-08-27-game2,synthetic,269.01904276,0.0,-269.01904276
2,116855104460702381,lol-kc-dk-2026-07-19-game1,synthetic,0.0,0.0,0.0
2,115548147900619022,lol-gen-hle1-2026-08-13-game1,synthetic,-382.8215420900002,9.647301559999676,392.4688436499999
2,116837891489386988,lol-zzg-exg-2026-08-06-game1,synthetic,0.0,0.0,0.0
2,115565004607949420,lol-ly-sr-2026-09-26-game3,archive,-14.534217339999884,-24.68510137999982,-10.150884039999937
2,117171782819927884,lol-big1-bombat-2026-09-29,synthetic,-5.552491090000007,-5.048593090000111,0.5038979999998965
2,116855104460702366,lol-gen-jdg-2026-07-17-game2,synthetic,60.98920854000016,-29.62960000000004,-90.6188085400002
2,115564797163821197,lol-sen-sr-2026-08-08-game2,synthetic,3.1539999999999964,15.10200000000009,11.948000000000093
2,116634566264113567,lol-sly-gal-2026-06-15-game3,synthetic,14.873849500000006,2.468849499999976,-12.40500000000003
2,116996464901637011,lol-mea-brt-2026-09-10-game3,archive,0.0,0.0,0.0
2,116833506932193694,lol-gxp-lua-2026-08-05,synthetic,5.072199999999999,4.7894000000000005,-0.28279999999999816
2,115570934355614585,lol-g2-t1-2026-07-08-game4,synthetic,46.513000000000034,305.0486570200002,258.53565702000014
2,115548147900553443,lol-t1-hle1-2026-08-08-game2,synthetic,-28.650978780000003,-114.87677472000007,-86.22579594000007
2,116833506932128106,lol-hrts-ub-2026-08-06,synthetic,0.0,0.0,0.0
2,116929376557102203,lol-t1-dnf-2026-08-17-game1,synthetic,0.0,-149.65919015999998,-149.65919015999998
2,116996464901702557,lol-mea-esb-2026-09-16-game1,archive,-202.67142132999996,-57.63344075999994,145.03798057
2,116792888905448370,lol-mvu-nrg-2026-09-09-game2,archive,0.1083330800000013,-49.215674740000054,-49.324007820000055
2,117173205363099675,lol-ap-piv-2026-09-22-game2,archive,2.289999999999999,-368.93310699999995,-371.22310699999997
2,117171782819927900,lol-hmble-sec-2026-09-29,archive,-12.86239999999998,-40.135031159999954,-27.272631159999975
2,115548681803406317,lol-vit-mkoi-2026-09-12-game2,archive,127.82129999999995,129.2950469699997,1.4737469699997519
2,116996464901636979,lol-mea-ot-2026-09-02-game1,archive,0.0,0.0,0.0
2,116634566270405073,lol-g2nord-wlg-2026-06-12-game2,synthetic,0.7933959999999978,1.0777950599999961,0.28439905999999837
2,116792888905382773,lol-cnv-blue-2026-08-14,synthetic,935.9928192899997,937.7293000000002,1.7364807100004782
2,116929376557102209,lol-ns-dnf-2026-08-18-game1,synthetic,-15.762500000000045,-322.05826324999987,-306.2957632499998
2,115548681803406228,lol-g2-shft-2026-08-15-game1,synthetic,0.0,0.0,0.0
2,116520885021783392,lol-z5-fue-2026-09-07-game2,archive,0.08135893999999944,0.0013589400000002527,-0.07999999999999918
2,115548681803406152,lol-navi-shft-2026-08-03-game1,synthetic,-28.129460799999947,-53.94456079999998,-25.81510000000003
2,117030752644841602,lol-gen-kt-2026-09-01-game1,archive,3.4961999999999875,-160.24530149999998,-163.74150149999997
2,115548147900619042,lol-t1-dk-2026-08-14-game1,synthetic,0.0,90.9378273799999,90.9378273799999
2,115548128963037577,lol-hle1-t1-2026-06-12-game2,synthetic,-378.60245872000013,-368.3407709899997,10.261687730000403
2,116520885021783269,lol-sdm-z5-2026-07-18-game1,synthetic,47.12620000000004,82.76507000000004,35.63887
2,115548681803406173,lol-kc-navi-2026-08-01-game2,synthetic,0.0,0.0,0.0
2,116634529527025852,lol-gmb-nbs-2026-06-08,synthetic,0.0,0.0,0.0
2,116837902961537593,lol-bublik-tos-2026-09-07-game2,archive,32.41999999999999,32.41999999999999,0.0
2,116793933806066964,lol-fec-sec-2026-09-17-game2,archive,0.8799999999999999,1.6799999999999997,0.7999999999999998
2,115548128963037583,lol-gen-kt-2026-06-13-game2,synthetic,18.51849999999996,-16.287300000000414,-34.805800000000374
2,116884625219920162,lol-blue-ccg-2026-07-17-game2,synthetic,0.0,-90.32980000000016,-90.32980000000016
2,117171782819927876,lol-hrts-kcb-2026-09-29-game1,archive,-288.2845750199998,-256.0013992199998,32.28317579999998
2,117171782819927856,lol-bombat-su-2026-09-28,synthetic,-826.1762709199999,-380.1075987000005,446.06867221999937
2,116929376557102158,lol-ns-t1-2026-08-03-game2,synthetic,-136.9234549299996,-240.2093324899995,-103.2858775599999
2,115548681803406241,lol-fnc-gx-2026-08-30-game2,synthetic,-548.3879458400008,-252.23844584000074,296.1495000000001
2,116833506932193704,lol-ucam1-koia-2026-08-05-game1,synthetic,-11.884841179999967,0.0,11.884841179999967
2,116792888905448382,lol-cpd-mvu-2026-09-11-game2,archive,-44.42077308000012,162.20547459999966,206.62624767999978
2,116793933806066865,lol-dyn1-sec-2026-08-11-game1,synthetic,-4.399200000000004,-4.399200000000004,0.0
2,116929405156047066,lol-gen-hle1-2026-07-21,synthetic,511.77390000000014,588.0925856900002,76.31868569000005
2,116855104460702357,lol-hle1-t1-2026-07-17-game1,synthetic,-126.45357411000009,-714.9798074500001,-588.52623334
2,116923257568665153,lol-mgz-llh-2026-08-25-game1,synthetic,0.0,0.0,0.0
2,115548681803406232,lol-gx-sk-2026-08-01-game1,synthetic,88.33975654999995,169.7572546099998,81.41749805999984
2,117171782819927880,lol-g2nord-rs-2026-09-29,synthetic,-0.6798000000000002,0.0,0.6798000000000002
2,116634566264113566,lol-sly-gal-2026-06-15-game2,synthetic,18.142666179999935,-44.4708655800001,-62.613531760000036
2,115570934355614552,lol-blg-ly-2026-07-05-game1,synthetic,118.86915724999926,-64.2067000000003,-183.07585724999956
2,116996464901637005,lol-nbs-ckz-2026-09-15-game3,archive,0.0,0.0,0.0
2,116793933806066918,lol-ban2-znt-2026-07-23-game2,synthetic,39.656399999999394,-231.96910995999986,-271.62550995999925
2,116837902961537568,lol-hype-bublik-2026-08-26-game1,synthetic,0.0,0.0,0.0
2,115570934355614596,lol-g2-ly-2026-07-10-game3,synthetic,7.638031399999591,-93.78519673000014,-101.42322812999973
2,115548681803406208,lol-shft-gx-2026-08-07-game1,synthetic,-77.84390000000008,-21.279621919999983,56.56427808000009
2,117171782819927892,lol-cg-su-2026-09-29,synthetic,5.44556768,5.44556768,0.0
2,115570934355614595,lol-g2-ly-2026-07-10-game2,synthetic,-643.7517689,-95.09988320999969,548.6518856900003
2,117171782819731170,lol-jsk-bar-2026-09-26,synthetic,0.0,-129.6448000000001,-129.6448000000001
2,116929376557102173,lol-t1-hle1-2026-08-04-game1,synthetic,45.99450000000005,0.39999999999997726,-45.594500000000075
2,116170292916656916,lol-wu-ccg-2026-06-04-game3,synthetic,792.0865622199997,866.1053815199996,74.0188192999999
2,116996464901636951,lol-exe-esb-2026-09-03-game1,archive,0.0,0.0,0.0
2,117030752644841616,lol-fox1-dk-2026-09-03-game3,archive,357.52869946999954,-147.1502573599999,-504.67895682999944
2,116634529527025856,lol-bombat-mgz-2026-06-08,synthetic,0.0,0.0,0.0
2,115570934355614535,lol-ly-fur-2026-07-03-game2,synthetic,-0.8999999999999986,-0.8999999999999986,0.0
2,116634529527025848,lol-ewi-tos-2026-06-08,synthetic,0.0,0.0,0.0
2,116833506932128097,lol-gxp-hrts-2026-07-23-game2,synthetic,0.26049971999999855,10.817299720000001,10.556800000000003
2,116996464901636960,lol-mea-esb-2026-09-06-game2,archive,0.0,0.0,0.0
2,116833506932193668,lol-bar-ucam1-2026-07-22-game1,synthetic,0.0,63.28539999999994,63.28539999999994
2,116884625134461192,lol-mvu-ccg-2026-08-06-game1,synthetic,301.8783000000002,16.51569999999981,-285.3626000000004
2,115548147900619026,lol-hle1-kt-2026-08-15-game1,synthetic,-402.0051700199997,-746.1544016999998,-344.14923168000007
2,116295727286716938,lol-hrts-ucam1-2026-06-05-game3,synthetic,133.35980068999993,123.39367540999979,-9.966125280000142
2,115564797163821182,lol-dig-sen-2026-07-25,synthetic,6.158399419999995,8.052799419999992,1.8943999999999974
2,116634566264113565,lol-sly-gal-2026-06-15-game1,synthetic,-105.55450000000005,-245.97550000000007,-140.42100000000002
2,116792888905448312,lol-ccg-cont-2026-08-14-game2,synthetic,-40.16442152000005,-178.41851372000065,-138.2540922000006
2,117173205363099679,lol-sc-piv-2026-09-23-game2,archive,-65.12227110999999,-44.80525880000005,20.31701230999994
2,115565004607949413,lol-fly-sr-2026-09-25-game2,archive,-163.63094401000012,-140.50130107000024,23.129642939999883
2,115548147900684591,lol-kt-dk-2026-08-12-game2,synthetic,84.45349917999988,102.47009918000003,18.016600000000153
2,115548147900684651,lol-fox1-drx-2026-08-09-game2,synthetic,41.311368899999934,41.311368899999934,0.0
2,117171782819927866,lol-cg-wd-2026-09-28,archive,13.186179119999991,84.67300004999993,71.48682092999994
2,116833506932324842,lol-koia-ucam1-2026-09-02-game3,archive,-0.12125373999999134,10.245303280000002,10.366557019999993
2,116833506932259277,lol-koia-bar-2026-08-18-game2,synthetic,-8.683257420000015,0.20000000000000018,8.883257420000014
2,115548147900553467,lol-dk-t1-2026-08-06-game2,synthetic,148.15930161000017,-47.729921439999885,-195.88922305000006
2,116996464901636912,lol-esb-brt-2026-08-25-game2,synthetic,0.0,0.0,0.0
2,115564797164345557,lol-sr-fly-2026-09-06-game2,archive,-177.6841890099999,-303.7918988000003,-126.1077097900004
2,116996464901636935,lol-exe-ckz-2026-09-01-game1,synthetic,0.0,0.0,0.0
2,115548128963037571,lol-kt-dk-2026-06-07-game2,synthetic,873.9476115300001,1040.9402307599992,166.99261922999904
2,116833506932193708,lol-koia-lua-2026-07-23-game1,synthetic,0.0,-57.14239999999998,-57.14239999999998
2,115570934355614607,lol-blg-hle1-2026-07-12-game2,synthetic,-211.0289994,-424.2789623199999,-213.2499629199999
2,116837891489386996,lol-drm-capy-2026-08-12-game1,synthetic,0.0,0.0,0.0
2,116884625236435239,lol-blue-cpd-2026-07-23-game2,synthetic,-67.95249999999999,7.118297170000005,75.07079716999999
2,117171782819927886,lol-pcific-nbs-2026-09-29,archive,183.63164583000002,165.77764583000004,-17.853999999999985
2,115564797163886757,lol-c9-sr-2026-08-30-game2,synthetic,-255.56464652,-196.90500734,58.65963918
2,115548147900553442,lol-t1-hle1-2026-08-08-game1,synthetic,150.2647920999999,14.022399099999774,-136.24239300000013
2,117030752644841603,lol-gen-kt-2026-09-01-game2,archive,11.542200000000093,26.77023224999982,15.228032249999728
2,115548147900553463,lol-t1-kt-2026-07-29-game2,synthetic,-824.9315083600001,-801.91070908,23.02079928000012
2,117030752644841610,lol-hle1-t1-2026-09-02-game3,synthetic,414.34386616000006,69.1369021500002,-345.20696400999987
2,116793933806001282,lol-mcn-dyn1-2026-07-14-game2,synthetic,-32.919100000000086,-477.77729999999985,-444.8581999999998
2,115564797163821185,lol-dsg-sen-2026-08-23-game2,synthetic,7.10899972,9.37209971999998,2.26309999999998
2,117171782819796780,lol-khk-sec-2026-09-28,archive,0.0,0.0,0.0
2,115564797163886749,lol-fly-c9-2026-08-16-game2,synthetic,41.992286469999954,79.50928039000007,37.51699392000012
2,115548681803406323,lol-navi-mkoi-2026-09-18-game2,archive,321.25796012000023,364.42684145,43.16888132999975
2,116884625039565025,lol-cnv-wu-2026-07-23-game2,synthetic,6.986600000000006,6.150600000000026,-0.8359999999999808
2,116884625259372843,lol-blue-wu-2026-08-05-game1,synthetic,-3.4139999999999944,-27.26560000000012,-23.851600000000126
2,115548681803406128,lol-th-sk-2026-08-21-game1,synthetic,0.0,-113.3191223799999,-113.3191223799999
2,116929405173020893,lol-kt-gen-2026-07-27,synthetic,0.0,0.0,0.0
2,115548147900750231,lol-fox1-ns-2026-08-23-game2,synthetic,172.83415012000023,-10.751171179999915,-183.58532130000015
2,115548681803406272,lol-kc-mkoi-2026-07-25-game1,synthetic,-166.6362272200002,-225.98714897000048,-59.35092175000028
2,115548681803406293,lol-kc-gx-2026-09-05-game2,archive,-128.41682104000014,-130.64774123000007,-2.230920189999921
2,116793933806066938,lol-fec-mcn-2026-09-08-game2,archive,-4.385263160000029,12.628299420000005,17.013562580000034
2,116996464901636924,lol-mea-brt-2026-09-01-game2,archive,0.0,0.0,0.0
2,116833506932324841,lol-koia-ucam1-2026-09-02-game2,archive,0.0,0.0,0.0
2,116634529527091481,lol-me1-ewi-2026-06-12-game2,synthetic,0.0,0.0,0.0
2,117030752644841629,lol-kt-dk-2026-09-04-game4,archive,18.427900000000136,290.89039387000037,272.46249387000023
2,117030752644841574,lol-kt-bro2-2026-08-26-game3,synthetic,0.0,-185.1734345299999,-185.1734345299999
2,116634566270405072,lol-g2nord-wlg-2026-06-12-game1,synthetic,26.2436766,26.09907659999999,-0.14460000000001116
2,116929376557102182,lol-bro2-drx-2026-08-04-game2,synthetic,-153.16360000000032,-179.1737999999998,-26.010199999999486
2,115564797163886764,lol-dsg-dig-2026-08-22-game1,synthetic,0.0,16.0,16.0
2,116884625094680826,lol-nrg-wu-2026-07-30-game2,synthetic,2.5599991999999996,0.0,-2.5599991999999996
2,115565671526402958,lol-fxw7-fur-2026-08-09-game1,synthetic,32.173715709999975,21.32789963999997,-10.845816070000005
2,115565671526402954,lol-png1-fur-2026-08-22-game1,synthetic,-508.6599,-546.41745,-37.75755000000004
2,116634566270405036,lol-pcific-fsk-2026-06-10-game1,synthetic,0.0,-8.523599999999988,-8.523599999999988
2,115548147900553459,lol-gen-t1-2026-07-31-game2,synthetic,121.16553239999999,-26.974115839999783,-148.13964823999976
2,116837891489387008,lol-zzg-role-2026-08-13-game1,synthetic,0.0,0.0,0.0
2,116837902961537600,lol-wd-domi-2026-09-08-game3,archive,0.0,0.0,0.0
2,115570934355614583,lol-g2-t1-2026-07-08-game2,synthetic,-95.20698377999986,-105.96676658999979,-10.759782809999933
2,116929376557102178,lol-gen-dnf-2026-08-04-game2,synthetic,0.0,7.552599999999998,7.552599999999998
2,116929376557102211,lol-ns-dnf-2026-08-18-game3,synthetic,0.0,738.3925745600006,738.3925745600006
2,115564797163821176,lol-sen-c9-2026-09-05-game1,archive,367.70420000000036,384.07650000000024,16.372299999999882
2,115548147900684590,lol-kt-dk-2026-08-12-game1,synthetic,-83.09604712999995,-42.66341924999996,40.432627879999984
2,116634566264113549,lol-gal-me1-2026-06-13-game3,synthetic,0.0,0.0,0.0
2,115548147900553450,lol-kt-hle1-2026-08-02-game1,synthetic,-172.3274131500002,-69.44931315000002,102.87810000000019
2,116793933806066862,lol-znt-dyn1-2026-07-28-game2,synthetic,0.0,3.6400000000000077,3.6400000000000077
2,115548681803406144,lol-th-g2-2026-08-09-game1,synthetic,0.0,0.0,0.0
2,115548681803406160,lol-sk-navi-2026-08-08-game1,synthetic,473.09547382999983,515.5824990299998,42.48702519999995
2,116792888905448363,lol-mvu-cont-2026-09-03-game1,archive,-16.295564520000006,-13.900662879999997,2.3949016400000094
2,115570934355614578,lol-blg-hle1-2026-07-09-game3,synthetic,172.85808616000054,110.68279197000038,-62.17529419000016
2,115565671526402951,lol-fur-lll-2026-08-07-game2,synthetic,0.0,-876.9434970600003,-876.9434970600003
2,115548147900750235,lol-fox1-dnf-2026-08-15-game2,synthetic,-109.94807965999973,-62.250681089999745,47.69739856999999
2,115548681803406236,lol-mkoi-gx-2026-08-08-game1,synthetic,-21.718601010000015,-18.181001010000017,3.5375999999999976
2,116923238535448399,lol-hool-mgz-2026-08-12-game1,synthetic,0.0,0.0,0.0
2,116566603146713577,lol-bar-koia-2026-06-05-game2,synthetic,182.4303866299999,99.12648663000004,-83.30389999999986
2,115565671526403071,lol-los-fur-2026-09-13-game2,archive,-90.53859911,-95.27859911000002,-4.740000000000009
2,116884625094680825,lol-nrg-wu-2026-07-30-game1,synthetic,171.76686902999995,0.0,-171.76686902999995
2,115565004607949376,lol-c9-sr-2026-09-12-game1,archive,8.081852659999988,7.673008720000027,-0.4088439399999615
2,116520885021783375,lol-3v-lyna-2026-08-17-game3,synthetic,11.81026909999996,-65.62610000000004,-77.4363691
2,115570934355614565,lol-t1-fur-2026-07-06-game2,synthetic,0.0,0.0,0.0
2,116634566270405084,lol-es1-anb-2026-06-10-game1,synthetic,11.495200000000004,0.0,-11.495200000000004
2,115548681803406204,lol-vit-g2-2026-07-25-game1,synthetic,-0.8568000000000007,-227.06460000000004,-226.20780000000005
2,116837891489386968,lol-zzg-wge-2026-07-29,synthetic,0.0,0.0,0.0
2,117054582581341062,lol-nbs-exe-2026-08-20-game2,synthetic,0.0,0.0,0.0
2,116855104460702343,lol-hle1-milo-2026-07-15,synthetic,0.0,0.0,0.0
2,115565671526402994,lol-vks-los-2026-08-15-game1,synthetic,54.63649960000021,118.17119960000002,63.534699999999816
2,116996464901636971,lol-mea-exe-2026-08-13-game1,synthetic,0.0,0.0,0.0
2,115548147900684663,lol-drx-ns-2026-07-29-game2,synthetic,-851.9049719500002,-69.72929999999985,782.1756719500004
2,115565671526402971,lol-vks-fur-2026-08-01-game2,synthetic,-8.01009024,11.11099999999999,19.12109023999999
2,116793933806066921,lol-ban2-sec-2026-08-20-game1,synthetic,0.0,0.0,0.0
2,116793933806066833,lol-mcn-ban2-2026-08-04-game1,synthetic,0.0,0.0,0.0
2,116793933806066881,lol-ouat-znt-2026-08-04-game1,synthetic,0.0,0.0,0.0
2,116793933806066952,lol-sec-ban2-2026-09-10-game2,archive,-258.3476,44.898500099999964,303.2461001
2,117030752644841611,lol-hle1-t1-2026-09-02-game4,archive,-78.23995862000054,-149.20448533000024,-70.9645267099997
2,117171782819731134,lol-use1-ckz-2026-09-22-game1,archive,0.0,0.0,0.0
2,115565671526403019,lol-png1-fxw7-2026-08-16-game2,synthetic,428.93127282,1244.2363367199998,815.3050638999998
2,116996464901636932,lol-esb-ckz-2026-08-26-game2,synthetic,0.0,0.0,0.0
2,117151111922858553,lol-bublik-domi-2026-09-10-game2,archive,0.0,0.0,0.0
2,116634566264113547,lol-gal-me1-2026-06-13-game1,synthetic,0.0,0.0,0.0
2,115548681803406180,lol-shft-vit-2026-08-30-game1,synthetic,-0.1999999999999993,-0.6626892099999946,-0.4626892099999953
2,115548681803406288,lol-g2-kc-2026-07-26-game1,synthetic,9.833105439999937,0.4999984,-9.333107039999936
2,116929376557102198,lol-hle1-dnf-2026-08-11-game2,synthetic,81.87729999999976,101.17609963999996,19.298799640000198
2,116837891489386972,lol-domi-hype-2026-08-05-game1,synthetic,0.0,0.0,0.0
2,116923238535448363,lol-spk-tsc-2026-08-12-game1,synthetic,0.0,0.0,0.0
2,116520885021783349,lol-fue-kits-2026-07-27-game1,synthetic,0.0,0.0,0.0
2,116833506932193705,lol-ucam1-koia-2026-08-05-game2,synthetic,-230.4334003399999,-230.4334003399999,0.0
2,117212895183030066,lol-tsc-mgz-2026-09-10-game2,archive,-14.223999999999998,-14.223999999999998,0.0
2,115548147900684687,lol-bro2-dnf-2026-08-19-game2,synthetic,44.8163532399999,29.803899999999885,-15.012453240000013
2,116929376557102165,lol-dnf-bro2-2026-07-28-game1,synthetic,476.68806839999957,436.9747072600005,-39.71336113999905
2,116996464901702570,lol-nbs-esb-2026-09-20-game2,archive,0.0,0.0,0.0
2,116884625050247398,lol-cnv-cont-2026-08-06-game2,synthetic,418.4043068600008,420.3698764800006,1.9655696199997692
2,117151111922858555,lol-bublik-domi-2026-09-10-game4,archive,0.0,0.0,0.0
2,116520885021783351,lol-fue-kits-2026-07-27-game3,synthetic,0.0,0.0,0.0
2,115548681803406264,lol-sk-g2-2026-08-02-game1,synthetic,0.0,0.0,0.0
2,116634566270405088,lol-sly-es1-2026-06-11-game1,synthetic,0.0,0.0,0.0
2,116929405094115537,lol-dk-t1-2026-07-27,synthetic,0.0,0.0,0.0
2,115548681803406273,lol-kc-mkoi-2026-07-25-game2,synthetic,-221.50960054000006,-217.60960053999997,3.900000000000091
2,115570934355614558,lol-hle1-g2-2026-07-05-game1,synthetic,-198.29126885999972,450.1470022000001,648.4382710599998
2,115548147900553471,lol-kt-gen-2026-08-07-game2,synthetic,-66.12929399999962,26.258175100000244,92.38746909999986
2,116792888905448323,lol-nrg-cont-2026-08-21-game1,synthetic,-118.32520000000022,0.0,118.32520000000022
2,115548681803406205,lol-vit-g2-2026-07-25-game2,synthetic,64.28519999999992,183.2822996299999,118.99709962999998
2,116855104460702340,lol-gam-t1-2026-07-16-game2,synthetic,0.0,0.0,0.0
2,116837891489387016,lol-wge-tung-2026-08-19-game1,synthetic,1.2664991199999953,1.2664991199999953,0.0
2,115565671526403022,lol-lev-png1-2026-08-01-game1,synthetic,87.31959935000015,115.87909935000016,28.559500000000014
2,115564797163886768,lol-dig-fly-2026-08-23-game1,synthetic,-61.84520389000011,-45.79229804000022,16.05290584999989
2,116855104460702321,lol-ts-kc-2026-07-15-game1,synthetic,150.97979095,0.0,-150.97979095
2,117212895183030071,lol-tf3-llh-2026-09-09-game1,synthetic,0.0,0.0,0.0
2,115565671526403050,lol-lev-vks-2026-08-22-game1,synthetic,-0.5,-0.5,0.0
2,115564797164345565,lol-ly-sr-2026-08-02-game2,synthetic,49.82180000000017,403.9990991699999,354.17729916999974
2,117173205363099678,lol-sc-piv-2026-09-23-game1,archive,0.0,0.0,0.0
2,116923238535448311,lol-rlx-lps-2026-08-04-game1,synthetic,0.0,0.0,0.0
2,115564797163886789,lol-ly-dsg-2026-09-06-game2,archive,0.0,0.0,0.0
2,116884625111982335,lol-nrg-cont-2026-08-13-game2,synthetic,0.0,0.0,0.0
2,115570934355614564,lol-t1-fur-2026-07-06-game1,synthetic,0.0,0.0,0.0
2,116249441374562217,lol-fec-mcn-2026-06-06-game1,synthetic,0.0,0.0,0.0
2,115548681803406220,lol-fnc-shft-2026-08-22-game1,synthetic,-20.99695280999994,-20.99695280999994,0.0
2,116520885021783393,lol-z5-fue-2026-09-07-game3,archive,0.3136000699999997,47.22505872999997,46.91145865999997
2,116793933806066834,lol-mcn-ban2-2026-08-04-game2,synthetic,0.0,0.0,0.0
2,115570934355614536,lol-ly-fur-2026-07-03-game3,synthetic,249.1645065600003,591.1923000000002,342.02779343999987
2,116793933806066857,lol-ban2-dyn1-2026-08-25-game1,synthetic,0.0,0.0,0.0
2,116793933806066926,lol-znt-sec-2026-07-16-game2,synthetic,0.0,0.0,0.0
2,115565671526403034,lol-fxw7-lev-2026-07-26-game1,synthetic,0.21099963999999982,0.42139963999999974,0.21039999999999992
2,116923238535448367,lol-mgz-tsc-2026-08-04-game1,synthetic,0.0,0.0,0.0
2,117212895183030065,lol-tsc-mgz-2026-09-10-game1,archive,0.0,0.0,0.0
2,116996464901571348,lol-ckz-bg2-2026-08-20-game2,synthetic,0.0,0.0,0.0
2,116634566270405044,lol-kcb-pcific-2026-06-11-game1,synthetic,0.7200000000000002,1.5,0.7799999999999998
2,116855104460702325,lol-kc-sen-2026-07-16-game1,synthetic,42.44307175000017,850.0349988899998,807.5919271399996
2,116793933806066906,lol-fec-ban2-2026-07-16-game2,synthetic,0.0,0.0,0.0
2,115548147900750226,lol-drx-fox1-2026-08-13-game1,synthetic,-919.00989688,-531.93730585,387.07259103
2,115548668059589398,lol-g2-kc-2026-06-07-game4,synthetic,0.0,-8.898999999999994,-8.898999999999994
2,116833506932259276,lol-koia-bar-2026-08-18-game1,synthetic,0.0,0.0,0.0
2,115565671526402987,lol-los-lev-2026-08-08-game2,synthetic,0.0,0.0,0.0
2,116855104460702354,lol-jdg-milo-2026-07-16-game2,synthetic,0.0,0.0,0.0
2,115570934355614571,lol-tsw-tes-2026-07-04-game2,synthetic,238.39691122,346.85701122,108.46010000000001
2,116792888905448324,lol-nrg-cont-2026-08-21-game2,synthetic,0.0,0.0,0.0
2,115548681803406140,lol-kc-th-2026-08-03-game1,synthetic,0.0,0.5265996299999927,0.5265996299999927
2,116996464901702565,lol-ckz-esb-2026-09-19-game3,synthetic,0.0,0.0,0.0
2,117171782819731186,lol-hrts-esb-2026-09-26,archive,0.0,0.0,0.0
2,117054582581341058,lol-nbs-esb-2026-08-13-game2,synthetic,0.0,0.0,0.0
2,115564797163821181,lol-dig-sen-2026-07-25-game2,synthetic,95.15660000000003,341.3262999999998,246.16969999999975
2,117171782819731198,lol-nbs-tos-2026-09-26,archive,0.0,46.071000000000026,46.071000000000026
2,116837891489387024,lol-nort-tung-2026-08-20-game1,synthetic,0.0,0.0,0.0
2,116833506932193673,lol-lua-bar-2026-07-30-game2,synthetic,0.0,0.0,0.0
2,116833506932259264,lol-ucam1-lua-2026-08-12-game1,synthetic,0.0,0.0,0.0
2,115570934355614576,lol-blg-hle1-2026-07-09-game1,synthetic,-1.2727265600000002,757.7792712400003,759.0519978000003
2,117171782819927858,lol-big1-mgz-2026-09-28,synthetic,0.0,0.0,0.0
2,117212895183030055,lol-tsc-tf3-2026-09-07-game3,synthetic,0.7699999999999996,0.7699999999999996,0.0
2,117054582581341065,lol-nbs-ot-2026-08-11-game1,synthetic,0.0,0.0,0.0
2,116833506932128104,lol-hrts-ub-2026-08-06-game1,synthetic,0.0,0.0,0.0
2,116929376557102169,lol-drx-kt-2026-07-28-game1,synthetic,-38.249844709999934,-10.259003199999995,27.99084150999994
2,117054582581341061,lol-nbs-exe-2026-08-20-game1,synthetic,0.0,0.0,0.0
2,116996464901636991,lol-nbs-exe-2026-09-08-game1,archive,0.0,0.0,0.0
2,116634529527025882,lol-fn-fec-2026-06-08,synthetic,0.0,0.0,0.0
2,117212895183030062,lol-llh-mgz-2026-09-08-game4,archive,2.4800000000000004,1.5199999999999996,-0.9600000000000009
2,116837891489387020,lol-capy-bublik-2026-08-20-game1,synthetic,0.0,0.0,0.0
2,115564797163886785,lol-fly-dsg-2026-08-01-game2,synthetic,50.041679999999985,63.12479999999999,13.083120000000008
2,116833506932193713,lol-koia-flk-2026-07-29-game2,synthetic,0.0,0.0,0.0
2,117151111922858556,lol-bublik-domi-2026-09-10,archive,0.0,0.0,0.0
2,115565671526403067,lol-vks-png1-2026-09-05-game4,archive,23.444563600000016,25.035500000000084,1.5909364000000679
2,116837891489386990,lol-zzg-exg-2026-08-06,synthetic,0.0,0.0,0.0
2,115548668059589399,lol-g2-kc-2026-06-07,synthetic,-131.67847857999982,-45.56699999999995,86.11147857999987
2,116923238535448313,lol-rlx-lps-2026-08-04,synthetic,0.0,0.0,0.0
2,115570934355614610,lol-blg-hle1-2026-07-12,synthetic,-11.451394300000032,28.740048339999333,40.191442639999366
2,115548128963037574,lol-kt-dk-2026-06-07,synthetic,202.00824447000008,32.617305290000104,-169.39093917999998
2,117171782819731149,lol-su-ucam1-2026-09-22-game2,synthetic,33.54189999999994,-71.2410285199999,-104.78292851999984
2,116520885021783365,lol-fue-z5-2026-08-24,synthetic,-5.720000000000002,-148.52411472,-142.80411472
2,116634566264113545,lol-hrts-es1-2026-06-13,synthetic,148.9267950100002,132.06399100999988,-16.862804000000324
2,116923238535448369,lol-mgz-tsc-2026-08-04,synthetic,0.0,0.0,0.0
2,117171782819927905,lol-fsk-tsc-2026-09-29-game2,archive,4.789999999999992,-29.972411799999968,-34.76241179999996
2,117030752644841618,lol-fox1-dk-2026-09-03,archive,64.03249812000004,-27.002843819999725,-91.03534193999977
2,115548147900684676,lol-bro2-fox1-2026-08-21,synthetic,-155.79601172000034,-112.86397892000025,42.93203280000009
2,117173205363099696,lol-su-vdn-2026-09-23,synthetic,-44.31231945000002,-94.48867329000029,-50.176353840000274
2,116793933806066907,lol-fec-ban2-2026-07-16,synthetic,48.678399999999954,55.965486019999986,7.287086020000032
2,116793933806066899,lol-myth-znt-2026-08-13,synthetic,1.9675945500000083,-0.6612054499999829,-2.628799999999991
2,116793933806066923,lol-ban2-sec-2026-08-20,synthetic,-2.1043883600000903,6.3937671999999,8.49815555999999
2,116566603146713578,lol-bar-koia-2026-06-05,synthetic,-16.009327880000285,77.50247300000004,93.51180088000032
2,116833506932324850,lol-hrts-koia-2026-09-06,synthetic,4.599999999999966,7.666499999999981,3.0665000000000155
2,116837891489386989,lol-zzg-exg-2026-08-06-game2,synthetic,0.0,0.0,0.0
2,116855104460702371,lol-blg-dk-2026-07-17,synthetic,256.79099641000016,-104.72188361000023,-361.5128800200004
2,115565004607949390,lol-ly-c9-2026-09-19-game3,archive,-24.193499999999972,-52.805918299999924,-28.612418299999952
2,116634566270405048,lol-fsk-kcb-2026-06-12-game1,synthetic,0.0,66.34756613000002,66.34756613000002
2,115548147900684648,lol-dnf-bro2-2026-08-02,synthetic,0.0,-100.74020000000004,-100.74020000000004
2,116929405232265446,lol-drx-bro2-2026-07-20,synthetic,-121.82168462000035,-135.54671724999992,-13.72503262999956
2,116833506932128094,lol-bar-hrts-2026-07-16,synthetic,-27.039600000000007,-27.489600000000024,-0.45000000000001705
2,116929405206706403,lol-drx-fox1-2026-07-20,synthetic,-68.57280000000017,0.0,68.57280000000017
2,116634566270405049,lol-fsk-kcb-2026-06-12-game2,synthetic,0.0,0.0,0.0
2,115548681803406138,lol-th-fnc-2026-08-07,synthetic,-137.42100000000028,-129.03870000000018,8.3823000000001
2,116170292916656915,lol-wu-ccg-2026-06-04-game2,synthetic,29.51155280000033,28.925827960000227,-0.585724840000104
2,115548147900553456,lol-hle1-dk-2026-07-30,synthetic,12.815200000000004,130.56759148000037,117.75239148000037
2,115565004607949416,lol-fly-sr-2026-09-25,archive,-326.37837735000016,-575.3840905800001,-249.00571322999997
2,116793933806066953,lol-sec-ban2-2026-09-10-game3,archive,-190.67841659000013,-126.39421659000001,64.28420000000011
2,115548147900684656,lol-ns-fox1-2026-08-01,synthetic,-1026.92514271,-264.20632895999984,762.7188137500002
2,115548668059589396,lol-g2-kc-2026-06-07-game2,synthetic,87.15874768000009,0.0,-87.15874768000009
2,116520885021783383,lol-kits-3v-2026-08-18,synthetic,0.0,0.0,0.0
2,115564797163886742,lol-c9-dig-2026-08-01,synthetic,18.601207630000033,18.712000000000018,0.11079236999998443
2,116792888905448378,lol-wu-mvu-2026-09-10-game4,archive,112.8998,70.05209999999998,-42.84770000000002
2,116855104460702305,lol-g2-agal-2026-07-16,synthetic,0.0,-2.8238049699998555,-2.8238049699998555
2,116634529527025934,lol-ucam1-hmble-2026-06-10,synthetic,68.82240000000007,68.82240000000007,0.0
2,115564793879469301,lol-c9-ly-2026-06-07-game1,synthetic,0.0,0.0,0.0
2,115548147900684680,lol-drx-bro2-2026-08-16,synthetic,110.97690000000006,-1.1368683772161603e-13,-110.97690000000017
2,116929376557102187,lol-hle1-gen-2026-08-10,synthetic,40.15188248000061,-104.2549742799996,-144.4068567600002
2,115548147900553480,lol-dk-kt-2026-08-09,synthetic,107.7047976299998,-10.483201249999638,-118.18799887999944
2,116170292916656914,lol-wu-ccg-2026-06-04-game1,synthetic,-30.691544779999987,-6.851756519999974,23.839788260000013
2,116855104460702315,lol-ts-sen-2026-07-15,synthetic,118.79253002000007,14.717900000000043,-104.07463002000003
2,116884625277067570,lol-blue-cont-2026-07-29,synthetic,-1.1048926699999981,-3.281499999999994,-2.176607329999996
2,115548681803406194,lol-mkoi-vit-2026-07-26,synthetic,441.71195099999954,1.8268877599990532,-439.8850632400005
2,116884625236435240,lol-blue-cpd-2026-07-23,synthetic,-27.416915880000488,795.0146756500001,822.4315915300006
2,116923238535448329,lol-hool-lps-2026-07-28,synthetic,10.2,10.2,0.0
2,116884625160413460,lol-mvu-wu-2026-08-13,synthetic,158.43662721999993,50.25464044999997,-108.18198676999997
2,116884625060929772,lol-cnv-dog-2026-07-30,synthetic,80.69800241000002,-37.1352,-117.83320241000001
2,116792888905448371,lol-mvu-nrg-2026-09-09-game3,archive,-36.73609999999999,-37.39699961000002,-0.6608996100000297
2,117173205363099674,lol-ap-piv-2026-09-22-game1,archive,-98.94001099999997,-91.39854300000013,7.541467999999838
2,116929404958783670,lol-dnf-fox1-2026-07-20,synthetic,-1.570502620000184,-12.656476430000012,-11.085973809999828
2,115565671526468626,lol-los-lll-2026-09-27-game3,archive,0.0,-72.49017485999961,-72.49017485999961
2,117030752644841632,lol-t1-dk-2026-09-06-game1,archive,-118.3922531400001,-196.5607779400002,-78.16852480000011
2,116792888905448375,lol-wu-mvu-2026-09-10-game1,archive,0.0,-64.33891456,-64.33891456
2,116996464901702559,lol-mea-esb-2026-09-16-game3,archive,7.841289119999999,7.431422250000011,-0.40986686999998767
2,116923238535448345,lol-spk-rlx-2026-08-06,synthetic,0.0,0.0,0.0
2,115565004607949378,lol-c9-sr-2026-09-12-game3,archive,107.33400044000001,201.67420043999994,94.34019999999992
2,116793933806066965,lol-fec-sec-2026-09-17-game3,archive,0.0,0.0,0.0
2,115548128963037564,lol-dk-bro2-2026-06-06-game1,synthetic,-963.9003000000002,-652.7339831000002,311.1663169000001
2,116634566264113559,lol-gal-es1-2026-06-14-game1,synthetic,0.0,0.0,0.0
2,116634529527025854,lol-goal-mcn-2026-06-08,synthetic,0.0,0.0,0.0
2,117030752644841620,lol-gen-hle1-2026-09-05-game1,archive,-144.26019999999994,-52.37830000000031,91.88189999999963
2,116520885021783267,lol-lyna-z5-2026-07-19,synthetic,0.0,0.0,0.0
2,117030752644841633,lol-t1-dk-2026-09-06-game2,archive,312.57830667000053,33.2959276100007,-279.2823790599998
2,115548668059589395,lol-g2-kc-2026-06-07-game1,synthetic,37.129597149999995,1.1737904499999914,-35.955806700000004
2,116520885021783363,lol-fue-z5-2026-08-24-game3,synthetic,0.0,0.0,0.0
2,115548147900684587,lol-dk-gen-2026-08-22-game2,synthetic,0.0,21.66051188000023,21.66051188000023
2,116855104460702369,lol-blg-dk-2026-07-17-game1,synthetic,19.894600000000082,26.264999080000052,6.37039907999997
2,116792888905448376,lol-wu-mvu-2026-09-10-game2,archive,37.55938827999995,0.0,-37.55938827999995
2,116855104460702373,lol-t1-kc-2026-07-18-game1,synthetic,-24.47719999999999,57.303599340000005,81.78079933999999
2,115548147900619038,lol-kt-t1-2026-08-21-game1,synthetic,-166.86020292,-118.77460379999985,48.085599120000154
2,116855104460702323,lol-ts-kc-2026-07-15,synthetic,11.849815180000292,-9.95343863999949,-21.80325381999978
2,115548147900684640,lol-bro2-drx-2026-07-31,synthetic,256.70967904999986,287.51136699999984,30.801687949999973
2,115548681803406328,lol-kc-mkoi-2026-09-19-game1,archive,15.145800000000065,15.145800000000065,0.0
2,116996464901636915,lol-exe-brt-2026-08-26-game1,synthetic,49.53264626000001,44.60744626000002,-4.92519999999999
2,116929405398989054,lol-t1-ns-2026-07-27,synthetic,0.0,435.33460000000014,435.33460000000014
2,117171782819927904,lol-fsk-tsc-2026-09-29-game1,archive,16.76177702000001,18.65500000000001,1.8932229799999973
2,117171782819731180,lol-rs-khk-2026-09-26,archive,-1.2799999999999994,-0.40000000000000036,0.879999999999999
2,116996464901702560,lol-mea-esb-2026-09-16-game4,archive,0.0,0.0,0.0
2,116929376557102190,lol-dnf-drx-2026-08-10-game2,synthetic,16.162865880000027,20.89666588,4.733799999999974
2,116792888905448383,lol-cpd-mvu-2026-09-11-game3,archive,0.0,0.0,0.0
2,117030752644841579,lol-ns-fox1-2026-08-27-game2,synthetic,16.15966677,10.12019805999995,-6.039468710000051
2,115548681803406218,lol-mkoi-shft-2026-07-31,synthetic,-209.1939794899996,-209.1939794899996,0.0
2,115548147900619039,lol-kt-t1-2026-08-21-game2,synthetic,-185.09110171999998,0.0,185.09110171999998
2,115565670260181878,lol-fur-los-2026-06-06-game3,synthetic,183.12791870000004,339.2768421100002,156.14892341000015
2,115564797164345556,lol-sr-fly-2026-09-06-game1,archive,-78.65330043999985,8.380359420000048,87.0336598599999
2,117054582581341054,lol-nbs-ckz-2026-08-18-game2,synthetic,0.0,0.0,0.0
2,117030752644841575,lol-kt-bro2-2026-08-26-game4,synthetic,-27.41219999999987,-14.650799999999776,12.761400000000094
2,116855104460702331,lol-t1-gam-2026-07-15,synthetic,0.0,0.0,0.0
2,116855104460702329,lol-blg-mkoi-2026-07-15,synthetic,0.0,0.0,0.0
2,115548681803406284,lol-g2-fnc-2026-08-16-game1,synthetic,0.0,-9.65017494,-9.65017494
2,116837902961537594,lol-bublik-tos-2026-09-07-game3,archive,32.68894451999998,31.727312519999984,-0.9616319999999945
2,116793933806066830,lol-fec-mcn-2026-08-11-game2,synthetic,0.0,0.0,0.0
2,117030752644841646,lol-gen-hle1-2026-09-13-game3,archive,-141.41829793999995,-186.14879783999987,-44.73049989999993
2,116634566264113553,lol-sly-ucam1-2026-06-14-game1,synthetic,0.0,0.0,0.0
2,116634566264113554,lol-sly-ucam1-2026-06-14-game2,synthetic,11.127200000000016,24.999799999999993,13.872599999999977
2,116929405140121815,lol-bro2-gen-2026-07-21,synthetic,0.0,0.0,0.0
2,116170292916656920,lol-cnv-ccg-2026-06-05-game1,synthetic,18.28110000000015,28.80100000000016,10.519900000000007
2,117275453885353215,lol-est-9zg-2026-09-29-game3,archive,0.0,0.0,0.0
2,115548681803406201,lol-vit-kc-2026-07-24-game2,synthetic,7.656940060000011,7.656940060000011,0.0
2,115548128963037588,lol-t1-gen-2026-06-14-game1,synthetic,754.7718000000002,762.5568175000008,7.785017500000549
2,116837891489386997,lol-drm-capy-2026-08-12-game2,synthetic,0.0,0.0,0.0
2,116996464901636919,lol-ot-brt-2026-08-19-game1,synthetic,0.0,0.0,0.0
2,116793933806066826,lol-mcn-myth-2026-08-18-game2,synthetic,-55.26242625,-17.177779609999988,38.08464664000001
2,116996464901637015,lol-exe-esb-2026-09-14-game1,archive,12.68685542999998,26.022963579999985,13.336108150000005
2,115548147900619035,lol-t1-gen-2026-08-16-game2,synthetic,0.0,-92.88920000000013,-92.88920000000013
2,116792888905448319,lol-dog-mvu-2026-08-20-game1,synthetic,0.0,0.0,0.0
2,116855104460702370,lol-blg-dk-2026-07-17-game2,synthetic,0.0,-210.8898000000001,-210.8898000000001
2,115548147900750242,lol-dnf-drx-2026-08-22-game1,synthetic,54.506699999999796,42.545144989999756,-11.96155501000004
2,115548147900553446,lol-hle1-gen-2026-08-05-game1,synthetic,4.568471970000132,-109.35168773000001,-113.92015970000014
2,116996464901636907,lol-ckz-brt-2026-09-06-game1,archive,0.0,0.0,0.0
2,116833506932259256,lol-lua-ub-2026-07-21-game1,synthetic,0.0,-12.385600000000068,-12.385600000000068
2,115565671526468625,lol-los-lll-2026-09-27-game2,archive,-4.039676819999983,1.5099680000000006,5.549644819999983
2,115570934355614584,lol-g2-t1-2026-07-08-game3,synthetic,0.0,-94.72159999999917,-94.72159999999917
2,115548681803406319,lol-vit-mkoi-2026-09-12-game4,archive,-570.0547440600001,-216.54203811000025,353.5127059499998
2,117030752644841641,lol-hle1-t1-2026-09-12-game4,archive,755.6747087000001,862.3205086999999,106.64579999999978
2,115564797164345564,lol-ly-sr-2026-08-02-game1,synthetic,-129.05945030000004,-265.6242004799998,-136.56475017999975
2,115548681803406172,lol-kc-navi-2026-08-01-game1,synthetic,-3.327200000000005,-4.765170700000013,-1.4379707000000082
2,116520885021783367,lol-kits-sdm-2026-08-11-game1,synthetic,0.0,-69.51279999999997,-69.51279999999997
2,116884625292665142,lol-blue-dog-2026-08-07-game2,synthetic,-11.29600079999998,-30.10554540000004,-18.80954460000006
2,116884625134461193,lol-mvu-ccg-2026-08-06-game2,synthetic,0.0,228.78619683,228.78619683
2,115548147900619030,lol-dk-hle1-2026-08-20-game1,synthetic,-63.12076559999946,-304.76356559999965,-241.6428000000002
2,116833506932259261,lol-ub-flk-2026-07-22-game2,synthetic,-63.35679999999999,-63.35679999999999,0.0
2,115548147900750230,lol-fox1-ns-2026-08-23-game1,synthetic,-135.35356897000003,-172.21960295999992,-36.86603398999989
2,116295727286716930,lol-koia-ucam1-2026-06-04-game1,synthetic,21.203199999999995,-220.77873516000002,-241.98193516000003
2,116884625082949876,lol-nrg-cpd-2026-08-05-game1,synthetic,-112.00873059999998,-163.58663059999992,-51.57789999999994
2,115548147900750239,lol-ns-drx-2026-08-20-game2,synthetic,85.4843000000003,142.11689840000014,56.632598399999836
2,116634529527025932,lol-ucam1-hmble-2026-06-10-game1,synthetic,230.31549999999993,0.0,-230.31549999999993
2,117030752644841647,lol-gen-hle1-2026-09-13-game4,archive,121.32659581999974,109.33019999999965,-11.996395820000089
2,115564797164214472,lol-sr-dsg-2026-07-26-game1,synthetic,-64.89270219,5.571962810000031,70.46466500000002
2,116884625123188995,lol-nrg-dog-2026-07-31-game1,synthetic,0.0,0.0,0.0
2,116837902961537592,lol-bublik-tos-2026-09-07-game1,archive,9.600000000000009,24.149135040000004,14.549135039999996
2,115548147900684642,lol-bro2-ns-2026-08-05-game1,synthetic,-254.63600817000008,-253.39140899000003,1.2445991800000513
2,116634529527091480,lol-me1-ewi-2026-06-12-game1,synthetic,0.9999994600000002,0.9999994600000002,0.0
2,116833506932259282,lol-ucam1-hrts-2026-08-19-game1,synthetic,-32.74122814000003,0.2602313599999997,33.00145950000003
2,116833506932324843,lol-koia-ucam1-2026-09-02-game4,archive,-0.45500000000000096,-2.115000000000001,-1.6600000000000001
2,116837891489387028,lol-fcn2-zzg-2026-08-20-game1,synthetic,0.0,0.0,0.0
2,115548681803406161,lol-sk-navi-2026-08-08-game2,synthetic,-140.83136784999974,-336.6832428800001,-195.85187503000034
2,115548147900619023,lol-gen-hle1-2026-08-13-game2,synthetic,183.02028480000035,390.9659999999999,207.94571519999954
2,116634529527025937,lol-me1-ucam1-2026-06-11-game2,synthetic,0.0,-73.26860000000003,-73.26860000000003
2,115548681803406224,lol-shft-kc-2026-08-23-game1,synthetic,0.0,0.0,0.0
2,115565671526403077,lol-lll-png1-2026-09-13-game2,archive,-2.64,-244.13317674,-241.49317674000002
2,115565004607949402,lol-sr-sen-2026-09-18-game3,archive,0.0,0.7619995700001709,0.7619995700001709
2,116295727286716936,lol-hrts-ucam1-2026-06-05-game1,synthetic,0.0,0.0,0.0
2,115564797163886769,lol-dig-fly-2026-08-23-game2,synthetic,10.345345519999853,7.4480539400000225,-2.8972915799998304
2,115570934355614582,lol-g2-t1-2026-07-08-game1,synthetic,-300.39186113999983,-332.62751184999996,-32.23565071000013
2,116855104460702317,lol-gen-kc-2026-07-15,synthetic,5.188547169999978,0.5,-4.688547169999978
2,115548681803406253,lol-sk-mkoi-2026-08-22-game2,synthetic,-34.36584965000009,-40.22144965000007,-5.855599999999981
2,116837891489321426,lol-hype-fcn2-2026-07-28,synthetic,0.0,0.22139999999999826,0.22139999999999826
2,117030752644841635,lol-t1-dk-2026-09-06-game4,archive,502.99263767000025,405.5872376700002,-97.40540000000004
2,116837902961537570,lol-hype-bublik-2026-08-26-game3,synthetic,0.0,0.0,0.0
2,115565671526402974,lol-los-lll-2026-08-23-game1,synthetic,-22.177600799999976,-49.676110470000005,-27.49850967000003
2,116793933806066866,lol-dyn1-sec-2026-08-11-game2,synthetic,0.0,0.0,0.0
2,115570934355614601,lol-hle1-ly-2026-07-11-game2,synthetic,34.466241939999975,-75.37330566,-109.83954759999997
2,115565671526402978,lol-los-png1-2026-08-10-game1,synthetic,4.667199660000001,6.390399660000007,1.7232000000000056
2,115548681803406306,lol-g2-kc-2026-09-06-game3,archive,31.38145352999996,300.2753199700005,268.8938664400006
2,116996464901636936,lol-exe-ckz-2026-09-01-game2,archive,1.3000000000000025,0.0,-1.3000000000000025
2,116792888905448366,lol-mvu-cont-2026-09-03-game4,archive,-24.578118959999983,-28.257602960000042,-3.679484000000059
2,117171782819927890,lol-khk-tos-2026-09-29,archive,0.0,0.0,0.0
2,115548681803406129,lol-th-sk-2026-08-21-game2,synthetic,-34.452,-55.28656145000002,-20.834561450000024
2,116793933806066943,lol-sec-myth-2026-09-03-game1,archive,0.0,-6.5,-6.5
2,115565671526468624,lol-los-lll-2026-09-27-game1,archive,84.69030062999991,294.9562163800001,210.2659157500002
2,117171782819731154,lol-bar-bublik-2026-09-21-game1,archive,0.0,0.0,0.0
2,117275453885353214,lol-est-9zg-2026-09-29-game2,archive,0.0,26.569100000000006,26.569100000000006
2,116634566270405045,lol-kcb-pcific-2026-06-11-game2,synthetic,0.0,0.0,0.0
2,117030752644841572,lol-kt-bro2-2026-08-26-game1,synthetic,37.823099159999856,-18.33786583999985,-56.160964999999706
2,115548147900750246,lol-dnf-ns-2026-08-12-game1,synthetic,172.6052945600002,4.32369408000045,-168.28160047999975
2,116634566270405065,lol-g2nord-gal-2026-06-11-game2,synthetic,0.0,106.06717960000003,106.06717960000003
2,115548681803406221,lol-fnc-shft-2026-08-22-game2,synthetic,-16.266139840000008,-25.665541009999984,-9.399401169999976
2,116792888905448365,lol-mvu-cont-2026-09-03-game3,archive,92.74509978000003,99.50249978000011,6.757400000000075
2,116833506932324846,lol-hrts-koia-2026-09-06-game1,synthetic,-4.574874210000004,-4.8148742100000135,-0.2400000000000091
2,116837902961537577,lol-tos-fcn2-2026-08-27-game4,synthetic,0.0,75.89068888999998,75.89068888999998
2,117171782819796762,lol-bw-esb-2026-09-27,archive,0.0,0.0,0.0
2,117212895183030053,lol-tsc-tf3-2026-09-07-game1,synthetic,0.0,0.0,0.0
2,115548147900553479,lol-dk-kt-2026-08-09-game2,synthetic,270.7503336800005,455.75594,185.00560631999952
2,116792888905448341,lol-cnv-dog-2026-08-26-game3,synthetic,-6.764831320000027,32.135899700000095,38.90073102000012
2,116249441374627755,lol-fec-mcn-2026-06-06-game3,synthetic,0.0,0.0,0.0
2,116833506932128093,lol-bar-hrts-2026-07-16-game2,synthetic,-36.66420200000016,-54.9797020000002,-18.315500000000043
2,116884625160413458,lol-mvu-wu-2026-08-13-game1,synthetic,503.1592994600003,483.3276994600001,-19.831600000000208
2,115570934355614553,lol-blg-ly-2026-07-05-game2,synthetic,0.0,0.0,0.0
2,117171782819927873,lol-tlnpir-anb-2026-09-29-game2,archive,-1049.2783086600002,-864.6764273700003,184.60188128999994
2,116634566264113530,lol-ucam1-kcb-2026-06-13-game2,synthetic,-239.09683079000013,-291.17364582999966,-52.07681503999953
2,115570934355614603,lol-hle1-ly-2026-07-11-game4,synthetic,22.401897650000024,-575.0322606400002,-597.4341582900003
2,116170292916656921,lol-cnv-ccg-2026-06-05-game2,synthetic,272.39506021000034,58.21199421,-214.18306600000034
2,116929376557102166,lol-dnf-bro2-2026-07-28-game2,synthetic,-145.94800209000005,-97.04308707000018,48.90491501999986
2,116793933806066861,lol-znt-dyn1-2026-07-28-game1,synthetic,0.0,-151.05520188000003,-151.05520188000003
2,116923238535448371,lol-hool-tsc-2026-08-05-game1,synthetic,0.0,0.0,0.0
2,115570934355614548,lol-g2-tes-2026-07-04-game3,synthetic,-163.09350113000016,-353.1722496999997,-190.07874856999956
2,116884625123188996,lol-nrg-dog-2026-07-31-game2,synthetic,0.0,0.0,0.0
2,116837891489386973,lol-domi-hype-2026-08-05-game2,synthetic,402.51379999999995,402.51379999999995,0.0
2,116833506932128121,lol-bar-gxp-2026-07-28-game2,synthetic,0.0,0.0,0.0
2,115548147900553478,lol-dk-kt-2026-08-09-game1,synthetic,-200.52349064000032,-223.05688984000017,-22.53339919999985
2,115548681803406310,lol-gx-navi-2026-09-11-game1,archive,-237.5056070600001,-237.5470341600001,-0.041427099999992834
2,115570934355614608,lol-blg-hle1-2026-07-12-game3,synthetic,711.2470075300002,219.2202000000002,-492.02680753000004
2,115564797163886776,lol-sr-dig-2026-08-15-game1,synthetic,-192.73731986,-134.56451632000017,58.17280353999985
2,116793933806066909,lol-fec-znt-2026-08-20-game1,synthetic,0.0,0.0,0.0
2,116833506932324834,lol-ucam1-bar-2026-09-01-game1,synthetic,0.0,-0.9654999999999987,-0.9654999999999987
2,115565004607949401,lol-sr-sen-2026-09-18-game2,archive,72.13040286000006,99.28835498000007,27.157952120000004
2,116833506932193692,lol-gxp-lua-2026-08-05-game1,synthetic,-104.61905184000005,-238.22380000000007,-133.60474816
2,115548147900553458,lol-gen-t1-2026-07-31-game1,synthetic,0.0,0.0,0.0
2,116837891489386980,lol-capy-wge-2026-08-04,synthetic,0.0,0.0,0.0
2,117030752644841578,lol-ns-fox1-2026-08-27-game1,synthetic,-533.3833800300001,302.5425734399996,835.9259534699997
2,116634529527025933,lol-ucam1-hmble-2026-06-10-game2,synthetic,13.600000000000001,-34.15683662999999,-47.75683662999999
2,116855104460702349,lol-milo-ly-2026-07-15-game1,synthetic,82.05555742000007,0.0,-82.05555742000007
2,115565671526403072,lol-los-fur-2026-09-13-game3,archive,-99.76425870999995,-293.78916860999993,-194.02490989999998
2,116855104460702335,lol-mkoi-gam-2026-07-15-game1,synthetic,-55.54127499999959,-200.4728058500002,-144.93153085000063
2,115570934355614512,lol-t1-kc-2026-06-28-game3,synthetic,3.1440990199999987,1.9890990199999976,-1.1550000000000011
2,116833506932324840,lol-koia-ucam1-2026-09-02-game1,archive,17.750766400000046,42.80750000000002,25.056733599999973
2,116837902961537574,lol-tos-fcn2-2026-08-27-game1,synthetic,0.0,0.0,0.0
2,115564797164280009,lol-sr-dsg-2026-07-26-game2,synthetic,-23.759732799999995,70.81509999999992,94.57483279999991
2,115548681803406285,lol-g2-fnc-2026-08-16-game2,synthetic,-41.43634742999963,-42.58404742999964,-1.1477000000000146
2,115565004607949400,lol-sr-sen-2026-09-18-game1,archive,445.0780004100001,523.4486004100002,78.37060000000008
2,115564797163821196,lol-sen-sr-2026-08-08-game1,synthetic,219.73935373999996,56.52727132000007,-163.2120824199999
2,115548681803406149,lol-vit-navi-2026-08-21-game2,synthetic,181.67612319000023,118.24011238999992,-63.436010800000304
2,116833506932324819,lol-ucam1-hrts-2026-08-19-game2,synthetic,-1.4400000000000013,-105.42390100000003,-103.98390100000003
2,116884625146454285,lol-mvu-cpd-2026-07-31-game1,synthetic,288.65806100000003,288.432255,-0.22580600000003415
2,116996464901637009,lol-mea-brt-2026-09-10-game1,archive,0.0,0.0,0.0
2,116923257568665138,lol-mgz-rp-2026-08-19-game2,synthetic,0.0,0.0,0.0
2,115548147900750243,lol-dnf-drx-2026-08-22-game2,synthetic,14.878038410000045,367.2198388999999,352.34180048999986
2,116855104460702350,lol-milo-ly-2026-07-15-game2,synthetic,10.0,-8.533200000000022,-18.533200000000022
2,116793933806066937,lol-fec-mcn-2026-09-08-game1,archive,0.7999999999999998,0.8799999999999999,0.08000000000000007
2,115548147900684654,lol-ns-fox1-2026-08-01-game1,synthetic,-586.97213746,-324.4821374599999,262.4900000000001
2,117054582581341049,lol-nbs-brt-2026-09-03-game1,archive,0.0,0.0,0.0
2,115548147900684683,lol-ns-bro2-2026-08-14-game2,synthetic,6.712422740000001,105.29609126999986,98.58366852999987
2,116793933806066829,lol-fec-mcn-2026-08-11-game1,synthetic,0.0,0.0,0.0
2,116884625082949877,lol-nrg-cpd-2026-08-05-game2,synthetic,0.0,0.0,0.0
2,115548681803406289,lol-g2-kc-2026-07-26-game2,synthetic,44.651900000000296,78.10169757999995,33.449797579999654
2,116833506932259278,lol-koia-bar-2026-08-18-game3,synthetic,0.0,0.0,0.0
2,115570934355614588,lol-ly-tsw-2026-07-08-game1,synthetic,297.74073382000086,63.593711000000155,-234.1470228200007
2,115548147900750234,lol-fox1-dnf-2026-08-15-game1,synthetic,0.0,0.0,0.0
2,117212895183030067,lol-tsc-mgz-2026-09-10-game3,archive,-97.27776098999999,-83.41776098999999,13.86
2,115570934355614609,lol-blg-hle1-2026-07-12-game4,synthetic,75.30199738000022,345.2021975599995,269.9002001799993
2,115570934355614577,lol-blg-hle1-2026-07-09-game2,synthetic,90.12617139000022,542.0126015900001,451.88643019999995
2,115548128963037570,lol-kt-dk-2026-06-07-game1,synthetic,357.27477378,240.35307216000024,-116.92170161999974
2,116996464901636997,lol-ckz-mea-2026-09-09-game1,archive,0.0,0.0,0.0
2,116837902961537598,lol-wd-domi-2026-09-08-game1,archive,1.1999999999999993,1.1999999999999993,0.0
2,115548681803406141,lol-kc-th-2026-08-03-game2,synthetic,0.0,1.9875000000000007,1.9875000000000007
2,116520885021717718,lol-3v-fue-2026-07-18-game2,synthetic,0.0,0.0,0.0
2,115565671526403051,lol-lev-vks-2026-08-22-game2,synthetic,0.0,0.0,0.0
2,115548681803406281,lol-fnc-kc-2026-08-09-game2,synthetic,0.0,0.0,0.0
2,116520885021783368,lol-kits-sdm-2026-08-11-game2,synthetic,-225.40714890000004,-12.252221500000019,213.15492740000002
2,117173205363099699,lol-bublik-tf3-2026-09-22-game2,synthetic,301.3392000000001,286.41303000000005,-14.92617000000007
2,115548681803406268,lol-fnc-mkoi-2026-08-02-game1,synthetic,50.88849999999968,30.033419909999736,-20.855080089999944
2,116793933806066822,lol-mcn-ouat-2026-07-21-game2,synthetic,0.0,0.0,0.0
2,116929376557102161,lol-gen-hle1-2026-08-03-game1,synthetic,363.77013240999986,668.4169324099998,304.6468
2,116833506932324831,lol-bar-ucam1-2026-08-20-game2,synthetic,-148.7637404200001,-128.55380091000012,20.20993950999997
2,115565671526403073,lol-los-fur-2026-09-13-game4,archive,62.69999999999999,36.19566309999999,-26.5043369
2,116833506932193693,lol-gxp-lua-2026-08-05-game2,synthetic,143.10352404000002,142.12326004,-0.9802640000000338
2,116833506932193681,lol-gxp-koia-2026-07-21-game2,synthetic,0.0,0.0,0.0
2,116833506932259273,lol-lua-flk-2026-07-14-game2,synthetic,-150.88841985,-172.70147575,-21.813055899999995
2,115564797163821205,lol-c9-dig-2026-08-01-game2,synthetic,81.79539938000005,44.65699901999983,-37.13840036000022
2,115570934355614579,lol-blg-hle1-2026-07-09-game4,synthetic,-112.83587657000012,-113.94698765000012,-1.1111110800000006
2,117054582581341050,lol-nbs-brt-2026-09-03-game2,archive,0.0,0.0,0.0
2,115548147900553470,lol-kt-gen-2026-08-07-game1,synthetic,825.0810987200002,596.9068,-228.17429872000025
2,115548128963037573,lol-kt-dk-2026-06-07-game4,synthetic,296.3173407400006,90.74088817000006,-205.57645257000053
2,116520885021783270,lol-sdm-z5-2026-07-18-game2,synthetic,0.5200000000000387,0.0,-0.5200000000000387
2,116833506932128105,lol-hrts-ub-2026-08-06-game2,synthetic,0.0,0.0,0.0
2,116520885021783350,lol-fue-kits-2026-07-27-game2,synthetic,0.0,0.0,0.0
2,116634566270405089,lol-sly-es1-2026-06-11-game2,synthetic,19.559300000000036,19.559300000000036,0.0
2,115548681803406292,lol-kc-gx-2026-09-05-game1,archive,278.3955714999995,-213.22950792000074,-491.62507942000025
2,116634529527025916,lol-ewi-goal-2026-06-09-game1,synthetic,92.87214299999991,126.18034299999994,33.30820000000003
2,115548681803406148,lol-vit-navi-2026-08-21-game1,synthetic,0.0,99.53303167999985,99.53303167999985
2,115548681803406200,lol-vit-kc-2026-07-24-game1,synthetic,425.7500140199993,423.70685609999964,-2.0431579199996577
2,115565671526402970,lol-vks-fur-2026-08-01-game1,synthetic,-64.8583999999999,-61.23369999999999,3.624699999999912
2,115548147900553454,lol-hle1-dk-2026-07-30-game1,synthetic,1.0203154000000154,-7.527512309999793,-8.547827709999808
2,116170292916656917,lol-wu-ccg-2026-06-04-game4,synthetic,-132.02876350999964,-123.02876350999964,9.0
2,116295727286716933,lol-koia-ucam1-2026-06-04-game4,synthetic,0.0,0.0,0.0
2,115564797164345552,lol-fly-ly-2026-07-25-game1,synthetic,172.57097211999985,205.6427999999998,33.071827879999944
2,116520885021783369,lol-kits-sdm-2026-08-11-game3,synthetic,631.0182,471.4963780800002,-159.52182191999975
2,115570934355614549,lol-g2-tes-2026-07-04-game4,synthetic,33.3264256199996,55.80689731999985,22.48047170000025
2,115548681803406244,lol-gx-kc-2026-08-17-game1,synthetic,70.66899999999998,80.1945,9.525500000000022
2,116884624995197142,lol-cnv-ccg-2026-08-12-game1,synthetic,0.0,0.0,0.0
2,115565671526403007,lol-lll-lev-2026-08-16-game2,synthetic,0.0,0.0,0.0
2,116295727286716939,lol-hrts-ucam1-2026-06-05-game4,synthetic,482.8951168399999,483.27491683999983,0.37979999999993197
2,116634566270405092,lol-bombat-anb-2026-06-11-game1,synthetic,365.4429329499999,394.82073295,29.377800000000093
2,116833506932193677,lol-flk-bar-2026-08-06-game2,synthetic,0.0,0.0,0.0
2,115548147900684666,lol-drx-dnf-2026-08-06-game1,synthetic,41.683558550000264,40.04740270000019,-1.6361558500000726
2,115565671526403023,lol-lev-png1-2026-08-01-game2,synthetic,0.0,0.0,0.0
2,115565671526402963,lol-fur-lev-2026-08-30-game2,synthetic,0.0,0.0,0.0
2,116793933806066873,lol-fec-ouat-2026-07-30-game1,synthetic,0.0,0.0,0.0
2,116520885021783382,lol-kits-3v-2026-08-18-game4,synthetic,0.0,15.029199599999956,15.029199599999956
2,116923257568665146,lol-tsc-defini-2026-08-20-game2,synthetic,0.0,0.0,0.0
2,117171782819731174,lol-sc-cg-2026-09-26,archive,0.0,0.0,0.0
2,116793933806066841,lol-mcn-sec-2026-07-30-game1,synthetic,-257.16999999999996,-572.4564000000001,-315.2864000000002
2,115565671526402962,lol-fur-lev-2026-08-30-game1,synthetic,0.0,0.0,0.0
2,116520885021783345,lol-pls1-kits-2026-07-18-game1,synthetic,18.390000000000015,35.58000000000001,17.189999999999998
2,116833506932193680,lol-gxp-koia-2026-07-21-game1,synthetic,42.9452,53.52610000000001,10.580900000000007
2,116929376557102193,lol-gen-dnf-2026-08-10-game1,synthetic,36.38402335999987,39.111523359999865,2.727499999999992
2,116996464901571347,lol-ckz-bg2-2026-08-20-game1,synthetic,0.0,0.0,0.0
2,116520885021717726,lol-pls1-fue-2026-07-19-game2,synthetic,0.0,0.0,0.0
2,116634529527025862,lol-kcb-ckz-2026-06-08,synthetic,231.73829999999998,0.0,-231.73829999999998
2,116833506932193672,lol-lua-bar-2026-07-30-game1,synthetic,0.0,0.0,0.0
2,116833506932259253,lol-ub-ucam1-2026-07-28-game2,synthetic,0.0,0.0,0.0
2,116996464901571352,lol-esb-bg2-2026-09-05-game2,archive,0.0,0.0,0.0
2,115570934355614505,lol-kc-dcg-2026-06-27-game2,synthetic,0.0,0.0,0.0
2,116634566264113535,lol-sly-g2nord-2026-06-13-game1,synthetic,0.0,0.0,0.0
2,116855104460702307,lol-fur-dk-2026-07-15-game1,synthetic,0.0,7.0470000000000255,7.0470000000000255
2,117212895183030072,lol-tf3-llh-2026-09-09-game2,synthetic,0.0,0.0,0.0
2,116634566270405060,lol-gal-wlg-2026-06-10-game1,synthetic,0.0,0.0,0.0
2,116634529527025878,lol-kcb-vdn-2026-06-08,synthetic,0.0,0.0,0.0
2,115548147900619047,lol-gen-kt-2026-08-19-game2,synthetic,0.0,0.0,0.0
2,117054582581341066,lol-nbs-ot-2026-08-11-game2,synthetic,0.0,0.0,0.0
2,116634529527025904,lol-tos-mcn-2026-06-08,synthetic,0.0,0.0,0.0
2,116793933806066949,lol-ban2-znt-2026-09-03,archive,31.537414,31.537414,0.0
2,116833506932193712,lol-koia-flk-2026-07-29-game1,synthetic,0.0,0.0,0.0
2,115565004607949404,lol-sr-sen-2026-09-18,archive,-23.717899999999872,2.659999999999968,26.37789999999984
2,115548681803406307,lol-g2-kc-2026-09-06-game4,archive,0.0,52.23111344999995,52.23111344999995
2,117173205363099688,lol-ckz-tos-2026-09-23,archive,-49.119848490000095,-1.6017000000000001,47.518148490000094
2,117173205363099687,lol-ckz-tos-2026-09-23-game2,archive,0.0,1.9599999999999866,1.9599999999999866
2,116996464901702567,lol-ckz-esb-2026-09-19,synthetic,-13.472582180000018,7.589599999999997,21.062182180000015
2,117171782819731148,lol-su-ucam1-2026-09-22-game1,synthetic,358.7692000000004,6.632499999999993,-352.1367000000004
2,116295727286716934,lol-koia-ucam1-2026-06-04,synthetic,-312.24725609999996,-49.07043710999983,263.17681899000013
2,115570934355614604,lol-hle1-ly-2026-07-11,synthetic,738.5327234,257.8763000000001,-480.6564233999999
2,116929376557102159,lol-ns-t1-2026-08-03,synthetic,0.6969039999999964,5.658203999999998,4.961300000000001
2,117171782819927906,lol-fsk-tsc-2026-09-29,archive,0.0,0.0,0.0
2,115548681803406320,lol-vit-mkoi-2026-09-12,archive,-168.4626597299997,-137.81897532999938,30.643684400000325
2,115565671526403079,lol-lll-png1-2026-09-13-game4,archive,20.186399999999992,26.580299999999994,6.393900000000002
2,117030752644841612,lol-hle1-t1-2026-09-02,archive,386.42931454999973,-121.93784213000004,-508.36715667999977
2,117171782819731156,lol-bar-bublik-2026-09-21,archive,0.0,0.0,0.0
2,117171782819731144,lol-ucam1-mcn-2026-09-21-game1,archive,0.0,0.0,0.0
2,117171782819665581,lol-piv-lds-2026-09-21-game2,archive,0.0,0.0,0.0
2,115565671526468628,lol-los-lll-2026-09-27,archive,99.68260000000004,-71.02109006999996,-170.70369007
2,117173205363099676,lol-ap-piv-2026-09-22,archive,0.0,-255.1079091599999,-255.1079091599999
2,116634566270405097,lol-es1-anb-2026-06-12-game2,synthetic,0.0,-0.259199999999999,-0.259199999999999
2,116929405267392748,lol-drx-kt-2026-07-20,synthetic,0.0,-59.65238155999998,-59.65238155999998
2,115548147900553444,lol-t1-hle1-2026-08-08,synthetic,-102.21001525999986,-80.7028152600002,21.50719999999967
2,116855104460702303,lol-agal-dk-2026-07-15,synthetic,-83.84827701999993,44.52398020000076,128.37225722000068
2,115548681803406290,lol-g2-kc-2026-07-26,synthetic,-109.37077399999994,-147.63879999999995,-38.268026000000006
2,116837891489386994,lol-tung-pane-2026-08-06,synthetic,0.0,0.0,0.0
2,116929405348526328,lol-hle1-ns-2026-07-21,synthetic,-81.55388827999991,-199.43829022000017,-117.88440194000026
2,115548681803406186,lol-gx-vit-2026-08-14,synthetic,-25.98069020999992,-25.98069020999992,0.0
2,116929405001709759,lol-dnf-kt-2026-07-20,synthetic,3.2189710800001876,83.15109020999967,79.93211912999948
2,115548147900553448,lol-hle1-gen-2026-08-05,synthetic,132.93461323999986,174.57629775999953,41.64168451999967
2,115548681803406249,lol-gx-g2-2026-08-24-game2,synthetic,-43.442545489999816,-74.06341336000003,-30.62086787000021
2,116929405026285765,lol-fox1-dk-2026-07-21,synthetic,19.738115560000033,209.56223845000005,189.82412289
2,116634566270405066,lol-g2nord-gal-2026-06-11,synthetic,53.61259846000007,66.34658132999994,12.733982869999863
2,116929376557102183,lol-bro2-drx-2026-08-04,synthetic,0.0,-226.09810000000016,-226.09810000000016
2,115548668059589390,lol-mkoi-kc-2026-06-06-game2,synthetic,-338.8498662700003,-315.24448035000023,23.60538592000006
2,116837902961537605,lol-tos-wd-2026-09-13-game2,archive,0.0,0.0,0.0
2,116837891489387004,lol-tos-nort-2026-08-13-game1,synthetic,0.0,0.8059999999999974,0.8059999999999974
2,116792888905448372,lol-mvu-nrg-2026-09-09-game4,archive,1.1999999999999984,-58.3489,-59.548899999999996
2,116855104460702378,lol-gen-dk-2026-07-18-game2,synthetic,201.88319520999994,177.43409949999955,-24.449095710000393
2,116996464901636981,lol-mea-ot-2026-09-02,archive,0.0,0.0,0.0
2,116792888905448367,lol-mvu-cont-2026-09-03,archive,-541.8855997799999,-140.0800499999998,401.8055497800001
2,117030752644841644,lol-gen-hle1-2026-09-13-game1,archive,19.64199521999973,0.015300840000008975,-19.62669437999972
2,116833506932128102,lol-hrts-koia-2026-08-13,synthetic,-89.4419999999999,-131.4722999999999,-42.03030000000001
2,117171782819731202,lol-g2nord-nbs-2026-09-27,archive,-26.09961101000001,-128.55863975,-102.45902873999998
2,117171782819665584,lol-sc-lds-2026-09-22-game1,archive,4.5,-9.0,-13.5
2,116929405286725871,lol-t1-drx-2026-07-21,synthetic,-292.8378868600001,-351.8536181999999,-59.01573133999983
2,116634529526960310,lol-kcb-ps1-2026-06-08,synthetic,-38.101201299999985,-55.01331099999996,-16.912109699999974
2,116855104460702388,lol-t1-gen-2026-07-19-game2,synthetic,-151.12321573999978,-129.13841319999966,21.984802540000118
2,115548681803406150,lol-vit-navi-2026-08-21,synthetic,-110.39466710000008,-228.10466710000006,-117.70999999999998
2,115548147900750248,lol-dnf-ns-2026-08-12,synthetic,-0.005314400000088426,55.565490560000185,55.570804960000274
2,115564797163886746,lol-c9-dsg-2026-08-08,synthetic,12.754489540000009,13.60468954000001,0.850200000000001
2,117171782819731214,lol-anb-use1-2026-09-27,archive,-22.988728820000002,-22.39902882,0.5897000000000006
2,115564793879469302,lol-c9-ly-2026-06-07-game2,synthetic,-3.4438896099999994,-54.824827830000004,-51.380938220000004
2,115548681803406168,lol-navi-fnc-2026-08-24-game1,synthetic,-69.8505936100003,-17.45613219000019,52.39446142000011
2,117171782819927908,lol-esb-wd-2026-09-29-game1,archive,677.5076999999997,626.8260087799998,-50.681691219999834
2,115548668059589389,lol-mkoi-kc-2026-06-06-game1,synthetic,0.0,14.318918500000024,14.318918500000024
2,116792888905448377,lol-wu-mvu-2026-09-10-game3,archive,-106.04790134000008,0.08000000000000007,106.12790134000008
2,115565670260181877,lol-fur-los-2026-06-06-game2,synthetic,-7.690038739999991,-2.6147515400000003,5.075287199999991
2,116793933806066846,lol-ouat-dyn1-2026-08-18-game2,synthetic,167.7084000000001,168.0584,0.34999999999990905
2,116793933806066957,lol-mcn-sec-2026-09-15-game1,archive,126.0092021099998,446.5521796199996,320.5429775099998
2,116793933806066931,lol-fec-sec-2026-09-01,archive,0.0,0.0,0.0
2,116634566264113555,lol-sly-ucam1-2026-06-14-game3,synthetic,0.0,0.0,0.0
2,116793933806066935,lol-ban2-mcn-2026-09-01,archive,69.02842704999999,14.55962705000001,-54.46879999999998
2,115565004607949419,lol-ly-sr-2026-09-26-game2,archive,52.25346217999993,258.3645621800001,206.1111000000002
2,116929404990699708,lol-hle1-dnf-2026-07-21,synthetic,266.9139553399999,332.8405314199997,65.92657607999979
2,115565004607949389,lol-ly-c9-2026-09-19-game2,archive,-468.9932826000006,-507.4081818999997,-38.41489929999909
2,117030752644841645,lol-gen-hle1-2026-09-13-game2,archive,-13.74948871000015,83.41670372999948,97.16619243999963
2,117171782819731216,lol-cg-rs-2026-09-27,archive,0.0,0.599041279999998,0.599041279999998
2,115565004607949384,lol-sen-fly-2026-09-13-game3,archive,-3.6375000000000384,-30.281008799999995,-26.643508799999957
2,117171782819665577,lol-sc-ap-2026-09-21-game2,archive,0.0,0.0,0.0
2,115548147900619043,lol-t1-dk-2026-08-14-game2,synthetic,-354.4361,-469.4750904799999,-115.03899047999988
2,115548147900619028,lol-hle1-kt-2026-08-15,synthetic,164.58370776999982,465.5416081000001,300.95790033000026
2,115570934355614566,lol-t1-fur-2026-07-06-game3,synthetic,0.0,0.0,0.0
2,116884625182630167,lol-mvu-cont-2026-08-07-game1,synthetic,-67.55860000000001,-67.55860000000001,0.0
2,116793933806066963,lol-fec-sec-2026-09-17-game1,archive,0.0,0.0,0.0
2,115564797163886778,lol-sr-dig-2026-08-15,synthetic,0.6712139999999991,0.0,-0.6712139999999991
2,116793933806066883,lol-ouat-znt-2026-08-04,synthetic,0.0,0.0,0.0
2,116792888905448381,lol-cpd-mvu-2026-09-11-game1,archive,104.2926,104.92160000000004,0.6290000000000475
2,115548681803406305,lol-g2-kc-2026-09-06-game2,archive,-265.95464100000015,38.40123029999984,304.3558713
2,115564797163821189,lol-sen-fly-2026-08-22-game2,synthetic,0.0,0.0,0.0
2,116634566270405041,lol-hrts-fsk-2026-06-11-game2,synthetic,-21.90300000000002,-21.90300000000002,0.0
2,116884625292665141,lol-blue-dog-2026-08-07-game1,synthetic,0.0,-26.079200000000014,-26.079200000000014
2,116929376557102167,lol-dnf-bro2-2026-07-28,synthetic,41.18647536000012,8.286004429999991,-32.900470930000125
2,115570934355614511,lol-t1-kc-2026-06-28-game2,synthetic,8.823399999999936,0.0,-8.823399999999936
2,115548128963037578,lol-hle1-t1-2026-06-12-game3,synthetic,194.98176358999987,278.57545369999997,83.5936901100001
2,115564797163821177,lol-sen-c9-2026-09-05-game2,archive,-6.081045610000146,30.418799999999976,36.49984561000012
2,115548128963037576,lol-hle1-t1-2026-06-12-game1,synthetic,0.0,-15.41417187999997,-15.41417187999997
2,117171782819731218,lol-tp2-bar-2026-09-27,archive,-30.543450659999955,-10.884999999999977,19.65845065999998
2,116855104460702347,lol-hle1-jdg-2026-07-16,synthetic,5.848798850000122,5.85744171999994,0.008642869999818004
2,115565671526403000,lol-lll-png1-2026-07-25,synthetic,928.6296999999995,1041.3726525500003,112.74295255000084
2,116634566264113542,lol-hrts-es1-2026-06-13-game2,synthetic,0.5322000000000005,-268.0404407099995,-268.57264070999946
2,115548128963037566,lol-dk-bro2-2026-06-06-game3,synthetic,7.186421560000042,142.05099999999993,134.8645784399999
2,115548681803406165,lol-mkoi-navi-2026-08-16-game2,synthetic,240.46488463000014,172.08554435999986,-68.37934027000028
2,115548681803406318,lol-vit-mkoi-2026-09-12-game3,archive,-208.8733753599996,-235.25059939999994,-26.37722404000033
2,115548681803406176,lol-navi-g2-2026-08-10-game1,synthetic,0.0,-33.78530666000006,-33.78530666000006
2,116837891489387025,lol-nort-tung-2026-08-20-game2,synthetic,-9.719999999999999,-9.719999999999999,0.0
2,116855104460702358,lol-hle1-t1-2026-07-17-game2,synthetic,16.747500000000002,-48.390968219999934,-65.13846821999994
2,116884625072070895,lol-nrg-ccg-2026-07-22-game1,synthetic,-33.49200044999998,-29.69114916999999,3.800851279999989
2,116884625236435238,lol-blue-cpd-2026-07-23-game1,synthetic,0.7599999999999909,0.759999999999998,7.105427357601002e-15
2,115548147900684678,lol-drx-bro2-2026-08-16-game1,synthetic,-94.1846008500001,-75.22461605000018,18.959984799999916
2,116996464901636959,lol-mea-esb-2026-09-06-game1,archive,0.0,0.0,0.0
2,116170292916656922,lol-cnv-ccg-2026-06-05-game3,synthetic,43.534244390000026,28.27911472999996,-15.255129660000065
2,117030752644841615,lol-fox1-dk-2026-09-03-game2,archive,0.0,0.0,0.0
2,116793933806066843,lol-mcn-sec-2026-07-30,synthetic,54.76718899999999,125.90278899999996,71.13559999999997
2,117171782819796760,lol-fsk-tos-2026-09-27,archive,-172.96442990000014,0.0,172.96442990000014
2,116833506932193658,lol-bar-gxp-2026-07-28,synthetic,-835.5669198200001,-562.4979428199998,273.06897700000025
2,116855104460702301,lol-g2-fur-2026-07-15,synthetic,0.0,0.0,0.0
2,116793933806066958,lol-mcn-sec-2026-09-15-game2,archive,0.0,-14.607570410000008,-14.607570410000008
2,115564797163821198,lol-sen-sr-2026-08-08,synthetic,171.07520933,-25.017790670000068,-196.09300000000007
2,117171782819796774,lol-kcb-nbs-2026-09-28,archive,51.73235093000005,164.07338285000003,112.34103191999998
2,117173205363099691,lol-vdn-mcn-2026-09-22-game2,archive,0.0,0.0,0.0
2,115565671526403014,lol-lll-vks-2026-08-09-game1,synthetic,0.0,0.0,0.0
2,117171782819731168,lol-big1-fec-2026-09-26,synthetic,0.0,0.0,0.0
2,116929376557102206,lol-t1-dnf-2026-08-17-game4,synthetic,-247.39479619999986,-383.06186348000017,-135.6670672800003
2,117171782819731172,lol-vlr-lds-2026-09-26,archive,-26.056130060000044,-10.588560660000148,15.467569399999896
2,116295727286716931,lol-koia-ucam1-2026-06-04-game2,synthetic,-6.891505890000012,0.0,6.891505890000012
2,116634566270405037,lol-pcific-fsk-2026-06-10-game2,synthetic,-41.466300540000134,-114.21680054000007,-72.75049999999993
2,116634529527025913,lol-kcb-vdn-2026-06-09-game2,synthetic,0.0,0.0,0.0
2,115565671526402975,lol-los-lll-2026-08-23-game2,synthetic,-38.095200000000034,-38.095200000000034,0.0
2,116996464901637017,lol-exe-esb-2026-09-14-game3,archive,-5.239999999999995,-5.799999999999997,-0.5600000000000023
2,116837891489321422,lol-nort-gde-2026-07-28,synthetic,7.985498359999998,2.799999999999997,-5.18549836
2,116996464901636908,lol-ckz-brt-2026-09-06-game2,archive,0.0,0.0,0.0
2,115548147900684635,lol-fox1-bro2-2026-08-07-game2,synthetic,-17.646900000000016,5.882300000000043,23.52920000000006
2,117171782819665580,lol-piv-lds-2026-09-21-game1,archive,23.13421001999999,11.820699999999988,-11.313510020000002
2,115548681803406311,lol-gx-navi-2026-09-11-game2,archive,-216.82012067999995,-250.42064711999976,-33.60052643999981
2,117171782819731135,lol-use1-ckz-2026-09-22-game2,archive,0.0,0.0,0.0
2,115548681803406257,lol-sk-fnc-2026-08-15-game2,synthetic,-2.0367587400000033,-17.349378039999973,-15.31261929999997
2,115564797163886748,lol-fly-c9-2026-08-16-game1,synthetic,-105.42820073999994,-175.23110074000033,-69.80290000000039
2,116929405047650504,lol-bro2-dk-2026-07-27,synthetic,330.88942449000024,363.38409895999996,32.49467446999972
2,117030752644841628,lol-kt-dk-2026-09-04-game3,archive,-234.15680232000017,-277.4267000000002,-43.26989768000004
2,115565004607949418,lol-ly-sr-2026-09-26-game1,archive,-20.951974980000045,-17.79691874000004,3.155056240000004
2,115565671526402959,lol-fxw7-fur-2026-08-09-game2,synthetic,-433.2378,-358.2156,75.0222
2,116929376557102197,lol-hle1-dnf-2026-08-11-game1,synthetic,0.0,0.0,0.0
2,116634529527025924,lol-fec-bombat-2026-06-09-game1,synthetic,-2.03618142,-2.03618142,0.0
2,116929376557102174,lol-t1-hle1-2026-08-04-game2,synthetic,-17.687499999999943,76.62639999999996,94.3138999999999
2,115548128963037565,lol-dk-bro2-2026-06-06-game2,synthetic,207.9465988999999,207.9465988999999,0.0
2,116884625072070896,lol-nrg-ccg-2026-07-22-game2,synthetic,98.26073224999993,393.0979220899999,294.83718983999995
2,116634529527025925,lol-fec-bombat-2026-06-09-game2,synthetic,127.40430000000003,138.58453140000006,11.180231400000025
2,115548681803406137,lol-th-fnc-2026-08-07-game2,synthetic,-44.63604992000005,-161.16359676000036,-116.52754684000031
2,116837891489386976,lol-nort-wd-2026-08-05-game1,synthetic,4.222814960000008,5.067714960000011,0.8449000000000026
2,115548681803406181,lol-shft-vit-2026-08-30-game2,synthetic,-273.61900056000013,-284.4827978400001,-10.863797279999972
2,116855104460702382,lol-kc-dk-2026-07-19-game2,synthetic,68.5371082399999,-41.909381059999646,-110.44648929999954
2,115565004607949377,lol-c9-sr-2026-09-12-game2,archive,-19.008508149999997,-19.008508149999997,0.0
2,116793933806066877,lol-ban2-ouat-2026-08-13-game1,synthetic,0.0,0.0,0.0
2,116855104460702365,lol-gen-jdg-2026-07-17-game1,synthetic,0.0,-0.3682859599999997,-0.3682859599999997
2,115548681803406136,lol-th-fnc-2026-08-07-game1,synthetic,0.0,0.0,0.0
2,117171782819731212,lol-kcb-ucam1-2026-09-27,archive,322.4120478300001,201.92857322999998,-120.48347460000014
2,115570934355614554,lol-blg-ly-2026-07-05-game3,synthetic,-27.21480000000014,-99.44950978999961,-72.23470978999947
2,116634529527025929,lol-me1-ewi-2026-06-10-game2,synthetic,60.13422220999999,60.72278517000001,0.5885629600000186
2,116792888905055091,lol-cnv-blue-2026-08-14-game1,synthetic,2.0,-0.1999999999999993,-2.1999999999999993
2,115548681803406188,lol-sk-vit-2026-08-10-game1,synthetic,-139.00021200000037,176.18169176000004,315.1819037600004
2,116833506932128100,lol-hrts-koia-2026-08-13-game1,synthetic,-80.00143203999997,-89.52557523999998,-9.524143200000012
2,115548681803406295,lol-kc-gx-2026-09-05-game4,archive,15.75999947999999,35.64580459999999,19.88580512
2,117030752644841608,lol-hle1-t1-2026-09-02-game1,archive,-96.36731187999987,145.6307898,241.99810167999988
2,116634529527025940,lol-ewi-hmble-2026-06-11-game1,synthetic,0.0,-10.499606640000025,-10.499606640000025
2,115565671526403015,lol-lll-vks-2026-08-09-game2,synthetic,16.930898579999997,163.44769857999995,146.51679999999996
2,115548147900750238,lol-ns-drx-2026-08-20-game1,synthetic,45.74449687999936,221.11819687999946,175.3737000000001
2,115548681803406237,lol-mkoi-gx-2026-08-08-game2,synthetic,23.05261225000004,-196.14547531999995,-219.19808756999998
2,115570934355614600,lol-hle1-ly-2026-07-11-game1,synthetic,8.759297679999975,49.61343173000023,40.854134050000255
2,117171782819927877,lol-hrts-kcb-2026-09-29-game2,archive,-6.8471913400001085,-56.140075539999984,-49.292884199999875
2,117030752644841573,lol-kt-bro2-2026-08-26-game2,synthetic,-8.02281259999998,-1.6827089499999062,6.340103650000074
2,116833506932324826,lol-koia-hrts-2026-08-20-game3,synthetic,448.7583088900001,521.1774530300003,72.41914414000018
2,116793933806066910,lol-fec-znt-2026-08-20-game2,synthetic,0.0,0.0,0.0
2,116634529527025917,lol-ewi-goal-2026-06-09-game2,synthetic,17.885378000000003,-4.7507442399999835,-22.636122239999985
2,116793933806066895,lol-ban2-myth-2026-07-28,synthetic,0.0,0.0,0.0
2,115564797164345553,lol-fly-ly-2026-07-25-game2,synthetic,0.0,-598.08040508,-598.08040508
2,115570934355614602,lol-hle1-ly-2026-07-11-game3,synthetic,-48.46515114000002,-35.46836558000018,12.996785559999836
2,115565004607949414,lol-fly-sr-2026-09-25-game3,archive,747.8322002800003,782.2507804100001,34.41858012999978
2,117171782819731178,lol-sec-bw-2026-09-26,archive,-104.40355999999997,-150.2284839299997,-45.82492392999973
2,116520885021783317,lol-kits-sdm-2026-07-19-game1,synthetic,-1.4000000000000004,-40.510400000000004,-39.110400000000006
2,116929376557102189,lol-dnf-drx-2026-08-10-game1,synthetic,-78.55173248000011,-261.5132192800005,-182.9614868000004
2,115565671526403031,lol-png1-vks-2026-08-30-game2,synthetic,-58.54637085000002,-58.42974437999999,0.11662647000002835
2,115565671526403066,lol-vks-png1-2026-09-05-game3,archive,98.74102639000013,411.8556966499999,313.1146702599998
2,115565671526402946,lol-fur-los-2026-07-25-game1,synthetic,-4.011799999999994,-58.908800360000015,-54.89700036000002
2,115548147900553447,lol-hle1-gen-2026-08-05-game2,synthetic,81.24844122999988,102.9401417000002,21.691700470000313
2,116792888905448316,lol-cpd-cnv-2026-08-20-game2,synthetic,0.0,0.0,0.0
2,116634566264113531,lol-ucam1-kcb-2026-06-13-game3,synthetic,11.524713969999958,9.527150170000027,-1.9975637999999307
2,116833506932193697,lol-flk-gxp-2026-08-13-game2,synthetic,0.0,0.0,0.0
2,116929376557102162,lol-gen-hle1-2026-08-03-game2,synthetic,0.0,0.0,0.0
2,116634566264113541,lol-hrts-es1-2026-06-13-game1,synthetic,0.0,0.0,0.0
2,116855104460702322,lol-ts-kc-2026-07-15-game2,synthetic,27.155697799999885,19.17940466999991,-7.9762931299999735
2,116837891489321424,lol-domi-capy-2026-07-28,synthetic,0.0,0.0,0.0
2,115548681803406216,lol-mkoi-shft-2026-07-31-game1,synthetic,1.5113325500000023,2.1613325499999902,0.6499999999999879
2,115564797163821193,lol-ly-sen-2026-08-16-game2,synthetic,0.0,63.432556239999826,63.432556239999826
2,116833506932324836,lol-ucam1-bar-2026-09-01-game3,archive,434.83283315000006,571.8621866900005,137.02935354000044
2,115564797163886784,lol-fly-dsg-2026-08-01-game1,synthetic,283.4819,242.82270000000017,-40.65919999999983
2,115548681803406329,lol-kc-mkoi-2026-09-19-game2,archive,-601.75091943,131.87203099999988,733.6229504299998
2,116833506932259268,lol-flk-ucam1-2026-07-16-game1,synthetic,0.0,0.0,0.0
2,116884624995262679,lol-cnv-ccg-2026-08-12-game2,synthetic,0.0,0.0,0.0
2,117171782819796772,lol-hrts-vlr-2026-09-28,archive,389.9711000000002,465.97996879999954,76.00886879999933
2,117171782819796764,lol-hmble-wd-2026-09-27,archive,-96.92991460000007,-148.22400627000013,-51.29409167000006
2,115564797163886777,lol-sr-dig-2026-08-15-game2,synthetic,0.0,0.0,0.0
2,115570934355614573,lol-tsw-tes-2026-07-04-game4,synthetic,0.0,-294.41509999999994,-294.41509999999994
2,116833506932324848,lol-hrts-koia-2026-09-06-game3,synthetic,0.0,0.0,0.0
2,115548147900619019,lol-hle1-t1-2026-08-23-game2,synthetic,-123.22996325000031,-108.31526325000027,14.914700000000039
2,115548147900684679,lol-drx-bro2-2026-08-16-game2,synthetic,211.15499865999936,122.53739926000009,-88.61759939999928
2,116634566270405069,lol-ps1-wlg-2026-06-11-game2,synthetic,1.8119999999999994,-1.9280000000000008,-3.74
2,116884625050247397,lol-cnv-cont-2026-08-06-game1,synthetic,17.146428320000012,0.0,-17.146428320000012
2,115548681803406164,lol-mkoi-navi-2026-08-16-game1,synthetic,-39.04311489000054,515.4796917699998,554.5228066600004
2,115565671526402995,lol-vks-los-2026-08-15-game2,synthetic,-96.69169592000003,-96.69169592000003,0.0
2,116634566263916921,lol-ucam1-kcb-2026-06-13-game1,synthetic,8.636997039999926,-8.704102959999986,-17.341099999999912
2,117212895183030073,lol-tf3-llh-2026-09-09-game3,synthetic,0.0,0.7060000499999957,0.7060000499999957
2,116792888905448340,lol-cnv-dog-2026-08-26-game2,synthetic,0.29519999999999946,22.391631120000003,22.096431120000005
2,116793933806066934,lol-ban2-mcn-2026-09-01-game2,archive,0.0,0.0,0.0
2,115565671526403003,lol-fxw7-lll-2026-08-02-game2,synthetic,0.0,0.0,0.0
2,115548147900684643,lol-bro2-ns-2026-08-05-game2,synthetic,-10.337684410000293,57.75847180999972,68.09615622000001
2,115565671526402986,lol-los-lev-2026-08-08-game1,synthetic,0.0,0.0,0.0
2,116833506932128096,lol-gxp-hrts-2026-07-23-game1,synthetic,0.0,0.0,0.0
2,117171782819731155,lol-bar-bublik-2026-09-21-game2,archive,0.0,0.0,0.0
2,116634529527091477,lol-ewi-hmble-2026-06-11-game2,synthetic,0.0,0.0,0.0
2,116520885021783364,lol-fue-z5-2026-08-24-game4,synthetic,74.87493335000008,111.85318617000007,36.978252819999994
2,117030752644841617,lol-fox1-dk-2026-09-03-game4,archive,-10.218694739999847,119.28858350999991,129.50727824999976
2,116634566270405057,lol-g2nord-ps1-2026-06-10-game2,synthetic,78.53220000000002,78.53220000000002,0.0
2,115564797163886765,lol-dsg-dig-2026-08-22-game2,synthetic,67.86920000000009,-194.98788996999974,-262.85708996999983
2,115548147900553474,lol-gen-dk-2026-08-01-game1,synthetic,6.158167429999995,39.559269149999864,33.40110171999987
2,115564797163821204,lol-c9-dig-2026-08-01-game1,synthetic,-8.465317260000063,-8.545317260000104,-0.08000000000004093
2,115548681803406225,lol-shft-kc-2026-08-23-game2,synthetic,-199.71050166999987,-104.3449016699999,95.36559999999997
2,116833506932324835,lol-ucam1-bar-2026-09-01-game2,archive,170.16694999999999,303.6065,133.43955
2,116793933806066870,lol-ouat-myth-2026-07-14-game2,synthetic,0.0,0.0,0.0
2,115565671526403078,lol-lll-png1-2026-09-13-game3,archive,123.45599671000002,-101.86106600000005,-225.31706271000007
2,115548147900553462,lol-t1-kt-2026-07-29-game1,synthetic,-32.369000819999826,-50.045000819999814,-17.675999999999988
2,116520885021783370,lol-kits-sdm-2026-08-11-game4,synthetic,0.0,24.12033425999994,24.12033425999994
2,115570934355614546,lol-g2-tes-2026-07-04-game1,synthetic,-539.8743999999999,-431.8156694699999,108.05873053000005
2,115564797163821184,lol-dsg-sen-2026-08-23-game1,synthetic,71.59549600000001,-4.0,-75.59549600000001
2,115570934355614530,lol-blg-t1-2026-07-04-game3,synthetic,688.8866991100003,405.7035163500003,-283.18318276
2,115548681803406276,lol-g2-mkoi-2026-07-24-game1,synthetic,913.9955000000002,886.5879574000003,-27.407542599999942
2,115548681803406335,lol-g2-mkoi-2026-09-20-game2,archive,241.9824000000001,241.9824000000001,0.0
2,115548681803406229,lol-g2-shft-2026-08-15-game2,synthetic,-11.079100779999955,-14.83010077999996,-3.7510000000000048
2,117171782819796758,lol-pcific-tsc-2026-09-27,archive,0.0,0.0,0.0
2,115570934355614570,lol-tsw-tes-2026-07-04-game1,synthetic,0.0,-87.61795391999988,-87.61795391999988
2,115548681803406189,lol-sk-vit-2026-08-10-game2,synthetic,702.9640625400002,799.0271277499999,96.06306520999965
2,116923257568665155,lol-mgz-llh-2026-08-25-game3,synthetic,0.0,0.0,0.0
2,115570934355614547,lol-g2-tes-2026-07-04-game2,synthetic,72.93757644000004,-94.21196870000014,-167.14954514000019
2,117212895183030059,lol-llh-mgz-2026-09-08-game1,archive,0.0,0.0,0.0
2,115548128963037579,lol-hle1-t1-2026-06-12-game4,synthetic,-205.68572491999976,-114.60712070000037,91.07860421999939
2,116837891489387009,lol-zzg-role-2026-08-13-game2,synthetic,0.0,0.0,0.0
2,115548147900553455,lol-hle1-dk-2026-07-30-game2,synthetic,-86.40395430000001,-88.25315430000012,-1.8492000000001099
2,115548681803406277,lol-g2-mkoi-2026-07-24-game2,synthetic,678.2874242699999,369.92565856999977,-308.3617657000001
2,116833506932128112,lol-lua-hrts-2026-07-29-game1,synthetic,0.0,0.0,0.0
2,115565671526403076,lol-lll-png1-2026-09-13-game1,archive,231.94352066999966,103.64470125999992,-128.29881940999974
2,117171782819731190,lol-tp2-su-2026-09-26,synthetic,29.822400000000002,29.822400000000002,0.0
2,117171782819731204,lol-hrts-sec-2026-09-27,archive,0.0,0.0,0.0
2,115548147900684638,lol-bro2-drx-2026-07-31-game1,synthetic,-80.93990224999995,-91.94957234000017,-11.009670090000228
2,117171782819665576,lol-sc-ap-2026-09-21-game1,archive,0.0,0.0,0.0
2,115548681803406153,lol-navi-shft-2026-08-03-game2,synthetic,5.362500000000125,48.10339999999974,42.74089999999961
2,115570934355614589,lol-ly-tsw-2026-07-08-game2,synthetic,-87.86996323000079,-178.30635751000045,-90.43639427999966
2,116833506932259257,lol-lua-ub-2026-07-21-game2,synthetic,-43.59679999999997,42.944372000000044,86.54117200000002
2,116929376557102177,lol-gen-dnf-2026-08-04-game1,synthetic,0.0,0.0,0.0
2,115564797163821180,lol-dig-sen-2026-07-25-game1,synthetic,0.0,0.0,0.0
2,116833506932193665,lol-bar-ub-2026-08-12-game2,synthetic,0.0,0.0,0.0
2,115548147900553466,lol-dk-t1-2026-08-06-game1,synthetic,799.20789706,738.8073761100002,-60.40052094999987
2,116793933806066922,lol-ban2-sec-2026-08-20-game2,synthetic,-310.8746,-156.15619999999996,154.71840000000003
2,115570934355614504,lol-kc-dcg-2026-06-27-game1,synthetic,-93.63524694999978,-63.856363340000144,29.77888360999964
2,116792888905448311,lol-ccg-cont-2026-08-14-game1,synthetic,-109.01400828999999,-109.01400828999988,1.1368683772161603e-13
2,117171782819731192,lol-anb-tsc-2026-09-26,archive,25.33000018999998,28.31000018999997,2.9799999999999898
2,115548681803406248,lol-gx-g2-2026-08-24-game1,synthetic,371.9451999999999,371.9451999999999,0.0
2,117212895183030061,lol-llh-mgz-2026-09-08-game3,archive,0.0,0.0,0.0
2,116833506932128108,lol-ucam1-hrts-2026-07-14-game1,synthetic,-20.187799999999996,-20.187799999999996,0.0
2,115548681803406145,lol-th-g2-2026-08-09-game2,synthetic,223.93048834000024,161.12312038000016,-62.80736796000008
2,116793933806066854,lol-fec-dyn1-2026-08-06-game2,synthetic,0.0,0.0,0.0
2,116520885021783373,lol-3v-lyna-2026-08-17-game1,synthetic,0.0,0.0,0.0
2,115565671526403064,lol-vks-png1-2026-09-05-game1,archive,37.28539978,155.92899924999983,118.64359946999983
2,116884625277067569,lol-blue-cont-2026-07-29-game2,synthetic,-41.670899999999975,-42.420899999999975,-0.75
2,116634566270405061,lol-gal-wlg-2026-06-10-game2,synthetic,5.289010000000005,0.0,-5.289010000000005
2,116837902961537576,lol-tos-fcn2-2026-08-27-game3,synthetic,0.0,0.0,0.0
2,115564797163886756,lol-c9-sr-2026-08-30-game1,synthetic,509.2342000000003,520.0908220000002,10.856621999999902
2,116923238535448368,lol-mgz-tsc-2026-08-04-game2,synthetic,0.0,0.0,0.0
2,116793933806066874,lol-fec-ouat-2026-07-30-game2,synthetic,0.0,0.0,0.0
2,116833506932128092,lol-bar-hrts-2026-07-16-game1,synthetic,121.8227808800001,66.05069968000004,-55.77208120000006
2,115565671526402955,lol-png1-fur-2026-08-22-game2,synthetic,225.63630439999986,250.02715136000018,24.390846960000317
2,116520885021783346,lol-pls1-kits-2026-07-18-game2,synthetic,0.0,0.0,0.0
2,116837902961537599,lol-wd-domi-2026-09-08-game2,archive,0.0,0.0,0.0
2,116837891489386984,lol-role-tos-2026-08-04,synthetic,0.0,0.0,0.0
2,116833506932193689,lol-ucam1-gxp-2026-08-04-game2,synthetic,0.0,0.0,0.0
2,116634529527025921,lol-ckz-ps1-2026-06-09-game2,synthetic,0.0,0.0,0.0
2,116833506932193709,lol-koia-lua-2026-07-23-game2,synthetic,0.0,0.0,0.0
2,116793933806066913,lol-fec-sec-2026-07-21-game1,synthetic,0.0,0.0,0.0
2,115564797163886788,lol-ly-dsg-2026-09-06-game1,archive,0.0,0.0,0.0
2,115548147900684662,lol-drx-ns-2026-07-29-game1,synthetic,219.80373231999988,554.4010291099999,334.59729679
2,116634529527025920,lol-ckz-ps1-2026-06-09-game1,synthetic,0.0,0.0,0.0
2,115548147900553451,lol-kt-hle1-2026-08-02-game2,synthetic,521.6216,258.3134,-263.30819999999994
2,116634529527025928,lol-me1-ewi-2026-06-10-game1,synthetic,39.8655,40.878000000000014,1.012500000000017
2,116996464901571351,lol-esb-bg2-2026-09-05-game1,archive,0.0,0.0,0.0
2,116833506932128101,lol-hrts-koia-2026-08-13-game2,synthetic,74.76909999999998,76.77569776000007,2.0065977600000906
2,115548681803406133,lol-mkoi-th-2026-08-30-game2,synthetic,0.0,198.5171894199999,198.5171894199999
2,116833506932193684,lol-ub-gxp-2026-07-15-game1,synthetic,0.0,0.0,0.0
2,116792888905448320,lol-dog-mvu-2026-08-20-game2,synthetic,119.31099892999998,87.10979951000002,-32.201199419999966
2,116634566264113544,lol-hrts-es1-2026-06-13-game4,synthetic,10.445857200000006,10.445857200000006,0.0
2,116833506932128113,lol-lua-hrts-2026-07-29-game2,synthetic,0.0,0.0,0.0
2,116833506932193701,lol-ub-koia-2026-08-04-game2,synthetic,0.0,0.0,0.0
2,116884625277067568,lol-blue-cont-2026-07-29-game1,synthetic,42.20660000000002,-110.10520097999998,-152.31180098
2,116634566264113536,lol-sly-g2nord-2026-06-13-game2,synthetic,0.44999975999999986,0.44999975999999986,0.0
2,116634566270405080,lol-sly-bombat-2026-06-10-game1,synthetic,0.0,0.0,0.0
2,116884625111982334,lol-nrg-cont-2026-08-13-game1,synthetic,0.0,0.0,0.0
2,116833506932128120,lol-bar-gxp-2026-07-28-game1,synthetic,8.172499200000004,16.97149920000001,8.799000000000007
2,116833506932259252,lol-ub-ucam1-2026-07-28-game1,synthetic,0.0,0.0,0.0
2,115548147900750227,lol-drx-fox1-2026-08-13-game2,synthetic,13.095295799999576,78.13588919999938,65.0405933999998
2,116837891489387021,lol-capy-bublik-2026-08-20-game2,synthetic,0.0,0.0,0.0
2,116520885021783266,lol-lyna-z5-2026-07-19-game2,synthetic,12.849099999999993,14.669899999999991,1.8207999999999984
2,115570934355614510,lol-t1-kc-2026-06-28-game1,synthetic,182.73189999999954,239.38416500999972,56.65226501000018
2,116833506932193696,lol-flk-gxp-2026-08-13-game1,synthetic,0.0,0.0,0.0
2,117054582581341057,lol-nbs-esb-2026-08-13-game1,synthetic,0.0,0.0,0.0
2,116996464901702563,lol-ckz-esb-2026-09-19-game1,synthetic,0.0,0.0,0.0
2,116996464901636955,lol-ot-esb-2026-08-12-game1,synthetic,0.0,0.0,0.0
2,116996464901702564,lol-ckz-esb-2026-09-19-game2,synthetic,0.0,0.0,0.0
2,116793933806066890,lol-fec-myth-2026-08-25-game2,synthetic,0.0,0.0,0.0
2,116833506932128117,lol-hrts-flk-2026-07-30-game2,synthetic,0.0,0.0,0.0
2,116793933806001281,lol-mcn-dyn1-2026-07-14-game1,synthetic,0.0,0.0,0.0
