arm,member,iteration,fit_mae_cents,buy_mae_cents
base12_early,0,1,9.561850622709757,9.38294624513684
base12_early,0,2,9.541954128707857,9.363783045459053
base12_early,0,3,9.523580880917903,9.346019915559706
base12_early,0,4,9.50678097811825,9.329935556705228
base12_early,0,5,9.49175820468216,9.315463385598346
base12_early,0,6,9.479674913679895,9.303752325912756
base12_early,0,7,9.469309542270029,9.29333195282385
base12_early,0,8,9.458224923412075,9.282756312395433
base12_early,0,9,9.447762075790527,9.272374104593242
base12_early,0,10,9.439817462316299,9.26447720073009
base12_early,0,11,9.431655413813173,9.25658681782379
base12_early,0,12,9.424445499295679,9.249502917253762
base12_early,0,13,9.417673227957318,9.243095840420319
base12_early,0,14,9.41106729900013,9.236843287883561
base12_early,0,15,9.40603072465184,9.23178913477247
base12_early,0,16,9.400964801552757,9.226477673216882
base12_early,0,17,9.3963825233576,9.222143447835663
base12_early,0,18,9.39222752318983,9.21827820048373
base12_early,0,19,9.3877195831603,9.213847311959759
base12_early,0,20,9.384196045876145,9.210236453465512
base12_early,0,21,9.381856774078738,9.207830916469263
base12_early,0,22,9.380075637375155,9.205897958515111
base12_early,0,23,9.378180870122709,9.204091724914484
base12_early,0,24,9.376498319282783,9.202337245041997
base12_early,0,25,9.375051207788426,9.200800865594
base12_early,0,26,9.375629084633623,9.201528655023793
base12_early,0,27,9.37490598206577,9.200934831306414
base12_early,0,28,9.374124259256133,9.200227525194435
base12_early,0,29,9.37363530667418,9.199689014090943
base12_early,0,30,9.372332760200221,9.198047442050468
base12_early,0,31,9.371970221522488,9.197863677356766
base12_early,0,32,9.371520545683675,9.19728888082937
base12_early,0,33,9.3713485988284,9.197396378730582
base12_early,0,34,9.371228775189666,9.197197618966898
base12_early,0,35,9.370773945063817,9.197052350281991
base12_early,0,36,9.369904747695951,9.195871089265244
base12_early,0,37,9.369227557717535,9.195262991419902
base12_early,0,38,9.368510467240624,9.194606788604903
base12_early,0,39,9.368859777136766,9.194977014620267
base12_early,0,40,9.369313995842298,9.195299581910136
base12_early,0,41,9.369127672281339,9.194889161621154
base12_early,0,42,9.368997843031314,9.194758835612756
base12_early,0,43,9.36890311032072,9.194646989516976
base12_early,0,44,9.369428496525149,9.1951588588857
base12_early,0,45,9.369769836937913,9.195420467997286
base12_early,0,46,9.368928811174113,9.194645791580394
base12_early,0,47,9.370935678429905,9.196420161668838
base12_early,0,48,9.371267828975839,9.196606595682296
base12_early,0,49,9.372021374841042,9.197184574279097
base12_early,0,50,9.374751607327008,9.200135284706462
base12_early,0,51,9.374916668898688,9.20023620735878
base12_early,0,52,9.374988006154318,9.20026769894055
base12_early,0,53,9.376383662182596,9.201201015379805
base12_early,0,54,9.376999707448586,9.201499093140765
base12_early,0,55,9.37686378116234,9.201346467054485
base12_early,0,56,9.377200796126692,9.201416995580361
base12_early,0,57,9.378845945581201,9.202726822732075
base12_early,0,58,9.379332478598691,9.203359124016686
base12_early,0,59,9.379593395844022,9.203420797826373
base12_early,0,60,9.379875328215235,9.203820042810936
base12_early,0,61,9.381435406543623,9.204823305524554
base12_early,0,62,9.382535029450773,9.205893175489313
base12_early,0,63,9.383243560652378,9.206614529387922
base12_early,0,64,9.384947470411326,9.20802637753458
base12_early,0,65,9.384858609906365,9.207852734900408
base12_early,0,66,9.385655508459243,9.208889829247623
base12_early,0,67,9.385711634361387,9.208905717828369
base12_early,0,68,9.386217545882271,9.209191180735674
base12_early,0,69,9.386682449763258,9.20948444097067
base12_early,0,70,9.387209433979454,9.209882342446733
base12_early,0,71,9.38763793894563,9.210125529576919
base12_early,0,72,9.388056851057353,9.210529530513178
base12_early,0,73,9.390301057808301,9.212679008392579
base12_early,0,74,9.391033473610891,9.21358138659795
base12_early,0,75,9.391312093433312,9.213935197584231
base12_early,0,76,9.391631974409906,9.214380360121622
base12_early,0,77,9.391652676102478,9.214455515445028
base12_early,0,78,9.391762049055256,9.214258791692984
base12_early,0,79,9.391385770522582,9.213866083204957
base12_early,0,80,9.391776980783021,9.214173343124873
base12_early,0,81,9.392265912872585,9.21453073376506
base12_early,0,82,9.392762027638799,9.215058075416014
base12_early,0,83,9.393820945788416,9.216097651682611
base12_early,0,84,9.39410281900445,9.216296884728822
base12_early,0,85,9.394922503903286,9.216843509976517
base12_early,0,86,9.395049383197245,9.217142261891073
base12_early,0,87,9.395600011575066,9.217776753594716
base12_early,0,88,9.395999866063308,9.218163804651072
base12_early,0,89,9.397125923983294,9.219281274175241
base12_early,0,90,9.397139844808573,9.219335189836851
base12_early,0,91,9.397473018326819,9.219731583782755
base12_early,0,92,9.39794404980315,9.220084371025528
base12_early,0,93,9.398769237631702,9.221001161641128
base12_early,0,94,9.399695412769152,9.221924558327226
base12_early,0,95,9.401883698258146,9.2241818130081
base12_early,0,96,9.400827775131255,9.223467298982795
base12_early,0,97,9.401339870283529,9.224193247103145
base12_early,0,98,9.40190529103192,9.224762952126934
base12_early,0,99,9.40244023028757,9.225279185945073
base12_early,0,100,9.40293721603055,9.22569293055187
base12_early,0,101,9.403381541046725,9.22623248401827
base12_early,0,102,9.404814210399289,9.227516484342384
base12_early,0,103,9.405150901574173,9.227901641950982
base12_early,0,104,9.405662528533515,9.228393897015797
base12_early,0,105,9.406565799523223,9.22940000742912
base12_early,0,106,9.407777151828716,9.230421962269894
base12_early,0,107,9.40922120437949,9.231675974614317
base12_early,0,108,9.410300482887376,9.232762918942234
base12_early,0,109,9.411239562433437,9.233763556606162
base12_early,0,110,9.412069566528372,9.234576855363404
base12_early,0,111,9.413180124155094,9.235594066694231
base12_early,0,112,9.413719857156421,9.236241269235991
base12_early,0,113,9.415136462739422,9.237691355730746
base12_early,0,114,9.415074148317485,9.237757130017929
base12_early,0,115,9.415513678860842,9.238207264170029
base12_early,0,116,9.416280935564455,9.238755963558827
base12_early,0,117,9.418008408497553,9.240541117498555
base12_early,0,118,9.418480377601593,9.241025520940047
base12_early,0,119,9.419796710610267,9.242264823192095
base12_early,0,120,9.42157263846212,9.244006305671697
base12_early,0,121,9.421836315696343,9.244275430655733
base12_early,0,122,9.42214294758527,9.244653980786811
base12_early,0,123,9.424502713064577,9.247005540359941
base12_early,0,124,9.424668905436116,9.247128876194694
base12_early,0,125,9.426283495996547,9.24854214352169
base12_early,0,126,9.426694048776358,9.249068932778567
base12_early,0,127,9.426972751715779,9.249433114418007
base12_early,0,128,9.427242671725528,9.249712261404632
base12_early,0,129,9.428036081816096,9.250492525595822
base12_early,0,130,9.428188458562687,9.250589779485827
base12_early,0,131,9.429254060890182,9.251710268679565
base12_early,0,132,9.430438386390902,9.25273805434181
base12_early,0,133,9.430308743962478,9.252463293806029
base12_early,0,134,9.431127803951496,9.253339404539785
base12_early,0,135,9.431163323933221,9.253255320147325
base12_early,0,136,9.43319981921446,9.255057103532105
base12_early,0,137,9.433445362750355,9.255247965698947
base12_early,0,138,9.433905661815805,9.255814768414227
base12_early,0,139,9.434779882125683,9.256560283362393
base12_early,0,140,9.436860563858883,9.258236853184055
base12_early,0,141,9.437715075773404,9.25905580532004
base12_early,0,142,9.437739451491439,9.258951969269093
base12_early,0,143,9.43839945869702,9.259579906797777
base12_early,0,144,9.43916547655068,9.260316642894395
base12_early,0,145,9.440213992895051,9.261487364319333
base12_early,0,146,9.440381520144218,9.26163810156902
base12_early,0,147,9.440297053040895,9.261511663548118
base12_early,0,148,9.440592783257978,9.261820961044148
base12_early,0,149,9.440929703986406,9.262126210378804
base12_early,0,150,9.441395504525147,9.26259644469994
base12_early,0,151,9.441803513467391,9.262911264357543
base12_early,0,152,9.441908867200018,9.263054092498816
base12_early,0,153,9.442218047662445,9.263383255577526
base12_early,0,154,9.442848152537845,9.263911639145393
base12_early,0,155,9.443349083949101,9.264436498488344
base12_early,0,156,9.443998335563505,9.265162695852057
base12_early,0,157,9.444552383024991,9.265719909562605
base12_early,0,158,9.445372112460825,9.266578694137099
base12_early,0,159,9.445668938008028,9.266942195676812
base12_early,0,160,9.445843058382485,9.267220693334336
base12_early,0,161,9.446116900823084,9.267468363824893
base12_early,0,162,9.446634758015898,9.268049073026942
base12_early,0,163,9.447614920270354,9.269117156806903
base12_early,0,164,9.448727270826364,9.270153918111255
base12_early,0,165,9.447967439874803,9.269492515495834
base12_early,0,166,9.447967710862999,9.269390257001746
base12_early,0,167,9.44808653953582,9.269600435480774
base12_early,0,168,9.447892306516227,9.269580478290623
base12_early,0,169,9.449171092423084,9.270772879838821
base12_early,0,170,9.44990484448308,9.271490107065423
base12_early,0,171,9.450272599014,9.27187222643538
base12_early,0,172,9.450794963652703,9.27240923965303
base12_early,0,173,9.452454599217486,9.273727191347849
base12_early,0,174,9.45282632341821,9.27411443373548
base12_early,0,175,9.453060705700048,9.27450368068171
base12_early,0,176,9.453956348740371,9.27525257674206
base12_early,0,177,9.45368911912602,9.275060114073588
base12_early,0,178,9.45395952557619,9.275303814635667
base12_early,0,179,9.45395318378879,9.27521744016456
base12_early,0,180,9.454770924521851,9.276033574630693
base12_early,1,1,9.564496376570599,9.385777180663903
base12_early,1,2,9.545902213511152,9.367847154097436
base12_early,1,3,9.528876582934556,9.351141160733794
base12_early,1,4,9.5149286035541,9.337302105204472
base12_early,1,5,9.499174903154593,9.3223168791401
base12_early,1,6,9.486089948650092,9.309585317300986
base12_early,1,7,9.474284278000777,9.29837569828222
base12_early,1,8,9.463930933939476,9.288302509413917
base12_early,1,9,9.453080900233637,9.277806966942748
base12_early,1,10,9.44467834421691,9.269298140559028
base12_early,1,11,9.435771627777985,9.260843407885812
base12_early,1,12,9.42976327833745,9.255068859667011
base12_early,1,13,9.423333335786522,9.248740885012898
base12_early,1,14,9.41601756857456,9.242075642896824
base12_early,1,15,9.410508196432422,9.236902822788577
base12_early,1,16,9.405386432169799,9.231818801239205
base12_early,1,17,9.400750056556634,9.2273080147036
base12_early,1,18,9.396592510868238,9.22339394203924
base12_early,1,19,9.393525784266753,9.220169674319045
base12_early,1,20,9.390736657127462,9.217402138455425
base12_early,1,21,9.38693437212736,9.213378042630001
base12_early,1,22,9.385396302077906,9.211792484748925
base12_early,1,23,9.382903678691243,9.209158343461588
base12_early,1,24,9.380917112714043,9.207192760472802
base12_early,1,25,9.378470646216073,9.204797657943423
base12_early,1,26,9.376966577883984,9.203118554712905
base12_early,1,27,9.375615952421871,9.2018537167196
base12_early,1,28,9.375119613650359,9.201582628851202
base12_early,1,29,9.374052992794402,9.200626867778974
base12_early,1,30,9.372784867874962,9.199381977020423
base12_early,1,31,9.373129605019757,9.199621932029604
base12_early,1,32,9.372167300561893,9.198590791365845
base12_early,1,33,9.372655850759195,9.198844617378994
base12_early,1,34,9.372669353739552,9.198793806672127
base12_early,1,35,9.372001958999842,9.197993009262854
base12_early,1,36,9.371859254460297,9.197866958439025
base12_early,1,37,9.371319397480708,9.19731628976604
base12_early,1,38,9.371580393698531,9.19777761085546
base12_early,1,39,9.371719850542611,9.19783499877861
base12_early,1,40,9.371770977947094,9.19792214045303
base12_early,1,41,9.371572842420154,9.197544427097732
base12_early,1,42,9.370804837538744,9.196540065041214
base12_early,1,43,9.370768959573104,9.196533827711018
base12_early,1,44,9.371541687636759,9.197214963131858
base12_early,1,45,9.372972110098312,9.198424024831372
base12_early,1,46,9.372645015691836,9.198076456204236
base12_early,1,47,9.372053490865028,9.197314525867945
base12_early,1,48,9.371754653882965,9.197029173251217
base12_early,1,49,9.373640943941359,9.199014295784801
base12_early,1,50,9.373830033964751,9.199244431541285
base12_early,1,51,9.374635518159273,9.200111186465001
base12_early,1,52,9.374932780770319,9.200377274926902
base12_early,1,53,9.376195515452153,9.201305089561458
base12_early,1,54,9.3777695889611,9.202699778228093
base12_early,1,55,9.378364194171407,9.203199006780869
base12_early,1,56,9.378587870394158,9.203220686520762
base12_early,1,57,9.380162845561326,9.204711095682411
base12_early,1,58,9.38031489461727,9.204879943866187
base12_early,1,59,9.381357274758532,9.20581346876736
base12_early,1,60,9.381577244521749,9.205950059541717
base12_early,1,61,9.383752262741151,9.207735037840617
base12_early,1,62,9.385364694859664,9.209150381509234
base12_early,1,63,9.3857954289381,9.209550592076997
base12_early,1,64,9.387176627270692,9.21089157124598
base12_early,1,65,9.386860459377445,9.2108584586945
base12_early,1,66,9.387682144716605,9.211639759794519
base12_early,1,67,9.388026155330694,9.212080495338984
base12_early,1,68,9.387520584073565,9.211433260155506
base12_early,1,69,9.387679544410098,9.21142780065283
base12_early,1,70,9.38945718238491,9.212586999399926
base12_early,1,71,9.391119936196496,9.213823866741652
base12_early,1,72,9.391663398249836,9.214246889253362
base12_early,1,73,9.391765816284831,9.214296585667011
base12_early,1,74,9.392332242889136,9.21461607321921
base12_early,1,75,9.394290200567013,9.216258632819128
base12_early,1,76,9.39520485505599,9.217112899433905
base12_early,1,77,9.396601932556349,9.21831503108427
base12_early,1,78,9.396636048949235,9.218800301131218
base12_early,1,79,9.39845331935053,9.220458506194797
base12_early,1,80,9.399569345302105,9.221440435433768
base12_early,1,81,9.399498958769907,9.221161353846666
base12_early,1,82,9.401319528767573,9.222620284758511
base12_early,1,83,9.403115462919343,9.2243232587671
base12_early,1,84,9.404253369639177,9.225310440108176
base12_early,1,85,9.404717595774876,9.225585057256245
base12_early,1,86,9.405373789478814,9.226488340301785
base12_early,1,87,9.406317626225448,9.227343964019665
base12_early,1,88,9.40750019710386,9.228065494774357
base12_early,1,89,9.408408786514041,9.228935175725574
base12_early,1,90,9.408837965879927,9.229305026235187
base12_early,1,91,9.409186741668558,9.229601405390698
base12_early,1,92,9.410943857112255,9.231074382191604
base12_early,1,93,9.41164064836564,9.231804530605855
base12_early,1,94,9.41231742482512,9.232374570378031
base12_early,1,95,9.41288765395679,9.232990213535205
base12_early,1,96,9.413853909021478,9.233980725331389
base12_early,1,97,9.414743566637899,9.23504992853336
base12_early,1,98,9.415516941726853,9.235774733249706
base12_early,1,99,9.41631260181927,9.236577737384803
base12_early,1,100,9.416882879843595,9.237064189987194
base12_early,1,101,9.41669188019806,9.236910935044433
base12_early,1,102,9.41718745246052,9.237372566200056
base12_early,1,103,9.416916475127577,9.237107559688464
base12_early,1,104,9.417327073660822,9.237296879035794
base12_early,1,105,9.417755046792093,9.237772135537254
base12_early,1,106,9.418357312597605,9.238325160821818
base12_early,1,107,9.419308510119908,9.2389973370226
base12_early,1,108,9.419990034540453,9.239654490110283
base12_early,1,109,9.422071918612048,9.241302680650627
base12_early,1,110,9.422697449813228,9.241722344199225
base12_early,1,111,9.425050342793446,9.24367559795864
base12_early,1,112,9.42604388102668,9.244127423990872
base12_early,1,113,9.426310185500549,9.24435294626348
base12_early,1,114,9.42716375173163,9.245212900336714
base12_early,1,115,9.428100578852378,9.245987600149904
base12_early,1,116,9.429301580506708,9.246662232401038
base12_early,1,117,9.430591209302678,9.24772749294747
base12_early,1,118,9.432338531857045,9.249373630742339
base12_early,1,119,9.43396770494141,9.2508068953082
base12_early,1,120,9.43510923155537,9.25163669516395
base12_early,1,121,9.435556642741037,9.251834013700792
base12_early,1,122,9.436392401677605,9.252774702452854
base12_early,1,123,9.436859023848845,9.253157768200811
base12_early,1,124,9.437301652077993,9.253396837975334
base12_early,1,125,9.437626201434886,9.253778862688995
base12_early,1,126,9.43862938005792,9.25450190614509
base12_early,1,127,9.440969007160648,9.25643143923982
base12_early,1,128,9.442652308407826,9.257832620936956
base12_early,1,129,9.442996392889642,9.258168613825688
base12_early,1,130,9.443577919683497,9.258539072814436
base12_early,1,131,9.444191053043516,9.259094840485007
base12_early,1,132,9.44487692839543,9.259776259018924
base12_early,1,133,9.444418256467257,9.259206999075163
base12_early,1,134,9.444752357938642,9.259588125826284
base12_early,1,135,9.445380431636757,9.260161206705028
base12_early,1,136,9.446669066766075,9.261310536734653
base12_early,1,137,9.447199979034423,9.261773928971794
base12_early,1,138,9.447930343872816,9.262447999297796
base12_early,1,139,9.448823511989566,9.263349570214793
base12_early,1,140,9.448816211008127,9.263266493699135
base12_early,1,141,9.449862168567963,9.264381299890848
base12_early,1,142,9.450167696464652,9.264459142552905
base12_early,1,143,9.450183909933903,9.264387985359095
base12_early,1,144,9.45047808048272,9.264559649650778
base12_early,1,145,9.45042282283223,9.264540866811277
base12_early,1,146,9.450563797902255,9.264637027345561
base12_early,1,147,9.45091450906555,9.264898221252524
base12_early,1,148,9.451481145005507,9.265405444179772
base12_early,1,149,9.45221861807445,9.265917129455497
base12_early,1,150,9.452823421694186,9.26628629204215
base12_early,1,151,9.453316116480458,9.266791974470156
base12_early,1,152,9.453764275275713,9.267241546181946
base12_early,1,153,9.454108344991733,9.267644801779015
base12_early,1,154,9.45485962193077,9.268380265180944
base12_early,1,155,9.455321122214722,9.268623386041659
base12_early,1,156,9.456049361309542,9.269302286631948
base12_early,1,157,9.456202772886957,9.269361470807981
base12_early,1,158,9.45654863573269,9.269699463008195
base12_early,1,159,9.456823015691919,9.26999899602714
base12_early,1,160,9.457608352596251,9.270777729443793
base12_early,1,161,9.459218825570098,9.272408525561056
base12_early,1,162,9.460013479567209,9.273231557428286
base12_early,1,163,9.460365088708688,9.27360835779708
base12_early,1,164,9.460700760875884,9.27399625866386
base12_early,1,165,9.460809589178238,9.27405136953841
base12_early,1,166,9.461126316610802,9.274425725082432
base12_early,1,167,9.461555890639223,9.27485712109756
base12_early,1,168,9.461940183458912,9.275275412203566
base12_early,1,169,9.46239992007428,9.275705341316847
base12_early,1,170,9.462814094158487,9.276190274465607
base12_early,1,171,9.463089795671852,9.276630018092408
base12_early,1,172,9.463504526581561,9.277017363717313
base12_early,1,173,9.463914237815096,9.27726054516382
base12_early,1,174,9.464345350947312,9.277464560748083
base12_early,1,175,9.46452395159761,9.277619737977055
base12_early,1,176,9.4647043964906,9.277778982912036
base12_early,1,177,9.464749192418322,9.277705125282276
base12_early,1,178,9.465322335605363,9.278288549315437
base12_early,1,179,9.46603890448155,9.279014696517345
base12_early,1,180,9.466556193485165,9.279564418285121
base12_early,2,1,9.56293722639299,9.383911896193359
base12_early,2,2,9.545838155668703,9.367755086186852
base12_early,2,3,9.528546582427447,9.351069342220736
base12_early,2,4,9.51233692363314,9.33567031765197
base12_early,2,5,9.499669343880422,9.323361117369332
base12_early,2,6,9.488144685327114,9.312297777110233
base12_early,2,7,9.47803921251682,9.302165544152247
base12_early,2,8,9.469558023357576,9.29363860184827
base12_early,2,9,9.461538723163406,9.285820762348978
base12_early,2,10,9.452982388475359,9.276887581817869
base12_early,2,11,9.445410221368306,9.269653255801105
base12_early,2,12,9.440389405847602,9.264422372852584
base12_early,2,13,9.433991085343562,9.25781316057437
base12_early,2,14,9.429195086864711,9.253036098491242
base12_early,2,15,9.42369079272262,9.247669298360083
base12_early,2,16,9.418568109834672,9.242401777474203
base12_early,2,17,9.414173515222442,9.23787465768919
base12_early,2,18,9.409655232666655,9.233447993640631
base12_early,2,19,9.405234099550503,9.229108896294283
base12_early,2,20,9.401849439552354,9.226050174661163
base12_early,2,21,9.400088835868479,9.224133734237542
base12_early,2,22,9.397745293380229,9.222133898570428
base12_early,2,23,9.397510001132439,9.221999693870739
base12_early,2,24,9.395153970541326,9.219695527165289
base12_early,2,25,9.394145788537392,9.219043119124223
base12_early,2,26,9.392824555306255,9.217770932796826
base12_early,2,27,9.39060981633352,9.215298048629826
base12_early,2,28,9.388585464807822,9.213385088107827
base12_early,2,29,9.388172796715555,9.212790057175456
base12_early,2,30,9.387509219181249,9.21196333257046
base12_early,2,31,9.387032279915433,9.211672640345974
base12_early,2,32,9.388389109065145,9.212505422832868
base12_early,2,33,9.387613636017376,9.211859486474625
base12_early,2,34,9.387542878653218,9.211517215736029
base12_early,2,35,9.386379426924314,9.210360650665848
base12_early,2,36,9.386680089183047,9.210687460914334
base12_early,2,37,9.386141238588932,9.210104406137095
base12_early,2,38,9.386575138944007,9.2101483250974
base12_early,2,39,9.386200503259003,9.209636327833937
base12_early,2,40,9.38650942371441,9.209895232325334
base12_early,2,41,9.38683859834452,9.209994034057676
base12_early,2,42,9.387400925171594,9.2106275976895
base12_early,2,43,9.38693892603101,9.210065421042767
base12_early,2,44,9.386928809072485,9.209886590009091
base12_early,2,45,9.387796930086958,9.210364331194356
base12_early,2,46,9.388419312370877,9.21091521205772
base12_early,2,47,9.389980192599891,9.21236424176236
base12_early,2,48,9.389732180191539,9.212282649911478
base12_early,2,49,9.391732572246616,9.213945329452873
base12_early,2,50,9.391716725792548,9.213741508496737
base12_early,2,51,9.392467554705892,9.214363459457548
base12_early,2,52,9.393020533371704,9.214767744417191
base12_early,2,53,9.393354841487147,9.215093540705142
base12_early,2,54,9.394054385485532,9.215614251489788
base12_early,2,55,9.394208569701663,9.215750776918354
base12_early,2,56,9.395636703431109,9.216922573976703
base12_early,2,57,9.394693128494872,9.216159503345624
base12_early,2,58,9.395217334064492,9.216650445509192
base12_early,2,59,9.396246055007493,9.217340729631822
base12_early,2,60,9.396718310350433,9.217987328508288
base12_early,2,61,9.397423905652175,9.218602147319785
base12_early,2,62,9.397368000355428,9.218814239486854
base12_early,2,63,9.397654232122434,9.219001168483697
base12_early,2,64,9.398422628876705,9.21925295015968
base12_early,2,65,9.399467534449759,9.220166158864101
base12_early,2,66,9.39978798617688,9.220513301561889
base12_early,2,67,9.400035867823956,9.220615730129506
base12_early,2,68,9.401669676314015,9.221914055407792
base12_early,2,69,9.402744357463028,9.222709070257217
base12_early,2,70,9.403133186263602,9.223079252077827
base12_early,2,71,9.404199774922464,9.224076375674498
base12_early,2,72,9.404294223089297,9.224275616283
base12_early,2,73,9.405760579492204,9.225286086119459
base12_early,2,74,9.405986945049436,9.2255137188907
base12_early,2,75,9.40596660204727,9.225618025398823
base12_early,2,76,9.406415220313926,9.22591724494834
base12_early,2,77,9.407165023152935,9.22659872208733
base12_early,2,78,9.406963938130106,9.226385244096761
base12_early,2,79,9.407087730283983,9.22631030580178
base12_early,2,80,9.407379496643763,9.22670188193087
base12_early,2,81,9.407990871515544,9.227342400285087
base12_early,2,82,9.408247436918195,9.227692201954534
base12_early,2,83,9.408903671506113,9.228112335232792
base12_early,2,84,9.409104369507997,9.228393950168725
base12_early,2,85,9.409719531561723,9.228939411268195
base12_early,2,86,9.409937541929013,9.22921761566576
base12_early,2,87,9.410282238521914,9.229416105622487
base12_early,2,88,9.411181621949932,9.230334405274423
base12_early,2,89,9.411776582725379,9.230748817497346
base12_early,2,90,9.412004681862308,9.231042404361641
base12_early,2,91,9.413735786014351,9.232794553620236
base12_early,2,92,9.414221819475694,9.233165009160572
base12_early,2,93,9.415489182362098,9.234303367080834
base12_early,2,94,9.415979031936896,9.234855266503514
base12_early,2,95,9.416327970420307,9.235348379708382
base12_early,2,96,9.417041609545157,9.236050581812874
base12_early,2,97,9.417383963986884,9.2363351205428
base12_early,2,98,9.418063081169018,9.23721688259851
base12_early,2,99,9.418887960002365,9.238103137343087
base12_early,2,100,9.419303119577775,9.238376435709151
base12_early,2,101,9.420027280499312,9.239089802270218
base12_early,2,102,9.420966614864192,9.239964381763171
base12_early,2,103,9.421182697966273,9.240149281601152
base12_early,2,104,9.421495034907505,9.240684919467993
base12_early,2,105,9.421778781530364,9.240945707349493
base12_early,2,106,9.422445648666887,9.241717935228145
base12_early,2,107,9.423030909715356,9.242307730757906
base12_early,2,108,9.42347918016539,9.242904266271024
base12_early,2,109,9.424245091917706,9.24367511665908
base12_early,2,110,9.42520299411832,9.244696195456484
base12_early,2,111,9.425729805044353,9.245174337062258
base12_early,2,112,9.426046049214593,9.24544307409982
base12_early,2,113,9.426702036694113,9.245991816322206
base12_early,2,114,9.426754294833247,9.246043784902943
base12_early,2,115,9.426939508731808,9.246218935173909
base12_early,2,116,9.42749095994577,9.246832894343381
base12_early,2,117,9.427710078393316,9.247123110424143
base12_early,2,118,9.427971390545355,9.247452153529137
base12_early,2,119,9.428563472003967,9.247985363151667
base12_early,2,120,9.428893090438741,9.248358198533811
base12_early,2,121,9.429187552483706,9.248663313577785
base12_early,2,122,9.429927820881904,9.249451650488867
base12_early,2,123,9.430230274491375,9.24967150986085
base12_early,2,124,9.430974081421947,9.250280562498448
base12_early,2,125,9.431302574520451,9.25059430719582
base12_early,2,126,9.431860066799969,9.251000660392442
base12_early,2,127,9.43271637220632,9.2519606203952
base12_early,2,128,9.433393318601953,9.252797430551126
base12_early,2,129,9.43435802634017,9.253780060399192
base12_early,2,130,9.434926366914253,9.254391026076327
base12_early,2,131,9.435457128240802,9.25502479541745
base12_early,2,132,9.435921885394508,9.25560928425699
base12_early,2,133,9.43652355630471,9.256127585980053
base12_early,2,134,9.437058907685412,9.256746588699595
base12_early,2,135,9.436947298400025,9.25654352227429
base12_early,2,136,9.4377083998606,9.257228302434534
base12_early,2,137,9.437973119717002,9.25758771646802
base12_early,2,138,9.438647099353133,9.257965144286803
base12_early,2,139,9.439150339701849,9.258176969926614
base12_early,2,140,9.439667482852467,9.258646630178049
base12_early,2,141,9.441746492383071,9.260407857722662
base12_early,2,142,9.442167577235981,9.26057966466788
base12_early,2,143,9.442562925409957,9.260893737154879
base12_early,2,144,9.442765597908975,9.260989429940965
base12_early,2,145,9.44326820874978,9.261695922502996
base12_early,2,146,9.443666998577006,9.262049575456366
base12_early,2,147,9.444241108960597,9.26270566336508
base12_early,2,148,9.445101585823394,9.263459091361593
base12_early,2,149,9.4458263856073,9.264228412484057
base12_early,2,150,9.446167639535865,9.26464189577419
base12_early,2,151,9.447050255357581,9.265616595844568
base12_early,2,152,9.448713995574908,9.267368348154145
base12_early,2,153,9.44919823476697,9.267888754911613
base12_early,2,154,9.449709814364832,9.268281053372423
base12_early,2,155,9.4498044121967,9.268302529494207
base12_early,2,156,9.44971824051327,9.26818714805536
base12_early,2,157,9.450049795067295,9.268477843221445
base12_early,2,158,9.450986955636106,9.269180191550712
base12_early,2,159,9.451630290229478,9.269788820426587
base12_early,2,160,9.451838855324576,9.269901645913906
base12_early,2,161,9.452221193342929,9.270466925702458
base12_early,2,162,9.453177376948542,9.271301978586939
base12_early,2,163,9.453499416911292,9.271589453587884
base12_early,2,164,9.453641334285289,9.271747976177563
base12_early,2,165,9.453910933346721,9.272020092965692
base12_early,2,166,9.45435218217947,9.272432294941911
base12_early,2,167,9.45557019447924,9.273668736918326
base12_early,2,168,9.456442124655965,9.274089261330715
base12_early,2,169,9.45662278372346,9.274260135454055
base12_early,2,170,9.457017542644785,9.27457066216439
base12_early,2,171,9.457611898714157,9.27524062075686
base12_early,2,172,9.457033215620614,9.27488252285992
base12_early,2,173,9.457147811265134,9.275032665263666
base12_early,2,174,9.457440757303246,9.275363682847319
base12_early,2,175,9.457852392875996,9.27576354001939
base12_early,2,176,9.458098506124834,9.276034728638729
base12_early,2,177,9.45893692362989,9.27680855324922
base12_early,2,178,9.45972053138938,9.277672091255054
base12_early,2,179,9.460086129626369,9.278002520256859
base12_early,2,180,9.460382249759599,9.27832931841525
catalog77_early,0,1,9.562567262741604,9.383696258766154
catalog77_early,0,2,9.543073785129959,9.364923549616258
catalog77_early,0,3,9.525579462866737,9.347825680819483
catalog77_early,0,4,9.510174594475547,9.333209525507947
catalog77_early,0,5,9.495168263566601,9.318684235056491
catalog77_early,0,6,9.481514507698266,9.305472023297407
catalog77_early,0,7,9.469682989151933,9.293867431072874
catalog77_early,0,8,9.458351794925207,9.282859918597286
catalog77_early,0,9,9.447945619027228,9.272881106628763
catalog77_early,0,10,9.439212622066222,9.26438386700065
catalog77_early,0,11,9.429256464003014,9.254704610154764
catalog77_early,0,12,9.420364639614421,9.24598526504585
catalog77_early,0,13,9.413150853199845,9.238884947394729
catalog77_early,0,14,9.407692407922704,9.23356007665614
catalog77_early,0,15,9.401231597640551,9.22679701004519
catalog77_early,0,16,9.396117279221041,9.22152753062805
catalog77_early,0,17,9.389614893604953,9.214778129693098
catalog77_early,0,18,9.385139404402624,9.210311267479401
catalog77_early,0,19,9.381190992143203,9.206472173195786
catalog77_early,0,20,9.377944816773928,9.202946626178116
catalog77_early,0,21,9.375247589031954,9.200227630432343
catalog77_early,0,22,9.372051221931645,9.197071329292083
catalog77_early,0,23,9.368244596633946,9.19336677485782
catalog77_early,0,24,9.365279122233746,9.19011019135614
catalog77_early,0,25,9.364838408408096,9.189354587332002
catalog77_early,0,26,9.362158146188229,9.186782268814413
catalog77_early,0,27,9.360149127810843,9.184928225093323
catalog77_early,0,28,9.358580508783175,9.183599724768785
catalog77_early,0,29,9.357264174928218,9.182582809545876
catalog77_early,0,30,9.356742777005982,9.182246018805913
catalog77_early,0,31,9.355613580215207,9.181286455690326
catalog77_early,0,32,9.355112680153553,9.18122369819579
catalog77_early,0,33,9.35380620257236,9.179847149042999
catalog77_early,0,34,9.352321732970422,9.178184210879381
catalog77_early,0,35,9.35110463926492,9.176979746098567
catalog77_early,0,36,9.349874379828362,9.176023768616659
catalog77_early,0,37,9.350468792633853,9.176680578996816
catalog77_early,0,38,9.350259050955653,9.17617308456371
catalog77_early,0,39,9.35002438108149,9.175750377700334
catalog77_early,0,40,9.34933613439335,9.175125216662487
catalog77_early,0,41,9.350231361081999,9.176279338586388
catalog77_early,0,42,9.351074107195192,9.177015520329268
catalog77_early,0,43,9.350438134067813,9.176498293121856
catalog77_early,0,44,9.351452450153435,9.177616212169697
catalog77_early,0,45,9.352009561671712,9.178114141309031
catalog77_early,0,46,9.352073847720117,9.17821006326606
catalog77_early,0,47,9.351897995590978,9.17799302463827
catalog77_early,0,48,9.350864202012954,9.176892943538235
catalog77_early,0,49,9.350530313918359,9.17656030707708
catalog77_early,0,50,9.351005805550848,9.176907380853342
catalog77_early,0,51,9.351153647288395,9.177114615965104
catalog77_early,0,52,9.350988362027984,9.176902746805043
catalog77_early,0,53,9.351022061036872,9.17695997643605
catalog77_early,0,54,9.350993339241276,9.177063139297934
catalog77_early,0,55,9.350616415374029,9.17661908785371
catalog77_early,0,56,9.350579099632734,9.176593961005096
catalog77_early,0,57,9.350638918162373,9.176748975527884
catalog77_early,0,58,9.351147424231888,9.177098056080833
catalog77_early,0,59,9.352293063866172,9.178040498913608
catalog77_early,0,60,9.352118586316985,9.177790514674593
catalog77_early,0,61,9.351881066559004,9.177513300232789
catalog77_early,0,62,9.352369242745452,9.177970536953604
catalog77_early,0,63,9.353003464151053,9.178454443999625
catalog77_early,0,64,9.353939479014132,9.179417731799825
catalog77_early,0,65,9.354146760985497,9.179592695823583
catalog77_early,0,66,9.354965229969437,9.180397042941546
catalog77_early,0,67,9.354656588959992,9.180153856436872
catalog77_early,0,68,9.354992039588911,9.18023812734459
catalog77_early,0,69,9.355351975043396,9.180657908146003
catalog77_early,0,70,9.35567948965719,9.18090913446956
catalog77_early,0,71,9.354645523214412,9.179728231518219
catalog77_early,0,72,9.355375000720288,9.180439470054088
catalog77_early,0,73,9.355158800503585,9.180304828474641
catalog77_early,0,74,9.354957096156213,9.180112677137759
catalog77_early,0,75,9.35590409732423,9.18088723332809
catalog77_early,0,76,9.356243948470551,9.181200203719765
catalog77_early,0,77,9.357359986318281,9.182114058044808
catalog77_early,0,78,9.357854572553233,9.182609932010214
catalog77_early,0,79,9.35874444738775,9.183311590170923
catalog77_early,0,80,9.359756492777183,9.184305875910873
catalog77_early,0,81,9.360402433323669,9.18490430173918
catalog77_early,0,82,9.360464962643897,9.1849132570198
catalog77_early,0,83,9.359689520102748,9.184103581918201
catalog77_early,0,84,9.360676595037305,9.184762680921962
catalog77_early,0,85,9.360812701233243,9.184746995886153
catalog77_early,0,86,9.360326009260657,9.18416346711864
catalog77_early,0,87,9.360470937143809,9.18443908920281
catalog77_early,0,88,9.36091577332729,9.18485707497663
catalog77_early,0,89,9.362527576176397,9.186405402572568
catalog77_early,0,90,9.362652389334173,9.186553869930664
catalog77_early,0,91,9.363005670336937,9.187037099171663
catalog77_early,0,92,9.363451997279078,9.187480226571328
catalog77_early,0,93,9.363315792175245,9.187287431846851
catalog77_early,0,94,9.36384544106764,9.187539849262272
catalog77_early,0,95,9.363758311006373,9.187636490409638
catalog77_early,0,96,9.3638096038744,9.1877426996998
catalog77_early,0,97,9.364719504135707,9.188627335660414
catalog77_early,0,98,9.365049085691703,9.188951809244813
catalog77_early,0,99,9.365221498910866,9.189173375821285
catalog77_early,0,100,9.365217013504791,9.18909964214173
catalog77_early,0,101,9.36529667314449,9.18921872169464
catalog77_early,0,102,9.365755554464227,9.189532607802416
catalog77_early,0,103,9.366118323878274,9.1898844358853
catalog77_early,0,104,9.36631789634376,9.190122120107755
catalog77_early,0,105,9.366134002168257,9.19001202316964
catalog77_early,0,106,9.36654956457463,9.190298855362784
catalog77_early,0,107,9.366437926441263,9.190208765315914
catalog77_early,0,108,9.36643273902172,9.190118574678781
catalog77_early,0,109,9.365996867373964,9.18964286750088
catalog77_early,0,110,9.365899185515222,9.189499329799073
catalog77_early,0,111,9.366540445738709,9.189805735946566
catalog77_early,0,112,9.366737159309018,9.190014053066667
catalog77_early,0,113,9.366788716618863,9.19032169017131
catalog77_early,0,114,9.367735442448598,9.191165937640035
catalog77_early,0,115,9.368013485073481,9.191558975691391
catalog77_early,0,116,9.368315603651292,9.191655748876078
catalog77_early,0,117,9.36858441957628,9.191946846656672
catalog77_early,0,118,9.36869291125305,9.192072292868005
catalog77_early,0,119,9.369189807735058,9.19251998103872
catalog77_early,0,120,9.369796641141573,9.19313252233245
catalog77_early,0,121,9.36996519585913,9.193311961133652
catalog77_early,0,122,9.369922532054641,9.193355218848303
catalog77_early,0,123,9.37001429842951,9.193465921210974
catalog77_early,0,124,9.371018476829517,9.194324678420704
catalog77_early,0,125,9.371314534737945,9.194587189091882
catalog77_early,0,126,9.371441884678559,9.194780117590504
catalog77_early,0,127,9.371450649117492,9.194908596083842
catalog77_early,0,128,9.371624542005932,9.195009373296205
catalog77_early,0,129,9.371827039745643,9.195340104490707
catalog77_early,0,130,9.372069640018985,9.19556552172629
catalog77_early,0,131,9.37224341943336,9.19580825295787
catalog77_early,0,132,9.372465626919361,9.195979760818814
catalog77_early,0,133,9.37300006893599,9.196448289860355
catalog77_early,0,134,9.373280326770399,9.196671712419606
catalog77_early,0,135,9.37429515180692,9.197203646234438
catalog77_early,0,136,9.374802723670062,9.197596985045413
catalog77_early,0,137,9.374994496828105,9.197702586802778
catalog77_early,0,138,9.375326680859496,9.19792905813625
catalog77_early,0,139,9.375535463095062,9.19804258498511
catalog77_early,0,140,9.375895275485204,9.198247378699472
catalog77_early,0,141,9.376565573746682,9.198725709175761
catalog77_early,0,142,9.37673730840452,9.19884781567374
catalog77_early,0,143,9.376763289724062,9.198884631888724
catalog77_early,0,144,9.37680992068725,9.198988850586117
catalog77_early,0,145,9.377280681307411,9.1992420274891
catalog77_early,0,146,9.3775583455007,9.199296423608832
catalog77_early,0,147,9.377825858093676,9.199433248595232
catalog77_early,0,148,9.37834635249998,9.199869231067698
catalog77_early,0,149,9.378796081404246,9.200426953534514
catalog77_early,0,150,9.378991316159185,9.200613251020686
catalog77_early,0,151,9.379052414125583,9.20063954624335
catalog77_early,0,152,9.37936003397446,9.200927521761685
catalog77_early,0,153,9.379273721227836,9.200833336471389
catalog77_early,0,154,9.37957543295618,9.20116996206855
catalog77_early,0,155,9.379546527024782,9.201145241156434
catalog77_early,0,156,9.379486179926982,9.200978769343939
catalog77_early,0,157,9.379332767909796,9.20080402324651
catalog77_early,0,158,9.3793473390372,9.200856721502216
catalog77_early,0,159,9.379137545836564,9.200652786808181
catalog77_early,0,160,9.379213644392072,9.200850990742119
catalog77_early,0,161,9.379373594668047,9.200998650389181
catalog77_early,0,162,9.379334557040373,9.200948048234665
catalog77_early,0,163,9.379388038463766,9.20113659660938
catalog77_early,0,164,9.379562912983856,9.201308595026218
catalog77_early,0,165,9.380029181640184,9.201611328680254
catalog77_early,0,166,9.380028647108528,9.201641045173714
catalog77_early,0,167,9.380488163318514,9.202010553416716
catalog77_early,0,168,9.380514207603932,9.202022708635727
catalog77_early,0,169,9.380739909981846,9.202215740355234
catalog77_early,0,170,9.381189118235158,9.202617058888283
catalog77_early,0,171,9.381569237603598,9.20284455986571
catalog77_early,0,172,9.381772819201961,9.203058811499105
catalog77_early,0,173,9.381857214917238,9.203191226209965
catalog77_early,0,174,9.381972813389536,9.203386629336915
catalog77_early,0,175,9.38219797906878,9.203642966216398
catalog77_early,0,176,9.382320852288508,9.203757972827459
catalog77_early,0,177,9.383666002257305,9.205312679380864
catalog77_early,0,178,9.384406783646012,9.206012741955846
catalog77_early,0,179,9.384327323476368,9.205883275562538
catalog77_early,0,180,9.384963132370197,9.20619731459443
catalog77_early,1,1,9.563263884369308,9.384725675232247
catalog77_early,1,2,9.5447218524278,9.366710992634692
catalog77_early,1,3,9.528009303166924,9.350808289667107
catalog77_early,1,4,9.512709587898293,9.3358122506501
catalog77_early,1,5,9.497331562121056,9.321189403122288
catalog77_early,1,6,9.48494781053683,9.308986000499143
catalog77_early,1,7,9.471514129123465,9.295997860633056
catalog77_early,1,8,9.461154846102326,9.285997851026314
catalog77_early,1,9,9.451192661480205,9.276232072912673
catalog77_early,1,10,9.44194896432748,9.267343461835974
catalog77_early,1,11,9.434163662994504,9.2598047660296
catalog77_early,1,12,9.427538034202932,9.253400441333234
catalog77_early,1,13,9.420527853739134,9.246554162460695
catalog77_early,1,14,9.414498174443295,9.240707128590506
catalog77_early,1,15,9.40939053822299,9.235288657075724
catalog77_early,1,16,9.404322714876384,9.230410523541668
catalog77_early,1,17,9.399761226917944,9.225881820325814
catalog77_early,1,18,9.396674320972126,9.222914822213326
catalog77_early,1,19,9.392453780963349,9.218811021895316
catalog77_early,1,20,9.387942376491988,9.214482784574306
catalog77_early,1,21,9.384910060216933,9.211716506777977
catalog77_early,1,22,9.382809809457465,9.209424953018582
catalog77_early,1,23,9.380350096609696,9.206820239305879
catalog77_early,1,24,9.37923640973125,9.205654812336183
catalog77_early,1,25,9.377718924493154,9.204043604312986
catalog77_early,1,26,9.3773142650972,9.203748356135652
catalog77_early,1,27,9.375496014391366,9.202377825399504
catalog77_early,1,28,9.373998675153679,9.200928116465224
catalog77_early,1,29,9.37256199530927,9.199448933065865
catalog77_early,1,30,9.371802213243559,9.19872548340132
catalog77_early,1,31,9.37094494972591,9.197712071946498
catalog77_early,1,32,9.369291854036913,9.196222279303598
catalog77_early,1,33,9.368923340763684,9.196017010243057
catalog77_early,1,34,9.368013035593851,9.195102273371395
catalog77_early,1,35,9.367203252758014,9.19421614637858
catalog77_early,1,36,9.367128197028347,9.194037258612182
catalog77_early,1,37,9.365963417442245,9.19250553023712
catalog77_early,1,38,9.365436093517781,9.192317594440205
catalog77_early,1,39,9.365301889951692,9.192478541806858
catalog77_early,1,40,9.36487132998303,9.191925169400628
catalog77_early,1,41,9.36460229428691,9.191475488897325
catalog77_early,1,42,9.364027375871313,9.190686219364972
catalog77_early,1,43,9.36320199087088,9.189832181594216
catalog77_early,1,44,9.363753254199853,9.190388014700154
catalog77_early,1,45,9.362985438540445,9.189788124943622
catalog77_early,1,46,9.362705217890422,9.189513561911676
catalog77_early,1,47,9.363511429563069,9.190187101534773
catalog77_early,1,48,9.363625177367554,9.19029809829128
catalog77_early,1,49,9.36475126444871,9.191305394017043
catalog77_early,1,50,9.365324434979918,9.191739558682022
catalog77_early,1,51,9.365486799279374,9.19179371230936
catalog77_early,1,52,9.364640094714199,9.19097393080464
catalog77_early,1,53,9.365442622221478,9.191736851006157
catalog77_early,1,54,9.366568733205549,9.192154227734088
catalog77_early,1,55,9.366847302921558,9.192504326785306
catalog77_early,1,56,9.367020776794623,9.19267744996809
catalog77_early,1,57,9.367431074163738,9.193070708919162
catalog77_early,1,58,9.366955545656818,9.192561526475744
catalog77_early,1,59,9.36856255889017,9.193873771745084
catalog77_early,1,60,9.368438954765058,9.193727375099913
catalog77_early,1,61,9.368723274516382,9.194163503700706
catalog77_early,1,62,9.367976142994523,9.193271076971708
catalog77_early,1,63,9.36745363530465,9.192698696659873
catalog77_early,1,64,9.367718975162077,9.19283825272287
catalog77_early,1,65,9.368089047167908,9.193228671301567
catalog77_early,1,66,9.368809960626496,9.193436258402963
catalog77_early,1,67,9.369344290207634,9.19396155711379
catalog77_early,1,68,9.369667402572047,9.19405356935903
catalog77_early,1,69,9.370282564237241,9.194619467345346
catalog77_early,1,70,9.370896519861384,9.195329420892342
catalog77_early,1,71,9.371482522545504,9.195802486815952
catalog77_early,1,72,9.371112270624305,9.195348190502397
catalog77_early,1,73,9.37225157768342,9.196225586017315
catalog77_early,1,74,9.373153333874047,9.197111788963348
catalog77_early,1,75,9.373821316155567,9.197869881732364
catalog77_early,1,76,9.373713760660172,9.19779529854819
catalog77_early,1,77,9.37431587061525,9.198288022811516
catalog77_early,1,78,9.374964960216358,9.198849921256274
catalog77_early,1,79,9.37545514884181,9.198975619157522
catalog77_early,1,80,9.375969109886716,9.19938721842276
catalog77_early,1,81,9.375914220849142,9.199329205005059
catalog77_early,1,82,9.375882825853019,9.199468513113795
catalog77_early,1,83,9.376600520017995,9.200000747420237
catalog77_early,1,84,9.377573599434317,9.200983485318538
catalog77_early,1,85,9.377941186891189,9.20152753767623
catalog77_early,1,86,9.377784854807834,9.201561031878667
catalog77_early,1,87,9.378020915079741,9.201865612890733
catalog77_early,1,88,9.37775550792848,9.201601076633725
catalog77_early,1,89,9.378740852658037,9.202392769823492
catalog77_early,1,90,9.379039844331823,9.202767746147757
catalog77_early,1,91,9.379319415563842,9.202996137165009
catalog77_early,1,92,9.380317148854607,9.203721997637032
catalog77_early,1,93,9.38033607524475,9.203601849004327
catalog77_early,1,94,9.38022470979411,9.203586937385722
catalog77_early,1,95,9.380619913275115,9.203980692639197
catalog77_early,1,96,9.381385597613562,9.20464262693083
catalog77_early,1,97,9.382044471292792,9.205164108049013
catalog77_early,1,98,9.38159941354026,9.20492955771285
catalog77_early,1,99,9.381945529358768,9.20524454695742
catalog77_early,1,100,9.382484710094657,9.205722412668758
catalog77_early,1,101,9.383074370998669,9.20616824383073
catalog77_early,1,102,9.38409606108578,9.207109683097151
catalog77_early,1,103,9.38462231808602,9.207618784790473
catalog77_early,1,104,9.38492999333296,9.207895076437604
catalog77_early,1,105,9.385106781305364,9.208070094329464
catalog77_early,1,106,9.385373365001055,9.20831173046149
catalog77_early,1,107,9.385728262562921,9.208584290704119
catalog77_early,1,108,9.386267772920062,9.208970569308445
catalog77_early,1,109,9.386442930250924,9.20895049850965
catalog77_early,1,110,9.386438323943953,9.208791350351914
catalog77_early,1,111,9.386485512107882,9.208800252086142
catalog77_early,1,112,9.38678356601794,9.209014645674978
catalog77_early,1,113,9.387943461547167,9.210310542927775
catalog77_early,1,114,9.38778590022719,9.21031010012532
catalog77_early,1,115,9.387716293601509,9.210284934027687
catalog77_early,1,116,9.388027435291281,9.210552848242383
catalog77_early,1,117,9.387925894722017,9.210382481402704
catalog77_early,1,118,9.388258282220882,9.21045856412593
catalog77_early,1,119,9.38822273245245,9.210523961189528
catalog77_early,1,120,9.388210091867135,9.210504779460765
catalog77_early,1,121,9.388495096261504,9.210711144230984
catalog77_early,1,122,9.389018238643782,9.211233092331954
catalog77_early,1,123,9.390095594583695,9.21186930733574
catalog77_early,1,124,9.390635088963329,9.212241920306754
catalog77_early,1,125,9.390758546192453,9.212397380277865
catalog77_early,1,126,9.390889944431454,9.212496911600041
catalog77_early,1,127,9.391492285218101,9.212990282837843
catalog77_early,1,128,9.39166501747363,9.213139268725348
catalog77_early,1,129,9.392001602451277,9.213480994649034
catalog77_early,1,130,9.392033947547244,9.213495600502423
catalog77_early,1,131,9.392191181996235,9.213691378378265
catalog77_early,1,132,9.392928996466852,9.214378879446137
catalog77_early,1,133,9.3937890419678,9.215033838693616
catalog77_early,1,134,9.394029863288878,9.215281941236038
catalog77_early,1,135,9.394735421604981,9.215725905628606
catalog77_early,1,136,9.394392116339532,9.215184082607868
catalog77_early,1,137,9.39545171612215,9.21625065445329
catalog77_early,1,138,9.397009182452866,9.217804093165157
catalog77_early,1,139,9.396987915245886,9.217784864866944
catalog77_early,1,140,9.397427850526174,9.217939716682746
catalog77_early,1,141,9.39754437100722,9.218042108536336
catalog77_early,1,142,9.39688006508605,9.217654779213182
catalog77_early,1,143,9.397055631516764,9.217841621646306
catalog77_early,1,144,9.397498697627494,9.2184702396417
catalog77_early,1,145,9.39733395644877,9.218241354958952
catalog77_early,1,146,9.397518058695695,9.218368805786914
catalog77_early,1,147,9.397758535773336,9.218540052606937
catalog77_early,1,148,9.397786880549726,9.218530854686142
catalog77_early,1,149,9.398215594743528,9.219036161702865
catalog77_early,1,150,9.39832757861841,9.2190384352031
catalog77_early,1,151,9.39832929931038,9.219054176313088
catalog77_early,1,152,9.397970559788654,9.218694117970735
catalog77_early,1,153,9.398472913753164,9.219228919135592
catalog77_early,1,154,9.398589609072898,9.219381830937426
catalog77_early,1,155,9.398802598561007,9.219434125151677
catalog77_early,1,156,9.39865042974503,9.21924909311828
catalog77_early,1,157,9.398693048308326,9.219267502375851
catalog77_early,1,158,9.399306828485427,9.219881747506662
catalog77_early,1,159,9.399843384473076,9.22035590774089
catalog77_early,1,160,9.40052015479015,9.221024764317605
catalog77_early,1,161,9.401100100322699,9.221701311628138
catalog77_early,1,162,9.401525419801157,9.222119090652475
catalog77_early,1,163,9.402089898274935,9.222474056880301
catalog77_early,1,164,9.402470714628674,9.222704955606817
catalog77_early,1,165,9.402394500971244,9.222744811578941
catalog77_early,1,166,9.403373044399238,9.223472484612358
catalog77_early,1,167,9.40351454177675,9.223487068746739
catalog77_early,1,168,9.403488611436625,9.223403635161446
catalog77_early,1,169,9.403650973932807,9.22359372748887
catalog77_early,1,170,9.403960541676765,9.223900570055173
catalog77_early,1,171,9.40411441076154,9.22393407887378
catalog77_early,1,172,9.404392779195243,9.223988924192437
catalog77_early,1,173,9.404546042297603,9.224135758926595
catalog77_early,1,174,9.405260298693669,9.224870215181472
catalog77_early,1,175,9.405498965959447,9.224976875674674
catalog77_early,1,176,9.405745689497179,9.225243672621925
catalog77_early,1,177,9.406241286988845,9.225736403296318
catalog77_early,1,178,9.406815030392652,9.226294491542603
catalog77_early,1,179,9.40697133815708,9.226392598149252
catalog77_early,1,180,9.40699001520823,9.226241657744154
catalog77_early,2,1,9.563206086402944,9.384648736486625
catalog77_early,2,2,9.544153920379795,9.366328725237157
catalog77_early,2,3,9.527074282396573,9.35008387237777
catalog77_early,2,4,9.510188873122976,9.33376443727867
catalog77_early,2,5,9.49475902986186,9.3184337741122
catalog77_early,2,6,9.481860621275096,9.306270867830326
catalog77_early,2,7,9.470434947206456,9.295326361991533
catalog77_early,2,8,9.45998287006109,9.28552333369992
catalog77_early,2,9,9.451805731164319,9.277697263635204
catalog77_early,2,10,9.443175710761862,9.269154745639547
catalog77_early,2,11,9.435288783376542,9.261408265792257
catalog77_early,2,12,9.427401902059703,9.253477509253557
catalog77_early,2,13,9.419591465209175,9.24576854462013
catalog77_early,2,14,9.413877839739563,9.240140139018974
catalog77_early,2,15,9.407946927546929,9.234246357085
catalog77_early,2,16,9.402880936960663,9.229431891524952
catalog77_early,2,17,9.397409724499557,9.224386385528321
catalog77_early,2,18,9.394344904942,9.2212184935768
catalog77_early,2,19,9.390818421292607,9.217521677678182
catalog77_early,2,20,9.387909985939425,9.214332778284227
catalog77_early,2,21,9.384770052329849,9.211307263991465
catalog77_early,2,22,9.382300533117721,9.208730221175509
catalog77_early,2,23,9.380173037784184,9.206941274672378
catalog77_early,2,24,9.377490772732415,9.204060366150484
catalog77_early,2,25,9.37625811613756,9.202675810782875
catalog77_early,2,26,9.375205397687731,9.201563085096684
catalog77_early,2,27,9.374954573459716,9.20143432958219
catalog77_early,2,28,9.373681677382493,9.200173493750064
catalog77_early,2,29,9.372423954310207,9.19879283515205
catalog77_early,2,30,9.371890866703138,9.19823970638292
catalog77_early,2,31,9.37111352816281,9.197528188917623
catalog77_early,2,32,9.370743973759419,9.196791244819574
catalog77_early,2,33,9.369724533013448,9.195690408024008
catalog77_early,2,34,9.368958686576434,9.19498170406577
catalog77_early,2,35,9.368889972885123,9.194959379154302
catalog77_early,2,36,9.369792417282145,9.195615372143962
catalog77_early,2,37,9.368792707493675,9.194575436421625
catalog77_early,2,38,9.368585550269232,9.194219767454236
catalog77_early,2,39,9.368208501391614,9.193730246752313
catalog77_early,2,40,9.367757764315328,9.193142151834689
catalog77_early,2,41,9.36662370031285,9.192050903981567
catalog77_early,2,42,9.366635753465903,9.192071100980673
catalog77_early,2,43,9.366045127369928,9.191299959870229
catalog77_early,2,44,9.366485667956049,9.191671386342398
catalog77_early,2,45,9.365979664953542,9.19096486850842
catalog77_early,2,46,9.365512278213666,9.19044708264868
catalog77_early,2,47,9.365716036366036,9.190700759090324
catalog77_early,2,48,9.365421042002922,9.190300832171268
catalog77_early,2,49,9.366225500883676,9.190800225346434
catalog77_early,2,50,9.36650913415075,9.191132595385174
catalog77_early,2,51,9.367088880760575,9.191702252512426
catalog77_early,2,52,9.366882078533175,9.191500645276674
catalog77_early,2,53,9.366210120418826,9.190904626730024
catalog77_early,2,54,9.36622885479676,9.190809486879353
catalog77_early,2,55,9.36603682486885,9.190389548754453
catalog77_early,2,56,9.365897334251247,9.190304585489868
catalog77_early,2,57,9.366005736720373,9.190444314499038
catalog77_early,2,58,9.366639685884195,9.191047159918014
catalog77_early,2,59,9.366167480237099,9.190501852274942
catalog77_early,2,60,9.3666464061903,9.190982666268207
catalog77_early,2,61,9.36692767434111,9.191111728489263
catalog77_early,2,62,9.366609917843002,9.190648263464658
catalog77_early,2,63,9.367327282677728,9.191301423637837
catalog77_early,2,64,9.36808921126432,9.191466181076285
catalog77_early,2,65,9.36794423108153,9.191063587219034
catalog77_early,2,66,9.367386611703228,9.190483505751903
catalog77_early,2,67,9.367978853069559,9.191025010268996
catalog77_early,2,68,9.36843640341904,9.1913197891358
catalog77_early,2,69,9.368738372691974,9.191655900284914
catalog77_early,2,70,9.369611601466477,9.192436927745959
catalog77_early,2,71,9.369506456200313,9.192291125852348
catalog77_early,2,72,9.370680571627199,9.19305957133538
catalog77_early,2,73,9.372515049686221,9.19476538106351
catalog77_early,2,74,9.372798694922402,9.194841607737889
catalog77_early,2,75,9.373476936889451,9.1953884077889
catalog77_early,2,76,9.373942771650237,9.19580017852139
catalog77_early,2,77,9.37544783532123,9.197353215055418
catalog77_early,2,78,9.375585669798587,9.197407785566886
catalog77_early,2,79,9.375713208928211,9.197592031697631
catalog77_early,2,80,9.375827952299279,9.19773553575826
catalog77_early,2,81,9.376341363877826,9.198135832366196
catalog77_early,2,82,9.377242738441709,9.198914015895939
catalog77_early,2,83,9.37762916322681,9.199361857039426
catalog77_early,2,84,9.37798883297226,9.199641128561531
catalog77_early,2,85,9.37885110743009,9.200466890003916
catalog77_early,2,86,9.379274130029867,9.200859087484279
catalog77_early,2,87,9.379605143657786,9.201196798941357
catalog77_early,2,88,9.380328895201421,9.201882707051798
catalog77_early,2,89,9.380667427232511,9.202365147084743
catalog77_early,2,90,9.380892303930558,9.202442340536278
catalog77_early,2,91,9.381474091076454,9.203094423551134
catalog77_early,2,92,9.381852247726107,9.203499319765603
catalog77_early,2,93,9.381877367414852,9.20331837310409
catalog77_early,2,94,9.38206249951923,9.203499039648026
catalog77_early,2,95,9.38409932982996,9.205402822376382
catalog77_early,2,96,9.384181564108529,9.205562182017545
catalog77_early,2,97,9.384499437536045,9.205869738597576
catalog77_early,2,98,9.38410147419823,9.205569490657076
catalog77_early,2,99,9.384902905797668,9.20641047246358
catalog77_early,2,100,9.385140900563831,9.206653541829084
catalog77_early,2,101,9.385635873430797,9.207154544268533
catalog77_early,2,102,9.385969261511153,9.207581846160712
catalog77_early,2,103,9.385864397520237,9.207633027389676
catalog77_early,2,104,9.38648507495092,9.208191825191582
catalog77_early,2,105,9.386647863887578,9.208251085252574
catalog77_early,2,106,9.386851213000565,9.208460262911009
catalog77_early,2,107,9.387429494122204,9.209010975233909
catalog77_early,2,108,9.388324712146497,9.209813357559717
catalog77_early,2,109,9.388825882600198,9.210405716989227
catalog77_early,2,110,9.38867703380342,9.210294796859626
catalog77_early,2,111,9.389613847341286,9.211174309175162
catalog77_early,2,112,9.389588289143177,9.211183059304
catalog77_early,2,113,9.389770657233063,9.211405073305121
catalog77_early,2,114,9.389732289598488,9.21139192634253
catalog77_early,2,115,9.388889194752577,9.21042903584809
catalog77_early,2,116,9.389832071295524,9.211223600732852
catalog77_early,2,117,9.389810421501998,9.211307239815257
catalog77_early,2,118,9.390632624080808,9.212272437292196
catalog77_early,2,119,9.391164649281599,9.212591368689752
catalog77_early,2,120,9.391504156776815,9.212864303183057
catalog77_early,2,121,9.391400618686838,9.21282639978401
catalog77_early,2,122,9.392221760154818,9.21353292320488
catalog77_early,2,123,9.392329315478602,9.213769453778388
catalog77_early,2,124,9.392355314981184,9.213942815912711
catalog77_early,2,125,9.393003403098417,9.214433714899544
catalog77_early,2,126,9.392975359853754,9.214313727098261
catalog77_early,2,127,9.39317406945297,9.214358957954131
catalog77_early,2,128,9.393195796367092,9.214384336841302
catalog77_early,2,129,9.393588406146874,9.214614953389077
catalog77_early,2,130,9.395009806647048,9.215791999070328
catalog77_early,2,131,9.395050455249944,9.215803626784805
catalog77_early,2,132,9.396320249246966,9.216918324013305
catalog77_early,2,133,9.396415334886758,9.216923835129695
catalog77_early,2,134,9.396888153989872,9.217243804212089
catalog77_early,2,135,9.397198809880908,9.21749534499603
catalog77_early,2,136,9.39719621201981,9.217565838970957
catalog77_early,2,137,9.397488391918902,9.217792615371623
catalog77_early,2,138,9.397555019220894,9.217669425771275
catalog77_early,2,139,9.397950432171505,9.21806715345763
catalog77_early,2,140,9.398229131006705,9.218355192173254
catalog77_early,2,141,9.39893744397678,9.219047321495188
catalog77_early,2,142,9.398864470391441,9.219025000771992
catalog77_early,2,143,9.398963211296534,9.219275739486834
catalog77_early,2,144,9.399264140815951,9.219495849161644
catalog77_early,2,145,9.399108072944863,9.219254451491969
catalog77_early,2,146,9.399721869543454,9.219929793454902
catalog77_early,2,147,9.399708790331998,9.21987330294141
catalog77_early,2,148,9.399948787191821,9.220080879254388
catalog77_early,2,149,9.400606928798663,9.220648748050372
catalog77_early,2,150,9.401268879509555,9.22141489112512
catalog77_early,2,151,9.401387994417677,9.221569902410272
catalog77_early,2,152,9.401533158677942,9.221711380320977
catalog77_early,2,153,9.401632683262745,9.221809750849417
catalog77_early,2,154,9.40255239584014,9.222813958258905
catalog77_early,2,155,9.402883265650033,9.223167848162277
catalog77_early,2,156,9.40295333437073,9.223126527214722
catalog77_early,2,157,9.403357994188637,9.223329951211868
catalog77_early,2,158,9.404730724419355,9.224949918363903
catalog77_early,2,159,9.405078386432976,9.225213354089941
catalog77_early,2,160,9.405223784897675,9.225361867818235
catalog77_early,2,161,9.40543676756011,9.225502111274018
catalog77_early,2,162,9.405625869587512,9.225665957609937
catalog77_early,2,163,9.405866067591745,9.225861432131524
catalog77_early,2,164,9.405824871119075,9.22582372591099
catalog77_early,2,165,9.406059455084382,9.225979296701475
catalog77_early,2,166,9.406707517728092,9.22641943563617
catalog77_early,2,167,9.406965841092461,9.22659363206104
catalog77_early,2,168,9.407151088220218,9.226744787027124
catalog77_early,2,169,9.40710607966441,9.226601282508074
catalog77_early,2,170,9.407266345717638,9.226671545487894
catalog77_early,2,171,9.407091124536619,9.226492527790782
catalog77_early,2,172,9.407289168364082,9.22651195047134
catalog77_early,2,173,9.407275953926929,9.226511421020666
catalog77_early,2,174,9.407496903780793,9.22662856151684
catalog77_early,2,175,9.40763865199276,9.226818491490715
catalog77_early,2,176,9.4078644975293,9.226905426266256
catalog77_early,2,177,9.408129145285901,9.227027485297784
catalog77_early,2,178,9.408505425286469,9.227490075792973
catalog77_early,2,179,9.409065520663265,9.228050508121699
catalog77_early,2,180,9.408373245357735,9.227434148549845
base12_full,0,1,11.474296544129531,9.38380790317223
base12_full,0,2,11.451806234105662,9.366897303029118
base12_full,0,3,11.43178682768152,9.35231641819076
base12_full,0,4,11.414089085225786,9.339729003666784
base12_full,0,5,11.39729372422258,9.32631767369767
base12_full,0,6,11.38197552468402,9.314446519104546
base12_full,0,7,11.365280651665238,9.302604549287578
base12_full,0,8,11.354095708791593,9.293632364213838
base12_full,0,9,11.340421557112316,9.283820115341518
base12_full,0,10,11.330045935338264,9.27537599345465
base12_full,0,11,11.31993692945453,9.265924349793215
base12_full,0,12,11.311251893740124,9.259714368124664
base12_full,0,13,11.301764003585761,9.254060999447857
base12_full,0,14,11.293597952529673,9.248245263241678
base12_full,0,15,11.286588877105697,9.242796269559236
base12_full,0,16,11.279839472884575,9.236866869865958
base12_full,0,17,11.272697674882263,9.230941280653756
base12_full,0,18,11.267830526330835,9.226248784414855
base12_full,0,19,11.263820207286527,9.221738413486479
base12_full,0,20,11.25960433358388,9.218713351902034
base12_full,0,21,11.255312615067705,9.215040892714267
base12_full,0,22,11.251773584840672,9.212139895125542
base12_full,0,23,11.248409541101086,9.209035520890446
base12_full,0,24,11.246864726649816,9.206534386309773
base12_full,0,25,11.244280817139499,9.203747264985257
base12_full,0,26,11.24151582470862,9.201281164094768
base12_full,0,27,11.238845160635252,9.198596574205235
base12_full,0,28,11.237855532348686,9.196857646302476
base12_full,0,29,11.237332643773929,9.196399846510163
base12_full,0,30,11.235863438091743,9.194891299286725
base12_full,0,31,11.23433409136792,9.19442167103859
base12_full,0,32,11.234413732632639,9.193063195503045
base12_full,0,33,11.234910464873245,9.19281276602765
base12_full,0,34,11.234789289339082,9.19248297949282
base12_full,0,35,11.235867274490156,9.192448717855488
base12_full,0,36,11.237468063781474,9.191378597052365
base12_full,0,37,11.237924262989571,9.191431443961932
base12_full,0,38,11.237482623622096,9.191072020477243
base12_full,0,39,11.236261178086359,9.1906643919273
base12_full,0,40,11.236491192949696,9.19015861644943
base12_full,0,41,11.236911779807597,9.189427145604157
base12_full,0,42,11.237034380208888,9.188739962556909
base12_full,0,43,11.238577718243052,9.1882992107238
base12_full,0,44,11.239113576031743,9.188218759529436
base12_full,0,45,11.24021257303645,9.188498425871613
base12_full,0,46,11.239934057516551,9.188056592869712
base12_full,0,47,11.239389072730958,9.188000909994877
base12_full,0,48,11.23977452135985,9.18801396088132
base12_full,0,49,11.24001173451496,9.187961603629144
base12_full,0,50,11.241127214440578,9.188423134245525
base12_full,0,51,11.241518284963329,9.188051627328203
base12_full,0,52,11.242437320406754,9.188400968903602
base12_full,0,53,11.24314592190769,9.188569910249932
base12_full,0,54,11.243189403890417,9.187718946818462
base12_full,0,55,11.24388991261547,9.188302927204612
base12_full,0,56,11.244065861025149,9.1884250663389
base12_full,0,57,11.244379177555947,9.187114946320527
base12_full,0,58,11.245633627759982,9.186918393459575
base12_full,0,59,11.246240082193925,9.187196212385183
base12_full,0,60,11.246402564322008,9.186958752969751
base12_full,0,61,11.246516666028334,9.186635990685504
base12_full,0,62,11.247413172684013,9.186306656234631
base12_full,0,63,11.248644790830447,9.186967970889889
base12_full,0,64,11.248886174468357,9.186486029509526
base12_full,0,65,11.250218007187735,9.185629778378585
base12_full,0,66,11.250189423909058,9.185722708292136
base12_full,0,67,11.250894424424864,9.185155899727047
base12_full,0,68,11.251693948543386,9.184813848305156
base12_full,0,69,11.252049557244344,9.184604135982628
base12_full,0,70,11.252313693306297,9.184392067122825
base12_full,0,71,11.252872161901571,9.184457951405413
base12_full,0,72,11.253248445050664,9.184595050021192
base12_full,0,73,11.253829890567966,9.184442185011035
base12_full,0,74,11.253433872858153,9.184465008919156
base12_full,0,75,11.253699104814569,9.184470434281462
base12_full,0,76,11.254403813169327,9.183634580030358
base12_full,0,77,11.254049886529188,9.18367735850555
base12_full,0,78,11.254200654538906,9.183749190416188
base12_full,0,79,11.254691707308822,9.183779568955655
base12_full,0,80,11.255099053446378,9.183896183126917
base12_full,0,81,11.254877941716487,9.183927915148935
base12_full,0,82,11.254771782241793,9.1839449207138
base12_full,0,83,11.255990742861044,9.183953964757906
base12_full,0,84,11.256769794565326,9.18430921251949
base12_full,0,85,11.256890125984695,9.184343015025519
base12_full,0,86,11.257025064064232,9.184352103769788
base12_full,0,87,11.25935085717627,9.184813678488004
base12_full,0,88,11.261228152589691,9.184807100066646
base12_full,0,89,11.26174301488281,9.185696262532094
base12_full,0,90,11.263781954039322,9.18530424309286
base12_full,0,91,11.263719255402547,9.18529241551058
base12_full,0,92,11.265479095588283,9.185433598058113
base12_full,0,93,11.26566886946038,9.185441884325888
base12_full,0,94,11.266901196655144,9.18499247798637
base12_full,0,95,11.26748231322051,9.185078905080548
base12_full,0,96,11.268007080942786,9.184982639031093
base12_full,0,97,11.268192906172333,9.18518334790396
base12_full,0,98,11.268371037412614,9.185199812395751
base12_full,0,99,11.268964148708548,9.18484121303061
base12_full,0,100,11.268630250017853,9.184854801551635
base12_full,0,101,11.269033117769087,9.18500026856609
base12_full,0,102,11.269089384348689,9.185011670050624
base12_full,0,103,11.269762914336674,9.185015008561361
base12_full,0,104,11.270077124187976,9.185104459094529
base12_full,0,105,11.270086004768608,9.184666452324889
base12_full,0,106,11.270292800829464,9.184576704760804
base12_full,0,107,11.270394628750102,9.184577758441161
base12_full,0,108,11.27066783038098,9.184630626543944
base12_full,0,109,11.271132778351552,9.185101135998632
base12_full,0,110,11.271438616269156,9.185345381555564
base12_full,0,111,11.271630944267269,9.185385984372441
base12_full,0,112,11.271717257789515,9.185453183673868
base12_full,0,113,11.272715745767126,9.185344699026116
base12_full,0,114,11.27266325366223,9.185440528520555
base12_full,0,115,11.273113296327013,9.185646506171366
base12_full,0,116,11.273800037563374,9.185636067368687
base12_full,0,117,11.273871271771013,9.185439247058154
base12_full,0,118,11.274378357213154,9.185425593480792
base12_full,0,119,11.275017436362248,9.185481423495377
base12_full,0,120,11.275899001100894,9.185471860146068
base12_full,0,121,11.275700148693508,9.184656123830903
base12_full,0,122,11.276150925165824,9.184620873594955
base12_full,0,123,11.276863557369076,9.184917871989878
base12_full,0,124,11.277839085390399,9.185039606870877
base12_full,0,125,11.278490875618747,9.18500143789489
base12_full,0,126,11.279369617450232,9.185507306160956
base12_full,0,127,11.279465391890685,9.185495967717436
base12_full,0,128,11.280636149900731,9.185287544607386
base12_full,0,129,11.281338370814717,9.18610097585018
base12_full,0,130,11.283615728682369,9.186029998438924
base12_full,0,131,11.284001298963535,9.185989888493234
base12_full,0,132,11.28446762967132,9.18597973983024
base12_full,0,133,11.285008726298383,9.185970118332854
base12_full,0,134,11.285361998988712,9.185963826141668
base12_full,0,135,11.285606196999536,9.186126309804845
base12_full,0,136,11.286248955153455,9.186864521501498
base12_full,0,137,11.286281012175113,9.18683155828974
base12_full,0,138,11.286241222222946,9.186820504827741
base12_full,0,139,11.28626808118655,9.186794581215407
base12_full,0,140,11.286649253633357,9.186775800370306
base12_full,0,141,11.286893699567626,9.186769759511284
base12_full,0,142,11.286866868593739,9.1867555486132
base12_full,0,143,11.286919798625798,9.186749586846107
base12_full,0,144,11.286966315204776,9.186743941711656
base12_full,0,145,11.286958841462031,9.186738598762522
base12_full,0,146,11.287113923678177,9.186733536425908
base12_full,0,147,11.287723059890062,9.186767399392648
base12_full,0,148,11.2882037064359,9.18670245784477
base12_full,0,149,11.288576815514473,9.186698136129166
base12_full,0,150,11.288743246213997,9.186694037579022
base12_full,0,151,11.289342630169337,9.186728197303907
base12_full,0,152,11.289283995020423,9.186529520577015
base12_full,0,153,11.289437040276361,9.186482358503973
base12_full,0,154,11.29053152962168,9.186478754330873
base12_full,0,155,11.290145638413229,9.186481708519537
base12_full,0,156,11.290644349238047,9.186532740239914
base12_full,0,157,11.290905189784539,9.186529061058598
base12_full,0,158,11.291376354360677,9.186793555820696
base12_full,0,159,11.291606866188248,9.18644397128348
base12_full,0,160,11.292240292045848,9.186371423403337
base12_full,0,161,11.292504563952667,9.186368473823071
base12_full,0,162,11.29370645073789,9.18693959894373
base12_full,0,163,11.294164551309054,9.187194035209851
base12_full,0,164,11.294302956360523,9.187365950333366
base12_full,0,165,11.294228297395199,9.187367673883527
base12_full,0,166,11.294456419030144,9.187376187066363
base12_full,0,167,11.294463462197076,9.18676120391311
base12_full,0,168,11.294884546171117,9.18675815141877
base12_full,0,169,11.295069276319014,9.186756504745022
base12_full,0,170,11.295323407755497,9.18675396741642
base12_full,0,171,11.295530680902504,9.186751557409261
base12_full,0,172,11.296830293874809,9.187286781023671
base12_full,0,173,11.296817733958244,9.187285754849565
base12_full,0,174,11.297076011036562,9.187285563346071
base12_full,0,175,11.298248322810398,9.18762291949102
base12_full,0,176,11.29902039192505,9.187561722919833
base12_full,0,177,11.299014029423818,9.18673532422154
base12_full,0,178,11.299600670642123,9.186679819573865
base12_full,0,179,11.300383454491952,9.186864451742373
base12_full,0,180,11.30037843192532,9.186629012242097
base12_full,1,1,11.479689955760037,9.388068252104555
base12_full,1,2,11.4576294918079,9.370226032646523
base12_full,1,3,11.43752610910874,9.354021354991387
base12_full,1,4,11.417823930600479,9.338176333686759
base12_full,1,5,11.400087146674325,9.324465393870716
base12_full,1,6,11.386530134912741,9.3117834785032
base12_full,1,7,11.372980893369366,9.300007855349572
base12_full,1,8,11.360386537630655,9.29036783686895
base12_full,1,9,11.348320149710789,9.281159448860286
base12_full,1,10,11.337944327377977,9.273542055174442
base12_full,1,11,11.328602356273294,9.26624025924044
base12_full,1,12,11.318819536852045,9.259992770699329
base12_full,1,13,11.309502419460003,9.253744835885936
base12_full,1,14,11.30170894578854,9.246432830757268
base12_full,1,15,11.294953861899629,9.241977547889533
base12_full,1,16,11.287955457888463,9.235658582342317
base12_full,1,17,11.282178781653807,9.231617392787902
base12_full,1,18,11.276960783530898,9.228286523463312
base12_full,1,19,11.271440702709,9.22531871344535
base12_full,1,20,11.268063640077353,9.222956313710712
base12_full,1,21,11.265791338470468,9.219789989897196
base12_full,1,22,11.262613487313798,9.216867817706872
base12_full,1,23,11.26020689523372,9.214757961543391
base12_full,1,24,11.256614888355028,9.2120427291198
base12_full,1,25,11.253623741472605,9.210911674324139
base12_full,1,26,11.251599814011469,9.209352498997903
base12_full,1,27,11.248770479726627,9.207153277112948
base12_full,1,28,11.246877961688716,9.204311062364546
base12_full,1,29,11.245215733486631,9.202982216050046
base12_full,1,30,11.244573348807155,9.201465892344459
base12_full,1,31,11.242729523884869,9.198899082406806
base12_full,1,32,11.241646460695929,9.197385998419911
base12_full,1,33,11.241284813190063,9.196882063839972
base12_full,1,34,11.240870311819776,9.19545933565858
base12_full,1,35,11.24029387873599,9.19474938152747
base12_full,1,36,11.239444890704071,9.193736119229255
base12_full,1,37,11.23955553823805,9.192350237767462
base12_full,1,38,11.239426520503887,9.191675828825627
base12_full,1,39,11.239363509382224,9.191605685188867
base12_full,1,40,11.238970064902462,9.190462724843758
base12_full,1,41,11.239246866020567,9.189962235923483
base12_full,1,42,11.238935588940615,9.190223727615066
base12_full,1,43,11.238714115314002,9.189992687162984
base12_full,1,44,11.239794949070287,9.190579902018357
base12_full,1,45,11.23982578127097,9.189905548159977
base12_full,1,46,11.239930536912855,9.1899015698539
base12_full,1,47,11.239829136263483,9.189587120964312
base12_full,1,48,11.239895156252295,9.189448119036836
base12_full,1,49,11.240449945407967,9.189098763047971
base12_full,1,50,11.239977775570651,9.188836676961722
base12_full,1,51,11.240218221032785,9.188675736702487
base12_full,1,52,11.240651880347249,9.187838740324471
base12_full,1,53,11.240443751925703,9.187426296777867
base12_full,1,54,11.241474950310375,9.186884717063172
base12_full,1,55,11.241814091974614,9.1867350428136
base12_full,1,56,11.240974125265378,9.187274802084215
base12_full,1,57,11.241306349333906,9.18719338376067
base12_full,1,58,11.241245372582808,9.187083797088343
base12_full,1,59,11.241433021577677,9.186879612675046
base12_full,1,60,11.240724734955664,9.186987553118033
base12_full,1,61,11.240460916782206,9.186574123411743
base12_full,1,62,11.240686226898394,9.18652940399271
base12_full,1,63,11.241384243104289,9.187000384204861
base12_full,1,64,11.242184953900857,9.186379769443588
base12_full,1,65,11.242672270604896,9.186451669328132
base12_full,1,66,11.242975478399627,9.18711312418217
base12_full,1,67,11.243211464524041,9.18711032007643
base12_full,1,68,11.24389807917458,9.187196177029527
base12_full,1,69,11.243795000886662,9.187216157372518
base12_full,1,70,11.243337570026476,9.187250352860763
base12_full,1,71,11.243106003484616,9.187312252305148
base12_full,1,72,11.243983875243925,9.187458982104173
base12_full,1,73,11.244883484422541,9.187805956746558
base12_full,1,74,11.24501778927213,9.18794123593372
base12_full,1,75,11.245405540980475,9.187939763179262
base12_full,1,76,11.245871072116751,9.187606940001757
base12_full,1,77,11.24625595846144,9.186998150532222
base12_full,1,78,11.246670971558803,9.187219839250139
base12_full,1,79,11.247468817082131,9.187394748282522
base12_full,1,80,11.247757033642355,9.187447048156455
base12_full,1,81,11.24815911736203,9.187415798099773
base12_full,1,82,11.248917766482808,9.187416156142364
base12_full,1,83,11.248499479389839,9.187377964572441
base12_full,1,84,11.248886080895032,9.187240329619438
base12_full,1,85,11.24885724511288,9.187232965267068
base12_full,1,86,11.249604192369267,9.186589604398767
base12_full,1,87,11.24963662106203,9.186587294830764
base12_full,1,88,11.250237151820784,9.186616462574062
base12_full,1,89,11.251053683905724,9.18661492779824
base12_full,1,90,11.251871291145239,9.186618504598705
base12_full,1,91,11.252003381075616,9.18663069773332
base12_full,1,92,11.252583736034776,9.186362221528139
base12_full,1,93,11.253200812840477,9.185896584912571
base12_full,1,94,11.253391955733047,9.18585794391809
base12_full,1,95,11.253510679596856,9.185866239750123
base12_full,1,96,11.253468377748172,9.185867670842448
base12_full,1,97,11.25342091408861,9.185863924133127
base12_full,1,98,11.254340697890774,9.185984986637179
base12_full,1,99,11.255078789122626,9.185588517527354
base12_full,1,100,11.255305750495573,9.185520389488337
base12_full,1,101,11.255679285086261,9.185496615169987
base12_full,1,102,11.25639522512271,9.185968786298616
base12_full,1,103,11.257193613125779,9.186008276790632
base12_full,1,104,11.257381564287694,9.186024545226505
base12_full,1,105,11.258359455552105,9.18622880938413
base12_full,1,106,11.257815099381,9.186243781215122
base12_full,1,107,11.257990063440321,9.186258760980575
base12_full,1,108,11.258181977418223,9.186289462274393
base12_full,1,109,11.259294682285221,9.186308541328932
base12_full,1,110,11.259728606074155,9.1862804515943
base12_full,1,111,11.260379803815578,9.186090291031952
base12_full,1,112,11.26091766393256,9.186269398007962
base12_full,1,113,11.261123962671011,9.186274208007122
base12_full,1,114,11.261343611437189,9.18629131883053
base12_full,1,115,11.261424747056068,9.18633338001371
base12_full,1,116,11.261372845682757,9.186358347965044
base12_full,1,117,11.261770014820426,9.186301693069364
base12_full,1,118,11.262326909765354,9.186296849361431
base12_full,1,119,11.262501733435629,9.186323629595321
base12_full,1,120,11.263126974848952,9.186268154971094
base12_full,1,121,11.263755260930253,9.186277211286246
base12_full,1,122,11.264019174372523,9.186197139647687
base12_full,1,123,11.264550618540175,9.186191715523359
base12_full,1,124,11.26535036937198,9.186185417892995
base12_full,1,125,11.26587102641336,9.186176384652265
base12_full,1,126,11.26586241661406,9.186175817587937
base12_full,1,127,11.265834676395672,9.186181116651694
base12_full,1,128,11.265691170366066,9.186138852473757
base12_full,1,129,11.265570727318432,9.186139952369352
base12_full,1,130,11.265791041097433,9.18613373670773
base12_full,1,131,11.26644023036249,9.186053428537269
base12_full,1,132,11.26706275359869,9.186054377041492
base12_full,1,133,11.267686141045468,9.186194107055748
base12_full,1,134,11.268758146895243,9.18639441626548
base12_full,1,135,11.268922452325118,9.18610762565544
base12_full,1,136,11.26863103532911,9.186174431007688
base12_full,1,137,11.26885535716785,9.185743992808256
base12_full,1,138,11.268916799789661,9.185976990490964
base12_full,1,139,11.270084877496176,9.186118322267065
base12_full,1,140,11.27036629544344,9.186082422158991
base12_full,1,141,11.270512852452047,9.18607851187456
base12_full,1,142,11.270928209259033,9.186078126744787
base12_full,1,143,11.271131097627302,9.18607563034404
base12_full,1,144,11.271250259309937,9.186363566408525
base12_full,1,145,11.271701756116812,9.186367488947262
base12_full,1,146,11.272336396031267,9.186505499831869
base12_full,1,147,11.272701444218834,9.1868091534224
base12_full,1,148,11.273324580174844,9.1868001158657
base12_full,1,149,11.273548933159812,9.187074818560244
base12_full,1,150,11.273623230788752,9.187071954833016
base12_full,1,151,11.27424565722316,9.18706581777774
base12_full,1,152,11.275064577567544,9.187031980242121
base12_full,1,153,11.275840305196958,9.187079952166915
base12_full,1,154,11.275949818935228,9.187106119973569
base12_full,1,155,11.276472384821393,9.186768589102428
base12_full,1,156,11.276563165765031,9.18678747777547
base12_full,1,157,11.27695174220597,9.186807900856806
base12_full,1,158,11.277005970456505,9.186927236306682
base12_full,1,159,11.277452860353376,9.187258206280651
base12_full,1,160,11.277346366816019,9.187182713328495
base12_full,1,161,11.278788851443107,9.187759033194109
base12_full,1,162,11.279103580611958,9.187759784348588
base12_full,1,163,11.2799040017469,9.187780897089908
base12_full,1,164,11.280328785552118,9.187815851229294
base12_full,1,165,11.280631386312272,9.187815917332747
base12_full,1,166,11.280538924079188,9.187827009400426
base12_full,1,167,11.280456379679322,9.187853291660232
base12_full,1,168,11.281113548066857,9.188054304646036
base12_full,1,169,11.281523595856504,9.188041031494997
base12_full,1,170,11.281746807717088,9.18806224478746
base12_full,1,171,11.281871765243753,9.188228713364065
base12_full,1,172,11.28216539065327,9.188442891932064
base12_full,1,173,11.282414019683152,9.18820159194969
base12_full,1,174,11.28279969932255,9.188202728781334
base12_full,1,175,11.283080642301572,9.188367116368152
base12_full,1,176,11.282949561922251,9.188368055039613
base12_full,1,177,11.28340121201367,9.188573879208805
base12_full,1,178,11.283487021497331,9.188436391047833
base12_full,1,179,11.284106921707702,9.18918328164777
base12_full,1,180,11.284198955249792,9.18918705764671
base12_full,2,1,11.476369990784162,9.385886302530546
base12_full,2,2,11.456244933972366,9.368893283316176
base12_full,2,3,11.437357173561189,9.353291474459075
base12_full,2,4,11.418643652027344,9.339642275064767
base12_full,2,5,11.402551433931611,9.32486747718921
base12_full,2,6,11.385439516930136,9.31142572572959
base12_full,2,7,11.370631149958571,9.29912004638572
base12_full,2,8,11.359251651134,9.290079344589062
base12_full,2,9,11.34836832529913,9.280089857552925
base12_full,2,10,11.336509390904066,9.272694098522141
base12_full,2,11,11.327007133786053,9.265312312117556
base12_full,2,12,11.316369158415691,9.258125618723092
base12_full,2,13,11.30686457158528,9.250439362953891
base12_full,2,14,11.299276782413695,9.244859491356385
base12_full,2,15,11.291261556316906,9.236957904783438
base12_full,2,16,11.284835651177156,9.23204909657596
base12_full,2,17,11.27886565846999,9.226348825725543
base12_full,2,18,11.272437003207111,9.222136842626295
base12_full,2,19,11.267519353591046,9.217756216695973
base12_full,2,20,11.262707931811649,9.212777232042093
base12_full,2,21,11.257959762299224,9.209001122934367
base12_full,2,22,11.25348053092313,9.205389985802816
base12_full,2,23,11.251031506428363,9.203053164653397
base12_full,2,24,11.247580674308356,9.200312072411737
base12_full,2,25,11.245109204834959,9.197766999517548
base12_full,2,26,11.242300933385676,9.195664221232132
base12_full,2,27,11.241406941515303,9.193413982106888
base12_full,2,28,11.240244228624178,9.191789529686952
base12_full,2,29,11.238326671670233,9.190339655884653
base12_full,2,30,11.238573795504198,9.189162675911353
base12_full,2,31,11.23701232931494,9.187917970202495
base12_full,2,32,11.236844761919123,9.186030114469403
base12_full,2,33,11.235351818014225,9.184831534431595
base12_full,2,34,11.233851316327144,9.18490418227983
base12_full,2,35,11.232973872704832,9.183563288884612
base12_full,2,36,11.23341303497126,9.183386726041885
base12_full,2,37,11.233259652883486,9.18344614084933
base12_full,2,38,11.233682610018748,9.183025092775395
base12_full,2,39,11.233186161953492,9.182564378959047
base12_full,2,40,11.233321897980082,9.182000853524068
base12_full,2,41,11.23421699249603,9.18143993255134
base12_full,2,42,11.233537978015294,9.181531330820512
base12_full,2,43,11.234438442963416,9.181384576806595
base12_full,2,44,11.234811480283959,9.181103377374361
base12_full,2,45,11.235533747221679,9.181368219455168
base12_full,2,46,11.235787137284191,9.181332850537402
base12_full,2,47,11.23619034803201,9.18139872019223
base12_full,2,48,11.236807718026029,9.180616584669242
base12_full,2,49,11.236945303469655,9.17985123798315
base12_full,2,50,11.237089246520569,9.1798254458427
base12_full,2,51,11.237371995537249,9.178998788941422
base12_full,2,52,11.237942114752043,9.178242267026873
base12_full,2,53,11.237828804386913,9.178903982412757
base12_full,2,54,11.2394570194656,9.178674714580449
base12_full,2,55,11.241010492124916,9.178666028019048
base12_full,2,56,11.24213937856138,9.17869592702912
base12_full,2,57,11.243201005512812,9.178744755934297
base12_full,2,58,11.243524060427836,9.179104448280228
base12_full,2,59,11.244803158734367,9.179189130851514
base12_full,2,60,11.244550836176824,9.178793306801888
base12_full,2,61,11.24501269508123,9.178739301226049
base12_full,2,62,11.246552287767756,9.178740357288271
base12_full,2,63,11.247399101248961,9.178531439702061
base12_full,2,64,11.247556475130002,9.178699076534198
base12_full,2,65,11.24795137007999,9.178861233893148
base12_full,2,66,11.248152972790596,9.17844620219431
base12_full,2,67,11.248306234565085,9.178643207664276
base12_full,2,68,11.249035691491054,9.178199449064426
base12_full,2,69,11.24909148768313,9.178431386251052
base12_full,2,70,11.25007718752248,9.178145780926549
base12_full,2,71,11.250609090764863,9.17775682504644
base12_full,2,72,11.250453496377412,9.177915312775175
base12_full,2,73,11.250607567210377,9.17809122154816
base12_full,2,74,11.250305595854318,9.1781130302161
base12_full,2,75,11.250856919928836,9.178135571099428
base12_full,2,76,11.251064518753447,9.178155729524736
base12_full,2,77,11.251169485446079,9.178171258137223
base12_full,2,78,11.252168970929423,9.178441446329263
base12_full,2,79,11.253035612131615,9.178497234194491
base12_full,2,80,11.253051584678063,9.17808132847054
base12_full,2,81,11.253739955404358,9.177632053701881
base12_full,2,82,11.254115036475042,9.177759252023513
base12_full,2,83,11.25419742898313,9.177835587419036
base12_full,2,84,11.254698789348618,9.178162484200126
base12_full,2,85,11.254961818165365,9.17877407467002
base12_full,2,86,11.255078322307611,9.178683852028731
base12_full,2,87,11.25597926890444,9.178460843142869
base12_full,2,88,11.257045069673872,9.178481201563441
base12_full,2,89,11.257783091883967,9.178663206404039
base12_full,2,90,11.257799515719862,9.178689849864377
base12_full,2,91,11.258007037452977,9.178685844797139
base12_full,2,92,11.258225818221922,9.178840752761674
base12_full,2,93,11.25814944688959,9.178831461000101
base12_full,2,94,11.258306831175126,9.178849544330872
base12_full,2,95,11.259044137550802,9.178775822219325
base12_full,2,96,11.259295500071879,9.179229918862609
base12_full,2,97,11.260077900899818,9.179270518420909
base12_full,2,98,11.2596120944378,9.179259325709145
base12_full,2,99,11.259771220254756,9.179276390744004
base12_full,2,100,11.259805851551215,9.179261962819938
base12_full,2,101,11.259909481012869,9.179252605558826
base12_full,2,102,11.259712431799471,9.179097789726095
base12_full,2,103,11.259841023115674,9.179089208622457
base12_full,2,104,11.260107976035295,9.179065240125842
base12_full,2,105,11.260822120579746,9.179102326669
base12_full,2,106,11.260370705762227,9.178879637269334
base12_full,2,107,11.261287898531329,9.179291612565335
base12_full,2,108,11.261537090499367,9.17876140614568
base12_full,2,109,11.261782110177569,9.178860258679657
base12_full,2,110,11.262343943313482,9.178852375640824
base12_full,2,111,11.262905920172123,9.178843265851985
base12_full,2,112,11.263232056661748,9.178834032002465
base12_full,2,113,11.263875349255063,9.17947133768046
base12_full,2,114,11.265322761767154,9.180276500948006
base12_full,2,115,11.266211179585941,9.18088229841707
base12_full,2,116,11.26662001737893,9.180528511330253
base12_full,2,117,11.267080250538388,9.180695791068114
base12_full,2,118,11.267260384417561,9.180627380210785
base12_full,2,119,11.26893003345328,9.180655528197189
base12_full,2,120,11.269058228538446,9.180620916955545
base12_full,2,121,11.269445889890639,9.181225029790811
base12_full,2,122,11.269974596417105,9.181279928964416
base12_full,2,123,11.270616210151168,9.181288551800465
base12_full,2,124,11.270748550692586,9.181233105584315
base12_full,2,125,11.271670424927642,9.18131777498732
base12_full,2,126,11.271718439003045,9.181231641038027
base12_full,2,127,11.272423932870748,9.180432689524583
base12_full,2,128,11.272664829528157,9.18062467739146
base12_full,2,129,11.272920135525842,9.180656733181767
base12_full,2,130,11.273887666487585,9.18037391517756
base12_full,2,131,11.274130933720215,9.180738918394757
base12_full,2,132,11.27428081499274,9.180648080800331
base12_full,2,133,11.274349091727451,9.180682669538696
base12_full,2,134,11.274747268608085,9.180674031652627
base12_full,2,135,11.275099687841038,9.180673373108204
base12_full,2,136,11.274829774664104,9.180616383150872
base12_full,2,137,11.275545858890693,9.180751310944725
base12_full,2,138,11.276037920996169,9.181329160241788
base12_full,2,139,11.277194306307486,9.182331499683997
base12_full,2,140,11.27687113793412,9.182335962747388
base12_full,2,141,11.277489607224224,9.182335668416657
base12_full,2,142,11.277574073723423,9.182335368956986
base12_full,2,143,11.27824895647927,9.18246226053568
base12_full,2,144,11.278929653495833,9.182460901889417
base12_full,2,145,11.279094896065624,9.182459786177679
base12_full,2,146,11.279126482749502,9.182437956956765
base12_full,2,147,11.280387335908442,9.182231580227114
base12_full,2,148,11.280934068837304,9.182599207557134
base12_full,2,149,11.282155455229487,9.182703824902944
base12_full,2,150,11.2822092951385,9.182702343302667
base12_full,2,151,11.282112953954519,9.182702772201152
base12_full,2,152,11.283322886953457,9.182710836668669
base12_full,2,153,11.283280434196948,9.182707468251524
base12_full,2,154,11.283648237266473,9.182986874165545
base12_full,2,155,11.28515382091693,9.182784261551653
base12_full,2,156,11.285483805366882,9.182904874282093
base12_full,2,157,11.28598823773256,9.183056893420307
base12_full,2,158,11.286007511913654,9.183061046323305
base12_full,2,159,11.287126013261794,9.182991295663236
base12_full,2,160,11.28750268210491,9.182998603239346
base12_full,2,161,11.287999161803313,9.182565129608019
base12_full,2,162,11.288363449897702,9.182591189955025
base12_full,2,163,11.28928517594804,9.182595843879144
base12_full,2,164,11.28993922442554,9.182588888802096
base12_full,2,165,11.29029958940539,9.182624457229094
base12_full,2,166,11.290661944376792,9.182559738499279
base12_full,2,167,11.291043627746793,9.182659720948715
base12_full,2,168,11.291815613369366,9.182758873984143
base12_full,2,169,11.291878062693597,9.182736104659346
base12_full,2,170,11.292193098801427,9.183247938616807
base12_full,2,171,11.292334438105769,9.18324443661133
base12_full,2,172,11.294217031628655,9.184357536195115
base12_full,2,173,11.294829305109799,9.184352778814048
base12_full,2,174,11.294896697453966,9.184358768380049
base12_full,2,175,11.294795614691314,9.184318640641328
base12_full,2,176,11.294919322754318,9.184018707283478
base12_full,2,177,11.295152427065283,9.184168734021531
base12_full,2,178,11.296977580096717,9.185468978649537
base12_full,2,179,11.296990601364655,9.185473323516675
base12_full,2,180,11.297409218856759,9.185472533980308
catalog77_full,0,1,11.475446122915372,9.384879030424102
catalog77_full,0,2,11.454653904142448,9.368940776179231
catalog77_full,0,3,11.43522266215974,9.355226045035806
catalog77_full,0,4,11.414188490960445,9.34031069939812
catalog77_full,0,5,11.397146965614375,9.328004702407581
catalog77_full,0,6,11.38226018305004,9.316195233890014
catalog77_full,0,7,11.369071592801259,9.305960877402406
catalog77_full,0,8,11.355432596454323,9.295570590817661
catalog77_full,0,9,11.343247153048083,9.286683379503875
catalog77_full,0,10,11.332527759315255,9.276548160913016
catalog77_full,0,11,11.3217229601835,9.267222361292925
catalog77_full,0,12,11.31184661598236,9.260642947206927
catalog77_full,0,13,11.30252656612294,9.253139962359537
catalog77_full,0,14,11.29499321713967,9.247020042668368
catalog77_full,0,15,11.287262268986996,9.241796009652182
catalog77_full,0,16,11.280250040510321,9.235058069382223
catalog77_full,0,17,11.274489184378218,9.230012259484546
catalog77_full,0,18,11.268986527392352,9.225775485395797
catalog77_full,0,19,11.263680779155791,9.222754464269357
catalog77_full,0,20,11.258970670345068,9.218840751478021
catalog77_full,0,21,11.254926433195218,9.216080549560502
catalog77_full,0,22,11.249898103560069,9.212514680512676
catalog77_full,0,23,11.245300209358618,9.210094076161312
catalog77_full,0,24,11.241348114451958,9.20616772233538
catalog77_full,0,25,11.238078099547117,9.202953889112806
catalog77_full,0,26,11.236181809484506,9.199877247433367
catalog77_full,0,27,11.23404806619922,9.197935769579606
catalog77_full,0,28,11.231063446641729,9.196154794095376
catalog77_full,0,29,11.229889003482848,9.19494173606772
catalog77_full,0,30,11.229033830362624,9.194724105769687
catalog77_full,0,31,11.228021492920925,9.192899346439297
catalog77_full,0,32,11.226594055852031,9.191890279377631
catalog77_full,0,33,11.22559298538193,9.191144395929001
catalog77_full,0,34,11.224097758001882,9.19014185451544
catalog77_full,0,35,11.222764357440735,9.189475719732167
catalog77_full,0,36,11.221632948595369,9.188345330551693
catalog77_full,0,37,11.221051042668908,9.187166114484393
catalog77_full,0,38,11.221415382623706,9.18723931986026
catalog77_full,0,39,11.220372490705072,9.18646167496556
catalog77_full,0,40,11.220050433705817,9.186114410262359
catalog77_full,0,41,11.219140620868515,9.185773171692377
catalog77_full,0,42,11.218210970352892,9.185527043632122
catalog77_full,0,43,11.21825102293886,9.184521933777354
catalog77_full,0,44,11.218523955377867,9.1838491049513
catalog77_full,0,45,11.218799344475178,9.183380250882104
catalog77_full,0,46,11.218554240972379,9.183000029219441
catalog77_full,0,47,11.218460397789043,9.182476336086957
catalog77_full,0,48,11.218483446627715,9.182837528226933
catalog77_full,0,49,11.218676469561194,9.182690044297964
catalog77_full,0,50,11.217832149905371,9.182577346971142
catalog77_full,0,51,11.217761733678701,9.182351782519014
catalog77_full,0,52,11.217665009841713,9.181323234235458
catalog77_full,0,53,11.21705977039124,9.180376027080941
catalog77_full,0,54,11.218017709419236,9.18031530414997
catalog77_full,0,55,11.217624324761893,9.179576271902931
catalog77_full,0,56,11.218329978955616,9.179608697284214
catalog77_full,0,57,11.21822022719228,9.178995296910413
catalog77_full,0,58,11.218087956652381,9.1783670892044
catalog77_full,0,59,11.218088838068953,9.17762129531697
catalog77_full,0,60,11.218052193958563,9.177558613518023
catalog77_full,0,61,11.218099654575221,9.177238234849659
catalog77_full,0,62,11.217550294648866,9.177194063025919
catalog77_full,0,63,11.217021919004019,9.176083088734382
catalog77_full,0,64,11.217218633309448,9.175778748880951
catalog77_full,0,65,11.217821175187925,9.175910801610765
catalog77_full,0,66,11.217647857973505,9.175831160673054
catalog77_full,0,67,11.217794239856698,9.175392200903238
catalog77_full,0,68,11.21843754771784,9.175449291327007
catalog77_full,0,69,11.21854850590662,9.175413711839523
catalog77_full,0,70,11.218529537685235,9.174974699295207
catalog77_full,0,71,11.218528105032933,9.174981060065422
catalog77_full,0,72,11.218220221153494,9.174350547417806
catalog77_full,0,73,11.217747283359584,9.174625323349069
catalog77_full,0,74,11.218011916924008,9.174393278754835
catalog77_full,0,75,11.217773649347162,9.174134249732315
catalog77_full,0,76,11.217466321371976,9.172836672277072
catalog77_full,0,77,11.217645172240601,9.172685796046766
catalog77_full,0,78,11.217770068645347,9.172547403519452
catalog77_full,0,79,11.217805297988875,9.172283080135191
catalog77_full,0,80,11.2195175398974,9.171874859033165
catalog77_full,0,81,11.220140965550861,9.171760241699623
catalog77_full,0,82,11.220495437095716,9.171858143638492
catalog77_full,0,83,11.220349667443067,9.171597778714986
catalog77_full,0,84,11.220637547549353,9.17185470168566
catalog77_full,0,85,11.221150316238088,9.171934478403353
catalog77_full,0,86,11.221618813769682,9.171935160622837
catalog77_full,0,87,11.22206568665253,9.172298999339224
catalog77_full,0,88,11.222690003318151,9.172273406976181
catalog77_full,0,89,11.222472647619972,9.172223850672614
catalog77_full,0,90,11.221972871322613,9.171590100629523
catalog77_full,0,91,11.222314466044017,9.172039074515258
catalog77_full,0,92,11.222170565038162,9.172041637866766
catalog77_full,0,93,11.222204121909607,9.171983370179346
catalog77_full,0,94,11.222061927967848,9.171926113576351
catalog77_full,0,95,11.221519924569678,9.172161380312117
catalog77_full,0,96,11.221797015133854,9.172517179344052
catalog77_full,0,97,11.2218831219461,9.172483819655408
catalog77_full,0,98,11.222070025740322,9.172289149860006
catalog77_full,0,99,11.222025824649117,9.172267772247285
catalog77_full,0,100,11.222966662364957,9.17278613990446
catalog77_full,0,101,11.223091896121801,9.172857824613473
catalog77_full,0,102,11.22515665797746,9.174268816237547
catalog77_full,0,103,11.226349479869823,9.175004250078755
catalog77_full,0,104,11.226894971834419,9.174294503783337
catalog77_full,0,105,11.227919223728634,9.17473886331021
catalog77_full,0,106,11.229324472742269,9.175346272703019
catalog77_full,0,107,11.229623669308172,9.174769306426494
catalog77_full,0,108,11.229452359067793,9.17449866256291
catalog77_full,0,109,11.229573134026777,9.174387538849029
catalog77_full,0,110,11.231024978326452,9.174624901231661
catalog77_full,0,111,11.231749887372574,9.174645101250551
catalog77_full,0,112,11.231828269652192,9.174790102035521
catalog77_full,0,113,11.232862263706249,9.175392782731134
catalog77_full,0,114,11.23365204220256,9.175791255708084
catalog77_full,0,115,11.23403194308117,9.17570197617856
catalog77_full,0,116,11.234399838698723,9.175850114795711
catalog77_full,0,117,11.234678125235789,9.175854524924354
catalog77_full,0,118,11.23536400024234,9.17590882917413
catalog77_full,0,119,11.235311194108116,9.175888906588876
catalog77_full,0,120,11.235450737848671,9.175835233625365
catalog77_full,0,121,11.235120469271784,9.175610452836032
catalog77_full,0,122,11.23643404319375,9.176199802381491
catalog77_full,0,123,11.236389546307079,9.17628965929948
catalog77_full,0,124,11.236806480335462,9.17664733539784
catalog77_full,0,125,11.237185100052338,9.176520328225967
catalog77_full,0,126,11.237501239473893,9.176407411452807
catalog77_full,0,127,11.237256955175292,9.176419103102644
catalog77_full,0,128,11.237448735906398,9.176416591586086
catalog77_full,0,129,11.238050621851754,9.176353976555147
catalog77_full,0,130,11.238714719189161,9.176360366411483
catalog77_full,0,131,11.238531392755533,9.176270045729334
catalog77_full,0,132,11.23876350694695,9.176270211331
catalog77_full,0,133,11.239086666869326,9.17626777355197
catalog77_full,0,134,11.239315687363531,9.176306468045098
catalog77_full,0,135,11.23936645532497,9.176339789636149
catalog77_full,0,136,11.239371440226744,9.176375831431013
catalog77_full,0,137,11.239624948952438,9.176345353772628
catalog77_full,0,138,11.239590423007252,9.175880032732813
catalog77_full,0,139,11.239508803641542,9.17582678363715
catalog77_full,0,140,11.239535345002851,9.175828799315761
catalog77_full,0,141,11.23949815854854,9.175849926026036
catalog77_full,0,142,11.239751969015572,9.175890444891925
catalog77_full,0,143,11.239940218230057,9.175913267833687
catalog77_full,0,144,11.240458319630669,9.175832779147907
catalog77_full,0,145,11.24047759662577,9.175855624386802
catalog77_full,0,146,11.241598323648697,9.176141376000256
catalog77_full,0,147,11.241744294514723,9.176020084019628
catalog77_full,0,148,11.24158152061448,9.175953507413345
catalog77_full,0,149,11.241478703037318,9.175945184884252
catalog77_full,0,150,11.241294979430238,9.175937347017932
catalog77_full,0,151,11.242098898713971,9.17647236380894
catalog77_full,0,152,11.242493977371058,9.176475154977553
catalog77_full,0,153,11.242795594764317,9.1764986283072
catalog77_full,0,154,11.242750445678125,9.176547629240813
catalog77_full,0,155,11.24315558371542,9.176547557810732
catalog77_full,0,156,11.243185706163233,9.176132320687428
catalog77_full,0,157,11.243621288086105,9.176150890042189
catalog77_full,0,158,11.243582330437743,9.176202520415654
catalog77_full,0,159,11.243478666137987,9.176207289578432
catalog77_full,0,160,11.243619357505121,9.176253436972742
catalog77_full,0,161,11.24432509493193,9.176536861277407
catalog77_full,0,162,11.244493609651895,9.176516258204614
catalog77_full,0,163,11.244441231318298,9.176515054979252
catalog77_full,0,164,11.244206208595745,9.176541040340402
catalog77_full,0,165,11.244945597992787,9.176824956615437
catalog77_full,0,166,11.24546809650249,9.176827832102811
catalog77_full,0,167,11.245497295044512,9.176763921697935
catalog77_full,0,168,11.244965681852182,9.176728676524489
catalog77_full,0,169,11.244965449630415,9.176728538662775
catalog77_full,0,170,11.244885273334228,9.17665313994803
catalog77_full,0,171,11.244937439822,9.176654278187629
catalog77_full,0,172,11.244914322961042,9.176620501421844
catalog77_full,0,173,11.245371040964528,9.176763252529092
catalog77_full,0,174,11.245553133767329,9.176772980571327
catalog77_full,0,175,11.24572618790757,9.176891536440117
catalog77_full,0,176,11.24572028226409,9.176907031467813
catalog77_full,0,177,11.245614341787084,9.176805077292482
catalog77_full,0,178,11.246066634933714,9.176548237377741
catalog77_full,0,179,11.246066524425707,9.17655790238637
catalog77_full,0,180,11.24648539913122,9.176552197540799
catalog77_full,1,1,11.478475512788398,9.388514461582078
catalog77_full,1,2,11.457861442005791,9.3716233039485
catalog77_full,1,3,11.439403104008672,9.356458986112006
catalog77_full,1,4,11.4223246606453,9.343067181224828
catalog77_full,1,5,11.406011521522554,9.330192711725037
catalog77_full,1,6,11.390886562084104,9.318219885339857
catalog77_full,1,7,11.376773951958592,9.306178666263246
catalog77_full,1,8,11.363752701953745,9.295660184254736
catalog77_full,1,9,11.350545405866939,9.285985653063559
catalog77_full,1,10,11.339584024295858,9.276780646731165
catalog77_full,1,11,11.328091803891335,9.269143578938193
catalog77_full,1,12,11.318488998701863,9.26178324957938
catalog77_full,1,13,11.30980311298183,9.254900504166997
catalog77_full,1,14,11.299912342603674,9.247744808332175
catalog77_full,1,15,11.292030912897456,9.241738604736812
catalog77_full,1,16,11.285987633422023,9.23682126555149
catalog77_full,1,17,11.277905539457626,9.230875749007474
catalog77_full,1,18,11.272765679805984,9.227068888101234
catalog77_full,1,19,11.266839182968557,9.223391180172278
catalog77_full,1,20,11.262207838856348,9.220313856151515
catalog77_full,1,21,11.257675008905089,9.216462528187552
catalog77_full,1,22,11.254288656450122,9.212714053424637
catalog77_full,1,23,11.2500069098358,9.209851561807964
catalog77_full,1,24,11.245090356681008,9.207378456869618
catalog77_full,1,25,11.241324186736518,9.205268699869512
catalog77_full,1,26,11.23903687036755,9.203288180120209
catalog77_full,1,27,11.235991777473602,9.201652626325755
catalog77_full,1,28,11.232947190773576,9.19933068269383
catalog77_full,1,29,11.230500749346202,9.197675370229609
catalog77_full,1,30,11.228325661561163,9.196351568296924
catalog77_full,1,31,11.226253156887068,9.194823891530808
catalog77_full,1,32,11.225376378657144,9.193576269486504
catalog77_full,1,33,11.224613665002076,9.191927366959295
catalog77_full,1,34,11.223697866818796,9.191078559358044
catalog77_full,1,35,11.223290150045177,9.190122135609155
catalog77_full,1,36,11.222991308402976,9.189806407158896
catalog77_full,1,37,11.222566110381486,9.188322663721765
catalog77_full,1,38,11.22159640390617,9.18756523517126
catalog77_full,1,39,11.22003838548275,9.18668441411086
catalog77_full,1,40,11.219734280373258,9.186547940765474
catalog77_full,1,41,11.218575069944952,9.18538719129895
catalog77_full,1,42,11.218814691040356,9.185104284182223
catalog77_full,1,43,11.218063135542627,9.184132710930758
catalog77_full,1,44,11.217437622460913,9.183465573187133
catalog77_full,1,45,11.218205928863407,9.183418951077837
catalog77_full,1,46,11.218011853409497,9.182892062093782
catalog77_full,1,47,11.217728788190925,9.182202173170687
catalog77_full,1,48,11.217122041701264,9.181627445325729
catalog77_full,1,49,11.216517226235972,9.1811242913411
catalog77_full,1,50,11.216146817658638,9.180957091618069
catalog77_full,1,51,11.21555465765835,9.180223257256518
catalog77_full,1,52,11.214990001018847,9.179985059637964
catalog77_full,1,53,11.215705400635,9.18018617297793
catalog77_full,1,54,11.216165614289928,9.179514760170516
catalog77_full,1,55,11.216856526542534,9.179843143584023
catalog77_full,1,56,11.216916901513684,9.17953040730846
catalog77_full,1,57,11.216968593649293,9.179732172425737
catalog77_full,1,58,11.21650678802841,9.179382784782552
catalog77_full,1,59,11.216578878516437,9.178206472238994
catalog77_full,1,60,11.217037826713764,9.178022766526006
catalog77_full,1,61,11.217904119176344,9.177823602871868
catalog77_full,1,62,11.217240550592509,9.17746789775324
catalog77_full,1,63,11.217253833361628,9.17720497942662
catalog77_full,1,64,11.217081768394971,9.176901047105801
catalog77_full,1,65,11.217609263159932,9.177140971510655
catalog77_full,1,66,11.217351532962972,9.17690072513972
catalog77_full,1,67,11.217090524894271,9.17693432087728
catalog77_full,1,68,11.217015256411344,9.176753274455855
catalog77_full,1,69,11.217321666024155,9.176424467020416
catalog77_full,1,70,11.217494542931322,9.175513539869543
catalog77_full,1,71,11.217176589016283,9.175366686217965
catalog77_full,1,72,11.217342449165477,9.175136424002519
catalog77_full,1,73,11.217446025415471,9.17510523860857
catalog77_full,1,74,11.217481200945699,9.175055225728759
catalog77_full,1,75,11.21744936686939,9.174921646578028
catalog77_full,1,76,11.217635919451151,9.174777398016435
catalog77_full,1,77,11.21780905042768,9.17508726931658
catalog77_full,1,78,11.218280703835916,9.174764868016485
catalog77_full,1,79,11.218712360630516,9.174916133925597
catalog77_full,1,80,11.218931298566263,9.174954058112597
catalog77_full,1,81,11.218897285739274,9.174785585159498
catalog77_full,1,82,11.218605486246231,9.174595856460037
catalog77_full,1,83,11.219142226114622,9.174717669442549
catalog77_full,1,84,11.220021661913378,9.174694488352976
catalog77_full,1,85,11.220403318417063,9.174720621464049
catalog77_full,1,86,11.220395490737296,9.174628760855153
catalog77_full,1,87,11.220854334255446,9.17475521052347
catalog77_full,1,88,11.221159410266573,9.174437916419464
catalog77_full,1,89,11.221031819277815,9.17456862598925
catalog77_full,1,90,11.221358067763227,9.174612057580328
catalog77_full,1,91,11.221665505827842,9.17451460381448
catalog77_full,1,92,11.221823055532115,9.174603808290499
catalog77_full,1,93,11.221897901222832,9.17456474563506
catalog77_full,1,94,11.222411451235303,9.17458120950005
catalog77_full,1,95,11.223371252644966,9.174396264849175
catalog77_full,1,96,11.223519462321436,9.174292699836288
catalog77_full,1,97,11.223704225764273,9.17422796050958
catalog77_full,1,98,11.224606783141938,9.174234073484655
catalog77_full,1,99,11.224330853255573,9.173988792346584
catalog77_full,1,100,11.224395310072307,9.173992901667699
catalog77_full,1,101,11.224696077734274,9.1737603395466
catalog77_full,1,102,11.224412083836636,9.173757961408196
catalog77_full,1,103,11.22411064289285,9.173360119308509
catalog77_full,1,104,11.224454489490249,9.173349421786622
catalog77_full,1,105,11.224736391138126,9.17284449397506
catalog77_full,1,106,11.224940512329331,9.172878217689911
catalog77_full,1,107,11.225126700637208,9.17307497397684
catalog77_full,1,108,11.225080429149074,9.173127567243082
catalog77_full,1,109,11.224957179453318,9.17272923455196
catalog77_full,1,110,11.224585202947157,9.172178018649182
catalog77_full,1,111,11.224536857461716,9.172048996306499
catalog77_full,1,112,11.224844484959313,9.171765030334885
catalog77_full,1,113,11.225349399522269,9.171494996133125
catalog77_full,1,114,11.225990950886523,9.171575925747746
catalog77_full,1,115,11.226689656946625,9.171669548620251
catalog77_full,1,116,11.22700430397683,9.171682441293338
catalog77_full,1,117,11.227385177849678,9.171678648377757
catalog77_full,1,118,11.227784857381666,9.171742268555715
catalog77_full,1,119,11.227833279456041,9.1718007522866
catalog77_full,1,120,11.228157628917415,9.171676035373618
catalog77_full,1,121,11.2293715071407,9.171821670858126
catalog77_full,1,122,11.230367387473796,9.171813737018944
catalog77_full,1,123,11.230937017491192,9.171744445608805
catalog77_full,1,124,11.231104558182889,9.171525137658902
catalog77_full,1,125,11.231666704831833,9.171720369393075
catalog77_full,1,126,11.232823692447134,9.171797501771358
catalog77_full,1,127,11.233521547255362,9.172167992166402
catalog77_full,1,128,11.234021653157155,9.172255994988461
catalog77_full,1,129,11.234311092766175,9.172391669350299
catalog77_full,1,130,11.234560072330252,9.172457431829658
catalog77_full,1,131,11.235168436827191,9.172456115525545
catalog77_full,1,132,11.23522865675757,9.172409145400394
catalog77_full,1,133,11.235046344483992,9.17249371889333
catalog77_full,1,134,11.23538827963083,9.171808023364267
catalog77_full,1,135,11.23583242429026,9.171964801442074
catalog77_full,1,136,11.235716256737875,9.172193195179117
catalog77_full,1,137,11.235398725228665,9.172019424345903
catalog77_full,1,138,11.235652407102837,9.172277034140196
catalog77_full,1,139,11.235272404757056,9.172172748424064
catalog77_full,1,140,11.235518495179186,9.172167377609378
catalog77_full,1,141,11.23569016091615,9.172294967827861
catalog77_full,1,142,11.236471913113801,9.172288759972215
catalog77_full,1,143,11.236700978340757,9.17228172334071
catalog77_full,1,144,11.236977426250448,9.172776277643194
catalog77_full,1,145,11.237339939549157,9.1727135882765
catalog77_full,1,146,11.237498733814437,9.172639743395635
catalog77_full,1,147,11.23777110994975,9.172782791575994
catalog77_full,1,148,11.237844179763497,9.172770157597746
catalog77_full,1,149,11.237766316072442,9.17289348620329
catalog77_full,1,150,11.237390034849177,9.173002026496846
catalog77_full,1,151,11.237556296731196,9.172907654529315
catalog77_full,1,152,11.237882289187892,9.172755365624367
catalog77_full,1,153,11.23850757058458,9.173319207161455
catalog77_full,1,154,11.238902131438895,9.17305583859484
catalog77_full,1,155,11.239109360393002,9.173046270362457
catalog77_full,1,156,11.239292602153578,9.17344842761133
catalog77_full,1,157,11.2396892151769,9.173225466907722
catalog77_full,1,158,11.239942501989937,9.173171552385343
catalog77_full,1,159,11.240169222629316,9.173155587841645
catalog77_full,1,160,11.239603251982425,9.17304509325062
catalog77_full,1,161,11.239638581215049,9.173037310593156
catalog77_full,1,162,11.240191509534359,9.1730746987932
catalog77_full,1,163,11.240018842097765,9.17307589905254
catalog77_full,1,164,11.239890977144704,9.173229096265626
catalog77_full,1,165,11.240071617842075,9.173231780594348
catalog77_full,1,166,11.240484668035878,9.173235332888574
catalog77_full,1,167,11.240164837670013,9.17323607245139
catalog77_full,1,168,11.240091923824412,9.173295229705541
catalog77_full,1,169,11.240124759466699,9.173298201497534
catalog77_full,1,170,11.239882329615186,9.173188257158275
catalog77_full,1,171,11.240415990599502,9.173474298048083
catalog77_full,1,172,11.24074456606344,9.17352295819435
catalog77_full,1,173,11.24086285921191,9.173428201619059
catalog77_full,1,174,11.241120824270775,9.173684447161722
catalog77_full,1,175,11.24103376494584,9.173686080159166
catalog77_full,1,176,11.241011550831729,9.173684196040792
catalog77_full,1,177,11.241189670242202,9.17365398298825
catalog77_full,1,178,11.241814826937683,9.173671359466983
catalog77_full,1,179,11.242708010408155,9.173808657213774
catalog77_full,1,180,11.242643803327528,9.173802858563066
catalog77_full,2,1,11.47596152506784,9.384665009373885
catalog77_full,2,2,11.45418413802842,9.367631326802368
catalog77_full,2,3,11.43337181199561,9.351476574695496
catalog77_full,2,4,11.41442027281907,9.335016117476322
catalog77_full,2,5,11.396964002121367,9.318708858042699
catalog77_full,2,6,11.381131085172939,9.305623747694439
catalog77_full,2,7,11.366086994593104,9.294600376454703
catalog77_full,2,8,11.352715733788358,9.284536812903985
catalog77_full,2,9,11.339990805682023,9.27522489805028
catalog77_full,2,10,11.328197303459184,9.267574376938416
catalog77_full,2,11,11.317804644981491,9.260698306231841
catalog77_full,2,12,11.309419511623243,9.253239476130519
catalog77_full,2,13,11.3010640080994,9.247850701378372
catalog77_full,2,14,11.291705295529145,9.241414302924081
catalog77_full,2,15,11.284128061597434,9.236643524303753
catalog77_full,2,16,11.278050471760647,9.23048795766551
catalog77_full,2,17,11.271874244504161,9.226406737992168
catalog77_full,2,18,11.266557378990743,9.2223002944957
catalog77_full,2,19,11.260837542716736,9.21839330035106
catalog77_full,2,20,11.256592015871659,9.215538184079133
catalog77_full,2,21,11.252023603057005,9.211790926826186
catalog77_full,2,22,11.247910461397856,9.208907117146097
catalog77_full,2,23,11.243546534152324,9.20663188059477
catalog77_full,2,24,11.239670951524817,9.20355057987573
catalog77_full,2,25,11.235657403313121,9.201434783669546
catalog77_full,2,26,11.233271925078887,9.19977151076962
catalog77_full,2,27,11.229909065290073,9.197022809147375
catalog77_full,2,28,11.228077542360491,9.196206298900805
catalog77_full,2,29,11.225085218598085,9.193783292072261
catalog77_full,2,30,11.223415910772044,9.19217267412957
catalog77_full,2,31,11.22285902822055,9.190886435935786
catalog77_full,2,32,11.221281908372786,9.189989415556218
catalog77_full,2,33,11.220821487782976,9.18850885935168
catalog77_full,2,34,11.219869319711409,9.187711136937953
catalog77_full,2,35,11.21888194031703,9.18659867172366
catalog77_full,2,36,11.217476780901647,9.185512518596305
catalog77_full,2,37,11.216503808935308,9.185093480423626
catalog77_full,2,38,11.215416786404042,9.184463230246353
catalog77_full,2,39,11.215600750493975,9.183478859414413
catalog77_full,2,40,11.214330714326197,9.182378565255183
catalog77_full,2,41,11.21592691464456,9.181809852491597
catalog77_full,2,42,11.215957300934392,9.180866126243377
catalog77_full,2,43,11.215834915500391,9.180335461627097
catalog77_full,2,44,11.21504177080554,9.179590581454077
catalog77_full,2,45,11.214039215393033,9.179628199290905
catalog77_full,2,46,11.213794919978826,9.179131877934848
catalog77_full,2,47,11.213249421036156,9.178825142591561
catalog77_full,2,48,11.212741393021508,9.178568929881578
catalog77_full,2,49,11.212226467981349,9.17779054951467
catalog77_full,2,50,11.211870292004033,9.177410759302356
catalog77_full,2,51,11.212229586848176,9.176878079302506
catalog77_full,2,52,11.212462297878035,9.176877997410537
catalog77_full,2,53,11.213134332659472,9.17636998133767
catalog77_full,2,54,11.213713694146202,9.176415790921238
catalog77_full,2,55,11.212829997409564,9.175543412199891
catalog77_full,2,56,11.212287857782439,9.17498869795761
catalog77_full,2,57,11.212428497868366,9.175245084752087
catalog77_full,2,58,11.213389447659601,9.174771166448236
catalog77_full,2,59,11.21401074455165,9.17452250895062
catalog77_full,2,60,11.214519967249323,9.174809688652546
catalog77_full,2,61,11.214631535719928,9.174465278606053
catalog77_full,2,62,11.215626448037362,9.174684248708544
catalog77_full,2,63,11.216986003680104,9.174133309643157
catalog77_full,2,64,11.217325840885014,9.174671770495133
catalog77_full,2,65,11.21678917643405,9.174675754804863
catalog77_full,2,66,11.216813925235478,9.174599742978938
catalog77_full,2,67,11.217184341516372,9.174697397825335
catalog77_full,2,68,11.216796119685528,9.174169476332239
catalog77_full,2,69,11.217585811523682,9.1737236424757
catalog77_full,2,70,11.217606722799003,9.172190399169375
catalog77_full,2,71,11.21788335902288,9.171518980058531
catalog77_full,2,72,11.21763351025751,9.171264296240691
catalog77_full,2,73,11.218898256923602,9.171103133904845
catalog77_full,2,74,11.218376819730242,9.1706293923739
catalog77_full,2,75,11.218572069055757,9.170332264338306
catalog77_full,2,76,11.218923178093307,9.17055563994165
catalog77_full,2,77,11.219055039045783,9.17036725159011
catalog77_full,2,78,11.219344748695724,9.170361592128932
catalog77_full,2,79,11.220227137880448,9.170782426189566
catalog77_full,2,80,11.220263414732658,9.17034245494868
catalog77_full,2,81,11.220332331468592,9.170162918263115
catalog77_full,2,82,11.220819983762635,9.169855830525233
catalog77_full,2,83,11.220763464720758,9.169571689273976
catalog77_full,2,84,11.22107534268029,9.169573836592216
catalog77_full,2,85,11.221217707105456,9.169651089281661
catalog77_full,2,86,11.222020316065318,9.169699507469407
catalog77_full,2,87,11.22224955664876,9.169678171860744
catalog77_full,2,88,11.22236820368058,9.169603180918942
catalog77_full,2,89,11.222543862277627,9.1698890906827
catalog77_full,2,90,11.223155080468953,9.16995254114495
catalog77_full,2,91,11.223212152880736,9.170100340810867
catalog77_full,2,92,11.223474144100324,9.170213344088472
catalog77_full,2,93,11.224046604420533,9.170329560875803
catalog77_full,2,94,11.224211146807129,9.1707304853857
catalog77_full,2,95,11.224501960405545,9.170675408251029
catalog77_full,2,96,11.22593181282117,9.171080242596293
catalog77_full,2,97,11.226252824400579,9.170999744987855
catalog77_full,2,98,11.22650675907907,9.171053311580527
catalog77_full,2,99,11.227091964350569,9.171018408459428
catalog77_full,2,100,11.226641324130819,9.170730333551505
catalog77_full,2,101,11.22662581608642,9.170748607882743
catalog77_full,2,102,11.226971542711519,9.17079349761726
catalog77_full,2,103,11.227477120053399,9.17023498657055
catalog77_full,2,104,11.227523638611027,9.170074520059384
catalog77_full,2,105,11.227378256231273,9.169695953445318
catalog77_full,2,106,11.227170131637102,9.169414777459824
catalog77_full,2,107,11.227593733801159,9.169398985269538
catalog77_full,2,108,11.22873801040199,9.169386756573044
catalog77_full,2,109,11.229254639235005,9.169814838042988
catalog77_full,2,110,11.2298060584422,9.16977302698379
catalog77_full,2,111,11.229850749331833,9.169352365865427
catalog77_full,2,112,11.230219086400755,9.169341450033059
catalog77_full,2,113,11.230206134868128,9.168993804250576
catalog77_full,2,114,11.23055885759792,9.169278083790621
catalog77_full,2,115,11.230617786342266,9.169183140624753
catalog77_full,2,116,11.230762865183724,9.168969670092977
catalog77_full,2,117,11.230769975470164,9.168893112094107
catalog77_full,2,118,11.230849902219365,9.168729748605287
catalog77_full,2,119,11.230843850592844,9.16871709448833
catalog77_full,2,120,11.231011338763143,9.16874475296679
catalog77_full,2,121,11.231355694617214,9.168740395498501
catalog77_full,2,122,11.231548594296093,9.168738263983435
catalog77_full,2,123,11.23246076758578,9.168899747924288
catalog77_full,2,124,11.23284045827668,9.168890619330455
catalog77_full,2,125,11.23289890774827,9.169035912327033
catalog77_full,2,126,11.232995865827682,9.169154377618103
catalog77_full,2,127,11.233553844908554,9.169014185193012
catalog77_full,2,128,11.233897595593456,9.169027188724002
catalog77_full,2,129,11.234148380855835,9.168796048526302
catalog77_full,2,130,11.233955908108987,9.168650164097087
catalog77_full,2,131,11.234149599578663,9.169358145112149
catalog77_full,2,132,11.234163459900037,9.169435371939363
catalog77_full,2,133,11.234356195610545,9.16928664888605
catalog77_full,2,134,11.234471193894546,9.16927820894359
catalog77_full,2,135,11.23486012630517,9.169274152665958
catalog77_full,2,136,11.23517894171995,9.169511180024553
catalog77_full,2,137,11.235235067689713,9.169432937454843
catalog77_full,2,138,11.2353072826913,9.169450854995533
catalog77_full,2,139,11.235087268533546,9.169443057208595
catalog77_full,2,140,11.235329521320823,9.16941963261153
catalog77_full,2,141,11.235651745307736,9.169656274548558
catalog77_full,2,142,11.235884106446921,9.169906645653654
catalog77_full,2,143,11.236295889952814,9.170523063194134
catalog77_full,2,144,11.236374942069146,9.17059468195027
catalog77_full,2,145,11.236484690138527,9.170588087006166
catalog77_full,2,146,11.236189394876114,9.17022012197564
catalog77_full,2,147,11.236318950313697,9.170235743114029
catalog77_full,2,148,11.23634169382119,9.169994845677312
catalog77_full,2,149,11.236830964489776,9.17050471547829
catalog77_full,2,150,11.237266718872098,9.171178622939378
catalog77_full,2,151,11.237551949988976,9.171304164345491
catalog77_full,2,152,11.237713804620135,9.171311126598297
catalog77_full,2,153,11.237706722700837,9.171369894986835
catalog77_full,2,154,11.237708458560645,9.171365568023393
catalog77_full,2,155,11.237996408856475,9.171406801941057
catalog77_full,2,156,11.237885776702765,9.171270697022093
catalog77_full,2,157,11.237967616306817,9.1715178389608
catalog77_full,2,158,11.238008098836092,9.171773878311301
catalog77_full,2,159,11.238319383243153,9.171791302447224
catalog77_full,2,160,11.238172350762996,9.171661778779077
catalog77_full,2,161,11.2388509371332,9.171806847857265
catalog77_full,2,162,11.239694224240832,9.17179922445262
catalog77_full,2,163,11.239730632337148,9.171789439031883
catalog77_full,2,164,11.239822397748748,9.171727125517707
catalog77_full,2,165,11.239741055701074,9.171435410847948
catalog77_full,2,166,11.23992636056252,9.171390403471873
catalog77_full,2,167,11.239892652293676,9.171060421217627
catalog77_full,2,168,11.240263968407598,9.171200159464597
catalog77_full,2,169,11.24009867756021,9.171195650538404
catalog77_full,2,170,11.240203209419152,9.171225010323285
catalog77_full,2,171,11.240289054031177,9.170929576078422
catalog77_full,2,172,11.240167606820775,9.171112390760516
catalog77_full,2,173,11.240339193914792,9.171352077225645
catalog77_full,2,174,11.240577256966656,9.171429830225163
catalog77_full,2,175,11.24083558244992,9.171698487518658
catalog77_full,2,176,11.24059946560881,9.17145070216729
catalog77_full,2,177,11.240855267615919,9.171210613661934
catalog77_full,2,178,11.240950707052635,9.171494933479748
catalog77_full,2,179,11.2414168868211,9.171491470990013
catalog77_full,2,180,11.241408589319725,9.171559927282285
