seed,match_id,slug,horn_at,engine_pnl,rebate,net
0,8837869969,dota2-aur1-ty-2026-06-04-game1,2026-06-04T09:17:47.612000+00:00,20.329300000000046,2.3330876474999998,22.662387647500047
0,8837957019,dota2-aur1-ty-2026-06-04-game2,2026-06-04T11:05:49.570000+00:00,-31.61139999999995,8.03694636,-23.574453639999952
0,8838056564,dota2-flc-liquid-2026-06-04-game1,2026-06-04T12:43:48.535000+00:00,-0.10069999999999979,1.1275678724999998,1.0268678725
0,8838170936,dota2-flc-liquid-2026-06-04-game2,2026-06-04T14:05:12.636000+00:00,5.104198400000115,4.765155099719999,9.869353499720114
0,8838396820,dota2-lgd-ty-2026-06-04-game2,2026-06-04T16:48:28.531000+00:00,-18.52760086,3.6530007870329997,-14.874600072967
0,8838480778,dota2-lgd-ty-2026-06-04,2026-06-04T17:57:47.377000+00:00,-71.48520042999996,5.63964170783925,-65.84555872216072
0,8839123109,dota2-flc-bb4-2026-06-05-game1,2026-06-05T09:16:39.267000+00:00,-57.604299999999995,1.1786558175,-56.425644182499994
0,8839193447,dota2-flc-bb4-2026-06-05-game2,2026-06-05T10:38:10.594000+00:00,1.3986791099999607,2.85931283560575,4.257991945605711
0,8839366504,dota2-lgd-liquid-2026-06-05-game2,2026-06-05T13:21:18.066000+00:00,-78.37040224000003,4.022491761768,-74.34791047823204
0,8839494962,dota2-flc-aur1-2026-06-05-game1,2026-06-05T14:52:18.684000+00:00,39.399893289999994,7.32878331589275,46.728676605892744
0,8839625815,dota2-flc-aur1-2026-06-05-game2,2026-06-05T16:13:53.150000+00:00,9.386000000000024,0.6507209999999999,10.036721000000025
0,8839717574,dota2-flc-aur1-2026-06-05,2026-06-05T17:21:15.591000+00:00,24.725183950000044,1.11493101805875,25.840114968058796
0,8840635639,dota2-ty-bb4-2026-06-06-game1,2026-06-06T10:47:49.658000+00:00,0.0,0.0,0.0
0,8840704374,dota2-ty-bb4-2026-06-06-game2,2026-06-06T11:51:44.485000+00:00,-0.9888999999998873,4.9363380975,3.947438097500113
0,8840821227,dota2-ty-bb4-2026-06-06,2026-06-06T13:12:37.368000+00:00,92.52689999999996,5.084116252499999,97.61101625249995
0,8840984097,dota2-aur1-lgd-2026-06-06-game1,2026-06-06T15:05:33.978000+00:00,17.978899999999996,1.9970471024999998,19.975947102499994
0,8841114801,dota2-aur1-lgd-2026-06-06-game2,2026-06-06T16:30:29.855000+00:00,-24.644200760000047,3.0554399519790003,-21.588760808021046
0,8842052142,dota2-bb4-lgd-2026-06-07-game1,2026-06-07T09:18:04.694000+00:00,269.1042,4.85160165,273.95580165
0,8842134886,dota2-bb4-lgd-2026-06-07-game2,2026-06-07T10:28:41.168000+00:00,36.68375710000004,4.3950934191375,41.07885051913754
0,8842245726,dota2-bb4-lgd-2026-06-07,2026-06-07T11:59:53.564000+00:00,-124.35260087000006,3.93698176167225,-120.4156191083278
0,8842468101,dota2-ty-lgd-2026-06-07-game1,2026-06-07T14:21:40.854000+00:00,-187.54261362999995,1.8801785300902498,-185.6624350999097
0,8842596730,dota2-ty-lgd-2026-06-07-game2,2026-06-07T15:49:20.066000+00:00,-2.796763839999997,0.281725780584,-2.515038059415997
0,8842722527,dota2-ty-lgd-2026-06-07-game3,2026-06-07T17:12:22.566000+00:00,3.003099999999992,0.16420304249999998,3.167303042499992
0,8842845018,dota2-ty-lgd-2026-06-07-game4,2026-06-07T18:51:58.999000+00:00,2.0000000000000036,0.12189,2.1218900000000036
0,8843465364,dota2-4iki-nande4-2026-06-08-game1,2026-06-08T09:15:08.776000+00:00,-82.68686718000001,4.7290843526295,-77.95778282737051
0,8843512570,dota2-4iki-nande4-2026-06-08-game2,2026-06-08T10:09:45.609000+00:00,-2.396899999999988,0.8771810325,-1.519718967499988
0,8843560379,dota2-4iki-nande4-2026-06-08,2026-06-08T11:10:54.138000+00:00,-25.119599999999878,2.6138193000000003,-22.505780699999878
0,8843760302,dota2-vpp-balu-2026-06-08-game2,2026-06-08T13:42:26.324000+00:00,0.0,0.0,0.0
0,8844054970,dota2-z10-sb5-2026-06-08-game2,2026-06-08T17:08:41.204000+00:00,59.52240000000002,0.44810934,59.97050934000002
0,8844132483,dota2-vpp-z10-2026-06-08-game1,2026-06-08T18:23:01.210000+00:00,0.0,0.0,0.0
0,8844244719,dota2-vpp-z10-2026-06-08-game2,2026-06-08T19:45:42.908000+00:00,24.57209999999995,1.7902295775,26.36232957749995
0,8844308689,dota2-vpp-z10-2026-06-08,2026-06-08T20:50:38.757000+00:00,383.7817,1.7549949075,385.5366949075
0,8850534819,dota2-ill-pr1-2026-06-13-game2,2026-06-13T17:10:42.502000+00:00,0.9419999999999966,0.314262495,1.2562624949999965
0,8850593633,dota2-ill-pr1-2026-06-13,2026-06-13T18:00:57.551000+00:00,0.0,0.0,0.0
0,8851984783,dota2-4iki-pr1-2026-06-14-game2,2026-06-14T16:46:25.798000+00:00,-4.283400000000011,2.84644416,-1.436955840000011
0,8852055373,dota2-4iki-pr1-2026-06-14,2026-06-14T17:46:02.690000+00:00,-22.912400000000012,1.03283022,-21.87956978000001
0,8854443395,dota2-fla-spirit1-2026-06-16-game1,2026-06-16T16:31:44.570000+00:00,-19.565599999999986,0.34102104,-19.224578959999985
0,8885183102,dota2-flc-bb4-2026-07-07-game1,2026-07-07T09:47:24.433000+00:00,-33.27426480999998,3.7940483639992504,-29.480216446000725
0,8885195986,dota2-re-xtreme-2026-07-07-game1,2026-07-07T09:55:03.037000+00:00,15.469599999999957,0.652761,16.12236099999996
0,8885252329,dota2-flc-bb4-2026-07-07-game2,2026-07-07T11:01:59.599000+00:00,-3.8815176699999654,1.5477362974372502,-2.333781372562715
0,8885275216,dota2-re-xtreme-2026-07-07-game2,2026-07-07T11:16:11.813000+00:00,-4.887199999999979,0.94287,-3.9443299999999786
0,8885365825,dota2-l1ga-ngx-2026-07-07-game1,2026-07-07T12:34:49.112000+00:00,33.29599999999999,0.2702448,33.56624479999999
0,8885380529,dota2-liquid-playti-2026-07-07-game1,2026-07-07T12:43:07.045000+00:00,-4.385299999999972,1.6362650625,-2.7490349374999727
0,8885411801,dota2-lvlup1-aur1-2026-07-07-game1,2026-07-07T13:06:28.530000+00:00,0.0,0.0,0.0
0,8885470551,dota2-l1ga-ngx-2026-07-07-game2,2026-07-07T13:39:34.570000+00:00,39.29570000000001,1.6111090125,40.90680901250001
0,8885473599,dota2-liquid-playti-2026-07-07-game2,2026-07-07T13:52:27.923000+00:00,46.272644679999985,4.760158109843999,51.032802789843984
0,8885529711,dota2-lvlup1-aur1-2026-07-07-game2,2026-07-07T14:23:52.590000+00:00,6.433818599999981,0.14100542968500013,6.574824029684981
0,8885633666,dota2-ts8-mouz-2026-07-07-game1,2026-07-07T15:33:28.678000+00:00,233.64560000000034,8.85946083,242.50506083000033
0,8885665054,dota2-nem-pari-2026-07-07-game1,2026-07-07T15:41:38.548000+00:00,19.091890999999947,1.143021293925,20.234912293924946
0,8885784652,dota2-ts8-mouz-2026-07-07-game2,2026-07-07T17:16:32.961000+00:00,-10.954528129999986,4.307446918037249,-6.647081211962736
0,8885871759,dota2-ic-1win-2026-07-07-game1,2026-07-07T18:31:07.999000+00:00,0.3800000000000008,0.016059749999999998,0.39605975000000077
0,8885928262,dota2-ty-og-2026-07-07-game1,2026-07-07T19:03:44.444000+00:00,44.028400000000005,0.4490694599999999,44.47746946
0,8885974297,dota2-ic-1win-2026-07-07-game2,2026-07-07T19:32:14.446000+00:00,0.0,0.0,0.0
0,8886005043,dota2-ty-og-2026-07-07-game2,2026-07-07T20:03:05.981000+00:00,-9.473999999999961,0.5254960499999999,-8.948503949999962
0,8886576019,dota2-poorra-bb4-2026-07-08-game1,2026-07-08T09:20:01.472000+00:00,0.0,0.0,0.0
0,8886572854,dota2-gl-xtreme-2026-07-08-game1,2026-07-08T09:27:27.007000+00:00,-101.24200000000002,3.17572065,-98.06627935000002
0,8886638110,dota2-poorra-bb4-2026-07-08-game2,2026-07-08T10:36:00.005000+00:00,0.0,0.0,0.0
0,8886640910,dota2-flc-re-2026-07-08-game2,2026-07-08T10:39:41.623000+00:00,20.610833069999927,1.6309270992577496,22.241760169257677
0,8886641793,dota2-gl-xtreme-2026-07-08-game2,2026-07-08T10:45:04.782000+00:00,16.50879910999999,5.26970810726325,21.77850721726324
0,8886728756,dota2-l1ga-playti-2026-07-08-game1,2026-07-08T12:02:19.795000+00:00,28.77749999999995,6.662194912499999,35.439694912499945
0,8886736772,dota2-liquid-lvlup1-2026-07-08-game1,2026-07-08T12:08:59.488000+00:00,0.0,0.0,0.0
0,8886788497,dota2-ngx-aur1-2026-07-08-game1,2026-07-08T12:47:30.744000+00:00,-2.6018903300000034,0.7174571294032499,-1.8844332005967535
0,8886815251,dota2-l1ga-playti-2026-07-08-game2,2026-07-08T13:04:20.712000+00:00,35.87160000000003,0.7582073699999999,36.62980737000003
0,8886862310,dota2-liquid-lvlup1-2026-07-08-game2,2026-07-08T13:37:25.898000+00:00,7.391199999999998,0.053216640000000044,7.444416639999998
0,8886994890,dota2-ts8-nem-2026-07-08-game1,2026-07-08T14:59:11.781000+00:00,0.0,0.019125,0.019125
0,8887100676,dota2-vg-pari-2026-07-08-game1,2026-07-08T16:18:23.954000+00:00,0.0,0.0,0.0
0,8887114313,dota2-ts8-nem-2026-07-08-game2,2026-07-08T16:15:19.583000+00:00,-118.45812764000004,1.6631400372329999,-116.79498760276704
0,8887197358,dota2-vg-pari-2026-07-08-game2,2026-07-08T17:23:00.102000+00:00,-23.011100000000056,1.9851802424999998,-21.025919757500056
0,8887218598,dota2-lgd-og-2026-07-08-game1,2026-07-08T17:27:41.870000+00:00,10.899100000000018,0.6462770624999999,11.545377062500018
0,8887260104,dota2-ty-ic-2026-07-08-game1,2026-07-08T17:58:24.214000+00:00,0.0,0.0,0.0
0,8887314193,dota2-lgd-og-2026-07-08-game2,2026-07-08T18:40:30.736000+00:00,-72.00561371999996,2.146552160124,-69.85906155987595
0,8887325211,dota2-vp-1win-2026-07-08-game1,2026-07-08T18:51:24.334000+00:00,-73.62319999999997,4.83893667,-68.78426332999997
0,8887337672,dota2-ty-ic-2026-07-08-game2,2026-07-08T19:01:29.872000+00:00,0.0,0.0,0.0
0,8887432754,dota2-vp-1win-2026-07-08-game2,2026-07-08T20:20:02.742000+00:00,71.87019999999998,0.52625961,72.39645960999998
0,8887986392,dota2-poorra-xtreme-2026-07-09-game1,2026-07-09T09:21:30.237000+00:00,-32.88150044999992,5.856961790306249,-27.02453865969367
0,8887998750,dota2-bb4-re-2026-07-09-game1,2026-07-09T09:29:32.198000+00:00,-2.8000000000000043,0.11324999999999999,-2.6867500000000044
0,8888056358,dota2-poorra-xtreme-2026-07-09-game2,2026-07-09T10:34:44.979000+00:00,-35.8999,5.5034323875,-30.396467612500004
0,8888066684,dota2-bb4-re-2026-07-09-game2,2026-07-09T10:43:25.275000+00:00,-37.55879775999999,1.647517653408,-35.91128010659199
0,8888083694,dota2-gl-flc-2026-07-09-game2,2026-07-09T11:11:32.224000+00:00,49.311854180000125,3.6037364339834994,52.915590613983625
0,8888160657,dota2-l1ga-aur1-2026-07-09-game1,2026-07-09T12:09:38.901000+00:00,5.2530260799999695,1.435096515372,6.688122595371969
0,8888173515,dota2-playti-lvlup1-2026-07-09-game1,2026-07-09T12:20:27.216000+00:00,25.434000000000026,0.56795661,26.001956610000025
0,8888217771,dota2-ngx-liquid-2026-07-09-game1,2026-07-09T12:52:14.212000+00:00,7.8507000000000176,1.8107678624999999,9.661467862500018
0,8888260336,dota2-l1ga-aur1-2026-07-09-game2,2026-07-09T13:20:05.771000+00:00,-3.366700000000037,1.5533512875,-1.8133487125000372
0,8888279558,dota2-playti-lvlup1-2026-07-09-game2,2026-07-09T13:33:23.111000+00:00,2.597400000000107,1.3392843749999999,3.936684375000107
0,8888318197,dota2-ngx-liquid-2026-07-09-game2,2026-07-09T14:04:08.888000+00:00,31.356299999999976,6.8788706775,38.23517067749998
0,8888405761,dota2-mouz-nem-2026-07-09-game1,2026-07-09T14:48:45.816000+00:00,10.8108,0.7378370999999999,11.5486371
0,8888425887,dota2-rnx-pari-2026-07-09-game1,2026-07-09T15:02:02.148000+00:00,8.78879999999998,0.24464256000000006,9.033442559999981
0,8888489297,dota2-vg-ts8-2026-07-09-game1,2026-07-09T15:42:43.149000+00:00,-65.39159999999995,1.7442463349999997,-63.647353664999955
0,8888555097,dota2-mouz-nem-2026-07-09-game2,2026-07-09T16:24:34.308000+00:00,-48.94839999999992,3.8483211449999994,-45.10007885499992
0,8888554919,dota2-rnx-pari-2026-07-09-game2,2026-07-09T16:26:10.054000+00:00,0.0,0.0,0.0
0,8888592426,dota2-vg-ts8-2026-07-09-game2,2026-07-09T16:59:54.115000+00:00,-2.9468999999999994,0.9192117825000001,-2.0276882174999993
0,8888682602,dota2-og-ic-2026-07-09-game1,2026-07-09T17:53:01.981000+00:00,-92.87690951000002,3.56421585116325,-89.31269365883676
0,8888693655,dota2-vp-ty-2026-07-09-game1,2026-07-09T18:07:57.629000+00:00,0.0,0.0,0.0
0,8888731478,dota2-lgd-1win-2026-07-09-game1,2026-07-09T18:35:20.326000+00:00,14.107338399999975,1.10528763258,15.212626032579974
0,8888771711,dota2-og-ic-2026-07-09-game2,2026-07-09T19:04:50.495000+00:00,0.0,0.0,0.0
0,8888819433,dota2-lgd-1win-2026-07-09-game2,2026-07-09T19:41:02.532000+00:00,-2.5937300700000208,3.7671871509817496,1.1734570809817289
0,8889452921,dota2-re-gl-2026-07-10-game1,2026-07-10T09:17:34.068000+00:00,87.61789999999996,2.7835274775,90.40142747749996
0,8889468264,dota2-xtreme-bb4-2026-07-10-game1,2026-07-10T09:26:30.741000+00:00,-71.81097586000007,4.5286897595595,-67.28228610044057
0,8889513730,dota2-poorra-flc-2026-07-10-game2,2026-07-10T10:17:36.842000+00:00,3.75,0.21853124999999998,3.96853125
0,8889524021,dota2-xtreme-bb4-2026-07-10-game2,2026-07-10T10:37:39.793000+00:00,0.001971419999961199,1.6532985086145,1.6552699286144612
0,8889538949,dota2-re-gl-2026-07-10-game2,2026-07-10T10:40:57.402000+00:00,-20.444800000000043,6.176140395,-14.268659605000042
0,8889615310,dota2-l1ga-liquid-2026-07-10-game1,2026-07-10T11:48:20.990000+00:00,2.438999999999993,0.5281044750000001,2.967104474999993
0,8889621582,dota2-aur1-playti-2026-07-10-game1,2026-07-10T11:57:42.116000+00:00,-83.14465296000007,2.907554659044,-80.23709830095608
0,8889699098,dota2-l1ga-liquid-2026-07-10-game2,2026-07-10T12:46:15.831000+00:00,0.0,0.0,0.0
0,8889733840,dota2-aur1-playti-2026-07-10-game2,2026-07-10T13:14:22.837000+00:00,-68.8735,2.7568041525,-66.11669584750001
0,8889871314,dota2-nem-vg-2026-07-10-game1,2026-07-10T14:27:52.631000+00:00,13.158000000000015,0.66375531,13.821755310000015
0,8889914618,dota2-pari-mouz-2026-07-10-game1,2026-07-10T14:59:49.254000+00:00,4.385836479999995,0.426179151732,4.812015631731994
0,8889944251,dota2-rnx-ts8-2026-07-10-game1,2026-07-10T15:15:29.857000+00:00,15.482199999999978,0.47196436500000005,15.954164364999977
0,8890008812,dota2-nem-vg-2026-07-10-game2,2026-07-10T15:49:04.827000+00:00,32.321200000000005,0.8790252749999998,33.200225275
0,8890036748,dota2-pari-mouz-2026-07-10-game2,2026-07-10T16:15:07.698000+00:00,6.818099999999987,0.3195984375,7.137698437499987
0,8890074597,dota2-rnx-ts8-2026-07-10-game2,2026-07-10T16:28:42.555000+00:00,0.0,0.0,0.0
0,8890179830,dota2-lgd-ty-2026-07-10-game1,2026-07-10T17:38:53.401000+00:00,13.263300000000072,1.4168987775,14.680198777500072
0,8890270555,dota2-1win-og-2026-07-10-game2,2026-07-10T18:36:26.467000+00:00,0.0,0.0,0.0
0,8890268632,dota2-lgd-ty-2026-07-10-game2,2026-07-10T18:43:14.663000+00:00,-16.000064839999993,0.802809335547,-15.197255504452993
0,8890301402,dota2-ic-vp-2026-07-10-game2,2026-07-10T18:52:09.717000+00:00,0.0,0.0,0.0
0,8891108843,dota2-poorra-re-2026-07-11-game1,2026-07-11T09:15:44.932000+00:00,90.32889999999993,3.0862078875,93.41510788749993
0,8891108985,dota2-bb4-gl-2026-07-11-game1,2026-07-11T09:17:06.187000+00:00,0.0,0.0,0.0
0,8891145641,dota2-xtreme-flc-2026-07-11-game1,2026-07-11T09:30:07.111000+00:00,0.0,0.0,0.0
0,8891217710,dota2-poorra-re-2026-07-11-game2,2026-07-11T10:44:50.172000+00:00,-93.5302015,4.1536031799375,-89.3765983200625
0,8891240327,dota2-xtreme-flc-2026-07-11-game2,2026-07-11T11:01:14.698000+00:00,-0.3968005000000172,3.6141644376375,3.217363937637483
0,8891325877,dota2-l1ga-lvlup1-2026-07-11-game1,2026-07-11T12:09:46.181000+00:00,-30.275902000000038,1.3493705137499998,-28.92653148625004
0,8891349244,dota2-playti-ngx-2026-07-11-game1,2026-07-11T12:27:52.369000+00:00,20.9529,5.0633723325,26.0162723325
0,8891371442,dota2-aur1-liquid-2026-07-11-game1,2026-07-11T12:43:19.319000+00:00,-0.3199999999999932,0.7107135000000001,0.39071350000000693
0,8891438996,dota2-l1ga-lvlup1-2026-07-11-game2,2026-07-11T13:19:40.554000+00:00,0.009999999999996234,0.13677825,0.14677824999999622
0,8891497910,dota2-aur1-liquid-2026-07-11-game2,2026-07-11T13:53:37.287000+00:00,49.415100000000024,0.8406829874999999,50.25578298750003
0,8891519142,dota2-playti-ngx-2026-07-11-game2,2026-07-11T14:08:43.754000+00:00,-49.252399999999966,2.378694675,-46.87370532499997
0,8892829232,dota2-mouz-vg-2026-07-12-game1,2026-07-12T09:15:57.248000+00:00,-195.2437000000001,2.9641967325000005,-192.2795032675001
0,8892835652,dota2-rnx-nem-2026-07-12-game1,2026-07-12T09:19:01.546000+00:00,0.0,0.0,0.0
0,8892836635,dota2-pari-ts8-2026-07-12-game1,2026-07-12T09:26:06.808000+00:00,-27.32720159999981,8.0425496652,-19.28465193479981
0,8892923329,dota2-mouz-vg-2026-07-12-game2,2026-07-12T10:25:59.512000+00:00,-95.62090104,4.570373269068,-91.050527770932
0,8892914077,dota2-pari-ts8-2026-07-12-game2,2026-07-12T10:31:28.406000+00:00,-15.398600000000016,2.6965579049999997,-12.702042095000017
0,8892958964,dota2-rnx-nem-2026-07-12-game2,2026-07-12T10:53:08.655000+00:00,-80.92,0.9506295,-79.9693705
0,8893070561,dota2-1win-ty-2026-07-12-game1,2026-07-12T12:14:45.162000+00:00,14.921234349999963,4.11511001800125,19.036344368001213
0,8893106015,dota2-og-vp-2026-07-12-game1,2026-07-12T12:36:42.440000+00:00,9.480299009999964,1.0388682201982498,10.519167230198214
0,8893165071,dota2-1win-ty-2026-07-12-game2,2026-07-12T13:18:20.777000+00:00,-39.51340633999999,6.2235375044309995,-33.28986883556899
0,8893253595,dota2-og-vp-2026-07-12-game2,2026-07-12T13:56:28.498000+00:00,0.8889991800000061,0.355229622171,1.2442288021710062
0,8896139222,dota2-re-vp-2026-07-14-game1,2026-07-14T11:15:10.363000+00:00,10.110000000000014,2.5431832500000002,12.653183250000014
0,8896140998,dota2-liquid-xtreme-2026-07-14-game1,2026-07-14T11:24:31.795000+00:00,2.962398639999975,2.425739305818,5.3881379458179754
0,8896234088,dota2-re-vp-2026-07-14-game2,2026-07-14T12:30:48.003000+00:00,-47.93489999999997,2.4085676025,-45.52633239749997
0,8896267691,dota2-liquid-xtreme-2026-07-14-game2,2026-07-14T13:05:08.216000+00:00,-64.01563279999992,3.1214419400999995,-60.89419085989992
0,8896380183,dota2-re-vp-2026-07-14,2026-07-14T14:02:34.965000+00:00,-130.88700000000017,5.310491324999999,-125.57650867500017
0,8896486914,dota2-liquid-xtreme-2026-07-14,2026-07-14T15:13:00.049000+00:00,-9.455202040000003,1.610330766594,-7.844871273406003
0,8896645659,dota2-lgd-mouz-2026-07-14-game1,2026-07-14T16:55:49.823000+00:00,0.0,0.0,0.0
0,8896731473,dota2-lgd-mouz-2026-07-14-game2,2026-07-14T18:02:11.857000+00:00,-74.26819999999998,2.98842639,-71.27977360999998
0,8897585705,dota2-aur1-re-2026-07-15-game1,2026-07-15T11:19:40.513000+00:00,-172.71986849999996,1.1125667638125,-171.60730173618745
0,8897588873,dota2-ts8-liquid-2026-07-15-game1,2026-07-15T11:25:30.473000+00:00,34.00388067999995,4.86998901738,38.87386969737995
0,8897695379,dota2-aur1-re-2026-07-15-game2,2026-07-15T12:41:48.340000+00:00,4.929900000000032,0.8751776625000001,5.805077662500032
0,8897696869,dota2-ts8-liquid-2026-07-15-game2,2026-07-15T12:54:25.976000+00:00,9.33303625000002,6.451992770906251,15.785029020906272
0,8897831774,dota2-ts8-liquid-2026-07-15,2026-07-15T14:13:24.528000+00:00,-5.633259979999991,0.8868981703965,-4.746361809603491
0,8897841991,dota2-1win-vg-2026-07-15-game1,2026-07-15T14:22:22.284000+00:00,5.333400000000012,0.729209115,6.062609115000011
0,8897971312,dota2-1win-vg-2026-07-15-game2,2026-07-15T15:33:39.656000+00:00,21.879499040000013,0.653681136132,22.533180176132014
0,8898003442,dota2-bb4-lgd-2026-07-15-game1,2026-07-15T15:56:58.589000+00:00,-0.879999999999999,0.134211,-0.745788999999999
0,8898084910,dota2-1win-vg-2026-07-15,2026-07-15T16:49:08.935000+00:00,-31.72990163999998,4.859972177334,-26.86992946266598
0,8898117600,dota2-bb4-lgd-2026-07-15-game2,2026-07-15T17:15:52.403000+00:00,17.22837334999994,0.90582908191125,18.13420243191119
0,8899028080,dota2-ty-ts8-2026-07-17-game1,2026-07-16T11:25:22.617000+00:00,12.62700000000001,2.460973335,15.08797333500001
0,8899120700,dota2-ty-ts8-2026-07-17-game2,2026-07-16T12:44:26.752000+00:00,-17.388400479999973,5.255368512768,-12.133031967231972
0,8899307453,dota2-pari-re-2026-07-17-game1,2026-07-16T14:36:23.407000+00:00,12.657999999999987,0.5701796100000001,13.228179609999987
0,8899420575,dota2-pari-re-2026-07-17-game2,2026-07-16T15:46:28.167000+00:00,-22.78449999999998,1.2145168574999998,-21.56998314249998
0,8900508749,dota2-flc-vg-2026-07-16-game1,2026-07-17T11:21:46.405000+00:00,-97.88769999999994,1.8972957525,-95.99040424749994
0,8900623530,dota2-flc-vg-2026-07-16-game2,2026-07-17T12:54:30.551000+00:00,-61.97530444000017,6.890567870487,-55.084736569513176
0,8900771154,dota2-ngx-bb4-2026-07-16-game1,2026-07-17T14:28:08.196000+00:00,-6.39719999999997,1.62036975,-4.7768302499999695
0,8900882416,dota2-ngx-bb4-2026-07-16-game2,2026-07-17T15:33:10.588000+00:00,-31.177899999999966,1.5050876624999998,-29.672812337499966
0,8902107148,dota2-bb4-vg-2026-07-18-game1,2026-07-18T11:22:02.020000+00:00,2.0,0.0616125,2.0616125
0,8902173969,dota2-bb4-vg-2026-07-18-game2,2026-07-18T12:21:15.910000+00:00,-61.17419999999993,1.95249654,-59.22170345999993
0,8902338515,dota2-ty-pari-2026-07-18-game1,2026-07-18T14:06:38.308000+00:00,12.244800000000026,1.5290694,13.773869400000027
0,8902431810,dota2-ty-pari-2026-07-18-game2,2026-07-18T15:09:37.865000+00:00,47.536400000000015,6.2949996299999995,53.831399630000014
0,8902610619,dota2-ty-pari-2026-07-18,2026-07-18T16:48:06.686000+00:00,66.92464899999993,6.177692803049999,73.10234180304992
0,8903705555,dota2-vg-ty-2026-07-19-game1,2026-07-19T10:24:33.152000+00:00,88.06879999999995,0.724809,88.79360899999995
0,8903789784,dota2-vg-ty-2026-07-19-game2,2026-07-19T11:31:19.185000+00:00,18.81090000000006,1.4560460775,20.26694607750006
0,8904012666,dota2-bb4-pari-2026-07-19-game1,2026-07-19T13:57:51.853000+00:00,85.54979999999995,4.628496525,90.17829652499995
0,8904157676,dota2-bb4-pari-2026-07-19-game2,2026-07-19T15:17:11.337000+00:00,-20.006600000000024,2.2978268099999997,-17.708773190000024
0,8904322271,dota2-bb4-pari-2026-07-19-game3,2026-07-19T16:52:33.960000+00:00,15.906599999999969,4.53052821,20.43712820999997
0,8904419709,dota2-bb4-pari-2026-07-19-game4,2026-07-19T18:05:14.511000+00:00,-11.64270000000002,1.0872297375,-10.55547026250002
0,8905035315,dota2-stx-lynx-2026-07-20-game1,2026-07-20T07:25:19.610000+00:00,0.6600000000000037,0.2058705,0.8658705000000038
0,8905093611,dota2-stx-lynx-2026-07-20-game2,2026-07-20T08:36:36.644000+00:00,138.25364932,3.110117474973,141.363766794973
0,8905164476,dota2-stx-lynx-2026-07-20,2026-07-20T10:04:24.370000+00:00,281.3600367199999,5.5679755987799995,286.9280123187799
0,8905233934,dota2-lynx-pckcp-2026-07-20-game1,2026-07-20T11:15:17.947000+00:00,55.0403,1.8411135674999999,56.881413567500005
0,8905359313,dota2-lynx-pckcp-2026-07-20-game2,2026-07-20T12:49:30.119000+00:00,0.0,0.0,0.0
0,8905490238,dota2-z10-nemiga-2026-07-20-game1,2026-07-20T14:13:02.081000+00:00,-57.836173739999964,1.135114542891,-56.70105919710896
0,8905612460,dota2-z10-nemiga-2026-07-20-game2,2026-07-20T15:25:40.567000+00:00,2.3844999999999885,1.4777946675,3.8622946674999885
0,8905741721,dota2-spirit1-jenz-2026-07-20-game1,2026-07-20T16:55:30.580000+00:00,18.232999999999976,3.30856923,21.541569229999975
0,8905885788,dota2-spirit1-jenz-2026-07-20-game2,2026-07-20T18:35:45.253000+00:00,0.2400000000000002,0.0686025,0.3086025000000002
0,8905975768,dota2-lvlup1-ill-2026-07-20-game1,2026-07-20T19:45:16.612000+00:00,-90.85620000000006,2.996394735,-87.85980526500006
0,8906069414,dota2-lvlup1-ill-2026-07-20-game2,2026-07-20T20:59:36.536000+00:00,-3.486299999999895,3.8496013574999997,0.3633013575001045
0,8906479441,dota2-nemiga-dan-2026-07-21-game1,2026-07-21T07:24:02.590000+00:00,49.76150823000012,2.9560553425027494,52.71756357250287
0,8906547471,dota2-nemiga-dan-2026-07-21-game2,2026-07-21T08:48:51.736000+00:00,25.165199999999995,1.009992555,26.175192554999995
0,8906626852,dota2-pckcp-stx-2026-07-21-game1,2026-07-21T10:17:03.931000+00:00,30.65145541999999,1.3594541983844999,32.01090961838449
0,8906706819,dota2-pckcp-stx-2026-07-21-game2,2026-07-21T11:28:10.072000+00:00,2.6299999999999955,0.4704352499999999,3.1004352499999954
0,8906814740,dota2-pckcp-stx-2026-07-21,2026-07-21T12:50:32.182000+00:00,-14.463452680000035,2.835504086991,-11.627948593009036
0,8906911697,dota2-lynx-spirit1-2026-07-21-game1,2026-07-21T14:01:22.509000+00:00,-3.2549999999999786,1.132494375,-2.1225056249999783
0,8907021823,dota2-lynx-spirit1-2026-07-21-game2,2026-07-21T14:54:33.550000+00:00,-30.084800000000023,2.041009545,-28.04379045500002
0,8907114935,dota2-lynx-spirit1-2026-07-21,2026-07-21T15:55:17.448000+00:00,-13.806264519999928,2.129423346306,-11.676841173693928
0,8907236730,dota2-jenz-lynx-2026-07-21-game1,2026-07-21T17:22:36.365000+00:00,0.0,0.0,0.0
0,8907319204,dota2-jenz-lynx-2026-07-21-game2,2026-07-21T18:19:16.673000+00:00,-81.80065550000012,1.60660093074,-80.19405456926012
0,8907510684,dota2-z10-aion-2026-07-21-game2,2026-07-21T20:45:41.820000+00:00,0.0,0.0,0.0
0,8907942033,dota2-ill-dan-2026-07-22-game1,2026-07-22T07:18:07.776000+00:00,0.0,0.0,0.0
0,8907997366,dota2-ill-dan-2026-07-22-game2,2026-07-22T08:30:21.640000+00:00,0.0,0.0,0.0
0,8908178087,dota2-nemiga-aion-2026-07-22-game2,2026-07-22T11:35:02.272000+00:00,36.37561159999997,0.45970991756999996,36.83532151756997
0,8908313996,dota2-stx-spirit1-2026-07-22-game1,2026-07-22T13:26:43.307000+00:00,0.0,0.0,0.0
0,8908486051,dota2-stx-spirit1-2026-07-22-game2,2026-07-22T15:03:55.390000+00:00,40.46238593000007,1.74031695437025,42.20270288437032
0,8908612824,dota2-stx-spirit1-2026-07-22,2026-07-22T16:27:56.948000+00:00,34.488763050000024,4.516675849983749,39.00543889998377
0,8908710300,dota2-z10-lvlup1-2026-07-22-game1,2026-07-22T17:40:32.974000+00:00,-105.91010000000011,6.8505548475,-99.0595451525001
0,8908926344,dota2-z10-lvlup1-2026-07-22,2026-07-22T20:21:42.790000+00:00,49.773038079999935,2.807111166384,52.58014924638393
0,8909388284,dota2-dan-z10-2026-07-23-game1,2026-07-23T07:17:23.633000+00:00,1.3000000000000007,0.0084825,1.3084825000000007
0,8909443684,dota2-dan-z10-2026-07-23-game2,2026-07-23T08:24:14.078000+00:00,-10.65999999999999,0.2887425,-10.37125749999999
0,8909498494,dota2-dan-z10-2026-07-23,2026-07-23T09:35:42.112000+00:00,-1.8779999999999966,0.13052601,-1.7474739899999965
0,8909658828,dota2-spirit1-pckcp-2026-07-23-game2,2026-07-23T11:56:35.158000+00:00,-8.77680079999999,1.08557171676,-7.691229083239989
0,8909780227,dota2-spirit1-pckcp-2026-07-23,2026-07-23T13:29:29.880000+00:00,37.41199039999999,1.6014596967599999,39.013450096759996
0,8910104556,dota2-jenz-kw1-2026-07-23-game2,2026-07-23T16:47:57.620000+00:00,11.689700000000002,0.3793041975,12.069004197500002
0,8910216725,dota2-jenz-kw1-2026-07-23,2026-07-23T18:09:02.529000+00:00,0.14000000000000057,0.184905,0.32490500000000055
0,8910344715,dota2-lvlup1-aion-2026-07-23-game1,2026-07-23T19:45:58.831000+00:00,0.0,0.0,0.0
0,8910461593,dota2-lvlup1-aion-2026-07-23-game2,2026-07-23T21:18:59.726000+00:00,-4.4517999999999995,0.18788671499999998,-4.263913284999999
0,8910535715,dota2-lvlup1-aion-2026-07-23,2026-07-23T22:37:28.157000+00:00,49.37497987999997,2.3765348452004997,51.75151472520047
0,8910589445,dota2-nemiga-ill-2026-07-23-game1,2026-07-23T23:33:41.369000+00:00,22.40780000000001,2.6186327699999996,25.026432770000007
0,8910670427,dota2-nemiga-ill-2026-07-23,2026-07-24T01:26:47.762000+00:00,8.256768189999931,1.5612407369017498,9.818008926901681
0,8910982575,dota2-aion-dan-2026-07-24-game2,2026-07-24T08:39:31.809000+00:00,0.0,0.0,0.0
0,8911277378,dota2-kw1-stx-2026-07-24-game2,2026-07-24T13:08:23.857000+00:00,47.989938859999974,1.078165942461,49.06810480246097
0,8911784562,dota2-z10-ill-2026-07-24-game1,2026-07-24T18:00:21.302000+00:00,-25.01831999999997,2.0832487755,-22.93507122449997
0,8911916389,dota2-z10-ill-2026-07-24-game2,2026-07-24T19:32:36.981000+00:00,-23.73789749,2.54423046081675,-21.193667029183253
0,8912045230,dota2-nemiga-lvlup1-2026-07-24-game1,2026-07-24T21:05:49.488000+00:00,5.701876959999993,3.401335639188,9.103212599187993
0,8912123729,dota2-nemiga-lvlup1-2026-07-24-game2,2026-07-24T22:15:39.296000+00:00,0.0,0.0,0.0
0,8912551235,dota2-ill-aion-2026-07-25-game1,2026-07-25T07:19:52.253000+00:00,1.386099999999999,0.6146875425,2.000787542499999
0,8912622476,dota2-ill-aion-2026-07-25-game2,2026-07-25T08:27:06.996000+00:00,1.0000000000000018,0.026984999999999995,1.0269850000000018
0,8912758286,dota2-pckcp-jenz-2026-07-22-game1,2026-07-25T10:25:45.605000+00:00,-28.63820095999998,1.543077791832,-27.09512316816798
0,8912831712,dota2-pckcp-jenz-2026-07-22-game2,2026-07-25T11:23:26.682000+00:00,2.8000000000000007,0.14493,2.9449300000000007
0,8912974141,dota2-pckcp-jenz-2026-07-22,2026-07-25T13:02:19.241000+00:00,-67.53469999999996,5.9503579124999995,-61.58434208749996
0,8913307206,dota2-kw1-pckcp-2026-07-25-game1,2026-07-25T16:28:48.834000+00:00,0.0,0.0,0.0
0,8913598312,dota2-lynx-kw1-2026-07-25-game1,2026-07-25T19:28:05.257000+00:00,-51.91750064000007,4.469501390004,-47.44799924999607
0,8913726962,dota2-lynx-kw1-2026-07-25-game2,2026-07-25T20:57:15.562000+00:00,-121.93089999999998,6.8211044625,-115.10979553749998
0,8913824141,dota2-lynx-kw1-2026-07-25,2026-07-25T22:21:39.642000+00:00,11.426699350000014,6.13514184530625,17.561841195306265
0,8914414410,dota2-nemiga-ill-2026-07-26-game1,2026-07-26T09:26:59.644000+00:00,-54.94795664000003,1.047738305388,-53.90021833461203
0,8914520562,dota2-nemiga-ill-2026-07-26-game2,2026-07-26T10:41:21.923000+00:00,-30.401203119999934,3.7246609847039998,-26.676542135295936
0,8914637220,dota2-nemiga-ill-2026-07-26,2026-07-26T12:04:18.708000+00:00,53.165099999999995,2.4118127924999997,55.576912792499996
0,8914749408,dota2-rearis-pckcp-2026-07-26-game1,2026-07-26T13:19:34.036000+00:00,6.774472199999991,0.75340158345,7.527873783449991
0,8914885598,dota2-rearis-pckcp-2026-07-26-game2,2026-07-26T14:24:02.001000+00:00,49.64150000000001,0.30260808749999996,49.944108087500005
0,8915002841,dota2-kw1-rearis-2026-07-26-game1,2026-07-26T15:32:54.677000+00:00,-99.37714011000017,2.93014410764625,-96.44699600235391
0,8915137972,dota2-kw1-rearis-2026-07-26-game2,2026-07-26T16:47:26.165000+00:00,0.5000000000000009,0.013492499999999998,0.5134925000000009
0,8915271266,dota2-jenz-stx-2026-07-26-game1,2026-07-26T18:26:53.337000+00:00,59.748099999999994,2.0335703625,61.781670362499995
0,8915390117,dota2-jenz-stx-2026-07-26-game2,2026-07-26T19:37:39.362000+00:00,0.0,0.0,0.0
0,8915498965,dota2-jenz-stx-2026-07-26,2026-07-26T20:57:43.107000+00:00,8.346000000000037,0.7350511499999999,9.081051150000038
0,8916041863,dota2-lvlup1-pckcp-2026-07-27-game1,2026-07-27T09:21:33.291000+00:00,6.354099999999995,0.19839515249999998,6.552495152499995
0,8916102349,dota2-lvlup1-pckcp-2026-07-27-game2,2026-07-27T10:12:46.876000+00:00,-37.97852108000001,1.5433293005609998,-36.43519177943901
0,8916245727,dota2-stx-nemiga-2026-07-27-game1,2026-07-27T12:25:46.061000+00:00,15.598300000000037,2.7702001275,18.368500127500038
0,8916384577,dota2-stx-nemiga-2026-07-27-game2,2026-07-27T13:48:29.618000+00:00,44.93364615000006,3.31675189963125,48.25039804963131
0,8916474664,dota2-stx-nemiga-2026-07-27,2026-07-27T14:44:54.132000+00:00,-112.03923729000007,4.63443459380475,-107.40480269619532
0,8917611319,dota2-pr1-nemiga-2026-07-28-game2,2026-07-28T10:17:02.190000+00:00,0.0,0.48531420000000003,0.48531420000000003
0,8917675823,dota2-pr1-nemiga-2026-07-28,2026-07-28T11:19:25.327000+00:00,182.04140000000007,0.9711341099999999,183.01253411000008
0,8917738415,dota2-nh-pckcp-2026-07-28-game1,2026-07-28T12:16:10.015000+00:00,0.0,0.0,0.0
0,8917853656,dota2-nh-pckcp-2026-07-28-game2,2026-07-28T13:23:44.955000+00:00,51.205964599999945,2.2731736599,53.47913825989995
0,8918052500,dota2-pckcp-kw1-2026-07-28-game1,2026-07-28T15:24:46.769000+00:00,14.287143039999986,0.988563572172,15.275706612171986
0,8918176547,dota2-pckcp-kw1-2026-07-28-game2,2026-07-28T16:37:04.197000+00:00,0.0,0.0,0.0
0,8919264561,dota2-rearis-z10-2026-07-29-game1,2026-07-29T12:23:03.580000+00:00,24.13956503999995,2.0923151368319997,26.23188017683195
0,8919404744,dota2-rearis-z10-2026-07-29-game2,2026-07-29T13:48:28.368000+00:00,-16.495646709999995,2.22416160932775,-14.271485100672246
0,8919546613,dota2-amaru-nemiga-2026-07-29-game1,2026-07-29T15:15:30.082000+00:00,0.0,0.0,0.0
0,8919685210,dota2-amaru-nemiga-2026-07-29-game2,2026-07-29T16:34:50.427000+00:00,-162.51750061999994,3.6084241095704996,-158.90907651042943
0,8919803916,dota2-amaru-nemiga-2026-07-29,2026-07-29T18:02:17.532000+00:00,66.29854427000004,2.4217744157497503,68.72031868574979
0,8920655724,dota2-pckcp-z10-2026-07-30-game2,2026-07-30T10:32:16.617000+00:00,0.0,0.0,0.0
0,8920897425,dota2-lvlup1-z10-2026-07-30-game2,2026-07-30T13:37:44.606000+00:00,-14.705300000000022,2.5144575524999997,-12.190842447500023
0,8921002620,dota2-lvlup1-z10-2026-07-30,2026-07-30T14:47:46.063000+00:00,111.43729999999994,5.600587792499999,117.03788779249993
0,8921162227,dota2-amaru-pr1-2026-07-30-game1,2026-07-30T16:32:24.441000+00:00,28.25689999999999,1.1092584525,29.36615845249999
0,8921281044,dota2-amaru-pr1-2026-07-30-game2,2026-07-30T17:34:28.519000+00:00,0.0,0.0,0.0
0,8921949036,dota2-re-midas3-2026-07-31-game1,2026-07-31T06:23:42.906000+00:00,0.0,0.0,0.0
0,8922016200,dota2-re-midas3-2026-07-31-game2,2026-07-31T07:39:14.850000+00:00,39.926799999999986,1.0594247399999999,40.98622473999998
0,8922074642,dota2-vg-amaru-2026-07-31-game1,2026-07-31T08:46:41.467000+00:00,-49.2852,0.75352356,-48.531676440000005
0,8922137329,dota2-vg-amaru-2026-07-31-game2,2026-07-31T09:48:16.177000+00:00,0.3000000000000007,0.0291825,0.3291825000000007
0,8922133239,dota2-tr7-playti-2026-07-31-game1,2026-07-31T09:57:34.446000+00:00,-1.7001635800000088,4.535297431675501,2.835133851675492
0,8922186876,dota2-vg-amaru-2026-07-31,2026-07-31T10:40:33.810000+00:00,10.12639999999999,0.5829009,10.70930089999999
0,8922211678,dota2-tr7-playti-2026-07-31-game2,2026-07-31T11:00:53.806000+00:00,6.129799999999989,2.8139463,8.943746299999988
0,8922300474,dota2-enjoy-glyph-2026-07-31-game1,2026-07-31T12:14:29.331000+00:00,44.79744957999998,2.754970688823,47.55242026882298
0,8922339160,dota2-l1ga-rnx-2026-07-31-game1,2026-07-31T12:44:09.822000+00:00,-3.5097000000000094,0.9786065625,-2.5310934375000094
0,8922400300,dota2-enjoy-glyph-2026-07-31-game2,2026-07-31T13:24:39.311000+00:00,-0.2942,1.7257583550000002,1.4315583550000002
0,8922433138,dota2-l1ga-rnx-2026-07-31-game2,2026-07-31T13:42:06.325000+00:00,-54.750501739999976,2.0976647571495,-52.652836982850474
0,8922552315,dota2-l1ga-rnx-2026-07-31,2026-07-31T14:55:23.609000+00:00,56.19693399999997,1.202256717,57.39919071699997
0,8922602122,dota2-yb1-z10-2026-07-31-game1,2026-07-31T15:28:08.646000+00:00,-9.836100000000016,1.1840205375,-8.652079462500016
0,8922722577,dota2-yb1-z10-2026-07-31-game2,2026-07-31T16:35:25.057000+00:00,-3.474899999999991,2.5869542625,-0.8879457374999911
0,8922818221,dota2-xtreme-lgd-2026-07-31-game1,2026-07-31T17:51:24.199000+00:00,-22.226499999999998,3.4797222074999996,-18.746777792499998
0,8922940920,dota2-xtreme-lgd-2026-07-31-game2,2026-07-31T19:09:48.720000+00:00,-23.347800000000177,8.6112132,-14.736586800000177
0,8923040358,dota2-xtreme-lgd-2026-07-31,2026-07-31T20:28:40.570000+00:00,-21.246399999999994,3.91502355,-17.331376449999993
0,8923506996,dota2-midas3-tr7-2026-08-01-game1,2026-08-01T05:43:01.223000+00:00,2.311299999999992,0.3734427375,2.684742737499992
0,8923579943,dota2-midas3-tr7-2026-08-01-game2,2026-08-01T07:02:32.143000+00:00,-67.9240016,2.3715767347199996,-65.55242486528
0,8923643650,dota2-midas3-tr7-2026-08-01,2026-08-01T08:08:01.087000+00:00,-138.29600000000002,1.32343608,-136.97256392000003
0,8923704450,dota2-yes-vg-2026-08-01-game1,2026-08-01T09:01:56.739000+00:00,-13.794555739999964,2.8558064209545,-10.938749319045463
0,8923780137,dota2-re-playti-2026-08-01-game1,2026-08-01T10:09:39.721000+00:00,0.0,0.0,0.0
0,8923790600,dota2-yes-vg-2026-08-01-game2,2026-08-01T10:14:11.317000+00:00,26.412384179999947,0.631242999711,27.043627179710946
0,8923874259,dota2-re-playti-2026-08-01-game2,2026-08-01T11:26:12.956000+00:00,22.2596,0.33224067,22.59184067
0,8923899787,dota2-enjoy-yb1-2026-08-01-game1,2026-08-01T11:45:49.553000+00:00,-154.66169999999988,3.2567257575,-151.4049742424999
0,8924057168,dota2-l1ga-lgd-2026-08-01-game1,2026-08-01T13:34:16.709000+00:00,-11.42859999999996,1.9225762349999997,-9.506023764999961
0,8924222714,dota2-l1ga-lgd-2026-08-01-game2,2026-08-01T15:02:43.462000+00:00,0.0,0.0,0.0
0,8924328537,dota2-glyph-z10-2026-08-01-game1,2026-08-01T15:59:42.950000+00:00,-202.36109999999996,4.2121795875,-198.14892041249996
0,8924367779,dota2-l1ga-lgd-2026-08-01,2026-08-01T16:23:12.450000+00:00,-32.93440000000001,0.8860560000000001,-32.04834400000001
0,8924468754,dota2-glyph-z10-2026-08-01-game2,2026-08-01T17:25:49.795000+00:00,-39.59790111999996,2.833765092648,-36.76413602735196
0,8924530036,dota2-rnx-xtreme-2026-08-01-game1,2026-08-01T18:06:50.164000+00:00,-0.4038416899999966,0.31533224427975,-0.0885094457202466
0,8924616191,dota2-rnx-xtreme-2026-08-01-game2,2026-08-01T19:06:22.446000+00:00,-80.65190000000001,1.8226119374999998,-78.82928806250001
0,8925210898,dota2-playti-xctn-2026-08-02-game1,2026-08-02T05:28:20.542000+00:00,-21.179731039999936,1.8653605072094996,-19.314370532790438
0,8925308090,dota2-playti-xctn-2026-08-02-game2,2026-08-02T07:03:47.891000+00:00,3.214400000000026,0.5327868,3.7471868000000264
0,8925543582,dota2-yes-tr7-2026-08-02-game1,2026-08-02T10:44:16.945000+00:00,7.105427357601002e-15,0.36974415,0.3697441500000071
0,8925703946,dota2-yes-tr7-2026-08-02-game2,2026-08-02T11:58:57.158000+00:00,69.85375531999978,4.166410611486,74.02016593148578
0,8925847726,dota2-yes-tr7-2026-08-02,2026-08-02T13:17:43.701000+00:00,3.438098839999981,1.3471713348719998,4.785270174871981
0,8926022375,dota2-rnx-yb1-2026-08-02-game1,2026-08-02T15:09:53.856000+00:00,62.44818168000002,5.231744189544,67.67992586954402
0,8926232913,dota2-rnx-yb1-2026-08-02-game2,2026-08-02T16:42:19.665000+00:00,2.170899999999982,3.9273107924999997,6.098210792499982
0,8926381426,dota2-rnx-yb1-2026-08-02,2026-08-02T18:14:10.009000+00:00,1.07500000000001,0.527915625,1.6029156250000098
0,8926523280,dota2-z10-lgd-2026-08-02-game1,2026-08-02T19:59:32.068000+00:00,0.0,0.0,0.0
0,8926636219,dota2-z10-lgd-2026-08-02-game2,2026-08-02T21:07:31.416000+00:00,-16.667,0.556261125,-16.110738875000003
0,8927063876,dota2-glyph-playti-2026-08-03-game2,2026-08-03T06:55:36.873000+00:00,167.51999999999992,3.595628205,171.11562820499992
0,8927132943,dota2-glyph-playti-2026-08-03,2026-08-03T08:27:35.152000+00:00,67.0184000000001,1.436127585,68.4545275850001
0,8927207054,dota2-xtreme-tr7-2026-08-03-game1,2026-08-03T10:00:05.212000+00:00,20.091199999999958,2.5153343699999997,22.606534369999956
0,8927288399,dota2-xtreme-tr7-2026-08-03-game2,2026-08-03T11:00:48.642000+00:00,3.4100999999999715,2.4813579075,5.891457907499971
0,8927380776,dota2-xtreme-tr7-2026-08-03,2026-08-03T12:15:30.661000+00:00,-15.336904539999978,1.5632607265545,-13.773643813445478
0,8927539264,dota2-vg-yb1-2026-08-03-game1,2026-08-03T14:05:56.825000+00:00,118.25428701999999,1.519104496221,119.773391516221
0,8927660975,dota2-vg-yb1-2026-08-03-game2,2026-08-03T15:05:20.968000+00:00,-3.01140546000002,1.922707188486,-1.08869827151402
0,8927760296,dota2-vg-yb1-2026-08-03,2026-08-03T16:18:19.713000+00:00,49.766792589999795,4.95065930056275,54.71745189056254
0,8927926397,dota2-re-lgd-2026-08-03-game1,2026-08-03T18:09:03.381000+00:00,0.0,0.0,0.0
0,8928050264,dota2-re-lgd-2026-08-03-game2,2026-08-03T19:19:18.313000+00:00,17.409200000000013,0.24696555000000003,17.65616555000001
0,8928163118,dota2-re-lgd-2026-08-03,2026-08-03T20:43:38.722000+00:00,-54.162300000000045,2.9114262524999996,-51.250873747500044
0,8928851109,dota2-playti-tr7-2026-08-04-game1,2026-08-04T11:30:07.829000+00:00,-17.804682940000024,1.1412788894505,-16.663404050549524
0,8928953683,dota2-playti-tr7-2026-08-04-game2,2026-08-04T12:46:11.879000+00:00,4.042115039999999,1.268907326832,5.311022366831999
0,8929124210,dota2-yb1-re-2026-08-04-game1,2026-08-04T14:38:55.576000+00:00,12.085291520000027,1.114717987104,13.200009507104028
0,8929276426,dota2-yb1-re-2026-08-04-game2,2026-08-04T15:54:25.550000+00:00,34.86000943000005,2.2764908112277498,37.1365002412278
0,8929365099,dota2-yb1-re-2026-08-04,2026-08-04T16:51:08.308000+00:00,16.796814480000013,4.1344183236015,20.931232803601514
0,8930200713,dota2-tr7-re-2026-08-05-game1,2026-08-05T08:20:38.811000+00:00,-7.407400000000024,1.38333195,-6.024068050000023
0,8930258778,dota2-tr7-re-2026-08-05-game2,2026-08-05T09:25:42.941000+00:00,23.7410999999998,10.4524188675,34.193518867499805
0,8930398938,dota2-playti-yb1-2026-08-05-game1,2026-08-05T12:24:04.133000+00:00,-3.733300000000014,1.6043829525,-2.128917047500014
0,8930615242,dota2-playti-yb1-2026-08-05-game2,2026-08-05T14:02:56.166000+00:00,277.96360000000004,1.22998893,279.19358893000003
0,8930736914,dota2-playti-yb1-2026-08-05-game3,2026-08-05T15:09:49.519000+00:00,4.849999999999994,0.38776124999999995,5.237761249999994
0,8931781241,dota2-lvlup1-rearis-2026-08-06-game1,2026-08-06T09:28:03.156000+00:00,1.0,0.366525,1.366525
0,8931852727,dota2-lvlup1-rearis-2026-08-06-game2,2026-08-06T10:30:33.624000+00:00,-84.8897974000001,2.652910630917,-82.2368867690831
0,8931981851,dota2-rearis-nh-2026-08-06-game1,2026-08-06T12:26:15.226000+00:00,24.263000000000062,1.5392575949999998,25.80225759500006
0,8932085762,dota2-rearis-nh-2026-08-06-game2,2026-08-06T13:20:21.204000+00:00,0.0,0.0,0.0
0,8932181345,dota2-rearis-nh-2026-08-06,2026-08-06T14:22:22.478000+00:00,4.816190400000018,0.27059890416,5.086789304160018
0,8932318084,dota2-nh-lvlup1-2026-08-06-game1,2026-08-06T15:34:15.395000+00:00,-77.57149999999996,2.0811805875,-75.49031941249996
0,8932413808,dota2-nh-lvlup1-2026-08-06-game2,2026-08-06T16:23:29.211000+00:00,0.4560000000000013,0.080541,0.5365410000000013
0,8932523868,dota2-nh-lvlup1-2026-08-06,2026-08-06T17:36:18.454000+00:00,-10.272700000000015,1.6516047375,-8.621095262500015
0,8932657929,dota2-ill-pr1-2026-08-06-game1,2026-08-06T19:12:10.345000+00:00,4.447396059999988,0.9591871593854999,5.406583219385489
0,8932835800,dota2-ill-pr1-2026-08-06,2026-08-06T21:22:55.783000+00:00,-25.439270800000017,1.08340432986,-24.35586647014002
0,8933374169,dota2-nh-z10-2026-08-07-game1,2026-08-07T09:29:47.916000+00:00,0.0,0.0,0.0
0,8933453728,dota2-nh-z10-2026-08-07-game2,2026-08-07T10:40:19.376000+00:00,0.0,0.0,0.0
0,8933575351,dota2-ill-stx-2026-08-07-game1,2026-08-07T12:33:02.695000+00:00,0.0,0.0,0.0
0,8933704579,dota2-ill-stx-2026-08-07-game2,2026-08-07T13:44:43.178000+00:00,0.9201999999999941,0.31137447,1.2315744699999942
0,8933879286,dota2-pr1-jenz-2026-08-07-game1,2026-08-07T15:25:51.002000+00:00,-116.90280000000001,1.7209766400000002,-115.18182336000001
0,8933988979,dota2-pr1-jenz-2026-08-07-game2,2026-08-07T16:29:38.697000+00:00,-8.505613870000019,1.21094190921375,-7.294671960786269
0,8934184387,dota2-jenz-nemiga-2026-08-07-game1,2026-08-07T18:35:03.983000+00:00,0.0,0.0,0.0
0,8934279386,dota2-jenz-nemiga-2026-08-07-game2,2026-08-07T19:33:30.612000+00:00,0.0,0.7019913599999998,0.7019913599999998
0,8936825643,dota2-pr1-yes-2026-08-09-game1,2026-08-09T09:22:32.992000+00:00,-9.32413314000003,2.478203181261,-6.845929958739029
0,8937080738,dota2-pr1-yes-2026-08-09,2026-08-09T12:20:23.208000+00:00,26.032621250000034,1.76199523265625,27.794616482656284
0,8937188618,dota2-lvlup1-mouz-2026-08-09-game1,2026-08-09T13:17:49.636000+00:00,-83.4255,4.9112408025,-78.5142591975
0,8937335830,dota2-lvlup1-mouz-2026-08-09-game2,2026-08-09T14:27:35.299000+00:00,-18.309099999999987,1.8111087824999998,-16.497991217499987
0,8937484593,dota2-ill-re-2026-08-09-game1,2026-08-09T15:55:00.679000+00:00,0.0,0.0,0.0
0,8937631882,dota2-ill-re-2026-08-09-game2,2026-08-09T17:12:21.447000+00:00,1.875,0.064078125,1.939078125
0,8937722788,dota2-z10-navi-2026-08-09-game1,2026-08-09T18:17:16.930000+00:00,-107.12160000000004,5.387559135,-101.73404086500004
0,8938509987,dota2-pr1-mouz-2026-08-10-game1,2026-08-10T09:24:47.767000+00:00,28.89204747000001,2.26065450309075,31.152701973090757
0,8938565057,dota2-pr1-mouz-2026-08-10-game2,2026-08-10T10:12:07.159000+00:00,-31.82261606000003,2.9513694526605,-28.87124660733953
0,8938634026,dota2-pr1-mouz-2026-08-10,2026-08-10T11:15:54.851000+00:00,-30.28769226999991,3.26847470439225,-27.019217565607658
0,8938716198,dota2-ill-z10-2026-08-10-game1,2026-08-10T12:25:50.383000+00:00,-0.612858000000001,0.07617213314999999,-0.536685866850001
0,8939023869,dota2-yes-lvlup1-2026-08-10-game1,2026-08-10T15:24:37.289000+00:00,63.230587360000044,1.015126988256,64.24571434825604
0,8940059913,dota2-lvlup1-navi-2026-08-11-game1,2026-08-11T09:16:02.605000+00:00,26.31744659999997,0.60981469494,26.927261294939967
0,8940117837,dota2-lvlup1-navi-2026-08-11-game2,2026-08-11T10:12:11.551000+00:00,148.71467965000016,9.17727811381875,157.8919577638189
0,8940266495,dota2-mouz-re-2026-08-11-game1,2026-08-11T12:16:13.042000+00:00,27.229962,3.0200389105500003,30.25000091055
0,8940365227,dota2-mouz-re-2026-08-11-game2,2026-08-11T13:12:04.281000+00:00,4.782055700000001,2.484246430455,7.266302130455001
0,8940487898,dota2-mouz-re-2026-08-11,2026-08-11T14:25:06.999000+00:00,-14.648547540000152,6.875449971687,-7.773097568313152
0,8940643574,dota2-yes-z10-2026-08-11-game1,2026-08-11T15:45:57.067000+00:00,57.93902320000004,3.5358140067,61.47483720670004
0,8940756672,dota2-yes-z10-2026-08-11-game2,2026-08-11T16:48:25.758000+00:00,-12.038705740000012,3.263691413052,-8.775014326948012
0,8941656460,dota2-lvlup1-re-2026-08-12-game1,2026-08-12T09:19:34.658000+00:00,-3.2380475999999874,1.5944064782999998,-1.6436411216999876
0,8941733752,dota2-lvlup1-re-2026-08-12-game2,2026-08-12T10:35:42.245000+00:00,14.657970199999994,4.0064941056,18.664464305599992
0,8941817475,dota2-lvlup1-re-2026-08-12,2026-08-12T11:50:26.039000+00:00,19.8312,1.4775273899999999,21.308727389999998
0,8942003788,dota2-navi-lvlup1-2026-08-12-game1,2026-08-12T13:42:36.457000+00:00,13.089600000000104,1.35562086,14.445220860000104
0,8942152024,dota2-navi-lvlup1-2026-08-12-game2,2026-08-12T14:50:30.897000+00:00,1.3999999999999986,0.14805000000000001,1.5480499999999986
0,8942262723,dota2-navi-lvlup1-2026-08-12-game3,2026-08-12T15:53:47.795000+00:00,31.32480000000001,0.3243924000000001,31.64919240000001
0,8962372120,dota2-ic-nemiga-2026-08-24-game1,2026-08-24T07:17:08.649000+00:00,0.0,0.0,0.0
0,8962458373,dota2-ic-nemiga-2026-08-24-game2,2026-08-24T08:26:45.454000+00:00,4.561365060000071,4.6401061468365,9.20147120683657
0,8962592819,dota2-ks-lynx-2026-08-24-game1,2026-08-24T10:19:27.562000+00:00,-16.246503259999997,0.8587482490709999,-15.387755010928997
0,8962736746,dota2-ks-lynx-2026-08-24-game2,2026-08-24T11:33:18.452000+00:00,229.23088355999988,5.813740982183999,235.04462454218387
0,8962964580,dota2-sb5-stx-2026-08-24-game1,2026-08-24T13:25:23.881000+00:00,0.0,0.0,0.0
0,8963508714,dota2-rearis-lynx-2026-08-24-game2,2026-08-24T17:37:20.349000+00:00,10.987799200000097,2.63009314272,13.617892342720097
0,8963649188,dota2-dynast1-fts-2026-08-24-game1,2026-08-24T19:15:00.848000+00:00,14.712800000000009,0.23358959999999998,14.946389600000009
0,8963790789,dota2-dynast1-fts-2026-08-24-game2,2026-08-24T20:20:45.642000+00:00,3.6274880399999105,2.433524450607,6.0610124906069105
0,8964399842,dota2-pckcp-nemiga-2026-08-25-game1,2026-08-25T07:22:10.248000+00:00,-1.86473032,0.28917874967400004,-1.5755515703260001
0,8964480771,dota2-pckcp-nemiga-2026-08-25-game2,2026-08-25T08:31:41.723000+00:00,-4.338851609999978,3.21439692704325,-1.1244546829567277
0,8964574076,dota2-pckcp-nemiga-2026-08-25,2026-08-25T09:52:05.670000+00:00,-25.710700000000006,1.6278032924999999,-24.082896707500005
0,8964657335,dota2-fts-pckcp-2026-08-25-game1,2026-08-25T10:52:11.864000+00:00,-3.765498959999995,0.558458057742,-3.207040902257995
0,8964837315,dota2-fts-pckcp-2026-08-25-game2,2026-08-25T12:34:06.314000+00:00,-6.2891354099999575,2.2895120247517498,-3.9996233852482077
0,8964962329,dota2-ic-fts-2026-08-25-game1,2026-08-25T13:50:36.471000+00:00,93.25160213000021,4.25700894157725,97.50861107157746
0,8965097316,dota2-ic-fts-2026-08-25-game2,2026-08-25T14:41:01.046000+00:00,-7.891324960000134,2.194223002248,-5.697101957752134
0,8964938940,dota2-rearis-spirit1-2026-08-25-game1,2026-08-25T16:23:39.394000+00:00,0.5275862400000015,0.159971133228,0.6875573732280016
0,8965544741,dota2-rearis-spirit1-2026-08-25,2026-08-25T18:44:21.316000+00:00,-62.31535886000012,4.427464099101,-57.887894760899115
0,8969842778,dota2-pckcp-ic-2026-08-28-game2,2026-08-28T08:21:21.985000+00:00,81.87056694999983,4.03474707003675,85.90531402003657
0,8969978865,dota2-rearis-sb5-2026-08-28-game1,2026-08-28T10:27:01.322000+00:00,0.7270000000000039,0.24885675,0.9758567500000038
0,8970089224,dota2-rearis-sb5-2026-08-28-game2,2026-08-28T11:41:09.553000+00:00,0.0,0.0,0.0
0,8970207176,dota2-rearis-sb5-2026-08-28,2026-08-28T12:56:49.576000+00:00,20.167211249999994,1.22283419893875,21.390045448938743
0,8970338180,dota2-synaps-nemiga-2026-08-28-game1,2026-08-28T14:09:13.367000+00:00,30.616894830000184,3.8976474722242496,34.514542302224434
0,8970352005,dota2-dynast1-ic-2026-08-28-game1,2026-08-28T14:10:35.964000+00:00,0.29515769999999986,0.053809426755,0.34896712675499986
0,8970470057,dota2-synaps-nemiga-2026-08-28-game2,2026-08-28T15:09:53.245000+00:00,388.9309848500001,2.07953687294625,391.01052172294635
0,8970485789,dota2-dynast1-ic-2026-08-28-game2,2026-08-28T15:14:26.848000+00:00,-69.13968530000001,2.6229254120925,-66.51675988790751
0,8970575970,dota2-synaps-nemiga-2026-08-28,2026-08-28T16:02:11.965000+00:00,3.7075899499999956,0.92601518608125,4.633605136081245
0,8970655100,dota2-dynast1-ic-2026-08-28,2026-08-28T16:43:34.585000+00:00,-5.103604660000059,2.0879051741655,-3.015699485834559
0,8970886632,dota2-dynast1-pckcp-2026-08-28-game2,2026-08-28T18:51:22.084000+00:00,0.0,0.0,0.0
0,8971007454,dota2-ks-rearis-2026-08-28-game1,2026-08-28T20:11:41.712000+00:00,-11.907633199999985,0.9882789628199998,-10.919354237179986
0,8971016820,dota2-fts-nemiga-2026-08-28-game1,2026-08-28T20:17:43.711000+00:00,0.0,0.0,0.0
0,8971111987,dota2-ks-rearis-2026-08-28-game2,2026-08-28T21:24:47.695000+00:00,-0.9670161999999953,0.322214458275,-0.6448017417249954
0,8971423978,dota2-db2-satan-2026-08-28-game2,2026-08-29T03:20:55.120000+00:00,2.3999999999999986,0.05665499999999998,2.4566549999999987
0,8971501630,dota2-nexus-cres-2026-08-28,2026-08-29T04:51:09.441000+00:00,-180.30400048,4.485290757695999,-175.81870972230402
0,8971519375,dota2-nem-6seven-2026-08-29-game1,2026-08-29T05:14:15.579000+00:00,135.75080386000002,2.8131112497914996,138.5639151097915
0,8971586781,dota2-nem-6seven-2026-08-29-game2,2026-08-29T06:13:46.689000+00:00,-12.08340000000004,1.1907681749999999,-10.89263182500004
0,8971664649,dota2-nem-6seven-2026-08-29,2026-08-29T07:24:10.704000+00:00,29.36070441999999,3.1929799436415,32.55368436364149
0,8971753986,dota2-icecre-kineti-2026-08-29-game1,2026-08-29T08:38:12.829000+00:00,0.0,0.0,0.0
0,8971849697,dota2-icecre-kineti-2026-08-29-game2,2026-08-29T09:43:14.699000+00:00,0.0,0.0,0.0
0,8971891627,dota2-dynast1-nemiga-2026-08-29-game1,2026-08-29T10:17:49.464000+00:00,23.435900000000053,0.8567246024999999,24.292624602500055
0,8971964803,dota2-mouz-yes-2026-08-29-game1,2026-08-29T11:13:49.271000+00:00,-60.97478531999997,3.9370641857369995,-57.037721134262966
0,8971988345,dota2-sb5-lynx-2026-08-29-game1,2026-08-29T11:21:30.742000+00:00,-0.9649842799999977,0.260202675456,-0.7047816045439976
0,8972103119,dota2-sb5-lynx-2026-08-29-game2,2026-08-29T12:31:54.536000+00:00,-18.620000000000022,1.1106007500000001,-17.509399250000023
0,8972115962,dota2-mouz-yes-2026-08-29-game2,2026-08-29T12:36:59.931000+00:00,-60.748078849999914,7.481143480226249,-53.26693536977366
0,8972289868,dota2-huliga-lynx-2026-08-29-game1,2026-08-29T14:15:10.550000+00:00,-28.96279526999995,4.35981664161075,-24.602978628389202
0,8972502454,dota2-huliga-lynx-2026-08-29-game2,2026-08-29T15:52:19.963000+00:00,-112.65036233999989,5.6208833562614995,-107.02947898373839
0,8972611918,dota2-huliga-lynx-2026-08-29,2026-08-29T16:49:36.587000+00:00,-6.4504999999998915,4.9925510775,-1.4579489224998916
0,8972773416,dota2-pi-lvlup1-2026-08-29-game1,2026-08-29T18:17:23.637000+00:00,-57.9835961,1.4693526524445,-56.5142434475555
0,8972893200,dota2-pi-lvlup1-2026-08-29-game2,2026-08-29T19:20:53.860000+00:00,-43.63140000000001,3.1437683849999996,-40.48763161500001
0,8973011673,dota2-pi-lvlup1-2026-08-29,2026-08-29T20:33:12.059000+00:00,-1.1512999999999938,0.2254368375,-0.9258631624999938
0,8973010298,dota2-ks-spirit1-2026-08-29-game1,2026-08-29T20:38:42.759000+00:00,-44.55000000000001,0.41098724999999997,-44.13901275000001
0,8973337131,dota2-icecre-xctn-2026-08-30-game1,2026-08-30T02:14:49.254000+00:00,0.0,0.0,0.0
0,8973405568,dota2-icecre-xctn-2026-08-30-game2,2026-08-30T03:19:55.483000+00:00,8.79835082999999,1.0035338056312502,9.80188463563124
0,8973462028,dota2-icecre-xctn-2026-08-30,2026-08-30T04:30:11.988000+00:00,-15.395839360000025,4.427027013996,-10.968812346004025
0,8973502629,dota2-clo-yb1-2026-08-30-game1,2026-08-30T05:13:07.837000+00:00,0.0,0.0,0.0
0,8973568453,dota2-clo-yb1-2026-08-30-game2,2026-08-30T06:12:50.377000+00:00,0.7558852899999984,0.047816843582249996,0.8037021335822484
0,8973613420,dota2-clo-yb1-2026-08-30,2026-08-30T07:04:46.677000+00:00,10.345323299999997,0.2812343610375,10.626557661037497
0,8973707438,dota2-lynx-lvlup1-2026-08-30-game1,2026-08-30T08:16:36.050000+00:00,-5.684200000000061,2.6658845849999997,-3.0183154150000613
0,8973859403,dota2-lynx-lvlup1-2026-08-30-game2,2026-08-30T09:56:31.353000+00:00,6.36179999999986,2.663979045,9.02577904499986
0,8973884000,dota2-nem-xctn-2026-08-30-game2,2026-08-30T10:12:32.710000+00:00,-4.578857280000108,2.2375357521735,-2.3413215278266075
0,8973944033,dota2-lynx-lvlup1-2026-08-30,2026-08-30T10:50:43.696000+00:00,-31.46119999999986,8.6074029,-22.85379709999986
0,8974185539,dota2-navi-mouz-2026-08-30-game2,2026-08-30T13:08:29.090000+00:00,-34.41179212,2.8519505235839997,-31.559841596416
0,8974647733,dota2-lvlup1-pr1-2026-08-30-game1,2026-08-30T17:09:16.077000+00:00,-78.16417851999995,4.7838816739815,-73.38029684601845
0,8974898633,dota2-lvlup1-pr1-2026-08-30,2026-08-30T19:25:58.777000+00:00,-23.399622750000006,1.78254505839375,-21.617077691606255
0,8975110449,dota2-dynast1-ks-2026-08-30-game2,2026-08-30T21:54:27.706000+00:00,43.91959068,2.2076989138229997,46.127289593823
0,8975871235,dota2-synaps-lynx-2026-08-31-game1,2026-08-31T12:26:44.788000+00:00,-65.56432574999985,5.23515131151675,-60.3291744384831
0,8976012755,dota2-synaps-lynx-2026-08-31-game2,2026-08-31T13:41:35.303000+00:00,-1.05660000000006,2.51879448,1.46219447999994
0,8976166971,dota2-synaps-lynx-2026-08-31,2026-08-31T15:09:07.826000+00:00,36.587857610000036,4.26218476892925,40.85004237892929
0,8976300473,dota2-4iki-ic-2026-08-31-game1,2026-08-31T16:25:39.940000+00:00,9.12024667999999,1.2299457159359999,10.35019239593599
0,8976441468,dota2-4iki-ic-2026-08-31-game2,2026-08-31T17:43:06.122000+00:00,64.38186404000001,0.922178149836,65.30404218983601
0,8976511215,dota2-4iki-ic-2026-08-31,2026-08-31T18:29:54.020000+00:00,253.78314963999995,3.8502116820149994,257.63336132201493
0,8976665322,dota2-spirit1-pi-2026-08-31-game1,2026-08-31T20:26:57.494000+00:00,47.271799999999985,2.0678151750000002,49.339615174999985
0,8976751962,dota2-spirit1-pi-2026-08-31-game2,2026-08-31T21:40:17.685000+00:00,0.0,0.0,0.0
0,8977325814,dota2-ks-pckcp-2026-09-01-game2,2026-09-01T10:26:27.059000+00:00,2.6859298199999557,1.1248093954394998,3.8107392154394555
0,8977476867,dota2-ic-lynx-2026-09-01-game1,2026-09-01T12:26:04.131000+00:00,-6.396179040000021,1.648306244544,-4.747872795456021
0,8977623650,dota2-ic-lynx-2026-09-01-game2,2026-09-01T13:53:28.128000+00:00,-84.00006560999992,5.08387751953275,-78.91618809046717
0,8977913355,dota2-synaps-lvlup1-2026-09-01-game2,2026-09-01T16:37:59.217000+00:00,14.480000000000018,0.6471839999999999,15.127184000000018
0,8978023576,dota2-synaps-lvlup1-2026-09-01,2026-09-01T17:45:54.185000+00:00,-3.746993349999997,0.19324858323375,-3.553744766766247
0,8978832148,dota2-pr1-ic-2026-09-02-game1,2026-09-02T09:52:32.767000+00:00,138.70808011999992,2.953110874923,141.66119099492292
0,8978916284,dota2-pr1-ic-2026-09-02-game2,2026-09-02T11:19:11.539000+00:00,2.459000000000003,0.751531875,3.210531875000003
0,8978986214,dota2-pr1-ic-2026-09-02,2026-09-02T12:20:55.440000+00:00,-0.6448,0.05336526,-0.5914347400000001
0,8979131280,dota2-dynast1-pckcp-2026-09-02-game1,2026-09-02T13:56:13.878000+00:00,0.0,0.0,0.0
0,8979241530,dota2-dynast1-pckcp-2026-09-02-game2,2026-09-02T14:56:18.245000+00:00,43.392513139999956,1.8001722281564998,45.192685368156454
0,8979344496,dota2-synaps-4iki-2026-09-02-game1,2026-09-02T15:59:27.587000+00:00,20.3761271799998,5.848840760079,26.2249679400788
0,8980293569,dota2-z10-ks-2026-09-03-game1,2026-09-03T09:18:42.909000+00:00,-5.956529740000022,0.9904277084370001,-4.966102031563022
0,8980358113,dota2-z10-ks-2026-09-03-game2,2026-09-03T10:27:20.250000+00:00,10.182115349999997,1.17117633304125,11.353291683041247
0,8980463789,dota2-pckcp-spirit1-2026-09-03-game1,2026-09-03T12:14:02.762000+00:00,9.261852399999981,0.63778892274,9.899641322739981
0,8980769413,dota2-pi-dynast1-2026-09-03-game1,2026-09-03T15:17:23.998000+00:00,51.358871640000004,0.9352115247869998,52.294083164787004
1,8837869969,dota2-aur1-ty-2026-06-04-game1,2026-06-04T09:17:47.612000+00:00,65.29590000000013,4.4524605975,69.74836059750012
1,8837957019,dota2-aur1-ty-2026-06-04-game2,2026-06-04T11:05:49.570000+00:00,-146.62460000000004,10.755533475,-135.86906652500005
1,8838056564,dota2-flc-liquid-2026-06-04-game1,2026-06-04T12:43:48.535000+00:00,-3.246000000000002,1.79229081,-1.4537091900000023
1,8838170936,dota2-flc-liquid-2026-06-04-game2,2026-06-04T14:05:12.636000+00:00,-22.023100879999966,7.528149004596,-14.494951875403967
1,8838396820,dota2-lgd-ty-2026-06-04-game2,2026-06-04T16:48:28.531000+00:00,-10.990700000000004,4.136932552499999,-6.8537674475000046
1,8838480778,dota2-lgd-ty-2026-06-04,2026-06-04T17:57:47.377000+00:00,2.407900000000007,2.1120509475,4.519950947500007
1,8839123109,dota2-flc-bb4-2026-06-05-game1,2026-06-05T09:16:39.267000+00:00,4.8016999999999825,1.0502035875,5.851903587499983
1,8839193447,dota2-flc-bb4-2026-06-05-game2,2026-06-05T10:38:10.594000+00:00,-0.967220889999993,3.09806524810575,2.130844358105757
1,8839366504,dota2-lgd-liquid-2026-06-05-game2,2026-06-05T13:21:18.066000+00:00,-55.3200008,4.4104545876,-50.9095462124
1,8839494962,dota2-flc-aur1-2026-06-05-game1,2026-06-05T14:52:18.684000+00:00,13.391793289999981,4.00400029339275,17.39579358339273
1,8839625815,dota2-flc-aur1-2026-06-05-game2,2026-06-05T16:13:53.150000+00:00,16.812600000000003,0.7842264749999999,17.596826475000004
1,8839717574,dota2-flc-aur1-2026-06-05,2026-06-05T17:21:15.591000+00:00,-5.686766600000041,3.045737579166,-2.6410290208340412
1,8840635639,dota2-ty-bb4-2026-06-06-game1,2026-06-06T10:47:49.658000+00:00,10.319799999999987,1.4899749,11.809774899999987
1,8840704374,dota2-ty-bb4-2026-06-06-game2,2026-06-06T11:51:44.485000+00:00,-11.089522340000002,5.1646111444935,-5.924911195506502
1,8840821227,dota2-ty-bb4-2026-06-06,2026-06-06T13:12:37.368000+00:00,82.25023784000007,5.925697804872,88.17593564487207
1,8840984097,dota2-aur1-lgd-2026-06-06-game1,2026-06-06T15:05:33.978000+00:00,-8.372499999999889,3.3512678925,-5.0212321074998885
1,8841114801,dota2-aur1-lgd-2026-06-06-game2,2026-06-06T16:30:29.855000+00:00,122.24840000000017,4.745332245,126.99373224500017
1,8842052142,dota2-bb4-lgd-2026-06-07-game1,2026-06-07T09:18:04.694000+00:00,-62.149800740000046,4.1968262077245,-57.95297453227555
1,8842134886,dota2-bb4-lgd-2026-06-07-game2,2026-06-07T10:28:41.168000+00:00,13.298760230000054,4.83498975501675,18.133749985016806
1,8842245726,dota2-bb4-lgd-2026-06-07,2026-06-07T11:59:53.564000+00:00,8.302899130000021,3.18087843417225,11.483777564172271
1,8842468101,dota2-ty-lgd-2026-06-07-game1,2026-06-07T14:21:40.854000+00:00,-77.34926018999998,1.89847519308225,-75.45078499691773
1,8842596730,dota2-ty-lgd-2026-06-07-game2,2026-06-07T15:49:20.066000+00:00,-14.038299999999992,1.7527301925,-12.285569807499993
1,8842722527,dota2-ty-lgd-2026-06-07-game3,2026-06-07T17:12:22.566000+00:00,48.07909915000002,2.56610856552375,50.64520771552377
1,8842845018,dota2-ty-lgd-2026-06-07-game4,2026-06-07T18:51:58.999000+00:00,0.2414000000000005,0.019100775,0.2605007750000005
1,8843465364,dota2-4iki-nande4-2026-06-08-game1,2026-06-08T09:15:08.776000+00:00,-0.5519999999999992,0.09484440000000001,-0.45715559999999916
1,8843512570,dota2-4iki-nande4-2026-06-08-game2,2026-06-08T10:09:45.609000+00:00,8.780999999999949,2.764766745,11.545766744999948
1,8843560379,dota2-4iki-nande4-2026-06-08,2026-06-08T11:10:54.138000+00:00,-3.1282999999999674,2.5534664774999998,-0.5748335224999677
1,8843760302,dota2-vpp-balu-2026-06-08-game2,2026-06-08T13:42:26.324000+00:00,8.95999999999998,0.274848,9.23484799999998
1,8844054970,dota2-z10-sb5-2026-06-08-game2,2026-06-08T17:08:41.204000+00:00,20.35140000000001,0.6544362149999999,21.00583621500001
1,8844132483,dota2-vpp-z10-2026-06-08-game1,2026-06-08T18:23:01.210000+00:00,0.0,0.0,0.0
1,8844244719,dota2-vpp-z10-2026-06-08-game2,2026-06-08T19:45:42.908000+00:00,16.35599999999998,0.4120665,16.768066499999982
1,8844308689,dota2-vpp-z10-2026-06-08,2026-06-08T20:50:38.757000+00:00,54.86279999999999,1.0599905699999999,55.92279056999999
1,8850534819,dota2-ill-pr1-2026-06-13-game2,2026-06-13T17:10:42.502000+00:00,-11.583499999999972,1.5920632424999999,-9.991436757499972
1,8850593633,dota2-ill-pr1-2026-06-13,2026-06-13T18:00:57.551000+00:00,0.0,0.0,0.0
1,8851984783,dota2-4iki-pr1-2026-06-14-game2,2026-06-14T16:46:25.798000+00:00,-5.749799999999997,1.69390146,-4.055898539999997
1,8852055373,dota2-4iki-pr1-2026-06-14,2026-06-14T17:46:02.690000+00:00,13.904800000000023,1.5916111049999997,15.496411105000023
1,8854443395,dota2-fla-spirit1-2026-06-16-game1,2026-06-16T16:31:44.570000+00:00,-5.850000000000001,0.21160125000000002,-5.638398750000001
1,8885183102,dota2-flc-bb4-2026-07-07-game1,2026-07-07T09:47:24.433000+00:00,-19.69580000000003,0.8091839249999999,-18.88661607500003
1,8885195986,dota2-re-xtreme-2026-07-07-game1,2026-07-07T09:55:03.037000+00:00,16.677999999999997,0.6451688099999998,17.32316881
1,8885252329,dota2-flc-bb4-2026-07-07-game2,2026-07-07T11:01:59.599000+00:00,-12.015400000000035,4.05610851,-7.9592914900000356
1,8885275216,dota2-re-xtreme-2026-07-07-game2,2026-07-07T11:16:11.813000+00:00,-10.140432999999973,0.8986567706249999,-9.241776229374974
1,8885365825,dota2-l1ga-ngx-2026-07-07-game1,2026-07-07T12:34:49.112000+00:00,0.0,0.0,0.0
1,8885380529,dota2-liquid-playti-2026-07-07-game1,2026-07-07T12:43:07.045000+00:00,-4.645299999999977,2.0090600624999997,-2.636239937499977
1,8885411801,dota2-lvlup1-aur1-2026-07-07-game1,2026-07-07T13:06:28.530000+00:00,-25.718099999999993,0.9964177424999999,-24.721682257499992
1,8885470551,dota2-l1ga-ngx-2026-07-07-game2,2026-07-07T13:39:34.570000+00:00,1.1546000000000163,3.76503723,4.919637230000016
1,8885473599,dota2-liquid-playti-2026-07-07-game2,2026-07-07T13:52:27.923000+00:00,49.472144680000014,1.9017865873439999,51.37393126734401
1,8885529711,dota2-lvlup1-aur1-2026-07-07-game2,2026-07-07T14:23:52.590000+00:00,17.122000000000014,0.17707552500000007,17.299075525000013
1,8885633666,dota2-ts8-mouz-2026-07-07-game1,2026-07-07T15:33:28.678000+00:00,2.7254651600000273,1.058807563362,3.7842727233620272
1,8885665054,dota2-nem-pari-2026-07-07-game1,2026-07-07T15:41:38.548000+00:00,22.11049100000003,0.979477943925,23.089968943925033
1,8885784652,dota2-ts8-mouz-2026-07-07-game2,2026-07-07T17:16:32.961000+00:00,-17.305094669999974,3.3413677602577496,-13.963726909742224
1,8885871759,dota2-ic-1win-2026-07-07-game1,2026-07-07T18:31:07.999000+00:00,0.0,0.0,0.0
1,8885928262,dota2-ty-og-2026-07-07-game1,2026-07-07T19:03:44.444000+00:00,36.36840000000004,0.4605572249999999,36.82895722500004
1,8885974297,dota2-ic-1win-2026-07-07-game2,2026-07-07T19:32:14.446000+00:00,0.0,0.0,0.0
1,8886005043,dota2-ty-og-2026-07-07-game2,2026-07-07T20:03:05.981000+00:00,-0.5999999999999996,0.055425,-0.5445749999999996
1,8886576019,dota2-poorra-bb4-2026-07-08-game1,2026-07-08T09:20:01.472000+00:00,-16.54339999999999,0.6647785049999999,-15.878621494999992
1,8886572854,dota2-gl-xtreme-2026-07-08-game1,2026-07-08T09:27:27.007000+00:00,-37.16940000000008,7.680654675,-29.48874532500008
1,8886638110,dota2-poorra-bb4-2026-07-08-game2,2026-07-08T10:36:00.005000+00:00,2.5214,0.19266937499999998,2.714069375
1,8886640910,dota2-flc-re-2026-07-08-game2,2026-07-08T10:39:41.623000+00:00,0.3808999999999685,0.8794991174999998,1.2603991174999682
1,8886641793,dota2-gl-xtreme-2026-07-08-game2,2026-07-08T10:45:04.782000+00:00,27.10859911,4.777317957263249,31.88591706726325
1,8886728756,dota2-l1ga-playti-2026-07-08-game1,2026-07-08T12:02:19.795000+00:00,31.369822800000037,4.2699664041,35.63978920410004
1,8886736772,dota2-liquid-lvlup1-2026-07-08-game1,2026-07-08T12:08:59.488000+00:00,6.976799999999997,0.38075886000000003,7.3575588599999975
1,8886788497,dota2-ngx-aur1-2026-07-08-game1,2026-07-08T12:47:30.744000+00:00,-5.835602039999969,1.3723763480414997,-4.46322569195847
1,8886815251,dota2-l1ga-playti-2026-07-08-game2,2026-07-08T13:04:20.712000+00:00,54.759400000000056,1.1024905349999998,55.86189053500006
1,8886862310,dota2-liquid-lvlup1-2026-07-08-game2,2026-07-08T13:37:25.898000+00:00,20.787599999999998,0.72041994,21.508019939999997
1,8886994890,dota2-ts8-nem-2026-07-08-game1,2026-07-08T14:59:11.781000+00:00,0.0,0.0,0.0
1,8887100676,dota2-vg-pari-2026-07-08-game1,2026-07-08T16:18:23.954000+00:00,0.0,0.0,0.0
1,8887114313,dota2-ts8-nem-2026-07-08-game2,2026-07-08T16:15:19.583000+00:00,-22.08099999999999,0.630981225,-21.45001877499999
1,8887197358,dota2-vg-pari-2026-07-08-game2,2026-07-08T17:23:00.102000+00:00,-23.061100000000124,1.9853564924999998,-21.075743507500125
1,8887218598,dota2-lgd-og-2026-07-08-game1,2026-07-08T17:27:41.870000+00:00,1.0600000000000023,0.08645249999999999,1.1464525000000023
1,8887260104,dota2-ty-ic-2026-07-08-game1,2026-07-08T17:58:24.214000+00:00,0.27749999999999986,0.0515941875,0.32909418749999986
1,8887314193,dota2-lgd-og-2026-07-08-game2,2026-07-08T18:40:30.736000+00:00,-146.6885000000001,9.8065385925,-136.88196140750009
1,8887325211,dota2-vp-1win-2026-07-08-game1,2026-07-08T18:51:24.334000+00:00,-66.66200859999992,3.586348745475,-63.07565985452492
1,8887337672,dota2-ty-ic-2026-07-08-game2,2026-07-08T19:01:29.872000+00:00,0.0,0.0,0.0
1,8887432754,dota2-vp-1win-2026-07-08-game2,2026-07-08T20:20:02.742000+00:00,48.40419999999999,0.31102655999999995,48.71522655999999
1,8887986392,dota2-poorra-xtreme-2026-07-09-game1,2026-07-09T09:21:30.237000+00:00,-129.3844,5.43952671,-123.94487329
1,8887998750,dota2-bb4-re-2026-07-09-game1,2026-07-09T09:29:32.198000+00:00,-30.11380000000014,2.051458725,-28.06234127500014
1,8888056358,dota2-poorra-xtreme-2026-07-09-game2,2026-07-09T10:34:44.979000+00:00,-20.61850000000001,3.2562497175,-17.36225028250001
1,8888066684,dota2-bb4-re-2026-07-09-game2,2026-07-09T10:43:25.275000+00:00,-12.703897759999991,0.9304150309079999,-11.773482729091992
1,8888083694,dota2-gl-flc-2026-07-09-game2,2026-07-09T11:11:32.224000+00:00,51.999333139999976,3.1670925061454995,55.16642564614548
1,8888160657,dota2-l1ga-aur1-2026-07-09-game1,2026-07-09T12:09:38.901000+00:00,6.642600000000002,1.13125068,7.773850680000002
1,8888173515,dota2-playti-lvlup1-2026-07-09-game1,2026-07-09T12:20:27.216000+00:00,7.143000000000001,0.441973125,7.584973125
1,8888217771,dota2-ngx-liquid-2026-07-09-game1,2026-07-09T12:52:14.212000+00:00,40.70860000000005,2.811791295,43.520391295000046
1,8888260336,dota2-l1ga-aur1-2026-07-09-game2,2026-07-09T13:20:05.771000+00:00,1.3973999999999762,0.7769350349999998,2.174335034999976
1,8888279558,dota2-playti-lvlup1-2026-07-09-game2,2026-07-09T13:33:23.111000+00:00,40.9632,0.25499592000000004,41.21819592
1,8888318197,dota2-ngx-liquid-2026-07-09-game2,2026-07-09T14:04:08.888000+00:00,-24.081209690000048,6.10235737287825,-17.9788523171218
1,8888405761,dota2-mouz-nem-2026-07-09-game1,2026-07-09T14:48:45.816000+00:00,10.8108,0.7378370999999999,11.5486371
1,8888425887,dota2-rnx-pari-2026-07-09-game1,2026-07-09T15:02:02.148000+00:00,12.991699999999923,0.6365313675000001,13.628231367499923
1,8888489297,dota2-vg-ts8-2026-07-09-game1,2026-07-09T15:42:43.149000+00:00,0.0,0.0,0.0
1,8888555097,dota2-mouz-nem-2026-07-09-game2,2026-07-09T16:24:34.308000+00:00,-41.48315305999992,3.8647665117914998,-37.61838654820842
1,8888554919,dota2-rnx-pari-2026-07-09-game2,2026-07-09T16:26:10.054000+00:00,0.0,0.0,0.0
1,8888592426,dota2-vg-ts8-2026-07-09-game2,2026-07-09T16:59:54.115000+00:00,-7.700500000000005,1.5948172425,-6.105682757500006
1,8888682602,dota2-og-ic-2026-07-09-game1,2026-07-09T17:53:01.981000+00:00,-127.36604344000003,4.369065662472,-122.99697777752803
1,8888693655,dota2-vp-ty-2026-07-09-game1,2026-07-09T18:07:57.629000+00:00,0.0,0.35999568000000004,0.35999568000000004
1,8888731478,dota2-lgd-1win-2026-07-09-game1,2026-07-09T18:35:20.326000+00:00,-14.492999999999995,0.965885985,-13.527114014999995
1,8888771711,dota2-og-ic-2026-07-09-game2,2026-07-09T19:04:50.495000+00:00,-0.6599999999999993,0.03450149999999999,-0.6254984999999993
1,8888819433,dota2-lgd-1win-2026-07-09-game2,2026-07-09T19:41:02.532000+00:00,48.69750000000005,4.1781158775,52.875615877500046
1,8889452921,dota2-re-gl-2026-07-10-game1,2026-07-10T09:17:34.068000+00:00,149.0247982099999,3.95528924583825,152.98008745583815
1,8889468264,dota2-xtreme-bb4-2026-07-10-game1,2026-07-10T09:26:30.741000+00:00,-22.16379999999998,4.38149427,-17.78230572999998
1,8889513730,dota2-poorra-flc-2026-07-10-game2,2026-07-10T10:17:36.842000+00:00,0.0,0.23906249999999998,0.23906249999999998
1,8889524021,dota2-xtreme-bb4-2026-07-10-game2,2026-07-10T10:37:39.793000+00:00,0.09180000000003474,2.7035348699999995,2.795334870000034
1,8889538949,dota2-re-gl-2026-07-10-game2,2026-07-10T10:40:57.402000+00:00,-22.835099999999954,4.2310063125,-18.604093687499955
1,8889615310,dota2-l1ga-liquid-2026-07-10-game1,2026-07-10T11:48:20.990000+00:00,0.0,0.5999999999999999,0.5999999999999999
1,8889621582,dota2-aur1-playti-2026-07-10-game1,2026-07-10T11:57:42.116000+00:00,-103.56260000000005,3.446514915,-100.11608508500005
1,8889699098,dota2-l1ga-liquid-2026-07-10-game2,2026-07-10T12:46:15.831000+00:00,0.0,0.0,0.0
1,8889733840,dota2-aur1-playti-2026-07-10-game2,2026-07-10T13:14:22.837000+00:00,-71.90640000000002,2.64170646,-69.26469354000002
1,8889871314,dota2-nem-vg-2026-07-10-game1,2026-07-10T14:27:52.631000+00:00,36.39240000000001,0.5400321299999999,36.93243213000001
1,8889914618,dota2-pari-mouz-2026-07-10-game1,2026-07-10T14:59:49.254000+00:00,1.8761364800000173,1.0421543392319998,2.918290819232017
1,8889944251,dota2-rnx-ts8-2026-07-10-game1,2026-07-10T15:15:29.857000+00:00,24.981099999999913,0.5362452225000001,25.517345222499912
1,8890008812,dota2-nem-vg-2026-07-10-game2,2026-07-10T15:49:04.827000+00:00,54.85640000000012,1.6645178399999998,56.52091784000012
1,8890036748,dota2-pari-mouz-2026-07-10-game2,2026-07-10T16:15:07.698000+00:00,12.664899999999989,0.44506706249999994,13.109967062499988
1,8890074597,dota2-rnx-ts8-2026-07-10-game2,2026-07-10T16:28:42.555000+00:00,0.0,0.0,0.0
1,8890179830,dota2-lgd-ty-2026-07-10-game1,2026-07-10T17:38:53.401000+00:00,51.206999999999994,2.7286434,53.9356434
1,8890270555,dota2-1win-og-2026-07-10-game2,2026-07-10T18:36:26.467000+00:00,0.0,0.0,0.0
1,8890268632,dota2-lgd-ty-2026-07-10-game2,2026-07-10T18:43:14.663000+00:00,-56.43690000000004,2.5283971574999997,-53.908502842500035
1,8890301402,dota2-ic-vp-2026-07-10-game2,2026-07-10T18:52:09.717000+00:00,0.0,0.0,0.0
1,8891108843,dota2-poorra-re-2026-07-11-game1,2026-07-11T09:15:44.932000+00:00,55.256500000000045,3.2229108075,58.479410807500045
1,8891108985,dota2-bb4-gl-2026-07-11-game1,2026-07-11T09:17:06.187000+00:00,-7.8955568000000085,0.8931193107000001,-7.002437489300008
1,8891145641,dota2-xtreme-flc-2026-07-11-game1,2026-07-11T09:30:07.111000+00:00,0.0,0.0,0.0
1,8891217710,dota2-poorra-re-2026-07-11-game2,2026-07-11T10:44:50.172000+00:00,-106.14020070000004,3.0316035576375002,-103.10859714236254
1,8891240327,dota2-xtreme-flc-2026-07-11-game2,2026-07-11T11:01:14.698000+00:00,14.566800000000018,3.59678853,18.16358853000002
1,8891325877,dota2-l1ga-lvlup1-2026-07-11-game1,2026-07-11T12:09:46.181000+00:00,-29.051101999999997,1.34540998875,-27.705692011249997
1,8891349244,dota2-playti-ngx-2026-07-11-game1,2026-07-11T12:27:52.369000+00:00,25.540599999999962,3.81950076,29.360100759999963
1,8891371442,dota2-aur1-liquid-2026-07-11-game1,2026-07-11T12:43:19.319000+00:00,20.67006699999999,0.632116753125,21.30218375312499
1,8891438996,dota2-l1ga-lvlup1-2026-07-11-game2,2026-07-11T13:19:40.554000+00:00,51.497399999999956,3.6261050399999997,55.123505039999955
1,8891497910,dota2-aur1-liquid-2026-07-11-game2,2026-07-11T13:53:37.287000+00:00,32.22280000000001,0.740682225,32.96348222500001
1,8891519142,dota2-playti-ngx-2026-07-11-game2,2026-07-11T14:08:43.754000+00:00,-53.89990000000002,2.3130336225,-51.586866377500016
1,8892829232,dota2-mouz-vg-2026-07-12-game1,2026-07-12T09:15:57.248000+00:00,-170.77285238000002,2.6388017228610003,-168.13405065713903
1,8892835652,dota2-rnx-nem-2026-07-12-game1,2026-07-12T09:19:01.546000+00:00,-9.624800000000029,1.4694504,-8.15534960000003
1,8892836635,dota2-pari-ts8-2026-07-12-game1,2026-07-12T09:26:06.808000+00:00,-54.23689999999999,5.8716508425,-48.36524915749999
1,8892923329,dota2-mouz-vg-2026-07-12-game2,2026-07-12T10:25:59.512000+00:00,-2.0970008600000654,2.9540970008805,0.8570961408804347
1,8892914077,dota2-pari-ts8-2026-07-12-game2,2026-07-12T10:31:28.406000+00:00,-12.048711799999978,2.25057717237,-9.798134627629977
1,8892958964,dota2-rnx-nem-2026-07-12-game2,2026-07-12T10:53:08.655000+00:00,-100.7805000000002,4.387640242500001,-96.3928597575002
1,8893070561,dota2-1win-ty-2026-07-12-game1,2026-07-12T12:14:45.162000+00:00,17.665374720000045,4.199584647888,21.864959367888044
1,8893106015,dota2-og-vp-2026-07-12-game1,2026-07-12T12:36:42.440000+00:00,13.181199999999968,1.0808582399999997,14.262058239999968
1,8893165071,dota2-1win-ty-2026-07-12-game2,2026-07-12T13:18:20.777000+00:00,-19.18563783999999,1.2748477289279998,-17.910790111071993
1,8893253595,dota2-og-vp-2026-07-12-game2,2026-07-12T13:56:28.498000+00:00,-6.6582008199999905,1.767499422171,-4.89070139782899
1,8896139222,dota2-re-vp-2026-07-14-game1,2026-07-14T11:15:10.363000+00:00,29.357199999999995,1.68983655,31.047036549999994
1,8896140998,dota2-liquid-xtreme-2026-07-14-game1,2026-07-14T11:24:31.795000+00:00,-60.153400000000005,3.2381637449999996,-56.915236255
1,8896234088,dota2-re-vp-2026-07-14-game2,2026-07-14T12:30:48.003000+00:00,-6.837199999999993,1.69260195,-5.144598049999993
1,8896267691,dota2-liquid-xtreme-2026-07-14-game2,2026-07-14T13:05:08.216000+00:00,-42.95322278000015,3.1415771382464994,-39.81164564175365
1,8896380183,dota2-re-vp-2026-07-14,2026-07-14T14:02:34.965000+00:00,-131.86030000000005,7.394940847499999,-124.46535915250006
1,8896486914,dota2-liquid-xtreme-2026-07-14,2026-07-14T15:13:00.049000+00:00,-3.340037290000012,1.8490596177562502,-1.490977672243762
1,8896645659,dota2-lgd-mouz-2026-07-14-game1,2026-07-14T16:55:49.823000+00:00,0.1612,0.022656660000000002,0.18385666
1,8896731473,dota2-lgd-mouz-2026-07-14-game2,2026-07-14T18:02:11.857000+00:00,-19.999800000000015,0.9094391549999999,-19.090360845000014
1,8897585705,dota2-aur1-re-2026-07-15-game1,2026-07-15T11:19:40.513000+00:00,2.3524940799999854,0.857465866284,3.2099599462839854
1,8897588873,dota2-ts8-liquid-2026-07-15-game1,2026-07-15T11:25:30.473000+00:00,6.9839999999999804,4.45904532,11.443045319999982
1,8897695379,dota2-aur1-re-2026-07-15-game2,2026-07-15T12:41:48.340000+00:00,-8.487100000000012,0.9447169125000001,-7.542383087500012
1,8897696869,dota2-ts8-liquid-2026-07-15-game2,2026-07-15T12:54:25.976000+00:00,-8.216823809999994,6.25607572964475,-1.960748080355244
1,8897831774,dota2-ts8-liquid-2026-07-15,2026-07-15T14:13:24.528000+00:00,11.079786279999986,1.150793366001,12.230579646000987
1,8897841991,dota2-1win-vg-2026-07-15-game1,2026-07-15T14:22:22.284000+00:00,4.833400000000012,0.7311591149999999,5.564559115000011
1,8897971312,dota2-1win-vg-2026-07-15-game2,2026-07-15T15:33:39.656000+00:00,18.14760000000004,1.5948379350000002,19.74243793500004
1,8898003442,dota2-bb4-lgd-2026-07-15-game1,2026-07-15T15:56:58.589000+00:00,4.71720000000002,1.12429116,5.84149116000002
1,8898084910,dota2-1win-vg-2026-07-15,2026-07-15T16:49:08.935000+00:00,32.14302088000008,3.5739400110960005,35.71696089109608
1,8898117600,dota2-bb4-lgd-2026-07-15-game2,2026-07-15T17:15:52.403000+00:00,0.8000000000000682,1.49689875,2.296898750000068
1,8899028080,dota2-ty-ts8-2026-07-17-game1,2026-07-16T11:25:22.617000+00:00,21.70920000000001,1.29087993,23.00007993000001
1,8899120700,dota2-ty-ts8-2026-07-17-game2,2026-07-16T12:44:26.752000+00:00,-153.76164464000001,9.378919114812,-144.38272552518802
1,8899307453,dota2-pari-re-2026-07-17-game1,2026-07-16T14:36:23.407000+00:00,-20.342784350000045,1.28527793962125,-19.057506410378796
1,8899420575,dota2-pari-re-2026-07-17-game2,2026-07-16T15:46:28.167000+00:00,-21.376400000000046,1.4932665749999996,-19.883133425000047
1,8900508749,dota2-flc-vg-2026-07-16-game1,2026-07-17T11:21:46.405000+00:00,-35.645399999999995,0.929391105,-34.716008894999995
1,8900623530,dota2-flc-vg-2026-07-16-game2,2026-07-17T12:54:30.551000+00:00,-51.02101545000005,7.34369006787375,-43.6773253821263
1,8900771154,dota2-ngx-bb4-2026-07-16-game1,2026-07-17T14:28:08.196000+00:00,7.340499999999992,1.6649624625,9.005462462499992
1,8900882416,dota2-ngx-bb4-2026-07-16-game2,2026-07-17T15:33:10.588000+00:00,2.0,0.59805,2.5980499999999997
1,8902107148,dota2-bb4-vg-2026-07-18-game1,2026-07-18T11:22:02.020000+00:00,0.0,0.0,0.0
1,8902173969,dota2-bb4-vg-2026-07-18-game2,2026-07-18T12:21:15.910000+00:00,-5.348386769999948,2.06320452962775,-3.285182240372198
1,8902338515,dota2-ty-pari-2026-07-18-game1,2026-07-18T14:06:38.308000+00:00,-84.91246369999999,8.911090877265,-76.001372822735
1,8902431810,dota2-ty-pari-2026-07-18-game2,2026-07-18T15:09:37.865000+00:00,6.23599999999999,2.7567334199999998,8.99273341999999
1,8902610619,dota2-ty-pari-2026-07-18,2026-07-18T16:48:06.686000+00:00,15.09439999999995,1.39868484,16.493084839999952
1,8903705555,dota2-vg-ty-2026-07-19-game1,2026-07-19T10:24:33.152000+00:00,53.9763999999999,3.07572906,57.0521290599999
1,8903789784,dota2-vg-ty-2026-07-19-game2,2026-07-19T11:31:19.185000+00:00,2.0,0.5230499999999999,2.52305
1,8904012666,dota2-bb4-pari-2026-07-19-game1,2026-07-19T13:57:51.853000+00:00,183.22184002,3.9530415028965,187.1748815228965
1,8904157676,dota2-bb4-pari-2026-07-19-game2,2026-07-19T15:17:11.337000+00:00,-32.694301750000136,9.37148671659375,-23.322815033406386
1,8904322271,dota2-bb4-pari-2026-07-19-game3,2026-07-19T16:52:33.960000+00:00,42.35630000000006,4.7186982825,47.07499828250006
1,8904419709,dota2-bb4-pari-2026-07-19-game4,2026-07-19T18:05:14.511000+00:00,5.405399999999986,0.75972897,6.165128969999986
1,8905035315,dota2-stx-lynx-2026-07-20-game1,2026-07-20T07:25:19.610000+00:00,0.9100000000000037,0.22077675000000002,1.1307767500000037
1,8905093611,dota2-stx-lynx-2026-07-20-game2,2026-07-20T08:36:36.644000+00:00,55.1455989599999,4.272057578985,59.4176565389849
1,8905164476,dota2-stx-lynx-2026-07-20,2026-07-20T10:04:24.370000+00:00,232.10047805000013,4.503961684293749,236.6044397342939
1,8905233934,dota2-lynx-pckcp-2026-07-20-game1,2026-07-20T11:15:17.947000+00:00,156.69979394999996,3.0396927625957497,159.73948671259572
1,8905359313,dota2-lynx-pckcp-2026-07-20-game2,2026-07-20T12:49:30.119000+00:00,20.493990230000037,2.06526848022975,22.559258710229788
1,8905490238,dota2-z10-nemiga-2026-07-20-game1,2026-07-20T14:13:02.081000+00:00,-6.746139730000017,1.0864352640622499,-5.659704465937767
1,8905612460,dota2-z10-nemiga-2026-07-20-game2,2026-07-20T15:25:40.567000+00:00,19.330300000000022,1.5797935125,20.910093512500023
1,8905741721,dota2-spirit1-jenz-2026-07-20-game1,2026-07-20T16:55:30.580000+00:00,18.98450000000001,3.1980906675,22.182590667500012
1,8905885788,dota2-spirit1-jenz-2026-07-20-game2,2026-07-20T18:35:45.253000+00:00,55.947840780000035,1.0636249544954999,57.01146573449554
1,8905975768,dota2-lvlup1-ill-2026-07-20-game1,2026-07-20T19:45:16.612000+00:00,-0.5333999999999861,0.991392375,0.4579923750000139
1,8906069414,dota2-lvlup1-ill-2026-07-20-game2,2026-07-20T20:59:36.536000+00:00,-17.11869999999985,4.5812346825,-12.537465317499851
1,8906479441,dota2-nemiga-dan-2026-07-21-game1,2026-07-21T07:24:02.590000+00:00,59.25720000000007,2.8046865,62.06188650000007
1,8906547471,dota2-nemiga-dan-2026-07-21-game2,2026-07-21T08:48:51.736000+00:00,17.781799999999976,1.0976308499999998,18.879430849999977
1,8906626852,dota2-pckcp-stx-2026-07-21-game1,2026-07-21T10:17:03.931000+00:00,58.75550000000004,1.2653618325,60.02086183250004
1,8906706819,dota2-pckcp-stx-2026-07-21-game2,2026-07-21T11:28:10.072000+00:00,3.076899999999995,1.0428383324999997,4.1197383324999945
1,8906814740,dota2-pckcp-stx-2026-07-21,2026-07-21T12:50:32.182000+00:00,-25.697100719999924,4.326976910123999,-21.370123809875924
1,8906911697,dota2-lynx-spirit1-2026-07-21-game1,2026-07-21T14:01:22.509000+00:00,0.0,0.0,0.0
1,8907021823,dota2-lynx-spirit1-2026-07-21-game2,2026-07-21T14:54:33.550000+00:00,-90.09008388000001,5.0655272138309995,-85.024556666169
1,8907114935,dota2-lynx-spirit1-2026-07-21,2026-07-21T15:55:17.448000+00:00,-4.117200000000054,4.598559345,0.48135934499994626
1,8907236730,dota2-jenz-lynx-2026-07-21-game1,2026-07-21T17:22:36.365000+00:00,0.0,0.0,0.0
1,8907319204,dota2-jenz-lynx-2026-07-21-game2,2026-07-21T18:19:16.673000+00:00,-85.19245594999992,1.66588786293375,-83.52656808706618
1,8907510684,dota2-z10-aion-2026-07-21-game2,2026-07-21T20:45:41.820000+00:00,0.0,0.0,0.0
1,8907942033,dota2-ill-dan-2026-07-22-game1,2026-07-22T07:18:07.776000+00:00,0.0,0.0,0.0
1,8907997366,dota2-ill-dan-2026-07-22-game2,2026-07-22T08:30:21.640000+00:00,22.288378010000017,0.7194167085892499,23.007794718589267
1,8908178087,dota2-nemiga-aion-2026-07-22-game2,2026-07-22T11:35:02.272000+00:00,3.0500000000000007,0.13362825,3.183628250000001
1,8908313996,dota2-stx-spirit1-2026-07-22-game1,2026-07-22T13:26:43.307000+00:00,0.17924705999996027,1.8148467975390001,1.9940938575389604
1,8908486051,dota2-stx-spirit1-2026-07-22-game2,2026-07-22T15:03:55.390000+00:00,30.584685930000006,1.2436203118702498,31.828306241870255
1,8908612824,dota2-stx-spirit1-2026-07-22,2026-07-22T16:27:56.948000+00:00,40.774163049999984,3.55225788498375,44.32642093498374
1,8908710300,dota2-z10-lvlup1-2026-07-22-game1,2026-07-22T17:40:32.974000+00:00,-66.06962756000004,2.893825524747,-63.17580203525304
1,8908926344,dota2-z10-lvlup1-2026-07-22,2026-07-22T20:21:42.790000+00:00,-29.8730756300003,6.879235398782249,-22.99384023121805
1,8909388284,dota2-dan-z10-2026-07-23-game1,2026-07-23T07:17:23.633000+00:00,1.4000000000000004,0.009030000000000002,1.4090300000000004
1,8909443684,dota2-dan-z10-2026-07-23-game2,2026-07-23T08:24:14.078000+00:00,-11.6114094,0.82108838757,-10.790321012429999
1,8909498494,dota2-dan-z10-2026-07-23,2026-07-23T09:35:42.112000+00:00,-1.1811999999999951,0.09040545,-1.0907945499999951
1,8909658828,dota2-spirit1-pckcp-2026-07-23-game2,2026-07-23T11:56:35.158000+00:00,-8.77680079999999,1.08557171676,-7.691229083239989
1,8909780227,dota2-spirit1-pckcp-2026-07-23,2026-07-23T13:29:29.880000+00:00,0.03349999999998232,1.0497922275,1.0832922274999823
1,8910104556,dota2-jenz-kw1-2026-07-23-game2,2026-07-23T16:47:57.620000+00:00,0.0,0.0,0.0
1,8910216725,dota2-jenz-kw1-2026-07-23,2026-07-23T18:09:02.529000+00:00,0.20999999999999996,0.021372750000000003,0.23137274999999996
1,8910344715,dota2-lvlup1-aion-2026-07-23-game1,2026-07-23T19:45:58.831000+00:00,0.0,0.0,0.0
1,8910461593,dota2-lvlup1-aion-2026-07-23-game2,2026-07-23T21:18:59.726000+00:00,-4.4517999999999995,0.18788671499999998,-4.263913284999999
1,8910535715,dota2-lvlup1-aion-2026-07-23,2026-07-23T22:37:28.157000+00:00,10.94750823999999,1.1653366554135,12.11284489541349
1,8910589445,dota2-nemiga-ill-2026-07-23-game1,2026-07-23T23:33:41.369000+00:00,3.2567999999999984,2.6075935500000003,5.864393549999999
1,8910670427,dota2-nemiga-ill-2026-07-23,2026-07-24T01:26:47.762000+00:00,-1.3364000000000358,1.558366845,0.2219668449999641
1,8910982575,dota2-aion-dan-2026-07-24-game2,2026-07-24T08:39:31.809000+00:00,0.0,0.0,0.0
1,8911277378,dota2-kw1-stx-2026-07-24-game2,2026-07-24T13:08:23.857000+00:00,53.51563245999997,1.060045160361,54.57567762036097
1,8911784562,dota2-z10-ill-2026-07-24-game1,2026-07-24T18:00:21.302000+00:00,-6.894165399999995,0.18691556021999997,-6.707249839779995
1,8911916389,dota2-z10-ill-2026-07-24-game2,2026-07-24T19:32:36.981000+00:00,26.33699999999999,2.472448275,28.80944827499999
1,8912045230,dota2-nemiga-lvlup1-2026-07-24-game1,2026-07-24T21:05:49.488000+00:00,-46.22980000000003,6.692810775,-39.536989225000035
1,8912123729,dota2-nemiga-lvlup1-2026-07-24-game2,2026-07-24T22:15:39.296000+00:00,0.0,0.0,0.0
1,8912551235,dota2-ill-aion-2026-07-25-game1,2026-07-25T07:19:52.253000+00:00,0.0,0.0,0.0
1,8912622476,dota2-ill-aion-2026-07-25-game2,2026-07-25T08:27:06.996000+00:00,-0.508443760000004,0.07905884436599998,-0.42938491563400405
1,8912758286,dota2-pckcp-jenz-2026-07-22-game1,2026-07-25T10:25:45.605000+00:00,-94.76000000000002,2.38732947,-92.37267053000002
1,8912831712,dota2-pckcp-jenz-2026-07-22-game2,2026-07-25T11:23:26.682000+00:00,8.078700000000026,1.3049283375,9.383628337500026
1,8912974141,dota2-pckcp-jenz-2026-07-22,2026-07-25T13:02:19.241000+00:00,-18.19292770999991,4.7617905173527495,-13.43113719264716
1,8913307206,dota2-kw1-pckcp-2026-07-25-game1,2026-07-25T16:28:48.834000+00:00,20.900000000000006,0.5185575,21.418557500000006
1,8913598312,dota2-lynx-kw1-2026-07-25-game1,2026-07-25T19:28:05.257000+00:00,-0.22160000000000135,0.9721698,0.7505697999999986
1,8913726962,dota2-lynx-kw1-2026-07-25-game2,2026-07-25T20:57:15.562000+00:00,3.450300000000027,2.4859664175000002,5.936266417500027
1,8913824141,dota2-lynx-kw1-2026-07-25,2026-07-25T22:21:39.642000+00:00,-0.8757999999998916,7.64163798,6.765837980000108
1,8914414410,dota2-nemiga-ill-2026-07-26-game1,2026-07-26T09:26:59.644000+00:00,-27.424456640000017,1.067189307888,-26.357267332112016
1,8914520562,dota2-nemiga-ill-2026-07-26-game2,2026-07-26T10:41:21.923000+00:00,-46.58800000000008,4.4867650800000005,-42.10123492000008
1,8914637220,dota2-nemiga-ill-2026-07-26,2026-07-26T12:04:18.708000+00:00,35.97679999999997,0.82548468,36.80228467999997
1,8914749408,dota2-rearis-pckcp-2026-07-26-game1,2026-07-26T13:19:34.036000+00:00,-16.216199999999986,0.83108025,-15.385119749999987
1,8914885598,dota2-rearis-pckcp-2026-07-26-game2,2026-07-26T14:24:02.001000+00:00,114.74149999999997,0.6883255875,115.42982558749998
1,8915002841,dota2-kw1-rearis-2026-07-26-game1,2026-07-26T15:32:54.677000+00:00,-136.57834923000013,2.97944886569325,-133.59890036430687
1,8915137972,dota2-kw1-rearis-2026-07-26-game2,2026-07-26T16:47:26.165000+00:00,0.3000000000000007,0.024412499999999993,0.3244125000000007
1,8915271266,dota2-jenz-stx-2026-07-26-game1,2026-07-26T18:26:53.337000+00:00,26.487899999999968,0.9247639274999999,27.412663927499967
1,8915390117,dota2-jenz-stx-2026-07-26-game2,2026-07-26T19:37:39.362000+00:00,0.0,0.0,0.0
1,8915498965,dota2-jenz-stx-2026-07-26,2026-07-26T20:57:43.107000+00:00,15.908000000000001,0.7646000999999999,16.6726001
1,8916041863,dota2-lvlup1-pckcp-2026-07-27-game1,2026-07-27T09:21:33.291000+00:00,15.211200000000005,0.30458248499999996,15.515782485000004
1,8916102349,dota2-lvlup1-pckcp-2026-07-27-game2,2026-07-27T10:12:46.876000+00:00,-20.441821079999983,1.4488038080609997,-18.99301727193898
1,8916245727,dota2-stx-nemiga-2026-07-27-game1,2026-07-27T12:25:46.061000+00:00,-44.453101949999976,2.38030579796625,-42.072796152033725
1,8916384577,dota2-stx-nemiga-2026-07-27-game2,2026-07-27T13:48:29.618000+00:00,33.258200000000045,5.9377998750000005,39.19599987500005
1,8916474664,dota2-stx-nemiga-2026-07-27,2026-07-27T14:44:54.132000+00:00,-104.03623780999982,9.89120833673775,-94.14502947326207
1,8917611319,dota2-pr1-nemiga-2026-07-28-game2,2026-07-28T10:17:02.190000+00:00,0.0,0.0,0.0
1,8917675823,dota2-pr1-nemiga-2026-07-28,2026-07-28T11:19:25.327000+00:00,182.04140000000007,0.9711341099999999,183.01253411000008
1,8917738415,dota2-nh-pckcp-2026-07-28-game1,2026-07-28T12:16:10.015000+00:00,0.0,0.0,0.0
1,8917853656,dota2-nh-pckcp-2026-07-28-game2,2026-07-28T13:23:44.955000+00:00,1.2604999999999364,1.5887331375,2.8492331374999367
1,8918052500,dota2-pckcp-kw1-2026-07-28-game1,2026-07-28T15:24:46.769000+00:00,-7.152356959999992,0.268765734672,-6.883591225327992
1,8918176547,dota2-pckcp-kw1-2026-07-28-game2,2026-07-28T16:37:04.197000+00:00,67.30320910000012,1.7155566879075,69.01876578790761
1,8919264561,dota2-rearis-z10-2026-07-29-game1,2026-07-29T12:23:03.580000+00:00,15.265765039999962,2.1049121968319997,17.370677236831963
1,8919404744,dota2-rearis-z10-2026-07-29-game2,2026-07-29T13:48:28.368000+00:00,-9.61039999999997,4.0369855800000005,-5.57341441999997
1,8919546613,dota2-amaru-nemiga-2026-07-29-game1,2026-07-29T15:15:30.082000+00:00,-41.42610048,2.066986475196,-39.359114004804
1,8919685210,dota2-amaru-nemiga-2026-07-29-game2,2026-07-29T16:34:50.427000+00:00,-163.3345006199999,3.6099559845704996,-159.7245446354294
1,8919803916,dota2-amaru-nemiga-2026-07-29,2026-07-29T18:02:17.532000+00:00,109.30692778999972,6.73641844749075,116.04334623749047
1,8920655724,dota2-pckcp-z10-2026-07-30-game2,2026-07-30T10:32:16.617000+00:00,0.0,0.0,0.0
1,8920897425,dota2-lvlup1-z10-2026-07-30-game2,2026-07-30T13:37:44.606000+00:00,-59.6915,1.6369452375,-58.0545547625
1,8921002620,dota2-lvlup1-z10-2026-07-30,2026-07-30T14:47:46.063000+00:00,16.326400000000007,3.08755128,19.413951280000006
1,8921162227,dota2-amaru-pr1-2026-07-30-game1,2026-07-30T16:32:24.441000+00:00,28.20689999999999,1.0923122025,29.29921220249999
1,8921281044,dota2-amaru-pr1-2026-07-30-game2,2026-07-30T17:34:28.519000+00:00,0.0,0.0,0.0
1,8921949036,dota2-re-midas3-2026-07-31-game1,2026-07-31T06:23:42.906000+00:00,-10.967599999999976,0.995779725,-9.971820274999976
1,8922016200,dota2-re-midas3-2026-07-31-game2,2026-07-31T07:39:14.850000+00:00,2.0799999999999983,0.11481599999999999,2.194815999999998
1,8922074642,dota2-vg-amaru-2026-07-31-game1,2026-07-31T08:46:41.467000+00:00,-41.780200000000036,0.564825225,-41.215374775000036
1,8922137329,dota2-vg-amaru-2026-07-31-game2,2026-07-31T09:48:16.177000+00:00,9.799999999999997,0.105735,9.905734999999996
1,8922133239,dota2-tr7-playti-2026-07-31-game1,2026-07-31T09:57:34.446000+00:00,53.02319912,3.192850856502,56.216049976502
1,8922186876,dota2-vg-amaru-2026-07-31,2026-07-31T10:40:33.810000+00:00,12.820499999999981,0.7738403025,13.594340302499981
1,8922211678,dota2-tr7-playti-2026-07-31-game2,2026-07-31T11:00:53.806000+00:00,2.9424832799999763,2.549558622732,5.492041902731977
1,8922300474,dota2-enjoy-glyph-2026-07-31-game1,2026-07-31T12:14:29.331000+00:00,-18.829464219999977,3.3685973377230005,-15.460866882276976
1,8922339160,dota2-l1ga-rnx-2026-07-31-game1,2026-07-31T12:44:09.822000+00:00,-15.166400000000039,1.3735070999999999,-13.792892900000039
1,8922400300,dota2-enjoy-glyph-2026-07-31-game2,2026-07-31T13:24:39.311000+00:00,39.56379999999997,1.4337815699999998,40.99758156999997
1,8922433138,dota2-l1ga-rnx-2026-07-31-game2,2026-07-31T13:42:06.325000+00:00,-34.56080173999999,0.9720791946495,-33.588722545350485
1,8922552315,dota2-l1ga-rnx-2026-07-31,2026-07-31T14:55:23.609000+00:00,0.0,1.29001032,1.29001032
1,8922602122,dota2-yb1-z10-2026-07-31-game1,2026-07-31T15:28:08.646000+00:00,7.761000000000024,2.530567215,10.291567215000024
1,8922722577,dota2-yb1-z10-2026-07-31-game2,2026-07-31T16:35:25.057000+00:00,-9.63330000000002,3.1613020425,-6.47199795750002
1,8922818221,dota2-xtreme-lgd-2026-07-31-game1,2026-07-31T17:51:24.199000+00:00,-90.18980000000005,4.568653875,-85.62114612500005
1,8922940920,dota2-xtreme-lgd-2026-07-31-game2,2026-07-31T19:09:48.720000+00:00,-14.429999999999993,0.8680747499999999,-13.561925249999993
1,8923040358,dota2-xtreme-lgd-2026-07-31,2026-07-31T20:28:40.570000+00:00,-63.64149999999995,2.4693761325,-61.17212386749995
1,8923506996,dota2-midas3-tr7-2026-08-01-game1,2026-08-01T05:43:01.223000+00:00,0.0,0.0,0.0
1,8923579943,dota2-midas3-tr7-2026-08-01-game2,2026-08-01T07:02:32.143000+00:00,-132.0883,2.8217251424999996,-129.26657485750002
1,8923643650,dota2-midas3-tr7-2026-08-01,2026-08-01T08:08:01.087000+00:00,39.23460000000006,1.232085735,40.466685735000056
1,8923704450,dota2-yes-vg-2026-08-01-game1,2026-08-01T09:01:56.739000+00:00,0.0028764900000055604,1.8900086041642499,1.8928850941642554
1,8923780137,dota2-re-playti-2026-08-01-game1,2026-08-01T10:09:39.721000+00:00,-8.424999999999986,1.414736625,-7.010263374999987
1,8923790600,dota2-yes-vg-2026-08-01-game2,2026-08-01T10:14:11.317000+00:00,0.0,0.0,0.0
1,8923874259,dota2-re-playti-2026-08-01-game2,2026-08-01T11:26:12.956000+00:00,-0.2201,0.00047871750000000004,-0.2196212825
1,8923899787,dota2-enjoy-yb1-2026-08-01-game1,2026-08-01T11:45:49.553000+00:00,-95.8449,3.1431132375,-92.70178676249999
1,8924057168,dota2-l1ga-lgd-2026-08-01-game1,2026-08-01T13:34:16.709000+00:00,0.6082000000000001,0.20887108499999998,0.817071085
1,8924222714,dota2-l1ga-lgd-2026-08-01-game2,2026-08-01T15:02:43.462000+00:00,0.0,0.0,0.0
1,8924328537,dota2-glyph-z10-2026-08-01-game1,2026-08-01T15:59:42.950000+00:00,-76.72941001999995,2.5099230908415,-74.21948692915845
1,8924367779,dota2-l1ga-lgd-2026-08-01,2026-08-01T16:23:12.450000+00:00,-33.73440000000002,0.641556,-33.09284400000002
1,8924468754,dota2-glyph-z10-2026-08-01-game2,2026-08-01T17:25:49.795000+00:00,21.492000000000104,3.4761447600000004,24.968144760000104
1,8924530036,dota2-rnx-xtreme-2026-08-01-game1,2026-08-01T18:06:50.164000+00:00,-6.329403669999988,1.7005849501882502,-4.628818719811738
1,8924616191,dota2-rnx-xtreme-2026-08-01-game2,2026-08-01T19:06:22.446000+00:00,-0.19860000000004163,1.982644605,1.7840446049999583
1,8925210898,dota2-playti-xctn-2026-08-02-game1,2026-08-02T05:28:20.542000+00:00,25.944098920000016,1.8413536556369998,27.785452575637017
1,8925308090,dota2-playti-xctn-2026-08-02-game2,2026-08-02T07:03:47.891000+00:00,0.0,0.0,0.0
1,8925543582,dota2-yes-tr7-2026-08-02-game1,2026-08-02T10:44:16.945000+00:00,3.0098000000000127,1.4140970999999998,4.423897100000012
1,8925703946,dota2-yes-tr7-2026-08-02-game2,2026-08-02T11:58:57.158000+00:00,28.948400000000106,3.849191625,32.79759162500011
1,8925847726,dota2-yes-tr7-2026-08-02,2026-08-02T13:17:43.701000+00:00,6.15577343999999,1.3445449115519998,7.50031835155199
1,8926022375,dota2-rnx-yb1-2026-08-02-game1,2026-08-02T15:09:53.856000+00:00,31.739000000000004,3.4383815550000003,35.177381555000004
1,8926232913,dota2-rnx-yb1-2026-08-02-game2,2026-08-02T16:42:19.665000+00:00,30.421699999999998,6.1873675275,36.609067527499995
1,8926381426,dota2-rnx-yb1-2026-08-02,2026-08-02T18:14:10.009000+00:00,27.63896825,2.8978994059687495,30.536867655968752
1,8926523280,dota2-z10-lgd-2026-08-02-game1,2026-08-02T19:59:32.068000+00:00,0.0,0.0,0.0
1,8926636219,dota2-z10-lgd-2026-08-02-game2,2026-08-02T21:07:31.416000+00:00,-28.861999999999966,1.1502185999999999,-27.711781399999968
1,8927063876,dota2-glyph-playti-2026-08-03-game2,2026-08-03T06:55:36.873000+00:00,183.36885821999985,4.839479081607,188.20833730160686
1,8927132943,dota2-glyph-playti-2026-08-03,2026-08-03T08:27:35.152000+00:00,53.393900000000016,2.4799600424999997,55.87386004250001
1,8927207054,dota2-xtreme-tr7-2026-08-03-game1,2026-08-03T10:00:05.212000+00:00,6.247108189999949,1.7825118088882501,8.029619998888199
1,8927288399,dota2-xtreme-tr7-2026-08-03-game2,2026-08-03T11:00:48.642000+00:00,-29.756094810000036,3.33676174913475,-26.419333060865284
1,8927380776,dota2-xtreme-tr7-2026-08-03,2026-08-03T12:15:30.661000+00:00,50.86779739999993,5.070991793565,55.93878919356493
1,8927539264,dota2-vg-yb1-2026-08-03-game1,2026-08-03T14:05:56.825000+00:00,227.95810000000006,1.5817990725000002,229.53989907250005
1,8927660975,dota2-vg-yb1-2026-08-03-game2,2026-08-03T15:05:20.968000+00:00,-6.9125927599999955,2.843629994661,-4.068962765338995
1,8927760296,dota2-vg-yb1-2026-08-03,2026-08-03T16:18:19.713000+00:00,146.6306,5.028127155,151.65872715499998
1,8927926397,dota2-re-lgd-2026-08-03-game1,2026-08-03T18:09:03.381000+00:00,-0.09716820000000181,0.26918079263999994,0.17201259263999813
1,8928050264,dota2-re-lgd-2026-08-03-game2,2026-08-03T19:19:18.313000+00:00,-9.359706849999966,0.75800225815125,-8.601704591848716
1,8928163118,dota2-re-lgd-2026-08-03,2026-08-03T20:43:38.722000+00:00,-29.395200719999963,2.963788452624,-26.43141226737596
1,8928851109,dota2-playti-tr7-2026-08-04-game1,2026-08-04T11:30:07.829000+00:00,0.0,0.0,0.0
1,8928953683,dota2-playti-tr7-2026-08-04-game2,2026-08-04T12:46:11.879000+00:00,17.779066150000062,2.75320480213125,20.532270952131313
1,8929124210,dota2-yb1-re-2026-08-04-game1,2026-08-04T14:38:55.576000+00:00,0.7268713099999786,3.11697909732825,3.8438504073282287
1,8929276426,dota2-yb1-re-2026-08-04-game2,2026-08-04T15:54:25.550000+00:00,17.077309430000128,2.69935773872775,19.776667168727876
1,8929365099,dota2-yb1-re-2026-08-04,2026-08-04T16:51:08.308000+00:00,10.257718200000085,3.6761462154,13.933864415400084
1,8930200713,dota2-tr7-re-2026-08-05-game1,2026-08-05T08:20:38.811000+00:00,-3.7071041900000097,1.38193106273025,-2.3251731272697596
1,8930258778,dota2-tr7-re-2026-08-05-game2,2026-08-05T09:25:42.941000+00:00,15.152673440000115,6.410045007648001,21.562718447648116
1,8930398938,dota2-playti-yb1-2026-08-05-game1,2026-08-05T12:24:04.133000+00:00,-1.077799999999991,5.15155947,4.073759470000009
1,8930615242,dota2-playti-yb1-2026-08-05-game2,2026-08-05T14:02:56.166000+00:00,222.65549999999996,2.9196015075,225.57510150749997
1,8930736914,dota2-playti-yb1-2026-08-05-game3,2026-08-05T15:09:49.519000+00:00,7.506697240000008,1.5707715125969999,9.077468752597008
1,8931781241,dota2-lvlup1-rearis-2026-08-06-game1,2026-08-06T09:28:03.156000+00:00,0.0,0.0,0.0
1,8931852727,dota2-lvlup1-rearis-2026-08-06-game2,2026-08-06T10:30:33.624000+00:00,-88.77553759999995,2.6636234395200002,-86.11191416047996
1,8931981851,dota2-rearis-nh-2026-08-06-game1,2026-08-06T12:26:15.226000+00:00,21.119999999999976,0.8090279999999999,21.929027999999978
1,8932085762,dota2-rearis-nh-2026-08-06-game2,2026-08-06T13:20:21.204000+00:00,-38.86550600999998,1.08904133211075,-37.77646467788923
1,8932181345,dota2-rearis-nh-2026-08-06,2026-08-06T14:22:22.478000+00:00,6.326981379999985,0.9830125792769999,7.309993959276985
1,8932318084,dota2-nh-lvlup1-2026-08-06-game1,2026-08-06T15:34:15.395000+00:00,-40.86149999999998,0.8111005875,-40.05039941249998
1,8932413808,dota2-nh-lvlup1-2026-08-06-game2,2026-08-06T16:23:29.211000+00:00,0.0,0.0,0.0
1,8932523868,dota2-nh-lvlup1-2026-08-06,2026-08-06T17:36:18.454000+00:00,-0.25,0.09373125,-0.15626875
1,8932657929,dota2-ill-pr1-2026-08-06-game1,2026-08-06T19:12:10.345000+00:00,-29.154503940000012,0.9776033718855,-28.17690056811451
1,8932835800,dota2-ill-pr1-2026-08-06,2026-08-06T21:22:55.783000+00:00,-24.88247080000005,1.0713509448599998,-23.81111985514005
1,8933374169,dota2-nh-z10-2026-08-07-game1,2026-08-07T09:29:47.916000+00:00,-7.518000000000001,0.10576215,-7.41223785
1,8933453728,dota2-nh-z10-2026-08-07-game2,2026-08-07T10:40:19.376000+00:00,-0.9419999999999984,0.13280355,-0.8091964499999984
1,8933575351,dota2-ill-stx-2026-08-07-game1,2026-08-07T12:33:02.695000+00:00,-125.17639999999994,3.44915736,-121.72724263999994
1,8933704579,dota2-ill-stx-2026-08-07-game2,2026-08-07T13:44:43.178000+00:00,-46.1819514000002,5.9903660718300005,-40.1915853281702
1,8933879286,dota2-pr1-jenz-2026-08-07-game1,2026-08-07T15:25:51.002000+00:00,-343.3922005200001,5.765415327426,-337.62678519257406
1,8933988979,dota2-pr1-jenz-2026-08-07-game2,2026-08-07T16:29:38.697000+00:00,18.577379259999987,1.3942462446135,19.971625504613485
1,8934184387,dota2-jenz-nemiga-2026-08-07-game1,2026-08-07T18:35:03.983000+00:00,8.176499999999955,0.9604362075,9.136936207499955
1,8934279386,dota2-jenz-nemiga-2026-08-07-game2,2026-08-07T19:33:30.612000+00:00,0.0,0.0,0.0
1,8936825643,dota2-pr1-yes-2026-08-09-game1,2026-08-09T09:22:32.992000+00:00,-18.28237759000004,1.69477379235675,-16.58760379764329
1,8937080738,dota2-pr1-yes-2026-08-09,2026-08-09T12:20:23.208000+00:00,-11.641679699999866,7.2583428300975,-4.383336869902366
1,8937188618,dota2-lvlup1-mouz-2026-08-09-game1,2026-08-09T13:17:49.636000+00:00,-13.477156319999997,0.49700481577199995,-12.980151504227997
1,8937335830,dota2-lvlup1-mouz-2026-08-09-game2,2026-08-09T14:27:35.299000+00:00,15.315600000000074,3.6414714599999995,18.957071460000073
1,8937484593,dota2-ill-re-2026-08-09-game1,2026-08-09T15:55:00.679000+00:00,0.0,0.05306399999999999,0.05306399999999999
1,8937631882,dota2-ill-re-2026-08-09-game2,2026-08-09T17:12:21.447000+00:00,0.0,0.0,0.0
1,8937722788,dota2-z10-navi-2026-08-09-game1,2026-08-09T18:17:16.930000+00:00,-130.59309999999982,5.0804462775,-125.51265372249982
1,8938509987,dota2-pr1-mouz-2026-08-10-game1,2026-08-10T09:24:47.767000+00:00,21.45010000000002,1.9645196025,23.41461960250002
1,8938565057,dota2-pr1-mouz-2026-08-10-game2,2026-08-10T10:12:07.159000+00:00,3.9843827200000073,0.49432566019199997,4.478708380192007
1,8938634026,dota2-pr1-mouz-2026-08-10,2026-08-10T11:15:54.851000+00:00,-21.050114979999904,2.568889710819,-18.481225269180904
1,8938716198,dota2-ill-z10-2026-08-10-game1,2026-08-10T12:25:50.383000+00:00,4.447784459999948,1.7453737742834998,6.193158234283448
1,8939023869,dota2-yes-lvlup1-2026-08-10-game1,2026-08-10T15:24:37.289000+00:00,0.0,0.0,0.0
1,8940059913,dota2-lvlup1-navi-2026-08-11-game1,2026-08-11T09:16:02.605000+00:00,43.110146599999965,1.8867683174399996,44.996914917439966
1,8940117837,dota2-lvlup1-navi-2026-08-11-game2,2026-08-11T10:12:11.551000+00:00,-16.53404462999993,5.61807699248775,-10.915967637512178
1,8940266495,dota2-mouz-re-2026-08-11-game1,2026-08-11T12:16:13.042000+00:00,0.14724999999999877,1.46995894875,1.6172089487499988
1,8940365227,dota2-mouz-re-2026-08-11-game2,2026-08-11T13:12:04.281000+00:00,-28.557574190000082,3.00032845962675,-25.55724573037333
1,8940487898,dota2-mouz-re-2026-08-11,2026-08-11T14:25:06.999000+00:00,-45.493761040000095,6.491034237957,-39.00272680204309
1,8940643574,dota2-yes-z10-2026-08-11-game1,2026-08-11T15:45:57.067000+00:00,19.146555050000032,2.09774579312625,21.244300843126283
1,8940756672,dota2-yes-z10-2026-08-11-game2,2026-08-11T16:48:25.758000+00:00,-65.85369140000012,3.8599281311294997,-61.993763268870616
1,8941656460,dota2-lvlup1-re-2026-08-12-game1,2026-08-12T09:19:34.658000+00:00,22.078700000000026,2.7031103924999997,24.781810392500027
1,8941733752,dota2-lvlup1-re-2026-08-12-game2,2026-08-12T10:35:42.245000+00:00,32.45749908999993,2.74130191970175,35.198801009701675
1,8941817475,dota2-lvlup1-re-2026-08-12,2026-08-12T11:50:26.039000+00:00,10.202200000000005,1.202265225,11.404465225000004
1,8942003788,dota2-navi-lvlup1-2026-08-12-game1,2026-08-12T13:42:36.457000+00:00,13.08960000000009,1.35562086,14.44522086000009
1,8942152024,dota2-navi-lvlup1-2026-08-12-game2,2026-08-12T14:50:30.897000+00:00,0.3661999999999921,0.45507633000000003,0.8212763299999921
1,8942262723,dota2-navi-lvlup1-2026-08-12-game3,2026-08-12T15:53:47.795000+00:00,2.842170943040401e-14,0.5099918400000001,0.5099918400000285
1,8962372120,dota2-ic-nemiga-2026-08-24-game1,2026-08-24T07:17:08.649000+00:00,0.0,0.0,0.0
1,8962458373,dota2-ic-nemiga-2026-08-24-game2,2026-08-24T08:26:45.454000+00:00,-9.579801779999997,0.8399067988589999,-8.739894981140997
1,8962592819,dota2-ks-lynx-2026-08-24-game1,2026-08-24T10:19:27.562000+00:00,0.0,0.0,0.0
1,8962736746,dota2-ks-lynx-2026-08-24-game2,2026-08-24T11:33:18.452000+00:00,145.8581616199997,3.9651568787774996,149.82331849877718
1,8962964580,dota2-sb5-stx-2026-08-24-game1,2026-08-24T13:25:23.881000+00:00,1.2416661000000002,0.006518747025,1.2481848470250003
1,8963508714,dota2-rearis-lynx-2026-08-24-game2,2026-08-24T17:37:20.349000+00:00,5.8877992000000745,2.49271564272,8.380514842720075
1,8963649188,dota2-dynast1-fts-2026-08-24-game1,2026-08-24T19:15:00.848000+00:00,112.25689999999997,1.3376134275,113.59451342749998
1,8963790789,dota2-dynast1-fts-2026-08-24-game2,2026-08-24T20:20:45.642000+00:00,-6.590000500000002,1.030264167375,-5.559736332625002
1,8964399842,dota2-pckcp-nemiga-2026-08-25-game1,2026-08-25T07:22:10.248000+00:00,0.1200000000000001,0.022347,0.1423470000000001
1,8964480771,dota2-pckcp-nemiga-2026-08-25-game2,2026-08-25T08:31:41.723000+00:00,-8.08936275000002,2.6497141221937497,-5.439648627806271
1,8964574076,dota2-pckcp-nemiga-2026-08-25,2026-08-25T09:52:05.670000+00:00,-0.03999999999999737,1.306035,1.2660350000000027
1,8964657335,dota2-fts-pckcp-2026-08-25-game1,2026-08-25T10:52:11.864000+00:00,-6.577024239999975,0.89456775549,-5.682456484509975
1,8964837315,dota2-fts-pckcp-2026-08-25-game2,2026-08-25T12:34:06.314000+00:00,7.256032560000024,1.6405089911564998,8.896541551156524
1,8964962329,dota2-ic-fts-2026-08-25-game1,2026-08-25T13:50:36.471000+00:00,167.08900212999987,1.9607698065772499,169.04977193657712
1,8965097316,dota2-ic-fts-2026-08-25-game2,2026-08-25T14:41:01.046000+00:00,-14.199706970000037,2.2273263138427497,-11.972380656157288
1,8964938940,dota2-rearis-spirit1-2026-08-25-game1,2026-08-25T16:23:39.394000+00:00,1.9000000000000057,0.4039575,2.303957500000006
1,8965544741,dota2-rearis-spirit1-2026-08-25,2026-08-25T18:44:21.316000+00:00,-59.455201660000014,3.1735602698954994,-56.28164139010452
1,8969842778,dota2-pckcp-ic-2026-08-28-game2,2026-08-28T08:21:21.985000+00:00,117.08960027999998,4.5119717426234995,121.60157202262349
1,8969978865,dota2-rearis-sb5-2026-08-28-game1,2026-08-28T10:27:01.322000+00:00,-8.523500000000002,0.3156150375,-8.207884962500001
1,8970089224,dota2-rearis-sb5-2026-08-28-game2,2026-08-28T11:41:09.553000+00:00,0.9600000000000009,0.057456,1.0174560000000008
1,8970207176,dota2-rearis-sb5-2026-08-28,2026-08-28T12:56:49.576000+00:00,11.547259000000032,0.8495541584999999,12.396813158500033
1,8970338180,dota2-synaps-nemiga-2026-08-28-game1,2026-08-28T14:09:13.367000+00:00,-0.0017924500000106036,1.09356004951875,1.0917675995187395
1,8970352005,dota2-dynast1-ic-2026-08-28-game1,2026-08-28T14:10:35.964000+00:00,0.08770000000000033,0.0323284125,0.12002841250000033
1,8970470057,dota2-synaps-nemiga-2026-08-28-game2,2026-08-28T15:09:53.245000+00:00,514.8322093300001,2.62815551732775,517.4603648473278
1,8970485789,dota2-dynast1-ic-2026-08-28-game2,2026-08-28T15:14:26.848000+00:00,-70.64412949000007,3.11789786247225,-67.52623162752782
1,8970575970,dota2-synaps-nemiga-2026-08-28,2026-08-28T16:02:11.965000+00:00,-26.37886379000001,1.32446620082475,-25.05439758917526
1,8970655100,dota2-dynast1-ic-2026-08-28,2026-08-28T16:43:34.585000+00:00,-26.965705309999947,3.37539650764575,-23.590308802354198
1,8970886632,dota2-dynast1-pckcp-2026-08-28-game2,2026-08-28T18:51:22.084000+00:00,235.52301738000023,1.7278212647850002,237.25083864478523
1,8971007454,dota2-ks-rearis-2026-08-28-game1,2026-08-28T20:11:41.712000+00:00,-50.46919999999993,2.10087771,-48.36832228999993
1,8971016820,dota2-fts-nemiga-2026-08-28-game1,2026-08-28T20:17:43.711000+00:00,0.0,0.0,0.0
1,8971111987,dota2-ks-rearis-2026-08-28-game2,2026-08-28T21:24:47.695000+00:00,7.740000000000009,0.2292975,7.9692975000000095
1,8971423978,dota2-db2-satan-2026-08-28-game2,2026-08-29T03:20:55.120000+00:00,0.0,0.0,0.0
1,8971501630,dota2-nexus-cres-2026-08-28,2026-08-29T04:51:09.441000+00:00,-137.51638924999995,2.9004659813062497,-134.6159232686937
1,8971519375,dota2-nem-6seven-2026-08-29-game1,2026-08-29T05:14:15.579000+00:00,-6.378696140000002,0.7784699772915,-5.600226162708502
1,8971586781,dota2-nem-6seven-2026-08-29-game2,2026-08-29T06:13:46.689000+00:00,-12.08340000000004,1.4934411749999998,-10.589958825000041
1,8971664649,dota2-nem-6seven-2026-08-29,2026-08-29T07:24:10.704000+00:00,4.38504506000001,0.8223174526455,5.20736251264551
1,8971753986,dota2-icecre-kineti-2026-08-29-game1,2026-08-29T08:38:12.829000+00:00,0.0,0.0,0.0
1,8971849697,dota2-icecre-kineti-2026-08-29-game2,2026-08-29T09:43:14.699000+00:00,0.0,0.0,0.0
1,8971891627,dota2-dynast1-nemiga-2026-08-29-game1,2026-08-29T10:17:49.464000+00:00,12.703000000000003,0.376649625,13.079649625000004
1,8971964803,dota2-mouz-yes-2026-08-29-game1,2026-08-29T11:13:49.271000+00:00,-18.19850093,2.82767781491925,-15.370823115080752
1,8971988345,dota2-sb5-lynx-2026-08-29-game1,2026-08-29T11:21:30.742000+00:00,-4.384284280000001,0.10097214795599999,-4.283312132044001
1,8972103119,dota2-sb5-lynx-2026-08-29-game2,2026-08-29T12:31:54.536000+00:00,-14.146629800000042,0.581044860255,-13.565584939745042
1,8972115962,dota2-mouz-yes-2026-08-29-game2,2026-08-29T12:36:59.931000+00:00,-29.187834200000054,4.183846949745,-25.003987250255054
1,8972289868,dota2-huliga-lynx-2026-08-29-game1,2026-08-29T14:15:10.550000+00:00,-38.90169023999987,4.041388220472,-34.86030201952787
1,8972502454,dota2-huliga-lynx-2026-08-29-game2,2026-08-29T15:52:19.963000+00:00,-80.97529999999995,2.5288298774999998,-78.44647012249995
1,8972611918,dota2-huliga-lynx-2026-08-29,2026-08-29T16:49:36.587000+00:00,-8.311699999999973,3.3349758075000002,-4.976724192499973
1,8972773416,dota2-pi-lvlup1-2026-08-29-game1,2026-08-29T18:17:23.637000+00:00,-141.72339943999984,4.577333218025999,-137.14606622197383
1,8972893200,dota2-pi-lvlup1-2026-08-29-game2,2026-08-29T19:20:53.860000+00:00,-12.055791839999998,1.7111416516559999,-10.344650188343998
1,8973011673,dota2-pi-lvlup1-2026-08-29,2026-08-29T20:33:12.059000+00:00,-12.563101000000001,4.3497003645,-8.213400635500001
1,8973010298,dota2-ks-spirit1-2026-08-29-game1,2026-08-29T20:38:42.759000+00:00,-44.55000000000001,0.41098724999999997,-44.13901275000001
1,8973337131,dota2-icecre-xctn-2026-08-30-game1,2026-08-30T02:14:49.254000+00:00,-6.475780999999998,0.17378123662499997,-6.301999763374998
1,8973405568,dota2-icecre-xctn-2026-08-30-game2,2026-08-30T03:19:55.483000+00:00,-9.945140510000023,2.3559476654977503,-7.589192844502273
1,8973462028,dota2-icecre-xctn-2026-08-30,2026-08-30T04:30:11.988000+00:00,-7.43284036,4.426818975621,-3.0060213843790002
1,8973502629,dota2-clo-yb1-2026-08-30-game1,2026-08-30T05:13:07.837000+00:00,0.0,0.0,0.0
1,8973568453,dota2-clo-yb1-2026-08-30-game2,2026-08-30T06:12:50.377000+00:00,-3.316375939999986,0.2700382454895,-3.0463376945104863
1,8973613420,dota2-clo-yb1-2026-08-30,2026-08-30T07:04:46.677000+00:00,11.882434180000047,0.4760518795815,12.358486059581546
1,8973707438,dota2-lynx-lvlup1-2026-08-30-game1,2026-08-30T08:16:36.050000+00:00,0.0,0.0,0.0
1,8973859403,dota2-lynx-lvlup1-2026-08-30-game2,2026-08-30T09:56:31.353000+00:00,3.8719708799999637,4.0062072295245,7.878178109524463
1,8973884000,dota2-nem-xctn-2026-08-30-game2,2026-08-30T10:12:32.710000+00:00,-6.59003388999993,1.48083790814925,-5.10919598185068
1,8973944033,dota2-lynx-lvlup1-2026-08-30,2026-08-30T10:50:43.696000+00:00,357.1516554199999,3.4716613218435,360.6233167418434
1,8974185539,dota2-navi-mouz-2026-08-30-game2,2026-08-30T13:08:29.090000+00:00,-29.668933990000024,2.62260392173425,-27.046330068265775
1,8974647733,dota2-lvlup1-pr1-2026-08-30-game1,2026-08-30T17:09:16.077000+00:00,3.54484626999988,3.2880082505527497,6.83285452055263
1,8974898633,dota2-lvlup1-pr1-2026-08-30,2026-08-30T19:25:58.777000+00:00,-11.977131669999949,5.812647926070749,-6.1644837439292
1,8975110449,dota2-dynast1-ks-2026-08-30-game2,2026-08-30T21:54:27.706000+00:00,-35.557099999999934,3.1648367475,-32.39226325249994
1,8975871235,dota2-synaps-lynx-2026-08-31-game1,2026-08-31T12:26:44.788000+00:00,-12.14670842000002,1.5067338136019999,-10.63997460639802
1,8976012755,dota2-synaps-lynx-2026-08-31-game2,2026-08-31T13:41:35.303000+00:00,12.657100000000014,1.5299960625,14.187096062500014
1,8976166971,dota2-synaps-lynx-2026-08-31,2026-08-31T15:09:07.826000+00:00,33.36195760000015,4.3057095738,37.667667173800155
1,8976300473,dota2-4iki-ic-2026-08-31-game1,2026-08-31T16:25:39.940000+00:00,-9.743439600000016,1.2963883668,-8.447051233200016
1,8976441468,dota2-4iki-ic-2026-08-31-game2,2026-08-31T17:43:06.122000+00:00,2.9980000000000047,0.16112751,3.1591275100000047
1,8976511215,dota2-4iki-ic-2026-08-31,2026-08-31T18:29:54.020000+00:00,293.38766087999994,7.510850234063999,300.8985111140639
1,8976665322,dota2-spirit1-pi-2026-08-31-game1,2026-08-31T20:26:57.494000+00:00,15.987328180000002,2.1546706693589996,18.141998849359002
1,8976751962,dota2-spirit1-pi-2026-08-31-game2,2026-08-31T21:40:17.685000+00:00,10.35995815999999,0.925817998488,11.285776158487991
1,8977325814,dota2-ks-pckcp-2026-09-01-game2,2026-09-01T10:26:27.059000+00:00,2.6524301200000195,1.3539036397619997,4.006333759762019
1,8977476867,dota2-ic-lynx-2026-09-01-game1,2026-09-01T12:26:04.131000+00:00,32.4172,1.4802367799999998,33.89743678
1,8977623650,dota2-ic-lynx-2026-09-01-game2,2026-09-01T13:53:28.128000+00:00,40.2496,3.44625114,43.69585114
1,8977913355,dota2-synaps-lvlup1-2026-09-01-game2,2026-09-01T16:37:59.217000+00:00,12.342600000000004,0.377382375,12.719982375000004
1,8978023576,dota2-synaps-lvlup1-2026-09-01,2026-09-01T17:45:54.185000+00:00,-19.49658144000003,1.1476158398879999,-18.348965600112027
1,8978832148,dota2-pr1-ic-2026-09-02-game1,2026-09-02T09:52:32.767000+00:00,123.12580901000001,1.93901200554225,125.06482101554226
1,8978916284,dota2-pr1-ic-2026-09-02-game2,2026-09-02T11:19:11.539000+00:00,2.459000000000003,0.751531875,3.210531875000003
1,8978986214,dota2-pr1-ic-2026-09-02,2026-09-02T12:20:55.440000+00:00,-9.831100000000026,0.8866724025,-8.944427597500026
1,8979131280,dota2-dynast1-pckcp-2026-09-02-game1,2026-09-02T13:56:13.878000+00:00,0.0,0.0,0.0
1,8979241530,dota2-dynast1-pckcp-2026-09-02-game2,2026-09-02T14:56:18.245000+00:00,42.016213300000004,1.992175703472,44.008389003472004
1,8979344496,dota2-synaps-4iki-2026-09-02-game1,2026-09-02T15:59:27.587000+00:00,14.177858489999917,6.59399774811675,20.771856238116666
1,8980293569,dota2-z10-ks-2026-09-03-game1,2026-09-03T09:18:42.909000+00:00,6.167114639999983,1.066397856738,7.233512496737983
1,8980358113,dota2-z10-ks-2026-09-03-game2,2026-09-03T10:27:20.250000+00:00,-14.649498289999912,2.36967134282625,-12.279826947173662
1,8980463789,dota2-pckcp-spirit1-2026-09-03-game1,2026-09-03T12:14:02.762000+00:00,-1.3200000000000074,0.231165,-1.0888350000000073
1,8980769413,dota2-pi-dynast1-2026-09-03-game1,2026-09-03T15:17:23.998000+00:00,15.200000000000003,0.30838499999999996,15.508385000000002
2,8837869969,dota2-aur1-ty-2026-06-04-game1,2026-06-04T09:17:47.612000+00:00,72.47790000000009,4.4991634425,76.9770634425001
2,8837957019,dota2-aur1-ty-2026-06-04-game2,2026-06-04T11:05:49.570000+00:00,-67.15469999999979,6.4609586624999995,-60.693741337499794
2,8838056564,dota2-flc-liquid-2026-06-04-game1,2026-06-04T12:43:48.535000+00:00,-20.376300000000015,3.2299372424999997,-17.146362757500015
2,8838170936,dota2-flc-liquid-2026-06-04-game2,2026-06-04T14:05:12.636000+00:00,-10.012396199999955,1.29732778404,-8.715068415959955
2,8838396820,dota2-lgd-ty-2026-06-04-game2,2026-06-04T16:48:28.531000+00:00,11.4230977,3.820133654457,15.243231354456999
2,8838480778,dota2-lgd-ty-2026-06-04,2026-06-04T17:57:47.377000+00:00,-96.70470097999991,3.7914152879055,-92.91328569209442
2,8839123109,dota2-flc-bb4-2026-06-05-game1,2026-06-05T09:16:39.267000+00:00,-53.12386080000001,0.75416818902,-52.36969261098001
2,8839193447,dota2-flc-bb4-2026-06-05-game2,2026-06-05T10:38:10.594000+00:00,55.264609679999886,3.120066312564,58.384675992563885
2,8839366504,dota2-lgd-liquid-2026-06-05-game2,2026-06-05T13:21:18.066000+00:00,-123.87040000000007,4.395671865,-119.47472813500008
2,8839494962,dota2-flc-aur1-2026-06-05-game1,2026-06-05T14:52:18.684000+00:00,66.58050000000014,3.4347636674999995,70.01526366750014
2,8839625815,dota2-flc-aur1-2026-06-05-game2,2026-06-05T16:13:53.150000+00:00,9.878737760000007,1.1423866580879998,11.021124418088007
2,8839717574,dota2-flc-aur1-2026-06-05,2026-06-05T17:21:15.591000+00:00,-14.680999999999983,2.073308505,-12.607691494999983
2,8840635639,dota2-ty-bb4-2026-06-06-game1,2026-06-06T10:47:49.658000+00:00,4.984599059999994,0.8222017928145,5.806800852814494
2,8840704374,dota2-ty-bb4-2026-06-06-game2,2026-06-06T11:51:44.485000+00:00,-24.956100000000106,8.7907587975,-16.165341202500105
2,8840821227,dota2-ty-bb4-2026-06-06,2026-06-06T13:12:37.368000+00:00,80.25023783999995,4.354185304872,84.60442314487196
2,8840984097,dota2-aur1-lgd-2026-06-06-game1,2026-06-06T15:05:33.978000+00:00,-3.435113770000001,2.38900115082525,-1.046112619174751
2,8841114801,dota2-aur1-lgd-2026-06-06-game2,2026-06-06T16:30:29.855000+00:00,-24.644200760000032,1.435449671979,-23.20875108802103
2,8842052142,dota2-bb4-lgd-2026-06-07-game1,2026-06-07T09:18:04.694000+00:00,-62.15210240000016,4.196818784871,-57.95528361512916
2,8842134886,dota2-bb4-lgd-2026-06-07-game2,2026-06-07T10:28:41.168000+00:00,36.49995710000013,5.3232685041375,41.82322560413763
2,8842245726,dota2-bb4-lgd-2026-06-07,2026-06-07T11:59:53.564000+00:00,-6.048200000000065,5.195604735,-0.8525952650000654
2,8842468101,dota2-ty-lgd-2026-06-07-game1,2026-06-07T14:21:40.854000+00:00,-71.5326552299999,2.71383405731025,-68.81882117268965
2,8842596730,dota2-ty-lgd-2026-06-07-game2,2026-06-07T15:49:20.066000+00:00,-19.561899999999923,1.7680581825,-17.793841817499924
2,8842722527,dota2-ty-lgd-2026-06-07-game3,2026-06-07T17:12:22.566000+00:00,68.78449999999998,3.2673165675,72.05181656749998
2,8842845018,dota2-ty-lgd-2026-06-07-game4,2026-06-07T18:51:58.999000+00:00,0.0,0.0,0.0
2,8843465364,dota2-4iki-nande4-2026-06-08-game1,2026-06-08T09:15:08.776000+00:00,0.7200000000000002,0.059202000000000005,0.7792020000000002
2,8843512570,dota2-4iki-nande4-2026-06-08-game2,2026-06-08T10:09:45.609000+00:00,-11.28470075999999,0.899424350619,-10.385276409380989
2,8843560379,dota2-4iki-nande4-2026-06-08,2026-06-08T11:10:54.138000+00:00,-29.26430072999989,2.5728514852552498,-26.69144924474464
2,8843760302,dota2-vpp-balu-2026-06-08-game2,2026-06-08T13:42:26.324000+00:00,0.0,0.0,0.0
2,8844054970,dota2-z10-sb5-2026-06-08-game2,2026-06-08T17:08:41.204000+00:00,57.442400000000006,0.43656534,57.87896534000001
2,8844132483,dota2-vpp-z10-2026-06-08-game1,2026-06-08T18:23:01.210000+00:00,0.0,0.0,0.0
2,8844244719,dota2-vpp-z10-2026-06-08-game2,2026-06-08T19:45:42.908000+00:00,15.316000000000003,0.3890205,15.705020500000003
2,8844308689,dota2-vpp-z10-2026-06-08,2026-06-08T20:50:38.757000+00:00,224.14379999999994,1.2112550699999998,225.35505506999993
2,8850534819,dota2-ill-pr1-2026-06-13-game2,2026-06-13T17:10:42.502000+00:00,-2.1550532799999758,1.3597519911959999,-0.7953012888039759
2,8850593633,dota2-ill-pr1-2026-06-13,2026-06-13T18:00:57.551000+00:00,0.0,0.0,0.0
2,8851984783,dota2-4iki-pr1-2026-06-14-game2,2026-06-14T16:46:25.798000+00:00,-6.797800000000009,0.797172345,-6.0006276550000095
2,8852055373,dota2-4iki-pr1-2026-06-14,2026-06-14T17:46:02.690000+00:00,-94.80319999999989,2.8252455899999998,-91.9779544099999
2,8854443395,dota2-fla-spirit1-2026-06-16-game1,2026-06-16T16:31:44.570000+00:00,-3.84,0.18359999999999999,-3.6563999999999997
2,8885183102,dota2-flc-bb4-2026-07-07-game1,2026-07-07T09:47:24.433000+00:00,-41.66376250000002,2.4556293478125,-39.20813315218752
2,8885195986,dota2-re-xtreme-2026-07-07-game1,2026-07-07T09:55:03.037000+00:00,3.4203970400000117,1.070970448224,4.491367488224012
2,8885252329,dota2-flc-bb4-2026-07-07-game2,2026-07-07T11:01:59.599000+00:00,-21.147599999999954,4.037749155,-17.109850844999954
2,8885275216,dota2-re-xtreme-2026-07-07-game2,2026-07-07T11:16:11.813000+00:00,-0.9251999999999896,1.73955879,0.8143587900000104
2,8885365825,dota2-l1ga-ngx-2026-07-07-game1,2026-07-07T12:34:49.112000+00:00,0.0,0.0,0.0
2,8885380529,dota2-liquid-playti-2026-07-07-game1,2026-07-07T12:43:07.045000+00:00,-8.770599999999973,1.6333049849999997,-7.137295014999974
2,8885411801,dota2-lvlup1-aur1-2026-07-07-game1,2026-07-07T13:06:28.530000+00:00,0.0,0.0,0.0
2,8885470551,dota2-l1ga-ngx-2026-07-07-game2,2026-07-07T13:39:34.570000+00:00,42.49081499999995,1.1302446993750002,43.621059699374946
2,8885473599,dota2-liquid-playti-2026-07-07-game2,2026-07-07T13:52:27.923000+00:00,-84.1556499999999,4.8165449025,-79.3391050974999
2,8885529711,dota2-lvlup1-aur1-2026-07-07-game2,2026-07-07T14:23:52.590000+00:00,11.529118599999983,0.16269539218499995,11.691813992184983
2,8885633666,dota2-ts8-mouz-2026-07-07-game1,2026-07-07T15:33:28.678000+00:00,112.99499999999998,11.33025687,124.32525686999998
2,8885665054,dota2-nem-pari-2026-07-07-game1,2026-07-07T15:41:38.548000+00:00,49.86569100000008,0.998781653925,50.864472653925084
2,8885784652,dota2-ts8-mouz-2026-07-07-game2,2026-07-07T17:16:32.961000+00:00,-60.16391169999987,3.8755172662575,-56.28839443374237
2,8885871759,dota2-ic-1win-2026-07-07-game1,2026-07-07T18:31:07.999000+00:00,0.0,0.0,0.0
2,8885928262,dota2-ty-og-2026-07-07-game1,2026-07-07T19:03:44.444000+00:00,47.67840000000001,0.4282757099999999,48.10667571000001
2,8885974297,dota2-ic-1win-2026-07-07-game2,2026-07-07T19:32:14.446000+00:00,0.0,0.0,0.0
2,8886005043,dota2-ty-og-2026-07-07-game2,2026-07-07T20:03:05.981000+00:00,0.0,0.0,0.0
2,8886576019,dota2-poorra-bb4-2026-07-08-game1,2026-07-08T09:20:01.472000+00:00,-20.0,0.6779999999999999,-19.322
2,8886572854,dota2-gl-xtreme-2026-07-08-game1,2026-07-08T09:27:27.007000+00:00,-110.2142,3.153514455,-107.06068554500001
2,8886638110,dota2-poorra-bb4-2026-07-08-game2,2026-07-08T10:36:00.005000+00:00,1.779999999999987,0.37368335999999996,2.1536833599999867
2,8886640910,dota2-flc-re-2026-07-08-game2,2026-07-08T10:39:41.623000+00:00,19.760833069999933,0.7785716142577498,20.539404684257683
2,8886641793,dota2-gl-xtreme-2026-07-08-game2,2026-07-08T10:45:04.782000+00:00,-124.99030000000013,7.0945696875,-117.89573031250013
2,8886728756,dota2-l1ga-playti-2026-07-08-game1,2026-07-08T12:02:19.795000+00:00,-12.466699999999975,3.8200819874999996,-8.646618012499975
2,8886736772,dota2-liquid-lvlup1-2026-07-08-game1,2026-07-08T12:08:59.488000+00:00,6.976799999999997,0.38075886000000003,7.3575588599999975
2,8886788497,dota2-ngx-aur1-2026-07-08-game1,2026-07-08T12:47:30.744000+00:00,32.430920360000044,0.8106005115299999,33.24152087153004
2,8886815251,dota2-l1ga-playti-2026-07-08-game2,2026-07-08T13:04:20.712000+00:00,25.000200000000035,0.7406309249999998,25.740830925000036
2,8886862310,dota2-liquid-lvlup1-2026-07-08-game2,2026-07-08T13:37:25.898000+00:00,45.36519999999999,0.4752976500000001,45.84049764999999
2,8886994890,dota2-ts8-nem-2026-07-08-game1,2026-07-08T14:59:11.781000+00:00,-0.09999999999999964,0.0196425,-0.08035749999999964
2,8887100676,dota2-vg-pari-2026-07-08-game1,2026-07-08T16:18:23.954000+00:00,2.3195240000000297,0.34498574880000005,2.6645097488000298
2,8887114313,dota2-ts8-nem-2026-07-08-game2,2026-07-08T16:15:19.583000+00:00,0.0,0.0,0.0
2,8887197358,dota2-vg-pari-2026-07-08-game2,2026-07-08T17:23:00.102000+00:00,-23.061100000000124,1.9853564924999998,-21.075743507500125
2,8887218598,dota2-lgd-og-2026-07-08-game1,2026-07-08T17:27:41.870000+00:00,0.2599999999999998,0.0334425,0.2934424999999998
2,8887260104,dota2-ty-ic-2026-07-08-game1,2026-07-08T17:58:24.214000+00:00,0.0,0.0,0.0
2,8887314193,dota2-lgd-og-2026-07-08-game2,2026-07-08T18:40:30.736000+00:00,-31.771113719999953,2.260140297624,-29.510973422375955
2,8887325211,dota2-vp-1win-2026-07-08-game1,2026-07-08T18:51:24.334000+00:00,-67.9119086,3.587192427975,-64.324716172025
2,8887337672,dota2-ty-ic-2026-07-08-game2,2026-07-08T19:01:29.872000+00:00,2.3810000000000002,0.467687925,2.848687925
2,8887432754,dota2-vp-1win-2026-07-08-game2,2026-07-08T20:20:02.742000+00:00,69.52200804,0.409964604951,69.931972644951
2,8887986392,dota2-poorra-xtreme-2026-07-09-game1,2026-07-09T09:21:30.237000+00:00,0.0,0.0,0.0
2,8887998750,dota2-bb4-re-2026-07-09-game1,2026-07-09T09:29:32.198000+00:00,-27.238901340000098,2.1352757597865,-25.1036255802136
2,8888056358,dota2-poorra-xtreme-2026-07-09-game2,2026-07-09T10:34:44.979000+00:00,-14.961999999999989,4.11325206,-10.848747939999988
2,8888066684,dota2-bb4-re-2026-07-09-game2,2026-07-09T10:43:25.275000+00:00,0.0,0.0,0.0
2,8888083694,dota2-gl-flc-2026-07-09-game2,2026-07-09T11:11:32.224000+00:00,-18.15789883999986,3.814209706347,-14.343689133652859
2,8888160657,dota2-l1ga-aur1-2026-07-09-game1,2026-07-09T12:09:38.901000+00:00,4.747180019999973,1.192302830859,5.939482850858973
2,8888173515,dota2-playti-lvlup1-2026-07-09-game1,2026-07-09T12:20:27.216000+00:00,25.434000000000026,0.56795661,26.001956610000025
2,8888217771,dota2-ngx-liquid-2026-07-09-game1,2026-07-09T12:52:14.212000+00:00,9.232277600000009,1.0271380967399997,10.259415696740009
2,8888260336,dota2-l1ga-aur1-2026-07-09-game2,2026-07-09T13:20:05.771000+00:00,-30.129700000000042,0.6246924675,-29.50500753250004
2,8888279558,dota2-playti-lvlup1-2026-07-09-game2,2026-07-09T13:33:23.111000+00:00,38.39910000000006,1.6155714825,40.01467148250006
2,8888318197,dota2-ngx-liquid-2026-07-09-game2,2026-07-09T14:04:08.888000+00:00,24.34982820000002,4.96720050291,29.31702870291002
2,8888405761,dota2-mouz-nem-2026-07-09-game1,2026-07-09T14:48:45.816000+00:00,0.0,0.0,0.0
2,8888425887,dota2-rnx-pari-2026-07-09-game1,2026-07-09T15:02:02.148000+00:00,-7.8264,0.34456247999999995,-7.48183752
2,8888489297,dota2-vg-ts8-2026-07-09-game1,2026-07-09T15:42:43.149000+00:00,-65.39159999999995,1.7442463349999997,-63.647353664999955
2,8888555097,dota2-mouz-nem-2026-07-09-game2,2026-07-09T16:24:34.308000+00:00,-28.22700000000001,1.9542103349999997,-26.272789665000012
2,8888554919,dota2-rnx-pari-2026-07-09-game2,2026-07-09T16:26:10.054000+00:00,0.0,0.0,0.0
2,8888592426,dota2-vg-ts8-2026-07-09-game2,2026-07-09T16:59:54.115000+00:00,-8.349100000000021,0.8770491525,-7.472050847500022
2,8888682602,dota2-og-ic-2026-07-09-game1,2026-07-09T17:53:01.981000+00:00,-58.459899460000116,1.8791955799485,-56.580703880051615
2,8888693655,dota2-vp-ty-2026-07-09-game1,2026-07-09T18:07:57.629000+00:00,0.0,0.35999568000000004,0.35999568000000004
2,8888731478,dota2-lgd-1win-2026-07-09-game1,2026-07-09T18:35:20.326000+00:00,11.39618430999996,1.2100914694282499,12.60627577942821
2,8888771711,dota2-og-ic-2026-07-09-game2,2026-07-09T19:04:50.495000+00:00,0.0,0.0,0.0
2,8888819433,dota2-lgd-1win-2026-07-09-game2,2026-07-09T19:41:02.532000+00:00,32.16519999999991,4.33214268,36.49734267999991
2,8889452921,dota2-re-gl-2026-07-10-game1,2026-07-10T09:17:34.068000+00:00,91.7849,2.5821781425,94.36707814249999
2,8889468264,dota2-xtreme-bb4-2026-07-10-game1,2026-07-10T09:26:30.741000+00:00,-55.90867585999993,3.7532451470595,-52.15543071294043
2,8889513730,dota2-poorra-flc-2026-07-10-game2,2026-07-10T10:17:36.842000+00:00,0.0,0.47812499999999997,0.47812499999999997
2,8889524021,dota2-xtreme-bb4-2026-07-10-game2,2026-07-10T10:37:39.793000+00:00,3.078871420000013,2.6961368411145,5.775008261114513
2,8889538949,dota2-re-gl-2026-07-10-game2,2026-07-10T10:40:57.402000+00:00,-54.329299999999876,4.9466712525,-49.38262874749988
2,8889615310,dota2-l1ga-liquid-2026-07-10-game1,2026-07-10T11:48:20.990000+00:00,7.466834259999985,0.5647211049465,8.031555364946485
2,8889621582,dota2-aur1-playti-2026-07-10-game1,2026-07-10T11:57:42.116000+00:00,-41.269800000000004,1.150236945,-40.119563055
2,8889699098,dota2-l1ga-liquid-2026-07-10-game2,2026-07-10T12:46:15.831000+00:00,0.0,0.0,0.0
2,8889733840,dota2-aur1-playti-2026-07-10-game2,2026-07-10T13:14:22.837000+00:00,-77.64530000000002,2.6873379825,-74.95796201750002
2,8889871314,dota2-nem-vg-2026-07-10-game1,2026-07-10T14:27:52.631000+00:00,-4.563199999999995,1.3615275599999999,-3.201672439999995
2,8889914618,dota2-pari-mouz-2026-07-10-game1,2026-07-10T14:59:49.254000+00:00,-13.793399999999991,1.090343385,-12.70305661499999
2,8889944251,dota2-rnx-ts8-2026-07-10-game1,2026-07-10T15:15:29.857000+00:00,8.888799999999947,0.24399756000000006,9.132797559999947
2,8890008812,dota2-nem-vg-2026-07-10-game2,2026-07-10T15:49:04.827000+00:00,41.136499999999984,0.8393777775,41.97587777749998
2,8890036748,dota2-pari-mouz-2026-07-10-game2,2026-07-10T16:15:07.698000+00:00,0.0,0.0,0.0
2,8890074597,dota2-rnx-ts8-2026-07-10-game2,2026-07-10T16:28:42.555000+00:00,0.0,0.0,0.0
2,8890179830,dota2-lgd-ty-2026-07-10-game1,2026-07-10T17:38:53.401000+00:00,190.5725,1.1095444575,191.68204445749998
2,8890270555,dota2-1win-og-2026-07-10-game2,2026-07-10T18:36:26.467000+00:00,0.0,0.0,0.0
2,8890268632,dota2-lgd-ty-2026-07-10-game2,2026-07-10T18:43:14.663000+00:00,-4.77720000000005,1.634064345,-3.14313565500005
2,8890301402,dota2-ic-vp-2026-07-10-game2,2026-07-10T18:52:09.717000+00:00,0.0,0.0,0.0
2,8891108843,dota2-poorra-re-2026-07-11-game1,2026-07-11T09:15:44.932000+00:00,86.64969999999998,3.0414479475,89.69114794749999
2,8891108985,dota2-bb4-gl-2026-07-11-game1,2026-07-11T09:17:06.187000+00:00,8.82359999999997,0.93419865,9.757798649999971
2,8891145641,dota2-xtreme-flc-2026-07-11-game1,2026-07-11T09:30:07.111000+00:00,0.0,0.0,0.0
2,8891217710,dota2-poorra-re-2026-07-11-game2,2026-07-11T10:44:50.172000+00:00,-114.9492007,4.1554225926375,-110.7937781073625
2,8891240327,dota2-xtreme-flc-2026-07-11-game2,2026-07-11T11:01:14.698000+00:00,7.117200000000004,1.9989237299999998,9.116123730000004
2,8891325877,dota2-l1ga-lvlup1-2026-07-11-game1,2026-07-11T12:09:46.181000+00:00,-64.33970199999993,2.59517799375,-61.74452400624993
2,8891349244,dota2-playti-ngx-2026-07-11-game1,2026-07-11T12:27:52.369000+00:00,23.67700000000002,5.539210185,29.216210185000023
2,8891371442,dota2-aur1-liquid-2026-07-11-game1,2026-07-11T12:43:19.319000+00:00,1.2600000000000051,0.44292149999999997,1.702921500000005
2,8891438996,dota2-l1ga-lvlup1-2026-07-11-game2,2026-07-11T13:19:40.554000+00:00,41.9871,1.8749464875,43.862046487499995
2,8891497910,dota2-aur1-liquid-2026-07-11-game2,2026-07-11T13:53:37.287000+00:00,34.8228,0.8214707250000001,35.644270725
2,8891519142,dota2-playti-ngx-2026-07-11-game2,2026-07-11T14:08:43.754000+00:00,-25.533778819999974,0.9955732413314999,-24.538205578668475
2,8892829232,dota2-mouz-vg-2026-07-12-game1,2026-07-12T09:15:57.248000+00:00,-194.91153232000008,2.969852476452,-191.9416798435481
2,8892835652,dota2-rnx-nem-2026-07-12-game1,2026-07-12T09:19:01.546000+00:00,-9.624800000000029,1.4694504,-8.15534960000003
2,8892836635,dota2-pari-ts8-2026-07-12-game1,2026-07-12T09:26:06.808000+00:00,-39.83259999999993,6.981328725,-32.85127127499993
2,8892923329,dota2-mouz-vg-2026-07-12-game2,2026-07-12T10:25:59.512000+00:00,-172.64814605000004,4.54933423118025,-168.0988118188198
2,8892914077,dota2-pari-ts8-2026-07-12-game2,2026-07-12T10:31:28.406000+00:00,-22.342711799999904,2.7341221223699996,-19.608589677629904
2,8892958964,dota2-rnx-nem-2026-07-12-game2,2026-07-12T10:53:08.655000+00:00,-114.4755000000002,4.360934992500001,-110.11456500750019
2,8893070561,dota2-1win-ty-2026-07-12-game1,2026-07-12T12:14:45.162000+00:00,17.784974719999923,5.4588244478879995,23.24379916788792
2,8893106015,dota2-og-vp-2026-07-12-game1,2026-07-12T12:36:42.440000+00:00,9.480299009999964,1.0388682201982498,10.519167230198214
2,8893165071,dota2-1win-ty-2026-07-12-game2,2026-07-12T13:18:20.777000+00:00,-56.25333783999997,2.625540061428,-53.627797778571974
2,8893253595,dota2-og-vp-2026-07-12-game2,2026-07-12T13:56:28.498000+00:00,-3.040325999999965,1.7232848136,-1.3170411863999647
2,8896139222,dota2-re-vp-2026-07-14-game1,2026-07-14T11:15:10.363000+00:00,4.789999999999999,1.79565375,6.585653749999999
2,8896140998,dota2-liquid-xtreme-2026-07-14-game1,2026-07-14T11:24:31.795000+00:00,2.9623986399999467,2.4895313058179998,5.451929945817946
2,8896234088,dota2-re-vp-2026-07-14-game2,2026-07-14T12:30:48.003000+00:00,-0.1900000000000004,0.06525075,-0.1247492500000004
2,8896267691,dota2-liquid-xtreme-2026-07-14-game2,2026-07-14T13:05:08.216000+00:00,-32.88860000000011,3.3032282699999995,-29.585371730000112
2,8896380183,dota2-re-vp-2026-07-14,2026-07-14T14:02:34.965000+00:00,-59.5899,1.6799822625,-57.9099177375
2,8896486914,dota2-liquid-xtreme-2026-07-14,2026-07-14T15:13:00.049000+00:00,-7.084200000000019,1.3509559050000002,-5.7332440950000185
2,8896645659,dota2-lgd-mouz-2026-07-14-game1,2026-07-14T16:55:49.823000+00:00,0.1612,0.022656660000000002,0.18385666
2,8896731473,dota2-lgd-mouz-2026-07-14-game2,2026-07-14T18:02:11.857000+00:00,3.384400000000113,2.15166807,5.536068070000113
2,8897585705,dota2-aur1-re-2026-07-15-game1,2026-07-15T11:19:40.513000+00:00,-6.941705920000061,0.906260416284,-6.035445503716061
2,8897588873,dota2-ts8-liquid-2026-07-15-game1,2026-07-15T11:25:30.473000+00:00,-114.53611229000012,6.08705121950025,-108.44906107049987
2,8897695379,dota2-aur1-re-2026-07-15-game2,2026-07-15T12:41:48.340000+00:00,-4.5978000000000065,0.41483650499999997,-4.182963495000006
2,8897696869,dota2-ts8-liquid-2026-07-15-game2,2026-07-15T12:54:25.976000+00:00,76.92288335000006,6.80605497369375,83.72893832369381
2,8897831774,dota2-ts8-liquid-2026-07-15,2026-07-15T14:13:24.528000+00:00,-2.842170943040401e-14,0.93001581,0.9300158099999716
2,8897841991,dota2-1win-vg-2026-07-15-game1,2026-07-15T14:22:22.284000+00:00,0.0,0.6899993099999999,0.6899993099999999
2,8897971312,dota2-1win-vg-2026-07-15-game2,2026-07-15T15:33:39.656000+00:00,-4.623899999999992,0.8935712325,-3.7303287674999916
2,8898003442,dota2-bb4-lgd-2026-07-15-game1,2026-07-15T15:56:58.589000+00:00,4.458894750000013,2.8651548442687504,7.324049594268764
2,8898084910,dota2-1win-vg-2026-07-15,2026-07-15T16:49:08.935000+00:00,-10.097599999999858,4.823085585,-5.2745144149998575
2,8898117600,dota2-bb4-lgd-2026-07-15-game2,2026-07-15T17:15:52.403000+00:00,36.83537334999997,0.8249502069112498,37.660323556911216
2,8899028080,dota2-ty-ts8-2026-07-17-game1,2026-07-16T11:25:22.617000+00:00,-15.384500000000003,1.0788380624999998,-14.305661937500004
2,8899120700,dota2-ty-ts8-2026-07-17-game2,2026-07-16T12:44:26.752000+00:00,-86.35219999999993,6.095735400000001,-80.25646459999993
2,8899307453,dota2-pari-re-2026-07-17-game1,2026-07-16T14:36:23.407000+00:00,9.65639999999999,0.65236554,10.30876553999999
2,8899420575,dota2-pari-re-2026-07-17-game2,2026-07-16T15:46:28.167000+00:00,-17.376400000000046,1.2450165749999997,-16.131383425000045
2,8900508749,dota2-flc-vg-2026-07-16-game1,2026-07-17T11:21:46.405000+00:00,-10.298900800000006,0.88942995582,-9.409470844180005
2,8900623530,dota2-flc-vg-2026-07-16-game2,2026-07-17T12:54:30.551000+00:00,-65.17990000000026,7.5005889375,-57.67931106250026
2,8900771154,dota2-ngx-bb4-2026-07-16-game1,2026-07-17T14:28:08.196000+00:00,4.0523000000000025,0.5005485825,4.552848582500003
2,8900882416,dota2-ngx-bb4-2026-07-16-game2,2026-07-17T15:33:10.588000+00:00,0.0,0.0,0.0
2,8902107148,dota2-bb4-vg-2026-07-18-game1,2026-07-18T11:22:02.020000+00:00,1.75,0.06283125,1.81283125
2,8902173969,dota2-bb4-vg-2026-07-18-game2,2026-07-18T12:21:15.910000+00:00,5.294799999999999,1.0729182600000002,6.367718259999998
2,8902338515,dota2-ty-pari-2026-07-18-game1,2026-07-18T14:06:38.308000+00:00,8.332399420000002,3.1218961477815,11.454295567781502
2,8902431810,dota2-ty-pari-2026-07-18-game2,2026-07-18T15:09:37.865000+00:00,-2.258400000000023,9.47564124,7.217241239999977
2,8902610619,dota2-ty-pari-2026-07-18,2026-07-18T16:48:06.686000+00:00,104.07524900000004,7.7432711230499995,111.81852012305004
2,8903705555,dota2-vg-ty-2026-07-19-game1,2026-07-19T10:24:33.152000+00:00,115.2432,1.0747064400000002,116.31790644
2,8903789784,dota2-vg-ty-2026-07-19-game2,2026-07-19T11:31:19.185000+00:00,37.1691000000001,1.4514235424999997,38.6205235425001
2,8904012666,dota2-bb4-pari-2026-07-19-game1,2026-07-19T13:57:51.853000+00:00,146.00119999999993,2.47090935,148.47210934999993
2,8904157676,dota2-bb4-pari-2026-07-19-game2,2026-07-19T15:17:11.337000+00:00,-40.114599999999996,3.07599372,-37.038606279999996
2,8904322271,dota2-bb4-pari-2026-07-19-game3,2026-07-19T16:52:33.960000+00:00,-35.51640000000009,4.494262604999999,-31.02213739500009
2,8904419709,dota2-bb4-pari-2026-07-19-game4,2026-07-19T18:05:14.511000+00:00,2.8478999999999637,1.8363259575,4.684225957499963
2,8905035315,dota2-stx-lynx-2026-07-20-game1,2026-07-20T07:25:19.610000+00:00,0.0,0.0,0.0
2,8905093611,dota2-stx-lynx-2026-07-20-game2,2026-07-20T08:36:36.644000+00:00,18.17667964999996,1.95463581531225,20.131315465312213
2,8905164476,dota2-stx-lynx-2026-07-20,2026-07-20T10:04:24.370000+00:00,272.5572975199999,4.779767984759999,277.3370655047599
2,8905233934,dota2-lynx-pckcp-2026-07-20-game1,2026-07-20T11:15:17.947000+00:00,68.7650508,1.831856347764,70.596907147764
2,8905359313,dota2-lynx-pckcp-2026-07-20-game2,2026-07-20T12:49:30.119000+00:00,2.6939902299999403,2.1565134802297496,4.85050371022969
2,8905490238,dota2-z10-nemiga-2026-07-20-game1,2026-07-20T14:13:02.081000+00:00,-53.581199420000026,1.000960992477,-52.58023842752303
2,8905612460,dota2-z10-nemiga-2026-07-20-game2,2026-07-20T15:25:40.567000+00:00,18.69659999999999,1.9302623700000001,20.62686236999999
2,8905741721,dota2-spirit1-jenz-2026-07-20-game1,2026-07-20T16:55:30.580000+00:00,9.944500000000005,2.3522856675,12.296785667500005
2,8905885788,dota2-spirit1-jenz-2026-07-20-game2,2026-07-20T18:35:45.253000+00:00,3.278500000000003,0.08648768249999998,3.364987682500003
2,8905975768,dota2-lvlup1-ill-2026-07-20-game1,2026-07-20T19:45:16.612000+00:00,3.513477399999985,1.377517971345,4.890995371344985
2,8906069414,dota2-lvlup1-ill-2026-07-20-game2,2026-07-20T20:59:36.536000+00:00,-53.29379999999991,2.804784375,-50.489015624999915
2,8906479441,dota2-nemiga-dan-2026-07-21-game1,2026-07-21T07:24:02.590000+00:00,67.26237069000013,2.04918720994425,69.31155789994438
2,8906547471,dota2-nemiga-dan-2026-07-21-game2,2026-07-21T08:48:51.736000+00:00,21.512099999999993,0.9715660874999998,22.483666087499994
2,8906626852,dota2-pckcp-stx-2026-07-21-game1,2026-07-21T10:17:03.931000+00:00,-20.685832520000144,1.486543270608,-19.199289249392145
2,8906706819,dota2-pckcp-stx-2026-07-21-game2,2026-07-21T11:28:10.072000+00:00,3.076899999999995,1.0428383324999997,4.1197383324999945
2,8906814740,dota2-pckcp-stx-2026-07-21,2026-07-21T12:50:32.182000+00:00,-24.877201649999904,3.59550051992625,-21.281701130073653
2,8906911697,dota2-lynx-spirit1-2026-07-21-game1,2026-07-21T14:01:22.509000+00:00,-0.1299999999999999,0.04616625,-0.0838337499999999
2,8907021823,dota2-lynx-spirit1-2026-07-21-game2,2026-07-21T14:54:33.550000+00:00,-9.395000000000003,0.7654833750000001,-8.629516625000003
2,8907114935,dota2-lynx-spirit1-2026-07-21,2026-07-21T15:55:17.448000+00:00,-11.540199999999999,3.5588774699999997,-7.981322529999999
2,8907236730,dota2-jenz-lynx-2026-07-21-game1,2026-07-21T17:22:36.365000+00:00,0.0,0.0,0.0
2,8907319204,dota2-jenz-lynx-2026-07-21-game2,2026-07-21T18:19:16.673000+00:00,-86.94245594999992,1.66916911293375,-85.27328683706618
2,8907510684,dota2-z10-aion-2026-07-21-game2,2026-07-21T20:45:41.820000+00:00,0.0,0.0,0.0
2,8907942033,dota2-ill-dan-2026-07-22-game1,2026-07-22T07:18:07.776000+00:00,0.0,0.0,0.0
2,8907997366,dota2-ill-dan-2026-07-22-game2,2026-07-22T08:30:21.640000+00:00,13.303999999999984,0.7309843199999999,14.034984319999984
2,8908178087,dota2-nemiga-aion-2026-07-22-game2,2026-07-22T11:35:02.272000+00:00,-0.3199999999999994,0.01842,-0.3015799999999994
2,8908313996,dota2-stx-spirit1-2026-07-22-game1,2026-07-22T13:26:43.307000+00:00,-0.7704624800000026,0.117676450386,-0.6527860296140027
2,8908486051,dota2-stx-spirit1-2026-07-22-game2,2026-07-22T15:03:55.390000+00:00,155.14468127999996,4.116557704539,159.26123898453895
2,8908612824,dota2-stx-spirit1-2026-07-22,2026-07-22T16:27:56.948000+00:00,38.33683953999977,6.002128542882,44.33896808288177
2,8908710300,dota2-z10-lvlup1-2026-07-22-game1,2026-07-22T17:40:32.974000+00:00,-42.39959999999999,4.07685372,-38.32274627999999
2,8908926344,dota2-z10-lvlup1-2026-07-22,2026-07-22T20:21:42.790000+00:00,49.773038079999935,2.807111166384,52.58014924638393
2,8909388284,dota2-dan-z10-2026-07-23-game1,2026-07-23T07:17:23.633000+00:00,0.0,0.0,0.0
2,8909443684,dota2-dan-z10-2026-07-23-game2,2026-07-23T08:24:14.078000+00:00,13.043399999999963,1.624881555,14.668281554999963
2,8909498494,dota2-dan-z10-2026-07-23,2026-07-23T09:35:42.112000+00:00,-1.8779999999999966,0.13052601,-1.7474739899999965
2,8909658828,dota2-spirit1-pckcp-2026-07-23-game2,2026-07-23T11:56:35.158000+00:00,-8.77680079999999,1.08557171676,-7.691229083239989
2,8909780227,dota2-spirit1-pckcp-2026-07-23,2026-07-23T13:29:29.880000+00:00,-0.83329999999998,1.5594499875,0.7261499875000201
2,8910104556,dota2-jenz-kw1-2026-07-23-game2,2026-07-23T16:47:57.620000+00:00,-10.101800000000004,0.27488693999999997,-9.826913060000004
2,8910216725,dota2-jenz-kw1-2026-07-23,2026-07-23T18:09:02.529000+00:00,3.491400000000013,0.9608407649999999,4.452240765000013
2,8910344715,dota2-lvlup1-aion-2026-07-23-game1,2026-07-23T19:45:58.831000+00:00,0.0,0.0,0.0
2,8910461593,dota2-lvlup1-aion-2026-07-23-game2,2026-07-23T21:18:59.726000+00:00,0.0,0.0,0.0
2,8910535715,dota2-lvlup1-aion-2026-07-23,2026-07-23T22:37:28.157000+00:00,0.09325208000000096,0.048141332208,0.14139341220800095
2,8910589445,dota2-nemiga-ill-2026-07-23-game1,2026-07-23T23:33:41.369000+00:00,7.822600000000024,2.7126213599999995,10.535221360000024
2,8910670427,dota2-nemiga-ill-2026-07-23,2026-07-24T01:26:47.762000+00:00,-23.512400000000014,6.21343971,-17.298960290000014
2,8910982575,dota2-aion-dan-2026-07-24-game2,2026-07-24T08:39:31.809000+00:00,0.0,0.0,0.0
2,8911277378,dota2-kw1-stx-2026-07-24-game2,2026-07-24T13:08:23.857000+00:00,-3.540906399999983,1.2164903229,-2.324416077099983
2,8911784562,dota2-z10-ill-2026-07-24-game1,2026-07-24T18:00:21.302000+00:00,-59.41729999999998,1.7636262375,-57.653673762499984
2,8911916389,dota2-z10-ill-2026-07-24-game2,2026-07-24T19:32:36.981000+00:00,0.0,0.0,0.0
2,8912045230,dota2-nemiga-lvlup1-2026-07-24-game1,2026-07-24T21:05:49.488000+00:00,-7.490100000000048,8.1343550025,0.6442550024999516
2,8912123729,dota2-nemiga-lvlup1-2026-07-24-game2,2026-07-24T22:15:39.296000+00:00,0.0,0.0,0.0
2,8912551235,dota2-ill-aion-2026-07-25-game1,2026-07-25T07:19:52.253000+00:00,0.0,0.0,0.0
2,8912622476,dota2-ill-aion-2026-07-25-game2,2026-07-25T08:27:06.996000+00:00,17.39386116000003,0.515244543453,17.90910570345303
2,8912758286,dota2-pckcp-jenz-2026-07-22-game1,2026-07-25T10:25:45.605000+00:00,0.0,0.0,0.0
2,8912831712,dota2-pckcp-jenz-2026-07-22-game2,2026-07-25T11:23:26.682000+00:00,-3.1574000000000098,1.321260195,-1.8361398050000097
2,8912974141,dota2-pckcp-jenz-2026-07-22,2026-07-25T13:02:19.241000+00:00,-34.7997277099999,4.63455142735275,-30.16517628264715
2,8913307206,dota2-kw1-pckcp-2026-07-25-game1,2026-07-25T16:28:48.834000+00:00,0.0,0.0,0.0
2,8913598312,dota2-lynx-kw1-2026-07-25-game1,2026-07-25T19:28:05.257000+00:00,-6.058700639999991,3.026237090004,-3.032463549995991
2,8913726962,dota2-lynx-kw1-2026-07-25-game2,2026-07-25T20:57:15.562000+00:00,-60.71039999999999,3.7951065449999994,-56.915293455
2,8913824141,dota2-lynx-kw1-2026-07-25,2026-07-25T22:21:39.642000+00:00,45.7439999999999,9.09052824,54.8345282399999
2,8914414410,dota2-nemiga-ill-2026-07-26-game1,2026-07-26T09:26:59.644000+00:00,-66.16435560000002,1.0317892044,-65.13256639560002
2,8914520562,dota2-nemiga-ill-2026-07-26-game2,2026-07-26T10:41:21.923000+00:00,-30.401203119999934,3.7246609847039998,-26.676542135295936
2,8914637220,dota2-nemiga-ill-2026-07-26,2026-07-26T12:04:18.708000+00:00,38.235600000000005,0.8194918499999999,39.055091850000004
2,8914749408,dota2-rearis-pckcp-2026-07-26-game1,2026-07-26T13:19:34.036000+00:00,13.328699999999998,0.7262345474999999,14.054934547499998
2,8914885598,dota2-rearis-pckcp-2026-07-26-game2,2026-07-26T14:24:02.001000+00:00,49.64150000000001,0.30260808749999996,49.944108087500005
2,8915002841,dota2-kw1-rearis-2026-07-26-game1,2026-07-26T15:32:54.677000+00:00,-31.513079819999973,0.7323919712324999,-30.780687848767474
2,8915137972,dota2-kw1-rearis-2026-07-26-game2,2026-07-26T16:47:26.165000+00:00,0.3000000000000007,0.024412499999999993,0.3244125000000007
2,8915271266,dota2-jenz-stx-2026-07-26-game1,2026-07-26T18:26:53.337000+00:00,6.687899999999999,0.2589889275,6.946888927499999
2,8915390117,dota2-jenz-stx-2026-07-26-game2,2026-07-26T19:37:39.362000+00:00,0.5386000000000024,0.07957815,0.6181781500000024
2,8915498965,dota2-jenz-stx-2026-07-26,2026-07-26T20:57:43.107000+00:00,16.02369904000001,0.9067766293319999,16.93047566933201
2,8916041863,dota2-lvlup1-pckcp-2026-07-27-game1,2026-07-27T09:21:33.291000+00:00,7.0397999999999925,0.195463785,7.235263784999993
2,8916102349,dota2-lvlup1-pckcp-2026-07-27-game2,2026-07-27T10:12:46.876000+00:00,-0.25,0.73617,0.48617
2,8916245727,dota2-stx-nemiga-2026-07-27-game1,2026-07-27T12:25:46.061000+00:00,8.031454600000018,1.70612359854,9.737578198540017
2,8916384577,dota2-stx-nemiga-2026-07-27-game2,2026-07-27T13:48:29.618000+00:00,22.095700000000004,5.6168593275,27.712559327500003
2,8916474664,dota2-stx-nemiga-2026-07-27,2026-07-27T14:44:54.132000+00:00,-20.291499999999928,4.7912942025,-15.500205797499929
2,8917611319,dota2-pr1-nemiga-2026-07-28-game2,2026-07-28T10:17:02.190000+00:00,18.36850000000001,0.5025637125,18.87106371250001
2,8917675823,dota2-pr1-nemiga-2026-07-28,2026-07-28T11:19:25.327000+00:00,72.5299,0.7401627074999999,73.2700627075
2,8917738415,dota2-nh-pckcp-2026-07-28-game1,2026-07-28T12:16:10.015000+00:00,0.0,0.0,0.0
2,8917853656,dota2-nh-pckcp-2026-07-28-game2,2026-07-28T13:23:44.955000+00:00,-2.308633920000048,1.443008920536,-0.8656249994640481
2,8918052500,dota2-pckcp-kw1-2026-07-28-game1,2026-07-28T15:24:46.769000+00:00,14.285499999999985,0.8517729375,15.137272937499985
2,8918176547,dota2-pckcp-kw1-2026-07-28-game2,2026-07-28T16:37:04.197000+00:00,0.0,0.0,0.0
2,8919264561,dota2-rearis-z10-2026-07-29-game1,2026-07-29T12:23:03.580000+00:00,15.80040000000001,2.09954553,17.89994553000001
2,8919404744,dota2-rearis-z10-2026-07-29-game2,2026-07-29T13:48:28.368000+00:00,-17.875400739999975,2.5582443270585,-15.317156412941475
2,8919546613,dota2-amaru-nemiga-2026-07-29-game1,2026-07-29T15:15:30.082000+00:00,0.0,0.0,0.0
2,8919685210,dota2-amaru-nemiga-2026-07-29-game2,2026-07-29T16:34:50.427000+00:00,-147.40902928999992,3.68775873481725,-143.72127055518268
2,8919803916,dota2-amaru-nemiga-2026-07-29,2026-07-29T18:02:17.532000+00:00,103.41119490999998,6.744417910386749,110.15561282038672
2,8920655724,dota2-pckcp-z10-2026-07-30-game2,2026-07-30T10:32:16.617000+00:00,0.0,0.0,0.0
2,8920897425,dota2-lvlup1-z10-2026-07-30-game2,2026-07-30T13:37:44.606000+00:00,-118.5881,5.2312701075,-113.3568298925
2,8921002620,dota2-lvlup1-z10-2026-07-30,2026-07-30T14:47:46.063000+00:00,42.19830000000002,2.7587311574999993,44.95703115750002
2,8921162227,dota2-amaru-pr1-2026-07-30-game1,2026-07-30T16:32:24.441000+00:00,28.20689999999999,1.0923122025,29.29921220249999
2,8921281044,dota2-amaru-pr1-2026-07-30-game2,2026-07-30T17:34:28.519000+00:00,0.0,0.0,0.0
2,8921949036,dota2-re-midas3-2026-07-31-game1,2026-07-31T06:23:42.906000+00:00,-7.931599999999978,1.1187377250000001,-6.812862274999978
2,8922016200,dota2-re-midas3-2026-07-31-game2,2026-07-31T07:39:14.850000+00:00,0.0,1.1999879999999998,1.1999879999999998
2,8922074642,dota2-vg-amaru-2026-07-31-game1,2026-07-31T08:46:41.467000+00:00,-5.257405949999999,0.43591891098375,-4.821487039016249
2,8922137329,dota2-vg-amaru-2026-07-31-game2,2026-07-31T09:48:16.177000+00:00,0.3000000000000007,0.0291825,0.3291825000000007
2,8922133239,dota2-tr7-playti-2026-07-31-game1,2026-07-31T09:57:34.446000+00:00,-8.346183699999955,3.2045312472375,-5.141652452762455
2,8922186876,dota2-vg-amaru-2026-07-31,2026-07-31T10:40:33.810000+00:00,10.256399999999985,0.63930654,10.895706539999985
2,8922211678,dota2-tr7-playti-2026-07-31-game2,2026-07-31T11:00:53.806000+00:00,-10.855399999999975,2.3857063199999997,-8.469693679999974
2,8922300474,dota2-enjoy-glyph-2026-07-31-game1,2026-07-31T12:14:29.331000+00:00,-18.299750419999924,3.369418223823,-14.930332196176924
2,8922339160,dota2-l1ga-rnx-2026-07-31-game1,2026-07-31T12:44:09.822000+00:00,21.01244841999995,5.893744947477001,26.90619336747695
2,8922400300,dota2-enjoy-glyph-2026-07-31-game2,2026-07-31T13:24:39.311000+00:00,0.0,1.6199902800000001,1.6199902800000001
2,8922433138,dota2-l1ga-rnx-2026-07-31-game2,2026-07-31T13:42:06.325000+00:00,-47.85339006000001,2.552127625347,-45.30126243465301
2,8922552315,dota2-l1ga-rnx-2026-07-31,2026-07-31T14:55:23.609000+00:00,2.070449000000025,1.2876763918499998,3.3581253918500247
2,8922602122,dota2-yb1-z10-2026-07-31-game1,2026-07-31T15:28:08.646000+00:00,-3.2786999999999864,1.1751680475,-2.1035319524999867
2,8922722577,dota2-yb1-z10-2026-07-31-game2,2026-07-31T16:35:25.057000+00:00,-9.233299999999986,3.1610920425,-6.072207957499986
2,8922818221,dota2-xtreme-lgd-2026-07-31-game1,2026-07-31T17:51:24.199000+00:00,-10.495120800000052,1.74484226676,-8.750278533240053
2,8922940920,dota2-xtreme-lgd-2026-07-31-game2,2026-07-31T19:09:48.720000+00:00,-60.5428005,4.355043627375,-56.187756872625
2,8923040358,dota2-xtreme-lgd-2026-07-31,2026-07-31T20:28:40.570000+00:00,-8.947400000000016,2.526758805,-6.420641195000016
2,8923506996,dota2-midas3-tr7-2026-08-01-game1,2026-08-01T05:43:01.223000+00:00,-0.15149999999999952,0.0547558875,-0.09674411249999952
2,8923579943,dota2-midas3-tr7-2026-08-01-game2,2026-08-01T07:02:32.143000+00:00,-51.179299999999984,1.3691433375,-49.810156662499985
2,8923643650,dota2-midas3-tr7-2026-08-01,2026-08-01T08:08:01.087000+00:00,-10.526400000000024,1.8394884,-8.686911600000023
2,8923704450,dota2-yes-vg-2026-08-01-game1,2026-08-01T09:01:56.739000+00:00,2.346900000000005,1.2037919175,3.5506919175000053
2,8923780137,dota2-re-playti-2026-08-01-game1,2026-08-01T10:09:39.721000+00:00,0.0,0.0,0.0
2,8923790600,dota2-yes-vg-2026-08-01-game2,2026-08-01T10:14:11.317000+00:00,23.912384179999947,0.643430499711,24.555814679710945
2,8923874259,dota2-re-playti-2026-08-01-game2,2026-08-01T11:26:12.956000+00:00,7.405899999999962,0.5700108675,7.9759108674999615
2,8923899787,dota2-enjoy-yb1-2026-08-01-game1,2026-08-01T11:45:49.553000+00:00,-78.0352,1.580336505,-76.454863495
2,8924057168,dota2-l1ga-lgd-2026-08-01-game1,2026-08-01T13:34:16.709000+00:00,0.0,0.0,0.0
2,8924222714,dota2-l1ga-lgd-2026-08-01-game2,2026-08-01T15:02:43.462000+00:00,0.0,0.0,0.0
2,8924328537,dota2-glyph-z10-2026-08-01-game1,2026-08-01T15:59:42.950000+00:00,30.283300000000004,2.3221302524999996,32.60543025250001
2,8924367779,dota2-l1ga-lgd-2026-08-01,2026-08-01T16:23:12.450000+00:00,-31.85314886000002,0.635369599089,-31.21777926091102
2,8924468754,dota2-glyph-z10-2026-08-01-game2,2026-08-01T17:25:49.795000+00:00,0.30129887999993343,2.295638022648,2.5969369026479336
2,8924530036,dota2-rnx-xtreme-2026-08-01-game1,2026-08-01T18:06:50.164000+00:00,2.810936510000019,1.6698827737297501,4.480819283729769
2,8924616191,dota2-rnx-xtreme-2026-08-01-game2,2026-08-01T19:06:22.446000+00:00,91.1382000000001,3.41461341,94.5528134100001
2,8925210898,dota2-playti-xctn-2026-08-02-game1,2026-08-02T05:28:20.542000+00:00,0.0,0.0,0.0
2,8925308090,dota2-playti-xctn-2026-08-02-game2,2026-08-02T07:03:47.891000+00:00,-0.1599999999999966,0.9604156799999999,0.8004156800000033
2,8925543582,dota2-yes-tr7-2026-08-02-game1,2026-08-02T10:44:16.945000+00:00,-2.765100000000018,1.4293926224999998,-1.3357073775000183
2,8925703946,dota2-yes-tr7-2026-08-02-game2,2026-08-02T11:58:57.158000+00:00,0.0,0.0,0.0
2,8925847726,dota2-yes-tr7-2026-08-02,2026-08-02T13:17:43.701000+00:00,131.25209999999993,2.5279790475,133.78007904749992
2,8926022375,dota2-rnx-yb1-2026-08-02-game1,2026-08-02T15:09:53.856000+00:00,153.63918168000015,5.171919899543999,158.81110157954416
2,8926232913,dota2-rnx-yb1-2026-08-02-game2,2026-08-02T16:42:19.665000+00:00,-9.890699999999981,2.3845781475,-7.506121852499981
2,8926381426,dota2-rnx-yb1-2026-08-02,2026-08-02T18:14:10.009000+00:00,1.6750000000000078,0.6392456249999999,2.314245625000008
2,8926523280,dota2-z10-lgd-2026-08-02-game1,2026-08-02T19:59:32.068000+00:00,0.0,0.0,0.0
2,8926636219,dota2-z10-lgd-2026-08-02-game2,2026-08-02T21:07:31.416000+00:00,0.0,0.0,0.0
2,8927063876,dota2-glyph-playti-2026-08-03-game2,2026-08-03T06:55:36.873000+00:00,135.7299,3.8086129124999997,139.53851291249998
2,8927132943,dota2-glyph-playti-2026-08-03,2026-08-03T08:27:35.152000+00:00,17.94745556000002,2.098480163988,20.04593572398802
2,8927207054,dota2-xtreme-tr7-2026-08-03-game1,2026-08-03T10:00:05.212000+00:00,30.824600000000032,2.7529864799999997,33.57758648000003
2,8927288399,dota2-xtreme-tr7-2026-08-03-game2,2026-08-03T11:00:48.642000+00:00,-1.78110000000002,2.6031861825,0.8220861824999801
2,8927380776,dota2-xtreme-tr7-2026-08-03,2026-08-03T12:15:30.661000+00:00,54.27069881000007,3.04076037491175,57.31145918491182
2,8927539264,dota2-vg-yb1-2026-08-03-game1,2026-08-03T14:05:56.825000+00:00,223.2038,2.30996097,225.51376097
2,8927660975,dota2-vg-yb1-2026-08-03-game2,2026-08-03T15:05:20.968000+00:00,29.602998249999928,3.12310748593125,32.72610573593118
2,8927760296,dota2-vg-yb1-2026-08-03,2026-08-03T16:18:19.713000+00:00,120.85400000000001,5.27166588,126.12566588000001
2,8927926397,dota2-re-lgd-2026-08-03-game1,2026-08-03T18:09:03.381000+00:00,12.855399999999989,1.0169643449999999,13.872364344999989
2,8928050264,dota2-re-lgd-2026-08-03-game2,2026-08-03T19:19:18.313000+00:00,0.2676000000000016,1.088573085,1.3561730850000016
2,8928163118,dota2-re-lgd-2026-08-03,2026-08-03T20:43:38.722000+00:00,-36.190200000000004,2.3504152049999996,-33.83978479500001
2,8928851109,dota2-playti-tr7-2026-08-04-game1,2026-08-04T11:30:07.829000+00:00,0.33999999999999986,0.059414999999999996,0.39941499999999985
2,8928953683,dota2-playti-tr7-2026-08-04-game2,2026-08-04T12:46:11.879000+00:00,18.68325902000001,3.5027211769439996,22.18598019694401
2,8929124210,dota2-yb1-re-2026-08-04-game1,2026-08-04T14:38:55.576000+00:00,1.651756480000003,0.607615734648,2.2593722146480033
2,8929276426,dota2-yb1-re-2026-08-04-game2,2026-08-04T15:54:25.550000+00:00,19.624951029999963,2.68751901158775,22.312470041587712
2,8929365099,dota2-yb1-re-2026-08-04,2026-08-04T16:51:08.308000+00:00,42.80004908000012,5.7042951560715,48.504344236071624
2,8930200713,dota2-tr7-re-2026-08-05-game1,2026-08-05T08:20:38.811000+00:00,0.0,0.0,0.0
2,8930258778,dota2-tr7-re-2026-08-05-game2,2026-08-05T09:25:42.941000+00:00,3.2265000000000725,13.749576307500002,16.976076307500072
2,8930398938,dota2-playti-yb1-2026-08-05-game1,2026-08-05T12:24:04.133000+00:00,30.860899999999987,5.391680752499999,36.25258075249999
2,8930615242,dota2-playti-yb1-2026-08-05-game2,2026-08-05T14:02:56.166000+00:00,209.43560000000002,1.63698633,211.07258633000004
2,8930736914,dota2-playti-yb1-2026-08-05-game3,2026-08-05T15:09:49.519000+00:00,4.43249935999998,0.741050810388,5.17355017038798
2,8931781241,dota2-lvlup1-rearis-2026-08-06-game1,2026-08-06T09:28:03.156000+00:00,-5.626400449999998,0.09260131267125,-5.5337991373287485
2,8931852727,dota2-lvlup1-rearis-2026-08-06-game2,2026-08-06T10:30:33.624000+00:00,-2.461846590000034,0.67152575546325,-1.790320834536784
2,8931981851,dota2-rearis-nh-2026-08-06-game1,2026-08-06T12:26:15.226000+00:00,0.0,0.0,0.0
2,8932085762,dota2-rearis-nh-2026-08-06-game2,2026-08-06T13:20:21.204000+00:00,6.958199999999999,0.15564305999999997,7.113843059999999
2,8932181345,dota2-rearis-nh-2026-08-06,2026-08-06T14:22:22.478000+00:00,1.4210854715202004e-14,0.26596674,0.2659667400000142
2,8932318084,dota2-nh-lvlup1-2026-08-06-game1,2026-08-06T15:34:15.395000+00:00,-1.5399999999999991,0.1734915,-1.3665084999999992
2,8932413808,dota2-nh-lvlup1-2026-08-06-game2,2026-08-06T16:23:29.211000+00:00,-0.0799999999999983,0.1097718,0.029771800000001708
2,8932523868,dota2-nh-lvlup1-2026-08-06,2026-08-06T17:36:18.454000+00:00,-22.837600000000066,2.88228156,-19.955318440000067
2,8932657929,dota2-ill-pr1-2026-08-06-game1,2026-08-06T19:12:10.345000+00:00,-31.70460474000003,0.9810533022854999,-30.72355143771453
2,8932835800,dota2-ill-pr1-2026-08-06,2026-08-06T21:22:55.783000+00:00,-22.384700000000024,2.6946282525,-19.690071747500024
2,8933374169,dota2-nh-z10-2026-08-07-game1,2026-08-07T09:29:47.916000+00:00,-7.518000000000001,0.10576215,-7.41223785
2,8933453728,dota2-nh-z10-2026-08-07-game2,2026-08-07T10:40:19.376000+00:00,0.0,0.0185625,0.0185625
2,8933575351,dota2-ill-stx-2026-08-07-game1,2026-08-07T12:33:02.695000+00:00,-125.17639999999994,3.44915736,-121.72724263999994
2,8933704579,dota2-ill-stx-2026-08-07-game2,2026-08-07T13:44:43.178000+00:00,-7.352400000000003,0.68708178,-6.665318220000003
2,8933879286,dota2-pr1-jenz-2026-08-07-game1,2026-08-07T15:25:51.002000+00:00,-303.13072630000005,5.395966234425,-297.7347600655751
2,8933988979,dota2-pr1-jenz-2026-08-07-game2,2026-08-07T16:29:38.697000+00:00,16.33786363999999,1.397280731289,17.735144371288992
2,8934184387,dota2-jenz-nemiga-2026-08-07-game1,2026-08-07T18:35:03.983000+00:00,0.0,0.0,0.0
2,8934279386,dota2-jenz-nemiga-2026-08-07-game2,2026-08-07T19:33:30.612000+00:00,0.0,0.0,0.0
2,8936825643,dota2-pr1-yes-2026-08-09-game1,2026-08-09T09:22:32.992000+00:00,-5.576118709999999,1.7113360458787499,-3.8647826641212495
2,8937080738,dota2-pr1-yes-2026-08-09,2026-08-09T12:20:23.208000+00:00,29.48462124,1.8595327476060002,31.344153987606
2,8937188618,dota2-lvlup1-mouz-2026-08-09-game1,2026-08-09T13:17:49.636000+00:00,-81.03909999999996,4.5011073375,-76.53799266249996
2,8937335830,dota2-lvlup1-mouz-2026-08-09-game2,2026-08-09T14:27:35.299000+00:00,-12.059099999999958,2.8770462825,-9.182053717499958
2,8937484593,dota2-ill-re-2026-08-09-game1,2026-08-09T15:55:00.679000+00:00,-6.863399999999999,0.39953384999999997,-6.4638661499999985
2,8937631882,dota2-ill-re-2026-08-09-game2,2026-08-09T17:12:21.447000+00:00,305.20472399999977,2.1384046938,307.34312869379977
2,8937722788,dota2-z10-navi-2026-08-09-game1,2026-08-09T18:17:16.930000+00:00,-140.21480048,5.435776362336,-134.779024117664
2,8938509987,dota2-pr1-mouz-2026-08-10-game1,2026-08-10T09:24:47.767000+00:00,-1.2000000000000028,0.108675,-1.0913250000000028
2,8938565057,dota2-pr1-mouz-2026-08-10-game2,2026-08-10T10:12:07.159000+00:00,-31.82261606000003,2.9513694526605,-28.87124660733953
2,8938634026,dota2-pr1-mouz-2026-08-10,2026-08-10T11:15:54.851000+00:00,-26.606900760000002,2.370285560106,-24.236615199894004
2,8938716198,dota2-ill-z10-2026-08-10-game1,2026-08-10T12:25:50.383000+00:00,-5.559657999999992,0.67344964815,-4.886208351849992
2,8939023869,dota2-yes-lvlup1-2026-08-10-game1,2026-08-10T15:24:37.289000+00:00,19.99980000000008,1.1609883899999998,21.16078839000008
2,8940059913,dota2-lvlup1-navi-2026-08-11-game1,2026-08-11T09:16:02.605000+00:00,15.584399999999988,0.61986951,16.20426950999999
2,8940117837,dota2-lvlup1-navi-2026-08-11-game2,2026-08-11T10:12:11.551000+00:00,-15.69140139000001,1.8032901538312498,-13.88811123616876
2,8940266495,dota2-mouz-re-2026-08-11-game1,2026-08-11T12:16:13.042000+00:00,89.51194127999995,1.953326695992,91.46526797599195
2,8940365227,dota2-mouz-re-2026-08-11-game2,2026-08-11T13:12:04.281000+00:00,-32.33984429999998,3.057240662955,-29.282603637044982
2,8940487898,dota2-mouz-re-2026-08-11,2026-08-11T14:25:06.999000+00:00,-1.0033766200000969,5.617360658342999,4.6139840383429025
2,8940643574,dota2-yes-z10-2026-08-11-game1,2026-08-11T15:45:57.067000+00:00,-3.422501299999979,1.8150423333075003,-1.6074589666924788
2,8940756672,dota2-yes-z10-2026-08-11-game2,2026-08-11T16:48:25.758000+00:00,-62.34357820000005,3.005115211395,-59.33846298860505
2,8941656460,dota2-lvlup1-re-2026-08-12-game1,2026-08-12T09:19:34.658000+00:00,21.959799999999973,1.909310055,23.86911005499997
2,8941733752,dota2-lvlup1-re-2026-08-12-game2,2026-08-12T10:35:42.245000+00:00,-3.510399999999997,6.9997128449999995,3.4893128450000024
2,8941817475,dota2-lvlup1-re-2026-08-12,2026-08-12T11:50:26.039000+00:00,30.800700000000006,2.4404697075,33.241169707500006
2,8942003788,dota2-navi-lvlup1-2026-08-12-game1,2026-08-12T13:42:36.457000+00:00,13.089600000000104,1.35562086,14.445220860000104
2,8942152024,dota2-navi-lvlup1-2026-08-12-game2,2026-08-12T14:50:30.897000+00:00,2.0425432199999918,0.260723060337,2.3032662803369917
2,8942262723,dota2-navi-lvlup1-2026-08-12-game3,2026-08-12T15:53:47.795000+00:00,21.899939039999992,0.3834828765480001,22.283421916547994
2,8962372120,dota2-ic-nemiga-2026-08-24-game1,2026-08-24T07:17:08.649000+00:00,0.0,0.0,0.0
2,8962458373,dota2-ic-nemiga-2026-08-24-game2,2026-08-24T08:26:45.454000+00:00,6.0096062000000074,2.524001121633,8.533607321633006
2,8962592819,dota2-ks-lynx-2026-08-24-game1,2026-08-24T10:19:27.562000+00:00,-45.02713184,2.652137381937,-42.374994458063
2,8962736746,dota2-ks-lynx-2026-08-24-game2,2026-08-24T11:33:18.452000+00:00,223.75962617999977,5.0631186113955,228.82274479139528
2,8962964580,dota2-sb5-stx-2026-08-24-game1,2026-08-24T13:25:23.881000+00:00,1.3244438399999998,0.006754663584,1.3311985035839997
2,8963508714,dota2-rearis-lynx-2026-08-24-game2,2026-08-24T17:37:20.349000+00:00,10.987799200000097,2.63009314272,13.617892342720097
2,8963649188,dota2-dynast1-fts-2026-08-24-game1,2026-08-24T19:15:00.848000+00:00,111.80559999999994,1.3526695499999999,113.15826954999994
2,8963790789,dota2-dynast1-fts-2026-08-24-game2,2026-08-24T20:20:45.642000+00:00,0.0,0.0,0.0
2,8964399842,dota2-pckcp-nemiga-2026-08-25-game1,2026-08-25T07:22:10.248000+00:00,0.2240574399999984,0.09838573898399999,0.3224431789839984
2,8964480771,dota2-pckcp-nemiga-2026-08-25-game2,2026-08-25T08:31:41.723000+00:00,15.463735809999974,3.7817841499417497,19.245519959941724
2,8964574076,dota2-pckcp-nemiga-2026-08-25,2026-08-25T09:52:05.670000+00:00,-0.03999999999999737,1.306035,1.2660350000000027
2,8964657335,dota2-fts-pckcp-2026-08-25-game1,2026-08-25T10:52:11.864000+00:00,-6.592998960000003,0.38595374524199993,-6.207045214758002
2,8964837315,dota2-fts-pckcp-2026-08-25-game2,2026-08-25T12:34:06.314000+00:00,-0.8924402099998758,1.8261192917317497,0.9336790817318739
2,8964962329,dota2-ic-fts-2026-08-25-game1,2026-08-25T13:50:36.471000+00:00,169.82545847,1.9814796441817497,171.80693811418175
2,8965097316,dota2-ic-fts-2026-08-25-game2,2026-08-25T14:41:01.046000+00:00,6.831393030000015,1.9351604313427497,8.766553461342765
2,8964938940,dota2-rearis-spirit1-2026-08-25-game1,2026-08-25T16:23:39.394000+00:00,2.518023040000005,0.460853006688,2.978876046688005
2,8965544741,dota2-rearis-spirit1-2026-08-25,2026-08-25T18:44:21.316000+00:00,-3.707085660000004,2.5424772601709997,-1.1646083998290044
2,8969842778,dota2-pckcp-ic-2026-08-28-game2,2026-08-28T08:21:21.985000+00:00,44.86922422000005,3.8348827247685,48.70410694476855
2,8969978865,dota2-rearis-sb5-2026-08-28-game1,2026-08-28T10:27:01.322000+00:00,-6.640100779999992,0.27169782551099997,-6.368402954488992
2,8970089224,dota2-rearis-sb5-2026-08-28-game2,2026-08-28T11:41:09.553000+00:00,5.0,0.57675,5.57675
2,8970207176,dota2-rearis-sb5-2026-08-28,2026-08-28T12:56:49.576000+00:00,4.48969959999998,0.58335255522,5.0730521552199805
2,8970338180,dota2-synaps-nemiga-2026-08-28-game1,2026-08-28T14:09:13.367000+00:00,39.845869830000105,3.8867309728492496,43.732600802849355
2,8970352005,dota2-dynast1-ic-2026-08-28-game1,2026-08-28T14:10:35.964000+00:00,0.3828577000000024,0.086137839255,0.4689955392550024
2,8970470057,dota2-synaps-nemiga-2026-08-28-game2,2026-08-28T15:09:53.245000+00:00,322.29941988,2.4848776701390003,324.784297550139
2,8970485789,dota2-dynast1-ic-2026-08-28-game2,2026-08-28T15:14:26.848000+00:00,-55.60986140999998,2.60452465057425,-53.00533675942573
2,8970575970,dota2-synaps-nemiga-2026-08-28,2026-08-28T16:02:11.965000+00:00,9.420599999999993,1.23675573,10.657355729999994
2,8970655100,dota2-dynast1-ic-2026-08-28,2026-08-28T16:43:34.585000+00:00,1.0,0.07150499999999999,1.071505
2,8970886632,dota2-dynast1-pckcp-2026-08-28-game2,2026-08-28T18:51:22.084000+00:00,-25.583843,3.374759369625,-22.209083630375
2,8971007454,dota2-ks-rearis-2026-08-28-game1,2026-08-28T20:11:41.712000+00:00,-63.70434984999996,2.1446067941362497,-61.559743055863706
2,8971016820,dota2-fts-nemiga-2026-08-28-game1,2026-08-28T20:17:43.711000+00:00,0.0,0.0,0.0
2,8971111987,dota2-ks-rearis-2026-08-28-game2,2026-08-28T21:24:47.695000+00:00,-1.4110161999999944,0.303266758275,-1.1077494417249945
2,8971423978,dota2-db2-satan-2026-08-28-game2,2026-08-29T03:20:55.120000+00:00,0.0,0.0,0.0
2,8971501630,dota2-nexus-cres-2026-08-28,2026-08-29T04:51:09.441000+00:00,-81.69379605000005,3.22736499286425,-78.4664310571358
2,8971519375,dota2-nem-6seven-2026-08-29-game1,2026-08-29T05:14:15.579000+00:00,158.94530426000028,3.1477975098015,162.0931017698018
2,8971586781,dota2-nem-6seven-2026-08-29-game2,2026-08-29T06:13:46.689000+00:00,-9.833399999999983,0.9570494249999999,-8.876350574999984
2,8971664649,dota2-nem-6seven-2026-08-29,2026-08-29T07:24:10.704000+00:00,0.40235807999999906,0.253489222062,0.655847302061999
2,8971753986,dota2-icecre-kineti-2026-08-29-game1,2026-08-29T08:38:12.829000+00:00,0.0,0.0,0.0
2,8971849697,dota2-icecre-kineti-2026-08-29-game2,2026-08-29T09:43:14.699000+00:00,0.0,0.0,0.0
2,8971891627,dota2-dynast1-nemiga-2026-08-29-game1,2026-08-29T10:17:49.464000+00:00,22.1554,0.84219975,22.99759975
2,8971964803,dota2-mouz-yes-2026-08-29-game1,2026-08-29T11:13:49.271000+00:00,-69.54893391999997,4.776058685091,-64.77287523490897
2,8971988345,dota2-sb5-lynx-2026-08-29-game1,2026-08-29T11:21:30.742000+00:00,1.6000991999999998,0.21607167438,1.8161708743799998
2,8972103119,dota2-sb5-lynx-2026-08-29-game2,2026-08-29T12:31:54.536000+00:00,-4.4761999999999915,0.257835225,-4.2183647749999915
2,8972115962,dota2-mouz-yes-2026-08-29-game2,2026-08-29T12:36:59.931000+00:00,-6.762400000000014,2.6440047,-4.118395300000014
2,8972289868,dota2-huliga-lynx-2026-08-29-game1,2026-08-29T14:15:10.550000+00:00,-42.01579526999997,4.25098468161075,-37.76481058838922
2,8972502454,dota2-huliga-lynx-2026-08-29-game2,2026-08-29T15:52:19.963000+00:00,-211.8925,3.2668308075,-208.62566919250003
2,8972611918,dota2-huliga-lynx-2026-08-29,2026-08-29T16:49:36.587000+00:00,-16.43819999999988,3.91491039,-12.523289609999882
2,8972773416,dota2-pi-lvlup1-2026-08-29-game1,2026-08-29T18:17:23.637000+00:00,-44.320193919999994,1.464755560398,-42.855438359602
2,8972893200,dota2-pi-lvlup1-2026-08-29-game2,2026-08-29T19:20:53.860000+00:00,0.0,0.0,0.0
2,8973011673,dota2-pi-lvlup1-2026-08-29,2026-08-29T20:33:12.059000+00:00,84.95094764999993,3.12234181972875,88.07328946972868
2,8973010298,dota2-ks-spirit1-2026-08-29-game1,2026-08-29T20:38:42.759000+00:00,0.0,0.0,0.0
2,8973337131,dota2-icecre-xctn-2026-08-30-game1,2026-08-30T02:14:49.254000+00:00,0.0,0.0,0.0
2,8973405568,dota2-icecre-xctn-2026-08-30-game2,2026-08-30T03:19:55.483000+00:00,8.79835082999999,1.0035338056312502,9.80188463563124
2,8973462028,dota2-icecre-xctn-2026-08-30,2026-08-30T04:30:11.988000+00:00,-18.480058919999905,4.425404403237,-14.054654516762906
2,8973502629,dota2-clo-yb1-2026-08-30-game1,2026-08-30T05:13:07.837000+00:00,2.200000000000001,0.06519,2.265190000000001
2,8973568453,dota2-clo-yb1-2026-08-30-game2,2026-08-30T06:12:50.377000+00:00,0.15268528999999909,0.04962644358224999,0.20231173358224908
2,8973613420,dota2-clo-yb1-2026-08-30,2026-08-30T07:04:46.677000+00:00,37.253916979999985,1.3757676250889999,38.62968460508898
2,8973707438,dota2-lynx-lvlup1-2026-08-30-game1,2026-08-30T08:16:36.050000+00:00,0.0,0.0185625,0.0185625
2,8973859403,dota2-lynx-lvlup1-2026-08-30-game2,2026-08-30T09:56:31.353000+00:00,15.950199999999825,3.13311003,19.083310029999826
2,8973884000,dota2-nem-xctn-2026-08-30-game2,2026-08-30T10:12:32.710000+00:00,6.79901218000001,0.938223733731,7.73723591373101
2,8973944033,dota2-lynx-lvlup1-2026-08-30,2026-08-30T10:50:43.696000+00:00,-37.39260000000004,4.369907595,-33.022692405000036
2,8974185539,dota2-navi-mouz-2026-08-30-game2,2026-08-30T13:08:29.090000+00:00,0.8619423299999767,2.0829545548102497,2.9448968848102264
2,8974647733,dota2-lvlup1-pr1-2026-08-30-game1,2026-08-30T17:09:16.077000+00:00,-9.399268139999993,2.6423944738905,-6.7568736661094935
2,8974898633,dota2-lvlup1-pr1-2026-08-30,2026-08-30T19:25:58.777000+00:00,-17.37359794999999,5.34181332999375,-12.03178462000624
2,8975110449,dota2-dynast1-ks-2026-08-30-game2,2026-08-30T21:54:27.706000+00:00,-57.19009999999986,3.2731925924999996,-53.916907407499856
2,8975871235,dota2-synaps-lynx-2026-08-31-game1,2026-08-31T12:26:44.788000+00:00,-106.49299253999982,4.5559563131085,-101.93703622689132
2,8976012755,dota2-synaps-lynx-2026-08-31-game2,2026-08-31T13:41:35.303000+00:00,-26.75866249999999,2.0394724453124997,-24.719190054687488
2,8976166971,dota2-synaps-lynx-2026-08-31,2026-08-31T15:09:07.826000+00:00,14.088597410000006,2.18097193114125,16.269569341141256
2,8976300473,dota2-4iki-ic-2026-08-31-game1,2026-08-31T16:25:39.940000+00:00,-1.8593533199999612,1.232751795936,-0.6266015240639613
2,8976441468,dota2-4iki-ic-2026-08-31-game2,2026-08-31T17:43:06.122000+00:00,74.61575108000001,0.87149890926,75.48724998926001
2,8976511215,dota2-4iki-ic-2026-08-31,2026-08-31T18:29:54.020000+00:00,10.264299249999965,0.8216352944062499,11.085934544406214
2,8976665322,dota2-spirit1-pi-2026-08-31-game1,2026-08-31T20:26:57.494000+00:00,29.574521729999994,3.82649217242775,33.40101390242774
2,8976751962,dota2-spirit1-pi-2026-08-31-game2,2026-08-31T21:40:17.685000+00:00,-6.732200000000063,1.8484850249999998,-4.883714975000063
2,8977325814,dota2-ks-pckcp-2026-09-01-game2,2026-09-01T10:26:27.059000+00:00,22.29279907999984,1.444481056911,23.73728013691084
2,8977476867,dota2-ic-lynx-2026-09-01-game1,2026-09-01T12:26:04.131000+00:00,34.45159999999999,1.62822486,36.079824859999995
2,8977623650,dota2-ic-lynx-2026-09-01-game2,2026-09-01T13:53:28.128000+00:00,16.028800000000007,3.44722923,19.47602923000001
2,8977913355,dota2-synaps-lvlup1-2026-09-01-game2,2026-09-01T16:37:59.217000+00:00,0.0,0.0,0.0
2,8978023576,dota2-synaps-lvlup1-2026-09-01,2026-09-01T17:45:54.185000+00:00,-39.42280000000001,1.0266338999999998,-38.39616610000001
2,8978832148,dota2-pr1-ic-2026-09-02-game1,2026-09-02T09:52:32.767000+00:00,134.24925095000003,2.11277615716125,136.36202710716128
2,8978916284,dota2-pr1-ic-2026-09-02-game2,2026-09-02T11:19:11.539000+00:00,0.0,0.0,0.0
2,8978986214,dota2-pr1-ic-2026-09-02,2026-09-02T12:20:55.440000+00:00,-0.6448,0.05336526,-0.5914347400000001
2,8979131280,dota2-dynast1-pckcp-2026-09-02-game1,2026-09-02T13:56:13.878000+00:00,0.0,0.0,0.0
2,8979241530,dota2-dynast1-pckcp-2026-09-02-game2,2026-09-02T14:56:18.245000+00:00,14.042373749999967,1.20315452840625,15.245528278406217
2,8979344496,dota2-synaps-4iki-2026-09-02-game1,2026-09-02T15:59:27.587000+00:00,5.375628849999984,4.91641878680625,10.292047636806235
2,8980293569,dota2-z10-ks-2026-09-03-game1,2026-09-03T09:18:42.909000+00:00,-5.956530979999997,0.990427714854,-4.966103265145996
2,8980358113,dota2-z10-ks-2026-09-03-game2,2026-09-03T10:27:20.250000+00:00,10.472565139999944,2.5413131279009997,13.013878267900942
2,8980463789,dota2-pckcp-spirit1-2026-09-03-game1,2026-09-03T12:14:02.762000+00:00,11.534252399999971,0.62688140274,12.161133802739972
2,8980769413,dota2-pi-dynast1-2026-09-03-game1,2026-09-03T15:17:23.998000+00:00,14.800000000000011,0.307515,15.107515000000012
3,8837869969,dota2-aur1-ty-2026-06-04-game1,2026-06-04T09:17:47.612000+00:00,38.557581200000016,3.8461519915499998,42.40373319155002
3,8837957019,dota2-aur1-ty-2026-06-04-game2,2026-06-04T11:05:49.570000+00:00,-178.26329999999996,12.2221410375,-166.04115896249996
3,8838056564,dota2-flc-liquid-2026-06-04-game1,2026-06-04T12:43:48.535000+00:00,-18.232499999999987,2.2016176124999998,-16.030882387499986
3,8838170936,dota2-flc-liquid-2026-06-04-game2,2026-06-04T14:05:12.636000+00:00,-14.299803139999874,6.0673697592915,-8.232433380708374
3,8838396820,dota2-lgd-ty-2026-06-04-game2,2026-06-04T16:48:28.531000+00:00,-49.96339999999992,7.14522972,-42.81817027999992
3,8838480778,dota2-lgd-ty-2026-06-04,2026-06-04T17:57:47.377000+00:00,-51.67600043000001,3.24546227783925,-48.43053815216076
3,8839123109,dota2-flc-bb4-2026-06-05-game1,2026-06-05T09:16:39.267000+00:00,16.835699999999974,1.2566415375,18.092341537499973
3,8839193447,dota2-flc-bb4-2026-06-05-game2,2026-06-05T10:38:10.594000+00:00,-10.760600000000096,3.3809772899999997,-7.379622710000096
3,8839366504,dota2-lgd-liquid-2026-06-05-game2,2026-06-05T13:21:18.066000+00:00,-65.2364,3.903937905,-61.332462095000004
3,8839494962,dota2-flc-aur1-2026-06-05-game1,2026-06-05T14:52:18.684000+00:00,21.59059999999988,3.680563725,25.27116372499988
3,8839625815,dota2-flc-aur1-2026-06-05-game2,2026-06-05T16:13:53.150000+00:00,13.687699999999992,0.7416688124999999,14.429368812499993
3,8839717574,dota2-flc-aur1-2026-06-05,2026-06-05T17:21:15.591000+00:00,-29.548576679999996,3.040236686562,-26.508339993437996
3,8840635639,dota2-ty-bb4-2026-06-06-game1,2026-06-06T10:47:49.658000+00:00,5.125,0.82179375,5.94679375
3,8840704374,dota2-ty-bb4-2026-06-06-game2,2026-06-06T11:51:44.485000+00:00,27.9027999999999,5.008325565,32.9111255649999
3,8840821227,dota2-ty-bb4-2026-06-06,2026-06-06T13:12:37.368000+00:00,83.50023784000007,5.924291554872,89.42452939487207
3,8840984097,dota2-aur1-lgd-2026-06-06-game1,2026-06-06T15:05:33.978000+00:00,7.215130280000096,3.454704641259,10.669834921259095
3,8841114801,dota2-aur1-lgd-2026-06-06-game2,2026-06-06T16:30:29.855000+00:00,-24.250601400000036,1.435543749627,-22.815057650373035
3,8842052142,dota2-bb4-lgd-2026-06-07-game1,2026-06-07T09:18:04.694000+00:00,183.89120000000025,4.411506360000001,188.30270636000026
3,8842134886,dota2-bb4-lgd-2026-06-07-game2,2026-06-07T10:28:41.168000+00:00,-6.673315009999982,2.8165925460082497,-3.856722463991732
3,8842245726,dota2-bb4-lgd-2026-06-07,2026-06-07T11:59:53.564000+00:00,-104.84290086999994,3.4220775641722496,-101.42082330582768
3,8842468101,dota2-ty-lgd-2026-06-07-game1,2026-06-07T14:21:40.854000+00:00,-139.37024159999999,2.00865571722,-137.36158588278
3,8842596730,dota2-ty-lgd-2026-06-07-game2,2026-06-07T15:49:20.066000+00:00,-14.038299999999992,1.7527301925,-12.285569807499993
3,8842722527,dota2-ty-lgd-2026-06-07-game3,2026-06-07T17:12:22.566000+00:00,2.595999999999947,0.6791305950000001,3.275130594999947
3,8842845018,dota2-ty-lgd-2026-06-07-game4,2026-06-07T18:51:58.999000+00:00,2.739699999999999,0.8003348625,3.540034862499999
3,8843465364,dota2-4iki-nande4-2026-06-08-game1,2026-06-08T09:15:08.776000+00:00,0.0,0.0,0.0
3,8843512570,dota2-4iki-nande4-2026-06-08-game2,2026-06-08T10:09:45.609000+00:00,-74.51079999999993,0.933021915,-73.57777808499993
3,8843560379,dota2-4iki-nande4-2026-06-08,2026-06-08T11:10:54.138000+00:00,-1.8100000000000023,0.22007325,-1.5899267500000023
3,8843760302,dota2-vpp-balu-2026-06-08-game2,2026-06-08T13:42:26.324000+00:00,6.63030000000002,0.4124401425,7.04274014250002
3,8844054970,dota2-z10-sb5-2026-06-08-game2,2026-06-08T17:08:41.204000+00:00,60.04025112999999,0.74013464705475,60.78038577705474
3,8844132483,dota2-vpp-z10-2026-06-08-game1,2026-06-08T18:23:01.210000+00:00,0.0,0.0,0.0
3,8844244719,dota2-vpp-z10-2026-06-08-game2,2026-06-08T19:45:42.908000+00:00,18.210899999999953,1.9244578874999998,20.135357887499953
3,8844308689,dota2-vpp-z10-2026-06-08,2026-06-08T20:50:38.757000+00:00,137.83670000000006,3.1384355325,140.97513553250008
3,8850534819,dota2-ill-pr1-2026-06-13-game2,2026-06-13T17:10:42.502000+00:00,-1.0061999999999998,0.090331605,-0.9158683949999997
3,8850593633,dota2-ill-pr1-2026-06-13,2026-06-13T18:00:57.551000+00:00,0.0,0.0,0.0
3,8851984783,dota2-4iki-pr1-2026-06-14-game2,2026-06-14T16:46:25.798000+00:00,-6.546099999999996,0.2984904525,-6.247609547499995
3,8852055373,dota2-4iki-pr1-2026-06-14,2026-06-14T17:46:02.690000+00:00,0.0,0.0,0.0
3,8854443395,dota2-fla-spirit1-2026-06-16-game1,2026-06-16T16:31:44.570000+00:00,-18.549999999999997,0.4696875,-18.080312499999998
3,8885183102,dota2-flc-bb4-2026-07-07-game1,2026-07-07T09:47:24.433000+00:00,0.8894351900000146,0.83275620149925,1.7221913914992646
3,8885195986,dota2-re-xtreme-2026-07-07-game1,2026-07-07T09:55:03.037000+00:00,20.292497040000015,0.6270888807239998,20.919585920724014
3,8885252329,dota2-flc-bb4-2026-07-07-game2,2026-07-07T11:01:59.599000+00:00,13.042900000000088,3.9941562674999997,17.037056267500088
3,8885275216,dota2-re-xtreme-2026-07-07-game2,2026-07-07T11:16:11.813000+00:00,-4.66719999999998,0.942276,-3.7249239999999797
3,8885365825,dota2-l1ga-ngx-2026-07-07-game1,2026-07-07T12:34:49.112000+00:00,-4.099999999999998,0.100491,-3.999508999999998
3,8885380529,dota2-liquid-playti-2026-07-07-game1,2026-07-07T12:43:07.045000+00:00,-5.268399999999957,1.9890341100000004,-3.2793658899999567
3,8885411801,dota2-lvlup1-aur1-2026-07-07-game1,2026-07-07T13:06:28.530000+00:00,0.0,0.0,0.0
3,8885470551,dota2-l1ga-ngx-2026-07-07-game2,2026-07-07T13:39:34.570000+00:00,-4.614299999999957,2.4209097075,-2.1933902924999575
3,8885473599,dota2-liquid-playti-2026-07-07-game2,2026-07-07T13:52:27.923000+00:00,68.55618122999988,6.42699431774925,74.98317554774913
3,8885529711,dota2-lvlup1-aur1-2026-07-07-game2,2026-07-07T14:23:52.590000+00:00,17.129118599999998,0.222965392185,17.352083992184998
3,8885633666,dota2-ts8-mouz-2026-07-07-game1,2026-07-07T15:33:28.678000+00:00,-37.63453484000013,3.348277753362,-34.28625708663813
3,8885665054,dota2-nem-pari-2026-07-07-game1,2026-07-07T15:41:38.548000+00:00,51.0894,1.166581005,52.255981004999995
3,8885784652,dota2-ts8-mouz-2026-07-07-game2,2026-07-07T17:16:32.961000+00:00,-40.97180143999998,2.3613220902479997,-38.61047934975198
3,8885871759,dota2-ic-1win-2026-07-07-game1,2026-07-07T18:31:07.999000+00:00,1.4750000000000014,0.049982625,1.5249826250000014
3,8885928262,dota2-ty-og-2026-07-07-game1,2026-07-07T19:03:44.444000+00:00,37.69840000000002,0.4531044749999999,38.15150447500002
3,8885974297,dota2-ic-1win-2026-07-07-game2,2026-07-07T19:32:14.446000+00:00,-48.13911472000001,3.2332656649079996,-44.90584905509201
3,8886005043,dota2-ty-og-2026-07-07-game2,2026-07-07T20:03:05.981000+00:00,-0.3999999999999986,0.05622,-0.3437799999999986
3,8886576019,dota2-poorra-bb4-2026-07-08-game1,2026-07-08T09:20:01.472000+00:00,-20.0,0.6779999999999999,-19.322
3,8886572854,dota2-gl-xtreme-2026-07-08-game1,2026-07-08T09:27:27.007000+00:00,-99.1388,8.47081677,-90.66798323
3,8886638110,dota2-poorra-bb4-2026-07-08-game2,2026-07-08T10:36:00.005000+00:00,0.8000000000000043,0.20200835999999997,1.0020083600000043
3,8886640910,dota2-flc-re-2026-07-08-game2,2026-07-08T10:39:41.623000+00:00,47.91083306999991,1.8005395992577495,49.711372669257656
3,8886641793,dota2-gl-xtreme-2026-07-08-game2,2026-07-08T10:45:04.782000+00:00,38.48590000000013,4.7793180525,43.26521805250013
3,8886728756,dota2-l1ga-playti-2026-07-08-game1,2026-07-08T12:02:19.795000+00:00,30.460600000000113,5.700819705,36.161419705000114
3,8886736772,dota2-liquid-lvlup1-2026-07-08-game1,2026-07-08T12:08:59.488000+00:00,0.0,0.0,0.0
3,8886788497,dota2-ngx-aur1-2026-07-08-game1,2026-07-08T12:47:30.744000+00:00,18.658609670000004,0.86131954190325,19.519929211903253
3,8886815251,dota2-l1ga-playti-2026-07-08-game2,2026-07-08T13:04:20.712000+00:00,77.7784,0.42000335999999994,78.19840336
3,8886862310,dota2-liquid-lvlup1-2026-07-08-game2,2026-07-08T13:37:25.898000+00:00,7.391199999999998,0.053216640000000044,7.444416639999998
3,8886994890,dota2-ts8-nem-2026-07-08-game1,2026-07-08T14:59:11.781000+00:00,0.0,0.0,0.0
3,8887100676,dota2-vg-pari-2026-07-08-game1,2026-07-08T16:18:23.954000+00:00,0.0,0.0,0.0
3,8887114313,dota2-ts8-nem-2026-07-08-game2,2026-07-08T16:15:19.583000+00:00,-110.77799076000008,2.4061176694109996,-108.37187309058908
3,8887197358,dota2-vg-pari-2026-07-08-game2,2026-07-08T17:23:00.102000+00:00,-2.785500000000013,0.7010434575,-2.084456542500013
3,8887218598,dota2-lgd-og-2026-07-08-game1,2026-07-08T17:27:41.870000+00:00,0.2599999999999998,0.0334425,0.2934424999999998
3,8887260104,dota2-ty-ic-2026-07-08-game1,2026-07-08T17:58:24.214000+00:00,0.0,0.0,0.0
3,8887314193,dota2-lgd-og-2026-07-08-game2,2026-07-08T18:40:30.736000+00:00,-37.89451371999997,1.1543440626239998,-36.74016965737597
3,8887325211,dota2-vp-1win-2026-07-08-game1,2026-07-08T18:51:24.334000+00:00,-36.27439999999996,6.026985255,-30.247414744999958
3,8887337672,dota2-ty-ic-2026-07-08-game2,2026-07-08T19:01:29.872000+00:00,0.0,0.0,0.0
3,8887432754,dota2-vp-1win-2026-07-08-game2,2026-07-08T20:20:02.742000+00:00,56.91269999999997,0.8574359625,57.77013596249997
3,8887986392,dota2-poorra-xtreme-2026-07-09-game1,2026-07-09T09:21:30.237000+00:00,-66.93729999999988,5.619327022499999,-61.31797297749988
3,8887998750,dota2-bb4-re-2026-07-09-game1,2026-07-09T09:29:32.198000+00:00,-2.8000000000000043,0.11324999999999999,-2.6867500000000044
3,8888056358,dota2-poorra-xtreme-2026-07-09-game2,2026-07-09T10:34:44.979000+00:00,-33.29309999999995,3.5917161225,-29.701383877499953
3,8888066684,dota2-bb4-re-2026-07-09-game2,2026-07-09T10:43:25.275000+00:00,-11.191797759999998,0.845136168408,-10.346661591591998
3,8888083694,dota2-gl-flc-2026-07-09-game2,2026-07-09T11:11:32.224000+00:00,58.83999999999993,3.2342401799999996,62.07424017999993
3,8888160657,dota2-l1ga-aur1-2026-07-09-game1,2026-07-09T12:09:38.901000+00:00,-20.884780000000035,0.888567309,-19.996212691000036
3,8888173515,dota2-playti-lvlup1-2026-07-09-game1,2026-07-09T12:20:27.216000+00:00,32.76600000000005,0.96709086,33.73309086000005
3,8888217771,dota2-ngx-liquid-2026-07-09-game1,2026-07-09T12:52:14.212000+00:00,13.859700000000004,1.8539573625,15.713657362500005
3,8888260336,dota2-l1ga-aur1-2026-07-09-game2,2026-07-09T13:20:05.771000+00:00,-6.9658000000000015,1.4373016349999999,-5.528498365000002
3,8888279558,dota2-playti-lvlup1-2026-07-09-game2,2026-07-09T13:33:23.111000+00:00,2.5973999999999933,0.6792850349999999,3.276685034999993
3,8888318197,dota2-ngx-liquid-2026-07-09-game2,2026-07-09T14:04:08.888000+00:00,44.92839999999998,7.95677523,52.88517522999998
3,8888405761,dota2-mouz-nem-2026-07-09-game1,2026-07-09T14:48:45.816000+00:00,10.8108,0.7378370999999999,11.5486371
3,8888425887,dota2-rnx-pari-2026-07-09-game1,2026-07-09T15:02:02.148000+00:00,0.0,0.0,0.0
3,8888489297,dota2-vg-ts8-2026-07-09-game1,2026-07-09T15:42:43.149000+00:00,0.0,0.0,0.0
3,8888555097,dota2-mouz-nem-2026-07-09-game2,2026-07-09T16:24:34.308000+00:00,-46.87689999999992,4.2559785825,-42.62092141749992
3,8888554919,dota2-rnx-pari-2026-07-09-game2,2026-07-09T16:26:10.054000+00:00,0.0,0.0,0.0
3,8888592426,dota2-vg-ts8-2026-07-09-game2,2026-07-09T16:59:54.115000+00:00,-0.13000000000000078,0.04055025000000001,-0.08944975000000077
3,8888682602,dota2-og-ic-2026-07-09-game1,2026-07-09T17:53:01.981000+00:00,-60.586599460000116,1.8576693574484997,-58.728930102551615
3,8888693655,dota2-vp-ty-2026-07-09-game1,2026-07-09T18:07:57.629000+00:00,6.95010000000002,0.7712662725,7.7213662725000205
3,8888731478,dota2-lgd-1win-2026-07-09-game1,2026-07-09T18:35:20.326000+00:00,19.971499999999907,3.3955600425,23.367060042499908
3,8888771711,dota2-og-ic-2026-07-09-game2,2026-07-09T19:04:50.495000+00:00,0.0,0.0,0.0
3,8888819433,dota2-lgd-1win-2026-07-09-game2,2026-07-09T19:41:02.532000+00:00,63.56352935000001,3.56266414804425,67.12619349804426
3,8889452921,dota2-re-gl-2026-07-10-game1,2026-07-10T09:17:34.068000+00:00,74.47460000000001,2.77989009,77.25449009
3,8889468264,dota2-xtreme-bb4-2026-07-10-game1,2026-07-10T09:26:30.741000+00:00,-47.48477585999993,4.4477022245594995,-43.03707363544043
3,8889513730,dota2-poorra-flc-2026-07-10-game2,2026-07-10T10:17:36.842000+00:00,0.0,0.0,0.0
3,8889524021,dota2-xtreme-bb4-2026-07-10-game2,2026-07-10T10:37:39.793000+00:00,-5.970199999999977,2.7176290199999995,-3.2525709799999776
3,8889538949,dota2-re-gl-2026-07-10-game2,2026-07-10T10:40:57.402000+00:00,-34.68599999999992,5.0959644,-29.590035599999922
3,8889615310,dota2-l1ga-liquid-2026-07-10-game1,2026-07-10T11:48:20.990000+00:00,-3.955999999999989,0.9888755999999999,-2.967124399999989
3,8889621582,dota2-aur1-playti-2026-07-10-game1,2026-07-10T11:57:42.116000+00:00,-39.367034360000055,2.471823597351,-36.89521076264906
3,8889699098,dota2-l1ga-liquid-2026-07-10-game2,2026-07-10T12:46:15.831000+00:00,-18.870300000000015,0.6196142924999999,-18.250685707500015
3,8889733840,dota2-aur1-playti-2026-07-10-game2,2026-07-10T13:14:22.837000+00:00,-39.4366,0.9528164250000001,-38.483783575
3,8889871314,dota2-nem-vg-2026-07-10-game1,2026-07-10T14:27:52.631000+00:00,13.158000000000015,0.66375531,13.821755310000015
3,8889914618,dota2-pari-mouz-2026-07-10-game1,2026-07-10T14:59:49.254000+00:00,-1.8641635200000053,0.45758540173199996,-1.4065781182680053
3,8889944251,dota2-rnx-ts8-2026-07-10-game1,2026-07-10T15:15:29.857000+00:00,15.482199999999978,0.47196436500000005,15.954164364999977
3,8890008812,dota2-nem-vg-2026-07-10-game2,2026-07-10T15:49:04.827000+00:00,224.03730000000007,2.1484682025,226.18576820250007
3,8890036748,dota2-pari-mouz-2026-07-10-game2,2026-07-10T16:15:07.698000+00:00,6.818099999999987,0.3195984375,7.137698437499987
3,8890074597,dota2-rnx-ts8-2026-07-10-game2,2026-07-10T16:28:42.555000+00:00,0.0,0.0,0.0
3,8890179830,dota2-lgd-ty-2026-07-10-game1,2026-07-10T17:38:53.401000+00:00,9.950488159999992,0.528846555876,10.479334715875993
3,8890270555,dota2-1win-og-2026-07-10-game2,2026-07-10T18:36:26.467000+00:00,0.0,0.0,0.0
3,8890268632,dota2-lgd-ty-2026-07-10-game2,2026-07-10T18:43:14.663000+00:00,-8.497200000000134,1.646679345,-6.8505206550001345
3,8890301402,dota2-ic-vp-2026-07-10-game2,2026-07-10T18:52:09.717000+00:00,0.0,0.0,0.0
3,8891108843,dota2-poorra-re-2026-07-11-game1,2026-07-11T09:15:44.932000+00:00,88.70889999999999,3.5866288875,92.29552888749998
3,8891108985,dota2-bb4-gl-2026-07-11-game1,2026-07-11T09:17:06.187000+00:00,6.437564899999984,1.059902423415,7.497467323414984
3,8891145641,dota2-xtreme-flc-2026-07-11-game1,2026-07-11T09:30:07.111000+00:00,0.09971136000000413,0.17356299343200005,0.2732743534320042
3,8891217710,dota2-poorra-re-2026-07-11-game2,2026-07-11T10:44:50.172000+00:00,-77.10710150000006,3.0724065324375003,-74.03469496756256
3,8891240327,dota2-xtreme-flc-2026-07-11-game2,2026-07-11T11:01:14.698000+00:00,34.14994297000001,4.569923049944251,38.71986601994426
3,8891325877,dota2-l1ga-lvlup1-2026-07-11-game1,2026-07-11T12:09:46.181000+00:00,-65.04090200000007,2.04839793375,-62.99250406625007
3,8891349244,dota2-playti-ngx-2026-07-11-game1,2026-07-11T12:27:52.369000+00:00,5.0461999999999705,3.323023215,8.36922321499997
3,8891371442,dota2-aur1-liquid-2026-07-11-game1,2026-07-11T12:43:19.319000+00:00,-29.64300112,1.793002779456,-27.849998340544
3,8891438996,dota2-l1ga-lvlup1-2026-07-11-game2,2026-07-11T13:19:40.554000+00:00,49.70289999999999,3.5781057525,53.28100575249999
3,8891497910,dota2-aur1-liquid-2026-07-11-game2,2026-07-11T13:53:37.287000+00:00,34.432799999999986,0.7763184750000001,35.20911847499998
3,8891519142,dota2-playti-ngx-2026-07-11-game2,2026-07-11T14:08:43.754000+00:00,-92.57237235999997,3.330217505271,-89.24215485472898
3,8892829232,dota2-mouz-vg-2026-07-12-game1,2026-07-12T09:15:57.248000+00:00,-185.07185302000005,3.5120969957490002,-181.55975602425104
3,8892835652,dota2-rnx-nem-2026-07-12-game1,2026-07-12T09:19:01.546000+00:00,-75.21000000000004,4.02702999,-71.18297001000003
3,8892836635,dota2-pari-ts8-2026-07-12-game1,2026-07-12T09:26:06.808000+00:00,-44.184499999999986,3.3744382275,-40.810061772499985
3,8892923329,dota2-mouz-vg-2026-07-12-game2,2026-07-12T10:25:59.512000+00:00,-1.4340010200000046,1.9235339367105,0.48953291671049537
3,8892914077,dota2-pari-ts8-2026-07-12-game2,2026-07-12T10:31:28.406000+00:00,-20.094799999999992,1.2228417,-18.871958299999992
3,8892958964,dota2-rnx-nem-2026-07-12-game2,2026-07-12T10:53:08.655000+00:00,-121.0196,2.799290355,-118.220309645
3,8893070561,dota2-1win-ty-2026-07-12-game1,2026-07-12T12:14:45.162000+00:00,-7.96342527999991,4.054605117887999,-3.908820162111911
3,8893106015,dota2-og-vp-2026-07-12-game1,2026-07-12T12:36:42.440000+00:00,35.11899900999998,1.6319067876982498,36.75090579769823
3,8893165071,dota2-1win-ty-2026-07-12-game2,2026-07-12T13:18:20.777000+00:00,1.7119981999999823,5.96718340095,7.679181600949982
3,8893253595,dota2-og-vp-2026-07-12-game2,2026-07-12T13:56:28.498000+00:00,-3.2815259999999853,1.7231943636000002,-1.558331636399985
3,8896139222,dota2-re-vp-2026-07-14-game1,2026-07-14T11:15:10.363000+00:00,39.18040000000008,5.4297864,44.610186400000075
3,8896140998,dota2-liquid-xtreme-2026-07-14-game1,2026-07-14T11:24:31.795000+00:00,-33.930794080000055,3.431200900464,-30.499593179536056
3,8896234088,dota2-re-vp-2026-07-14-game2,2026-07-14T12:30:48.003000+00:00,-7.217199999999993,1.75741095,-5.459789049999993
3,8896267691,dota2-liquid-xtreme-2026-07-14-game2,2026-07-14T13:05:08.216000+00:00,-10.596124880000048,3.259683035058,-7.336441844942048
3,8896380183,dota2-re-vp-2026-07-14,2026-07-14T14:02:34.965000+00:00,-121.82210000000003,5.8164559575,-116.00564404250004
3,8896486914,dota2-liquid-xtreme-2026-07-14,2026-07-14T15:13:00.049000+00:00,-19.405838899999992,2.318863931253,-17.086974968746993
3,8896645659,dota2-lgd-mouz-2026-07-14-game1,2026-07-14T16:55:49.823000+00:00,0.08059999999999956,0.022964955,0.10356495499999956
3,8896731473,dota2-lgd-mouz-2026-07-14-game2,2026-07-14T18:02:11.857000+00:00,-56.59325000000001,1.6705013924999998,-54.92274860750001
3,8897585705,dota2-aur1-re-2026-07-15-game1,2026-07-15T11:19:40.513000+00:00,-7.004100000000051,0.9065905425,-6.097509457500051
3,8897588873,dota2-ts8-liquid-2026-07-15-game1,2026-07-15T11:25:30.473000+00:00,22.026414880000004,3.280877428032,25.307292308032004
3,8897695379,dota2-aur1-re-2026-07-15-game2,2026-07-15T12:41:48.340000+00:00,-31.61669999999999,0.6934681875,-30.923231812499992
3,8897696869,dota2-ts8-liquid-2026-07-15-game2,2026-07-15T12:54:25.976000+00:00,-16.632639939999876,4.5577773387615,-12.074862601238376
3,8897831774,dota2-ts8-liquid-2026-07-15,2026-07-15T14:13:24.528000+00:00,-4.363584900000035,0.8831815982250001,-3.4804033017750347
3,8897841991,dota2-1win-vg-2026-07-15-game1,2026-07-15T14:22:22.284000+00:00,0.0,0.0,0.0
3,8897971312,dota2-1win-vg-2026-07-15-game2,2026-07-15T15:33:39.656000+00:00,-6.976800000000026,0.4561083,-6.520691700000025
3,8898003442,dota2-bb4-lgd-2026-07-15-game1,2026-07-15T15:56:58.589000+00:00,10.248200000000026,1.464324015,11.712524015000026
3,8898084910,dota2-1win-vg-2026-07-15,2026-07-15T16:49:08.935000+00:00,-9.724700719999959,3.928754225124,-5.795946494875959
3,8898117600,dota2-bb4-lgd-2026-07-15-game2,2026-07-15T17:15:52.403000+00:00,16.88337334999997,0.90681795691125,17.790191306911222
3,8899028080,dota2-ty-ts8-2026-07-17-game1,2026-07-16T11:25:22.617000+00:00,-40.27190000000002,2.0635239675,-38.20837603250001
3,8899120700,dota2-ty-ts8-2026-07-17-game2,2026-07-16T12:44:26.752000+00:00,-29.134100479999944,3.5348639152679997,-25.599236564731946
3,8899307453,dota2-pari-re-2026-07-17-game1,2026-07-16T14:36:23.407000+00:00,-20.342784350000045,1.28527793962125,-19.057506410378796
3,8899420575,dota2-pari-re-2026-07-17-game2,2026-07-16T15:46:28.167000+00:00,-17.376400000000046,1.2450165749999997,-16.131383425000045
3,8900508749,dota2-flc-vg-2026-07-16-game1,2026-07-17T11:21:46.405000+00:00,-12.698899999999995,0.9056546925,-11.793245307499994
3,8900623530,dota2-flc-vg-2026-07-16-game2,2026-07-17T12:54:30.551000+00:00,-10.131819889999917,6.94820344086075,-3.1836164491391674
3,8900771154,dota2-ngx-bb4-2026-07-16-game1,2026-07-17T14:28:08.196000+00:00,7.378000000000014,0.9413191800000001,8.319319180000015
3,8900882416,dota2-ngx-bb4-2026-07-16-game2,2026-07-17T15:33:10.588000+00:00,0.0,0.0,0.0
3,8902107148,dota2-bb4-vg-2026-07-18-game1,2026-07-18T11:22:02.020000+00:00,-0.3328999999999951,0.5116147275,0.17871472750000494
3,8902173969,dota2-bb4-vg-2026-07-18-game2,2026-07-18T12:21:15.910000+00:00,-28.843099999999993,2.1540862725000003,-26.689013727499994
3,8902338515,dota2-ty-pari-2026-07-18-game1,2026-07-18T14:06:38.308000+00:00,20.577199420000028,4.6509655477814995,25.228164967781527
3,8902431810,dota2-ty-pari-2026-07-18-game2,2026-07-18T15:09:37.865000+00:00,8.696299200000041,3.91008861456,12.60638781456004
3,8902610619,dota2-ty-pari-2026-07-18,2026-07-18T16:48:06.686000+00:00,11.538600000000002,1.433959515,12.972559515000002
3,8903705555,dota2-vg-ty-2026-07-19-game1,2026-07-19T10:24:33.152000+00:00,14.343700000000013,1.3650548325,15.708754832500013
3,8903789784,dota2-vg-ty-2026-07-19-game2,2026-07-19T11:31:19.185000+00:00,24.180300000000045,1.4330918925,25.613391892500044
3,8904012666,dota2-bb4-pari-2026-07-19-game1,2026-07-19T13:57:51.853000+00:00,117.97480000000002,5.00332188,122.97812188000002
3,8904157676,dota2-bb4-pari-2026-07-19-game2,2026-07-19T15:17:11.337000+00:00,-23.6965000000001,7.769991247499999,-15.926508752500101
3,8904322271,dota2-bb4-pari-2026-07-19-game3,2026-07-19T16:52:33.960000+00:00,8.773371160000073,3.245235776661,12.018606936661072
3,8904419709,dota2-bb4-pari-2026-07-19-game4,2026-07-19T18:05:14.511000+00:00,6.075999999999965,1.735627215,7.811627214999965
3,8905035315,dota2-stx-lynx-2026-07-20-game1,2026-07-20T07:25:19.610000+00:00,0.9100000000000037,0.22077675000000002,1.1307767500000037
3,8905093611,dota2-stx-lynx-2026-07-20-game2,2026-07-20T08:36:36.644000+00:00,91.32559895999978,4.362590258985,95.68818921898477
3,8905164476,dota2-stx-lynx-2026-07-20,2026-07-20T10:04:24.370000+00:00,330.2063304400002,4.586055667197,334.7923861071972
3,8905233934,dota2-lynx-pckcp-2026-07-20-game1,2026-07-20T11:15:17.947000+00:00,214.15726395,3.67768887686475,217.83495282686474
3,8905359313,dota2-lynx-pckcp-2026-07-20-game2,2026-07-20T12:49:30.119000+00:00,2.53727108999999,2.10428625247275,4.6415573424727405
3,8905490238,dota2-z10-nemiga-2026-07-20-game1,2026-07-20T14:13:02.081000+00:00,-52.97400000000001,0.9383656199999999,-52.03563438000001
3,8905612460,dota2-z10-nemiga-2026-07-20-game2,2026-07-20T15:25:40.567000+00:00,19.49789999999996,1.6262899425,21.12418994249996
3,8905741721,dota2-spirit1-jenz-2026-07-20-game1,2026-07-20T16:55:30.580000+00:00,-2.280000000000001,0.269667,-2.010333000000001
3,8905885788,dota2-spirit1-jenz-2026-07-20-game2,2026-07-20T18:35:45.253000+00:00,-2.664901660000001,0.0920979448635,-2.5728037151365006
3,8905975768,dota2-lvlup1-ill-2026-07-20-game1,2026-07-20T19:45:16.612000+00:00,-95.33600000000001,5.70254688,-89.63345312000001
3,8906069414,dota2-lvlup1-ill-2026-07-20-game2,2026-07-20T20:59:36.536000+00:00,0.29239999999998645,1.56058266,1.8529826599999863
3,8906479441,dota2-nemiga-dan-2026-07-21-game1,2026-07-21T07:24:02.590000+00:00,53.327137370000116,2.12204789985225,55.449185269852364
3,8906547471,dota2-nemiga-dan-2026-07-21-game2,2026-07-21T08:48:51.736000+00:00,20.981799999999964,1.21859085,22.200390849999962
3,8906626852,dota2-pckcp-stx-2026-07-21-game1,2026-07-21T10:17:03.931000+00:00,29.46758067999997,1.3644811206135001,30.83206180061347
3,8906706819,dota2-pckcp-stx-2026-07-21-game2,2026-07-21T11:28:10.072000+00:00,7.105427357601002e-15,1.0499921249999997,1.0499921250000068
3,8906814740,dota2-pckcp-stx-2026-07-21,2026-07-21T12:50:32.182000+00:00,-38.1775999999999,4.35917316,-33.8184268399999
3,8906911697,dota2-lynx-spirit1-2026-07-21-game1,2026-07-21T14:01:22.509000+00:00,-3.617700000000002,1.1320522425,-2.485647757500002
3,8907021823,dota2-lynx-spirit1-2026-07-21-game2,2026-07-21T14:54:33.550000+00:00,-15.70000000000002,1.380225,-14.319775000000021
3,8907114935,dota2-lynx-spirit1-2026-07-21,2026-07-21T15:55:17.448000+00:00,-57.95746451999996,5.143643376306,-52.81382114369396
3,8907236730,dota2-jenz-lynx-2026-07-21-game1,2026-07-21T17:22:36.365000+00:00,0.0,0.0,0.0
3,8907319204,dota2-jenz-lynx-2026-07-21-game2,2026-07-21T18:19:16.673000+00:00,-39.842,0.852814605,-38.989185395
3,8907510684,dota2-z10-aion-2026-07-21-game2,2026-07-21T20:45:41.820000+00:00,0.0,0.0,0.0
3,8907942033,dota2-ill-dan-2026-07-22-game1,2026-07-22T07:18:07.776000+00:00,0.0,0.0,0.0
3,8907997366,dota2-ill-dan-2026-07-22-game2,2026-07-22T08:30:21.640000+00:00,81.93252533,2.6615294706052497,84.59405480060525
3,8908178087,dota2-nemiga-aion-2026-07-22-game2,2026-07-22T11:35:02.272000+00:00,-0.25,0.08021325,-0.16978675
3,8908313996,dota2-stx-spirit1-2026-07-22-game1,2026-07-22T13:26:43.307000+00:00,-0.07840484999999209,0.34447305370725,0.2660682037072579
3,8908486051,dota2-stx-spirit1-2026-07-22-game2,2026-07-22T15:03:55.390000+00:00,28.534685930000023,1.24254406187025,29.77722999187027
3,8908612824,dota2-stx-spirit1-2026-07-22,2026-07-22T16:27:56.948000+00:00,28.446639539999808,8.046907197882,36.49354673788181
3,8908710300,dota2-z10-lvlup1-2026-07-22-game1,2026-07-22T17:40:32.974000+00:00,-38.05690000000003,3.0831905175,-34.97370948250003
3,8908926344,dota2-z10-lvlup1-2026-07-22,2026-07-22T20:21:42.790000+00:00,28.787594379999966,1.4151476227184998,30.202742002718466
3,8909388284,dota2-dan-z10-2026-07-23-game1,2026-07-23T07:17:23.633000+00:00,0.35999999999999943,0.059049,0.41904899999999945
3,8909443684,dota2-dan-z10-2026-07-23-game2,2026-07-23T08:24:14.078000+00:00,-10.89130193000002,0.78476532359175,-10.10653660640827
3,8909498494,dota2-dan-z10-2026-07-23,2026-07-23T09:35:42.112000+00:00,-0.7999999999999972,0.1305,-0.6694999999999971
3,8909658828,dota2-spirit1-pckcp-2026-07-23-game2,2026-07-23T11:56:35.158000+00:00,-8.77680079999999,1.08557171676,-7.691229083239989
3,8909780227,dota2-spirit1-pckcp-2026-07-23,2026-07-23T13:29:29.880000+00:00,8.745999999999995,0.32351454,9.069514539999995
3,8910104556,dota2-jenz-kw1-2026-07-23-game2,2026-07-23T16:47:57.620000+00:00,-0.046699999999987085,1.2846331874999999,1.2379331875000128
3,8910216725,dota2-jenz-kw1-2026-07-23,2026-07-23T18:09:02.529000+00:00,0.14000000000000057,0.184905,0.32490500000000055
3,8910344715,dota2-lvlup1-aion-2026-07-23-game1,2026-07-23T19:45:58.831000+00:00,20.9384,0.8921138399999999,21.830513840000002
3,8910461593,dota2-lvlup1-aion-2026-07-23-game2,2026-07-23T21:18:59.726000+00:00,-4.4517999999999995,0.18788671499999998,-4.263913284999999
3,8910535715,dota2-lvlup1-aion-2026-07-23,2026-07-23T22:37:28.157000+00:00,8.831223299999992,0.309384477675,9.140607777674992
3,8910589445,dota2-nemiga-ill-2026-07-23-game1,2026-07-23T23:33:41.369000+00:00,-61.29179999999998,2.9390169299999997,-58.35278306999998
3,8910670427,dota2-nemiga-ill-2026-07-23,2026-07-24T01:26:47.762000+00:00,-54.7991315,3.1113362188124998,-51.687795281187505
3,8910982575,dota2-aion-dan-2026-07-24-game2,2026-07-24T08:39:31.809000+00:00,0.0,0.0,0.0
3,8911277378,dota2-kw1-stx-2026-07-24-game2,2026-07-24T13:08:23.857000+00:00,57.13563245999996,1.051085660361,58.18671812036096
3,8911784562,dota2-z10-ill-2026-07-24-game1,2026-07-24T18:00:21.302000+00:00,-7.929899999999975,1.4995522575,-6.4303477424999755
3,8911916389,dota2-z10-ill-2026-07-24-game2,2026-07-24T19:32:36.981000+00:00,4.049999999999983,2.60376897,6.653768969999983
3,8912045230,dota2-nemiga-lvlup1-2026-07-24-game1,2026-07-24T21:05:49.488000+00:00,-35.26562304,6.940655996688,-28.324967043312
3,8912123729,dota2-nemiga-lvlup1-2026-07-24-game2,2026-07-24T22:15:39.296000+00:00,0.0,0.0,0.0
3,8912551235,dota2-ill-aion-2026-07-25-game1,2026-07-25T07:19:52.253000+00:00,2.5999999999999996,0.096174,2.6961739999999996
3,8912622476,dota2-ill-aion-2026-07-25-game2,2026-07-25T08:27:06.996000+00:00,-12.271824679999948,0.588976451157,-11.682848228842948
3,8912758286,dota2-pckcp-jenz-2026-07-22-game1,2026-07-25T10:25:45.605000+00:00,-94.76000000000002,2.38732947,-92.37267053000002
3,8912831712,dota2-pckcp-jenz-2026-07-22-game2,2026-07-25T11:23:26.682000+00:00,-18.056399999999986,1.3113746700000002,-16.745025329999986
3,8912974141,dota2-pckcp-jenz-2026-07-22,2026-07-25T13:02:19.241000+00:00,-42.88069999999993,4.9920761625,-37.888623837499935
3,8913307206,dota2-kw1-pckcp-2026-07-25-game1,2026-07-25T16:28:48.834000+00:00,0.0,0.0,0.0
3,8913598312,dota2-lynx-kw1-2026-07-25-game1,2026-07-25T19:28:05.257000+00:00,-5.520000000000003,0.599133,-4.920867000000003
3,8913726962,dota2-lynx-kw1-2026-07-25-game2,2026-07-25T20:57:15.562000+00:00,-103.60289999999996,4.0312116975,-99.57168830249996
3,8913824141,dota2-lynx-kw1-2026-07-25,2026-07-25T22:21:39.642000+00:00,-79.71020000000004,3.50733768,-76.20286232000004
3,8914414410,dota2-nemiga-ill-2026-07-26-game1,2026-07-26T09:26:59.644000+00:00,-6.307178520000008,0.99234700104,-5.314831518960008
3,8914520562,dota2-nemiga-ill-2026-07-26-game2,2026-07-26T10:41:21.923000+00:00,-55.26179999999988,2.37020412,-52.89159587999988
3,8914637220,dota2-nemiga-ill-2026-07-26,2026-07-26T12:04:18.708000+00:00,0.0,0.0,0.0
3,8914749408,dota2-rearis-pckcp-2026-07-26-game1,2026-07-26T13:19:34.036000+00:00,-7.669199999999975,0.774742545,-6.8944574549999755
3,8914885598,dota2-rearis-pckcp-2026-07-26-game2,2026-07-26T14:24:02.001000+00:00,49.64150000000001,0.30260808749999996,49.944108087500005
3,8915002841,dota2-kw1-rearis-2026-07-26-game1,2026-07-26T15:32:54.677000+00:00,-39.92823289999998,0.7471051334834999,-39.18112776651648
3,8915137972,dota2-kw1-rearis-2026-07-26-game2,2026-07-26T16:47:26.165000+00:00,0.3000000000000007,0.024412499999999993,0.3244125000000007
3,8915271266,dota2-jenz-stx-2026-07-26-game1,2026-07-26T18:26:53.337000+00:00,13.22896608,0.237910675536,13.466876755536
3,8915390117,dota2-jenz-stx-2026-07-26-game2,2026-07-26T19:37:39.362000+00:00,2.315100000000001,0.0722263125,2.387326312500001
3,8915498965,dota2-jenz-stx-2026-07-26,2026-07-26T20:57:43.107000+00:00,-8.809200840000045,1.4374227276059999,-7.371778112394045
3,8916041863,dota2-lvlup1-pckcp-2026-07-27-game1,2026-07-27T09:21:33.291000+00:00,66.23039999999997,1.1683722449999996,67.39877224499998
3,8916102349,dota2-lvlup1-pckcp-2026-07-27-game2,2026-07-27T10:12:46.876000+00:00,14.340000000000003,0.447015,14.787015000000004
3,8916245727,dota2-stx-nemiga-2026-07-27-game1,2026-07-27T12:25:46.061000+00:00,7.830800000000039,1.5601566,9.390956600000038
3,8916384577,dota2-stx-nemiga-2026-07-27-game2,2026-07-27T13:48:29.618000+00:00,33.82780000000005,5.9431677149999995,39.770967715000054
3,8916474664,dota2-stx-nemiga-2026-07-27,2026-07-27T14:44:54.132000+00:00,-24.965700000000197,9.975716587500001,-14.989983412500196
3,8917611319,dota2-pr1-nemiga-2026-07-28-game2,2026-07-28T10:17:02.190000+00:00,-1.3879999999999981,0.4825035,-0.9054964999999982
3,8917675823,dota2-pr1-nemiga-2026-07-28,2026-07-28T11:19:25.327000+00:00,19.559399999999982,1.8253148849999998,21.384714884999983
3,8917738415,dota2-nh-pckcp-2026-07-28-game1,2026-07-28T12:16:10.015000+00:00,0.0,0.0,0.0
3,8917853656,dota2-nh-pckcp-2026-07-28-game2,2026-07-28T13:23:44.955000+00:00,-0.3791999999999973,0.196753095,-0.18244690499999733
3,8918052500,dota2-pckcp-kw1-2026-07-28-game1,2026-07-28T15:24:46.769000+00:00,0.0,0.0,0.0
3,8918176547,dota2-pckcp-kw1-2026-07-28-game2,2026-07-28T16:37:04.197000+00:00,68.20684809999999,0.6848421533625,68.89169025336248
3,8919264561,dota2-rearis-z10-2026-07-29-game1,2026-07-29T12:23:03.580000+00:00,5.308865039999944,2.859758719332,8.168623759331943
3,8919404744,dota2-rearis-z10-2026-07-29-game2,2026-07-29T13:48:28.368000+00:00,1.544999999999984,2.848417575,4.393417574999984
3,8919546613,dota2-amaru-nemiga-2026-07-29-game1,2026-07-29T15:15:30.082000+00:00,-36.30490047999997,2.054138825196,-34.25076165480397
3,8919685210,dota2-amaru-nemiga-2026-07-29-game2,2026-07-29T16:34:50.427000+00:00,-220.59588411999988,5.217659784857999,-215.37822433514188
3,8919803916,dota2-amaru-nemiga-2026-07-29,2026-07-29T18:02:17.532000+00:00,88.50714719000004,4.25032345101075,92.7574706410108
3,8920655724,dota2-pckcp-z10-2026-07-30-game2,2026-07-30T10:32:16.617000+00:00,0.0,0.0,0.0
3,8920897425,dota2-lvlup1-z10-2026-07-30-game2,2026-07-30T13:37:44.606000+00:00,-110.19839999999999,5.30312391,-104.89527609
3,8921002620,dota2-lvlup1-z10-2026-07-30,2026-07-30T14:47:46.063000+00:00,39.10749999999998,1.8782488275,40.98574882749998
3,8921162227,dota2-amaru-pr1-2026-07-30-game1,2026-07-30T16:32:24.441000+00:00,28.20689999999999,1.0923122025,29.29921220249999
3,8921281044,dota2-amaru-pr1-2026-07-30-game2,2026-07-30T17:34:28.519000+00:00,0.0,0.0,0.0
3,8921949036,dota2-re-midas3-2026-07-31-game1,2026-07-31T06:23:42.906000+00:00,0.0,0.0,0.0
3,8922016200,dota2-re-midas3-2026-07-31-game2,2026-07-31T07:39:14.850000+00:00,0.0,0.0,0.0
3,8922074642,dota2-vg-amaru-2026-07-31-game1,2026-07-31T08:46:41.467000+00:00,-59.21419999999995,1.31858304,-57.89561695999995
3,8922137329,dota2-vg-amaru-2026-07-31-game2,2026-07-31T09:48:16.177000+00:00,0.3000000000000007,0.0291825,0.3291825000000007
3,8922133239,dota2-tr7-playti-2026-07-31-game1,2026-07-31T09:57:34.446000+00:00,6.549114980000027,4.5683812891275,11.117496269127528
3,8922186876,dota2-vg-amaru-2026-07-31,2026-07-31T10:40:33.810000+00:00,12.93549999999999,0.6262459275000001,13.56174592749999
3,8922211678,dota2-tr7-playti-2026-07-31-game2,2026-07-31T11:00:53.806000+00:00,4.33460000000008,2.139468015,6.47406801500008
3,8922300474,dota2-enjoy-glyph-2026-07-31-game1,2026-07-31T12:14:29.331000+00:00,6.281786200000006,0.6305203614,6.9123065614000065
3,8922339160,dota2-l1ga-rnx-2026-07-31-game1,2026-07-31T12:44:09.822000+00:00,58.615399999999966,7.274234445,65.88963444499997
3,8922400300,dota2-enjoy-glyph-2026-07-31-game2,2026-07-31T13:24:39.311000+00:00,67.48639999999993,2.96405796,70.45045795999994
3,8922433138,dota2-l1ga-rnx-2026-07-31-game2,2026-07-31T13:42:06.325000+00:00,-54.95759180000016,2.5629644899965,-52.394627310003656
3,8922552315,dota2-l1ga-rnx-2026-07-31,2026-07-31T14:55:23.609000+00:00,3.508800000000008,1.28606292,4.794862920000008
3,8922602122,dota2-yb1-z10-2026-07-31-game1,2026-07-31T15:28:08.646000+00:00,-20.266300000000058,4.3276829175,-15.938617082500059
3,8922722577,dota2-yb1-z10-2026-07-31-game2,2026-07-31T16:35:25.057000+00:00,-9.63330000000002,3.1613020425,-6.47199795750002
3,8922818221,dota2-xtreme-lgd-2026-07-31-game1,2026-07-31T17:51:24.199000+00:00,-25.391999999999996,4.22237004,-21.169629959999995
3,8922940920,dota2-xtreme-lgd-2026-07-31-game2,2026-07-31T19:09:48.720000+00:00,77.08719999999997,4.5859986,81.67319859999996
3,8923040358,dota2-xtreme-lgd-2026-07-31,2026-07-31T20:28:40.570000+00:00,0.0,0.0,0.0
3,8923506996,dota2-midas3-tr7-2026-08-01-game1,2026-08-01T05:43:01.223000+00:00,0.0,0.0,0.0
3,8923579943,dota2-midas3-tr7-2026-08-01-game2,2026-08-01T07:02:32.143000+00:00,-62.33459999999997,1.263537855,-61.07106214499997
3,8923643650,dota2-midas3-tr7-2026-08-01,2026-08-01T08:08:01.087000+00:00,50.104100000000045,1.3995303824999998,51.50363038250004
3,8923704450,dota2-yes-vg-2026-08-01-game1,2026-08-01T09:01:56.739000+00:00,-7.614955739999942,2.8400484409545,-4.774907299045442
3,8923780137,dota2-re-playti-2026-08-01-game1,2026-08-01T10:09:39.721000+00:00,-17.543999999999954,1.30185252,-16.242147479999954
3,8923790600,dota2-yes-vg-2026-08-01-game2,2026-08-01T10:14:11.317000+00:00,5.333400000000012,0.729209115,6.062609115000011
3,8923874259,dota2-re-playti-2026-08-01-game2,2026-08-01T11:26:12.956000+00:00,20.469199999999994,0.57351705,21.042717049999993
3,8923899787,dota2-enjoy-yb1-2026-08-01-game1,2026-08-01T11:45:49.553000+00:00,-128.2960288800001,2.670330146964,-125.6256987330361
3,8924057168,dota2-l1ga-lgd-2026-08-01-game1,2026-08-01T13:34:16.709000+00:00,-1.8246000000000002,0.203032365,-1.6215676350000003
3,8924222714,dota2-l1ga-lgd-2026-08-01-game2,2026-08-01T15:02:43.462000+00:00,0.0,0.0,0.0
3,8924328537,dota2-glyph-z10-2026-08-01-game1,2026-08-01T15:59:42.950000+00:00,-299.2529999999999,3.107141145,-296.14585885499986
3,8924367779,dota2-l1ga-lgd-2026-08-01,2026-08-01T16:23:12.450000+00:00,-20.925471000000044,0.73482054525,-20.190650454750045
3,8924468754,dota2-glyph-z10-2026-08-01-game2,2026-08-01T17:25:49.795000+00:00,9.005200000000002,3.27252321,12.277723210000001
3,8924530036,dota2-rnx-xtreme-2026-08-01-game1,2026-08-01T18:06:50.164000+00:00,8.250699999999995,0.8421684525,9.092868452499994
3,8924616191,dota2-rnx-xtreme-2026-08-01-game2,2026-08-01T19:06:22.446000+00:00,-144.55139999999994,1.788940035,-142.76245996499995
3,8925210898,dota2-playti-xctn-2026-08-02-game1,2026-08-02T05:28:20.542000+00:00,0.0,0.0,0.0
3,8925308090,dota2-playti-xctn-2026-08-02-game2,2026-08-02T07:03:47.891000+00:00,-1.6515999999999735,0.9642192599999999,-0.6873807399999736
3,8925543582,dota2-yes-tr7-2026-08-02-game1,2026-08-02T10:44:16.945000+00:00,-0.9090999999999951,1.7267836575,0.8176836575000048
3,8925703946,dota2-yes-tr7-2026-08-02-game2,2026-08-02T11:58:57.158000+00:00,15.402199999999993,1.738118565,17.140318564999994
3,8925847726,dota2-yes-tr7-2026-08-02,2026-08-02T13:17:43.701000+00:00,38.747860229999986,1.92021269751675,40.66807292751674
3,8926022375,dota2-rnx-yb1-2026-08-02-game1,2026-08-02T15:09:53.856000+00:00,80.98310000000006,5.6824437375,86.66554373750006
3,8926232913,dota2-rnx-yb1-2026-08-02-game2,2026-08-02T16:42:19.665000+00:00,2.170899999999982,3.9273107924999997,6.098210792499982
3,8926381426,dota2-rnx-yb1-2026-08-02,2026-08-02T18:14:10.009000+00:00,-0.09999999999999432,1.72848618,1.6284861800000057
3,8926523280,dota2-z10-lgd-2026-08-02-game1,2026-08-02T19:59:32.068000+00:00,0.0,0.0,0.0
3,8926636219,dota2-z10-lgd-2026-08-02-game2,2026-08-02T21:07:31.416000+00:00,-28.861999999999966,1.1502185999999999,-27.711781399999968
3,8927063876,dota2-glyph-playti-2026-08-03-game2,2026-08-03T06:55:36.873000+00:00,518.8077875199999,4.0512607884045,522.8590483084045
3,8927132943,dota2-glyph-playti-2026-08-03,2026-08-03T08:27:35.152000+00:00,39.225588360000046,2.0761058513879997,41.301694211388046
3,8927207054,dota2-xtreme-tr7-2026-08-03-game1,2026-08-03T10:00:05.212000+00:00,11.602708189999959,1.76482332888825,13.367531518888208
3,8927288399,dota2-xtreme-tr7-2026-08-03-game2,2026-08-03T11:00:48.642000+00:00,9.979589099999991,2.2330494948675,12.212638594867492
3,8927380776,dota2-xtreme-tr7-2026-08-03,2026-08-03T12:15:30.661000+00:00,16.668497399999964,2.988406741065,19.656904141064963
3,8927539264,dota2-vg-yb1-2026-08-03-game1,2026-08-03T14:05:56.825000+00:00,140.10439999999994,0.87022866,140.97462865999995
3,8927660975,dota2-vg-yb1-2026-08-03-game2,2026-08-03T15:05:20.968000+00:00,34.732797199999936,4.29029586246,39.023093062459935
3,8927760296,dota2-vg-yb1-2026-08-03,2026-08-03T16:18:19.713000+00:00,90.12420000000009,5.013456735,95.13765673500009
3,8927926397,dota2-re-lgd-2026-08-03-game1,2026-08-03T18:09:03.381000+00:00,-0.09716820000001292,1.2676782926399999,1.170510092639987
3,8928050264,dota2-re-lgd-2026-08-03-game2,2026-08-03T19:19:18.313000+00:00,9.071575700000011,0.554774645325,9.626350345325012
3,8928163118,dota2-re-lgd-2026-08-03,2026-08-03T20:43:38.722000+00:00,-45.80880000000009,4.421575499999999,-41.38722450000009
3,8928851109,dota2-playti-tr7-2026-08-04-game1,2026-08-04T11:30:07.829000+00:00,0.0,0.0,0.0
3,8928953683,dota2-playti-tr7-2026-08-04-game2,2026-08-04T12:46:11.879000+00:00,5.773715599999974,1.22790805182,7.001623651819974
3,8929124210,dota2-yb1-re-2026-08-04-game1,2026-08-04T14:38:55.576000+00:00,0.0,0.0,0.0
3,8929276426,dota2-yb1-re-2026-08-04-game2,2026-08-04T15:54:25.550000+00:00,15.530699050000095,0.7765793428687499,16.307278392868845
3,8929365099,dota2-yb1-re-2026-08-04,2026-08-04T16:51:08.308000+00:00,56.38938496000027,5.5005319993755,61.88991695937577
3,8930200713,dota2-tr7-re-2026-08-05-game1,2026-08-05T08:20:38.811000+00:00,-0.2965760999999958,0.3298669384874999,0.03329083848750414
3,8930258778,dota2-tr7-re-2026-08-05-game2,2026-08-05T09:25:42.941000+00:00,52.698199999999844,12.185275605000001,64.88347560499984
3,8930398938,dota2-playti-yb1-2026-08-05-game1,2026-08-05T12:24:04.133000+00:00,-42.32410098999995,4.1066137701982495,-38.2174872198017
3,8930615242,dota2-playti-yb1-2026-08-05-game2,2026-08-05T14:02:56.166000+00:00,66.35818259999994,2.658809405925,69.01699200592493
3,8930736914,dota2-playti-yb1-2026-08-05-game3,2026-08-05T15:09:49.519000+00:00,0.0,0.0,0.0
3,8931781241,dota2-lvlup1-rearis-2026-08-06-game1,2026-08-06T09:28:03.156000+00:00,0.0,0.0,0.0
3,8931852727,dota2-lvlup1-rearis-2026-08-06-game2,2026-08-06T10:30:33.624000+00:00,-99.10777120000012,2.6769262553999997,-96.43084494460011
3,8931981851,dota2-rearis-nh-2026-08-06-game1,2026-08-06T12:26:15.226000+00:00,23.49300000000008,1.519206345,25.01220634500008
3,8932085762,dota2-rearis-nh-2026-08-06-game2,2026-08-06T13:20:21.204000+00:00,0.0,0.0,0.0
3,8932181345,dota2-rearis-nh-2026-08-06,2026-08-06T14:22:22.478000+00:00,4.69318373000003,0.27102459365474996,4.96420832365478
3,8932318084,dota2-nh-lvlup1-2026-08-06-game1,2026-08-06T15:34:15.395000+00:00,-46.12829999999998,0.9471982275,-45.18110177249998
3,8932413808,dota2-nh-lvlup1-2026-08-06-game2,2026-08-06T16:23:29.211000+00:00,0.0,0.0,0.0
3,8932523868,dota2-nh-lvlup1-2026-08-06,2026-08-06T17:36:18.454000+00:00,-13.552500000000009,2.3607316574999997,-11.191768342500009
3,8932657929,dota2-ill-pr1-2026-08-06-game1,2026-08-06T19:12:10.345000+00:00,-52.928999999999974,0.932082615,-51.996917384999975
3,8932835800,dota2-ill-pr1-2026-08-06,2026-08-06T21:22:55.783000+00:00,-23.800470800000042,1.0324152948599998,-22.76805550514004
3,8933374169,dota2-nh-z10-2026-08-07-game1,2026-08-07T09:29:47.916000+00:00,0.0,0.0,0.0
3,8933453728,dota2-nh-z10-2026-08-07-game2,2026-08-07T10:40:19.376000+00:00,0.0,0.0,0.0
3,8933575351,dota2-ill-stx-2026-08-07-game1,2026-08-07T12:33:02.695000+00:00,0.0,0.0,0.0
3,8933704579,dota2-ill-stx-2026-08-07-game2,2026-08-07T13:44:43.178000+00:00,4.400400000000019,1.416502485,5.8169024850000195
3,8933879286,dota2-pr1-jenz-2026-08-07-game1,2026-08-07T15:25:51.002000+00:00,-158.56200563999997,4.390334540154,-154.17167109984598
3,8933988979,dota2-pr1-jenz-2026-08-07-game2,2026-08-07T16:29:38.697000+00:00,-9.636937120000027,1.320855974595,-8.316081145405027
3,8934184387,dota2-jenz-nemiga-2026-08-07-game1,2026-08-07T18:35:03.983000+00:00,0.0,0.0,0.0
3,8934279386,dota2-jenz-nemiga-2026-08-07-game2,2026-08-07T19:33:30.612000+00:00,0.0,0.0,0.0
3,8936825643,dota2-pr1-yes-2026-08-09-game1,2026-08-09T09:22:32.992000+00:00,-4.891333140000015,2.367331941261,-2.5240011987390147
3,8937080738,dota2-pr1-yes-2026-08-09,2026-08-09T12:20:23.208000+00:00,102.75202124999981,7.42402816265625,110.17604941265607
3,8937188618,dota2-lvlup1-mouz-2026-08-09-game1,2026-08-09T13:17:49.636000+00:00,-19.62365040000003,1.378326725745,-18.24532367425503
3,8937335830,dota2-lvlup1-mouz-2026-08-09-game2,2026-08-09T14:27:35.299000+00:00,-8.15129999999985,4.859612932499999,-3.2916870674998506
3,8937484593,dota2-ill-re-2026-08-09-game1,2026-08-09T15:55:00.679000+00:00,-1.0176000000000003,0.06966306,-0.9479369400000003
3,8937631882,dota2-ill-re-2026-08-09-game2,2026-08-09T17:12:21.447000+00:00,69.77842400000003,0.9568624263,70.73528642630004
3,8937722788,dota2-z10-navi-2026-08-09-game1,2026-08-09T18:17:16.930000+00:00,-10.767099999999942,3.6096628725,-7.157437127499943
3,8938509987,dota2-pr1-mouz-2026-08-10-game1,2026-08-10T09:24:47.767000+00:00,19.77664747,2.25791923809075,22.03456670809075
3,8938565057,dota2-pr1-mouz-2026-08-10-game2,2026-08-10T10:12:07.159000+00:00,-31.82261606000003,2.9513694526605,-28.87124660733953
3,8938634026,dota2-pr1-mouz-2026-08-10,2026-08-10T11:15:54.851000+00:00,-25.93092210999987,3.3069261795622493,-22.62399593043762
3,8938716198,dota2-ill-z10-2026-08-10-game1,2026-08-10T12:25:50.383000+00:00,-5.263521379999986,0.9869138005785001,-4.276607579421486
3,8939023869,dota2-yes-lvlup1-2026-08-10-game1,2026-08-10T15:24:37.289000+00:00,67.56190000000004,2.0067433274999997,69.56864332750004
3,8940059913,dota2-lvlup1-navi-2026-08-11-game1,2026-08-11T09:16:02.605000+00:00,93.62784659999988,1.0594973549399997,94.68734395493989
3,8940117837,dota2-lvlup1-navi-2026-08-11-game2,2026-08-11T10:12:11.551000+00:00,-36.432757629999976,3.70446325262325,-32.72829437737673
3,8940266495,dota2-mouz-re-2026-08-11-game1,2026-08-11T12:16:13.042000+00:00,56.81879999999998,2.136349695,58.95514969499998
3,8940365227,dota2-mouz-re-2026-08-11-game2,2026-08-11T13:12:04.281000+00:00,-15.048900000000005,0.9441961575000001,-14.104703842500005
3,8940487898,dota2-mouz-re-2026-08-11,2026-08-11T14:25:06.999000+00:00,13.878564959999977,2.91739909962,16.795964059619976
3,8940643574,dota2-yes-z10-2026-08-11-game1,2026-08-11T15:45:57.067000+00:00,12.366827660000034,2.010345819573,14.377173479573035
3,8940756672,dota2-yes-z10-2026-08-11-game2,2026-08-11T16:48:25.758000+00:00,-67.81819117000006,3.47203769447025,-64.34615347552982
3,8941656460,dota2-lvlup1-re-2026-08-12-game1,2026-08-12T09:19:34.658000+00:00,16.600499999999982,1.1688734474999998,17.769373447499984
3,8941733752,dota2-lvlup1-re-2026-08-12-game2,2026-08-12T10:35:42.245000+00:00,44.268770200000006,3.9802011455999997,48.248971345600005
3,8941817475,dota2-lvlup1-re-2026-08-12,2026-08-12T11:50:26.039000+00:00,9.999899999999997,1.1827381725,11.182638172499997
3,8942003788,dota2-navi-lvlup1-2026-08-12-game1,2026-08-12T13:42:36.457000+00:00,13.089600000000104,1.35562086,14.445220860000104
3,8942152024,dota2-navi-lvlup1-2026-08-12-game2,2026-08-12T14:50:30.897000+00:00,0.8999999999999986,0.20999250000000003,1.1099924999999986
3,8942262723,dota2-navi-lvlup1-2026-08-12-game3,2026-08-12T15:53:47.795000+00:00,12.251339039999976,0.44426905654800003,12.695608096547977
3,8962372120,dota2-ic-nemiga-2026-08-24-game1,2026-08-24T07:17:08.649000+00:00,0.0,0.0,0.0
3,8962458373,dota2-ic-nemiga-2026-08-24-game2,2026-08-24T08:26:45.454000+00:00,0.0,1.37999862,1.37999862
3,8962592819,dota2-ks-lynx-2026-08-24-game1,2026-08-24T10:19:27.562000+00:00,3.3214000000000024,0.44433033,3.7657303300000025
3,8962736746,dota2-ks-lynx-2026-08-24-game2,2026-08-24T11:33:18.452000+00:00,385.09362219999997,5.7348325462664995,390.82845474626646
3,8962964580,dota2-sb5-stx-2026-08-24-game1,2026-08-24T13:25:23.881000+00:00,1.2002772300000002,0.006391476249750001,1.20666870624975
3,8963508714,dota2-rearis-lynx-2026-08-24-game2,2026-08-24T17:37:20.349000+00:00,8.057799200000034,2.44462789272,10.502427092720033
3,8963649188,dota2-dynast1-fts-2026-08-24-game1,2026-08-24T19:15:00.848000+00:00,51.28489999999999,0.6759758175,51.960875817499996
3,8963790789,dota2-dynast1-fts-2026-08-24-game2,2026-08-24T20:20:45.642000+00:00,22.135288039999892,2.371924880607,24.507212920606893
3,8964399842,dota2-pckcp-nemiga-2026-08-25-game1,2026-08-25T07:22:10.248000+00:00,-56.36106838999994,4.13222221668375,-52.22884617331619
3,8964480771,dota2-pckcp-nemiga-2026-08-25-game2,2026-08-25T08:31:41.723000+00:00,12.897099000000026,3.6239126451,16.521011645100025
3,8964574076,dota2-pckcp-nemiga-2026-08-25,2026-08-25T09:52:05.670000+00:00,0.019999999999997797,0.24689249999999996,0.26689249999999776
3,8964657335,dota2-fts-pckcp-2026-08-25-game1,2026-08-25T10:52:11.864000+00:00,9.720999999999975,0.604694805,10.325694804999975
3,8964837315,dota2-fts-pckcp-2026-08-25-game2,2026-08-25T12:34:06.314000+00:00,-33.19693593999999,1.702573922979,-31.49436201702099
3,8964962329,dota2-ic-fts-2026-08-25-game1,2026-08-25T13:50:36.471000+00:00,217.3821286799999,2.214954017052,219.59708269705192
3,8965097316,dota2-ic-fts-2026-08-25-game2,2026-08-25T14:41:01.046000+00:00,18.256031469999925,2.6431834641907495,20.899214934190674
3,8964938940,dota2-rearis-spirit1-2026-08-25-game1,2026-08-25T16:23:39.394000+00:00,0.19865768000000017,0.160143820722,0.3588015007220002
3,8965544741,dota2-rearis-spirit1-2026-08-25,2026-08-25T18:44:21.316000+00:00,-72.05685886000015,4.442958461600999,-67.61390039839915
3,8969842778,dota2-pckcp-ic-2026-08-28-game2,2026-08-28T08:21:21.985000+00:00,85.68582727999978,4.0323438738735,89.71817115387329
3,8969978865,dota2-rearis-sb5-2026-08-28-game1,2026-08-28T10:27:01.322000+00:00,0.7270000000000003,0.043347374999999994,0.7703473750000003
3,8970089224,dota2-rearis-sb5-2026-08-28-game2,2026-08-28T11:41:09.553000+00:00,0.9600000000000009,0.057456,1.0174560000000008
3,8970207176,dota2-rearis-sb5-2026-08-28,2026-08-28T12:56:49.576000+00:00,5.084433039999986,0.8620891182839999,5.946522158283986
3,8970338180,dota2-synaps-nemiga-2026-08-28-game1,2026-08-28T14:09:13.367000+00:00,-0.0017924500000106036,1.09356004951875,1.0917675995187395
3,8970352005,dota2-dynast1-ic-2026-08-28-game1,2026-08-28T14:10:35.964000+00:00,0.44515769999999755,0.109103176755,0.5542608767549976
3,8970470057,dota2-synaps-nemiga-2026-08-28-game2,2026-08-28T15:09:53.245000+00:00,0.0,0.0,0.0
3,8970485789,dota2-dynast1-ic-2026-08-28-game2,2026-08-28T15:14:26.848000+00:00,-12.256669920000004,3.188965570377,-9.067704349623003
3,8970575970,dota2-synaps-nemiga-2026-08-28,2026-08-28T16:02:11.965000+00:00,21.778317039999976,1.351348346232,23.129665386231977
3,8970655100,dota2-dynast1-ic-2026-08-28,2026-08-28T16:43:34.585000+00:00,-85.45591703000007,2.96908452174375,-82.48683250825631
3,8970886632,dota2-dynast1-pckcp-2026-08-28-game2,2026-08-28T18:51:22.084000+00:00,37.05272637999998,1.6795618079099999,38.73228818790998
3,8971007454,dota2-ks-rearis-2026-08-28-game1,2026-08-28T20:11:41.712000+00:00,-2.852499999999978,1.1388729375,-1.7136270624999779
3,8971016820,dota2-fts-nemiga-2026-08-28-game1,2026-08-28T20:17:43.711000+00:00,0.0,0.0,0.0
3,8971111987,dota2-ks-rearis-2026-08-28-game2,2026-08-28T21:24:47.695000+00:00,-1.8844162000000013,0.065324173275,-1.8190920267250013
3,8971423978,dota2-db2-satan-2026-08-28-game2,2026-08-29T03:20:55.120000+00:00,0.0,0.0,0.0
3,8971501630,dota2-nexus-cres-2026-08-28,2026-08-29T04:51:09.441000+00:00,-194.02878531000022,2.88189389962725,-191.14689141037297
3,8971519375,dota2-nem-6seven-2026-08-29-game1,2026-08-29T05:14:15.579000+00:00,9.714604259999902,0.8303126973014999,10.544916957301401
3,8971586781,dota2-nem-6seven-2026-08-29-game2,2026-08-29T06:13:46.689000+00:00,-17.196199999999976,1.5371972849999997,-15.659002714999977
3,8971664649,dota2-nem-6seven-2026-08-29,2026-08-29T07:24:10.704000+00:00,0.40281708000000194,0.075831958512,0.4786490385120019
3,8971753986,dota2-icecre-kineti-2026-08-29-game1,2026-08-29T08:38:12.829000+00:00,0.0,0.0,0.0
3,8971849697,dota2-icecre-kineti-2026-08-29-game2,2026-08-29T09:43:14.699000+00:00,0.35519999999999996,0.040093199999999996,0.39529319999999996
3,8971891627,dota2-dynast1-nemiga-2026-08-29-game1,2026-08-29T10:17:49.464000+00:00,24.610900000000054,0.8822321025,25.493132102500056
3,8971964803,dota2-mouz-yes-2026-08-29-game1,2026-08-29T11:13:49.271000+00:00,-51.69863392000008,4.910730747591,-46.787903172409074
3,8971988345,dota2-sb5-lynx-2026-08-29-game1,2026-08-29T11:21:30.742000+00:00,9.75249999999999,0.2212430775,9.973743077499991
3,8972103119,dota2-sb5-lynx-2026-08-29-game2,2026-08-29T12:31:54.536000+00:00,-9.879629800000018,0.632880465255,-9.246749334745019
3,8972115962,dota2-mouz-yes-2026-08-29-game2,2026-08-29T12:36:59.931000+00:00,-11.352850879999977,2.1973662009779997,-9.155484679021978
3,8972289868,dota2-huliga-lynx-2026-08-29-game1,2026-08-29T14:15:10.550000+00:00,-85.26627463999995,10.383004890012,-74.88326974998795
3,8972502454,dota2-huliga-lynx-2026-08-29-game2,2026-08-29T15:52:19.963000+00:00,-1.6677999999999997,1.148062725,-0.5197372749999998
3,8972611918,dota2-huliga-lynx-2026-08-29,2026-08-29T16:49:36.587000+00:00,22.388099999999998,3.6899326575,26.078032657499996
3,8972773416,dota2-pi-lvlup1-2026-08-29-game1,2026-08-29T18:17:23.637000+00:00,8.589651999999994,0.7743095339999999,9.363961533999994
3,8972893200,dota2-pi-lvlup1-2026-08-29-game2,2026-08-29T19:20:53.860000+00:00,-52.90309999999988,2.1571213124999997,-50.74597868749988
3,8973011673,dota2-pi-lvlup1-2026-08-29,2026-08-29T20:33:12.059000+00:00,-1.6129999999999987,0.054870569999999994,-1.5581294299999986
3,8973010298,dota2-ks-spirit1-2026-08-29-game1,2026-08-29T20:38:42.759000+00:00,-4.05,0.039723749999999995,-4.0102762499999995
3,8973337131,dota2-icecre-xctn-2026-08-30-game1,2026-08-30T02:14:49.254000+00:00,0.0,0.0,0.0
3,8973405568,dota2-icecre-xctn-2026-08-30-game2,2026-08-30T03:19:55.483000+00:00,5.000119630000015,0.61244804593125,5.612567675931265
3,8973462028,dota2-icecre-xctn-2026-08-30,2026-08-30T04:30:11.988000+00:00,-10.270339360000014,1.770163076496,-8.500176283504015
3,8973502629,dota2-clo-yb1-2026-08-30-game1,2026-08-30T05:13:07.837000+00:00,-7.1000000000000085,0.489860655,-6.610139345000008
3,8973568453,dota2-clo-yb1-2026-08-30-game2,2026-08-30T06:12:50.377000+00:00,-3.316375939999986,0.2700382454895,-3.0463376945104863
3,8973613420,dota2-clo-yb1-2026-08-30,2026-08-30T07:04:46.677000+00:00,18.82486519000004,0.51685262328675,19.341717813286788
3,8973707438,dota2-lynx-lvlup1-2026-08-30-game1,2026-08-30T08:16:36.050000+00:00,42.75263049999995,3.5499501391875,46.302580639187454
3,8973859403,dota2-lynx-lvlup1-2026-08-30-game2,2026-08-30T09:56:31.353000+00:00,-2.532468730000062,1.63485949437825,-0.8976092356218119
3,8973884000,dota2-nem-xctn-2026-08-30-game2,2026-08-30T10:12:32.710000+00:00,6.79901218000001,0.938223733731,7.73723591373101
3,8973944033,dota2-lynx-lvlup1-2026-08-30,2026-08-30T10:50:43.696000+00:00,4.2800000000000225,2.6938744349999997,6.973874435000022
3,8974185539,dota2-navi-mouz-2026-08-30-game2,2026-08-30T13:08:29.090000+00:00,-101.67069212000004,2.9598545160839995,-98.71083760391605
3,8974647733,dota2-lvlup1-pr1-2026-08-30-game1,2026-08-30T17:09:16.077000+00:00,-17.482518729999956,3.36062468777475,-14.121894042225206
3,8974898633,dota2-lvlup1-pr1-2026-08-30,2026-08-30T19:25:58.777000+00:00,-23.399622750000006,1.78254505839375,-21.617077691606255
3,8975110449,dota2-dynast1-ks-2026-08-30-game2,2026-08-30T21:54:27.706000+00:00,13.889000000000038,0.7889646449999999,14.677964645000039
3,8975871235,dota2-synaps-lynx-2026-08-31-game1,2026-08-31T12:26:44.788000+00:00,-19.842002390000033,1.5273412413007499,-18.314661148699283
3,8976012755,dota2-synaps-lynx-2026-08-31-game2,2026-08-31T13:41:35.303000+00:00,8.555200000000013,1.12280427,9.678004270000013
3,8976166971,dota2-synaps-lynx-2026-08-31,2026-08-31T15:09:07.826000+00:00,9.584207320000019,2.9801200273679997,12.564327347368017
3,8976300473,dota2-4iki-ic-2026-08-31-game1,2026-08-31T16:25:39.940000+00:00,2.8765444600000105,1.1381306745284998,4.0146751345285105
3,8976441468,dota2-4iki-ic-2026-08-31-game2,2026-08-31T17:43:06.122000+00:00,48.758800000000015,1.16976258,49.92856258000001
3,8976511215,dota2-4iki-ic-2026-08-31,2026-08-31T18:29:54.020000+00:00,245.58872073999996,3.8493030423164996,249.43802378231646
3,8976665322,dota2-spirit1-pi-2026-08-31-game1,2026-08-31T20:26:57.494000+00:00,31.51916806,2.098049091471,33.617217151470996
3,8976751962,dota2-spirit1-pi-2026-08-31-game2,2026-08-31T21:40:17.685000+00:00,0.0,0.0,0.0
3,8977325814,dota2-ks-pckcp-2026-09-01-game2,2026-09-01T10:26:27.059000+00:00,5.630598639999903,1.2478456268189997,6.878444266818903
3,8977476867,dota2-ic-lynx-2026-09-01-game1,2026-09-01T12:26:04.131000+00:00,3.6607994799999872,0.9538142378159998,4.614613717815987
3,8977623650,dota2-ic-lynx-2026-09-01-game2,2026-09-01T13:53:28.128000+00:00,41.492099999999965,4.1340792525,45.626179252499966
3,8977913355,dota2-synaps-lvlup1-2026-09-01-game2,2026-09-01T16:37:59.217000+00:00,14.480000000000018,0.6471839999999999,15.127184000000018
3,8978023576,dota2-synaps-lvlup1-2026-09-01,2026-09-01T17:45:54.185000+00:00,-37.62358144000001,1.1780094098879998,-36.44557203011201
3,8978832148,dota2-pr1-ic-2026-09-02-game1,2026-09-02T09:52:32.767000+00:00,165.95669135999992,2.7083083698359998,168.66499972983593
3,8978916284,dota2-pr1-ic-2026-09-02-game2,2026-09-02T11:19:11.539000+00:00,0.0,0.0,0.0
3,8978986214,dota2-pr1-ic-2026-09-02,2026-09-02T12:20:55.440000+00:00,-5.479400000000027,0.8280743250000001,-4.6513256750000265
3,8979131280,dota2-dynast1-pckcp-2026-09-02-game1,2026-09-02T13:56:13.878000+00:00,0.0,0.0,0.0
3,8979241530,dota2-dynast1-pckcp-2026-09-02-game2,2026-09-02T14:56:18.245000+00:00,18.46109999999998,1.2444825347054997,19.70558253470548
3,8979344496,dota2-synaps-4iki-2026-09-02-game1,2026-09-02T15:59:27.587000+00:00,26.25199547999997,5.02889715765,31.28089263764997
3,8980293569,dota2-z10-ks-2026-09-03-game1,2026-09-03T09:18:42.909000+00:00,67.52885446999991,1.7805522190597498,69.30940668905966
3,8980358113,dota2-z10-ks-2026-09-03-game2,2026-09-03T10:27:20.250000+00:00,-5.161005850000009,0.55020764764125,-4.610798202358759
3,8980463789,dota2-pckcp-spirit1-2026-09-03-game1,2026-09-03T12:14:02.762000+00:00,10.031852399999991,0.65784317274,10.689695572739991
3,8980769413,dota2-pi-dynast1-2026-09-03-game1,2026-09-03T15:17:23.998000+00:00,13.653913800000005,0.4384917683099999,14.092405568310005
4,8837869969,dota2-aur1-ty-2026-06-04-game1,2026-06-04T09:17:47.612000+00:00,45.67389933000001,4.07002091003775,49.74392024003776
4,8837957019,dota2-aur1-ty-2026-06-04-game2,2026-06-04T11:05:49.570000+00:00,-41.57669999999999,9.4897077525,-32.08699224749999
4,8838056564,dota2-flc-liquid-2026-06-04-game1,2026-06-04T12:43:48.535000+00:00,-75.09469999999996,4.635886162499999,-70.45881383749996
4,8838170936,dota2-flc-liquid-2026-06-04-game2,2026-06-04T14:05:12.636000+00:00,-17.77400169999987,6.070620879267,-11.703380820732871
4,8838396820,dota2-lgd-ty-2026-06-04-game2,2026-06-04T16:48:28.531000+00:00,-16.069200859999995,6.117032097032999,-9.952168762966995
4,8838480778,dota2-lgd-ty-2026-06-04,2026-06-04T17:57:47.377000+00:00,-56.18960107999999,5.7260561196705,-50.463544960329486
4,8839123109,dota2-flc-bb4-2026-06-05-game1,2026-06-05T09:16:39.267000+00:00,-3.1526000000000067,0.763116285,-2.389483715000007
4,8839193447,dota2-flc-bb4-2026-06-05-game2,2026-06-05T10:38:10.594000+00:00,50.418479109999964,3.41939366560575,53.83787277560572
4,8839366504,dota2-lgd-liquid-2026-06-05-game2,2026-06-05T13:21:18.066000+00:00,-115.24419999999992,4.541287095,-110.70291290499992
4,8839494962,dota2-flc-aur1-2026-06-05-game1,2026-06-05T14:52:18.684000+00:00,15.078000000000031,3.3633050399999993,18.44130504000003
4,8839625815,dota2-flc-aur1-2026-06-05-game2,2026-06-05T16:13:53.150000+00:00,9.059635080000007,0.6170248263539999,9.676659906354006
4,8839717574,dota2-flc-aur1-2026-06-05,2026-06-05T17:21:15.591000+00:00,-21.114777680000145,3.106055791737,-18.008721888263146
4,8840635639,dota2-ty-bb4-2026-06-06-game1,2026-06-06T10:47:49.658000+00:00,0.0,0.0,0.0
4,8840704374,dota2-ty-bb4-2026-06-06-game2,2026-06-06T11:51:44.485000+00:00,-15.256222339999994,3.6036611569934998,-11.652561183006494
4,8840821227,dota2-ty-bb4-2026-06-06,2026-06-06T13:12:37.368000+00:00,117.92343899,4.9860495997057495,122.90948858970575
4,8840984097,dota2-aur1-lgd-2026-06-06-game1,2026-06-06T15:05:33.978000+00:00,10.032030280000015,1.8609301087590002,11.892960388759015
4,8841114801,dota2-aur1-lgd-2026-06-06-game2,2026-06-06T16:30:29.855000+00:00,41.81239999999997,3.004451295,44.81685129499997
4,8842052142,dota2-bb4-lgd-2026-06-07-game1,2026-06-07T09:18:04.694000+00:00,90.90999999999997,1.6254708000000002,92.53547079999997
4,8842134886,dota2-bb4-lgd-2026-06-07-game2,2026-06-07T10:28:41.168000+00:00,34.44056130999998,6.36499632281025,40.80555763281023
4,8842245726,dota2-bb4-lgd-2026-06-07,2026-06-07T11:59:53.564000+00:00,-6.011600000000044,5.091409875,-0.9201901250000439
4,8842468101,dota2-ty-lgd-2026-06-07-game1,2026-06-07T14:21:40.854000+00:00,-139.37024159999999,2.00865571722,-137.36158588278
4,8842596730,dota2-ty-lgd-2026-06-07-game2,2026-06-07T15:49:20.066000+00:00,-19.561899999999923,1.7680581825,-17.793841817499924
4,8842722527,dota2-ty-lgd-2026-06-07-game3,2026-06-07T17:12:22.566000+00:00,48.48469715000002,2.21069961852375,50.695396768523764
4,8842845018,dota2-ty-lgd-2026-06-07-game4,2026-06-07T18:51:58.999000+00:00,4.340566279999962,0.959650050441,5.3002163304409615
4,8843465364,dota2-4iki-nande4-2026-06-08-game1,2026-06-08T09:15:08.776000+00:00,-84.6617806000001,4.817117292435,-79.8446633075651
4,8843512570,dota2-4iki-nande4-2026-06-08-game2,2026-06-08T10:09:45.609000+00:00,-2.9468999999999994,0.8787897825000001,-2.0681102174999992
4,8843560379,dota2-4iki-nande4-2026-06-08,2026-06-08T11:10:54.138000+00:00,-0.3300000000000054,0.22249425,-0.1075057500000054
4,8843760302,dota2-vpp-balu-2026-06-08-game2,2026-06-08T13:42:26.324000+00:00,-9.411599999999964,0.4965795449999999,-8.915020454999965
4,8844054970,dota2-z10-sb5-2026-06-08-game2,2026-06-08T17:08:41.204000+00:00,68.03999999999999,0.36741599999999996,68.407416
4,8844132483,dota2-vpp-z10-2026-06-08-game1,2026-06-08T18:23:01.210000+00:00,0.0,0.0,0.0
4,8844244719,dota2-vpp-z10-2026-06-08-game2,2026-06-08T19:45:42.908000+00:00,12.412800000000004,0.40391682,12.816716820000003
4,8844308689,dota2-vpp-z10-2026-06-08,2026-06-08T20:50:38.757000+00:00,291.27880000000005,3.986531295,295.26533129500007
4,8850534819,dota2-ill-pr1-2026-06-13-game2,2026-06-13T17:10:42.502000+00:00,-8.5,0.6858074999999999,-7.8141925
4,8850593633,dota2-ill-pr1-2026-06-13,2026-06-13T18:00:57.551000+00:00,0.0,0.0,0.0
4,8851984783,dota2-4iki-pr1-2026-06-14-game2,2026-06-14T16:46:25.798000+00:00,17.827200000000005,1.2972181950000001,19.124418195000004
4,8852055373,dota2-4iki-pr1-2026-06-14,2026-06-14T17:46:02.690000+00:00,-1.556400000000001,0.051913259999999996,-1.5044867400000008
4,8854443395,dota2-fla-spirit1-2026-06-16-game1,2026-06-16T16:31:44.570000+00:00,-2.0,0.11019,-1.88981
4,8885183102,dota2-flc-bb4-2026-07-07-game1,2026-07-07T09:47:24.433000+00:00,-50.87436250000002,2.3700694528125004,-48.50429304718752
4,8885195986,dota2-re-xtreme-2026-07-07-game1,2026-07-07T09:55:03.037000+00:00,26.138993040000003,1.2860007396239999,27.424993779624003
4,8885252329,dota2-flc-bb4-2026-07-07-game2,2026-07-07T11:01:59.599000+00:00,-6.397720799999945,1.6752500976599998,-4.722470702339946
4,8885275216,dota2-re-xtreme-2026-07-07-game2,2026-07-07T11:16:11.813000+00:00,-10.357599999999962,0.899313975,-9.458286024999962
4,8885365825,dota2-l1ga-ngx-2026-07-07-game1,2026-07-07T12:34:49.112000+00:00,0.0,0.0,0.0
4,8885380529,dota2-liquid-playti-2026-07-07-game1,2026-07-07T12:43:07.045000+00:00,-21.567699999999988,3.4205028375,-18.14719716249999
4,8885411801,dota2-lvlup1-aur1-2026-07-07-game1,2026-07-07T13:06:28.530000+00:00,0.0,0.0,0.0
4,8885470551,dota2-l1ga-ngx-2026-07-07-game2,2026-07-07T13:39:34.570000+00:00,28.707299999999947,2.2802457375,30.987545737499946
4,8885473599,dota2-liquid-playti-2026-07-07-game2,2026-07-07T13:52:27.923000+00:00,-39.38900000000004,5.36180919,-34.027190810000036
4,8885529711,dota2-lvlup1-aur1-2026-07-07-game2,2026-07-07T14:23:52.590000+00:00,5.599999999999994,0.060270000000000046,5.660269999999994
4,8885633666,dota2-ts8-mouz-2026-07-07-game1,2026-07-07T15:33:28.678000+00:00,84.02320000000017,7.31952612,91.34272612000018
4,8885665054,dota2-nem-pari-2026-07-07-game1,2026-07-07T15:41:38.548000+00:00,20.253311039999943,0.629284018776,20.882595058775944
4,8885784652,dota2-ts8-mouz-2026-07-07-game2,2026-07-07T17:16:32.961000+00:00,-42.73710143999995,3.3594559677479996,-39.37764547225195
4,8885871759,dota2-ic-1win-2026-07-07-game1,2026-07-07T18:31:07.999000+00:00,0.6000000000000014,0.032744999999999996,0.6327450000000014
4,8885928262,dota2-ty-og-2026-07-07-game1,2026-07-07T19:03:44.444000+00:00,51.190200000000004,0.39637090499999994,51.586570905
4,8885974297,dota2-ic-1win-2026-07-07-game2,2026-07-07T19:32:14.446000+00:00,0.0,0.0,0.0
4,8886005043,dota2-ty-og-2026-07-07-game2,2026-07-07T20:03:05.981000+00:00,-0.3999999999999986,0.05622,-0.3437799999999986
4,8886576019,dota2-poorra-bb4-2026-07-08-game1,2026-07-08T09:20:01.472000+00:00,0.0,0.0,0.0
4,8886572854,dota2-gl-xtreme-2026-07-08-game1,2026-07-08T09:27:27.007000+00:00,-104.38729999999998,3.1451541825,-101.24214581749999
4,8886638110,dota2-poorra-bb4-2026-07-08-game2,2026-07-08T10:36:00.005000+00:00,7.397400000000026,1.5154927349999998,8.912892735000026
4,8886640910,dota2-flc-re-2026-07-08-game2,2026-07-08T10:39:41.623000+00:00,45.41083306999991,1.5007270992577495,46.91156016925766
4,8886641793,dota2-gl-xtreme-2026-07-08-game2,2026-07-08T10:45:04.782000+00:00,16.437199120000017,3.600591289464,20.037790409464016
4,8886728756,dota2-l1ga-playti-2026-07-08-game1,2026-07-08T12:02:19.795000+00:00,9.547600000000013,2.071450755,11.619050755000014
4,8886736772,dota2-liquid-lvlup1-2026-07-08-game1,2026-07-08T12:08:59.488000+00:00,5.8416,0.38714435999999997,6.228744359999999
4,8886788497,dota2-ngx-aur1-2026-07-08-game1,2026-07-08T12:47:30.744000+00:00,5.117527670000015,1.0717188602032497,6.189246530203265
4,8886815251,dota2-l1ga-playti-2026-07-08-game2,2026-07-08T13:04:20.712000+00:00,77.7784,0.42000335999999994,78.19840336
4,8886862310,dota2-liquid-lvlup1-2026-07-08-game2,2026-07-08T13:37:25.898000+00:00,0.0,0.0,0.0
4,8886994890,dota2-ts8-nem-2026-07-08-game1,2026-07-08T14:59:11.781000+00:00,-7.142999999999972,0.5148317249999999,-6.628168274999973
4,8887100676,dota2-vg-pari-2026-07-08-game1,2026-07-08T16:18:23.954000+00:00,2.330000000000016,0.3449332500000001,2.674933250000016
4,8887114313,dota2-ts8-nem-2026-07-08-game2,2026-07-08T16:15:19.583000+00:00,-109.65849076000006,2.4119110819109997,-107.24657967808906
4,8887197358,dota2-vg-pari-2026-07-08-game2,2026-07-08T17:23:00.102000+00:00,0.0,0.0,0.0
4,8887218598,dota2-lgd-og-2026-07-08-game1,2026-07-08T17:27:41.870000+00:00,9.159100000000016,0.6876695625,9.846769562500016
4,8887260104,dota2-ty-ic-2026-07-08-game1,2026-07-08T17:58:24.214000+00:00,0.0,0.0,0.0
4,8887314193,dota2-lgd-og-2026-07-08-game2,2026-07-08T18:40:30.736000+00:00,-86.67710000000011,4.456913077499999,-82.2201869225001
4,8887325211,dota2-vp-1win-2026-07-08-game1,2026-07-08T18:51:24.334000+00:00,-9.023808599999967,1.341232760475,-7.682575839524967
4,8887337672,dota2-ty-ic-2026-07-08-game2,2026-07-08T19:01:29.872000+00:00,0.0,0.0,0.0
4,8887432754,dota2-vp-1win-2026-07-08-game2,2026-07-08T20:20:02.742000+00:00,48.219600000000014,0.9280715399999999,49.14767154000001
4,8887986392,dota2-poorra-xtreme-2026-07-09-game1,2026-07-09T09:21:30.237000+00:00,-41.46790044999989,5.830994390306249,-35.63690605969364
4,8887998750,dota2-bb4-re-2026-07-09-game1,2026-07-09T09:29:32.198000+00:00,0.0,0.0,0.0
4,8888056358,dota2-poorra-xtreme-2026-07-09-game2,2026-07-09T10:34:44.979000+00:00,143.60719616000017,4.799609138664,148.40680529866418
4,8888066684,dota2-bb4-re-2026-07-09-game2,2026-07-09T10:43:25.275000+00:00,-12.703897759999991,0.9304150309079999,-11.773482729091992
4,8888083694,dota2-gl-flc-2026-07-09-game2,2026-07-09T11:11:32.224000+00:00,46.58105417999991,3.2944462589834997,49.87550043898341
4,8888160657,dota2-l1ga-aur1-2026-07-09-game1,2026-07-09T12:09:38.901000+00:00,7.4860200000000034,0.992391849,8.478411849000004
4,8888173515,dota2-playti-lvlup1-2026-07-09-game1,2026-07-09T12:20:27.216000+00:00,2.842170943040401e-14,0.6599993399999999,0.6599993400000284
4,8888217771,dota2-ngx-liquid-2026-07-09-game1,2026-07-09T12:52:14.212000+00:00,11.16421819999998,1.0216908708149999,12.18590907081498
4,8888260336,dota2-l1ga-aur1-2026-07-09-game2,2026-07-09T13:20:05.771000+00:00,-2.549999999999997,0.19985625,-2.3501437499999973
4,8888279558,dota2-playti-lvlup1-2026-07-09-game2,2026-07-09T13:33:23.111000+00:00,9.482200000000008,0.667714905,10.149914905000008
4,8888318197,dota2-ngx-liquid-2026-07-09-game2,2026-07-09T14:04:08.888000+00:00,-13.38159999999997,6.57609627,-6.8055037299999706
4,8888405761,dota2-mouz-nem-2026-07-09-game1,2026-07-09T14:48:45.816000+00:00,0.0,0.0,0.0
4,8888425887,dota2-rnx-pari-2026-07-09-game1,2026-07-09T15:02:02.148000+00:00,15.382200000000012,0.47260936500000006,15.854809365000012
4,8888489297,dota2-vg-ts8-2026-07-09-game1,2026-07-09T15:42:43.149000+00:00,-23.94199999999998,1.0446292499999998,-22.89737074999998
4,8888555097,dota2-mouz-nem-2026-07-09-game2,2026-07-09T16:24:34.308000+00:00,-52.78959999999998,3.8123088149999997,-48.97729118499998
4,8888554919,dota2-rnx-pari-2026-07-09-game2,2026-07-09T16:26:10.054000+00:00,0.0,0.0,0.0
4,8888592426,dota2-vg-ts8-2026-07-09-game2,2026-07-09T16:59:54.115000+00:00,-7.77770000000001,2.4625884675000003,-5.31511153250001
4,8888682602,dota2-og-ic-2026-07-09-game1,2026-07-09T17:53:01.981000+00:00,-31.272400000000005,3.7179280799999996,-27.554471920000005
4,8888693655,dota2-vp-ty-2026-07-09-game1,2026-07-09T18:07:57.629000+00:00,4.651200000000017,0.3941892,5.045389200000017
4,8888731478,dota2-lgd-1win-2026-07-09-game1,2026-07-09T18:35:20.326000+00:00,0.43493840000000716,1.55970843258,1.994646832580007
4,8888771711,dota2-og-ic-2026-07-09-game2,2026-07-09T19:04:50.495000+00:00,0.0,0.0,0.0
4,8888819433,dota2-lgd-1win-2026-07-09-game2,2026-07-09T19:41:02.532000+00:00,3.895780170000016,1.77280732971375,5.668587499713766
4,8889452921,dota2-re-gl-2026-07-10-game1,2026-07-10T09:17:34.068000+00:00,18.87590000000006,2.2783735875,21.154273587500057
4,8889468264,dota2-xtreme-bb4-2026-07-10-game1,2026-07-10T09:26:30.741000+00:00,-23.62530000000004,2.9869500075,-20.63834999250004
4,8889513730,dota2-poorra-flc-2026-07-10-game2,2026-07-10T10:17:36.842000+00:00,4.350000000000005,0.24553124999999998,4.595531250000005
4,8889524021,dota2-xtreme-bb4-2026-07-10-game2,2026-07-10T10:37:39.793000+00:00,3.0788714199999845,2.0328368411145,5.111708261114485
4,8889538949,dota2-re-gl-2026-07-10-game2,2026-07-10T10:40:57.402000+00:00,-100.24549999999999,2.8872717525000002,-97.3582282475
4,8889615310,dota2-l1ga-liquid-2026-07-10-game1,2026-07-10T11:48:20.990000+00:00,-5.783999999999992,0.9977946,-4.786205399999992
4,8889621582,dota2-aur1-playti-2026-07-10-game1,2026-07-10T11:57:42.116000+00:00,-19.693200000000026,2.4221448299999997,-17.271055170000025
4,8889699098,dota2-l1ga-liquid-2026-07-10-game2,2026-07-10T12:46:15.831000+00:00,0.0,0.0,0.0
4,8889733840,dota2-aur1-playti-2026-07-10-game2,2026-07-10T13:14:22.837000+00:00,-74.0445,4.2719053425,-69.7725946575
4,8889871314,dota2-nem-vg-2026-07-10-game1,2026-07-10T14:27:52.631000+00:00,13.158000000000015,0.66375531,13.821755310000015
4,8889914618,dota2-pari-mouz-2026-07-10-game1,2026-07-10T14:59:49.254000+00:00,0.0,0.0,0.0
4,8889944251,dota2-rnx-ts8-2026-07-10-game1,2026-07-10T15:15:29.857000+00:00,15.482199999999978,0.47196436500000005,15.954164364999977
4,8890008812,dota2-nem-vg-2026-07-10-game2,2026-07-10T15:49:04.827000+00:00,43.56566699999996,1.2072370331249997,44.77290403312496
4,8890036748,dota2-pari-mouz-2026-07-10-game2,2026-07-10T16:15:07.698000+00:00,3.6600000000000037,0.09908249999999999,3.759082500000004
4,8890074597,dota2-rnx-ts8-2026-07-10-game2,2026-07-10T16:28:42.555000+00:00,0.0,0.0,0.0
4,8890179830,dota2-lgd-ty-2026-07-10-game1,2026-07-10T17:38:53.401000+00:00,24.71550000000002,2.8498420125,27.565342012500018
4,8890270555,dota2-1win-og-2026-07-10-game2,2026-07-10T18:36:26.467000+00:00,0.0,0.0,0.0
4,8890268632,dota2-lgd-ty-2026-07-10-game2,2026-07-10T18:43:14.663000+00:00,-2.6666999999999916,0.7598094975,-1.9068905024999916
4,8890301402,dota2-ic-vp-2026-07-10-game2,2026-07-10T18:52:09.717000+00:00,0.0,0.0,0.0
4,8891108843,dota2-poorra-re-2026-07-11-game1,2026-07-11T09:15:44.932000+00:00,0.7799999999999994,0.0478725,0.8278724999999993
4,8891108985,dota2-bb4-gl-2026-07-11-game1,2026-07-11T09:17:06.187000+00:00,9.56359999999998,1.9206927150000002,11.48429271499998
4,8891145641,dota2-xtreme-flc-2026-07-11-game1,2026-07-11T09:30:07.111000+00:00,0.0,0.0,0.0
4,8891217710,dota2-poorra-re-2026-07-11-game2,2026-07-11T10:44:50.172000+00:00,-117.72520070000002,4.1266954326375,-113.59850526736251
4,8891240327,dota2-xtreme-flc-2026-07-11-game2,2026-07-11T11:01:14.698000+00:00,-0.08485702999998779,1.69322124994425,1.6083642199442623
4,8891325877,dota2-l1ga-lvlup1-2026-07-11-game1,2026-07-11T12:09:46.181000+00:00,-0.033899999999988495,0.6664215824999999,0.6325215825000114
4,8891349244,dota2-playti-ngx-2026-07-11-game1,2026-07-11T12:27:52.369000+00:00,14.366199999999967,5.04640482,19.412604819999967
4,8891371442,dota2-aur1-liquid-2026-07-11-game1,2026-07-11T12:43:19.319000+00:00,22.03671463999998,1.0211051017380002,23.05781974173798
4,8891438996,dota2-l1ga-lvlup1-2026-07-11-game2,2026-07-11T13:19:40.554000+00:00,-4.720000000000006,0.1710435,-4.548956500000006
4,8891497910,dota2-aur1-liquid-2026-07-11-game2,2026-07-11T13:53:37.287000+00:00,6.092798119999998,0.21815090633399997,6.310949026333998
4,8891519142,dota2-playti-ngx-2026-07-11-game2,2026-07-11T14:08:43.754000+00:00,-91.35772239999989,2.77449007674,-88.58323232325989
4,8892829232,dota2-mouz-vg-2026-07-12-game1,2026-07-12T09:15:57.248000+00:00,-189.10180063999996,3.4000892378880003,-185.70171140211195
4,8892835652,dota2-rnx-nem-2026-07-12-game1,2026-07-12T09:19:01.546000+00:00,-74.26999999999998,4.02719349,-70.24280650999998
4,8892836635,dota2-pari-ts8-2026-07-12-game1,2026-07-12T09:26:06.808000+00:00,-48.55499999999989,6.876145635,-41.67885436499989
4,8892923329,dota2-mouz-vg-2026-07-12-game2,2026-07-12T10:25:59.512000+00:00,-321.4180010399999,6.5223536965680005,-314.8956473434319
4,8892914077,dota2-pari-ts8-2026-07-12-game2,2026-07-12T10:31:28.406000+00:00,11.808788199999924,4.01745339987,15.826241599869924
4,8892958964,dota2-rnx-nem-2026-07-12-game2,2026-07-12T10:53:08.655000+00:00,-110.46339999999996,1.107682605,-109.35571739499997
4,8893070561,dota2-1win-ty-2026-07-12-game1,2026-07-12T12:14:45.162000+00:00,40.52477471999998,4.1807256428879995,44.70550036288798
4,8893106015,dota2-og-vp-2026-07-12-game1,2026-07-12T12:36:42.440000+00:00,2.700000000000003,0.19617749999999998,2.896177500000003
4,8893165071,dota2-1win-ty-2026-07-12-game2,2026-07-12T13:18:20.777000+00:00,-120.49740000000003,5.96088765,-114.53651235000002
4,8893253595,dota2-og-vp-2026-07-12-game2,2026-07-12T13:56:28.498000+00:00,-3.988211829999983,1.7228691867007502,-2.265342643299233
4,8896139222,dota2-re-vp-2026-07-14-game1,2026-07-14T11:15:10.363000+00:00,21.10930000000002,5.1580121925,26.267312192500018
4,8896140998,dota2-liquid-xtreme-2026-07-14-game1,2026-07-14T11:24:31.795000+00:00,-52.23575551999991,3.2641092157319997,-48.971646304267914
4,8896234088,dota2-re-vp-2026-07-14-game2,2026-07-14T12:30:48.003000+00:00,-26.63719999999995,2.430210345,-24.20698965499995
4,8896267691,dota2-liquid-xtreme-2026-07-14-game2,2026-07-14T13:05:08.216000+00:00,-27.161035860000084,3.2883889855754997,-23.872646874424582
4,8896380183,dota2-re-vp-2026-07-14,2026-07-14T14:02:34.965000+00:00,-131.26130000000012,5.2200339975,-126.04126600250012
4,8896486914,dota2-liquid-xtreme-2026-07-14,2026-07-14T15:13:00.049000+00:00,-2.2918792800000176,3.358296334686,1.0664170546859824
4,8896645659,dota2-lgd-mouz-2026-07-14-game1,2026-07-14T16:55:49.823000+00:00,4.958600000000018,0.5388134550000001,5.497413455000018
4,8896731473,dota2-lgd-mouz-2026-07-14-game2,2026-07-14T18:02:11.857000+00:00,-75.6976,3.46379796,-72.23380204
4,8897585705,dota2-aur1-re-2026-07-15-game1,2026-07-15T11:19:40.513000+00:00,-7.004100000000051,0.9065905425,-6.097509457500051
4,8897588873,dota2-ts8-liquid-2026-07-15-game1,2026-07-15T11:25:30.473000+00:00,-27.0,1.083375,-25.916625
4,8897695379,dota2-aur1-re-2026-07-15-game2,2026-07-15T12:41:48.340000+00:00,-7.712900990000037,1.10627597108925,-6.606625018910787
4,8897696869,dota2-ts8-liquid-2026-07-15-game2,2026-07-15T12:54:25.976000+00:00,13.00137939999999,4.869407577615,17.87078697761499
4,8897831774,dota2-ts8-liquid-2026-07-15,2026-07-15T14:13:24.528000+00:00,10.521799999999978,1.0521194999999999,11.573919499999977
4,8897841991,dota2-1win-vg-2026-07-15-game1,2026-07-15T14:22:22.284000+00:00,8.000100000000032,0.7182089775,8.718308977500032
4,8897971312,dota2-1win-vg-2026-07-15-game2,2026-07-15T15:33:39.656000+00:00,47.74680000000001,1.595325285,49.34212528500001
4,8898003442,dota2-bb4-lgd-2026-07-15-game1,2026-07-15T15:56:58.589000+00:00,49.29870000000005,4.2599134125,53.55861341250005
4,8898084910,dota2-1win-vg-2026-07-15,2026-07-15T16:49:08.935000+00:00,-12.157600000000002,4.8563278500000004,-7.301272150000002
4,8898117600,dota2-bb4-lgd-2026-07-15-game2,2026-07-15T17:15:52.403000+00:00,58.72280000000001,1.00546467,59.72826467000001
4,8899028080,dota2-ty-ts8-2026-07-17-game1,2026-07-16T11:25:22.617000+00:00,97.03359999999992,1.4645110350000001,98.49811103499992
4,8899120700,dota2-ty-ts8-2026-07-17-game2,2026-07-16T12:44:26.752000+00:00,-20.110100000000017,7.6118498025,-12.498250197500017
4,8899307453,dota2-pari-re-2026-07-17-game1,2026-07-16T14:36:23.407000+00:00,19.391,0.56746014,19.95846014
4,8899420575,dota2-pari-re-2026-07-17-game2,2026-07-16T15:46:28.167000+00:00,-4.571100000000044,1.1904315674999997,-3.3806684325000442
4,8900508749,dota2-flc-vg-2026-07-16-game1,2026-07-17T11:21:46.405000+00:00,-31.39590000000001,1.8125948475000002,-29.58330515250001
4,8900623530,dota2-flc-vg-2026-07-16-game2,2026-07-17T12:54:30.551000+00:00,-39.87817664000005,10.740029546928,-29.13814709307205
4,8900771154,dota2-ngx-bb4-2026-07-16-game1,2026-07-17T14:28:08.196000+00:00,4.059199999999976,2.80974537,6.868945369999976
4,8900882416,dota2-ngx-bb4-2026-07-16-game2,2026-07-17T15:33:10.588000+00:00,-3.716099540000016,1.4093096149815,-2.306789925018516
4,8902107148,dota2-bb4-vg-2026-07-18-game1,2026-07-18T11:22:02.020000+00:00,1.75,0.06283125,1.81283125
4,8902173969,dota2-bb4-vg-2026-07-18-game2,2026-07-18T12:21:15.910000+00:00,-53.82340000000005,2.769431505,-51.05396849500005
4,8902338515,dota2-ty-pari-2026-07-18-game1,2026-07-18T14:06:38.308000+00:00,8.333399999999983,3.121899975,11.455299974999983
4,8902431810,dota2-ty-pari-2026-07-18-game2,2026-07-18T15:09:37.865000+00:00,82.41979999999995,6.099726465,88.51952646499996
4,8902610619,dota2-ty-pari-2026-07-18,2026-07-18T16:48:06.686000+00:00,-6.773500000000013,3.9366159224999997,-2.836884077500013
4,8903705555,dota2-vg-ty-2026-07-19-game1,2026-07-19T10:24:33.152000+00:00,30.27710000000002,1.9505934225000001,32.22769342250002
4,8903789784,dota2-vg-ty-2026-07-19-game2,2026-07-19T11:31:19.185000+00:00,34.91910000000007,1.3847672924999999,36.30386729250007
4,8904012666,dota2-bb4-pari-2026-07-19-game1,2026-07-19T13:57:51.853000+00:00,77.87540000000004,4.796249685,82.67164968500005
4,8904157676,dota2-bb4-pari-2026-07-19-game2,2026-07-19T15:17:11.337000+00:00,-21.804601750000018,3.0564350040937502,-18.748166745906268
4,8904322271,dota2-bb4-pari-2026-07-19-game3,2026-07-19T16:52:33.960000+00:00,-3.9215999999999553,2.9703058799999997,-0.9512941199999556
4,8904419709,dota2-bb4-pari-2026-07-19-game4,2026-07-19T18:05:14.511000+00:00,4.822999999999979,1.739126025,6.562126024999979
4,8905035315,dota2-stx-lynx-2026-07-20-game1,2026-07-20T07:25:19.610000+00:00,0.0,0.0,0.0
4,8905093611,dota2-stx-lynx-2026-07-20-game2,2026-07-20T08:36:36.644000+00:00,79.54116894999996,1.9888754930812502,81.53004444308121
4,8905164476,dota2-stx-lynx-2026-07-20,2026-07-20T10:04:24.370000+00:00,216.27546935999993,4.684062613776,220.95953197377594
4,8905233934,dota2-lynx-pckcp-2026-07-20-game1,2026-07-20T11:15:17.947000+00:00,70.19649873999998,1.7625946695705,71.95909340957049
4,8905359313,dota2-lynx-pckcp-2026-07-20-game2,2026-07-20T12:49:30.119000+00:00,-0.052127909999967414,1.09034404274775,1.0382161327477826
4,8905490238,dota2-z10-nemiga-2026-07-20-game1,2026-07-20T14:13:02.081000+00:00,-32.573399999999964,1.1500830449999997,-31.423316954999965
4,8905612460,dota2-z10-nemiga-2026-07-20-game2,2026-07-20T15:25:40.567000+00:00,12.239400000000032,1.93422996,14.173629960000032
4,8905741721,dota2-spirit1-jenz-2026-07-20-game1,2026-07-20T16:55:30.580000+00:00,-2.280000000000001,0.269667,-2.010333000000001
4,8905885788,dota2-spirit1-jenz-2026-07-20-game2,2026-07-20T18:35:45.253000+00:00,0.0,0.0,0.0
4,8905975768,dota2-lvlup1-ill-2026-07-20-game1,2026-07-20T19:45:16.612000+00:00,2.902577399999984,1.377819193845,4.280396593844984
4,8906069414,dota2-lvlup1-ill-2026-07-20-game2,2026-07-20T20:59:36.536000+00:00,-22.170610799999892,1.5183654658199999,-20.65224533417989
4,8906479441,dota2-nemiga-dan-2026-07-21-game1,2026-07-21T07:24:02.590000+00:00,62.676308230000146,2.0746486975027496,64.7509569275029
4,8906547471,dota2-nemiga-dan-2026-07-21-game2,2026-07-21T08:48:51.736000+00:00,21.212099999999992,0.9579535874999998,22.170053587499993
4,8906626852,dota2-pckcp-stx-2026-07-21-game1,2026-07-21T10:17:03.931000+00:00,46.582700000000045,1.6140469875,48.19674698750005
4,8906706819,dota2-pckcp-stx-2026-07-21-game2,2026-07-21T11:28:10.072000+00:00,0.0,0.0,0.0
4,8906814740,dota2-pckcp-stx-2026-07-21,2026-07-21T12:50:32.182000+00:00,-32.42760164999993,3.59789892992625,-28.82970272007368
4,8906911697,dota2-lynx-spirit1-2026-07-21-game1,2026-07-21T14:01:22.509000+00:00,37.86040000000002,3.485203185,41.34560318500002
4,8907021823,dota2-lynx-spirit1-2026-07-21-game2,2026-07-21T14:54:33.550000+00:00,-49.90320000000004,2.21591685,-47.68728315000004
4,8907114935,dota2-lynx-spirit1-2026-07-21,2026-07-21T15:55:17.448000+00:00,-72.25740000000009,4.429380345,-67.82801965500009
4,8907236730,dota2-jenz-lynx-2026-07-21-game1,2026-07-21T17:22:36.365000+00:00,0.0,0.0,0.0
4,8907319204,dota2-jenz-lynx-2026-07-21-game2,2026-07-21T18:19:16.673000+00:00,-73.61095550000002,1.6336965482399999,-71.97725895176002
4,8907510684,dota2-z10-aion-2026-07-21-game2,2026-07-21T20:45:41.820000+00:00,0.0,0.0,0.0
4,8907942033,dota2-ill-dan-2026-07-22-game1,2026-07-22T07:18:07.776000+00:00,-11.607200649999996,0.33732398751375003,-11.269876662486245
4,8907997366,dota2-ill-dan-2026-07-22-game2,2026-07-22T08:30:21.640000+00:00,7.738297319999994,1.669974913266,9.408272233265993
4,8908178087,dota2-nemiga-aion-2026-07-22-game2,2026-07-22T11:35:02.272000+00:00,0.9388096599999756,0.5519521759890001,1.4907618359889758
4,8908313996,dota2-stx-spirit1-2026-07-22-game1,2026-07-22T13:26:43.307000+00:00,0.2856470599999681,1.814774977539,2.1004220375389684
4,8908486051,dota2-stx-spirit1-2026-07-22-game2,2026-07-22T15:03:55.390000+00:00,62.847385930000115,2.46665932937025,65.31404525937036
4,8908612824,dota2-stx-spirit1-2026-07-22,2026-07-22T16:27:56.948000+00:00,114.55076930000016,5.809564715452499,120.36033401545265
4,8908710300,dota2-z10-lvlup1-2026-07-22-game1,2026-07-22T17:40:32.974000+00:00,-83.66460000000014,5.969668094999999,-77.69493190500013
4,8908926344,dota2-z10-lvlup1-2026-07-22,2026-07-22T20:21:42.790000+00:00,5.060980669999987,1.25326692261675,6.314247592616737
4,8909388284,dota2-dan-z10-2026-07-23-game1,2026-07-23T07:17:23.633000+00:00,0.0,0.0,0.0
4,8909443684,dota2-dan-z10-2026-07-23-game2,2026-07-23T08:24:14.078000+00:00,49.87800000000004,1.94850858,51.826508580000045
4,8909498494,dota2-dan-z10-2026-07-23,2026-07-23T09:35:42.112000+00:00,-1.7639999999999922,0.25496538,-1.5090346199999922
4,8909658828,dota2-spirit1-pckcp-2026-07-23-game2,2026-07-23T11:56:35.158000+00:00,0.0,0.0,0.0
4,8909780227,dota2-spirit1-pckcp-2026-07-23,2026-07-23T13:29:29.880000+00:00,-0.83329999999998,1.5594499875,0.7261499875000201
4,8910104556,dota2-jenz-kw1-2026-07-23-game2,2026-07-23T16:47:57.620000+00:00,-44.77020000000003,2.59066128,-42.17953872000003
4,8910216725,dota2-jenz-kw1-2026-07-23,2026-07-23T18:09:02.529000+00:00,4.179069919999989,0.834036072432,5.013105992431989
4,8910344715,dota2-lvlup1-aion-2026-07-23-game1,2026-07-23T19:45:58.831000+00:00,0.0,0.0,0.0
4,8910461593,dota2-lvlup1-aion-2026-07-23-game2,2026-07-23T21:18:59.726000+00:00,-4.4517999999999995,0.18788671499999998,-4.263913284999999
4,8910535715,dota2-lvlup1-aion-2026-07-23,2026-07-23T22:37:28.157000+00:00,34.57327607999994,1.4301575357204999,36.00343361572044
4,8910589445,dota2-nemiga-ill-2026-07-23-game1,2026-07-23T23:33:41.369000+00:00,-5.027199999999979,1.27758975,-3.7496102499999795
4,8910670427,dota2-nemiga-ill-2026-07-23,2026-07-24T01:26:47.762000+00:00,-37.90609999999995,3.0876982725,-34.81840172749995
4,8910982575,dota2-aion-dan-2026-07-24-game2,2026-07-24T08:39:31.809000+00:00,0.0,0.0,0.0
4,8911277378,dota2-kw1-stx-2026-07-24-game2,2026-07-24T13:08:23.857000+00:00,54.06563245999998,1.059298910361,55.12493137036098
4,8911784562,dota2-z10-ill-2026-07-24-game1,2026-07-24T18:00:21.302000+00:00,-34.94829999999996,1.9917923775,-32.95650762249996
4,8911916389,dota2-z10-ill-2026-07-24-game2,2026-07-24T19:32:36.981000+00:00,1.1999999999999993,1.28732772,2.4873277199999992
4,8912045230,dota2-nemiga-lvlup1-2026-07-24-game1,2026-07-24T21:05:49.488000+00:00,-22.14534180000002,4.569151300005,-17.57619049999502
4,8912123729,dota2-nemiga-lvlup1-2026-07-24-game2,2026-07-24T22:15:39.296000+00:00,0.0,0.0,0.0
4,8912551235,dota2-ill-aion-2026-07-25-game1,2026-07-25T07:19:52.253000+00:00,0.0,0.0,0.0
4,8912622476,dota2-ill-aion-2026-07-25-game2,2026-07-25T08:27:06.996000+00:00,17.39386116000003,0.515244543453,17.90910570345303
4,8912758286,dota2-pckcp-jenz-2026-07-22-game1,2026-07-25T10:25:45.605000+00:00,-49.60581959999999,1.2450932568,-48.36072634319999
4,8912831712,dota2-pckcp-jenz-2026-07-22-game2,2026-07-25T11:23:26.682000+00:00,8.078700000000026,1.3049283375,9.383628337500026
4,8912974141,dota2-pckcp-jenz-2026-07-22,2026-07-25T13:02:19.241000+00:00,-17.36459263999997,1.127569437984,-16.23702320201597
4,8913307206,dota2-kw1-pckcp-2026-07-25-game1,2026-07-25T16:28:48.834000+00:00,0.0,0.0,0.0
4,8913598312,dota2-lynx-kw1-2026-07-25-game1,2026-07-25T19:28:05.257000+00:00,-6.854100639999999,0.6361892000039999,-6.217911439995999
4,8913726962,dota2-lynx-kw1-2026-07-25-game2,2026-07-25T20:57:15.562000+00:00,-99.94339999999998,6.3428832,-93.60051679999998
4,8913824141,dota2-lynx-kw1-2026-07-25,2026-07-25T22:21:39.642000+00:00,-24.558800000000048,7.6405413,-16.91825870000005
4,8914414410,dota2-nemiga-ill-2026-07-26-game1,2026-07-26T09:26:59.644000+00:00,-35.81292814,1.044762050865,-34.76816608913499
4,8914520562,dota2-nemiga-ill-2026-07-26-game2,2026-07-26T10:41:21.923000+00:00,-30.401203119999934,3.7246609847039998,-26.676542135295936
4,8914637220,dota2-nemiga-ill-2026-07-26,2026-07-26T12:04:18.708000+00:00,51.20139999999998,1.629079125,52.830479124999975
4,8914749408,dota2-rearis-pckcp-2026-07-26-game1,2026-07-26T13:19:34.036000+00:00,17.717700000000008,0.7013731725,18.419073172500006
4,8914885598,dota2-rearis-pckcp-2026-07-26-game2,2026-07-26T14:24:02.001000+00:00,65.71910000000004,1.0082878725,66.72738787250005
4,8915002841,dota2-kw1-rearis-2026-07-26-game1,2026-07-26T15:32:54.677000+00:00,-5.963704960000001,1.077501316248,-4.886203643752001
4,8915137972,dota2-kw1-rearis-2026-07-26-game2,2026-07-26T16:47:26.165000+00:00,0.0,0.0,0.0
4,8915271266,dota2-jenz-stx-2026-07-26-game1,2026-07-26T18:26:53.337000+00:00,44.4444,1.3133320199999998,45.75773202
4,8915390117,dota2-jenz-stx-2026-07-26-game2,2026-07-26T19:37:39.362000+00:00,0.5386000000000024,0.07957815,0.6181781500000024
4,8915498965,dota2-jenz-stx-2026-07-26,2026-07-26T20:57:43.107000+00:00,31.91758681999999,0.9033141626174999,32.82090098261749
4,8916041863,dota2-lvlup1-pckcp-2026-07-27-game1,2026-07-27T09:21:33.291000+00:00,17.55409999999999,0.3866451524999999,17.940745152499993
4,8916102349,dota2-lvlup1-pckcp-2026-07-27-game2,2026-07-27T10:12:46.876000+00:00,-36.15939999999995,0.99096075,-35.16843924999995
4,8916245727,dota2-stx-nemiga-2026-07-27-game1,2026-07-27T12:25:46.061000+00:00,1.482500000000016,1.6664705325,3.148970532500016
4,8916384577,dota2-stx-nemiga-2026-07-27-game2,2026-07-27T13:48:29.618000+00:00,8.937699159999998,1.795537968909,10.733237128908998
4,8916474664,dota2-stx-nemiga-2026-07-27,2026-07-27T14:44:54.132000+00:00,-43.706900000000076,10.4210787975,-33.285821202500074
4,8917611319,dota2-pr1-nemiga-2026-07-28-game2,2026-07-28T10:17:02.190000+00:00,-1.3879999999999981,0.4825035,-0.9054964999999982
4,8917675823,dota2-pr1-nemiga-2026-07-28,2026-07-28T11:19:25.327000+00:00,166.83378304000013,1.067572096848,167.90135513684814
4,8917738415,dota2-nh-pckcp-2026-07-28-game1,2026-07-28T12:16:10.015000+00:00,0.0,0.0,0.0
4,8917853656,dota2-nh-pckcp-2026-07-28-game2,2026-07-28T13:23:44.955000+00:00,49.38516460000001,0.8416167998999998,50.22678139990001
4,8918052500,dota2-pckcp-kw1-2026-07-28-game1,2026-07-28T15:24:46.769000+00:00,0.0,0.0,0.0
4,8918176547,dota2-pckcp-kw1-2026-07-28-game2,2026-07-28T16:37:04.197000+00:00,44.989642559999936,1.7961101396819998,46.785752699681936
4,8919264561,dota2-rearis-z10-2026-07-29-game1,2026-07-29T12:23:03.580000+00:00,22.28759999999997,2.09552925,24.383129249999968
4,8919404744,dota2-rearis-z10-2026-07-29-game2,2026-07-29T13:48:28.368000+00:00,2.5414992600000037,1.8365686845584999,4.378067944558504
4,8919546613,dota2-amaru-nemiga-2026-07-29-game1,2026-07-29T15:15:30.082000+00:00,-47.56970048000001,1.9113499551959998,-45.65835052480401
4,8919685210,dota2-amaru-nemiga-2026-07-29-game2,2026-07-29T16:34:50.427000+00:00,-169.89072891999987,3.7385291843429993,-166.15219973565686
4,8919803916,dota2-amaru-nemiga-2026-07-29,2026-07-29T18:02:17.532000+00:00,102.8908811900001,6.74453622801075,109.63541741801085
4,8920655724,dota2-pckcp-z10-2026-07-30-game2,2026-07-30T10:32:16.617000+00:00,0.0,0.0,0.0
4,8920897425,dota2-lvlup1-z10-2026-07-30-game2,2026-07-30T13:37:44.606000+00:00,-11.83109999999995,7.0914090075,-4.739690992499949
4,8921002620,dota2-lvlup1-z10-2026-07-30,2026-07-30T14:47:46.063000+00:00,3.1499999999999986,0.45629625,3.6062962499999984
4,8921162227,dota2-amaru-pr1-2026-07-30-game1,2026-07-30T16:32:24.441000+00:00,26.366399999999995,1.211107275,27.577507274999995
4,8921281044,dota2-amaru-pr1-2026-07-30-game2,2026-07-30T17:34:28.519000+00:00,0.0,0.0,0.0
4,8921949036,dota2-re-midas3-2026-07-31-game1,2026-07-31T06:23:42.906000+00:00,7.0,0.34162499999999996,7.341625
4,8922016200,dota2-re-midas3-2026-07-31-game2,2026-07-31T07:39:14.850000+00:00,5.599999999999998,1.315308,6.915307999999998
4,8922074642,dota2-vg-amaru-2026-07-31-game1,2026-07-31T08:46:41.467000+00:00,-3.646190500000017,1.110169327125,-2.5360211728750173
4,8922137329,dota2-vg-amaru-2026-07-31-game2,2026-07-31T09:48:16.177000+00:00,0.0,0.0,0.0
4,8922133239,dota2-tr7-playti-2026-07-31-game1,2026-07-31T09:57:34.446000+00:00,58.93541498000002,4.7506304116275,63.686045391627516
4,8922186876,dota2-vg-amaru-2026-07-31,2026-07-31T10:40:33.810000+00:00,15.467100000000016,1.2450322575,16.712132257500016
4,8922211678,dota2-tr7-playti-2026-07-31-game2,2026-07-31T11:00:53.806000+00:00,-7.136568290000042,2.12944881960675,-5.007119470393292
4,8922300474,dota2-enjoy-glyph-2026-07-31-game1,2026-07-31T12:14:29.331000+00:00,-3.1001999999999725,1.7413746300000001,-1.3588253699999724
4,8922339160,dota2-l1ga-rnx-2026-07-31-game1,2026-07-31T12:44:09.822000+00:00,-51.920400000000086,8.85223155,-43.06816845000009
4,8922400300,dota2-enjoy-glyph-2026-07-31-game2,2026-07-31T13:24:39.311000+00:00,44.79439999999997,1.42308138,46.21748137999997
4,8922433138,dota2-l1ga-rnx-2026-07-31-game2,2026-07-31T13:42:06.325000+00:00,-51.05196199999998,2.3863511826915,-48.66561081730848
4,8922552315,dota2-l1ga-rnx-2026-07-31,2026-07-31T14:55:23.609000+00:00,3.571399999999983,1.316507325,4.887907324999983
4,8922602122,dota2-yb1-z10-2026-07-31-game1,2026-07-31T15:28:08.646000+00:00,-6.199700000000007,2.5310340074999997,-3.6686659925000074
4,8922722577,dota2-yb1-z10-2026-07-31-game2,2026-07-31T16:35:25.057000+00:00,-11.067299999999989,2.5561611975000003,-8.511138802499989
4,8922818221,dota2-xtreme-lgd-2026-07-31-game1,2026-07-31T17:51:24.199000+00:00,-85.64430000000004,2.8930689375000003,-82.75123106250004
4,8922940920,dota2-xtreme-lgd-2026-07-31-game2,2026-07-31T19:09:48.720000+00:00,25.95599999999996,4.52723031,30.48323030999996
4,8923040358,dota2-xtreme-lgd-2026-07-31,2026-07-31T20:28:40.570000+00:00,-8.947400000000016,2.526758805,-6.420641195000016
4,8923506996,dota2-midas3-tr7-2026-08-01-game1,2026-08-01T05:43:01.223000+00:00,0.0,0.0,0.0
4,8923579943,dota2-midas3-tr7-2026-08-01-game2,2026-08-01T07:02:32.143000+00:00,10.349499999999992,0.6865846725,11.036084672499992
4,8923643650,dota2-midas3-tr7-2026-08-01,2026-08-01T08:08:01.087000+00:00,-145.21249999999998,3.2328201974999997,-141.9796798025
4,8923704450,dota2-yes-vg-2026-08-01-game1,2026-08-01T09:01:56.739000+00:00,-16.217999999999932,2.86136343,-13.356636569999932
4,8923780137,dota2-re-playti-2026-08-01-game1,2026-08-01T10:09:39.721000+00:00,-6.939533539999964,2.443977081849,-4.495556458150964
4,8923790600,dota2-yes-vg-2026-08-01-game2,2026-08-01T10:14:11.317000+00:00,0.0,0.0,0.0
4,8923874259,dota2-re-playti-2026-08-01-game2,2026-08-01T11:26:12.956000+00:00,-7.2788,0.39835577999999994,-6.88044422
4,8923899787,dota2-enjoy-yb1-2026-08-01-game1,2026-08-01T11:45:49.553000+00:00,-44.36392888000003,0.9090571544639999,-43.45487172553603
4,8924057168,dota2-l1ga-lgd-2026-08-01-game1,2026-08-01T13:34:16.709000+00:00,2.770841759999996,1.6901239395239998,4.460965699523996
4,8924222714,dota2-l1ga-lgd-2026-08-01-game2,2026-08-01T15:02:43.462000+00:00,0.0,0.0,0.0
4,8924328537,dota2-glyph-z10-2026-08-01-game1,2026-08-01T15:59:42.950000+00:00,-80.79441001999996,2.2456936658415,-78.54871635415846
4,8924367779,dota2-l1ga-lgd-2026-08-01,2026-08-01T16:23:12.450000+00:00,-33.73440000000002,0.641556,-33.09284400000002
4,8924468754,dota2-glyph-z10-2026-08-01-game2,2026-08-01T17:25:49.795000+00:00,-20.047301120000014,3.9216854076480003,-16.125615712352015
4,8924530036,dota2-rnx-xtreme-2026-08-01-game1,2026-08-01T18:06:50.164000+00:00,0.34299999999999997,0.08091825,0.42391824999999994
4,8924616191,dota2-rnx-xtreme-2026-08-01-game2,2026-08-01T19:06:22.446000+00:00,-9.361202920000018,1.822808419326,-7.538394500674018
4,8925210898,dota2-playti-xctn-2026-08-02-game1,2026-08-02T05:28:20.542000+00:00,-21.179731040000036,3.8153653822094995,-17.364365657790536
4,8925308090,dota2-playti-xctn-2026-08-02-game2,2026-08-02T07:03:47.891000+00:00,1.947,0.014514884999999998,1.9615148850000002
4,8925543582,dota2-yes-tr7-2026-08-02-game1,2026-08-02T10:44:16.945000+00:00,2.9483000000000175,1.3315650825,4.2798650825000175
4,8925703946,dota2-yes-tr7-2026-08-02-game2,2026-08-02T11:58:57.158000+00:00,18.181999999999988,1.3295587500000001,19.51155874999999
4,8925847726,dota2-yes-tr7-2026-08-02,2026-08-02T13:17:43.701000+00:00,3.6380988399999694,1.3470063348719998,4.985105174871969
4,8926022375,dota2-rnx-yb1-2026-08-02-game1,2026-08-02T15:09:53.856000+00:00,114.91579999999999,7.73530458,122.65110458
4,8926232913,dota2-rnx-yb1-2026-08-02-game2,2026-08-02T16:42:19.665000+00:00,10.015000000000121,4.52299662,14.537996620000122
4,8926381426,dota2-rnx-yb1-2026-08-02,2026-08-02T18:14:10.009000+00:00,-7.072210819999928,2.9365749038369997,-4.1356359161629275
4,8926523280,dota2-z10-lgd-2026-08-02-game1,2026-08-02T19:59:32.068000+00:00,-14.740000000000009,0.7999904999999999,-13.94000950000001
4,8926636219,dota2-z10-lgd-2026-08-02-game2,2026-08-02T21:07:31.416000+00:00,-16.667,0.556261125,-16.110738875000003
4,8927063876,dota2-glyph-playti-2026-08-03-game2,2026-08-03T06:55:36.873000+00:00,150.1202,2.93025324,153.05045324000002
4,8927132943,dota2-glyph-playti-2026-08-03,2026-08-03T08:27:35.152000+00:00,83.92200000000003,4.260464475,88.18246447500003
4,8927207054,dota2-xtreme-tr7-2026-08-03-game1,2026-08-03T10:00:05.212000+00:00,11.766278119999924,1.7647120181519997,13.530990138151925
4,8927288399,dota2-xtreme-tr7-2026-08-03-game2,2026-08-03T11:00:48.642000+00:00,6.533799999999978,1.027695525,7.5614955249999785
4,8927380776,dota2-xtreme-tr7-2026-08-03,2026-08-03T12:15:30.661000+00:00,63.472798810000015,3.07479284741175,66.54759165741177
4,8927539264,dota2-vg-yb1-2026-08-03-game1,2026-08-03T14:05:56.825000+00:00,127.90315916,1.525164888666,129.428324048666
4,8927660975,dota2-vg-yb1-2026-08-03-game2,2026-08-03T15:05:20.968000+00:00,-4.85659731999997,1.664620939902,-3.1919763800979704
4,8927760296,dota2-vg-yb1-2026-08-03,2026-08-03T16:18:19.713000+00:00,51.722200000000015,4.696431615,56.41863161500002
4,8927926397,dota2-re-lgd-2026-08-03-game1,2026-08-03T18:09:03.381000+00:00,-0.09716820000000181,0.26918079263999994,0.17201259263999813
4,8928050264,dota2-re-lgd-2026-08-03-game2,2026-08-03T19:19:18.313000+00:00,12.799999999999997,0.27664799999999995,13.076647999999997
4,8928163118,dota2-re-lgd-2026-08-03,2026-08-03T20:43:38.722000+00:00,-1.6488194599999701,1.7054862718365,0.056666811836529885
4,8928851109,dota2-playti-tr7-2026-08-04-game1,2026-08-04T11:30:07.829000+00:00,0.0,0.0,0.0
4,8928953683,dota2-playti-tr7-2026-08-04-game2,2026-08-04T12:46:11.879000+00:00,6.313715599999974,1.22752255182,7.541238151819974
4,8929124210,dota2-yb1-re-2026-08-04-game1,2026-08-04T14:38:55.576000+00:00,0.0,0.0,0.0
4,8929276426,dota2-yb1-re-2026-08-04-game2,2026-08-04T15:54:25.550000+00:00,12.207010000000016,0.8272499137500001,13.034259913750017
4,8929365099,dota2-yb1-re-2026-08-04,2026-08-04T16:51:08.308000+00:00,16.798605130000016,4.13441281735275,20.933017947352766
4,8930200713,dota2-tr7-re-2026-08-05-game1,2026-08-05T08:20:38.811000+00:00,-4.043699999999998,1.4456420625,-2.5980579374999975
4,8930258778,dota2-tr7-re-2026-08-05-game2,2026-08-05T09:25:42.941000+00:00,-49.204800000000034,7.462837245,-41.74196275500003
4,8930398938,dota2-playti-yb1-2026-08-05-game1,2026-08-05T12:24:04.133000+00:00,1.094199010000068,4.71440278269825,5.808601792698318
4,8930615242,dota2-playti-yb1-2026-08-05-game2,2026-08-05T14:02:56.166000+00:00,252.67908260000002,2.081745688425,254.76082828842502
4,8930736914,dota2-playti-yb1-2026-08-05-game3,2026-08-05T15:09:49.519000+00:00,0.9999999999999982,0.09266250000000001,1.0926624999999983
4,8931781241,dota2-lvlup1-rearis-2026-08-06-game1,2026-08-06T09:28:03.156000+00:00,1.0,0.366525,1.366525
4,8931852727,dota2-lvlup1-rearis-2026-08-06-game2,2026-08-06T10:30:33.624000+00:00,-84.66035236000005,2.652222953661,-82.00812940633905
4,8931981851,dota2-rearis-nh-2026-08-06-game1,2026-08-06T12:26:15.226000+00:00,23.813000000000045,1.5410463449999998,25.354046345000043
4,8932085762,dota2-rearis-nh-2026-08-06-game2,2026-08-06T13:20:21.204000+00:00,-29.25220600999998,0.9883688846107501,-28.26383712538923
4,8932181345,dota2-rearis-nh-2026-08-06,2026-08-06T14:22:22.478000+00:00,2.1300250600000155,0.30969984384899996,2.439724903849015
4,8932318084,dota2-nh-lvlup1-2026-08-06-game1,2026-08-06T15:34:15.395000+00:00,-77.37829999999997,2.0693857275,-75.30891427249996
4,8932413808,dota2-nh-lvlup1-2026-08-06-game2,2026-08-06T16:23:29.211000+00:00,0.4560000000000013,0.080541,0.5365410000000013
4,8932523868,dota2-nh-lvlup1-2026-08-06,2026-08-06T17:36:18.454000+00:00,0.0,0.0,0.0
4,8932657929,dota2-ill-pr1-2026-08-06-game1,2026-08-06T19:12:10.345000+00:00,32.13459819999997,1.78768396149,33.922282161489974
4,8932835800,dota2-ill-pr1-2026-08-06,2026-08-06T21:22:55.783000+00:00,-13.872399999999997,1.70023104,-12.172168959999997
4,8933374169,dota2-nh-z10-2026-08-07-game1,2026-08-07T09:29:47.916000+00:00,0.0,0.0,0.0
4,8933453728,dota2-nh-z10-2026-08-07-game2,2026-08-07T10:40:19.376000+00:00,0.0,0.0,0.0
4,8933575351,dota2-ill-stx-2026-08-07-game1,2026-08-07T12:33:02.695000+00:00,0.0,0.0,0.0
4,8933704579,dota2-ill-stx-2026-08-07-game2,2026-08-07T13:44:43.178000+00:00,-9.608100000000002,1.1686825875,-8.439417412500003
4,8933879286,dota2-pr1-jenz-2026-08-07-game1,2026-08-07T15:25:51.002000+00:00,-315.8271000000002,5.8129927725,-310.0141072275002
4,8933988979,dota2-pr1-jenz-2026-08-07-game2,2026-08-07T16:29:38.697000+00:00,-9.196937120000023,1.211829974595,-7.985107145405022
4,8934184387,dota2-jenz-nemiga-2026-08-07-game1,2026-08-07T18:35:03.983000+00:00,0.0,0.0,0.0
4,8934279386,dota2-jenz-nemiga-2026-08-07-game2,2026-08-07T19:33:30.612000+00:00,0.0,0.0,0.0
4,8936825643,dota2-pr1-yes-2026-08-09-game1,2026-08-09T09:22:32.992000+00:00,-4.481033140000015,2.213623303761,-2.267409836239015
4,8937080738,dota2-pr1-yes-2026-08-09,2026-08-09T12:20:23.208000+00:00,94.07402125000006,5.21237641265625,99.28639766265631
4,8937188618,dota2-lvlup1-mouz-2026-08-09-game1,2026-08-09T13:17:49.636000+00:00,-121.94889999999998,2.2947908324999995,-119.65410916749998
4,8937335830,dota2-lvlup1-mouz-2026-08-09-game2,2026-08-09T14:27:35.299000+00:00,-20.985999999999976,0.90384045,-20.082159549999975
4,8937484593,dota2-ill-re-2026-08-09-game1,2026-08-09T15:55:00.679000+00:00,-7.877199999999996,0.455318055,-7.4218819449999955
4,8937631882,dota2-ill-re-2026-08-09-game2,2026-08-09T17:12:21.447000+00:00,55.2935375,0.982979200425,56.276516700425
4,8937722788,dota2-z10-navi-2026-08-09-game1,2026-08-09T18:17:16.930000+00:00,-121.95079383999982,5.570774057388,-116.38001978261181
4,8938509987,dota2-pr1-mouz-2026-08-10-game1,2026-08-10T09:24:47.767000+00:00,11.36439999999999,5.73241689,17.09681688999999
4,8938565057,dota2-pr1-mouz-2026-08-10-game2,2026-08-10T10:12:07.159000+00:00,5.720599999999983,1.3951504499999998,7.115750449999983
4,8938634026,dota2-pr1-mouz-2026-08-10,2026-08-10T11:15:54.851000+00:00,-34.4051905499998,4.16102790599325,-30.24416264400655
4,8938716198,dota2-ill-z10-2026-08-10-game1,2026-08-10T12:25:50.383000+00:00,-4.324300000000001,0.5990455125,-3.725254487500001
4,8939023869,dota2-yes-lvlup1-2026-08-10-game1,2026-08-10T15:24:37.289000+00:00,26.666400000000067,1.1439885599999997,27.810388560000067
4,8940059913,dota2-lvlup1-navi-2026-08-11-game1,2026-08-11T09:16:02.605000+00:00,34.68019999999997,0.59558565,35.27578564999997
4,8940117837,dota2-lvlup1-navi-2026-08-11-game2,2026-08-11T10:12:11.551000+00:00,-406.19600304000005,4.839509346849,-401.35649369315104
4,8940266495,dota2-mouz-re-2026-08-11-game1,2026-08-11T12:16:13.042000+00:00,87.89485000000002,2.8765038225,90.77135382250002
4,8940365227,dota2-mouz-re-2026-08-11-game2,2026-08-11T13:12:04.281000+00:00,-5.1844440800000005,0.894969194043,-4.289474885957
4,8940487898,dota2-mouz-re-2026-08-11,2026-08-11T14:25:06.999000+00:00,20.503508709999977,3.1074125321647497,23.61092124216473
4,8940643574,dota2-yes-z10-2026-08-11-game1,2026-08-11T15:45:57.067000+00:00,44.408600000000035,3.75365925,48.162259250000034
4,8940756672,dota2-yes-z10-2026-08-11-game2,2026-08-11T16:48:25.758000+00:00,-75.24479202000003,3.481922257239,-71.76286976276103
4,8941656460,dota2-lvlup1-re-2026-08-12-game1,2026-08-12T09:19:34.658000+00:00,-23.77000000000004,1.78563225,-21.98436775000004
4,8941733752,dota2-lvlup1-re-2026-08-12-game2,2026-08-12T10:35:42.245000+00:00,-16.2059000000001,6.4864431525,-9.7194568475001
4,8941817475,dota2-lvlup1-re-2026-08-12,2026-08-12T11:50:26.039000+00:00,8.671400000000062,2.4616834499999998,11.133083450000061
4,8942003788,dota2-navi-lvlup1-2026-08-12-game1,2026-08-12T13:42:36.457000+00:00,10.666800000000023,0.706808835,11.373608835000024
4,8942152024,dota2-navi-lvlup1-2026-08-12-game2,2026-08-12T14:50:30.897000+00:00,2.8999999999999986,0.20129250000000004,3.1012924999999987
4,8942262723,dota2-navi-lvlup1-2026-08-12-game3,2026-08-12T15:53:47.795000+00:00,28.545652020000006,0.30875543325900007,28.854407453259007
4,8962372120,dota2-ic-nemiga-2026-08-24-game1,2026-08-24T07:17:08.649000+00:00,-0.1999999999999993,0.037245,-0.1627549999999993
4,8962458373,dota2-ic-nemiga-2026-08-24-game2,2026-08-24T08:26:45.454000+00:00,3.467105549999985,2.2079935466467497,5.6750990966467345
4,8962592819,dota2-ks-lynx-2026-08-24-game1,2026-08-24T10:19:27.562000+00:00,-2.9340032599999972,0.819854186571,-2.1141490734289974
4,8962736746,dota2-ks-lynx-2026-08-24-game2,2026-08-24T11:33:18.452000+00:00,214.9492582899997,4.21172364983925,219.16098193983896
4,8962964580,dota2-sb5-stx-2026-08-24-game1,2026-08-24T13:25:23.881000+00:00,1.2416661000000002,0.006518747025,1.2481848470250003
4,8963508714,dota2-rearis-lynx-2026-08-24-game2,2026-08-24T17:37:20.349000+00:00,10.987799200000097,2.63009314272,13.617892342720097
4,8963649188,dota2-dynast1-fts-2026-08-24-game1,2026-08-24T19:15:00.848000+00:00,77.26299963000002,0.9708093130852499,78.23380894308528
4,8963790789,dota2-dynast1-fts-2026-08-24-game2,2026-08-24T20:20:45.642000+00:00,3.3632995000000037,0.39250032487500003,3.7557998248750035
4,8964399842,dota2-pckcp-nemiga-2026-08-25-game1,2026-08-25T07:22:10.248000+00:00,-2.5500000000000007,0.21596925,-2.3340307500000006
4,8964480771,dota2-pckcp-nemiga-2026-08-25-game2,2026-08-25T08:31:41.723000+00:00,-38.280670920000006,4.679667071967,-33.601003848033
4,8964574076,dota2-pckcp-nemiga-2026-08-25,2026-08-25T09:52:05.670000+00:00,-28.491500000000016,1.8126013275,-26.678898672500015
4,8964657335,dota2-fts-pckcp-2026-08-25-game1,2026-08-25T10:52:11.864000+00:00,-29.86066249999999,2.0524403380034997,-27.80822216199649
4,8964837315,dota2-fts-pckcp-2026-08-25-game2,2026-08-25T12:34:06.314000+00:00,-3.692440210000001,2.04020098673175,-1.6522392232682508
4,8964962329,dota2-ic-fts-2026-08-25-game1,2026-08-25T13:50:36.471000+00:00,61.00400005000006,4.6815888157732495,65.68558886577331
4,8965097316,dota2-ic-fts-2026-08-25-game2,2026-08-25T14:41:01.046000+00:00,3.678233030000058,2.7047290593427498,6.382962089342808
4,8964938940,dota2-rearis-spirit1-2026-08-25-game1,2026-08-25T16:23:39.394000+00:00,2.400000000000002,0.441495,2.8414950000000023
4,8965544741,dota2-rearis-spirit1-2026-08-25,2026-08-25T18:44:21.316000+00:00,-69.98326626000018,4.8384721005974995,-65.14479415940268
4,8969842778,dota2-pckcp-ic-2026-08-28-game2,2026-08-28T08:21:21.985000+00:00,90.12616174999988,4.02142727810625,94.14758902810613
4,8969978865,dota2-rearis-sb5-2026-08-28-game1,2026-08-28T10:27:01.322000+00:00,0.0,0.0,0.0
4,8970089224,dota2-rearis-sb5-2026-08-28-game2,2026-08-28T11:41:09.553000+00:00,0.0,0.0,0.0
4,8970207176,dota2-rearis-sb5-2026-08-28,2026-08-28T12:56:49.576000+00:00,0.7017000000000024,0.15559683749999997,0.8572968375000024
4,8970338180,dota2-synaps-nemiga-2026-08-28-game1,2026-08-28T14:09:13.367000+00:00,30.878541150000167,3.92347126686825,34.802012416868415
4,8970352005,dota2-dynast1-ic-2026-08-28-game1,2026-08-28T14:10:35.964000+00:00,-35.67424230000002,0.802110556755,-34.87213174324502
4,8970470057,dota2-synaps-nemiga-2026-08-28-game2,2026-08-28T15:09:53.245000+00:00,80.63017429999998,1.081627320135,81.71180162013498
4,8970485789,dota2-dynast1-ic-2026-08-28-game2,2026-08-28T15:14:26.848000+00:00,-71.7156861900001,3.4008463650217498,-68.31483982497835
4,8970575970,dota2-synaps-nemiga-2026-08-28,2026-08-28T16:02:11.965000+00:00,0.0,0.0,0.0
4,8970655100,dota2-dynast1-ic-2026-08-28,2026-08-28T16:43:34.585000+00:00,0.6922794400000001,0.185352127362,0.8776315673620001
4,8970886632,dota2-dynast1-pckcp-2026-08-28-game2,2026-08-28T18:51:22.084000+00:00,-25.583843,3.374759369625,-22.209083630375
4,8971007454,dota2-ks-rearis-2026-08-28-game1,2026-08-28T20:11:41.712000+00:00,-14.879999999999967,1.336968,-13.543031999999966
4,8971016820,dota2-fts-nemiga-2026-08-28-game1,2026-08-28T20:17:43.711000+00:00,0.0,0.0,0.0
4,8971111987,dota2-ks-rearis-2026-08-28-game2,2026-08-28T21:24:47.695000+00:00,-2.271016200000001,0.04610525827499999,-2.224910941725001
4,8971423978,dota2-db2-satan-2026-08-28-game2,2026-08-29T03:20:55.120000+00:00,2.3999999999999986,0.05665499999999998,2.4566549999999987
4,8971501630,dota2-nexus-cres-2026-08-28,2026-08-29T04:51:09.441000+00:00,-359.56915742000007,3.485855237565,-356.0833021824351
4,8971519375,dota2-nem-6seven-2026-08-29-game1,2026-08-29T05:14:15.579000+00:00,-3.345496140000023,0.7791106572914999,-2.5663854827085233
4,8971586781,dota2-nem-6seven-2026-08-29-game2,2026-08-29T06:13:46.689000+00:00,-21.308199999999943,0.9825942449999998,-20.32560575499994
4,8971664649,dota2-nem-6seven-2026-08-29,2026-08-29T07:24:10.704000+00:00,19.431852480000003,1.9482572753279999,21.380109755328004
4,8971753986,dota2-icecre-kineti-2026-08-29-game1,2026-08-29T08:38:12.829000+00:00,0.0,0.0,0.0
4,8971849697,dota2-icecre-kineti-2026-08-29-game2,2026-08-29T09:43:14.699000+00:00,0.0,0.0,0.0
4,8971891627,dota2-dynast1-nemiga-2026-08-29-game1,2026-08-29T10:17:49.464000+00:00,16.64720000000002,0.8680612950000001,17.51526129500002
4,8971964803,dota2-mouz-yes-2026-08-29-game1,2026-08-29T11:13:49.271000+00:00,-67.32713299,4.48918467767175,-62.837948312328244
4,8971988345,dota2-sb5-lynx-2026-08-29-game1,2026-08-29T11:21:30.742000+00:00,9.43249999999999,0.21429807750000002,9.64679807749999
4,8972103119,dota2-sb5-lynx-2026-08-29-game2,2026-08-29T12:31:54.536000+00:00,-2.826700000000006,0.1365402375,-2.6901597625000058
4,8972115962,dota2-mouz-yes-2026-08-29-game2,2026-08-29T12:36:59.931000+00:00,-15.759178849999998,2.64625624772625,-13.112922602273748
4,8972289868,dota2-huliga-lynx-2026-08-29-game1,2026-08-29T14:15:10.550000+00:00,-0.02784932999999512,1.3776789397057498,1.3498296097057547
4,8972502454,dota2-huliga-lynx-2026-08-29-game2,2026-08-29T15:52:19.963000+00:00,-69.13946233999998,4.5248777787615,-64.61458456123847
4,8972611918,dota2-huliga-lynx-2026-08-29,2026-08-29T16:49:36.587000+00:00,-21.126399999999887,2.26307088,-18.863329119999886
4,8972773416,dota2-pi-lvlup1-2026-08-29-game1,2026-08-29T18:17:23.637000+00:00,3.881599999999999,0.34235711999999996,4.223957119999999
4,8972893200,dota2-pi-lvlup1-2026-08-29-game2,2026-08-29T19:20:53.860000+00:00,-27.70859999999996,2.3777963699999995,-25.330803629999963
4,8973011673,dota2-pi-lvlup1-2026-08-29,2026-08-29T20:33:12.059000+00:00,18.436498270000016,1.26642058718025,19.702918857180265
4,8973010298,dota2-ks-spirit1-2026-08-29-game1,2026-08-29T20:38:42.759000+00:00,0.0,0.0,0.0
4,8973337131,dota2-icecre-xctn-2026-08-30-game1,2026-08-30T02:14:49.254000+00:00,0.0,0.0,0.0
4,8973405568,dota2-icecre-xctn-2026-08-30-game2,2026-08-30T03:19:55.483000+00:00,4.248000000000005,0.39187800000000006,4.639878000000005
4,8973462028,dota2-icecre-xctn-2026-08-30,2026-08-30T04:30:11.988000+00:00,-12.94164035999998,4.430054775621,-8.511585584378981
4,8973502629,dota2-clo-yb1-2026-08-30-game1,2026-08-30T05:13:07.837000+00:00,-0.700000000000017,0.5421131549999999,-0.15788684500001715
4,8973568453,dota2-clo-yb1-2026-08-30-game2,2026-08-30T06:12:50.377000+00:00,-12.421800000000005,0.8196970499999999,-11.602102950000004
4,8973613420,dota2-clo-yb1-2026-08-30,2026-08-30T07:04:46.677000+00:00,24.19563418000004,0.7456883695815001,24.941322549581542
4,8973707438,dota2-lynx-lvlup1-2026-08-30-game1,2026-08-30T08:16:36.050000+00:00,-5.684200000000061,2.6658845849999997,-3.0183154150000613
4,8973859403,dota2-lynx-lvlup1-2026-08-30-game2,2026-08-30T09:56:31.353000+00:00,10.026070879999935,3.3764871370244998,13.402558017024434
4,8973884000,dota2-nem-xctn-2026-08-30-game2,2026-08-30T10:12:32.710000+00:00,9.623043930000009,0.99078080469075,10.613824734690759
4,8973944033,dota2-lynx-lvlup1-2026-08-30,2026-08-30T10:50:43.696000+00:00,-30.70477067000019,8.57036117461425,-22.13440949538594
4,8974185539,dota2-navi-mouz-2026-08-30-game2,2026-08-30T13:08:29.090000+00:00,-60.050064699999965,2.6538027622485,-57.39626193775146
4,8974647733,dota2-lvlup1-pr1-2026-08-30-game1,2026-08-30T17:09:16.077000+00:00,0.4963964999999977,1.3273914093974999,1.8237879093974976
4,8974898633,dota2-lvlup1-pr1-2026-08-30,2026-08-30T19:25:58.777000+00:00,-21.506331669999952,5.656110296070749,-15.850221373929202
4,8975110449,dota2-dynast1-ks-2026-08-30-game2,2026-08-30T21:54:27.706000+00:00,13.88900000000001,0.7889646449999999,14.67796464500001
4,8975871235,dota2-synaps-lynx-2026-08-31-game1,2026-08-31T12:26:44.788000+00:00,-19.842002390000033,1.5273412413007499,-18.314661148699283
4,8976012755,dota2-synaps-lynx-2026-08-31-game2,2026-08-31T13:41:35.303000+00:00,28.915288869999998,1.06325832898275,29.97854719898275
4,8976166971,dota2-synaps-lynx-2026-08-31,2026-08-31T15:09:07.826000+00:00,61.93276293999992,3.5399332138229997,65.47269615382292
4,8976300473,dota2-4iki-ic-2026-08-31-game1,2026-08-31T16:25:39.940000+00:00,10.676859199999967,1.9276098601499998,12.604469060149967
4,8976441468,dota2-4iki-ic-2026-08-31-game2,2026-08-31T17:43:06.122000+00:00,48.387,0.9984657449999998,49.385465745
4,8976511215,dota2-4iki-ic-2026-08-31,2026-08-31T18:29:54.020000+00:00,55.812898640000014,5.442455566798499,61.255354206798515
4,8976665322,dota2-spirit1-pi-2026-08-31-game1,2026-08-31T20:26:57.494000+00:00,15.987328180000002,2.1546706693589996,18.141998849359002
4,8976751962,dota2-spirit1-pi-2026-08-31-game2,2026-08-31T21:40:17.685000+00:00,8.885421180000012,1.7098120863315,10.595233266331512
4,8977325814,dota2-ks-pckcp-2026-09-01-game2,2026-09-01T10:26:27.059000+00:00,20.965951460000014,2.0568225189825,23.022773978982514
4,8977476867,dota2-ic-lynx-2026-09-01-game1,2026-09-01T12:26:04.131000+00:00,32.8344,1.4795483999999999,34.3139484
4,8977623650,dota2-ic-lynx-2026-09-01-game2,2026-09-01T13:53:28.128000+00:00,-77.60054,8.0430884235,-69.5574515765
4,8977913355,dota2-synaps-lvlup1-2026-09-01-game2,2026-09-01T16:37:59.217000+00:00,0.0,0.0,0.0
4,8978023576,dota2-synaps-lvlup1-2026-09-01,2026-09-01T17:45:54.185000+00:00,-35.294399999999996,1.0235375999999998,-34.2708624
4,8978832148,dota2-pr1-ic-2026-09-02-game1,2026-09-02T09:52:32.767000+00:00,136.8218754899999,2.16241935029025,138.98429484029015
4,8978916284,dota2-pr1-ic-2026-09-02-game2,2026-09-02T11:19:11.539000+00:00,15.024193320000009,0.6738944164485,15.698087736448509
4,8978986214,dota2-pr1-ic-2026-09-02,2026-09-02T12:20:55.440000+00:00,-0.48360000000000003,0.053812589999999993,-0.42978741000000004
4,8979131280,dota2-dynast1-pckcp-2026-09-02-game1,2026-09-02T13:56:13.878000+00:00,0.0,0.0,0.0
4,8979241530,dota2-dynast1-pckcp-2026-09-02-game2,2026-09-02T14:56:18.245000+00:00,29.393235139999973,1.8158611204275,31.209096260427472
4,8979344496,dota2-synaps-4iki-2026-09-02-game1,2026-09-02T15:59:27.587000+00:00,-28.198793380000012,6.331516016226,-21.86727736377401
4,8980293569,dota2-z10-ks-2026-09-03-game1,2026-09-03T09:18:42.909000+00:00,-2.7548358500000063,0.90804267552375,-1.8467931744762565
4,8980358113,dota2-z10-ks-2026-09-03-game2,2026-09-03T10:27:20.250000+00:00,-0.2004999999999999,0.3103792875,0.10987928750000009
4,8980463789,dota2-pckcp-spirit1-2026-09-03-game1,2026-09-03T12:14:02.762000+00:00,12.790452399999978,0.64351749774,13.433969897739978
4,8980769413,dota2-pi-dynast1-2026-09-03-game1,2026-09-03T15:17:23.998000+00:00,65.57437164000002,0.9634437372869998,66.53781537728702
5,8837869969,dota2-aur1-ty-2026-06-04-game1,2026-06-04T09:17:47.612000+00:00,61.374300000000005,2.9833311975,64.35763119750001
5,8837957019,dota2-aur1-ty-2026-06-04-game2,2026-06-04T11:05:49.570000+00:00,28.010399999999947,4.05707886,32.067478859999945
5,8838056564,dota2-flc-liquid-2026-06-04-game1,2026-06-04T12:43:48.535000+00:00,-60.359699999999876,3.8546769674999997,-56.50502303249988
5,8838170936,dota2-flc-liquid-2026-06-04-game2,2026-06-04T14:05:12.636000+00:00,-15.801600879999981,2.847200682096,-12.954400197903981
5,8838396820,dota2-lgd-ty-2026-06-04-game2,2026-06-04T16:48:28.531000+00:00,-17.60630085999975,7.038782194533,-10.56751866546675
5,8838480778,dota2-lgd-ty-2026-06-04,2026-06-04T17:57:47.377000+00:00,-5.65430000000001,2.0440793775,-3.6102206225000097
5,8839123109,dota2-flc-bb4-2026-06-05-game1,2026-06-05T09:16:39.267000+00:00,-160.36560000000003,2.469239355,-157.89636064500002
5,8839193447,dota2-flc-bb4-2026-06-05-game2,2026-06-05T10:38:10.594000+00:00,59.61120000000005,2.95262778,62.563827780000054
5,8839366504,dota2-lgd-liquid-2026-06-05-game2,2026-06-05T13:21:18.066000+00:00,-103.10980000000006,5.253571305,-97.85622869500007
5,8839494962,dota2-flc-aur1-2026-06-05-game1,2026-06-05T14:52:18.684000+00:00,108.67044999999996,3.48980080875,112.16025080874996
5,8839625815,dota2-flc-aur1-2026-06-05-game2,2026-06-05T16:13:53.150000+00:00,10.232000000000028,0.6469139999999999,10.878914000000028
5,8839717574,dota2-flc-aur1-2026-06-05,2026-06-05T17:21:15.591000+00:00,-11.042399999999986,2.06842122,-8.973978779999987
5,8840635639,dota2-ty-bb4-2026-06-06-game1,2026-06-06T10:47:49.658000+00:00,0.0,0.0,0.0
5,8840704374,dota2-ty-bb4-2026-06-06-game2,2026-06-06T11:51:44.485000+00:00,-0.8333000000000084,4.8830627475,4.049762747499992
5,8840821227,dota2-ty-bb4-2026-06-06,2026-06-06T13:12:37.368000+00:00,87.56513784000003,4.438926837372,92.00406467737203
5,8840984097,dota2-aur1-lgd-2026-06-06-game1,2026-06-06T15:05:33.978000+00:00,-4.304569719999961,1.7536432237589998,-2.550926496240961
5,8841114801,dota2-aur1-lgd-2026-06-06-game2,2026-06-06T16:30:29.855000+00:00,-22.892203610000024,3.05659438522275,-19.835609224777272
5,8842052142,dota2-bb4-lgd-2026-06-07-game1,2026-06-07T09:18:04.694000+00:00,209.30829999999992,5.007547687500001,214.3158476874999
5,8842134886,dota2-bb4-lgd-2026-06-07-game2,2026-06-07T10:28:41.168000+00:00,10.61401462999994,5.37603230139675,15.990046931396689
5,8842245726,dota2-bb4-lgd-2026-06-07,2026-06-07T11:59:53.564000+00:00,-13.398400000000152,5.36930607,-8.029093930000151
5,8842468101,dota2-ty-lgd-2026-06-07-game1,2026-06-07T14:21:40.854000+00:00,-39.04854159999988,2.67378045972,-36.37476114027988
5,8842596730,dota2-ty-lgd-2026-06-07-game2,2026-06-07T15:49:20.066000+00:00,0.0,0.0,0.0
5,8842722527,dota2-ty-lgd-2026-06-07-game3,2026-06-07T17:12:22.566000+00:00,18.238398000000018,0.9803208779999999,19.21871887800002
5,8842845018,dota2-ty-lgd-2026-06-07-game4,2026-06-07T18:51:58.999000+00:00,30.022500000000008,0.9804005625000001,31.00290056250001
5,8843465364,dota2-4iki-nande4-2026-06-08-game1,2026-06-08T09:15:08.776000+00:00,-67.02546504000017,4.858417593753,-62.16704744624717
5,8843512570,dota2-4iki-nande4-2026-06-08-game2,2026-06-08T10:09:45.609000+00:00,-2.0968999999999767,0.8993525325,-1.1975474674999766
5,8843560379,dota2-4iki-nande4-2026-06-08,2026-06-08T11:10:54.138000+00:00,-23.176400729999898,2.56999133775525,-20.606409392244647
5,8843760302,dota2-vpp-balu-2026-06-08-game2,2026-06-08T13:42:26.324000+00:00,2.3529000000000337,0.4374629325,2.7903629325000336
5,8844054970,dota2-z10-sb5-2026-06-08-game2,2026-06-08T17:08:41.204000+00:00,57.442400000000006,0.43656534,57.87896534000001
5,8844132483,dota2-vpp-z10-2026-06-08-game1,2026-06-08T18:23:01.210000+00:00,-0.5399999999999991,0.0571725,-0.48282749999999913
5,8844244719,dota2-vpp-z10-2026-06-08-game2,2026-06-08T19:45:42.908000+00:00,11.2928,0.33018882,11.62298882
5,8844308689,dota2-vpp-z10-2026-06-08,2026-06-08T20:50:38.757000+00:00,233.69399999999996,1.2330494399999998,234.92704943999996
5,8850534819,dota2-ill-pr1-2026-06-13-game2,2026-06-13T17:10:42.502000+00:00,-1.0,0.053745,-0.946255
5,8850593633,dota2-ill-pr1-2026-06-13,2026-06-13T18:00:57.551000+00:00,0.0,0.0,0.0
5,8851984783,dota2-4iki-pr1-2026-06-14-game2,2026-06-14T16:46:25.798000+00:00,-2.197299999999995,1.4008275225,-0.796472477499995
5,8852055373,dota2-4iki-pr1-2026-06-14,2026-06-14T17:46:02.690000+00:00,47.450200000000066,3.69100833,51.14120833000007
5,8854443395,dota2-fla-spirit1-2026-06-16-game1,2026-06-16T16:31:44.570000+00:00,-2.4399999999999995,0.21874500000000002,-2.2212549999999993
5,8885183102,dota2-flc-bb4-2026-07-07-game1,2026-07-07T09:47:24.433000+00:00,-50.459362500000026,2.3930210278125,-48.066341472187524
5,8885195986,dota2-re-xtreme-2026-07-07-game1,2026-07-07T09:55:03.037000+00:00,18.72179999999996,0.602908575,19.32470857499996
5,8885252329,dota2-flc-bb4-2026-07-07-game2,2026-07-07T11:01:59.599000+00:00,-28.550000000000004,5.4683120249999995,-23.081687975000005
5,8885275216,dota2-re-xtreme-2026-07-07-game2,2026-07-07T11:16:11.813000+00:00,-12.698199999999986,1.2250639049999998,-11.473136094999987
5,8885365825,dota2-l1ga-ngx-2026-07-07-game1,2026-07-07T12:34:49.112000+00:00,0.0,0.0,0.0
5,8885380529,dota2-liquid-playti-2026-07-07-game1,2026-07-07T12:43:07.045000+00:00,-4.385299999999972,3.2562553425000003,-1.1290446574999722
5,8885411801,dota2-lvlup1-aur1-2026-07-07-game1,2026-07-07T13:06:28.530000+00:00,0.0,0.0,0.0
5,8885470551,dota2-l1ga-ngx-2026-07-07-game2,2026-07-07T13:39:34.570000+00:00,41.370115000000055,2.8740006618750003,44.24411566187506
5,8885473599,dota2-liquid-playti-2026-07-07-game2,2026-07-07T13:52:27.923000+00:00,21.30926586000004,5.583803768733,26.893069628733038
5,8885529711,dota2-lvlup1-aur1-2026-07-07-game2,2026-07-07T14:23:52.590000+00:00,10.122000000000014,0.11445052500000011,10.236450525000015
5,8885633666,dota2-ts8-mouz-2026-07-07-game1,2026-07-07T15:33:28.678000+00:00,8.028665160000003,1.542907453362,9.571572613362003
5,8885665054,dota2-nem-pari-2026-07-07-game1,2026-07-07T15:41:38.548000+00:00,46.70492606000001,0.9649354146405,47.66986147464051
5,8885784652,dota2-ts8-mouz-2026-07-07-game2,2026-07-07T17:16:32.961000+00:00,-77.4163999999999,5.46197151,-71.9544284899999
5,8885871759,dota2-ic-1win-2026-07-07-game1,2026-07-07T18:31:07.999000+00:00,0.0,0.0,0.0
5,8885928262,dota2-ty-og-2026-07-07-game1,2026-07-07T19:03:44.444000+00:00,0.0,0.0,0.0
5,8885974297,dota2-ic-1win-2026-07-07-game2,2026-07-07T19:32:14.446000+00:00,0.0,0.0,0.0
5,8886005043,dota2-ty-og-2026-07-07-game2,2026-07-07T20:03:05.981000+00:00,-9.273999999999972,0.52453605,-8.749463949999972
5,8886576019,dota2-poorra-bb4-2026-07-08-game1,2026-07-08T09:20:01.472000+00:00,-20.0,0.6779999999999999,-19.322
5,8886572854,dota2-gl-xtreme-2026-07-08-game1,2026-07-08T09:27:27.007000+00:00,-72.43539999999996,8.376148935,-64.05925106499996
5,8886638110,dota2-poorra-bb4-2026-07-08-game2,2026-07-08T10:36:00.005000+00:00,0.0,0.0,0.0
5,8886640910,dota2-flc-re-2026-07-08-game2,2026-07-08T10:39:41.623000+00:00,-0.8690999999999889,0.5739678674999998,-0.29513213249998904
5,8886641793,dota2-gl-xtreme-2026-07-08-game2,2026-07-08T10:45:04.782000+00:00,22.078599109999946,3.50413385726325,25.582732967263198
5,8886728756,dota2-l1ga-playti-2026-07-08-game1,2026-07-08T12:02:19.795000+00:00,33.39819999999989,3.9359379299999997,37.33413792999989
5,8886736772,dota2-liquid-lvlup1-2026-07-08-game1,2026-07-08T12:08:59.488000+00:00,6.976799999999997,0.38075886000000003,7.3575588599999975
5,8886788497,dota2-ngx-aur1-2026-07-08-game1,2026-07-08T12:47:30.744000+00:00,5.532827669999989,0.57394806770325,6.106775737703239
5,8886815251,dota2-l1ga-playti-2026-07-08-game2,2026-07-08T13:04:20.712000+00:00,46.426000000000045,0.29185905,46.717859050000044
5,8886862310,dota2-liquid-lvlup1-2026-07-08-game2,2026-07-08T13:37:25.898000+00:00,7.391199999999998,0.053216640000000044,7.444416639999998
5,8886994890,dota2-ts8-nem-2026-07-08-game1,2026-07-08T14:59:11.781000+00:00,0.0,0.0,0.0
5,8887100676,dota2-vg-pari-2026-07-08-game1,2026-07-08T16:18:23.954000+00:00,0.0,0.0,0.0
5,8887114313,dota2-ts8-nem-2026-07-08-game2,2026-07-08T16:15:19.583000+00:00,-13.563999999999993,0.272981025,-13.291018974999993
5,8887197358,dota2-vg-pari-2026-07-08-game2,2026-07-08T17:23:00.102000+00:00,-23.011100000000056,1.9851802424999998,-21.025919757500056
5,8887218598,dota2-lgd-og-2026-07-08-game1,2026-07-08T17:27:41.870000+00:00,6.159100000000024,2.4718445625,8.630944562500023
5,8887260104,dota2-ty-ic-2026-07-08-game1,2026-07-08T17:58:24.214000+00:00,0.0,0.0,0.0
5,8887314193,dota2-lgd-og-2026-07-08-game2,2026-07-08T18:40:30.736000+00:00,-79.08831371999992,5.194457022623999,-73.89385669737592
5,8887325211,dota2-vp-1win-2026-07-08-game1,2026-07-08T18:51:24.334000+00:00,-15.894699999999972,6.6124145924999995,-9.282285407499973
5,8887337672,dota2-ty-ic-2026-07-08-game2,2026-07-08T19:01:29.872000+00:00,0.0,0.0,0.0
5,8887432754,dota2-vp-1win-2026-07-08-game2,2026-07-08T20:20:02.742000+00:00,30.685699999999997,0.3331841925,31.018884192499996
5,8887986392,dota2-poorra-xtreme-2026-07-09-game1,2026-07-09T09:21:30.237000+00:00,-113.51759999999999,7.24571232,-106.27188767999999
5,8887998750,dota2-bb4-re-2026-07-09-game1,2026-07-09T09:29:32.198000+00:00,-28.479900000000043,3.0093095775000003,-25.47059042250004
5,8888056358,dota2-poorra-xtreme-2026-07-09-game2,2026-07-09T10:34:44.979000+00:00,50.11068136000006,5.030024154836999,55.14070551483706
5,8888066684,dota2-bb4-re-2026-07-09-game2,2026-07-09T10:43:25.275000+00:00,-15.998806859999988,0.8028028255005,-15.196004034499488
5,8888083694,dota2-gl-flc-2026-07-09-game2,2026-07-09T11:11:32.224000+00:00,31.440399999999993,3.0269161799999997,34.46731617999999
5,8888160657,dota2-l1ga-aur1-2026-07-09-game1,2026-07-09T12:09:38.901000+00:00,-20.876879999999957,1.5640791164999999,-19.312800883499957
5,8888173515,dota2-playti-lvlup1-2026-07-09-game1,2026-07-09T12:20:27.216000+00:00,22.536900000000003,0.5501319524999999,23.087031952500002
5,8888217771,dota2-ngx-liquid-2026-07-09-game1,2026-07-09T12:52:14.212000+00:00,11.16421819999998,1.0216908708149999,12.18590907081498
5,8888260336,dota2-l1ga-aur1-2026-07-09-game2,2026-07-09T13:20:05.771000+00:00,-3.366700000000037,1.5533512875,-1.8133487125000372
5,8888279558,dota2-playti-lvlup1-2026-07-09-game2,2026-07-09T13:33:23.111000+00:00,40.9632,0.25499592000000004,41.21819592
5,8888318197,dota2-ngx-liquid-2026-07-09-game2,2026-07-09T14:04:08.888000+00:00,-11.8716,4.885238039999999,-6.986361960000002
5,8888405761,dota2-mouz-nem-2026-07-09-game1,2026-07-09T14:48:45.816000+00:00,10.8108,0.7378370999999999,11.5486371
5,8888425887,dota2-rnx-pari-2026-07-09-game1,2026-07-09T15:02:02.148000+00:00,-28.526700000000062,0.8863725074999999,-27.640327492500063
5,8888489297,dota2-vg-ts8-2026-07-09-game1,2026-07-09T15:42:43.149000+00:00,0.0,0.0,0.0
5,8888555097,dota2-mouz-nem-2026-07-09-game2,2026-07-09T16:24:34.308000+00:00,-65.4880999999999,4.619546617499999,-60.868553382499904
5,8888554919,dota2-rnx-pari-2026-07-09-game2,2026-07-09T16:26:10.054000+00:00,0.0,0.0,0.0
5,8888592426,dota2-vg-ts8-2026-07-09-game2,2026-07-09T16:59:54.115000+00:00,-18.736500000000007,1.6936916625,-17.042808337500006
5,8888682602,dota2-og-ic-2026-07-09-game1,2026-07-09T17:53:01.981000+00:00,-58.63790000000017,4.7322680925,-53.90563190750017
5,8888693655,dota2-vp-ty-2026-07-09-game1,2026-07-09T18:07:57.629000+00:00,27.272400000000005,0.53999352,27.812393520000004
5,8888731478,dota2-lgd-1win-2026-07-09-game1,2026-07-09T18:35:20.326000+00:00,72.72017500000004,2.40947418,75.12964918000004
5,8888771711,dota2-og-ic-2026-07-09-game2,2026-07-09T19:04:50.495000+00:00,-19.69890000000001,0.8789493374999999,-18.81995066250001
5,8888819433,dota2-lgd-1win-2026-07-09-game2,2026-07-09T19:41:02.532000+00:00,23.785377340000025,3.6385489179315003,27.423926257931527
5,8889452921,dota2-re-gl-2026-07-10-game1,2026-07-10T09:17:34.068000+00:00,37.9084,0.8530551899999999,38.76145519
5,8889468264,dota2-xtreme-bb4-2026-07-10-game1,2026-07-10T09:26:30.741000+00:00,-49.66379999999998,5.39583177,-44.26796822999998
5,8889513730,dota2-poorra-flc-2026-07-10-game2,2026-07-10T10:17:36.842000+00:00,0.0,0.0,0.0
5,8889524021,dota2-xtreme-bb4-2026-07-10-game2,2026-07-10T10:37:39.793000+00:00,-5.970199999999977,2.0543290199999995,-3.9158709799999776
5,8889538949,dota2-re-gl-2026-07-10-game2,2026-07-10T10:40:57.402000+00:00,-40.93770000000006,3.3186388124999997,-37.619061187500066
5,8889615310,dota2-l1ga-liquid-2026-07-10-game1,2026-07-10T11:48:20.990000+00:00,-10.293999999999969,1.5585608999999998,-8.735439099999969
5,8889621582,dota2-aur1-playti-2026-07-10-game1,2026-07-10T11:57:42.116000+00:00,-32.590034359999976,3.0646485873509994,-29.525385772648978
5,8889699098,dota2-l1ga-liquid-2026-07-10-game2,2026-07-10T12:46:15.831000+00:00,0.0,0.0,0.0
5,8889733840,dota2-aur1-playti-2026-07-10-game2,2026-07-10T13:14:22.837000+00:00,-45.0,1.7021249999999997,-43.297875
5,8889871314,dota2-nem-vg-2026-07-10-game1,2026-07-10T14:27:52.631000+00:00,51.358000000000004,1.3628153099999998,52.720815310000006
5,8889914618,dota2-pari-mouz-2026-07-10-game1,2026-07-10T14:59:49.254000+00:00,-13.793399999999991,0.46035472499999985,-13.333045274999991
5,8889944251,dota2-rnx-ts8-2026-07-10-game1,2026-07-10T15:15:29.857000+00:00,24.981099999999913,0.5362452225000001,25.517345222499912
5,8890008812,dota2-nem-vg-2026-07-10-game2,2026-07-10T15:49:04.827000+00:00,32.321200000000005,0.8790252749999998,33.200225275
5,8890036748,dota2-pari-mouz-2026-07-10-game2,2026-07-10T16:15:07.698000+00:00,11.012100000000004,0.06765395249999999,11.079753952500004
5,8890074597,dota2-rnx-ts8-2026-07-10-game2,2026-07-10T16:28:42.555000+00:00,0.0,0.0,0.0
5,8890179830,dota2-lgd-ty-2026-07-10-game1,2026-07-10T17:38:53.401000+00:00,15.046588159999942,1.9444623383759998,16.99105049837594
5,8890270555,dota2-1win-og-2026-07-10-game2,2026-07-10T18:36:26.467000+00:00,0.0,0.0,0.0
5,8890268632,dota2-lgd-ty-2026-07-10-game2,2026-07-10T18:43:14.663000+00:00,-4.75020000000012,1.63515732,-3.11504268000012
5,8890301402,dota2-ic-vp-2026-07-10-game2,2026-07-10T18:52:09.717000+00:00,0.0,0.0,0.0
5,8891108843,dota2-poorra-re-2026-07-11-game1,2026-07-11T09:15:44.932000+00:00,4.800000000000001,0.1473,4.9473
5,8891108985,dota2-bb4-gl-2026-07-11-game1,2026-07-11T09:17:06.187000+00:00,-5.3595000000000255,1.8461249625,-3.513375037500025
5,8891145641,dota2-xtreme-flc-2026-07-11-game1,2026-07-11T09:30:07.111000+00:00,2.9411999999999523,0.95184585,3.893045849999952
5,8891217710,dota2-poorra-re-2026-07-11-game2,2026-07-11T10:44:50.172000+00:00,-105.5742007,3.0578444676375,-102.51635623236251
5,8891240327,dota2-xtreme-flc-2026-07-11-game2,2026-07-11T11:01:14.698000+00:00,8.758800000000003,3.40997571,12.168775710000002
5,8891325877,dota2-l1ga-lvlup1-2026-07-11-game1,2026-07-11T12:09:46.181000+00:00,0.1899999999999995,0.055979249999999994,0.24597924999999948
5,8891349244,dota2-playti-ngx-2026-07-11-game1,2026-07-11T12:27:52.369000+00:00,25.608000000000004,1.60560756,27.213607560000003
5,8891371442,dota2-aur1-liquid-2026-07-11-game1,2026-07-11T12:43:19.319000+00:00,4.53000000000001,0.47322824999999996,5.00322825000001
5,8891438996,dota2-l1ga-lvlup1-2026-07-11-game2,2026-07-11T13:19:40.554000+00:00,0.239999999999998,0.2430165,0.48301649999999796
5,8891497910,dota2-aur1-liquid-2026-07-11-game2,2026-07-11T13:53:37.287000+00:00,3.770000000000003,0.18075524999999998,3.950755250000003
5,8891519142,dota2-playti-ngx-2026-07-11-game2,2026-07-11T14:08:43.754000+00:00,-11.520178819999984,0.5062250613314999,-11.013953758668483
5,8892829232,dota2-mouz-vg-2026-07-12-game1,2026-07-12T09:15:57.248000+00:00,-167.26905238000006,3.0146706128610004,-164.25438176713905
5,8892835652,dota2-rnx-nem-2026-07-12-game1,2026-07-12T09:19:01.546000+00:00,-9.624800000000029,1.4694504,-8.15534960000003
5,8892836635,dota2-pari-ts8-2026-07-12-game1,2026-07-12T09:26:06.808000+00:00,-16.894699999999997,2.3933966175,-14.501303382499996
5,8892923329,dota2-mouz-vg-2026-07-12-game2,2026-07-12T10:25:59.512000+00:00,9.20879999999999,1.1410071,10.349807099999989
5,8892914077,dota2-pari-ts8-2026-07-12-game2,2026-07-12T10:31:28.406000+00:00,-17.133499999999998,2.6314780874999997,-14.502021912499998
5,8892958964,dota2-rnx-nem-2026-07-12-game2,2026-07-12T10:53:08.655000+00:00,-95.25059999999999,1.15783935,-94.09276064999999
5,8893070561,dota2-1win-ty-2026-07-12-game1,2026-07-12T12:14:45.162000+00:00,6.199374720000037,1.355004447888,7.554379167888037
5,8893106015,dota2-og-vp-2026-07-12-game1,2026-07-12T12:36:42.440000+00:00,29.78409999999994,3.0143449874999995,32.798444987499934
5,8893165071,dota2-1win-ty-2026-07-12-game2,2026-07-12T13:18:20.777000+00:00,99.04040000000013,5.571124245,104.61152424500014
5,8893253595,dota2-og-vp-2026-07-12-game2,2026-07-12T13:56:28.498000+00:00,0.9700739999999985,0.2126687136,1.1827427135999986
5,8896139222,dota2-re-vp-2026-07-14-game1,2026-07-14T11:15:10.363000+00:00,5.89080000000007,3.698076645,9.58887664500007
5,8896140998,dota2-liquid-xtreme-2026-07-14-game1,2026-07-14T11:24:31.795000+00:00,-34.10799656,3.9485888299379996,-30.159407730061996
5,8896234088,dota2-re-vp-2026-07-14-game2,2026-07-14T12:30:48.003000+00:00,16.638800000000003,2.4514077,19.090207700000004
5,8896267691,dota2-liquid-xtreme-2026-07-14-game2,2026-07-14T13:05:08.216000+00:00,-10.082500000000039,2.2958834925,-7.786616507500039
5,8896380183,dota2-re-vp-2026-07-14,2026-07-14T14:02:34.965000+00:00,-55.22383745999997,1.7141482329989999,-53.50968922700097
5,8896486914,dota2-liquid-xtreme-2026-07-14,2026-07-14T15:13:00.049000+00:00,-2.487000430000009,1.89715253809725,-0.589847891902759
5,8896645659,dota2-lgd-mouz-2026-07-14-game1,2026-07-14T16:55:49.823000+00:00,-10.666799999999995,1.02539646,-9.641403539999995
5,8896731473,dota2-lgd-mouz-2026-07-14-game2,2026-07-14T18:02:11.857000+00:00,-39.86100000000002,1.534797045,-38.32620295500002
5,8897585705,dota2-aur1-re-2026-07-15-game1,2026-07-15T11:19:40.513000+00:00,-161.3946,1.311865605,-160.082734395
5,8897588873,dota2-ts8-liquid-2026-07-15-game1,2026-07-15T11:25:30.473000+00:00,-34.653833960000014,4.652748315008999,-30.001085644991015
5,8897695379,dota2-aur1-re-2026-07-15-game2,2026-07-15T12:41:48.340000+00:00,-80.52850095000002,1.26137399143125,-79.26712695856877
5,8897696869,dota2-ts8-liquid-2026-07-15-game2,2026-07-15T12:54:25.976000+00:00,76.68174152,5.172510764115,81.854252284115
5,8897831774,dota2-ts8-liquid-2026-07-15,2026-07-15T14:13:24.528000+00:00,2.927126300000012,1.2468473163975,4.173973616397512
5,8897841991,dota2-1win-vg-2026-07-15-game1,2026-07-15T14:22:22.284000+00:00,3.8304121600000087,0.735168802512,4.5655809625120085
5,8897971312,dota2-1win-vg-2026-07-15-game2,2026-07-15T15:33:39.656000+00:00,22.643099999999976,1.0312152525,23.674315252499976
5,8898003442,dota2-bb4-lgd-2026-07-15-game1,2026-07-15T15:56:58.589000+00:00,-0.879999999999999,0.134211,-0.745788999999999
5,8898084910,dota2-1win-vg-2026-07-15,2026-07-15T16:49:08.935000+00:00,-27.18349999999998,5.497084612499999,-21.68641538749998
5,8898117600,dota2-bb4-lgd-2026-07-15-game2,2026-07-15T17:15:52.403000+00:00,61.2158,1.378902795,62.594702795
5,8899028080,dota2-ty-ts8-2026-07-17-game1,2026-07-16T11:25:22.617000+00:00,106.39329999999995,2.1979387125,108.59123871249996
5,8899120700,dota2-ty-ts8-2026-07-17-game2,2026-07-16T12:44:26.752000+00:00,-10.725075389999994,4.03517261252775,-6.689902777472244
5,8899307453,dota2-pari-re-2026-07-17-game1,2026-07-16T14:36:23.407000+00:00,9.956399999999974,0.65115054,10.607550539999973
5,8899420575,dota2-pari-re-2026-07-17-game2,2026-07-16T15:46:28.167000+00:00,7.501361160000016,1.1653042309529997,8.666665390953016
5,8900508749,dota2-flc-vg-2026-07-16-game1,2026-07-17T11:21:46.405000+00:00,-32.99359999999999,1.1858321099999998,-31.807767889999987
5,8900623530,dota2-flc-vg-2026-07-16-game2,2026-07-17T12:54:30.551000+00:00,-44.730500000000006,6.8785429575,-37.851957042500004
5,8900771154,dota2-ngx-bb4-2026-07-16-game1,2026-07-17T14:28:08.196000+00:00,21.42291720000003,0.71625868704,22.13917588704003
5,8900882416,dota2-ngx-bb4-2026-07-16-game2,2026-07-17T15:33:10.588000+00:00,0.0,0.0,0.0
5,8902107148,dota2-bb4-vg-2026-07-18-game1,2026-07-18T11:22:02.020000+00:00,2.2197999999999922,0.23825875500000004,2.458058754999992
5,8902173969,dota2-bb4-vg-2026-07-18-game2,2026-07-18T12:21:15.910000+00:00,-40.44659999999999,1.21914333,-39.22745666999999
5,8902338515,dota2-ty-pari-2026-07-18-game1,2026-07-18T14:06:38.308000+00:00,-14.701300000000032,4.5023584875000005,-10.198941512500031
5,8902431810,dota2-ty-pari-2026-07-18-game2,2026-07-18T15:09:37.865000+00:00,-28.192299999999932,10.9891818525,-17.203118147499932
5,8902610619,dota2-ty-pari-2026-07-18,2026-07-18T16:48:06.686000+00:00,12.099400000000003,2.4845149049999997,14.583914905000002
5,8903705555,dota2-vg-ty-2026-07-19-game1,2026-07-19T10:24:33.152000+00:00,22.115398000000027,1.63056902655,23.745967026550026
5,8903789784,dota2-vg-ty-2026-07-19-game2,2026-07-19T11:31:19.185000+00:00,27.352100000000007,0.8408277824999999,28.192927782500007
5,8904012666,dota2-bb4-pari-2026-07-19-game1,2026-07-19T13:57:51.853000+00:00,146.2743999999999,4.59632784,150.8707278399999
5,8904157676,dota2-bb4-pari-2026-07-19-game2,2026-07-19T15:17:11.337000+00:00,-33.12770000000006,5.9413395375,-27.186360462500062
5,8904322271,dota2-bb4-pari-2026-07-19-game3,2026-07-19T16:52:33.960000+00:00,8.773371160000073,3.245235776661,12.018606936661072
5,8904419709,dota2-bb4-pari-2026-07-19-game4,2026-07-19T18:05:14.511000+00:00,-0.6530000000000555,0.9049209300000001,0.25192092999994453
5,8905035315,dota2-stx-lynx-2026-07-20-game1,2026-07-20T07:25:19.610000+00:00,0.6600000000000037,0.24602100000000005,0.9060210000000037
5,8905093611,dota2-stx-lynx-2026-07-20-game2,2026-07-20T08:36:36.644000+00:00,176.74949731999993,3.1119044240399996,179.86140174403994
5,8905164476,dota2-stx-lynx-2026-07-20,2026-07-20T10:04:24.370000+00:00,436.43852324999995,4.17914446454475,440.6176677145447
5,8905233934,dota2-lynx-pckcp-2026-07-20-game1,2026-07-20T11:15:17.947000+00:00,64.64889874,1.7709937845705,66.41989252457051
5,8905359313,dota2-lynx-pckcp-2026-07-20-game2,2026-07-20T12:49:30.119000+00:00,25.132191230000018,2.05003593050475,27.182227160504766
5,8905490238,dota2-z10-nemiga-2026-07-20-game1,2026-07-20T14:13:02.081000+00:00,-34.38110051999996,1.8258678354329998,-32.55523268456696
5,8905612460,dota2-z10-nemiga-2026-07-20-game2,2026-07-20T15:25:40.567000+00:00,-133.41316804000002,3.169447722048,-130.243720317952
5,8905741721,dota2-spirit1-jenz-2026-07-20-game1,2026-07-20T16:55:30.580000+00:00,9.944500000000005,2.3522856675,12.296785667500005
5,8905885788,dota2-spirit1-jenz-2026-07-20-game2,2026-07-20T18:35:45.253000+00:00,0.0,0.0,0.0
5,8905975768,dota2-lvlup1-ill-2026-07-20-game1,2026-07-20T19:45:16.612000+00:00,2.3165190000000067,2.877679519125,5.194198519125006
5,8906069414,dota2-lvlup1-ill-2026-07-20-game2,2026-07-20T20:59:36.536000+00:00,-38.79979999999999,2.122300905,-36.67749909499999
5,8906479441,dota2-nemiga-dan-2026-07-21-game1,2026-07-21T07:24:02.590000+00:00,94.89777069000007,1.91250204994425,96.81027273994432
5,8906547471,dota2-nemiga-dan-2026-07-21-game2,2026-07-21T08:48:51.736000+00:00,3.8203000000000107,1.0404492374999998,4.860749237500011
5,8906626852,dota2-pckcp-stx-2026-07-21-game1,2026-07-21T10:17:03.931000+00:00,-26.858032520000002,1.449759955608,-25.408272564392
5,8906706819,dota2-pckcp-stx-2026-07-21-game2,2026-07-21T11:28:10.072000+00:00,0.0,0.0,0.0
5,8906814740,dota2-pckcp-stx-2026-07-21,2026-07-21T12:50:32.182000+00:00,-40.914463619999765,5.1349391298255,-35.77952449017427
5,8906911697,dota2-lynx-spirit1-2026-07-21-game1,2026-07-21T14:01:22.509000+00:00,0.0,0.0,0.0
5,8907021823,dota2-lynx-spirit1-2026-07-21-game2,2026-07-21T14:54:33.550000+00:00,-18.14500000000001,1.231514625,-16.91348537500001
5,8907114935,dota2-lynx-spirit1-2026-07-21,2026-07-21T15:55:17.448000+00:00,-46.08346451999983,6.996805401306,-39.08665911869383
5,8907236730,dota2-jenz-lynx-2026-07-21-game1,2026-07-21T17:22:36.365000+00:00,0.0,0.0,0.0
5,8907319204,dota2-jenz-lynx-2026-07-21-game2,2026-07-21T18:19:16.673000+00:00,-73.39369954999998,1.63248224030625,-71.76121730969373
5,8907510684,dota2-z10-aion-2026-07-21-game2,2026-07-21T20:45:41.820000+00:00,0.0,0.0,0.0
5,8907942033,dota2-ill-dan-2026-07-22-game1,2026-07-22T07:18:07.776000+00:00,0.0,0.0,0.0
5,8907997366,dota2-ill-dan-2026-07-22-game2,2026-07-22T08:30:21.640000+00:00,-14.695152680000035,3.004454604516,-11.690698075484036
5,8908178087,dota2-nemiga-aion-2026-07-22-game2,2026-07-22T11:35:02.272000+00:00,7.038250129999966,0.58586326797975,7.624113397979716
5,8908313996,dota2-stx-spirit1-2026-07-22-game1,2026-07-22T13:26:43.307000+00:00,-0.9450000000000003,0.11772337499999999,-0.8272766250000003
5,8908486051,dota2-stx-spirit1-2026-07-22-game2,2026-07-22T15:03:55.390000+00:00,9.734685929999984,0.9450040618702499,10.679689991870234
5,8908612824,dota2-stx-spirit1-2026-07-22,2026-07-22T16:27:56.948000+00:00,108.44286305,6.280137747483749,114.72300079748375
5,8908710300,dota2-z10-lvlup1-2026-07-22-game1,2026-07-22T17:40:32.974000+00:00,-74.00310000000022,7.1149045275,-66.88819547250021
5,8908926344,dota2-z10-lvlup1-2026-07-22,2026-07-22T20:21:42.790000+00:00,0.20803807999999435,1.229666421384,1.4377045013839944
5,8909388284,dota2-dan-z10-2026-07-23-game1,2026-07-23T07:17:23.633000+00:00,0.0,0.0,0.0
5,8909443684,dota2-dan-z10-2026-07-23-game2,2026-07-23T08:24:14.078000+00:00,-10.661409399999997,0.28873763757,-10.372671762429997
5,8909498494,dota2-dan-z10-2026-07-23,2026-07-23T09:35:42.112000+00:00,-1.3139999999999965,0.09073413,-1.2232658699999965
5,8909658828,dota2-spirit1-pckcp-2026-07-23-game2,2026-07-23T11:56:35.158000+00:00,0.0,0.0,0.0
5,8909780227,dota2-spirit1-pckcp-2026-07-23,2026-07-23T13:29:29.880000+00:00,6.9968000000000075,0.32535119999999995,7.3221512000000075
5,8910104556,dota2-jenz-kw1-2026-07-23-game2,2026-07-23T16:47:57.620000+00:00,11.689700000000002,0.4355541975,12.125254197500002
5,8910216725,dota2-jenz-kw1-2026-07-23,2026-07-23T18:09:02.529000+00:00,5.467399999999998,0.784039845,6.2514398449999975
5,8910344715,dota2-lvlup1-aion-2026-07-23-game1,2026-07-23T19:45:58.831000+00:00,0.0,0.0,0.0
5,8910461593,dota2-lvlup1-aion-2026-07-23-game2,2026-07-23T21:18:59.726000+00:00,-4.4517999999999995,0.18788671499999998,-4.263913284999999
5,8910535715,dota2-lvlup1-aion-2026-07-23,2026-07-23T22:37:28.157000+00:00,99.39539999999988,1.197269775,100.59266977499988
5,8910589445,dota2-nemiga-ill-2026-07-23-game1,2026-07-23T23:33:41.369000+00:00,-6.97319999999999,1.58485005,-5.38834994999999
5,8910670427,dota2-nemiga-ill-2026-07-23,2026-07-24T01:26:47.762000+00:00,-17.925200000000004,4.65366453,-13.271535470000003
5,8910982575,dota2-aion-dan-2026-07-24-game2,2026-07-24T08:39:31.809000+00:00,0.0,0.0,0.0
5,8911277378,dota2-kw1-stx-2026-07-24-game2,2026-07-24T13:08:23.857000+00:00,47.66017863000003,1.07996522954775,48.740143859547786
5,8911784562,dota2-z10-ill-2026-07-24-game1,2026-07-24T18:00:21.302000+00:00,-0.5999999999999712,0.8094292200000001,0.20942922000002884
5,8911916389,dota2-z10-ill-2026-07-24-game2,2026-07-24T19:32:36.981000+00:00,-13.204500639999988,1.302553055388,-11.901947584611989
5,8912045230,dota2-nemiga-lvlup1-2026-07-24-game1,2026-07-24T21:05:49.488000+00:00,-22.411523040000006,6.1176787841880005,-16.293844255812004
5,8912123729,dota2-nemiga-lvlup1-2026-07-24-game2,2026-07-24T22:15:39.296000+00:00,0.0,0.0,0.0
5,8912551235,dota2-ill-aion-2026-07-25-game1,2026-07-25T07:19:52.253000+00:00,0.0,0.0,0.0
5,8912622476,dota2-ill-aion-2026-07-25-game2,2026-07-25T08:27:06.996000+00:00,15.842151590000029,0.52215815546475,16.36430974546478
5,8912758286,dota2-pckcp-jenz-2026-07-22-game1,2026-07-25T10:25:45.605000+00:00,-36.66160095999999,1.650069896832,-35.011531063167986
5,8912831712,dota2-pckcp-jenz-2026-07-22-game2,2026-07-25T11:23:26.682000+00:00,0.0,0.0,0.0
5,8912974141,dota2-pckcp-jenz-2026-07-22,2026-07-25T13:02:19.241000+00:00,-15.454499999999996,3.1762668375,-12.278233162499996
5,8913307206,dota2-kw1-pckcp-2026-07-25-game1,2026-07-25T16:28:48.834000+00:00,0.0,0.0,0.0
5,8913598312,dota2-lynx-kw1-2026-07-25-game1,2026-07-25T19:28:05.257000+00:00,-6.854100639999999,0.6361892000039999,-6.217911439995999
5,8913726962,dota2-lynx-kw1-2026-07-25-game2,2026-07-25T20:57:15.562000+00:00,-110.07624305999995,5.5115227367865,-104.56472032321345
5,8913824141,dota2-lynx-kw1-2026-07-25,2026-07-25T22:21:39.642000+00:00,-32.76070064999998,3.30501542030625,-29.45568522969373
5,8914414410,dota2-nemiga-ill-2026-07-26-game1,2026-07-26T09:26:59.644000+00:00,-70.83182787999996,1.032936957096,-69.79889092290396
5,8914520562,dota2-nemiga-ill-2026-07-26-game2,2026-07-26T10:41:21.923000+00:00,-30.401203119999934,3.7246609847039998,-26.676542135295936
5,8914637220,dota2-nemiga-ill-2026-07-26,2026-07-26T12:04:18.708000+00:00,41.17679999999996,0.80559468,41.982394679999956
5,8914749408,dota2-rearis-pckcp-2026-07-26-game1,2026-07-26T13:19:34.036000+00:00,-16.216199999999986,0.83108025,-15.385119749999987
5,8914885598,dota2-rearis-pckcp-2026-07-26-game2,2026-07-26T14:24:02.001000+00:00,109.28719999999998,0.72800562,110.01520561999999
5,8915002841,dota2-kw1-rearis-2026-07-26-game1,2026-07-26T15:32:54.677000+00:00,-114.99303307000002,2.94912580241025,-112.04390726758977
5,8915137972,dota2-kw1-rearis-2026-07-26-game2,2026-07-26T16:47:26.165000+00:00,0.9000000000000004,0.03820499999999999,0.9382050000000004
5,8915271266,dota2-jenz-stx-2026-07-26-game1,2026-07-26T18:26:53.337000+00:00,140.4490000000001,4.722942615,145.1719426150001
5,8915390117,dota2-jenz-stx-2026-07-26-game2,2026-07-26T19:37:39.362000+00:00,1.8851000000000013,0.07422581249999999,1.9593258125000013
5,8915498965,dota2-jenz-stx-2026-07-26,2026-07-26T20:57:43.107000+00:00,15.727999999999994,0.8398421999999999,16.567842199999994
5,8916041863,dota2-lvlup1-pckcp-2026-07-27-game1,2026-07-27T09:21:33.291000+00:00,1.6341,0.037625152499999995,1.6717251525
5,8916102349,dota2-lvlup1-pckcp-2026-07-27-game2,2026-07-27T10:12:46.876000+00:00,0.6766000000000076,1.8226068299999998,2.4992068300000074
5,8916245727,dota2-stx-nemiga-2026-07-27-game1,2026-07-27T12:25:46.061000+00:00,8.682300000000026,1.7052179175,10.387517917500027
5,8916384577,dota2-stx-nemiga-2026-07-27-game2,2026-07-27T13:48:29.618000+00:00,17.15130000000002,3.2754985875,20.42679858750002
5,8916474664,dota2-stx-nemiga-2026-07-27,2026-07-27T14:44:54.132000+00:00,-88.00209999999976,11.6277726225,-76.37432737749975
5,8917611319,dota2-pr1-nemiga-2026-07-28-game2,2026-07-28T10:17:02.190000+00:00,5.363890410000016,0.48291466274325,5.846805072743265
5,8917675823,dota2-pr1-nemiga-2026-07-28,2026-07-28T11:19:25.327000+00:00,22.259999999999962,1.1090231549999998,23.36902315499996
5,8917738415,dota2-nh-pckcp-2026-07-28-game1,2026-07-28T12:16:10.015000+00:00,0.0,0.0,0.0
5,8917853656,dota2-nh-pckcp-2026-07-28-game2,2026-07-28T13:23:44.955000+00:00,47.46326459999999,2.3862036023999997,49.84946820239999
5,8918052500,dota2-pckcp-kw1-2026-07-28-game1,2026-07-28T15:24:46.769000+00:00,-14.648942679999976,0.935633750049,-13.713308929950976
5,8918176547,dota2-pckcp-kw1-2026-07-28-game2,2026-07-28T16:37:04.197000+00:00,97.99183345999995,1.5658647767745,99.55769823677446
5,8919264561,dota2-rearis-z10-2026-07-29-game1,2026-07-29T12:23:03.580000+00:00,22.57536504000001,2.095044236832,24.670409276832007
5,8919404744,dota2-rearis-z10-2026-07-29-game2,2026-07-29T13:48:28.368000+00:00,-14.952399999999969,2.22189498,-12.730505019999969
5,8919546613,dota2-amaru-nemiga-2026-07-29-game1,2026-07-29T15:15:30.082000+00:00,0.0,0.0,0.0
5,8919685210,dota2-amaru-nemiga-2026-07-29-game2,2026-07-29T16:34:50.427000+00:00,-219.35429461999982,5.0690629915455,-214.2852316284543
5,8919803916,dota2-amaru-nemiga-2026-07-29,2026-07-29T18:02:17.532000+00:00,65.20833043999997,1.704519886146,66.91285032614597
5,8920655724,dota2-pckcp-z10-2026-07-30-game2,2026-07-30T10:32:16.617000+00:00,0.0,0.0,0.0
5,8920897425,dota2-lvlup1-z10-2026-07-30-game2,2026-07-30T13:37:44.606000+00:00,-53.48940000000002,2.7425387249999997,-50.746861275000015
5,8921002620,dota2-lvlup1-z10-2026-07-30,2026-07-30T14:47:46.063000+00:00,51.0085,2.8660042724999997,53.8745042725
5,8921162227,dota2-amaru-pr1-2026-07-30-game1,2026-07-30T16:32:24.441000+00:00,28.306900000000013,1.1091347025,29.416034702500014
5,8921281044,dota2-amaru-pr1-2026-07-30-game2,2026-07-30T17:34:28.519000+00:00,0.0,0.0,0.0
5,8921949036,dota2-re-midas3-2026-07-31-game1,2026-07-31T06:23:42.906000+00:00,-12.613200000000004,1.000179165,-11.613020835000004
5,8922016200,dota2-re-midas3-2026-07-31-game2,2026-07-31T07:39:14.850000+00:00,0.0,0.0,0.0
5,8922074642,dota2-vg-amaru-2026-07-31-game1,2026-07-31T08:46:41.467000+00:00,16.08000000000004,0.35818200000000006,16.43818200000004
5,8922137329,dota2-vg-amaru-2026-07-31-game2,2026-07-31T09:48:16.177000+00:00,0.0,0.0,0.0
5,8922133239,dota2-tr7-playti-2026-07-31-game1,2026-07-31T09:57:34.446000+00:00,-8.23491724999991,3.20461175634375,-5.03030549365616
5,8922186876,dota2-vg-amaru-2026-07-31,2026-07-31T10:40:33.810000+00:00,7.577300000000008,0.6519652874999999,8.229265287500008
5,8922211678,dota2-tr7-playti-2026-07-31-game2,2026-07-31T11:00:53.806000+00:00,3.8504000000000076,1.03915323,4.889553230000008
5,8922300474,dota2-enjoy-glyph-2026-07-31-game1,2026-07-31T12:14:29.331000+00:00,-18.60299999999998,1.68315543,-16.91984456999998
5,8922339160,dota2-l1ga-rnx-2026-07-31-game1,2026-07-31T12:44:09.822000+00:00,46.03739999999991,5.575277805,51.61267780499991
5,8922400300,dota2-enjoy-glyph-2026-07-31-game2,2026-07-31T13:24:39.311000+00:00,41.196699999999964,1.4313006525,42.62800065249996
5,8922433138,dota2-l1ga-rnx-2026-07-31-game2,2026-07-31T13:42:06.325000+00:00,-56.961692800000094,2.5653272648714998,-54.396365535128595
5,8922552315,dota2-l1ga-rnx-2026-07-31,2026-07-31T14:55:23.609000+00:00,56.4234,1.1924406749999998,57.615840675
5,8922602122,dota2-yb1-z10-2026-07-31-game1,2026-07-31T15:28:08.646000+00:00,20.575800000000015,2.5426830750000002,23.118483075000015
5,8922722577,dota2-yb1-z10-2026-07-31-game2,2026-07-31T16:35:25.057000+00:00,-13.320399999999992,1.52354268,-11.796857319999992
5,8922818221,dota2-xtreme-lgd-2026-07-31-game1,2026-07-31T17:51:24.199000+00:00,-6.241520800000046,1.6730276067600003,-4.568493193240046
5,8922940920,dota2-xtreme-lgd-2026-07-31-game2,2026-07-31T19:09:48.720000+00:00,29.873599499999926,6.191565447375,36.065164947374925
5,8923040358,dota2-xtreme-lgd-2026-07-31,2026-07-31T20:28:40.570000+00:00,-85.16679999999997,2.63730594,-82.52949405999996
5,8923506996,dota2-midas3-tr7-2026-08-01-game1,2026-08-01T05:43:01.223000+00:00,0.0,0.0,0.0
5,8923579943,dota2-midas3-tr7-2026-08-01-game2,2026-08-01T07:02:32.143000+00:00,-130.41189999999997,2.5264468425,-127.88545315749998
5,8923643650,dota2-midas3-tr7-2026-08-01,2026-08-01T08:08:01.087000+00:00,9.799999999999997,0.314055,10.114054999999997
5,8923704450,dota2-yes-vg-2026-08-01-game1,2026-08-01T09:01:56.739000+00:00,3.0797764900000004,1.9728392566642499,5.05261574666425
5,8923780137,dota2-re-playti-2026-08-01-game1,2026-08-01T10:09:39.721000+00:00,-17.543999999999954,1.30185252,-16.242147479999954
5,8923790600,dota2-yes-vg-2026-08-01-game2,2026-08-01T10:14:11.317000+00:00,26.412384179999947,0.631242999711,27.043627179710946
5,8923874259,dota2-re-playti-2026-08-01-game2,2026-08-01T11:26:12.956000+00:00,19.66369807999999,0.542606073324,20.206304153323988
5,8923899787,dota2-enjoy-yb1-2026-08-01-game1,2026-08-01T11:45:49.553000+00:00,-112.9473000000001,2.5996719975,-110.3476280025001
5,8924057168,dota2-l1ga-lgd-2026-08-01-game1,2026-08-01T13:34:16.709000+00:00,-1.8246000000000002,0.203032365,-1.6215676350000003
5,8924222714,dota2-l1ga-lgd-2026-08-01-game2,2026-08-01T15:02:43.462000+00:00,0.0,0.0,0.0
5,8924328537,dota2-glyph-z10-2026-08-01-game1,2026-08-01T15:59:42.950000+00:00,-292.35630000000003,4.2631787475,-288.09312125250005
5,8924367779,dota2-l1ga-lgd-2026-08-01,2026-08-01T16:23:12.450000+00:00,-31.85314886000002,0.635369599089,-31.21777926091102
5,8924468754,dota2-glyph-z10-2026-08-01-game2,2026-08-01T17:25:49.795000+00:00,-30.430301119999974,3.507280152648,-26.923020967351974
5,8924530036,dota2-rnx-xtreme-2026-08-01-game1,2026-08-01T18:06:50.164000+00:00,7.503858310000002,1.07658244677975,8.580440756779751
5,8924616191,dota2-rnx-xtreme-2026-08-01-game2,2026-08-01T19:06:22.446000+00:00,-17.835831620000185,3.234297825561,-14.601533794439185
5,8925210898,dota2-playti-xctn-2026-08-02-game1,2026-08-02T05:28:20.542000+00:00,2.1599999999999966,0.151551,2.3115509999999966
5,8925308090,dota2-playti-xctn-2026-08-02-game2,2026-08-02T07:03:47.891000+00:00,3.214400000000026,0.5327868,3.7471868000000264
5,8925543582,dota2-yes-tr7-2026-08-02-game1,2026-08-02T10:44:16.945000+00:00,0.5500000000000043,0.34124553,0.8912455300000043
5,8925703946,dota2-yes-tr7-2026-08-02-game2,2026-08-02T11:58:57.158000+00:00,7.392799999999966,1.3877029800000003,8.780502979999966
5,8925847726,dota2-yes-tr7-2026-08-02,2026-08-02T13:17:43.701000+00:00,96.57239999999985,3.06661407,99.63901406999985
5,8926022375,dota2-rnx-yb1-2026-08-02-game1,2026-08-02T15:09:53.856000+00:00,73.56499912999999,6.35420285732475,79.91920198732474
5,8926232913,dota2-rnx-yb1-2026-08-02-game2,2026-08-02T16:42:19.665000+00:00,0.1150000000000091,3.69033912,3.805339120000009
5,8926381426,dota2-rnx-yb1-2026-08-02,2026-08-02T18:14:10.009000+00:00,0.28000000000000647,1.79788368,2.0778836800000064
5,8926523280,dota2-z10-lgd-2026-08-02-game1,2026-08-02T19:59:32.068000+00:00,0.0,0.0,0.0
5,8926636219,dota2-z10-lgd-2026-08-02-game2,2026-08-02T21:07:31.416000+00:00,-14.286000000000001,0.5464395,-13.739560500000001
5,8927063876,dota2-glyph-playti-2026-08-03-game2,2026-08-03T06:55:36.873000+00:00,121.5262,3.436497765,124.962697765
5,8927132943,dota2-glyph-playti-2026-08-03,2026-08-03T08:27:35.152000+00:00,31.303288359999982,2.098786308888,33.402074668887984
5,8927207054,dota2-xtreme-tr7-2026-08-03-game1,2026-08-03T10:00:05.212000+00:00,6.268000000000029,2.5340399099999997,8.80203991000003
5,8927288399,dota2-xtreme-tr7-2026-08-03-game2,2026-08-03T11:00:48.642000+00:00,7.833800000000032,1.181858025,9.015658025000032
5,8927380776,dota2-xtreme-tr7-2026-08-03,2026-08-03T12:15:30.661000+00:00,17.774100000000146,4.1112389175,21.885338917500146
5,8927539264,dota2-vg-yb1-2026-08-03-game1,2026-08-03T14:05:56.825000+00:00,7.406462199999936,3.2361257641199996,10.642587964119937
5,8927660975,dota2-vg-yb1-2026-08-03-game2,2026-08-03T15:05:20.968000+00:00,3.58340443000003,1.6979365289707502,5.28134095897078
5,8927760296,dota2-vg-yb1-2026-08-03,2026-08-03T16:18:19.713000+00:00,19.855292589999948,3.01380286306275,22.869095453062698
5,8927926397,dota2-re-lgd-2026-08-03-game1,2026-08-03T18:09:03.381000+00:00,-0.09716820000001292,1.2676782926399999,1.170510092639987
5,8928050264,dota2-re-lgd-2026-08-03-game2,2026-08-03T19:19:18.313000+00:00,-0.09999999999999964,0.0311925,-0.06880749999999965
5,8928163118,dota2-re-lgd-2026-08-03,2026-08-03T20:43:38.722000+00:00,-4.736437080000002,1.682842585446,-3.0535944945540017
5,8928851109,dota2-playti-tr7-2026-08-04-game1,2026-08-04T11:30:07.829000+00:00,-23.180000000000028,2.0711699999999995,-21.10883000000003
5,8928953683,dota2-playti-tr7-2026-08-04-game2,2026-08-04T12:46:11.879000+00:00,-13.924400000000048,4.50847074,-9.415929260000048
5,8929124210,dota2-yb1-re-2026-08-04-game1,2026-08-04T14:38:55.576000+00:00,12.085291520000027,1.114717987104,13.200009507104028
5,8929276426,dota2-yb1-re-2026-08-04-game2,2026-08-04T15:54:25.550000+00:00,58.127309430000025,2.34598263872775,60.47329206872777
5,8929365099,dota2-yb1-re-2026-08-04,2026-08-04T16:51:08.308000+00:00,16.378603349999935,4.13382792169125,20.512431271691185
5,8930200713,dota2-tr7-re-2026-08-05-game1,2026-08-05T08:20:38.811000+00:00,-1.2365761000000077,0.4594324384875,-0.7771436615125078
5,8930258778,dota2-tr7-re-2026-08-05-game2,2026-08-05T09:25:42.941000+00:00,40.294273439999884,8.223716892648001,48.517990332647884
5,8930398938,dota2-playti-yb1-2026-08-05-game1,2026-08-05T12:24:04.133000+00:00,-29.802599999999984,5.551560435,-24.251039564999985
5,8930615242,dota2-playti-yb1-2026-08-05-game2,2026-08-05T14:02:56.166000+00:00,61.01640000000009,2.33641965,63.352819650000086
5,8930736914,dota2-playti-yb1-2026-08-05-game3,2026-08-05T15:09:49.519000+00:00,6.889999999999986,0.97244625,7.862446249999986
5,8931781241,dota2-lvlup1-rearis-2026-08-06-game1,2026-08-06T09:28:03.156000+00:00,-5.626400449999998,0.09260131267125,-5.5337991373287485
5,8931852727,dota2-lvlup1-rearis-2026-08-06-game2,2026-08-06T10:30:33.624000+00:00,-1.9921465900000257,0.67066452296325,-1.3214820670367757
5,8931981851,dota2-rearis-nh-2026-08-06-game1,2026-08-06T12:26:15.226000+00:00,31.35650000000002,1.5094835475,32.865983547500015
5,8932085762,dota2-rearis-nh-2026-08-06-game2,2026-08-06T13:20:21.204000+00:00,-5.522001879999976,0.944920180629,-4.577081699370977
5,8932181345,dota2-rearis-nh-2026-08-06,2026-08-06T14:22:22.478000+00:00,6.326981379999985,0.9830125792769999,7.309993959276985
5,8932318084,dota2-nh-lvlup1-2026-08-06-game1,2026-08-06T15:34:15.395000+00:00,-50.83196147999999,1.714317117795,-49.11764436220499
5,8932413808,dota2-nh-lvlup1-2026-08-06-game2,2026-08-06T16:23:29.211000+00:00,0.0,0.0,0.0
5,8932523868,dota2-nh-lvlup1-2026-08-06,2026-08-06T17:36:18.454000+00:00,-0.3500000000000014,0.13122375,-0.21877625000000142
5,8932657929,dota2-ill-pr1-2026-08-06-game1,2026-08-06T19:12:10.345000+00:00,22.72629605999998,0.8756811918855,23.601977251885483
5,8932835800,dota2-ill-pr1-2026-08-06,2026-08-06T21:22:55.783000+00:00,-26.784449999999993,2.72462827125,-24.05982172874999
5,8933374169,dota2-nh-z10-2026-08-07-game1,2026-08-07T09:29:47.916000+00:00,0.0,0.0,0.0
5,8933453728,dota2-nh-z10-2026-08-07-game2,2026-08-07T10:40:19.376000+00:00,0.0,0.0,0.0
5,8933575351,dota2-ill-stx-2026-08-07-game1,2026-08-07T12:33:02.695000+00:00,0.0,0.0,0.0
5,8933704579,dota2-ill-stx-2026-08-07-game2,2026-08-07T13:44:43.178000+00:00,0.9202000000000012,0.17239947,1.0925994700000012
5,8933879286,dota2-pr1-jenz-2026-08-07-game1,2026-08-07T15:25:51.002000+00:00,-221.75360000000006,3.59733519,-218.15626481000007
5,8933988979,dota2-pr1-jenz-2026-08-07-game2,2026-08-07T16:29:38.697000+00:00,16.96384713999996,1.4436550292445,18.40750216924446
5,8934184387,dota2-jenz-nemiga-2026-08-07-game1,2026-08-07T18:35:03.983000+00:00,0.0,0.0,0.0
5,8934279386,dota2-jenz-nemiga-2026-08-07-game2,2026-08-07T19:33:30.612000+00:00,0.0,0.7019913599999998,0.7019913599999998
5,8936825643,dota2-pr1-yes-2026-08-09-game1,2026-08-09T09:22:32.992000+00:00,-29.391668769999995,1.4091934203142498,-27.982475349685746
5,8937080738,dota2-pr1-yes-2026-08-09,2026-08-09T12:20:23.208000+00:00,-48.473033509999794,8.48093486298975,-39.992098647010046
5,8937188618,dota2-lvlup1-mouz-2026-08-09-game1,2026-08-09T13:17:49.636000+00:00,-42.554899999999975,1.9873605825,-40.56753941749997
5,8937335830,dota2-lvlup1-mouz-2026-08-09-game2,2026-08-09T14:27:35.299000+00:00,-22.653999999999968,0.89700582,-21.756994179999968
5,8937484593,dota2-ill-re-2026-08-09-game1,2026-08-09T15:55:00.679000+00:00,0.45000000000000107,0.04480875,0.4948087500000011
5,8937631882,dota2-ill-re-2026-08-09-game2,2026-08-09T17:12:21.447000+00:00,316.0134239999999,2.0597714013,318.07319540129987
5,8937722788,dota2-z10-navi-2026-08-09-game1,2026-08-09T18:17:16.930000+00:00,-170.50310000000005,6.2879710275,-164.21512897250005
5,8938509987,dota2-pr1-mouz-2026-08-10-game1,2026-08-10T09:24:47.767000+00:00,13.696847470000023,2.2547273430907504,15.951574813090772
5,8938565057,dota2-pr1-mouz-2026-08-10-game2,2026-08-10T10:12:07.159000+00:00,-1.7361160599999863,1.9279427551604997,0.19182669516051343
5,8938634026,dota2-pr1-mouz-2026-08-10,2026-08-10T11:15:54.851000+00:00,-33.10909939999996,3.2651771681354997,-29.84392223186446
5,8938716198,dota2-ill-z10-2026-08-10-game1,2026-08-10T12:25:50.383000+00:00,-11.051414580000026,1.6262297979554998,-9.425184782044527
5,8939023869,dota2-yes-lvlup1-2026-08-10-game1,2026-08-10T15:24:37.289000+00:00,98.45389999999998,1.8841576274999998,100.33805762749998
5,8940059913,dota2-lvlup1-navi-2026-08-11-game1,2026-08-11T09:16:02.605000+00:00,25.19290000000001,1.6468776824999998,26.83977768250001
5,8940117837,dota2-lvlup1-navi-2026-08-11-game2,2026-08-11T10:12:11.551000+00:00,41.900899999999965,3.2043546675,45.10525466749996
5,8940266495,dota2-mouz-re-2026-08-11-game1,2026-08-11T12:16:13.042000+00:00,60.84284999999997,2.1369533025,62.97980330249997
5,8940365227,dota2-mouz-re-2026-08-11-game2,2026-08-11T13:12:04.281000+00:00,-2.149765000000002,1.4281321976249999,-0.7216328023750023
5,8940487898,dota2-mouz-re-2026-08-11,2026-08-11T14:25:06.999000+00:00,58.137529479999955,3.5585308285829997,61.69606030858296
5,8940643574,dota2-yes-z10-2026-08-11-game1,2026-08-11T15:45:57.067000+00:00,61.535499999999985,4.4925565875,66.02805658749999
5,8940756672,dota2-yes-z10-2026-08-11-game2,2026-08-11T16:48:25.758000+00:00,-15.676050450000048,3.30688143498225,-12.369169015017798
5,8941656460,dota2-lvlup1-re-2026-08-12-game1,2026-08-12T09:19:34.658000+00:00,25.36299999999997,2.135091,27.49809099999997
5,8941733752,dota2-lvlup1-re-2026-08-12-game2,2026-08-12T10:35:42.245000+00:00,27.041899999999913,6.5208073575,33.56270735749991
5,8941817475,dota2-lvlup1-re-2026-08-12,2026-08-12T11:50:26.039000+00:00,9.999899999999997,1.1827381725,11.182638172499997
5,8942003788,dota2-navi-lvlup1-2026-08-12-game1,2026-08-12T13:42:36.457000+00:00,10.666800000000023,0.706808835,11.373608835000024
5,8942152024,dota2-navi-lvlup1-2026-08-12-game2,2026-08-12T14:50:30.897000+00:00,0.6999999999999957,0.15156750000000002,0.8515674999999958
5,8942262723,dota2-navi-lvlup1-2026-08-12-game3,2026-08-12T15:53:47.795000+00:00,8.416731040000002,0.434451129792,8.851182169792002
5,8962372120,dota2-ic-nemiga-2026-08-24-game1,2026-08-24T07:17:08.649000+00:00,28.180799999999977,1.63895877,29.819758769999975
5,8962458373,dota2-ic-nemiga-2026-08-24-game2,2026-08-24T08:26:45.454000+00:00,6.664982299999981,1.510513142775,8.17549544277498
5,8962592819,dota2-ks-lynx-2026-08-24-game1,2026-08-24T10:19:27.562000+00:00,-26.097182139999994,1.597483789035,-24.499698350964994
5,8962736746,dota2-ks-lynx-2026-08-24-game2,2026-08-24T11:33:18.452000+00:00,124.82651520000024,3.6031010731005,128.42961627310075
5,8962964580,dota2-sb5-stx-2026-08-24-game1,2026-08-24T13:25:23.881000+00:00,0.0,0.0,0.0
5,8963508714,dota2-rearis-lynx-2026-08-24-game2,2026-08-24T17:37:20.349000+00:00,-5.001326560000006,0.9745136376479999,-4.026812922352006
5,8963649188,dota2-dynast1-fts-2026-08-24-game1,2026-08-24T19:15:00.848000+00:00,111.80559999999994,1.3526695499999999,113.15826954999994
5,8963790789,dota2-dynast1-fts-2026-08-24-game2,2026-08-24T20:20:45.642000+00:00,1.5799999999999912,0.1781775,1.758177499999991
5,8964399842,dota2-pckcp-nemiga-2026-08-25-game1,2026-08-25T07:22:10.248000+00:00,-54.421200909999925,4.34665651640025,-50.07454439359967
5,8964480771,dota2-pckcp-nemiga-2026-08-25-game2,2026-08-25T08:31:41.723000+00:00,12.281013680000044,2.3162915122919996,14.597305192292044
5,8964574076,dota2-pckcp-nemiga-2026-08-25,2026-08-25T09:52:05.670000+00:00,-0.03999999999999737,1.306035,1.2660350000000027
5,8964657335,dota2-fts-pckcp-2026-08-25-game1,2026-08-25T10:52:11.864000+00:00,-28.771517620000054,1.7838979800375,-26.987619639962553
5,8964837315,dota2-fts-pckcp-2026-08-25-game2,2026-08-25T12:34:06.314000+00:00,15.81042776000007,1.9428615856365,17.75328934563657
5,8964962329,dota2-ic-fts-2026-08-25-game1,2026-08-25T13:50:36.471000+00:00,43.33060005000013,4.54587592577325,47.87647597577338
5,8965097316,dota2-ic-fts-2026-08-25-game2,2026-08-25T14:41:01.046000+00:00,-3.7986669699999993,2.36977987684275,-1.4288870931572495
5,8964938940,dota2-rearis-spirit1-2026-08-25-game1,2026-08-25T16:23:39.394000+00:00,6.132623040000013,0.931717436688,7.064340476688013
5,8965544741,dota2-rearis-spirit1-2026-08-25,2026-08-25T18:44:21.316000+00:00,-59.98020085000016,3.5447971473862494,-56.43540370261391
5,8969842778,dota2-pckcp-ic-2026-08-28-game2,2026-08-28T08:21:21.985000+00:00,-42.52318710000003,2.2149957421125,-40.30819135788753
5,8969978865,dota2-rearis-sb5-2026-08-28-game1,2026-08-28T10:27:01.322000+00:00,1.603100000000012,0.24550566749999997,1.848605667500012
5,8970089224,dota2-rearis-sb5-2026-08-28-game2,2026-08-28T11:41:09.553000+00:00,0.0,0.0,0.0
5,8970207176,dota2-rearis-sb5-2026-08-28,2026-08-28T12:56:49.576000+00:00,9.605499599999991,0.79393431522,10.39943391521999
5,8970338180,dota2-synaps-nemiga-2026-08-28-game1,2026-08-28T14:09:13.367000+00:00,30.844994830000186,3.8971171397242497,34.742111969724434
5,8970352005,dota2-dynast1-ic-2026-08-28-game1,2026-08-28T14:10:35.964000+00:00,-18.909842299999994,0.39233013175500003,-18.517512168244995
5,8970470057,dota2-synaps-nemiga-2026-08-28-game2,2026-08-28T15:09:53.245000+00:00,118.61680933000001,0.89037121232775,119.50718054232776
5,8970485789,dota2-dynast1-ic-2026-08-28-game2,2026-08-28T15:14:26.848000+00:00,-67.71098535999994,3.1878372694139996,-64.52314809058593
5,8970575970,dota2-synaps-nemiga-2026-08-28,2026-08-28T16:02:11.965000+00:00,-85.07118083,1.2540322345927502,-83.81714859540725
5,8970655100,dota2-dynast1-ic-2026-08-28,2026-08-28T16:43:34.585000+00:00,-5.103604660000059,2.0879051741655,-3.015699485834559
5,8970886632,dota2-dynast1-pckcp-2026-08-28-game2,2026-08-28T18:51:22.084000+00:00,2.318909000000005,1.3363408931249998,3.6552498931250046
5,8971007454,dota2-ks-rearis-2026-08-28-game1,2026-08-28T20:11:41.712000+00:00,-74.21823279999995,4.6031402451,-69.61509255489996
5,8971016820,dota2-fts-nemiga-2026-08-28-game1,2026-08-28T20:17:43.711000+00:00,0.0,0.0,0.0
5,8971111987,dota2-ks-rearis-2026-08-28-game2,2026-08-28T21:24:47.695000+00:00,12.120000000000015,0.37530899999999995,12.495309000000015
5,8971423978,dota2-db2-satan-2026-08-28-game2,2026-08-29T03:20:55.120000+00:00,2.3999999999999986,0.05665499999999998,2.4566549999999987
5,8971501630,dota2-nexus-cres-2026-08-28,2026-08-29T04:51:09.441000+00:00,-230.73764698000008,2.8583174699084997,-227.87932951009157
5,8971519375,dota2-nem-6seven-2026-08-29-game1,2026-08-29T05:14:15.579000+00:00,6.619103859999939,0.7404514122915,7.359555272291439
5,8971586781,dota2-nem-6seven-2026-08-29-game2,2026-08-29T06:13:46.689000+00:00,-35.03642771,1.79793228858225,-33.238495421417745
5,8971664649,dota2-nem-6seven-2026-08-29,2026-08-29T07:24:10.704000+00:00,7.766900360000022,1.633410062046,9.400310422046022
5,8971753986,dota2-icecre-kineti-2026-08-29-game1,2026-08-29T08:38:12.829000+00:00,0.0,0.0,0.0
5,8971849697,dota2-icecre-kineti-2026-08-29-game2,2026-08-29T09:43:14.699000+00:00,0.0,0.0,0.0
5,8971891627,dota2-dynast1-nemiga-2026-08-29-game1,2026-08-29T10:17:49.464000+00:00,-5.0727588100000105,1.20899530023825,-3.8637635097617604
5,8971964803,dota2-mouz-yes-2026-08-29-game1,2026-08-29T11:13:49.271000+00:00,-30.398399999999953,1.92835575,-28.47004424999995
5,8971988345,dota2-sb5-lynx-2026-08-29-game1,2026-08-29T11:21:30.742000+00:00,-3.2165850799999998,0.090153672336,-3.1264314076639996
5,8972103119,dota2-sb5-lynx-2026-08-29-game2,2026-08-29T12:31:54.536000+00:00,-9.375,1.097578125,-8.277421875
5,8972115962,dota2-mouz-yes-2026-08-29-game2,2026-08-29T12:36:59.931000+00:00,6.442898559999946,2.9493641314979997,9.392262691497946
5,8972289868,dota2-huliga-lynx-2026-08-29-game1,2026-08-29T14:15:10.550000+00:00,-42.01579526999997,4.25098468161075,-37.76481058838922
5,8972502454,dota2-huliga-lynx-2026-08-29-game2,2026-08-29T15:52:19.963000+00:00,26.059497080000064,2.279816476806,28.339313556806065
5,8972611918,dota2-huliga-lynx-2026-08-29,2026-08-29T16:49:36.587000+00:00,-7.752800000000022,5.833667415000001,-1.9191325850000212
5,8972773416,dota2-pi-lvlup1-2026-08-29-game1,2026-08-29T18:17:23.637000+00:00,5.020089479999967,3.6366439115534996,8.656733391553466
5,8972893200,dota2-pi-lvlup1-2026-08-29-game2,2026-08-29T19:20:53.860000+00:00,0.0,0.0,0.0
5,8973011673,dota2-pi-lvlup1-2026-08-29,2026-08-29T20:33:12.059000+00:00,-10.609499999999997,2.0913671625,-8.518132837499998
5,8973010298,dota2-ks-spirit1-2026-08-29-game1,2026-08-29T20:38:42.759000+00:00,-44.55000000000001,0.41098724999999997,-44.13901275000001
5,8973337131,dota2-icecre-xctn-2026-08-30-game1,2026-08-30T02:14:49.254000+00:00,-4.463399999999993,0.481042935,-3.982357064999993
5,8973405568,dota2-icecre-xctn-2026-08-30-game2,2026-08-30T03:19:55.483000+00:00,-16.96247870999999,0.7022442461602499,-16.260234463839737
5,8973462028,dota2-icecre-xctn-2026-08-30,2026-08-30T04:30:11.988000+00:00,-20.937926569999995,4.85245097096775,-16.085475599032243
5,8973502629,dota2-clo-yb1-2026-08-30-game1,2026-08-30T05:13:07.837000+00:00,-3.7000000000000313,0.4790681549999999,-3.2209318450000315
5,8973568453,dota2-clo-yb1-2026-08-30-game2,2026-08-30T06:12:50.377000+00:00,-3.3899999999999864,0.27024525,-3.1197547499999865
5,8973613420,dota2-clo-yb1-2026-08-30,2026-08-30T07:04:46.677000+00:00,19.728810530000032,0.86742023147025,20.59623076147028
5,8973707438,dota2-lynx-lvlup1-2026-08-30-game1,2026-08-30T08:16:36.050000+00:00,-0.5311999999999912,0.6373268850000001,0.10612688500000889
5,8973859403,dota2-lynx-lvlup1-2026-08-30-game2,2026-08-30T09:56:31.353000+00:00,6.463199999999915,2.663918205,9.127118204999915
5,8973884000,dota2-nem-xctn-2026-08-30-game2,2026-08-30T10:12:32.710000+00:00,6.79901218000001,0.938223733731,7.73723591373101
5,8973944033,dota2-lynx-lvlup1-2026-08-30,2026-08-30T10:50:43.696000+00:00,63.76014336000005,5.541923832888,69.30206719288805
5,8974185539,dota2-navi-mouz-2026-08-30-game2,2026-08-30T13:08:29.090000+00:00,-51.2302158,2.84957666916,-48.38063913084
5,8974647733,dota2-lvlup1-pr1-2026-08-30-game1,2026-08-30T17:09:16.077000+00:00,-16.684324100000012,1.2681334484775,-15.416190651522513
5,8974898633,dota2-lvlup1-pr1-2026-08-30,2026-08-30T19:25:58.777000+00:00,-12.312697949999986,3.05042455749375,-9.262273392506236
5,8975110449,dota2-dynast1-ks-2026-08-30-game2,2026-08-30T21:54:27.706000+00:00,19.330300000000022,1.5797935124999998,20.910093512500023
5,8975871235,dota2-synaps-lynx-2026-08-31-game1,2026-08-31T12:26:44.788000+00:00,-11.523158420000021,1.508141334852,-10.01501708514802
5,8976012755,dota2-synaps-lynx-2026-08-31-game2,2026-08-31T13:41:35.303000+00:00,0.0,0.21503232,0.21503232
5,8976166971,dota2-synaps-lynx-2026-08-31,2026-08-31T15:09:07.826000+00:00,25.345425649999953,3.16715528901375,28.512580939013702
5,8976300473,dota2-4iki-ic-2026-08-31-game1,2026-08-31T16:25:39.940000+00:00,34.246538960000066,1.1437548466499998,35.390293806650064
5,8976441468,dota2-4iki-ic-2026-08-31-game2,2026-08-31T17:43:06.122000+00:00,0.0,0.0,0.0
5,8976511215,dota2-4iki-ic-2026-08-31,2026-08-31T18:29:54.020000+00:00,194.53132849999997,3.8948715229124997,198.42620002291247
5,8976665322,dota2-spirit1-pi-2026-08-31-game1,2026-08-31T20:26:57.494000+00:00,18.054321730000026,2.9841125874277497,21.038434317427775
5,8976751962,dota2-spirit1-pi-2026-08-31-game2,2026-08-31T21:40:17.685000+00:00,0.0,0.0,0.0
5,8977325814,dota2-ks-pckcp-2026-09-01-game2,2026-09-01T10:26:27.059000+00:00,3.8971620900000516,2.3561697754102497,6.253331865410301
5,8977476867,dota2-ic-lynx-2026-09-01-game1,2026-09-01T12:26:04.131000+00:00,2.223799999999997,0.40328612999999996,2.6270861299999972
5,8977623650,dota2-ic-lynx-2026-09-01-game2,2026-09-01T13:53:28.128000+00:00,-14.893023000000085,1.963350207375,-12.929672792625084
5,8977913355,dota2-synaps-lvlup1-2026-09-01-game2,2026-09-01T16:37:59.217000+00:00,0.0,0.0,0.0
5,8978023576,dota2-synaps-lvlup1-2026-09-01,2026-09-01T17:45:54.185000+00:00,-37.83985368,1.031937597144,-36.807916082855996
5,8978832148,dota2-pr1-ic-2026-09-02-game1,2026-09-02T09:52:32.767000+00:00,171.8294178999999,2.949519995274,174.77893789527388
5,8978916284,dota2-pr1-ic-2026-09-02-game2,2026-09-02T11:19:11.539000+00:00,0.0,0.0,0.0
5,8978986214,dota2-pr1-ic-2026-09-02,2026-09-02T12:20:55.440000+00:00,-8.863900000000026,0.8898641625,-7.9740358375000255
5,8979131280,dota2-dynast1-pckcp-2026-09-02-game1,2026-09-02T13:56:13.878000+00:00,0.0,0.0,0.0
5,8979241530,dota2-dynast1-pckcp-2026-09-02-game2,2026-09-02T14:56:18.245000+00:00,20.520299999999963,1.8445639575000001,22.364863957499963
5,8979344496,dota2-synaps-4iki-2026-09-02-game1,2026-09-02T15:59:27.587000+00:00,28.47890016999986,6.55525779871875,35.03415796871861
5,8980293569,dota2-z10-ks-2026-09-03-game1,2026-09-03T09:18:42.909000+00:00,-2.165385359999995,0.9061084192379999,-1.2592769407619948
5,8980358113,dota2-z10-ks-2026-09-03-game2,2026-09-03T10:27:20.250000+00:00,9.489818540000016,0.6720857770394999,10.161904317039516
5,8980463789,dota2-pckcp-spirit1-2026-09-03-game1,2026-09-03T12:14:02.762000+00:00,0.20899999999999963,0.05465872499999999,0.26365872499999965
5,8980769413,dota2-pi-dynast1-2026-09-03-game1,2026-09-03T15:17:23.998000+00:00,0.0,0.0,0.0
6,8837869969,dota2-aur1-ty-2026-06-04-game1,2026-06-04T09:17:47.612000+00:00,141.80098120000002,7.17269179155,148.97367299155002
6,8837957019,dota2-aur1-ty-2026-06-04-game2,2026-06-04T11:05:49.570000+00:00,-58.14640000000003,6.518067555,-51.62833244500003
6,8838056564,dota2-flc-liquid-2026-06-04-game1,2026-06-04T12:43:48.535000+00:00,-97.5255,3.6879166874999996,-93.83758331249999
6,8838170936,dota2-flc-liquid-2026-06-04-game2,2026-06-04T14:05:12.636000+00:00,-38.20219619999989,3.1293914540399994,-35.07280474595989
6,8838396820,dota2-lgd-ty-2026-06-04-game2,2026-06-04T16:48:28.531000+00:00,17.321800000000053,2.495335905,19.817135905000054
6,8838480778,dota2-lgd-ty-2026-06-04,2026-06-04T17:57:47.377000+00:00,-28.176200429999994,3.9295697078392497,-24.246630722160745
6,8839123109,dota2-flc-bb4-2026-06-05-game1,2026-06-05T09:16:39.267000+00:00,12.074399999999912,1.64485836,13.719258359999912
6,8839193447,dota2-flc-bb4-2026-06-05-game2,2026-06-05T10:38:10.594000+00:00,-16.735299999999967,1.0948989225,-15.640401077499966
6,8839366504,dota2-lgd-liquid-2026-06-05-game2,2026-06-05T13:21:18.066000+00:00,-38.02720436000004,4.0934368512659995,-33.93376750873404
6,8839494962,dota2-flc-aur1-2026-06-05-game1,2026-06-05T14:52:18.684000+00:00,61.414693289999995,3.8815218958927495,65.29621518589275
6,8839625815,dota2-flc-aur1-2026-06-05-game2,2026-06-05T16:13:53.150000+00:00,9.034800000000018,0.7224791849999999,9.757279185000018
6,8839717574,dota2-flc-aur1-2026-06-05,2026-06-05T17:21:15.591000+00:00,-5.916300000000007,2.1433420125,-3.772957987500007
6,8840635639,dota2-ty-bb4-2026-06-06-game1,2026-06-06T10:47:49.658000+00:00,5.125,0.82179375,5.94679375
6,8840704374,dota2-ty-bb4-2026-06-06-game2,2026-06-06T11:51:44.485000+00:00,-15.580948979999981,3.6027934284195,-11.978155551580482
6,8840821227,dota2-ty-bb4-2026-06-06,2026-06-06T13:12:37.368000+00:00,71.18900000000008,5.12119176,76.31019176000008
6,8840984097,dota2-aur1-lgd-2026-06-06-game1,2026-06-06T15:05:33.978000+00:00,-1.3902356399999576,1.744616969727,0.3543813297270424
6,8841114801,dota2-aur1-lgd-2026-06-06-game2,2026-06-06T16:30:29.855000+00:00,-25.64940361,3.31456491022275,-22.33483869977725
6,8842052142,dota2-bb4-lgd-2026-06-07-game1,2026-06-07T09:18:04.694000+00:00,-62.149800740000046,4.1968262077245,-57.95297453227555
6,8842134886,dota2-bb4-lgd-2026-06-07-game2,2026-06-07T10:28:41.168000+00:00,4.382899999999836,7.7688601125,12.151760112499836
6,8842245726,dota2-bb4-lgd-2026-06-07,2026-06-07T11:59:53.564000+00:00,1.0667000000000257,1.5034453124999998,2.5701453125000255
6,8842468101,dota2-ty-lgd-2026-06-07-game1,2026-06-07T14:21:40.854000+00:00,-83.25386018999993,1.80137027808225,-81.45248991191768
6,8842596730,dota2-ty-lgd-2026-06-07-game2,2026-06-07T15:49:20.066000+00:00,-2.084963840000114,1.189986025584,-0.894977814416114
6,8842722527,dota2-ty-lgd-2026-06-07-game3,2026-06-07T17:12:22.566000+00:00,13.322199149999989,0.9831149380237498,14.305314088023739
6,8842845018,dota2-ty-lgd-2026-06-07-game4,2026-06-07T18:51:58.999000+00:00,15.466666279999998,0.082359997941,15.549026277940998
6,8843465364,dota2-4iki-nande4-2026-06-08-game1,2026-06-08T09:15:08.776000+00:00,-79.75888229999981,4.7599221077625,-74.9989601922373
6,8843512570,dota2-4iki-nande4-2026-06-08-game2,2026-06-08T10:09:45.609000+00:00,-73.20960072999995,0.93659290275525,-72.2730078272447
6,8843560379,dota2-4iki-nande4-2026-06-08,2026-06-08T11:10:54.138000+00:00,-1.3599999999999994,0.07671,-1.2832899999999994
6,8843760302,dota2-vpp-balu-2026-06-08-game2,2026-06-08T13:42:26.324000+00:00,2.3529000000000337,0.4374629325,2.7903629325000336
6,8844054970,dota2-z10-sb5-2026-06-08-game2,2026-06-08T17:08:41.204000+00:00,19.159400000000005,0.23430069000000003,19.393700690000006
6,8844132483,dota2-vpp-z10-2026-06-08-game1,2026-06-08T18:23:01.210000+00:00,0.0,0.0,0.0
6,8844244719,dota2-vpp-z10-2026-06-08-game2,2026-06-08T19:45:42.908000+00:00,24.531899999999894,1.4727194175,26.004619417499892
6,8844308689,dota2-vpp-z10-2026-06-08,2026-06-08T20:50:38.757000+00:00,383.7817,1.7549949075,385.5366949075
6,8850534819,dota2-ill-pr1-2026-06-13-game2,2026-06-13T17:10:42.502000+00:00,-13.5,0.7053075,-12.7946925
6,8850593633,dota2-ill-pr1-2026-06-13,2026-06-13T18:00:57.551000+00:00,0.0,0.0,0.0
6,8851984783,dota2-4iki-pr1-2026-06-14-game2,2026-06-14T16:46:25.798000+00:00,13.532399999999992,1.87002378,15.402423779999992
6,8852055373,dota2-4iki-pr1-2026-06-14,2026-06-14T17:46:02.690000+00:00,-25.406999999999993,1.0032581250000001,-24.403741874999994
6,8854443395,dota2-fla-spirit1-2026-06-16-game1,2026-06-16T16:31:44.570000+00:00,-3.84,0.18359999999999999,-3.6563999999999997
6,8885183102,dota2-flc-bb4-2026-07-07-game1,2026-07-07T09:47:24.433000+00:00,-16.640599999999978,2.4902197499999996,-14.150380249999978
6,8885195986,dota2-re-xtreme-2026-07-07-game1,2026-07-07T09:55:03.037000+00:00,17.8818,0.6082350750000001,18.490035074999998
6,8885252329,dota2-flc-bb4-2026-07-07-game2,2026-07-07T11:01:59.599000+00:00,19.464799999999997,4.3135788,23.7783788
6,8885275216,dota2-re-xtreme-2026-07-07-game2,2026-07-07T11:16:11.813000+00:00,0.0,0.0,0.0
6,8885365825,dota2-l1ga-ngx-2026-07-07-game1,2026-07-07T12:34:49.112000+00:00,0.0,0.0,0.0
6,8885380529,dota2-liquid-playti-2026-07-07-game1,2026-07-07T12:43:07.045000+00:00,-2.9991999999999734,2.054933805,-0.9442661949999733
6,8885411801,dota2-lvlup1-aur1-2026-07-07-game1,2026-07-07T13:06:28.530000+00:00,0.0,0.0,0.0
6,8885470551,dota2-l1ga-ngx-2026-07-07-game2,2026-07-07T13:39:34.570000+00:00,46.64320000000009,3.84471876,50.48791876000009
6,8885473599,dota2-liquid-playti-2026-07-07-game2,2026-07-07T13:52:27.923000+00:00,63.51968020000015,7.2847664446575,70.80444664465765
6,8885529711,dota2-lvlup1-aur1-2026-07-07-game2,2026-07-07T14:23:52.590000+00:00,5.921999999999997,0.06373552500000006,5.985735524999997
6,8885633666,dota2-ts8-mouz-2026-07-07-game1,2026-07-07T15:33:28.678000+00:00,-36.98673484,1.801582798362,-35.185152041638
6,8885665054,dota2-nem-pari-2026-07-07-game1,2026-07-07T15:41:38.548000+00:00,41.63331103999998,1.219604518776,42.85291555877598
6,8885784652,dota2-ts8-mouz-2026-07-07-game2,2026-07-07T17:16:32.961000+00:00,-49.3226249999999,3.759340340625,-45.5632846593749
6,8885871759,dota2-ic-1win-2026-07-07-game1,2026-07-07T18:31:07.999000+00:00,0.0,0.0,0.0
6,8885928262,dota2-ty-og-2026-07-07-game1,2026-07-07T19:03:44.444000+00:00,0.0,0.0,0.0
6,8885974297,dota2-ic-1win-2026-07-07-game2,2026-07-07T19:32:14.446000+00:00,0.0,0.0,0.0
6,8886005043,dota2-ty-og-2026-07-07-game2,2026-07-07T20:03:05.981000+00:00,0.0,0.0,0.0
6,8886576019,dota2-poorra-bb4-2026-07-08-game1,2026-07-08T09:20:01.472000+00:00,-20.0,0.6779999999999999,-19.322
6,8886572854,dota2-gl-xtreme-2026-07-08-game1,2026-07-08T09:27:27.007000+00:00,-53.17859999999985,8.564891535,-44.613708464999846
6,8886638110,dota2-poorra-bb4-2026-07-08-game2,2026-07-08T10:36:00.005000+00:00,2.9974000000000274,0.7902550349999999,3.7876550350000273
6,8886640910,dota2-flc-re-2026-07-08-game2,2026-07-08T10:39:41.623000+00:00,47.92189999999994,1.8004743524999998,49.72237435249993
6,8886641793,dota2-gl-xtreme-2026-07-08-game2,2026-07-08T10:45:04.782000+00:00,-112.3795000000001,6.7321328625,-105.64736713750011
6,8886728756,dota2-l1ga-playti-2026-07-08-game1,2026-07-08T12:02:19.795000+00:00,-15.254900910000018,1.02284191983825,-14.232058990161768
6,8886736772,dota2-liquid-lvlup1-2026-07-08-game1,2026-07-08T12:08:59.488000+00:00,6.976799999999997,0.38075886000000003,7.3575588599999975
6,8886788497,dota2-ngx-aur1-2026-07-08-game1,2026-07-08T12:47:30.744000+00:00,-2.3252903300000867,1.50246210440325,-0.8228282255968367
6,8886815251,dota2-l1ga-playti-2026-07-08-game2,2026-07-08T13:04:20.712000+00:00,86.10840000000002,0.4718576099999999,86.58025761000002
6,8886862310,dota2-liquid-lvlup1-2026-07-08-game2,2026-07-08T13:37:25.898000+00:00,7.391199999999998,0.053216640000000044,7.444416639999998
6,8886994890,dota2-ts8-nem-2026-07-08-game1,2026-07-08T14:59:11.781000+00:00,-0.09999999999999964,0.0196425,-0.08035749999999964
6,8887100676,dota2-vg-pari-2026-07-08-game1,2026-07-08T16:18:23.954000+00:00,0.0,0.0,0.0
6,8887114313,dota2-ts8-nem-2026-07-08-game2,2026-07-08T16:15:19.583000+00:00,-1.852000000000002,0.06632369999999999,-1.7856763000000022
6,8887197358,dota2-vg-pari-2026-07-08-game2,2026-07-08T17:23:00.102000+00:00,0.0,0.0,0.0
6,8887218598,dota2-lgd-og-2026-07-08-game1,2026-07-08T17:27:41.870000+00:00,1.0600000000000023,0.08645249999999999,1.1464525000000023
6,8887260104,dota2-ty-ic-2026-07-08-game1,2026-07-08T17:58:24.214000+00:00,0.0,0.0,0.0
6,8887314193,dota2-lgd-og-2026-07-08-game2,2026-07-08T18:40:30.736000+00:00,-33.410213719999945,2.049623960124,-31.360589759875946
6,8887325211,dota2-vp-1win-2026-07-08-game1,2026-07-08T18:51:24.334000+00:00,19.990791400000063,2.642007080475,22.632798480475063
6,8887337672,dota2-ty-ic-2026-07-08-game2,2026-07-08T19:01:29.872000+00:00,0.0,0.0,0.0
6,8887432754,dota2-vp-1win-2026-07-08-game2,2026-07-08T20:20:02.742000+00:00,125.64900000000009,1.75833723,127.40733723000008
6,8887986392,dota2-poorra-xtreme-2026-07-09-game1,2026-07-09T09:21:30.237000+00:00,-87.90839999999992,7.493007929999999,-80.41539206999991
6,8887998750,dota2-bb4-re-2026-07-09-game1,2026-07-09T09:29:32.198000+00:00,0.0,0.0,0.0
6,8888056358,dota2-poorra-xtreme-2026-07-09-game2,2026-07-09T10:34:44.979000+00:00,-15.019899999999893,4.0853264925,-10.934573507499893
6,8888066684,dota2-bb4-re-2026-07-09-game2,2026-07-09T10:43:25.275000+00:00,-11.309397759999998,0.845427228408,-10.463970531591997
6,8888083694,dota2-gl-flc-2026-07-09-game2,2026-07-09T11:11:32.224000+00:00,59.422500000000014,3.2285450474999995,62.65104504750001
6,8888160657,dota2-l1ga-aur1-2026-07-09-game1,2026-07-09T12:09:38.901000+00:00,-11.55920396000002,0.637539208854,-10.92166475114602
6,8888173515,dota2-playti-lvlup1-2026-07-09-game1,2026-07-09T12:20:27.216000+00:00,55.18020000000004,0.374465655,55.55466565500004
6,8888217771,dota2-ngx-liquid-2026-07-09-game1,2026-07-09T12:52:14.212000+00:00,4.216431560000046,1.693364312076,5.909795872076046
6,8888260336,dota2-l1ga-aur1-2026-07-09-game2,2026-07-09T13:20:05.771000+00:00,-2.549999999999997,0.19985625,-2.3501437499999973
6,8888279558,dota2-playti-lvlup1-2026-07-09-game2,2026-07-09T13:33:23.111000+00:00,41.4992,0.28203444000000005,41.78123444
6,8888318197,dota2-ngx-liquid-2026-07-09-game2,2026-07-09T14:04:08.888000+00:00,44.727400000000046,5.081175135,49.80857513500005
6,8888405761,dota2-mouz-nem-2026-07-09-game1,2026-07-09T14:48:45.816000+00:00,10.8108,0.7378370999999999,11.5486371
6,8888425887,dota2-rnx-pari-2026-07-09-game1,2026-07-09T15:02:02.148000+00:00,0.0,0.0,0.0
6,8888489297,dota2-vg-ts8-2026-07-09-game1,2026-07-09T15:42:43.149000+00:00,0.0,0.0,0.0
6,8888555097,dota2-mouz-nem-2026-07-09-game2,2026-07-09T16:24:34.308000+00:00,-48.318399999999926,3.7743373949999994,-44.54406260499993
6,8888554919,dota2-rnx-pari-2026-07-09-game2,2026-07-09T16:26:10.054000+00:00,0.0,0.0,0.0
6,8888592426,dota2-vg-ts8-2026-07-09-game2,2026-07-09T16:59:54.115000+00:00,8.108100000000007,0.7489857375,8.857085737500007
6,8888682602,dota2-og-ic-2026-07-09-game1,2026-07-09T17:53:01.981000+00:00,-55.23079999999996,2.5492388249999998,-52.681561174999956
6,8888693655,dota2-vp-ty-2026-07-09-game1,2026-07-09T18:07:57.629000+00:00,4.651200000000017,0.3941892,5.045389200000017
6,8888731478,dota2-lgd-1win-2026-07-09-game1,2026-07-09T18:35:20.326000+00:00,74.83195000000003,2.36969116875,77.20164116875003
6,8888771711,dota2-og-ic-2026-07-09-game2,2026-07-09T19:04:50.495000+00:00,0.0,0.0,0.0
6,8888819433,dota2-lgd-1win-2026-07-09-game2,2026-07-09T19:41:02.532000+00:00,43.46727446000003,3.4707026791995004,46.937977139199525
6,8889452921,dota2-re-gl-2026-07-10-game1,2026-07-10T09:17:34.068000+00:00,0.0,0.14945999999999998,0.14945999999999998
6,8889468264,dota2-xtreme-bb4-2026-07-10-game1,2026-07-10T09:26:30.741000+00:00,-72.17097586000008,4.4905747595595,-67.68040110044058
6,8889513730,dota2-poorra-flc-2026-07-10-game2,2026-07-10T10:17:36.842000+00:00,0.5999999999999996,0.027000000000000003,0.6269999999999997
6,8889524021,dota2-xtreme-bb4-2026-07-10-game2,2026-07-10T10:37:39.793000+00:00,3.0788714199999845,2.0328368411145,5.111708261114485
6,8889538949,dota2-re-gl-2026-07-10-game2,2026-07-10T10:40:57.402000+00:00,6.3612999999999715,7.2944942325,13.655794232499971
6,8889615310,dota2-l1ga-liquid-2026-07-10-game1,2026-07-10T11:48:20.990000+00:00,9.453246159999964,0.554747142654,10.007993302653963
6,8889621582,dota2-aur1-playti-2026-07-10-game1,2026-07-10T11:57:42.116000+00:00,-79.7404,4.812173489999999,-74.92822651
6,8889699098,dota2-l1ga-liquid-2026-07-10-game2,2026-07-10T12:46:15.831000+00:00,0.0,0.0,0.0
6,8889733840,dota2-aur1-playti-2026-07-10-game2,2026-07-10T13:14:22.837000+00:00,-140.08439999999993,3.5374178549999997,-136.54698214499993
6,8889871314,dota2-nem-vg-2026-07-10-game1,2026-07-10T14:27:52.631000+00:00,13.158000000000015,0.66375531,13.821755310000015
6,8889914618,dota2-pari-mouz-2026-07-10-game1,2026-07-10T14:59:49.254000+00:00,-13.793399999999991,0.46035472499999985,-13.333045274999991
6,8889944251,dota2-rnx-ts8-2026-07-10-game1,2026-07-10T15:15:29.857000+00:00,8.888799999999947,0.24399756000000006,9.132797559999947
6,8890008812,dota2-nem-vg-2026-07-10-game2,2026-07-10T15:49:04.827000+00:00,32.353200000000015,0.8459626499999999,33.19916265000001
6,8890036748,dota2-pari-mouz-2026-07-10-game2,2026-07-10T16:15:07.698000+00:00,24.598600000000005,0.19965027000000005,24.798250270000004
6,8890074597,dota2-rnx-ts8-2026-07-10-game2,2026-07-10T16:28:42.555000+00:00,0.0,0.0,0.0
6,8890179830,dota2-lgd-ty-2026-07-10-game1,2026-07-10T17:38:53.401000+00:00,29.729100000000017,2.1049358625,31.834035862500016
6,8890270555,dota2-1win-og-2026-07-10-game2,2026-07-10T18:36:26.467000+00:00,0.0,0.0,0.0
6,8890268632,dota2-lgd-ty-2026-07-10-game2,2026-07-10T18:43:14.663000+00:00,5.55559999999997,1.6008391199999998,7.15643911999997
6,8890301402,dota2-ic-vp-2026-07-10-game2,2026-07-10T18:52:09.717000+00:00,0.0,0.0,0.0
6,8891108843,dota2-poorra-re-2026-07-11-game1,2026-07-11T09:15:44.932000+00:00,0.7799999999999994,0.0478725,0.8278724999999993
6,8891108985,dota2-bb4-gl-2026-07-11-game1,2026-07-11T09:17:06.187000+00:00,1.2280431999999166,1.8745454607,3.102588660699917
6,8891145641,dota2-xtreme-flc-2026-07-11-game1,2026-07-11T09:30:07.111000+00:00,2.8419242499999484,0.95210988564375,3.7940341356436984
6,8891217710,dota2-poorra-re-2026-07-11-game2,2026-07-11T10:44:50.172000+00:00,14.420000000000016,1.494174,15.914174000000015
6,8891240327,dota2-xtreme-flc-2026-07-11-game2,2026-07-11T11:01:14.698000+00:00,29.596742969999994,3.5458538499442502,33.142596819944245
6,8891325877,dota2-l1ga-lvlup1-2026-07-11-game1,2026-07-11T12:09:46.181000+00:00,0.0,0.0,0.0
6,8891349244,dota2-playti-ngx-2026-07-11-game1,2026-07-11T12:27:52.369000+00:00,18.351899999999944,6.9087137775,25.260613777499945
6,8891371442,dota2-aur1-liquid-2026-07-11-game1,2026-07-11T12:43:19.319000+00:00,0.29999999999999716,0.1115175,0.41151749999999715
6,8891438996,dota2-l1ga-lvlup1-2026-07-11-game2,2026-07-11T13:19:40.554000+00:00,-1.7100000000000009,0.17543475,-1.5345652500000009
6,8891497910,dota2-aur1-liquid-2026-07-11-game2,2026-07-11T13:53:37.287000+00:00,30.302099999999996,0.8454635325,31.147563532499994
6,8891519142,dota2-playti-ngx-2026-07-11-game2,2026-07-11T14:08:43.754000+00:00,-27.392878819999975,1.0022215488314998,-26.390657271168475
6,8892829232,dota2-mouz-vg-2026-07-12-game1,2026-07-12T09:15:57.248000+00:00,-11.196300000000011,1.0000769624999999,-10.196223037500012
6,8892835652,dota2-rnx-nem-2026-07-12-game1,2026-07-12T09:19:01.546000+00:00,-56.475000000000136,4.234769969999999,-52.240230030000134
6,8892836635,dota2-pari-ts8-2026-07-12-game1,2026-07-12T09:26:06.808000+00:00,-0.6986007599997492,4.6829527476059996,3.9843519876062503
6,8892923329,dota2-mouz-vg-2026-07-12-game2,2026-07-12T10:25:59.512000+00:00,5.702399999999987,2.34805077,8.050450769999987
6,8892914077,dota2-pari-ts8-2026-07-12-game2,2026-07-12T10:31:28.406000+00:00,-24.848599999999976,3.2300036549999995,-21.618596344999975
6,8892958964,dota2-rnx-nem-2026-07-12-game2,2026-07-12T10:53:08.655000+00:00,-111.63580000000003,4.10004873,-107.53575127000003
6,8893070561,dota2-1win-ty-2026-07-12-game1,2026-07-12T12:14:45.162000+00:00,32.90497472000004,4.188154947888,37.09312966788804
6,8893106015,dota2-og-vp-2026-07-12-game1,2026-07-12T12:36:42.440000+00:00,12.121199999999988,0.9872717399999998,13.108471739999988
6,8893165071,dota2-1win-ty-2026-07-12-game2,2026-07-12T13:18:20.777000+00:00,-6.275206340000011,2.261120464431,-4.014085875569011
6,8893253595,dota2-og-vp-2026-07-12-game2,2026-07-12T13:56:28.498000+00:00,-3.040325999999993,1.7232848136,-1.3170411863999931
6,8896139222,dota2-re-vp-2026-07-14-game1,2026-07-14T11:15:10.363000+00:00,29.77330000000005,7.1266959975,36.89999599750005
6,8896140998,dota2-liquid-xtreme-2026-07-14-game1,2026-07-14T11:24:31.795000+00:00,2.962398639999975,2.425739305818,5.3881379458179754
6,8896234088,dota2-re-vp-2026-07-14-game2,2026-07-14T12:30:48.003000+00:00,-7.1571999999999925,1.7370754499999999,-5.420124549999993
6,8896267691,dota2-liquid-xtreme-2026-07-14-game2,2026-07-14T13:05:08.216000+00:00,-15.004500000000029,2.2755411375,-12.72895886250003
6,8896380183,dota2-re-vp-2026-07-14,2026-07-14T14:02:34.965000+00:00,-131.26130000000012,6.930047677499999,-124.33125232250012
6,8896486914,dota2-liquid-xtreme-2026-07-14,2026-07-14T15:13:00.049000+00:00,-9.222638900000007,1.610629631253,-7.612009268747007
6,8896645659,dota2-lgd-mouz-2026-07-14-game1,2026-07-14T16:55:49.823000+00:00,-18.662399999999934,1.59381108,-17.068588919999932
6,8896731473,dota2-lgd-mouz-2026-07-14-game2,2026-07-14T18:02:11.857000+00:00,-13.805399999999906,1.499855985,-12.305544014999906
6,8897585705,dota2-aur1-re-2026-07-15-game1,2026-07-15T11:19:40.513000+00:00,2.3524940799999854,0.857465866284,3.2099599462839854
6,8897588873,dota2-ts8-liquid-2026-07-15-game1,2026-07-15T11:25:30.473000+00:00,-53.10451160000001,4.7791690327605,-48.32534256723951
6,8897695379,dota2-aur1-re-2026-07-15-game2,2026-07-15T12:41:48.340000+00:00,-139.49399999999991,1.8042983549999998,-137.68970164499993
6,8897696869,dota2-ts8-liquid-2026-07-15-game2,2026-07-15T12:54:25.976000+00:00,40.54090000000011,8.1900882075,48.730988207500104
6,8897831774,dota2-ts8-liquid-2026-07-15,2026-07-15T14:13:24.528000+00:00,4.69822629999998,2.0684393388975,6.76666563889748
6,8897841991,dota2-1win-vg-2026-07-15-game1,2026-07-15T14:22:22.284000+00:00,0.0,0.6899993099999999,0.6899993099999999
6,8897971312,dota2-1win-vg-2026-07-15-game2,2026-07-15T15:33:39.656000+00:00,18.02339999999998,1.1479739850000001,19.17137398499998
6,8898003442,dota2-bb4-lgd-2026-07-15-game1,2026-07-15T15:56:58.589000+00:00,10.248200000000026,1.464324015,11.712524015000026
6,8898084910,dota2-1win-vg-2026-07-15,2026-07-15T16:49:08.935000+00:00,18.51172088000007,2.9255628885960006,21.43728376859607
6,8898117600,dota2-bb4-lgd-2026-07-15-game2,2026-07-15T17:15:52.403000+00:00,85.30216022999997,0.53242956472725,85.83458979472722
6,8899028080,dota2-ty-ts8-2026-07-17-game1,2026-07-16T11:25:22.617000+00:00,15.010800000000017,2.09946231,17.110262310000017
6,8899120700,dota2-ty-ts8-2026-07-17-game2,2026-07-16T12:44:26.752000+00:00,-149.1661,8.5860862575,-140.5800137425
6,8899307453,dota2-pari-re-2026-07-17-game1,2026-07-16T14:36:23.407000+00:00,17.9212,1.26886941,19.19006941
6,8899420575,dota2-pari-re-2026-07-17-game2,2026-07-16T15:46:28.167000+00:00,-2.46910000000004,1.1812878674999998,-1.2878121325000402
6,8900508749,dota2-flc-vg-2026-07-16-game1,2026-07-17T11:21:46.405000+00:00,-28.91289999999998,2.1168572324999997,-26.79604276749998
6,8900623530,dota2-flc-vg-2026-07-16-game2,2026-07-17T12:54:30.551000+00:00,-76.95188741999976,8.465964740421,-68.48592267957876
6,8900771154,dota2-ngx-bb4-2026-07-16-game1,2026-07-17T14:28:08.196000+00:00,19.236099999999993,1.6956370424999998,20.931737042499993
6,8900882416,dota2-ngx-bb4-2026-07-16-game2,2026-07-17T15:33:10.588000+00:00,-2.5319999999999965,0.20271825,-2.3292817499999963
6,8902107148,dota2-bb4-vg-2026-07-18-game1,2026-07-18T11:22:02.020000+00:00,2.2197999999999922,0.23825875500000004,2.458058754999992
6,8902173969,dota2-bb4-vg-2026-07-18-game2,2026-07-18T12:21:15.910000+00:00,-90.97079999999971,3.665172645,-87.30562735499971
6,8902338515,dota2-ty-pari-2026-07-18-game1,2026-07-18T14:06:38.308000+00:00,19.72890000000001,2.9506970175,22.67959701750001
6,8902431810,dota2-ty-pari-2026-07-18-game2,2026-07-18T15:09:37.865000+00:00,90.34099902000003,4.587832601619,94.92883162161903
6,8902610619,dota2-ty-pari-2026-07-18,2026-07-18T16:48:06.686000+00:00,106.96599999999992,6.289058505,113.25505850499992
6,8903705555,dota2-vg-ty-2026-07-19-game1,2026-07-19T10:24:33.152000+00:00,61.41230000000007,1.7851673925,63.19746739250007
6,8903789784,dota2-vg-ty-2026-07-19-game2,2026-07-19T11:31:19.185000+00:00,24.180300000000045,1.4330918925,25.613391892500044
6,8904012666,dota2-bb4-pari-2026-07-19-game1,2026-07-19T13:57:51.853000+00:00,79.56639999999993,3.50469129,83.07109128999993
6,8904157676,dota2-bb4-pari-2026-07-19-game2,2026-07-19T15:17:11.337000+00:00,-56.96020000000004,5.77981488,-51.18038512000004
6,8904322271,dota2-bb4-pari-2026-07-19-game3,2026-07-19T16:52:33.960000+00:00,13.121171159999996,3.277515806661,16.398686966660996
6,8904419709,dota2-bb4-pari-2026-07-19-game4,2026-07-19T18:05:14.511000+00:00,-16.47229999999997,2.1718752224999998,-14.30042477749997
6,8905035315,dota2-stx-lynx-2026-07-20-game1,2026-07-20T07:25:19.610000+00:00,0.6600000000000037,0.2058705,0.8658705000000038
6,8905093611,dota2-stx-lynx-2026-07-20-game2,2026-07-20T08:36:36.644000+00:00,79.35057800999999,1.81480924036725,81.16538725036725
6,8905164476,dota2-stx-lynx-2026-07-20,2026-07-20T10:04:24.370000+00:00,222.65054999999995,5.57748962625,228.22803962624997
6,8905233934,dota2-lynx-pckcp-2026-07-20-game1,2026-07-20T11:15:17.947000+00:00,14.132800000000003,0.763813635,14.896613635000003
6,8905359313,dota2-lynx-pckcp-2026-07-20-game2,2026-07-20T12:49:30.119000+00:00,-0.5753406500000438,2.11276147558575,1.537420825585706
6,8905490238,dota2-z10-nemiga-2026-07-20-game1,2026-07-20T14:13:02.081000+00:00,-33.093399999999974,1.106403045,-31.986996954999974
6,8905612460,dota2-z10-nemiga-2026-07-20-game2,2026-07-20T15:25:40.567000+00:00,22.530299999999954,1.8485935125,24.378893512499953
6,8905741721,dota2-spirit1-jenz-2026-07-20-game1,2026-07-20T16:55:30.580000+00:00,9.944500000000005,2.3522856675,12.296785667500005
6,8905885788,dota2-spirit1-jenz-2026-07-20-game2,2026-07-20T18:35:45.253000+00:00,-49.305700480000056,3.542712604908,-45.76298787509206
6,8905975768,dota2-lvlup1-ill-2026-07-20-game1,2026-07-20T19:45:16.612000+00:00,-16.25100000000009,5.066211044999999,-11.18478895500009
6,8906069414,dota2-lvlup1-ill-2026-07-20-game2,2026-07-20T20:59:36.536000+00:00,-35.39509999999993,1.5673715625,-33.82772843749993
6,8906479441,dota2-nemiga-dan-2026-07-21-game1,2026-07-21T07:24:02.590000+00:00,105.66297533000008,1.85637596967525,107.51935129967534
6,8906547471,dota2-nemiga-dan-2026-07-21-game2,2026-07-21T08:48:51.736000+00:00,0.0,0.13055999999999998,0.13055999999999998
6,8906626852,dota2-pckcp-stx-2026-07-21-game1,2026-07-21T10:17:03.931000+00:00,-10.12639999999999,0.67100058,-9.45539941999999
6,8906706819,dota2-pckcp-stx-2026-07-21-game2,2026-07-21T11:28:10.072000+00:00,3.076899999999995,1.0428383324999997,4.1197383324999945
6,8906814740,dota2-pckcp-stx-2026-07-21,2026-07-21T12:50:32.182000+00:00,-5.367552680000003,0.841796224491,-4.525756455509002
6,8906911697,dota2-lynx-spirit1-2026-07-21-game1,2026-07-21T14:01:22.509000+00:00,-5.621400000000008,1.13521707,-4.486182930000009
6,8907021823,dota2-lynx-spirit1-2026-07-21-game2,2026-07-21T14:54:33.550000+00:00,-21.92500000000001,1.3864631250000001,-20.538536875000013
6,8907114935,dota2-lynx-spirit1-2026-07-21,2026-07-21T15:55:17.448000+00:00,1.1213354799999564,5.587618056306,6.708953536305956
6,8907236730,dota2-jenz-lynx-2026-07-21-game1,2026-07-21T17:22:36.365000+00:00,0.0,0.0,0.0
6,8907319204,dota2-jenz-lynx-2026-07-21-game2,2026-07-21T18:19:16.673000+00:00,-42.30799999999999,0.80586282,-41.50213717999999
6,8907510684,dota2-z10-aion-2026-07-21-game2,2026-07-21T20:45:41.820000+00:00,0.0,0.0,0.0
6,8907942033,dota2-ill-dan-2026-07-22-game1,2026-07-22T07:18:07.776000+00:00,4.854500000000002,0.36139325250000004,5.215893252500002
6,8907997366,dota2-ill-dan-2026-07-22-game2,2026-07-22T08:30:21.640000+00:00,7.851897319999988,0.744074398266,8.595971718265988
6,8908178087,dota2-nemiga-aion-2026-07-22-game2,2026-07-22T11:35:02.272000+00:00,8.029999999999983,0.58117875,8.611178749999983
6,8908313996,dota2-stx-spirit1-2026-07-22-game1,2026-07-22T13:26:43.307000+00:00,0.04526736000000753,0.19480160750400005,0.24006896750400758
6,8908486051,dota2-stx-spirit1-2026-07-22-game2,2026-07-22T15:03:55.390000+00:00,30.834685930000006,1.2431515618702498,32.077837491870255
6,8908612824,dota2-stx-spirit1-2026-07-22,2026-07-22T16:27:56.948000+00:00,30.340297009999716,6.01538571438525,36.35568272438496
6,8908710300,dota2-z10-lvlup1-2026-07-22-game1,2026-07-22T17:40:32.974000+00:00,-17.716500000000053,3.0100698224999998,-14.706430177500053
6,8908926344,dota2-z10-lvlup1-2026-07-22,2026-07-22T20:21:42.790000+00:00,25.007723589999898,2.64649626132525,27.65421985132515
6,8909388284,dota2-dan-z10-2026-07-23-game1,2026-07-23T07:17:23.633000+00:00,6.079999999999998,0.039567000000000005,6.119566999999998
6,8909443684,dota2-dan-z10-2026-07-23-game2,2026-07-23T08:24:14.078000+00:00,-10.89130193000002,0.78476532359175,-10.10653660640827
6,8909498494,dota2-dan-z10-2026-07-23,2026-07-23T09:35:42.112000+00:00,-1.8779999999999966,0.13052601,-1.7474739899999965
6,8909658828,dota2-spirit1-pckcp-2026-07-23-game2,2026-07-23T11:56:35.158000+00:00,-8.700600000000009,1.0856173649999998,-7.6149826350000085
6,8909780227,dota2-spirit1-pckcp-2026-07-23,2026-07-23T13:29:29.880000+00:00,6.9968000000000075,0.32535119999999995,7.3221512000000075
6,8910104556,dota2-jenz-kw1-2026-07-23-game2,2026-07-23T16:47:57.620000+00:00,-46.25980000000002,2.594277375,-43.66552262500002
6,8910216725,dota2-jenz-kw1-2026-07-23,2026-07-23T18:09:02.529000+00:00,1.8100000000000094,0.32356124999999997,2.1335612500000094
6,8910344715,dota2-lvlup1-aion-2026-07-23-game1,2026-07-23T19:45:58.831000+00:00,0.0,0.0,0.0
6,8910461593,dota2-lvlup1-aion-2026-07-23-game2,2026-07-23T21:18:59.726000+00:00,0.0,0.0,0.0
6,8910535715,dota2-lvlup1-aion-2026-07-23,2026-07-23T22:37:28.157000+00:00,9.12356721999997,1.2519306267164998,10.37549784671647
6,8910589445,dota2-nemiga-ill-2026-07-23-game1,2026-07-23T23:33:41.369000+00:00,-19.340099999999996,1.2916100775,-18.048489922499996
6,8910670427,dota2-nemiga-ill-2026-07-23,2026-07-24T01:26:47.762000+00:00,-9.74063181000011,3.28508651690175,-6.455545293098361
6,8910982575,dota2-aion-dan-2026-07-24-game2,2026-07-24T08:39:31.809000+00:00,0.0,0.0,0.0
6,8911277378,dota2-kw1-stx-2026-07-24-game2,2026-07-24T13:08:23.857000+00:00,55.77367223000004,1.0599795124477498,56.833651742447785
6,8911784562,dota2-z10-ill-2026-07-24-game1,2026-07-24T18:00:21.302000+00:00,-166.58649999999997,2.9745095925,-163.61199040749997
6,8911916389,dota2-z10-ill-2026-07-24-game2,2026-07-24T19:32:36.981000+00:00,-0.8000000000000007,0.43685999999999997,-0.36314000000000074
6,8912045230,dota2-nemiga-lvlup1-2026-07-24-game1,2026-07-24T21:05:49.488000+00:00,5.552376960000082,5.921034116688,11.473411076688082
6,8912123729,dota2-nemiga-lvlup1-2026-07-24-game2,2026-07-24T22:15:39.296000+00:00,0.0,0.06633,0.06633
6,8912551235,dota2-ill-aion-2026-07-25-game1,2026-07-25T07:19:52.253000+00:00,0.0,0.0,0.0
6,8912622476,dota2-ill-aion-2026-07-25-game2,2026-07-25T08:27:06.996000+00:00,17.392500000000013,0.5152528125,17.907752812500014
6,8912758286,dota2-pckcp-jenz-2026-07-22-game1,2026-07-25T10:25:45.605000+00:00,-23.34359999999998,1.3114689,-22.03213109999998
6,8912831712,dota2-pckcp-jenz-2026-07-22-game2,2026-07-25T11:23:26.682000+00:00,4.800000000000001,0.14057999999999998,4.940580000000001
6,8912974141,dota2-pckcp-jenz-2026-07-22,2026-07-25T13:02:19.241000+00:00,-35.4597277099999,4.71003892735275,-30.749688782647155
6,8913307206,dota2-kw1-pckcp-2026-07-25-game1,2026-07-25T16:28:48.834000+00:00,20.900000000000006,0.5185575,21.418557500000006
6,8913598312,dota2-lynx-kw1-2026-07-25-game1,2026-07-25T19:28:05.257000+00:00,-50.54520000000005,4.46879607,-46.076403930000055
6,8913726962,dota2-lynx-kw1-2026-07-25-game2,2026-07-25T20:57:15.562000+00:00,3.3483000000001315,2.5230936675,5.871393667500131
6,8913824141,dota2-lynx-kw1-2026-07-25,2026-07-25T22:21:39.642000+00:00,-50.74830065,3.68175770030625,-47.06654294969375
6,8914414410,dota2-nemiga-ill-2026-07-26-game1,2026-07-26T09:26:59.644000+00:00,-3.9850999999999885,0.9997215374999999,-2.9853784624999884
6,8914520562,dota2-nemiga-ill-2026-07-26-game2,2026-07-26T10:41:21.923000+00:00,-12.929200000000037,1.67548179,-11.253718210000038
6,8914637220,dota2-nemiga-ill-2026-07-26,2026-07-26T12:04:18.708000+00:00,29.904600000000016,2.391690405,32.296290405000015
6,8914749408,dota2-rearis-pckcp-2026-07-26-game1,2026-07-26T13:19:34.036000+00:00,71.44877220000001,0.41276960595,71.86154180595001
6,8914885598,dota2-rearis-pckcp-2026-07-26-game2,2026-07-26T14:24:02.001000+00:00,115.10000000000002,0.6857175,115.78571750000002
6,8915002841,dota2-kw1-rearis-2026-07-26-game1,2026-07-26T15:32:54.677000+00:00,18.614059889999794,2.65361315264625,21.267673042646045
6,8915137972,dota2-kw1-rearis-2026-07-26-game2,2026-07-26T16:47:26.165000+00:00,0.0,0.0,0.0
6,8915271266,dota2-jenz-stx-2026-07-26-game1,2026-07-26T18:26:53.337000+00:00,65.89300000000003,0.78146289,66.67446289000003
6,8915390117,dota2-jenz-stx-2026-07-26-game2,2026-07-26T19:37:39.362000+00:00,0.0,0.0,0.0
6,8915498965,dota2-jenz-stx-2026-07-26,2026-07-26T20:57:43.107000+00:00,14.461999999999989,0.8624637299999999,15.324463729999989
6,8916041863,dota2-lvlup1-pckcp-2026-07-27-game1,2026-07-27T09:21:33.291000+00:00,4.411200000000001,0.08135248499999997,4.492552485000001
6,8916102349,dota2-lvlup1-pckcp-2026-07-27-game2,2026-07-27T10:12:46.876000+00:00,-25.369121080000014,1.3794323705609999,-23.989688709439015
6,8916245727,dota2-stx-nemiga-2026-07-27-game1,2026-07-27T12:25:46.061000+00:00,6.4427980500000075,1.70904415046625,8.151842200466257
6,8916384577,dota2-stx-nemiga-2026-07-27-game2,2026-07-27T13:48:29.618000+00:00,34.58020000000002,6.229485825,40.80968582500002
6,8916474664,dota2-stx-nemiga-2026-07-27,2026-07-27T14:44:54.132000+00:00,24.73200000000014,6.83252361,31.56452361000014
6,8917611319,dota2-pr1-nemiga-2026-07-28-game2,2026-07-28T10:17:02.190000+00:00,0.0,0.0,0.0
6,8917675823,dota2-pr1-nemiga-2026-07-28,2026-07-28T11:19:25.327000+00:00,18.263900000000035,1.1492488575,19.413148857500033
6,8917738415,dota2-nh-pckcp-2026-07-28-game1,2026-07-28T12:16:10.015000+00:00,0.0,0.0,0.0
6,8917853656,dota2-nh-pckcp-2026-07-28-game2,2026-07-28T13:23:44.955000+00:00,0.0,0.1034775,0.1034775
6,8918052500,dota2-pckcp-kw1-2026-07-28-game1,2026-07-28T15:24:46.769000+00:00,0.0,0.0,0.0
6,8918176547,dota2-pckcp-kw1-2026-07-28-game2,2026-07-28T16:37:04.197000+00:00,60.07470000000002,0.7363423124999999,60.81104231250002
6,8919264561,dota2-rearis-z10-2026-07-29-game1,2026-07-29T12:23:03.580000+00:00,11.750065039999924,2.856442039332,14.606507079331925
6,8919404744,dota2-rearis-z10-2026-07-29-game2,2026-07-29T13:48:28.368000+00:00,-18.710399999999986,2.2208305800000003,-16.489569419999984
6,8919546613,dota2-amaru-nemiga-2026-07-29-game1,2026-07-29T15:15:30.082000+00:00,-34.34730048000002,2.064227945196,-32.28307253480402
6,8919685210,dota2-amaru-nemiga-2026-07-29-game2,2026-07-29T16:34:50.427000+00:00,0.5080000000000027,0.30267209999999994,0.8106721000000026
6,8919803916,dota2-amaru-nemiga-2026-07-29,2026-07-29T18:02:17.532000+00:00,-30.796621049999956,4.05413593261875,-26.742485117381207
6,8920655724,dota2-pckcp-z10-2026-07-30-game2,2026-07-30T10:32:16.617000+00:00,0.0,0.0,0.0
6,8920897425,dota2-lvlup1-z10-2026-07-30-game2,2026-07-30T13:37:44.606000+00:00,-30.896599999999978,3.71567487,-27.180925129999977
6,8921002620,dota2-lvlup1-z10-2026-07-30,2026-07-30T14:47:46.063000+00:00,25.934699999999996,1.7038583475,27.638558347499995
6,8921162227,dota2-amaru-pr1-2026-07-30-game1,2026-07-30T16:32:24.441000+00:00,23.23230000000001,1.2188641725,24.451164172500008
6,8921281044,dota2-amaru-pr1-2026-07-30-game2,2026-07-30T17:34:28.519000+00:00,0.0,0.0,0.0
6,8921949036,dota2-re-midas3-2026-07-31-game1,2026-07-31T06:23:42.906000+00:00,-9.449599999999975,1.123291725,-8.326308274999976
6,8922016200,dota2-re-midas3-2026-07-31-game2,2026-07-31T07:39:14.850000+00:00,5.970199999999977,0.9738888749999999,6.944088874999977
6,8922074642,dota2-vg-amaru-2026-07-31-game1,2026-07-31T08:46:41.467000+00:00,0.0,0.0,0.0
6,8922137329,dota2-vg-amaru-2026-07-31-game2,2026-07-31T09:48:16.177000+00:00,0.3000000000000007,0.0291825,0.3291825000000007
6,8922133239,dota2-tr7-playti-2026-07-31-game1,2026-07-31T09:57:34.446000+00:00,64.15028143,4.7460043707337505,68.89628580073375
6,8922186876,dota2-vg-amaru-2026-07-31,2026-07-31T10:40:33.810000+00:00,15.614599999999996,0.61278345,16.227383449999994
6,8922211678,dota2-tr7-playti-2026-07-31-game2,2026-07-31T11:00:53.806000+00:00,21.090100000000007,2.9566821525,24.046782152500008
6,8922300474,dota2-enjoy-glyph-2026-07-31-game1,2026-07-31T12:14:29.331000+00:00,0.0,0.107055,0.107055
6,8922339160,dota2-l1ga-rnx-2026-07-31-game1,2026-07-31T12:44:09.822000+00:00,-15.166400000000039,1.3735070999999999,-13.792892900000039
6,8922400300,dota2-enjoy-glyph-2026-07-31-game2,2026-07-31T13:24:39.311000+00:00,0.33300000000000196,0.078065025,0.41106502500000197
6,8922433138,dota2-l1ga-rnx-2026-07-31-game2,2026-07-31T13:42:06.325000+00:00,-63.923604619999935,2.3941836175125,-61.52942100248743
6,8922552315,dota2-l1ga-rnx-2026-07-31,2026-07-31T14:55:23.609000+00:00,52.63200000000003,1.1755357199999998,53.80753572000003
6,8922602122,dota2-yb1-z10-2026-07-31-game1,2026-07-31T15:28:08.646000+00:00,7.630499999999984,2.5145450775000002,10.145045077499983
6,8922722577,dota2-yb1-z10-2026-07-31-game2,2026-07-31T16:35:25.057000+00:00,-9.63330000000002,3.1613020425,-6.47199795750002
6,8922818221,dota2-xtreme-lgd-2026-07-31-game1,2026-07-31T17:51:24.199000+00:00,-85.64430000000004,2.8930689375000003,-82.75123106250004
6,8922940920,dota2-xtreme-lgd-2026-07-31-game2,2026-07-31T19:09:48.720000+00:00,-46.175675360000014,3.151068989988,-43.024606370012016
6,8923040358,dota2-xtreme-lgd-2026-07-31,2026-07-31T20:28:40.570000+00:00,0.0,0.0,0.0
6,8923506996,dota2-midas3-tr7-2026-08-01-game1,2026-08-01T05:43:01.223000+00:00,0.0,0.0,0.0
6,8923579943,dota2-midas3-tr7-2026-08-01-game2,2026-08-01T07:02:32.143000+00:00,-53.34789999999996,1.2796935225,-52.06820647749996
6,8923643650,dota2-midas3-tr7-2026-08-01,2026-08-01T08:08:01.087000+00:00,7.422299999999979,2.4146801325,9.836980132499978
6,8923704450,dota2-yes-vg-2026-08-01-game1,2026-08-01T09:01:56.739000+00:00,2.944076489999958,0.95183096416425,3.895907454164208
6,8923780137,dota2-re-playti-2026-08-01-game1,2026-08-01T10:09:39.721000+00:00,-14.456333539999957,2.452687011849,-12.003646528150956
6,8923790600,dota2-yes-vg-2026-08-01-game2,2026-08-01T10:14:11.317000+00:00,23.299384179999976,0.647127774711,23.946511954710974
6,8923874259,dota2-re-playti-2026-08-01-game2,2026-08-01T11:26:12.956000+00:00,-10.891301919999997,0.555650448324,-10.335651471675996
6,8923899787,dota2-enjoy-yb1-2026-08-01-game1,2026-08-01T11:45:49.553000+00:00,-137.7816999999999,2.6864182575,-135.09528174249988
6,8924057168,dota2-l1ga-lgd-2026-08-01-game1,2026-08-01T13:34:16.709000+00:00,0.0,0.0,0.0
6,8924222714,dota2-l1ga-lgd-2026-08-01-game2,2026-08-01T15:02:43.462000+00:00,0.0,0.0,0.0
6,8924328537,dota2-glyph-z10-2026-08-01-game1,2026-08-01T15:59:42.950000+00:00,-188.59211001999992,3.4369236983415,-185.15518632165842
6,8924367779,dota2-l1ga-lgd-2026-08-01,2026-08-01T16:23:12.450000+00:00,-33.73440000000002,0.641556,-33.09284400000002
6,8924468754,dota2-glyph-z10-2026-08-01-game2,2026-08-01T17:25:49.795000+00:00,-6.527901119999974,3.117832092648,-3.4100690273519745
6,8924530036,dota2-rnx-xtreme-2026-08-01-game1,2026-08-01T18:06:50.164000+00:00,7.4831999999999965,1.07673564,8.559935639999997
6,8924616191,dota2-rnx-xtreme-2026-08-01-game2,2026-08-01T19:06:22.446000+00:00,-1.3349864200000248,2.7465992565135,1.4116128365134752
6,8925210898,dota2-playti-xctn-2026-08-02-game1,2026-08-02T05:28:20.542000+00:00,0.0,0.0,0.0
6,8925308090,dota2-playti-xctn-2026-08-02-game2,2026-08-02T07:03:47.891000+00:00,3.214400000000026,0.5327868,3.7471868000000264
6,8925543582,dota2-yes-tr7-2026-08-02-game1,2026-08-02T10:44:16.945000+00:00,-2.46720156000001,1.627645539384,-0.8395560206160102
6,8925703946,dota2-yes-tr7-2026-08-02-game2,2026-08-02T11:58:57.158000+00:00,72.94425531999983,4.161498073986,77.10575339398582
6,8925847726,dota2-yes-tr7-2026-08-02,2026-08-02T13:17:43.701000+00:00,2.473698839999983,0.989933464872,3.4636323048719833
6,8926022375,dota2-rnx-yb1-2026-08-02-game1,2026-08-02T15:09:53.856000+00:00,129.4925,7.2694441275,136.76194412750002
6,8926232913,dota2-rnx-yb1-2026-08-02-game2,2026-08-02T16:42:19.665000+00:00,10.617600000000014,1.4319791999999998,12.049579200000014
6,8926381426,dota2-rnx-yb1-2026-08-02,2026-08-02T18:14:10.009000+00:00,1.6750000000000078,0.6392456249999999,2.314245625000008
6,8926523280,dota2-z10-lgd-2026-08-02-game1,2026-08-02T19:59:32.068000+00:00,0.0,0.0,0.0
6,8926636219,dota2-z10-lgd-2026-08-02-game2,2026-08-02T21:07:31.416000+00:00,-14.286000000000001,0.5464395,-13.739560500000001
6,8927063876,dota2-glyph-playti-2026-08-03-game2,2026-08-03T06:55:36.873000+00:00,165.9921000000001,3.7212578174999997,169.7133578175001
6,8927132943,dota2-glyph-playti-2026-08-03,2026-08-03T08:27:35.152000+00:00,35.3382,2.289776325,37.627976325
6,8927207054,dota2-xtreme-tr7-2026-08-03-game1,2026-08-03T10:00:05.212000+00:00,2.244299999999953,1.7943681374999998,4.038668137499952
6,8927288399,dota2-xtreme-tr7-2026-08-03-game2,2026-08-03T11:00:48.642000+00:00,9.621699999999976,1.8072498225,11.428949822499975
6,8927380776,dota2-xtreme-tr7-2026-08-03,2026-08-03T12:15:30.661000+00:00,64.95579805999992,4.3947579704895,69.35055603048941
6,8927539264,dota2-vg-yb1-2026-08-03-game1,2026-08-03T14:05:56.825000+00:00,229.27947440000003,1.4386160865299997,230.71809048653003
6,8927660975,dota2-vg-yb1-2026-08-03-game2,2026-08-03T15:05:20.968000+00:00,81.78340000000014,5.233305915,87.01670591500014
6,8927760296,dota2-vg-yb1-2026-08-03,2026-08-03T16:18:19.713000+00:00,67.49930000000013,7.5625394025,75.06183940250013
6,8927926397,dota2-re-lgd-2026-08-03-game1,2026-08-03T18:09:03.381000+00:00,-0.09716820000000181,0.26918079263999994,0.17201259263999813
6,8928050264,dota2-re-lgd-2026-08-03-game2,2026-08-03T19:19:18.313000+00:00,9.500000000000028,0.5533275,10.053327500000028
6,8928163118,dota2-re-lgd-2026-08-03,2026-08-03T20:43:38.722000+00:00,-25.177200720000002,2.995380717624,-22.181820002376
6,8928851109,dota2-playti-tr7-2026-08-04-game1,2026-08-04T11:30:07.829000+00:00,0.7399999999999984,0.2572425,0.9972424999999985
6,8928953683,dota2-playti-tr7-2026-08-04-game2,2026-08-04T12:46:11.879000+00:00,12.093215040000075,4.1148437593319995,16.208058799332075
6,8929124210,dota2-yb1-re-2026-08-04-game1,2026-08-04T14:38:55.576000+00:00,9.266091520000032,1.1212726271039999,10.387364147104032
6,8929276426,dota2-yb1-re-2026-08-04-game2,2026-08-04T15:54:25.550000+00:00,16.955809999999985,1.13212287375,18.087932873749985
6,8929365099,dota2-yb1-re-2026-08-04,2026-08-04T16:51:08.308000+00:00,16.37860334999999,4.13382792169125,20.51243127169124
6,8930200713,dota2-tr7-re-2026-08-05-game1,2026-08-05T08:20:38.811000+00:00,-0.33999999999999986,1.47370464,1.1337046400000002
6,8930258778,dota2-tr7-re-2026-08-05-game2,2026-08-05T09:25:42.941000+00:00,39.64500000000007,8.285227560000001,47.93022756000007
6,8930398938,dota2-playti-yb1-2026-08-05-game1,2026-08-05T12:24:04.133000+00:00,9.77430000000021,6.9453039675,16.71960396750021
6,8930615242,dota2-playti-yb1-2026-08-05-game2,2026-08-05T14:02:56.166000+00:00,153.23679999999996,1.13063268,154.36743267999995
6,8930736914,dota2-playti-yb1-2026-08-05-game3,2026-08-05T15:09:49.519000+00:00,16.315599359999965,2.3105784728880003,18.626177832887965
6,8931781241,dota2-lvlup1-rearis-2026-08-06-game1,2026-08-06T09:28:03.156000+00:00,-6.044999999999998,0.09100192500000001,-5.953998074999999
6,8931852727,dota2-lvlup1-rearis-2026-08-06-game2,2026-08-06T10:30:33.624000+00:00,-88.62310000000002,2.6634116624999997,-85.95968833750003
6,8931981851,dota2-rearis-nh-2026-08-06-game1,2026-08-06T12:26:15.226000+00:00,0.5000000000000009,0.027652499999999997,0.5276525000000009
6,8932085762,dota2-rearis-nh-2026-08-06-game2,2026-08-06T13:20:21.204000+00:00,-6.364101879999993,1.035677508129,-5.328424371870993
6,8932181345,dota2-rearis-nh-2026-08-06,2026-08-06T14:22:22.478000+00:00,4.921183730000024,0.27013539365475,5.191319123654774
6,8932318084,dota2-nh-lvlup1-2026-08-06-game1,2026-08-06T15:34:15.395000+00:00,-1.7511223199999648,0.9035847689759999,-0.8475375510239649
6,8932413808,dota2-nh-lvlup1-2026-08-06-game2,2026-08-06T16:23:29.211000+00:00,-0.6839999999999993,0.05968755,-0.6243124499999992
6,8932523868,dota2-nh-lvlup1-2026-08-06,2026-08-06T17:36:18.454000+00:00,4.5253999999999905,1.86305133,6.388451329999991
6,8932657929,dota2-ill-pr1-2026-08-06-game1,2026-08-06T19:12:10.345000+00:00,32.13459819999997,1.78768396149,33.922282161489974
6,8932835800,dota2-ill-pr1-2026-08-06,2026-08-06T21:22:55.783000+00:00,0.0,0.0,0.0
6,8933374169,dota2-nh-z10-2026-08-07-game1,2026-08-07T09:29:47.916000+00:00,0.0,0.0,0.0
6,8933453728,dota2-nh-z10-2026-08-07-game2,2026-08-07T10:40:19.376000+00:00,0.0,0.0,0.0
6,8933575351,dota2-ill-stx-2026-08-07-game1,2026-08-07T12:33:02.695000+00:00,-125.17639999999994,3.44915736,-121.72724263999994
6,8933704579,dota2-ill-stx-2026-08-07-game2,2026-08-07T13:44:43.178000+00:00,0.0,0.6892874999999999,0.6892874999999999
6,8933879286,dota2-pr1-jenz-2026-08-07-game1,2026-08-07T15:25:51.002000+00:00,-297.10749999999985,6.6917545725,-290.41574542749987
6,8933988979,dota2-pr1-jenz-2026-08-07-game2,2026-08-07T16:29:38.697000+00:00,17.00766287999998,1.3964273545950001,18.40409023459498
6,8934184387,dota2-jenz-nemiga-2026-08-07-game1,2026-08-07T18:35:03.983000+00:00,0.0,0.0,0.0
6,8934279386,dota2-jenz-nemiga-2026-08-07-game2,2026-08-07T19:33:30.612000+00:00,0.0,0.7019913599999998,0.7019913599999998
6,8936825643,dota2-pr1-yes-2026-08-09-game1,2026-08-09T09:22:32.992000+00:00,-25.1954325800001,3.559546696113,-21.635885883887102
6,8937080738,dota2-pr1-yes-2026-08-09,2026-08-09T12:20:23.208000+00:00,95.47402125000002,5.64800641265625,101.12202766265627
6,8937188618,dota2-lvlup1-mouz-2026-08-09-game1,2026-08-09T13:17:49.636000+00:00,-31.420602799999983,2.28973283412,-29.130869965879985
6,8937335830,dota2-lvlup1-mouz-2026-08-09-game2,2026-08-09T14:27:35.299000+00:00,10.997736240000023,2.6593063128059997,13.657042552806022
6,8937484593,dota2-ill-re-2026-08-09-game1,2026-08-09T15:55:00.679000+00:00,-6.76315284999998,0.92326433514375,-5.83988851485623
6,8937631882,dota2-ill-re-2026-08-09-game2,2026-08-09T17:12:21.447000+00:00,89.28842399999999,0.8191706763,90.1075946763
6,8937722788,dota2-z10-navi-2026-08-09-game1,2026-08-09T18:17:16.930000+00:00,-18.327938399999994,1.16511540666,-17.162822993339994
6,8938509987,dota2-pr1-mouz-2026-08-10-game1,2026-08-10T09:24:47.767000+00:00,3.839100000000002,2.4586108725,6.2977108725000015
6,8938565057,dota2-pr1-mouz-2026-08-10-game2,2026-08-10T10:12:07.159000+00:00,-29.31389999999999,1.0941413174999999,-28.21975868249999
6,8938634026,dota2-pr1-mouz-2026-08-10,2026-08-10T11:15:54.851000+00:00,-58.38449739999987,3.452487869504999,-54.932009530494874
6,8938716198,dota2-ill-z10-2026-08-10-game1,2026-08-10T12:25:50.383000+00:00,-4.327257999999993,0.67526338815,-3.6519946118499935
6,8939023869,dota2-yes-lvlup1-2026-08-10-game1,2026-08-10T15:24:37.289000+00:00,19.99980000000008,1.1609883899999998,21.16078839000008
6,8940059913,dota2-lvlup1-navi-2026-08-11-game1,2026-08-11T09:16:02.605000+00:00,33.42790000000004,1.0469259674999998,34.47482596750004
6,8940117837,dota2-lvlup1-navi-2026-08-11-game2,2026-08-11T10:12:11.551000+00:00,-76.3536284299999,7.51995780743325,-68.83367062256666
6,8940266495,dota2-mouz-re-2026-08-11-game1,2026-08-11T12:16:13.042000+00:00,0.2196499999999988,1.46992093875,1.6895709387499989
6,8940365227,dota2-mouz-re-2026-08-11-game2,2026-08-11T13:12:04.281000+00:00,7.666496240000001,0.6301807399079999,8.296676979908
6,8940487898,dota2-mouz-re-2026-08-11,2026-08-11T14:25:06.999000+00:00,-15.56469920999999,2.37855180999675,-13.18614740000324
6,8940643574,dota2-yes-z10-2026-08-11-game1,2026-08-11T15:45:57.067000+00:00,50.28219600999995,5.39743161504975,55.6796276250497
6,8940756672,dota2-yes-z10-2026-08-11-game2,2026-08-11T16:48:25.758000+00:00,-19.348300820000077,2.7114800758395,-16.636820744160577
6,8941656460,dota2-lvlup1-re-2026-08-12-game1,2026-08-12T09:19:34.658000+00:00,-19.361861599999997,1.6884084902999998,-17.6734531097
6,8941733752,dota2-lvlup1-re-2026-08-12-game2,2026-08-12T10:35:42.245000+00:00,-39.26150000000004,2.7779142374999997,-36.48358576250004
6,8941817475,dota2-lvlup1-re-2026-08-12,2026-08-12T11:50:26.039000+00:00,33.49060000000002,1.2297502949999999,34.720350295000024
6,8942003788,dota2-navi-lvlup1-2026-08-12-game1,2026-08-12T13:42:36.457000+00:00,13.289600000000107,1.38134586,14.670945860000106
6,8942152024,dota2-navi-lvlup1-2026-08-12-game2,2026-08-12T14:50:30.897000+00:00,1.6000000000000014,0.20647500000000002,1.8064750000000014
6,8942262723,dota2-navi-lvlup1-2026-08-12-game3,2026-08-12T15:53:47.795000+00:00,28.915200000000027,0.3408379200000001,29.256037920000026
6,8962372120,dota2-ic-nemiga-2026-08-24-game1,2026-08-24T07:17:08.649000+00:00,26.7808,1.71352377,28.494323769999998
6,8962458373,dota2-ic-nemiga-2026-08-24-game2,2026-08-24T08:26:45.454000+00:00,5.887240159999976,2.478921396624,8.366161556623975
6,8962592819,dota2-ks-lynx-2026-08-24-game1,2026-08-24T10:19:27.562000+00:00,0.10569673999999196,0.147022174071,0.25271891407099195
6,8962736746,dota2-ks-lynx-2026-08-24-game2,2026-08-24T11:33:18.452000+00:00,278.37876574000006,4.383088990347,282.76185473034707
6,8962964580,dota2-sb5-stx-2026-08-24-game1,2026-08-24T13:25:23.881000+00:00,0.0,0.0,0.0
6,8963508714,dota2-rearis-lynx-2026-08-24-game2,2026-08-24T17:37:20.349000+00:00,-8.133826560000003,1.8309163251479998,-6.302910234852003
6,8963649188,dota2-dynast1-fts-2026-08-24-game1,2026-08-24T19:15:00.848000+00:00,53.897699999999986,0.6744329175,54.572132917499985
6,8963790789,dota2-dynast1-fts-2026-08-24-game2,2026-08-24T20:20:45.642000+00:00,0.2600000000000051,0.23611050000000003,0.4961105000000051
6,8964399842,dota2-pckcp-nemiga-2026-08-25-game1,2026-08-25T07:22:10.248000+00:00,1.2787550599999946,0.343033866471,1.6217889264709946
6,8964480771,dota2-pckcp-nemiga-2026-08-25-game2,2026-08-25T08:31:41.723000+00:00,-38.89810144000009,1.8568088427479998,-37.04129259725209
6,8964574076,dota2-pckcp-nemiga-2026-08-25,2026-08-25T09:52:05.670000+00:00,-8.5792,0.223039755,-8.356160245
6,8964657335,dota2-fts-pckcp-2026-08-25-game1,2026-08-25T10:52:11.864000+00:00,-24.518032879999964,0.876826205778,-23.641206674221966
6,8964837315,dota2-fts-pckcp-2026-08-25-game2,2026-08-25T12:34:06.314000+00:00,12.084658640000015,1.4927196254519999,13.577378265452015
6,8964962329,dota2-ic-fts-2026-08-25-game1,2026-08-25T13:50:36.471000+00:00,95.11570005000009,2.3871137182732496,97.50281376827334
6,8965097316,dota2-ic-fts-2026-08-25-game2,2026-08-25T14:41:01.046000+00:00,-10.763499999999965,1.3788436274999998,-9.384656372499965
6,8964938940,dota2-rearis-spirit1-2026-08-25-game1,2026-08-25T16:23:39.394000+00:00,-3.5800000000000054,0.5088944999999999,-3.0711055000000056
6,8965544741,dota2-rearis-spirit1-2026-08-25,2026-08-25T18:44:21.316000+00:00,-84.07895886000017,4.466638579101,-79.61232028089917
6,8969842778,dota2-pckcp-ic-2026-08-28-game2,2026-08-28T08:21:21.985000+00:00,0.0,0.0,0.0
6,8969978865,dota2-rearis-sb5-2026-08-28-game1,2026-08-28T10:27:01.322000+00:00,0.8724000000000007,0.04279121999999999,0.9151912200000007
6,8970089224,dota2-rearis-sb5-2026-08-28-game2,2026-08-28T11:41:09.553000+00:00,0.0,0.0,0.0
6,8970207176,dota2-rearis-sb5-2026-08-28,2026-08-28T12:56:49.576000+00:00,8.525450000000006,0.7542168187499999,9.279666818750007
6,8970338180,dota2-synaps-nemiga-2026-08-28-game1,2026-08-28T14:09:13.367000+00:00,30.388794830000187,3.8981435897242496,34.286938419724436
6,8970352005,dota2-dynast1-ic-2026-08-28-game1,2026-08-28T14:10:35.964000+00:00,0.3828577000000024,0.086137839255,0.4689955392550024
6,8970470057,dota2-synaps-nemiga-2026-08-28-game2,2026-08-28T15:09:53.245000+00:00,168.53374739999995,0.9939632781,169.52771067809996
6,8970485789,dota2-dynast1-ic-2026-08-28-game2,2026-08-28T15:14:26.848000+00:00,-71.90342634000001,2.8467570864585,-69.05666925354151
6,8970575970,dota2-synaps-nemiga-2026-08-28,2026-08-28T16:02:11.965000+00:00,20.510817039999964,1.354295283732,21.865112323731964
6,8970655100,dota2-dynast1-ic-2026-08-28,2026-08-28T16:43:34.585000+00:00,-5.103604660000059,2.0879051741655,-3.015699485834559
6,8970886632,dota2-dynast1-pckcp-2026-08-28-game2,2026-08-28T18:51:22.084000+00:00,245.20379999999994,2.88679611,248.09059610999995
6,8971007454,dota2-ks-rearis-2026-08-28-game1,2026-08-28T20:11:41.712000+00:00,-35.602932799999955,2.0048661576,-33.59806664239996
6,8971016820,dota2-fts-nemiga-2026-08-28-game1,2026-08-28T20:17:43.711000+00:00,-0.10000000000000009,0.018135,-0.08186500000000009
6,8971111987,dota2-ks-rearis-2026-08-28-game2,2026-08-28T21:24:47.695000+00:00,17.48,0.348777,17.828777
6,8971423978,dota2-db2-satan-2026-08-28-game2,2026-08-29T03:20:55.120000+00:00,0.0,0.0,0.0
6,8971501630,dota2-nexus-cres-2026-08-28,2026-08-29T04:51:09.441000+00:00,-358.92577166,3.799212310527,-355.126559349473
6,8971519375,dota2-nem-6seven-2026-08-29-game1,2026-08-29T05:14:15.579000+00:00,-3.6508961400000715,0.8610446622915,-2.7898514777085714
6,8971586781,dota2-nem-6seven-2026-08-29-game2,2026-08-29T06:13:46.689000+00:00,-9.833399999999983,0.9570494249999999,-8.876350574999984
6,8971664649,dota2-nem-6seven-2026-08-29,2026-08-29T07:24:10.704000+00:00,11.352759360000022,1.418118893496,12.770878253496022
6,8971753986,dota2-icecre-kineti-2026-08-29-game1,2026-08-29T08:38:12.829000+00:00,0.0,0.0,0.0
6,8971849697,dota2-icecre-kineti-2026-08-29-game2,2026-08-29T09:43:14.699000+00:00,0.0,0.0,0.0
6,8971891627,dota2-dynast1-nemiga-2026-08-29-game1,2026-08-29T10:17:49.464000+00:00,-0.2999999999999998,0.0323325,-0.26766749999999984
6,8971964803,dota2-mouz-yes-2026-08-29-game1,2026-08-29T11:13:49.271000+00:00,-22.22183476999993,4.43435191023225,-17.787482859767678
6,8971988345,dota2-sb5-lynx-2026-08-29-game1,2026-08-29T11:21:30.742000+00:00,-3.3086850799999956,0.265113634836,-3.0435714451639955
6,8972103119,dota2-sb5-lynx-2026-08-29-game2,2026-08-29T12:31:54.536000+00:00,-14.972629800000007,0.640107990255,-14.332521809745007
6,8972115962,dota2-mouz-yes-2026-08-29-game2,2026-08-29T12:36:59.931000+00:00,-30.272865810000013,2.97363852825825,-27.299227281741764
6,8972289868,dota2-huliga-lynx-2026-08-29-game1,2026-08-29T14:15:10.550000+00:00,-45.798677340000026,3.3843553360709997,-42.41432200392903
6,8972502454,dota2-huliga-lynx-2026-08-29-game2,2026-08-29T15:52:19.963000+00:00,21.276668620000038,2.6465754292395,23.92324404923954
6,8972611918,dota2-huliga-lynx-2026-08-29,2026-08-29T16:49:36.587000+00:00,5.730267360000099,3.443589980004,9.173857340004098
6,8972773416,dota2-pi-lvlup1-2026-08-29-game1,2026-08-29T18:17:23.637000+00:00,3.3362519999999876,0.395001234,3.7312532339999875
6,8972893200,dota2-pi-lvlup1-2026-08-29-game2,2026-08-29T19:20:53.860000+00:00,0.0,0.0,0.0
6,8973011673,dota2-pi-lvlup1-2026-08-29,2026-08-29T20:33:12.059000+00:00,-3.0075000000000003,3.1622035575,0.15470355749999953
6,8973010298,dota2-ks-spirit1-2026-08-29-game1,2026-08-29T20:38:42.759000+00:00,-44.55000000000001,0.41098724999999997,-44.13901275000001
6,8973337131,dota2-icecre-xctn-2026-08-30-game1,2026-08-30T02:14:49.254000+00:00,-0.6499999999999995,0.01726125,-0.6327387499999995
6,8973405568,dota2-icecre-xctn-2026-08-30-game2,2026-08-30T03:19:55.483000+00:00,11.906202989999997,1.00491462083925,12.911117610839247
6,8973462028,dota2-icecre-xctn-2026-08-30,2026-08-30T04:30:11.988000+00:00,-14.939640360000027,4.426886475621,-10.512753884379027
6,8973502629,dota2-clo-yb1-2026-08-30-game1,2026-08-30T05:13:07.837000+00:00,0.0,0.0,0.0
6,8973568453,dota2-clo-yb1-2026-08-30-game2,2026-08-30T06:12:50.377000+00:00,0.15268528999999909,0.04962644358224999,0.20231173358224908
6,8973613420,dota2-clo-yb1-2026-08-30,2026-08-30T07:04:46.677000+00:00,21.24061484000007,0.946743909963,22.18735874996307
6,8973707438,dota2-lynx-lvlup1-2026-08-30-game1,2026-08-30T08:16:36.050000+00:00,-24.846000000000117,4.165456335,-20.680543665000116
6,8973859403,dota2-lynx-lvlup1-2026-08-30-game2,2026-08-30T09:56:31.353000+00:00,5.311138329999949,2.09433866013825,7.405476990138199
6,8973884000,dota2-nem-xctn-2026-08-30-game2,2026-08-30T10:12:32.710000+00:00,-14.914999240000014,2.3327131655805,-12.582286074419514
6,8973944033,dota2-lynx-lvlup1-2026-08-30,2026-08-30T10:50:43.696000+00:00,0.9451293299999293,3.6763518621142497,4.621481192114179
6,8974185539,dota2-navi-mouz-2026-08-30-game2,2026-08-30T13:08:29.090000+00:00,-49.42490903999992,3.173419027968,-46.251490012031915
6,8974647733,dota2-lvlup1-pr1-2026-08-30-game1,2026-08-30T17:09:16.077000+00:00,-17.482518729999956,3.36062468777475,-14.121894042225206
6,8974898633,dota2-lvlup1-pr1-2026-08-30,2026-08-30T19:25:58.777000+00:00,-17.49359794999991,4.20214143999375,-13.29145651000616
6,8975110449,dota2-dynast1-ks-2026-08-30-game2,2026-08-30T21:54:27.706000+00:00,-54.88739999999996,1.5850432349999999,-53.302356764999956
6,8975871235,dota2-synaps-lynx-2026-08-31-game1,2026-08-31T12:26:44.788000+00:00,-89.43753405000018,5.22111863693625,-84.21641541306393
6,8976012755,dota2-synaps-lynx-2026-08-31-game2,2026-08-31T13:41:35.303000+00:00,12.034900000000011,1.5286427775,13.563542777500011
6,8976166971,dota2-synaps-lynx-2026-08-31,2026-08-31T15:09:07.826000+00:00,14.844099189999923,2.04607319648925,16.890172386489173
6,8976300473,dota2-4iki-ic-2026-08-31-game1,2026-08-31T16:25:39.940000+00:00,14.706807080000004,1.070662067736,15.777469147736005
6,8976441468,dota2-4iki-ic-2026-08-31-game2,2026-08-31T17:43:06.122000+00:00,186.67297292000003,1.1948611248209997,187.86783404482102
6,8976511215,dota2-4iki-ic-2026-08-31,2026-08-31T18:29:54.020000+00:00,123.56441403999983,8.605950336962998,132.17036437696282
6,8976665322,dota2-spirit1-pi-2026-08-31-game1,2026-08-31T20:26:57.494000+00:00,-44.37235994999986,2.4448857327562497,-41.92747421724361
6,8976751962,dota2-spirit1-pi-2026-08-31-game2,2026-08-31T21:40:17.685000+00:00,0.0,0.0,0.0
6,8977325814,dota2-ks-pckcp-2026-09-01-game2,2026-09-01T10:26:27.059000+00:00,28.017099700000017,1.3008431006774999,29.317942800677518
6,8977476867,dota2-ic-lynx-2026-09-01-game1,2026-09-01T12:26:04.131000+00:00,0.9321994799999729,1.109177847816,2.041377327815973
6,8977623650,dota2-ic-lynx-2026-09-01-game2,2026-09-01T13:53:28.128000+00:00,49.34152633999997,4.564583115873001,53.90610945587297
6,8977913355,dota2-synaps-lvlup1-2026-09-01-game2,2026-09-01T16:37:59.217000+00:00,7.1640000000000015,0.3513942,7.515394200000001
6,8978023576,dota2-synaps-lvlup1-2026-09-01,2026-09-01T17:45:54.185000+00:00,-2.5454536800000005,0.008399997143999999,-2.5370536828560004
6,8978832148,dota2-pr1-ic-2026-09-02-game1,2026-09-02T09:52:32.767000+00:00,132.92848201000004,2.3613503343172497,135.2898323443173
6,8978916284,dota2-pr1-ic-2026-09-02-game2,2026-09-02T11:19:11.539000+00:00,16.783193320000017,0.6517183414485,17.434911661448517
6,8978986214,dota2-pr1-ic-2026-09-02,2026-09-02T12:20:55.440000+00:00,0.0,0.0,0.0
6,8979131280,dota2-dynast1-pckcp-2026-09-02-game1,2026-09-02T13:56:13.878000+00:00,0.0,0.0,0.0
6,8979241530,dota2-dynast1-pckcp-2026-09-02-game2,2026-09-02T14:56:18.245000+00:00,63.043638699999974,1.7912124988949998,64.83485119889497
6,8979344496,dota2-synaps-4iki-2026-09-02-game1,2026-09-02T15:59:27.587000+00:00,20.801343489999965,4.932915076952249,25.734258566952214
6,8980293569,dota2-z10-ks-2026-09-03-game1,2026-09-03T09:18:42.909000+00:00,-5.956530979999997,0.990427714854,-4.966103265145996
6,8980358113,dota2-z10-ks-2026-09-03-game2,2026-09-03T10:27:20.250000+00:00,6.026344270000038,1.8143316607702498,7.8406759307702885
6,8980463789,dota2-pckcp-spirit1-2026-09-03-game1,2026-09-03T12:14:02.762000+00:00,12.530452399999987,0.60258699774,13.133039397739987
6,8980769413,dota2-pi-dynast1-2026-09-03-game1,2026-09-03T15:17:23.998000+00:00,14.800000000000011,0.307515,15.107515000000012
7,8837869969,dota2-aur1-ty-2026-06-04-game1,2026-06-04T09:17:47.612000+00:00,-44.88316978,2.6859176160585,-42.1972521639415
7,8837957019,dota2-aur1-ty-2026-06-04-game2,2026-06-04T11:05:49.570000+00:00,7.227700000000063,7.0434713625,14.271171362500063
7,8838056564,dota2-flc-liquid-2026-06-04-game1,2026-06-04T12:43:48.535000+00:00,-60.40969999999987,3.8360807175,-56.57361928249988
7,8838170936,dota2-flc-liquid-2026-06-04-game2,2026-06-04T14:05:12.636000+00:00,14.564799120000032,2.908074852096,17.472873972096032
7,8838396820,dota2-lgd-ty-2026-06-04-game2,2026-06-04T16:48:28.531000+00:00,-47.08860125999997,3.0011210949375,-44.087480165062466
7,8838480778,dota2-lgd-ty-2026-06-04,2026-06-04T17:57:47.377000+00:00,-56.804401189999936,3.82094089714725,-52.98346029285268
7,8839123109,dota2-flc-bb4-2026-06-05-game1,2026-06-05T09:16:39.267000+00:00,-1.1432000000000215,0.74250126,-0.4006987400000215
7,8839193447,dota2-flc-bb4-2026-06-05-game2,2026-06-05T10:38:10.594000+00:00,1.3803000000000338,2.8726618575,4.252961857500034
7,8839366504,dota2-lgd-liquid-2026-06-05-game2,2026-06-05T13:21:18.066000+00:00,-122.01769999999993,3.9333198074999998,-118.08438019249994
7,8839494962,dota2-flc-aur1-2026-06-05-game1,2026-06-05T14:52:18.684000+00:00,69.05180000000018,3.3706212449999997,72.42242124500018
7,8839625815,dota2-flc-aur1-2026-06-05-game2,2026-06-05T16:13:53.150000+00:00,4.556499999999996,0.5641897724999999,5.120689772499996
7,8839717574,dota2-flc-aur1-2026-06-05,2026-06-05T17:21:15.591000+00:00,-5.235277679999953,2.054178069237,-3.1810996107629532
7,8840635639,dota2-ty-bb4-2026-06-06-game1,2026-06-06T10:47:49.658000+00:00,-0.83,0.0010582500000000002,-0.8289417499999999
7,8840704374,dota2-ty-bb4-2026-06-06-game2,2026-06-06T11:51:44.485000+00:00,-14.997104519999965,1.774116965043,-13.222987554956966
7,8840821227,dota2-ty-bb4-2026-06-06,2026-06-06T13:12:37.368000+00:00,104.95598152000004,6.3276490378079995,111.28363055780804
7,8840984097,dota2-aur1-lgd-2026-06-06-game1,2026-06-06T15:05:33.978000+00:00,-5.27361376999994,1.75662560832525,-3.51698816167469
7,8841114801,dota2-aur1-lgd-2026-06-06-game2,2026-06-06T16:30:29.855000+00:00,-22.892203610000024,3.05659438522275,-19.835609224777272
7,8842052142,dota2-bb4-lgd-2026-06-07-game1,2026-06-07T09:18:04.694000+00:00,198.31679999999997,3.2768771250000004,201.59367712499997
7,8842134886,dota2-bb4-lgd-2026-06-07-game2,2026-06-07T10:28:41.168000+00:00,41.599215709999974,6.45737362919025,48.056589339190225
7,8842245726,dota2-bb4-lgd-2026-06-07,2026-06-07T11:59:53.564000+00:00,7.409899999999993,3.6222319425,11.032131942499994
7,8842468101,dota2-ty-lgd-2026-06-07-game1,2026-06-07T14:21:40.854000+00:00,-114.57135523,3.0451035148102497,-111.52625171518974
7,8842596730,dota2-ty-lgd-2026-06-07-game2,2026-06-07T15:49:20.066000+00:00,-14.038299999999992,1.7527301925,-12.285569807499993
7,8842722527,dota2-ty-lgd-2026-06-07-game3,2026-06-07T17:12:22.566000+00:00,16.883399999999995,2.8141002,19.697500199999993
7,8842845018,dota2-ty-lgd-2026-06-07-game4,2026-06-07T18:51:58.999000+00:00,27.171400000000006,1.0742525550000002,28.245652555000007
7,8843465364,dota2-4iki-nande4-2026-06-08-game1,2026-06-08T09:15:08.776000+00:00,-7.752380600000137,4.853105787435,-2.899274812565137
7,8843512570,dota2-4iki-nande4-2026-06-08-game2,2026-06-08T10:09:45.609000+00:00,8.780999999999949,2.764766745,11.545766744999948
7,8843560379,dota2-4iki-nande4-2026-06-08,2026-06-08T11:10:54.138000+00:00,-0.5600000000000005,0.02853,-0.5314700000000006
7,8843760302,dota2-vpp-balu-2026-06-08-game2,2026-06-08T13:42:26.324000+00:00,2.3529000000000337,0.4374629325,2.7903629325000336
7,8844054970,dota2-z10-sb5-2026-06-08-game2,2026-06-08T17:08:41.204000+00:00,57.442400000000006,0.43656534,57.87896534000001
7,8844132483,dota2-vpp-z10-2026-06-08-game1,2026-06-08T18:23:01.210000+00:00,0.0,0.0,0.0
7,8844244719,dota2-vpp-z10-2026-06-08-game2,2026-06-08T19:45:42.908000+00:00,49.83715309999994,1.3608273139875,51.19798041398744
7,8844308689,dota2-vpp-z10-2026-06-08,2026-06-08T20:50:38.757000+00:00,185.61479999999995,1.92513369,187.53993368999994
7,8850534819,dota2-ill-pr1-2026-06-13-game2,2026-06-13T17:10:42.502000+00:00,-12.33920000000002,0.9466371299999998,-11.39256287000002
7,8850593633,dota2-ill-pr1-2026-06-13,2026-06-13T18:00:57.551000+00:00,0.0,0.0,0.0
7,8851984783,dota2-4iki-pr1-2026-06-14-game2,2026-06-14T16:46:25.798000+00:00,-6.545299999999992,0.8699540625,-5.675345937499992
7,8852055373,dota2-4iki-pr1-2026-06-14,2026-06-14T17:46:02.690000+00:00,0.19999999999999973,0.0185325,0.21853249999999974
7,8854443395,dota2-fla-spirit1-2026-06-16-game1,2026-06-16T16:31:44.570000+00:00,-11.471299999999971,0.8061176025,-10.66518239749997
7,8885183102,dota2-flc-bb4-2026-07-07-game1,2026-07-07T09:47:24.433000+00:00,-33.8755625,0.8427160528125,-33.0328464471875
7,8885195986,dota2-re-xtreme-2026-07-07-game1,2026-07-07T09:55:03.037000+00:00,21.830897039999996,0.6169913907239999,22.447888430723996
7,8885252329,dota2-flc-bb4-2026-07-07-game2,2026-07-07T11:01:59.599000+00:00,-32.450800000000015,3.9486970349999995,-28.502102965000017
7,8885275216,dota2-re-xtreme-2026-07-07-game2,2026-07-07T11:16:11.813000+00:00,14.492999999999995,0.883275885,15.376275884999995
7,8885365825,dota2-l1ga-ngx-2026-07-07-game1,2026-07-07T12:34:49.112000+00:00,0.0,0.0,0.0
7,8885380529,dota2-liquid-playti-2026-07-07-game1,2026-07-07T12:43:07.045000+00:00,-18.22172574999999,3.51570296713125,-14.70602278286874
7,8885411801,dota2-lvlup1-aur1-2026-07-07-game1,2026-07-07T13:06:28.530000+00:00,0.0,0.0,0.0
7,8885470551,dota2-l1ga-ngx-2026-07-07-game2,2026-07-07T13:39:34.570000+00:00,55.264599999999945,0.93389781,56.19849780999994
7,8885473599,dota2-liquid-playti-2026-07-07-game2,2026-07-07T13:52:27.923000+00:00,83.5163832400001,7.0576227881355,90.5740060281356
7,8885529711,dota2-lvlup1-aur1-2026-07-07-game2,2026-07-07T14:23:52.590000+00:00,5.921999999999997,0.06373552500000006,5.985735524999997
7,8885633666,dota2-ts8-mouz-2026-07-07-game1,2026-07-07T15:33:28.678000+00:00,2.2493000000000336,3.7532102625,6.002510262500033
7,8885665054,dota2-nem-pari-2026-07-07-game1,2026-07-07T15:41:38.548000+00:00,50.77331104000001,1.192378018776,51.96568905877601
7,8885784652,dota2-ts8-mouz-2026-07-07-game2,2026-07-07T17:16:32.961000+00:00,-7.81412722999994,3.8302646703097496,-3.9838625596901904
7,8885871759,dota2-ic-1win-2026-07-07-game1,2026-07-07T18:31:07.999000+00:00,0.8500000000000014,0.053966999999999994,0.9039670000000014
7,8885928262,dota2-ty-og-2026-07-07-game1,2026-07-07T19:03:44.444000+00:00,58.7902,0.35077090499999997,59.140970904999996
7,8885974297,dota2-ic-1win-2026-07-07-game2,2026-07-07T19:32:14.446000+00:00,0.0,0.0,0.0
7,8886005043,dota2-ty-og-2026-07-07-game2,2026-07-07T20:03:05.981000+00:00,-0.3999999999999986,0.05622,-0.3437799999999986
7,8886576019,dota2-poorra-bb4-2026-07-08-game1,2026-07-08T09:20:01.472000+00:00,-20.0,0.6779999999999999,-19.322
7,8886572854,dota2-gl-xtreme-2026-07-08-game1,2026-07-08T09:27:27.007000+00:00,-104.78820000000002,6.753062385,-98.03513761500002
7,8886638110,dota2-poorra-bb4-2026-07-08-game2,2026-07-08T10:36:00.005000+00:00,0.0,0.6599993399999999,0.6599993399999999
7,8886640910,dota2-flc-re-2026-07-08-game2,2026-07-08T10:39:41.623000+00:00,6.25,0.8395229849999998,7.0895229849999994
7,8886641793,dota2-gl-xtreme-2026-07-08-game2,2026-07-08T10:45:04.782000+00:00,69.49089910999996,3.49897443476325,72.98987354476321
7,8886728756,dota2-l1ga-playti-2026-07-08-game1,2026-07-08T12:02:19.795000+00:00,15.70829999999998,3.3039980325,19.01229803249998
7,8886736772,dota2-liquid-lvlup1-2026-07-08-game1,2026-07-08T12:08:59.488000+00:00,0.0,0.0,0.0
7,8886788497,dota2-ngx-aur1-2026-07-08-game1,2026-07-08T12:47:30.744000+00:00,11.502827669999931,1.04184681770325,12.544674487703181
7,8886815251,dota2-l1ga-playti-2026-07-08-game2,2026-07-08T13:04:20.712000+00:00,113.03730000000002,1.3083325274999997,114.34563252750002
7,8886862310,dota2-liquid-lvlup1-2026-07-08-game2,2026-07-08T13:37:25.898000+00:00,12.454400000000021,0.6604209,13.114820900000021
7,8886994890,dota2-ts8-nem-2026-07-08-game1,2026-07-08T14:59:11.781000+00:00,0.0,0.0,0.0
7,8887100676,dota2-vg-pari-2026-07-08-game1,2026-07-08T16:18:23.954000+00:00,-0.11899999999999977,0.48043792500000004,0.36143792500000027
7,8887114313,dota2-ts8-nem-2026-07-08-game2,2026-07-08T16:15:19.583000+00:00,-10.844499999999996,0.27277443749999997,-10.571725562499996
7,8887197358,dota2-vg-pari-2026-07-08-game2,2026-07-08T17:23:00.102000+00:00,-23.061100000000124,1.9853564924999998,-21.075743507500125
7,8887218598,dota2-lgd-og-2026-07-08-game1,2026-07-08T17:27:41.870000+00:00,1.0600000000000023,0.08645249999999999,1.1464525000000023
7,8887260104,dota2-ty-ic-2026-07-08-game1,2026-07-08T17:58:24.214000+00:00,0.0,0.0,0.0
7,8887314193,dota2-lgd-og-2026-07-08-game2,2026-07-08T18:40:30.736000+00:00,-113.70371371999983,2.9791297776239998,-110.72458394237583
7,8887325211,dota2-vp-1win-2026-07-08-game1,2026-07-08T18:51:24.334000+00:00,-67.9119086,3.587192427975,-64.324716172025
7,8887337672,dota2-ty-ic-2026-07-08-game2,2026-07-08T19:01:29.872000+00:00,0.0,0.0,0.0
7,8887432754,dota2-vp-1win-2026-07-08-game2,2026-07-08T20:20:02.742000+00:00,67.66479999999999,0.5739393,68.23873929999999
7,8887986392,dota2-poorra-xtreme-2026-07-09-game1,2026-07-09T09:21:30.237000+00:00,-14.68059999999997,4.229923185,-10.45067681499997
7,8887998750,dota2-bb4-re-2026-07-09-game1,2026-07-09T09:29:32.198000+00:00,-2.8000000000000043,0.983249565,-1.8167504350000043
7,8888056358,dota2-poorra-xtreme-2026-07-09-game2,2026-07-09T10:34:44.979000+00:00,-2.5534999999999854,3.2955998324999998,0.7420998325000143
7,8888066684,dota2-bb4-re-2026-07-09-game2,2026-07-09T10:43:25.275000+00:00,0.0,0.0,0.0
7,8888083694,dota2-gl-flc-2026-07-09-game2,2026-07-09T11:11:32.224000+00:00,94.53213211999994,2.1740542624619996,96.70618638246194
7,8888160657,dota2-l1ga-aur1-2026-07-09-game1,2026-07-09T12:09:38.901000+00:00,-8.006955919999996,1.267817288826,-6.739138631173995
7,8888173515,dota2-playti-lvlup1-2026-07-09-game1,2026-07-09T12:20:27.216000+00:00,14.815200000000033,1.09918278,15.914382780000032
7,8888217771,dota2-ngx-liquid-2026-07-09-game1,2026-07-09T12:52:14.212000+00:00,8.893499999999989,1.8355578675,10.72905786749999
7,8888260336,dota2-l1ga-aur1-2026-07-09-game2,2026-07-09T13:20:05.771000+00:00,-9.63839999999999,0.5548104,-9.08358959999999
7,8888279558,dota2-playti-lvlup1-2026-07-09-game2,2026-07-09T13:33:23.111000+00:00,0.0,0.0,0.0
7,8888318197,dota2-ngx-liquid-2026-07-09-game2,2026-07-09T14:04:08.888000+00:00,-6.206812400000054,4.48079297958,-1.7260194204200534
7,8888405761,dota2-mouz-nem-2026-07-09-game1,2026-07-09T14:48:45.816000+00:00,0.0,0.0,0.0
7,8888425887,dota2-rnx-pari-2026-07-09-game1,2026-07-09T15:02:02.148000+00:00,0.0,0.0,0.0
7,8888489297,dota2-vg-ts8-2026-07-09-game1,2026-07-09T15:42:43.149000+00:00,-38.53699999999998,0.9909926249999998,-37.54600737499998
7,8888555097,dota2-mouz-nem-2026-07-09-game2,2026-07-09T16:24:34.308000+00:00,-29.341399999999947,4.63134177,-24.710058229999948
7,8888554919,dota2-rnx-pari-2026-07-09-game2,2026-07-09T16:26:10.054000+00:00,0.0,0.0,0.0
7,8888592426,dota2-vg-ts8-2026-07-09-game2,2026-07-09T16:59:54.115000+00:00,-0.13000000000000078,0.04055025000000001,-0.08944975000000077
7,8888682602,dota2-og-ic-2026-07-09-game1,2026-07-09T17:53:01.981000+00:00,-135.93494344000004,3.4303137249719997,-132.50462971502805
7,8888693655,dota2-vp-ty-2026-07-09-game1,2026-07-09T18:07:57.629000+00:00,0.0,0.35999568000000004,0.35999568000000004
7,8888731478,dota2-lgd-1win-2026-07-09-game1,2026-07-09T18:35:20.326000+00:00,64.58883839999999,2.53016918508,67.11900758507998
7,8888771711,dota2-og-ic-2026-07-09-game2,2026-07-09T19:04:50.495000+00:00,-19.69890000000001,0.8789493374999999,-18.81995066250001
7,8888819433,dota2-lgd-1win-2026-07-09-game2,2026-07-09T19:41:02.532000+00:00,44.00483528000004,3.330272444508,47.335107724508035
7,8889452921,dota2-re-gl-2026-07-10-game1,2026-07-10T09:17:34.068000+00:00,85.94310000000004,4.2286157175,90.17171571750005
7,8889468264,dota2-xtreme-bb4-2026-07-10-game1,2026-07-10T09:26:30.741000+00:00,-62.88017586000002,5.3525268995595,-57.52764896044052
7,8889513730,dota2-poorra-flc-2026-07-10-game2,2026-07-10T10:17:36.842000+00:00,10.034250050000026,0.6337545409162499,10.668004590916276
7,8889524021,dota2-xtreme-bb4-2026-07-10-game2,2026-07-10T10:37:39.793000+00:00,0.0019714200000180426,1.6532985086145,1.655269928614518
7,8889538949,dota2-re-gl-2026-07-10-game2,2026-07-10T10:40:57.402000+00:00,-104.06679999999989,5.205850335,-98.8609496649999
7,8889615310,dota2-l1ga-liquid-2026-07-10-game1,2026-07-10T11:48:20.990000+00:00,4.9384461599998986,1.7429118426539998,6.681358002653898
7,8889621582,dota2-aur1-playti-2026-07-10-game1,2026-07-10T11:57:42.116000+00:00,-29.786400000000015,2.74638924,-27.040010760000015
7,8889699098,dota2-l1ga-liquid-2026-07-10-game2,2026-07-10T12:46:15.831000+00:00,0.0,0.0,0.0
7,8889733840,dota2-aur1-playti-2026-07-10-game2,2026-07-10T13:14:22.837000+00:00,-91.49180000000001,2.6473684349999997,-88.84443156500001
7,8889871314,dota2-nem-vg-2026-07-10-game1,2026-07-10T14:27:52.631000+00:00,-15.242000000000019,1.6725053099999998,-13.569494690000019
7,8889914618,dota2-pari-mouz-2026-07-10-game1,2026-07-10T14:59:49.254000+00:00,-13.793399999999991,0.46035472499999985,-13.333045274999991
7,8889944251,dota2-rnx-ts8-2026-07-10-game1,2026-07-10T15:15:29.857000+00:00,24.981099999999913,0.5362452225000001,25.517345222499912
7,8890008812,dota2-nem-vg-2026-07-10-game2,2026-07-10T15:49:04.827000+00:00,44.85320000000007,2.16203283,47.01523283000007
7,8890036748,dota2-pari-mouz-2026-07-10-game2,2026-07-10T16:15:07.698000+00:00,0.0,0.0,0.0
7,8890074597,dota2-rnx-ts8-2026-07-10-game2,2026-07-10T16:28:42.555000+00:00,0.0,0.0,0.0
7,8890179830,dota2-lgd-ty-2026-07-10-game1,2026-07-10T17:38:53.401000+00:00,140.63940000000008,0.78000084,141.4194008400001
7,8890270555,dota2-1win-og-2026-07-10-game2,2026-07-10T18:36:26.467000+00:00,0.0,0.0,0.0
7,8890268632,dota2-lgd-ty-2026-07-10-game2,2026-07-10T18:43:14.663000+00:00,-5.890100000000132,1.6386520125,-4.251447987500132
7,8890301402,dota2-ic-vp-2026-07-10-game2,2026-07-10T18:52:09.717000+00:00,-1.8200000000000216,0.4284734999999999,-1.3915265000000216
7,8891108843,dota2-poorra-re-2026-07-11-game1,2026-07-11T09:15:44.932000+00:00,90.32889999999993,3.0862078875,93.41510788749993
7,8891108985,dota2-bb4-gl-2026-07-11-game1,2026-07-11T09:17:06.187000+00:00,5.882399999999961,1.813242405,7.695642404999962
7,8891145641,dota2-xtreme-flc-2026-07-11-game1,2026-07-11T09:30:07.111000+00:00,5.970199999999977,0.9738888749999999,6.944088874999977
7,8891217710,dota2-poorra-re-2026-07-11-game2,2026-07-11T10:44:50.172000+00:00,-100.3152015,3.0357525549375,-97.2794489450625
7,8891240327,dota2-xtreme-flc-2026-07-11-game2,2026-07-11T11:01:14.698000+00:00,23.023442970000005,3.4185263424442502,26.441969312444254
7,8891325877,dota2-l1ga-lvlup1-2026-07-11-game1,2026-07-11T12:09:46.181000+00:00,-66.27360199999998,2.59721312625,-63.676388873749985
7,8891349244,dota2-playti-ngx-2026-07-11-game1,2026-07-11T12:27:52.369000+00:00,7.896199999999993,3.183129465,11.079329464999994
7,8891371442,dota2-aur1-liquid-2026-07-11-game1,2026-07-11T12:43:19.319000+00:00,4.351267,0.10713055312499999,4.458397553125
7,8891438996,dota2-l1ga-lvlup1-2026-07-11-game2,2026-07-11T13:19:40.554000+00:00,-1.4300000000000024,0.20977874999999999,-1.2202212500000025
7,8891497910,dota2-aur1-liquid-2026-07-11-game2,2026-07-11T13:53:37.287000+00:00,31.072798119999995,0.9148617413339999,31.987659861333995
7,8891519142,dota2-playti-ngx-2026-07-11-game2,2026-07-11T14:08:43.754000+00:00,-50.48914015999988,2.635037801988,-47.85410235801188
7,8892829232,dota2-mouz-vg-2026-07-12-game1,2026-07-12T09:15:57.248000+00:00,-11.196300000000011,1.0000769624999999,-10.196223037500012
7,8892835652,dota2-rnx-nem-2026-07-12-game1,2026-07-12T09:19:01.546000+00:00,-74.85659999999996,4.027221015,-70.82937898499996
7,8892836635,dota2-pari-ts8-2026-07-12-game1,2026-07-12T09:26:06.808000+00:00,-45.06759999999994,5.7905466,-39.27705339999994
7,8892923329,dota2-mouz-vg-2026-07-12-game2,2026-07-12T10:25:59.512000+00:00,-19.48140104000003,1.013441696568,-18.467959343432028
7,8892914077,dota2-pari-ts8-2026-07-12-game2,2026-07-12T10:31:28.406000+00:00,-9.648711799999944,2.14505517237,-7.503656627629944
7,8892958964,dota2-rnx-nem-2026-07-12-game2,2026-07-12T10:53:08.655000+00:00,-86.10400000000003,2.533034505,-83.57096549500002
7,8893070561,dota2-1win-ty-2026-07-12-game1,2026-07-12T12:14:45.162000+00:00,3.341174720000197,5.321163417888,8.662338137888197
7,8893106015,dota2-og-vp-2026-07-12-game1,2026-07-12T12:36:42.440000+00:00,0.0,0.0,0.0
7,8893165071,dota2-1win-ty-2026-07-12-game2,2026-07-12T13:18:20.777000+00:00,-4.429360499999802,7.8973111640625,3.4679506640626974
7,8893253595,dota2-og-vp-2026-07-12-game2,2026-07-12T13:56:28.498000+00:00,-3.6603259999999977,1.7229398136,-1.9373861863999977
7,8896139222,dota2-re-vp-2026-07-14-game1,2026-07-14T11:15:10.363000+00:00,34.85240000000002,6.787139775,41.63953977500002
7,8896140998,dota2-liquid-xtreme-2026-07-14-game1,2026-07-14T11:24:31.795000+00:00,-45.120100000000065,6.4166770275000005,-38.703422972500064
7,8896234088,dota2-re-vp-2026-07-14-game2,2026-07-14T12:30:48.003000+00:00,-30.452899999999943,2.3557886025,-28.097111397499944
7,8896267691,dota2-liquid-xtreme-2026-07-14-game2,2026-07-14T13:05:08.216000+00:00,-48.420532799999904,4.1812384776,-44.23929432239991
7,8896380183,dota2-re-vp-2026-07-14,2026-07-14T14:02:34.965000+00:00,-130.76130000000012,5.3113464975,-125.44995350250012
7,8896486914,dota2-liquid-xtreme-2026-07-14,2026-07-14T15:13:00.049000+00:00,7.396452450000027,5.21353080285525,12.609983252855276
7,8896645659,dota2-lgd-mouz-2026-07-14-game1,2026-07-14T16:55:49.823000+00:00,0.1612,0.022656660000000002,0.18385666
7,8896731473,dota2-lgd-mouz-2026-07-14-game2,2026-07-14T18:02:11.857000+00:00,-63.08409999999998,2.4647465325,-60.61935346749998
7,8897585705,dota2-aur1-re-2026-07-15-game1,2026-07-15T11:19:40.513000+00:00,2.3524940799999854,0.857465866284,3.2099599462839854
7,8897588873,dota2-ts8-liquid-2026-07-15-game1,2026-07-15T11:25:30.473000+00:00,-104.45750047000003,2.9804531003497496,-101.47704736965028
7,8897695379,dota2-aur1-re-2026-07-15-game2,2026-07-15T12:41:48.340000+00:00,19.079079200000052,1.1509007319,20.22997993190005
7,8897696869,dota2-ts8-liquid-2026-07-15-game2,2026-07-15T12:54:25.976000+00:00,26.39418334999999,7.18567448619375,33.57985783619374
7,8897831774,dota2-ts8-liquid-2026-07-15,2026-07-15T14:13:24.528000+00:00,0.0016870200000056457,0.9300070796715001,0.9316940996715057
7,8897841991,dota2-1win-vg-2026-07-15-game1,2026-07-15T14:22:22.284000+00:00,7.250100000000032,0.7211902275,7.971290227500032
7,8897971312,dota2-1win-vg-2026-07-15-game2,2026-07-15T15:33:39.656000+00:00,15.115499999999969,2.0065434675,17.122043467499967
7,8898003442,dota2-bb4-lgd-2026-07-15-game1,2026-07-15T15:56:58.589000+00:00,5.300000000000011,1.12491,6.424910000000011
7,8898084910,dota2-1win-vg-2026-07-15,2026-07-15T16:49:08.935000+00:00,-24.69519999999997,3.5343081749999996,-21.160891824999972
7,8898117600,dota2-bb4-lgd-2026-07-15-game2,2026-07-15T17:15:52.403000+00:00,21.05279999999999,0.6252681600000001,21.67806815999999
7,8899028080,dota2-ty-ts8-2026-07-17-game1,2026-07-16T11:25:22.617000+00:00,-45.00300048999999,1.7021094724642496,-43.30089101753574
7,8899120700,dota2-ty-ts8-2026-07-17-game2,2026-07-16T12:44:26.752000+00:00,-41.25279999999992,2.36157372,-38.89122627999992
7,8899307453,dota2-pari-re-2026-07-17-game1,2026-07-16T14:36:23.407000+00:00,15.069600000000008,1.35045909,16.42005909000001
7,8899420575,dota2-pari-re-2026-07-17-game2,2026-07-16T15:46:28.167000+00:00,-12.407300000000077,1.2245190375,-11.182780962500077
7,8900508749,dota2-flc-vg-2026-07-16-game1,2026-07-17T11:21:46.405000+00:00,-32.04060000000001,0.96103389,-31.079566110000012
7,8900623530,dota2-flc-vg-2026-07-16-game2,2026-07-17T12:54:30.551000+00:00,-75.08019999999993,10.418970479999999,-64.66122951999994
7,8900771154,dota2-ngx-bb4-2026-07-16-game1,2026-07-17T14:28:08.196000+00:00,13.732400000000013,2.00460327,15.737003270000013
7,8900882416,dota2-ngx-bb4-2026-07-16-game2,2026-07-17T15:33:10.588000+00:00,0.0,0.0,0.0
7,8902107148,dota2-bb4-vg-2026-07-18-game1,2026-07-18T11:22:02.020000+00:00,0.0,0.0,0.0
7,8902173969,dota2-bb4-vg-2026-07-18-game2,2026-07-18T12:21:15.910000+00:00,-65.09099999999995,1.93830516,-63.15269483999995
7,8902338515,dota2-ty-pari-2026-07-18-game1,2026-07-18T14:06:38.308000+00:00,-64.09366456,5.784486005232,-58.309178554767996
7,8902431810,dota2-ty-pari-2026-07-18-game2,2026-07-18T15:09:37.865000+00:00,185.6545000000001,8.4344096625,194.0889096625001
7,8902610619,dota2-ty-pari-2026-07-18,2026-07-18T16:48:06.686000+00:00,-5.213200000000029,9.29811996,4.08491995999997
7,8903705555,dota2-vg-ty-2026-07-19-game1,2026-07-19T10:24:33.152000+00:00,143.3323999999999,1.14224655,144.4746465499999
7,8903789784,dota2-vg-ty-2026-07-19-game2,2026-07-19T11:31:19.185000+00:00,0.0,0.0,0.0
7,8904012666,dota2-bb4-pari-2026-07-19-game1,2026-07-19T13:57:51.853000+00:00,42.651199999999974,1.7154222,44.36662219999997
7,8904157676,dota2-bb4-pari-2026-07-19-game2,2026-07-19T15:17:11.337000+00:00,-6.4233000000000064,2.4693828525,-3.9539171475000066
7,8904322271,dota2-bb4-pari-2026-07-19-game3,2026-07-19T16:52:33.960000+00:00,53.811599389999955,9.03490597284975,62.846505362849705
7,8904419709,dota2-bb4-pari-2026-07-19-game4,2026-07-19T18:05:14.511000+00:00,5.49270000000001,1.8566531175,7.34935311750001
7,8905035315,dota2-stx-lynx-2026-07-20-game1,2026-07-20T07:25:19.610000+00:00,0.0,0.33390000000000003,0.33390000000000003
7,8905093611,dota2-stx-lynx-2026-07-20-game2,2026-07-20T08:36:36.644000+00:00,64.15499999999997,3.684062235,67.83906223499997
7,8905164476,dota2-stx-lynx-2026-07-20,2026-07-20T10:04:24.370000+00:00,282.8679313699999,5.39644813958625,288.26437950958615
7,8905233934,dota2-lynx-pckcp-2026-07-20-game1,2026-07-20T11:15:17.947000+00:00,29.74119935,1.08380588761125,30.825005237611247
7,8905359313,dota2-lynx-pckcp-2026-07-20-game2,2026-07-20T12:49:30.119000+00:00,-1.0999999999999996,0.0535425,-1.0464574999999996
7,8905490238,dota2-z10-nemiga-2026-07-20-game1,2026-07-20T14:13:02.081000+00:00,-50.20126294,1.0399741773914999,-49.1612887626085
7,8905612460,dota2-z10-nemiga-2026-07-20-game2,2026-07-20T15:25:40.567000+00:00,-137.46303724000003,3.156387158748,-134.30665008125203
7,8905741721,dota2-spirit1-jenz-2026-07-20-game1,2026-07-20T16:55:30.580000+00:00,-0.4189744000000033,1.6115167668,1.1925423667999966
7,8905885788,dota2-spirit1-jenz-2026-07-20-game2,2026-07-20T18:35:45.253000+00:00,-1.7964,0.00862272,-1.78777728
7,8905975768,dota2-lvlup1-ill-2026-07-20-game1,2026-07-20T19:45:16.612000+00:00,2.3055189999999826,1.378334644125,3.6838536441249827
7,8906069414,dota2-lvlup1-ill-2026-07-20-game2,2026-07-20T20:59:36.536000+00:00,5.555599999999998,0.8208399,6.3764398999999985
7,8906479441,dota2-nemiga-dan-2026-07-21-game1,2026-07-21T07:24:02.590000+00:00,38.8203665499999,0.90188663009475,39.722253180094654
7,8906547471,dota2-nemiga-dan-2026-07-21-game2,2026-07-21T08:48:51.736000+00:00,21.212099999999992,0.9579535874999998,22.170053587499993
7,8906626852,dota2-pckcp-stx-2026-07-21-game1,2026-07-21T10:17:03.931000+00:00,0.20454700000001935,1.21383081435,1.4183778143500194
7,8906706819,dota2-pckcp-stx-2026-07-21-game2,2026-07-21T11:28:10.072000+00:00,3.076899999999995,1.0428383324999997,4.1197383324999945
7,8906814740,dota2-pckcp-stx-2026-07-21,2026-07-21T12:50:32.182000+00:00,6.85399835000004,2.54097948992625,9.394977839926291
7,8906911697,dota2-lynx-spirit1-2026-07-21-game1,2026-07-21T14:01:22.509000+00:00,-0.29000000000000004,0.07412624999999999,-0.21587375000000003
7,8907021823,dota2-lynx-spirit1-2026-07-21-game2,2026-07-21T14:54:33.550000+00:00,-51.30888388000004,3.773612928831,-47.53527095116904
7,8907114935,dota2-lynx-spirit1-2026-07-21,2026-07-21T15:55:17.448000+00:00,39.078000000000046,4.70470779,43.782707790000046
7,8907236730,dota2-jenz-lynx-2026-07-21-game1,2026-07-21T17:22:36.365000+00:00,0.0,0.0,0.0
7,8907319204,dota2-jenz-lynx-2026-07-21-game2,2026-07-21T18:19:16.673000+00:00,-86.94245594999992,1.66916911293375,-85.27328683706618
7,8907510684,dota2-z10-aion-2026-07-21-game2,2026-07-21T20:45:41.820000+00:00,0.0,0.0,0.0
7,8907942033,dota2-ill-dan-2026-07-22-game1,2026-07-22T07:18:07.776000+00:00,2.912699999999994,0.3608107125,3.273510712499994
7,8907997366,dota2-ill-dan-2026-07-22-game2,2026-07-22T08:30:21.640000+00:00,13.752133479999998,1.10991362385,14.862047103849997
7,8908178087,dota2-nemiga-aion-2026-07-22-game2,2026-07-22T11:35:02.272000+00:00,-0.08000000000000007,0.017322000000000004,-0.06267800000000007
7,8908313996,dota2-stx-spirit1-2026-07-22-game1,2026-07-22T13:26:43.307000+00:00,-0.7704624800000026,0.117676450386,-0.6527860296140027
7,8908486051,dota2-stx-spirit1-2026-07-22-game2,2026-07-22T15:03:55.390000+00:00,28.234685930000012,1.24308406187025,29.47776999187026
7,8908612824,dota2-stx-spirit1-2026-07-22,2026-07-22T16:27:56.948000+00:00,-1.4541029900002442,4.44327162438525,2.989168634385006
7,8908710300,dota2-z10-lvlup1-2026-07-22-game1,2026-07-22T17:40:32.974000+00:00,-58.97820000000016,4.484879834999999,-54.493320165000156
7,8908926344,dota2-z10-lvlup1-2026-07-22,2026-07-22T20:21:42.790000+00:00,27.435424369999964,2.64701939628225,30.082443766282214
7,8909388284,dota2-dan-z10-2026-07-23-game1,2026-07-23T07:17:23.633000+00:00,6.959999999999994,0.076914,7.036913999999994
7,8909443684,dota2-dan-z10-2026-07-23-game2,2026-07-23T08:24:14.078000+00:00,-8.785111330000063,3.89894328116175,-4.8861680488383135
7,8909498494,dota2-dan-z10-2026-07-23,2026-07-23T09:35:42.112000+00:00,-1.0792309899999957,0.09013099037325001,-0.9890999996267457
7,8909658828,dota2-spirit1-pckcp-2026-07-23-game2,2026-07-23T11:56:35.158000+00:00,-9.176800799999995,1.12299671676,-8.053804083239996
7,8909780227,dota2-spirit1-pckcp-2026-07-23,2026-07-23T13:29:29.880000+00:00,-3.248999999999974,0.732817665,-2.516182334999974
7,8910104556,dota2-jenz-kw1-2026-07-23-game2,2026-07-23T16:47:57.620000+00:00,-1.6499999999999986,0.14812874999999998,-1.5018712499999987
7,8910216725,dota2-jenz-kw1-2026-07-23,2026-07-23T18:09:02.529000+00:00,1.2000000000000028,0.32562,1.5256200000000029
7,8910344715,dota2-lvlup1-aion-2026-07-23-game1,2026-07-23T19:45:58.831000+00:00,0.0,0.0,0.0
7,8910461593,dota2-lvlup1-aion-2026-07-23-game2,2026-07-23T21:18:59.726000+00:00,-4.4517999999999995,0.18788671499999998,-4.263913284999999
7,8910535715,dota2-lvlup1-aion-2026-07-23,2026-07-23T22:37:28.157000+00:00,35.31666143999999,1.406885425998,36.72354686599799
7,8910589445,dota2-nemiga-ill-2026-07-23-game1,2026-07-23T23:33:41.369000+00:00,22.792299999999983,2.6155895774999998,25.407889577499983
7,8910670427,dota2-nemiga-ill-2026-07-23,2026-07-24T01:26:47.762000+00:00,-15.539200000000065,1.5826784849999997,-13.956521515000066
7,8910982575,dota2-aion-dan-2026-07-24-game2,2026-07-24T08:39:31.809000+00:00,0.0,0.0,0.0
7,8911277378,dota2-kw1-stx-2026-07-24-game2,2026-07-24T13:08:23.857000+00:00,-0.8278014800000051,1.216282992891,0.38848151289099486
7,8911784562,dota2-z10-ill-2026-07-24-game1,2026-07-24T18:00:21.302000+00:00,-31.08330079999996,1.5737666458200001,-29.50953415417996
7,8911916389,dota2-z10-ill-2026-07-24-game2,2026-07-24T19:32:36.981000+00:00,10.899999999999977,2.39541,13.295409999999977
7,8912045230,dota2-nemiga-lvlup1-2026-07-24-game1,2026-07-24T21:05:49.488000+00:00,-14.543699999999902,3.3421337025,-11.201566297499902
7,8912123729,dota2-nemiga-lvlup1-2026-07-24-game2,2026-07-24T22:15:39.296000+00:00,0.0,0.0,0.0
7,8912551235,dota2-ill-aion-2026-07-25-game1,2026-07-25T07:19:52.253000+00:00,0.0,0.0,0.0
7,8912622476,dota2-ill-aion-2026-07-25-game2,2026-07-25T08:27:06.996000+00:00,-0.5598437600000041,0.07929399936599998,-0.4805497606340041
7,8912758286,dota2-pckcp-jenz-2026-07-22-game1,2026-07-25T10:25:45.605000+00:00,-86.80259676000003,2.394343967562,-84.40825279243803
7,8912831712,dota2-pckcp-jenz-2026-07-22-game2,2026-07-25T11:23:26.682000+00:00,7.578700000000026,1.3057008375,8.884400837500026
7,8912974141,dota2-pckcp-jenz-2026-07-22,2026-07-25T13:02:19.241000+00:00,-75.19172770999988,6.20697112735275,-68.98475658264714
7,8913307206,dota2-kw1-pckcp-2026-07-25-game1,2026-07-25T16:28:48.834000+00:00,0.0,0.0,0.0
7,8913598312,dota2-lynx-kw1-2026-07-25-game1,2026-07-25T19:28:05.257000+00:00,-0.1843006400000391,3.026800760004,2.842500120003961
7,8913726962,dota2-lynx-kw1-2026-07-25-game2,2026-07-25T20:57:15.562000+00:00,-57.92549999999999,2.5626442425,-55.36285575749999
7,8913824141,dota2-lynx-kw1-2026-07-25,2026-07-25T22:21:39.642000+00:00,-2.0023999999999447,9.35857497,7.356174970000055
7,8914414410,dota2-nemiga-ill-2026-07-26-game1,2026-07-26T09:26:59.644000+00:00,-24.02627190000004,1.0597346736524997,-22.96653722634754
7,8914520562,dota2-nemiga-ill-2026-07-26-game2,2026-07-26T10:41:21.923000+00:00,-30.79919999999984,3.762107595,-27.03709240499984
7,8914637220,dota2-nemiga-ill-2026-07-26,2026-07-26T12:04:18.708000+00:00,0.0,0.0,0.0
7,8914749408,dota2-rearis-pckcp-2026-07-26-game1,2026-07-26T13:19:34.036000+00:00,-10.468899999999962,0.7850012774999999,-9.683898722499963
7,8914885598,dota2-rearis-pckcp-2026-07-26-game2,2026-07-26T14:24:02.001000+00:00,109.28719999999998,0.72800562,110.01520561999999
7,8915002841,dota2-kw1-rearis-2026-07-26-game1,2026-07-26T15:32:54.677000+00:00,-5.872404959999987,1.072312223748,-4.800092736251987
7,8915137972,dota2-kw1-rearis-2026-07-26-game2,2026-07-26T16:47:26.165000+00:00,0.0,0.0,0.0
7,8915271266,dota2-jenz-stx-2026-07-26-game1,2026-07-26T18:26:53.337000+00:00,20.853067179999982,0.6960674369969999,21.549134616996984
7,8915390117,dota2-jenz-stx-2026-07-26-game2,2026-07-26T19:37:39.362000+00:00,0.5386000000000024,0.07957815,0.6181781500000024
7,8915498965,dota2-jenz-stx-2026-07-26,2026-07-26T20:57:43.107000+00:00,7.254000000000035,0.7126357499999999,7.966635750000035
7,8916041863,dota2-lvlup1-pckcp-2026-07-27-game1,2026-07-27T09:21:33.291000+00:00,11.3397,0.1385707725,11.4782707725
7,8916102349,dota2-lvlup1-pckcp-2026-07-27-game2,2026-07-27T10:12:46.876000+00:00,-51.39939999999996,0.71920575,-50.68019424999996
7,8916245727,dota2-stx-nemiga-2026-07-27-game1,2026-07-27T12:25:46.061000+00:00,15.508600000000015,1.203376305,16.711976305000015
7,8916384577,dota2-stx-nemiga-2026-07-27-game2,2026-07-27T13:48:29.618000+00:00,17.927799999999962,6.15018885,24.07798884999996
7,8916474664,dota2-stx-nemiga-2026-07-27,2026-07-27T14:44:54.132000+00:00,66.36770000000001,4.8042930825,71.17199308250001
7,8917611319,dota2-pr1-nemiga-2026-07-28-game2,2026-07-28T10:17:02.190000+00:00,0.0,0.0,0.0
7,8917675823,dota2-pr1-nemiga-2026-07-28,2026-07-28T11:19:25.327000+00:00,8.933200000000028,0.8670254699999999,9.800225470000028
7,8917738415,dota2-nh-pckcp-2026-07-28-game1,2026-07-28T12:16:10.015000+00:00,0.0,0.0,0.0
7,8917853656,dota2-nh-pckcp-2026-07-28-game2,2026-07-28T13:23:44.955000+00:00,2.9364999999999526,1.3045903275,4.241090327499952
7,8918052500,dota2-pckcp-kw1-2026-07-28-game1,2026-07-28T15:24:46.769000+00:00,0.0,0.0,0.0
7,8918176547,dota2-pckcp-kw1-2026-07-28-game2,2026-07-28T16:37:04.197000+00:00,66.1162892,1.6832917333199997,67.79958093332
7,8919264561,dota2-rearis-z10-2026-07-29-game1,2026-07-29T12:23:03.580000+00:00,22.439965040000004,2.0952473368319997,24.535212376832003
7,8919404744,dota2-rearis-z10-2026-07-29-game2,2026-07-29T13:48:28.368000+00:00,-9.572399999999988,2.53849698,-7.033903019999988
7,8919546613,dota2-amaru-nemiga-2026-07-29-game1,2026-07-29T15:15:30.082000+00:00,0.0,0.0,0.0
7,8919685210,dota2-amaru-nemiga-2026-07-29-game2,2026-07-29T16:34:50.427000+00:00,-147.8115006199999,3.3712898595704996,-144.44021076042938
7,8919803916,dota2-amaru-nemiga-2026-07-29,2026-07-29T18:02:17.532000+00:00,111.47488515999986,3.646108654734,115.12099381473385
7,8920655724,dota2-pckcp-z10-2026-07-30-game2,2026-07-30T10:32:16.617000+00:00,0.0,0.0,0.0
7,8920897425,dota2-lvlup1-z10-2026-07-30-game2,2026-07-30T13:37:44.606000+00:00,-136.01840000000004,5.62166241,-130.39673759000004
7,8921002620,dota2-lvlup1-z10-2026-07-30,2026-07-30T14:47:46.063000+00:00,33.51510000000005,2.9397360974999995,36.45483609750005
7,8921162227,dota2-amaru-pr1-2026-07-30-game1,2026-07-30T16:32:24.441000+00:00,0.0,0.0,0.0
7,8921281044,dota2-amaru-pr1-2026-07-30-game2,2026-07-30T17:34:28.519000+00:00,0.0,0.0,0.0
7,8921949036,dota2-re-midas3-2026-07-31-game1,2026-07-31T06:23:42.906000+00:00,9.619692949999994,0.33073698109875,9.950429931098745
7,8922016200,dota2-re-midas3-2026-07-31-game2,2026-07-31T07:39:14.850000+00:00,38.178200000000004,0.8555244749999998,39.03372447500001
7,8922074642,dota2-vg-amaru-2026-07-31-game1,2026-07-31T08:46:41.467000+00:00,-50.846300000000014,0.7591490025000001,-50.08715099750001
7,8922137329,dota2-vg-amaru-2026-07-31-game2,2026-07-31T09:48:16.177000+00:00,0.3000000000000007,0.0291825,0.3291825000000007
7,8922133239,dota2-tr7-playti-2026-07-31-game1,2026-07-31T09:57:34.446000+00:00,-6.8290180099999525,3.20600871076575,-3.6230092992342025
7,8922186876,dota2-vg-amaru-2026-07-31,2026-07-31T10:40:33.810000+00:00,12.788000000000011,1.25809287,14.046092870000011
7,8922211678,dota2-tr7-playti-2026-07-31-game2,2026-07-31T11:00:53.806000+00:00,-2.851663559999981,2.2181753921219998,-0.6334881678779811
7,8922300474,dota2-enjoy-glyph-2026-07-31-game1,2026-07-31T12:14:29.331000+00:00,-15.0,1.8090899999999999,-13.19091
7,8922339160,dota2-l1ga-rnx-2026-07-31-game1,2026-07-31T12:44:09.822000+00:00,31.295999999999935,5.556092520000001,36.852092519999935
7,8922400300,dota2-enjoy-glyph-2026-07-31-game2,2026-07-31T13:24:39.311000+00:00,-0.1834999999999818,1.6981337925,1.5146337925000182
7,8922433138,dota2-l1ga-rnx-2026-07-31-game2,2026-07-31T13:42:06.325000+00:00,-49.05899279999997,2.5536312623715,-46.505361537628474
7,8922552315,dota2-l1ga-rnx-2026-07-31,2026-07-31T14:55:23.609000+00:00,-3.508799999999951,1.2934313999999998,-2.2153685999999513
7,8922602122,dota2-yb1-z10-2026-07-31-game1,2026-07-31T15:28:08.646000+00:00,-9.836100000000016,1.2565905375,-8.579509462500017
7,8922722577,dota2-yb1-z10-2026-07-31-game2,2026-07-31T16:35:25.057000+00:00,-50.23419999999993,4.917924360000001,-45.31627563999993
7,8922818221,dota2-xtreme-lgd-2026-07-31-game1,2026-07-31T17:51:24.199000+00:00,-90.18980000000005,4.568653875,-85.62114612500005
7,8922940920,dota2-xtreme-lgd-2026-07-31-game2,2026-07-31T19:09:48.720000+00:00,-10.994,8.13018771,-2.8638122900000003
7,8923040358,dota2-xtreme-lgd-2026-07-31,2026-07-31T20:28:40.570000+00:00,-12.06140000000002,3.691472655,-8.36992734500002
7,8923506996,dota2-midas3-tr7-2026-08-01-game1,2026-08-01T05:43:01.223000+00:00,3.911299999999976,0.5172027374999999,4.428502737499976
7,8923579943,dota2-midas3-tr7-2026-08-01-game2,2026-08-01T07:02:32.143000+00:00,-125.2762999999999,2.8722250125,-122.40407498749991
7,8923643650,dota2-midas3-tr7-2026-08-01,2026-08-01T08:08:01.087000+00:00,0.0,0.0,0.0
7,8923704450,dota2-yes-vg-2026-08-01-game1,2026-08-01T09:01:56.739000+00:00,-0.6304999999999978,1.1406816225,0.5101816225000022
7,8923780137,dota2-re-playti-2026-08-01-game1,2026-08-01T10:09:39.721000+00:00,0.0,0.0,0.0
7,8923790600,dota2-yes-vg-2026-08-01-game2,2026-08-01T10:14:11.317000+00:00,0.0,0.0,0.0
7,8923874259,dota2-re-playti-2026-08-01-game2,2026-08-01T11:26:12.956000+00:00,2.238898079999999,0.06874587332399999,2.307643953323999
7,8923899787,dota2-enjoy-yb1-2026-08-01-game1,2026-08-01T11:45:49.553000+00:00,-168.92169999999987,3.3004297575,-165.62127024249986
7,8924057168,dota2-l1ga-lgd-2026-08-01-game1,2026-08-01T13:34:16.709000+00:00,0.0,0.0,0.0
7,8924222714,dota2-l1ga-lgd-2026-08-01-game2,2026-08-01T15:02:43.462000+00:00,0.0,0.0,0.0
7,8924328537,dota2-glyph-z10-2026-08-01-game1,2026-08-01T15:59:42.950000+00:00,-226.35499999999996,2.7768589649999997,-223.57814103499996
7,8924367779,dota2-l1ga-lgd-2026-08-01,2026-08-01T16:23:12.450000+00:00,-32.97817786000002,0.6386613063390001,-32.339516553661014
7,8924468754,dota2-glyph-z10-2026-08-01-game2,2026-08-01T17:25:49.795000+00:00,-96.98600000000008,4.21588893,-92.77011107000007
7,8924530036,dota2-rnx-xtreme-2026-08-01-game1,2026-08-01T18:06:50.164000+00:00,2.810936510000019,1.6698827737297501,4.480819283729769
7,8924616191,dota2-rnx-xtreme-2026-08-01-game2,2026-08-01T19:06:22.446000+00:00,-52.725131620000084,2.630445698061,-50.09468592193908
7,8925210898,dota2-playti-xctn-2026-08-02-game1,2026-08-02T05:28:20.542000+00:00,0.0,0.0,0.0
7,8925308090,dota2-playti-xctn-2026-08-02-game2,2026-08-02T07:03:47.891000+00:00,1.6224999999999996,0.0164862225,1.6389862224999996
7,8925543582,dota2-yes-tr7-2026-08-02-game1,2026-08-02T10:44:16.945000+00:00,3.4398000000000195,1.45469085,4.89449085000002
7,8925703946,dota2-yes-tr7-2026-08-02-game2,2026-08-02T11:58:57.158000+00:00,0.0,0.0,0.0
7,8925847726,dota2-yes-tr7-2026-08-02,2026-08-02T13:17:43.701000+00:00,45.317060230000024,2.8956815075167497,48.21274173751677
7,8926022375,dota2-rnx-yb1-2026-08-02-game1,2026-08-02T15:09:53.856000+00:00,45.05550000000005,2.3586166874999996,47.414116687500055
7,8926232913,dota2-rnx-yb1-2026-08-02-game2,2026-08-02T16:42:19.665000+00:00,7.5558000000000085,3.8077805249999996,11.363580525000009
7,8926381426,dota2-rnx-yb1-2026-08-02,2026-08-02T18:14:10.009000+00:00,0.04817738000008376,1.5209034983969998,1.5690808783970835
7,8926523280,dota2-z10-lgd-2026-08-02-game1,2026-08-02T19:59:32.068000+00:00,0.0,0.0,0.0
7,8926636219,dota2-z10-lgd-2026-08-02-game2,2026-08-02T21:07:31.416000+00:00,-28.861999999999966,1.1502185999999999,-27.711781399999968
7,8927063876,dota2-glyph-playti-2026-08-03-game2,2026-08-03T06:55:36.873000+00:00,77.15489999999996,2.4145419825,79.56944198249995
7,8927132943,dota2-glyph-playti-2026-08-03,2026-08-03T08:27:35.152000+00:00,22.020000000000017,1.61758815,23.637588150000017
7,8927207054,dota2-xtreme-tr7-2026-08-03-game1,2026-08-03T10:00:05.212000+00:00,20.1764,2.6067529499999997,22.78315295
7,8927288399,dota2-xtreme-tr7-2026-08-03-game2,2026-08-03T11:00:48.642000+00:00,8.02170000000001,1.5654498225,9.58714982250001
7,8927380776,dota2-xtreme-tr7-2026-08-03,2026-08-03T12:15:30.661000+00:00,-5.586400000000019,6.623681565,1.0372815649999811
7,8927539264,dota2-vg-yb1-2026-08-03-game1,2026-08-03T14:05:56.825000+00:00,198.40370000000007,2.0579187375,200.46161873750006
7,8927660975,dota2-vg-yb1-2026-08-03-game2,2026-08-03T15:05:20.968000+00:00,-2.4063026499999296,1.7164514866762501,-0.6898511633236795
7,8927760296,dota2-vg-yb1-2026-08-03,2026-08-03T16:18:19.713000+00:00,29.599999999999998,1.9586700000000001,31.55867
7,8927926397,dota2-re-lgd-2026-08-03-game1,2026-08-03T18:09:03.381000+00:00,12.039899999999989,1.4597730675,13.49967306749999
7,8928050264,dota2-re-lgd-2026-08-03-game2,2026-08-03T19:19:18.313000+00:00,12.166700000000048,1.2931367475,13.459836747500049
7,8928163118,dota2-re-lgd-2026-08-03,2026-08-03T20:43:38.722000+00:00,-50.627700720000036,2.9365577751239997,-47.691142944876034
7,8928851109,dota2-playti-tr7-2026-08-04-game1,2026-08-04T11:30:07.829000+00:00,-3.5612220899999976,0.74853337106175,-2.8126887189382477
7,8928953683,dota2-playti-tr7-2026-08-04-game2,2026-08-04T12:46:11.879000+00:00,21.170230079999968,2.426971553664,23.597201633663968
7,8929124210,dota2-yb1-re-2026-08-04-game1,2026-08-04T14:38:55.576000+00:00,0.0,0.0,0.0
7,8929276426,dota2-yb1-re-2026-08-04-game2,2026-08-04T15:54:25.550000+00:00,20.180410000000165,2.58228736875,22.762697368750164
7,8929365099,dota2-yb1-re-2026-08-04,2026-08-04T16:51:08.308000+00:00,27.935581380000087,4.150296615384001,32.08587799538409
7,8930200713,dota2-tr7-re-2026-08-05-game1,2026-08-05T08:20:38.811000+00:00,-3.7036999999999978,1.3819430625,-2.321756937499998
7,8930258778,dota2-tr7-re-2026-08-05-game2,2026-08-05T09:25:42.941000+00:00,78.81459637999984,8.153943559989001,86.96853993998884
7,8930398938,dota2-playti-yb1-2026-08-05-game1,2026-08-05T12:24:04.133000+00:00,2.064197820000004,5.2169860749315,7.2811838949315035
7,8930615242,dota2-playti-yb1-2026-08-05-game2,2026-08-05T14:02:56.166000+00:00,187.23679999999996,0.9660076799999999,188.20280767999995
7,8930736914,dota2-playti-yb1-2026-08-05-game3,2026-08-05T15:09:49.519000+00:00,5.7180000000000035,0.97350105,6.691501050000004
7,8931781241,dota2-lvlup1-rearis-2026-08-06-game1,2026-08-06T09:28:03.156000+00:00,0.5,0.10592249999999999,0.6059225
7,8931852727,dota2-lvlup1-rearis-2026-08-06-game2,2026-08-06T10:30:33.624000+00:00,-94.33773500000005,3.266930170437,-91.07080482956306
7,8931981851,dota2-rearis-nh-2026-08-06-game1,2026-08-06T12:26:15.226000+00:00,32.28000000000003,1.0684169999999997,33.348417000000026
7,8932085762,dota2-rearis-nh-2026-08-06-game2,2026-08-06T13:20:21.204000+00:00,-6.364101879999993,1.035677508129,-5.328424371870993
7,8932181345,dota2-rearis-nh-2026-08-06,2026-08-06T14:22:22.478000+00:00,6.151083730000032,0.5938133811547499,6.744897111154781
7,8932318084,dota2-nh-lvlup1-2026-08-06-game1,2026-08-06T15:34:15.395000+00:00,-46.3215,0.9589930875,-45.3625069125
7,8932413808,dota2-nh-lvlup1-2026-08-06-game2,2026-08-06T16:23:29.211000+00:00,0.0,0.0813618,0.0813618
7,8932523868,dota2-nh-lvlup1-2026-08-06,2026-08-06T17:36:18.454000+00:00,5.428419199999979,1.80708273444,7.235501934439979
7,8932657929,dota2-ill-pr1-2026-08-06-game1,2026-08-06T19:12:10.345000+00:00,11.429596059999994,0.8325996693855,12.262195729385494
7,8932835800,dota2-ill-pr1-2026-08-06,2026-08-06T21:22:55.783000+00:00,-20.307499999999962,2.5589502375,-17.748549762499962
7,8933374169,dota2-nh-z10-2026-08-07-game1,2026-08-07T09:29:47.916000+00:00,-7.518000000000001,0.10576215,-7.41223785
7,8933453728,dota2-nh-z10-2026-08-07-game2,2026-08-07T10:40:19.376000+00:00,0.0,0.0185625,0.0185625
7,8933575351,dota2-ill-stx-2026-08-07-game1,2026-08-07T12:33:02.695000+00:00,0.0,0.0,0.0
7,8933704579,dota2-ill-stx-2026-08-07-game2,2026-08-07T13:44:43.178000+00:00,-1.0003999999999849,0.948640065,-0.05175993499998488
7,8933879286,dota2-pr1-jenz-2026-08-07-game1,2026-08-07T15:25:51.002000+00:00,-302.6637000000003,6.6812303775,-295.9824696225003
7,8933988979,dota2-pr1-jenz-2026-08-07-game2,2026-08-07T16:29:38.697000+00:00,16.993847139999968,1.4436167792445,18.43746391924447
7,8934184387,dota2-jenz-nemiga-2026-08-07-game1,2026-08-07T18:35:03.983000+00:00,0.0,0.0,0.0
7,8934279386,dota2-jenz-nemiga-2026-08-07-game2,2026-08-07T19:33:30.612000+00:00,0.0,0.0,0.0
7,8936825643,dota2-pr1-yes-2026-08-09-game1,2026-08-09T09:22:32.992000+00:00,-36.62244007000001,1.51098732274275,-35.11145274725726
7,8937080738,dota2-pr1-yes-2026-08-09,2026-08-09T12:20:23.208000+00:00,-228.77461309999998,7.8693831545025,-220.9052299454975
7,8937188618,dota2-lvlup1-mouz-2026-08-09-game1,2026-08-09T13:17:49.636000+00:00,-51.36435039999992,5.146555288245,-46.217795111754924
7,8937335830,dota2-lvlup1-mouz-2026-08-09-game2,2026-08-09T14:27:35.299000+00:00,8.717636529999993,2.0910989750677498,10.808735505067743
7,8937484593,dota2-ill-re-2026-08-09-game1,2026-08-09T15:55:00.679000+00:00,-6.732631249999977,0.9813387179437499,-5.751292532056227
7,8937631882,dota2-ill-re-2026-08-09-game2,2026-08-09T17:12:21.447000+00:00,27.03490000000002,1.1323433775,28.16724337750002
7,8937722788,dota2-z10-navi-2026-08-09-game1,2026-08-09T18:17:16.930000+00:00,-134.68469999999982,5.621469787500001,-129.06323021249983
7,8938509987,dota2-pr1-mouz-2026-08-10-game1,2026-08-10T09:24:47.767000+00:00,-0.9000000000000021,0.1083375,-0.7916625000000022
7,8938565057,dota2-pr1-mouz-2026-08-10-game2,2026-08-10T10:12:07.159000+00:00,-28.622616060000013,2.9451294526605,-25.677486607339514
7,8938634026,dota2-pr1-mouz-2026-08-10,2026-08-10T11:15:54.851000+00:00,-24.264414979999884,2.5430207033189998,-21.721394276680883
7,8938716198,dota2-ill-z10-2026-08-10-game1,2026-08-10T12:25:50.383000+00:00,-4.4596579999999975,0.37386214815,-4.085795851849998
7,8939023869,dota2-yes-lvlup1-2026-08-10-game1,2026-08-10T15:24:37.289000+00:00,19.99980000000008,1.1609883899999998,21.16078839000008
7,8940059913,dota2-lvlup1-navi-2026-08-11-game1,2026-08-11T09:16:02.605000+00:00,31.168799999999976,1.23973902,32.40853901999998
7,8940117837,dota2-lvlup1-navi-2026-08-11-game2,2026-08-11T10:12:11.551000+00:00,-23.16968983999999,3.7955418264720002,-19.37414801352799
7,8940266495,dota2-mouz-re-2026-08-11-game1,2026-08-11T12:16:13.042000+00:00,70.07722500000003,2.4586174706249997,72.53584247062503
7,8940365227,dota2-mouz-re-2026-08-11-game2,2026-08-11T13:12:04.281000+00:00,-13.074672849999978,2.4995161117687497,-10.575156738231229
7,8940487898,dota2-mouz-re-2026-08-11,2026-08-11T14:25:06.999000+00:00,29.037076559999946,2.511096351534,31.548172911533946
7,8940643574,dota2-yes-z10-2026-08-11-game1,2026-08-11T15:45:57.067000+00:00,3.185500000000019,1.7192298375000004,4.904729837500019
7,8940756672,dota2-yes-z10-2026-08-11-game2,2026-08-11T16:48:25.758000+00:00,-33.02619247999999,2.620304052516,-30.40588842748399
7,8941656460,dota2-lvlup1-re-2026-08-12-game1,2026-08-12T09:19:34.658000+00:00,-21.27000000000004,1.62156975,-19.64843025000004
7,8941733752,dota2-lvlup1-re-2026-08-12-game2,2026-08-12T10:35:42.245000+00:00,-22.75002979999988,3.7906903056,-18.959339494399877
7,8941817475,dota2-lvlup1-re-2026-08-12,2026-08-12T11:50:26.039000+00:00,13.559200000000004,1.20761625,14.766816250000005
7,8942003788,dota2-navi-lvlup1-2026-08-12-game1,2026-08-12T13:42:36.457000+00:00,13.289600000000107,1.38134586,14.670945860000106
7,8942152024,dota2-navi-lvlup1-2026-08-12-game2,2026-08-12T14:50:30.897000+00:00,0.6999999999999957,0.15156750000000002,0.8515674999999958
7,8942262723,dota2-navi-lvlup1-2026-08-12-game3,2026-08-12T15:53:47.795000+00:00,25.963270079999972,0.91308892134,26.87635900133997
7,8962372120,dota2-ic-nemiga-2026-08-24-game1,2026-08-24T07:17:08.649000+00:00,0.0,0.0,0.0
7,8962458373,dota2-ic-nemiga-2026-08-24-game2,2026-08-24T08:26:45.454000+00:00,8.341739510000105,2.9343649616377503,11.276104471637854
7,8962592819,dota2-ks-lynx-2026-08-24-game1,2026-08-24T10:19:27.562000+00:00,-45.227131839999934,2.582612381937,-42.64451945806294
7,8962736746,dota2-ks-lynx-2026-08-24-game2,2026-08-24T11:33:18.452000+00:00,192.82715634000033,4.396366862714999,197.22352320271534
7,8962964580,dota2-sb5-stx-2026-08-24-game1,2026-08-24T13:25:23.881000+00:00,1.3244438399999998,0.006754663584,1.3311985035839997
7,8963508714,dota2-rearis-lynx-2026-08-24-game2,2026-08-24T17:37:20.349000+00:00,35.34513360999995,2.63120963924775,37.9763432492477
7,8963649188,dota2-dynast1-fts-2026-08-24-game1,2026-08-24T19:15:00.848000+00:00,79.26299963000002,0.9597093130852499,80.22270894308528
7,8963790789,dota2-dynast1-fts-2026-08-24-game2,2026-08-24T20:20:45.642000+00:00,1.259499500000004,0.194172649875,1.453672149875004
7,8964399842,dota2-pckcp-nemiga-2026-08-25-game1,2026-08-25T07:22:10.248000+00:00,-29.80350198999999,1.34763110871075,-28.45587088128924
7,8964480771,dota2-pckcp-nemiga-2026-08-25-game2,2026-08-25T08:31:41.723000+00:00,8.85600792999999,2.86948525432575,11.725493184325739
7,8964574076,dota2-pckcp-nemiga-2026-08-25,2026-08-25T09:52:05.670000+00:00,-46.33794508999997,1.37480635262475,-44.96313873737522
7,8964657335,dota2-fts-pckcp-2026-08-25-game1,2026-08-25T10:52:11.864000+00:00,0.0,0.0,0.0
7,8964837315,dota2-fts-pckcp-2026-08-25-game2,2026-08-25T12:34:06.314000+00:00,12.16273255999997,0.9253509836564999,13.08808354365647
7,8964962329,dota2-ic-fts-2026-08-25-game1,2026-08-25T13:50:36.471000+00:00,56.64012432000008,4.5244470250455,61.16457134504559
7,8965097316,dota2-ic-fts-2026-08-25-game2,2026-08-25T14:41:01.046000+00:00,-17.819706970000027,2.09358181384275,-15.726125156157277
7,8964938940,dota2-rearis-spirit1-2026-08-25-game1,2026-08-25T16:23:39.394000+00:00,0.5000000000000071,0.8907825,1.3907825000000071
7,8965544741,dota2-rearis-spirit1-2026-08-25,2026-08-25T18:44:21.316000+00:00,-60.333173200000004,3.1748183814299997,-57.158354818570004
7,8969842778,dota2-pckcp-ic-2026-08-28-game2,2026-08-28T08:21:21.985000+00:00,13.597112900000006,0.42528889961249994,14.022401799612506
7,8969978865,dota2-rearis-sb5-2026-08-28-game1,2026-08-28T10:27:01.322000+00:00,0.0,0.0,0.0
7,8970089224,dota2-rearis-sb5-2026-08-28-game2,2026-08-28T11:41:09.553000+00:00,5.0,0.57675,5.57675
7,8970207176,dota2-rearis-sb5-2026-08-28,2026-08-28T12:56:49.576000+00:00,19.949921359999983,0.9685525100729998,20.918473870072983
7,8970338180,dota2-synaps-nemiga-2026-08-28-game1,2026-08-28T14:09:13.367000+00:00,30.388794830000187,3.8981435897242496,34.286938419724436
7,8970352005,dota2-dynast1-ic-2026-08-28-game1,2026-08-28T14:10:35.964000+00:00,-16.715442300000007,0.498653506755,-16.216788793245005
7,8970470057,dota2-synaps-nemiga-2026-08-28-game2,2026-08-28T15:09:53.245000+00:00,422.00031988,2.325104622639,424.325424502639
7,8970485789,dota2-dynast1-ic-2026-08-28-game2,2026-08-28T15:14:26.848000+00:00,-33.05542869000005,1.38651484809225,-31.6689138419078
7,8970575970,dota2-synaps-nemiga-2026-08-28,2026-08-28T16:02:11.965000+00:00,-15.484075560000012,1.2764202943455,-14.20765526565451
7,8970655100,dota2-dynast1-ic-2026-08-28,2026-08-28T16:43:34.585000+00:00,-18.179999999999993,0.7112925,-17.468707499999994
7,8970886632,dota2-dynast1-pckcp-2026-08-28-game2,2026-08-28T18:51:22.084000+00:00,36.930897019999975,2.185795954302,39.11669297430198
7,8971007454,dota2-ks-rearis-2026-08-28-game1,2026-08-28T20:11:41.712000+00:00,-76.66480039999996,3.76732817772,-72.89747222227996
7,8971016820,dota2-fts-nemiga-2026-08-28-game1,2026-08-28T20:17:43.711000+00:00,-0.050000000000000266,0.018071249999999997,-0.03192875000000027
7,8971111987,dota2-ks-rearis-2026-08-28-game2,2026-08-28T21:24:47.695000+00:00,11.520000000000017,0.379449,11.899449000000017
7,8971423978,dota2-db2-satan-2026-08-28-game2,2026-08-29T03:20:55.120000+00:00,0.0,0.0,0.0
7,8971501630,dota2-nexus-cres-2026-08-28,2026-08-29T04:51:09.441000+00:00,-136.71189024000006,5.018215695702,-131.69367454429806
7,8971519375,dota2-nem-6seven-2026-08-29-game1,2026-08-29T05:14:15.579000+00:00,6.2691038599999445,0.7578101622915,7.026914022291445
7,8971586781,dota2-nem-6seven-2026-08-29-game2,2026-08-29T06:13:46.689000+00:00,-12.08340000000004,1.1907681749999999,-10.89263182500004
7,8971664649,dota2-nem-6seven-2026-08-29,2026-08-29T07:24:10.704000+00:00,0.40235807999999906,0.253489222062,0.655847302061999
7,8971753986,dota2-icecre-kineti-2026-08-29-game1,2026-08-29T08:38:12.829000+00:00,0.0,0.0,0.0
7,8971849697,dota2-icecre-kineti-2026-08-29-game2,2026-08-29T09:43:14.699000+00:00,-1.7956428799999955,0.297859671312,-1.4977832086879954
7,8971891627,dota2-dynast1-nemiga-2026-08-29-game1,2026-08-29T10:17:49.464000+00:00,28.320199999999943,2.075862375,30.396062374999943
7,8971964803,dota2-mouz-yes-2026-08-29-game1,2026-08-29T11:13:49.271000+00:00,-11.939470610000058,3.47508552133125,-8.464385088668807
7,8971988345,dota2-sb5-lynx-2026-08-29-game1,2026-08-29T11:21:30.742000+00:00,9.43249999999999,0.21429807750000002,9.64679807749999
7,8972103119,dota2-sb5-lynx-2026-08-29-game2,2026-08-29T12:31:54.536000+00:00,-14.439675400000027,0.639166869135,-13.800508530865027
7,8972115962,dota2-mouz-yes-2026-08-29-game2,2026-08-29T12:36:59.931000+00:00,-18.603678849999852,5.21541806522625,-13.388260784773603
7,8972289868,dota2-huliga-lynx-2026-08-29-game1,2026-08-29T14:15:10.550000+00:00,-11.864222249999898,2.76302245563075,-9.101199794369148
7,8972502454,dota2-huliga-lynx-2026-08-29-game2,2026-08-29T15:52:19.963000+00:00,-61.176627139999965,4.5687478607414995,-56.60787927925847
7,8972611918,dota2-huliga-lynx-2026-08-29,2026-08-29T16:49:36.587000+00:00,-12.637599999999907,5.925518925,-6.712081074999906
7,8972773416,dota2-pi-lvlup1-2026-08-29-game1,2026-08-29T18:17:23.637000+00:00,2.911200000000001,0.34082873999999996,3.252028740000001
7,8972893200,dota2-pi-lvlup1-2026-08-29-game2,2026-08-29T19:20:53.860000+00:00,0.532,0.0948822,0.6268822000000001
7,8973011673,dota2-pi-lvlup1-2026-08-29,2026-08-29T20:33:12.059000+00:00,-1.3146999999999878,0.4715960625,-0.8431039374999878
7,8973010298,dota2-ks-spirit1-2026-08-29-game1,2026-08-29T20:38:42.759000+00:00,-44.55000000000001,0.41098724999999997,-44.13901275000001
7,8973337131,dota2-icecre-xctn-2026-08-30-game1,2026-08-30T02:14:49.254000+00:00,0.0,0.0,0.0
7,8973405568,dota2-icecre-xctn-2026-08-30-game2,2026-08-30T03:19:55.483000+00:00,-14.091304749999999,0.41764928716875,-13.673655462831249
7,8973462028,dota2-icecre-xctn-2026-08-30,2026-08-30T04:30:11.988000+00:00,-4.0468515700000225,4.322889123492749,0.27603755349272685
7,8973502629,dota2-clo-yb1-2026-08-30-game1,2026-08-30T05:13:07.837000+00:00,2.200000000000001,0.06519,2.265190000000001
7,8973568453,dota2-clo-yb1-2026-08-30-game2,2026-08-30T06:12:50.377000+00:00,-3.1636906499999853,0.31966468907175,-2.8440259609282355
7,8973613420,dota2-clo-yb1-2026-08-30,2026-08-30T07:04:46.677000+00:00,15.103434180000008,0.5423995045815,15.645833684581508
7,8973707438,dota2-lynx-lvlup1-2026-08-30-game1,2026-08-30T08:16:36.050000+00:00,12.160099999999943,2.7738087824999997,14.933908782499943
7,8973859403,dota2-lynx-lvlup1-2026-08-30-game2,2026-08-30T09:56:31.353000+00:00,10.641399999999834,2.660127405,13.301527404999835
7,8973884000,dota2-nem-xctn-2026-08-30-game2,2026-08-30T10:12:32.710000+00:00,7.880546079999981,0.47044936220699995,8.350995442206981
7,8973944033,dota2-lynx-lvlup1-2026-08-30,2026-08-30T10:50:43.696000+00:00,29.052485439999817,5.273003898048,34.32548933804782
7,8974185539,dota2-navi-mouz-2026-08-30-game2,2026-08-30T13:08:29.090000+00:00,-2.6289542500000493,1.0418184880312498,-1.5871357619687996
7,8974647733,dota2-lvlup1-pr1-2026-08-30-game1,2026-08-30T17:09:16.077000+00:00,-27.063643719999973,3.361342492929,-23.702301227070972
7,8974898633,dota2-lvlup1-pr1-2026-08-30,2026-08-30T19:25:58.777000+00:00,-1.3476,3.422201325,2.074601325
7,8975110449,dota2-dynast1-ks-2026-08-30-game2,2026-08-30T21:54:27.706000+00:00,0.0,0.0,0.0
7,8975871235,dota2-synaps-lynx-2026-08-31-game1,2026-08-31T12:26:44.788000+00:00,-113.80077904999996,5.810759394311249,-107.99001965568871
7,8976012755,dota2-synaps-lynx-2026-08-31-game2,2026-08-31T13:41:35.303000+00:00,12.657100000000014,1.5299960625,14.187096062500014
7,8976166971,dota2-synaps-lynx-2026-08-31,2026-08-31T15:09:07.826000+00:00,75.01952378999991,4.8974862173092495,79.91701000730916
7,8976300473,dota2-4iki-ic-2026-08-31-game1,2026-08-31T16:25:39.940000+00:00,1.5614999999999881,1.2259051874999998,2.7874051874999877
7,8976441468,dota2-4iki-ic-2026-08-31-game2,2026-08-31T17:43:06.122000+00:00,116.79057063999998,1.5670979076659999,118.35766854766598
7,8976511215,dota2-4iki-ic-2026-08-31,2026-08-31T18:29:54.020000+00:00,53.53640000000007,5.490408014999999,59.02680801500007
7,8976665322,dota2-spirit1-pi-2026-08-31-game1,2026-08-31T20:26:57.494000+00:00,-4.398670489999937,3.01336988012475,-1.3853006098751868
7,8976751962,dota2-spirit1-pi-2026-08-31-game2,2026-08-31T21:40:17.685000+00:00,0.0,0.0,0.0
7,8977325814,dota2-ks-pckcp-2026-09-01-game2,2026-09-01T10:26:27.059000+00:00,-0.21770106000008127,1.6314227561414998,1.4137216961414185
7,8977476867,dota2-ic-lynx-2026-09-01-game1,2026-09-01T12:26:04.131000+00:00,-7.9961790400000154,1.498786244544,-6.497392795456015
7,8977623650,dota2-ic-lynx-2026-09-01-game2,2026-09-01T13:53:28.128000+00:00,12.022999999999985,3.420805155,15.443805154999986
7,8977913355,dota2-synaps-lvlup1-2026-09-01-game2,2026-09-01T16:37:59.217000+00:00,16.514841440000026,1.0300226106119998,17.544864050612027
7,8978023576,dota2-synaps-lvlup1-2026-09-01,2026-09-01T17:45:54.185000+00:00,0.5761261399999995,0.09560631834299999,0.6717324583429995
7,8978832148,dota2-pr1-ic-2026-09-02-game1,2026-09-02T09:52:32.767000+00:00,180.9731239499999,2.84369598593625,183.81681993593614
7,8978916284,dota2-pr1-ic-2026-09-02-game2,2026-09-02T11:19:11.539000+00:00,4.518000000000001,0.6973533000000001,5.2153533
7,8978986214,dota2-pr1-ic-2026-09-02,2026-09-02T12:20:55.440000+00:00,-3.72829999999999,0.8221643625,-2.90613563749999
7,8979131280,dota2-dynast1-pckcp-2026-09-02-game1,2026-09-02T13:56:13.878000+00:00,0.0,0.0,0.0
7,8979241530,dota2-dynast1-pckcp-2026-09-02-game2,2026-09-02T14:56:18.245000+00:00,12.443200229999983,0.60315559356825,13.046355823568232
7,8979344496,dota2-synaps-4iki-2026-09-02-game1,2026-09-02T15:59:27.587000+00:00,-12.252030680000132,3.8632050788744996,-8.388825601125632
7,8980293569,dota2-z10-ks-2026-09-03-game1,2026-09-03T09:18:42.909000+00:00,64.42745933999996,1.86264829089,66.29010763088995
7,8980358113,dota2-z10-ks-2026-09-03-game2,2026-09-03T10:27:20.250000+00:00,-0.9292712399999914,3.157908068085,2.2286368280850084
7,8980463789,dota2-pckcp-spirit1-2026-09-03-game1,2026-09-03T12:14:02.762000+00:00,12.530452399999987,0.60258699774,13.133039397739987
7,8980769413,dota2-pi-dynast1-2026-09-03-game1,2026-09-03T15:17:23.998000+00:00,27.905913799999993,0.5420406683099999,28.447954468309995
8,8837869969,dota2-aur1-ty-2026-06-04-game1,2026-06-04T09:17:47.612000+00:00,86.99587093999996,4.7943912759315,91.79026221593146
8,8837957019,dota2-aur1-ty-2026-06-04-game2,2026-06-04T11:05:49.570000+00:00,-170.74039999999985,12.072816659999999,-158.66758333999985
8,8838056564,dota2-flc-liquid-2026-06-04-game1,2026-06-04T12:43:48.535000+00:00,-60.40969999999987,3.8360807175,-56.57361928249988
8,8838170936,dota2-flc-liquid-2026-06-04-game2,2026-06-04T14:05:12.636000+00:00,-43.887700880000075,7.375434694596,-36.51226618540407
8,8838396820,dota2-lgd-ty-2026-06-04-game2,2026-06-04T16:48:28.531000+00:00,-13.680499999999995,2.9760250275,-10.704474972499995
8,8838480778,dota2-lgd-ty-2026-06-04,2026-06-04T17:57:47.377000+00:00,-40.377900430000025,3.85868552033925,-36.519214909660775
8,8839123109,dota2-flc-bb4-2026-06-05-game1,2026-06-05T09:16:39.267000+00:00,-62.009499999999946,2.5012566075,-59.50824339249995
8,8839193447,dota2-flc-bb4-2026-06-05-game2,2026-06-05T10:38:10.594000+00:00,3.9451000000000818,4.5389064375,8.484006437500081
8,8839366504,dota2-lgd-liquid-2026-06-05-game2,2026-06-05T13:21:18.066000+00:00,-26.077699999999936,3.1837737375,-22.893926262499935
8,8839494962,dota2-flc-aur1-2026-06-05-game1,2026-06-05T14:52:18.684000+00:00,7.740800000000036,4.17175194,11.912551940000036
8,8839625815,dota2-flc-aur1-2026-06-05-game2,2026-06-05T16:13:53.150000+00:00,11.950199999999995,1.609004085,13.559204084999996
8,8839717574,dota2-flc-aur1-2026-06-05,2026-06-05T17:21:15.591000+00:00,8.269249000000059,1.15436792745,9.423616927450059
8,8840635639,dota2-ty-bb4-2026-06-06-game1,2026-06-06T10:47:49.658000+00:00,0.0,0.0,0.0
8,8840704374,dota2-ty-bb4-2026-06-06-game2,2026-06-06T11:51:44.485000+00:00,20.323499999999882,5.0821596975,25.405659697499882
8,8840821227,dota2-ty-bb4-2026-06-06,2026-06-06T13:12:37.368000+00:00,55.67573784000007,4.477194117371999,60.15293195737207
8,8840984097,dota2-aur1-lgd-2026-06-06-game1,2026-06-06T15:05:33.978000+00:00,10.637934080000065,1.703902615968,12.341836695968064
8,8841114801,dota2-aur1-lgd-2026-06-06-game2,2026-06-06T16:30:29.855000+00:00,-22.581704249999962,3.0566286203707502,-19.525075629629214
8,8842052142,dota2-bb4-lgd-2026-06-07-game1,2026-06-07T09:18:04.694000+00:00,-38.61390080000004,3.47836687998,-35.13553392002004
8,8842134886,dota2-bb4-lgd-2026-06-07-game2,2026-06-07T10:28:41.168000+00:00,-101.79573655000013,5.43124152568125,-96.36449502431888
8,8842245726,dota2-bb4-lgd-2026-06-07,2026-06-07T11:59:53.564000+00:00,-94.01040086999984,3.9568081766722494,-90.05359269332759
8,8842468101,dota2-ty-lgd-2026-06-07-game1,2026-06-07T14:21:40.854000+00:00,-80.19766019000002,1.9135734130822497,-78.28408677691777
8,8842596730,dota2-ty-lgd-2026-06-07-game2,2026-06-07T15:49:20.066000+00:00,-17.843899999999906,1.7631618825,-16.080738117499905
8,8842722527,dota2-ty-lgd-2026-06-07-game3,2026-06-07T17:12:22.566000+00:00,41.40239999999997,1.1743668,42.57676679999997
8,8842845018,dota2-ty-lgd-2026-06-07-game4,2026-06-07T18:51:58.999000+00:00,0.0,0.0,0.0
8,8843465364,dota2-4iki-nande4-2026-06-08-game1,2026-06-08T09:15:08.776000+00:00,-79.55918443999997,4.760013613818,-74.79917082618196
8,8843512570,dota2-4iki-nande4-2026-06-08-game2,2026-06-08T10:09:45.609000+00:00,-2.816900000000004,0.8786615325,-1.938238467500004
8,8843560379,dota2-4iki-nande4-2026-06-08,2026-06-08T11:10:54.138000+00:00,-23.359599999999887,2.5700973,-20.789502699999886
8,8843760302,dota2-vpp-balu-2026-06-08-game2,2026-06-08T13:42:26.324000+00:00,0.0,0.0,0.0
8,8844054970,dota2-z10-sb5-2026-06-08-game2,2026-06-08T17:08:41.204000+00:00,0.0,0.0,0.0
8,8844132483,dota2-vpp-z10-2026-06-08-game1,2026-06-08T18:23:01.210000+00:00,-0.5399999999999991,0.0571725,-0.48282749999999913
8,8844244719,dota2-vpp-z10-2026-06-08-game2,2026-06-08T19:45:42.908000+00:00,13.31600000000001,0.39907049999999994,13.71507050000001
8,8844308689,dota2-vpp-z10-2026-06-08,2026-06-08T20:50:38.757000+00:00,383.7817,1.7549949075,385.5366949075
8,8850534819,dota2-ill-pr1-2026-06-13-game2,2026-06-13T17:10:42.502000+00:00,-20.37700000000001,1.2851235749999999,-19.09187642500001
8,8850593633,dota2-ill-pr1-2026-06-13,2026-06-13T18:00:57.551000+00:00,0.0,0.0,0.0
8,8851984783,dota2-4iki-pr1-2026-06-14-game2,2026-06-14T16:46:25.798000+00:00,-33.808999999999976,1.7891316750000001,-32.019868324999976
8,8852055373,dota2-4iki-pr1-2026-06-14,2026-06-14T17:46:02.690000+00:00,-23.56620000000001,1.147434915,-22.418765085000008
8,8854443395,dota2-fla-spirit1-2026-06-16-game1,2026-06-16T16:31:44.570000+00:00,-2.0,0.11019,-1.88981
8,8885183102,dota2-flc-bb4-2026-07-07-game1,2026-07-07T09:47:24.433000+00:00,-52.3155625,2.6318431828125,-49.683719317187496
8,8885195986,dota2-re-xtreme-2026-07-07-game1,2026-07-07T09:55:03.037000+00:00,39.271000000000015,0.5390948849999999,39.81009488500001
8,8885252329,dota2-flc-bb4-2026-07-07-game2,2026-07-07T11:01:59.599000+00:00,-28.23679999999999,3.9392888249999998,-24.297511174999993
8,8885275216,dota2-re-xtreme-2026-07-07-game2,2026-07-07T11:16:11.813000+00:00,-10.140432999999973,0.8986567706249999,-9.241776229374974
8,8885365825,dota2-l1ga-ngx-2026-07-07-game1,2026-07-07T12:34:49.112000+00:00,-4.919999999999998,0.10332,-4.816679999999998
8,8885380529,dota2-liquid-playti-2026-07-07-game1,2026-07-07T12:43:07.045000+00:00,-21.565825750000016,3.42049594963125,-18.145329800368767
8,8885411801,dota2-lvlup1-aur1-2026-07-07-game1,2026-07-07T13:06:28.530000+00:00,0.0,0.0,0.0
8,8885470551,dota2-l1ga-ngx-2026-07-07-game2,2026-07-07T13:39:34.570000+00:00,23.984015,0.9999125043750001,24.983927504375
8,8885473599,dota2-liquid-playti-2026-07-07-game2,2026-07-07T13:52:27.923000+00:00,20.48883113999983,6.817676491893,27.30650763189283
8,8885529711,dota2-lvlup1-aur1-2026-07-07-game2,2026-07-07T14:23:52.590000+00:00,7.915818599999966,0.1548991796850001,8.070717779684966
8,8885633666,dota2-ts8-mouz-2026-07-07-game1,2026-07-07T15:33:28.678000+00:00,116.35439999999994,9.99095001,126.34535000999995
8,8885665054,dota2-nem-pari-2026-07-07-game1,2026-07-07T15:41:38.548000+00:00,20.253311039999943,0.629284018776,20.882595058775944
8,8885784652,dota2-ts8-mouz-2026-07-07-game2,2026-07-07T17:16:32.961000+00:00,7.144771870000028,4.42976478553725,11.574536655537278
8,8885871759,dota2-ic-1win-2026-07-07-game1,2026-07-07T18:31:07.999000+00:00,0.0,0.0,0.0
8,8885928262,dota2-ty-og-2026-07-07-game1,2026-07-07T19:03:44.444000+00:00,45.298400000000015,0.4075044749999999,45.70590447500002
8,8885974297,dota2-ic-1win-2026-07-07-game2,2026-07-07T19:32:14.446000+00:00,0.0,0.0,0.0
8,8886005043,dota2-ty-og-2026-07-07-game2,2026-07-07T20:03:05.981000+00:00,-0.24080000000000013,0.06860994,-0.17219006000000014
8,8886576019,dota2-poorra-bb4-2026-07-08-game1,2026-07-08T09:20:01.472000+00:00,-20.0,0.6779999999999999,-19.322
8,8886572854,dota2-gl-xtreme-2026-07-08-game1,2026-07-08T09:27:27.007000+00:00,-194.02219999999994,5.4988738349999995,-188.52332616499993
8,8886638110,dota2-poorra-bb4-2026-07-08-game2,2026-07-08T10:36:00.005000+00:00,3.7974000000000316,0.8580550349999999,4.655455035000031
8,8886640910,dota2-flc-re-2026-07-08-game2,2026-07-08T10:39:41.623000+00:00,37.124833069999966,0.9147792792577498,38.039612349257716
8,8886641793,dota2-gl-xtreme-2026-07-08-game2,2026-07-08T10:45:04.782000+00:00,50.4419983599999,6.239637039731999,56.6816353997319
8,8886728756,dota2-l1ga-playti-2026-07-08-game1,2026-07-08T12:02:19.795000+00:00,-6.799199999999956,5.12129004,-1.6779099599999565
8,8886736772,dota2-liquid-lvlup1-2026-07-08-game1,2026-07-08T12:08:59.488000+00:00,0.0,0.0,0.0
8,8886788497,dota2-ngx-aur1-2026-07-08-game1,2026-07-08T12:47:30.744000+00:00,46.89000099999993,0.8506807432499999,47.74068174324993
8,8886815251,dota2-l1ga-playti-2026-07-08-game2,2026-07-08T13:04:20.712000+00:00,86.10840000000002,0.4718576099999999,86.58025761000002
8,8886862310,dota2-liquid-lvlup1-2026-07-08-game2,2026-07-08T13:37:25.898000+00:00,7.391199999999998,0.053216640000000044,7.444416639999998
8,8886994890,dota2-ts8-nem-2026-07-08-game1,2026-07-08T14:59:11.781000+00:00,-0.09999999999999964,0.0196425,-0.08035749999999964
8,8887100676,dota2-vg-pari-2026-07-08-game1,2026-07-08T16:18:23.954000+00:00,2.3195240000000297,0.34498574880000005,2.6645097488000298
8,8887114313,dota2-ts8-nem-2026-07-08-game2,2026-07-08T16:15:19.583000+00:00,-0.7380000000000031,0.062194949999999985,-0.6758050500000031
8,8887197358,dota2-vg-pari-2026-07-08-game2,2026-07-08T17:23:00.102000+00:00,0.0,0.0,0.0
8,8887218598,dota2-lgd-og-2026-07-08-game1,2026-07-08T17:27:41.870000+00:00,17.027800000000013,0.61947687,17.647276870000013
8,8887260104,dota2-ty-ic-2026-07-08-game1,2026-07-08T17:58:24.214000+00:00,0.21600000000000008,0.0013284000000000002,0.2173284000000001
8,8887314193,dota2-lgd-og-2026-07-08-game2,2026-07-08T18:40:30.736000+00:00,-73.9507137199999,3.1480215276239996,-70.8026921923759
8,8887325211,dota2-vp-1win-2026-07-08-game1,2026-07-08T18:51:24.334000+00:00,-78.45879999999994,7.628601285,-70.83019871499994
8,8887337672,dota2-ty-ic-2026-07-08-game2,2026-07-08T19:01:29.872000+00:00,0.0,0.0,0.0
8,8887432754,dota2-vp-1win-2026-07-08-game2,2026-07-08T20:20:02.742000+00:00,58.11269999999996,0.9946859625,59.10738596249996
8,8887986392,dota2-poorra-xtreme-2026-07-09-game1,2026-07-09T09:21:30.237000+00:00,-120.65680000000003,9.10401237,-111.55278763000004
8,8887998750,dota2-bb4-re-2026-07-09-game1,2026-07-09T09:29:32.198000+00:00,-28.881800000000055,1.236445155,-27.645354845000057
8,8888056358,dota2-poorra-xtreme-2026-07-09-game2,2026-07-09T10:34:44.979000+00:00,47.81858236000008,5.3068137489869995,53.125396108987076
8,8888066684,dota2-bb4-re-2026-07-09-game2,2026-07-09T10:43:25.275000+00:00,-51.07199776,2.580158913408,-48.491838846592
8,8888083694,dota2-gl-flc-2026-07-09-game2,2026-07-09T11:11:32.224000+00:00,42.615124239999986,2.641404348369,45.25652858836899
8,8888160657,dota2-l1ga-aur1-2026-07-09-game1,2026-07-09T12:09:38.901000+00:00,7.853567000000048,0.4701263002499999,8.323693300250047
8,8888173515,dota2-playti-lvlup1-2026-07-09-game1,2026-07-09T12:20:27.216000+00:00,70.62460000000004,1.36682787,71.99142787000004
8,8888217771,dota2-ngx-liquid-2026-07-09-game1,2026-07-09T12:52:14.212000+00:00,9.232277600000009,1.0271380967399997,10.259415696740009
8,8888260336,dota2-l1ga-aur1-2026-07-09-game2,2026-07-09T13:20:05.771000+00:00,-12.048000000000002,0.5651114399999999,-11.482888560000003
8,8888279558,dota2-playti-lvlup1-2026-07-09-game2,2026-07-09T13:33:23.111000+00:00,0.0,0.0,0.0
8,8888318197,dota2-ngx-liquid-2026-07-09-game2,2026-07-09T14:04:08.888000+00:00,42.903000000000006,4.738713884999999,47.641713885
8,8888405761,dota2-mouz-nem-2026-07-09-game1,2026-07-09T14:48:45.816000+00:00,0.0,0.0,0.0
8,8888425887,dota2-rnx-pari-2026-07-09-game1,2026-07-09T15:02:02.148000+00:00,8.788799999999998,0.24464256000000004,9.03344256
8,8888489297,dota2-vg-ts8-2026-07-09-game1,2026-07-09T15:42:43.149000+00:00,-30.93090056999997,1.0160911996357498,-29.91480937036422
8,8888555097,dota2-mouz-nem-2026-07-09-game2,2026-07-09T16:24:34.308000+00:00,-48.148399999999924,3.7223811449999995,-44.426018854999924
8,8888554919,dota2-rnx-pari-2026-07-09-game2,2026-07-09T16:26:10.054000+00:00,0.0,0.0,0.0
8,8888592426,dota2-vg-ts8-2026-07-09-game2,2026-07-09T16:59:54.115000+00:00,-11.426000000000016,1.7548526850000001,-9.671147315000017
8,8888682602,dota2-og-ic-2026-07-09-game1,2026-07-09T17:53:01.981000+00:00,-54.00030083999995,3.5067296889720003,-50.49357115102795
8,8888693655,dota2-vp-ty-2026-07-09-game1,2026-07-09T18:07:57.629000+00:00,26.472399999999993,0.18503784,26.657437839999993
8,8888731478,dota2-lgd-1win-2026-07-09-game1,2026-07-09T18:35:20.326000+00:00,10.75370000000001,2.4003445125,13.15404451250001
8,8888771711,dota2-og-ic-2026-07-09-game2,2026-07-09T19:04:50.495000+00:00,0.0,0.0,0.0
8,8888819433,dota2-lgd-1win-2026-07-09-game2,2026-07-09T19:41:02.532000+00:00,47.63307114,4.9931067364395005,52.6261778764395
8,8889452921,dota2-re-gl-2026-07-10-game1,2026-07-10T09:17:34.068000+00:00,83.2448,2.75241489,85.99721489
8,8889468264,dota2-xtreme-bb4-2026-07-10-game1,2026-07-10T09:26:30.741000+00:00,0.9151000000000522,2.4732001875,3.388300187500052
8,8889513730,dota2-poorra-flc-2026-07-10-game2,2026-07-10T10:17:36.842000+00:00,5.5862480500000125,0.23839169426624998,5.824639744266262
8,8889524021,dota2-xtreme-bb4-2026-07-10-game2,2026-07-10T10:37:39.793000+00:00,0.09180000000003474,2.04023487,2.1320348700000347
8,8889538949,dota2-re-gl-2026-07-10-game2,2026-07-10T10:40:57.402000+00:00,-12.616400000000056,4.07268693,-8.543713070000056
8,8889615310,dota2-l1ga-liquid-2026-07-10-game1,2026-07-10T11:48:20.990000+00:00,-10.293999999999969,0.9585608999999999,-9.335439099999968
8,8889621582,dota2-aur1-playti-2026-07-10-game1,2026-07-10T11:57:42.116000+00:00,-1.6951999999999998,1.62526716,-0.06993283999999989
8,8889699098,dota2-l1ga-liquid-2026-07-10-game2,2026-07-10T12:46:15.831000+00:00,-2.3529000000000337,0.5428083825000001,-1.8100916175000337
8,8889733840,dota2-aur1-playti-2026-07-10-game2,2026-07-10T13:14:22.837000+00:00,-101.92640000000009,4.5419334,-97.38446660000008
8,8889871314,dota2-nem-vg-2026-07-10-game1,2026-07-10T14:27:52.631000+00:00,45.99219999999997,1.3557476549999998,47.34794765499997
8,8889914618,dota2-pari-mouz-2026-07-10-game1,2026-07-10T14:59:49.254000+00:00,-7.431599999999982,1.1175412049999998,-6.314058794999982
8,8889944251,dota2-rnx-ts8-2026-07-10-game1,2026-07-10T15:15:29.857000+00:00,2.0,0.05490000000000002,2.0549
8,8890008812,dota2-nem-vg-2026-07-10-game2,2026-07-10T15:49:04.827000+00:00,32.621200000000016,0.9279627749999999,33.54916277500001
8,8890036748,dota2-pari-mouz-2026-07-10-game2,2026-07-10T16:15:07.698000+00:00,14.115600000000029,0.4277966249999999,14.543396625000028
8,8890074597,dota2-rnx-ts8-2026-07-10-game2,2026-07-10T16:28:42.555000+00:00,0.0,0.0,0.0
8,8890179830,dota2-lgd-ty-2026-07-10-game1,2026-07-10T17:38:53.401000+00:00,138.57540000000006,1.3978840049999999,139.97328400500007
8,8890270555,dota2-1win-og-2026-07-10-game2,2026-07-10T18:36:26.467000+00:00,0.0,0.0,0.0
8,8890268632,dota2-lgd-ty-2026-07-10-game2,2026-07-10T18:43:14.663000+00:00,-10.8108,0.81567486,-9.99512514
8,8890301402,dota2-ic-vp-2026-07-10-game2,2026-07-10T18:52:09.717000+00:00,0.0,0.0,0.0
8,8891108843,dota2-poorra-re-2026-07-11-game1,2026-07-11T09:15:44.932000+00:00,7.140000000000004,0.1944705,7.334470500000004
8,8891108985,dota2-bb4-gl-2026-07-11-game1,2026-07-11T09:17:06.187000+00:00,6.252399999999966,1.9308746550000002,8.183274654999966
8,8891145641,dota2-xtreme-flc-2026-07-11-game1,2026-07-11T09:30:07.111000+00:00,2.9411999999999523,0.95184585,3.893045849999952
8,8891217710,dota2-poorra-re-2026-07-11-game2,2026-07-11T10:44:50.172000+00:00,-54.860201499999974,1.4307365049374998,-53.429464995062474
8,8891240327,dota2-xtreme-flc-2026-07-11-game2,2026-07-11T11:01:14.698000+00:00,10.208800000000004,1.89277428,12.101574280000003
8,8891325877,dota2-l1ga-lvlup1-2026-07-11-game1,2026-07-11T12:09:46.181000+00:00,-22.778999999999996,0.5788146750000001,-22.200185324999996
8,8891349244,dota2-playti-ngx-2026-07-11-game1,2026-07-11T12:27:52.369000+00:00,10.856400000000008,4.09611603,14.952516030000009
8,8891371442,dota2-aur1-liquid-2026-07-11-game1,2026-07-11T12:43:19.319000+00:00,-45.23400000000005,1.841605575,-43.39239442500005
8,8891438996,dota2-l1ga-lvlup1-2026-07-11-game2,2026-07-11T13:19:40.554000+00:00,60.97470000000005,1.8242040674999997,62.79890406750005
8,8891497910,dota2-aur1-liquid-2026-07-11-game2,2026-07-11T13:53:37.287000+00:00,2.1200000000000028,0.0964965,2.216496500000003
8,8891519142,dota2-playti-ngx-2026-07-11-game2,2026-07-11T14:08:43.754000+00:00,-23.727464949999955,0.9872148345712499,-22.740250115428704
8,8892829232,dota2-mouz-vg-2026-07-12-game1,2026-07-12T09:15:57.248000+00:00,-177.14395301999997,2.548640208249,-174.59531281175097
8,8892835652,dota2-rnx-nem-2026-07-12-game1,2026-07-12T09:19:01.546000+00:00,-9.607300000000022,1.5175381875,-8.089761812500022
8,8892836635,dota2-pari-ts8-2026-07-12-game1,2026-07-12T09:26:06.808000+00:00,-20.613601999999986,7.021726838699999,-13.591875161299987
8,8892923329,dota2-mouz-vg-2026-07-12-game2,2026-07-12T10:25:59.512000+00:00,-0.717000860000077,3.0098385008805,2.292837640880423
8,8892914077,dota2-pari-ts8-2026-07-12-game2,2026-07-12T10:31:28.406000+00:00,-20.77871179999994,2.7830509223699997,-17.99566087762994
8,8892958964,dota2-rnx-nem-2026-07-12-game2,2026-07-12T10:53:08.655000+00:00,-100.7805000000002,4.387640242500001,-96.3928597575002
8,8893070561,dota2-1win-ty-2026-07-12-game1,2026-07-12T12:14:45.162000+00:00,34.47587472000001,3.5211194453879995,37.99699416538801
8,8893106015,dota2-og-vp-2026-07-12-game1,2026-07-12T12:36:42.440000+00:00,9.480899999999963,1.0388696174999998,10.519769617499962
8,8893165071,dota2-1win-ty-2026-07-12-game2,2026-07-12T13:18:20.777000+00:00,-2.199900000000019,4.9342589025,2.734358902499981
8,8893253595,dota2-og-vp-2026-07-12-game2,2026-07-12T13:56:28.498000+00:00,-3.894611829999974,1.7229240567007502,-2.1716877732992237
8,8896139222,dota2-re-vp-2026-07-14-game1,2026-07-14T11:15:10.363000+00:00,17.419300000000078,2.6212191825,20.040519182500077
8,8896140998,dota2-liquid-xtreme-2026-07-14-game1,2026-07-14T11:24:31.795000+00:00,-30.17650000000014,6.0364059525,-24.14009404750014
8,8896234088,dota2-re-vp-2026-07-14-game2,2026-07-14T12:30:48.003000+00:00,-7.1571999999999925,1.7370754499999999,-5.420124549999993
8,8896267691,dota2-liquid-xtreme-2026-07-14-game2,2026-07-14T13:05:08.216000+00:00,-23.16236866000007,3.2793949831754996,-19.88297367682457
8,8896380183,dota2-re-vp-2026-07-14,2026-07-14T14:02:34.965000+00:00,0.0,0.0,0.0
8,8896486914,dota2-liquid-xtreme-2026-07-14,2026-07-14T15:13:00.049000+00:00,0.35650000000003956,2.9329022325,3.2894022325000396
8,8896645659,dota2-lgd-mouz-2026-07-14-game1,2026-07-14T16:55:49.823000+00:00,0.0,0.0,0.0
8,8896731473,dota2-lgd-mouz-2026-07-14-game2,2026-07-14T18:02:11.857000+00:00,-64.59690000000006,3.0428810174999996,-61.55401898250006
8,8897585705,dota2-aur1-re-2026-07-15-game1,2026-07-15T11:19:40.513000+00:00,0.0,0.0,0.0
8,8897588873,dota2-ts8-liquid-2026-07-15-game1,2026-07-15T11:25:30.473000+00:00,-113.61131229000014,7.74423339950025,-105.8670788904999
8,8897695379,dota2-aur1-re-2026-07-15-game2,2026-07-15T12:41:48.340000+00:00,-34.47650094999996,0.74646963643125,-33.73003131356871
8,8897696869,dota2-ts8-liquid-2026-07-15-game2,2026-07-15T12:54:25.976000+00:00,45.19128334999999,6.800817963693751,51.992101313693745
8,8897831774,dota2-ts8-liquid-2026-07-15,2026-07-15T14:13:24.528000+00:00,29.578586279999968,1.8201580460009998,31.39874432600097
8,8897841991,dota2-1win-vg-2026-07-15-game1,2026-07-15T14:22:22.284000+00:00,5.237912160000008,0.729573990012,5.967486150012007
8,8897971312,dota2-1win-vg-2026-07-15-game2,2026-07-15T15:33:39.656000+00:00,33.87069999999994,2.0229226575,35.89362265749994
8,8898003442,dota2-bb4-lgd-2026-07-15-game1,2026-07-15T15:56:58.589000+00:00,1.0172000000000025,0.43775616000000006,1.4549561600000027
8,8898084910,dota2-1win-vg-2026-07-15,2026-07-15T16:49:08.935000+00:00,-18.16060164000001,5.117475924834,-13.04312571516601
8,8898117600,dota2-bb4-lgd-2026-07-15-game2,2026-07-15T17:15:52.403000+00:00,74.43723250999994,0.60042019807725,75.03765270807719
8,8899028080,dota2-ty-ts8-2026-07-17-game1,2026-07-16T11:25:22.617000+00:00,-15.151500000000027,1.0506807674999998,-14.100819232500028
8,8899120700,dota2-ty-ts8-2026-07-17-game2,2026-07-16T12:44:26.752000+00:00,-65.96570000000007,6.4715782725,-59.49412172750007
8,8899307453,dota2-pari-re-2026-07-17-game1,2026-07-16T14:36:23.407000+00:00,-0.30000000000001137,0.6672936599999999,0.36729365999998853
8,8899420575,dota2-pari-re-2026-07-17-game2,2026-07-16T15:46:28.167000+00:00,-11.523700000000076,2.7555831824999997,-8.768116817500076
8,8900508749,dota2-flc-vg-2026-07-16-game1,2026-07-17T11:21:46.405000+00:00,-22.5779,1.1430176625,-21.4348823375
8,8900623530,dota2-flc-vg-2026-07-16-game2,2026-07-17T12:54:30.551000+00:00,-62.00430000000014,10.6516595025,-51.35264049750015
8,8900771154,dota2-ngx-bb4-2026-07-16-game1,2026-07-17T14:28:08.196000+00:00,44.143899999999974,1.5994136175000002,45.74331361749997
8,8900882416,dota2-ngx-bb4-2026-07-16-game2,2026-07-17T15:33:10.588000+00:00,-7.956499539999996,1.4371607299815,-6.519338810018496
8,8902107148,dota2-bb4-vg-2026-07-18-game1,2026-07-18T11:22:02.020000+00:00,0.9171000000000049,0.5767709775000001,1.493870977500005
8,8902173969,dota2-bb4-vg-2026-07-18-game2,2026-07-18T12:21:15.910000+00:00,-65.09099999999995,1.93830516,-63.15269483999995
8,8902338515,dota2-ty-pari-2026-07-18-game1,2026-07-18T14:06:38.308000+00:00,-14.786400000000015,2.94171462,-11.844685380000016
8,8902431810,dota2-ty-pari-2026-07-18-game2,2026-07-18T15:09:37.865000+00:00,83.70419999999996,11.87836038,95.58256037999996
8,8902610619,dota2-ty-pari-2026-07-18,2026-07-18T16:48:06.686000+00:00,8.114000000000033,8.59185303,16.705853030000032
8,8903705555,dota2-vg-ty-2026-07-19-game1,2026-07-19T10:24:33.152000+00:00,51.37399999999991,1.70779071,53.08179070999991
8,8903789784,dota2-vg-ty-2026-07-19-game2,2026-07-19T11:31:19.185000+00:00,18.81090000000006,1.4560460775,20.26694607750006
8,8904012666,dota2-bb4-pari-2026-07-19-game1,2026-07-19T13:57:51.853000+00:00,142.76730000000015,2.8918392675,145.65913926750014
8,8904157676,dota2-bb4-pari-2026-07-19-game2,2026-07-19T15:17:11.337000+00:00,-28.290401749999916,9.420486939093749,-18.869914810906167
8,8904322271,dota2-bb4-pari-2026-07-19-game3,2026-07-19T16:52:33.960000+00:00,48.40510000000008,6.517337062499999,54.92243706250008
8,8904419709,dota2-bb4-pari-2026-07-19-game4,2026-07-19T18:05:14.511000+00:00,2.1570000000000107,0.21127738499999998,2.3682773850000105
8,8905035315,dota2-stx-lynx-2026-07-20-game1,2026-07-20T07:25:19.610000+00:00,5.797199999999975,0.91262421,6.709824209999975
8,8905093611,dota2-stx-lynx-2026-07-20-game2,2026-07-20T08:36:36.644000+00:00,170.93579999999994,3.521579235,174.45737923499993
8,8905164476,dota2-stx-lynx-2026-07-20,2026-07-20T10:04:24.370000+00:00,269.6316433599999,4.645106405388,274.2767497653879
8,8905233934,dota2-lynx-pckcp-2026-07-20-game1,2026-07-20T11:15:17.947000+00:00,93.53399594999998,1.6978389364207498,95.23183488642073
8,8905359313,dota2-lynx-pckcp-2026-07-20-game2,2026-07-20T12:49:30.119000+00:00,-3.121909770000002,2.10749951772975,-1.014410252270252
8,8905490238,dota2-z10-nemiga-2026-07-20-game1,2026-07-20T14:13:02.081000+00:00,-46.84106293999999,0.9749419923914999,-45.86612094760849
8,8905612460,dota2-z10-nemiga-2026-07-20-game2,2026-07-20T15:25:40.567000+00:00,-133.41316804000002,3.169447722048,-130.243720317952
8,8905741721,dota2-spirit1-jenz-2026-07-20-game1,2026-07-20T16:55:30.580000+00:00,1.8101999999999983,0.11051271,1.9207127099999983
8,8905885788,dota2-spirit1-jenz-2026-07-20-game2,2026-07-20T18:35:45.253000+00:00,0.0,0.0,0.0
8,8905975768,dota2-lvlup1-ill-2026-07-20-game1,2026-07-20T19:45:16.612000+00:00,-18.024400000000014,5.727910919999999,-12.296489080000015
8,8906069414,dota2-lvlup1-ill-2026-07-20-game2,2026-07-20T20:59:36.536000+00:00,0.0,0.0,0.0
8,8906479441,dota2-nemiga-dan-2026-07-21-game1,2026-07-21T07:24:02.590000+00:00,52.99663323000004,2.1235595875027498,55.12019281750279
8,8906547471,dota2-nemiga-dan-2026-07-21-game2,2026-07-21T08:48:51.736000+00:00,18.14190616999994,0.9676194205702499,19.109525590570193
8,8906626852,dota2-pckcp-stx-2026-07-21-game1,2026-07-21T10:17:03.931000+00:00,19.79278067999995,1.3154000706134998,21.10818075061345
8,8906706819,dota2-pckcp-stx-2026-07-21-game2,2026-07-21T11:28:10.072000+00:00,3.076899999999995,1.0428383324999997,4.1197383324999945
8,8906814740,dota2-pckcp-stx-2026-07-21,2026-07-21T12:50:32.182000+00:00,-53.604499999999916,5.4458940075,-48.158605992499915
8,8906911697,dota2-lynx-spirit1-2026-07-21-game1,2026-07-21T14:01:22.509000+00:00,-10.863900000000015,1.0990597575,-9.764840242500014
8,8907021823,dota2-lynx-spirit1-2026-07-21-game2,2026-07-21T14:54:33.550000+00:00,-9.720000000000002,0.495153,-9.224847000000002
8,8907114935,dota2-lynx-spirit1-2026-07-21,2026-07-21T15:55:17.448000+00:00,-44.30736743999995,3.412344063132,-40.895023376867954
8,8907236730,dota2-jenz-lynx-2026-07-21-game1,2026-07-21T17:22:36.365000+00:00,0.0,0.0,0.0
8,8907319204,dota2-jenz-lynx-2026-07-21-game2,2026-07-21T18:19:16.673000+00:00,-72.28215550000007,1.62980302824,-70.65235247176007
8,8907510684,dota2-z10-aion-2026-07-21-game2,2026-07-21T20:45:41.820000+00:00,0.0,0.0,0.0
8,8907942033,dota2-ill-dan-2026-07-22-game1,2026-07-22T07:18:07.776000+00:00,0.0,0.0,0.0
8,8907997366,dota2-ill-dan-2026-07-22-game2,2026-07-22T08:30:21.640000+00:00,34.02815431999993,0.848190299091,34.87634461909093
8,8908178087,dota2-nemiga-aion-2026-07-22-game2,2026-07-22T11:35:02.272000+00:00,-0.08000000000000007,0.017322000000000004,-0.06267800000000007
8,8908313996,dota2-stx-spirit1-2026-07-22-game1,2026-07-22T13:26:43.307000+00:00,-0.7704624800000026,0.117676450386,-0.6527860296140027
8,8908486051,dota2-stx-spirit1-2026-07-22-game2,2026-07-22T15:03:55.390000+00:00,6.402685930000004,0.5153833618702499,6.918069291870254
8,8908612824,dota2-stx-spirit1-2026-07-22,2026-07-22T16:27:56.948000+00:00,37.46446229000003,5.88632482782075,43.35078711782078
8,8908710300,dota2-z10-lvlup1-2026-07-22-game1,2026-07-22T17:40:32.974000+00:00,-14.586999999999993,3.9245053499999996,-10.662494649999992
8,8908926344,dota2-z10-lvlup1-2026-07-22,2026-07-22T20:21:42.790000+00:00,-11.93650000000008,3.9256184474999998,-8.01088155250008
8,8909388284,dota2-dan-z10-2026-07-23-game1,2026-07-23T07:17:23.633000+00:00,0.0,0.0,0.0
8,8909443684,dota2-dan-z10-2026-07-23-game2,2026-07-23T08:24:14.078000+00:00,-30.461409399999923,2.74790876757,-27.713500632429923
8,8909498494,dota2-dan-z10-2026-07-23,2026-07-23T09:35:42.112000+00:00,-1.8779999999999966,0.13052601,-1.7474739899999965
8,8909658828,dota2-spirit1-pckcp-2026-07-23-game2,2026-07-23T11:56:35.158000+00:00,-8.77680079999999,1.08557171676,-7.691229083239989
8,8909780227,dota2-spirit1-pckcp-2026-07-23,2026-07-23T13:29:29.880000+00:00,-6.899999999999999,0.7756275,-6.124372499999999
8,8910104556,dota2-jenz-kw1-2026-07-23-game2,2026-07-23T16:47:57.620000+00:00,17.4833,0.8403014625,18.3236014625
8,8910216725,dota2-jenz-kw1-2026-07-23,2026-07-23T18:09:02.529000+00:00,0.7500000000000071,0.18284625,0.9328462500000071
8,8910344715,dota2-lvlup1-aion-2026-07-23-game1,2026-07-23T19:45:58.831000+00:00,0.0,0.0,0.0
8,8910461593,dota2-lvlup1-aion-2026-07-23-game2,2026-07-23T21:18:59.726000+00:00,-4.4517999999999995,0.18788671499999998,-4.263913284999999
8,8910535715,dota2-lvlup1-aion-2026-07-23,2026-07-23T22:37:28.157000+00:00,172.11222330000004,1.8414811626749998,173.95370446267503
8,8910589445,dota2-nemiga-ill-2026-07-23-game1,2026-07-23T23:33:41.369000+00:00,-6.653199999999934,4.611318825,-2.0418811749999346
8,8910670427,dota2-nemiga-ill-2026-07-23,2026-07-24T01:26:47.762000+00:00,-28.3412,2.12444481,-26.21675519
8,8910982575,dota2-aion-dan-2026-07-24-game2,2026-07-24T08:39:31.809000+00:00,0.0,0.0,0.0
8,8911277378,dota2-kw1-stx-2026-07-24-game2,2026-07-24T13:08:23.857000+00:00,-23.54156753999999,1.6560158603609998,-21.88555167963899
8,8911784562,dota2-z10-ill-2026-07-24-game1,2026-07-24T18:00:21.302000+00:00,-17.516599999999954,2.415737145,-15.100862854999955
8,8911916389,dota2-z10-ill-2026-07-24-game2,2026-07-24T19:32:36.981000+00:00,-2.0,0.28952999999999995,-1.71047
8,8912045230,dota2-nemiga-lvlup1-2026-07-24-game1,2026-07-24T21:05:49.488000+00:00,-46.02980000000004,6.692510775000001,-39.337289225000035
8,8912123729,dota2-nemiga-lvlup1-2026-07-24-game2,2026-07-24T22:15:39.296000+00:00,-94.07423407999995,1.5746459235239998,-92.49958815647595
8,8912551235,dota2-ill-aion-2026-07-25-game1,2026-07-25T07:19:52.253000+00:00,0.0,0.0,0.0
8,8912622476,dota2-ill-aion-2026-07-25-game2,2026-07-25T08:27:06.996000+00:00,0.0,0.0,0.0
8,8912758286,dota2-pckcp-jenz-2026-07-22-game1,2026-07-25T10:25:45.605000+00:00,-28.360200959999972,1.2595554868319998,-27.100645473167972
8,8912831712,dota2-pckcp-jenz-2026-07-22-game2,2026-07-25T11:23:26.682000+00:00,4.800000000000001,0.14057999999999998,4.940580000000001
8,8912974141,dota2-pckcp-jenz-2026-07-22,2026-07-25T13:02:19.241000+00:00,-34.86685625999996,4.634505522084,-30.232350737915965
8,8913307206,dota2-kw1-pckcp-2026-07-25-game1,2026-07-25T16:28:48.834000+00:00,0.0,0.0,0.0
8,8913598312,dota2-lynx-kw1-2026-07-25-game1,2026-07-25T19:28:05.257000+00:00,4.5008993600000196,1.5668926100040002,6.06779197000402
8,8913726962,dota2-lynx-kw1-2026-07-25-game2,2026-07-25T20:57:15.562000+00:00,-32.952799999999954,3.19039842,-29.762401579999953
8,8913824141,dota2-lynx-kw1-2026-07-25,2026-07-25T22:21:39.642000+00:00,63.85989854000001,5.9111425524509995,69.77104109245101
8,8914414410,dota2-nemiga-ill-2026-07-26-game1,2026-07-26T09:26:59.644000+00:00,-29.851000000000028,1.043740215,-28.807259785000028
8,8914520562,dota2-nemiga-ill-2026-07-26-game2,2026-07-26T10:41:21.923000+00:00,-30.40080327999995,3.724662304176,-26.676140975823948
8,8914637220,dota2-nemiga-ill-2026-07-26,2026-07-26T12:04:18.708000+00:00,25.811999999999983,0.8712262799999999,26.68322627999998
8,8914749408,dota2-rearis-pckcp-2026-07-26-game1,2026-07-26T13:19:34.036000+00:00,-16.332027799999963,0.86108168595,-15.470946114049964
8,8914885598,dota2-rearis-pckcp-2026-07-26-game2,2026-07-26T14:24:02.001000+00:00,49.64150000000001,0.30260808749999996,49.944108087500005
8,8915002841,dota2-kw1-rearis-2026-07-26-game1,2026-07-26T15:32:54.677000+00:00,-38.30047981999999,0.7411855712325,-37.55929424876749
8,8915137972,dota2-kw1-rearis-2026-07-26-game2,2026-07-26T16:47:26.165000+00:00,0.0,0.0,0.0
8,8915271266,dota2-jenz-stx-2026-07-26-game1,2026-07-26T18:26:53.337000+00:00,214.4595999999999,3.44603751,217.9056375099999
8,8915390117,dota2-jenz-stx-2026-07-26-game2,2026-07-26T19:37:39.362000+00:00,1.8851000000000013,0.07422581249999999,1.9593258125000013
8,8915498965,dota2-jenz-stx-2026-07-26,2026-07-26T20:57:43.107000+00:00,14.705399999999969,2.092868415,16.798268414999967
8,8916041863,dota2-lvlup1-pckcp-2026-07-27-game1,2026-07-27T09:21:33.291000+00:00,21.411199999999994,0.36957748499999993,21.780777484999994
8,8916102349,dota2-lvlup1-pckcp-2026-07-27-game2,2026-07-27T10:12:46.876000+00:00,-50.826899999999995,1.0879925625,-49.738907437499996
8,8916245727,dota2-stx-nemiga-2026-07-27-game1,2026-07-27T12:25:46.061000+00:00,6.640800000000013,1.5636501,8.204450100000013
8,8916384577,dota2-stx-nemiga-2026-07-27-game2,2026-07-27T13:48:29.618000+00:00,12.41500000000002,3.09155637,15.50655637000002
8,8916474664,dota2-stx-nemiga-2026-07-27,2026-07-27T14:44:54.132000+00:00,-19.53671195999999,3.019506387408,-16.51720557259199
8,8917611319,dota2-pr1-nemiga-2026-07-28-game2,2026-07-28T10:17:02.190000+00:00,-1.3879999999999981,0.4825035,-0.9054964999999982
8,8917675823,dota2-pr1-nemiga-2026-07-28,2026-07-28T11:19:25.327000+00:00,175.2337830400001,1.014022096848,176.24780513684811
8,8917738415,dota2-nh-pckcp-2026-07-28-game1,2026-07-28T12:16:10.015000+00:00,0.0,0.0,0.0
8,8917853656,dota2-nh-pckcp-2026-07-28-game2,2026-07-28T13:23:44.955000+00:00,27.90496459999995,2.2753454498999997,30.18031004989995
8,8918052500,dota2-pckcp-kw1-2026-07-28-game1,2026-07-28T15:24:46.769000+00:00,-3.1523569599999917,0.146725734672,-3.0056312253279915
8,8918176547,dota2-pckcp-kw1-2026-07-28-game2,2026-07-28T16:37:04.197000+00:00,88.69960909999992,1.6011831579075,90.30079225790742
8,8919264561,dota2-rearis-z10-2026-07-29-game1,2026-07-29T12:23:03.580000+00:00,-9.02899999999994,2.11010382,-6.9188961799999396
8,8919404744,dota2-rearis-z10-2026-07-29-game2,2026-07-29T13:48:28.368000+00:00,-18.99039999999996,2.22068358,-16.76971641999996
8,8919546613,dota2-amaru-nemiga-2026-07-29-game1,2026-07-29T15:15:30.082000+00:00,-41.38000207999998,3.5062662664559996,-37.87373581354398
8,8919685210,dota2-amaru-nemiga-2026-07-29-game2,2026-07-29T16:34:50.427000+00:00,-217.3811256199999,5.374599370195499,-212.00652624980438
8,8919803916,dota2-amaru-nemiga-2026-07-29,2026-07-29T18:02:17.532000+00:00,99.34409491000017,6.10755007788675,105.45164498788692
8,8920655724,dota2-pckcp-z10-2026-07-30-game2,2026-07-30T10:32:16.617000+00:00,0.0,0.0,0.0
8,8920897425,dota2-lvlup1-z10-2026-07-30-game2,2026-07-30T13:37:44.606000+00:00,-24.489399999999975,3.77886585,-20.710534149999976
8,8921002620,dota2-lvlup1-z10-2026-07-30,2026-07-30T14:47:46.063000+00:00,26.8347,1.7030483475,28.537748347500003
8,8921162227,dota2-amaru-pr1-2026-07-30-game1,2026-07-30T16:32:24.441000+00:00,28.20689999999999,1.0923122025,29.29921220249999
8,8921281044,dota2-amaru-pr1-2026-07-30-game2,2026-07-30T17:34:28.519000+00:00,0.0,0.0,0.0
8,8921949036,dota2-re-midas3-2026-07-31-game1,2026-07-31T06:23:42.906000+00:00,-12.613200000000004,1.000179165,-11.613020835000004
8,8922016200,dota2-re-midas3-2026-07-31-game2,2026-07-31T07:39:14.850000+00:00,62.916,1.0154587499999999,63.93145875
8,8922074642,dota2-vg-amaru-2026-07-31-game1,2026-07-31T08:46:41.467000+00:00,-3.8924904999999654,0.918132479625,-2.9743580203749653
8,8922137329,dota2-vg-amaru-2026-07-31-game2,2026-07-31T09:48:16.177000+00:00,0.6000000000000014,0.027989999999999998,0.6279900000000014
8,8922133239,dota2-tr7-playti-2026-07-31-game1,2026-07-31T09:57:34.446000+00:00,17.13089868,1.36668909189,18.49758777189
8,8922186876,dota2-vg-amaru-2026-07-31,2026-07-31T10:40:33.810000+00:00,0.9016000000000304,0.7991050799999999,1.7007050800000303
8,8922211678,dota2-tr7-playti-2026-07-31-game2,2026-07-31T11:00:53.806000+00:00,0.6000832799999936,0.403800432732,1.0038837127319935
8,8922300474,dota2-enjoy-glyph-2026-07-31-game1,2026-07-31T12:14:29.331000+00:00,7.930000000000007,0.7399830000000001,8.669983000000007
8,8922339160,dota2-l1ga-rnx-2026-07-31-game1,2026-07-31T12:44:09.822000+00:00,-0.5735916799999998,0.14654775505200002,-0.4270439249479998
8,8922400300,dota2-enjoy-glyph-2026-07-31-game2,2026-07-31T13:24:39.311000+00:00,0.20000000000000018,0.035985,0.23598500000000017
8,8922433138,dota2-l1ga-rnx-2026-07-31-game2,2026-07-31T13:42:06.325000+00:00,-42.606056089999996,2.54531973645075,-40.060736353549245
8,8922552315,dota2-l1ga-rnx-2026-07-31,2026-07-31T14:55:23.609000+00:00,3.571399999999983,1.316507325,4.887907324999983
8,8922602122,dota2-yb1-z10-2026-07-31-game1,2026-07-31T15:28:08.646000+00:00,13.876100000000008,3.8715767325,17.747676732500008
8,8922722577,dota2-yb1-z10-2026-07-31-game2,2026-07-31T16:35:25.057000+00:00,-9.63330000000002,3.1613020425,-6.47199795750002
8,8922818221,dota2-xtreme-lgd-2026-07-31-game1,2026-07-31T17:51:24.199000+00:00,-10.495120800000052,1.74484226676,-8.750278533240053
8,8922940920,dota2-xtreme-lgd-2026-07-31-game2,2026-07-31T19:09:48.720000+00:00,-116.8776005,5.270242962375,-111.607357537625
8,8923040358,dota2-xtreme-lgd-2026-07-31,2026-07-31T20:28:40.570000+00:00,-20.159999999999997,0.61992,-19.540079999999996
8,8923506996,dota2-midas3-tr7-2026-08-01-game1,2026-08-01T05:43:01.223000+00:00,0.0,0.0,0.0
8,8923579943,dota2-midas3-tr7-2026-08-01-game2,2026-08-01T07:02:32.143000+00:00,-129.59619999999995,2.5258962449999998,-127.07030375499996
8,8923643650,dota2-midas3-tr7-2026-08-01,2026-08-01T08:08:01.087000+00:00,-138.29600000000002,1.32343608,-136.97256392000003
8,8923704450,dota2-yes-vg-2026-08-01-game1,2026-08-01T09:01:56.739000+00:00,-6.349855739999981,1.9968275884544997,-4.353028151545481
8,8923780137,dota2-re-playti-2026-08-01-game1,2026-08-01T10:09:39.721000+00:00,-17.543999999999954,1.30185252,-16.242147479999954
8,8923790600,dota2-yes-vg-2026-08-01-game2,2026-08-01T10:14:11.317000+00:00,0.0,0.0,0.0
8,8923874259,dota2-re-playti-2026-08-01-game2,2026-08-01T11:26:12.956000+00:00,20.990698079999994,0.338649048324,21.329347128323995
8,8923899787,dota2-enjoy-yb1-2026-08-01-game1,2026-08-01T11:45:49.553000+00:00,-79.19392887999999,1.580220904464,-77.61370797553599
8,8924057168,dota2-l1ga-lgd-2026-08-01-game1,2026-08-01T13:34:16.709000+00:00,0.0,0.0,0.0
8,8924222714,dota2-l1ga-lgd-2026-08-01-game2,2026-08-01T15:02:43.462000+00:00,0.0,0.0,0.0
8,8924328537,dota2-glyph-z10-2026-08-01-game1,2026-08-01T15:59:42.950000+00:00,-197.29092208999995,3.32813179856175,-193.9627902914382
8,8924367779,dota2-l1ga-lgd-2026-08-01,2026-08-01T16:23:12.450000+00:00,-33.73440000000002,0.641556,-33.09284400000002
8,8924468754,dota2-glyph-z10-2026-08-01-game2,2026-08-01T17:25:49.795000+00:00,-37.708101119999995,3.919483677648,-33.78861744235199
8,8924530036,dota2-rnx-xtreme-2026-08-01-game1,2026-08-01T18:06:50.164000+00:00,7.291618129999996,1.07723720073825,8.368855330738246
8,8924616191,dota2-rnx-xtreme-2026-08-01-game2,2026-08-01T19:06:22.446000+00:00,98.94244411000011,1.85297347218225,100.79541758218237
8,8925210898,dota2-playti-xctn-2026-08-02-game1,2026-08-02T05:28:20.542000+00:00,-43.928,1.0109285999999997,-42.9170714
8,8925308090,dota2-playti-xctn-2026-08-02-game2,2026-08-02T07:03:47.891000+00:00,0.0,0.0,0.0
8,8925543582,dota2-yes-tr7-2026-08-02-game1,2026-08-02T10:44:16.945000+00:00,1.092798440000021,1.656978039384,2.749776479384021
8,8925703946,dota2-yes-tr7-2026-08-02-game2,2026-08-02T11:58:57.158000+00:00,50.85393013999987,4.1830516441305,55.03698178413037
8,8925847726,dota2-yes-tr7-2026-08-02,2026-08-02T13:17:43.701000+00:00,95.9423999999999,3.05087082,98.9932708199999
8,8926022375,dota2-rnx-yb1-2026-08-02-game1,2026-08-02T15:09:53.856000+00:00,69.17900000000003,6.87090624,76.04990624000003
8,8926232913,dota2-rnx-yb1-2026-08-02-game2,2026-08-02T16:42:19.665000+00:00,3.9558000000000106,3.657390525,7.613190525000011
8,8926381426,dota2-rnx-yb1-2026-08-02,2026-08-02T18:14:10.009000+00:00,23.24995339999998,1.3867325182199999,24.63668591821998
8,8926523280,dota2-z10-lgd-2026-08-02-game1,2026-08-02T19:59:32.068000+00:00,-14.740000000000009,0.7999904999999999,-13.94000950000001
8,8926636219,dota2-z10-lgd-2026-08-02-game2,2026-08-02T21:07:31.416000+00:00,-19.286,1.1681894999999998,-18.1178105
8,8927063876,dota2-glyph-playti-2026-08-03-game2,2026-08-03T06:55:36.873000+00:00,124.12399999999977,2.456105085,126.58010508499977
8,8927132943,dota2-glyph-playti-2026-08-03,2026-08-03T08:27:35.152000+00:00,45.80266720000001,2.0558662325999997,47.85853343260001
8,8927207054,dota2-xtreme-tr7-2026-08-03-game1,2026-08-03T10:00:05.212000+00:00,14.45870819000001,1.78559970888825,16.24430789888826
8,8927288399,dota2-xtreme-tr7-2026-08-03-game2,2026-08-03T11:00:48.642000+00:00,-0.6977999999999867,0.467769825,-0.23003017499998668
8,8927380776,dota2-xtreme-tr7-2026-08-03,2026-08-03T12:15:30.661000+00:00,-17.241402599999958,1.368671573565,-15.872731026434959
8,8927539264,dota2-vg-yb1-2026-08-03-game1,2026-08-03T14:05:56.825000+00:00,59.49375915999997,1.8287539986660002,61.32251315866597
8,8927660975,dota2-vg-yb1-2026-08-03-game2,2026-08-03T15:05:20.968000+00:00,108.32960000000014,4.475403855,112.80500385500014
8,8927760296,dota2-vg-yb1-2026-08-03,2026-08-03T16:18:19.713000+00:00,53.529300000000056,3.8163561674999995,57.34565616750005
8,8927926397,dota2-re-lgd-2026-08-03-game1,2026-08-03T18:09:03.381000+00:00,8.955299999999994,0.9651574574999999,9.920457457499994
8,8928050264,dota2-re-lgd-2026-08-03-game2,2026-08-03T19:19:18.313000+00:00,0.0,0.0,0.0
8,8928163118,dota2-re-lgd-2026-08-03,2026-08-03T20:43:38.722000+00:00,-40.425399999999996,3.037201605,-37.388198394999996
8,8928851109,dota2-playti-tr7-2026-08-04-game1,2026-08-04T11:30:07.829000+00:00,-16.724682940000022,1.5419588894504999,-15.182724050549522
8,8928953683,dota2-playti-tr7-2026-08-04-game2,2026-08-04T12:46:11.879000+00:00,37.63956615000001,3.52255933963125,41.16212548963126
8,8929124210,dota2-yb1-re-2026-08-04-game1,2026-08-04T14:38:55.576000+00:00,12.832317820000014,2.283135890787,15.115453710787014
8,8929276426,dota2-yb1-re-2026-08-04-game2,2026-08-04T15:54:25.550000+00:00,2.996210000000012,1.57836765375,4.574577653750012
8,8929365099,dota2-yb1-re-2026-08-04,2026-08-04T16:51:08.308000+00:00,17.748974250000074,3.68648685418125,21.435461104181325
8,8930200713,dota2-tr7-re-2026-08-05-game1,2026-08-05T08:20:38.811000+00:00,-13.751000000000033,1.3843632750000001,-12.366636725000033
8,8930258778,dota2-tr7-re-2026-08-05-game2,2026-08-05T09:25:42.941000+00:00,-53.75099999999996,9.06842394,-44.68257605999996
8,8930398938,dota2-playti-yb1-2026-08-05-game1,2026-08-05T12:24:04.133000+00:00,9.757600000000025,2.95625832,12.713858320000025
8,8930615242,dota2-playti-yb1-2026-08-05-game2,2026-08-05T14:02:56.166000+00:00,197.10019999999997,1.2716233049999999,198.37182330499996
8,8930736914,dota2-playti-yb1-2026-08-05-game3,2026-08-05T15:09:49.519000+00:00,10.569999999999965,1.21085625,11.780856249999964
8,8931781241,dota2-lvlup1-rearis-2026-08-06-game1,2026-08-06T09:28:03.156000+00:00,0.0,0.0,0.0
8,8931852727,dota2-lvlup1-rearis-2026-08-06-game2,2026-08-06T10:30:33.624000+00:00,-110.36243720000004,3.29406690165,-107.06837029835005
8,8931981851,dota2-rearis-nh-2026-08-06-game1,2026-08-06T12:26:15.226000+00:00,0.0,0.050624999999999996,0.050624999999999996
8,8932085762,dota2-rearis-nh-2026-08-06-game2,2026-08-06T13:20:21.204000+00:00,8.063999999999997,0.15431099999999998,8.218310999999996
8,8932181345,dota2-rearis-nh-2026-08-06,2026-08-06T14:22:22.478000+00:00,4.498000000000019,0.24876188999999996,4.746761890000019
8,8932318084,dota2-nh-lvlup1-2026-08-06-game1,2026-08-06T15:34:15.395000+00:00,-56.94230000000002,1.5391241625,-55.403175837500015
8,8932413808,dota2-nh-lvlup1-2026-08-06-game2,2026-08-06T16:23:29.211000+00:00,-0.0799999999999983,0.1097718,0.029771800000001708
8,8932523868,dota2-nh-lvlup1-2026-08-06,2026-08-06T17:36:18.454000+00:00,5.5253999999999905,1.76960133,7.295001329999991
8,8932657929,dota2-ill-pr1-2026-08-06-game1,2026-08-06T19:12:10.345000+00:00,11.129596060000011,0.8340621693854999,11.963658229385512
8,8932835800,dota2-ill-pr1-2026-08-06,2026-08-06T21:22:55.783000+00:00,-9.233300000000014,1.0590395625,-8.174260437500013
8,8933374169,dota2-nh-z10-2026-08-07-game1,2026-08-07T09:29:47.916000+00:00,0.0,0.0,0.0
8,8933453728,dota2-nh-z10-2026-08-07-game2,2026-08-07T10:40:19.376000+00:00,0.0,0.0,0.0
8,8933575351,dota2-ill-stx-2026-08-07-game1,2026-08-07T12:33:02.695000+00:00,-125.97639999999996,3.4463973599999997,-122.53000263999995
8,8933704579,dota2-ill-stx-2026-08-07-game2,2026-08-07T13:44:43.178000+00:00,-43.55385140000007,5.34923855433,-38.20461284567007
8,8933879286,dota2-pr1-jenz-2026-08-07-game1,2026-08-07T15:25:51.002000+00:00,-277.8951000000001,4.8559239075,-273.0391760925001
8,8933988979,dota2-pr1-jenz-2026-08-07-game2,2026-08-07T16:29:38.697000+00:00,2.7245444900000138,0.7433764122247499,3.4679209022247637
8,8934184387,dota2-jenz-nemiga-2026-08-07-game1,2026-08-07T18:35:03.983000+00:00,0.0,0.0,0.0
8,8934279386,dota2-jenz-nemiga-2026-08-07-game2,2026-08-07T19:33:30.612000+00:00,0.0,0.0,0.0
8,8936825643,dota2-pr1-yes-2026-08-09-game1,2026-08-09T09:22:32.992000+00:00,-30.81857864,1.6829988306359998,-29.135579809364
8,8937080738,dota2-pr1-yes-2026-08-09,2026-08-09T12:20:23.208000+00:00,36.773988050000014,8.65656087083625,45.430548920836266
8,8937188618,dota2-lvlup1-mouz-2026-08-09-game1,2026-08-09T13:17:49.636000+00:00,-49.23462196000003,3.6192831681539994,-45.61533879184603
8,8937335830,dota2-lvlup1-mouz-2026-08-09-game2,2026-08-09T14:27:35.299000+00:00,3.07690000000008,2.0628373124999997,5.139737312500079
8,8937484593,dota2-ill-re-2026-08-09-game1,2026-08-09T15:55:00.679000+00:00,-7.090200000000001,0.41280426,-6.6773957400000015
8,8937631882,dota2-ill-re-2026-08-09-game2,2026-08-09T17:12:21.447000+00:00,230.173224,1.2825514563,231.45577545630002
8,8937722788,dota2-z10-navi-2026-08-09-game1,2026-08-09T18:17:16.930000+00:00,-2.0,0.08940000000000001,-1.9106
8,8938509987,dota2-pr1-mouz-2026-08-10-game1,2026-08-10T09:24:47.767000+00:00,-6.779600000000016,1.23812445,-5.541475550000016
8,8938565057,dota2-pr1-mouz-2026-08-10-game2,2026-08-10T10:12:07.159000+00:00,-2.489099999999967,1.3753437525,-1.1137562474999667
8,8938634026,dota2-pr1-mouz-2026-08-10,2026-08-10T11:15:54.851000+00:00,2.8539850200001524,3.720128753319,6.574113773319152
8,8938716198,dota2-ill-z10-2026-08-10-game1,2026-08-10T12:25:50.383000+00:00,5.433385419999976,1.4374392579554998,6.870824677955476
8,8939023869,dota2-yes-lvlup1-2026-08-10-game1,2026-08-10T15:24:37.289000+00:00,19.033700000000017,0.6676326974999999,19.701332697500018
8,8940059913,dota2-lvlup1-navi-2026-08-11-game1,2026-08-11T09:16:02.605000+00:00,14.323499999999981,0.3034442475,14.626944247499981
8,8940117837,dota2-lvlup1-navi-2026-08-11-game2,2026-08-11T10:12:11.551000+00:00,-16.136500629999887,7.314795259523249,-8.821705370476637
8,8940266495,dota2-mouz-re-2026-08-11-game1,2026-08-11T12:16:13.042000+00:00,37.25296199999997,2.99747787555,40.250439875549965
8,8940365227,dota2-mouz-re-2026-08-11-game2,2026-08-11T13:12:04.281000+00:00,-57.370038770000036,2.30946830854725,-55.060570461452784
8,8940487898,dota2-mouz-re-2026-08-11,2026-08-11T14:25:06.999000+00:00,-25.934983719999963,3.055127588019,-22.87985613198096
8,8940643574,dota2-yes-z10-2026-08-11-game1,2026-08-11T15:45:57.067000+00:00,14.97437746000007,2.0073409626915,16.98171842269157
8,8940756672,dota2-yes-z10-2026-08-11-game2,2026-08-11T16:48:25.758000+00:00,-23.024376440000083,2.700849065223,-20.323527374777083
8,8941656460,dota2-lvlup1-re-2026-08-12-game1,2026-08-12T09:19:34.658000+00:00,11.99369999999999,2.7467300174999996,14.740430017499989
8,8941733752,dota2-lvlup1-re-2026-08-12-game2,2026-08-12T10:35:42.245000+00:00,24.002799999999993,2.674710255,26.677510254999994
8,8941817475,dota2-lvlup1-re-2026-08-12,2026-08-12T11:50:26.039000+00:00,13.559200000000004,1.52895525,15.088155250000003
8,8942003788,dota2-navi-lvlup1-2026-08-12-game1,2026-08-12T13:42:36.457000+00:00,5.1947999999999865,0.6681811499999999,5.862981149999986
8,8942152024,dota2-navi-lvlup1-2026-08-12-game2,2026-08-12T14:50:30.897000+00:00,0.6999999999999957,0.15156750000000002,0.8515674999999958
8,8942262723,dota2-navi-lvlup1-2026-08-12-game3,2026-08-12T15:53:47.795000+00:00,48.554283059999875,0.7699877355510001,49.32427079555087
8,8962372120,dota2-ic-nemiga-2026-08-24-game1,2026-08-24T07:17:08.649000+00:00,0.0,0.0,0.0
8,8962458373,dota2-ic-nemiga-2026-08-24-game2,2026-08-24T08:26:45.454000+00:00,-1.4662017799999987,0.8411238388589999,-0.6250779411409988
8,8962592819,dota2-ks-lynx-2026-08-24-game1,2026-08-24T10:19:27.562000+00:00,0.0,0.0,0.0
8,8962736746,dota2-ks-lynx-2026-08-24-game2,2026-08-24T11:33:18.452000+00:00,137.96225652000007,3.6975597479249993,141.65981626792507
8,8962964580,dota2-sb5-stx-2026-08-24-game1,2026-08-24T13:25:23.881000+00:00,-4.278761939999995,0.143293215609,-4.1354687243909956
8,8963508714,dota2-rearis-lynx-2026-08-24-game2,2026-08-24T17:37:20.349000+00:00,37.74513361000004,2.6267096392477502,40.37184324924779
8,8963649188,dota2-dynast1-fts-2026-08-24-game1,2026-08-24T19:15:00.848000+00:00,0.44870000000000054,0.0103986225,0.45909862250000055
8,8963790789,dota2-dynast1-fts-2026-08-24-game2,2026-08-24T20:20:45.642000+00:00,-0.29999999999999893,0.0614325,-0.23856749999999893
8,8964399842,dota2-pckcp-nemiga-2026-08-25-game1,2026-08-25T07:22:10.248000+00:00,-30.501401449999996,1.3463432186812498,-29.155058231318748
8,8964480771,dota2-pckcp-nemiga-2026-08-25-game2,2026-08-25T08:31:41.723000+00:00,-27.33611153999999,3.8467010392604997,-23.489410500739492
8,8964574076,dota2-pckcp-nemiga-2026-08-25,2026-08-25T09:52:05.670000+00:00,-9.351799999999997,1.50080805,-7.850991949999997
8,8964657335,dota2-fts-pckcp-2026-08-25-game1,2026-08-25T10:52:11.864000+00:00,0.0,0.0,0.0
8,8964837315,dota2-fts-pckcp-2026-08-25-game2,2026-08-25T12:34:06.314000+00:00,1.2753299700000582,2.49326386530525,3.768593835305308
8,8964962329,dota2-ic-fts-2026-08-25-game1,2026-08-25T13:50:36.471000+00:00,185.86212755000037,2.1065277926107497,187.96865534261113
8,8965097316,dota2-ic-fts-2026-08-25-game2,2026-08-25T14:41:01.046000+00:00,-5.485266969999934,1.33456194184275,-4.150705028157184
8,8964938940,dota2-rearis-spirit1-2026-08-25-game1,2026-08-25T16:23:39.394000+00:00,3.2432562200000064,0.632533520685,3.8757897406850064
8,8965544741,dota2-rearis-spirit1-2026-08-25,2026-08-25T18:44:21.316000+00:00,-68.17485886000017,3.5595142616009996,-64.61534459839918
8,8969842778,dota2-pckcp-ic-2026-08-28-game2,2026-08-28T08:21:21.985000+00:00,93.71689153999984,5.10164421045,98.81853575044984
8,8969978865,dota2-rearis-sb5-2026-08-28-game1,2026-08-28T10:27:01.322000+00:00,-1.9322999999999784,0.5439347325,-1.3883652674999785
8,8970089224,dota2-rearis-sb5-2026-08-28-game2,2026-08-28T11:41:09.553000+00:00,5.0,0.57675,5.57675
8,8970207176,dota2-rearis-sb5-2026-08-28,2026-08-28T12:56:49.576000+00:00,11.062624089999993,0.9306230026552499,11.993247092655242
8,8970338180,dota2-synaps-nemiga-2026-08-28-game1,2026-08-28T14:09:13.367000+00:00,30.388794830000187,3.8981435897242496,34.286938419724436
8,8970352005,dota2-dynast1-ic-2026-08-28-game1,2026-08-28T14:10:35.964000+00:00,0.3828577000000024,0.086137839255,0.4689955392550024
8,8970470057,dota2-synaps-nemiga-2026-08-28-game2,2026-08-28T15:09:53.245000+00:00,105.99610932999998,1.04663157482775,107.04274090482774
8,8970485789,dota2-dynast1-ic-2026-08-28-game2,2026-08-28T15:14:26.848000+00:00,-74.62658619000001,4.49632389752175,-70.13026229247826
8,8970575970,dota2-synaps-nemiga-2026-08-28,2026-08-28T16:02:11.965000+00:00,32.63468994999998,1.31672158858125,33.95141153858123
8,8970655100,dota2-dynast1-ic-2026-08-28,2026-08-28T16:43:34.585000+00:00,1.8008794399999992,0.209610202362,2.0104896423619993
8,8970886632,dota2-dynast1-pckcp-2026-08-28-game2,2026-08-28T18:51:22.084000+00:00,27.51903372000001,1.7248783103144998,29.24391203031451
8,8971007454,dota2-ks-rearis-2026-08-28-game1,2026-08-28T20:11:41.712000+00:00,-120.26791704999988,5.189957564036249,-115.07795948596363
8,8971016820,dota2-fts-nemiga-2026-08-28-game1,2026-08-28T20:17:43.711000+00:00,0.0,0.0,0.0
8,8971111987,dota2-ks-rearis-2026-08-28-game2,2026-08-28T21:24:47.695000+00:00,12.120000000000015,0.37530899999999995,12.495309000000015
8,8971423978,dota2-db2-satan-2026-08-28-game2,2026-08-29T03:20:55.120000+00:00,0.0,0.0,0.0
8,8971501630,dota2-nexus-cres-2026-08-28,2026-08-29T04:51:09.441000+00:00,-6.372401280000005,2.115879775296,-4.256521504704006
8,8971519375,dota2-nem-6seven-2026-08-29-game1,2026-08-29T05:14:15.579000+00:00,142.02530426000033,2.7095095098015,144.73481376980183
8,8971586781,dota2-nem-6seven-2026-08-29-game2,2026-08-29T06:13:46.689000+00:00,-24.108199999999925,1.2177942449999999,-22.890405754999925
8,8971664649,dota2-nem-6seven-2026-08-29,2026-08-29T07:24:10.704000+00:00,4.051986059999997,0.5570434961955,4.609029556195497
8,8971753986,dota2-icecre-kineti-2026-08-29-game1,2026-08-29T08:38:12.829000+00:00,0.0,0.0,0.0
8,8971849697,dota2-icecre-kineti-2026-08-29-game2,2026-08-29T09:43:14.699000+00:00,0.0,0.0,0.0
8,8971891627,dota2-dynast1-nemiga-2026-08-29-game1,2026-08-29T10:17:49.464000+00:00,7.543732800000008,0.47504611728,8.018778917280008
8,8971964803,dota2-mouz-yes-2026-08-29-game1,2026-08-29T11:13:49.271000+00:00,-5.280800929999998,2.87796367241925,-2.402837257580748
8,8971988345,dota2-sb5-lynx-2026-08-29-game1,2026-08-29T11:21:30.742000+00:00,-3.1136850799999953,0.265051039836,-2.8486340401639954
8,8972103119,dota2-sb5-lynx-2026-08-29-game2,2026-08-29T12:31:54.536000+00:00,-13.416529800000006,0.5615638427549999,-12.854965957245007
8,8972115962,dota2-mouz-yes-2026-08-29-game2,2026-08-29T12:36:59.931000+00:00,4.956049120000008,1.284165023478,6.240214143478008
8,8972289868,dota2-huliga-lynx-2026-08-29-game1,2026-08-29T14:15:10.550000+00:00,-42.01579526999997,4.25098468161075,-37.76481058838922
8,8972502454,dota2-huliga-lynx-2026-08-29-game2,2026-08-29T15:52:19.963000+00:00,29.046797080000033,2.1141282693059997,31.160925349306034
8,8972611918,dota2-huliga-lynx-2026-08-29,2026-08-29T16:49:36.587000+00:00,-2.6046000000000618,5.02974564,2.425145639999938
8,8972773416,dota2-pi-lvlup1-2026-08-29-game1,2026-08-29T18:17:23.637000+00:00,-120.44114031999987,4.6221219179955,-115.81901840200437
8,8972893200,dota2-pi-lvlup1-2026-08-29-game2,2026-08-29T19:20:53.860000+00:00,-25.210999999999956,1.06351413,-24.147485869999954
8,8973011673,dota2-pi-lvlup1-2026-08-29,2026-08-29T20:33:12.059000+00:00,14.588599999999985,1.92823017,16.516830169999984
8,8973010298,dota2-ks-spirit1-2026-08-29-game1,2026-08-29T20:38:42.759000+00:00,0.0,0.0,0.0
8,8973337131,dota2-icecre-xctn-2026-08-30-game1,2026-08-30T02:14:49.254000+00:00,0.0,0.0,0.0
8,8973405568,dota2-icecre-xctn-2026-08-30-game2,2026-08-30T03:19:55.483000+00:00,-2.570004749999999,0.05618023966875001,-2.513824510331249
8,8973462028,dota2-icecre-xctn-2026-08-30,2026-08-30T04:30:11.988000+00:00,-14.425997360000025,4.333695124746,-10.092302235254024
8,8973502629,dota2-clo-yb1-2026-08-30-game1,2026-08-30T05:13:07.837000+00:00,5.579399999999991,0.6889056299999999,6.268305629999991
8,8973568453,dota2-clo-yb1-2026-08-30-game2,2026-08-30T06:12:50.377000+00:00,0.0,0.0,0.0
8,8973613420,dota2-clo-yb1-2026-08-30,2026-08-30T07:04:46.677000+00:00,8.625000000000014,0.27895360500000005,8.903953605000014
8,8973707438,dota2-lynx-lvlup1-2026-08-30-game1,2026-08-30T08:16:36.050000+00:00,-23.852599999999995,2.6974321349999997,-21.155167864999996
8,8973859403,dota2-lynx-lvlup1-2026-08-30-game2,2026-08-30T09:56:31.353000+00:00,12.41033254999985,2.8603080618862498,15.270640611886101
8,8973884000,dota2-nem-xctn-2026-08-30-game2,2026-08-30T10:12:32.710000+00:00,-6.8462161399999815,1.765221499218,-5.080994640781982
8,8973944033,dota2-lynx-lvlup1-2026-08-30,2026-08-30T10:50:43.696000+00:00,-43.164100000000246,6.543503107499999,-36.620596892500245
8,8974185539,dota2-navi-mouz-2026-08-30-game2,2026-08-30T13:08:29.090000+00:00,-7.861215800000011,2.33119231416,-5.530023485840011
8,8974647733,dota2-lvlup1-pr1-2026-08-30-game1,2026-08-30T17:09:16.077000+00:00,-17.654860459999977,3.361025952372,-14.293834507627977
8,8974898633,dota2-lvlup1-pr1-2026-08-30,2026-08-30T19:25:58.777000+00:00,-11.977131669999949,5.812647926070749,-6.1644837439292
8,8975110449,dota2-dynast1-ks-2026-08-30-game2,2026-08-30T21:54:27.706000+00:00,26.940900000000028,1.6414546874999998,28.58235468750003
8,8975871235,dota2-synaps-lynx-2026-08-31-game1,2026-08-31T12:26:44.788000+00:00,-74.0747715899999,5.797664452419749,-68.27710713758015
8,8976012755,dota2-synaps-lynx-2026-08-31-game2,2026-08-31T13:41:35.303000+00:00,0.0,0.21503232,0.21503232
8,8976166971,dota2-synaps-lynx-2026-08-31,2026-08-31T15:09:07.826000+00:00,6.77597700000014,3.9558006216,10.73177762160014
8,8976300473,dota2-4iki-ic-2026-08-31-game1,2026-08-31T16:25:39.940000+00:00,7.21784667999999,1.2376504359359999,8.45549711593599
8,8976441468,dota2-4iki-ic-2026-08-31-game2,2026-08-31T17:43:06.122000+00:00,98.53167292,0.729864432321,99.261537352321
8,8976511215,dota2-4iki-ic-2026-08-31,2026-08-31T18:29:54.020000+00:00,55.731610300000014,3.4794740015084997,59.211084301508514
8,8976665322,dota2-spirit1-pi-2026-08-31-game1,2026-08-31T20:26:57.494000+00:00,50.28890000000004,2.1276235275,52.41652352750004
8,8976751962,dota2-spirit1-pi-2026-08-31-game2,2026-08-31T21:40:17.685000+00:00,0.0,0.0,0.0
8,8977325814,dota2-ks-pckcp-2026-09-01-game2,2026-09-01T10:26:27.059000+00:00,45.78006334999998,1.7732315553487499,47.55329490534873
8,8977476867,dota2-ic-lynx-2026-09-01-game1,2026-09-01T12:26:04.131000+00:00,-6.396179040000021,1.648306244544,-4.747872795456021
8,8977623650,dota2-ic-lynx-2026-09-01-game2,2026-09-01T13:53:28.128000+00:00,22.347099999999955,4.1398227525,26.486922752499954
8,8977913355,dota2-synaps-lvlup1-2026-09-01-game2,2026-09-01T16:37:59.217000+00:00,2.6599999999999966,0.3307709999999999,2.9907709999999965
8,8978023576,dota2-synaps-lvlup1-2026-09-01,2026-09-01T17:45:54.185000+00:00,-28.84159999999997,1.3094369699999997,-27.53216302999997
8,8978832148,dota2-pr1-ic-2026-09-02-game1,2026-09-02T09:52:32.767000+00:00,101.87925094999997,2.24630240716125,104.12555335716122
8,8978916284,dota2-pr1-ic-2026-09-02-game2,2026-09-02T11:19:11.539000+00:00,0.0,0.0,0.0
8,8978986214,dota2-pr1-ic-2026-09-02,2026-09-02T12:20:55.440000+00:00,-8.219100000000026,0.8364989025,-7.382601097500026
8,8979131280,dota2-dynast1-pckcp-2026-09-02-game1,2026-09-02T13:56:13.878000+00:00,0.0,0.0,0.0
8,8979241530,dota2-dynast1-pckcp-2026-09-02-game2,2026-09-02T14:56:18.245000+00:00,70.98499999999993,1.2962344349999997,72.28123443499993
8,8979344496,dota2-synaps-4iki-2026-09-02-game1,2026-09-02T15:59:27.587000+00:00,-10.607021050000007,5.00253974254875,-5.604481307451257
8,8980293569,dota2-z10-ks-2026-09-03-game1,2026-09-03T09:18:42.909000+00:00,25.93534329999997,0.7876455234224999,26.722988823422472
8,8980358113,dota2-z10-ks-2026-09-03-game2,2026-09-03T10:27:20.250000+00:00,3.863221199999998,1.2491766429,5.112397842899998
8,8980463789,dota2-pckcp-spirit1-2026-09-03-game1,2026-09-03T12:14:02.762000+00:00,12.530452399999987,0.60258699774,13.133039397739987
8,8980769413,dota2-pi-dynast1-2026-09-03-game1,2026-09-03T15:17:23.998000+00:00,148.19694370000013,1.9046267520224998,150.10157045202263
9,8837869969,dota2-aur1-ty-2026-06-04-game1,2026-06-04T09:17:47.612000+00:00,67.61639999999994,3.032337525,70.64873752499994
9,8837957019,dota2-aur1-ty-2026-06-04-game2,2026-06-04T11:05:49.570000+00:00,25.497099999999932,6.7047318825,32.20183188249993
9,8838056564,dota2-flc-liquid-2026-06-04-game1,2026-06-04T12:43:48.535000+00:00,-5.125099999999977,2.8445847224999996,-2.280515277499977
9,8838170936,dota2-flc-liquid-2026-06-04-game2,2026-06-04T14:05:12.636000+00:00,-5.507100880000024,6.121191274596,0.6140903945959755
9,8838396820,dota2-lgd-ty-2026-06-04-game2,2026-06-04T16:48:28.531000+00:00,-1.3445999999999856,3.9438751199999995,2.599275120000014
9,8838480778,dota2-lgd-ty-2026-06-04,2026-06-04T17:57:47.377000+00:00,-81.08630043,5.59638017033925,-75.48992025966075
9,8839123109,dota2-flc-bb4-2026-06-05-game1,2026-06-05T09:16:39.267000+00:00,-77.82180000000002,1.1879594549999999,-76.63384054500003
9,8839193447,dota2-flc-bb4-2026-06-05-game2,2026-06-05T10:38:10.594000+00:00,-19.309500000000014,1.1015859074999999,-18.207914092500015
9,8839366504,dota2-lgd-liquid-2026-06-05-game2,2026-06-05T13:21:18.066000+00:00,-121.34620000000001,3.7746106799999994,-117.57158932000002
9,8839494962,dota2-flc-aur1-2026-06-05-game1,2026-06-05T14:52:18.684000+00:00,35.37927472000001,4.1985381744120005,39.57781289441201
9,8839625815,dota2-flc-aur1-2026-06-05-game2,2026-06-05T16:13:53.150000+00:00,2.208200000000005,0.6814060949999998,2.889606095000005
9,8839717574,dota2-flc-aur1-2026-06-05,2026-06-05T17:21:15.591000+00:00,-1.540388820000146,3.0917411026245,1.5513522826243538
9,8840635639,dota2-ty-bb4-2026-06-06-game1,2026-06-06T10:47:49.658000+00:00,4.3647999999999865,0.6692393999999999,5.034039399999987
9,8840704374,dota2-ty-bb4-2026-06-06-game2,2026-06-06T11:51:44.485000+00:00,-31.441200000000045,3.93051591,-27.510684090000044
9,8840821227,dota2-ty-bb4-2026-06-06,2026-06-06T13:12:37.368000+00:00,48.464199210000004,4.140956893044749,52.605156103044756
9,8840984097,dota2-aur1-lgd-2026-06-06-game1,2026-06-06T15:05:33.978000+00:00,3.293164360000162,3.344391134727,6.637555494727162
9,8841114801,dota2-aur1-lgd-2026-06-06-game2,2026-06-06T16:30:29.855000+00:00,50.17799999999997,2.369072325,52.54707232499997
9,8842052142,dota2-bb4-lgd-2026-06-07-game1,2026-06-07T09:18:04.694000+00:00,135.5998000000002,7.90076727,143.50056727000018
9,8842134886,dota2-bb4-lgd-2026-06-07-game2,2026-06-07T10:28:41.168000+00:00,15.862560229999874,5.1082181750167495,20.970778405016624
9,8842245726,dota2-bb4-lgd-2026-06-07,2026-06-07T11:59:53.564000+00:00,11.716200000000086,1.57235796,13.288557960000086
9,8842468101,dota2-ty-lgd-2026-06-07-game1,2026-06-07T14:21:40.854000+00:00,-18.27789999999999,0.9690251625,-17.30887483749999
9,8842596730,dota2-ty-lgd-2026-06-07-game2,2026-06-07T15:49:20.066000+00:00,0.0,0.0,0.0
9,8842722527,dota2-ty-lgd-2026-06-07-game3,2026-06-07T17:12:22.566000+00:00,33.77589914999999,2.5945735555237497,36.37047270552374
9,8842845018,dota2-ty-lgd-2026-06-07-game4,2026-06-07T18:51:58.999000+00:00,1.5691000000000006,0.010238377500000001,1.5793383775000005
9,8843465364,dota2-4iki-nande4-2026-06-08-game1,2026-06-08T09:15:08.776000+00:00,-85.1361999999998,4.764263595,-80.3719364049998
9,8843512570,dota2-4iki-nande4-2026-06-08-game2,2026-06-08T10:09:45.609000+00:00,-103.81200073000002,0.87254053275525,-102.93946019724477
9,8843560379,dota2-4iki-nande4-2026-06-08,2026-06-08T11:10:54.138000+00:00,0.3200000000000003,0.028752,0.3487520000000003
9,8843760302,dota2-vpp-balu-2026-06-08-game2,2026-06-08T13:42:26.324000+00:00,32.91080000000002,0.4547386499999999,33.365538650000026
9,8844054970,dota2-z10-sb5-2026-06-08-game2,2026-06-08T17:08:41.204000+00:00,19.57020000000001,0.658420335,20.22862033500001
9,8844132483,dota2-vpp-z10-2026-06-08-game1,2026-06-08T18:23:01.210000+00:00,0.0,0.0,0.0
9,8844244719,dota2-vpp-z10-2026-06-08-game2,2026-06-08T19:45:42.908000+00:00,64.15106666999992,1.27087191188325,65.42193858188317
9,8844308689,dota2-vpp-z10-2026-06-08,2026-06-08T20:50:38.757000+00:00,147.03670000000005,3.1915355324999997,150.22823553250007
9,8850534819,dota2-ill-pr1-2026-06-13-game2,2026-06-13T17:10:42.502000+00:00,-7.5,0.6320624999999999,-6.8679375
9,8850593633,dota2-ill-pr1-2026-06-13,2026-06-13T18:00:57.551000+00:00,0.0,0.0,0.0
9,8851984783,dota2-4iki-pr1-2026-06-14-game2,2026-06-14T16:46:25.798000+00:00,-2.5254000000000083,1.63384773,-0.8915522700000083
9,8852055373,dota2-4iki-pr1-2026-06-14,2026-06-14T17:46:02.690000+00:00,0.050000000000000266,0.018431250000000003,0.06843125000000028
9,8854443395,dota2-fla-spirit1-2026-06-16-game1,2026-06-16T16:31:44.570000+00:00,-1.8000000000000007,0.073485,-1.7265150000000007
9,8885183102,dota2-flc-bb4-2026-07-07-game1,2026-07-07T09:47:24.433000+00:00,-13.970664810000017,2.37748400399925,-11.593180806000767
9,8885195986,dota2-re-xtreme-2026-07-07-game1,2026-07-07T09:55:03.037000+00:00,7.792200000000008,0.6566876549999998,8.448887655000007
9,8885252329,dota2-flc-bb4-2026-07-07-game2,2026-07-07T11:01:59.599000+00:00,3.928299999999922,2.4848811674999998,6.413181167499921
9,8885275216,dota2-re-xtreme-2026-07-07-game2,2026-07-07T11:16:11.813000+00:00,-10.247599999999949,0.899088225,-9.348511774999949
9,8885365825,dota2-l1ga-ngx-2026-07-07-game1,2026-07-07T12:34:49.112000+00:00,0.0,0.0,0.0
9,8885380529,dota2-liquid-playti-2026-07-07-game1,2026-07-07T12:43:07.045000+00:00,-1.8430999999999642,2.0353425224999997,0.19224252250003548
9,8885411801,dota2-lvlup1-aur1-2026-07-07-game1,2026-07-07T13:06:28.530000+00:00,0.0,0.0,0.0
9,8885470551,dota2-l1ga-ngx-2026-07-07-game2,2026-07-07T13:39:34.570000+00:00,30.43341499999999,1.727795979375,32.16121097937499
9,8885473599,dota2-liquid-playti-2026-07-07-game2,2026-07-07T13:52:27.923000+00:00,26.22064468000002,6.064862669844,32.28550734984402
9,8885529711,dota2-lvlup1-aur1-2026-07-07-game2,2026-07-07T14:23:52.590000+00:00,16.971400000000017,0.17814855000000007,17.149548550000016
9,8885633666,dota2-ts8-mouz-2026-07-07-game1,2026-07-07T15:33:28.678000+00:00,69.77700000000004,8.97363423,78.75063423000005
9,8885665054,dota2-nem-pari-2026-07-07-game1,2026-07-07T15:41:38.548000+00:00,66.84549099999995,1.084703408925,67.93019440892495
9,8885784652,dota2-ts8-mouz-2026-07-07-game2,2026-07-07T17:16:32.961000+00:00,-40.96155147999997,3.619973723241,-37.341577756758966
9,8885871759,dota2-ic-1win-2026-07-07-game1,2026-07-07T18:31:07.999000+00:00,0.8500000000000014,0.053966999999999994,0.9039670000000014
9,8885928262,dota2-ty-og-2026-07-07-game1,2026-07-07T19:03:44.444000+00:00,47.67840000000001,0.4282757099999999,48.10667571000001
9,8885974297,dota2-ic-1win-2026-07-07-game2,2026-07-07T19:32:14.446000+00:00,0.0,0.0,0.0
9,8886005043,dota2-ty-og-2026-07-07-game2,2026-07-07T20:03:05.981000+00:00,0.0,0.0,0.0
9,8886576019,dota2-poorra-bb4-2026-07-08-game1,2026-07-08T09:20:01.472000+00:00,0.0,0.0,0.0
9,8886572854,dota2-gl-xtreme-2026-07-08-game1,2026-07-08T09:27:27.007000+00:00,-71.24259999999998,4.968934785,-66.27366521499998
9,8886638110,dota2-poorra-bb4-2026-07-08-game2,2026-07-08T10:36:00.005000+00:00,4.597400000000022,0.739975035,5.337375035000021
9,8886640910,dota2-flc-re-2026-07-08-game2,2026-07-08T10:39:41.623000+00:00,45.716200000000015,1.3404821399999998,47.056682140000014
9,8886641793,dota2-gl-xtreme-2026-07-08-game2,2026-07-08T10:45:04.782000+00:00,-23.0933,4.6165489575,-18.4767510425
9,8886728756,dota2-l1ga-playti-2026-07-08-game1,2026-07-08T12:02:19.795000+00:00,-46.86729999999994,5.9083149825,-40.95898501749994
9,8886736772,dota2-liquid-lvlup1-2026-07-08-game1,2026-07-08T12:08:59.488000+00:00,6.976799999999997,0.38075886000000003,7.3575588599999975
9,8886788497,dota2-ngx-aur1-2026-07-08-game1,2026-07-08T12:47:30.744000+00:00,40.387942280000004,0.8834839200779998,41.271426200078004
9,8886815251,dota2-l1ga-playti-2026-07-08-game2,2026-07-08T13:04:20.712000+00:00,8.333400000000012,0.8106314849999998,9.144031485000012
9,8886862310,dota2-liquid-lvlup1-2026-07-08-game2,2026-07-08T13:37:25.898000+00:00,7.391199999999998,0.053216640000000044,7.444416639999998
9,8886994890,dota2-ts8-nem-2026-07-08-game1,2026-07-08T14:59:11.781000+00:00,0.0,0.0,0.0
9,8887100676,dota2-vg-pari-2026-07-08-game1,2026-07-08T16:18:23.954000+00:00,0.0,0.0,0.0
9,8887114313,dota2-ts8-nem-2026-07-08-game2,2026-07-08T16:15:19.583000+00:00,-0.7380000000000031,0.062194949999999985,-0.6758050500000031
9,8887197358,dota2-vg-pari-2026-07-08-game2,2026-07-08T17:23:00.102000+00:00,0.0,0.0,0.0
9,8887218598,dota2-lgd-og-2026-07-08-game1,2026-07-08T17:27:41.870000+00:00,1.0600000000000023,0.08645249999999999,1.1464525000000023
9,8887260104,dota2-ty-ic-2026-07-08-game1,2026-07-08T17:58:24.214000+00:00,0.0,0.0,0.0
9,8887314193,dota2-lgd-og-2026-07-08-game2,2026-07-08T18:40:30.736000+00:00,-108.58031371999999,4.047452262624,-104.53286145737599
9,8887325211,dota2-vp-1win-2026-07-08-game1,2026-07-08T18:51:24.334000+00:00,-44.04779999999994,6.25411992,-37.79368007999994
9,8887337672,dota2-ty-ic-2026-07-08-game2,2026-07-08T19:01:29.872000+00:00,2.3810000000000002,0.467687925,2.848687925
9,8887432754,dota2-vp-1win-2026-07-08-game2,2026-07-08T20:20:02.742000+00:00,81.86940804,0.514621734951,82.384029774951
9,8887986392,dota2-poorra-xtreme-2026-07-09-game1,2026-07-09T09:21:30.237000+00:00,-68.57319999999999,7.46523519,-61.107964809999984
9,8887998750,dota2-bb4-re-2026-07-09-game1,2026-07-09T09:29:32.198000+00:00,-13.587500000000034,1.6354383825,-11.952061617500034
9,8888056358,dota2-poorra-xtreme-2026-07-09-game2,2026-07-09T10:34:44.979000+00:00,-3.357800000000026,3.25952337,-0.09827663000002573
9,8888066684,dota2-bb4-re-2026-07-09-game2,2026-07-09T10:43:25.275000+00:00,-37.55879775999999,1.647517653408,-35.91128010659199
9,8888083694,dota2-gl-flc-2026-07-09-game2,2026-07-09T11:11:32.224000+00:00,26.98020000000008,1.6537159350000001,28.633915935000083
9,8888160657,dota2-l1ga-aur1-2026-07-09-game1,2026-07-09T12:09:38.901000+00:00,5.677920000000022,0.8519083365000001,6.529828336500022
9,8888173515,dota2-playti-lvlup1-2026-07-09-game1,2026-07-09T12:20:27.216000+00:00,0.060000000000030695,0.68975181,0.7497518100000307
9,8888217771,dota2-ngx-liquid-2026-07-09-game1,2026-07-09T12:52:14.212000+00:00,5.555599999999998,0.8208399,6.3764398999999985
9,8888260336,dota2-l1ga-aur1-2026-07-09-game2,2026-07-09T13:20:05.771000+00:00,0.0,0.0,0.0
9,8888279558,dota2-playti-lvlup1-2026-07-09-game2,2026-07-09T13:33:23.111000+00:00,0.0,0.0,0.0
9,8888318197,dota2-ngx-liquid-2026-07-09-game2,2026-07-09T14:04:08.888000+00:00,6.381029199999908,2.7789999123599998,9.160029112359908
9,8888405761,dota2-mouz-nem-2026-07-09-game1,2026-07-09T14:48:45.816000+00:00,10.8108,0.7378370999999999,11.5486371
9,8888425887,dota2-rnx-pari-2026-07-09-game1,2026-07-09T15:02:02.148000+00:00,0.0,0.0,0.0
9,8888489297,dota2-vg-ts8-2026-07-09-game1,2026-07-09T15:42:43.149000+00:00,-38.53699999999998,0.9909926249999998,-37.54600737499998
9,8888555097,dota2-mouz-nem-2026-07-09-game2,2026-07-09T16:24:34.308000+00:00,-67.85099999999991,5.849998755,-62.00100124499991
9,8888554919,dota2-rnx-pari-2026-07-09-game2,2026-07-09T16:26:10.054000+00:00,0.0,0.0,0.0
9,8888592426,dota2-vg-ts8-2026-07-09-game2,2026-07-09T16:59:54.115000+00:00,-15.789600000000007,0.7744798800000001,-15.015120120000008
9,8888682602,dota2-og-ic-2026-07-09-game1,2026-07-09T17:53:01.981000+00:00,-59.34409999999994,3.9009302775,-55.44316972249994
9,8888693655,dota2-vp-ty-2026-07-09-game1,2026-07-09T18:07:57.629000+00:00,4.651200000000017,0.3941892,5.045389200000017
9,8888731478,dota2-lgd-1win-2026-07-09-game1,2026-07-09T18:35:20.326000+00:00,7.874599999999958,2.081696955,9.956296954999958
9,8888771711,dota2-og-ic-2026-07-09-game2,2026-07-09T19:04:50.495000+00:00,0.0,0.0,0.0
9,8888819433,dota2-lgd-1win-2026-07-09-game2,2026-07-09T19:41:02.532000+00:00,95.5532302100001,4.31803404161175,99.87126425161185
9,8889452921,dota2-re-gl-2026-07-10-game1,2026-07-10T09:17:34.068000+00:00,18.55300000000002,0.56202336,19.11502336000002
9,8889468264,dota2-xtreme-bb4-2026-07-10-game1,2026-07-10T09:26:30.741000+00:00,-45.371975859999935,4.5157816145595,-40.856194245440435
9,8889513730,dota2-poorra-flc-2026-07-10-game2,2026-07-10T10:17:36.842000+00:00,5.0,0.2113125,5.2113125
9,8889524021,dota2-xtreme-bb4-2026-07-10-game2,2026-07-10T10:37:39.793000+00:00,-3.0749285800000052,2.7099828911144996,-0.3649456888855056
9,8889538949,dota2-re-gl-2026-07-10-game2,2026-07-10T10:40:57.402000+00:00,-66.36449999999985,4.9593082125,-61.40519178749985
9,8889615310,dota2-l1ga-liquid-2026-07-10-game1,2026-07-10T11:48:20.990000+00:00,7.501052980000001,0.5645559451994999,8.0656089251995
9,8889621582,dota2-aur1-playti-2026-07-10-game1,2026-07-10T11:57:42.116000+00:00,-98.22070000000005,2.1232616175,-96.09743838250004
9,8889699098,dota2-l1ga-liquid-2026-07-10-game2,2026-07-10T12:46:15.831000+00:00,0.0,0.0,0.0
9,8889733840,dota2-aur1-playti-2026-07-10-game2,2026-07-10T13:14:22.837000+00:00,0.0,0.0,0.0
9,8889871314,dota2-nem-vg-2026-07-10-game1,2026-07-10T14:27:52.631000+00:00,36.8424,0.53763588,37.38003588
9,8889914618,dota2-pari-mouz-2026-07-10-game1,2026-07-10T14:59:49.254000+00:00,-24.341943100000023,0.501367868775,-23.840575231225024
9,8889944251,dota2-rnx-ts8-2026-07-10-game1,2026-07-10T15:15:29.857000+00:00,15.482199999999978,0.47196436500000005,15.954164364999977
9,8890008812,dota2-nem-vg-2026-07-10-game2,2026-07-10T15:49:04.827000+00:00,35.505266999999975,0.9182146781249998,36.42348167812497
9,8890036748,dota2-pari-mouz-2026-07-10-game2,2026-07-10T16:15:07.698000+00:00,27.272400000000005,0.17999784000000002,27.452397840000003
9,8890074597,dota2-rnx-ts8-2026-07-10-game2,2026-07-10T16:28:42.555000+00:00,0.0,0.0,0.0
9,8890179830,dota2-lgd-ty-2026-07-10-game1,2026-07-10T17:38:53.401000+00:00,15.046588159999942,1.9444623383759998,16.99105049837594
9,8890270555,dota2-1win-og-2026-07-10-game2,2026-07-10T18:36:26.467000+00:00,0.0,0.0,0.0
9,8890268632,dota2-lgd-ty-2026-07-10-game2,2026-07-10T18:43:14.663000+00:00,-4.310799999999986,0.793207395,-3.517592604999986
9,8890301402,dota2-ic-vp-2026-07-10-game2,2026-07-10T18:52:09.717000+00:00,0.0,0.0,0.0
9,8891108843,dota2-poorra-re-2026-07-11-game1,2026-07-11T09:15:44.932000+00:00,90.32889999999993,3.0862078875,93.41510788749993
9,8891108985,dota2-bb4-gl-2026-07-11-game1,2026-07-11T09:17:06.187000+00:00,6.032399999999967,1.860931155,7.893331154999967
9,8891145641,dota2-xtreme-flc-2026-07-11-game1,2026-07-11T09:30:07.111000+00:00,3.2289113599999926,0.18929985343200004,3.4182112134319924
9,8891217710,dota2-poorra-re-2026-07-11-game2,2026-07-11T10:44:50.172000+00:00,-108.35020070000002,3.0291173076374998,-105.32108339236251
9,8891240327,dota2-xtreme-flc-2026-07-11-game2,2026-07-11T11:01:14.698000+00:00,19.12674296999999,3.5221535799442503,22.64889654994424
9,8891325877,dota2-l1ga-lvlup1-2026-07-11-game1,2026-07-11T12:09:46.181000+00:00,-35.399202,1.99345889625,-33.405743103750005
9,8891349244,dota2-playti-ngx-2026-07-11-game1,2026-07-11T12:27:52.369000+00:00,23.797699999999992,3.5646575025,27.362357502499993
9,8891371442,dota2-aur1-liquid-2026-07-11-game1,2026-07-11T12:43:19.319000+00:00,1.4599999999999973,0.193497,1.6534969999999973
9,8891438996,dota2-l1ga-lvlup1-2026-07-11-game2,2026-07-11T13:19:40.554000+00:00,-0.6899999999999995,0.13937175,-0.5506282499999995
9,8891497910,dota2-aur1-liquid-2026-07-11-game2,2026-07-11T13:53:37.287000+00:00,30.302099999999996,0.8454635325,31.147563532499994
9,8891519142,dota2-playti-ngx-2026-07-11-game2,2026-07-11T14:08:43.754000+00:00,-23.90950650999997,1.3535772544042497,-22.55592925559572
9,8892829232,dota2-mouz-vg-2026-07-12-game1,2026-07-12T09:15:57.248000+00:00,-174.3641,2.6876805825,-171.6764194175
9,8892835652,dota2-rnx-nem-2026-07-12-game1,2026-07-12T09:19:01.546000+00:00,-102.53520000000009,6.78771381,-95.74748619000009
9,8892836635,dota2-pari-ts8-2026-07-12-game1,2026-07-12T09:26:06.808000+00:00,-39.483401999999955,6.8998349786999995,-32.583567021299956
9,8892923329,dota2-mouz-vg-2026-07-12-game2,2026-07-12T10:25:59.512000+00:00,-1.1465010200000059,1.9234163742105,0.7769153542104941
9,8892914077,dota2-pari-ts8-2026-07-12-game2,2026-07-12T10:31:28.406000+00:00,-4.015211799999946,1.91311886487,-2.102092935129946
9,8892958964,dota2-rnx-nem-2026-07-12-game2,2026-07-12T10:53:08.655000+00:00,-110.46339999999996,1.107682605,-109.35571739499997
9,8893070561,dota2-1win-ty-2026-07-12-game1,2026-07-12T12:14:45.162000+00:00,11.292274720000023,4.576703600388,15.868978320388024
9,8893106015,dota2-og-vp-2026-07-12-game1,2026-07-12T12:36:42.440000+00:00,9.480299009999964,1.0388682201982498,10.519167230198214
9,8893165071,dota2-1win-ty-2026-07-12-game2,2026-07-12T13:18:20.777000+00:00,-107.50050063999998,2.466959540676,-105.03354109932398
9,8893253595,dota2-og-vp-2026-07-12-game2,2026-07-12T13:56:28.498000+00:00,18.82389999999998,2.8936999425,21.71759994249998
9,8896139222,dota2-re-vp-2026-07-14-game1,2026-07-14T11:15:10.363000+00:00,-5.164899999999932,2.1995058225,-2.965394177499932
9,8896140998,dota2-liquid-xtreme-2026-07-14-game1,2026-07-14T11:24:31.795000+00:00,-11.560900000000089,9.2069612325,-2.3539387675000896
9,8896234088,dota2-re-vp-2026-07-14-game2,2026-07-14T12:30:48.003000+00:00,-0.379999999999999,0.06480899999999999,-0.315190999999999
9,8896267691,dota2-liquid-xtreme-2026-07-14-game2,2026-07-14T13:05:08.216000+00:00,-31.86003279999995,4.318089725099999,-27.54194307489995
9,8896380183,dota2-re-vp-2026-07-14,2026-07-14T14:02:34.965000+00:00,-69.39230000000003,3.2875205625,-66.10477943750003
9,8896486914,dota2-liquid-xtreme-2026-07-14,2026-07-14T15:13:00.049000+00:00,-19.134103119999963,2.41110593451,-16.722997185489962
9,8896645659,dota2-lgd-mouz-2026-07-14-game1,2026-07-14T16:55:49.823000+00:00,0.1612,0.022656660000000002,0.18385666
9,8896731473,dota2-lgd-mouz-2026-07-14-game2,2026-07-14T18:02:11.857000+00:00,-24.68460000000003,1.6253861850000002,-23.05921381500003
9,8897585705,dota2-aur1-re-2026-07-15-game1,2026-07-15T11:19:40.513000+00:00,-6.941705920000061,0.906260416284,-6.035445503716061
9,8897588873,dota2-ts8-liquid-2026-07-15-game1,2026-07-15T11:25:30.473000+00:00,-65.00853396000014,4.565261542508999,-60.44327241749114
9,8897695379,dota2-aur1-re-2026-07-15-game2,2026-07-15T12:41:48.340000+00:00,6.996900000000039,1.0307710875,8.027671087500039
9,8897696869,dota2-ts8-liquid-2026-07-15-game2,2026-07-15T12:54:25.976000+00:00,77.29597619000003,10.13528934464475,87.43126553464478
9,8897831774,dota2-ts8-liquid-2026-07-15,2026-07-15T14:13:24.528000+00:00,-1.0202227199999925,0.932846050872,-0.08737666912799247
9,8897841991,dota2-1win-vg-2026-07-15-game1,2026-07-15T14:22:22.284000+00:00,-4.894799999999975,0.7535265299999999,-4.141273469999975
9,8897971312,dota2-1win-vg-2026-07-15-game2,2026-07-15T15:33:39.656000+00:00,36.418799999999976,1.987100595,38.40590059499998
9,8898003442,dota2-bb4-lgd-2026-07-15-game1,2026-07-15T15:56:58.589000+00:00,23.328100000000006,2.5260441975,25.854144197500005
9,8898084910,dota2-1win-vg-2026-07-15,2026-07-15T16:49:08.935000+00:00,-31.253099999999847,5.9513574525,-25.30174254749985
9,8898117600,dota2-bb4-lgd-2026-07-15-game2,2026-07-15T17:15:52.403000+00:00,2.7917999999999665,1.501493385,4.293293384999966
9,8899028080,dota2-ty-ts8-2026-07-17-game1,2026-07-16T11:25:22.617000+00:00,-23.188799999999986,0.98219061,-22.206609389999986
9,8899120700,dota2-ty-ts8-2026-07-17-game2,2026-07-16T12:44:26.752000+00:00,-60.39096600000002,2.7950785545,-57.59588744550002
9,8899307453,dota2-pari-re-2026-07-17-game1,2026-07-16T14:36:23.407000+00:00,10.256399999999985,0.61384554,10.870245539999985
9,8899420575,dota2-pari-re-2026-07-17-game2,2026-07-16T15:46:28.167000+00:00,3.0,0.21622499999999995,3.216225
9,8900508749,dota2-flc-vg-2026-07-16-game1,2026-07-17T11:21:46.405000+00:00,-57.95989999999994,2.1699694575,-55.78993054249994
9,8900623530,dota2-flc-vg-2026-07-16-game2,2026-07-17T12:54:30.551000+00:00,-64.19796406000006,8.750103969848999,-55.44786009015106
9,8900771154,dota2-ngx-bb4-2026-07-16-game1,2026-07-17T14:28:08.196000+00:00,20.633299999999963,1.8285239924999999,22.461823992499962
9,8900882416,dota2-ngx-bb4-2026-07-16-game2,2026-07-17T15:33:10.588000+00:00,4.369099999999975,0.8537232525,5.222823252499975
9,8902107148,dota2-bb4-vg-2026-07-18-game1,2026-07-18T11:22:02.020000+00:00,2.0,0.0616125,2.0616125
9,8902173969,dota2-bb4-vg-2026-07-18-game2,2026-07-18T12:21:15.910000+00:00,-65.09099999999995,1.93830516,-63.15269483999995
9,8902338515,dota2-ty-pari-2026-07-18-game1,2026-07-18T14:06:38.308000+00:00,-55.81409844000005,8.969317689384,-46.84478075061605
9,8902431810,dota2-ty-pari-2026-07-18-game2,2026-07-18T15:09:37.865000+00:00,-3.921600000000012,2.70029481,-1.2213051900000123
9,8902610619,dota2-ty-pari-2026-07-18,2026-07-18T16:48:06.686000+00:00,-4.867599999999982,8.04066066,3.1730606600000186
9,8903705555,dota2-vg-ty-2026-07-19-game1,2026-07-19T10:24:33.152000+00:00,24.510400000000004,2.4937742099999998,27.004174210000002
9,8903789784,dota2-vg-ty-2026-07-19-game2,2026-07-19T11:31:19.185000+00:00,28.624500000000012,1.6347474675,30.25924746750001
9,8904012666,dota2-bb4-pari-2026-07-19-game1,2026-07-19T13:57:51.853000+00:00,146.83883838000014,4.050256033047,150.88909441304713
9,8904157676,dota2-bb4-pari-2026-07-19-game2,2026-07-19T15:17:11.337000+00:00,-5.423600000000004,5.1768878549999995,-0.2467121450000045
9,8904322271,dota2-bb4-pari-2026-07-19-game3,2026-07-19T16:52:33.960000+00:00,27.531499389999922,7.252099895349749,34.78359928534967
9,8904419709,dota2-bb4-pari-2026-07-19-game4,2026-07-19T18:05:14.511000+00:00,39.92429999999996,1.4028735824999998,41.32717358249996
9,8905035315,dota2-stx-lynx-2026-07-20-game1,2026-07-20T07:25:19.610000+00:00,0.25,0.22280625,0.47280625
9,8905093611,dota2-stx-lynx-2026-07-20-game2,2026-07-20T08:36:36.644000+00:00,57.29891480999996,3.82702751164725,61.12594232164721
9,8905164476,dota2-stx-lynx-2026-07-20,2026-07-20T10:04:24.370000+00:00,275.8218065599998,5.512589821524,281.3343963815238
9,8905233934,dota2-lynx-pckcp-2026-07-20-game1,2026-07-20T11:15:17.947000+00:00,28.807297799999986,0.7348507816095,29.542148581609485
9,8905359313,dota2-lynx-pckcp-2026-07-20-game2,2026-07-20T12:49:30.119000+00:00,-1.6800000000000015,0.09906899999999999,-1.5809310000000014
9,8905490238,dota2-z10-nemiga-2026-07-20-game1,2026-07-20T14:13:02.081000+00:00,-59.653999999999996,1.0745656199999998,-58.579434379999995
9,8905612460,dota2-z10-nemiga-2026-07-20-game2,2026-07-20T15:25:40.567000+00:00,4.587299999999978,1.9307584574999999,6.518058457499977
9,8905741721,dota2-spirit1-jenz-2026-07-20-game1,2026-07-20T16:55:30.580000+00:00,3.868599999999997,1.28281101,5.151411009999997
9,8905885788,dota2-spirit1-jenz-2026-07-20-game2,2026-07-20T18:35:45.253000+00:00,0.0,0.0,0.0
9,8905975768,dota2-lvlup1-ill-2026-07-20-game1,2026-07-20T19:45:16.612000+00:00,-162.66719999999995,5.6358708900000005,-157.03132910999994
9,8906069414,dota2-lvlup1-ill-2026-07-20-game2,2026-07-20T20:59:36.536000+00:00,-18.626899999999992,0.8791729875,-17.747727012499993
9,8906479441,dota2-nemiga-dan-2026-07-21-game1,2026-07-21T07:24:02.590000+00:00,94.89777069000007,1.91250204994425,96.81027273994432
9,8906547471,dota2-nemiga-dan-2026-07-21-game2,2026-07-21T08:48:51.736000+00:00,0.3999999999999986,0.25779,0.6577899999999985
9,8906626852,dota2-pckcp-stx-2026-07-21-game1,2026-07-21T10:17:03.931000+00:00,32.10750000000007,1.3515778425,33.45907784250007
9,8906706819,dota2-pckcp-stx-2026-07-21-game2,2026-07-21T11:28:10.072000+00:00,0.8701000000000079,1.0479691424999997,1.9180691425000076
9,8906814740,dota2-pckcp-stx-2026-07-21,2026-07-21T12:50:32.182000+00:00,-11.263104100000007,2.530298484585,-8.732805615415007
9,8906911697,dota2-lynx-spirit1-2026-07-21-game1,2026-07-21T14:01:22.509000+00:00,-3.617700000000002,1.1320522425,-2.485647757500002
9,8907021823,dota2-lynx-spirit1-2026-07-21-game2,2026-07-21T14:54:33.550000+00:00,-60.38888388000005,2.814918948831,-57.57396493116905
9,8907114935,dota2-lynx-spirit1-2026-07-21,2026-07-21T15:55:17.448000+00:00,-8.120000000000005,1.834344,-6.285656000000005
9,8907236730,dota2-jenz-lynx-2026-07-21-game1,2026-07-21T17:22:36.365000+00:00,0.0,0.0,0.0
9,8907319204,dota2-jenz-lynx-2026-07-21-game2,2026-07-21T18:19:16.673000+00:00,-35.457755499999955,0.8431735982399999,-34.614581901759955
9,8907510684,dota2-z10-aion-2026-07-21-game2,2026-07-21T20:45:41.820000+00:00,0.0,0.0,0.0
9,8907942033,dota2-ill-dan-2026-07-22-game1,2026-07-22T07:18:07.776000+00:00,-0.9709000000000003,0.35789801250000003,-0.6130019875000003
9,8907997366,dota2-ill-dan-2026-07-22-game2,2026-07-22T08:30:21.640000+00:00,14.848597319999957,0.9056418507659999,15.754239170765956
9,8908178087,dota2-nemiga-aion-2026-07-22-game2,2026-07-22T11:35:02.272000+00:00,0.0,0.016932000000000003,0.016932000000000003
9,8908313996,dota2-stx-spirit1-2026-07-22-game1,2026-07-22T13:26:43.307000+00:00,-0.23200484999999205,0.34434633370725004,0.112341483707258
9,8908486051,dota2-stx-spirit1-2026-07-22-game2,2026-07-22T15:03:55.390000+00:00,30.81467802000003,1.2432281222069999,32.05790614220703
9,8908612824,dota2-stx-spirit1-2026-07-22,2026-07-22T16:27:56.948000+00:00,1.4804046999999656,4.7555545216455,6.235959221645466
9,8908710300,dota2-z10-lvlup1-2026-07-22-game1,2026-07-22T17:40:32.974000+00:00,-34.77260000000001,4.6412408549999995,-30.131359145000012
9,8908926344,dota2-z10-lvlup1-2026-07-22,2026-07-22T20:21:42.790000+00:00,-14.986713710000032,2.68752806739825,-12.299185642601781
9,8909388284,dota2-dan-z10-2026-07-23-game1,2026-07-23T07:17:23.633000+00:00,0.0,0.0,0.0
9,8909443684,dota2-dan-z10-2026-07-23-game2,2026-07-23T08:24:14.078000+00:00,8.55559999999997,1.6501323,10.20573229999997
9,8909498494,dota2-dan-z10-2026-07-23,2026-07-23T09:35:42.112000+00:00,-0.8122218799999938,0.089245828152,-0.7229760518479939
9,8909658828,dota2-spirit1-pckcp-2026-07-23-game2,2026-07-23T11:56:35.158000+00:00,0.0,0.0,0.0
9,8909780227,dota2-spirit1-pckcp-2026-07-23,2026-07-23T13:29:29.880000+00:00,-0.3382999999999754,1.5591901125,1.2208901125000247
9,8910104556,dota2-jenz-kw1-2026-07-23-game2,2026-07-23T16:47:57.620000+00:00,-8.660899999999998,0.2704561725,-8.390443827499999
9,8910216725,dota2-jenz-kw1-2026-07-23,2026-07-23T18:09:02.529000+00:00,-0.1244000000000014,0.33047109,0.20607108999999862
9,8910344715,dota2-lvlup1-aion-2026-07-23-game1,2026-07-23T19:45:58.831000+00:00,0.0,0.0,0.0
9,8910461593,dota2-lvlup1-aion-2026-07-23-game2,2026-07-23T21:18:59.726000+00:00,-4.4517999999999995,0.18788671499999998,-4.263913284999999
9,8910535715,dota2-lvlup1-aion-2026-07-23,2026-07-23T22:37:28.157000+00:00,164.5588232999999,2.097903717675,166.65672701767488
9,8910589445,dota2-nemiga-ill-2026-07-23-game1,2026-07-23T23:33:41.369000+00:00,24.27619999999999,1.29292137,25.569121369999987
9,8910670427,dota2-nemiga-ill-2026-07-23,2026-07-24T01:26:47.762000+00:00,-20.433800000000012,4.615164855,-15.818635145000012
9,8910982575,dota2-aion-dan-2026-07-24-game2,2026-07-24T08:39:31.809000+00:00,0.0,0.0,0.0
9,8911277378,dota2-kw1-stx-2026-07-24-game2,2026-07-24T13:08:23.857000+00:00,-169.80237194999998,0.49762763060774995,-169.30474431939223
9,8911784562,dota2-z10-ill-2026-07-24-game1,2026-07-24T18:00:21.302000+00:00,-76.81959999999991,2.776856715,-74.04274328499991
9,8911916389,dota2-z10-ill-2026-07-24-game2,2026-07-24T19:32:36.981000+00:00,-1.5999999999999979,0.43518,-1.164819999999998
9,8912045230,dota2-nemiga-lvlup1-2026-07-24-game1,2026-07-24T21:05:49.488000+00:00,-47.8528,4.48619592,-43.36660408
9,8912123729,dota2-nemiga-lvlup1-2026-07-24-game2,2026-07-24T22:15:39.296000+00:00,0.0,0.0,0.0
9,8912551235,dota2-ill-aion-2026-07-25-game1,2026-07-25T07:19:52.253000+00:00,0.0,0.0,0.0
9,8912622476,dota2-ill-aion-2026-07-25-game2,2026-07-25T08:27:06.996000+00:00,17.392500000000013,0.5152528125,17.907752812500014
9,8912758286,dota2-pckcp-jenz-2026-07-22-game1,2026-07-25T10:25:45.605000+00:00,-28.360200959999972,1.2595554868319998,-27.100645473167972
9,8912831712,dota2-pckcp-jenz-2026-07-22-game2,2026-07-25T11:23:26.682000+00:00,0.0,0.0,0.0
9,8912974141,dota2-pckcp-jenz-2026-07-22,2026-07-25T13:02:19.241000+00:00,-8.561999999999998,1.6724554500000002,-6.889544549999997
9,8913307206,dota2-kw1-pckcp-2026-07-25-game1,2026-07-25T16:28:48.834000+00:00,0.0,0.0,0.0
9,8913598312,dota2-lynx-kw1-2026-07-25-game1,2026-07-25T19:28:05.257000+00:00,-50.91750063999993,4.470101390004,-46.447399249995925
9,8913726962,dota2-lynx-kw1-2026-07-25-game2,2026-07-25T20:57:15.562000+00:00,-28.399386739999798,5.476579446753,-22.922807293246798
9,8913824141,dota2-lynx-kw1-2026-07-25,2026-07-25T22:21:39.642000+00:00,-30.02960000000001,1.66748862,-28.36211138000001
9,8914414410,dota2-nemiga-ill-2026-07-26-game1,2026-07-26T09:26:59.644000+00:00,-75.08855560000003,1.0357769994,-74.05277860060004
9,8914520562,dota2-nemiga-ill-2026-07-26-game2,2026-07-26T10:41:21.923000+00:00,-17.06800312,2.508673144704,-14.559329975296
9,8914637220,dota2-nemiga-ill-2026-07-26,2026-07-26T12:04:18.708000+00:00,29.411999999999978,0.8585362799999999,30.270536279999977
9,8914749408,dota2-rearis-pckcp-2026-07-26-game1,2026-07-26T13:19:34.036000+00:00,-7.669199999999975,0.774742545,-6.8944574549999755
9,8914885598,dota2-rearis-pckcp-2026-07-26-game2,2026-07-26T14:24:02.001000+00:00,114.74149999999997,0.6883255875,115.42982558749998
9,8915002841,dota2-kw1-rearis-2026-07-26-game1,2026-07-26T15:32:54.677000+00:00,0.0,0.0,0.0
9,8915137972,dota2-kw1-rearis-2026-07-26-game2,2026-07-26T16:47:26.165000+00:00,0.3000000000000007,0.024412499999999993,0.3244125000000007
9,8915271266,dota2-jenz-stx-2026-07-26-game1,2026-07-26T18:26:53.337000+00:00,0.0,0.0,0.0
9,8915390117,dota2-jenz-stx-2026-07-26-game2,2026-07-26T19:37:39.362000+00:00,0.5386000000000024,0.07957815,0.6181781500000024
9,8915498965,dota2-jenz-stx-2026-07-26,2026-07-26T20:57:43.107000+00:00,-18.69304582999993,1.9627318307527502,-16.73031399924718
9,8916041863,dota2-lvlup1-pckcp-2026-07-27-game1,2026-07-27T09:21:33.291000+00:00,2.6396999999999995,0.032798272499999996,2.6724982724999995
9,8916102349,dota2-lvlup1-pckcp-2026-07-27-game2,2026-07-27T10:12:46.876000+00:00,38.80297891999999,1.3131985880609998,40.116177508060986
9,8916245727,dota2-stx-nemiga-2026-07-27-game1,2026-07-27T12:25:46.061000+00:00,4.19740000000002,1.131908985,5.3293089850000195
9,8916384577,dota2-stx-nemiga-2026-07-27-game2,2026-07-27T13:48:29.618000+00:00,34.40620000000003,4.891446075,39.297646075000024
9,8916474664,dota2-stx-nemiga-2026-07-27,2026-07-27T14:44:54.132000+00:00,-94.39415557999996,7.176938464404,-87.21721711559596
9,8917611319,dota2-pr1-nemiga-2026-07-28-game2,2026-07-28T10:17:02.190000+00:00,-2.6142284799999835,0.466248350124,-2.1479801298759833
9,8917675823,dota2-pr1-nemiga-2026-07-28,2026-07-28T11:19:25.327000+00:00,14.532400000000024,1.0722711449999998,15.604671145000024
9,8917738415,dota2-nh-pckcp-2026-07-28-game1,2026-07-28T12:16:10.015000+00:00,0.0,0.0,0.0
9,8917853656,dota2-nh-pckcp-2026-07-28-game2,2026-07-28T13:23:44.955000+00:00,-0.004699999999999704,0.2492669775,0.24456697750000028
9,8918052500,dota2-pckcp-kw1-2026-07-28-game1,2026-07-28T15:24:46.769000+00:00,17.144117039999998,0.840835882872,17.984952922871997
9,8918176547,dota2-pckcp-kw1-2026-07-28-game2,2026-07-28T16:37:04.197000+00:00,66.69515335999995,1.717744201362,68.41289756136194
9,8919264561,dota2-rearis-z10-2026-07-29-game1,2026-07-29T12:23:03.580000+00:00,4.23846503999998,1.5132964393319999,5.75176147933198
9,8919404744,dota2-rearis-z10-2026-07-29-game2,2026-07-29T13:48:28.368000+00:00,-14.990399999999958,3.72038358,-11.270016419999958
9,8919546613,dota2-amaru-nemiga-2026-07-29-game1,2026-07-29T15:15:30.082000+00:00,0.0,0.0,0.0
9,8919685210,dota2-amaru-nemiga-2026-07-29-game2,2026-07-29T16:34:50.427000+00:00,-147.8115006199999,3.3712898595704996,-144.44021076042938
9,8919803916,dota2-amaru-nemiga-2026-07-29,2026-07-29T18:02:17.532000+00:00,148.45108877999976,6.7188558164295,155.16994459642927
9,8920655724,dota2-pckcp-z10-2026-07-30-game2,2026-07-30T10:32:16.617000+00:00,0.0,0.0,0.0
9,8920897425,dota2-lvlup1-z10-2026-07-30-game2,2026-07-30T13:37:44.606000+00:00,-70.56650000000002,3.0571283625,-67.50937163750002
9,8921002620,dota2-lvlup1-z10-2026-07-30,2026-07-30T14:47:46.063000+00:00,23.08880000000002,1.50006534,24.58886534000002
9,8921162227,dota2-amaru-pr1-2026-07-30-game1,2026-07-30T16:32:24.441000+00:00,28.20689999999999,1.0923122025,29.29921220249999
9,8921281044,dota2-amaru-pr1-2026-07-30-game2,2026-07-30T17:34:28.519000+00:00,0.0,0.0,0.0
9,8921949036,dota2-re-midas3-2026-07-31-game1,2026-07-31T06:23:42.906000+00:00,0.0,0.0,0.0
9,8922016200,dota2-re-midas3-2026-07-31-game2,2026-07-31T07:39:14.850000+00:00,47.7268,1.02373974,48.750539739999994
9,8922074642,dota2-vg-amaru-2026-07-31-game1,2026-07-31T08:46:41.467000+00:00,28.724606619999975,0.959962444317,29.684569064316975
9,8922137329,dota2-vg-amaru-2026-07-31-game2,2026-07-31T09:48:16.177000+00:00,0.3000000000000007,0.0291825,0.3291825000000007
9,8922133239,dota2-tr7-playti-2026-07-31-game1,2026-07-31T09:57:34.446000+00:00,-8.163985409999981,3.20462638018575,-4.95935902981423
9,8922186876,dota2-vg-amaru-2026-07-31,2026-07-31T10:40:33.810000+00:00,12.788000000000011,1.25809287,14.046092870000011
9,8922211678,dota2-tr7-playti-2026-07-31-game2,2026-07-31T11:00:53.806000+00:00,5.373700000000014,1.1739066375,6.547606637500014
9,8922300474,dota2-enjoy-glyph-2026-07-31-game1,2026-07-31T12:14:29.331000+00:00,-1.7574999999999932,0.6178051875,-1.139694812499993
9,8922339160,dota2-l1ga-rnx-2026-07-31-game1,2026-07-31T12:44:09.822000+00:00,46.18739999999991,5.575491555,51.76289155499991
9,8922400300,dota2-enjoy-glyph-2026-07-31-game2,2026-07-31T13:24:39.311000+00:00,2.687400000000002,0.17856593999999998,2.865965940000002
9,8922433138,dota2-l1ga-rnx-2026-07-31-game2,2026-07-31T13:42:06.325000+00:00,-39.460292799999976,2.0005588298715002,-37.459733970128475
9,8922552315,dota2-l1ga-rnx-2026-07-31,2026-07-31T14:55:23.609000+00:00,3.508800000000008,1.28606292,4.794862920000008
9,8922602122,dota2-yb1-z10-2026-07-31-game1,2026-07-31T15:28:08.646000+00:00,3.636400000000009,1.3470134699999998,4.983413470000009
9,8922722577,dota2-yb1-z10-2026-07-31-game2,2026-07-31T16:35:25.057000+00:00,-14.513300000000015,3.1616680424999997,-11.351631957500015
9,8922818221,dota2-xtreme-lgd-2026-07-31-game1,2026-07-31T17:51:24.199000+00:00,2.0793000000000035,1.5121759275,3.5914759275000034
9,8922940920,dota2-xtreme-lgd-2026-07-31-game2,2026-07-31T19:09:48.720000+00:00,-31.96800000000009,6.51541203,-25.45258797000009
9,8923040358,dota2-xtreme-lgd-2026-07-31,2026-07-31T20:28:40.570000+00:00,19.502898320000156,3.3380217628380002,22.840920082838156
9,8923506996,dota2-midas3-tr7-2026-08-01-game1,2026-08-01T05:43:01.223000+00:00,4.6312999999999676,0.7886869875,5.419986987499968
9,8923579943,dota2-midas3-tr7-2026-08-01-game2,2026-08-01T07:02:32.143000+00:00,-189.6345999999999,4.8738530099999995,-184.7607469899999
9,8923643650,dota2-midas3-tr7-2026-08-01,2026-08-01T08:08:01.087000+00:00,4.858199999999954,2.42794935,7.286149349999954
9,8923704450,dota2-yes-vg-2026-08-01-game1,2026-08-01T09:01:56.739000+00:00,-6.298599999999944,2.8369104149999997,-3.461689584999944
9,8923780137,dota2-re-playti-2026-08-01-game1,2026-08-01T10:09:39.721000+00:00,-25.743999999999943,2.46107727,-23.282922729999942
9,8923790600,dota2-yes-vg-2026-08-01-game2,2026-08-01T10:14:11.317000+00:00,0.0,0.0,0.0
9,8923874259,dota2-re-playti-2026-08-01-game2,2026-08-01T11:26:12.956000+00:00,21.666000000000004,0.53775855,22.203758550000003
9,8923899787,dota2-enjoy-yb1-2026-08-01-game1,2026-08-01T11:45:49.553000+00:00,-115.26812887999995,2.5253959694640002,-112.74273291053595
9,8924057168,dota2-l1ga-lgd-2026-08-01-game1,2026-08-01T13:34:16.709000+00:00,-3.599999999999998,0.12824999999999998,-3.471749999999998
9,8924222714,dota2-l1ga-lgd-2026-08-01-game2,2026-08-01T15:02:43.462000+00:00,0.0,0.0,0.0
9,8924328537,dota2-glyph-z10-2026-08-01-game1,2026-08-01T15:59:42.950000+00:00,-178.06081002,3.3129482108415,-174.74786180915848
9,8924367779,dota2-l1ga-lgd-2026-08-01,2026-08-01T16:23:12.450000+00:00,-32.609370999999996,0.6382642927500001,-31.971106707249994
9,8924468754,dota2-glyph-z10-2026-08-01-game2,2026-08-01T17:25:49.795000+00:00,-35.6144,1.18250646,-34.431893540000004
9,8924530036,dota2-rnx-xtreme-2026-08-01-game1,2026-08-01T18:06:50.164000+00:00,8.366536510000046,2.49072267372975,10.857259183729795
9,8924616191,dota2-rnx-xtreme-2026-08-01-game2,2026-08-01T19:06:22.446000+00:00,19.712867839999824,2.656375435812,22.369243275811822
9,8925210898,dota2-playti-xctn-2026-08-02-game1,2026-08-02T05:28:20.542000+00:00,0.0,0.0,0.0
9,8925308090,dota2-playti-xctn-2026-08-02-game2,2026-08-02T07:03:47.891000+00:00,3.214400000000026,0.5327868,3.7471868000000264
9,8925543582,dota2-yes-tr7-2026-08-02-game1,2026-08-02T10:44:16.945000+00:00,-3.005100000000027,1.4297166224999998,-1.5753833775000274
9,8925703946,dota2-yes-tr7-2026-08-02-game2,2026-08-02T11:58:57.158000+00:00,7.392799999999966,1.3877029800000003,8.780502979999966
9,8925847726,dota2-yes-tr7-2026-08-02,2026-08-02T13:17:43.701000+00:00,6.546399999999993,1.53096372,8.077363719999994
9,8926022375,dota2-rnx-yb1-2026-08-02-game1,2026-08-02T15:09:53.856000+00:00,124.30500000000006,4.4654751,128.77047510000006
9,8926232913,dota2-rnx-yb1-2026-08-02-game2,2026-08-02T16:42:19.665000+00:00,-6.229100000000017,3.6408407924999997,-2.588259207500017
9,8926381426,dota2-rnx-yb1-2026-08-02,2026-08-02T18:14:10.009000+00:00,3.845377380000059,2.6988495683969997,6.544226948397059
9,8926523280,dota2-z10-lgd-2026-08-02-game1,2026-08-02T19:59:32.068000+00:00,0.0,0.0,0.0
9,8926636219,dota2-z10-lgd-2026-08-02-game2,2026-08-02T21:07:31.416000+00:00,-28.861999999999966,1.1502185999999999,-27.711781399999968
9,8927063876,dota2-glyph-playti-2026-08-03-game2,2026-08-03T06:55:36.873000+00:00,292.38710625000016,4.36583544068775,296.7529416906879
9,8927132943,dota2-glyph-playti-2026-08-03,2026-08-03T08:27:35.152000+00:00,0.4102883600000382,2.169928143888,2.580216503888038
9,8927207054,dota2-xtreme-tr7-2026-08-03-game1,2026-08-03T10:00:05.212000+00:00,10.830800000000067,1.93333407,12.764134070000068
9,8927288399,dota2-xtreme-tr7-2026-08-03-game2,2026-08-03T11:00:48.642000+00:00,8.321699999999964,2.9908216275,11.312521627499965
9,8927380776,dota2-xtreme-tr7-2026-08-03,2026-08-03T12:15:30.661000+00:00,28.91030000000015,8.3330476575,37.24334765750015
9,8927539264,dota2-vg-yb1-2026-08-03-game1,2026-08-03T14:05:56.825000+00:00,255.2940000000001,1.864653315,257.1586533150001
9,8927660975,dota2-vg-yb1-2026-08-03-game2,2026-08-03T15:05:20.968000+00:00,23.92380724000003,2.9249932196610002,26.84880045966103
9,8927760296,dota2-vg-yb1-2026-08-03,2026-08-03T16:18:19.713000+00:00,29.269192589999786,5.06153501056275,34.33072760056254
9,8927926397,dota2-re-lgd-2026-08-03-game1,2026-08-03T18:09:03.381000+00:00,0.0,0.0,0.0
9,8928050264,dota2-re-lgd-2026-08-03-game2,2026-08-03T19:19:18.313000+00:00,6.2856000000000165,0.3009231,6.586523100000017
9,8928163118,dota2-re-lgd-2026-08-03,2026-08-03T20:43:38.722000+00:00,-39.30159999999998,3.0369487499999996,-36.26465124999998
9,8928851109,dota2-playti-tr7-2026-08-04-game1,2026-08-04T11:30:07.829000+00:00,1.4800000000000004,1.3086221249999999,2.7886221250000003
9,8928953683,dota2-playti-tr7-2026-08-04-game2,2026-08-04T12:46:11.879000+00:00,-9.26118495999998,4.765040239332,-4.49614472066798
9,8929124210,dota2-yb1-re-2026-08-04-game1,2026-08-04T14:38:55.576000+00:00,9.266091520000032,1.1212726271039999,10.387364147104032
9,8929276426,dota2-yb1-re-2026-08-04-game2,2026-08-04T15:54:25.550000+00:00,5.441209430000015,2.65369540622775,8.094904836227766
9,8929365099,dota2-yb1-re-2026-08-04,2026-08-04T16:51:08.308000+00:00,46.25627588000026,5.7092073281715,51.96548320817176
9,8930200713,dota2-tr7-re-2026-08-05-game1,2026-08-05T08:20:38.811000+00:00,0.24850071000000096,0.046595959890749994,0.29509666989075095
9,8930258778,dota2-tr7-re-2026-08-05-game2,2026-08-05T09:25:42.941000+00:00,15.131400000000077,8.02005231,23.151452310000078
9,8930398938,dota2-playti-yb1-2026-08-05-game1,2026-08-05T12:24:04.133000+00:00,-29.601302179999948,5.5269476574315,-24.07435452256845
9,8930615242,dota2-playti-yb1-2026-08-05-game2,2026-08-05T14:02:56.166000+00:00,244.43560000000002,1.4663613300000002,245.90196133000003
9,8930736914,dota2-playti-yb1-2026-08-05-game3,2026-08-05T15:09:49.519000+00:00,3.508898600000002,1.162567952595,4.671466552595001
9,8931781241,dota2-lvlup1-rearis-2026-08-06-game1,2026-08-06T09:28:03.156000+00:00,0.0,0.0,0.0
9,8931852727,dota2-lvlup1-rearis-2026-08-06-game2,2026-08-06T10:30:33.624000+00:00,6.811233999999985,0.64885566375,7.460089663749985
9,8931981851,dota2-rearis-nh-2026-08-06-game1,2026-08-06T12:26:15.226000+00:00,-0.35999999999999943,0.051920999999999995,-0.30807899999999944
9,8932085762,dota2-rearis-nh-2026-08-06-game2,2026-08-06T13:20:21.204000+00:00,0.0,0.0,0.0
9,8932181345,dota2-rearis-nh-2026-08-06,2026-08-06T14:22:22.478000+00:00,5.681190400000027,0.24350155415999997,5.924691954160027
9,8932318084,dota2-nh-lvlup1-2026-08-06-game1,2026-08-06T15:34:15.395000+00:00,-71.74213649999996,1.9212205816874999,-69.82091591831247
9,8932413808,dota2-nh-lvlup1-2026-08-06-game2,2026-08-06T16:23:29.211000+00:00,0.0,0.0813618,0.0813618
9,8932523868,dota2-nh-lvlup1-2026-08-06,2026-08-06T17:36:18.454000+00:00,0.0,0.0,0.0
9,8932657929,dota2-ill-pr1-2026-08-06-game1,2026-08-06T19:12:10.345000+00:00,-28.926503940000018,0.9770903718854999,-27.94941356811452
9,8932835800,dota2-ill-pr1-2026-08-06,2026-08-06T21:22:55.783000+00:00,0.0,0.0,0.0
9,8933374169,dota2-nh-z10-2026-08-07-game1,2026-08-07T09:29:47.916000+00:00,-7.518000000000001,0.10576215,-7.41223785
9,8933453728,dota2-nh-z10-2026-08-07-game2,2026-08-07T10:40:19.376000+00:00,0.0,0.0,0.0
9,8933575351,dota2-ill-stx-2026-08-07-game1,2026-08-07T12:33:02.695000+00:00,0.0,0.0,0.0
9,8933704579,dota2-ill-stx-2026-08-07-game2,2026-08-07T13:44:43.178000+00:00,-12.0,1.8106875,-10.1893125
9,8933879286,dota2-pr1-jenz-2026-08-07-game1,2026-08-07T15:25:51.002000+00:00,-265.10049999999995,5.0684096925,-260.03209030749997
9,8933988979,dota2-pr1-jenz-2026-08-07-game2,2026-08-07T16:29:38.697000+00:00,17.579625899999968,1.4428681316385,19.022494031638466
9,8934184387,dota2-jenz-nemiga-2026-08-07-game1,2026-08-07T18:35:03.983000+00:00,0.0,0.0,0.0
9,8934279386,dota2-jenz-nemiga-2026-08-07-game2,2026-08-07T19:33:30.612000+00:00,0.0,0.7019913599999998,0.7019913599999998
9,8936825643,dota2-pr1-yes-2026-08-09-game1,2026-08-09T09:22:32.992000+00:00,-1.9209325800000485,2.3578902536129998,0.43695767361295124
9,8937080738,dota2-pr1-yes-2026-08-09,2026-08-09T12:20:23.208000+00:00,93.44869959999994,7.41198999558,100.86068959557994
9,8937188618,dota2-lvlup1-mouz-2026-08-09-game1,2026-08-09T13:17:49.636000+00:00,-27.935000000000016,1.20545547,-26.729544530000016
9,8937335830,dota2-lvlup1-mouz-2026-08-09-game2,2026-08-09T14:27:35.299000+00:00,0.0,0.0,0.0
9,8937484593,dota2-ill-re-2026-08-09-game1,2026-08-09T15:55:00.679000+00:00,-7.877199999999996,0.508382055,-7.3688179449999955
9,8937631882,dota2-ill-re-2026-08-09-game2,2026-08-09T17:12:21.447000+00:00,179.77722399999996,1.5945804063000002,181.37180440629996
9,8937722788,dota2-z10-navi-2026-08-09-game1,2026-08-09T18:17:16.930000+00:00,-168.90310000000005,6.281251027500001,-162.62184897250006
9,8938509987,dota2-pr1-mouz-2026-08-10-game1,2026-08-10T09:24:47.767000+00:00,38.01604746999999,2.2620231030907503,40.27807057309074
9,8938565057,dota2-pr1-mouz-2026-08-10-game2,2026-08-10T10:12:07.159000+00:00,-28.863899999999994,1.3392030675,-27.524696932499992
9,8938634026,dota2-pr1-mouz-2026-08-10,2026-08-10T11:15:54.851000+00:00,-36.652220389999854,3.41213607116325,-33.24008431883661
9,8938716198,dota2-ill-z10-2026-08-10-game1,2026-08-10T12:25:50.383000+00:00,-5.095858,0.37273048815000004,-4.72312751185
9,8939023869,dota2-yes-lvlup1-2026-08-10-game1,2026-08-10T15:24:37.289000+00:00,57.333000000000084,1.7877980249999998,59.120798025000084
9,8940059913,dota2-lvlup1-navi-2026-08-11-game1,2026-08-11T09:16:02.605000+00:00,22.01579999999997,0.9294051599999998,22.94520515999997
9,8940117837,dota2-lvlup1-navi-2026-08-11-game2,2026-08-11T10:12:11.551000+00:00,123.38212919999992,2.9750490248099997,126.35717822480993
9,8940266495,dota2-mouz-re-2026-08-11-game1,2026-08-11T12:16:13.042000+00:00,70.32619912000003,3.1362094766340003,73.46240859663402
9,8940365227,dota2-mouz-re-2026-08-11-game2,2026-08-11T13:12:04.281000+00:00,5.075918629999997,1.44468539008575,6.520604020085747
9,8940487898,dota2-mouz-re-2026-08-11,2026-08-11T14:25:06.999000+00:00,-29.049622539999973,2.5908958836195,-26.458726656380474
9,8940643574,dota2-yes-z10-2026-08-11-game1,2026-08-11T15:45:57.067000+00:00,5.188556350000049,2.0161040223187503,7.2046603723187985
9,8940756672,dota2-yes-z10-2026-08-11-game2,2026-08-11T16:48:25.758000+00:00,-57.531178200000056,2.966024596395,-54.565153603605054
9,8941656460,dota2-lvlup1-re-2026-08-12-game1,2026-08-12T09:19:34.658000+00:00,-18.9175616,1.6679213477999997,-17.2496402522
9,8941733752,dota2-lvlup1-re-2026-08-12-game2,2026-08-12T10:35:42.245000+00:00,-7.775886009999979,3.7406520318772496,-4.035233978122729
9,8941817475,dota2-lvlup1-re-2026-08-12,2026-08-12T11:50:26.039000+00:00,7.484999999999943,2.46562119,9.950621189999943
9,8942003788,dota2-navi-lvlup1-2026-08-12-game1,2026-08-12T13:42:36.457000+00:00,5.1947999999999865,0.6681811499999999,5.862981149999986
9,8942152024,dota2-navi-lvlup1-2026-08-12-game2,2026-08-12T14:50:30.897000+00:00,0.4731999999999914,0.21448749000000003,0.6876874899999914
9,8942262723,dota2-navi-lvlup1-2026-08-12-game3,2026-08-12T15:53:47.795000+00:00,33.50559999999999,0.376683975,33.882283974999986
9,8962372120,dota2-ic-nemiga-2026-08-24-game1,2026-08-24T07:17:08.649000+00:00,0.0,0.0,0.0
9,8962458373,dota2-ic-nemiga-2026-08-24-game2,2026-08-24T08:26:45.454000+00:00,8.441739510000104,2.8970524616377498,11.338791971637853
9,8962592819,dota2-ks-lynx-2026-08-24-game1,2026-08-24T10:19:27.562000+00:00,-25.707482140000018,0.932538746535,-24.77494339346502
9,8962736746,dota2-ks-lynx-2026-08-24-game2,2026-08-24T11:33:18.452000+00:00,360.33345791999955,3.1099535848694995,363.44341150486906
9,8962964580,dota2-sb5-stx-2026-08-24-game1,2026-08-24T13:25:23.881000+00:00,0.0,0.0,0.0
9,8963508714,dota2-rearis-lynx-2026-08-24-game2,2026-08-24T17:37:20.349000+00:00,4.799999999999997,0.89172,5.6917199999999974
9,8963649188,dota2-dynast1-fts-2026-08-24-game1,2026-08-24T19:15:00.848000+00:00,53.83359999999999,0.67483194,54.50843193999999
9,8963790789,dota2-dynast1-fts-2026-08-24-game2,2026-08-24T20:20:45.642000+00:00,0.9594995000000068,0.224045149875,1.1835446498750068
9,8964399842,dota2-pckcp-nemiga-2026-08-25-game1,2026-08-25T07:22:10.248000+00:00,-2.042728720000003,0.21915185735400003,-1.823576862646003
9,8964480771,dota2-pckcp-nemiga-2026-08-25-game2,2026-08-25T08:31:41.723000+00:00,-23.112918950000036,2.90289191416275,-20.210027035837285
9,8964574076,dota2-pckcp-nemiga-2026-08-25,2026-08-25T09:52:05.670000+00:00,-53.65594508999999,3.3918769026247495,-50.26406818737524
9,8964657335,dota2-fts-pckcp-2026-08-25-game1,2026-08-25T10:52:11.864000+00:00,-0.10000000000000053,0.0317925,-0.06820750000000053
9,8964837315,dota2-fts-pckcp-2026-08-25-game2,2026-08-25T12:34:06.314000+00:00,-11.80733540999995,1.71873260975175,-10.0886028002482
9,8964962329,dota2-ic-fts-2026-08-25-game1,2026-08-25T13:50:36.471000+00:00,-31.094596719999913,3.297724075704,-27.796872644295913
9,8965097316,dota2-ic-fts-2026-08-25-game2,2026-08-25T14:41:01.046000+00:00,-5.155899999999974,0.9244843124999998,-4.231415687499974
9,8964938940,dota2-rearis-spirit1-2026-08-25-game1,2026-08-25T16:23:39.394000+00:00,0.9056847799999996,0.122799845691,1.0284846256909996
9,8965544741,dota2-rearis-spirit1-2026-08-25,2026-08-25T18:44:21.316000+00:00,-63.52480166000015,3.5530844498954997,-59.97171721010465
9,8969842778,dota2-pckcp-ic-2026-08-28-game2,2026-08-28T08:21:21.985000+00:00,130.0885859,4.1766678908624995,134.2652537908625
9,8969978865,dota2-rearis-sb5-2026-08-28-game1,2026-08-28T10:27:01.322000+00:00,1.603100000000012,0.24550566749999997,1.848605667500012
9,8970089224,dota2-rearis-sb5-2026-08-28-game2,2026-08-28T11:41:09.553000+00:00,4.9640970000000095,0.576918025725,5.5410150257250095
9,8970207176,dota2-rearis-sb5-2026-08-28,2026-08-28T12:56:49.576000+00:00,2.577400000000054,0.7090625249999999,3.286462525000054
9,8970338180,dota2-synaps-nemiga-2026-08-28-game1,2026-08-28T14:09:13.367000+00:00,-0.0017924500000106036,1.09356004951875,1.0917675995187395
9,8970352005,dota2-dynast1-ic-2026-08-28-game1,2026-08-28T14:10:35.964000+00:00,0.44515769999999755,0.109103176755,0.5542608767549976
9,8970470057,dota2-synaps-nemiga-2026-08-28-game2,2026-08-28T15:09:53.245000+00:00,360.53260933000007,2.66996012732775,363.2025694573278
9,8970485789,dota2-dynast1-ic-2026-08-28-game2,2026-08-28T15:14:26.848000+00:00,-66.99792559999992,3.1693586919,-63.828566908099916
9,8970575970,dota2-synaps-nemiga-2026-08-28,2026-08-28T16:02:11.965000+00:00,19.744717039999983,1.355923946232,21.100640986231983
9,8970655100,dota2-dynast1-ic-2026-08-28,2026-08-28T16:43:34.585000+00:00,-21.018905310000108,4.40373349264575,-16.61517181735436
9,8970886632,dota2-dynast1-pckcp-2026-08-28-game2,2026-08-28T18:51:22.084000+00:00,-25.583843,3.374759369625,-22.209083630375
9,8971007454,dota2-ks-rearis-2026-08-28-game1,2026-08-28T20:11:41.712000+00:00,-56.934217049999944,2.07731076653625,-54.856906283463694
9,8971016820,dota2-fts-nemiga-2026-08-28-game1,2026-08-28T20:17:43.711000+00:00,0.0,0.0,0.0
9,8971111987,dota2-ks-rearis-2026-08-28-game2,2026-08-28T21:24:47.695000+00:00,8.348983800000019,0.39830675827499995,8.747290558275019
9,8971423978,dota2-db2-satan-2026-08-28-game2,2026-08-29T03:20:55.120000+00:00,0.3125,0.0108890625,0.3233890625
9,8971501630,dota2-nexus-cres-2026-08-28,2026-08-29T04:51:09.441000+00:00,-265.62639364000006,3.4657618657605,-262.16063177423956
9,8971519375,dota2-nem-6seven-2026-08-29-game1,2026-08-29T05:14:15.579000+00:00,126.68080385999997,2.5421444997915,129.22294835979147
9,8971586781,dota2-nem-6seven-2026-08-29-game2,2026-08-29T06:13:46.689000+00:00,-11.368400000000008,1.71646755,-9.651932450000007
9,8971664649,dota2-nem-6seven-2026-08-29,2026-08-29T07:24:10.704000+00:00,11.652759360000005,1.4742113934960002,13.126970753496005
9,8971753986,dota2-icecre-kineti-2026-08-29-game1,2026-08-29T08:38:12.829000+00:00,0.0,0.0,0.0
9,8971849697,dota2-icecre-kineti-2026-08-29-game2,2026-08-29T09:43:14.699000+00:00,0.0,0.0,0.0
9,8971891627,dota2-dynast1-nemiga-2026-08-29-game1,2026-08-29T10:17:49.464000+00:00,2.5417327999999912,0.66868102728,3.210413827279991
9,8971964803,dota2-mouz-yes-2026-08-29-game1,2026-08-29T11:13:49.271000+00:00,-18.970686250000142,4.98005988065625,-13.990626369343893
9,8971988345,dota2-sb5-lynx-2026-08-29-game1,2026-08-29T11:21:30.742000+00:00,9.43249999999999,0.21429807750000002,9.64679807749999
9,8972103119,dota2-sb5-lynx-2026-08-29-game2,2026-08-29T12:31:54.536000+00:00,-0.4260000000000006,0.058463129999999995,-0.3675368700000006
9,8972115962,dota2-mouz-yes-2026-08-29-game2,2026-08-29T12:36:59.931000+00:00,-9.823378849999997,2.6449206927262496,-7.178458157273748
9,8972289868,dota2-huliga-lynx-2026-08-29-game1,2026-08-29T14:15:10.550000+00:00,-41.91579526999999,4.25096218161075,-37.66483308838924
9,8972502454,dota2-huliga-lynx-2026-08-29-game2,2026-08-29T15:52:19.963000+00:00,29.665099999999995,2.6688518025,32.333951802499996
9,8972611918,dota2-huliga-lynx-2026-08-29,2026-08-29T16:49:36.587000+00:00,-53.588900000000024,4.981874797500001,-48.607025202500026
9,8972773416,dota2-pi-lvlup1-2026-08-29-game1,2026-08-29T18:17:23.637000+00:00,3.334996200000006,0.390990386115,3.725986586115006
9,8972893200,dota2-pi-lvlup1-2026-08-29-game2,2026-08-29T19:20:53.860000+00:00,0.0,0.0,0.0
9,8973011673,dota2-pi-lvlup1-2026-08-29,2026-08-29T20:33:12.059000+00:00,-5.037499999999991,0.1939908825,-4.843509117499991
9,8973010298,dota2-ks-spirit1-2026-08-29-game1,2026-08-29T20:38:42.759000+00:00,0.0,0.0,0.0
9,8973337131,dota2-icecre-xctn-2026-08-30-game1,2026-08-30T02:14:49.254000+00:00,0.0,0.0,0.0
9,8973405568,dota2-icecre-xctn-2026-08-30-game2,2026-08-30T03:19:55.483000+00:00,-17.46908346,0.765078950829,-16.704004509171
9,8973462028,dota2-icecre-xctn-2026-08-30,2026-08-30T04:30:11.988000+00:00,-15.963398360000014,4.426502566371,-11.536895793629014
9,8973502629,dota2-clo-yb1-2026-08-30-game1,2026-08-30T05:13:07.837000+00:00,0.0,0.0,0.0
9,8973568453,dota2-clo-yb1-2026-08-30-game2,2026-08-30T06:12:50.377000+00:00,0.15268528999999909,0.04962644358224999,0.20231173358224908
9,8973613420,dota2-clo-yb1-2026-08-30,2026-08-30T07:04:46.677000+00:00,18.438241890000036,0.53346564974925,18.971707539749286
9,8973707438,dota2-lynx-lvlup1-2026-08-30-game1,2026-08-30T08:16:36.050000+00:00,-3.981000000000023,2.665373625,-1.315626375000023
9,8973859403,dota2-lynx-lvlup1-2026-08-30-game2,2026-08-30T09:56:31.353000+00:00,15.747399999999772,3.13326213,18.88066212999977
9,8973884000,dota2-nem-xctn-2026-08-30-game2,2026-08-30T10:12:32.710000+00:00,-0.58078382,0.0027442035495,-0.5780396164505
9,8973944033,dota2-lynx-lvlup1-2026-08-30,2026-08-30T10:50:43.696000+00:00,51.50030000000003,4.8004005675,56.30070056750003
9,8974185539,dota2-navi-mouz-2026-08-30-game2,2026-08-30T13:08:29.090000+00:00,188.9504,5.96990868,194.92030868
9,8974647733,dota2-lvlup1-pr1-2026-08-30-game1,2026-08-30T17:09:16.077000+00:00,3.2739652500000034,2.13979504117125,5.413760291171253
9,8974898633,dota2-lvlup1-pr1-2026-08-30,2026-08-30T19:25:58.777000+00:00,-17.87359794999999,5.37606582999375,-12.497532120006241
9,8975110449,dota2-dynast1-ks-2026-08-30-game2,2026-08-30T21:54:27.706000+00:00,19.330300000000022,1.5797935124999998,20.910093512500023
9,8975871235,dota2-synaps-lynx-2026-08-31-game1,2026-08-31T12:26:44.788000+00:00,-148.5460674000002,5.63814549192,-142.9079219080802
9,8976012755,dota2-synaps-lynx-2026-08-31-game2,2026-08-31T13:41:35.303000+00:00,-0.3533499999999776,2.4626503125,2.1093003125000225
9,8976166971,dota2-synaps-lynx-2026-08-31,2026-08-31T15:09:07.826000+00:00,25.90286027999995,4.8552015285209995,30.75806180852095
9,8976300473,dota2-4iki-ic-2026-08-31-game1,2026-08-31T16:25:39.940000+00:00,7.577446680000033,1.279957185936,8.857403865936034
9,8976441468,dota2-4iki-ic-2026-08-31-game2,2026-08-31T17:43:06.122000+00:00,59.7218,0.9486621449999999,60.670462145
9,8976511215,dota2-4iki-ic-2026-08-31,2026-08-31T18:29:54.020000+00:00,331.7007,3.6559507874999997,335.3566507875
9,8976665322,dota2-spirit1-pi-2026-08-31-game1,2026-08-31T20:26:57.494000+00:00,66.90476250000012,3.6057525159375,70.51051501593761
9,8976751962,dota2-spirit1-pi-2026-08-31-game2,2026-08-31T21:40:17.685000+00:00,-6.732200000000063,1.8484850249999998,-4.883714975000063
9,8977325814,dota2-ks-pckcp-2026-09-01-game2,2026-09-01T10:26:27.059000+00:00,-2.3191000000000486,1.1934941174999998,-1.1256058825000488
9,8977476867,dota2-ic-lynx-2026-09-01-game1,2026-09-01T12:26:04.131000+00:00,-3.632179039999997,0.753371744544,-2.8788072954559967
9,8977623650,dota2-ic-lynx-2026-09-01-game2,2026-09-01T13:53:28.128000+00:00,19.344026339999985,3.7432760333729997,23.087302373372985
9,8977913355,dota2-synaps-lvlup1-2026-09-01-game2,2026-09-01T16:37:59.217000+00:00,7.1640000000000015,0.3513942,7.515394200000001
9,8978023576,dota2-synaps-lvlup1-2026-09-01,2026-09-01T17:45:54.185000+00:00,-24.60227386000002,1.094758598343,-23.507515261657023
9,8978832148,dota2-pr1-ic-2026-09-02-game1,2026-09-02T09:52:32.767000+00:00,120.26145094999987,2.2417938121612497,122.50324476216112
9,8978916284,dota2-pr1-ic-2026-09-02-game2,2026-09-02T11:19:11.539000+00:00,2.459000000000003,0.751531875,3.210531875000003
9,8978986214,dota2-pr1-ic-2026-09-02,2026-09-02T12:20:55.440000+00:00,0.0,0.0,0.0
9,8979131280,dota2-dynast1-pckcp-2026-09-02-game1,2026-09-02T13:56:13.878000+00:00,0.0,0.0,0.0
9,8979241530,dota2-dynast1-pckcp-2026-09-02-game2,2026-09-02T14:56:18.245000+00:00,52.90663490999995,1.5986571468592499,54.505292056859204
9,8979344496,dota2-synaps-4iki-2026-09-02-game1,2026-09-02T15:59:27.587000+00:00,-11.483150660000028,5.001559580334,-6.481591079666028
9,8980293569,dota2-z10-ks-2026-09-03-game1,2026-09-03T09:18:42.909000+00:00,7.72910921999997,2.1008769527610003,9.82998617276097
9,8980358113,dota2-z10-ks-2026-09-03-game2,2026-09-03T10:27:20.250000+00:00,2.995199999999997,0.46788485999999996,3.463084859999997
9,8980463789,dota2-pckcp-spirit1-2026-09-03-game1,2026-09-03T12:14:02.762000+00:00,-1.3200000000000074,0.231165,-1.0888350000000073
9,8980769413,dota2-pi-dynast1-2026-09-03-game1,2026-09-03T15:17:23.998000+00:00,106.84457164000005,1.9883630622869999,108.83293470228705
10,8837869969,dota2-aur1-ty-2026-06-04-game1,2026-06-04T09:17:47.612000+00:00,37.96569715000004,3.03653167758375,41.00222882758379
10,8837957019,dota2-aur1-ty-2026-06-04-game2,2026-06-04T11:05:49.570000+00:00,-155.81739999999985,11.820601889999999,-143.99679810999984
10,8838056564,dota2-flc-liquid-2026-06-04-game1,2026-06-04T12:43:48.535000+00:00,3.007516299999992,1.0125496680375,4.020065968037492
10,8838170936,dota2-flc-liquid-2026-06-04-game2,2026-06-04T14:05:12.636000+00:00,-10.012396199999955,1.29732778404,-8.715068415959955
10,8838396820,dota2-lgd-ty-2026-06-04-game2,2026-06-04T16:48:28.531000+00:00,-19.79130086000002,3.0184051695329996,-16.77289569046702
10,8838480778,dota2-lgd-ty-2026-06-04,2026-06-04T17:57:47.377000+00:00,-81.06940042999992,5.16586664783925,-75.90353378216066
10,8839123109,dota2-flc-bb4-2026-06-05-game1,2026-06-05T09:16:39.267000+00:00,-105.35350000000001,1.3236689925,-104.02983100750001
10,8839193447,dota2-flc-bb4-2026-06-05-game2,2026-06-05T10:38:10.594000+00:00,-6.074620890000148,3.14926848310575,-2.925352406894398
10,8839366504,dota2-lgd-liquid-2026-06-05-game2,2026-06-05T13:21:18.066000+00:00,-122.92850000000004,3.7945941825,-119.13390581750004
10,8839494962,dota2-flc-aur1-2026-06-05-game1,2026-06-05T14:52:18.684000+00:00,19.532100000000128,6.624167752499999,26.156267752500128
10,8839625815,dota2-flc-aur1-2026-06-05-game2,2026-06-05T16:13:53.150000+00:00,23.74176348000001,2.1265639542,25.868327434200012
10,8839717574,dota2-flc-aur1-2026-06-05,2026-06-05T17:21:15.591000+00:00,12.554828239999893,2.25477313566,14.809601375659891
10,8840635639,dota2-ty-bb4-2026-06-06-game1,2026-06-06T10:47:49.658000+00:00,0.0,0.0,0.0
10,8840704374,dota2-ty-bb4-2026-06-06-game2,2026-06-06T11:51:44.485000+00:00,-0.43072233999996,3.3820022044935,2.95127986449354
10,8840821227,dota2-ty-bb4-2026-06-06,2026-06-06T13:12:37.368000+00:00,41.56569920000004,4.370456449140001,45.93615564914004
10,8840984097,dota2-aur1-lgd-2026-06-06-game1,2026-06-06T15:05:33.978000+00:00,-1.8169000000000324,2.0965730325,0.27967303249996744
10,8841114801,dota2-aur1-lgd-2026-06-06-game2,2026-06-06T16:30:29.855000+00:00,-23.11440361000001,1.4364874502227498,-21.67791615977726
10,8842052142,dota2-bb4-lgd-2026-06-07-game1,2026-06-07T09:18:04.694000+00:00,339.29605055999997,4.5077151476460005,343.803765707646
10,8842134886,dota2-bb4-lgd-2026-06-07-game2,2026-06-07T10:28:41.168000+00:00,14.606860230000024,5.67131773251675,20.27817796251677
10,8842245726,dota2-bb4-lgd-2026-06-07,2026-06-07T11:59:53.564000+00:00,-29.334700869999992,1.49645886417225,-27.83824200582774
10,8842468101,dota2-ty-lgd-2026-06-07-game1,2026-06-07T14:21:40.854000+00:00,-123.95911362999988,2.98211675759025,-120.97699687240963
10,8842596730,dota2-ty-lgd-2026-06-07-game2,2026-06-07T15:49:20.066000+00:00,-2.780999999999999,0.28168816500000005,-2.4993118349999985
10,8842722527,dota2-ty-lgd-2026-06-07-game3,2026-06-07T17:12:22.566000+00:00,18.91559915000002,1.17553199802375,20.09113114802377
10,8842845018,dota2-ty-lgd-2026-06-07-game4,2026-06-07T18:51:58.999000+00:00,2.2727000000000146,0.34687083750000003,2.6195708375000146
10,8843465364,dota2-4iki-nande4-2026-06-08-game1,2026-06-08T09:15:08.776000+00:00,-79.55918443999997,4.760013613818,-74.79917082618196
10,8843512570,dota2-4iki-nande4-2026-06-08-game2,2026-06-08T10:09:45.609000+00:00,-0.6400000000000006,0.02778,-0.6122200000000005
10,8843560379,dota2-4iki-nande4-2026-06-08,2026-06-08T11:10:54.138000+00:00,-0.09000000000000341,0.17897025,0.08897024999999659
10,8843760302,dota2-vpp-balu-2026-06-08-game2,2026-06-08T13:42:26.324000+00:00,15.880300000000034,0.35854889249999994,16.238848892500034
10,8844054970,dota2-z10-sb5-2026-06-08-game2,2026-06-08T17:08:41.204000+00:00,75.67319999999995,0.7135660800000001,76.38676607999996
10,8844132483,dota2-vpp-z10-2026-06-08-game1,2026-06-08T18:23:01.210000+00:00,0.0,0.0,0.0
10,8844244719,dota2-vpp-z10-2026-06-08-game2,2026-06-08T19:45:42.908000+00:00,52.81045309999993,1.3491494464875,54.159602546487434
10,8844308689,dota2-vpp-z10-2026-06-08,2026-06-08T20:50:38.757000+00:00,183.21479999999997,1.86204369,185.07684368999998
10,8850534819,dota2-ill-pr1-2026-06-13-game2,2026-06-13T17:10:42.502000+00:00,-3.96220000000001,0.28620355499999994,-3.6759964450000098
10,8850593633,dota2-ill-pr1-2026-06-13,2026-06-13T18:00:57.551000+00:00,0.0,0.0,0.0
10,8851984783,dota2-4iki-pr1-2026-06-14-game2,2026-06-14T16:46:25.798000+00:00,15.899799999999981,1.579468245,17.479268244999982
10,8852055373,dota2-4iki-pr1-2026-06-14,2026-06-14T17:46:02.690000+00:00,-76.18739999999991,2.163730845,-74.02366915499991
10,8854443395,dota2-fla-spirit1-2026-06-16-game1,2026-06-16T16:31:44.570000+00:00,-3.84,0.18359999999999999,-3.6563999999999997
10,8885183102,dota2-flc-bb4-2026-07-07-game1,2026-07-07T09:47:24.433000+00:00,-2.7386999999999997,2.4348404775,-0.3038595224999998
10,8885195986,dota2-re-xtreme-2026-07-07-game1,2026-07-07T09:55:03.037000+00:00,25.15039704000001,0.601639828224,25.752036868224007
10,8885252329,dota2-flc-bb4-2026-07-07-game2,2026-07-07T11:01:59.599000+00:00,-5.121299999999962,4.2397644225,-0.881535577499962
10,8885275216,dota2-re-xtreme-2026-07-07-game2,2026-07-07T11:16:11.813000+00:00,-4.557199999999966,0.94205025,-3.6151497499999663
10,8885365825,dota2-l1ga-ngx-2026-07-07-game1,2026-07-07T12:34:49.112000+00:00,-2.049999999999997,0.09234225,-1.9576577499999972
10,8885380529,dota2-liquid-playti-2026-07-07-game1,2026-07-07T12:43:07.045000+00:00,-15.092525750000021,3.0322531921312503,-12.060272557868771
10,8885411801,dota2-lvlup1-aur1-2026-07-07-game1,2026-07-07T13:06:28.530000+00:00,0.0,0.0,0.0
10,8885470551,dota2-l1ga-ngx-2026-07-07-game2,2026-07-07T13:39:34.570000+00:00,131.43411499999985,1.0875352368750002,132.52165023687485
10,8885473599,dota2-liquid-playti-2026-07-07-game2,2026-07-07T13:52:27.923000+00:00,-31.88335532000019,7.887247544844,-23.99610777515619
10,8885529711,dota2-lvlup1-aur1-2026-07-07-game2,2026-07-07T14:23:52.590000+00:00,17.122000000000014,0.17707552500000007,17.299075525000013
10,8885633666,dota2-ts8-mouz-2026-07-07-game1,2026-07-07T15:33:28.678000+00:00,137.31949922000007,5.5839992599845,142.90349847998456
10,8885665054,dota2-nem-pari-2026-07-07-game1,2026-07-07T15:41:38.548000+00:00,10.636140020000028,0.4853531968710001,11.121493216871027
10,8885784652,dota2-ts8-mouz-2026-07-07-game2,2026-07-07T17:16:32.961000+00:00,-64.44239999999996,4.422800909999999,-60.019599089999964
10,8885871759,dota2-ic-1win-2026-07-07-game1,2026-07-07T18:31:07.999000+00:00,0.0,0.0,0.0
10,8885928262,dota2-ty-og-2026-07-07-game1,2026-07-07T19:03:44.444000+00:00,48.6284,0.4225044599999999,49.05090446
10,8885974297,dota2-ic-1win-2026-07-07-game2,2026-07-07T19:32:14.446000+00:00,-74.48809999999992,3.2544957374999997,-71.23360426249992
10,8886005043,dota2-ty-og-2026-07-07-game2,2026-07-07T20:03:05.981000+00:00,0.0,0.0,0.0
10,8886576019,dota2-poorra-bb4-2026-07-08-game1,2026-07-08T09:20:01.472000+00:00,-20.0,0.6779999999999999,-19.322
10,8886572854,dota2-gl-xtreme-2026-07-08-game1,2026-07-08T09:27:27.007000+00:00,-101.24200000000002,3.17572065,-98.06627935000002
10,8886638110,dota2-poorra-bb4-2026-07-08-game2,2026-07-08T10:36:00.005000+00:00,0.8000000000000043,0.0678,0.8678000000000042
10,8886640910,dota2-flc-re-2026-07-08-game2,2026-07-08T10:39:41.623000+00:00,-2.4690999999999974,0.5812878674999998,-1.8878121324999975
10,8886641793,dota2-gl-xtreme-2026-07-08-game2,2026-07-08T10:45:04.782000+00:00,14.733199299999796,6.0524949425325,20.785694242532298
10,8886728756,dota2-l1ga-playti-2026-07-08-game1,2026-07-08T12:02:19.795000+00:00,1.830299999999987,8.9484547125,10.778754712499987
10,8886736772,dota2-liquid-lvlup1-2026-07-08-game1,2026-07-08T12:08:59.488000+00:00,5.691945000000004,0.38798538974999996,6.079930389750004
10,8886788497,dota2-ngx-aur1-2026-07-08-game1,2026-07-08T12:47:30.744000+00:00,11.385046810000006,1.1040432657067498,12.489090075706756
10,8886815251,dota2-l1ga-playti-2026-07-08-game2,2026-07-08T13:04:20.712000+00:00,71.42620000000008,1.0324899749999998,72.45868997500008
10,8886862310,dota2-liquid-lvlup1-2026-07-08-game2,2026-07-08T13:37:25.898000+00:00,15.724400000000003,0.1132156800000001,15.837615680000003
10,8886994890,dota2-ts8-nem-2026-07-08-game1,2026-07-08T14:59:11.781000+00:00,-0.564089960000004,0.46024649373599996,-0.10384346626400404
10,8887100676,dota2-vg-pari-2026-07-08-game1,2026-07-08T16:18:23.954000+00:00,2.330000000000016,0.3449332500000001,2.674933250000016
10,8887114313,dota2-ts8-nem-2026-07-08-game2,2026-07-08T16:15:19.583000+00:00,0.0,0.0,0.0
10,8887197358,dota2-vg-pari-2026-07-08-game2,2026-07-08T17:23:00.102000+00:00,-22.911100000000033,1.9848052425,-20.926294757500035
10,8887218598,dota2-lgd-og-2026-07-08-game1,2026-07-08T17:27:41.870000+00:00,10.007800000000017,0.68464137,10.692441370000017
10,8887260104,dota2-ty-ic-2026-07-08-game1,2026-07-08T17:58:24.214000+00:00,0.0,0.0,0.0
10,8887314193,dota2-lgd-og-2026-07-08-game2,2026-07-08T18:40:30.736000+00:00,-64.71391372,3.9017253126239995,-60.81218840737599
10,8887325211,dota2-vp-1win-2026-07-08-game1,2026-07-08T18:51:24.334000+00:00,31.99659021999986,4.1079753050429995,36.10456552504286
10,8887337672,dota2-ty-ic-2026-07-08-game2,2026-07-08T19:01:29.872000+00:00,0.0,0.0,0.0
10,8887432754,dota2-vp-1win-2026-07-08-game2,2026-07-08T20:20:02.742000+00:00,71.47019999999998,0.5272496099999999,71.99744960999998
10,8887986392,dota2-poorra-xtreme-2026-07-09-game1,2026-07-09T09:21:30.237000+00:00,-87.17559999999983,9.273566505,-77.90203349499983
10,8887998750,dota2-bb4-re-2026-07-09-game1,2026-07-09T09:29:32.198000+00:00,0.0,0.0,0.0
10,8888056358,dota2-poorra-xtreme-2026-07-09-game2,2026-07-09T10:34:44.979000+00:00,-24.293099999999953,3.0818661224999997,-21.211233877499954
10,8888066684,dota2-bb4-re-2026-07-09-game2,2026-07-09T10:43:25.275000+00:00,-15.998806859999988,0.8028028255005,-15.196004034499488
10,8888083694,dota2-gl-flc-2026-07-09-game2,2026-07-09T11:11:32.224000+00:00,108.49330000000009,2.8753566525,111.36865665250009
10,8888160657,dota2-l1ga-aur1-2026-07-09-game1,2026-07-09T12:09:38.901000+00:00,0.5385901599999379,1.3534231906979999,1.8920133506979377
10,8888173515,dota2-playti-lvlup1-2026-07-09-game1,2026-07-09T12:20:27.216000+00:00,68.60820000000001,1.3519766699999998,69.96017667000001
10,8888217771,dota2-ngx-liquid-2026-07-09-game1,2026-07-09T12:52:14.212000+00:00,12.309218199999975,1.0185993708149998,13.327817570814975
10,8888260336,dota2-l1ga-aur1-2026-07-09-game2,2026-07-09T13:20:05.771000+00:00,-19.52079999999995,1.2263051399999998,-18.29449485999995
10,8888279558,dota2-playti-lvlup1-2026-07-09-game2,2026-07-09T13:33:23.111000+00:00,25.1584,0.5908528799999999,25.74925288
10,8888318197,dota2-ngx-liquid-2026-07-09-game2,2026-07-09T14:04:08.888000+00:00,-12.213099999999997,5.4034537425,-6.809646257499997
10,8888405761,dota2-mouz-nem-2026-07-09-game1,2026-07-09T14:48:45.816000+00:00,10.8108,0.7378370999999999,11.5486371
10,8888425887,dota2-rnx-pari-2026-07-09-game1,2026-07-09T15:02:02.148000+00:00,8.788799999999998,0.24464256000000004,9.03344256
10,8888489297,dota2-vg-ts8-2026-07-09-game1,2026-07-09T15:42:43.149000+00:00,0.0,0.0,0.0
10,8888555097,dota2-mouz-nem-2026-07-09-game2,2026-07-09T16:24:34.308000+00:00,-23.75619999999998,2.09040567,-21.66579432999998
10,8888554919,dota2-rnx-pari-2026-07-09-game2,2026-07-09T16:26:10.054000+00:00,0.0,0.0,0.0
10,8888592426,dota2-vg-ts8-2026-07-09-game2,2026-07-09T16:59:54.115000+00:00,-12.39579999999998,1.6734304050000002,-10.72236959499998
10,8888682602,dota2-og-ic-2026-07-09-game1,2026-07-09T17:53:01.981000+00:00,-44.68749945999994,1.9965357799485,-42.69096368005144
10,8888693655,dota2-vp-ty-2026-07-09-game1,2026-07-09T18:07:57.629000+00:00,0.0,0.35999568000000004,0.35999568000000004
10,8888731478,dota2-lgd-1win-2026-07-09-game1,2026-07-09T18:35:20.326000+00:00,38.610600000000005,2.200741575,40.81134157500001
10,8888771711,dota2-og-ic-2026-07-09-game2,2026-07-09T19:04:50.495000+00:00,0.0,0.0,0.0
10,8888819433,dota2-lgd-1win-2026-07-09-game2,2026-07-09T19:41:02.532000+00:00,26.438398860000007,3.7294919946135,30.167890854613507
10,8889452921,dota2-re-gl-2026-07-10-game1,2026-07-10T09:17:34.068000+00:00,84.30470000000003,2.7603906225,87.06509062250002
10,8889468264,dota2-xtreme-bb4-2026-07-10-game1,2026-07-10T09:26:30.741000+00:00,9.985700000000065,2.0853453525,12.071045352500064
10,8889513730,dota2-poorra-flc-2026-07-10-game2,2026-07-10T10:17:36.842000+00:00,0.0,0.0,0.0
10,8889524021,dota2-xtreme-bb4-2026-07-10-game2,2026-07-10T10:37:39.793000+00:00,0.09180000000003474,2.04023487,2.1320348700000347
10,8889538949,dota2-re-gl-2026-07-10-game2,2026-07-10T10:40:57.402000+00:00,-121.61589999999978,8.1093284175,-113.50657158249979
10,8889615310,dota2-l1ga-liquid-2026-07-10-game1,2026-07-10T11:48:20.990000+00:00,-5.315999999999988,0.39540359999999997,-4.920596399999988
10,8889621582,dota2-aur1-playti-2026-07-10-game1,2026-07-10T11:57:42.116000+00:00,-38.19820061000003,3.84407734257525,-34.35412326742478
10,8889699098,dota2-l1ga-liquid-2026-07-10-game2,2026-07-10T12:46:15.831000+00:00,0.0,0.0,0.0
10,8889733840,dota2-aur1-playti-2026-07-10-game2,2026-07-10T13:14:22.837000+00:00,-36.18850000000002,0.896569245,-35.29193075500002
10,8889871314,dota2-nem-vg-2026-07-10-game1,2026-07-10T14:27:52.631000+00:00,14.896199999999997,0.6206606549999999,15.516860654999997
10,8889914618,dota2-pari-mouz-2026-07-10-game1,2026-07-10T14:59:49.254000+00:00,-6.055363520000014,0.4197464617319999,-5.635617058268014
10,8889944251,dota2-rnx-ts8-2026-07-10-game1,2026-07-10T15:15:29.857000+00:00,16.092299999999966,0.29224766250000006,16.384547662499966
10,8890008812,dota2-nem-vg-2026-07-10-game2,2026-07-10T15:49:04.827000+00:00,38.06239999999997,1.820791125,39.88319112499997
10,8890036748,dota2-pari-mouz-2026-07-10-game2,2026-07-10T16:15:07.698000+00:00,27.272400000000005,0.17999784000000002,27.452397840000003
10,8890074597,dota2-rnx-ts8-2026-07-10-game2,2026-07-10T16:28:42.555000+00:00,0.0,0.0,0.0
10,8890179830,dota2-lgd-ty-2026-07-10-game1,2026-07-10T17:38:53.401000+00:00,51.206999999999994,2.7286434,53.9356434
10,8890270555,dota2-1win-og-2026-07-10-game2,2026-07-10T18:36:26.467000+00:00,0.0,0.0,0.0
10,8890268632,dota2-lgd-ty-2026-07-10-game2,2026-07-10T18:43:14.663000+00:00,-4.214484000000034,1.632336786,-2.5821472140000346
10,8890301402,dota2-ic-vp-2026-07-10-game2,2026-07-10T18:52:09.717000+00:00,0.0,0.0,0.0
10,8891108843,dota2-poorra-re-2026-07-11-game1,2026-07-11T09:15:44.932000+00:00,1.5999999999999979,0.14682,1.7468199999999978
10,8891108985,dota2-bb4-gl-2026-07-11-game1,2026-07-11T09:17:06.187000+00:00,5.882399999999961,1.813242405,7.695642404999962
10,8891145641,dota2-xtreme-flc-2026-07-11-game1,2026-07-11T09:30:07.111000+00:00,2.941199999999924,1.5218375849999997,4.463037584999924
10,8891217710,dota2-poorra-re-2026-07-11-game2,2026-07-11T10:44:50.172000+00:00,-57.054800699999994,1.6480433676375,-55.406757332362496
10,8891240327,dota2-xtreme-flc-2026-07-11-game2,2026-07-11T11:01:14.698000+00:00,-12.413199999999975,1.80172413,-10.611475869999975
10,8891325877,dota2-l1ga-lvlup1-2026-07-11-game1,2026-07-11T12:09:46.181000+00:00,-0.8000000000000007,0.041639999999999996,-0.7583600000000007
10,8891349244,dota2-playti-ngx-2026-07-11-game1,2026-07-11T12:27:52.369000+00:00,34.35899999999995,5.109765405,39.46876540499995
10,8891371442,dota2-aur1-liquid-2026-07-11-game1,2026-07-11T12:43:19.319000+00:00,-40.25400000000005,2.188267575,-38.06573242500005
10,8891438996,dota2-l1ga-lvlup1-2026-07-11-game2,2026-07-11T13:19:40.554000+00:00,0.129999999999999,0.09340725,0.223407249999999
10,8891497910,dota2-aur1-liquid-2026-07-11-game2,2026-07-11T13:53:37.287000+00:00,30.600498120000026,0.7477689788340001,31.348267098834025
10,8891519142,dota2-playti-ngx-2026-07-11-game2,2026-07-11T14:08:43.754000+00:00,-46.23719999999997,2.29397925,-43.94322074999997
10,8892829232,dota2-mouz-vg-2026-07-12-game1,2026-07-12T09:15:57.248000+00:00,-12.723199999999963,3.81762618,-8.905573819999963
10,8892835652,dota2-rnx-nem-2026-07-12-game1,2026-07-12T09:19:01.546000+00:00,-57.305000000000035,4.02271824,-53.28228176000003
10,8892836635,dota2-pari-ts8-2026-07-12-game1,2026-07-12T09:26:06.808000+00:00,19.72460000000021,8.295984644999999,28.020584645000206
10,8892923329,dota2-mouz-vg-2026-07-12-game2,2026-07-12T10:25:59.512000+00:00,-83.41340104000002,2.738646236568,-80.67475480343202
10,8892914077,dota2-pari-ts8-2026-07-12-game2,2026-07-12T10:31:28.406000+00:00,-20.988711799999912,2.8586921723699996,-18.130019627629913
10,8892958964,dota2-rnx-nem-2026-07-12-game2,2026-07-12T10:53:08.655000+00:00,-96.81910000000006,4.420162507500001,-92.39893749250007
10,8893070561,dota2-1win-ty-2026-07-12-game1,2026-07-12T12:14:45.162000+00:00,59.57377471999985,5.559500397888,65.13327511788785
10,8893106015,dota2-og-vp-2026-07-12-game1,2026-07-12T12:36:42.440000+00:00,12.64119999999997,1.0296257399999997,13.67082573999997
10,8893165071,dota2-1win-ty-2026-07-12-game2,2026-07-12T13:18:20.777000+00:00,-89.3421605,8.6928733940625,-80.6492871059375
10,8893253595,dota2-og-vp-2026-07-12-game2,2026-07-12T13:56:28.498000+00:00,0.8889991800000061,0.355229622171,1.2442288021710062
10,8896139222,dota2-re-vp-2026-07-14-game1,2026-07-14T11:15:10.363000+00:00,81.63,3.68660859,85.31660859
10,8896140998,dota2-liquid-xtreme-2026-07-14-game1,2026-07-14T11:24:31.795000+00:00,-70.78630000000001,6.4278211725,-64.35847882750001
10,8896234088,dota2-re-vp-2026-07-14-game2,2026-07-14T12:30:48.003000+00:00,-47.93489999999997,2.4085676025,-45.52633239749997
10,8896267691,dota2-liquid-xtreme-2026-07-14-game2,2026-07-14T13:05:08.216000+00:00,-46.50399999999996,4.27469541,-42.22930458999996
10,8896380183,dota2-re-vp-2026-07-14,2026-07-14T14:02:34.965000+00:00,-140.56370000000015,6.9188847975000005,-133.64481520250015
10,8896486914,dota2-liquid-xtreme-2026-07-14,2026-07-14T15:13:00.049000+00:00,-7.76390146,3.3526382564745,-4.4112632035254995
10,8896645659,dota2-lgd-mouz-2026-07-14-game1,2026-07-14T16:55:49.823000+00:00,0.08059999999999956,0.022964955,0.10356495499999956
10,8896731473,dota2-lgd-mouz-2026-07-14-game2,2026-07-14T18:02:11.857000+00:00,-22.408400000000114,2.84646015,-19.561939850000115
10,8897585705,dota2-aur1-re-2026-07-15-game1,2026-07-15T11:19:40.513000+00:00,0.0,0.0,0.0
10,8897588873,dota2-ts8-liquid-2026-07-15-game1,2026-07-15T11:25:30.473000+00:00,34.02781568,3.2826836411520004,37.310499321152
10,8897695379,dota2-aur1-re-2026-07-15-game2,2026-07-15T12:41:48.340000+00:00,-4.487099999999998,0.9246169125000001,-3.5624830874999978
10,8897696869,dota2-ts8-liquid-2026-07-15-game2,2026-07-15T12:54:25.976000+00:00,92.68222850000006,5.0465892624375,97.72881776243756
10,8897831774,dota2-ts8-liquid-2026-07-15,2026-07-15T14:13:24.528000+00:00,83.21858628000007,1.7849978060009999,85.00358408600107
10,8897841991,dota2-1win-vg-2026-07-15-game1,2026-07-15T14:22:22.284000+00:00,-0.9888628199999943,0.7525994380275,-0.2362633819724943
10,8897971312,dota2-1win-vg-2026-07-15-game2,2026-07-15T15:33:39.656000+00:00,3.690000000000026,1.162917135,4.852917135000026
10,8898003442,dota2-bb4-lgd-2026-07-15-game1,2026-07-15T15:56:58.589000+00:00,52.11303324000008,3.5171631296220003,55.63019636962208
10,8898084910,dota2-1win-vg-2026-07-15,2026-07-15T16:49:08.935000+00:00,-25.517800000000022,2.989448235,-22.52835176500002
10,8898117600,dota2-bb4-lgd-2026-07-15-game2,2026-07-15T17:15:52.403000+00:00,37.63637334999996,0.82056548191125,38.45693883191121
10,8899028080,dota2-ty-ts8-2026-07-17-game1,2026-07-16T11:25:22.617000+00:00,-59.77529999999992,4.1462066325,-55.62909336749992
10,8899120700,dota2-ty-ts8-2026-07-17-game2,2026-07-16T12:44:26.752000+00:00,-37.07539999999991,2.852206695,-34.22319330499991
10,8899307453,dota2-pari-re-2026-07-17-game1,2026-07-16T14:36:23.407000+00:00,7.842300000000023,0.6612746624999999,8.503574662500023
10,8899420575,dota2-pari-re-2026-07-17-game2,2026-07-16T15:46:28.167000+00:00,-27.907400000000052,1.2356488199999998,-26.67175118000005
10,8900508749,dota2-flc-vg-2026-07-16-game1,2026-07-17T11:21:46.405000+00:00,-31.39590000000001,0.9425952825,-30.45330471750001
10,8900623530,dota2-flc-vg-2026-07-16-game2,2026-07-17T12:54:30.551000+00:00,-118.33579185999997,8.489904460907999,-109.84588739909198
10,8900771154,dota2-ngx-bb4-2026-07-16-game1,2026-07-17T14:28:08.196000+00:00,-7.668399999999991,2.21602167,-5.452378329999991
10,8900882416,dota2-ngx-bb4-2026-07-16-game2,2026-07-17T15:33:10.588000+00:00,-0.5684000000000253,0.78200283,0.2136028299999747
10,8902107148,dota2-bb4-vg-2026-07-18-game1,2026-07-18T11:22:02.020000+00:00,1.75,0.06283125,1.81283125
10,8902173969,dota2-bb4-vg-2026-07-18-game2,2026-07-18T12:21:15.910000+00:00,-5.348386769999948,2.06320452962775,-3.285182240372198
10,8902338515,dota2-ty-pari-2026-07-18-game1,2026-07-18T14:06:38.308000+00:00,8.165219780000044,1.5299800343415002,9.695199814341544
10,8902431810,dota2-ty-pari-2026-07-18-game2,2026-07-18T15:09:37.865000+00:00,107.42820000000003,8.278906305,115.70710630500002
10,8902610619,dota2-ty-pari-2026-07-18,2026-07-18T16:48:06.686000+00:00,11.633984149999833,8.056571022513749,19.690555172513584
10,8903705555,dota2-vg-ty-2026-07-19-game1,2026-07-19T10:24:33.152000+00:00,21.290999999999997,0.55617264,21.847172639999997
10,8903789784,dota2-vg-ty-2026-07-19-game2,2026-07-19T11:31:19.185000+00:00,4.0,0.5145,4.5145
10,8904012666,dota2-bb4-pari-2026-07-19-game1,2026-07-19T13:57:51.853000+00:00,49.782032580000006,1.412472145887,51.19450472588701
10,8904157676,dota2-bb4-pari-2026-07-19-game2,2026-07-19T15:17:11.337000+00:00,-50.234701750000085,9.02071017159375,-41.213991578406336
10,8904322271,dota2-bb4-pari-2026-07-19-game3,2026-07-19T16:52:33.960000+00:00,7.772600000000061,3.66380091,11.43640091000006
10,8904419709,dota2-bb4-pari-2026-07-19-game4,2026-07-19T18:05:14.511000+00:00,2.555399999999988,1.0768627199999998,3.632262719999988
10,8905035315,dota2-stx-lynx-2026-07-20-game1,2026-07-20T07:25:19.610000+00:00,0.0004289999999969041,0.20789774775000003,0.20832674774999693
10,8905093611,dota2-stx-lynx-2026-07-20-game2,2026-07-20T08:36:36.644000+00:00,43.18530000000004,1.7461505775,44.931450577500044
10,8905164476,dota2-stx-lynx-2026-07-20,2026-07-20T10:04:24.370000+00:00,427.5411582100003,3.81552466404975,431.35668287405
10,8905233934,dota2-lynx-pckcp-2026-07-20-game1,2026-07-20T11:15:17.947000+00:00,53.63829935000001,1.96591781011125,55.60421716011126
10,8905359313,dota2-lynx-pckcp-2026-07-20-game2,2026-07-20T12:49:30.119000+00:00,1.8326603499999976,2.1066556458607497,3.9393159958607473
10,8905490238,dota2-z10-nemiga-2026-07-20-game1,2026-07-20T14:13:02.081000+00:00,-26.08499999999998,1.012217295,-25.07278270499998
10,8905612460,dota2-z10-nemiga-2026-07-20-game2,2026-07-20T15:25:40.567000+00:00,-165.91353724000004,3.873832171248,-162.03970506875203
10,8905741721,dota2-spirit1-jenz-2026-07-20-game1,2026-07-20T16:55:30.580000+00:00,-12.30200000000003,0.7695261,-11.53247390000003
10,8905885788,dota2-spirit1-jenz-2026-07-20-game2,2026-07-20T18:35:45.253000+00:00,0.0,0.0,0.0
10,8905975768,dota2-lvlup1-ill-2026-07-20-game1,2026-07-20T19:45:16.612000+00:00,-18.024400000000014,5.727910919999999,-12.296489080000015
10,8906069414,dota2-lvlup1-ill-2026-07-20-game2,2026-07-20T20:59:36.536000+00:00,-29.2346,1.568648925,-27.665951075
10,8906479441,dota2-nemiga-dan-2026-07-21-game1,2026-07-21T07:24:02.590000+00:00,103.26007069000008,1.86767130244425,105.12774199244433
10,8906547471,dota2-nemiga-dan-2026-07-21-game2,2026-07-21T08:48:51.736000+00:00,21.61209999999999,1.0719235874999997,22.68402358749999
10,8906626852,dota2-pckcp-stx-2026-07-21-game1,2026-07-21T10:17:03.931000+00:00,-0.789200000000001,0.72122811,-0.06797189000000103
10,8906706819,dota2-pckcp-stx-2026-07-21-game2,2026-07-21T11:28:10.072000+00:00,3.076899999999995,1.0428383324999997,4.1197383324999945
10,8906814740,dota2-pckcp-stx-2026-07-21,2026-07-21T12:50:32.182000+00:00,-40.13680071999994,5.137778832624,-34.99902188737594
10,8906911697,dota2-lynx-spirit1-2026-07-21-game1,2026-07-21T14:01:22.509000+00:00,0.9099999999999993,0.41175225,1.3217522499999992
10,8907021823,dota2-lynx-spirit1-2026-07-21-game2,2026-07-21T14:54:33.550000+00:00,-39.798999999999985,3.397557,-36.401442999999986
10,8907114935,dota2-lynx-spirit1-2026-07-21,2026-07-21T15:55:17.448000+00:00,-39.32846451999997,6.030165531306,-33.29829898869397
10,8907236730,dota2-jenz-lynx-2026-07-21-game1,2026-07-21T17:22:36.365000+00:00,0.0,0.0,0.0
10,8907319204,dota2-jenz-lynx-2026-07-21-game2,2026-07-21T18:19:16.673000+00:00,-36.94821714999994,0.8475325233337498,-36.100684626666194
10,8907510684,dota2-z10-aion-2026-07-21-game2,2026-07-21T20:45:41.820000+00:00,0.0,0.0,0.0
10,8907942033,dota2-ill-dan-2026-07-22-game1,2026-07-22T07:18:07.776000+00:00,0.0,0.0,0.0
10,8907997366,dota2-ill-dan-2026-07-22-game2,2026-07-22T08:30:21.640000+00:00,-8.692502679999961,0.952825963266,-7.739676716733961
10,8908178087,dota2-nemiga-aion-2026-07-22-game2,2026-07-22T11:35:02.272000+00:00,11.325509659999994,0.453198558489,11.778708218488994
10,8908313996,dota2-stx-spirit1-2026-07-22-game1,2026-07-22T13:26:43.307000+00:00,0.04526736000000753,0.19480160750400005,0.24006896750400758
10,8908486051,dota2-stx-spirit1-2026-07-22-game2,2026-07-22T15:03:55.390000+00:00,30.38468592999999,1.24401031187025,31.628696241870237
10,8908612824,dota2-stx-spirit1-2026-07-22,2026-07-22T16:27:56.948000+00:00,13.43379700999995,2.90498696688525,16.3387839768852
10,8908710300,dota2-z10-lvlup1-2026-07-22-game1,2026-07-22T17:40:32.974000+00:00,-40.54440000000007,4.7514824099999995,-35.792917590000066
10,8908926344,dota2-z10-lvlup1-2026-07-22,2026-07-22T20:21:42.790000+00:00,-14.125913709999992,2.69094419739825,-11.434969512601741
10,8909388284,dota2-dan-z10-2026-07-23-game1,2026-07-23T07:17:23.633000+00:00,0.0,0.0,0.0
10,8909443684,dota2-dan-z10-2026-07-23-game2,2026-07-23T08:24:14.078000+00:00,-10.89130193000002,0.78476532359175,-10.10653660640827
10,8909498494,dota2-dan-z10-2026-07-23,2026-07-23T09:35:42.112000+00:00,-1.1139999999999963,0.09019413,-1.0238058699999963
10,8909658828,dota2-spirit1-pckcp-2026-07-23-game2,2026-07-23T11:56:35.158000+00:00,0.0,0.0,0.0
10,8909780227,dota2-spirit1-pckcp-2026-07-23,2026-07-23T13:29:29.880000+00:00,0.0,0.0,0.0
10,8910104556,dota2-jenz-kw1-2026-07-23-game2,2026-07-23T16:47:57.620000+00:00,-39.12970000000005,2.4764948474999997,-36.65320515250005
10,8910216725,dota2-jenz-kw1-2026-07-23,2026-07-23T18:09:02.529000+00:00,1.970000000000006,0.17845425,2.148454250000006
10,8910344715,dota2-lvlup1-aion-2026-07-23-game1,2026-07-23T19:45:58.831000+00:00,0.0,0.0,0.0
10,8910461593,dota2-lvlup1-aion-2026-07-23-game2,2026-07-23T21:18:59.726000+00:00,-4.4517999999999995,0.18788671499999998,-4.263913284999999
10,8910535715,dota2-lvlup1-aion-2026-07-23,2026-07-23T22:37:28.157000+00:00,58.05165208000002,0.975893222208,59.02754530220802
10,8910589445,dota2-nemiga-ill-2026-07-23-game1,2026-07-23T23:33:41.369000+00:00,-20.43979999999999,1.2926524199999998,-19.14714757999999
10,8910670427,dota2-nemiga-ill-2026-07-23,2026-07-24T01:26:47.762000+00:00,-5.235000000000014,1.5557807099999998,-3.679219290000014
10,8910982575,dota2-aion-dan-2026-07-24-game2,2026-07-24T08:39:31.809000+00:00,0.0,0.0,0.0
10,8911277378,dota2-kw1-stx-2026-07-24-game2,2026-07-24T13:08:23.857000+00:00,-2.4127014800000097,1.2163810253910001,-1.1963204546090096
10,8911784562,dota2-z10-ill-2026-07-24-game1,2026-07-24T18:00:21.302000+00:00,-43.313399999999945,3.54391308,-39.76948691999994
10,8911916389,dota2-z10-ill-2026-07-24-game2,2026-07-24T19:32:36.981000+00:00,-1.600000000000005,0.4355399999999999,-1.164460000000005
10,8912045230,dota2-nemiga-lvlup1-2026-07-24-game1,2026-07-24T21:05:49.488000+00:00,-3.6916000000000153,5.38162566,1.6900256599999848
10,8912123729,dota2-nemiga-lvlup1-2026-07-24-game2,2026-07-24T22:15:39.296000+00:00,0.0,0.0,0.0
10,8912551235,dota2-ill-aion-2026-07-25-game1,2026-07-25T07:19:52.253000+00:00,2.3131994799999998,0.096211932894,2.409411412894
10,8912622476,dota2-ill-aion-2026-07-25-game2,2026-07-25T08:27:06.996000+00:00,11.674500000000023,0.6482062424999999,12.322706242500024
10,8912758286,dota2-pckcp-jenz-2026-07-22-game1,2026-07-25T10:25:45.605000+00:00,-31.061600959999964,1.683444896832,-29.378156063167964
10,8912831712,dota2-pckcp-jenz-2026-07-22-game2,2026-07-25T11:23:26.682000+00:00,4.800000000000001,0.14057999999999998,4.940580000000001
10,8912974141,dota2-pckcp-jenz-2026-07-22,2026-07-25T13:02:19.241000+00:00,-24.393792639999987,1.431647247984,-22.962145392015987
10,8913307206,dota2-kw1-pckcp-2026-07-25-game1,2026-07-25T16:28:48.834000+00:00,20.900000000000006,0.5185575,21.418557500000006
10,8913598312,dota2-lynx-kw1-2026-07-25-game1,2026-07-25T19:28:05.257000+00:00,1.294799999999995,3.02867253,4.323472529999995
10,8913726962,dota2-lynx-kw1-2026-07-25-game2,2026-07-25T20:57:15.562000+00:00,-101.49789999999996,6.2690483624999995,-95.22885163749996
10,8913824141,dota2-lynx-kw1-2026-07-25,2026-07-25T22:21:39.642000+00:00,-34.58959999999999,3.02797062,-31.56162937999999
10,8914414410,dota2-nemiga-ill-2026-07-26-game1,2026-07-26T09:26:59.644000+00:00,-19.659555599999976,1.1106844344,-18.548871165599977
10,8914520562,dota2-nemiga-ill-2026-07-26-game2,2026-07-26T10:41:21.923000+00:00,20.00000000000003,1.4925,21.492500000000028
10,8914637220,dota2-nemiga-ill-2026-07-26,2026-07-26T12:04:18.708000+00:00,12.773599999999988,0.58726626,13.360866259999987
10,8914749408,dota2-rearis-pckcp-2026-07-26-game1,2026-07-26T13:19:34.036000+00:00,-5.114327800000012,0.7953096034499999,-4.3190181965500125
10,8914885598,dota2-rearis-pckcp-2026-07-26-game2,2026-07-26T14:24:02.001000+00:00,109.28719999999998,0.72800562,110.01520561999999
10,8915002841,dota2-kw1-rearis-2026-07-26-game1,2026-07-26T15:32:54.677000+00:00,0.0,0.0,0.0
10,8915137972,dota2-kw1-rearis-2026-07-26-game2,2026-07-26T16:47:26.165000+00:00,0.9000000000000004,0.03820499999999999,0.9382050000000004
10,8915271266,dota2-jenz-stx-2026-07-26-game1,2026-07-26T18:26:53.337000+00:00,20.758199999999988,0.72014505,21.478345049999987
10,8915390117,dota2-jenz-stx-2026-07-26-game2,2026-07-26T19:37:39.362000+00:00,0.5386000000000024,0.07957815,0.6181781500000024
10,8915498965,dota2-jenz-stx-2026-07-26,2026-07-26T20:57:43.107000+00:00,13.025000000000006,0.8804519249999999,13.905451925000005
10,8916041863,dota2-lvlup1-pckcp-2026-07-27-game1,2026-07-27T09:21:33.291000+00:00,4.125500000000002,0.08265956249999999,4.208159562500002
10,8916102349,dota2-lvlup1-pckcp-2026-07-27-game2,2026-07-27T10:12:46.876000+00:00,6.846600000000024,1.8068037299999997,8.653403730000024
10,8916245727,dota2-stx-nemiga-2026-07-27-game1,2026-07-27T12:25:46.061000+00:00,32.22615460000006,3.73899230604,35.96514690604006
10,8916384577,dota2-stx-nemiga-2026-07-27-game2,2026-07-27T13:48:29.618000+00:00,14.227100000000025,4.6761145275,18.903214527500026
10,8916474664,dota2-stx-nemiga-2026-07-27,2026-07-27T14:44:54.132000+00:00,48.848199480000005,4.760536707932999,53.608736187933005
10,8917611319,dota2-pr1-nemiga-2026-07-28-game2,2026-07-28T10:17:02.190000+00:00,0.0,0.0,0.0
10,8917675823,dota2-pr1-nemiga-2026-07-28,2026-07-28T11:19:25.327000+00:00,67.1449,0.7684339574999999,67.9133339575
10,8917738415,dota2-nh-pckcp-2026-07-28-game1,2026-07-28T12:16:10.015000+00:00,0.0,0.0,0.0
10,8917853656,dota2-nh-pckcp-2026-07-28-game2,2026-07-28T13:23:44.955000+00:00,0.935200000000016,0.21698858999999998,1.152188590000016
10,8918052500,dota2-pckcp-kw1-2026-07-28-game1,2026-07-28T15:24:46.769000+00:00,-2.3999999999999986,0.11771999999999999,-2.2822799999999988
10,8918176547,dota2-pckcp-kw1-2026-07-28-game2,2026-07-28T16:37:04.197000+00:00,0.0,0.0,0.0
10,8919264561,dota2-rearis-z10-2026-07-29-game1,2026-07-29T12:23:03.580000+00:00,-14.776299999999992,2.1148453425,-12.661454657499991
10,8919404744,dota2-rearis-z10-2026-07-29-game2,2026-07-29T13:48:28.368000+00:00,-9.61039999999997,4.0369855800000005,-5.57341441999997
10,8919546613,dota2-amaru-nemiga-2026-07-29-game1,2026-07-29T15:15:30.082000+00:00,0.0,0.0,0.0
10,8919685210,dota2-amaru-nemiga-2026-07-29-game2,2026-07-29T16:34:50.427000+00:00,-157.81500061999992,3.3345269970704994,-154.48047362292942
10,8919803916,dota2-amaru-nemiga-2026-07-29,2026-07-29T18:02:17.532000+00:00,164.11804806999982,5.79592656461475,169.91397463461456
10,8920655724,dota2-pckcp-z10-2026-07-30-game2,2026-07-30T10:32:16.617000+00:00,0.0,0.0,0.0
10,8920897425,dota2-lvlup1-z10-2026-07-30-game2,2026-07-30T13:37:44.606000+00:00,-49.28529999999995,3.8364468525,-45.448853147499946
10,8921002620,dota2-lvlup1-z10-2026-07-30,2026-07-30T14:47:46.063000+00:00,13.626399999999961,1.6766763,15.303076299999962
10,8921162227,dota2-amaru-pr1-2026-07-30-game1,2026-07-30T16:32:24.441000+00:00,27.75689999999999,1.2426684525,28.99956845249999
10,8921281044,dota2-amaru-pr1-2026-07-30-game2,2026-07-30T17:34:28.519000+00:00,0.0,0.0,0.0
10,8921949036,dota2-re-midas3-2026-07-31-game1,2026-07-31T06:23:42.906000+00:00,0.0,0.0,0.0
10,8922016200,dota2-re-midas3-2026-07-31-game2,2026-07-31T07:39:14.850000+00:00,49.4938,1.032883965,50.526683965000004
10,8922074642,dota2-vg-amaru-2026-07-31-game1,2026-07-31T08:46:41.467000+00:00,3.0,0.1096875,3.1096875
10,8922137329,dota2-vg-amaru-2026-07-31-game2,2026-07-31T09:48:16.177000+00:00,0.0,0.0,0.0
10,8922133239,dota2-tr7-playti-2026-07-31-game1,2026-07-31T09:57:34.446000+00:00,21.56899808000003,3.1749850414650003,24.74398312146503
10,8922186876,dota2-vg-amaru-2026-07-31,2026-07-31T10:40:33.810000+00:00,4.948199999999986,0.6332086349999999,5.581408634999986
10,8922211678,dota2-tr7-playti-2026-07-31-game2,2026-07-31T11:00:53.806000+00:00,-2.4790167199999757,2.136097895232,-0.34291882476797575
10,8922300474,dota2-enjoy-glyph-2026-07-31-game1,2026-07-31T12:14:29.331000+00:00,0.0,0.107055,0.107055
10,8922339160,dota2-l1ga-rnx-2026-07-31-game1,2026-07-31T12:44:09.822000+00:00,-38.37859999999989,8.513968665,-29.864631334999892
10,8922400300,dota2-enjoy-glyph-2026-07-31-game2,2026-07-31T13:24:39.311000+00:00,0.9990000000000032,1.733131605,2.7321316050000033
10,8922433138,dota2-l1ga-rnx-2026-07-31-game2,2026-07-31T13:42:06.325000+00:00,-13.140000000000006,0.5197080000000001,-12.620292000000006
10,8922552315,dota2-l1ga-rnx-2026-07-31,2026-07-31T14:55:23.609000+00:00,52.63200000000003,1.1755357199999998,53.80753572000003
10,8922602122,dota2-yb1-z10-2026-07-31-game1,2026-07-31T15:28:08.646000+00:00,11.397400000000033,3.877580685,15.274980685000033
10,8922722577,dota2-yb1-z10-2026-07-31-game2,2026-07-31T16:35:25.057000+00:00,-13.521299999999968,2.5326938925,-10.988606107499969
10,8922818221,dota2-xtreme-lgd-2026-07-31-game1,2026-07-31T17:51:24.199000+00:00,-1.178699999999992,2.5161635475,1.337463547500008
10,8922940920,dota2-xtreme-lgd-2026-07-31-game2,2026-07-31T19:09:48.720000+00:00,-118.39400049999983,5.982019527375,-112.41198097262483
10,8923040358,dota2-xtreme-lgd-2026-07-31,2026-07-31T20:28:40.570000+00:00,-87.01459999999997,2.561889045,-84.45271095499997
10,8923506996,dota2-midas3-tr7-2026-08-01-game1,2026-08-01T05:43:01.223000+00:00,0.8000000000000007,0.14267999999999997,0.9426800000000006
10,8923579943,dota2-midas3-tr7-2026-08-01-game2,2026-08-01T07:02:32.143000+00:00,-146.9698999999999,2.8616062125,-144.10829378749992
10,8923643650,dota2-midas3-tr7-2026-08-01,2026-08-01T08:08:01.087000+00:00,-119.79600000000002,1.40529858,-118.39070142000003
10,8923704450,dota2-yes-vg-2026-08-01-game1,2026-08-01T09:01:56.739000+00:00,2.9424582899999336,1.88185514834925,4.824313438349184
10,8923780137,dota2-re-playti-2026-08-01-game1,2026-08-01T10:09:39.721000+00:00,-17.543999999999954,1.30185252,-16.242147479999954
10,8923790600,dota2-yes-vg-2026-08-01-game2,2026-08-01T10:14:11.317000+00:00,0.0,0.0,0.0
10,8923874259,dota2-re-playti-2026-08-01-game2,2026-08-01T11:26:12.956000+00:00,-5.659301920000001,0.5682072483239999,-5.091094671676001
10,8923899787,dota2-enjoy-yb1-2026-08-01-game1,2026-08-01T11:45:49.553000+00:00,-41.635200000000026,0.903559005,-40.73164099500003
10,8924057168,dota2-l1ga-lgd-2026-08-01-game1,2026-08-01T13:34:16.709000+00:00,-3.599999999999998,0.12824999999999998,-3.471749999999998
10,8924222714,dota2-l1ga-lgd-2026-08-01-game2,2026-08-01T15:02:43.462000+00:00,0.0,0.0,0.0
10,8924328537,dota2-glyph-z10-2026-08-01-game1,2026-08-01T15:59:42.950000+00:00,-74.60798601999987,2.4216579590414997,-72.18632806095837
10,8924367779,dota2-l1ga-lgd-2026-08-01,2026-08-01T16:23:12.450000+00:00,-33.73440000000002,0.641556,-33.09284400000002
10,8924468754,dota2-glyph-z10-2026-08-01-game2,2026-08-01T17:25:49.795000+00:00,-78.69439999999997,2.87509752,-75.81930247999998
10,8924530036,dota2-rnx-xtreme-2026-08-01-game1,2026-08-01T18:06:50.164000+00:00,8.250699999999995,0.8421684525,9.092868452499994
10,8924616191,dota2-rnx-xtreme-2026-08-01-game2,2026-08-01T19:06:22.446000+00:00,-60.93510264999985,3.4239830896687495,-57.511119560331096
10,8925210898,dota2-playti-xctn-2026-08-02-game1,2026-08-02T05:28:20.542000+00:00,0.0,0.0,0.0
10,8925308090,dota2-playti-xctn-2026-08-02-game2,2026-08-02T07:03:47.891000+00:00,3.214400000000026,0.5327868,3.7471868000000264
10,8925543582,dota2-yes-tr7-2026-08-02-game1,2026-08-02T10:44:16.945000+00:00,-3.3333000000000084,1.2452682975,-2.0880317025000084
10,8925703946,dota2-yes-tr7-2026-08-02-game2,2026-08-02T11:58:57.158000+00:00,49.563725179999665,4.1915874948555,53.75531267485516
10,8925847726,dota2-yes-tr7-2026-08-02,2026-08-02T13:17:43.701000+00:00,177.06849999999997,1.2502714275,178.31877142749997
10,8926022375,dota2-rnx-yb1-2026-08-02-game1,2026-08-02T15:09:53.856000+00:00,120.49689913000006,6.56467281482475,127.0615719448248
10,8926232913,dota2-rnx-yb1-2026-08-02-game2,2026-08-02T16:42:19.665000+00:00,1.8425999999999974,1.466310195,3.3089101949999975
10,8926381426,dota2-rnx-yb1-2026-08-02,2026-08-02T18:14:10.009000+00:00,-2.0256642199999284,1.291807848117,-0.7338563718829285
10,8926523280,dota2-z10-lgd-2026-08-02-game1,2026-08-02T19:59:32.068000+00:00,-13.689999999999998,0.79581675,-12.894183249999998
10,8926636219,dota2-z10-lgd-2026-08-02-game2,2026-08-02T21:07:31.416000+00:00,-24.041999999999916,1.1303361,-22.911663899999915
10,8927063876,dota2-glyph-playti-2026-08-03-game2,2026-08-03T06:55:36.873000+00:00,54.14292930000002,3.0960786717975,57.23900797179752
10,8927132943,dota2-glyph-playti-2026-08-03,2026-08-03T08:27:35.152000+00:00,41.9540672,2.0586889025999997,44.012756102599994
10,8927207054,dota2-xtreme-tr7-2026-08-03-game1,2026-08-03T10:00:05.212000+00:00,10.830800000000067,1.93333407,12.764134070000068
10,8927288399,dota2-xtreme-tr7-2026-08-03-game2,2026-08-03T11:00:48.642000+00:00,0.0,0.0,0.0
10,8927380776,dota2-xtreme-tr7-2026-08-03,2026-08-03T12:15:30.661000+00:00,18.992698999999938,3.1976929249499997,22.19039192494994
10,8927539264,dota2-vg-yb1-2026-08-03-game1,2026-08-03T14:05:56.825000+00:00,42.799871999999965,1.4235777612,44.223449761199966
10,8927660975,dota2-vg-yb1-2026-08-03-game2,2026-08-03T15:05:20.968000+00:00,18.605304589999946,4.302750481337251,22.908055071337195
10,8927760296,dota2-vg-yb1-2026-08-03,2026-08-03T16:18:19.713000+00:00,102.42799999999986,5.392697355,107.82069735499985
10,8927926397,dota2-re-lgd-2026-08-03-game1,2026-08-03T18:09:03.381000+00:00,9.211199999999991,0.75025224,9.961452239999991
10,8928050264,dota2-re-lgd-2026-08-03-game2,2026-08-03T19:19:18.313000+00:00,0.0,0.0,0.0
10,8928163118,dota2-re-lgd-2026-08-03,2026-08-03T20:43:38.722000+00:00,-42.501600000000025,2.447455635,-40.05414436500003
10,8928851109,dota2-playti-tr7-2026-08-04-game1,2026-08-04T11:30:07.829000+00:00,1.4800000000000004,1.3086221249999999,2.7886221250000003
10,8928953683,dota2-playti-tr7-2026-08-04-game2,2026-08-04T12:46:11.879000+00:00,33.48823064000004,5.357523773652,38.84575441365204
10,8929124210,dota2-yb1-re-2026-08-04-game1,2026-08-04T14:38:55.576000+00:00,15.71393778000003,1.1058811160055,16.81981889600553
10,8929276426,dota2-yb1-re-2026-08-04-game2,2026-08-04T15:54:25.550000+00:00,44.02510788000005,1.475433585801,45.50054146580105
10,8929365099,dota2-yb1-re-2026-08-04,2026-08-04T16:51:08.308000+00:00,16.856930880000014,4.1345147156715,20.991445595671514
10,8930200713,dota2-tr7-re-2026-08-05-game1,2026-08-05T08:20:38.811000+00:00,-1.4465760999999997,1.5927218284875,0.1461457284875003
10,8930258778,dota2-tr7-re-2026-08-05-game2,2026-08-05T09:25:42.941000+00:00,30.95349999999999,9.3295911825,40.28309118249999
10,8930398938,dota2-playti-yb1-2026-08-05-game1,2026-08-05T12:24:04.133000+00:00,5.587600000000037,4.13360433,9.721204330000038
10,8930615242,dota2-playti-yb1-2026-08-05-game2,2026-08-05T14:02:56.166000+00:00,337.9698000000001,1.557163665,339.5269636650001
10,8930736914,dota2-playti-yb1-2026-08-05-game3,2026-08-05T15:09:49.519000+00:00,6.889999999999986,0.97244625,7.862446249999986
10,8931781241,dota2-lvlup1-rearis-2026-08-06-game1,2026-08-06T09:28:03.156000+00:00,0.5999999999999979,0.105795,0.7057949999999978
10,8931852727,dota2-lvlup1-rearis-2026-08-06-game2,2026-08-06T10:30:33.624000+00:00,4.02,0.41822550000000003,4.4382255
10,8931981851,dota2-rearis-nh-2026-08-06-game1,2026-08-06T12:26:15.226000+00:00,32.515502140000024,1.5031162144994998,34.01861835449952
10,8932085762,dota2-rearis-nh-2026-08-06-game2,2026-08-06T13:20:21.204000+00:00,0.0,0.0,0.0
10,8932181345,dota2-rearis-nh-2026-08-06,2026-08-06T14:22:22.478000+00:00,5.681190400000027,0.24350155415999997,5.924691954160027
10,8932318084,dota2-nh-lvlup1-2026-08-06-game1,2026-08-06T15:34:15.395000+00:00,-45.952136499999995,0.9469255816875001,-45.00521091831249
10,8932413808,dota2-nh-lvlup1-2026-08-06-game2,2026-08-06T16:23:29.211000+00:00,0.4560000000000013,0.080541,0.5365410000000013
10,8932523868,dota2-nh-lvlup1-2026-08-06,2026-08-06T17:36:18.454000+00:00,0.0,0.0,0.0
10,8932657929,dota2-ill-pr1-2026-08-06-game1,2026-08-06T19:12:10.345000+00:00,32.13459819999997,1.78768396149,33.922282161489974
10,8932835800,dota2-ill-pr1-2026-08-06,2026-08-06T21:22:55.783000+00:00,-13.127150000000054,1.69254058875,-11.434609411250054
10,8933374169,dota2-nh-z10-2026-08-07-game1,2026-08-07T09:29:47.916000+00:00,0.0,0.0,0.0
10,8933453728,dota2-nh-z10-2026-08-07-game2,2026-08-07T10:40:19.376000+00:00,0.0,0.0185625,0.0185625
10,8933575351,dota2-ill-stx-2026-08-07-game1,2026-08-07T12:33:02.695000+00:00,-125.17639999999994,3.44915736,-121.72724263999994
10,8933704579,dota2-ill-stx-2026-08-07-game2,2026-08-07T13:44:43.178000+00:00,-37.66885140000008,5.347559679330001,-32.321291720670075
10,8933879286,dota2-pr1-jenz-2026-08-07-game1,2026-08-07T15:25:51.002000+00:00,-294.4335000000001,5.7729500175,-288.6605499825001
10,8933988979,dota2-pr1-jenz-2026-08-07-game2,2026-08-07T16:29:38.697000+00:00,16.801479809999968,1.39658530325775,18.19806511325772
10,8934184387,dota2-jenz-nemiga-2026-08-07-game1,2026-08-07T18:35:03.983000+00:00,8.176499999999955,0.9604362075,9.136936207499955
10,8934279386,dota2-jenz-nemiga-2026-08-07-game2,2026-08-07T19:33:30.612000+00:00,0.0,0.7019913599999998,0.7019913599999998
10,8936825643,dota2-pr1-yes-2026-08-09-game1,2026-08-09T09:22:32.992000+00:00,-34.890733140000066,2.3718318512609997,-32.518901288739066
10,8937080738,dota2-pr1-yes-2026-08-09,2026-08-09T12:20:23.208000+00:00,35.531333999999845,8.20085414328,43.73218814327984
10,8937188618,dota2-lvlup1-mouz-2026-08-09-game1,2026-08-09T13:17:49.636000+00:00,-81.51692195999999,3.2067036756539995,-78.31021828434599
10,8937335830,dota2-lvlup1-mouz-2026-08-09-game2,2026-08-09T14:27:35.299000+00:00,-3.013399999999905,4.863763259999999,1.850363260000094
10,8937484593,dota2-ill-re-2026-08-09-game1,2026-08-09T15:55:00.679000+00:00,-9.467575869999992,0.51462872098575,-8.952947149014243
10,8937631882,dota2-ill-re-2026-08-09-game2,2026-08-09T17:12:21.447000+00:00,300.52222399999977,2.1262780413,302.64850204129976
10,8937722788,dota2-z10-navi-2026-08-09-game1,2026-08-09T18:17:16.930000+00:00,-31.233499999999964,1.9101264374999998,-29.323373562499963
10,8938509987,dota2-pr1-mouz-2026-08-10-game1,2026-08-10T09:24:47.767000+00:00,7.0703999999999745,2.589045075,9.659445074999974
10,8938565057,dota2-pr1-mouz-2026-08-10-game2,2026-08-10T10:12:07.159000+00:00,-23.82390000000001,1.3755038174999998,-22.44839618250001
10,8938634026,dota2-pr1-mouz-2026-08-10,2026-08-10T11:15:54.851000+00:00,-53.499384139999904,3.3132354550409997,-50.1861486849589
10,8938716198,dota2-ill-z10-2026-08-10-game1,2026-08-10T12:25:50.383000+00:00,-5.559657999999992,0.67344964815,-4.886208351849992
10,8939023869,dota2-yes-lvlup1-2026-08-10-game1,2026-08-10T15:24:37.289000+00:00,107.66450000000003,3.4737111524999995,111.13821115250003
10,8940059913,dota2-lvlup1-navi-2026-08-11-game1,2026-08-11T09:16:02.605000+00:00,30.499699999999976,0.39949929749999996,30.899199297499976
10,8940117837,dota2-lvlup1-navi-2026-08-11-game2,2026-08-11T10:12:11.551000+00:00,71.77732919999994,3.03184905981,74.80917825980994
10,8940266495,dota2-mouz-re-2026-08-11-game1,2026-08-11T12:16:13.042000+00:00,1.160849999999999,1.46843854875,2.629288548749999
10,8940365227,dota2-mouz-re-2026-08-11-game2,2026-08-11T13:12:04.281000+00:00,0.1499999999999999,0.01805625,0.1680562499999999
10,8940487898,dota2-mouz-re-2026-08-11,2026-08-11T14:25:06.999000+00:00,41.96139999999997,2.754568845,44.71596884499997
10,8940643574,dota2-yes-z10-2026-08-11-game1,2026-08-11T15:45:57.067000+00:00,7.200556350000035,2.01578947231875,9.216345822318786
10,8940756672,dota2-yes-z10-2026-08-11-game2,2026-08-11T16:48:25.758000+00:00,-4.388588480000024,2.3843366416919998,-2.0042518383080243
10,8941656460,dota2-lvlup1-re-2026-08-12-game1,2026-08-12T09:19:34.658000+00:00,12.245499999999993,2.7267100724999995,14.972210072499992
10,8941733752,dota2-lvlup1-re-2026-08-12-game2,2026-08-12T10:35:42.245000+00:00,-28.628500000000088,5.4891153525,-23.139384647500087
10,8941817475,dota2-lvlup1-re-2026-08-12,2026-08-12T11:50:26.039000+00:00,9.999899999999997,1.5040771725,11.503977172499997
10,8942003788,dota2-navi-lvlup1-2026-08-12-game1,2026-08-12T13:42:36.457000+00:00,0.3000000000000007,0.0261225,0.3261225000000007
10,8942152024,dota2-navi-lvlup1-2026-08-12-game2,2026-08-12T14:50:30.897000+00:00,0.6999999999999957,0.15156750000000002,0.8515674999999958
10,8942262723,dota2-navi-lvlup1-2026-08-12-game3,2026-08-12T15:53:47.795000+00:00,8.763070080000013,0.46389046134000006,9.226960541340013
10,8962372120,dota2-ic-nemiga-2026-08-24-game1,2026-08-24T07:17:08.649000+00:00,42.0038,1.640242845,43.644042845
10,8962458373,dota2-ic-nemiga-2026-08-24-game2,2026-08-24T08:26:45.454000+00:00,-36.841661610000074,2.70599555634075,-34.13566605365932
10,8962592819,dota2-ks-lynx-2026-08-24-game1,2026-08-24T10:19:27.562000+00:00,-28.145482730000012,0.95720834348175,-27.188274386518263
10,8962736746,dota2-ks-lynx-2026-08-24-game2,2026-08-24T11:33:18.452000+00:00,81.38391968000008,4.67962657035,86.06354625035007
10,8962964580,dota2-sb5-stx-2026-08-24-game1,2026-08-24T13:25:23.881000+00:00,1.2416661000000002,0.006518747025,1.2481848470250003
10,8963508714,dota2-rearis-lynx-2026-08-24-game2,2026-08-24T17:37:20.349000+00:00,61.78963361,2.38171722674775,64.17135083674775
10,8963649188,dota2-dynast1-fts-2026-08-24-game1,2026-08-24T19:15:00.848000+00:00,15.100000000000009,0.2189325,15.318932500000008
10,8963790789,dota2-dynast1-fts-2026-08-24-game2,2026-08-24T20:20:45.642000+00:00,0.2600000000000051,0.23611050000000003,0.4961105000000051
10,8964399842,dota2-pckcp-nemiga-2026-08-25-game1,2026-08-25T07:22:10.248000+00:00,-34.385631319999995,1.563505508274,-32.822125811725996
10,8964480771,dota2-pckcp-nemiga-2026-08-25-game2,2026-08-25T08:31:41.723000+00:00,-6.2648928299999795,3.8180018854297497,-2.44689094457023
10,8964574076,dota2-pckcp-nemiga-2026-08-25,2026-08-25T09:52:05.670000+00:00,-30.0436,1.627478325,-28.416121675000003
10,8964657335,dota2-fts-pckcp-2026-08-25-game1,2026-08-25T10:52:11.864000+00:00,-3.765498959999995,0.558458057742,-3.207040902257995
10,8964837315,dota2-fts-pckcp-2026-08-25-game2,2026-08-25T12:34:06.314000+00:00,-3.6324402099999133,2.28271179173175,-1.3497284182681635
10,8964962329,dota2-ic-fts-2026-08-25-game1,2026-08-25T13:50:36.471000+00:00,180.1429945200003,2.1777060951359997,182.32070061513627
10,8965097316,dota2-ic-fts-2026-08-25-game2,2026-08-25T14:41:01.046000+00:00,2.080293030000007,1.9119243138427497,3.992217343842757
10,8964938940,dota2-rearis-spirit1-2026-08-25-game1,2026-08-25T16:23:39.394000+00:00,4.1162017700000035,0.46237800089625003,4.578579770896254
10,8965544741,dota2-rearis-spirit1-2026-08-25,2026-08-25T18:44:21.316000+00:00,-4.779785660000073,3.6070805026709998,-1.172705157329073
10,8969842778,dota2-pckcp-ic-2026-08-28-game2,2026-08-28T08:21:21.985000+00:00,8.314999999999998,0.35907,8.674069999999997
10,8969978865,dota2-rearis-sb5-2026-08-28-game1,2026-08-28T10:27:01.322000+00:00,1.603100000000012,0.24550566749999997,1.848605667500012
10,8970089224,dota2-rearis-sb5-2026-08-28-game2,2026-08-28T11:41:09.553000+00:00,5.0,0.57675,5.57675
10,8970207176,dota2-rearis-sb5-2026-08-28,2026-08-28T12:56:49.576000+00:00,37.39536085,1.01282972290875,38.40819057290875
10,8970338180,dota2-synaps-nemiga-2026-08-28-game1,2026-08-28T14:09:13.367000+00:00,30.616894830000184,3.8976474722242496,34.514542302224434
10,8970352005,dota2-dynast1-ic-2026-08-28-game1,2026-08-28T14:10:35.964000+00:00,0.29515769999999986,0.053809426755,0.34896712675499986
10,8970470057,dota2-synaps-nemiga-2026-08-28-game2,2026-08-28T15:09:53.245000+00:00,406.2561093300001,2.43455361482775,408.6906629448278
10,8970485789,dota2-dynast1-ic-2026-08-28-game2,2026-08-28T15:14:26.848000+00:00,-69.13968530000001,2.6229254120925,-66.51675988790751
10,8970575970,dota2-synaps-nemiga-2026-08-28,2026-08-28T16:02:11.965000+00:00,79.74510000000001,1.1974472624999999,80.94254726250001
10,8970655100,dota2-dynast1-ic-2026-08-28,2026-08-28T16:43:34.585000+00:00,-3.2857205600000015,0.385191307362,-2.9005292526380013
10,8970886632,dota2-dynast1-pckcp-2026-08-28-game2,2026-08-28T18:51:22.084000+00:00,75.204609,2.493188675625,77.69779767562501
10,8971007454,dota2-ks-rearis-2026-08-28-game1,2026-08-28T20:11:41.712000+00:00,-2.842170943040401e-14,1.1732879999999999,1.1732879999999715
10,8971016820,dota2-fts-nemiga-2026-08-28-game1,2026-08-28T20:17:43.711000+00:00,-0.10000000000000009,0.018135,-0.08186500000000009
10,8971111987,dota2-ks-rearis-2026-08-28-game2,2026-08-28T21:24:47.695000+00:00,-0.9670161999999953,0.322214458275,-0.6448017417249954
10,8971423978,dota2-db2-satan-2026-08-28-game2,2026-08-29T03:20:55.120000+00:00,0.0,0.0,0.0
10,8971501630,dota2-nexus-cres-2026-08-28,2026-08-29T04:51:09.441000+00:00,-277.85074751000013,4.51584076215675,-273.3349067478434
10,8971519375,dota2-nem-6seven-2026-08-29-game1,2026-08-29T05:14:15.579000+00:00,152.59530426000015,2.9900087598015,155.58531301980165
10,8971586781,dota2-nem-6seven-2026-08-29-game2,2026-08-29T06:13:46.689000+00:00,5.451837800000021,1.8945200570340002,7.346357857034022
10,8971664649,dota2-nem-6seven-2026-08-29,2026-08-29T07:24:10.704000+00:00,19.49279769000003,1.45110893113425,20.943906621134282
10,8971753986,dota2-icecre-kineti-2026-08-29-game1,2026-08-29T08:38:12.829000+00:00,0.0,0.0,0.0
10,8971849697,dota2-icecre-kineti-2026-08-29-game2,2026-08-29T09:43:14.699000+00:00,-1.7956428799999955,0.297859671312,-1.4977832086879954
10,8971891627,dota2-dynast1-nemiga-2026-08-29-game1,2026-08-29T10:17:49.464000+00:00,21.068866149999906,2.16892748732625,23.237793637326156
10,8971964803,dota2-mouz-yes-2026-08-29-game1,2026-08-29T11:13:49.271000+00:00,-39.49488531999992,4.352740893237,-35.142144426762925
10,8971988345,dota2-sb5-lynx-2026-08-29-game1,2026-08-29T11:21:30.742000+00:00,-0.510584279999998,0.28775583045599995,-0.22282844954399805
10,8972103119,dota2-sb5-lynx-2026-08-29-game2,2026-08-29T12:31:54.536000+00:00,-15.372629800000013,0.6407079902549999,-14.731921809745012
10,8972115962,dota2-mouz-yes-2026-08-29-game2,2026-08-29T12:36:59.931000+00:00,-43.75917885,4.13155624772625,-39.627622602273746
10,8972289868,dota2-huliga-lynx-2026-08-29-game1,2026-08-29T14:15:10.550000+00:00,-45.798677340000026,3.3843553360709997,-42.41432200392903
10,8972502454,dota2-huliga-lynx-2026-08-29-game2,2026-08-29T15:52:19.963000+00:00,20.84020000000004,1.244573475,22.084773475000038
10,8972611918,dota2-huliga-lynx-2026-08-29,2026-08-29T16:49:36.587000+00:00,13.81140000000001,6.1707825750000005,19.98218257500001
10,8972773416,dota2-pi-lvlup1-2026-08-29-game1,2026-08-29T18:17:23.637000+00:00,13.956927039999975,1.469464314108,15.426391354107976
10,8972893200,dota2-pi-lvlup1-2026-08-29-game2,2026-08-29T19:20:53.860000+00:00,-0.17369999999999952,0.7506354375,0.5769354375000004
10,8973011673,dota2-pi-lvlup1-2026-08-29,2026-08-29T20:33:12.059000+00:00,-3.0012017299999982,0.43575719468025,-2.5654445353197484
10,8973010298,dota2-ks-spirit1-2026-08-29-game1,2026-08-29T20:38:42.759000+00:00,0.0,0.0,0.0
10,8973337131,dota2-icecre-xctn-2026-08-30-game1,2026-08-30T02:14:49.254000+00:00,-10.93918099999999,0.654824171625,-10.28435682837499
10,8973405568,dota2-icecre-xctn-2026-08-30-game2,2026-08-30T03:19:55.483000+00:00,-17.46908346,0.765078950829,-16.704004509171
10,8973462028,dota2-icecre-xctn-2026-08-30,2026-08-30T04:30:11.988000+00:00,-1.0354399999999373,2.008259896788,0.9728198967880628
10,8973502629,dota2-clo-yb1-2026-08-30-game1,2026-08-30T05:13:07.837000+00:00,0.0,0.0,0.0
10,8973568453,dota2-clo-yb1-2026-08-30-game2,2026-08-30T06:12:50.377000+00:00,0.15268528999999909,0.04962644358224999,0.20231173358224908
10,8973613420,dota2-clo-yb1-2026-08-30,2026-08-30T07:04:46.677000+00:00,16.396253409999993,0.52689054732525,16.923143957325244
10,8973707438,dota2-lynx-lvlup1-2026-08-30-game1,2026-08-30T08:16:36.050000+00:00,0.0,0.0185625,0.0185625
10,8973859403,dota2-lynx-lvlup1-2026-08-30-game2,2026-08-30T09:56:31.353000+00:00,0.782898719999995,2.666890579992,3.4497892999919952
10,8973884000,dota2-nem-xctn-2026-08-30-game2,2026-08-30T10:12:32.710000+00:00,6.79901218000001,0.938223733731,7.73723591373101
10,8973944033,dota2-lynx-lvlup1-2026-08-30,2026-08-30T10:50:43.696000+00:00,-41.87570000000039,8.675567017499999,-33.20013298250039
10,8974185539,dota2-navi-mouz-2026-08-30-game2,2026-08-30T13:08:29.090000+00:00,5.564548429999997,0.13928464466025,5.703833074660246
10,8974647733,dota2-lvlup1-pr1-2026-08-30-game1,2026-08-30T17:09:16.077000+00:00,-21.0081007,2.5240933392975,-18.4840073607025
10,8974898633,dota2-lvlup1-pr1-2026-08-30,2026-08-30T19:25:58.777000+00:00,2.7442752000000077,1.2703199408999999,4.014595140900008
10,8975110449,dota2-dynast1-ks-2026-08-30-game2,2026-08-30T21:54:27.706000+00:00,4.481818290000035,1.37320192437525,5.855020214375285
10,8975871235,dota2-synaps-lynx-2026-08-31-game1,2026-08-31T12:26:44.788000+00:00,-61.86344426999983,4.70709634977525,-57.15634792022458
10,8976012755,dota2-synaps-lynx-2026-08-31-game2,2026-08-31T13:41:35.303000+00:00,12.657100000000014,1.3149637425,13.972063742500014
10,8976166971,dota2-synaps-lynx-2026-08-31,2026-08-31T15:09:07.826000+00:00,22.08227558000008,4.576192879964999,26.65846845996508
10,8976300473,dota2-4iki-ic-2026-08-31-game1,2026-08-31T16:25:39.940000+00:00,-4.227541919999997,1.9158259524659997,-2.311715967533997
10,8976441468,dota2-4iki-ic-2026-08-31-game2,2026-08-31T17:43:06.122000+00:00,48.387,0.9984657449999998,49.385465745
10,8976511215,dota2-4iki-ic-2026-08-31,2026-08-31T18:29:54.020000+00:00,4.900000000000006,0.6585,5.558500000000006
10,8976665322,dota2-spirit1-pi-2026-08-31-game1,2026-08-31T20:26:57.494000+00:00,-20.132053499999927,3.4590284971875,-16.673025002812427
10,8976751962,dota2-spirit1-pi-2026-08-31-game2,2026-08-31T21:40:17.685000+00:00,7.439999999999998,0.364932,7.804931999999997
10,8977325814,dota2-ks-pckcp-2026-09-01-game2,2026-09-01T10:26:27.059000+00:00,56.57146239000008,2.03995523473275,58.61141762473283
10,8977476867,dota2-ic-lynx-2026-09-01-game1,2026-09-01T12:26:04.131000+00:00,-12.832179039999971,2.102681744544,-10.729497295455971
10,8977623650,dota2-ic-lynx-2026-09-01-game2,2026-09-01T13:53:28.128000+00:00,9.680176999999958,1.064955897375,10.745132897374958
10,8977913355,dota2-synaps-lvlup1-2026-09-01-game2,2026-09-01T16:37:59.217000+00:00,11.940000000000012,0.331335,12.271335000000011
10,8978023576,dota2-synaps-lvlup1-2026-09-01,2026-09-01T17:45:54.185000+00:00,1.5139261399999988,0.132641603343,1.6465677433429988
10,8978832148,dota2-pr1-ic-2026-09-02-game1,2026-09-02T09:52:32.767000+00:00,152.59962394999985,2.71115206343625,155.3107760134361
10,8978916284,dota2-pr1-ic-2026-09-02-game2,2026-09-02T11:19:11.539000+00:00,0.0,0.0,0.0
10,8978986214,dota2-pr1-ic-2026-09-02,2026-09-02T12:20:55.440000+00:00,0.0,0.0,0.0
10,8979131280,dota2-dynast1-pckcp-2026-09-02-game1,2026-09-02T13:56:13.878000+00:00,0.0,0.0,0.0
10,8979241530,dota2-dynast1-pckcp-2026-09-02-game2,2026-09-02T14:56:18.245000+00:00,30.799108559999922,1.870390307853,32.66949886785292
10,8979344496,dota2-synaps-4iki-2026-09-02-game1,2026-09-02T15:59:27.587000+00:00,-21.35413580000005,6.282426101208,-15.071709698792052
10,8980293569,dota2-z10-ks-2026-09-03-game1,2026-09-03T09:18:42.909000+00:00,126.37699032000012,1.5207061260359998,127.89769644603612
10,8980358113,dota2-z10-ks-2026-09-03-game2,2026-09-03T10:27:20.250000+00:00,6.0354075600000385,1.6906690376849998,7.726076597685038
10,8980463789,dota2-pckcp-spirit1-2026-09-03-game1,2026-09-03T12:14:02.762000+00:00,0.0,0.0,0.0
10,8980769413,dota2-pi-dynast1-2026-09-03-game1,2026-09-03T15:17:23.998000+00:00,14.179913800000001,0.4361642183099999,14.61607801831
11,8837869969,dota2-aur1-ty-2026-06-04-game1,2026-06-04T09:17:47.612000+00:00,118.58738119999992,4.67819659155,123.26557779154993
11,8837957019,dota2-aur1-ty-2026-06-04-game2,2026-06-04T11:05:49.570000+00:00,-180.3383999999997,11.793050099999999,-168.5453498999997
11,8838056564,dota2-flc-liquid-2026-06-04-game1,2026-06-04T12:43:48.535000+00:00,-4.2105999999999755,1.670734575,-2.5398654249999755
11,8838170936,dota2-flc-liquid-2026-06-04-game2,2026-06-04T14:05:12.636000+00:00,-22.29019999999997,2.911147695,-19.37905230499997
11,8838396820,dota2-lgd-ty-2026-06-04-game2,2026-06-04T16:48:28.531000+00:00,27.066899140000018,4.151352784533,31.218251924533018
11,8838480778,dota2-lgd-ty-2026-06-04,2026-06-04T17:57:47.377000+00:00,-59.597501079999915,3.9826301721705,-55.61487090782941
11,8839123109,dota2-flc-bb4-2026-06-05-game1,2026-06-05T09:16:39.267000+00:00,5.7834,0.7466353649999999,6.530035365
11,8839193447,dota2-flc-bb4-2026-06-05-game2,2026-06-05T10:38:10.594000+00:00,-1.4301999999999566,2.8671655649999996,1.436965565000043
11,8839366504,dota2-lgd-liquid-2026-06-05-game2,2026-06-05T13:21:18.066000+00:00,-128.43840000000006,3.829330125,-124.60906987500006
11,8839494962,dota2-flc-aur1-2026-06-05-game1,2026-06-05T14:52:18.684000+00:00,81.78050000000007,4.0945386675,85.87503866750008
11,8839625815,dota2-flc-aur1-2026-06-05-game2,2026-06-05T16:13:53.150000+00:00,11.156299999999995,0.5857704974999999,11.742070497499995
11,8839717574,dota2-flc-aur1-2026-06-05,2026-06-05T17:21:15.591000+00:00,-11.057581839999955,2.068440478056,-8.989141361943954
11,8840635639,dota2-ty-bb4-2026-06-06-game1,2026-06-06T10:47:49.658000+00:00,0.0,0.0,0.0
11,8840704374,dota2-ty-bb4-2026-06-06-game2,2026-06-06T11:51:44.485000+00:00,-11.089522340000002,5.1646111444935,-5.924911195506502
11,8840821227,dota2-ty-bb4-2026-06-06,2026-06-06T13:12:37.368000+00:00,90.93023784000002,4.680993304872,95.61123114487202
11,8840984097,dota2-aur1-lgd-2026-06-06-game1,2026-06-06T15:05:33.978000+00:00,-1.9825659199999563,1.591144278468,-0.39142164153195624
11,8841114801,dota2-aur1-lgd-2026-06-06-game2,2026-06-06T16:30:29.855000+00:00,-27.401400760000044,1.693110011979,-25.708290748021042
11,8842052142,dota2-bb4-lgd-2026-06-07-game1,2026-06-07T09:18:04.694000+00:00,-48.26040074000002,3.4892108827245,-44.77118985727552
11,8842134886,dota2-bb4-lgd-2026-06-07-game2,2026-06-07T10:28:41.168000+00:00,12.505923679999924,5.372950083198,17.878873763197923
11,8842245726,dota2-bb4-lgd-2026-06-07,2026-06-07T11:59:53.564000+00:00,-33.998899999999935,1.8889805175000003,-32.10991948249993
11,8842468101,dota2-ty-lgd-2026-06-07-game1,2026-06-07T14:21:40.854000+00:00,-113.85165523000006,2.13148890731025,-111.7201663226898
11,8842596730,dota2-ty-lgd-2026-06-07-game2,2026-06-07T15:49:20.066000+00:00,-14.038299999999992,1.7527301925,-12.285569807499993
11,8842722527,dota2-ty-lgd-2026-06-07-game3,2026-06-07T17:12:22.566000+00:00,1.4797999999999933,0.1233348,1.6031347999999934
11,8842845018,dota2-ty-lgd-2026-06-07-game4,2026-06-07T18:51:58.999000+00:00,0.0,0.0,0.0
11,8843465364,dota2-4iki-nande4-2026-06-08-game1,2026-06-08T09:15:08.776000+00:00,-79.74998443999996,4.7967969138179996,-74.95318752618196
11,8843512570,dota2-4iki-nande4-2026-06-08-game2,2026-06-08T10:09:45.609000+00:00,0.0,0.0,0.0
11,8843560379,dota2-4iki-nande4-2026-06-08,2026-06-08T11:10:54.138000+00:00,-36.92899999999992,2.57630223,-34.352697769999914
11,8843760302,dota2-vpp-balu-2026-06-08-game2,2026-06-08T13:42:26.324000+00:00,2.3529000000000337,0.4374629325,2.7903629325000336
11,8844054970,dota2-z10-sb5-2026-06-08-game2,2026-06-08T17:08:41.204000+00:00,39.123400000000004,0.8661486899999999,39.98954869000001
11,8844132483,dota2-vpp-z10-2026-06-08-game1,2026-06-08T18:23:01.210000+00:00,0.0,0.0,0.0
11,8844244719,dota2-vpp-z10-2026-06-08-game2,2026-06-08T19:45:42.908000+00:00,12.172799999999995,0.40505082,12.577850819999995
11,8844308689,dota2-vpp-z10-2026-06-08,2026-06-08T20:50:38.757000+00:00,205.30229999999995,1.0176512625,206.31995126249996
11,8850534819,dota2-ill-pr1-2026-06-13-game2,2026-06-13T17:10:42.502000+00:00,-0.6707999999999998,0.0890487,-0.5817512999999999
11,8850593633,dota2-ill-pr1-2026-06-13,2026-06-13T18:00:57.551000+00:00,0.0,0.0,0.0
11,8851984783,dota2-4iki-pr1-2026-06-14-game2,2026-06-14T16:46:25.798000+00:00,-23.756399999999992,3.17226153,-20.584138469999992
11,8852055373,dota2-4iki-pr1-2026-06-14,2026-06-14T17:46:02.690000+00:00,-3.250000000000004,0.16967625,-3.080323750000004
11,8854443395,dota2-fla-spirit1-2026-06-16-game1,2026-06-16T16:31:44.570000+00:00,-5.729999999999997,0.29081925,-5.439180749999997
11,8885183102,dota2-flc-bb4-2026-07-07-game1,2026-07-07T09:47:24.433000+00:00,-1.4054000000000073,2.5842585299999996,1.1788585299999923
11,8885195986,dota2-re-xtreme-2026-07-07-game1,2026-07-07T09:55:03.037000+00:00,19.964200000000027,1.3183119149999998,21.282511915000025
11,8885252329,dota2-flc-bb4-2026-07-07-game2,2026-07-07T11:01:59.599000+00:00,-1.3074000000000296,3.7741825799999997,2.46678257999997
11,8885275216,dota2-re-xtreme-2026-07-07-game2,2026-07-07T11:16:11.813000+00:00,-0.3295999999999992,1.75703706,1.4274370600000008
11,8885365825,dota2-l1ga-ngx-2026-07-07-game1,2026-07-07T12:34:49.112000+00:00,0.0,0.0,0.0
11,8885380529,dota2-liquid-playti-2026-07-07-game1,2026-07-07T12:43:07.045000+00:00,-0.3899999999999997,0.04870125,-0.34129874999999965
11,8885411801,dota2-lvlup1-aur1-2026-07-07-game1,2026-07-07T13:06:28.530000+00:00,-11.764499999999998,0.5073440624999999,-11.257155937499999
11,8885470551,dota2-l1ga-ngx-2026-07-07-game2,2026-07-07T13:39:34.570000+00:00,0.0,1.293215625,1.293215625
11,8885473599,dota2-liquid-playti-2026-07-07-game2,2026-07-07T13:52:27.923000+00:00,12.375752259999956,6.192304947669,18.568057207668957
11,8885529711,dota2-lvlup1-aur1-2026-07-07-game2,2026-07-07T14:23:52.590000+00:00,1.799999999999983,0.08236500000000008,1.882364999999983
11,8885633666,dota2-ts8-mouz-2026-07-07-game1,2026-07-07T15:33:28.678000+00:00,84.96769921999994,3.2979218749845,88.26562109498444
11,8885665054,dota2-nem-pari-2026-07-07-game1,2026-07-07T15:41:38.548000+00:00,51.61161706000004,1.5778126985655,53.189429758565545
11,8885784652,dota2-ts8-mouz-2026-07-07-game2,2026-07-07T17:16:32.961000+00:00,-23.267001649999884,4.60722448042125,-18.659777169578632
11,8885871759,dota2-ic-1win-2026-07-07-game1,2026-07-07T18:31:07.999000+00:00,0.0,0.0,0.0
11,8885928262,dota2-ty-og-2026-07-07-game1,2026-07-07T19:03:44.444000+00:00,5.852400000000003,0.08544503999999999,5.937845040000003
11,8885974297,dota2-ic-1win-2026-07-07-game2,2026-07-07T19:32:14.446000+00:00,0.0,0.0,0.0
11,8886005043,dota2-ty-og-2026-07-07-game2,2026-07-07T20:03:05.981000+00:00,0.0,0.0,0.0
11,8886576019,dota2-poorra-bb4-2026-07-08-game1,2026-07-08T09:20:01.472000+00:00,-15.0,0.66075,-14.33925
11,8886572854,dota2-gl-xtreme-2026-07-08-game1,2026-07-08T09:27:27.007000+00:00,-75.37540000000007,4.198798125,-71.17660187500007
11,8886638110,dota2-poorra-bb4-2026-07-08-game2,2026-07-08T10:36:00.005000+00:00,1.7800000000000011,0.197895,1.977895000000001
11,8886640910,dota2-flc-re-2026-07-08-game2,2026-07-08T10:39:41.623000+00:00,44.191733069999884,1.8175544817577496,46.00928755175764
11,8886641793,dota2-gl-xtreme-2026-07-08-game2,2026-07-08T10:45:04.782000+00:00,-81.85230000000001,4.555759462499999,-77.29654053750002
11,8886728756,dota2-l1ga-playti-2026-07-08-game1,2026-07-08T12:02:19.795000+00:00,-17.97660091000003,1.00008442233825,-16.97651648766178
11,8886736772,dota2-liquid-lvlup1-2026-07-08-game1,2026-07-08T12:08:59.488000+00:00,6.976799999999997,0.38075886000000003,7.3575588599999975
11,8886788497,dota2-ngx-aur1-2026-07-08-game1,2026-07-08T12:47:30.744000+00:00,7.107527669999968,1.0626146102032497,8.170142280203217
11,8886815251,dota2-l1ga-playti-2026-07-08-game2,2026-07-08T13:04:20.712000+00:00,71.91310000000001,1.0256267924999998,72.93872679250002
11,8886862310,dota2-liquid-lvlup1-2026-07-08-game2,2026-07-08T13:37:25.898000+00:00,7.391199999999998,0.053216640000000044,7.444416639999998
11,8886994890,dota2-ts8-nem-2026-07-08-game1,2026-07-08T14:59:11.781000+00:00,-0.09999999999999964,0.0196425,-0.08035749999999964
11,8887100676,dota2-vg-pari-2026-07-08-game1,2026-07-08T16:18:23.954000+00:00,0.0,0.0,0.0
11,8887114313,dota2-ts8-nem-2026-07-08-game2,2026-07-08T16:15:19.583000+00:00,0.0,0.0,0.0
11,8887197358,dota2-vg-pari-2026-07-08-game2,2026-07-08T17:23:00.102000+00:00,-23.061100000000124,1.9853564924999998,-21.075743507500125
11,8887218598,dota2-lgd-og-2026-07-08-game1,2026-07-08T17:27:41.870000+00:00,0.2599999999999998,0.0334425,0.2934424999999998
11,8887260104,dota2-ty-ic-2026-07-08-game1,2026-07-08T17:58:24.214000+00:00,-20.891539119999948,1.0271991351539997,-19.864339984845948
11,8887314193,dota2-lgd-og-2026-07-08-game2,2026-07-08T18:40:30.736000+00:00,3.7215093000000365,2.1217390557674998,5.843248355767536
11,8887325211,dota2-vp-1win-2026-07-08-game1,2026-07-08T18:51:24.334000+00:00,-17.05750000000006,7.6884201375,-9.369079862500062
11,8887337672,dota2-ty-ic-2026-07-08-game2,2026-07-08T19:01:29.872000+00:00,0.0,0.0,0.0
11,8887432754,dota2-vp-1win-2026-07-08-game2,2026-07-08T20:20:02.742000+00:00,57.569500000000005,0.6427853925,58.21228539250001
11,8887986392,dota2-poorra-xtreme-2026-07-09-game1,2026-07-09T09:21:30.237000+00:00,-90.66039999999984,9.240288735,-81.42011126499983
11,8887998750,dota2-bb4-re-2026-07-09-game1,2026-07-09T09:29:32.198000+00:00,-23.126700000000085,2.0289253274999997,-21.097774672500087
11,8888056358,dota2-poorra-xtreme-2026-07-09-game2,2026-07-09T10:34:44.979000+00:00,-27.234299999999962,3.0891455924999995,-24.145154407499962
11,8888066684,dota2-bb4-re-2026-07-09-game2,2026-07-09T10:43:25.275000+00:00,-23.529497759999977,1.858988545908,-21.670509214091975
11,8888083694,dota2-gl-flc-2026-07-09-game2,2026-07-09T11:11:32.224000+00:00,20.058700000000044,1.6864200224999997,21.745120022500043
11,8888160657,dota2-l1ga-aur1-2026-07-09-game1,2026-07-09T12:09:38.901000+00:00,-3.044399999999996,1.0546551599999998,-1.9897448399999962
11,8888173515,dota2-playti-lvlup1-2026-07-09-game1,2026-07-09T12:20:27.216000+00:00,5.758199999999988,0.8215324199999998,6.579732419999988
11,8888217771,dota2-ngx-liquid-2026-07-09-game1,2026-07-09T12:52:14.212000+00:00,9.232277600000009,1.0271380967399997,10.259415696740009
11,8888260336,dota2-l1ga-aur1-2026-07-09-game2,2026-07-09T13:20:05.771000+00:00,-12.048000000000002,1.2251107799999998,-10.822889220000002
11,8888279558,dota2-playti-lvlup1-2026-07-09-game2,2026-07-09T13:33:23.111000+00:00,23.377199999999988,0.15428952,23.531489519999987
11,8888318197,dota2-ngx-liquid-2026-07-09-game2,2026-07-09T14:04:08.888000+00:00,-1.3636999999999944,6.8690010075,5.505301007500005
11,8888405761,dota2-mouz-nem-2026-07-09-game1,2026-07-09T14:48:45.816000+00:00,10.8108,0.7378370999999999,11.5486371
11,8888425887,dota2-rnx-pari-2026-07-09-game1,2026-07-09T15:02:02.148000+00:00,12.991699999999923,0.6365313675000002,13.628231367499923
11,8888489297,dota2-vg-ts8-2026-07-09-game1,2026-07-09T15:42:43.149000+00:00,-38.53699999999998,0.9909926249999998,-37.54600737499998
11,8888555097,dota2-mouz-nem-2026-07-09-game2,2026-07-09T16:24:34.308000+00:00,-27.81643391999995,2.3947562029919998,-25.421677717007952
11,8888554919,dota2-rnx-pari-2026-07-09-game2,2026-07-09T16:26:10.054000+00:00,0.0,0.0,0.0
11,8888592426,dota2-vg-ts8-2026-07-09-game2,2026-07-09T16:59:54.115000+00:00,-11.556000000000012,1.795402935,-9.760597065000011
11,8888682602,dota2-og-ic-2026-07-09-game1,2026-07-09T17:53:01.981000+00:00,-41.90779999999995,4.96262796,-36.94517203999995
11,8888693655,dota2-vp-ty-2026-07-09-game1,2026-07-09T18:07:57.629000+00:00,26.472399999999993,0.18503784,26.657437839999993
11,8888731478,dota2-lgd-1win-2026-07-09-game1,2026-07-09T18:35:20.326000+00:00,-9.677400000000006,1.1552396249999999,-8.522160375000006
11,8888771711,dota2-og-ic-2026-07-09-game2,2026-07-09T19:04:50.495000+00:00,0.0,0.0,0.0
11,8888819433,dota2-lgd-1win-2026-07-09-game2,2026-07-09T19:41:02.532000+00:00,16.27858131000002,3.2839679051002504,19.562549215100272
11,8889452921,dota2-re-gl-2026-07-10-game1,2026-07-10T09:17:34.068000+00:00,71.36459999999994,2.78307534,74.14767533999994
11,8889468264,dota2-xtreme-bb4-2026-07-10-game1,2026-07-10T09:26:30.741000+00:00,-11.072735840000036,2.495794779288,-8.576941060712036
11,8889513730,dota2-poorra-flc-2026-07-10-game2,2026-07-10T10:17:36.842000+00:00,0.0,0.0,0.0
11,8889524021,dota2-xtreme-bb4-2026-07-10-game2,2026-07-10T10:37:39.793000+00:00,0.09180000000003474,2.04023487,2.1320348700000347
11,8889538949,dota2-re-gl-2026-07-10-game2,2026-07-10T10:40:57.402000+00:00,-170.57329999999985,8.1094469325,-162.46385306749985
11,8889615310,dota2-l1ga-liquid-2026-07-10-game1,2026-07-10T11:48:20.990000+00:00,-3.8559999999999945,0.38839560000000006,-3.4676043999999946
11,8889621582,dota2-aur1-playti-2026-07-10-game1,2026-07-10T11:57:42.116000+00:00,-53.196487319999974,3.8531893813949996,-49.34329793860498
11,8889699098,dota2-l1ga-liquid-2026-07-10-game2,2026-07-10T12:46:15.831000+00:00,0.0,0.0,0.0
11,8889733840,dota2-aur1-playti-2026-07-10-game2,2026-07-10T13:14:22.837000+00:00,-131.17160000000007,4.338858675,-126.83274132500007
11,8889871314,dota2-nem-vg-2026-07-10-game1,2026-07-10T14:27:52.631000+00:00,22.8476,0.51437733,23.36197733
11,8889914618,dota2-pari-mouz-2026-07-10-game1,2026-07-10T14:59:49.254000+00:00,1.4139364800000038,1.016198444232,2.4301349242320036
11,8889944251,dota2-rnx-ts8-2026-07-10-game1,2026-07-10T15:15:29.857000+00:00,15.482199999999978,0.47196436500000005,15.954164364999977
11,8890008812,dota2-nem-vg-2026-07-10-game2,2026-07-10T15:49:04.827000+00:00,34.53366699999995,0.8716371581249999,35.40530415812495
11,8890036748,dota2-pari-mouz-2026-07-10-game2,2026-07-10T16:15:07.698000+00:00,7.569999999999993,0.07429125,7.644291249999993
11,8890074597,dota2-rnx-ts8-2026-07-10-game2,2026-07-10T16:28:42.555000+00:00,0.0,0.0,0.0
11,8890179830,dota2-lgd-ty-2026-07-10-game1,2026-07-10T17:38:53.401000+00:00,50.82120000000003,1.9249956449999999,52.746195645000036
11,8890270555,dota2-1win-og-2026-07-10-game2,2026-07-10T18:36:26.467000+00:00,0.0,0.0,0.0
11,8890268632,dota2-lgd-ty-2026-07-10-game2,2026-07-10T18:43:14.663000+00:00,-5.750100000000117,1.6382320125,-4.111867987500117
11,8890301402,dota2-ic-vp-2026-07-10-game2,2026-07-10T18:52:09.717000+00:00,0.0,0.0,0.0
11,8891108843,dota2-poorra-re-2026-07-11-game1,2026-07-11T09:15:44.932000+00:00,2.4000000000000057,0.14945999999999998,2.5494600000000056
11,8891108985,dota2-bb4-gl-2026-07-11-game1,2026-07-11T09:17:06.187000+00:00,-8.670699999999982,1.0140203625000002,-7.656679637499982
11,8891145641,dota2-xtreme-flc-2026-07-11-game1,2026-07-11T09:30:07.111000+00:00,3.2289113599999926,0.18929985343200004,3.4182112134319924
11,8891217710,dota2-poorra-re-2026-07-11-game2,2026-07-11T10:44:50.172000+00:00,-86.36520150000001,3.0535388049375003,-83.31166269506251
11,8891240327,dota2-xtreme-flc-2026-07-11-game2,2026-07-11T11:01:14.698000+00:00,9.575942469999987,3.6214735275817502,13.197415997581738
11,8891325877,dota2-l1ga-lvlup1-2026-07-11-game1,2026-07-11T12:09:46.181000+00:00,0.0,0.0,0.0
11,8891349244,dota2-playti-ngx-2026-07-11-game1,2026-07-11T12:27:52.369000+00:00,26.41980000000001,5.019655185,31.43945518500001
11,8891371442,dota2-aur1-liquid-2026-07-11-game1,2026-07-11T12:43:19.319000+00:00,4.790000000000006,0.58130775,5.371307750000006
11,8891438996,dota2-l1ga-lvlup1-2026-07-11-game2,2026-07-11T13:19:40.554000+00:00,-1.270000000000005,0.23961824999999998,-1.030381750000005
11,8891497910,dota2-aur1-liquid-2026-07-11-game2,2026-07-11T13:53:37.287000+00:00,1.4700000000000024,0.054542249999999994,1.5245422500000023
11,8891519142,dota2-playti-ngx-2026-07-11-game2,2026-07-11T14:08:43.754000+00:00,-17.282343769999983,0.7668905734027499,-16.51545319659723
11,8892829232,dota2-mouz-vg-2026-07-12-game1,2026-07-12T09:15:57.248000+00:00,-191.69910000000004,3.4647332325000004,-188.23436676750003
11,8892835652,dota2-rnx-nem-2026-07-12-game1,2026-07-12T09:19:01.546000+00:00,-75.21000000000004,4.02702999,-71.18297001000003
11,8892836635,dota2-pari-ts8-2026-07-12-game1,2026-07-12T09:26:06.808000+00:00,67.89680000000013,5.73055341,73.62735341000013
11,8892923329,dota2-mouz-vg-2026-07-12-game2,2026-07-12T10:25:59.512000+00:00,3.080000000000002,0.16417500000000002,3.244175000000002
11,8892914077,dota2-pari-ts8-2026-07-12-game2,2026-07-12T10:31:28.406000+00:00,-21.945861790000073,3.6013850226892496,-18.344476767310823
11,8892958964,dota2-rnx-nem-2026-07-12-game2,2026-07-12T10:53:08.655000+00:00,-36.41550000000018,3.4534004925000006,-32.96209950750018
11,8893070561,dota2-1win-ty-2026-07-12-game1,2026-07-12T12:14:45.162000+00:00,36.67857472000003,5.596179447888,42.27475416788803
11,8893106015,dota2-og-vp-2026-07-12-game1,2026-07-12T12:36:42.440000+00:00,2.1000000000000014,0.19793249999999998,2.2979325000000013
11,8893165071,dota2-1win-ty-2026-07-12-game2,2026-07-12T13:18:20.777000+00:00,12.896439499999815,5.0018661140625005,17.898305614062316
11,8893253595,dota2-og-vp-2026-07-12-game2,2026-07-12T13:56:28.498000+00:00,-3.040325999999993,1.7232848136,-1.3170411863999931
11,8896139222,dota2-re-vp-2026-07-14-game1,2026-07-14T11:15:10.363000+00:00,91.23930000000001,5.4406320225,96.67993202250001
11,8896140998,dota2-liquid-xtreme-2026-07-14-game1,2026-07-14T11:24:31.795000+00:00,-53.380100000000056,5.6942260275,-47.685873972500055
11,8896234088,dota2-re-vp-2026-07-14-game2,2026-07-14T12:30:48.003000+00:00,0.0,0.0,0.0
11,8896267691,dota2-liquid-xtreme-2026-07-14-game2,2026-07-14T13:05:08.216000+00:00,-34.125000000000114,3.3037475999999995,-30.821252400000112
11,8896380183,dota2-re-vp-2026-07-14,2026-07-14T14:02:34.965000+00:00,-131.26130000000012,6.930047677499999,-124.33125232250012
11,8896486914,dota2-liquid-xtreme-2026-07-14,2026-07-14T15:13:00.049000+00:00,-1.628300000000002,1.5263852924999999,-0.1019147075000022
11,8896645659,dota2-lgd-mouz-2026-07-14-game1,2026-07-14T16:55:49.823000+00:00,0.1612,0.022656660000000002,0.18385666
11,8896731473,dota2-lgd-mouz-2026-07-14-game2,2026-07-14T18:02:11.857000+00:00,-43.92019999999994,2.177137485,-41.743062514999934
11,8897585705,dota2-aur1-re-2026-07-15-game1,2026-07-15T11:19:40.513000+00:00,7.031400000000019,0.831851505,7.86325150500002
11,8897588873,dota2-ts8-liquid-2026-07-15-game1,2026-07-15T11:25:30.473000+00:00,41.320415679999996,3.3161320211520002,44.636547701152
11,8897695379,dota2-aur1-re-2026-07-15-game2,2026-07-15T12:41:48.340000+00:00,0.05400000000008731,1.260061155,1.3140611550000874
11,8897696869,dota2-ts8-liquid-2026-07-15-game2,2026-07-15T12:54:25.976000+00:00,10.733560060000116,6.221122088761501,16.954682148761616
11,8897831774,dota2-ts8-liquid-2026-07-15,2026-07-15T14:13:24.528000+00:00,-5.63325998000002,0.8868981703965,-4.74636180960352
11,8897841991,dota2-1win-vg-2026-07-15-game1,2026-07-15T14:22:22.284000+00:00,5.237912160000008,0.729573990012,5.967486150012007
11,8897971312,dota2-1win-vg-2026-07-15-game2,2026-07-15T15:33:39.656000+00:00,8.98019999999994,0.9328236750000001,9.91302367499994
11,8898003442,dota2-bb4-lgd-2026-07-15-game1,2026-07-15T15:56:58.589000+00:00,-0.7517999999999745,2.521206015,1.7694060150000257
11,8898084910,dota2-1win-vg-2026-07-15,2026-07-15T16:49:08.935000+00:00,-21.83499999999995,3.196617495,-18.638382504999953
11,8898117600,dota2-bb4-lgd-2026-07-15-game2,2026-07-15T17:15:52.403000+00:00,29.411999999999978,0.8585362799999999,30.270536279999977
11,8899028080,dota2-ty-ts8-2026-07-17-game1,2026-07-16T11:25:22.617000+00:00,-25.500900000000065,2.3512259925,-23.149674007500067
11,8899120700,dota2-ty-ts8-2026-07-17-game2,2026-07-16T12:44:26.752000+00:00,-2.842170943040401e-14,1.6199902800000001,1.6199902799999717
11,8899307453,dota2-pari-re-2026-07-17-game1,2026-07-16T14:36:23.407000+00:00,15.187104019999992,0.6252953374755,15.812399357475492
11,8899420575,dota2-pari-re-2026-07-17-game2,2026-07-16T15:46:28.167000+00:00,-12.407300000000077,1.2245190374999997,-11.182780962500077
11,8900508749,dota2-flc-vg-2026-07-16-game1,2026-07-17T11:21:46.405000+00:00,-61.02489999999997,1.8826073774999998,-59.142292622499966
11,8900623530,dota2-flc-vg-2026-07-16-game2,2026-07-17T12:54:30.551000+00:00,-40.402504439999916,5.053374290487,-35.349130149512916
11,8900771154,dota2-ngx-bb4-2026-07-16-game1,2026-07-17T14:28:08.196000+00:00,7.00060000000002,1.5536956949999998,8.55429569500002
11,8900882416,dota2-ngx-bb4-2026-07-16-game2,2026-07-17T15:33:10.588000+00:00,-10.0,0.63405,-9.36595
11,8902107148,dota2-bb4-vg-2026-07-18-game1,2026-07-18T11:22:02.020000+00:00,1.75,0.06283125,1.81283125
11,8902173969,dota2-bb4-vg-2026-07-18-game2,2026-07-18T12:21:15.910000+00:00,-34.72309999999999,2.1770182725000002,-32.54608172749999
11,8902338515,dota2-ty-pari-2026-07-18-game1,2026-07-18T14:06:38.308000+00:00,12.244800000000026,1.5290694,13.773869400000027
11,8902431810,dota2-ty-pari-2026-07-18-game2,2026-07-18T15:09:37.865000+00:00,-29.026600639999998,6.277477063032,-22.749123576967996
11,8902610619,dota2-ty-pari-2026-07-18,2026-07-18T16:48:06.686000+00:00,-21.44470000000001,5.8808147774999995,-15.563885222500012
11,8903705555,dota2-vg-ty-2026-07-19-game1,2026-07-19T10:24:33.152000+00:00,0.0680980000001341,2.07011725905,2.138215259050134
11,8903789784,dota2-vg-ty-2026-07-19-game2,2026-07-19T11:31:19.185000+00:00,24.180300000000045,1.4330918925,25.613391892500044
11,8904012666,dota2-bb4-pari-2026-07-19-game1,2026-07-19T13:57:51.853000+00:00,109.63759314000006,7.6569846355005,117.29457777550056
11,8904157676,dota2-bb4-pari-2026-07-19-game2,2026-07-19T15:17:11.337000+00:00,-58.511400000000094,5.2722027449999995,-53.23919725500009
11,8904322271,dota2-bb4-pari-2026-07-19-game3,2026-07-19T16:52:33.960000+00:00,5.846199999999982,2.9388749549999997,8.785074954999981
11,8904419709,dota2-bb4-pari-2026-07-19-game4,2026-07-19T18:05:14.511000+00:00,-3.1840000000000277,1.010105415,-2.1738945850000277
11,8905035315,dota2-stx-lynx-2026-07-20-game1,2026-07-20T07:25:19.610000+00:00,0.0,0.20790000000000003,0.20790000000000003
11,8905093611,dota2-stx-lynx-2026-07-20-game2,2026-07-20T08:36:36.644000+00:00,24.858299999999993,0.9035319825,25.76183198249999
11,8905164476,dota2-stx-lynx-2026-07-20,2026-07-20T10:04:24.370000+00:00,141.58682037000005,4.02940067505825,145.6162210450583
11,8905233934,dota2-lynx-pckcp-2026-07-20-game1,2026-07-20T11:15:17.947000+00:00,71.25989808999998,1.82328925718175,73.08318734718173
11,8905359313,dota2-lynx-pckcp-2026-07-20-game2,2026-07-20T12:49:30.119000+00:00,-7.488909770000021,2.1203281927297497,-5.368581577270271
11,8905490238,dota2-z10-nemiga-2026-07-20-game1,2026-07-20T14:13:02.081000+00:00,-43.183169600000014,1.1066836431434999,-42.076485956856516
11,8905612460,dota2-z10-nemiga-2026-07-20-game2,2026-07-20T15:25:40.567000+00:00,9.155399999999986,1.12451022,10.279910219999985
11,8905741721,dota2-spirit1-jenz-2026-07-20-game1,2026-07-20T16:55:30.580000+00:00,9.944500000000005,2.3522856675,12.296785667500005
11,8905885788,dota2-spirit1-jenz-2026-07-20-game2,2026-07-20T18:35:45.253000+00:00,-1.7964,0.00862272,-1.78777728
11,8905975768,dota2-lvlup1-ill-2026-07-20-game1,2026-07-20T19:45:16.612000+00:00,-13.876600000000053,5.2099543950000005,-8.666645605000053
11,8906069414,dota2-lvlup1-ill-2026-07-20-game2,2026-07-20T20:59:36.536000+00:00,-9.226599999999934,1.504123125,-7.722476874999934
11,8906479441,dota2-nemiga-dan-2026-07-21-game1,2026-07-21T07:24:02.590000+00:00,57.25698624,3.2030817052934997,60.4600679452935
11,8906547471,dota2-nemiga-dan-2026-07-21-game2,2026-07-21T08:48:51.736000+00:00,0.0,0.0,0.0
11,8906626852,dota2-pckcp-stx-2026-07-21-game1,2026-07-21T10:17:03.931000+00:00,53.37519999999995,2.01066318,55.38586317999995
11,8906706819,dota2-pckcp-stx-2026-07-21-game2,2026-07-21T11:28:10.072000+00:00,3.076899999999995,1.0428383324999997,4.1197383324999945
11,8906814740,dota2-pckcp-stx-2026-07-21,2026-07-21T12:50:32.182000+00:00,-51.51260233000001,5.35036194567675,-46.162240384323255
11,8906911697,dota2-lynx-spirit1-2026-07-21-game1,2026-07-21T14:01:22.509000+00:00,26.020270619999977,1.0012568412329999,27.021527461232978
11,8907021823,dota2-lynx-spirit1-2026-07-21-game2,2026-07-21T14:54:33.550000+00:00,0.0,0.0,0.0
11,8907114935,dota2-lynx-spirit1-2026-07-21,2026-07-21T15:55:17.448000+00:00,2.0540000000000305,2.7804888,4.834488800000031
11,8907236730,dota2-jenz-lynx-2026-07-21-game1,2026-07-21T17:22:36.365000+00:00,0.0,0.0,0.0
11,8907319204,dota2-jenz-lynx-2026-07-21-game2,2026-07-21T18:19:16.673000+00:00,-32.34649954999999,0.7780455053062499,-31.56845404469374
11,8907510684,dota2-z10-aion-2026-07-21-game2,2026-07-21T20:45:41.820000+00:00,0.0,0.0,0.0
11,8907942033,dota2-ill-dan-2026-07-22-game1,2026-07-22T07:18:07.776000+00:00,0.0,0.0,0.0
11,8907997366,dota2-ill-dan-2026-07-22-game2,2026-07-22T08:30:21.640000+00:00,0.0,0.0,0.0
11,8908178087,dota2-nemiga-aion-2026-07-22-game2,2026-07-22T11:35:02.272000+00:00,16.049999999999983,0.8005282499999999,16.850528249999982
11,8908313996,dota2-stx-spirit1-2026-07-22-game1,2026-07-22T13:26:43.307000+00:00,0.04526736000000753,0.19480160750400005,0.24006896750400758
11,8908486051,dota2-stx-spirit1-2026-07-22-game2,2026-07-22T15:03:55.390000+00:00,113.73370000000011,2.4245291024999998,116.15822910250012
11,8908612824,dota2-stx-spirit1-2026-07-22,2026-07-22T16:27:56.948000+00:00,51.707893750000004,3.05672172703125,54.764615477031256
11,8908710300,dota2-z10-lvlup1-2026-07-22-game1,2026-07-22T17:40:32.974000+00:00,-33.47260000000006,2.848850595,-30.623749405000055
11,8908926344,dota2-z10-lvlup1-2026-07-22,2026-07-22T20:21:42.790000+00:00,24.843785509999975,2.6467368774412496,27.490522387441224
11,8909388284,dota2-dan-z10-2026-07-23-game1,2026-07-23T07:17:23.633000+00:00,0.0,0.0,0.0
11,8909443684,dota2-dan-z10-2026-07-23-game2,2026-07-23T08:24:14.078000+00:00,-10.892711330000022,0.78476046116175,-10.107950868838273
11,8909498494,dota2-dan-z10-2026-07-23,2026-07-23T09:35:42.112000+00:00,-0.9262218799999937,0.162528958152,-0.7636929218479938
11,8909658828,dota2-spirit1-pckcp-2026-07-23-game2,2026-07-23T11:56:35.158000+00:00,-8.77680079999999,1.08557171676,-7.691229083239989
11,8909780227,dota2-spirit1-pckcp-2026-07-23,2026-07-23T13:29:29.880000+00:00,8.745999999999995,0.32351454,9.069514539999995
11,8910104556,dota2-jenz-kw1-2026-07-23-game2,2026-07-23T16:47:57.620000+00:00,-38.02970000000003,2.3260973474999997,-35.703602652500024
11,8910216725,dota2-jenz-kw1-2026-07-23,2026-07-23T18:09:02.529000+00:00,8.159400000000005,1.088566965,9.247966965000005
11,8910344715,dota2-lvlup1-aion-2026-07-23-game1,2026-07-23T19:45:58.831000+00:00,0.0,0.0,0.0
11,8910461593,dota2-lvlup1-aion-2026-07-23-game2,2026-07-23T21:18:59.726000+00:00,0.0,0.0,0.0
11,8910535715,dota2-lvlup1-aion-2026-07-23,2026-07-23T22:37:28.157000+00:00,111.67882329999989,1.266728877675,112.9455521776749
11,8910589445,dota2-nemiga-ill-2026-07-23-game1,2026-07-23T23:33:41.369000+00:00,-19.83979999999999,1.3337554199999997,-18.50604457999999
11,8910670427,dota2-nemiga-ill-2026-07-23,2026-07-24T01:26:47.762000+00:00,-30.606099999999998,3.1318732725,-27.474226727499996
11,8910982575,dota2-aion-dan-2026-07-24-game2,2026-07-24T08:39:31.809000+00:00,0.0,0.0,0.0
11,8911277378,dota2-kw1-stx-2026-07-24-game2,2026-07-24T13:08:23.857000+00:00,-192.08054151000002,0.65045242540275,-191.43008908459726
11,8911784562,dota2-z10-ill-2026-07-24-game1,2026-07-24T18:00:21.302000+00:00,-40.211499999999944,2.7315351375,-37.47996486249994
11,8911916389,dota2-z10-ill-2026-07-24-game2,2026-07-24T19:32:36.981000+00:00,-1.25,0.45515625000000004,-0.79484375
11,8912045230,dota2-nemiga-lvlup1-2026-07-24-game1,2026-07-24T21:05:49.488000+00:00,-35.067600000000056,7.308029745,-27.759570255000057
11,8912123729,dota2-nemiga-lvlup1-2026-07-24-game2,2026-07-24T22:15:39.296000+00:00,0.0,0.0,0.0
11,8912551235,dota2-ill-aion-2026-07-25-game1,2026-07-25T07:19:52.253000+00:00,-0.2599999999999998,0.0946725,-0.1653274999999998
11,8912622476,dota2-ill-aion-2026-07-25-game2,2026-07-25T08:27:06.996000+00:00,0.0,0.0,0.0
11,8912758286,dota2-pckcp-jenz-2026-07-22-game1,2026-07-25T10:25:45.605000+00:00,-91.73391937999995,1.1233342714049999,-90.61058510859495
11,8912831712,dota2-pckcp-jenz-2026-07-22-game2,2026-07-25T11:23:26.682000+00:00,5.200000000000003,0.13953,5.3395300000000026
11,8912974141,dota2-pckcp-jenz-2026-07-22,2026-07-25T13:02:19.241000+00:00,-47.12855700000003,2.63941655265,-44.48914044735003
11,8913307206,dota2-kw1-pckcp-2026-07-25-game1,2026-07-25T16:28:48.834000+00:00,20.900000000000006,0.5185575,21.418557500000006
11,8913598312,dota2-lynx-kw1-2026-07-25-game1,2026-07-25T19:28:05.257000+00:00,-0.40000000000000213,0.14984999999999998,-0.25015000000000215
11,8913726962,dota2-lynx-kw1-2026-07-25-game2,2026-07-25T20:57:15.562000+00:00,-95.36150099999983,9.35675710875,-86.00474389124983
11,8913824141,dota2-lynx-kw1-2026-07-25,2026-07-25T22:21:39.642000+00:00,-15.065799999999932,3.291271155,-11.774528844999931
11,8914414410,dota2-nemiga-ill-2026-07-26-game1,2026-07-26T09:26:59.644000+00:00,-43.32675560000004,1.0114316844000002,-42.31532391560004
11,8914520562,dota2-nemiga-ill-2026-07-26-game2,2026-07-26T10:41:21.923000+00:00,-63.495399999999975,2.371799985,-61.12360001499997
11,8914637220,dota2-nemiga-ill-2026-07-26,2026-07-26T12:04:18.708000+00:00,76.39379999999994,2.2238780849999995,78.61767808499994
11,8914749408,dota2-rearis-pckcp-2026-07-26-game1,2026-07-26T13:19:34.036000+00:00,-19.46689999999998,0.8730751274999999,-18.59382487249998
11,8914885598,dota2-rearis-pckcp-2026-07-26-game2,2026-07-26T14:24:02.001000+00:00,114.74149999999997,0.6883255875,115.42982558749998
11,8915002841,dota2-kw1-rearis-2026-07-26-game1,2026-07-26T15:32:54.677000+00:00,-7.278507760000039,1.081988635968,-6.196519124032039
11,8915137972,dota2-kw1-rearis-2026-07-26-game2,2026-07-26T16:47:26.165000+00:00,0.0,0.0,0.0
11,8915271266,dota2-jenz-stx-2026-07-26-game1,2026-07-26T18:26:53.337000+00:00,38.5,0.99801,39.49801
11,8915390117,dota2-jenz-stx-2026-07-26-game2,2026-07-26T19:37:39.362000+00:00,0.0,0.0,0.0
11,8915498965,dota2-jenz-stx-2026-07-26,2026-07-26T20:57:43.107000+00:00,14.58800000000001,0.8886401999999999,15.47664020000001
11,8916041863,dota2-lvlup1-pckcp-2026-07-27-game1,2026-07-27T09:21:33.291000+00:00,58.07659999999993,1.2050643449999998,59.281664344999925
11,8916102349,dota2-lvlup1-pckcp-2026-07-27-game2,2026-07-27T10:12:46.876000+00:00,-18.65149999999997,2.0932786575,-16.55822134249997
11,8916245727,dota2-stx-nemiga-2026-07-27-game1,2026-07-27T12:25:46.061000+00:00,28.324498050000017,2.3366392379662497,30.661137287966266
11,8916384577,dota2-stx-nemiga-2026-07-27-game2,2026-07-27T13:48:29.618000+00:00,17.92880000000002,3.386831025,21.31563102500002
11,8916474664,dota2-stx-nemiga-2026-07-27,2026-07-27T14:44:54.132000+00:00,-8.059399999999954,5.581231155,-2.4781688449999537
11,8917611319,dota2-pr1-nemiga-2026-07-28-game2,2026-07-28T10:17:02.190000+00:00,-2.7760000000000034,0.4794846,-2.296515400000003
11,8917675823,dota2-pr1-nemiga-2026-07-28,2026-07-28T11:19:25.327000+00:00,13.321900000000028,1.0776483074999998,14.399548307500028
11,8917738415,dota2-nh-pckcp-2026-07-28-game1,2026-07-28T12:16:10.015000+00:00,0.0,0.0,0.0
11,8917853656,dota2-nh-pckcp-2026-07-28-game2,2026-07-28T13:23:44.955000+00:00,33.66136459999998,1.0070483198999998,34.66841291989998
11,8918052500,dota2-pckcp-kw1-2026-07-28-game1,2026-07-28T15:24:46.769000+00:00,0.001643040000004703,0.136790634672,0.1384336746720047
11,8918176547,dota2-pckcp-kw1-2026-07-28-game2,2026-07-28T16:37:04.197000+00:00,125.76369999999997,1.4163432974999999,127.18004329749998
11,8919264561,dota2-rearis-z10-2026-07-29-game1,2026-07-29T12:23:03.580000+00:00,22.439565039999962,2.0952476368319997,24.53481267683196
11,8919404744,dota2-rearis-z10-2026-07-29-game2,2026-07-29T13:48:28.368000+00:00,-15.57240000000003,2.55920448,-13.01319552000003
11,8919546613,dota2-amaru-nemiga-2026-07-29-game1,2026-07-29T15:15:30.082000+00:00,0.0,0.0,0.0
11,8919685210,dota2-amaru-nemiga-2026-07-29-game2,2026-07-29T16:34:50.427000+00:00,0.0,0.0,0.0
11,8919803916,dota2-amaru-nemiga-2026-07-29,2026-07-29T18:02:17.532000+00:00,112.5937341599998,5.7858264867285,118.3795606467283
11,8920655724,dota2-pckcp-z10-2026-07-30-game2,2026-07-30T10:32:16.617000+00:00,0.0,0.0,0.0
11,8920897425,dota2-lvlup1-z10-2026-07-30-game2,2026-07-30T13:37:44.606000+00:00,-122.01840000000004,5.27561241,-116.74278759000005
11,8921002620,dota2-lvlup1-z10-2026-07-30,2026-07-30T14:47:46.063000+00:00,16.32639999999998,1.5275387999999999,17.853938799999977
11,8921162227,dota2-amaru-pr1-2026-07-30-game1,2026-07-30T16:32:24.441000+00:00,28.20689999999999,1.0923122025,29.29921220249999
11,8921281044,dota2-amaru-pr1-2026-07-30-game2,2026-07-30T17:34:28.519000+00:00,0.0,0.0,0.0
11,8921949036,dota2-re-midas3-2026-07-31-game1,2026-07-31T06:23:42.906000+00:00,0.0,0.35685,0.35685
11,8922016200,dota2-re-midas3-2026-07-31-game2,2026-07-31T07:39:14.850000+00:00,39.926799999999986,1.0594247399999999,40.98622473999998
11,8922074642,dota2-vg-amaru-2026-07-31-game1,2026-07-31T08:46:41.467000+00:00,-0.1298933799999702,0.9515305018169999,0.8216371218170297
11,8922137329,dota2-vg-amaru-2026-07-31-game2,2026-07-31T09:48:16.177000+00:00,0.0,0.0,0.0
11,8922133239,dota2-tr7-playti-2026-07-31-game1,2026-07-31T09:57:34.446000+00:00,5.891014979999994,4.5409889266275005,10.432003906627495
11,8922186876,dota2-vg-amaru-2026-07-31,2026-07-31T10:40:33.810000+00:00,0.9016000000000304,0.7991050799999999,1.7007050800000303
11,8922211678,dota2-tr7-playti-2026-07-31-game2,2026-07-31T11:00:53.806000+00:00,12.566200000000038,1.5115943399999998,14.077794340000038
11,8922300474,dota2-enjoy-glyph-2026-07-31-game1,2026-07-31T12:14:29.331000+00:00,-44.610400000000084,2.09566008,-42.51473992000008
11,8922339160,dota2-l1ga-rnx-2026-07-31-game1,2026-07-31T12:44:09.822000+00:00,0.0,0.0,0.0
11,8922400300,dota2-enjoy-glyph-2026-07-31-game2,2026-07-31T13:24:39.311000+00:00,0.44950000000000134,0.1141490625,0.5636490625000014
11,8922433138,dota2-l1ga-rnx-2026-07-31-game2,2026-07-31T13:42:06.325000+00:00,-42.198992799999964,2.5440267623715,-39.65496603762846
11,8922552315,dota2-l1ga-rnx-2026-07-31,2026-07-31T14:55:23.609000+00:00,0.0,0.0,0.0
11,8922602122,dota2-yb1-z10-2026-07-31-game1,2026-07-31T15:28:08.646000+00:00,-3.1599999999999966,4.400429175,1.2404291750000036
11,8922722577,dota2-yb1-z10-2026-07-31-game2,2026-07-31T16:35:25.057000+00:00,-21.483600000000013,1.46356668,-20.020033320000014
11,8922818221,dota2-xtreme-lgd-2026-07-31-game1,2026-07-31T17:51:24.199000+00:00,-18.181799999999953,2.1663414899999998,-16.015458509999952
11,8922940920,dota2-xtreme-lgd-2026-07-31-game2,2026-07-31T19:09:48.720000+00:00,74.14599999999996,3.6341527499999997,77.78015274999996
11,8923040358,dota2-xtreme-lgd-2026-07-31,2026-07-31T20:28:40.570000+00:00,-54.608900000000176,6.7649563125,-47.84394368750018
11,8923506996,dota2-midas3-tr7-2026-08-01-game1,2026-08-01T05:43:01.223000+00:00,0.0,0.0,0.0
11,8923579943,dota2-midas3-tr7-2026-08-01-game2,2026-08-01T07:02:32.143000+00:00,-155.16960000000006,3.64083567,-151.52876433000006
11,8923643650,dota2-midas3-tr7-2026-08-01,2026-08-01T08:08:01.087000+00:00,-10.526400000000024,1.8394884,-8.686911600000023
11,8923704450,dota2-yes-vg-2026-08-01-game1,2026-08-01T09:01:56.739000+00:00,-5.904055739999919,2.8357555984545,-3.0683001415454187
11,8923780137,dota2-re-playti-2026-08-01-game1,2026-08-01T10:09:39.721000+00:00,0.0,0.0,0.0
11,8923790600,dota2-yes-vg-2026-08-01-game2,2026-08-01T10:14:11.317000+00:00,2.16670000000002,0.7417217475,2.90842174750002
11,8923874259,dota2-re-playti-2026-08-01-game2,2026-08-01T11:26:12.956000+00:00,7.202399999999992,0.6013311,7.803731099999992
11,8923899787,dota2-enjoy-yb1-2026-08-01-game1,2026-08-01T11:45:49.553000+00:00,-139.95042888,2.6911604069640003,-137.259268473036
11,8924057168,dota2-l1ga-lgd-2026-08-01-game1,2026-08-01T13:34:16.709000+00:00,-6.409699999999987,1.9400711474999999,-4.469628852499987
11,8924222714,dota2-l1ga-lgd-2026-08-01-game2,2026-08-01T15:02:43.462000+00:00,0.0,0.0,0.0
11,8924328537,dota2-glyph-z10-2026-08-01-game1,2026-08-01T15:59:42.950000+00:00,-74.80421001999991,2.5167856808414997,-72.28742433915842
11,8924367779,dota2-l1ga-lgd-2026-08-01,2026-08-01T16:23:12.450000+00:00,0.0,0.0,0.0
11,8924468754,dota2-glyph-z10-2026-08-01-game2,2026-08-01T17:25:49.795000+00:00,-43.09230112,4.101421782648,-38.990879337352
11,8924530036,dota2-rnx-xtreme-2026-08-01-game1,2026-08-01T18:06:50.164000+00:00,8.366536510000046,2.49072267372975,10.857259183729795
11,8924616191,dota2-rnx-xtreme-2026-08-01-game2,2026-08-01T19:06:22.446000+00:00,27.513668379999814,3.0935943980609997,30.607262778060814
11,8925210898,dota2-playti-xctn-2026-08-02-game1,2026-08-02T05:28:20.542000+00:00,0.0,0.0,0.0
11,8925308090,dota2-playti-xctn-2026-08-02-game2,2026-08-02T07:03:47.891000+00:00,1.4210854715202004e-14,0.9600076799999999,0.9600076800000141
11,8925543582,dota2-yes-tr7-2026-08-02-game1,2026-08-02T10:44:16.945000+00:00,-2.46720156000001,1.627645539384,-0.8395560206160102
11,8925703946,dota2-yes-tr7-2026-08-02-game2,2026-08-02T11:58:57.158000+00:00,3.9333000000000027,1.2383250524999998,5.171625052500002
11,8925847726,dota2-yes-tr7-2026-08-02,2026-08-02T13:17:43.701000+00:00,37.83489884000004,2.926898374872,40.76179721487204
11,8926022375,dota2-rnx-yb1-2026-08-02-game1,2026-08-02T15:09:53.856000+00:00,133.62998081,6.482529776868749,140.11251058686875
11,8926232913,dota2-rnx-yb1-2026-08-02-game2,2026-08-02T16:42:19.665000+00:00,-9.677400000000034,2.385228555,-7.292171445000035
11,8926381426,dota2-rnx-yb1-2026-08-02,2026-08-02T18:14:10.009000+00:00,22.34320000000008,3.1943650499999996,25.53756505000008
11,8926523280,dota2-z10-lgd-2026-08-02-game1,2026-08-02T19:59:32.068000+00:00,0.0,0.0,0.0
11,8926636219,dota2-z10-lgd-2026-08-02-game2,2026-08-02T21:07:31.416000+00:00,-23.44199999999995,1.1275461,-22.31445389999995
11,8927063876,dota2-glyph-playti-2026-08-03-game2,2026-08-03T06:55:36.873000+00:00,103.1,2.0323014749999997,105.13230147499999
11,8927132943,dota2-glyph-playti-2026-08-03,2026-08-03T08:27:35.152000+00:00,208.9812999999997,4.2879603975,213.2692603974997
11,8927207054,dota2-xtreme-tr7-2026-08-03-game1,2026-08-03T10:00:05.212000+00:00,12.252700000000004,2.6842250925,14.936925092500005
11,8927288399,dota2-xtreme-tr7-2026-08-03-game2,2026-08-03T11:00:48.642000+00:00,5.333799999999979,0.9430955249999999,6.276895524999979
11,8927380776,dota2-xtreme-tr7-2026-08-03,2026-08-03T12:15:30.661000+00:00,50.4309946,3.179323877055,53.610318477054996
11,8927539264,dota2-vg-yb1-2026-08-03-game1,2026-08-03T14:05:56.825000+00:00,286.3909000000001,1.6079224125,287.9988224125001
11,8927660975,dota2-vg-yb1-2026-08-03-game2,2026-08-03T15:05:20.968000+00:00,41.479397199999966,4.49397228246,45.973369482459965
11,8927760296,dota2-vg-yb1-2026-08-03,2026-08-03T16:18:19.713000+00:00,91.99930000000018,5.3070395625,97.30633956250017
11,8927926397,dota2-re-lgd-2026-08-03-game1,2026-08-03T18:09:03.381000+00:00,37.39399999999996,0.8930214299999998,38.28702142999996
11,8928050264,dota2-re-lgd-2026-08-03-game2,2026-08-03T19:19:18.313000+00:00,11.790400000000034,0.8696893800000001,12.660089380000034
11,8928163118,dota2-re-lgd-2026-08-03,2026-08-03T20:43:38.722000+00:00,4.4273805400000015,1.5994087918364999,6.026789331836501
11,8928851109,dota2-playti-tr7-2026-08-04-game1,2026-08-04T11:30:07.829000+00:00,0.0,0.0,0.0
11,8928953683,dota2-playti-tr7-2026-08-04-game2,2026-08-04T12:46:11.879000+00:00,26.01906615000007,3.52168780213125,29.540753952131322
11,8929124210,dota2-yb1-re-2026-08-04-game1,2026-08-04T14:38:55.576000+00:00,-2.7586018099999876,2.10764951579175,-0.6509522942082375
11,8929276426,dota2-yb1-re-2026-08-04-game2,2026-08-04T15:54:25.550000+00:00,26.374609429999964,2.65458331622775,29.029192746227714
11,8929365099,dota2-yb1-re-2026-08-04,2026-08-04T16:51:08.308000+00:00,39.60761459000018,4.97647348063125,44.58408807063143
11,8930200713,dota2-tr7-re-2026-08-05-game1,2026-08-05T08:20:38.811000+00:00,0.0,2.8200112799999997,2.8200112799999997
11,8930258778,dota2-tr7-re-2026-08-05-game2,2026-08-05T09:25:42.941000+00:00,-62.38319999999991,12.356634855000001,-50.02656514499991
11,8930398938,dota2-playti-yb1-2026-08-05-game1,2026-08-05T12:24:04.133000+00:00,-25.274884049999997,4.4901541114912495,-20.784729938508747
11,8930615242,dota2-playti-yb1-2026-08-05-game2,2026-08-05T14:02:56.166000+00:00,162.82108259999995,1.299211738425,164.12029433842494
11,8930736914,dota2-playti-yb1-2026-08-05-game3,2026-08-05T15:09:49.519000+00:00,6.8127985600000045,0.864845935188,7.677644495188004
11,8931781241,dota2-lvlup1-rearis-2026-08-06-game1,2026-08-06T09:28:03.156000+00:00,0.0,0.0,0.0
11,8931852727,dota2-lvlup1-rearis-2026-08-06-game2,2026-08-06T10:30:33.624000+00:00,-15.549046590000014,1.29337175546325,-14.255674834536764
11,8931981851,dota2-rearis-nh-2026-08-06-game1,2026-08-06T12:26:15.226000+00:00,0.0,0.0,0.0
11,8932085762,dota2-rearis-nh-2026-08-06-game2,2026-08-06T13:20:21.204000+00:00,7.5048999999999975,0.1549225275,7.659822527499998
11,8932181345,dota2-rearis-nh-2026-08-06,2026-08-06T14:22:22.478000+00:00,4.601183730000017,0.24829539365474995,4.849479123654767
11,8932318084,dota2-nh-lvlup1-2026-08-06-game1,2026-08-06T15:34:15.395000+00:00,-44.14829999999999,0.9443767275,-43.20392327249999
11,8932413808,dota2-nh-lvlup1-2026-08-06-game2,2026-08-06T16:23:29.211000+00:00,-0.6603297299999991,0.08790956797425,-0.5724201620257491
11,8932523868,dota2-nh-lvlup1-2026-08-06,2026-08-06T17:36:18.454000+00:00,0.0,0.0,0.0
11,8932657929,dota2-ill-pr1-2026-08-06-game1,2026-08-06T19:12:10.345000+00:00,-20.57859999999998,0.428934375,-20.14966562499998
11,8932835800,dota2-ill-pr1-2026-08-06,2026-08-06T21:22:55.783000+00:00,-9.233300000000014,1.0298075625,-8.203492437500014
11,8933374169,dota2-nh-z10-2026-08-07-game1,2026-08-07T09:29:47.916000+00:00,0.0,0.0,0.0
11,8933453728,dota2-nh-z10-2026-08-07-game2,2026-08-07T10:40:19.376000+00:00,0.0,0.0,0.0
11,8933575351,dota2-ill-stx-2026-08-07-game1,2026-08-07T12:33:02.695000+00:00,0.0,0.0,0.0
11,8933704579,dota2-ill-stx-2026-08-07-game2,2026-08-07T13:44:43.178000+00:00,-44.859051400000084,4.487753709330001,-40.37129769067008
11,8933879286,dota2-pr1-jenz-2026-08-07-game1,2026-08-07T15:25:51.002000+00:00,-225.04189999999994,2.7699093825,-222.27199061749994
11,8933988979,dota2-pr1-jenz-2026-08-07-game2,2026-08-07T16:29:38.697000+00:00,0.6702212399999965,0.104254497606,0.7744757376059965
11,8934184387,dota2-jenz-nemiga-2026-08-07-game1,2026-08-07T18:35:03.983000+00:00,0.0,0.0,0.0
11,8934279386,dota2-jenz-nemiga-2026-08-07-game2,2026-08-07T19:33:30.612000+00:00,0.0,0.7019913599999998,0.7019913599999998
11,8936825643,dota2-pr1-yes-2026-08-09-game1,2026-08-09T09:22:32.992000+00:00,-2.8398550599999837,2.174950705773,-0.6649043542269837
11,8937080738,dota2-pr1-yes-2026-08-09,2026-08-09T12:20:23.208000+00:00,94.07402125000006,6.98235871265625,101.05637996265631
11,8937188618,dota2-lvlup1-mouz-2026-08-09-game1,2026-08-09T13:17:49.636000+00:00,-14.923487560000018,1.1971712449829999,-13.726316315017018
11,8937335830,dota2-lvlup1-mouz-2026-08-09-game2,2026-08-09T14:27:35.299000+00:00,-11.470487249999977,3.0709755659437494,-8.399511684056227
11,8937484593,dota2-ill-re-2026-08-09-game1,2026-08-09T15:55:00.679000+00:00,1.2066999999999979,0.41947908749999996,1.626179087499998
11,8937631882,dota2-ill-re-2026-08-09-game2,2026-08-09T17:12:21.447000+00:00,62.410424000000006,0.9631120262999999,63.37353602630001
11,8937722788,dota2-z10-navi-2026-08-09-game1,2026-08-09T18:17:16.930000+00:00,-93.75829999999993,5.6900673675,-88.06823263249993
11,8938509987,dota2-pr1-mouz-2026-08-10-game1,2026-08-10T09:24:47.767000+00:00,0.40000000000000213,0.10460999999999998,0.5046100000000021
11,8938565057,dota2-pr1-mouz-2026-08-10-game2,2026-08-10T10:12:07.159000+00:00,-28.622616060000013,2.9451294526605,-25.677486607339514
11,8938634026,dota2-pr1-mouz-2026-08-10,2026-08-10T11:15:54.851000+00:00,-15.473912379999888,4.548490747823999,-10.925421632175889
11,8938716198,dota2-ill-z10-2026-08-10-game1,2026-08-10T12:25:50.383000+00:00,-3.98885623999999,0.657222415758,-3.33163382424199
11,8939023869,dota2-yes-lvlup1-2026-08-10-game1,2026-08-10T15:24:37.289000+00:00,50.526300000000106,2.5147921275,53.04109212750011
11,8940059913,dota2-lvlup1-navi-2026-08-11-game1,2026-08-11T09:16:02.605000+00:00,36.443846599999986,1.19271559494,37.636562194939984
11,8940117837,dota2-lvlup1-navi-2026-08-11-game2,2026-08-11T10:12:11.551000+00:00,33.128129199999954,2.9984808698100003,36.126610069809956
11,8940266495,dota2-mouz-re-2026-08-11-game1,2026-08-11T12:16:13.042000+00:00,78.36860599999994,2.20901375295,80.57761975294994
11,8940365227,dota2-mouz-re-2026-08-11-game2,2026-08-11T13:12:04.281000+00:00,-53.442064580000064,2.0887994939205,-51.35326508607957
11,8940487898,dota2-mouz-re-2026-08-11,2026-08-11T14:25:06.999000+00:00,12.024412139999981,5.2800514998345,17.30446363983448
11,8940643574,dota2-yes-z10-2026-08-11-game1,2026-08-11T15:45:57.067000+00:00,5.327477460000011,2.0140927101915,7.3415701701915115
11,8940756672,dota2-yes-z10-2026-08-11-game2,2026-08-11T16:48:25.758000+00:00,4.880735079999958,2.624608454415,7.505343534414958
11,8941656460,dota2-lvlup1-re-2026-08-12-game1,2026-08-12T09:19:34.658000+00:00,10.710300000000018,2.1630416175,12.873341617500017
11,8941733752,dota2-lvlup1-re-2026-08-12-game2,2026-08-12T10:35:42.245000+00:00,-7.915829800000012,2.6700325056,-5.2457972944000115
11,8941817475,dota2-lvlup1-re-2026-08-12,2026-08-12T11:50:26.039000+00:00,10.099599999999967,2.1757841399999998,12.275384139999966
11,8942003788,dota2-navi-lvlup1-2026-08-12-game1,2026-08-12T13:42:36.457000+00:00,10.666800000000023,0.7068088349999999,11.373608835000024
11,8942152024,dota2-navi-lvlup1-2026-08-12-game2,2026-08-12T14:50:30.897000+00:00,0.0,0.0,0.0
11,8942262723,dota2-navi-lvlup1-2026-08-12-game3,2026-08-12T15:53:47.795000+00:00,39.50559999999999,0.338883975,39.84448397499999
11,8962372120,dota2-ic-nemiga-2026-08-24-game1,2026-08-24T07:17:08.649000+00:00,0.0,0.0,0.0
11,8962458373,dota2-ic-nemiga-2026-08-24-game2,2026-08-24T08:26:45.454000+00:00,6.069606199999981,1.151477001633,7.221083201632982
11,8962592819,dota2-ks-lynx-2026-08-24-game1,2026-08-24T10:19:27.562000+00:00,-2.9340032599999972,0.819854186571,-2.1141490734289974
11,8962736746,dota2-ks-lynx-2026-08-24-game2,2026-08-24T11:33:18.452000+00:00,178.90212027999974,4.518034637883,183.42015491788274
11,8962964580,dota2-sb5-stx-2026-08-24-game1,2026-08-24T13:25:23.881000+00:00,0.0,0.0,0.0
11,8963508714,dota2-rearis-lynx-2026-08-24-game2,2026-08-24T17:37:20.349000+00:00,36.59783361000004,2.66042028674775,39.25825389674779
11,8963649188,dota2-dynast1-fts-2026-08-24-game1,2026-08-24T19:15:00.848000+00:00,53.38489999999999,0.6644333175,54.049333317499986
11,8963790789,dota2-dynast1-fts-2026-08-24-game2,2026-08-24T20:20:45.642000+00:00,1.6365994999999955,0.195219102375,1.8318186023749956
11,8964399842,dota2-pckcp-nemiga-2026-08-25-game1,2026-08-25T07:22:10.248000+00:00,-0.9855460499999964,0.7869901145212499,-0.1985559354787465
11,8964480771,dota2-pckcp-nemiga-2026-08-25-game2,2026-08-25T08:31:41.723000+00:00,8.54093725000007,2.54695734969375,11.08789459969382
11,8964574076,dota2-pckcp-nemiga-2026-08-25,2026-08-25T09:52:05.670000+00:00,-0.03999999999999737,1.306035,1.2660350000000027
11,8964657335,dota2-fts-pckcp-2026-08-25-game1,2026-08-25T10:52:11.864000+00:00,-25.098601459999987,0.8783434874295,-24.220257972570487
11,8964837315,dota2-fts-pckcp-2026-08-25-game2,2026-08-25T12:34:06.314000+00:00,9.821759790000016,3.1340552567317497,12.955815046731765
11,8964962329,dota2-ic-fts-2026-08-25-game1,2026-08-25T13:50:36.471000+00:00,117.49970540999999,3.34971525478125,120.84942066478123
11,8965097316,dota2-ic-fts-2026-08-25-game2,2026-08-25T14:41:01.046000+00:00,-1.4251399999999421,1.6081492844999998,0.1830092845000577
11,8964938940,dota2-rearis-spirit1-2026-08-25-game1,2026-08-25T16:23:39.394000+00:00,-0.3981769600000078,0.356680436688,-0.041496523312007816
11,8965544741,dota2-rearis-spirit1-2026-08-25,2026-08-25T18:44:21.316000+00:00,-12.817700000000002,4.220814712499999,-8.596885287500003
11,8969842778,dota2-pckcp-ic-2026-08-28-game2,2026-08-28T08:21:21.985000+00:00,130.0885859,4.1766678908624995,134.2652537908625
11,8969978865,dota2-rearis-sb5-2026-08-28-game1,2026-08-28T10:27:01.322000+00:00,-6.318499999999995,0.27101030249999997,-6.047489697499995
11,8970089224,dota2-rearis-sb5-2026-08-28-game2,2026-08-28T11:41:09.553000+00:00,0.9600000000000009,0.057456,1.0174560000000008
11,8970207176,dota2-rearis-sb5-2026-08-28,2026-08-28T12:56:49.576000+00:00,12.304042039999992,0.9361340330339999,13.240176073033991
11,8970338180,dota2-synaps-nemiga-2026-08-28-game1,2026-08-28T14:09:13.367000+00:00,30.989794830000186,3.8970427397242497,34.886837569724435
11,8970352005,dota2-dynast1-ic-2026-08-28-game1,2026-08-28T14:10:35.964000+00:00,0.3828577000000024,0.086137839255,0.4689955392550024
11,8970470057,dota2-synaps-nemiga-2026-08-28-game2,2026-08-28T15:09:53.245000+00:00,339.25871988,2.529880032639,341.78859991263903
11,8970485789,dota2-dynast1-ic-2026-08-28-game2,2026-08-28T15:14:26.848000+00:00,-14.871868219999996,3.1918317606045,-11.680036459395495
11,8970575970,dota2-synaps-nemiga-2026-08-28,2026-08-28T16:02:11.965000+00:00,-76.04357883,1.26378727834275,-74.77979155165725
11,8970655100,dota2-dynast1-ic-2026-08-28,2026-08-28T16:43:34.585000+00:00,6.656181970000013,0.92854678502025,7.584728755020263
11,8970886632,dota2-dynast1-pckcp-2026-08-28-game2,2026-08-28T18:51:22.084000+00:00,-25.583843,3.374759369625,-22.209083630375
11,8971007454,dota2-ks-rearis-2026-08-28-game1,2026-08-28T20:11:41.712000+00:00,-73.95293279999999,1.9587674076,-71.99416539239999
11,8971016820,dota2-fts-nemiga-2026-08-28-game1,2026-08-28T20:17:43.711000+00:00,0.0,0.0,0.0
11,8971111987,dota2-ks-rearis-2026-08-28-game2,2026-08-28T21:24:47.695000+00:00,0.44399999999999995,0.018947699999999998,0.46294769999999996
11,8971423978,dota2-db2-satan-2026-08-28-game2,2026-08-29T03:20:55.120000+00:00,0.3125,0.0108890625,0.3233890625
11,8971501630,dota2-nexus-cres-2026-08-28,2026-08-29T04:51:09.441000+00:00,-96.59820000000002,3.9669555749999996,-92.63124442500002
11,8971519375,dota2-nem-6seven-2026-08-29-game1,2026-08-29T05:14:15.579000+00:00,-3.10089614000006,0.8587759122915,-2.2421202277085603
11,8971586781,dota2-nem-6seven-2026-08-29-game2,2026-08-29T06:13:46.689000+00:00,-1.2951686400000142,1.454035013652,0.15886637365198575
11,8971664649,dota2-nem-6seven-2026-08-29,2026-08-29T07:24:10.704000+00:00,6.825007150000017,2.49627801037125,9.321285160371268
11,8971753986,dota2-icecre-kineti-2026-08-29-game1,2026-08-29T08:38:12.829000+00:00,0.0,0.0,0.0
11,8971849697,dota2-icecre-kineti-2026-08-29-game2,2026-08-29T09:43:14.699000+00:00,0.0,0.0,0.0
11,8971891627,dota2-dynast1-nemiga-2026-08-29-game1,2026-08-29T10:17:49.464000+00:00,0.0,0.0,0.0
11,8971964803,dota2-mouz-yes-2026-08-29-game1,2026-08-29T11:13:49.271000+00:00,-39.351386249999905,3.82037042315625,-35.53101582684366
11,8971988345,dota2-sb5-lynx-2026-08-29-game1,2026-08-29T11:21:30.742000+00:00,-4.010484280000004,0.147965737956,-3.8625185420440036
11,8972103119,dota2-sb5-lynx-2026-08-29-game2,2026-08-29T12:31:54.536000+00:00,-3.4671000000000056,0.1945139025,-3.272586097500006
11,8972115962,dota2-mouz-yes-2026-08-29-game2,2026-08-29T12:36:59.931000+00:00,-73.56547885000002,6.16701011522625,-67.39846873477377
11,8972289868,dota2-huliga-lynx-2026-08-29-game1,2026-08-29T14:15:10.550000+00:00,-44.24702893000011,6.71984763003075,-37.527181299969364
11,8972502454,dota2-huliga-lynx-2026-08-29-game2,2026-08-29T15:52:19.963000+00:00,20.237703150000076,3.12184698076875,23.359550130768827
11,8972611918,dota2-huliga-lynx-2026-08-29,2026-08-29T16:49:36.587000+00:00,-8.510599999999982,1.584886485,-6.925713514999982
11,8972773416,dota2-pi-lvlup1-2026-08-29-game1,2026-08-29T18:17:23.637000+00:00,-7.351724960000027,1.096234980108,-6.255489979892027
11,8972893200,dota2-pi-lvlup1-2026-08-29-game2,2026-08-29T19:20:53.860000+00:00,-52.90309999999988,2.1571213124999997,-50.74597868749988
11,8973011673,dota2-pi-lvlup1-2026-08-29,2026-08-29T20:33:12.059000+00:00,-7.597700000000007,2.1235875075,-5.474112492500007
11,8973010298,dota2-ks-spirit1-2026-08-29-game1,2026-08-29T20:38:42.759000+00:00,-4.05,0.039723749999999995,-4.0102762499999995
11,8973337131,dota2-icecre-xctn-2026-08-30-game1,2026-08-30T02:14:49.254000+00:00,0.0,0.0,0.0
11,8973405568,dota2-icecre-xctn-2026-08-30-game2,2026-08-30T03:19:55.483000+00:00,12.60620299,1.0050721208392501,13.61127511083925
11,8973462028,dota2-icecre-xctn-2026-08-30,2026-08-30T04:30:11.988000+00:00,-37.47999736000015,4.826615569746,-32.653381790254144
11,8973502629,dota2-clo-yb1-2026-08-30-game1,2026-08-30T05:13:07.837000+00:00,-3.0001000000000033,0.4864701975,-2.5136298025000032
11,8973568453,dota2-clo-yb1-2026-08-30-game2,2026-08-30T06:12:50.377000+00:00,0.15268528999999909,0.04962644358224999,0.20231173358224908
11,8973613420,dota2-clo-yb1-2026-08-30,2026-08-30T07:04:46.677000+00:00,28.25993315000006,0.63360911383125,28.893542263831307
11,8973707438,dota2-lynx-lvlup1-2026-08-30-game1,2026-08-30T08:16:36.050000+00:00,-30.699400000000026,2.685412425,-28.013987575000026
11,8973859403,dota2-lynx-lvlup1-2026-08-30-game2,2026-08-30T09:56:31.353000+00:00,11.0295325499998,2.97498576188625,14.00451831188605
11,8973884000,dota2-nem-xctn-2026-08-30-game2,2026-08-30T10:12:32.710000+00:00,-20.37207839000004,2.30799775008675,-18.064080639913293
11,8973944033,dota2-lynx-lvlup1-2026-08-30,2026-08-30T10:50:43.696000+00:00,125.63472933000037,5.55819448711425,131.1929238171146
11,8974185539,dota2-navi-mouz-2026-08-30-game2,2026-08-30T13:08:29.090000+00:00,-46.39460903999991,3.1663735804679995,-43.22823545953191
11,8974647733,dota2-lvlup1-pr1-2026-08-30-game1,2026-08-30T17:09:16.077000+00:00,-17.19213857999996,3.360122266566,-13.832016313433959
11,8974898633,dota2-lvlup1-pr1-2026-08-30,2026-08-30T19:25:58.777000+00:00,-24.52462275000002,1.85961318339375,-22.66500956660627
11,8975110449,dota2-dynast1-ks-2026-08-30-game2,2026-08-30T21:54:27.706000+00:00,0.0,0.0,0.0
11,8975871235,dota2-synaps-lynx-2026-08-31-game1,2026-08-31T12:26:44.788000+00:00,-76.36499926999971,4.547079907400249,-71.81791936259947
11,8976012755,dota2-synaps-lynx-2026-08-31-game2,2026-08-31T13:41:35.303000+00:00,12.034900000000011,1.5286427775,13.563542777500011
11,8976166971,dota2-synaps-lynx-2026-08-31,2026-08-31T15:09:07.826000+00:00,39.79606560000005,3.9158212098,43.71188680980005
11,8976300473,dota2-4iki-ic-2026-08-31-game1,2026-08-31T16:25:39.940000+00:00,2.611269599999982,1.1388149456999999,3.7500845456999823
11,8976441468,dota2-4iki-ic-2026-08-31-game2,2026-08-31T17:43:06.122000+00:00,5.3964,0.14997495000000002,5.54637495
11,8976511215,dota2-4iki-ic-2026-08-31,2026-08-31T18:29:54.020000+00:00,-7.0460680999999,0.9885864688724999,-6.0574816311274
11,8976665322,dota2-spirit1-pi-2026-08-31-game1,2026-08-31T20:26:57.494000+00:00,0.504999999999999,0.06904612499999999,0.574046124999999
11,8976751962,dota2-spirit1-pi-2026-08-31-game2,2026-08-31T21:40:17.685000+00:00,0.0,0.0,0.0
11,8977325814,dota2-ks-pckcp-2026-09-01-game2,2026-09-01T10:26:27.059000+00:00,27.49689963999998,1.2242231153939998,28.72112275539398
11,8977476867,dota2-ic-lynx-2026-09-01-game1,2026-09-01T12:26:04.131000+00:00,-6.800000000000011,1.6482899999999998,-5.151710000000012
11,8977623650,dota2-ic-lynx-2026-09-01-game2,2026-09-01T13:53:28.128000+00:00,36.930260000000004,7.335231628500001,44.2654916285
11,8977913355,dota2-synaps-lvlup1-2026-09-01-game2,2026-09-01T16:37:59.217000+00:00,16.514841440000026,1.0300226106119998,17.544864050612027
11,8978023576,dota2-synaps-lvlup1-2026-09-01,2026-09-01T17:45:54.185000+00:00,0.8645261399999988,0.094806008343,0.9593321483429988
11,8978832148,dota2-pr1-ic-2026-09-02-game1,2026-09-02T09:52:32.767000+00:00,182.37312394999987,2.83781598593625,185.21093993593612
11,8978916284,dota2-pr1-ic-2026-09-02-game2,2026-09-02T11:19:11.539000+00:00,0.0,0.0,0.0
11,8978986214,dota2-pr1-ic-2026-09-02,2026-09-02T12:20:55.440000+00:00,-0.48360000000000003,0.053812589999999993,-0.42978741000000004
11,8979131280,dota2-dynast1-pckcp-2026-09-02-game1,2026-09-02T13:56:13.878000+00:00,0.0,0.0,0.0
11,8979241530,dota2-dynast1-pckcp-2026-09-02-game2,2026-09-02T14:56:18.245000+00:00,31.461013300000104,1.8630995934719998,33.324112893472105
11,8979344496,dota2-synaps-4iki-2026-09-02-game1,2026-09-02T15:59:27.587000+00:00,-20.828278520000026,6.3381494796,-14.490129040400026
11,8980293569,dota2-z10-ks-2026-09-03-game1,2026-09-03T09:18:42.909000+00:00,10.828990320000003,2.018790426036,12.847780746036003
11,8980358113,dota2-z10-ks-2026-09-03-game2,2026-09-03T10:27:20.250000+00:00,9.36656547000004,2.69091818867025,12.05748365867029
11,8980463789,dota2-pckcp-spirit1-2026-09-03-game1,2026-09-03T12:14:02.762000+00:00,-1.5384000000000242,0.54668748,-0.9917125200000242
11,8980769413,dota2-pi-dynast1-2026-09-03-game1,2026-09-03T15:17:23.998000+00:00,151.13877164000004,1.781982142287,152.92075378228705
