seed,match_id,slug,horn_at,engine_pnl,rebate,net
0,8837869969,dota2-aur1-ty-2026-06-04-game1,2026-06-04T09:17:47.612000+00:00,17.2192,1.769688855,18.988888855
0,8838396820,dota2-lgd-ty-2026-06-04-game2,2026-06-04T16:48:28.531000+00:00,-20.61210085999997,3.110745229533,-17.50135563046697
0,8839366504,dota2-lgd-liquid-2026-06-05-game2,2026-06-05T13:21:18.066000+00:00,-39.065402240000026,2.011209831768,-37.054192408232026
0,8840635639,dota2-ty-bb4-2026-06-06-game1,2026-06-06T10:47:49.658000+00:00,0.0,0.0,0.0
0,8841114801,dota2-aur1-lgd-2026-06-06-game2,2026-06-06T16:30:29.855000+00:00,-13.10560076000003,1.527166961979,-11.57843379802103
0,8842468101,dota2-ty-lgd-2026-06-07-game1,2026-06-07T14:21:40.854000+00:00,-93.88761362999996,0.95823948509025,-92.92937414490972
0,8843465364,dota2-4iki-nande4-2026-06-08-game1,2026-06-08T09:15:08.776000+00:00,-58.57486718000001,2.3379141776295,-56.23695300237051
0,8844054970,dota2-z10-sb5-2026-06-08-game2,2026-06-08T17:08:41.204000+00:00,30.3716,0.29069502,30.662295020000002
0,8850534819,dota2-ill-pr1-2026-06-13-game2,2026-06-13T17:10:42.502000+00:00,0.9419999999999966,0.314262495,1.2562624949999965
0,8854443395,dota2-fla-spirit1-2026-06-16-game1,2026-06-16T16:31:44.570000+00:00,-19.565599999999986,0.34102104,-19.224578959999985
0,8885275216,dota2-re-xtreme-2026-07-07-game2,2026-07-07T11:16:11.813000+00:00,-1.988599999999991,0.470035875,-1.518564124999991
0,8885470551,dota2-l1ga-ngx-2026-07-07-game2,2026-07-07T13:39:34.570000+00:00,12.982799999999969,0.8082838499999999,13.79108384999997
0,8885665054,dota2-nem-pari-2026-07-07-game1,2026-07-07T15:41:38.548000+00:00,29.204891000000003,0.5728774589250001,29.777768458925003
0,8885974297,dota2-ic-1win-2026-07-07-game2,2026-07-07T19:32:14.446000+00:00,0.0,0.0,0.0
0,8886638110,dota2-poorra-bb4-2026-07-08-game2,2026-07-08T10:36:00.005000+00:00,0.0,0.0,0.0
0,8886736772,dota2-liquid-lvlup1-2026-07-08-game1,2026-07-08T12:08:59.488000+00:00,0.0,0.0,0.0
0,8886994890,dota2-ts8-nem-2026-07-08-game1,2026-07-08T14:59:11.781000+00:00,0.0,0.019125,0.019125
0,8887218598,dota2-lgd-og-2026-07-08-game1,2026-07-08T17:27:41.870000+00:00,4.722300000000002,0.4030655625,5.1253655625000025
0,8887337672,dota2-ty-ic-2026-07-08-game2,2026-07-08T19:01:29.872000+00:00,0.0,0.0,0.0
0,8888056358,dota2-poorra-xtreme-2026-07-09-game2,2026-07-09T10:34:44.979000+00:00,-17.928600000000074,3.96487476,-13.963725240000073
0,8888173515,dota2-playti-lvlup1-2026-07-09-game1,2026-07-09T12:20:27.216000+00:00,12.447000000000017,0.285294555,12.732294555000017
0,8888318197,dota2-ngx-liquid-2026-07-09-game2,2026-07-09T14:04:08.888000+00:00,17.078100000000035,3.5131963274999998,20.591296327500036
0,8888555097,dota2-mouz-nem-2026-07-09-game2,2026-07-09T16:24:34.308000+00:00,-22.884800000000002,1.9932915749999998,-20.891508425
0,8888693655,dota2-vp-ty-2026-07-09-game1,2026-07-09T18:07:57.629000+00:00,0.0,0.0,0.0
0,8889452921,dota2-re-gl-2026-07-10-game1,2026-07-10T09:17:34.068000+00:00,45.39610000000002,1.4833727625,46.879472762500015
0,8889538949,dota2-re-gl-2026-07-10-game2,2026-07-10T10:40:57.402000+00:00,-8.932399999999973,3.314688855,-5.617711144999973
0,8889733840,dota2-aur1-playti-2026-07-10-game2,2026-07-10T13:14:22.837000+00:00,-34.4375,1.3784186024999998,-33.0590813975
0,8890008812,dota2-nem-vg-2026-07-10-game2,2026-07-10T15:49:04.827000+00:00,14.409999999999997,0.445798125,14.855798124999996
0,8890270555,dota2-1win-og-2026-07-10-game2,2026-07-10T18:36:26.467000+00:00,0.0,0.0,0.0
0,8891108985,dota2-bb4-gl-2026-07-11-game1,2026-07-11T09:17:06.187000+00:00,0.0,0.0,0.0
0,8891325877,dota2-l1ga-lvlup1-2026-07-11-game1,2026-07-11T12:09:46.181000+00:00,-14.001302000000024,0.6707729287499999,-13.330529071250023
0,8891497910,dota2-aur1-liquid-2026-07-11-game2,2026-07-11T13:53:37.287000+00:00,23.658399999999993,0.4253562,24.083756199999993
0,8892836635,dota2-pari-ts8-2026-07-12-game1,2026-07-12T09:26:06.808000+00:00,-10.915099999999867,4.8390851175,-6.076014882499868
0,8893070561,dota2-1win-ty-2026-07-12-game1,2026-07-12T12:14:45.162000+00:00,11.216234349999937,2.07759631300125,13.293830663001186
0,8896139222,dota2-re-vp-2026-07-14-game1,2026-07-14T11:15:10.363000+00:00,7.610000000000014,1.63962075,9.249620750000014
0,8896380183,dota2-re-vp-2026-07-14,2026-07-14T14:02:34.965000+00:00,-65.06850000000009,2.7010237874999996,-62.36747621250009
0,8897585705,dota2-aur1-re-2026-07-15-game1,2026-07-15T11:19:40.513000+00:00,-85.43096849999998,0.5558583313125,-84.87511016868747
0,8897831774,dota2-ts8-liquid-2026-07-15,2026-07-15T14:13:24.528000+00:00,-2.8164599800000047,0.4434634303965,-2.3729965496035046
0,8898084910,dota2-1win-vg-2026-07-15,2026-07-15T16:49:08.935000+00:00,-14.475701639999983,2.9249931623339998,-11.550708477665983
0,8899307453,dota2-pari-re-2026-07-17-game1,2026-07-16T14:36:23.407000+00:00,6.3289999999999935,0.28508980500000003,6.614089804999994
0,8900771154,dota2-ngx-bb4-2026-07-16-game1,2026-07-17T14:28:08.196000+00:00,-2.7735999999999734,0.8980005,-1.8755994999999734
0,8902338515,dota2-ty-pari-2026-07-18-game1,2026-07-18T14:06:38.308000+00:00,6.122400000000013,0.7645347,6.886934700000014
0,8903789784,dota2-vg-ty-2026-07-19-game2,2026-07-19T11:31:19.185000+00:00,9.405500000000018,0.7280232225,10.133523222500017
0,8904419709,dota2-bb4-pari-2026-07-19-game4,2026-07-19T18:05:14.511000+00:00,-10.291399999999996,0.6924812249999999,-9.598918774999996
0,8905233934,dota2-lynx-pckcp-2026-07-20-game1,2026-07-20T11:15:17.947000+00:00,55.0403,1.8411135674999999,56.881413567500005
0,8905741721,dota2-spirit1-jenz-2026-07-20-game1,2026-07-20T16:55:30.580000+00:00,16.78939999999993,2.6726561849999997,19.46205618499993
0,8906479441,dota2-nemiga-dan-2026-07-21-game1,2026-07-21T07:24:02.590000+00:00,25.75600823000002,1.6676269750027497,27.42363520500277
0,8906814740,dota2-pckcp-stx-2026-07-21,2026-07-21T12:50:32.182000+00:00,-8.12135268000003,2.002540624491,-6.1188120555090295
0,8907236730,dota2-jenz-lynx-2026-07-21-game1,2026-07-21T17:22:36.365000+00:00,0.0,0.0,0.0
0,8907997366,dota2-ill-dan-2026-07-22-game2,2026-07-22T08:30:21.640000+00:00,0.0,0.0,0.0
0,8908612824,dota2-stx-spirit1-2026-07-22,2026-07-22T16:27:56.948000+00:00,8.039163049999878,3.0000356149837497,11.039198664983628
0,8909443684,dota2-dan-z10-2026-07-23-game2,2026-07-23T08:24:14.078000+00:00,-10.65999999999999,0.2887425,-10.37125749999999
0,8910104556,dota2-jenz-kw1-2026-07-23-game2,2026-07-23T16:47:57.620000+00:00,11.689700000000002,0.3793041975,12.069004197500002
0,8910535715,dota2-lvlup1-aion-2026-07-23,2026-07-23T22:37:28.157000+00:00,27.731371639999956,1.326608587287,29.057980227286958
0,8911277378,dota2-kw1-stx-2026-07-24-game2,2026-07-24T13:08:23.857000+00:00,35.32769999999999,0.5080436625,35.83574366249999
0,8912123729,dota2-nemiga-lvlup1-2026-07-24-game2,2026-07-24T22:15:39.296000+00:00,0.0,0.0,0.0
0,8912831712,dota2-pckcp-jenz-2026-07-22-game2,2026-07-25T11:23:26.682000+00:00,2.8000000000000007,0.14493,2.9449300000000007
0,8913726962,dota2-lynx-kw1-2026-07-25-game2,2026-07-25T20:57:15.562000+00:00,-47.87349999999998,3.4287010125,-44.44479898749998
0,8914637220,dota2-nemiga-ill-2026-07-26,2026-07-26T12:04:18.708000+00:00,26.582899999999995,1.2059197874999998,27.788819787499996
0,8915137972,dota2-kw1-rearis-2026-07-26-game2,2026-07-26T16:47:26.165000+00:00,0.5000000000000009,0.013492499999999998,0.5134925000000009
0,8916041863,dota2-lvlup1-pckcp-2026-07-27-game1,2026-07-27T09:21:33.291000+00:00,6.354099999999995,0.19839515249999998,6.552495152499995
0,8916474664,dota2-stx-nemiga-2026-07-27,2026-07-27T14:44:54.132000+00:00,-47.15043729000001,2.33851929380475,-44.81191799619526
0,8917853656,dota2-nh-pckcp-2026-07-28-game2,2026-07-28T13:23:44.955000+00:00,24.34940000000003,1.60615443,25.95555443000003
0,8919404744,dota2-rearis-z10-2026-07-29-game2,2026-07-29T13:48:28.368000+00:00,-8.948146709999989,1.46251417682775,-7.485632533172239
0,8920655724,dota2-pckcp-z10-2026-07-30-game2,2026-07-30T10:32:16.617000+00:00,0.0,0.0,0.0
0,8921281044,dota2-amaru-pr1-2026-07-30-game2,2026-07-30T17:34:28.519000+00:00,0.0,0.0,0.0
0,8922137329,dota2-vg-amaru-2026-07-31-game2,2026-07-31T09:48:16.177000+00:00,0.3000000000000007,0.0291825,0.3291825000000007
0,8922300474,dota2-enjoy-glyph-2026-07-31-game1,2026-07-31T12:14:29.331000+00:00,27.654249579999984,1.749093428823,29.403343008822983
0,8922552315,dota2-l1ga-rnx-2026-07-31,2026-07-31T14:55:23.609000+00:00,27.625733999999994,0.602261517,28.227995516999993
0,8922940920,dota2-xtreme-lgd-2026-07-31-game2,2026-07-31T19:09:48.720000+00:00,-11.673800000000057,4.305606494999999,-7.3681935050000575
0,8923643650,dota2-midas3-tr7-2026-08-01,2026-08-01T08:08:01.087000+00:00,-59.34800000000001,0.71316804,-58.634831960000014
0,8923874259,dota2-re-playti-2026-08-01-game2,2026-08-01T11:26:12.956000+00:00,22.2596,0.33224067,22.59184067
0,8924328537,dota2-glyph-z10-2026-08-01-game1,2026-08-01T15:59:42.950000+00:00,-50.47900000000001,2.23845912,-48.24054088000001
0,8924616191,dota2-rnx-xtreme-2026-08-01-game2,2026-08-01T19:06:22.446000+00:00,-43.3274,0.963087675,-42.364312325
0,8925703946,dota2-yes-tr7-2026-08-02-game2,2026-08-02T11:58:57.158000+00:00,32.12222517999996,2.0869975023555,34.20922268235546
0,8926381426,dota2-rnx-yb1-2026-08-02,2026-08-02T18:14:10.009000+00:00,1.07500000000001,0.527915625,1.6029156250000098
0,8927132943,dota2-glyph-playti-2026-08-03,2026-08-03T08:27:35.152000+00:00,34.638099999999994,0.8299416825,35.468041682499994
0,8927539264,dota2-vg-yb1-2026-08-03-game1,2026-08-03T14:05:56.825000+00:00,77.41068702000003,0.881608966221,78.29229598622102
0,8928050264,dota2-re-lgd-2026-08-03-game2,2026-08-03T19:19:18.313000+00:00,17.409200000000013,0.24696555000000003,17.65616555000001
0,8929124210,dota2-yb1-re-2026-08-04-game1,2026-08-04T14:38:55.576000+00:00,5.6336915200000135,0.558267487104,6.191959007104013
0,8930258778,dota2-tr7-re-2026-08-05-game2,2026-08-05T09:25:42.941000+00:00,14.355100000000078,5.126238997500001,19.481338997500078
0,8931781241,dota2-lvlup1-rearis-2026-08-06-game1,2026-08-06T09:28:03.156000+00:00,1.0,0.366525,1.366525
0,8932181345,dota2-rearis-nh-2026-08-06,2026-08-06T14:22:22.478000+00:00,4.816190400000018,0.27059890416,5.086789304160018
0,8932657929,dota2-ill-pr1-2026-08-06-game1,2026-08-06T19:12:10.345000+00:00,-6.540999999999997,0.9038636849999999,-5.637136314999997
0,8933575351,dota2-ill-stx-2026-08-07-game1,2026-08-07T12:33:02.695000+00:00,0.0,0.0,0.0
0,8934184387,dota2-jenz-nemiga-2026-08-07-game1,2026-08-07T18:35:03.983000+00:00,0.0,0.0,0.0
0,8937188618,dota2-lvlup1-mouz-2026-08-09-game1,2026-08-09T13:17:49.636000+00:00,-42.78619999999998,2.7159794699999997,-40.07022052999998
0,8937722788,dota2-z10-navi-2026-08-09-game1,2026-08-09T18:17:16.930000+00:00,-46.37260000000002,2.9021715450000003,-43.47042845500002
0,8938716198,dota2-ill-z10-2026-08-10-game1,2026-08-10T12:25:50.383000+00:00,-0.612858000000001,0.07617213314999999,-0.536685866850001
0,8940266495,dota2-mouz-re-2026-08-11-game1,2026-08-11T12:16:13.042000+00:00,7.526474999999968,2.201253369375,9.727728369374967
0,8940756672,dota2-yes-z10-2026-08-11-game2,2026-08-11T16:48:25.758000+00:00,-8.952500770000029,1.62818882094075,-7.324311949059279
0,8942003788,dota2-navi-lvlup1-2026-08-12-game1,2026-08-12T13:42:36.457000+00:00,6.544800000000038,0.67781043,7.222610430000038
0,8962458373,dota2-ic-nemiga-2026-08-24-game2,2026-08-24T08:26:45.454000+00:00,-1.8181999999999903,1.366251975,-0.4519480249999903
0,8963508714,dota2-rearis-lynx-2026-08-24-game2,2026-08-24T17:37:20.349000+00:00,9.267923280000034,3.012823625676,12.280746905676033
0,8964480771,dota2-pckcp-nemiga-2026-08-25-game2,2026-08-25T08:31:41.723000+00:00,-34.136423120000075,2.7972838519979994,-31.339139268002075
0,8964962329,dota2-ic-fts-2026-08-25-game1,2026-08-25T13:50:36.471000+00:00,64.84640005000009,2.49601966577325,67.34241971577333
0,8969842778,dota2-pckcp-ic-2026-08-28-game2,2026-08-28T08:21:21.985000+00:00,26.79671779000006,2.04443333144775,28.84115112144781
0,8970338180,dota2-synaps-nemiga-2026-08-28-game1,2026-08-28T14:09:13.367000+00:00,-2.245299999999986,1.9802926424999998,-0.2650073574999863
0,8970575970,dota2-synaps-nemiga-2026-08-28,2026-08-28T16:02:11.965000+00:00,4.397989950000007,0.92648120608125,5.324471156081256
0,8971016820,dota2-fts-nemiga-2026-08-28-game1,2026-08-28T20:17:43.711000+00:00,0.0,0.0,0.0
0,8971519375,dota2-nem-6seven-2026-08-29-game1,2026-08-29T05:14:15.579000+00:00,41.25939999999994,1.088420805,42.34782080499994
0,8971849697,dota2-icecre-kineti-2026-08-29-game2,2026-08-29T09:43:14.699000+00:00,0.0,0.0,0.0
0,8972103119,dota2-sb5-lynx-2026-08-29-game2,2026-08-29T12:31:54.536000+00:00,-8.975000000000009,0.55486875,-8.420131250000008
0,8972611918,dota2-huliga-lynx-2026-08-29,2026-08-29T16:49:36.587000+00:00,-2.505099999999942,3.3322651425000003,0.8271651425000583
0,8973010298,dota2-ks-spirit1-2026-08-29-game1,2026-08-29T20:38:42.759000+00:00,-44.55000000000001,0.41098724999999997,-44.13901275000001
0,8973502629,dota2-clo-yb1-2026-08-30-game1,2026-08-30T05:13:07.837000+00:00,0.0,0.0,0.0
0,8973859403,dota2-lynx-lvlup1-2026-08-30-game2,2026-08-30T09:56:31.353000+00:00,5.219299999999947,1.3301397525,6.549439752499947
0,8974647733,dota2-lvlup1-pr1-2026-08-30-game1,2026-08-30T17:09:16.077000+00:00,-20.797234749999987,2.10698701623375,-18.69024773376624
0,8976012755,dota2-synaps-lynx-2026-08-31-game2,2026-08-31T13:41:35.303000+00:00,10.137900000000002,2.0239693725,12.161869372500002
0,8976511215,dota2-4iki-ic-2026-08-31,2026-08-31T18:29:54.020000+00:00,156.44512465999992,1.8652754024865,158.31040006248642
0,8977476867,dota2-ic-lynx-2026-09-01-game1,2026-09-01T12:26:04.131000+00:00,-2.396179040000007,0.8989062445439999,-1.497272795456007
0,8978832148,dota2-pr1-ic-2026-09-02-game1,2026-09-02T09:52:32.767000+00:00,31.25518011999994,1.482217407423,32.73739752742294
0,8979241530,dota2-dynast1-pckcp-2026-09-02-game2,2026-09-02T14:56:18.245000+00:00,28.52121009999999,1.4070828848549999,29.92829298485499
0,8980463789,dota2-pckcp-spirit1-2026-09-03-game1,2026-09-03T12:14:02.762000+00:00,5.2683999999999855,0.32551974000000006,5.593919739999985
0,8837957019,dota2-aur1-ty-2026-06-04-game2,2026-06-04T11:05:49.570000+00:00,-4.608200000000011,5.3772411,0.7690410999999893
0,8838480778,dota2-lgd-ty-2026-06-04,2026-06-04T17:57:47.377000+00:00,-36.55780043000003,2.99037017783925,-33.567430252160776
0,8839494962,dota2-flc-aur1-2026-06-05-game1,2026-06-05T14:52:18.684000+00:00,27.58159329000005,3.99357341839275,31.5751667083928
0,8840704374,dota2-ty-bb4-2026-06-06-game2,2026-06-06T11:51:44.485000+00:00,-0.5722999999999558,2.4947879925,1.9224879925000442
0,8842052142,dota2-bb4-lgd-2026-06-07-game1,2026-06-07T09:18:04.694000+00:00,134.55240000000003,2.4258006,136.97820060000004
0,8842596730,dota2-ty-lgd-2026-06-07-game2,2026-06-07T15:49:20.066000+00:00,-2.796763839999997,0.281725780584,-2.515038059415997
0,8843512570,dota2-4iki-nande4-2026-06-08-game2,2026-06-08T10:09:45.609000+00:00,-0.9884999999999877,0.4378658625,-0.5506341374999877
0,8844132483,dota2-vpp-z10-2026-06-08-game1,2026-06-08T18:23:01.210000+00:00,0.0,0.0,0.0
0,8850593633,dota2-ill-pr1-2026-06-13,2026-06-13T18:00:57.551000+00:00,0.0,0.0,0.0
0,8885183102,dota2-flc-bb4-2026-07-07-game1,2026-07-07T09:47:24.433000+00:00,-13.063264809999993,1.9333425539992501,-11.129922256000743
0,8885365825,dota2-l1ga-ngx-2026-07-07-game1,2026-07-07T12:34:49.112000+00:00,14.248000000000005,0.15024240000000003,14.398242400000004
0,8885473599,dota2-liquid-playti-2026-07-07-game2,2026-07-07T13:52:27.923000+00:00,22.65714467999996,2.403989932344,25.06113461234396
0,8885784652,dota2-ts8-mouz-2026-07-07-game2,2026-07-07T17:16:32.961000+00:00,-5.114826480000062,4.109695090115999,-1.0051313898840624
0,8886005043,dota2-ty-og-2026-07-07-game2,2026-07-07T20:03:05.981000+00:00,-4.711999999999989,0.26263365,-4.449366349999989
0,8886640910,dota2-flc-re-2026-07-08-game2,2026-07-08T10:39:41.623000+00:00,-1.2346000000000288,0.8756631149999997,-0.35893688500002907
0,8886788497,dota2-ngx-aur1-2026-07-08-game1,2026-07-08T12:47:30.744000+00:00,-5.101890330000003,0.42908212940324997,-4.672808200596753
0,8887100676,dota2-vg-pari-2026-07-08-game1,2026-07-08T16:18:23.954000+00:00,0.0,0.0,0.0
0,8887260104,dota2-ty-ic-2026-07-08-game1,2026-07-08T17:58:24.214000+00:00,0.0,0.0,0.0
0,8887432754,dota2-vp-1win-2026-07-08-game2,2026-07-08T20:20:02.742000+00:00,36.7364,0.33126701999999997,37.06766702
0,8888066684,dota2-bb4-re-2026-07-09-game2,2026-07-09T10:43:25.275000+00:00,-14.942397759999986,0.813676908408,-14.128720851591986
0,8888217771,dota2-ngx-liquid-2026-07-09-game1,2026-07-09T12:52:14.212000+00:00,3.235500000000002,0.9072263024999999,4.142726302500002
0,8888405761,dota2-mouz-nem-2026-07-09-game1,2026-07-09T14:48:45.816000+00:00,5.405600000000007,0.36893219999999993,5.7745322000000066
0,8888554919,dota2-rnx-pari-2026-07-09-game2,2026-07-09T16:26:10.054000+00:00,0.0,0.0,0.0
0,8888731478,dota2-lgd-1win-2026-07-09-game1,2026-07-09T18:35:20.326000+00:00,2.817038399999994,0.56153872008,3.3785771200799943
0,8889468264,dota2-xtreme-bb4-2026-07-10-game1,2026-07-10T09:26:30.741000+00:00,-35.45509999999993,2.3463130875,-33.10878691249993
0,8889615310,dota2-l1ga-liquid-2026-07-10-game1,2026-07-10T11:48:20.990000+00:00,1.2194999999999965,0.26405223750000006,1.4835522374999965
0,8889871314,dota2-nem-vg-2026-07-10-game1,2026-07-10T14:27:52.631000+00:00,6.579000000000008,0.331877655,6.910877655000007
0,8890036748,dota2-pari-mouz-2026-07-10-game2,2026-07-10T16:15:07.698000+00:00,3.4091999999999985,0.15980624999999998,3.5690062499999984
0,8890268632,dota2-lgd-ty-2026-07-10-game2,2026-07-10T18:43:14.663000+00:00,-25.80850000000001,0.8504774325,-24.95802256750001
0,8891145641,dota2-xtreme-flc-2026-07-11-game1,2026-07-11T09:30:07.111000+00:00,0.0,0.0,0.0
0,8891349244,dota2-playti-ngx-2026-07-11-game1,2026-07-11T12:27:52.369000+00:00,12.073400000000007,2.823356625,14.896756625000007
0,8891519142,dota2-playti-ngx-2026-07-11-game2,2026-07-11T14:08:43.754000+00:00,-27.753000000000014,1.32082971,-26.432170290000016
0,8892923329,dota2-mouz-vg-2026-07-12-game2,2026-07-12T10:25:59.512000+00:00,-55.07520104000001,2.781781676568,-52.29341936343201
0,8893106015,dota2-og-vp-2026-07-12-game1,2026-07-12T12:36:42.440000+00:00,4.935599999999994,0.54081837,5.476418369999994
0,8896140998,dota2-liquid-xtreme-2026-07-14-game1,2026-07-14T11:24:31.795000+00:00,1.2674986399999781,1.213184073318,2.480682713317978
0,8896486914,dota2-liquid-xtreme-2026-07-14,2026-07-14T15:13:00.049000+00:00,-0.023601320000011583,0.8096531194559999,0.7860517994559884
0,8897588873,dota2-ts8-liquid-2026-07-15-game1,2026-07-15T11:25:30.473000+00:00,11.012799200000003,2.43545222688,13.448251426880002
0,8897841991,dota2-1win-vg-2026-07-15-game1,2026-07-15T14:22:22.284000+00:00,2.6666000000000167,0.36459088500000003,3.031190885000017
0,8898117600,dota2-bb4-lgd-2026-07-15-game2,2026-07-15T17:15:52.403000+00:00,8.40477335,0.45361958191124996,8.858392931911249
0,8899420575,dota2-pari-re-2026-07-17-game2,2026-07-16T15:46:28.167000+00:00,-11.938000000000017,0.639924795,-11.298075205000016
0,8900882416,dota2-ngx-bb4-2026-07-16-game2,2026-07-17T15:33:10.588000+00:00,-8.333399999999983,0.44375354999999994,-7.889646449999983
0,8902431810,dota2-ty-pari-2026-07-18-game2,2026-07-18T15:09:37.865000+00:00,25.818399999999954,3.27535974,29.093759739999953
0,8904012666,dota2-bb4-pari-2026-07-19-game1,2026-07-19T13:57:51.853000+00:00,34.37489999999998,1.9357757625,36.31067576249998
0,8905035315,dota2-stx-lynx-2026-07-20-game1,2026-07-20T07:25:19.610000+00:00,0.6600000000000037,0.2058705,0.8658705000000038
0,8905359313,dota2-lynx-pckcp-2026-07-20-game2,2026-07-20T12:49:30.119000+00:00,0.0,0.0,0.0
0,8905885788,dota2-spirit1-jenz-2026-07-20-game2,2026-07-20T18:35:45.253000+00:00,0.2400000000000002,0.0686025,0.3086025000000002
0,8906547471,dota2-nemiga-dan-2026-07-21-game2,2026-07-21T08:48:51.736000+00:00,12.857999999999997,0.5200890749999999,13.378089074999997
0,8906911697,dota2-lynx-spirit1-2026-07-21-game1,2026-07-21T14:01:22.509000+00:00,-1.6924999999999955,0.8515678125,-0.8409321874999954
0,8907319204,dota2-jenz-lynx-2026-07-21-game2,2026-07-21T18:19:16.673000+00:00,-35.04745550000001,0.7903679807399999,-34.25708751926001
0,8908178087,dota2-nemiga-aion-2026-07-22-game2,2026-07-22T11:35:02.272000+00:00,37.593511599999985,0.46473375507,38.058245355069985
0,8908710300,dota2-z10-lvlup1-2026-07-22-game1,2026-07-22T17:40:32.974000+00:00,-48.78030000000011,3.3658605374999997,-45.41443946250011
0,8909498494,dota2-dan-z10-2026-07-23,2026-07-23T09:35:42.112000+00:00,-1.8779999999999966,0.13052601,-1.7474739899999965
0,8910216725,dota2-jenz-kw1-2026-07-23,2026-07-23T18:09:02.529000+00:00,0.14000000000000057,0.184905,0.32490500000000055
0,8910589445,dota2-nemiga-ill-2026-07-23-game1,2026-07-23T23:33:41.369000+00:00,6.984200000000001,1.4160423899999999,8.40024239
0,8911784562,dota2-z10-ill-2026-07-24-game1,2026-07-24T18:00:21.302000+00:00,-12.702700799999992,1.38153002082,-11.321170779179992
0,8912551235,dota2-ill-aion-2026-07-25-game1,2026-07-25T07:19:52.253000+00:00,1.386099999999999,0.6146875425,2.000787542499999
0,8912974141,dota2-pckcp-jenz-2026-07-22,2026-07-25T13:02:19.241000+00:00,-35.610699999999994,3.1834634625,-32.427236537499994
0,8913824141,dota2-lynx-kw1-2026-07-25,2026-07-25T22:21:39.642000+00:00,2.628599350000009,3.2504549678062498,5.879054317806259
0,8914749408,dota2-rearis-pckcp-2026-07-26-game1,2026-07-26T13:19:34.036000+00:00,1.3513999999999982,0.38504764499999994,1.7364476449999982
0,8915271266,dota2-jenz-stx-2026-07-26-game1,2026-07-26T18:26:53.337000+00:00,24.67469999999999,1.1790379125,25.85373791249999
0,8916102349,dota2-lvlup1-pckcp-2026-07-27-game2,2026-07-27T10:12:46.876000+00:00,4.5294789200000025,0.32152213556099996,4.851001055561002
0,8917611319,dota2-pr1-nemiga-2026-07-28-game2,2026-07-28T10:17:02.190000+00:00,0.0,0.48531420000000003,0.48531420000000003
0,8918052500,dota2-pckcp-kw1-2026-07-28-game1,2026-07-28T15:24:46.769000+00:00,7.144643040000005,0.5626920096720001,7.707335049672006
0,8919546613,dota2-amaru-nemiga-2026-07-29-game1,2026-07-29T15:15:30.082000+00:00,0.0,0.0,0.0
0,8920897425,dota2-lvlup1-z10-2026-07-30-game2,2026-07-30T13:37:44.606000+00:00,-14.752700000000033,1.4643507224999999,-13.288349277500032
0,8921949036,dota2-re-midas3-2026-07-31-game1,2026-07-31T06:23:42.906000+00:00,0.0,0.0,0.0
0,8922133239,dota2-tr7-playti-2026-07-31-game1,2026-07-31T09:57:34.446000+00:00,12.120298680000019,4.22851926189,16.34881794189002
0,8922339160,dota2-l1ga-rnx-2026-07-31-game1,2026-07-31T12:44:09.822000+00:00,-3.5097000000000094,0.9786065625,-2.5310934375000094
0,8922602122,dota2-yb1-z10-2026-07-31-game1,2026-07-31T15:28:08.646000+00:00,-4.917899999999975,0.5919922125,-4.3259077874999745
0,8923040358,dota2-xtreme-lgd-2026-07-31,2026-07-31T20:28:40.570000+00:00,-9.2851,1.9555082325000002,-7.3295917675
0,8923704450,dota2-yes-vg-2026-08-01-game1,2026-08-01T09:01:56.739000+00:00,-6.505455739999974,1.4268734734544999,-5.078582266545474
0,8923899787,dota2-enjoy-yb1-2026-08-01-game1,2026-08-01T11:45:49.553000+00:00,-49.77159999999998,1.2775146450000001,-48.49408535499998
0,8924367779,dota2-l1ga-lgd-2026-08-01,2026-08-01T16:23:12.450000+00:00,-16.0672,0.5652780000000001,-15.501922
0,8925210898,dota2-playti-xctn-2026-08-02-game1,2026-08-02T05:28:20.542000+00:00,-16.282831040000016,0.9163214497094999,-15.366509590290516
0,8925847726,dota2-yes-tr7-2026-08-02,2026-08-02T13:17:43.701000+00:00,1.6198988399999905,0.6736645998719999,2.29356343987199
0,8926523280,dota2-z10-lgd-2026-08-02-game1,2026-08-02T19:59:32.068000+00:00,0.0,0.0,0.0
0,8927207054,dota2-xtreme-tr7-2026-08-03-game1,2026-08-03T10:00:05.212000+00:00,10.045799999999986,1.257667875,11.303467874999985
0,8927660975,dota2-vg-yb1-2026-08-03-game2,2026-08-03T15:05:20.968000+00:00,-1.6225054599999673,1.063240285986,-0.5592651740139674
0,8928163118,dota2-re-lgd-2026-08-03,2026-08-03T20:43:38.722000+00:00,-29.804299999999998,1.7595492524999998,-28.044750747499997
0,8929276426,dota2-yb1-re-2026-08-04-game2,2026-08-04T15:54:25.550000+00:00,17.04070943000005,1.1746189437277499,18.2153283737278
0,8930398938,dota2-playti-yb1-2026-08-05-game1,2026-08-05T12:24:04.133000+00:00,-2.0667000000000257,1.0020320475,-1.0646679525000258
0,8931852727,dota2-lvlup1-rearis-2026-08-06-game2,2026-08-06T10:30:33.624000+00:00,-45.15124875999999,1.3337386853909998,-43.81751007460899
0,8932318084,dota2-nh-lvlup1-2026-08-06-game1,2026-08-06T15:34:15.395000+00:00,-25.30749999999997,0.5608517775,-24.746648222499967
0,8932835800,dota2-ill-pr1-2026-08-06,2026-08-06T21:22:55.783000+00:00,-15.057500000000001,1.4295851475,-13.627914852500002
0,8933704579,dota2-ill-stx-2026-08-07-game2,2026-08-07T13:44:43.178000+00:00,0.9201999999999941,0.31137447,1.2315744699999942
0,8934279386,dota2-jenz-nemiga-2026-08-07-game2,2026-08-07T19:33:30.612000+00:00,0.0,0.42000335999999994,0.42000335999999994
0,8937335830,dota2-lvlup1-mouz-2026-08-09-game2,2026-08-09T14:27:35.299000+00:00,-8.406400000000005,0.9521681099999999,-7.454231890000005
0,8938509987,dota2-pr1-mouz-2026-08-10-game1,2026-08-10T09:24:47.767000+00:00,15.718700000000027,2.3146872675,18.033387267500025
0,8939023869,dota2-yes-lvlup1-2026-08-10-game1,2026-08-10T15:24:37.289000+00:00,31.565187359999996,0.507772283256,32.072959643256
0,8940365227,dota2-mouz-re-2026-08-11-game2,2026-08-11T13:12:04.281000+00:00,-21.916900000000055,3.1093248675,-18.807575132500055
0,8941656460,dota2-lvlup1-re-2026-08-12-game1,2026-08-12T09:19:34.658000+00:00,-0.7919476000000145,0.9375709158,0.14562331579998544
0,8942152024,dota2-navi-lvlup1-2026-08-12-game2,2026-08-12T14:50:30.897000+00:00,1.3999999999999986,0.14805000000000001,1.5480499999999986
0,8962592819,dota2-ks-lynx-2026-08-24-game1,2026-08-24T10:19:27.562000+00:00,-10.463703259999974,0.583565059071,-9.880138200928974
0,8963649188,dota2-dynast1-fts-2026-08-24-game1,2026-08-24T19:15:00.848000+00:00,14.712800000000009,0.23358959999999998,14.946389600000009
0,8964574076,dota2-pckcp-nemiga-2026-08-25,2026-08-25T09:52:05.670000+00:00,-25.710700000000006,1.0878032924999999,-24.622896707500008
0,8965097316,dota2-ic-fts-2026-08-25-game2,2026-08-25T14:41:01.046000+00:00,0.8671150399999874,1.0006383852479999,1.8677534252479873
0,8969978865,dota2-rearis-sb5-2026-08-28-game1,2026-08-28T10:27:01.322000+00:00,0.7270000000000039,0.24885675,0.9758567500000038
0,8970352005,dota2-dynast1-ic-2026-08-28-game1,2026-08-28T14:10:35.964000+00:00,0.29515769999999986,0.053809426755,0.34896712675499986
0,8970655100,dota2-dynast1-ic-2026-08-28,2026-08-28T16:43:34.585000+00:00,-0.7973046600000417,1.1607555116655,0.3634508516654582
0,8971111987,dota2-ks-rearis-2026-08-28-game2,2026-08-28T21:24:47.695000+00:00,-0.9670161999999953,0.322214458275,-0.6448017417249954
0,8971586781,dota2-nem-6seven-2026-08-29-game2,2026-08-29T06:13:46.689000+00:00,-7.91670000000002,0.7579522125,-7.15874778750002
0,8971891627,dota2-dynast1-nemiga-2026-08-29-game1,2026-08-29T10:17:49.464000+00:00,13.258300000000045,0.5257213725,13.784021372500044
0,8972115962,dota2-mouz-yes-2026-08-29-game2,2026-08-29T12:36:59.931000+00:00,-37.615078849999996,4.27018819022625,-33.344890659773746
0,8972773416,dota2-pi-lvlup1-2026-08-29-game1,2026-08-29T18:17:23.637000+00:00,-42.33647265999994,1.4640116649255,-40.87246099507444
0,8973337131,dota2-icecre-xctn-2026-08-30-game1,2026-08-30T02:14:49.254000+00:00,0.0,0.0,0.0
0,8973568453,dota2-clo-yb1-2026-08-30-game2,2026-08-30T06:12:50.377000+00:00,0.7558852899999984,0.047816843582249996,0.8037021335822484
0,8973884000,dota2-nem-xctn-2026-08-30-game2,2026-08-30T10:12:32.710000+00:00,4.6750838600000435,1.681770311718,6.356854171718044
0,8974898633,dota2-lvlup1-pr1-2026-08-30,2026-08-30T19:25:58.777000+00:00,-9.263924800000026,0.8968520559,-8.367072744100026
0,8976166971,dota2-synaps-lynx-2026-08-31,2026-08-31T15:09:07.826000+00:00,14.477199999999982,1.334590005,15.811790004999981
0,8976665322,dota2-spirit1-pi-2026-08-31-game1,2026-08-31T20:26:57.494000+00:00,23.635899999999992,1.0339075875000001,24.669807587499992
0,8977623650,dota2-ic-lynx-2026-09-01-game2,2026-09-01T13:53:28.128000+00:00,-30.463465610000142,3.0581711245327496,-27.405294485467394
0,8978916284,dota2-pr1-ic-2026-09-02-game2,2026-09-02T11:19:11.539000+00:00,3.4095000000000084,0.7544546624999999,4.163954662500008
0,8979344496,dota2-synaps-4iki-2026-09-02-game1,2026-09-02T15:59:27.587000+00:00,9.113327179999999,2.466132830079,11.579460010079
0,8980769413,dota2-pi-dynast1-2026-09-03-game1,2026-09-03T15:17:23.998000+00:00,39.072799999999994,0.7710226349999998,39.843822634999995
0,8838056564,dota2-flc-liquid-2026-06-04-game1,2026-06-04T12:43:48.535000+00:00,-0.10069999999999979,0.6025888724999998,0.5018888725
0,8839123109,dota2-flc-bb4-2026-06-05-game1,2026-06-05T09:16:39.267000+00:00,-29.032899999999998,0.7650848025,-28.2678151975
0,8839625815,dota2-flc-aur1-2026-06-05-game2,2026-06-05T16:13:53.150000+00:00,9.089500000000015,0.6352659374999999,9.724765937500015
0,8840821227,dota2-ty-bb4-2026-06-06,2026-06-06T13:12:37.368000+00:00,51.42249999999994,2.8988106675,54.321310667499944
0,8842134886,dota2-bb4-lgd-2026-06-07-game2,2026-06-07T10:28:41.168000+00:00,14.598699999999937,2.7715215225,17.370221522499936
0,8842722527,dota2-ty-lgd-2026-06-07-game3,2026-06-07T17:12:22.566000+00:00,3.003099999999992,0.16420304249999998,3.167303042499992
0,8843560379,dota2-4iki-nande4-2026-06-08,2026-06-08T11:10:54.138000+00:00,-12.959599999999966,1.3282422,-11.631357799999966
0,8844244719,dota2-vpp-z10-2026-06-08-game2,2026-06-08T19:45:42.908000+00:00,18.584399999999988,1.18083141,19.765231409999988
0,8851984783,dota2-4iki-pr1-2026-06-14-game2,2026-06-14T16:46:25.798000+00:00,-1.7577000000000105,1.4973274875,-0.2603725125000105
0,8885195986,dota2-re-xtreme-2026-07-07-game1,2026-07-07T09:55:03.037000+00:00,7.574799999999968,0.3271005,7.901900499999968
0,8885380529,dota2-liquid-playti-2026-07-07-game1,2026-07-07T12:43:07.045000+00:00,-2.2577,0.8424043125,-1.4152956874999998
0,8885529711,dota2-lvlup1-aur1-2026-07-07-game2,2026-07-07T14:23:52.590000+00:00,4.732618599999995,0.11718376468500011,4.8498023646849955
0,8885871759,dota2-ic-1win-2026-07-07-game1,2026-07-07T18:31:07.999000+00:00,0.3800000000000008,0.016059749999999998,0.39605975000000077
0,8886576019,dota2-poorra-bb4-2026-07-08-game1,2026-07-08T09:20:01.472000+00:00,0.0,0.0,0.0
0,8886641793,dota2-gl-xtreme-2026-07-08-game2,2026-07-08T10:45:04.782000+00:00,10.708199109999974,3.49787429726325,14.206073407263224
0,8886815251,dota2-l1ga-playti-2026-07-08-game2,2026-07-08T13:04:20.712000+00:00,22.34080000000001,0.40366281,22.74446281000001
0,8887114313,dota2-ts8-nem-2026-07-08-game2,2026-07-08T16:15:19.583000+00:00,-45.93799999999999,0.7930495200000001,-45.14495047999999
0,8887314193,dota2-lgd-og-2026-07-08-game2,2026-07-08T18:40:30.736000+00:00,-33.165713719999964,1.157242017624,-32.008471702375964
0,8887986392,dota2-poorra-xtreme-2026-07-09-game1,2026-07-09T09:21:30.237000+00:00,-17.09050044999995,2.99956482530625,-14.090935624693701
0,8888083694,dota2-gl-flc-2026-07-09-game2,2026-07-09T11:11:32.224000+00:00,26.185354180000047,1.8976996514834998,28.083053831483547
0,8888260336,dota2-l1ga-aur1-2026-07-09-game2,2026-07-09T13:20:05.771000+00:00,-3.383400000000009,0.8784337199999999,-2.504966280000009
0,8888425887,dota2-rnx-pari-2026-07-09-game1,2026-07-09T15:02:02.148000+00:00,4.344399999999993,0.12264378000000004,4.467043779999993
0,8888592426,dota2-vg-ts8-2026-07-09-game2,2026-07-09T16:59:54.115000+00:00,-1.538499999999999,0.4798966125,-1.0586033874999992
0,8888771711,dota2-og-ic-2026-07-09-game2,2026-07-09T19:04:50.495000+00:00,0.0,0.0,0.0
0,8889513730,dota2-poorra-flc-2026-07-10-game2,2026-07-10T10:17:36.842000+00:00,3.529500000000013,0.2056816125,3.735181612500013
0,8889621582,dota2-aur1-playti-2026-07-10-game1,2026-07-10T11:57:42.116000+00:00,-38.970652959999995,1.451913259044,-37.518739700956
0,8889914618,dota2-pari-mouz-2026-07-10-game1,2026-07-10T14:59:49.254000+00:00,3.209436480000008,0.207456981732,3.416893461732008
0,8890074597,dota2-rnx-ts8-2026-07-10-game2,2026-07-10T16:28:42.555000+00:00,0.0,0.0,0.0
0,8890301402,dota2-ic-vp-2026-07-10-game2,2026-07-10T18:52:09.717000+00:00,0.0,0.0,0.0
0,8891217710,dota2-poorra-re-2026-07-11-game2,2026-07-11T10:44:50.172000+00:00,-34.11470150000001,2.0906884374375,-32.02401306256251
0,8891371442,dota2-aur1-liquid-2026-07-11-game1,2026-07-11T12:43:19.319000+00:00,-0.3200000000000074,0.543471225,0.2234712249999926
0,8892829232,dota2-mouz-vg-2026-07-12-game1,2026-07-12T09:15:57.248000+00:00,-117.42629999999994,1.9003918125,-115.52590818749994
0,8892914077,dota2-pari-ts8-2026-07-12-game2,2026-07-12T10:31:28.406000+00:00,-7.644300000000015,1.3942070775,-6.2500929225000155
0,8893165071,dota2-1win-ty-2026-07-12-game2,2026-07-12T13:18:20.777000+00:00,-44.93500000000006,4.836462795,-40.098537205000056
0,8896234088,dota2-re-vp-2026-07-14-game2,2026-07-14T12:30:48.003000+00:00,-23.967400000000055,1.204283985,-22.763116015000055
0,8896645659,dota2-lgd-mouz-2026-07-14-game1,2026-07-14T16:55:49.823000+00:00,0.0,0.0,0.0
0,8897695379,dota2-aur1-re-2026-07-15-game2,2026-07-15T12:41:48.340000+00:00,2.4650000000000034,0.437580075,2.9025800750000035
0,8897971312,dota2-1win-vg-2026-07-15-game2,2026-07-15T15:33:39.656000+00:00,8.545499040000008,0.3386653861319999,8.884164426132008
0,8899028080,dota2-ty-ts8-2026-07-17-game1,2026-07-16T11:25:22.617000+00:00,8.24900000000001,1.3613361449999999,9.610336145000009
0,8900508749,dota2-flc-vg-2026-07-16-game1,2026-07-17T11:21:46.405000+00:00,-48.944699999999955,0.9486649125,-47.996035087499955
0,8902107148,dota2-bb4-vg-2026-07-18-game1,2026-07-18T11:22:02.020000+00:00,2.0,0.0616125,2.0616125
0,8902610619,dota2-ty-pari-2026-07-18,2026-07-18T16:48:06.686000+00:00,33.60414899999998,3.11972631555,36.723875315549975
0,8904157676,dota2-bb4-pari-2026-07-19-game2,2026-07-19T15:17:11.337000+00:00,-12.204500000000056,1.5691256624999999,-10.635374337500057
0,8905093611,dota2-stx-lynx-2026-07-20-game2,2026-07-20T08:36:36.644000+00:00,67.25340000000003,1.8356637599999999,69.08906376000003
0,8905490238,dota2-z10-nemiga-2026-07-20-game1,2026-07-20T14:13:02.081000+00:00,-30.05817374,0.6651107828909999,-29.393062957109002
0,8905975768,dota2-lvlup1-ill-2026-07-20-game1,2026-07-20T19:45:16.612000+00:00,-45.32660000000003,1.547186055,-43.77941394500003
0,8906626852,dota2-pckcp-stx-2026-07-21-game1,2026-07-21T10:17:03.931000+00:00,1.5866999999999933,0.9082458375,2.4949458374999933
0,8907021823,dota2-lynx-spirit1-2026-07-21-game2,2026-07-21T14:54:33.550000+00:00,-19.489600000000003,1.384571715,-18.105028285000003
0,8907510684,dota2-z10-aion-2026-07-21-game2,2026-07-21T20:45:41.820000+00:00,0.0,0.0,0.0
0,8908313996,dota2-stx-spirit1-2026-07-22-game1,2026-07-22T13:26:43.307000+00:00,0.0,0.0,0.0
0,8908926344,dota2-z10-lvlup1-2026-07-22,2026-07-22T20:21:42.790000+00:00,24.990538079999993,1.403394328884,26.393932408883995
0,8909658828,dota2-spirit1-pckcp-2026-07-23-game2,2026-07-23T11:56:35.158000+00:00,-7.876600800000006,1.08550420176,-6.7910965982400056
0,8910344715,dota2-lvlup1-aion-2026-07-23-game1,2026-07-23T19:45:58.831000+00:00,0.0,0.0,0.0
0,8910670427,dota2-nemiga-ill-2026-07-23,2026-07-24T01:26:47.762000+00:00,4.089968190000025,0.78059075690175,4.870558946901776
0,8911916389,dota2-z10-ill-2026-07-24-game2,2026-07-24T19:32:36.981000+00:00,-9.430201539999999,1.3410622152555,-8.0891393247445
0,8912622476,dota2-ill-aion-2026-07-25-game2,2026-07-25T08:27:06.996000+00:00,1.0000000000000018,0.026984999999999995,1.0269850000000018
0,8913307206,dota2-kw1-pckcp-2026-07-25-game1,2026-07-25T16:28:48.834000+00:00,0.0,0.0,0.0
0,8914414410,dota2-nemiga-ill-2026-07-26-game1,2026-07-26T09:26:59.644000+00:00,-23.603356639999994,0.522156530388,-23.081200109611995
0,8914885598,dota2-rearis-pckcp-2026-07-26-game2,2026-07-26T14:24:02.001000+00:00,50.89150000000001,0.3081393375,51.19963933750001
0,8915390117,dota2-jenz-stx-2026-07-26-game2,2026-07-26T19:37:39.362000+00:00,0.0,0.0,0.0
0,8916245727,dota2-stx-nemiga-2026-07-27-game1,2026-07-27T12:25:46.061000+00:00,14.550500000000028,1.8339077325,16.384407732500026
0,8917675823,dota2-pr1-nemiga-2026-07-28,2026-07-28T11:19:25.327000+00:00,76.85500000000002,0.40723875000000004,77.26223875000002
0,8918176547,dota2-pckcp-kw1-2026-07-28-game2,2026-07-28T16:37:04.197000+00:00,0.0,0.0,0.0
0,8919685210,dota2-amaru-nemiga-2026-07-29-game2,2026-07-29T16:34:50.427000+00:00,-69.57970061999998,1.9904906445704997,-67.58920997542948
0,8921002620,dota2-lvlup1-z10-2026-07-30,2026-07-30T14:47:46.063000+00:00,55.91829999999999,2.8750820025,58.79338200249999
0,8922016200,dota2-re-midas3-2026-07-31-game2,2026-07-31T07:39:14.850000+00:00,9.000200000000007,0.58253661,9.582736610000007
0,8922186876,dota2-vg-amaru-2026-07-31,2026-07-31T10:40:33.810000+00:00,5.063199999999995,0.29145045,5.354650449999995
0,8922400300,dota2-enjoy-glyph-2026-07-31-game2,2026-07-31T13:24:39.311000+00:00,-0.2942,0.915763215,0.621563215
0,8922722577,dota2-yb1-z10-2026-07-31-game2,2026-07-31T16:35:25.057000+00:00,-10.303699999999992,1.0273310775,-9.276368922499993
0,8923506996,dota2-midas3-tr7-2026-08-01-game1,2026-08-01T05:43:01.223000+00:00,2.311299999999992,0.3734427375,2.684742737499992
0,8923780137,dota2-re-playti-2026-08-01-game1,2026-08-01T10:09:39.721000+00:00,0.0,0.0,0.0
0,8924057168,dota2-l1ga-lgd-2026-08-01-game1,2026-08-01T13:34:16.709000+00:00,-5.714199999999991,0.9612712949999999,-4.7529287049999915
0,8924468754,dota2-glyph-z10-2026-08-01-game2,2026-08-01T17:25:49.795000+00:00,-1.157901119999977,1.433042352648,0.27514123264802315
0,8925308090,dota2-playti-xctn-2026-08-02-game2,2026-08-02T07:03:47.891000+00:00,3.030399999999986,0.5022887999999999,3.5326887999999856
0,8926022375,dota2-rnx-yb1-2026-08-02-game1,2026-08-02T15:09:53.856000+00:00,31.34229999999998,2.8922897325,34.234589732499984
0,8926636219,dota2-z10-lgd-2026-08-02-game2,2026-08-02T21:07:31.416000+00:00,-8.3335,0.2781305625,-8.055369437500001
0,8927288399,dota2-xtreme-tr7-2026-08-03-game2,2026-08-03T11:00:48.642000+00:00,-0.20570000000000022,1.3821866625,1.1764866625
0,8927760296,dota2-vg-yb1-2026-08-03,2026-08-03T16:18:19.713000+00:00,24.369592590000025,2.5038378055627497,26.873430395562774
0,8928851109,dota2-playti-tr7-2026-08-04-game1,2026-08-04T11:30:07.829000+00:00,-5.813622090000008,0.5964266960617499,-5.217195393938258
0,8929365099,dota2-yb1-re-2026-08-04,2026-08-04T16:51:08.308000+00:00,21.067919980000113,4.0723928910615,25.140312871061614
0,8930615242,dota2-playti-yb1-2026-08-05-game2,2026-08-05T14:02:56.166000+00:00,138.98180000000002,0.614994465,139.59679446500002
0,8931981851,dota2-rearis-nh-2026-08-06-game1,2026-08-06T12:26:15.226000+00:00,12.019999999999996,0.48017062499999996,12.500170624999996
0,8932413808,dota2-nh-lvlup1-2026-08-06-game2,2026-08-06T16:23:29.211000+00:00,0.4560000000000013,0.080541,0.5365410000000013
0,8933374169,dota2-nh-z10-2026-08-07-game1,2026-08-07T09:29:47.916000+00:00,0.0,0.0,0.0
0,8933879286,dota2-pr1-jenz-2026-08-07-game1,2026-08-07T15:25:51.002000+00:00,-64.28390000000003,1.1028191325,-63.18108086750003
0,8936825643,dota2-pr1-yes-2026-08-09-game1,2026-08-09T09:22:32.992000+00:00,4.216066859999991,1.815529911261,6.031596771260991
0,8937484593,dota2-ill-re-2026-08-09-game1,2026-08-09T15:55:00.679000+00:00,0.0,0.0,0.0
0,8938565057,dota2-pr1-mouz-2026-08-10-game2,2026-08-10T10:12:07.159000+00:00,-1.207516059999957,1.4434329151604999,0.23591685516054284
0,8940059913,dota2-lvlup1-navi-2026-08-11-game1,2026-08-11T09:16:02.605000+00:00,18.90139999999998,0.5576248349999999,19.45902483499998
0,8940487898,dota2-mouz-re-2026-08-11,2026-08-11T14:25:06.999000+00:00,-0.32972895999995444,2.0586193027319997,1.7288903427320452
0,8941733752,dota2-lvlup1-re-2026-08-12-game2,2026-08-12T10:35:42.245000+00:00,14.0213702,1.9953371406,16.0167073406
0,8942262723,dota2-navi-lvlup1-2026-08-12-game3,2026-08-12T15:53:47.795000+00:00,15.662399999999991,0.16219620000000004,15.824596199999991
0,8962736746,dota2-ks-lynx-2026-08-24-game2,2026-08-24T11:33:18.452000+00:00,37.0297551,1.6368831582105,38.666638258210504
0,8963790789,dota2-dynast1-fts-2026-08-24-game2,2026-08-24T20:20:45.642000+00:00,1.6908000000000243,1.3450503150000002,3.0358503150000242
0,8964657335,dota2-fts-pckcp-2026-08-25-game1,2026-08-25T10:52:11.864000+00:00,-3.765498959999995,0.558458057742,-3.207040902257995
0,8964938940,dota2-rearis-spirit1-2026-08-25-game1,2026-08-25T16:23:39.394000+00:00,0.5275862400000015,0.159971133228,0.6875573732280016
0,8970089224,dota2-rearis-sb5-2026-08-28-game2,2026-08-28T11:41:09.553000+00:00,0.0,0.0,0.0
0,8970470057,dota2-synaps-nemiga-2026-08-28-game2,2026-08-28T15:09:53.245000+00:00,184.46668484999992,1.12716187544625,185.59384672544618
0,8970886632,dota2-dynast1-pckcp-2026-08-28-game2,2026-08-28T18:51:22.084000+00:00,0.0,0.0,0.0
0,8971423978,dota2-db2-satan-2026-08-28-game2,2026-08-29T03:20:55.120000+00:00,2.3999999999999986,0.05665499999999998,2.4566549999999987
0,8971664649,dota2-nem-6seven-2026-08-29,2026-08-29T07:24:10.704000+00:00,6.122400000000013,0.7645347,6.886934700000014
0,8971964803,dota2-mouz-yes-2026-08-29-game1,2026-08-29T11:13:49.271000+00:00,-26.329499999999996,1.8793927125,-24.450107287499996
0,8972289868,dota2-huliga-lynx-2026-08-29-game1,2026-08-29T14:15:10.550000+00:00,-20.567177340000057,2.286353618571,-18.28082372142906
0,8972893200,dota2-pi-lvlup1-2026-08-29-game2,2026-08-29T19:20:53.860000+00:00,-19.270099999999996,1.5686596874999998,-17.701440312499997
0,8973405568,dota2-icecre-xctn-2026-08-30-game2,2026-08-30T03:19:55.483000+00:00,8.79835082999999,1.0035338056312502,9.80188463563124
0,8973613420,dota2-clo-yb1-2026-08-30,2026-08-30T07:04:46.677000+00:00,11.08861152,0.285563277576,11.374174797576
0,8973944033,dota2-lynx-lvlup1-2026-08-30,2026-08-30T10:50:43.696000+00:00,-13.618999999999923,4.68418596,-8.934814039999925
0,8975110449,dota2-dynast1-ks-2026-08-30-game2,2026-08-30T21:54:27.706000+00:00,27.226800000000026,1.4316615149999998,28.658461515000024
0,8976300473,dota2-4iki-ic-2026-08-31-game1,2026-08-31T16:25:39.940000+00:00,-1.5780000000000314,0.80538165,-0.7726183500000314
0,8976751962,dota2-spirit1-pi-2026-08-31-game2,2026-08-31T21:40:17.685000+00:00,0.0,0.0,0.0
0,8977913355,dota2-synaps-lvlup1-2026-09-01-game2,2026-09-01T16:37:59.217000+00:00,14.480000000000018,0.6471839999999999,15.127184000000018
0,8978986214,dota2-pr1-ic-2026-09-02,2026-09-02T12:20:55.440000+00:00,-0.6448,0.05336526,-0.5914347400000001
0,8980293569,dota2-z10-ks-2026-09-03-game1,2026-09-03T09:18:42.909000+00:00,-4.2426491099999595,0.99565206927975,-3.2469970407202093
0,8838170936,dota2-flc-liquid-2026-06-04-game2,2026-06-04T14:05:12.636000+00:00,9.533998399999987,3.37892100972,12.912919409719986
0,8839193447,dota2-flc-bb4-2026-06-05-game2,2026-06-05T10:38:10.594000+00:00,1.1748791100000062,1.49410675060575,2.668985860605756
0,8839717574,dota2-flc-aur1-2026-06-05,2026-06-05T17:21:15.591000+00:00,19.846328819999997,1.011781537341,20.858110357340998
0,8840984097,dota2-aur1-lgd-2026-06-06-game1,2026-06-06T15:05:33.978000+00:00,8.039700000000053,1.1452015125000001,9.184901512500053
0,8842245726,dota2-bb4-lgd-2026-06-07,2026-06-07T11:59:53.564000+00:00,-66.67440087000003,2.12508227667225,-64.54931859332778
0,8842845018,dota2-ty-lgd-2026-06-07-game4,2026-06-07T18:51:58.999000+00:00,2.0000000000000036,0.12189,2.1218900000000036
0,8843760302,dota2-vpp-balu-2026-06-08-game2,2026-06-08T13:42:26.324000+00:00,0.0,0.0,0.0
0,8844308689,dota2-vpp-z10-2026-06-08,2026-06-08T20:50:38.757000+00:00,191.8909,0.8774975325000001,192.7683975325
0,8852055373,dota2-4iki-pr1-2026-06-14,2026-06-14T17:46:02.690000+00:00,-22.627600000000008,1.01961372,-21.60798628000001
0,8885252329,dota2-flc-bb4-2026-07-07-game2,2026-07-07T11:01:59.599000+00:00,-1.8407176700000036,0.78320159743725,-1.0575160725627537
0,8885411801,dota2-lvlup1-aur1-2026-07-07-game1,2026-07-07T13:06:28.530000+00:00,0.0,0.0,0.0
0,8885633666,dota2-ts8-mouz-2026-07-07-game1,2026-07-07T15:33:28.678000+00:00,121.95179999999999,4.7201210399999995,126.67192103999999
0,8885928262,dota2-ty-og-2026-07-07-game1,2026-07-07T19:03:44.444000+00:00,17.5792,0.25270885499999995,17.831908855000002
0,8886572854,dota2-gl-xtreme-2026-07-08-game1,2026-07-08T09:27:27.007000+00:00,-50.710999999999984,1.618363575,-49.09263642499998
0,8886728756,dota2-l1ga-playti-2026-07-08-game1,2026-07-08T12:02:19.795000+00:00,14.334199999999981,3.0464892449999996,17.38068924499998
0,8886862310,dota2-liquid-lvlup1-2026-07-08-game2,2026-07-08T13:37:25.898000+00:00,4.166800000000009,0.030000960000000028,4.196800960000009
0,8887197358,dota2-vg-pari-2026-07-08-game2,2026-07-08T17:23:00.102000+00:00,-11.649700000000053,0.9931506375,-10.656549362500053
0,8887325211,dota2-vp-1win-2026-07-08-game1,2026-07-08T18:51:24.334000+00:00,-35.91140000000006,2.440572405,-33.47082759500006
0,8887998750,dota2-bb4-re-2026-07-09-game1,2026-07-09T09:29:32.198000+00:00,-2.8000000000000043,0.11324999999999999,-2.6867500000000044
0,8888160657,dota2-l1ga-aur1-2026-07-09-game1,2026-07-09T12:09:38.901000+00:00,9.55989999999997,0.7630305975,10.32293059749997
0,8888279558,dota2-playti-lvlup1-2026-07-09-game2,2026-07-09T13:33:23.111000+00:00,1.298700000000025,0.6696550574999999,1.968355057500025
0,8888489297,dota2-vg-ts8-2026-07-09-game1,2026-07-09T15:42:43.149000+00:00,-31.105199999999975,0.8772289949999998,-30.227971004999976
0,8888682602,dota2-og-ic-2026-07-09-game1,2026-07-09T17:53:01.981000+00:00,-10.592799999999968,1.338843765,-9.253956234999968
0,8888819433,dota2-lgd-1win-2026-07-09-game2,2026-07-09T19:41:02.532000+00:00,15.352469930000055,2.29651917098175,17.648989100981805
0,8889524021,dota2-xtreme-bb4-2026-07-10-game2,2026-07-10T10:37:39.793000+00:00,0.0019714200000038318,0.9899653436145,0.9919367636145038
0,8889699098,dota2-l1ga-liquid-2026-07-10-game2,2026-07-10T12:46:15.831000+00:00,0.0,0.0,0.0
0,8889944251,dota2-rnx-ts8-2026-07-10-game1,2026-07-10T15:15:29.857000+00:00,7.741099999999989,0.23598218250000003,7.977082182499989
0,8890179830,dota2-lgd-ty-2026-07-10-game1,2026-07-10T17:38:53.401000+00:00,6.631499999999988,0.7084359225,7.339935922499988
0,8891108843,dota2-poorra-re-2026-07-11-game1,2026-07-11T09:15:44.932000+00:00,45.6643,1.5678760425,47.2321760425
0,8891240327,dota2-xtreme-flc-2026-07-11-game2,2026-07-11T11:01:14.698000+00:00,-0.396800500000003,1.8291501576375,1.432349657637497
0,8891438996,dota2-l1ga-lvlup1-2026-07-11-game2,2026-07-11T13:19:40.554000+00:00,0.009999999999996234,0.13677825,0.14677824999999622
0,8892835652,dota2-rnx-nem-2026-07-12-game1,2026-07-12T09:19:01.546000+00:00,0.0,0.0,0.0
0,8892958964,dota2-rnx-nem-2026-07-12-game2,2026-07-12T10:53:08.655000+00:00,-54.1878,0.646504635,-53.541295365
0,8893253595,dota2-og-vp-2026-07-12-game2,2026-07-12T13:56:28.498000+00:00,0.8889991800000061,0.355229622171,1.2442288021710062
0,8896267691,dota2-liquid-xtreme-2026-07-14-game2,2026-07-14T13:05:08.216000+00:00,-32.534532799999994,1.5845773325999999,-30.949955467399995
0,8896731473,dota2-lgd-mouz-2026-07-14-game2,2026-07-14T18:02:11.857000+00:00,-37.73700000000002,1.515182385,-36.22181761500002
0,8897696869,dota2-ts8-liquid-2026-07-15-game2,2026-07-15T12:54:25.976000+00:00,7.557936249999955,3.29249155340625,10.850427803406205
0,8898003442,dota2-bb4-lgd-2026-07-15-game1,2026-07-15T15:56:58.589000+00:00,-0.879999999999999,0.134211,-0.745788999999999
0,8899120700,dota2-ty-ts8-2026-07-17-game2,2026-07-16T12:44:26.752000+00:00,-8.261700479999988,2.628509375268,-5.633191104731988
0,8900623530,dota2-flc-vg-2026-07-16-game2,2026-07-17T12:54:30.551000+00:00,-11.119504439999957,1.9231857654869997,-9.196318674512957
0,8902173969,dota2-bb4-vg-2026-07-18-game2,2026-07-18T12:21:15.910000+00:00,-20.51399999999997,0.941496075,-19.57250392499997
0,8903705555,dota2-vg-ty-2026-07-19-game1,2026-07-19T10:24:33.152000+00:00,44.03439999999998,0.3624045,44.39680449999997
0,8904322271,dota2-bb4-pari-2026-07-19-game3,2026-07-19T16:52:33.960000+00:00,7.656400000000019,2.265178605,9.921578605000018
0,8905164476,dota2-stx-lynx-2026-07-20,2026-07-20T10:04:24.370000+00:00,136.55463672000008,3.27076518378,139.82540190378006
0,8905612460,dota2-z10-nemiga-2026-07-20-game2,2026-07-20T15:25:40.567000+00:00,-0.31810000000000116,1.0979442375,0.7798442374999988
0,8906069414,dota2-lvlup1-ill-2026-07-20-game2,2026-07-20T20:59:36.536000+00:00,7.021199999999992,1.90356402,8.924764019999992
0,8906706819,dota2-pckcp-stx-2026-07-21-game2,2026-07-21T11:28:10.072000+00:00,2.6299999999999955,0.4704352499999999,3.1004352499999954
0,8907114935,dota2-lynx-spirit1-2026-07-21,2026-07-21T15:55:17.448000+00:00,-13.74916451999998,1.860697813806,-11.888466706193979
0,8907942033,dota2-ill-dan-2026-07-22-game1,2026-07-22T07:18:07.776000+00:00,0.0,0.0,0.0
0,8908486051,dota2-stx-spirit1-2026-07-22-game2,2026-07-22T15:03:55.390000+00:00,39.99158593000004,1.69111461437025,41.68270054437029
0,8909388284,dota2-dan-z10-2026-07-23-game1,2026-07-23T07:17:23.633000+00:00,1.3000000000000007,0.0084825,1.3084825000000007
0,8909780227,dota2-spirit1-pckcp-2026-07-23,2026-07-23T13:29:29.880000+00:00,21.77799999999999,0.82887192,22.606871919999993
0,8910461593,dota2-lvlup1-aion-2026-07-23-game2,2026-07-23T21:18:59.726000+00:00,-4.4517999999999995,0.18788671499999998,-4.263913284999999
0,8910982575,dota2-aion-dan-2026-07-24-game2,2026-07-24T08:39:31.809000+00:00,0.0,0.0,0.0
0,8912045230,dota2-nemiga-lvlup1-2026-07-24-game1,2026-07-24T21:05:49.488000+00:00,9.239199999999997,1.5375955350000001,10.776795534999996
0,8912758286,dota2-pckcp-jenz-2026-07-22-game1,2026-07-25T10:25:45.605000+00:00,-14.684600959999983,0.904790951832,-13.779810008167983
0,8913598312,dota2-lynx-kw1-2026-07-25-game1,2026-07-25T19:28:05.257000+00:00,-7.882200640000022,2.248979337504,-5.633221302496022
0,8914520562,dota2-nemiga-ill-2026-07-26-game2,2026-07-26T10:41:21.923000+00:00,-12.568900000000006,2.7760402125,-9.792859787500007
0,8915002841,dota2-kw1-rearis-2026-07-26-game1,2026-07-26T15:32:54.677000+00:00,-21.88727587999996,1.421755039587,-20.46552084041296
0,8915498965,dota2-jenz-stx-2026-07-26,2026-07-26T20:57:43.107000+00:00,7.465600000000039,0.7128420599999999,8.17844206000004
0,8916384577,dota2-stx-nemiga-2026-07-27-game2,2026-07-27T13:48:29.618000+00:00,19.134046150000003,1.69256995963125,20.826616109631253
0,8917738415,dota2-nh-pckcp-2026-07-28-game1,2026-07-28T12:16:10.015000+00:00,0.0,0.0,0.0
0,8919264561,dota2-rearis-z10-2026-07-29-game1,2026-07-29T12:23:03.580000+00:00,15.567265039999981,0.687818299332,16.255083339331982
0,8919803916,dota2-amaru-nemiga-2026-07-29,2026-07-29T18:02:17.532000+00:00,24.817962310000027,2.13546594248175,26.95342825248178
0,8921162227,dota2-amaru-pr1-2026-07-30-game1,2026-07-30T16:32:24.441000+00:00,15.566900000000008,0.6178382025,16.184738202500007
0,8922074642,dota2-vg-amaru-2026-07-31-game1,2026-07-31T08:46:41.467000+00:00,-29.517600000000016,0.46198053,-29.055619470000014
0,8922211678,dota2-tr7-playti-2026-07-31-game2,2026-07-31T11:00:53.806000+00:00,7.918300000000002,1.4953690875,9.413669087500002
0,8922433138,dota2-l1ga-rnx-2026-07-31-game2,2026-07-31T13:42:06.325000+00:00,-37.97890174000001,1.5594561321495,-36.41944560785051
0,8922818221,dota2-xtreme-lgd-2026-07-31-game1,2026-07-31T17:51:24.199000+00:00,-9.946100000000033,1.8227481225,-8.123351877500033
0,8923579943,dota2-midas3-tr7-2026-08-01-game2,2026-08-01T07:02:32.143000+00:00,-34.86350159999998,1.23561562722,-33.62788597277998
0,8923790600,dota2-yes-vg-2026-08-01-game2,2026-08-01T10:14:11.317000+00:00,13.078384180000029,0.316227249711,13.394611429711029
0,8924222714,dota2-l1ga-lgd-2026-08-01-game2,2026-08-01T15:02:43.462000+00:00,0.0,0.0,0.0
0,8924530036,dota2-rnx-xtreme-2026-08-01-game1,2026-08-01T18:06:50.164000+00:00,-0.4038416899999966,0.31533224427975,-0.0885094457202466
0,8925543582,dota2-yes-tr7-2026-08-02-game1,2026-08-02T10:44:16.945000+00:00,7.105427357601002e-15,0.36974415,0.3697441500000071
0,8926232913,dota2-rnx-yb1-2026-08-02-game2,2026-08-02T16:42:19.665000+00:00,5.285400000000003,2.10687219,7.392272190000003
0,8927063876,dota2-glyph-playti-2026-08-03-game2,2026-08-03T06:55:36.873000+00:00,85.22430000000003,2.6691295575,87.89342955750003
0,8927380776,dota2-xtreme-tr7-2026-08-03,2026-08-03T12:15:30.661000+00:00,-6.886504539999962,1.1054603065545001,-5.781044233445462
0,8927926397,dota2-re-lgd-2026-08-03-game1,2026-08-03T18:09:03.381000+00:00,0.0,0.0,0.0
0,8928953683,dota2-playti-tr7-2026-08-04-game2,2026-08-04T12:46:11.879000+00:00,4.081315039999993,1.268910266832,5.350225306831993
0,8930200713,dota2-tr7-re-2026-08-05-game1,2026-08-05T08:20:38.811000+00:00,-3.703800000000001,0.6916846499999999,-3.012115350000001
0,8930736914,dota2-playti-yb1-2026-08-05-game3,2026-08-05T15:09:49.519000+00:00,4.849999999999994,0.38776124999999995,5.237761249999994
0,8932085762,dota2-rearis-nh-2026-08-06-game2,2026-08-06T13:20:21.204000+00:00,0.0,0.0,0.0
0,8932523868,dota2-nh-lvlup1-2026-08-06,2026-08-06T17:36:18.454000+00:00,-6.351100000000017,0.9165988574999999,-5.434501142500016
0,8933453728,dota2-nh-z10-2026-08-07-game2,2026-08-07T10:40:19.376000+00:00,0.0,0.0,0.0
0,8933988979,dota2-pr1-jenz-2026-08-07-game2,2026-08-07T16:29:38.697000+00:00,-4.704655510000017,0.6627170022247499,-4.041938507775267
0,8937080738,dota2-pr1-yes-2026-08-09,2026-08-09T12:20:23.208000+00:00,12.079021249999997,0.89861623265625,12.977637482656247
0,8937631882,dota2-ill-re-2026-08-09-game2,2026-08-09T17:12:21.447000+00:00,1.875,0.064078125,1.939078125
0,8938634026,dota2-pr1-mouz-2026-08-10,2026-08-10T11:15:54.851000+00:00,-27.401200759999938,2.668731882606,-24.732468877393938
0,8940117837,dota2-lvlup1-navi-2026-08-11-game2,2026-08-11T10:12:11.551000+00:00,-15.727389839999972,6.0125455689719995,-9.714844271027973
0,8940643574,dota2-yes-z10-2026-08-11-game1,2026-08-11T15:45:57.067000+00:00,36.88260000000001,2.205690825,39.08829082500001
0,8941817475,dota2-lvlup1-re-2026-08-12,2026-08-12T11:50:26.039000+00:00,15.178300000000007,0.8876541075,16.06595410750001
0,8962372120,dota2-ic-nemiga-2026-08-24-game1,2026-08-24T07:17:08.649000+00:00,0.0,0.0,0.0
0,8962964580,dota2-sb5-stx-2026-08-24-game1,2026-08-24T13:25:23.881000+00:00,0.0,0.0,0.0
0,8964399842,dota2-pckcp-nemiga-2026-08-25-game1,2026-08-25T07:22:10.248000+00:00,-1.86473032,0.28917874967400004,-1.5755515703260001
0,8964837315,dota2-fts-pckcp-2026-08-25-game2,2026-08-25T12:34:06.314000+00:00,-7.764487099999883,1.722691942545,-6.041795157454883
0,8965544741,dota2-rearis-spirit1-2026-08-25,2026-08-25T18:44:21.316000+00:00,-31.813658860000018,1.589489216601,-30.22416964339902
0,8970207176,dota2-rearis-sb5-2026-08-28,2026-08-28T12:56:49.576000+00:00,20.167211249999994,1.22283419893875,21.390045448938743
0,8970485789,dota2-dynast1-ic-2026-08-28-game2,2026-08-28T15:14:26.848000+00:00,-54.837658959999985,2.840328560634,-51.997330399365985
0,8971007454,dota2-ks-rearis-2026-08-28-game1,2026-08-28T20:11:41.712000+00:00,-11.907633199999985,0.9882789628199998,-10.919354237179986
0,8971501630,dota2-nexus-cres-2026-08-28,2026-08-29T04:51:09.441000+00:00,-88.26280048000004,2.082400707696,-86.18039977230404
0,8971753986,dota2-icecre-kineti-2026-08-29-game1,2026-08-29T08:38:12.829000+00:00,0.0,0.0,0.0
0,8971988345,dota2-sb5-lynx-2026-08-29-game1,2026-08-29T11:21:30.742000+00:00,-0.9649842799999977,0.260202675456,-0.7047816045439976
0,8972502454,dota2-huliga-lynx-2026-08-29-game2,2026-08-29T15:52:19.963000+00:00,-4.440762339999978,1.8359967762615,-2.6047655637384777
0,8973011673,dota2-pi-lvlup1-2026-08-29,2026-08-29T20:33:12.059000+00:00,-1.1512999999999938,0.2254368375,-0.9258631624999938
0,8973462028,dota2-icecre-xctn-2026-08-30,2026-08-30T04:30:11.988000+00:00,-1.721239360000041,1.807821723996,0.08658236399595887
0,8973707438,dota2-lynx-lvlup1-2026-08-30-game1,2026-08-30T08:16:36.050000+00:00,10.51709999999997,1.3229228924999998,11.84002289249997
0,8974185539,dota2-navi-mouz-2026-08-30-game2,2026-08-30T13:08:29.090000+00:00,-20.56619211999995,1.7951820435839998,-18.77101007641595
0,8975871235,dota2-synaps-lynx-2026-08-31-game1,2026-08-31T12:26:44.788000+00:00,-18.428459099999884,2.4831606715005,-15.945298428499385
0,8976441468,dota2-4iki-ic-2026-08-31-game2,2026-08-31T17:43:06.122000+00:00,27.159300000000016,0.4867960125,27.646096012500017
0,8977325814,dota2-ks-pckcp-2026-09-01-game2,2026-09-01T10:26:27.059000+00:00,2.6859298199999557,0.8398250704394998,3.5257548904394556
0,8978023576,dota2-synaps-lvlup1-2026-09-01,2026-09-01T17:45:54.185000+00:00,-3.746993349999997,0.19324858323375,-3.553744766766247
0,8979131280,dota2-dynast1-pckcp-2026-09-02-game1,2026-09-02T13:56:13.878000+00:00,0.0,0.0,0.0
0,8980358113,dota2-z10-ks-2026-09-03-game2,2026-09-03T10:27:20.250000+00:00,7.070594149999998,0.89700140764125,7.967595557641248
1,8837869969,dota2-aur1-ty-2026-06-04-game1,2026-06-04T09:17:47.612000+00:00,33.49389999999997,2.4366054375,35.93050543749997
1,8838396820,dota2-lgd-ty-2026-06-04-game2,2026-06-04T16:48:28.531000+00:00,-15.589700000000008,2.2606448625,-13.329055137500008
1,8839366504,dota2-lgd-liquid-2026-06-05-game2,2026-06-05T13:21:18.066000+00:00,-24.863400799999965,2.5378221126,-22.325578687399965
1,8840635639,dota2-ty-bb4-2026-06-06-game1,2026-06-06T10:47:49.658000+00:00,8.538599999999946,1.1290369949999999,9.667636994999945
1,8841114801,dota2-aur1-lgd-2026-06-06-game2,2026-06-06T16:30:29.855000+00:00,26.708599999999976,1.1900158799999998,27.898615879999976
1,8842468101,dota2-ty-lgd-2026-06-07-game1,2026-06-07T14:21:40.854000+00:00,-7.817060189999989,0.94889108808225,-6.868169101917739
1,8843465364,dota2-4iki-nande4-2026-06-08-game1,2026-06-08T09:15:08.776000+00:00,-0.5519999999999992,0.09484440000000001,-0.45715559999999916
1,8844054970,dota2-z10-sb5-2026-06-08-game2,2026-06-08T17:08:41.204000+00:00,11.11120000000001,0.37666967999999995,11.48786968000001
1,8850534819,dota2-ill-pr1-2026-06-13-game2,2026-06-13T17:10:42.502000+00:00,-5.537499999999952,1.0019077724999998,-4.535592227499952
1,8854443395,dota2-fla-spirit1-2026-06-16-game1,2026-06-16T16:31:44.570000+00:00,-5.850000000000001,0.21160125000000002,-5.638398750000001
1,8885275216,dota2-re-xtreme-2026-07-07-game2,2026-07-07T11:16:11.813000+00:00,-4.506832999999986,0.447616670625,-4.059216329374986
1,8885470551,dota2-l1ga-ngx-2026-07-07-game2,2026-07-07T13:39:34.570000+00:00,0.9511000000000394,1.6587620775,2.6098620775000394
1,8885665054,dota2-nem-pari-2026-07-07-game1,2026-07-07T15:41:38.548000+00:00,25.357191000000007,0.7881686114249999,26.145359611425008
1,8885974297,dota2-ic-1win-2026-07-07-game2,2026-07-07T19:32:14.446000+00:00,0.0,0.0,0.0
1,8886638110,dota2-poorra-bb4-2026-07-08-game2,2026-07-08T10:36:00.005000+00:00,2.5214,0.19266937499999998,2.714069375
1,8886736772,dota2-liquid-lvlup1-2026-07-08-game1,2026-07-08T12:08:59.488000+00:00,3.4883999999999986,0.19037943000000002,3.6787794299999987
1,8886994890,dota2-ts8-nem-2026-07-08-game1,2026-07-08T14:59:11.781000+00:00,0.0,0.0,0.0
1,8887218598,dota2-lgd-og-2026-07-08-game1,2026-07-08T17:27:41.870000+00:00,1.0600000000000023,0.08645249999999999,1.1464525000000023
1,8887337672,dota2-ty-ic-2026-07-08-game2,2026-07-08T19:01:29.872000+00:00,0.0,0.0,0.0
1,8888056358,dota2-poorra-xtreme-2026-07-09-game2,2026-07-09T10:34:44.979000+00:00,-10.309299999999993,1.6281071025,-8.681192897499994
1,8888173515,dota2-playti-lvlup1-2026-07-09-game1,2026-07-09T12:20:27.216000+00:00,3.5715000000000003,0.22098656250000004,3.7924865625000006
1,8888318197,dota2-ngx-liquid-2026-07-09-game2,2026-07-09T14:04:08.888000+00:00,-9.76440000000008,3.1238419499999996,-6.640558050000081
1,8888555097,dota2-mouz-nem-2026-07-09-game2,2026-07-09T16:24:34.308000+00:00,-22.0848,1.9908915749999998,-20.093908425000002
1,8888693655,dota2-vp-ty-2026-07-09-game1,2026-07-09T18:07:57.629000+00:00,0.0,0.18000576,0.18000576
1,8889452921,dota2-re-gl-2026-07-10-game1,2026-07-10T09:17:34.068000+00:00,77.17819820999995,2.07087215583825,79.2490703658382
1,8889538949,dota2-re-gl-2026-07-10-game2,2026-07-10T10:40:57.402000+00:00,-11.377999999999957,2.11543404,-9.262565959999957
1,8889733840,dota2-aur1-playti-2026-07-10-game2,2026-07-10T13:14:22.837000+00:00,-35.95320000000001,1.32085323,-34.63234677000001
1,8890008812,dota2-nem-vg-2026-07-10-game2,2026-07-10T15:49:04.827000+00:00,25.677999999999997,0.83855835,26.516558349999997
1,8890270555,dota2-1win-og-2026-07-10-game2,2026-07-10T18:36:26.467000+00:00,0.0,0.0,0.0
1,8891108985,dota2-bb4-gl-2026-07-11-game1,2026-07-11T09:17:06.187000+00:00,-3.6703568000000075,0.4457762607,-3.2245805393000078
1,8891325877,dota2-l1ga-lvlup1-2026-07-11-game1,2026-07-11T12:09:46.181000+00:00,-14.003199999999993,0.6707412899999999,-13.332458709999992
1,8891497910,dota2-aur1-liquid-2026-07-11-game2,2026-07-11T13:53:37.287000+00:00,15.32200000000001,0.374146125,15.69614612500001
1,8892836635,dota2-pari-ts8-2026-07-12-game1,2026-07-12T09:26:06.808000+00:00,-20.692099999999964,2.9300259525,-17.762074047499965
1,8893070561,dota2-1win-ty-2026-07-12-game1,2026-07-12T12:14:45.162000+00:00,8.052974720000037,2.1186977228879997,10.171672442888037
1,8896139222,dota2-re-vp-2026-07-14-game1,2026-07-14T11:15:10.363000+00:00,11.101599999999998,0.8443824000000001,11.945982399999998
1,8896380183,dota2-re-vp-2026-07-14,2026-07-14T14:02:34.965000+00:00,-70.67620000000005,3.86452401,-66.81167599000005
1,8897585705,dota2-aur1-re-2026-07-15-game1,2026-07-15T11:19:40.513000+00:00,1.1760940800000128,0.428742016284,1.604836096284013
1,8897831774,dota2-ts8-liquid-2026-07-15,2026-07-15T14:13:24.528000+00:00,2.36099999999999,0.72371448,3.08471447999999
1,8898084910,dota2-1win-vg-2026-07-15,2026-07-15T16:49:08.935000+00:00,-4.6445999999999685,3.28347429,-1.3611257099999685
1,8899307453,dota2-pari-re-2026-07-17-game1,2026-07-16T14:36:23.407000+00:00,-7.87258435,0.6336839246212499,-7.23890042537875
1,8900771154,dota2-ngx-bb4-2026-07-16-game1,2026-07-17T14:28:08.196000+00:00,3.670500000000004,0.8324950575,4.502995057500004
1,8902338515,dota2-ty-pari-2026-07-18-game1,2026-07-18T14:06:38.308000+00:00,-29.817263700000012,4.461332267265,-25.355931432735012
1,8903789784,dota2-vg-ty-2026-07-19-game2,2026-07-19T11:31:19.185000+00:00,1.2986999999999966,0.33964251749999996,1.6383425174999966
1,8904419709,dota2-bb4-pari-2026-07-19-game4,2026-07-19T18:05:14.511000+00:00,2.7027999999999963,0.37987854,3.0826785399999963
1,8905233934,dota2-lynx-pckcp-2026-07-20-game1,2026-07-20T11:15:17.947000+00:00,118.03999874,2.3954040720705,120.4354028120705
1,8905741721,dota2-spirit1-jenz-2026-07-20-game1,2026-07-20T16:55:30.580000+00:00,18.917099999999948,2.6724966075,21.58959660749995
1,8906479441,dota2-nemiga-dan-2026-07-21-game1,2026-07-21T07:24:02.590000+00:00,29.699000000000026,1.4107515749999997,31.109751575000026
1,8906814740,dota2-pckcp-stx-2026-07-21,2026-07-21T12:50:32.182000+00:00,-11.782700719999951,2.394684110124,-9.388016609875951
1,8907236730,dota2-jenz-lynx-2026-07-21-game1,2026-07-21T17:22:36.365000+00:00,0.0,0.0,0.0
1,8907997366,dota2-ill-dan-2026-07-22-game2,2026-07-22T08:30:21.640000+00:00,11.405799999999996,0.36323878499999995,11.769038784999996
1,8908612824,dota2-stx-spirit1-2026-07-22,2026-07-22T16:27:56.948000+00:00,19.048169299999984,2.7905604654525,21.838729765452484
1,8909443684,dota2-dan-z10-2026-07-23-game2,2026-07-23T08:24:14.078000+00:00,-11.6114094,0.82108838757,-10.790321012429999
1,8910104556,dota2-jenz-kw1-2026-07-23-game2,2026-07-23T16:47:57.620000+00:00,0.0,0.0,0.0
1,8910535715,dota2-lvlup1-aion-2026-07-23,2026-07-23T22:37:28.157000+00:00,10.636204439999979,0.6912863359335,11.327490775933478
1,8911277378,dota2-kw1-stx-2026-07-24-game2,2026-07-24T13:08:23.857000+00:00,37.83169360000001,0.5002480629,38.33194166290001
1,8912123729,dota2-nemiga-lvlup1-2026-07-24-game2,2026-07-24T22:15:39.296000+00:00,0.0,0.0,0.0
1,8912831712,dota2-pckcp-jenz-2026-07-22-game2,2026-07-25T11:23:26.682000+00:00,6.439300000000003,0.7227364125,7.162036412500003
1,8913726962,dota2-lynx-kw1-2026-07-25-game2,2026-07-25T20:57:15.562000+00:00,1.7261000000000308,1.2431476275,2.969247627500031
1,8914637220,dota2-nemiga-ill-2026-07-26,2026-07-26T12:04:18.708000+00:00,15.388399999999976,0.42268734,15.811087339999975
1,8915137972,dota2-kw1-rearis-2026-07-26-game2,2026-07-26T16:47:26.165000+00:00,0.3000000000000007,0.024412499999999993,0.3244125000000007
1,8916041863,dota2-lvlup1-pckcp-2026-07-27-game1,2026-07-27T09:21:33.291000+00:00,15.211200000000005,0.30458248499999996,15.515782485000004
1,8916474664,dota2-stx-nemiga-2026-07-27,2026-07-27T14:44:54.132000+00:00,-45.39413780999996,4.9529540342377505,-40.44118377576221
1,8917853656,dota2-nh-pckcp-2026-07-28-game2,2026-07-28T13:23:44.955000+00:00,1.4658999999999907,1.1901978075,2.6560978074999904
1,8919404744,dota2-rearis-z10-2026-07-29-game2,2026-07-29T13:48:28.368000+00:00,-12.771299999999997,2.5224505875000003,-10.248849412499997
1,8920655724,dota2-pckcp-z10-2026-07-30-game2,2026-07-30T10:32:16.617000+00:00,0.0,0.0,0.0
1,8921281044,dota2-amaru-pr1-2026-07-30-game2,2026-07-30T17:34:28.519000+00:00,0.0,0.0,0.0
1,8922137329,dota2-vg-amaru-2026-07-31-game2,2026-07-31T09:48:16.177000+00:00,9.799999999999997,0.105735,9.905734999999996
1,8922300474,dota2-enjoy-glyph-2026-07-31-game1,2026-07-31T12:14:29.331000+00:00,-7.6192137999999545,1.6864826514,-5.932731148599954
1,8922552315,dota2-l1ga-rnx-2026-07-31,2026-07-31T14:55:23.609000+00:00,0.0,0.64500516,0.64500516
1,8922940920,dota2-xtreme-lgd-2026-07-31-game2,2026-07-31T19:09:48.720000+00:00,-14.429999999999993,0.8680747499999999,-13.561925249999993
1,8923643650,dota2-midas3-tr7-2026-08-01,2026-08-01T08:08:01.087000+00:00,19.61730000000003,0.6160428675,20.233342867500028
1,8923874259,dota2-re-playti-2026-08-01-game2,2026-08-01T11:26:12.956000+00:00,-0.2201,0.00047871750000000004,-0.2196212825
1,8924328537,dota2-glyph-z10-2026-08-01-game1,2026-08-01T15:59:42.950000+00:00,-36.83541002,1.4114260658414999,-35.4239839541585
1,8924616191,dota2-rnx-xtreme-2026-08-01-game2,2026-08-01T19:06:22.446000+00:00,1.2507000000000374,1.0336110525,2.2843110525000374
1,8925703946,dota2-yes-tr7-2026-08-02-game2,2026-08-02T11:58:57.158000+00:00,14.71410000000003,1.9464656775,16.66056567750003
1,8926381426,dota2-rnx-yb1-2026-08-02,2026-08-02T18:14:10.009000+00:00,10.644800000000037,2.1665492399999997,12.811349240000037
1,8927132943,dota2-glyph-playti-2026-08-03,2026-08-03T08:27:35.152000+00:00,36.88469999999994,1.5801268874999999,38.46482688749994
1,8927539264,dota2-vg-yb1-2026-08-03-game1,2026-08-03T14:05:56.825000+00:00,119.55719999999997,0.8308697850000001,120.38806978499997
1,8928050264,dota2-re-lgd-2026-08-03-game2,2026-08-03T19:19:18.313000+00:00,-7.885206849999975,0.6018895706512499,-7.283317279348725
1,8929124210,dota2-yb1-re-2026-08-04-game1,2026-08-04T14:38:55.576000+00:00,5.67979849000001,1.45187929964325,7.13167778964326
1,8930258778,dota2-tr7-re-2026-08-05-game2,2026-08-05T09:25:42.941000+00:00,6.162673440000013,2.720318607648,8.882992047648013
1,8931781241,dota2-lvlup1-rearis-2026-08-06-game1,2026-08-06T09:28:03.156000+00:00,0.0,0.0,0.0
1,8932181345,dota2-rearis-nh-2026-08-06,2026-08-06T14:22:22.478000+00:00,2.5516000000000076,0.6386816399999999,3.1902816400000074
1,8932657929,dota2-ill-pr1-2026-08-06-game1,2026-08-06T19:12:10.345000+00:00,-39.306700000000035,0.9612373575,-38.34546264250004
1,8933575351,dota2-ill-stx-2026-08-07-game1,2026-08-07T12:33:02.695000+00:00,-62.188199999999995,1.72595868,-60.46224132
1,8934184387,dota2-jenz-nemiga-2026-08-07-game1,2026-08-07T18:35:03.983000+00:00,4.623799999999989,0.578413755,5.202213754999988
1,8937188618,dota2-lvlup1-mouz-2026-08-09-game1,2026-08-09T13:17:49.636000+00:00,-13.477156319999997,0.49700481577199995,-12.980151504227997
1,8937722788,dota2-z10-navi-2026-08-09-game1,2026-08-09T18:17:16.930000+00:00,-66.397,2.590554315,-63.80644568500001
1,8938716198,dota2-ill-z10-2026-08-10-game1,2026-08-10T12:25:50.383000+00:00,0.870299039999999,1.027267353828,1.897566393827999
1,8940266495,dota2-mouz-re-2026-08-11-game1,2026-08-11T12:16:13.042000+00:00,57.73910000000001,2.7236349075,60.46273490750001
1,8940756672,dota2-yes-z10-2026-08-11-game2,2026-08-11T16:48:25.758000+00:00,-16.61440023,1.51990174415925,-15.09449848584075
1,8942003788,dota2-navi-lvlup1-2026-08-12-game1,2026-08-12T13:42:36.457000+00:00,6.544800000000066,0.67781043,7.222610430000066
1,8962458373,dota2-ic-nemiga-2026-08-24-game2,2026-08-24T08:26:45.454000+00:00,-6.848301780000007,0.7270275613589999,-6.121274218641007
1,8963508714,dota2-rearis-lynx-2026-08-24-game2,2026-08-24T17:37:20.349000+00:00,5.9273000000000025,2.0385917625000003,7.965891762500003
1,8964480771,dota2-pckcp-nemiga-2026-08-25-game2,2026-08-25T08:31:41.723000+00:00,-4.640962749999986,1.53606678219375,-3.104895967806236
1,8964962329,dota2-ic-fts-2026-08-25-game1,2026-08-25T13:50:36.471000+00:00,76.97390005000004,1.07931726827325,78.05321731827328
1,8969842778,dota2-pckcp-ic-2026-08-28-game2,2026-08-28T08:21:21.985000+00:00,49.41611437999998,2.165519904261,51.581634284260986
1,8970338180,dota2-synaps-nemiga-2026-08-28-game1,2026-08-28T14:09:13.367000+00:00,0.0,0.67500675,0.67500675
1,8970575970,dota2-synaps-nemiga-2026-08-28,2026-08-28T16:02:11.965000+00:00,-37.61308082999999,1.2550396870927498,-36.35804114290724
1,8971016820,dota2-fts-nemiga-2026-08-28-game1,2026-08-28T20:17:43.711000+00:00,0.0,0.0,0.0
1,8971519375,dota2-nem-6seven-2026-08-29-game1,2026-08-29T05:14:15.579000+00:00,-6.378696140000002,0.7784699772915,-5.600226162708502
1,8971849697,dota2-icecre-kineti-2026-08-29-game2,2026-08-29T09:43:14.699000+00:00,0.0,0.0,0.0
1,8972103119,dota2-sb5-lynx-2026-08-29-game2,2026-08-29T12:31:54.536000+00:00,-14.146629800000042,0.581044860255,-13.565584939745042
1,8972611918,dota2-huliga-lynx-2026-08-29,2026-08-29T16:49:36.587000+00:00,-1.934999999999981,1.66520835,-0.26979164999998106
1,8973010298,dota2-ks-spirit1-2026-08-29-game1,2026-08-29T20:38:42.759000+00:00,-44.55000000000001,0.41098724999999997,-44.13901275000001
1,8973502629,dota2-clo-yb1-2026-08-30-game1,2026-08-30T05:13:07.837000+00:00,0.0,0.0,0.0
1,8973859403,dota2-lynx-lvlup1-2026-08-30-game2,2026-08-30T09:56:31.353000+00:00,9.11857087999988,2.1186641695244997,11.23723504952438
1,8974647733,dota2-lvlup1-pr1-2026-08-30-game1,2026-08-30T17:09:16.077000+00:00,5.427824059999978,1.6364024804894999,7.064226540489478
1,8976012755,dota2-synaps-lynx-2026-08-31-game2,2026-08-31T13:41:35.303000+00:00,15.02800000000002,1.535027895,16.56302789500002
1,8976511215,dota2-4iki-ic-2026-08-31,2026-08-31T18:29:54.020000+00:00,175.03699999999992,4.623790035,179.66079003499993
1,8977476867,dota2-ic-lynx-2026-09-01-game1,2026-09-01T12:26:04.131000+00:00,15.999999999999986,0.7404,16.740399999999987
1,8978832148,dota2-pr1-ic-2026-09-02-game1,2026-09-02T09:52:32.767000+00:00,54.16490900999999,0.9355379480422499,55.10044695804224
1,8979241530,dota2-dynast1-pckcp-2026-09-02-game2,2026-09-02T14:56:18.245000+00:00,23.516061159999936,1.028999823453,24.545060983452935
1,8980463789,dota2-pckcp-spirit1-2026-09-03-game1,2026-09-03T12:14:02.762000+00:00,-1.1494,0.20128867500000003,-0.948111325
1,8837957019,dota2-aur1-ty-2026-06-04-game2,2026-06-04T11:05:49.570000+00:00,-72.00539999999998,5.37672582,-66.62867417999998
1,8838480778,dota2-lgd-ty-2026-06-04,2026-06-04T17:57:47.377000+00:00,1.3810000000000002,1.241321025,2.622321025
1,8839494962,dota2-flc-aur1-2026-06-05-game1,2026-06-05T14:52:18.684000+00:00,4.904200000000003,2.00715441,6.911354410000003
1,8840704374,dota2-ty-bb4-2026-06-06-game2,2026-06-06T11:51:44.485000+00:00,-5.544722340000007,2.5822865944935,-2.962435745506507
1,8842052142,dota2-bb4-lgd-2026-06-07-game1,2026-06-07T09:18:04.694000+00:00,-25.528200740000045,1.7325037327245,-23.795697007275546
1,8842596730,dota2-ty-lgd-2026-06-07-game2,2026-06-07T15:49:20.066000+00:00,-6.19580000000002,0.873966915,-5.321833085000019
1,8843512570,dota2-4iki-nande4-2026-06-08-game2,2026-06-08T10:09:45.609000+00:00,4.3904999999999745,1.3823991225,5.772899122499974
1,8844132483,dota2-vpp-z10-2026-06-08-game1,2026-06-08T18:23:01.210000+00:00,0.0,0.0,0.0
1,8850593633,dota2-ill-pr1-2026-06-13,2026-06-13T18:00:57.551000+00:00,0.0,0.0,0.0
1,8885183102,dota2-flc-bb4-2026-07-07-game1,2026-07-07T09:47:24.433000+00:00,-8.795599999999993,0.41404023,-8.381559769999994
1,8885365825,dota2-l1ga-ngx-2026-07-07-game1,2026-07-07T12:34:49.112000+00:00,0.0,0.0,0.0
1,8885473599,dota2-liquid-playti-2026-07-07-game2,2026-07-07T13:52:27.923000+00:00,24.471844680000004,1.213653329844,25.685498009844004
1,8885784652,dota2-ts8-mouz-2026-07-07-game2,2026-07-07T17:16:32.961000+00:00,-11.797093919999966,1.7235420275639999,-10.073551892435967
1,8886005043,dota2-ty-og-2026-07-07-game2,2026-07-07T20:03:05.981000+00:00,-0.5999999999999996,0.055425,-0.5445749999999996
1,8886640910,dota2-flc-re-2026-07-08-game2,2026-07-08T10:39:41.623000+00:00,1.6154000000000082,0.5888669549999999,2.204266955000008
1,8886788497,dota2-ngx-aur1-2026-07-08-game1,2026-07-08T12:47:30.744000+00:00,3.0300148100000115,0.30105890567774996,3.3310737156777614
1,8887100676,dota2-vg-pari-2026-07-08-game1,2026-07-08T16:18:23.954000+00:00,0.0,0.0,0.0
1,8887260104,dota2-ty-ic-2026-07-08-game1,2026-07-08T17:58:24.214000+00:00,0.27749999999999986,0.0515941875,0.32909418749999986
1,8887432754,dota2-vp-1win-2026-07-08-game2,2026-07-08T20:20:02.742000+00:00,31.62639999999999,0.21790976999999997,31.844309769999988
1,8888066684,dota2-bb4-re-2026-07-09-game2,2026-07-09T10:43:25.275000+00:00,-6.8740999999999985,0.5072594774999999,-6.366840522499999
1,8888217771,dota2-ngx-liquid-2026-07-09-game1,2026-07-09T12:52:14.212000+00:00,20.25480000000003,1.4063682299999998,21.66116823000003
1,8888405761,dota2-mouz-nem-2026-07-09-game1,2026-07-09T14:48:45.816000+00:00,5.405599999999993,0.36893219999999993,5.774532199999992
1,8888554919,dota2-rnx-pari-2026-07-09-game2,2026-07-09T16:26:10.054000+00:00,0.0,0.0,0.0
1,8888731478,dota2-lgd-1win-2026-07-09-game1,2026-07-09T18:35:20.326000+00:00,-7.2464999999999975,0.4829429925,-6.7635570074999976
1,8889468264,dota2-xtreme-bb4-2026-07-10-game1,2026-07-10T09:26:30.741000+00:00,-12.282299999999935,2.2535387024999998,-10.028761297499935
1,8889615310,dota2-l1ga-liquid-2026-07-10-game1,2026-07-10T11:48:20.990000+00:00,0.0,0.29999999999999993,0.29999999999999993
1,8889871314,dota2-nem-vg-2026-07-10-game1,2026-07-10T14:27:52.631000+00:00,17.971199999999996,0.27121418999999997,18.242414189999995
1,8890036748,dota2-pari-mouz-2026-07-10-game2,2026-07-10T16:15:07.698000+00:00,9.256,0.28527487499999993,9.541274875000001
1,8890268632,dota2-lgd-ty-2026-07-10-game2,2026-07-10T18:43:14.663000+00:00,-28.252899999999997,1.2643000125,-26.988599987499995
1,8891145641,dota2-xtreme-flc-2026-07-11-game1,2026-07-11T09:30:07.111000+00:00,0.0,0.0,0.0
1,8891349244,dota2-playti-ngx-2026-07-11-game1,2026-07-11T12:27:52.369000+00:00,14.002099999999974,2.1752622975,16.177362297499975
1,8891519142,dota2-playti-ngx-2026-07-11-game2,2026-07-11T14:08:43.754000+00:00,-33.10599999999995,1.440178185,-31.66582181499995
1,8892923329,dota2-mouz-vg-2026-07-12-game2,2026-07-12T10:25:59.512000+00:00,-0.7096883799999922,2.0203562578245,1.3106678778245078
1,8893106015,dota2-og-vp-2026-07-12-game1,2026-07-12T12:36:42.440000+00:00,7.120799999999995,0.58723866,7.708038659999994
1,8896140998,dota2-liquid-xtreme-2026-07-14-game1,2026-07-14T11:24:31.795000+00:00,-30.038800000000005,1.65088284,-28.387917160000004
1,8896486914,dota2-liquid-xtreme-2026-07-14,2026-07-14T15:13:00.049000+00:00,-3.152836860000008,0.979311139659,-2.173525720341008
1,8897588873,dota2-ts8-liquid-2026-07-15-game1,2026-07-15T11:25:30.473000+00:00,-0.10830000000001405,2.3071218375,2.198821837499986
1,8897841991,dota2-1win-vg-2026-07-15-game1,2026-07-15T14:22:22.284000+00:00,2.1666000000000167,0.366540885,2.5331408850000168
1,8898117600,dota2-bb4-lgd-2026-07-15-game2,2026-07-15T17:15:52.403000+00:00,0.8000000000000398,0.74686125,1.5468612500000398
1,8899420575,dota2-pari-re-2026-07-17-game2,2026-07-16T15:46:28.167000+00:00,-12.688400000000058,0.8707706999999998,-11.817629300000059
1,8900882416,dota2-ngx-bb4-2026-07-16-game2,2026-07-17T15:33:10.588000+00:00,1.3889000000000067,0.4153158225,1.8042158225000067
1,8902431810,dota2-ty-pari-2026-07-18-game2,2026-07-18T15:09:37.865000+00:00,2.617999999999995,1.4248667099999999,4.042866709999995
1,8904012666,dota2-bb4-pari-2026-07-19-game1,2026-07-19T13:57:51.853000+00:00,69.7055,1.4308283325,71.1363283325
1,8905035315,dota2-stx-lynx-2026-07-20-game1,2026-07-20T07:25:19.610000+00:00,0.9100000000000037,0.22077675000000002,1.1307767500000037
1,8905359313,dota2-lynx-pckcp-2026-07-20-game2,2026-07-20T12:49:30.119000+00:00,-6.119081860000032,1.075115662482,-5.043966197518031
1,8905885788,dota2-spirit1-jenz-2026-07-20-game2,2026-07-20T18:35:45.253000+00:00,27.8335,0.5848078724999999,28.4183078725
1,8906547471,dota2-nemiga-dan-2026-07-21-game2,2026-07-21T08:48:51.736000+00:00,8.69120000000001,0.6135564,9.30475640000001
1,8906911697,dota2-lynx-spirit1-2026-07-21-game1,2026-07-21T14:01:22.509000+00:00,0.0,0.0,0.0
1,8907319204,dota2-jenz-lynx-2026-07-21-game2,2026-07-21T18:19:16.673000+00:00,-40.481455949999955,0.82834991793375,-39.653106032066205
1,8908178087,dota2-nemiga-aion-2026-07-22-game2,2026-07-22T11:35:02.272000+00:00,3.0500000000000007,0.13362825,3.183628250000001
1,8908710300,dota2-z10-lvlup1-2026-07-22-game1,2026-07-22T17:40:32.974000+00:00,-22.93202756000001,1.452931644747,-21.47909591525301
1,8909498494,dota2-dan-z10-2026-07-23,2026-07-23T09:35:42.112000+00:00,-1.1811999999999951,0.09040545,-1.0907945499999951
1,8910216725,dota2-jenz-kw1-2026-07-23,2026-07-23T18:09:02.529000+00:00,0.20999999999999996,0.021372750000000003,0.23137274999999996
1,8910589445,dota2-nemiga-ill-2026-07-23-game1,2026-07-23T23:33:41.369000+00:00,10.2159,1.2981944625000001,11.5140944625
1,8911784562,dota2-z10-ill-2026-07-24-game1,2026-07-24T18:00:21.302000+00:00,-6.894165399999995,0.18691556021999997,-6.707249839779995
1,8912551235,dota2-ill-aion-2026-07-25-game1,2026-07-25T07:19:52.253000+00:00,0.0,0.0,0.0
1,8912974141,dota2-pckcp-jenz-2026-07-22,2026-07-25T13:02:19.241000+00:00,-12.722527710000069,2.43966946735275,-10.282858242647318
1,8913824141,dota2-lynx-kw1-2026-07-25,2026-07-25T22:21:39.642000+00:00,0.3768000000000278,3.97482957,4.351629570000028
1,8914749408,dota2-rearis-pckcp-2026-07-26-game1,2026-07-26T13:19:34.036000+00:00,-8.108400000000003,0.41555549999999997,-7.692844500000003
1,8915271266,dota2-jenz-stx-2026-07-26-game1,2026-07-26T18:26:53.337000+00:00,20.12039999999996,0.7106567399999999,20.831056739999962
1,8916102349,dota2-lvlup1-pckcp-2026-07-27-game2,2026-07-27T10:12:46.876000+00:00,3.7278789200000064,0.34080553556099996,4.068684455561006
1,8917611319,dota2-pr1-nemiga-2026-07-28-game2,2026-07-28T10:17:02.190000+00:00,0.0,0.0,0.0
1,8918052500,dota2-pckcp-kw1-2026-07-28-game1,2026-07-28T15:24:46.769000+00:00,-7.152356959999992,0.268765734672,-6.883591225327992
1,8919546613,dota2-amaru-nemiga-2026-07-29-game1,2026-07-29T15:15:30.082000+00:00,-44.215900480000016,1.519395515196,-42.696504964804014
1,8920897425,dota2-lvlup1-z10-2026-07-30-game2,2026-07-30T13:37:44.606000+00:00,-30.145100000000006,0.8523178575000001,-29.292782142500005
1,8921949036,dota2-re-midas3-2026-07-31-game1,2026-07-31T06:23:42.906000+00:00,-5.333999999999989,0.5447396250000001,-4.789260374999989
1,8922133239,dota2-tr7-playti-2026-07-31-game1,2026-07-31T09:57:34.446000+00:00,34.407199120000016,2.333153156502,36.740352276502016
1,8922339160,dota2-l1ga-rnx-2026-07-31-game1,2026-07-31T12:44:09.822000+00:00,-9.302400000000006,0.8424486,-8.459951400000005
1,8922602122,dota2-yb1-z10-2026-07-31-game1,2026-07-31T15:28:08.646000+00:00,5.503700000000009,1.4645479275,6.968247927500009
1,8923040358,dota2-xtreme-lgd-2026-07-31,2026-07-31T20:28:40.570000+00:00,-28.359899999999982,1.2318617625,-27.128038237499982
1,8923704450,dota2-yes-vg-2026-08-01-game1,2026-08-01T09:01:56.739000+00:00,0.002876489999962928,0.94499685916425,0.947873349164213
1,8923899787,dota2-enjoy-yb1-2026-08-01-game1,2026-08-01T11:45:49.553000+00:00,-4.369600000000055,1.3590973649999998,-3.0105026350000554
1,8924367779,dota2-l1ga-lgd-2026-08-01,2026-08-01T16:23:12.450000+00:00,-16.867199999999997,0.32077800000000006,-16.546421999999996
1,8925210898,dota2-playti-xctn-2026-08-02-game1,2026-08-02T05:28:20.542000+00:00,24.36299892000001,1.6475515331369999,26.01055045313701
1,8925847726,dota2-yes-tr7-2026-08-02,2026-08-02T13:17:43.701000+00:00,2.5193734400000025,0.672810921552,3.1921843615520027
1,8926523280,dota2-z10-lgd-2026-08-02-game1,2026-08-02T19:59:32.068000+00:00,0.0,0.0,0.0
1,8927207054,dota2-xtreme-tr7-2026-08-03-game1,2026-08-03T10:00:05.212000+00:00,3.224208189999999,0.89092992138825,4.115138111388249
1,8927660975,dota2-vg-yb1-2026-08-03-game2,2026-08-03T15:05:20.968000+00:00,3.196597199999985,0.82932243246,4.025919632459985
1,8928163118,dota2-re-lgd-2026-08-03,2026-08-03T20:43:38.722000+00:00,-14.037600719999993,1.780895592624,-12.256705127375993
1,8929276426,dota2-yb1-re-2026-08-04-game2,2026-08-04T15:54:25.550000+00:00,8.93190942999999,1.55970948872775,10.49161891872774
1,8930398938,dota2-playti-yb1-2026-08-05-game1,2026-08-05T12:24:04.133000+00:00,-2.188999999999959,2.99941662,0.8104166200000407
1,8931852727,dota2-lvlup1-rearis-2026-08-06-game2,2026-08-06T10:30:33.624000+00:00,-43.60313760000001,1.32990148452,-42.27323611548001
1,8932318084,dota2-nh-lvlup1-2026-08-06-game1,2026-08-06T15:34:15.395000+00:00,-25.30749999999997,0.5608517775,-24.746648222499967
1,8932835800,dota2-ill-pr1-2026-08-06,2026-08-06T21:22:55.783000+00:00,-8.409499999999994,0.5673445874999999,-7.842155412499994
1,8933704579,dota2-ill-stx-2026-08-07-game2,2026-08-07T13:44:43.178000+00:00,-22.251600000000025,3.747284115,-18.504315885000025
1,8934279386,dota2-jenz-nemiga-2026-08-07-game2,2026-08-07T19:33:30.612000+00:00,0.0,0.0,0.0
1,8937335830,dota2-lvlup1-mouz-2026-08-09-game2,2026-08-09T14:27:35.299000+00:00,9.254400000000004,2.1267108749999997,11.381110875000005
1,8938509987,dota2-pr1-mouz-2026-08-10-game1,2026-08-10T09:24:47.767000+00:00,13.302300000000002,1.2210746625,14.523374662500002
1,8939023869,dota2-yes-lvlup1-2026-08-10-game1,2026-08-10T15:24:37.289000+00:00,0.0,0.0,0.0
1,8940365227,dota2-mouz-re-2026-08-11-game2,2026-08-11T13:12:04.281000+00:00,-20.04167418999998,2.14238995212675,-17.899284237873232
1,8941656460,dota2-lvlup1-re-2026-08-12-game1,2026-08-12T09:19:34.658000+00:00,9.653199999999998,1.497986415,11.151186414999998
1,8942152024,dota2-navi-lvlup1-2026-08-12-game2,2026-08-12T14:50:30.897000+00:00,0.3661999999999921,0.45507633000000003,0.8212763299999921
1,8962592819,dota2-ks-lynx-2026-08-24-game1,2026-08-24T10:19:27.562000+00:00,0.0,0.0,0.0
1,8963649188,dota2-dynast1-fts-2026-08-24-game1,2026-08-24T19:15:00.848000+00:00,56.129400000000004,0.66881826,56.798218260000006
1,8964574076,dota2-pckcp-nemiga-2026-08-25,2026-08-25T09:52:05.670000+00:00,-0.03999999999999737,0.7660349999999999,0.7260350000000025
1,8965097316,dota2-ic-fts-2026-08-25-game2,2026-08-25T14:41:01.046000+00:00,-16.03419999999997,1.2759784799999998,-14.758221519999971
1,8969978865,dota2-rearis-sb5-2026-08-28-game1,2026-08-28T10:27:01.322000+00:00,-8.523500000000002,0.3156150375,-8.207884962500001
1,8970352005,dota2-dynast1-ic-2026-08-28-game1,2026-08-28T14:10:35.964000+00:00,0.08770000000000033,0.0323284125,0.12002841250000033
1,8970655100,dota2-dynast1-ic-2026-08-28,2026-08-28T16:43:34.585000+00:00,-13.786511159999954,1.688229891267,-12.098281268732954
1,8971111987,dota2-ks-rearis-2026-08-28-game2,2026-08-28T21:24:47.695000+00:00,7.740000000000009,0.2292975,7.9692975000000095
1,8971586781,dota2-nem-6seven-2026-08-29-game2,2026-08-29T06:13:46.689000+00:00,-7.91670000000002,1.0606252125,-6.85607478750002
1,8971891627,dota2-dynast1-nemiga-2026-08-29-game1,2026-08-29T10:17:49.464000+00:00,12.703000000000003,0.376649625,13.079649625000004
1,8972115962,dota2-mouz-yes-2026-08-29-game2,2026-08-29T12:36:59.931000+00:00,-34.484900000000025,3.0617804475,-31.423119552500026
1,8972773416,dota2-pi-lvlup1-2026-08-29-game1,2026-08-29T18:17:23.637000+00:00,-68.71419944000004,2.289457228026,-66.42474221197405
1,8973337131,dota2-icecre-xctn-2026-08-30-game1,2026-08-30T02:14:49.254000+00:00,-6.475780999999998,0.17378123662499997,-6.301999763374998
1,8973568453,dota2-clo-yb1-2026-08-30-game2,2026-08-30T06:12:50.377000+00:00,-3.316375939999986,0.2700382454895,-3.0463376945104863
1,8973884000,dota2-nem-xctn-2026-08-30-game2,2026-08-30T10:12:32.710000+00:00,2.150766110000035,1.08422410814925,3.234990218149285
1,8974898633,dota2-lvlup1-pr1-2026-08-30,2026-08-30T19:25:58.777000+00:00,-12.131631669999976,2.9318802485707494,-9.199751421429227
1,8976166971,dota2-synaps-lynx-2026-08-31,2026-08-31T15:09:07.826000+00:00,31.22285759999994,2.2829917862999998,33.50584938629994
1,8976665322,dota2-spirit1-pi-2026-08-31-game1,2026-08-31T20:26:57.494000+00:00,4.604400000000025,1.157735625,5.762135625000025
1,8977623650,dota2-ic-lynx-2026-09-01-game2,2026-09-01T13:53:28.128000+00:00,20.443,1.8044889450000001,22.247488945
1,8978916284,dota2-pr1-ic-2026-09-02-game2,2026-09-02T11:19:11.539000+00:00,3.4095000000000084,0.7544546624999999,4.163954662500008
1,8979344496,dota2-synaps-4iki-2026-09-02-game1,2026-09-02T15:59:27.587000+00:00,-10.895300000000027,2.7268780425,-8.168421957500026
1,8980769413,dota2-pi-dynast1-2026-09-03-game1,2026-09-03T15:17:23.998000+00:00,15.200000000000003,0.30838499999999996,15.508385000000002
1,8838056564,dota2-flc-liquid-2026-06-04-game1,2026-06-04T12:43:48.535000+00:00,-1.1184000000000012,0.99843006,-0.11996994000000116
1,8839123109,dota2-flc-bb4-2026-06-05-game1,2026-06-05T09:16:39.267000+00:00,2.170100000000005,0.7008586875,2.8709586875000053
1,8839625815,dota2-flc-aur1-2026-06-05-game2,2026-06-05T16:13:53.150000+00:00,16.456800000000015,0.7690427099999999,17.225842710000016
1,8840821227,dota2-ty-bb4-2026-06-06,2026-06-06T13:12:37.368000+00:00,40.25209920999998,3.9932211505447497,44.24532036054473
1,8842134886,dota2-bb4-lgd-2026-06-07-game2,2026-06-07T10:28:41.168000+00:00,4.244160230000027,2.75063321001675,6.994793440016776
1,8842722527,dota2-ty-lgd-2026-06-07-game3,2026-06-07T17:12:22.566000+00:00,26.91909914999998,1.47283115052375,28.39193030052373
1,8843560379,dota2-4iki-nande4-2026-06-08,2026-06-08T11:10:54.138000+00:00,-1.4040999999999997,1.2764989125000001,-0.12760108749999954
1,8844244719,dota2-vpp-z10-2026-06-08-game2,2026-06-08T19:45:42.908000+00:00,16.35599999999998,0.4120665,16.768066499999982
1,8851984783,dota2-4iki-pr1-2026-06-14-game2,2026-06-14T16:46:25.798000+00:00,-5.142500000000002,1.5989818125,-3.543518187500002
1,8885195986,dota2-re-xtreme-2026-07-07-game1,2026-07-07T09:55:03.037000+00:00,10.098999999999975,0.31329115499999993,10.412291154999975
1,8885380529,dota2-liquid-playti-2026-07-07-game1,2026-07-07T12:43:07.045000+00:00,-2.517700000000004,1.2151993125,-1.302500687500004
1,8885529711,dota2-lvlup1-aur1-2026-07-07-game2,2026-07-07T14:23:52.590000+00:00,15.420799999999929,0.15325386000000008,15.574053859999928
1,8885871759,dota2-ic-1win-2026-07-07-game1,2026-07-07T18:31:07.999000+00:00,0.0,0.0,0.0
1,8886576019,dota2-poorra-bb4-2026-07-08-game1,2026-07-08T09:20:01.472000+00:00,-6.543400000000005,0.32577850499999994,-6.217621495000006
1,8886641793,dota2-gl-xtreme-2026-07-08-game2,2026-07-08T10:45:04.782000+00:00,27.01809910999998,2.3919600947632498,29.41005920476323
1,8886815251,dota2-l1ga-playti-2026-07-08-game2,2026-07-08T13:04:20.712000+00:00,31.544700000000034,0.5771723925,32.12187239250004
1,8887114313,dota2-ts8-nem-2026-07-08-game2,2026-07-08T16:15:19.583000+00:00,-11.105499999999992,0.3157099875,-10.789790012499992
1,8887314193,dota2-lgd-og-2026-07-08-game2,2026-07-08T18:40:30.736000+00:00,-75.52959999999996,5.164637655,-70.36496234499995
1,8887986392,dota2-poorra-xtreme-2026-07-09-game1,2026-07-09T09:21:30.237000+00:00,-59.2722,2.879829075,-56.392370924999994
1,8888083694,dota2-gl-flc-2026-07-09-game2,2026-07-09T11:11:32.224000+00:00,25.54023313999994,1.5856082536454998,27.12584139364544
1,8888260336,dota2-l1ga-aur1-2026-07-09-game2,2026-07-09T13:20:05.771000+00:00,0.098700000000008,0.4372925175,0.535992517500008
1,8888425887,dota2-rnx-pari-2026-07-09-game1,2026-07-09T15:02:02.148000+00:00,6.4459999999999695,0.31859761500000006,6.764597614999969
1,8888592426,dota2-vg-ts8-2026-07-09-game2,2026-07-09T16:59:54.115000+00:00,-3.9150999999999954,0.8176979775000001,-3.0974020224999954
1,8888771711,dota2-og-ic-2026-07-09-game2,2026-07-09T19:04:50.495000+00:00,-0.6599999999999993,0.03450149999999999,-0.6254984999999993
1,8889513730,dota2-poorra-flc-2026-07-10-game2,2026-07-10T10:17:36.842000+00:00,0.0,0.22500562500000001,0.22500562500000001
1,8889621582,dota2-aur1-playti-2026-07-10-game1,2026-07-10T11:57:42.116000+00:00,-51.40089999999995,1.9226732025,-49.47822679749995
1,8889914618,dota2-pari-mouz-2026-07-10-game1,2026-07-10T14:59:49.254000+00:00,-3.2823999999999813,0.5428191599999999,-2.7395808399999817
1,8890074597,dota2-rnx-ts8-2026-07-10-game2,2026-07-10T16:28:42.555000+00:00,0.0,0.0,0.0
1,8890301402,dota2-ic-vp-2026-07-10-game2,2026-07-10T18:52:09.717000+00:00,0.0,0.0,0.0
1,8891217710,dota2-poorra-re-2026-07-11-game2,2026-07-11T10:44:50.172000+00:00,-51.41220070000003,1.5174778776375,-49.894722822362525
1,8891371442,dota2-aur1-liquid-2026-07-11-game1,2026-07-11T12:43:19.319000+00:00,14.713566999999998,0.488551565625,15.202118565624998
1,8892829232,dota2-mouz-vg-2026-07-12-game1,2026-07-12T09:15:57.248000+00:00,-96.65895238000002,1.5300008003610004,-95.12895157963902
1,8892914077,dota2-pari-ts8-2026-07-12-game2,2026-07-12T10:31:28.406000+00:00,4.598988199999972,0.81790689987,5.416895099869972
1,8893165071,dota2-1win-ty-2026-07-12-game2,2026-07-12T13:18:20.777000+00:00,-9.870837840000007,0.637452548928,-9.233385291072008
1,8896234088,dota2-re-vp-2026-07-14-game2,2026-07-14T12:30:48.003000+00:00,-2.7086999999999763,0.8540973374999999,-1.8546026624999765
1,8896645659,dota2-lgd-mouz-2026-07-14-game1,2026-07-14T16:55:49.823000+00:00,0.1612,0.022656660000000002,0.18385666
1,8897695379,dota2-aur1-re-2026-07-15-game2,2026-07-15T12:41:48.340000+00:00,-4.5976,0.47412903000000006,-4.12347097
1,8897971312,dota2-1win-vg-2026-07-15-game2,2026-07-15T15:33:39.656000+00:00,9.073600000000027,0.797405715,9.871005715000027
1,8899028080,dota2-ty-ts8-2026-07-17-game1,2026-07-16T11:25:22.617000+00:00,20.70780000000002,1.289002305,21.99680230500002
1,8900508749,dota2-flc-vg-2026-07-16-game1,2026-07-17T11:21:46.405000+00:00,-4.2254999999999825,0.4473748125,-3.7781251874999824
1,8902107148,dota2-bb4-vg-2026-07-18-game1,2026-07-18T11:22:02.020000+00:00,0.0,0.0,0.0
1,8902610619,dota2-ty-pari-2026-07-18,2026-07-18T16:48:06.686000+00:00,7.547199999999975,0.69934242,8.246542419999976
1,8904157676,dota2-bb4-pari-2026-07-19-game2,2026-07-19T15:17:11.337000+00:00,-16.501301750000046,4.258962976593749,-12.242338773406296
1,8905093611,dota2-stx-lynx-2026-07-20-game2,2026-07-20T08:36:36.644000+00:00,66.67879895999994,2.907105713985,69.58590467398494
1,8905490238,dota2-z10-nemiga-2026-07-20-game1,2026-07-20T14:13:02.081000+00:00,-13.116462940000012,1.1925365073915,-11.923926432608512
1,8905975768,dota2-lvlup1-ill-2026-07-20-game1,2026-07-20T19:45:16.612000+00:00,-0.5333999999999861,0.991392375,0.4579923750000139
1,8906626852,dota2-pckcp-stx-2026-07-21-game1,2026-07-21T10:17:03.931000+00:00,30.557200000000023,0.6261354299999999,31.183335430000025
1,8907021823,dota2-lynx-spirit1-2026-07-21-game2,2026-07-21T14:54:33.550000+00:00,-55.776783880000075,3.598689116331,-52.17809476366907
1,8907510684,dota2-z10-aion-2026-07-21-game2,2026-07-21T20:45:41.820000+00:00,0.0,0.0,0.0
1,8908313996,dota2-stx-spirit1-2026-07-22-game1,2026-07-22T13:26:43.307000+00:00,0.04526735999999687,1.0047967475040003,1.0500641075039971
1,8908926344,dota2-z10-lvlup1-2026-07-22,2026-07-22T20:21:42.790000+00:00,-14.680875629999946,3.43923066378225,-11.241644966217695
1,8909658828,dota2-spirit1-pckcp-2026-07-23-game2,2026-07-23T11:56:35.158000+00:00,-7.876600800000006,1.08550420176,-6.7910965982400056
1,8910344715,dota2-lvlup1-aion-2026-07-23-game1,2026-07-23T19:45:58.831000+00:00,0.0,0.0,0.0
1,8910670427,dota2-nemiga-ill-2026-07-23,2026-07-24T01:26:47.762000+00:00,2.4926000000000066,0.78023586,3.2728358600000065
1,8911916389,dota2-z10-ill-2026-07-24-game2,2026-07-24T19:32:36.981000+00:00,19.720999999999975,1.8068258250000002,21.527825824999976
1,8912622476,dota2-ill-aion-2026-07-25-game2,2026-07-25T08:27:06.996000+00:00,-0.508443760000004,0.07905884436599998,-0.42938491563400405
1,8913307206,dota2-kw1-pckcp-2026-07-25-game1,2026-07-25T16:28:48.834000+00:00,15.714600000000004,0.389900655,16.104500655000006
1,8914414410,dota2-nemiga-ill-2026-07-26-game1,2026-07-26T09:26:59.644000+00:00,-13.788556639999996,0.533684720388,-13.254871919611997
1,8914885598,dota2-rearis-pckcp-2026-07-26-game2,2026-07-26T14:24:02.001000+00:00,72.2233,0.4345302525,72.65783025249999
1,8915390117,dota2-jenz-stx-2026-07-26-game2,2026-07-26T19:37:39.362000+00:00,0.0,0.0,0.0
1,8916245727,dota2-stx-nemiga-2026-07-27-game1,2026-07-27T12:25:46.061000+00:00,10.110798049999994,1.30893146546625,11.419729515466244
1,8917675823,dota2-pr1-nemiga-2026-07-28,2026-07-28T11:19:25.327000+00:00,76.85500000000002,0.40723875000000004,77.26223875000002
1,8918176547,dota2-pckcp-kw1-2026-07-28-game2,2026-07-28T16:37:04.197000+00:00,33.21540909999996,0.8593482129074999,34.07475731290746
1,8919685210,dota2-amaru-nemiga-2026-07-29-game2,2026-07-29T16:34:50.427000+00:00,-70.39670061999999,1.9920225195704997,-68.40467810042949
1,8921002620,dota2-lvlup1-z10-2026-07-30,2026-07-30T14:47:46.063000+00:00,8.16319999999999,1.5437569199999999,9.706956919999989
1,8922016200,dota2-re-midas3-2026-07-31-game2,2026-07-31T07:39:14.850000+00:00,2.0799999999999983,0.11481599999999999,2.194815999999998
1,8922186876,dota2-vg-amaru-2026-07-31,2026-07-31T10:40:33.810000+00:00,6.410499999999985,0.47317925250000004,6.883679252499984
1,8922400300,dota2-enjoy-glyph-2026-07-31-game2,2026-07-31T13:24:39.311000+00:00,21.720399999999984,0.7136583599999999,22.434058359999984
1,8922722577,dota2-yb1-z10-2026-07-31-game2,2026-07-31T16:35:25.057000+00:00,-11.203699999999998,1.0645235775000002,-10.139176422499997
1,8923506996,dota2-midas3-tr7-2026-08-01-game1,2026-08-01T05:43:01.223000+00:00,0.0,0.0,0.0
1,8923780137,dota2-re-playti-2026-08-01-game1,2026-08-01T10:09:39.721000+00:00,-5.614099999999969,1.1949606375,-4.419139362499969
1,8924057168,dota2-l1ga-lgd-2026-08-01-game1,2026-08-01T13:34:16.709000+00:00,0.6082000000000001,0.20887108499999998,0.817071085
1,8924468754,dota2-glyph-z10-2026-08-01-game2,2026-08-01T17:25:49.795000+00:00,7.743199999999987,2.09384196,9.837041959999986
1,8925308090,dota2-playti-xctn-2026-08-02-game2,2026-08-02T07:03:47.891000+00:00,0.0,0.0,0.0
1,8926022375,dota2-rnx-yb1-2026-08-02-game1,2026-08-02T15:09:53.856000+00:00,15.869499999999974,1.7191907775,17.588690777499973
1,8926636219,dota2-z10-lgd-2026-08-02-game2,2026-08-02T21:07:31.416000+00:00,-14.430999999999983,0.5751092999999999,-13.855890699999984
1,8927288399,dota2-xtreme-tr7-2026-08-03-game2,2026-08-03T11:00:48.642000+00:00,-13.117301879999985,1.7858550863340001,-11.331446793665986
1,8927760296,dota2-vg-yb1-2026-08-03,2026-08-03T16:18:19.713000+00:00,74.58200000000014,2.625834825,77.20783482500013
1,8928851109,dota2-playti-tr7-2026-08-04-game1,2026-08-04T11:30:07.829000+00:00,0.0,0.0,0.0
1,8929365099,dota2-yb1-re-2026-08-04,2026-08-04T16:51:08.308000+00:00,5.1295182000000565,1.8380711304,6.967589330400056
1,8930615242,dota2-playti-yb1-2026-08-05-game2,2026-08-05T14:02:56.166000+00:00,108.3261,1.4678924625,109.7939924625
1,8931981851,dota2-rearis-nh-2026-08-06-game1,2026-08-06T12:26:15.226000+00:00,11.939999999999998,0.457376625,12.397376624999998
1,8932413808,dota2-nh-lvlup1-2026-08-06-game2,2026-08-06T16:23:29.211000+00:00,0.0,0.0,0.0
1,8933374169,dota2-nh-z10-2026-08-07-game1,2026-08-07T09:29:47.916000+00:00,-7.518000000000001,0.10576215,-7.41223785
1,8933879286,dota2-pr1-jenz-2026-08-07-game1,2026-08-07T15:25:51.002000+00:00,-216.1638999999999,3.2887347375000004,-212.8751652624999
1,8936825643,dota2-pr1-yes-2026-08-09-game1,2026-08-09T09:22:32.992000+00:00,-8.848377589999984,0.98906342235675,-7.859314167643234
1,8937484593,dota2-ill-re-2026-08-09-game1,2026-08-09T15:55:00.679000+00:00,0.0,0.05306399999999999,0.05306399999999999
1,8938565057,dota2-pr1-mouz-2026-08-10-game2,2026-08-10T10:12:07.159000+00:00,3.9843827200000073,0.49432566019199997,4.478708380192007
1,8940059913,dota2-lvlup1-navi-2026-08-11-game1,2026-08-11T09:16:02.605000+00:00,20.906299999999973,1.0382631974999998,21.944563197499974
1,8940487898,dota2-mouz-re-2026-08-11,2026-08-11T14:25:06.999000+00:00,-7.262656039999985,2.5202116613939998,-4.7424443786059856
1,8941733752,dota2-lvlup1-re-2026-08-12-game2,2026-08-12T10:35:42.245000+00:00,16.77109908999998,1.38803815970175,18.15913724970173
1,8942262723,dota2-navi-lvlup1-2026-08-12-game3,2026-08-12T15:53:47.795000+00:00,0.0,0.25499592000000004,0.25499592000000004
1,8962736746,dota2-ks-lynx-2026-08-24-game2,2026-08-24T11:33:18.452000+00:00,41.000636619999966,1.9897133069025,42.99034992690247
1,8963790789,dota2-dynast1-fts-2026-08-24-game2,2026-08-24T20:20:45.642000+00:00,-2.480600499999994,0.6120299823750001,-1.868570517624994
1,8964657335,dota2-fts-pckcp-2026-08-25-game1,2026-08-25T10:52:11.864000+00:00,2.9283000000000072,0.45300395250000003,3.3813039525000073
1,8964938940,dota2-rearis-spirit1-2026-08-25-game1,2026-08-25T16:23:39.394000+00:00,1.9000000000000057,0.4039575,2.303957500000006
1,8970089224,dota2-rearis-sb5-2026-08-28-game2,2026-08-28T11:41:09.553000+00:00,0.9600000000000009,0.057456,1.0174560000000008
1,8970470057,dota2-synaps-nemiga-2026-08-28-game2,2026-08-28T15:09:53.245000+00:00,237.64550932999992,1.3667478798277501,239.01225720982768
1,8970886632,dota2-dynast1-pckcp-2026-08-28-game2,2026-08-28T18:51:22.084000+00:00,103.10251738,0.919224492285,104.02174187228499
1,8971423978,dota2-db2-satan-2026-08-28-game2,2026-08-29T03:20:55.120000+00:00,0.0,0.0,0.0
1,8971664649,dota2-nem-6seven-2026-08-29,2026-08-29T07:24:10.704000+00:00,4.38504506000001,0.8223174526455,5.20736251264551
1,8971964803,dota2-mouz-yes-2026-08-29-game1,2026-08-29T11:13:49.271000+00:00,-9.445600930000055,1.94315243741925,-7.502448492580805
1,8972289868,dota2-huliga-lynx-2026-08-29-game1,2026-08-29T14:15:10.550000+00:00,-40.11779024000009,5.342459937972,-34.77533030202809
1,8972893200,dota2-pi-lvlup1-2026-08-29-game2,2026-08-29T19:20:53.860000+00:00,-7.510491839999972,1.191272964156,-6.319218875843972
1,8973405568,dota2-icecre-xctn-2026-08-30-game2,2026-08-30T03:19:55.483000+00:00,-9.94768346,1.530945425829,-8.416738034171
1,8973613420,dota2-clo-yb1-2026-08-30,2026-08-30T07:04:46.677000+00:00,12.85766683,0.46605743688074996,13.323724266880749
1,8973944033,dota2-lynx-lvlup1-2026-08-30,2026-08-30T10:50:43.696000+00:00,174.93155541999988,1.7693229243435,176.70087834434338
1,8975110449,dota2-dynast1-ks-2026-08-30-game2,2026-08-30T21:54:27.706000+00:00,-17.778399999999948,1.582432605,-16.195967394999947
1,8976300473,dota2-4iki-ic-2026-08-31-game1,2026-08-31T16:25:39.940000+00:00,-7.496539599999977,1.1817248942999998,-6.314814705699977
1,8976751962,dota2-spirit1-pi-2026-08-31-game2,2026-08-31T21:40:17.685000+00:00,10.35995815999999,0.445814158488,10.80577231848799
1,8977913355,dota2-synaps-lvlup1-2026-09-01-game2,2026-09-01T16:37:59.217000+00:00,12.342600000000004,0.377382375,12.719982375000004
1,8978986214,dota2-pr1-ic-2026-09-02,2026-09-02T12:20:55.440000+00:00,-5.721700000000004,0.4684382175,-5.253261782500004
1,8980293569,dota2-z10-ks-2026-09-03-game1,2026-09-03T09:18:42.909000+00:00,-2.86160000000001,0.65279418,-2.20880582000001
1,8838170936,dota2-flc-liquid-2026-06-04-game2,2026-06-04T14:05:12.636000+00:00,-12.747800879999971,4.802118177096,-7.945682702903971
1,8839193447,dota2-flc-bb4-2026-06-05-game2,2026-06-05T10:38:10.594000+00:00,-1.1325208900000234,1.71833207560575,0.5858111856057266
1,8839717574,dota2-flc-aur1-2026-06-05,2026-06-05T17:21:15.591000+00:00,-1.955076680000019,1.5208501690619998,-0.43422651093801923
1,8840984097,dota2-aur1-lgd-2026-06-06-game1,2026-06-06T15:05:33.978000+00:00,-4.18629999999996,1.7681177925,-2.41818220749996
1,8842245726,dota2-bb4-lgd-2026-06-07,2026-06-07T11:59:53.564000+00:00,18.1732,1.851250905,20.024450905000002
1,8842845018,dota2-ty-lgd-2026-06-07-game4,2026-06-07T18:51:58.999000+00:00,0.2414000000000005,0.019100775,0.2605007750000005
1,8843760302,dota2-vpp-balu-2026-06-08-game2,2026-06-08T13:42:26.324000+00:00,8.860599999999991,0.271798905,9.132398904999992
1,8844308689,dota2-vpp-z10-2026-06-08,2026-06-08T20:50:38.757000+00:00,29.056399999999996,0.56741091,29.623810909999996
1,8852055373,dota2-4iki-pr1-2026-06-14,2026-06-14T17:46:02.690000+00:00,5.3944000000000045,0.795356805,6.1897568050000045
1,8885252329,dota2-flc-bb4-2026-07-07-game2,2026-07-07T11:01:59.599000+00:00,-5.523100000000034,2.0366033175,-3.486496682500034
1,8885411801,dota2-lvlup1-aur1-2026-07-07-game1,2026-07-07T13:06:28.530000+00:00,-12.85929999999999,0.4982196525,-12.36108034749999
1,8885633666,dota2-ts8-mouz-2026-07-07-game1,2026-07-07T15:33:28.678000+00:00,1.3365651600000064,0.643491740862,1.9800569008620064
1,8885928262,dota2-ty-og-2026-07-07-game1,2026-07-07T19:03:44.444000+00:00,13.31150000000001,0.25966280249999996,13.571162802500009
1,8886572854,dota2-gl-xtreme-2026-07-08-game1,2026-07-08T09:27:27.007000+00:00,3.686400000000063,4.92800805,8.614408050000062
1,8886728756,dota2-l1ga-playti-2026-07-08-game1,2026-07-08T12:02:19.795000+00:00,14.278222800000023,2.1317271441,16.409949944100024
1,8886862310,dota2-liquid-lvlup1-2026-07-08-game2,2026-07-08T13:37:25.898000+00:00,6.698400000000021,0.33360309,7.032003090000021
1,8887197358,dota2-vg-pari-2026-07-08-game2,2026-07-08T17:23:00.102000+00:00,-11.699700000000064,0.9933268875,-10.706373112500064
1,8887325211,dota2-vp-1win-2026-07-08-game1,2026-07-08T18:51:24.334000+00:00,-32.2834086,1.7924603004750002,-30.490948299525
1,8887998750,dota2-bb4-re-2026-07-09-game1,2026-07-09T09:29:32.198000+00:00,-19.58200000000005,1.2643851000000002,-18.317614900000052
1,8888160657,dota2-l1ga-aur1-2026-07-09-game1,2026-07-09T12:09:38.901000+00:00,1.3255999999999801,0.881856795,2.20745679499998
1,8888279558,dota2-playti-lvlup1-2026-07-09-game2,2026-07-09T13:33:23.111000+00:00,20.4816,0.12749796000000002,20.60909796
1,8888489297,dota2-vg-ts8-2026-07-09-game1,2026-07-09T15:42:43.149000+00:00,0.0,0.0,0.0
1,8888682602,dota2-og-ic-2026-07-09-game1,2026-07-09T17:53:01.981000+00:00,-50.46800000000006,2.27849196,-48.189508040000064
1,8888819433,dota2-lgd-1win-2026-07-09-game2,2026-07-09T19:41:02.532000+00:00,32.93969999999999,2.5041425625000002,35.44384256249999
1,8889524021,dota2-xtreme-bb4-2026-07-10-game2,2026-07-10T10:37:39.793000+00:00,0.04600000000002069,1.5151052999999999,1.5611053000000206
1,8889699098,dota2-l1ga-liquid-2026-07-10-game2,2026-07-10T12:46:15.831000+00:00,0.0,0.0,0.0
1,8889944251,dota2-rnx-ts8-2026-07-10-game1,2026-07-10T15:15:29.857000+00:00,12.490199999999987,0.2681162550000001,12.758316254999988
1,8890179830,dota2-lgd-ty-2026-07-10-game1,2026-07-10T17:38:53.401000+00:00,29.97789999999995,1.6957618425,31.67366184249995
1,8891108843,dota2-poorra-re-2026-07-11-game1,2026-07-11T09:15:44.932000+00:00,28.427900000000026,1.6848467625,30.112746762500027
1,8891240327,dota2-xtreme-flc-2026-07-11-game2,2026-07-11T11:01:14.698000+00:00,7.6834000000000096,1.881029265,9.56442926500001
1,8891438996,dota2-l1ga-lvlup1-2026-07-11-game2,2026-07-11T13:19:40.554000+00:00,25.58399999999996,1.8825543900000001,27.46655438999996
1,8892835652,dota2-rnx-nem-2026-07-12-game1,2026-07-12T09:19:01.546000+00:00,-3.7424000000000177,0.7348857,-3.0075143000000177
1,8892958964,dota2-rnx-nem-2026-07-12-game2,2026-07-12T10:53:08.655000+00:00,-56.36040000000006,2.45176182,-53.90863818000006
1,8893253595,dota2-og-vp-2026-07-12-game2,2026-07-12T13:56:28.498000+00:00,-2.8846008199999886,1.061364522171,-1.8232362978289887
1,8896267691,dota2-liquid-xtreme-2026-07-14-game2,2026-07-14T13:05:08.216000+00:00,-15.722422780000016,1.5582879132465,-14.164134866753516
1,8896731473,dota2-lgd-mouz-2026-07-14-game2,2026-07-14T18:02:11.857000+00:00,-17.402400000000007,0.5543096399999999,-16.848090360000008
1,8897696869,dota2-ts8-liquid-2026-07-15-game2,2026-07-15T12:54:25.976000+00:00,-3.5943238099999917,3.12794320214475,-0.4663806078552417
1,8898003442,dota2-bb4-lgd-2026-07-15-game1,2026-07-15T15:56:58.589000+00:00,4.71720000000002,1.12429116,5.84149116000002
1,8899120700,dota2-ty-ts8-2026-07-17-game2,2026-07-16T12:44:26.752000+00:00,-83.13209999999997,5.2354689375,-77.89663106249996
1,8900623530,dota2-flc-vg-2026-07-16-game2,2026-07-17T12:54:30.551000+00:00,1.2404845500000192,1.9503855953737497,3.190870145373769
1,8902173969,dota2-bb4-vg-2026-07-18-game2,2026-07-18T12:21:15.910000+00:00,2.9723132300000543,1.01255817212775,3.984871402127804
1,8903705555,dota2-vg-ty-2026-07-19-game1,2026-07-19T10:24:33.152000+00:00,26.98829999999998,1.5378555075,28.526155507499983
1,8904322271,dota2-bb4-pari-2026-07-19-game3,2026-07-19T16:52:33.960000+00:00,20.940899999999985,2.3592966375,23.300196637499987
1,8905164476,dota2-stx-lynx-2026-07-20,2026-07-20T10:04:24.370000+00:00,137.27547805,2.8228141842937498,140.09829223429375
1,8905612460,dota2-z10-nemiga-2026-07-20-game2,2026-07-20T15:25:40.567000+00:00,9.66530000000003,0.7899109874999999,10.455210987500031
1,8906069414,dota2-lvlup1-ill-2026-07-20-game2,2026-07-20T20:59:36.536000+00:00,3.8767999999999887,2.261281125,6.138081124999989
1,8906706819,dota2-pckcp-stx-2026-07-21-game2,2026-07-21T11:28:10.072000+00:00,1.538499999999999,0.5214361124999999,2.059936112499999
1,8907114935,dota2-lynx-spirit1-2026-07-21,2026-07-21T15:55:17.448000+00:00,-2.234800000000007,2.41250007,0.1777000699999931
1,8907942033,dota2-ill-dan-2026-07-22-game1,2026-07-22T07:18:07.776000+00:00,0.0,0.0,0.0
1,8908486051,dota2-stx-spirit1-2026-07-22-game2,2026-07-22T15:03:55.390000+00:00,21.37628592999998,0.67687822187025,22.05316415187023
1,8909388284,dota2-dan-z10-2026-07-23-game1,2026-07-23T07:17:23.633000+00:00,1.4000000000000004,0.009030000000000002,1.4090300000000004
1,8909780227,dota2-spirit1-pckcp-2026-07-23,2026-07-23T13:29:29.880000+00:00,0.03349999999998232,1.0497922275,1.0832922274999823
1,8910461593,dota2-lvlup1-aion-2026-07-23-game2,2026-07-23T21:18:59.726000+00:00,-4.4517999999999995,0.18788671499999998,-4.263913284999999
1,8910982575,dota2-aion-dan-2026-07-24-game2,2026-07-24T08:39:31.809000+00:00,0.0,0.0,0.0
1,8912045230,dota2-nemiga-lvlup1-2026-07-24-game1,2026-07-24T21:05:49.488000+00:00,-27.784900000000057,3.6396966375,-24.145203362500055
1,8912758286,dota2-pckcp-jenz-2026-07-22-game1,2026-07-25T10:25:45.605000+00:00,-29.756499999999974,1.2101488425,-28.546351157499974
1,8913598312,dota2-lynx-kw1-2026-07-25-game1,2026-07-25T19:28:05.257000+00:00,1.3876,0.77122095,2.15882095
1,8914520562,dota2-nemiga-ill-2026-07-26-game2,2026-07-26T10:41:21.923000+00:00,-22.661600000000078,2.2436671200000005,-20.417932880000077
1,8915002841,dota2-kw1-rearis-2026-07-26-game1,2026-07-26T15:32:54.677000+00:00,-49.65244922999992,1.46695537319325,-48.185493856806666
1,8915498965,dota2-jenz-stx-2026-07-26,2026-07-26T20:57:43.107000+00:00,15.808300000000003,0.7400528474999999,16.548352847500002
1,8916384577,dota2-stx-nemiga-2026-07-27-game2,2026-07-27T13:48:29.618000+00:00,17.6098,3.1668590549999998,20.776659055
1,8917738415,dota2-nh-pckcp-2026-07-28-game1,2026-07-28T12:16:10.015000+00:00,0.0,0.0,0.0
1,8919264561,dota2-rearis-z10-2026-07-29-game1,2026-07-29T12:23:03.580000+00:00,7.324965039999981,0.699545666832,8.02451070683198
1,8919803916,dota2-amaru-nemiga-2026-07-29,2026-07-29T18:02:17.532000+00:00,31.58216091000003,3.2821179358867503,34.86427884588678
1,8921162227,dota2-amaru-pr1-2026-07-30-game1,2026-07-30T16:32:24.441000+00:00,15.516900000000007,0.6008919524999999,16.117791952500006
1,8922074642,dota2-vg-amaru-2026-07-31-game1,2026-07-31T08:46:41.467000+00:00,-21.089200000000005,0.28291035000000003,-20.806289650000004
1,8922211678,dota2-tr7-playti-2026-07-31-game2,2026-07-31T11:00:53.806000+00:00,6.272300000000001,1.2287905425,7.501090542500002
1,8922433138,dota2-l1ga-rnx-2026-07-31-game2,2026-07-31T13:42:06.325000+00:00,-33.38190174000002,0.9834179571495001,-32.39848378285052
1,8922818221,dota2-xtreme-lgd-2026-07-31-game1,2026-07-31T17:51:24.199000+00:00,-45.09590000000004,2.2843421025,-42.811557897500045
1,8923579943,dota2-midas3-tr7-2026-08-01-game2,2026-08-01T07:02:32.143000+00:00,-67.83609999999996,1.5958286174999998,-66.24027138249996
1,8923790600,dota2-yes-vg-2026-08-01-game2,2026-08-01T10:14:11.317000+00:00,0.0,0.0,0.0
1,8924222714,dota2-l1ga-lgd-2026-08-01-game2,2026-08-01T15:02:43.462000+00:00,0.0,0.0,0.0
1,8924530036,dota2-rnx-xtreme-2026-08-01-game1,2026-08-01T18:06:50.164000+00:00,-2.4337818700000007,0.84803894073825,-1.5857429292617506
1,8925543582,dota2-yes-tr7-2026-08-02-game1,2026-08-02T10:44:16.945000+00:00,1.285599999999988,0.7862727749999999,2.071872774999988
1,8926232913,dota2-rnx-yb1-2026-08-02-game2,2026-08-02T16:42:19.665000+00:00,15.43589999999999,3.1020635624999997,18.53796356249999
1,8927063876,dota2-glyph-playti-2026-08-03-game2,2026-08-03T06:55:36.873000+00:00,66.45065822000002,2.615598341607,69.06625656160702
1,8927380776,dota2-xtreme-tr7-2026-08-03,2026-08-03T12:15:30.661000+00:00,26.295297400000017,2.6444596810650003,28.939757081065018
1,8927926397,dota2-re-lgd-2026-08-03-game1,2026-08-03T18:09:03.381000+00:00,-0.09716820000000181,0.26918079263999994,0.17201259263999813
1,8928953683,dota2-playti-tr7-2026-08-04-game2,2026-08-04T12:46:11.879000+00:00,-8.126307570000014,3.06496061031975,-5.0613469596802645
1,8930200713,dota2-tr7-re-2026-08-05-game1,2026-08-05T08:20:38.811000+00:00,-1.8519000000000005,0.6909901875,-1.1609098125000006
1,8930736914,dota2-playti-yb1-2026-08-05-game3,2026-08-05T15:09:49.519000+00:00,7.506697240000008,1.5707715125969999,9.077468752597008
1,8932085762,dota2-rearis-nh-2026-08-06-game2,2026-08-06T13:20:21.204000+00:00,-16.350206010000008,0.58731349461075,-15.762892515389257
1,8932523868,dota2-nh-lvlup1-2026-08-06,2026-08-06T17:36:18.454000+00:00,-0.25,0.09373125,-0.15626875
1,8933453728,dota2-nh-z10-2026-08-07-game2,2026-08-07T10:40:19.376000+00:00,-0.9419999999999984,0.13280355,-0.8091964499999984
1,8933988979,dota2-pr1-jenz-2026-08-07-game2,2026-08-07T16:29:38.697000+00:00,10.30593761999998,1.4426890276245,11.74862664762448
1,8937080738,dota2-pr1-yes-2026-08-09,2026-08-09T12:20:23.208000+00:00,62.51012125,3.9538055751562498,66.46392682515625
1,8937631882,dota2-ill-re-2026-08-09-game2,2026-08-09T17:12:21.447000+00:00,0.0,0.0,0.0
1,8938634026,dota2-pr1-mouz-2026-08-10,2026-08-10T11:15:54.851000+00:00,-24.02389999999994,1.9103227125,-22.11357728749994
1,8940117837,dota2-lvlup1-navi-2026-08-11-game2,2026-08-11T10:12:11.551000+00:00,-9.532044629999959,2.8177250424877496,-6.714319587512209
1,8940643574,dota2-yes-z10-2026-08-11-game1,2026-08-11T15:45:57.067000+00:00,16.876198700000025,1.2558356058075,18.132034305807526
1,8941817475,dota2-lvlup1-re-2026-08-12,2026-08-12T11:50:26.039000+00:00,12.173699999999993,0.5849023125,12.758602312499994
1,8962372120,dota2-ic-nemiga-2026-08-24-game1,2026-08-24T07:17:08.649000+00:00,0.0,0.0,0.0
1,8962964580,dota2-sb5-stx-2026-08-24-game1,2026-08-24T13:25:23.881000+00:00,1.2416661000000002,0.006518747025,1.2481848470250003
1,8964399842,dota2-pckcp-nemiga-2026-08-25-game1,2026-08-25T07:22:10.248000+00:00,0.1200000000000001,0.022347,0.1423470000000001
1,8964837315,dota2-fts-pckcp-2026-08-25-game2,2026-08-25T12:34:06.314000+00:00,9.393224400000022,1.2964431257399998,10.689667525740022
1,8965544741,dota2-rearis-spirit1-2026-08-25,2026-08-25T18:44:21.316000+00:00,-8.670800000000014,2.69475108,-5.976048920000014
1,8970207176,dota2-rearis-sb5-2026-08-28,2026-08-28T12:56:49.576000+00:00,11.547259000000032,0.8495541584999999,12.396813158500033
1,8970485789,dota2-dynast1-ic-2026-08-28-game2,2026-08-28T15:14:26.848000+00:00,-29.047462050000032,1.2762330380782498,-27.771229011921783
1,8971007454,dota2-ks-rearis-2026-08-28-game1,2026-08-28T20:11:41.712000+00:00,-45.09909959999999,1.95421115055,-43.14488844944999
1,8971501630,dota2-nexus-cres-2026-08-28,2026-08-29T04:51:09.441000+00:00,-96.51188925,1.9597743038062498,-94.55211494619374
1,8971753986,dota2-icecre-kineti-2026-08-29-game1,2026-08-29T08:38:12.829000+00:00,0.0,0.0,0.0
1,8971988345,dota2-sb5-lynx-2026-08-29-game1,2026-08-29T11:21:30.742000+00:00,-4.384284280000001,0.10097214795599999,-4.283312132044001
1,8972502454,dota2-huliga-lynx-2026-08-29-game2,2026-08-29T15:52:19.963000+00:00,23.840200000000003,1.495348725,25.335548725000002
1,8973011673,dota2-pi-lvlup1-2026-08-29,2026-08-29T20:33:12.059000+00:00,-13.364100999999968,2.2481517794999997,-11.115949220499967
1,8973462028,dota2-icecre-xctn-2026-08-30,2026-08-30T04:30:11.988000+00:00,-0.6174403600000424,1.8076136856209999,1.1901733256209575
1,8973707438,dota2-lynx-lvlup1-2026-08-30-game1,2026-08-30T08:16:36.050000+00:00,0.0,0.0,0.0
1,8974185539,dota2-navi-mouz-2026-08-30-game2,2026-08-30T13:08:29.090000+00:00,-23.60853399000001,1.58900270173425,-22.01953128826576
1,8975871235,dota2-synaps-lynx-2026-08-31-game1,2026-08-31T12:26:44.788000+00:00,-6.221608420000001,1.437561726102,-4.784046693898
1,8976441468,dota2-4iki-ic-2026-08-31-game2,2026-08-31T17:43:06.122000+00:00,2.9980000000000047,0.16112751,3.1591275100000047
1,8977325814,dota2-ks-pckcp-2026-09-01-game2,2026-09-01T10:26:27.059000+00:00,1.4024301199999627,0.7746380647619998,2.1770681847619624
1,8978023576,dota2-synaps-lvlup1-2026-09-01,2026-09-01T17:45:54.185000+00:00,-1.8493814400000161,0.635847039888,-1.213534400112016
1,8979131280,dota2-dynast1-pckcp-2026-09-02-game1,2026-09-02T13:56:13.878000+00:00,0.0,0.0,0.0
1,8980358113,dota2-z10-ks-2026-09-03-game2,2026-09-03T10:27:20.250000+00:00,-13.392398289999903,2.37183984032625,-11.020558449673654
2,8837869969,dota2-aur1-ty-2026-06-04-game1,2026-06-04T09:17:47.612000+00:00,37.08449999999999,2.4599399175,39.54443991749999
2,8838396820,dota2-lgd-ty-2026-06-04-game2,2026-06-04T16:48:28.531000+00:00,4.903197700000021,1.9946462169569998,6.8978439169570205
2,8839366504,dota2-lgd-liquid-2026-06-05-game2,2026-06-05T13:21:18.066000+00:00,-59.1686,2.56034289,-56.60825711
2,8840635639,dota2-ty-bb4-2026-06-06-game1,2026-06-06T10:47:49.658000+00:00,5.800799059999946,0.7953544628145,6.596153522814446
2,8841114801,dota2-aur1-lgd-2026-06-06-game2,2026-06-06T16:30:29.855000+00:00,30.359699999999982,1.9826319074999998,32.34233190749998
2,8842468101,dota2-ty-lgd-2026-06-07-game1,2026-06-07T14:21:40.854000+00:00,-35.03005523,1.36447772231025,-33.665577507689754
2,8843465364,dota2-4iki-nande4-2026-06-08-game1,2026-06-08T09:15:08.776000+00:00,0.7200000000000002,0.059202000000000005,0.7792020000000002
2,8844054970,dota2-z10-sb5-2026-06-08-game2,2026-06-08T17:08:41.204000+00:00,28.291600000000003,0.27915102,28.570751020000003
2,8850534819,dota2-ill-pr1-2026-06-13-game2,2026-06-13T17:10:42.502000+00:00,-0.8050532799999957,0.7076944911959999,-0.09735878880399573
2,8854443395,dota2-fla-spirit1-2026-06-16-game1,2026-06-16T16:31:44.570000+00:00,-3.84,0.18359999999999999,-3.6563999999999997
2,8885275216,dota2-re-xtreme-2026-07-07-game2,2026-07-07T11:16:11.813000+00:00,0.047100000000014575,0.8682830775,0.9153830775000146
2,8885470551,dota2-l1ga-ngx-2026-07-07-game2,2026-07-07T13:39:34.570000+00:00,20.744714999999943,0.772836976875,21.51755197687494
2,8885665054,dota2-nem-pari-2026-07-07-game1,2026-07-07T15:41:38.548000+00:00,21.706491000000014,0.357759173925,22.064250173925014
2,8885974297,dota2-ic-1win-2026-07-07-game2,2026-07-07T19:32:14.446000+00:00,0.0,0.0,0.0
2,8886638110,dota2-poorra-bb4-2026-07-08-game2,2026-07-08T10:36:00.005000+00:00,1.779999999999987,0.37368335999999996,2.1536833599999867
2,8886736772,dota2-liquid-lvlup1-2026-07-08-game1,2026-07-08T12:08:59.488000+00:00,3.4883999999999986,0.19037943000000002,3.6787794299999987
2,8886994890,dota2-ts8-nem-2026-07-08-game1,2026-07-08T14:59:11.781000+00:00,-0.09999999999999964,0.0196425,-0.08035749999999964
2,8887218598,dota2-lgd-og-2026-07-08-game1,2026-07-08T17:27:41.870000+00:00,0.2599999999999998,0.0334425,0.2934424999999998
2,8887337672,dota2-ty-ic-2026-07-08-game2,2026-07-08T19:01:29.872000+00:00,1.1905000000000001,0.2338439625,1.4243439625
2,8888056358,dota2-poorra-xtreme-2026-07-09-game2,2026-07-09T10:34:44.979000+00:00,-6.009399999999971,3.1940240099999997,-2.8153759899999713
2,8888173515,dota2-playti-lvlup1-2026-07-09-game1,2026-07-09T12:20:27.216000+00:00,12.447000000000017,0.285294555,12.732294555000017
2,8888318197,dota2-ngx-liquid-2026-07-09-game2,2026-07-09T14:04:08.888000+00:00,5.664099999999905,3.0966062325,8.760706232499906
2,8888555097,dota2-mouz-nem-2026-07-09-game2,2026-07-09T16:24:34.308000+00:00,-14.713500000000003,1.0406301674999998,-13.672869832500004
2,8888693655,dota2-vp-ty-2026-07-09-game1,2026-07-09T18:07:57.629000+00:00,0.0,0.18000576,0.18000576
2,8889452921,dota2-re-gl-2026-07-10-game1,2026-07-10T09:17:34.068000+00:00,45.893100000000004,1.2911066775,47.1842066775
2,8889538949,dota2-re-gl-2026-07-10-game2,2026-07-10T10:40:57.402000+00:00,-28.324599999999975,2.7028387049999996,-25.621761294999978
2,8889733840,dota2-aur1-playti-2026-07-10-game2,2026-07-10T13:14:22.837000+00:00,-38.82329999999999,1.3436858475,-37.47961415249999
2,8890008812,dota2-nem-vg-2026-07-10-game2,2026-07-10T15:49:04.827000+00:00,18.747499999999988,0.42663656250000004,19.17413656249999
2,8890270555,dota2-1win-og-2026-07-10-game2,2026-07-10T18:36:26.467000+00:00,0.0,0.0,0.0
2,8891108985,dota2-bb4-gl-2026-07-11-game1,2026-07-11T09:17:06.187000+00:00,4.411799999999985,0.467099325,4.878899324999986
2,8891325877,dota2-l1ga-lvlup1-2026-07-11-game1,2026-07-11T12:09:46.181000+00:00,-28.752601999999996,1.28593988625,-27.466662113749997
2,8891497910,dota2-aur1-liquid-2026-07-11-game2,2026-07-11T13:53:37.287000+00:00,17.92200000000001,0.454934625,18.37693462500001
2,8892836635,dota2-pari-ts8-2026-07-12-game1,2026-07-12T09:26:06.808000+00:00,-10.873199999999983,3.48031719,-7.392882809999983
2,8893070561,dota2-1win-ty-2026-07-12-game1,2026-07-12T12:14:45.162000+00:00,8.11277471999992,2.748317622888,10.861092342887918
2,8896139222,dota2-re-vp-2026-07-14-game1,2026-07-14T11:15:10.363000+00:00,2.789999999999999,1.04580375,3.8358037499999993
2,8896380183,dota2-re-vp-2026-07-14,2026-07-14T14:02:34.965000+00:00,-29.357100000000003,0.8861968425,-28.470903157500004
2,8897585705,dota2-aur1-re-2026-07-15-game1,2026-07-15T11:19:40.513000+00:00,-3.4397059199999944,0.452974966284,-2.9867309537159943
2,8897831774,dota2-ts8-liquid-2026-07-15,2026-07-15T14:13:24.528000+00:00,1.4210854715202004e-14,0.465007905,0.4650079050000142
2,8898084910,dota2-1win-vg-2026-07-15,2026-07-15T16:49:08.935000+00:00,-3.8229999999999933,2.58179619,-1.2412038099999934
2,8899307453,dota2-pari-re-2026-07-17-game1,2026-07-16T14:36:23.407000+00:00,4.528399999999991,0.34545474000000004,4.873854739999991
2,8900771154,dota2-ngx-bb4-2026-07-16-game1,2026-07-17T14:28:08.196000+00:00,2.7027999999999963,0.37987854,3.0826785399999963
2,8902338515,dota2-ty-pari-2026-07-18-game1,2026-07-18T14:06:38.308000+00:00,4.165599419999978,1.5609086977814999,5.726508117781478
2,8903789784,dota2-vg-ty-2026-07-19-game2,2026-07-19T11:31:19.185000+00:00,19.709600000000023,0.75904008,20.46864008000002
2,8904419709,dota2-bb4-pari-2026-07-19-game4,2026-07-19T18:05:14.511000+00:00,1.4966000000000115,1.061727015,2.5583270150000113
2,8905233934,dota2-lynx-pckcp-2026-07-20-game1,2026-07-20T11:15:17.947000+00:00,71.87255080000003,1.831661910264,73.70421271026403
2,8905741721,dota2-spirit1-jenz-2026-07-20-game1,2026-07-20T16:55:30.580000+00:00,10.40629999999993,1.8762048825,12.28250488249993
2,8906479441,dota2-nemiga-dan-2026-07-21-game1,2026-07-21T07:24:02.590000+00:00,28.419412370000032,1.0530062848522497,29.47241865485228
2,8906814740,dota2-pckcp-stx-2026-07-21,2026-07-21T12:50:32.182000+00:00,-10.044699999999978,1.3202331825,-8.724466817499977
2,8907236730,dota2-jenz-lynx-2026-07-21-game1,2026-07-21T17:22:36.365000+00:00,0.0,0.0,0.0
2,8907997366,dota2-ill-dan-2026-07-22-game2,2026-07-22T08:30:21.640000+00:00,10.124000000000006,0.55083732,10.674837320000005
2,8908612824,dota2-stx-spirit1-2026-07-22,2026-07-22T16:27:56.948000+00:00,2.2076970100000306,3.12504981438525,5.33274682438528
2,8909443684,dota2-dan-z10-2026-07-23-game2,2026-07-23T08:24:14.078000+00:00,6.521699999999981,0.8124407775,7.334140777499981
2,8910104556,dota2-jenz-kw1-2026-07-23-game2,2026-07-23T16:47:57.620000+00:00,-10.101800000000004,0.27488693999999997,-9.826913060000004
2,8910535715,dota2-lvlup1-aion-2026-07-23,2026-07-23T22:37:28.157000+00:00,0.09325208000000096,0.048141332208,0.14139341220800095
2,8911277378,dota2-kw1-stx-2026-07-24-game2,2026-07-24T13:08:23.857000+00:00,3.238693600000012,0.5943772779,3.833070877900012
2,8912123729,dota2-nemiga-lvlup1-2026-07-24-game2,2026-07-24T22:15:39.296000+00:00,0.0,0.0,0.0
2,8912831712,dota2-pckcp-jenz-2026-07-22-game2,2026-07-25T11:23:26.682000+00:00,0.12140000000000839,0.7313221050000001,0.8527221050000084
2,8913726962,dota2-lynx-kw1-2026-07-25-game2,2026-07-25T20:57:15.562000+00:00,-30.796599999999955,1.89593889,-28.900661109999955
2,8914637220,dota2-nemiga-ill-2026-07-26,2026-07-26T12:04:18.708000+00:00,19.117800000000003,0.40974592499999996,19.527545925000002
2,8915137972,dota2-kw1-rearis-2026-07-26-game2,2026-07-26T16:47:26.165000+00:00,0.3000000000000007,0.024412499999999993,0.3244125000000007
2,8916041863,dota2-lvlup1-pckcp-2026-07-27-game1,2026-07-27T09:21:33.291000+00:00,7.0397999999999925,0.195463785,7.235263784999993
2,8916474664,dota2-stx-nemiga-2026-07-27,2026-07-27T14:44:54.132000+00:00,-10.145899999999983,2.3956472025,-7.750252797499983
2,8917853656,dota2-nh-pckcp-2026-07-28-game2,2026-07-28T13:23:44.955000+00:00,-1.4149339200000384,0.9489310680359999,-0.46600285196403846
2,8919404744,dota2-rearis-z10-2026-07-29-game2,2026-07-29T13:48:28.368000+00:00,-19.237200739999977,1.7934538620585,-17.44374687794148
2,8920655724,dota2-pckcp-z10-2026-07-30-game2,2026-07-30T10:32:16.617000+00:00,0.0,0.0,0.0
2,8921281044,dota2-amaru-pr1-2026-07-30-game2,2026-07-30T17:34:28.519000+00:00,0.0,0.0,0.0
2,8922137329,dota2-vg-amaru-2026-07-31-game2,2026-07-31T09:48:16.177000+00:00,0.3000000000000007,0.0291825,0.3291825000000007
2,8922300474,dota2-enjoy-glyph-2026-07-31-game1,2026-07-31T12:14:29.331000+00:00,-6.8709999999999525,1.68760779,-5.183392209999953
2,8922552315,dota2-l1ga-rnx-2026-07-31,2026-07-31T14:55:23.609000+00:00,1.754400000000004,0.64303146,2.397431460000004
2,8922940920,dota2-xtreme-lgd-2026-07-31-game2,2026-07-31T19:09:48.720000+00:00,-38.347800500000005,2.6090888523749998,-35.738711647625
2,8923643650,dota2-midas3-tr7-2026-08-01,2026-08-01T08:08:01.087000+00:00,-5.263199999999998,0.9197442,-4.343455799999997
2,8923874259,dota2-re-playti-2026-08-01-game2,2026-08-01T11:26:12.956000+00:00,7.405899999999962,0.5700108675,7.9759108674999615
2,8924328537,dota2-glyph-z10-2026-08-01-game1,2026-08-01T15:59:42.950000+00:00,21.445599999999992,1.300734015,22.74633401499999
2,8924616191,dota2-rnx-xtreme-2026-08-01-game2,2026-08-01T19:06:22.446000+00:00,38.2103000000001,2.1676123874999997,40.3779123875001
2,8925703946,dota2-yes-tr7-2026-08-02-game2,2026-08-02T11:58:57.158000+00:00,0.0,0.0,0.0
2,8926381426,dota2-rnx-yb1-2026-08-02,2026-08-02T18:14:10.009000+00:00,1.6750000000000078,0.6392456249999999,2.314245625000008
2,8927132943,dota2-glyph-playti-2026-08-03,2026-08-03T08:27:35.152000+00:00,5.345455559999984,1.0653451589879999,6.410800718987984
2,8927539264,dota2-vg-yb1-2026-08-03-game1,2026-08-03T14:05:56.825000+00:00,129.90510000000006,1.4054967375,131.31059673750005
2,8928050264,dota2-re-lgd-2026-08-03-game2,2026-08-03T19:19:18.313000+00:00,-2.2475999999999914,0.713608155,-1.5339918449999914
2,8929124210,dota2-yb1-re-2026-08-04-game1,2026-08-04T14:38:55.576000+00:00,1.651756480000003,0.607615734648,2.2593722146480033
2,8930258778,dota2-tr7-re-2026-08-05-game2,2026-08-05T09:25:42.941000+00:00,3.1231999999998834,6.6807149400000005,9.803914939999885
2,8931781241,dota2-lvlup1-rearis-2026-08-06-game1,2026-08-06T09:28:03.156000+00:00,-5.626400449999998,0.09260131267125,-5.5337991373287485
2,8932181345,dota2-rearis-nh-2026-08-06,2026-08-06T14:22:22.478000+00:00,1.4210854715202004e-14,0.26596674,0.2659667400000142
2,8932657929,dota2-ill-pr1-2026-08-06-game1,2026-08-06T19:12:10.345000+00:00,-23.967100800000015,0.7603674053999999,-23.206733394600015
2,8933575351,dota2-ill-stx-2026-08-07-game1,2026-08-07T12:33:02.695000+00:00,-62.188199999999995,1.72595868,-60.46224132
2,8934184387,dota2-jenz-nemiga-2026-08-07-game1,2026-08-07T18:35:03.983000+00:00,0.0,0.0,0.0
2,8937188618,dota2-lvlup1-mouz-2026-08-09-game1,2026-08-09T13:17:49.636000+00:00,-40.39979999999997,2.305846005,-38.09395399499997
2,8937722788,dota2-z10-navi-2026-08-09-game1,2026-08-09T18:17:16.930000+00:00,-76.01870047999995,2.9458843998360003,-73.07281608016395
2,8938716198,dota2-ill-z10-2026-08-10-game1,2026-08-10T12:25:50.383000+00:00,-5.559657999999992,0.67344964815,-4.886208351849992
2,8940266495,dota2-mouz-re-2026-08-11-game1,2026-08-11T12:16:13.042000+00:00,59.26504127999999,1.4353887334920001,60.70043001349199
2,8940756672,dota2-yes-z10-2026-08-11-game2,2026-08-11T16:48:25.758000+00:00,-32.45617820000001,1.580584246395,-30.875593953605012
2,8942003788,dota2-navi-lvlup1-2026-08-12-game1,2026-08-12T13:42:36.457000+00:00,6.544800000000038,0.67781043,7.222610430000038
2,8962458373,dota2-ic-nemiga-2026-08-24-game2,2026-08-24T08:26:45.454000+00:00,3.968566040000013,0.7633575750089999,4.731923615009013
2,8963508714,dota2-rearis-lynx-2026-08-24-game2,2026-08-24T17:37:20.349000+00:00,6.75800000000001,2.891288175,9.64928817500001
2,8964480771,dota2-pckcp-nemiga-2026-08-25-game2,2026-08-25T08:31:41.723000+00:00,1.4174985600000412,3.672689492748,5.090188052748041
2,8964962329,dota2-ic-fts-2026-08-25-game1,2026-08-25T13:50:36.471000+00:00,48.10232767000011,0.8476418152987499,48.94996948529886
2,8969842778,dota2-pckcp-ic-2026-08-28-game2,2026-08-28T08:21:21.985000+00:00,7.803414380000049,1.9252793867609999,9.72869376676105
2,8970338180,dota2-synaps-nemiga-2026-08-28-game1,2026-08-28T14:09:13.367000+00:00,35.74019483000001,1.9160453447242498,37.65624017472426
2,8970575970,dota2-synaps-nemiga-2026-08-28,2026-08-28T16:02:11.965000+00:00,7.94939999999999,0.6330209699999999,8.58242096999999
2,8971016820,dota2-fts-nemiga-2026-08-28-game1,2026-08-28T20:17:43.711000+00:00,0.0,0.0,0.0
2,8971519375,dota2-nem-6seven-2026-08-29-game1,2026-08-29T05:14:15.579000+00:00,44.61390039999998,1.2781320650099999,45.892032465009976
2,8971849697,dota2-icecre-kineti-2026-08-29-game2,2026-08-29T09:43:14.699000+00:00,0.0,0.0,0.0
2,8972103119,dota2-sb5-lynx-2026-08-29-game2,2026-08-29T12:31:54.536000+00:00,-4.4761999999999915,0.257835225,-4.2183647749999915
2,8972611918,dota2-huliga-lynx-2026-08-29,2026-08-29T16:49:36.587000+00:00,-0.43089999999997985,2.2246620825,1.7937620825000202
2,8973010298,dota2-ks-spirit1-2026-08-29-game1,2026-08-29T20:38:42.759000+00:00,0.0,0.0,0.0
2,8973502629,dota2-clo-yb1-2026-08-30-game1,2026-08-30T05:13:07.837000+00:00,2.200000000000001,0.06519,2.265190000000001
2,8973859403,dota2-lynx-lvlup1-2026-08-30-game2,2026-08-30T09:56:31.353000+00:00,10.528099999999938,1.8031223775,12.331222377499937
2,8974647733,dota2-lvlup1-pr1-2026-08-30-game1,2026-08-30T17:09:16.077000+00:00,9.695631859999988,1.7698343713905,11.465466231390488
2,8976012755,dota2-synaps-lynx-2026-08-31-game2,2026-08-31T13:41:35.303000+00:00,-15.50660000000003,1.236279975,-14.27032002500003
2,8976511215,dota2-4iki-ic-2026-08-31,2026-08-31T18:29:54.020000+00:00,11.737099249999972,0.8287749944062499,12.56587424440622
2,8977476867,dota2-ic-lynx-2026-09-01-game1,2026-09-01T12:26:04.131000+00:00,17.19999999999999,0.8898900000000001,18.08988999999999
2,8978832148,dota2-pr1-ic-2026-09-02-game1,2026-09-02T09:52:32.767000+00:00,69.06325094999994,1.22573318716125,70.2889841371612
2,8979241530,dota2-dynast1-pckcp-2026-09-02-game2,2026-09-02T14:56:18.245000+00:00,11.28297374999994,0.8468833784062499,12.12985712840619
2,8980463789,dota2-pckcp-spirit1-2026-09-03-game1,2026-09-03T12:14:02.762000+00:00,5.2683999999999855,0.32551974000000006,5.593919739999985
2,8837957019,dota2-aur1-ty-2026-06-04-game2,2026-06-04T11:05:49.570000+00:00,-32.008299999999956,3.2303321025000002,-28.777967897499956
2,8838480778,dota2-lgd-ty-2026-06-04,2026-06-04T17:57:47.377000+00:00,-53.05290097999999,2.0720324729054997,-50.98086850709449
2,8839494962,dota2-flc-aur1-2026-06-05-game1,2026-06-05T14:52:18.684000+00:00,33.29060000000004,1.7173991249999998,35.00799912500004
2,8840704374,dota2-ty-bb4-2026-06-06-game2,2026-06-06T11:51:44.485000+00:00,-19.81340000000006,5.072737995,-14.740662005000058
2,8842052142,dota2-bb4-lgd-2026-06-07-game1,2026-06-07T09:18:04.694000+00:00,-25.528200740000045,1.7325037327245,-23.795697007275546
2,8842596730,dota2-ty-lgd-2026-06-07-game2,2026-06-07T15:49:20.066000+00:00,-9.78109999999998,0.8840449724999999,-8.897055027499981
2,8843512570,dota2-4iki-nande4-2026-06-08-game2,2026-06-08T10:09:45.609000+00:00,-2.336999999999989,0.441810225,-1.895189774999989
2,8844132483,dota2-vpp-z10-2026-06-08-game1,2026-06-08T18:23:01.210000+00:00,0.0,0.0,0.0
2,8850593633,dota2-ill-pr1-2026-06-13,2026-06-13T18:00:57.551000+00:00,0.0,0.0,0.0
2,8885183102,dota2-flc-bb4-2026-07-07-game1,2026-07-07T09:47:24.433000+00:00,-20.830062499999983,1.2277884253125,-19.602274074687482
2,8885365825,dota2-l1ga-ngx-2026-07-07-game1,2026-07-07T12:34:49.112000+00:00,0.0,0.0,0.0
2,8885473599,dota2-liquid-playti-2026-07-07-game2,2026-07-07T13:52:27.923000+00:00,-4.933669019999996,3.8932373629665,-1.0404316570334964
2,8885784652,dota2-ts8-mouz-2026-07-07-game2,2026-07-07T17:16:32.961000+00:00,-27.42989999999996,2.8925607975,-24.53733920249996
2,8886005043,dota2-ty-og-2026-07-07-game2,2026-07-07T20:03:05.981000+00:00,0.0,0.0,0.0
2,8886640910,dota2-flc-re-2026-07-08-game2,2026-07-08T10:39:41.623000+00:00,8.650333069999999,0.5527507017577499,9.203083771757749
2,8886788497,dota2-ngx-aur1-2026-07-08-game1,2026-07-08T12:47:30.744000+00:00,3.8289051400000105,0.2973746762745,4.1262798162745105
2,8887100676,dota2-vg-pari-2026-07-08-game1,2026-07-08T16:18:23.954000+00:00,1.2330239999999861,0.2639823363,1.4970063362999861
2,8887260104,dota2-ty-ic-2026-07-08-game1,2026-07-08T17:58:24.214000+00:00,0.0,0.0,0.0
2,8887432754,dota2-vp-1win-2026-07-08-game2,2026-07-08T20:20:02.742000+00:00,34.38820803999998,0.214972014951,34.60318005495098
2,8888066684,dota2-bb4-re-2026-07-09-game2,2026-07-09T10:43:25.275000+00:00,0.0,0.0,0.0
2,8888217771,dota2-ngx-liquid-2026-07-09-game1,2026-07-09T12:52:14.212000+00:00,4.6155000000000115,0.5135897624999999,5.129089762500011
2,8888405761,dota2-mouz-nem-2026-07-09-game1,2026-07-09T14:48:45.816000+00:00,0.0,0.0,0.0
2,8888554919,dota2-rnx-pari-2026-07-09-game2,2026-07-09T16:26:10.054000+00:00,0.0,0.0,0.0
2,8888731478,dota2-lgd-1win-2026-07-09-game1,2026-07-09T18:35:20.326000+00:00,7.241245909999998,0.60195747684825,7.8432033868482485
2,8889468264,dota2-xtreme-bb4-2026-07-10-game1,2026-07-10T09:26:30.741000+00:00,-27.296499999999924,1.9587406275,-25.337759372499924
2,8889615310,dota2-l1ga-liquid-2026-07-10-game1,2026-07-10T11:48:20.990000+00:00,3.7168342599999775,0.2824398549465,3.9992741149464774
2,8889871314,dota2-nem-vg-2026-07-10-game1,2026-07-10T14:27:52.631000+00:00,-2.2815999999999974,0.6807637799999999,-1.6008362199999975
2,8890036748,dota2-pari-mouz-2026-07-10-game2,2026-07-10T16:15:07.698000+00:00,0.0,0.0,0.0
2,8890268632,dota2-lgd-ty-2026-07-10-game2,2026-07-10T18:43:14.663000+00:00,3.4057999999999957,0.797488575,4.203288574999996
2,8891145641,dota2-xtreme-flc-2026-07-11-game1,2026-07-11T09:30:07.111000+00:00,0.0,0.0,0.0
2,8891349244,dota2-playti-ngx-2026-07-11-game1,2026-07-11T12:27:52.369000+00:00,12.138499999999993,3.0249908625,15.163490862499994
2,8891519142,dota2-playti-ngx-2026-07-11-game2,2026-07-11T14:08:43.754000+00:00,-45.983499999999964,2.3319221024999996,-43.65157789749996
2,8892923329,dota2-mouz-vg-2026-07-12-game2,2026-07-12T10:25:59.512000+00:00,-61.20460102000003,2.5516738167104998,-58.65292720328953
2,8893106015,dota2-og-vp-2026-07-12-game1,2026-07-12T12:36:42.440000+00:00,4.935599999999994,1.005826275,5.941426274999994
2,8896140998,dota2-liquid-xtreme-2026-07-14-game1,2026-07-14T11:24:31.795000+00:00,1.267498639999971,1.276976073318,2.544474713317971
2,8896486914,dota2-liquid-xtreme-2026-07-14,2026-07-14T15:13:00.049000+00:00,-3.6944000000000106,0.73189368,-2.962506320000011
2,8897588873,dota2-ts8-liquid-2026-07-15-game1,2026-07-15T11:25:30.473000+00:00,-48.35930047000001,3.05868582534975,-45.30061464465026
2,8897841991,dota2-1win-vg-2026-07-15-game1,2026-07-15T14:22:22.284000+00:00,0.0,0.34499965499999996,0.34499965499999996
2,8898117600,dota2-bb4-lgd-2026-07-15-game2,2026-07-15T17:15:52.403000+00:00,17.71757335000001,0.4152042819112499,18.13277763191126
2,8899420575,dota2-pari-re-2026-07-17-game2,2026-07-16T15:46:28.167000+00:00,-8.68840000000003,0.6225206999999999,-8.06587930000003
2,8900882416,dota2-ngx-bb4-2026-07-16-game2,2026-07-17T15:33:10.588000+00:00,0.0,0.0,0.0
2,8902431810,dota2-ty-pari-2026-07-18-game2,2026-07-18T15:09:37.865000+00:00,26.961399999999998,2.935092915,29.896492914999996
2,8904012666,dota2-bb4-pari-2026-07-19-game1,2026-07-19T13:57:51.853000+00:00,34.776799999999994,0.6774159,35.454215899999994
2,8905035315,dota2-stx-lynx-2026-07-20-game1,2026-07-20T07:25:19.610000+00:00,0.0,0.0,0.0
2,8905359313,dota2-lynx-pckcp-2026-07-20-game2,2026-07-20T12:49:30.119000+00:00,-10.207081860000024,1.133007262482,-9.074074597518024
2,8905885788,dota2-spirit1-jenz-2026-07-20-game2,2026-07-20T18:35:45.253000+00:00,3.278500000000003,0.08648768249999998,3.364987682500003
2,8906547471,dota2-nemiga-dan-2026-07-21-game2,2026-07-21T08:48:51.736000+00:00,10.906399999999994,0.4926051,11.399005099999995
2,8906911697,dota2-lynx-spirit1-2026-07-21-game1,2026-07-21T14:01:22.509000+00:00,-0.1299999999999999,0.04616625,-0.0838337499999999
2,8907319204,dota2-jenz-lynx-2026-07-21-game2,2026-07-21T18:19:16.673000+00:00,-42.231455949999955,0.8316311679337499,-41.399824782066204
2,8908178087,dota2-nemiga-aion-2026-07-22-game2,2026-07-22T11:35:02.272000+00:00,-0.3199999999999994,0.01842,-0.3015799999999994
2,8908710300,dota2-z10-lvlup1-2026-07-22-game1,2026-07-22T17:40:32.974000+00:00,-19.560200000000023,2.03801622,-17.522183780000024
2,8909498494,dota2-dan-z10-2026-07-23,2026-07-23T09:35:42.112000+00:00,-1.8779999999999966,0.13052601,-1.7474739899999965
2,8910216725,dota2-jenz-kw1-2026-07-23,2026-07-23T18:09:02.529000+00:00,0.7518000000000109,0.565721955,1.3175219550000108
2,8910589445,dota2-nemiga-ill-2026-07-23-game1,2026-07-23T23:33:41.369000+00:00,3.7866000000000017,1.48355481,5.270154810000002
2,8911784562,dota2-z10-ill-2026-07-24-game1,2026-07-24T18:00:21.302000+00:00,-28.56689999999999,1.0451191275,-27.52178087249999
2,8912551235,dota2-ill-aion-2026-07-25-game1,2026-07-25T07:19:52.253000+00:00,0.0,0.0,0.0
2,8912974141,dota2-pckcp-jenz-2026-07-22,2026-07-25T13:02:19.241000+00:00,-14.294327710000061,2.31913320235275,-11.975194507647311
2,8913824141,dota2-lynx-kw1-2026-07-25,2026-07-25T22:21:39.642000+00:00,19.791999999999945,4.72315512,24.515155119999946
2,8914749408,dota2-rearis-pckcp-2026-07-26-game1,2026-07-26T13:19:34.036000+00:00,8.108400000000003,0.35717501999999995,8.465575020000003
2,8915271266,dota2-jenz-stx-2026-07-26-game1,2026-07-26T18:26:53.337000+00:00,6.687899999999999,0.2589889275,6.946888927499999
2,8916102349,dota2-lvlup1-pckcp-2026-07-27-game2,2026-07-27T10:12:46.876000+00:00,-4.0,0.45388874999999995,-3.54611125
2,8917611319,dota2-pr1-nemiga-2026-07-28-game2,2026-07-28T10:17:02.190000+00:00,18.36850000000001,0.5025637125,18.87106371250001
2,8918052500,dota2-pckcp-kw1-2026-07-28-game1,2026-07-28T15:24:46.769000+00:00,7.143000000000001,0.425901375,7.568901375000001
2,8919546613,dota2-amaru-nemiga-2026-07-29-game1,2026-07-29T15:15:30.082000+00:00,0.0,0.0,0.0
2,8920897425,dota2-lvlup1-z10-2026-07-30-game2,2026-07-30T13:37:44.606000+00:00,-59.49339999999998,2.616069855,-56.87733014499998
2,8921949036,dota2-re-midas3-2026-07-31-game1,2026-07-31T06:23:42.906000+00:00,-2.297999999999991,0.6676976250000001,-1.630302374999991
2,8922133239,dota2-tr7-playti-2026-07-31-game1,2026-07-31T09:57:34.446000+00:00,-6.218583700000011,1.6006753572375,-4.617908342762511
2,8922339160,dota2-l1ga-rnx-2026-07-31-game1,2026-07-31T12:44:09.822000+00:00,5.489448419999981,3.1250493124770005,8.61449773247698
2,8922602122,dota2-yb1-z10-2026-07-31-game1,2026-07-31T15:28:08.646000+00:00,-1.6392999999999915,0.5875661025000001,-1.0517338974999915
2,8923040358,dota2-xtreme-lgd-2026-07-31,2026-07-31T20:28:40.570000+00:00,-4.108700000000027,1.3341445275,-2.7745554725000274
2,8923704450,dota2-yes-vg-2026-08-01-game1,2026-08-01T09:01:56.739000+00:00,2.346900000000005,0.7237880775,3.070688077500005
2,8923899787,dota2-enjoy-yb1-2026-08-01-game1,2026-08-01T11:45:49.553000+00:00,-19.999399999999994,0.424579185,-19.574820814999995
2,8924367779,dota2-l1ga-lgd-2026-08-01,2026-08-01T16:23:12.450000+00:00,-14.964277859999982,0.31452920883900004,-14.649748651160982
2,8925210898,dota2-playti-xctn-2026-08-02-game1,2026-08-02T05:28:20.542000+00:00,0.0,0.0,0.0
2,8925847726,dota2-yes-tr7-2026-08-02,2026-08-02T13:17:43.701000+00:00,87.3243,1.6907999175,89.0150999175
2,8926523280,dota2-z10-lgd-2026-08-02-game1,2026-08-02T19:59:32.068000+00:00,0.0,0.0,0.0
2,8927207054,dota2-xtreme-tr7-2026-08-03-game1,2026-08-03T10:00:05.212000+00:00,16.61250000000001,1.4650229925,18.07752299250001
2,8927660975,dota2-vg-yb1-2026-08-03-game2,2026-08-03T15:05:20.968000+00:00,12.02569825000002,1.67202445843125,13.69772270843127
2,8928163118,dota2-re-lgd-2026-08-03,2026-08-03T20:43:38.722000+00:00,-18.0955,1.1752259624999999,-16.9202740375
2,8929276426,dota2-yb1-re-2026-08-04-game2,2026-08-04T15:54:25.550000+00:00,6.818351030000059,1.56744780158775,8.38579883158781
2,8930398938,dota2-playti-yb1-2026-08-05-game1,2026-08-05T12:24:04.133000+00:00,15.48169999999999,2.9047765125,18.38647651249999
2,8931852727,dota2-lvlup1-rearis-2026-08-06-game2,2026-08-06T10:30:33.624000+00:00,-3.129048759999989,0.560627780391,-2.568420979608989
2,8932318084,dota2-nh-lvlup1-2026-08-06-game1,2026-08-06T15:34:15.395000+00:00,-1.5399999999999991,0.1734915,-1.3665084999999992
2,8932835800,dota2-ill-pr1-2026-08-06,2026-08-06T21:22:55.783000+00:00,-8.880899999999983,1.3600656375,-7.520834362499983
2,8933704579,dota2-ill-stx-2026-08-07-game2,2026-08-07T13:44:43.178000+00:00,-7.352400000000003,0.68708178,-6.665318220000003
2,8934279386,dota2-jenz-nemiga-2026-08-07-game2,2026-08-07T19:33:30.612000+00:00,0.0,0.0,0.0
2,8937335830,dota2-lvlup1-mouz-2026-08-09-game2,2026-08-09T14:27:35.299000+00:00,-5.281399999999977,1.4851368599999997,-3.7962631399999767
2,8938509987,dota2-pr1-mouz-2026-08-10-game1,2026-08-10T09:24:47.767000+00:00,-1.2000000000000028,0.108675,-1.0913250000000028
2,8939023869,dota2-yes-lvlup1-2026-08-10-game1,2026-08-10T15:24:37.289000+00:00,10.000200000000007,0.58051161,10.580711610000007
2,8940365227,dota2-mouz-re-2026-08-11-game2,2026-08-11T13:12:04.281000+00:00,-7.0434999999999945,2.0083615275,-5.035138472499995
2,8941656460,dota2-lvlup1-re-2026-08-12-game1,2026-08-12T09:19:34.658000+00:00,9.599300000000014,1.0031229524999998,10.602422952500014
2,8942152024,dota2-navi-lvlup1-2026-08-12-game2,2026-08-12T14:50:30.897000+00:00,2.0425432199999918,0.260723060337,2.3032662803369917
2,8962592819,dota2-ks-lynx-2026-08-24-game1,2026-08-24T10:19:27.562000+00:00,-16.0792,0.8988921,-15.1803079
2,8963649188,dota2-dynast1-fts-2026-08-24-game1,2026-08-24T19:15:00.848000+00:00,55.67810000000003,0.6838743825,56.36197438250003
2,8964574076,dota2-pckcp-nemiga-2026-08-25,2026-08-25T09:52:05.670000+00:00,-0.03999999999999737,0.7660349999999999,0.7260350000000025
2,8965097316,dota2-ic-fts-2026-08-25-game2,2026-08-25T14:41:01.046000+00:00,-0.8026669699999989,1.0085565018427498,0.20588953184275094
2,8969978865,dota2-rearis-sb5-2026-08-28-game1,2026-08-28T10:27:01.322000+00:00,-6.640100779999992,0.27169782551099997,-6.368402954488992
2,8970352005,dota2-dynast1-ic-2026-08-28-game1,2026-08-28T14:10:35.964000+00:00,0.3828577000000024,0.086137839255,0.4689955392550024
2,8970655100,dota2-dynast1-ic-2026-08-28,2026-08-28T16:43:34.585000+00:00,1.0,0.07150499999999999,1.071505
2,8971111987,dota2-ks-rearis-2026-08-28-game2,2026-08-28T21:24:47.695000+00:00,-1.4110161999999944,0.303266758275,-1.1077494417249945
2,8971586781,dota2-nem-6seven-2026-08-29-game2,2026-08-29T06:13:46.689000+00:00,-5.666700000000006,0.5242334624999999,-5.142466537500006
2,8971891627,dota2-dynast1-nemiga-2026-08-29-game1,2026-08-29T10:17:49.464000+00:00,0.0,0.46500790500000005,0.46500790500000005
2,8972115962,dota2-mouz-yes-2026-08-29-game2,2026-08-29T12:36:59.931000+00:00,-3.381200000000007,1.3220023499999998,-2.059197650000007
2,8972773416,dota2-pi-lvlup1-2026-08-29-game1,2026-08-29T18:17:23.637000+00:00,-42.33647265999994,1.4640116649255,-40.87246099507444
2,8973337131,dota2-icecre-xctn-2026-08-30-game1,2026-08-30T02:14:49.254000+00:00,0.0,0.0,0.0
2,8973568453,dota2-clo-yb1-2026-08-30-game2,2026-08-30T06:12:50.377000+00:00,0.15268528999999909,0.04962644358224999,0.20231173358224908
2,8973884000,dota2-nem-xctn-2026-08-30-game2,2026-08-30T10:12:32.710000+00:00,9.322974399999993,0.5491218367199999,9.872096236719992
2,8974898633,dota2-lvlup1-pr1-2026-08-30,2026-08-30T19:25:58.777000+00:00,-10.19289999999998,2.7169642575,-7.47593574249998
2,8976166971,dota2-synaps-lynx-2026-08-31,2026-08-31T15:09:07.826000+00:00,12.168915029999994,1.72201041061725,13.890925440617243
2,8976665322,dota2-spirit1-pi-2026-08-31-game1,2026-08-31T20:26:57.494000+00:00,-3.035406449999968,2.33090963806875,-0.704496811931218
2,8977623650,dota2-ic-lynx-2026-09-01-game2,2026-09-01T13:53:28.128000+00:00,5.014399999999984,1.8067858650000002,6.821185864999984
2,8978916284,dota2-pr1-ic-2026-09-02-game2,2026-09-02T11:19:11.539000+00:00,0.0,0.0,0.0
2,8979344496,dota2-synaps-4iki-2026-09-02-game1,2026-09-02T15:59:27.587000+00:00,-15.156699999999972,3.2759970975000003,-11.880702902499973
2,8980769413,dota2-pi-dynast1-2026-09-03-game1,2026-09-03T15:17:23.998000+00:00,14.800000000000011,0.307515,15.107515000000012
2,8838056564,dota2-flc-liquid-2026-06-04-game1,2026-06-04T12:43:48.535000+00:00,2.432100000000002,1.6292810775,4.061381077500002
2,8839123109,dota2-flc-bb4-2026-06-05-game1,2026-06-05T09:16:39.267000+00:00,1.3157999999999959,0.35477257500000003,1.670572574999996
2,8839625815,dota2-flc-aur1-2026-06-05-game2,2026-06-05T16:13:53.150000+00:00,9.582237759999998,1.126931595588,10.709169355587997
2,8840821227,dota2-ty-bb4-2026-06-06,2026-06-06T13:12:37.368000+00:00,38.252099209999926,3.0601187305447497,41.31221794054468
2,8842134886,dota2-bb4-lgd-2026-06-07-game2,2026-06-07T10:28:41.168000+00:00,12.484561309999975,3.7649990128102497,16.249560322810225
2,8842722527,dota2-ty-lgd-2026-06-07-game3,2026-06-07T17:12:22.566000+00:00,54.80129999999997,2.2040911574999997,57.00539115749997
2,8843560379,dota2-4iki-nande4-2026-06-08,2026-06-08T11:10:54.138000+00:00,-13.625700729999977,1.28544812025525,-12.340252609744727
2,8844244719,dota2-vpp-z10-2026-06-08-game2,2026-06-08T19:45:42.908000+00:00,15.316000000000003,0.3890205,15.705020500000003
2,8851984783,dota2-4iki-pr1-2026-06-14-game2,2026-06-14T16:46:25.798000+00:00,-6.797800000000009,0.797172345,-6.0006276550000095
2,8885195986,dota2-re-xtreme-2026-07-07-game1,2026-07-07T09:55:03.037000+00:00,6.111297039999977,0.5119206207239999,6.623217660723977
2,8885380529,dota2-liquid-playti-2026-07-07-game1,2026-07-07T12:43:07.045000+00:00,-4.5154,0.8408803650000001,-3.6745196349999993
2,8885529711,dota2-lvlup1-aur1-2026-07-07-game2,2026-07-07T14:23:52.590000+00:00,5.434999999999988,0.083726175,5.518726174999988
2,8885871759,dota2-ic-1win-2026-07-07-game1,2026-07-07T18:31:07.999000+00:00,0.0,0.0,0.0
2,8886576019,dota2-poorra-bb4-2026-07-08-game1,2026-07-08T09:20:01.472000+00:00,-10.0,0.33899999999999997,-9.661
2,8886641793,dota2-gl-xtreme-2026-07-08-game2,2026-07-08T10:45:04.782000+00:00,-78.73730000000003,4.6931937225,-74.04410627750003
2,8886815251,dota2-l1ga-playti-2026-07-08-game2,2026-07-08T13:04:20.712000+00:00,12.500100000000018,0.3703154624999999,12.870415462500018
2,8887114313,dota2-ts8-nem-2026-07-08-game2,2026-07-08T16:15:19.583000+00:00,0.0,0.0,0.0
2,8887314193,dota2-lgd-og-2026-07-08-game2,2026-07-08T18:40:30.736000+00:00,-16.46149999999996,1.2420711075,-15.219428892499959
2,8887986392,dota2-poorra-xtreme-2026-07-09-game1,2026-07-09T09:21:30.237000+00:00,0.0,0.0,0.0
2,8888083694,dota2-gl-flc-2026-07-09-game2,2026-07-09T11:11:32.224000+00:00,-2.3055329999999827,1.672615963125,-0.6329170368749828
2,8888260336,dota2-l1ga-aur1-2026-07-09-game2,2026-07-09T13:20:05.771000+00:00,-17.63039999999998,0.38376846,-17.24663153999998
2,8888425887,dota2-rnx-pari-2026-07-09-game1,2026-07-09T15:02:02.148000+00:00,-2.2179999999999964,0.16259609999999997,-2.0554038999999964
2,8888592426,dota2-vg-ts8-2026-07-09-game2,2026-07-09T16:59:54.115000+00:00,-4.239699999999999,0.45881496749999995,-3.780885032499999
2,8888771711,dota2-og-ic-2026-07-09-game2,2026-07-09T19:04:50.495000+00:00,0.0,0.0,0.0
2,8889513730,dota2-poorra-flc-2026-07-10-game2,2026-07-10T10:17:36.842000+00:00,0.0,0.22500562500000001,0.22500562500000001
2,8889621582,dota2-aur1-playti-2026-07-10-game1,2026-07-10T11:57:42.116000+00:00,-20.634900000000002,0.5751184725,-20.0597815275
2,8889914618,dota2-pari-mouz-2026-07-10-game1,2026-07-10T14:59:49.254000+00:00,-6.8964,0.54516168,-6.35123832
2,8890074597,dota2-rnx-ts8-2026-07-10-game2,2026-07-10T16:28:42.555000+00:00,0.0,0.0,0.0
2,8890301402,dota2-ic-vp-2026-07-10-game2,2026-07-10T18:52:09.717000+00:00,0.0,0.0,0.0
2,8891217710,dota2-poorra-re-2026-07-11-game2,2026-07-11T10:44:50.172000+00:00,-56.9217007,2.0781442701375,-54.8435564298625
2,8891371442,dota2-aur1-liquid-2026-07-11-game1,2026-07-11T12:43:19.319000+00:00,1.2600000000000051,0.44292149999999997,1.702921500000005
2,8892829232,dota2-mouz-vg-2026-07-12-game1,2026-07-12T09:15:57.248000+00:00,-117.09413232,1.9060475564519999,-115.188084763548
2,8892914077,dota2-pari-ts8-2026-07-12-game2,2026-07-12T10:31:28.406000+00:00,-4.9874118000000465,1.5143646548699998,-3.473047145130047
2,8893165071,dota2-1win-ty-2026-07-12-game2,2026-07-12T13:18:20.777000+00:00,-40.036537839999994,1.875365056428,-38.16117278357199
2,8896234088,dota2-re-vp-2026-07-14-game2,2026-07-14T12:30:48.003000+00:00,-0.1900000000000004,0.06525075,-0.1247492500000004
2,8896645659,dota2-lgd-mouz-2026-07-14-game1,2026-07-14T16:55:49.823000+00:00,0.1612,0.022656660000000002,0.18385666
2,8897695379,dota2-aur1-re-2026-07-15-game2,2026-07-15T12:41:48.340000+00:00,-2.2988,0.20740923,-2.09139077
2,8897971312,dota2-1win-vg-2026-07-15-game2,2026-07-15T15:33:39.656000+00:00,-2.3118999999999943,0.44679491250000003,-1.8651050874999942
2,8899028080,dota2-ty-ts8-2026-07-17-game1,2026-07-16T11:25:22.617000+00:00,-7.69250000000001,0.5394365624999999,-7.15306343750001
2,8900508749,dota2-flc-vg-2026-07-16-game1,2026-07-17T11:21:46.405000+00:00,1.4085000000000036,0.4304728125,1.8389728125000038
2,8902107148,dota2-bb4-vg-2026-07-18-game1,2026-07-18T11:22:02.020000+00:00,1.75,0.06283125,1.81283125
2,8902610619,dota2-ty-pari-2026-07-18,2026-07-18T16:48:06.686000+00:00,52.53874900000005,4.05759182055,56.596340820550054
2,8904157676,dota2-bb4-pari-2026-07-19-game2,2026-07-19T15:17:11.337000+00:00,-20.75060000000002,1.717238625,-19.03336137500002
2,8905093611,dota2-stx-lynx-2026-07-20-game2,2026-07-20T08:36:36.644000+00:00,34.46687964999999,1.27146125031225,35.73834090031224
2,8905490238,dota2-z10-nemiga-2026-07-20-game1,2026-07-20T14:13:02.081000+00:00,-26.531799420000006,0.531285102477,-26.000514317523006
2,8905975768,dota2-lvlup1-ill-2026-07-20-game1,2026-07-20T19:45:16.612000+00:00,2.531758400000008,0.6882027772199999,3.219961177220008
2,8906626852,dota2-pckcp-stx-2026-07-21-game1,2026-07-21T10:17:03.931000+00:00,-7.641200000000026,0.8949540749999999,-6.746245925000026
2,8907021823,dota2-lynx-spirit1-2026-07-21-game2,2026-07-21T14:54:33.550000+00:00,-9.145000000000003,0.746827125,-8.398172875000004
2,8907510684,dota2-z10-aion-2026-07-21-game2,2026-07-21T20:45:41.820000+00:00,0.0,0.0,0.0
2,8908313996,dota2-stx-spirit1-2026-07-22-game1,2026-07-22T13:26:43.307000+00:00,-0.7704624800000026,0.117676450386,-0.6527860296140027
2,8908926344,dota2-z10-lvlup1-2026-07-22,2026-07-22T20:21:42.790000+00:00,24.990538079999993,1.403394328884,26.393932408883995
2,8909658828,dota2-spirit1-pckcp-2026-07-23-game2,2026-07-23T11:56:35.158000+00:00,-7.876600800000006,1.08550420176,-6.7910965982400056
2,8910344715,dota2-lvlup1-aion-2026-07-23-game1,2026-07-23T19:45:58.831000+00:00,0.0,0.0,0.0
2,8910670427,dota2-nemiga-ill-2026-07-23,2026-07-24T01:26:47.762000+00:00,-4.4195999999999955,3.35127195,-1.0683280499999954
2,8911916389,dota2-z10-ill-2026-07-24-game2,2026-07-24T19:32:36.981000+00:00,0.0,0.0,0.0
2,8912622476,dota2-ill-aion-2026-07-25-game2,2026-07-25T08:27:06.996000+00:00,13.501461160000034,0.39729219345299993,13.898753353453033
2,8913307206,dota2-kw1-pckcp-2026-07-25-game1,2026-07-25T16:28:48.834000+00:00,0.0,0.0,0.0
2,8914414410,dota2-nemiga-ill-2026-07-26-game1,2026-07-26T09:26:59.644000+00:00,-27.3567556,0.5134838544,-26.8432717456
2,8914885598,dota2-rearis-pckcp-2026-07-26-game2,2026-07-26T14:24:02.001000+00:00,50.89150000000001,0.3081393375,51.19963933750001
2,8915390117,dota2-jenz-stx-2026-07-26-game2,2026-07-26T19:37:39.362000+00:00,0.5386000000000024,0.07957815,0.6181781500000024
2,8916245727,dota2-stx-nemiga-2026-07-27-game1,2026-07-27T12:25:46.061000+00:00,4.4334000000000096,1.2618759,5.695275900000009
2,8917675823,dota2-pr1-nemiga-2026-07-28,2026-07-28T11:19:25.327000+00:00,29.674900000000008,0.5151739575,30.190073957500008
2,8918176547,dota2-pckcp-kw1-2026-07-28-game2,2026-07-28T16:37:04.197000+00:00,0.0,0.0,0.0
2,8919685210,dota2-amaru-nemiga-2026-07-29-game2,2026-07-29T16:34:50.427000+00:00,-54.47122928999993,2.0698252698172497,-52.40140402018268
2,8921002620,dota2-lvlup1-z10-2026-07-30,2026-07-30T14:47:46.063000+00:00,21.099700000000013,1.3794017925,22.479101792500014
2,8922016200,dota2-re-midas3-2026-07-31-game2,2026-07-31T07:39:14.850000+00:00,0.0,0.600012,0.600012
2,8922186876,dota2-vg-amaru-2026-07-31,2026-07-31T10:40:33.810000+00:00,5.128399999999985,0.33239574000000005,5.460795739999985
2,8922400300,dota2-enjoy-glyph-2026-07-31-game2,2026-07-31T13:24:39.311000+00:00,0.0,0.8099951400000001,0.8099951400000001
2,8922722577,dota2-yb1-z10-2026-07-31-game2,2026-07-31T16:35:25.057000+00:00,-10.323700000000002,1.0644575775,-9.259242422500002
2,8923506996,dota2-midas3-tr7-2026-08-01-game1,2026-08-01T05:43:01.223000+00:00,-0.15149999999999952,0.0547558875,-0.09674411249999952
2,8923780137,dota2-re-playti-2026-08-01-game1,2026-08-01T10:09:39.721000+00:00,0.0,0.0,0.0
2,8924057168,dota2-l1ga-lgd-2026-08-01-game1,2026-08-01T13:34:16.709000+00:00,0.0,0.0,0.0
2,8924468754,dota2-glyph-z10-2026-08-01-game2,2026-08-01T17:25:49.795000+00:00,11.622098879999982,1.590635202648,13.212734082647982
2,8925308090,dota2-playti-xctn-2026-08-02-game2,2026-08-02T07:03:47.891000+00:00,-0.15999999999999837,0.4804118399999999,0.32041184000000156
2,8926022375,dota2-rnx-yb1-2026-08-02-game1,2026-08-02T15:09:53.856000+00:00,46.372381680000004,2.312973239544,48.685354919544004
2,8926636219,dota2-z10-lgd-2026-08-02-game2,2026-08-02T21:07:31.416000+00:00,0.0,0.0,0.0
2,8927288399,dota2-xtreme-tr7-2026-08-03-game2,2026-08-03T11:00:48.642000+00:00,2.281000000000006,1.30759875,3.588598750000006
2,8927760296,dota2-vg-yb1-2026-08-03,2026-08-03T16:18:19.713000+00:00,56.49170000000004,2.9145021824999997,59.40620218250004
2,8928851109,dota2-playti-tr7-2026-08-04-game1,2026-08-04T11:30:07.829000+00:00,0.33999999999999986,0.059414999999999996,0.39941499999999985
2,8929365099,dota2-yb1-re-2026-08-04,2026-08-04T16:51:08.308000+00:00,22.105718200000126,3.0806744453999997,25.186392645400126
2,8930615242,dota2-playti-yb1-2026-08-05-game2,2026-08-05T14:02:56.166000+00:00,89.643,0.886708005,90.529708005
2,8931981851,dota2-rearis-nh-2026-08-06-game1,2026-08-06T12:26:15.226000+00:00,0.0,0.0,0.0
2,8932413808,dota2-nh-lvlup1-2026-08-06-game2,2026-08-06T16:23:29.211000+00:00,-0.0799999999999983,0.1097718,0.029771800000001708
2,8933374169,dota2-nh-z10-2026-08-07-game1,2026-08-07T09:29:47.916000+00:00,-7.518000000000001,0.10576215,-7.41223785
2,8933879286,dota2-pr1-jenz-2026-08-07-game1,2026-08-07T15:25:51.002000+00:00,-182.4935,2.9648123625,-179.5286876375
2,8936825643,dota2-pr1-yes-2026-08-09-game1,2026-08-09T09:22:32.992000+00:00,-2.0047187100000023,1.04866277587875,-0.9560559341212524
2,8937484593,dota2-ill-re-2026-08-09-game1,2026-08-09T15:55:00.679000+00:00,-6.863399999999999,0.39953384999999997,-6.4638661499999985
2,8938565057,dota2-pr1-mouz-2026-08-10-game2,2026-08-10T10:12:07.159000+00:00,-1.207516059999957,1.4434329151604999,0.23591685516054284
2,8940059913,dota2-lvlup1-navi-2026-08-11-game1,2026-08-11T09:16:02.605000+00:00,7.792199999999994,0.309934755,8.102134754999994
2,8940487898,dota2-mouz-re-2026-08-11,2026-08-11T14:25:06.999000+00:00,6.32945897999997,2.662432000863,8.99189098086297
2,8941733752,dota2-lvlup1-re-2026-08-12-game2,2026-08-12T10:35:42.245000+00:00,-12.733800000000002,3.72131937,-9.012480630000002
2,8942262723,dota2-navi-lvlup1-2026-08-12-game3,2026-08-12T15:53:47.795000+00:00,7.44233904,0.21306391654800003,7.655402956548
2,8962736746,dota2-ks-lynx-2026-08-24-game2,2026-08-24T11:33:18.452000+00:00,44.114741599999974,1.614599974962,45.72934157496197
2,8963790789,dota2-dynast1-fts-2026-08-24-game2,2026-08-24T20:20:45.642000+00:00,0.0,0.0,0.0
2,8964657335,dota2-fts-pckcp-2026-08-25-game1,2026-08-25T10:52:11.864000+00:00,-6.592998960000003,0.38595374524199993,-6.207045214758002
2,8964938940,dota2-rearis-spirit1-2026-08-25-game1,2026-08-25T16:23:39.394000+00:00,2.518023040000005,0.460853006688,2.978876046688005
2,8970089224,dota2-rearis-sb5-2026-08-28-game2,2026-08-28T11:41:09.553000+00:00,2.5,0.288375,2.788375
2,8970470057,dota2-synaps-nemiga-2026-08-28-game2,2026-08-28T15:09:53.245000+00:00,133.58961988000007,1.502080625139,135.09170050513907
2,8970886632,dota2-dynast1-pckcp-2026-08-28-game2,2026-08-28T18:51:22.084000+00:00,-15.90859100000003,1.692157580625,-14.21643341937503
2,8971423978,dota2-db2-satan-2026-08-28-game2,2026-08-29T03:20:55.120000+00:00,0.0,0.0,0.0
2,8971664649,dota2-nem-6seven-2026-08-29,2026-08-29T07:24:10.704000+00:00,0.40235807999999906,0.253489222062,0.655847302061999
2,8971964803,dota2-mouz-yes-2026-08-29-game1,2026-08-29T11:13:49.271000+00:00,-34.89704860000006,2.718370381854,-32.17867821814606
2,8972289868,dota2-huliga-lynx-2026-08-29-game1,2026-08-29T14:15:10.550000+00:00,-27.193577340000047,2.231975963571,-24.961601376429048
2,8972893200,dota2-pi-lvlup1-2026-08-29-game2,2026-08-29T19:20:53.860000+00:00,0.0,0.0,0.0
2,8973405568,dota2-icecre-xctn-2026-08-30-game2,2026-08-30T03:19:55.483000+00:00,8.79835082999999,1.0035338056312502,9.80188463563124
2,8973613420,dota2-clo-yb1-2026-08-30,2026-08-30T07:04:46.677000+00:00,32.364033130000024,1.15456038973575,33.518593519735774
2,8973944033,dota2-lynx-lvlup1-2026-08-30,2026-08-30T10:50:43.696000+00:00,-18.456300000000045,2.1957672974999998,-16.260532702500043
2,8975110449,dota2-dynast1-ks-2026-08-30-game2,2026-08-30T21:54:27.706000+00:00,-27.102299999999957,1.6531606275,-25.449139372499957
2,8976300473,dota2-4iki-ic-2026-08-31-game1,2026-08-31T16:25:39.940000+00:00,-4.559453319999985,1.131074198436,-3.428379121563985
2,8976751962,dota2-spirit1-pi-2026-08-31-game2,2026-08-31T21:40:17.685000+00:00,-4.306499999999971,0.9271817325,-3.379318267499971
2,8977913355,dota2-synaps-lvlup1-2026-09-01-game2,2026-09-01T16:37:59.217000+00:00,0.0,0.0,0.0
2,8978986214,dota2-pr1-ic-2026-09-02,2026-09-02T12:20:55.440000+00:00,-0.6448,0.05336526,-0.5914347400000001
2,8980293569,dota2-z10-ks-2026-09-03-game1,2026-09-03T09:18:42.909000+00:00,-4.242650349999934,0.9956520756967501,-3.246998274303184
2,8838170936,dota2-flc-liquid-2026-06-04-game2,2026-06-04T14:05:12.636000+00:00,8.411400000000015,3.7253039699999997,12.136703970000013
2,8839193447,dota2-flc-bb4-2026-06-05-game2,2026-06-05T10:38:10.594000+00:00,33.813999999999936,1.858117245,35.67211724499994
2,8839717574,dota2-flc-aur1-2026-06-05,2026-06-05T17:21:15.591000+00:00,-5.76550000000001,1.0330448775,-4.73245512250001
2,8840984097,dota2-aur1-lgd-2026-06-06-game1,2026-06-06T15:05:33.978000+00:00,-2.026713769999972,1.49970848082525,-0.5270052891747221
2,8842245726,dota2-bb4-lgd-2026-06-07,2026-06-07T11:59:53.564000+00:00,-0.2565000000000168,3.1157265525,2.859226552499983
2,8842845018,dota2-ty-lgd-2026-06-07-game4,2026-06-07T18:51:58.999000+00:00,0.0,0.0,0.0
2,8843760302,dota2-vpp-balu-2026-06-08-game2,2026-06-08T13:42:26.324000+00:00,0.0,0.0,0.0
2,8844308689,dota2-vpp-z10-2026-06-08,2026-06-08T20:50:38.757000+00:00,121.04859999999996,0.648766575,121.69736657499996
2,8852055373,dota2-4iki-pr1-2026-06-14,2026-06-14T17:46:02.690000+00:00,-54.41919999999996,1.79769315,-52.62150684999996
2,8885252329,dota2-flc-bb4-2026-07-07-game2,2026-07-07T11:01:59.599000+00:00,-10.573700000000002,2.0188562025,-8.554843797500002
2,8885411801,dota2-lvlup1-aur1-2026-07-07-game1,2026-07-07T13:06:28.530000+00:00,0.0,0.0,0.0
2,8885633666,dota2-ts8-mouz-2026-07-07-game1,2026-07-07T15:33:28.678000+00:00,60.92900000000003,4.86838074,65.79738074000004
2,8885928262,dota2-ty-og-2026-07-07-game1,2026-07-07T19:03:44.444000+00:00,20.179199999999994,0.23923885499999994,20.418438854999994
2,8886572854,dota2-gl-xtreme-2026-07-08-game1,2026-07-08T09:27:27.007000+00:00,-55.28710000000001,1.6070377274999998,-53.68006227250001
2,8886728756,dota2-l1ga-playti-2026-07-08-game1,2026-07-08T12:02:19.795000+00:00,-5.833199999999991,1.90941849,-3.9237815099999906
2,8886862310,dota2-liquid-lvlup1-2026-07-08-game2,2026-07-08T13:37:25.898000+00:00,23.153800000000004,0.24104146500000007,23.394841465000003
2,8887197358,dota2-vg-pari-2026-07-08-game2,2026-07-08T17:23:00.102000+00:00,-11.699700000000064,0.9933268875,-10.706373112500064
2,8887325211,dota2-vp-1win-2026-07-08-game1,2026-07-08T18:51:24.334000+00:00,-33.53330859999997,1.793303982975,-31.74000461702497
2,8887998750,dota2-bb4-re-2026-07-09-game1,2026-07-09T09:29:32.198000+00:00,-17.72430134000001,1.3092192347865002,-16.41508210521351
2,8888160657,dota2-l1ga-aur1-2026-07-09-game1,2026-07-09T12:09:38.901000+00:00,3.482319999999987,0.5445583215,4.0268783214999875
2,8888279558,dota2-playti-lvlup1-2026-07-09-game2,2026-07-09T13:33:23.111000+00:00,19.199500000000015,0.8077988174999999,20.007298817500015
2,8888489297,dota2-vg-ts8-2026-07-09-game1,2026-07-09T15:42:43.149000+00:00,-31.105199999999975,0.8772289949999998,-30.227971004999976
2,8888682602,dota2-og-ic-2026-07-09-game1,2026-07-09T17:53:01.981000+00:00,-24.95499945999999,0.9322378624484999,-24.02276159755149
2,8888819433,dota2-lgd-1win-2026-07-09-game2,2026-07-09T19:41:02.532000+00:00,9.740799999999979,1.67366517,11.414465169999978
2,8889524021,dota2-xtreme-bb4-2026-07-10-game2,2026-07-10T10:37:39.793000+00:00,1.5404714200000171,1.0164138311145,2.556885251114517
2,8889699098,dota2-l1ga-liquid-2026-07-10-game2,2026-07-10T12:46:15.831000+00:00,0.0,0.0,0.0
2,8889944251,dota2-rnx-ts8-2026-07-10-game1,2026-07-10T15:15:29.857000+00:00,4.444400000000002,0.12199878000000001,4.566398780000002
2,8890179830,dota2-lgd-ty-2026-07-10-game1,2026-07-10T17:38:53.401000+00:00,125.65830000000005,0.7420336425,126.40033364250006
2,8891108843,dota2-poorra-re-2026-07-11-game1,2026-07-11T09:15:44.932000+00:00,43.324299999999994,1.5207055425,44.84500554249999
2,8891240327,dota2-xtreme-flc-2026-07-11-game2,2026-07-11T11:01:14.698000+00:00,2.6728000000000014,1.17126534,3.844065340000001
2,8891438996,dota2-l1ga-lvlup1-2026-07-11-game2,2026-07-11T13:19:40.554000+00:00,20.558999999999997,0.9937158749999999,21.552715874999997
2,8892835652,dota2-rnx-nem-2026-07-12-game1,2026-07-12T09:19:01.546000+00:00,-3.7424000000000177,0.7348857,-3.0075143000000177
2,8892958964,dota2-rnx-nem-2026-07-12-game2,2026-07-12T10:53:08.655000+00:00,-70.05540000000005,2.42505657,-67.63034343000005
2,8893253595,dota2-og-vp-2026-07-12-game2,2026-07-12T13:56:28.498000+00:00,-0.999526000000003,0.9587501136000001,-0.04077588640000296
2,8896267691,dota2-liquid-xtreme-2026-07-14-game2,2026-07-14T13:05:08.216000+00:00,-18.422999999999945,1.6547468250000001,-16.768253174999945
2,8896731473,dota2-lgd-mouz-2026-07-14-game2,2026-07-14T18:02:11.857000+00:00,-5.828999999999951,1.124958645,-4.704041354999951
2,8897696869,dota2-ts8-liquid-2026-07-15-game2,2026-07-15T12:54:25.976000+00:00,38.15648335,3.4425230436937504,41.599006393693756
2,8898003442,dota2-bb4-lgd-2026-07-15-game1,2026-07-15T15:56:58.589000+00:00,-0.3029052500000091,1.99017409426875,1.687268844268741
2,8899120700,dota2-ty-ts8-2026-07-17-game2,2026-07-16T12:44:26.752000+00:00,-45.126000000000005,3.28727925,-41.83872075000001
2,8900623530,dota2-flc-vg-2026-07-16-game2,2026-07-17T12:54:30.551000+00:00,-29.589899999999957,3.7579275224999997,-25.831972477499956
2,8902173969,dota2-bb4-vg-2026-07-18-game2,2026-07-18T12:21:15.910000+00:00,1.6509999999999998,0.5660522100000001,2.21705221
2,8903705555,dota2-vg-ty-2026-07-19-game1,2026-07-19T10:24:33.152000+00:00,54.34160000000003,0.55850922,54.900109220000026
2,8904322271,dota2-bb4-pari-2026-07-19-game3,2026-07-19T16:52:33.960000+00:00,-17.817500000000024,2.2470814425,-15.570418557500023
2,8905164476,dota2-stx-lynx-2026-07-20,2026-07-20T10:04:24.370000+00:00,128.44479752000012,2.48011509726,130.92491261726013
2,8905612460,dota2-z10-nemiga-2026-07-20-game2,2026-07-20T15:25:40.567000+00:00,10.438400000000001,1.15040874,11.588808740000001
2,8906069414,dota2-lvlup1-ill-2026-07-20-game2,2026-07-20T20:59:36.536000+00:00,-7.922799999999958,1.634111085,-6.288688914999958
2,8906706819,dota2-pckcp-stx-2026-07-21-game2,2026-07-21T11:28:10.072000+00:00,1.538499999999999,0.5214361124999999,2.059936112499999
2,8907114935,dota2-lynx-spirit1-2026-07-21,2026-07-21T15:55:17.448000+00:00,1.6051999999999964,2.4130760700000002,4.018276069999997
2,8907942033,dota2-ill-dan-2026-07-22-game1,2026-07-22T07:18:07.776000+00:00,0.0,0.0,0.0
2,8908486051,dota2-stx-spirit1-2026-07-22-game2,2026-07-22T15:03:55.390000+00:00,104.49258593000008,2.31980503937025,106.81239096937033
2,8909388284,dota2-dan-z10-2026-07-23-game1,2026-07-23T07:17:23.633000+00:00,0.0,0.0,0.0
2,8909780227,dota2-spirit1-pckcp-2026-07-23,2026-07-23T13:29:29.880000+00:00,-2.0833000000000084,0.7792062824999999,-1.3040937175000085
2,8910461593,dota2-lvlup1-aion-2026-07-23-game2,2026-07-23T21:18:59.726000+00:00,0.0,0.0,0.0
2,8910982575,dota2-aion-dan-2026-07-24-game2,2026-07-24T08:39:31.809000+00:00,0.0,0.0,0.0
2,8912045230,dota2-nemiga-lvlup1-2026-07-24-game1,2026-07-24T21:05:49.488000+00:00,-4.108000000000061,4.321734795,0.2137347949999393
2,8912758286,dota2-pckcp-jenz-2026-07-22-game1,2026-07-25T10:25:45.605000+00:00,0.0,0.0,0.0
2,8913598312,dota2-lynx-kw1-2026-07-25-game1,2026-07-25T19:28:05.257000+00:00,-2.349100640000005,1.512009410004,-0.8370912299960049
2,8914520562,dota2-nemiga-ill-2026-07-26-game2,2026-07-26T10:41:21.923000+00:00,-1.6749000000000223,2.7730661024999996,1.0981661024999774
2,8915002841,dota2-kw1-rearis-2026-07-26-game1,2026-07-26T15:32:54.677000+00:00,-13.791879820000005,0.3589176812325,-13.432962138767506
2,8915498965,dota2-jenz-stx-2026-07-26,2026-07-26T20:57:43.107000+00:00,14.989099040000012,0.8532249943319999,15.842324034332012
2,8916384577,dota2-stx-nemiga-2026-07-27-game2,2026-07-27T13:48:29.618000+00:00,11.806500000000007,2.2704438975,14.076943897500007
2,8917738415,dota2-nh-pckcp-2026-07-28-game1,2026-07-28T12:16:10.015000+00:00,0.0,0.0,0.0
2,8919264561,dota2-rearis-z10-2026-07-29-game1,2026-07-29T12:23:03.580000+00:00,11.457999999999984,1.36634229,12.824342289999985
2,8919803916,dota2-amaru-nemiga-2026-07-29,2026-07-29T18:02:17.532000+00:00,61.82726090999998,3.2471113033867502,65.07437221338672
2,8921162227,dota2-amaru-pr1-2026-07-30-game1,2026-07-30T16:32:24.441000+00:00,15.516900000000007,0.6008919524999999,16.117791952500006
2,8922074642,dota2-vg-amaru-2026-07-31-game1,2026-07-31T08:46:41.467000+00:00,1.3140000000000072,0.20005082999999999,1.514050830000007
2,8922211678,dota2-tr7-playti-2026-07-31-game2,2026-07-31T11:00:53.806000+00:00,-8.394100000000009,1.7458539675,-6.648246032500008
2,8922433138,dota2-l1ga-rnx-2026-07-31-game2,2026-07-31T13:42:06.325000+00:00,-19.291490060000015,1.4967354478469999,-17.794754612153014
2,8922818221,dota2-xtreme-lgd-2026-07-31-game1,2026-07-31T17:51:24.199000+00:00,-3.6767207999999982,0.9124860867600002,-2.764234713239998
2,8923579943,dota2-midas3-tr7-2026-08-01-game2,2026-08-01T07:02:32.143000+00:00,-16.091299999999976,0.7399277774999999,-15.351372222499975
2,8923790600,dota2-yes-vg-2026-08-01-game2,2026-08-01T10:14:11.317000+00:00,10.578384180000043,0.328414749711,10.906798929711043
2,8924222714,dota2-l1ga-lgd-2026-08-01-game2,2026-08-01T15:02:43.462000+00:00,0.0,0.0,0.0
2,8924530036,dota2-rnx-xtreme-2026-08-01-game1,2026-08-01T18:06:50.164000+00:00,0.7039583100000044,0.83719562427975,1.5411539342797544
2,8925543582,dota2-yes-tr7-2026-08-02-game1,2026-08-02T10:44:16.945000+00:00,-1.0985000000000014,0.8270417175,-0.27145828250000137
2,8926232913,dota2-rnx-yb1-2026-08-02-game2,2026-08-02T16:42:19.665000+00:00,-4.945300000000003,1.1922891525,-3.7530108475000032
2,8927063876,dota2-glyph-playti-2026-08-03-game2,2026-08-03T06:55:36.873000+00:00,69.33200000000001,2.292846555,71.624846555
2,8927380776,dota2-xtreme-tr7-2026-08-03,2026-08-03T12:15:30.661000+00:00,42.193299999999994,2.7836533425,44.976953342499996
2,8927926397,dota2-re-lgd-2026-08-03-game1,2026-08-03T18:09:03.381000+00:00,13.72999999999999,0.998313345,14.72831334499999
2,8928953683,dota2-playti-tr7-2026-08-04-game2,2026-08-04T12:46:11.879000+00:00,12.374479149999956,2.42456283350625,14.799041983506207
2,8930200713,dota2-tr7-re-2026-08-05-game1,2026-08-05T08:20:38.811000+00:00,0.0,0.0,0.0
2,8930736914,dota2-playti-yb1-2026-08-05-game3,2026-08-05T15:09:49.519000+00:00,4.43249935999998,0.741050810388,5.17355017038798
2,8932085762,dota2-rearis-nh-2026-08-06-game2,2026-08-06T13:20:21.204000+00:00,6.958199999999999,0.15564305999999997,7.113843059999999
2,8932523868,dota2-nh-lvlup1-2026-08-06,2026-08-06T17:36:18.454000+00:00,-11.36880000000005,1.44114078,-9.92765922000005
2,8933453728,dota2-nh-z10-2026-08-07-game2,2026-08-07T10:40:19.376000+00:00,0.0,0.0185625,0.0185625
2,8933988979,dota2-pr1-jenz-2026-08-07-game2,2026-08-07T16:29:38.697000+00:00,8.685221999999998,0.7841444943,9.469366494299997
2,8937080738,dota2-pr1-yes-2026-08-09,2026-08-09T12:20:23.208000+00:00,14.850621239999999,0.9613709976060001,15.811992237605999
2,8937631882,dota2-ill-re-2026-08-09-game2,2026-08-09T17:12:21.447000+00:00,125.63202399999989,1.2515005413,126.88352454129989
2,8938634026,dota2-pr1-mouz-2026-08-10,2026-08-10T11:15:54.851000+00:00,-9.636274659999984,0.7474410045794999,-8.888833655420484
2,8940117837,dota2-lvlup1-navi-2026-08-11-game2,2026-08-11T10:12:11.551000+00:00,-12.24300138999999,1.1696466538312498,-11.073354736168739
2,8940643574,dota2-yes-z10-2026-08-11-game1,2026-08-11T15:45:57.067000+00:00,-4.857601300000006,0.9738314958075001,-3.883769804192506
2,8941817475,dota2-lvlup1-re-2026-08-12,2026-08-12T11:50:26.039000+00:00,15.400100000000009,1.2202169775,16.62031697750001
2,8962372120,dota2-ic-nemiga-2026-08-24-game1,2026-08-24T07:17:08.649000+00:00,0.0,0.0,0.0
2,8962964580,dota2-sb5-stx-2026-08-24-game1,2026-08-24T13:25:23.881000+00:00,1.3244438399999998,0.006754663584,1.3311985035839997
2,8964399842,dota2-pckcp-nemiga-2026-08-25-game1,2026-08-25T07:22:10.248000+00:00,0.2240574399999984,0.09838573898399999,0.3224431789839984
2,8964837315,dota2-fts-pckcp-2026-08-25-game2,2026-08-25T12:34:06.314000+00:00,-4.964487099999914,1.2659419425449998,-3.698545157454914
2,8965544741,dota2-rearis-spirit1-2026-08-25,2026-08-25T18:44:21.316000+00:00,8.680982939999982,2.631703059081,11.312685999080982
2,8970207176,dota2-rearis-sb5-2026-08-28,2026-08-28T12:56:49.576000+00:00,4.48969959999998,0.58335255522,5.0730521552199805
2,8970485789,dota2-dynast1-ic-2026-08-28-game2,2026-08-28T15:14:26.848000+00:00,-22.739953090000025,1.1183884124422498,-21.621564677557775
2,8971007454,dota2-ks-rearis-2026-08-28-game1,2026-08-28T20:11:41.712000+00:00,-58.94864944999998,2.04761879468625,-56.901030655313726
2,8971501630,dota2-nexus-cres-2026-08-28,2026-08-29T04:51:09.441000+00:00,-17.842895800000015,1.398514841958,-16.444380958042014
2,8971753986,dota2-icecre-kineti-2026-08-29-game1,2026-08-29T08:38:12.829000+00:00,0.0,0.0,0.0
2,8971988345,dota2-sb5-lynx-2026-08-29-game1,2026-08-29T11:21:30.742000+00:00,1.6000991999999998,0.21607167438,1.8161708743799998
2,8972502454,dota2-huliga-lynx-2026-08-29-game2,2026-08-29T15:52:19.963000+00:00,-59.6181,1.6192157775,-57.998884222499996
2,8973011673,dota2-pi-lvlup1-2026-08-29,2026-08-29T20:33:12.059000+00:00,36.20874764999998,1.3497498197287499,37.55849746972873
2,8973462028,dota2-icecre-xctn-2026-08-30,2026-08-30T04:30:11.988000+00:00,-1.4586170000000322,1.807455129225,0.3488381292249678
2,8973707438,dota2-lynx-lvlup1-2026-08-30-game1,2026-08-30T08:16:36.050000+00:00,0.0,0.0185625,0.0185625
2,8974185539,dota2-navi-mouz-2026-08-30-game2,2026-08-30T13:08:29.090000+00:00,0.8619423299999767,1.0629892348102499,1.9249315648102265
2,8975871235,dota2-synaps-lynx-2026-08-31-game1,2026-08-31T12:26:44.788000+00:00,-40.81089254,1.7861320706085,-39.024760469391495
2,8976441468,dota2-4iki-ic-2026-08-31-game2,2026-08-31T17:43:06.122000+00:00,31.747499999999995,0.4649030475,32.2124030475
2,8977325814,dota2-ks-pckcp-2026-09-01-game2,2026-09-01T10:26:27.059000+00:00,13.58929907999999,0.9015512944109999,14.49085037441099
2,8978023576,dota2-synaps-lvlup1-2026-09-01,2026-09-01T17:45:54.185000+00:00,-20.588400000000007,0.5139747,-20.07442530000001
2,8979131280,dota2-dynast1-pckcp-2026-09-02-game1,2026-09-02T13:56:13.878000+00:00,0.0,0.0,0.0
2,8980358113,dota2-z10-ks-2026-09-03-game2,2026-09-03T10:27:20.250000+00:00,6.226043170000025,1.81501615750275,8.041059327502776
