seed,match_id,slug,horn_at,engine_pnl,rebate,net
0,8837869969,dota2-aur1-ty-2026-06-04-game1,2026-06-04T09:17:47.612000+00:00,17.2192,1.769688855,18.988888855
0,8838396820,dota2-lgd-ty-2026-06-04-game2,2026-06-04T16:48:28.531000+00:00,-20.61210085999997,3.110745229533,-17.50135563046697
0,8839366504,dota2-lgd-liquid-2026-06-05-game2,2026-06-05T13:21:18.066000+00:00,-39.065402240000026,2.011209831768,-37.054192408232026
0,8840635639,dota2-ty-bb4-2026-06-06-game1,2026-06-06T10:47:49.658000+00:00,0.0,0.0,0.0
0,8841114801,dota2-aur1-lgd-2026-06-06-game2,2026-06-06T16:30:29.855000+00:00,-13.10560076000003,1.527166961979,-11.57843379802103
0,8842468101,dota2-ty-lgd-2026-06-07-game1,2026-06-07T14:21:40.854000+00:00,-93.88761362999996,0.95823948509025,-92.92937414490972
0,8843465364,dota2-4iki-nande4-2026-06-08-game1,2026-06-08T09:15:08.776000+00:00,-58.57486718000001,2.3379141776295,-56.23695300237051
0,8844054970,dota2-z10-sb5-2026-06-08-game2,2026-06-08T17:08:41.204000+00:00,30.3716,0.29069502,30.662295020000002
0,8850534819,dota2-ill-pr1-2026-06-13-game2,2026-06-13T17:10:42.502000+00:00,0.9419999999999966,0.314262495,1.2562624949999965
0,8854443395,dota2-fla-spirit1-2026-06-16-game1,2026-06-16T16:31:44.570000+00:00,-19.565599999999986,0.34102104,-19.224578959999985
0,8885275216,dota2-re-xtreme-2026-07-07-game2,2026-07-07T11:16:11.813000+00:00,-1.988599999999991,0.470035875,-1.518564124999991
0,8885470551,dota2-l1ga-ngx-2026-07-07-game2,2026-07-07T13:39:34.570000+00:00,12.982799999999969,0.8082838499999999,13.79108384999997
0,8885665054,dota2-nem-pari-2026-07-07-game1,2026-07-07T15:41:38.548000+00:00,29.204891000000003,0.5728774589250001,29.777768458925003
0,8885974297,dota2-ic-1win-2026-07-07-game2,2026-07-07T19:32:14.446000+00:00,0.0,0.0,0.0
0,8886638110,dota2-poorra-bb4-2026-07-08-game2,2026-07-08T10:36:00.005000+00:00,0.0,0.0,0.0
0,8886736772,dota2-liquid-lvlup1-2026-07-08-game1,2026-07-08T12:08:59.488000+00:00,0.0,0.0,0.0
0,8886994890,dota2-ts8-nem-2026-07-08-game1,2026-07-08T14:59:11.781000+00:00,0.0,0.019125,0.019125
0,8887218598,dota2-lgd-og-2026-07-08-game1,2026-07-08T17:27:41.870000+00:00,4.722300000000002,0.4030655625,5.1253655625000025
0,8887337672,dota2-ty-ic-2026-07-08-game2,2026-07-08T19:01:29.872000+00:00,0.0,0.0,0.0
0,8888056358,dota2-poorra-xtreme-2026-07-09-game2,2026-07-09T10:34:44.979000+00:00,-17.928600000000074,3.96487476,-13.963725240000073
0,8888173515,dota2-playti-lvlup1-2026-07-09-game1,2026-07-09T12:20:27.216000+00:00,12.447000000000017,0.285294555,12.732294555000017
0,8888318197,dota2-ngx-liquid-2026-07-09-game2,2026-07-09T14:04:08.888000+00:00,17.078100000000035,3.5131963274999998,20.591296327500036
0,8888555097,dota2-mouz-nem-2026-07-09-game2,2026-07-09T16:24:34.308000+00:00,-22.884800000000002,1.9932915749999998,-20.891508425
0,8888693655,dota2-vp-ty-2026-07-09-game1,2026-07-09T18:07:57.629000+00:00,0.0,0.0,0.0
0,8889452921,dota2-re-gl-2026-07-10-game1,2026-07-10T09:17:34.068000+00:00,45.39610000000002,1.4833727625,46.879472762500015
0,8889538949,dota2-re-gl-2026-07-10-game2,2026-07-10T10:40:57.402000+00:00,-8.932399999999973,3.314688855,-5.617711144999973
0,8889733840,dota2-aur1-playti-2026-07-10-game2,2026-07-10T13:14:22.837000+00:00,-34.4375,1.3784186024999998,-33.0590813975
0,8890008812,dota2-nem-vg-2026-07-10-game2,2026-07-10T15:49:04.827000+00:00,14.409999999999997,0.445798125,14.855798124999996
0,8890270555,dota2-1win-og-2026-07-10-game2,2026-07-10T18:36:26.467000+00:00,0.0,0.0,0.0
0,8891108985,dota2-bb4-gl-2026-07-11-game1,2026-07-11T09:17:06.187000+00:00,0.0,0.0,0.0
0,8891325877,dota2-l1ga-lvlup1-2026-07-11-game1,2026-07-11T12:09:46.181000+00:00,-14.001302000000024,0.6707729287499999,-13.330529071250023
0,8891497910,dota2-aur1-liquid-2026-07-11-game2,2026-07-11T13:53:37.287000+00:00,23.658399999999993,0.4253562,24.083756199999993
0,8892836635,dota2-pari-ts8-2026-07-12-game1,2026-07-12T09:26:06.808000+00:00,-10.915099999999867,4.8390851175,-6.076014882499868
0,8893070561,dota2-1win-ty-2026-07-12-game1,2026-07-12T12:14:45.162000+00:00,11.216234349999937,2.07759631300125,13.293830663001186
0,8896139222,dota2-re-vp-2026-07-14-game1,2026-07-14T11:15:10.363000+00:00,7.610000000000014,1.63962075,9.249620750000014
0,8896380183,dota2-re-vp-2026-07-14,2026-07-14T14:02:34.965000+00:00,-65.06850000000009,2.7010237874999996,-62.36747621250009
0,8897585705,dota2-aur1-re-2026-07-15-game1,2026-07-15T11:19:40.513000+00:00,-85.43096849999998,0.5558583313125,-84.87511016868747
0,8897831774,dota2-ts8-liquid-2026-07-15,2026-07-15T14:13:24.528000+00:00,-2.8164599800000047,0.4434634303965,-2.3729965496035046
0,8898084910,dota2-1win-vg-2026-07-15,2026-07-15T16:49:08.935000+00:00,-14.475701639999983,2.9249931623339998,-11.550708477665983
0,8899307453,dota2-pari-re-2026-07-17-game1,2026-07-16T14:36:23.407000+00:00,6.3289999999999935,0.28508980500000003,6.614089804999994
0,8900771154,dota2-ngx-bb4-2026-07-16-game1,2026-07-17T14:28:08.196000+00:00,-2.7735999999999734,0.8980005,-1.8755994999999734
0,8902338515,dota2-ty-pari-2026-07-18-game1,2026-07-18T14:06:38.308000+00:00,6.122400000000013,0.7645347,6.886934700000014
0,8903789784,dota2-vg-ty-2026-07-19-game2,2026-07-19T11:31:19.185000+00:00,9.405500000000018,0.7280232225,10.133523222500017
0,8904419709,dota2-bb4-pari-2026-07-19-game4,2026-07-19T18:05:14.511000+00:00,-10.291399999999996,0.6924812249999999,-9.598918774999996
0,8905233934,dota2-lynx-pckcp-2026-07-20-game1,2026-07-20T11:15:17.947000+00:00,55.0403,1.8411135674999999,56.881413567500005
0,8905741721,dota2-spirit1-jenz-2026-07-20-game1,2026-07-20T16:55:30.580000+00:00,16.78939999999993,2.6726561849999997,19.46205618499993
0,8906479441,dota2-nemiga-dan-2026-07-21-game1,2026-07-21T07:24:02.590000+00:00,25.75600823000002,1.6676269750027497,27.42363520500277
0,8906814740,dota2-pckcp-stx-2026-07-21,2026-07-21T12:50:32.182000+00:00,-8.12135268000003,2.002540624491,-6.1188120555090295
0,8907236730,dota2-jenz-lynx-2026-07-21-game1,2026-07-21T17:22:36.365000+00:00,0.0,0.0,0.0
0,8907997366,dota2-ill-dan-2026-07-22-game2,2026-07-22T08:30:21.640000+00:00,0.0,0.0,0.0
0,8908612824,dota2-stx-spirit1-2026-07-22,2026-07-22T16:27:56.948000+00:00,8.039163049999878,3.0000356149837497,11.039198664983628
0,8909443684,dota2-dan-z10-2026-07-23-game2,2026-07-23T08:24:14.078000+00:00,-10.65999999999999,0.2887425,-10.37125749999999
0,8910104556,dota2-jenz-kw1-2026-07-23-game2,2026-07-23T16:47:57.620000+00:00,11.689700000000002,0.3793041975,12.069004197500002
0,8910535715,dota2-lvlup1-aion-2026-07-23,2026-07-23T22:37:28.157000+00:00,27.731371639999956,1.326608587287,29.057980227286958
0,8911277378,dota2-kw1-stx-2026-07-24-game2,2026-07-24T13:08:23.857000+00:00,35.32769999999999,0.5080436625,35.83574366249999
0,8912123729,dota2-nemiga-lvlup1-2026-07-24-game2,2026-07-24T22:15:39.296000+00:00,0.0,0.0,0.0
0,8912831712,dota2-pckcp-jenz-2026-07-22-game2,2026-07-25T11:23:26.682000+00:00,2.8000000000000007,0.14493,2.9449300000000007
0,8913726962,dota2-lynx-kw1-2026-07-25-game2,2026-07-25T20:57:15.562000+00:00,-47.87349999999998,3.4287010125,-44.44479898749998
0,8914637220,dota2-nemiga-ill-2026-07-26,2026-07-26T12:04:18.708000+00:00,26.582899999999995,1.2059197874999998,27.788819787499996
0,8915137972,dota2-kw1-rearis-2026-07-26-game2,2026-07-26T16:47:26.165000+00:00,0.5000000000000009,0.013492499999999998,0.5134925000000009
0,8916041863,dota2-lvlup1-pckcp-2026-07-27-game1,2026-07-27T09:21:33.291000+00:00,6.354099999999995,0.19839515249999998,6.552495152499995
0,8916474664,dota2-stx-nemiga-2026-07-27,2026-07-27T14:44:54.132000+00:00,-47.15043729000001,2.33851929380475,-44.81191799619526
0,8917853656,dota2-nh-pckcp-2026-07-28-game2,2026-07-28T13:23:44.955000+00:00,24.34940000000003,1.60615443,25.95555443000003
0,8919404744,dota2-rearis-z10-2026-07-29-game2,2026-07-29T13:48:28.368000+00:00,-8.948146709999989,1.46251417682775,-7.485632533172239
0,8920655724,dota2-pckcp-z10-2026-07-30-game2,2026-07-30T10:32:16.617000+00:00,0.0,0.0,0.0
0,8921281044,dota2-amaru-pr1-2026-07-30-game2,2026-07-30T17:34:28.519000+00:00,0.0,0.0,0.0
0,8922137329,dota2-vg-amaru-2026-07-31-game2,2026-07-31T09:48:16.177000+00:00,0.3000000000000007,0.0291825,0.3291825000000007
0,8922300474,dota2-enjoy-glyph-2026-07-31-game1,2026-07-31T12:14:29.331000+00:00,27.654249579999984,1.749093428823,29.403343008822983
0,8922552315,dota2-l1ga-rnx-2026-07-31,2026-07-31T14:55:23.609000+00:00,27.625733999999994,0.602261517,28.227995516999993
0,8922940920,dota2-xtreme-lgd-2026-07-31-game2,2026-07-31T19:09:48.720000+00:00,-11.673800000000057,4.305606494999999,-7.3681935050000575
0,8923643650,dota2-midas3-tr7-2026-08-01,2026-08-01T08:08:01.087000+00:00,-59.34800000000001,0.71316804,-58.634831960000014
0,8923874259,dota2-re-playti-2026-08-01-game2,2026-08-01T11:26:12.956000+00:00,22.2596,0.33224067,22.59184067
0,8924328537,dota2-glyph-z10-2026-08-01-game1,2026-08-01T15:59:42.950000+00:00,-50.47900000000001,2.23845912,-48.24054088000001
0,8924616191,dota2-rnx-xtreme-2026-08-01-game2,2026-08-01T19:06:22.446000+00:00,-43.3274,0.963087675,-42.364312325
0,8925703946,dota2-yes-tr7-2026-08-02-game2,2026-08-02T11:58:57.158000+00:00,32.12222517999996,2.0869975023555,34.20922268235546
0,8926381426,dota2-rnx-yb1-2026-08-02,2026-08-02T18:14:10.009000+00:00,1.07500000000001,0.527915625,1.6029156250000098
0,8927132943,dota2-glyph-playti-2026-08-03,2026-08-03T08:27:35.152000+00:00,34.638099999999994,0.8299416825,35.468041682499994
0,8927539264,dota2-vg-yb1-2026-08-03-game1,2026-08-03T14:05:56.825000+00:00,77.41068702000003,0.881608966221,78.29229598622102
0,8928050264,dota2-re-lgd-2026-08-03-game2,2026-08-03T19:19:18.313000+00:00,17.409200000000013,0.24696555000000003,17.65616555000001
0,8929124210,dota2-yb1-re-2026-08-04-game1,2026-08-04T14:38:55.576000+00:00,5.6336915200000135,0.558267487104,6.191959007104013
0,8930258778,dota2-tr7-re-2026-08-05-game2,2026-08-05T09:25:42.941000+00:00,14.355100000000078,5.126238997500001,19.481338997500078
0,8931781241,dota2-lvlup1-rearis-2026-08-06-game1,2026-08-06T09:28:03.156000+00:00,1.0,0.366525,1.366525
0,8932181345,dota2-rearis-nh-2026-08-06,2026-08-06T14:22:22.478000+00:00,4.816190400000018,0.27059890416,5.086789304160018
0,8932657929,dota2-ill-pr1-2026-08-06-game1,2026-08-06T19:12:10.345000+00:00,-6.540999999999997,0.9038636849999999,-5.637136314999997
0,8933575351,dota2-ill-stx-2026-08-07-game1,2026-08-07T12:33:02.695000+00:00,0.0,0.0,0.0
0,8934184387,dota2-jenz-nemiga-2026-08-07-game1,2026-08-07T18:35:03.983000+00:00,0.0,0.0,0.0
0,8937188618,dota2-lvlup1-mouz-2026-08-09-game1,2026-08-09T13:17:49.636000+00:00,-42.78619999999998,2.7159794699999997,-40.07022052999998
0,8937722788,dota2-z10-navi-2026-08-09-game1,2026-08-09T18:17:16.930000+00:00,-46.37260000000002,2.9021715450000003,-43.47042845500002
0,8938716198,dota2-ill-z10-2026-08-10-game1,2026-08-10T12:25:50.383000+00:00,-0.612858000000001,0.07617213314999999,-0.536685866850001
0,8940266495,dota2-mouz-re-2026-08-11-game1,2026-08-11T12:16:13.042000+00:00,7.526474999999968,2.201253369375,9.727728369374967
0,8940756672,dota2-yes-z10-2026-08-11-game2,2026-08-11T16:48:25.758000+00:00,-8.952500770000029,1.62818882094075,-7.324311949059279
0,8942003788,dota2-navi-lvlup1-2026-08-12-game1,2026-08-12T13:42:36.457000+00:00,6.544800000000038,0.67781043,7.222610430000038
0,8962458373,dota2-ic-nemiga-2026-08-24-game2,2026-08-24T08:26:45.454000+00:00,-1.8181999999999903,1.366251975,-0.4519480249999903
0,8963508714,dota2-rearis-lynx-2026-08-24-game2,2026-08-24T17:37:20.349000+00:00,9.267923280000034,3.012823625676,12.280746905676033
0,8964480771,dota2-pckcp-nemiga-2026-08-25-game2,2026-08-25T08:31:41.723000+00:00,-34.136423120000075,2.7972838519979994,-31.339139268002075
0,8964962329,dota2-ic-fts-2026-08-25-game1,2026-08-25T13:50:36.471000+00:00,64.84640005000009,2.49601966577325,67.34241971577333
0,8969842778,dota2-pckcp-ic-2026-08-28-game2,2026-08-28T08:21:21.985000+00:00,26.79671779000006,2.04443333144775,28.84115112144781
0,8970338180,dota2-synaps-nemiga-2026-08-28-game1,2026-08-28T14:09:13.367000+00:00,-2.245299999999986,1.9802926424999998,-0.2650073574999863
0,8970575970,dota2-synaps-nemiga-2026-08-28,2026-08-28T16:02:11.965000+00:00,4.397989950000007,0.92648120608125,5.324471156081256
0,8971016820,dota2-fts-nemiga-2026-08-28-game1,2026-08-28T20:17:43.711000+00:00,0.0,0.0,0.0
0,8971519375,dota2-nem-6seven-2026-08-29-game1,2026-08-29T05:14:15.579000+00:00,41.25939999999994,1.088420805,42.34782080499994
0,8971849697,dota2-icecre-kineti-2026-08-29-game2,2026-08-29T09:43:14.699000+00:00,0.0,0.0,0.0
0,8972103119,dota2-sb5-lynx-2026-08-29-game2,2026-08-29T12:31:54.536000+00:00,-8.975000000000009,0.55486875,-8.420131250000008
0,8972611918,dota2-huliga-lynx-2026-08-29,2026-08-29T16:49:36.587000+00:00,-2.505099999999942,3.3322651425000003,0.8271651425000583
0,8973010298,dota2-ks-spirit1-2026-08-29-game1,2026-08-29T20:38:42.759000+00:00,-44.55000000000001,0.41098724999999997,-44.13901275000001
0,8973502629,dota2-clo-yb1-2026-08-30-game1,2026-08-30T05:13:07.837000+00:00,0.0,0.0,0.0
0,8973859403,dota2-lynx-lvlup1-2026-08-30-game2,2026-08-30T09:56:31.353000+00:00,5.219299999999947,1.3301397525,6.549439752499947
0,8974647733,dota2-lvlup1-pr1-2026-08-30-game1,2026-08-30T17:09:16.077000+00:00,-20.797234749999987,2.10698701623375,-18.69024773376624
0,8976012755,dota2-synaps-lynx-2026-08-31-game2,2026-08-31T13:41:35.303000+00:00,10.137900000000002,2.0239693725,12.161869372500002
0,8976511215,dota2-4iki-ic-2026-08-31,2026-08-31T18:29:54.020000+00:00,156.44512465999992,1.8652754024865,158.31040006248642
0,8977476867,dota2-ic-lynx-2026-09-01-game1,2026-09-01T12:26:04.131000+00:00,-2.396179040000007,0.8989062445439999,-1.497272795456007
0,8978832148,dota2-pr1-ic-2026-09-02-game1,2026-09-02T09:52:32.767000+00:00,31.25518011999994,1.482217407423,32.73739752742294
0,8979241530,dota2-dynast1-pckcp-2026-09-02-game2,2026-09-02T14:56:18.245000+00:00,28.52121009999999,1.4070828848549999,29.92829298485499
0,8980463789,dota2-pckcp-spirit1-2026-09-03-game1,2026-09-03T12:14:02.762000+00:00,5.2683999999999855,0.32551974000000006,5.593919739999985
0,8837957019,dota2-aur1-ty-2026-06-04-game2,2026-06-04T11:05:49.570000+00:00,-4.608200000000011,5.3772411,0.7690410999999893
0,8838480778,dota2-lgd-ty-2026-06-04,2026-06-04T17:57:47.377000+00:00,-36.55780043000003,2.99037017783925,-33.567430252160776
0,8839494962,dota2-flc-aur1-2026-06-05-game1,2026-06-05T14:52:18.684000+00:00,27.58159329000005,3.99357341839275,31.5751667083928
0,8840704374,dota2-ty-bb4-2026-06-06-game2,2026-06-06T11:51:44.485000+00:00,-0.5722999999999558,2.4947879925,1.9224879925000442
0,8842052142,dota2-bb4-lgd-2026-06-07-game1,2026-06-07T09:18:04.694000+00:00,134.55240000000003,2.4258006,136.97820060000004
0,8842596730,dota2-ty-lgd-2026-06-07-game2,2026-06-07T15:49:20.066000+00:00,-2.796763839999997,0.281725780584,-2.515038059415997
0,8843512570,dota2-4iki-nande4-2026-06-08-game2,2026-06-08T10:09:45.609000+00:00,-0.9884999999999877,0.4378658625,-0.5506341374999877
0,8844132483,dota2-vpp-z10-2026-06-08-game1,2026-06-08T18:23:01.210000+00:00,0.0,0.0,0.0
0,8850593633,dota2-ill-pr1-2026-06-13,2026-06-13T18:00:57.551000+00:00,0.0,0.0,0.0
0,8885183102,dota2-flc-bb4-2026-07-07-game1,2026-07-07T09:47:24.433000+00:00,-13.063264809999993,1.9333425539992501,-11.129922256000743
0,8885365825,dota2-l1ga-ngx-2026-07-07-game1,2026-07-07T12:34:49.112000+00:00,14.248000000000005,0.15024240000000003,14.398242400000004
0,8885473599,dota2-liquid-playti-2026-07-07-game2,2026-07-07T13:52:27.923000+00:00,22.65714467999996,2.403989932344,25.06113461234396
0,8885784652,dota2-ts8-mouz-2026-07-07-game2,2026-07-07T17:16:32.961000+00:00,-5.114826480000062,4.109695090115999,-1.0051313898840624
0,8886005043,dota2-ty-og-2026-07-07-game2,2026-07-07T20:03:05.981000+00:00,-4.711999999999989,0.26263365,-4.449366349999989
0,8886640910,dota2-flc-re-2026-07-08-game2,2026-07-08T10:39:41.623000+00:00,-1.2346000000000288,0.8756631149999997,-0.35893688500002907
0,8886788497,dota2-ngx-aur1-2026-07-08-game1,2026-07-08T12:47:30.744000+00:00,-5.101890330000003,0.42908212940324997,-4.672808200596753
0,8887100676,dota2-vg-pari-2026-07-08-game1,2026-07-08T16:18:23.954000+00:00,0.0,0.0,0.0
0,8887260104,dota2-ty-ic-2026-07-08-game1,2026-07-08T17:58:24.214000+00:00,0.0,0.0,0.0
0,8887432754,dota2-vp-1win-2026-07-08-game2,2026-07-08T20:20:02.742000+00:00,36.7364,0.33126701999999997,37.06766702
0,8888066684,dota2-bb4-re-2026-07-09-game2,2026-07-09T10:43:25.275000+00:00,-14.942397759999986,0.813676908408,-14.128720851591986
0,8888217771,dota2-ngx-liquid-2026-07-09-game1,2026-07-09T12:52:14.212000+00:00,3.235500000000002,0.9072263024999999,4.142726302500002
0,8888405761,dota2-mouz-nem-2026-07-09-game1,2026-07-09T14:48:45.816000+00:00,5.405600000000007,0.36893219999999993,5.7745322000000066
0,8888554919,dota2-rnx-pari-2026-07-09-game2,2026-07-09T16:26:10.054000+00:00,0.0,0.0,0.0
0,8888731478,dota2-lgd-1win-2026-07-09-game1,2026-07-09T18:35:20.326000+00:00,2.817038399999994,0.56153872008,3.3785771200799943
0,8889468264,dota2-xtreme-bb4-2026-07-10-game1,2026-07-10T09:26:30.741000+00:00,-35.45509999999993,2.3463130875,-33.10878691249993
0,8889615310,dota2-l1ga-liquid-2026-07-10-game1,2026-07-10T11:48:20.990000+00:00,1.2194999999999965,0.26405223750000006,1.4835522374999965
0,8889871314,dota2-nem-vg-2026-07-10-game1,2026-07-10T14:27:52.631000+00:00,6.579000000000008,0.331877655,6.910877655000007
0,8890036748,dota2-pari-mouz-2026-07-10-game2,2026-07-10T16:15:07.698000+00:00,3.4091999999999985,0.15980624999999998,3.5690062499999984
0,8890268632,dota2-lgd-ty-2026-07-10-game2,2026-07-10T18:43:14.663000+00:00,-25.80850000000001,0.8504774325,-24.95802256750001
0,8891145641,dota2-xtreme-flc-2026-07-11-game1,2026-07-11T09:30:07.111000+00:00,0.0,0.0,0.0
0,8891349244,dota2-playti-ngx-2026-07-11-game1,2026-07-11T12:27:52.369000+00:00,12.073400000000007,2.823356625,14.896756625000007
0,8891519142,dota2-playti-ngx-2026-07-11-game2,2026-07-11T14:08:43.754000+00:00,-27.753000000000014,1.32082971,-26.432170290000016
0,8892923329,dota2-mouz-vg-2026-07-12-game2,2026-07-12T10:25:59.512000+00:00,-55.07520104000001,2.781781676568,-52.29341936343201
0,8893106015,dota2-og-vp-2026-07-12-game1,2026-07-12T12:36:42.440000+00:00,4.935599999999994,0.54081837,5.476418369999994
0,8896140998,dota2-liquid-xtreme-2026-07-14-game1,2026-07-14T11:24:31.795000+00:00,1.2674986399999781,1.213184073318,2.480682713317978
0,8896486914,dota2-liquid-xtreme-2026-07-14,2026-07-14T15:13:00.049000+00:00,-0.023601320000011583,0.8096531194559999,0.7860517994559884
0,8897588873,dota2-ts8-liquid-2026-07-15-game1,2026-07-15T11:25:30.473000+00:00,11.012799200000003,2.43545222688,13.448251426880002
0,8897841991,dota2-1win-vg-2026-07-15-game1,2026-07-15T14:22:22.284000+00:00,2.6666000000000167,0.36459088500000003,3.031190885000017
0,8898117600,dota2-bb4-lgd-2026-07-15-game2,2026-07-15T17:15:52.403000+00:00,8.40477335,0.45361958191124996,8.858392931911249
0,8899420575,dota2-pari-re-2026-07-17-game2,2026-07-16T15:46:28.167000+00:00,-11.938000000000017,0.639924795,-11.298075205000016
0,8900882416,dota2-ngx-bb4-2026-07-16-game2,2026-07-17T15:33:10.588000+00:00,-8.333399999999983,0.44375354999999994,-7.889646449999983
0,8902431810,dota2-ty-pari-2026-07-18-game2,2026-07-18T15:09:37.865000+00:00,25.818399999999954,3.27535974,29.093759739999953
0,8904012666,dota2-bb4-pari-2026-07-19-game1,2026-07-19T13:57:51.853000+00:00,34.37489999999998,1.9357757625,36.31067576249998
0,8905035315,dota2-stx-lynx-2026-07-20-game1,2026-07-20T07:25:19.610000+00:00,0.6600000000000037,0.2058705,0.8658705000000038
0,8905359313,dota2-lynx-pckcp-2026-07-20-game2,2026-07-20T12:49:30.119000+00:00,0.0,0.0,0.0
0,8905885788,dota2-spirit1-jenz-2026-07-20-game2,2026-07-20T18:35:45.253000+00:00,0.2400000000000002,0.0686025,0.3086025000000002
0,8906547471,dota2-nemiga-dan-2026-07-21-game2,2026-07-21T08:48:51.736000+00:00,12.857999999999997,0.5200890749999999,13.378089074999997
0,8906911697,dota2-lynx-spirit1-2026-07-21-game1,2026-07-21T14:01:22.509000+00:00,-1.6924999999999955,0.8515678125,-0.8409321874999954
0,8907319204,dota2-jenz-lynx-2026-07-21-game2,2026-07-21T18:19:16.673000+00:00,-35.04745550000001,0.7903679807399999,-34.25708751926001
0,8908178087,dota2-nemiga-aion-2026-07-22-game2,2026-07-22T11:35:02.272000+00:00,37.593511599999985,0.46473375507,38.058245355069985
0,8908710300,dota2-z10-lvlup1-2026-07-22-game1,2026-07-22T17:40:32.974000+00:00,-48.78030000000011,3.3658605374999997,-45.41443946250011
0,8909498494,dota2-dan-z10-2026-07-23,2026-07-23T09:35:42.112000+00:00,-1.8779999999999966,0.13052601,-1.7474739899999965
0,8910216725,dota2-jenz-kw1-2026-07-23,2026-07-23T18:09:02.529000+00:00,0.14000000000000057,0.184905,0.32490500000000055
0,8910589445,dota2-nemiga-ill-2026-07-23-game1,2026-07-23T23:33:41.369000+00:00,6.984200000000001,1.4160423899999999,8.40024239
0,8911784562,dota2-z10-ill-2026-07-24-game1,2026-07-24T18:00:21.302000+00:00,-12.702700799999992,1.38153002082,-11.321170779179992
0,8912551235,dota2-ill-aion-2026-07-25-game1,2026-07-25T07:19:52.253000+00:00,1.386099999999999,0.6146875425,2.000787542499999
0,8912974141,dota2-pckcp-jenz-2026-07-22,2026-07-25T13:02:19.241000+00:00,-35.610699999999994,3.1834634625,-32.427236537499994
0,8913824141,dota2-lynx-kw1-2026-07-25,2026-07-25T22:21:39.642000+00:00,2.628599350000009,3.2504549678062498,5.879054317806259
0,8914749408,dota2-rearis-pckcp-2026-07-26-game1,2026-07-26T13:19:34.036000+00:00,1.3513999999999982,0.38504764499999994,1.7364476449999982
0,8915271266,dota2-jenz-stx-2026-07-26-game1,2026-07-26T18:26:53.337000+00:00,24.67469999999999,1.1790379125,25.85373791249999
0,8916102349,dota2-lvlup1-pckcp-2026-07-27-game2,2026-07-27T10:12:46.876000+00:00,4.5294789200000025,0.32152213556099996,4.851001055561002
0,8917611319,dota2-pr1-nemiga-2026-07-28-game2,2026-07-28T10:17:02.190000+00:00,0.0,0.48531420000000003,0.48531420000000003
0,8918052500,dota2-pckcp-kw1-2026-07-28-game1,2026-07-28T15:24:46.769000+00:00,7.144643040000005,0.5626920096720001,7.707335049672006
0,8919546613,dota2-amaru-nemiga-2026-07-29-game1,2026-07-29T15:15:30.082000+00:00,0.0,0.0,0.0
0,8920897425,dota2-lvlup1-z10-2026-07-30-game2,2026-07-30T13:37:44.606000+00:00,-14.752700000000033,1.4643507224999999,-13.288349277500032
0,8921949036,dota2-re-midas3-2026-07-31-game1,2026-07-31T06:23:42.906000+00:00,0.0,0.0,0.0
0,8922133239,dota2-tr7-playti-2026-07-31-game1,2026-07-31T09:57:34.446000+00:00,12.120298680000019,4.22851926189,16.34881794189002
0,8922339160,dota2-l1ga-rnx-2026-07-31-game1,2026-07-31T12:44:09.822000+00:00,-3.5097000000000094,0.9786065625,-2.5310934375000094
0,8922602122,dota2-yb1-z10-2026-07-31-game1,2026-07-31T15:28:08.646000+00:00,-4.917899999999975,0.5919922125,-4.3259077874999745
0,8923040358,dota2-xtreme-lgd-2026-07-31,2026-07-31T20:28:40.570000+00:00,-9.2851,1.9555082325000002,-7.3295917675
0,8923704450,dota2-yes-vg-2026-08-01-game1,2026-08-01T09:01:56.739000+00:00,-6.505455739999974,1.4268734734544999,-5.078582266545474
0,8923899787,dota2-enjoy-yb1-2026-08-01-game1,2026-08-01T11:45:49.553000+00:00,-49.77159999999998,1.2775146450000001,-48.49408535499998
0,8924367779,dota2-l1ga-lgd-2026-08-01,2026-08-01T16:23:12.450000+00:00,-16.0672,0.5652780000000001,-15.501922
0,8925210898,dota2-playti-xctn-2026-08-02-game1,2026-08-02T05:28:20.542000+00:00,-16.282831040000016,0.9163214497094999,-15.366509590290516
0,8925847726,dota2-yes-tr7-2026-08-02,2026-08-02T13:17:43.701000+00:00,1.6198988399999905,0.6736645998719999,2.29356343987199
0,8926523280,dota2-z10-lgd-2026-08-02-game1,2026-08-02T19:59:32.068000+00:00,0.0,0.0,0.0
0,8927207054,dota2-xtreme-tr7-2026-08-03-game1,2026-08-03T10:00:05.212000+00:00,10.045799999999986,1.257667875,11.303467874999985
0,8927660975,dota2-vg-yb1-2026-08-03-game2,2026-08-03T15:05:20.968000+00:00,-1.6225054599999673,1.063240285986,-0.5592651740139674
0,8928163118,dota2-re-lgd-2026-08-03,2026-08-03T20:43:38.722000+00:00,-29.804299999999998,1.7595492524999998,-28.044750747499997
0,8929276426,dota2-yb1-re-2026-08-04-game2,2026-08-04T15:54:25.550000+00:00,17.04070943000005,1.1746189437277499,18.2153283737278
0,8930398938,dota2-playti-yb1-2026-08-05-game1,2026-08-05T12:24:04.133000+00:00,-2.0667000000000257,1.0020320475,-1.0646679525000258
0,8931852727,dota2-lvlup1-rearis-2026-08-06-game2,2026-08-06T10:30:33.624000+00:00,-45.15124875999999,1.3337386853909998,-43.81751007460899
0,8932318084,dota2-nh-lvlup1-2026-08-06-game1,2026-08-06T15:34:15.395000+00:00,-25.30749999999997,0.5608517775,-24.746648222499967
0,8932835800,dota2-ill-pr1-2026-08-06,2026-08-06T21:22:55.783000+00:00,-15.057500000000001,1.4295851475,-13.627914852500002
0,8933704579,dota2-ill-stx-2026-08-07-game2,2026-08-07T13:44:43.178000+00:00,0.9201999999999941,0.31137447,1.2315744699999942
0,8934279386,dota2-jenz-nemiga-2026-08-07-game2,2026-08-07T19:33:30.612000+00:00,0.0,0.42000335999999994,0.42000335999999994
0,8937335830,dota2-lvlup1-mouz-2026-08-09-game2,2026-08-09T14:27:35.299000+00:00,-8.406400000000005,0.9521681099999999,-7.454231890000005
0,8938509987,dota2-pr1-mouz-2026-08-10-game1,2026-08-10T09:24:47.767000+00:00,15.718700000000027,2.3146872675,18.033387267500025
0,8939023869,dota2-yes-lvlup1-2026-08-10-game1,2026-08-10T15:24:37.289000+00:00,31.565187359999996,0.507772283256,32.072959643256
0,8940365227,dota2-mouz-re-2026-08-11-game2,2026-08-11T13:12:04.281000+00:00,-21.916900000000055,3.1093248675,-18.807575132500055
0,8941656460,dota2-lvlup1-re-2026-08-12-game1,2026-08-12T09:19:34.658000+00:00,-0.7919476000000145,0.9375709158,0.14562331579998544
0,8942152024,dota2-navi-lvlup1-2026-08-12-game2,2026-08-12T14:50:30.897000+00:00,1.3999999999999986,0.14805000000000001,1.5480499999999986
0,8962592819,dota2-ks-lynx-2026-08-24-game1,2026-08-24T10:19:27.562000+00:00,-10.463703259999974,0.583565059071,-9.880138200928974
0,8963649188,dota2-dynast1-fts-2026-08-24-game1,2026-08-24T19:15:00.848000+00:00,14.712800000000009,0.23358959999999998,14.946389600000009
0,8964574076,dota2-pckcp-nemiga-2026-08-25,2026-08-25T09:52:05.670000+00:00,-25.710700000000006,1.0878032924999999,-24.622896707500008
0,8965097316,dota2-ic-fts-2026-08-25-game2,2026-08-25T14:41:01.046000+00:00,0.8671150399999874,1.0006383852479999,1.8677534252479873
0,8969978865,dota2-rearis-sb5-2026-08-28-game1,2026-08-28T10:27:01.322000+00:00,0.7270000000000039,0.24885675,0.9758567500000038
0,8970352005,dota2-dynast1-ic-2026-08-28-game1,2026-08-28T14:10:35.964000+00:00,0.29515769999999986,0.053809426755,0.34896712675499986
0,8970655100,dota2-dynast1-ic-2026-08-28,2026-08-28T16:43:34.585000+00:00,-0.7973046600000417,1.1607555116655,0.3634508516654582
0,8971111987,dota2-ks-rearis-2026-08-28-game2,2026-08-28T21:24:47.695000+00:00,-0.9670161999999953,0.322214458275,-0.6448017417249954
0,8971586781,dota2-nem-6seven-2026-08-29-game2,2026-08-29T06:13:46.689000+00:00,-7.91670000000002,0.7579522125,-7.15874778750002
0,8971891627,dota2-dynast1-nemiga-2026-08-29-game1,2026-08-29T10:17:49.464000+00:00,13.258300000000045,0.5257213725,13.784021372500044
0,8972115962,dota2-mouz-yes-2026-08-29-game2,2026-08-29T12:36:59.931000+00:00,-37.615078849999996,4.27018819022625,-33.344890659773746
0,8972773416,dota2-pi-lvlup1-2026-08-29-game1,2026-08-29T18:17:23.637000+00:00,-42.33647265999994,1.4640116649255,-40.87246099507444
0,8973337131,dota2-icecre-xctn-2026-08-30-game1,2026-08-30T02:14:49.254000+00:00,0.0,0.0,0.0
0,8973568453,dota2-clo-yb1-2026-08-30-game2,2026-08-30T06:12:50.377000+00:00,0.7558852899999984,0.047816843582249996,0.8037021335822484
0,8973884000,dota2-nem-xctn-2026-08-30-game2,2026-08-30T10:12:32.710000+00:00,4.6750838600000435,1.681770311718,6.356854171718044
0,8974898633,dota2-lvlup1-pr1-2026-08-30,2026-08-30T19:25:58.777000+00:00,-9.263924800000026,0.8968520559,-8.367072744100026
0,8976166971,dota2-synaps-lynx-2026-08-31,2026-08-31T15:09:07.826000+00:00,14.477199999999982,1.334590005,15.811790004999981
0,8976665322,dota2-spirit1-pi-2026-08-31-game1,2026-08-31T20:26:57.494000+00:00,23.635899999999992,1.0339075875000001,24.669807587499992
0,8977623650,dota2-ic-lynx-2026-09-01-game2,2026-09-01T13:53:28.128000+00:00,-30.463465610000142,3.0581711245327496,-27.405294485467394
0,8978916284,dota2-pr1-ic-2026-09-02-game2,2026-09-02T11:19:11.539000+00:00,3.4095000000000084,0.7544546624999999,4.163954662500008
0,8979344496,dota2-synaps-4iki-2026-09-02-game1,2026-09-02T15:59:27.587000+00:00,9.113327179999999,2.466132830079,11.579460010079
0,8980769413,dota2-pi-dynast1-2026-09-03-game1,2026-09-03T15:17:23.998000+00:00,39.072799999999994,0.7710226349999998,39.843822634999995
0,8838056564,dota2-flc-liquid-2026-06-04-game1,2026-06-04T12:43:48.535000+00:00,-0.10069999999999979,0.6025888724999998,0.5018888725
0,8839123109,dota2-flc-bb4-2026-06-05-game1,2026-06-05T09:16:39.267000+00:00,-29.032899999999998,0.7650848025,-28.2678151975
0,8839625815,dota2-flc-aur1-2026-06-05-game2,2026-06-05T16:13:53.150000+00:00,9.089500000000015,0.6352659374999999,9.724765937500015
0,8840821227,dota2-ty-bb4-2026-06-06,2026-06-06T13:12:37.368000+00:00,51.42249999999994,2.8988106675,54.321310667499944
0,8842134886,dota2-bb4-lgd-2026-06-07-game2,2026-06-07T10:28:41.168000+00:00,14.598699999999937,2.7715215225,17.370221522499936
0,8842722527,dota2-ty-lgd-2026-06-07-game3,2026-06-07T17:12:22.566000+00:00,3.003099999999992,0.16420304249999998,3.167303042499992
0,8843560379,dota2-4iki-nande4-2026-06-08,2026-06-08T11:10:54.138000+00:00,-12.959599999999966,1.3282422,-11.631357799999966
0,8844244719,dota2-vpp-z10-2026-06-08-game2,2026-06-08T19:45:42.908000+00:00,18.584399999999988,1.18083141,19.765231409999988
0,8851984783,dota2-4iki-pr1-2026-06-14-game2,2026-06-14T16:46:25.798000+00:00,-1.7577000000000105,1.4973274875,-0.2603725125000105
0,8885195986,dota2-re-xtreme-2026-07-07-game1,2026-07-07T09:55:03.037000+00:00,7.574799999999968,0.3271005,7.901900499999968
0,8885380529,dota2-liquid-playti-2026-07-07-game1,2026-07-07T12:43:07.045000+00:00,-2.2577,0.8424043125,-1.4152956874999998
0,8885529711,dota2-lvlup1-aur1-2026-07-07-game2,2026-07-07T14:23:52.590000+00:00,4.732618599999995,0.11718376468500011,4.8498023646849955
0,8885871759,dota2-ic-1win-2026-07-07-game1,2026-07-07T18:31:07.999000+00:00,0.3800000000000008,0.016059749999999998,0.39605975000000077
0,8886576019,dota2-poorra-bb4-2026-07-08-game1,2026-07-08T09:20:01.472000+00:00,0.0,0.0,0.0
0,8886641793,dota2-gl-xtreme-2026-07-08-game2,2026-07-08T10:45:04.782000+00:00,10.708199109999974,3.49787429726325,14.206073407263224
0,8886815251,dota2-l1ga-playti-2026-07-08-game2,2026-07-08T13:04:20.712000+00:00,22.34080000000001,0.40366281,22.74446281000001
0,8887114313,dota2-ts8-nem-2026-07-08-game2,2026-07-08T16:15:19.583000+00:00,-45.93799999999999,0.7930495200000001,-45.14495047999999
0,8887314193,dota2-lgd-og-2026-07-08-game2,2026-07-08T18:40:30.736000+00:00,-33.165713719999964,1.157242017624,-32.008471702375964
0,8887986392,dota2-poorra-xtreme-2026-07-09-game1,2026-07-09T09:21:30.237000+00:00,-17.09050044999995,2.99956482530625,-14.090935624693701
0,8888083694,dota2-gl-flc-2026-07-09-game2,2026-07-09T11:11:32.224000+00:00,26.185354180000047,1.8976996514834998,28.083053831483547
0,8888260336,dota2-l1ga-aur1-2026-07-09-game2,2026-07-09T13:20:05.771000+00:00,-3.383400000000009,0.8784337199999999,-2.504966280000009
0,8888425887,dota2-rnx-pari-2026-07-09-game1,2026-07-09T15:02:02.148000+00:00,4.344399999999993,0.12264378000000004,4.467043779999993
0,8888592426,dota2-vg-ts8-2026-07-09-game2,2026-07-09T16:59:54.115000+00:00,-1.538499999999999,0.4798966125,-1.0586033874999992
0,8888771711,dota2-og-ic-2026-07-09-game2,2026-07-09T19:04:50.495000+00:00,0.0,0.0,0.0
0,8889513730,dota2-poorra-flc-2026-07-10-game2,2026-07-10T10:17:36.842000+00:00,3.529500000000013,0.2056816125,3.735181612500013
0,8889621582,dota2-aur1-playti-2026-07-10-game1,2026-07-10T11:57:42.116000+00:00,-38.970652959999995,1.451913259044,-37.518739700956
0,8889914618,dota2-pari-mouz-2026-07-10-game1,2026-07-10T14:59:49.254000+00:00,3.209436480000008,0.207456981732,3.416893461732008
0,8890074597,dota2-rnx-ts8-2026-07-10-game2,2026-07-10T16:28:42.555000+00:00,0.0,0.0,0.0
0,8890301402,dota2-ic-vp-2026-07-10-game2,2026-07-10T18:52:09.717000+00:00,0.0,0.0,0.0
0,8891217710,dota2-poorra-re-2026-07-11-game2,2026-07-11T10:44:50.172000+00:00,-34.11470150000001,2.0906884374375,-32.02401306256251
0,8891371442,dota2-aur1-liquid-2026-07-11-game1,2026-07-11T12:43:19.319000+00:00,-0.3200000000000074,0.543471225,0.2234712249999926
0,8892829232,dota2-mouz-vg-2026-07-12-game1,2026-07-12T09:15:57.248000+00:00,-117.42629999999994,1.9003918125,-115.52590818749994
0,8892914077,dota2-pari-ts8-2026-07-12-game2,2026-07-12T10:31:28.406000+00:00,-7.644300000000015,1.3942070775,-6.2500929225000155
0,8893165071,dota2-1win-ty-2026-07-12-game2,2026-07-12T13:18:20.777000+00:00,-44.93500000000006,4.836462795,-40.098537205000056
0,8896234088,dota2-re-vp-2026-07-14-game2,2026-07-14T12:30:48.003000+00:00,-23.967400000000055,1.204283985,-22.763116015000055
0,8896645659,dota2-lgd-mouz-2026-07-14-game1,2026-07-14T16:55:49.823000+00:00,0.0,0.0,0.0
0,8897695379,dota2-aur1-re-2026-07-15-game2,2026-07-15T12:41:48.340000+00:00,2.4650000000000034,0.437580075,2.9025800750000035
0,8897971312,dota2-1win-vg-2026-07-15-game2,2026-07-15T15:33:39.656000+00:00,8.545499040000008,0.3386653861319999,8.884164426132008
0,8899028080,dota2-ty-ts8-2026-07-17-game1,2026-07-16T11:25:22.617000+00:00,8.24900000000001,1.3613361449999999,9.610336145000009
0,8900508749,dota2-flc-vg-2026-07-16-game1,2026-07-17T11:21:46.405000+00:00,-48.944699999999955,0.9486649125,-47.996035087499955
0,8902107148,dota2-bb4-vg-2026-07-18-game1,2026-07-18T11:22:02.020000+00:00,2.0,0.0616125,2.0616125
0,8902610619,dota2-ty-pari-2026-07-18,2026-07-18T16:48:06.686000+00:00,33.60414899999998,3.11972631555,36.723875315549975
0,8904157676,dota2-bb4-pari-2026-07-19-game2,2026-07-19T15:17:11.337000+00:00,-12.204500000000056,1.5691256624999999,-10.635374337500057
0,8905093611,dota2-stx-lynx-2026-07-20-game2,2026-07-20T08:36:36.644000+00:00,67.25340000000003,1.8356637599999999,69.08906376000003
0,8905490238,dota2-z10-nemiga-2026-07-20-game1,2026-07-20T14:13:02.081000+00:00,-30.05817374,0.6651107828909999,-29.393062957109002
0,8905975768,dota2-lvlup1-ill-2026-07-20-game1,2026-07-20T19:45:16.612000+00:00,-45.32660000000003,1.547186055,-43.77941394500003
0,8906626852,dota2-pckcp-stx-2026-07-21-game1,2026-07-21T10:17:03.931000+00:00,1.5866999999999933,0.9082458375,2.4949458374999933
0,8907021823,dota2-lynx-spirit1-2026-07-21-game2,2026-07-21T14:54:33.550000+00:00,-19.489600000000003,1.384571715,-18.105028285000003
0,8907510684,dota2-z10-aion-2026-07-21-game2,2026-07-21T20:45:41.820000+00:00,0.0,0.0,0.0
0,8908313996,dota2-stx-spirit1-2026-07-22-game1,2026-07-22T13:26:43.307000+00:00,0.0,0.0,0.0
0,8908926344,dota2-z10-lvlup1-2026-07-22,2026-07-22T20:21:42.790000+00:00,24.990538079999993,1.403394328884,26.393932408883995
0,8909658828,dota2-spirit1-pckcp-2026-07-23-game2,2026-07-23T11:56:35.158000+00:00,-7.876600800000006,1.08550420176,-6.7910965982400056
0,8910344715,dota2-lvlup1-aion-2026-07-23-game1,2026-07-23T19:45:58.831000+00:00,0.0,0.0,0.0
0,8910670427,dota2-nemiga-ill-2026-07-23,2026-07-24T01:26:47.762000+00:00,4.089968190000025,0.78059075690175,4.870558946901776
0,8911916389,dota2-z10-ill-2026-07-24-game2,2026-07-24T19:32:36.981000+00:00,-9.430201539999999,1.3410622152555,-8.0891393247445
0,8912622476,dota2-ill-aion-2026-07-25-game2,2026-07-25T08:27:06.996000+00:00,1.0000000000000018,0.026984999999999995,1.0269850000000018
0,8913307206,dota2-kw1-pckcp-2026-07-25-game1,2026-07-25T16:28:48.834000+00:00,0.0,0.0,0.0
0,8914414410,dota2-nemiga-ill-2026-07-26-game1,2026-07-26T09:26:59.644000+00:00,-23.603356639999994,0.522156530388,-23.081200109611995
0,8914885598,dota2-rearis-pckcp-2026-07-26-game2,2026-07-26T14:24:02.001000+00:00,50.89150000000001,0.3081393375,51.19963933750001
0,8915390117,dota2-jenz-stx-2026-07-26-game2,2026-07-26T19:37:39.362000+00:00,0.0,0.0,0.0
0,8916245727,dota2-stx-nemiga-2026-07-27-game1,2026-07-27T12:25:46.061000+00:00,14.550500000000028,1.8339077325,16.384407732500026
0,8917675823,dota2-pr1-nemiga-2026-07-28,2026-07-28T11:19:25.327000+00:00,76.85500000000002,0.40723875000000004,77.26223875000002
0,8918176547,dota2-pckcp-kw1-2026-07-28-game2,2026-07-28T16:37:04.197000+00:00,0.0,0.0,0.0
0,8919685210,dota2-amaru-nemiga-2026-07-29-game2,2026-07-29T16:34:50.427000+00:00,-69.57970061999998,1.9904906445704997,-67.58920997542948
0,8921002620,dota2-lvlup1-z10-2026-07-30,2026-07-30T14:47:46.063000+00:00,55.91829999999999,2.8750820025,58.79338200249999
0,8922016200,dota2-re-midas3-2026-07-31-game2,2026-07-31T07:39:14.850000+00:00,9.000200000000007,0.58253661,9.582736610000007
0,8922186876,dota2-vg-amaru-2026-07-31,2026-07-31T10:40:33.810000+00:00,5.063199999999995,0.29145045,5.354650449999995
0,8922400300,dota2-enjoy-glyph-2026-07-31-game2,2026-07-31T13:24:39.311000+00:00,-0.2942,0.915763215,0.621563215
0,8922722577,dota2-yb1-z10-2026-07-31-game2,2026-07-31T16:35:25.057000+00:00,-10.303699999999992,1.0273310775,-9.276368922499993
0,8923506996,dota2-midas3-tr7-2026-08-01-game1,2026-08-01T05:43:01.223000+00:00,2.311299999999992,0.3734427375,2.684742737499992
0,8923780137,dota2-re-playti-2026-08-01-game1,2026-08-01T10:09:39.721000+00:00,0.0,0.0,0.0
0,8924057168,dota2-l1ga-lgd-2026-08-01-game1,2026-08-01T13:34:16.709000+00:00,-5.714199999999991,0.9612712949999999,-4.7529287049999915
0,8924468754,dota2-glyph-z10-2026-08-01-game2,2026-08-01T17:25:49.795000+00:00,-1.157901119999977,1.433042352648,0.27514123264802315
0,8925308090,dota2-playti-xctn-2026-08-02-game2,2026-08-02T07:03:47.891000+00:00,3.030399999999986,0.5022887999999999,3.5326887999999856
0,8926022375,dota2-rnx-yb1-2026-08-02-game1,2026-08-02T15:09:53.856000+00:00,31.34229999999998,2.8922897325,34.234589732499984
0,8926636219,dota2-z10-lgd-2026-08-02-game2,2026-08-02T21:07:31.416000+00:00,-8.3335,0.2781305625,-8.055369437500001
0,8927288399,dota2-xtreme-tr7-2026-08-03-game2,2026-08-03T11:00:48.642000+00:00,-0.20570000000000022,1.3821866625,1.1764866625
0,8927760296,dota2-vg-yb1-2026-08-03,2026-08-03T16:18:19.713000+00:00,24.369592590000025,2.5038378055627497,26.873430395562774
0,8928851109,dota2-playti-tr7-2026-08-04-game1,2026-08-04T11:30:07.829000+00:00,-5.813622090000008,0.5964266960617499,-5.217195393938258
0,8929365099,dota2-yb1-re-2026-08-04,2026-08-04T16:51:08.308000+00:00,21.067919980000113,4.0723928910615,25.140312871061614
0,8930615242,dota2-playti-yb1-2026-08-05-game2,2026-08-05T14:02:56.166000+00:00,138.98180000000002,0.614994465,139.59679446500002
0,8931981851,dota2-rearis-nh-2026-08-06-game1,2026-08-06T12:26:15.226000+00:00,12.019999999999996,0.48017062499999996,12.500170624999996
0,8932413808,dota2-nh-lvlup1-2026-08-06-game2,2026-08-06T16:23:29.211000+00:00,0.4560000000000013,0.080541,0.5365410000000013
0,8933374169,dota2-nh-z10-2026-08-07-game1,2026-08-07T09:29:47.916000+00:00,0.0,0.0,0.0
0,8933879286,dota2-pr1-jenz-2026-08-07-game1,2026-08-07T15:25:51.002000+00:00,-64.28390000000003,1.1028191325,-63.18108086750003
0,8936825643,dota2-pr1-yes-2026-08-09-game1,2026-08-09T09:22:32.992000+00:00,4.216066859999991,1.815529911261,6.031596771260991
0,8937484593,dota2-ill-re-2026-08-09-game1,2026-08-09T15:55:00.679000+00:00,0.0,0.0,0.0
0,8938565057,dota2-pr1-mouz-2026-08-10-game2,2026-08-10T10:12:07.159000+00:00,-1.207516059999957,1.4434329151604999,0.23591685516054284
0,8940059913,dota2-lvlup1-navi-2026-08-11-game1,2026-08-11T09:16:02.605000+00:00,18.90139999999998,0.5576248349999999,19.45902483499998
0,8940487898,dota2-mouz-re-2026-08-11,2026-08-11T14:25:06.999000+00:00,-0.32972895999995444,2.0586193027319997,1.7288903427320452
0,8941733752,dota2-lvlup1-re-2026-08-12-game2,2026-08-12T10:35:42.245000+00:00,14.0213702,1.9953371406,16.0167073406
0,8942262723,dota2-navi-lvlup1-2026-08-12-game3,2026-08-12T15:53:47.795000+00:00,15.662399999999991,0.16219620000000004,15.824596199999991
0,8962736746,dota2-ks-lynx-2026-08-24-game2,2026-08-24T11:33:18.452000+00:00,37.0297551,1.6368831582105,38.666638258210504
0,8963790789,dota2-dynast1-fts-2026-08-24-game2,2026-08-24T20:20:45.642000+00:00,1.6908000000000243,1.3450503150000002,3.0358503150000242
0,8964657335,dota2-fts-pckcp-2026-08-25-game1,2026-08-25T10:52:11.864000+00:00,-3.765498959999995,0.558458057742,-3.207040902257995
0,8964938940,dota2-rearis-spirit1-2026-08-25-game1,2026-08-25T16:23:39.394000+00:00,0.5275862400000015,0.159971133228,0.6875573732280016
0,8970089224,dota2-rearis-sb5-2026-08-28-game2,2026-08-28T11:41:09.553000+00:00,0.0,0.0,0.0
0,8970470057,dota2-synaps-nemiga-2026-08-28-game2,2026-08-28T15:09:53.245000+00:00,184.46668484999992,1.12716187544625,185.59384672544618
0,8970886632,dota2-dynast1-pckcp-2026-08-28-game2,2026-08-28T18:51:22.084000+00:00,0.0,0.0,0.0
0,8971423978,dota2-db2-satan-2026-08-28-game2,2026-08-29T03:20:55.120000+00:00,2.3999999999999986,0.05665499999999998,2.4566549999999987
0,8971664649,dota2-nem-6seven-2026-08-29,2026-08-29T07:24:10.704000+00:00,6.122400000000013,0.7645347,6.886934700000014
0,8971964803,dota2-mouz-yes-2026-08-29-game1,2026-08-29T11:13:49.271000+00:00,-26.329499999999996,1.8793927125,-24.450107287499996
0,8972289868,dota2-huliga-lynx-2026-08-29-game1,2026-08-29T14:15:10.550000+00:00,-20.567177340000057,2.286353618571,-18.28082372142906
0,8972893200,dota2-pi-lvlup1-2026-08-29-game2,2026-08-29T19:20:53.860000+00:00,-19.270099999999996,1.5686596874999998,-17.701440312499997
0,8973405568,dota2-icecre-xctn-2026-08-30-game2,2026-08-30T03:19:55.483000+00:00,8.79835082999999,1.0035338056312502,9.80188463563124
0,8973613420,dota2-clo-yb1-2026-08-30,2026-08-30T07:04:46.677000+00:00,11.08861152,0.285563277576,11.374174797576
0,8973944033,dota2-lynx-lvlup1-2026-08-30,2026-08-30T10:50:43.696000+00:00,-13.618999999999923,4.68418596,-8.934814039999925
0,8975110449,dota2-dynast1-ks-2026-08-30-game2,2026-08-30T21:54:27.706000+00:00,27.226800000000026,1.4316615149999998,28.658461515000024
0,8976300473,dota2-4iki-ic-2026-08-31-game1,2026-08-31T16:25:39.940000+00:00,-1.5780000000000314,0.80538165,-0.7726183500000314
0,8976751962,dota2-spirit1-pi-2026-08-31-game2,2026-08-31T21:40:17.685000+00:00,0.0,0.0,0.0
0,8977913355,dota2-synaps-lvlup1-2026-09-01-game2,2026-09-01T16:37:59.217000+00:00,14.480000000000018,0.6471839999999999,15.127184000000018
0,8978986214,dota2-pr1-ic-2026-09-02,2026-09-02T12:20:55.440000+00:00,-0.6448,0.05336526,-0.5914347400000001
0,8980293569,dota2-z10-ks-2026-09-03-game1,2026-09-03T09:18:42.909000+00:00,-4.2426491099999595,0.99565206927975,-3.2469970407202093
0,8838170936,dota2-flc-liquid-2026-06-04-game2,2026-06-04T14:05:12.636000+00:00,9.533998399999987,3.37892100972,12.912919409719986
0,8839193447,dota2-flc-bb4-2026-06-05-game2,2026-06-05T10:38:10.594000+00:00,1.1748791100000062,1.49410675060575,2.668985860605756
0,8839717574,dota2-flc-aur1-2026-06-05,2026-06-05T17:21:15.591000+00:00,19.846328819999997,1.011781537341,20.858110357340998
0,8840984097,dota2-aur1-lgd-2026-06-06-game1,2026-06-06T15:05:33.978000+00:00,8.039700000000053,1.1452015125000001,9.184901512500053
0,8842245726,dota2-bb4-lgd-2026-06-07,2026-06-07T11:59:53.564000+00:00,-66.67440087000003,2.12508227667225,-64.54931859332778
0,8842845018,dota2-ty-lgd-2026-06-07-game4,2026-06-07T18:51:58.999000+00:00,2.0000000000000036,0.12189,2.1218900000000036
0,8843760302,dota2-vpp-balu-2026-06-08-game2,2026-06-08T13:42:26.324000+00:00,0.0,0.0,0.0
0,8844308689,dota2-vpp-z10-2026-06-08,2026-06-08T20:50:38.757000+00:00,191.8909,0.8774975325000001,192.7683975325
0,8852055373,dota2-4iki-pr1-2026-06-14,2026-06-14T17:46:02.690000+00:00,-22.627600000000008,1.01961372,-21.60798628000001
0,8885252329,dota2-flc-bb4-2026-07-07-game2,2026-07-07T11:01:59.599000+00:00,-1.8407176700000036,0.78320159743725,-1.0575160725627537
0,8885411801,dota2-lvlup1-aur1-2026-07-07-game1,2026-07-07T13:06:28.530000+00:00,0.0,0.0,0.0
0,8885633666,dota2-ts8-mouz-2026-07-07-game1,2026-07-07T15:33:28.678000+00:00,121.95179999999999,4.7201210399999995,126.67192103999999
0,8885928262,dota2-ty-og-2026-07-07-game1,2026-07-07T19:03:44.444000+00:00,17.5792,0.25270885499999995,17.831908855000002
0,8886572854,dota2-gl-xtreme-2026-07-08-game1,2026-07-08T09:27:27.007000+00:00,-50.710999999999984,1.618363575,-49.09263642499998
0,8886728756,dota2-l1ga-playti-2026-07-08-game1,2026-07-08T12:02:19.795000+00:00,14.334199999999981,3.0464892449999996,17.38068924499998
0,8886862310,dota2-liquid-lvlup1-2026-07-08-game2,2026-07-08T13:37:25.898000+00:00,4.166800000000009,0.030000960000000028,4.196800960000009
0,8887197358,dota2-vg-pari-2026-07-08-game2,2026-07-08T17:23:00.102000+00:00,-11.649700000000053,0.9931506375,-10.656549362500053
0,8887325211,dota2-vp-1win-2026-07-08-game1,2026-07-08T18:51:24.334000+00:00,-35.91140000000006,2.440572405,-33.47082759500006
0,8887998750,dota2-bb4-re-2026-07-09-game1,2026-07-09T09:29:32.198000+00:00,-2.8000000000000043,0.11324999999999999,-2.6867500000000044
0,8888160657,dota2-l1ga-aur1-2026-07-09-game1,2026-07-09T12:09:38.901000+00:00,9.55989999999997,0.7630305975,10.32293059749997
0,8888279558,dota2-playti-lvlup1-2026-07-09-game2,2026-07-09T13:33:23.111000+00:00,1.298700000000025,0.6696550574999999,1.968355057500025
0,8888489297,dota2-vg-ts8-2026-07-09-game1,2026-07-09T15:42:43.149000+00:00,-31.105199999999975,0.8772289949999998,-30.227971004999976
0,8888682602,dota2-og-ic-2026-07-09-game1,2026-07-09T17:53:01.981000+00:00,-10.592799999999968,1.338843765,-9.253956234999968
0,8888819433,dota2-lgd-1win-2026-07-09-game2,2026-07-09T19:41:02.532000+00:00,15.352469930000055,2.29651917098175,17.648989100981805
0,8889524021,dota2-xtreme-bb4-2026-07-10-game2,2026-07-10T10:37:39.793000+00:00,0.0019714200000038318,0.9899653436145,0.9919367636145038
0,8889699098,dota2-l1ga-liquid-2026-07-10-game2,2026-07-10T12:46:15.831000+00:00,0.0,0.0,0.0
0,8889944251,dota2-rnx-ts8-2026-07-10-game1,2026-07-10T15:15:29.857000+00:00,7.741099999999989,0.23598218250000003,7.977082182499989
0,8890179830,dota2-lgd-ty-2026-07-10-game1,2026-07-10T17:38:53.401000+00:00,6.631499999999988,0.7084359225,7.339935922499988
0,8891108843,dota2-poorra-re-2026-07-11-game1,2026-07-11T09:15:44.932000+00:00,45.6643,1.5678760425,47.2321760425
0,8891240327,dota2-xtreme-flc-2026-07-11-game2,2026-07-11T11:01:14.698000+00:00,-0.396800500000003,1.8291501576375,1.432349657637497
0,8891438996,dota2-l1ga-lvlup1-2026-07-11-game2,2026-07-11T13:19:40.554000+00:00,0.009999999999996234,0.13677825,0.14677824999999622
0,8892835652,dota2-rnx-nem-2026-07-12-game1,2026-07-12T09:19:01.546000+00:00,0.0,0.0,0.0
0,8892958964,dota2-rnx-nem-2026-07-12-game2,2026-07-12T10:53:08.655000+00:00,-54.1878,0.646504635,-53.541295365
0,8893253595,dota2-og-vp-2026-07-12-game2,2026-07-12T13:56:28.498000+00:00,0.8889991800000061,0.355229622171,1.2442288021710062
0,8896267691,dota2-liquid-xtreme-2026-07-14-game2,2026-07-14T13:05:08.216000+00:00,-32.534532799999994,1.5845773325999999,-30.949955467399995
0,8896731473,dota2-lgd-mouz-2026-07-14-game2,2026-07-14T18:02:11.857000+00:00,-37.73700000000002,1.515182385,-36.22181761500002
0,8897696869,dota2-ts8-liquid-2026-07-15-game2,2026-07-15T12:54:25.976000+00:00,7.557936249999955,3.29249155340625,10.850427803406205
0,8898003442,dota2-bb4-lgd-2026-07-15-game1,2026-07-15T15:56:58.589000+00:00,-0.879999999999999,0.134211,-0.745788999999999
0,8899120700,dota2-ty-ts8-2026-07-17-game2,2026-07-16T12:44:26.752000+00:00,-8.261700479999988,2.628509375268,-5.633191104731988
0,8900623530,dota2-flc-vg-2026-07-16-game2,2026-07-17T12:54:30.551000+00:00,-11.119504439999957,1.9231857654869997,-9.196318674512957
0,8902173969,dota2-bb4-vg-2026-07-18-game2,2026-07-18T12:21:15.910000+00:00,-20.51399999999997,0.941496075,-19.57250392499997
0,8903705555,dota2-vg-ty-2026-07-19-game1,2026-07-19T10:24:33.152000+00:00,44.03439999999998,0.3624045,44.39680449999997
0,8904322271,dota2-bb4-pari-2026-07-19-game3,2026-07-19T16:52:33.960000+00:00,7.656400000000019,2.265178605,9.921578605000018
0,8905164476,dota2-stx-lynx-2026-07-20,2026-07-20T10:04:24.370000+00:00,136.55463672000008,3.27076518378,139.82540190378006
0,8905612460,dota2-z10-nemiga-2026-07-20-game2,2026-07-20T15:25:40.567000+00:00,-0.31810000000000116,1.0979442375,0.7798442374999988
0,8906069414,dota2-lvlup1-ill-2026-07-20-game2,2026-07-20T20:59:36.536000+00:00,7.021199999999992,1.90356402,8.924764019999992
0,8906706819,dota2-pckcp-stx-2026-07-21-game2,2026-07-21T11:28:10.072000+00:00,2.6299999999999955,0.4704352499999999,3.1004352499999954
0,8907114935,dota2-lynx-spirit1-2026-07-21,2026-07-21T15:55:17.448000+00:00,-13.74916451999998,1.860697813806,-11.888466706193979
0,8907942033,dota2-ill-dan-2026-07-22-game1,2026-07-22T07:18:07.776000+00:00,0.0,0.0,0.0
0,8908486051,dota2-stx-spirit1-2026-07-22-game2,2026-07-22T15:03:55.390000+00:00,39.99158593000004,1.69111461437025,41.68270054437029
0,8909388284,dota2-dan-z10-2026-07-23-game1,2026-07-23T07:17:23.633000+00:00,1.3000000000000007,0.0084825,1.3084825000000007
0,8909780227,dota2-spirit1-pckcp-2026-07-23,2026-07-23T13:29:29.880000+00:00,21.77799999999999,0.82887192,22.606871919999993
0,8910461593,dota2-lvlup1-aion-2026-07-23-game2,2026-07-23T21:18:59.726000+00:00,-4.4517999999999995,0.18788671499999998,-4.263913284999999
0,8910982575,dota2-aion-dan-2026-07-24-game2,2026-07-24T08:39:31.809000+00:00,0.0,0.0,0.0
0,8912045230,dota2-nemiga-lvlup1-2026-07-24-game1,2026-07-24T21:05:49.488000+00:00,9.239199999999997,1.5375955350000001,10.776795534999996
0,8912758286,dota2-pckcp-jenz-2026-07-22-game1,2026-07-25T10:25:45.605000+00:00,-14.684600959999983,0.904790951832,-13.779810008167983
0,8913598312,dota2-lynx-kw1-2026-07-25-game1,2026-07-25T19:28:05.257000+00:00,-7.882200640000022,2.248979337504,-5.633221302496022
0,8914520562,dota2-nemiga-ill-2026-07-26-game2,2026-07-26T10:41:21.923000+00:00,-12.568900000000006,2.7760402125,-9.792859787500007
0,8915002841,dota2-kw1-rearis-2026-07-26-game1,2026-07-26T15:32:54.677000+00:00,-21.88727587999996,1.421755039587,-20.46552084041296
0,8915498965,dota2-jenz-stx-2026-07-26,2026-07-26T20:57:43.107000+00:00,7.465600000000039,0.7128420599999999,8.17844206000004
0,8916384577,dota2-stx-nemiga-2026-07-27-game2,2026-07-27T13:48:29.618000+00:00,19.134046150000003,1.69256995963125,20.826616109631253
0,8917738415,dota2-nh-pckcp-2026-07-28-game1,2026-07-28T12:16:10.015000+00:00,0.0,0.0,0.0
0,8919264561,dota2-rearis-z10-2026-07-29-game1,2026-07-29T12:23:03.580000+00:00,15.567265039999981,0.687818299332,16.255083339331982
0,8919803916,dota2-amaru-nemiga-2026-07-29,2026-07-29T18:02:17.532000+00:00,24.817962310000027,2.13546594248175,26.95342825248178
0,8921162227,dota2-amaru-pr1-2026-07-30-game1,2026-07-30T16:32:24.441000+00:00,15.566900000000008,0.6178382025,16.184738202500007
0,8922074642,dota2-vg-amaru-2026-07-31-game1,2026-07-31T08:46:41.467000+00:00,-29.517600000000016,0.46198053,-29.055619470000014
0,8922211678,dota2-tr7-playti-2026-07-31-game2,2026-07-31T11:00:53.806000+00:00,7.918300000000002,1.4953690875,9.413669087500002
0,8922433138,dota2-l1ga-rnx-2026-07-31-game2,2026-07-31T13:42:06.325000+00:00,-37.97890174000001,1.5594561321495,-36.41944560785051
0,8922818221,dota2-xtreme-lgd-2026-07-31-game1,2026-07-31T17:51:24.199000+00:00,-9.946100000000033,1.8227481225,-8.123351877500033
0,8923579943,dota2-midas3-tr7-2026-08-01-game2,2026-08-01T07:02:32.143000+00:00,-34.86350159999998,1.23561562722,-33.62788597277998
0,8923790600,dota2-yes-vg-2026-08-01-game2,2026-08-01T10:14:11.317000+00:00,13.078384180000029,0.316227249711,13.394611429711029
0,8924222714,dota2-l1ga-lgd-2026-08-01-game2,2026-08-01T15:02:43.462000+00:00,0.0,0.0,0.0
0,8924530036,dota2-rnx-xtreme-2026-08-01-game1,2026-08-01T18:06:50.164000+00:00,-0.4038416899999966,0.31533224427975,-0.0885094457202466
0,8925543582,dota2-yes-tr7-2026-08-02-game1,2026-08-02T10:44:16.945000+00:00,7.105427357601002e-15,0.36974415,0.3697441500000071
0,8926232913,dota2-rnx-yb1-2026-08-02-game2,2026-08-02T16:42:19.665000+00:00,5.285400000000003,2.10687219,7.392272190000003
0,8927063876,dota2-glyph-playti-2026-08-03-game2,2026-08-03T06:55:36.873000+00:00,85.22430000000003,2.6691295575,87.89342955750003
0,8927380776,dota2-xtreme-tr7-2026-08-03,2026-08-03T12:15:30.661000+00:00,-6.886504539999962,1.1054603065545001,-5.781044233445462
0,8927926397,dota2-re-lgd-2026-08-03-game1,2026-08-03T18:09:03.381000+00:00,0.0,0.0,0.0
0,8928953683,dota2-playti-tr7-2026-08-04-game2,2026-08-04T12:46:11.879000+00:00,4.081315039999993,1.268910266832,5.350225306831993
0,8930200713,dota2-tr7-re-2026-08-05-game1,2026-08-05T08:20:38.811000+00:00,-3.703800000000001,0.6916846499999999,-3.012115350000001
0,8930736914,dota2-playti-yb1-2026-08-05-game3,2026-08-05T15:09:49.519000+00:00,4.849999999999994,0.38776124999999995,5.237761249999994
0,8932085762,dota2-rearis-nh-2026-08-06-game2,2026-08-06T13:20:21.204000+00:00,0.0,0.0,0.0
0,8932523868,dota2-nh-lvlup1-2026-08-06,2026-08-06T17:36:18.454000+00:00,-6.351100000000017,0.9165988574999999,-5.434501142500016
0,8933453728,dota2-nh-z10-2026-08-07-game2,2026-08-07T10:40:19.376000+00:00,0.0,0.0,0.0
0,8933988979,dota2-pr1-jenz-2026-08-07-game2,2026-08-07T16:29:38.697000+00:00,-4.704655510000017,0.6627170022247499,-4.041938507775267
0,8937080738,dota2-pr1-yes-2026-08-09,2026-08-09T12:20:23.208000+00:00,12.079021249999997,0.89861623265625,12.977637482656247
0,8937631882,dota2-ill-re-2026-08-09-game2,2026-08-09T17:12:21.447000+00:00,1.875,0.064078125,1.939078125
0,8938634026,dota2-pr1-mouz-2026-08-10,2026-08-10T11:15:54.851000+00:00,-27.401200759999938,2.668731882606,-24.732468877393938
0,8940117837,dota2-lvlup1-navi-2026-08-11-game2,2026-08-11T10:12:11.551000+00:00,-15.727389839999972,6.0125455689719995,-9.714844271027973
0,8940643574,dota2-yes-z10-2026-08-11-game1,2026-08-11T15:45:57.067000+00:00,36.88260000000001,2.205690825,39.08829082500001
0,8941817475,dota2-lvlup1-re-2026-08-12,2026-08-12T11:50:26.039000+00:00,15.178300000000007,0.8876541075,16.06595410750001
0,8962372120,dota2-ic-nemiga-2026-08-24-game1,2026-08-24T07:17:08.649000+00:00,0.0,0.0,0.0
0,8962964580,dota2-sb5-stx-2026-08-24-game1,2026-08-24T13:25:23.881000+00:00,0.0,0.0,0.0
0,8964399842,dota2-pckcp-nemiga-2026-08-25-game1,2026-08-25T07:22:10.248000+00:00,-1.86473032,0.28917874967400004,-1.5755515703260001
0,8964837315,dota2-fts-pckcp-2026-08-25-game2,2026-08-25T12:34:06.314000+00:00,-7.764487099999883,1.722691942545,-6.041795157454883
0,8965544741,dota2-rearis-spirit1-2026-08-25,2026-08-25T18:44:21.316000+00:00,-31.813658860000018,1.589489216601,-30.22416964339902
0,8970207176,dota2-rearis-sb5-2026-08-28,2026-08-28T12:56:49.576000+00:00,20.167211249999994,1.22283419893875,21.390045448938743
0,8970485789,dota2-dynast1-ic-2026-08-28-game2,2026-08-28T15:14:26.848000+00:00,-54.837658959999985,2.840328560634,-51.997330399365985
0,8971007454,dota2-ks-rearis-2026-08-28-game1,2026-08-28T20:11:41.712000+00:00,-11.907633199999985,0.9882789628199998,-10.919354237179986
0,8971501630,dota2-nexus-cres-2026-08-28,2026-08-29T04:51:09.441000+00:00,-88.26280048000004,2.082400707696,-86.18039977230404
0,8971753986,dota2-icecre-kineti-2026-08-29-game1,2026-08-29T08:38:12.829000+00:00,0.0,0.0,0.0
0,8971988345,dota2-sb5-lynx-2026-08-29-game1,2026-08-29T11:21:30.742000+00:00,-0.9649842799999977,0.260202675456,-0.7047816045439976
0,8972502454,dota2-huliga-lynx-2026-08-29-game2,2026-08-29T15:52:19.963000+00:00,-4.440762339999978,1.8359967762615,-2.6047655637384777
0,8973011673,dota2-pi-lvlup1-2026-08-29,2026-08-29T20:33:12.059000+00:00,-1.1512999999999938,0.2254368375,-0.9258631624999938
0,8973462028,dota2-icecre-xctn-2026-08-30,2026-08-30T04:30:11.988000+00:00,-1.721239360000041,1.807821723996,0.08658236399595887
0,8973707438,dota2-lynx-lvlup1-2026-08-30-game1,2026-08-30T08:16:36.050000+00:00,10.51709999999997,1.3229228924999998,11.84002289249997
0,8974185539,dota2-navi-mouz-2026-08-30-game2,2026-08-30T13:08:29.090000+00:00,-20.56619211999995,1.7951820435839998,-18.77101007641595
0,8975871235,dota2-synaps-lynx-2026-08-31-game1,2026-08-31T12:26:44.788000+00:00,-18.428459099999884,2.4831606715005,-15.945298428499385
0,8976441468,dota2-4iki-ic-2026-08-31-game2,2026-08-31T17:43:06.122000+00:00,27.159300000000016,0.4867960125,27.646096012500017
0,8977325814,dota2-ks-pckcp-2026-09-01-game2,2026-09-01T10:26:27.059000+00:00,2.6859298199999557,0.8398250704394998,3.5257548904394556
0,8978023576,dota2-synaps-lvlup1-2026-09-01,2026-09-01T17:45:54.185000+00:00,-3.746993349999997,0.19324858323375,-3.553744766766247
0,8979131280,dota2-dynast1-pckcp-2026-09-02-game1,2026-09-02T13:56:13.878000+00:00,0.0,0.0,0.0
0,8980358113,dota2-z10-ks-2026-09-03-game2,2026-09-03T10:27:20.250000+00:00,7.070594149999998,0.89700140764125,7.967595557641248
1,8837869969,dota2-aur1-ty-2026-06-04-game1,2026-06-04T09:17:47.612000+00:00,33.49389999999997,2.4366054375,35.93050543749997
1,8838396820,dota2-lgd-ty-2026-06-04-game2,2026-06-04T16:48:28.531000+00:00,-15.589700000000008,2.2606448625,-13.329055137500008
1,8839366504,dota2-lgd-liquid-2026-06-05-game2,2026-06-05T13:21:18.066000+00:00,-24.863400799999965,2.5378221126,-22.325578687399965
1,8840635639,dota2-ty-bb4-2026-06-06-game1,2026-06-06T10:47:49.658000+00:00,8.538599999999946,1.1290369949999999,9.667636994999945
1,8841114801,dota2-aur1-lgd-2026-06-06-game2,2026-06-06T16:30:29.855000+00:00,26.708599999999976,1.1900158799999998,27.898615879999976
1,8842468101,dota2-ty-lgd-2026-06-07-game1,2026-06-07T14:21:40.854000+00:00,-7.817060189999989,0.94889108808225,-6.868169101917739
1,8843465364,dota2-4iki-nande4-2026-06-08-game1,2026-06-08T09:15:08.776000+00:00,-0.5519999999999992,0.09484440000000001,-0.45715559999999916
1,8844054970,dota2-z10-sb5-2026-06-08-game2,2026-06-08T17:08:41.204000+00:00,11.11120000000001,0.37666967999999995,11.48786968000001
1,8850534819,dota2-ill-pr1-2026-06-13-game2,2026-06-13T17:10:42.502000+00:00,-5.537499999999952,1.0019077724999998,-4.535592227499952
1,8854443395,dota2-fla-spirit1-2026-06-16-game1,2026-06-16T16:31:44.570000+00:00,-5.850000000000001,0.21160125000000002,-5.638398750000001
1,8885275216,dota2-re-xtreme-2026-07-07-game2,2026-07-07T11:16:11.813000+00:00,-4.506832999999986,0.447616670625,-4.059216329374986
1,8885470551,dota2-l1ga-ngx-2026-07-07-game2,2026-07-07T13:39:34.570000+00:00,0.9511000000000394,1.6587620775,2.6098620775000394
1,8885665054,dota2-nem-pari-2026-07-07-game1,2026-07-07T15:41:38.548000+00:00,25.357191000000007,0.7881686114249999,26.145359611425008
1,8885974297,dota2-ic-1win-2026-07-07-game2,2026-07-07T19:32:14.446000+00:00,0.0,0.0,0.0
1,8886638110,dota2-poorra-bb4-2026-07-08-game2,2026-07-08T10:36:00.005000+00:00,2.5214,0.19266937499999998,2.714069375
1,8886736772,dota2-liquid-lvlup1-2026-07-08-game1,2026-07-08T12:08:59.488000+00:00,3.4883999999999986,0.19037943000000002,3.6787794299999987
1,8886994890,dota2-ts8-nem-2026-07-08-game1,2026-07-08T14:59:11.781000+00:00,0.0,0.0,0.0
1,8887218598,dota2-lgd-og-2026-07-08-game1,2026-07-08T17:27:41.870000+00:00,1.0600000000000023,0.08645249999999999,1.1464525000000023
1,8887337672,dota2-ty-ic-2026-07-08-game2,2026-07-08T19:01:29.872000+00:00,0.0,0.0,0.0
1,8888056358,dota2-poorra-xtreme-2026-07-09-game2,2026-07-09T10:34:44.979000+00:00,-10.309299999999993,1.6281071025,-8.681192897499994
1,8888173515,dota2-playti-lvlup1-2026-07-09-game1,2026-07-09T12:20:27.216000+00:00,3.5715000000000003,0.22098656250000004,3.7924865625000006
1,8888318197,dota2-ngx-liquid-2026-07-09-game2,2026-07-09T14:04:08.888000+00:00,-9.76440000000008,3.1238419499999996,-6.640558050000081
1,8888555097,dota2-mouz-nem-2026-07-09-game2,2026-07-09T16:24:34.308000+00:00,-22.0848,1.9908915749999998,-20.093908425000002
1,8888693655,dota2-vp-ty-2026-07-09-game1,2026-07-09T18:07:57.629000+00:00,0.0,0.18000576,0.18000576
1,8889452921,dota2-re-gl-2026-07-10-game1,2026-07-10T09:17:34.068000+00:00,77.17819820999995,2.07087215583825,79.2490703658382
1,8889538949,dota2-re-gl-2026-07-10-game2,2026-07-10T10:40:57.402000+00:00,-11.377999999999957,2.11543404,-9.262565959999957
1,8889733840,dota2-aur1-playti-2026-07-10-game2,2026-07-10T13:14:22.837000+00:00,-35.95320000000001,1.32085323,-34.63234677000001
1,8890008812,dota2-nem-vg-2026-07-10-game2,2026-07-10T15:49:04.827000+00:00,25.677999999999997,0.83855835,26.516558349999997
1,8890270555,dota2-1win-og-2026-07-10-game2,2026-07-10T18:36:26.467000+00:00,0.0,0.0,0.0
1,8891108985,dota2-bb4-gl-2026-07-11-game1,2026-07-11T09:17:06.187000+00:00,-3.6703568000000075,0.4457762607,-3.2245805393000078
1,8891325877,dota2-l1ga-lvlup1-2026-07-11-game1,2026-07-11T12:09:46.181000+00:00,-14.003199999999993,0.6707412899999999,-13.332458709999992
1,8891497910,dota2-aur1-liquid-2026-07-11-game2,2026-07-11T13:53:37.287000+00:00,15.32200000000001,0.374146125,15.69614612500001
1,8892836635,dota2-pari-ts8-2026-07-12-game1,2026-07-12T09:26:06.808000+00:00,-20.692099999999964,2.9300259525,-17.762074047499965
1,8893070561,dota2-1win-ty-2026-07-12-game1,2026-07-12T12:14:45.162000+00:00,8.052974720000037,2.1186977228879997,10.171672442888037
1,8896139222,dota2-re-vp-2026-07-14-game1,2026-07-14T11:15:10.363000+00:00,11.101599999999998,0.8443824000000001,11.945982399999998
1,8896380183,dota2-re-vp-2026-07-14,2026-07-14T14:02:34.965000+00:00,-70.67620000000005,3.86452401,-66.81167599000005
1,8897585705,dota2-aur1-re-2026-07-15-game1,2026-07-15T11:19:40.513000+00:00,1.1760940800000128,0.428742016284,1.604836096284013
1,8897831774,dota2-ts8-liquid-2026-07-15,2026-07-15T14:13:24.528000+00:00,2.36099999999999,0.72371448,3.08471447999999
1,8898084910,dota2-1win-vg-2026-07-15,2026-07-15T16:49:08.935000+00:00,-4.6445999999999685,3.28347429,-1.3611257099999685
1,8899307453,dota2-pari-re-2026-07-17-game1,2026-07-16T14:36:23.407000+00:00,-7.87258435,0.6336839246212499,-7.23890042537875
1,8900771154,dota2-ngx-bb4-2026-07-16-game1,2026-07-17T14:28:08.196000+00:00,3.670500000000004,0.8324950575,4.502995057500004
1,8902338515,dota2-ty-pari-2026-07-18-game1,2026-07-18T14:06:38.308000+00:00,-29.817263700000012,4.461332267265,-25.355931432735012
1,8903789784,dota2-vg-ty-2026-07-19-game2,2026-07-19T11:31:19.185000+00:00,1.2986999999999966,0.33964251749999996,1.6383425174999966
1,8904419709,dota2-bb4-pari-2026-07-19-game4,2026-07-19T18:05:14.511000+00:00,2.7027999999999963,0.37987854,3.0826785399999963
1,8905233934,dota2-lynx-pckcp-2026-07-20-game1,2026-07-20T11:15:17.947000+00:00,118.03999874,2.3954040720705,120.4354028120705
1,8905741721,dota2-spirit1-jenz-2026-07-20-game1,2026-07-20T16:55:30.580000+00:00,18.917099999999948,2.6724966075,21.58959660749995
1,8906479441,dota2-nemiga-dan-2026-07-21-game1,2026-07-21T07:24:02.590000+00:00,29.699000000000026,1.4107515749999997,31.109751575000026
1,8906814740,dota2-pckcp-stx-2026-07-21,2026-07-21T12:50:32.182000+00:00,-11.782700719999951,2.394684110124,-9.388016609875951
1,8907236730,dota2-jenz-lynx-2026-07-21-game1,2026-07-21T17:22:36.365000+00:00,0.0,0.0,0.0
1,8907997366,dota2-ill-dan-2026-07-22-game2,2026-07-22T08:30:21.640000+00:00,11.405799999999996,0.36323878499999995,11.769038784999996
1,8908612824,dota2-stx-spirit1-2026-07-22,2026-07-22T16:27:56.948000+00:00,19.048169299999984,2.7905604654525,21.838729765452484
1,8909443684,dota2-dan-z10-2026-07-23-game2,2026-07-23T08:24:14.078000+00:00,-11.6114094,0.82108838757,-10.790321012429999
1,8910104556,dota2-jenz-kw1-2026-07-23-game2,2026-07-23T16:47:57.620000+00:00,0.0,0.0,0.0
1,8910535715,dota2-lvlup1-aion-2026-07-23,2026-07-23T22:37:28.157000+00:00,10.636204439999979,0.6912863359335,11.327490775933478
1,8911277378,dota2-kw1-stx-2026-07-24-game2,2026-07-24T13:08:23.857000+00:00,37.83169360000001,0.5002480629,38.33194166290001
1,8912123729,dota2-nemiga-lvlup1-2026-07-24-game2,2026-07-24T22:15:39.296000+00:00,0.0,0.0,0.0
1,8912831712,dota2-pckcp-jenz-2026-07-22-game2,2026-07-25T11:23:26.682000+00:00,6.439300000000003,0.7227364125,7.162036412500003
1,8913726962,dota2-lynx-kw1-2026-07-25-game2,2026-07-25T20:57:15.562000+00:00,1.7261000000000308,1.2431476275,2.969247627500031
1,8914637220,dota2-nemiga-ill-2026-07-26,2026-07-26T12:04:18.708000+00:00,15.388399999999976,0.42268734,15.811087339999975
1,8915137972,dota2-kw1-rearis-2026-07-26-game2,2026-07-26T16:47:26.165000+00:00,0.3000000000000007,0.024412499999999993,0.3244125000000007
1,8916041863,dota2-lvlup1-pckcp-2026-07-27-game1,2026-07-27T09:21:33.291000+00:00,15.211200000000005,0.30458248499999996,15.515782485000004
1,8916474664,dota2-stx-nemiga-2026-07-27,2026-07-27T14:44:54.132000+00:00,-45.39413780999996,4.9529540342377505,-40.44118377576221
1,8917853656,dota2-nh-pckcp-2026-07-28-game2,2026-07-28T13:23:44.955000+00:00,1.4658999999999907,1.1901978075,2.6560978074999904
1,8919404744,dota2-rearis-z10-2026-07-29-game2,2026-07-29T13:48:28.368000+00:00,-12.771299999999997,2.5224505875000003,-10.248849412499997
1,8920655724,dota2-pckcp-z10-2026-07-30-game2,2026-07-30T10:32:16.617000+00:00,0.0,0.0,0.0
1,8921281044,dota2-amaru-pr1-2026-07-30-game2,2026-07-30T17:34:28.519000+00:00,0.0,0.0,0.0
1,8922137329,dota2-vg-amaru-2026-07-31-game2,2026-07-31T09:48:16.177000+00:00,9.799999999999997,0.105735,9.905734999999996
1,8922300474,dota2-enjoy-glyph-2026-07-31-game1,2026-07-31T12:14:29.331000+00:00,-7.6192137999999545,1.6864826514,-5.932731148599954
1,8922552315,dota2-l1ga-rnx-2026-07-31,2026-07-31T14:55:23.609000+00:00,0.0,0.64500516,0.64500516
1,8922940920,dota2-xtreme-lgd-2026-07-31-game2,2026-07-31T19:09:48.720000+00:00,-14.429999999999993,0.8680747499999999,-13.561925249999993
1,8923643650,dota2-midas3-tr7-2026-08-01,2026-08-01T08:08:01.087000+00:00,19.61730000000003,0.6160428675,20.233342867500028
1,8923874259,dota2-re-playti-2026-08-01-game2,2026-08-01T11:26:12.956000+00:00,-0.2201,0.00047871750000000004,-0.2196212825
1,8924328537,dota2-glyph-z10-2026-08-01-game1,2026-08-01T15:59:42.950000+00:00,-36.83541002,1.4114260658414999,-35.4239839541585
1,8924616191,dota2-rnx-xtreme-2026-08-01-game2,2026-08-01T19:06:22.446000+00:00,1.2507000000000374,1.0336110525,2.2843110525000374
1,8925703946,dota2-yes-tr7-2026-08-02-game2,2026-08-02T11:58:57.158000+00:00,14.71410000000003,1.9464656775,16.66056567750003
1,8926381426,dota2-rnx-yb1-2026-08-02,2026-08-02T18:14:10.009000+00:00,10.644800000000037,2.1665492399999997,12.811349240000037
1,8927132943,dota2-glyph-playti-2026-08-03,2026-08-03T08:27:35.152000+00:00,36.88469999999994,1.5801268874999999,38.46482688749994
1,8927539264,dota2-vg-yb1-2026-08-03-game1,2026-08-03T14:05:56.825000+00:00,119.55719999999997,0.8308697850000001,120.38806978499997
1,8928050264,dota2-re-lgd-2026-08-03-game2,2026-08-03T19:19:18.313000+00:00,-7.885206849999975,0.6018895706512499,-7.283317279348725
1,8929124210,dota2-yb1-re-2026-08-04-game1,2026-08-04T14:38:55.576000+00:00,5.67979849000001,1.45187929964325,7.13167778964326
1,8930258778,dota2-tr7-re-2026-08-05-game2,2026-08-05T09:25:42.941000+00:00,6.162673440000013,2.720318607648,8.882992047648013
1,8931781241,dota2-lvlup1-rearis-2026-08-06-game1,2026-08-06T09:28:03.156000+00:00,0.0,0.0,0.0
1,8932181345,dota2-rearis-nh-2026-08-06,2026-08-06T14:22:22.478000+00:00,2.5516000000000076,0.6386816399999999,3.1902816400000074
1,8932657929,dota2-ill-pr1-2026-08-06-game1,2026-08-06T19:12:10.345000+00:00,-39.306700000000035,0.9612373575,-38.34546264250004
1,8933575351,dota2-ill-stx-2026-08-07-game1,2026-08-07T12:33:02.695000+00:00,-62.188199999999995,1.72595868,-60.46224132
1,8934184387,dota2-jenz-nemiga-2026-08-07-game1,2026-08-07T18:35:03.983000+00:00,4.623799999999989,0.578413755,5.202213754999988
1,8937188618,dota2-lvlup1-mouz-2026-08-09-game1,2026-08-09T13:17:49.636000+00:00,-13.477156319999997,0.49700481577199995,-12.980151504227997
1,8937722788,dota2-z10-navi-2026-08-09-game1,2026-08-09T18:17:16.930000+00:00,-66.397,2.590554315,-63.80644568500001
1,8938716198,dota2-ill-z10-2026-08-10-game1,2026-08-10T12:25:50.383000+00:00,0.870299039999999,1.027267353828,1.897566393827999
1,8940266495,dota2-mouz-re-2026-08-11-game1,2026-08-11T12:16:13.042000+00:00,57.73910000000001,2.7236349075,60.46273490750001
1,8940756672,dota2-yes-z10-2026-08-11-game2,2026-08-11T16:48:25.758000+00:00,-16.61440023,1.51990174415925,-15.09449848584075
1,8942003788,dota2-navi-lvlup1-2026-08-12-game1,2026-08-12T13:42:36.457000+00:00,6.544800000000066,0.67781043,7.222610430000066
1,8962458373,dota2-ic-nemiga-2026-08-24-game2,2026-08-24T08:26:45.454000+00:00,-6.848301780000007,0.7270275613589999,-6.121274218641007
1,8963508714,dota2-rearis-lynx-2026-08-24-game2,2026-08-24T17:37:20.349000+00:00,5.9273000000000025,2.0385917625000003,7.965891762500003
1,8964480771,dota2-pckcp-nemiga-2026-08-25-game2,2026-08-25T08:31:41.723000+00:00,-4.640962749999986,1.53606678219375,-3.104895967806236
1,8964962329,dota2-ic-fts-2026-08-25-game1,2026-08-25T13:50:36.471000+00:00,76.97390005000004,1.07931726827325,78.05321731827328
1,8969842778,dota2-pckcp-ic-2026-08-28-game2,2026-08-28T08:21:21.985000+00:00,49.41611437999998,2.165519904261,51.581634284260986
1,8970338180,dota2-synaps-nemiga-2026-08-28-game1,2026-08-28T14:09:13.367000+00:00,0.0,0.67500675,0.67500675
1,8970575970,dota2-synaps-nemiga-2026-08-28,2026-08-28T16:02:11.965000+00:00,-37.61308082999999,1.2550396870927498,-36.35804114290724
1,8971016820,dota2-fts-nemiga-2026-08-28-game1,2026-08-28T20:17:43.711000+00:00,0.0,0.0,0.0
1,8971519375,dota2-nem-6seven-2026-08-29-game1,2026-08-29T05:14:15.579000+00:00,-6.378696140000002,0.7784699772915,-5.600226162708502
1,8971849697,dota2-icecre-kineti-2026-08-29-game2,2026-08-29T09:43:14.699000+00:00,0.0,0.0,0.0
1,8972103119,dota2-sb5-lynx-2026-08-29-game2,2026-08-29T12:31:54.536000+00:00,-14.146629800000042,0.581044860255,-13.565584939745042
1,8972611918,dota2-huliga-lynx-2026-08-29,2026-08-29T16:49:36.587000+00:00,-1.934999999999981,1.66520835,-0.26979164999998106
1,8973010298,dota2-ks-spirit1-2026-08-29-game1,2026-08-29T20:38:42.759000+00:00,-44.55000000000001,0.41098724999999997,-44.13901275000001
1,8973502629,dota2-clo-yb1-2026-08-30-game1,2026-08-30T05:13:07.837000+00:00,0.0,0.0,0.0
1,8973859403,dota2-lynx-lvlup1-2026-08-30-game2,2026-08-30T09:56:31.353000+00:00,9.11857087999988,2.1186641695244997,11.23723504952438
1,8974647733,dota2-lvlup1-pr1-2026-08-30-game1,2026-08-30T17:09:16.077000+00:00,5.427824059999978,1.6364024804894999,7.064226540489478
1,8976012755,dota2-synaps-lynx-2026-08-31-game2,2026-08-31T13:41:35.303000+00:00,15.02800000000002,1.535027895,16.56302789500002
1,8976511215,dota2-4iki-ic-2026-08-31,2026-08-31T18:29:54.020000+00:00,175.03699999999992,4.623790035,179.66079003499993
1,8977476867,dota2-ic-lynx-2026-09-01-game1,2026-09-01T12:26:04.131000+00:00,15.999999999999986,0.7404,16.740399999999987
1,8978832148,dota2-pr1-ic-2026-09-02-game1,2026-09-02T09:52:32.767000+00:00,54.16490900999999,0.9355379480422499,55.10044695804224
1,8979241530,dota2-dynast1-pckcp-2026-09-02-game2,2026-09-02T14:56:18.245000+00:00,23.516061159999936,1.028999823453,24.545060983452935
1,8980463789,dota2-pckcp-spirit1-2026-09-03-game1,2026-09-03T12:14:02.762000+00:00,-1.1494,0.20128867500000003,-0.948111325
1,8837957019,dota2-aur1-ty-2026-06-04-game2,2026-06-04T11:05:49.570000+00:00,-72.00539999999998,5.37672582,-66.62867417999998
1,8838480778,dota2-lgd-ty-2026-06-04,2026-06-04T17:57:47.377000+00:00,1.3810000000000002,1.241321025,2.622321025
1,8839494962,dota2-flc-aur1-2026-06-05-game1,2026-06-05T14:52:18.684000+00:00,4.904200000000003,2.00715441,6.911354410000003
1,8840704374,dota2-ty-bb4-2026-06-06-game2,2026-06-06T11:51:44.485000+00:00,-5.544722340000007,2.5822865944935,-2.962435745506507
1,8842052142,dota2-bb4-lgd-2026-06-07-game1,2026-06-07T09:18:04.694000+00:00,-25.528200740000045,1.7325037327245,-23.795697007275546
1,8842596730,dota2-ty-lgd-2026-06-07-game2,2026-06-07T15:49:20.066000+00:00,-6.19580000000002,0.873966915,-5.321833085000019
1,8843512570,dota2-4iki-nande4-2026-06-08-game2,2026-06-08T10:09:45.609000+00:00,4.3904999999999745,1.3823991225,5.772899122499974
1,8844132483,dota2-vpp-z10-2026-06-08-game1,2026-06-08T18:23:01.210000+00:00,0.0,0.0,0.0
1,8850593633,dota2-ill-pr1-2026-06-13,2026-06-13T18:00:57.551000+00:00,0.0,0.0,0.0
1,8885183102,dota2-flc-bb4-2026-07-07-game1,2026-07-07T09:47:24.433000+00:00,-8.795599999999993,0.41404023,-8.381559769999994
1,8885365825,dota2-l1ga-ngx-2026-07-07-game1,2026-07-07T12:34:49.112000+00:00,0.0,0.0,0.0
1,8885473599,dota2-liquid-playti-2026-07-07-game2,2026-07-07T13:52:27.923000+00:00,24.471844680000004,1.213653329844,25.685498009844004
1,8885784652,dota2-ts8-mouz-2026-07-07-game2,2026-07-07T17:16:32.961000+00:00,-11.797093919999966,1.7235420275639999,-10.073551892435967
1,8886005043,dota2-ty-og-2026-07-07-game2,2026-07-07T20:03:05.981000+00:00,-0.5999999999999996,0.055425,-0.5445749999999996
1,8886640910,dota2-flc-re-2026-07-08-game2,2026-07-08T10:39:41.623000+00:00,1.6154000000000082,0.5888669549999999,2.204266955000008
1,8886788497,dota2-ngx-aur1-2026-07-08-game1,2026-07-08T12:47:30.744000+00:00,3.0300148100000115,0.30105890567774996,3.3310737156777614
1,8887100676,dota2-vg-pari-2026-07-08-game1,2026-07-08T16:18:23.954000+00:00,0.0,0.0,0.0
1,8887260104,dota2-ty-ic-2026-07-08-game1,2026-07-08T17:58:24.214000+00:00,0.27749999999999986,0.0515941875,0.32909418749999986
1,8887432754,dota2-vp-1win-2026-07-08-game2,2026-07-08T20:20:02.742000+00:00,31.62639999999999,0.21790976999999997,31.844309769999988
1,8888066684,dota2-bb4-re-2026-07-09-game2,2026-07-09T10:43:25.275000+00:00,-6.8740999999999985,0.5072594774999999,-6.366840522499999
1,8888217771,dota2-ngx-liquid-2026-07-09-game1,2026-07-09T12:52:14.212000+00:00,20.25480000000003,1.4063682299999998,21.66116823000003
1,8888405761,dota2-mouz-nem-2026-07-09-game1,2026-07-09T14:48:45.816000+00:00,5.405599999999993,0.36893219999999993,5.774532199999992
1,8888554919,dota2-rnx-pari-2026-07-09-game2,2026-07-09T16:26:10.054000+00:00,0.0,0.0,0.0
1,8888731478,dota2-lgd-1win-2026-07-09-game1,2026-07-09T18:35:20.326000+00:00,-7.2464999999999975,0.4829429925,-6.7635570074999976
1,8889468264,dota2-xtreme-bb4-2026-07-10-game1,2026-07-10T09:26:30.741000+00:00,-12.282299999999935,2.2535387024999998,-10.028761297499935
1,8889615310,dota2-l1ga-liquid-2026-07-10-game1,2026-07-10T11:48:20.990000+00:00,0.0,0.29999999999999993,0.29999999999999993
1,8889871314,dota2-nem-vg-2026-07-10-game1,2026-07-10T14:27:52.631000+00:00,17.971199999999996,0.27121418999999997,18.242414189999995
1,8890036748,dota2-pari-mouz-2026-07-10-game2,2026-07-10T16:15:07.698000+00:00,9.256,0.28527487499999993,9.541274875000001
1,8890268632,dota2-lgd-ty-2026-07-10-game2,2026-07-10T18:43:14.663000+00:00,-28.252899999999997,1.2643000125,-26.988599987499995
1,8891145641,dota2-xtreme-flc-2026-07-11-game1,2026-07-11T09:30:07.111000+00:00,0.0,0.0,0.0
1,8891349244,dota2-playti-ngx-2026-07-11-game1,2026-07-11T12:27:52.369000+00:00,14.002099999999974,2.1752622975,16.177362297499975
1,8891519142,dota2-playti-ngx-2026-07-11-game2,2026-07-11T14:08:43.754000+00:00,-33.10599999999995,1.440178185,-31.66582181499995
1,8892923329,dota2-mouz-vg-2026-07-12-game2,2026-07-12T10:25:59.512000+00:00,-0.7096883799999922,2.0203562578245,1.3106678778245078
1,8893106015,dota2-og-vp-2026-07-12-game1,2026-07-12T12:36:42.440000+00:00,7.120799999999995,0.58723866,7.708038659999994
1,8896140998,dota2-liquid-xtreme-2026-07-14-game1,2026-07-14T11:24:31.795000+00:00,-30.038800000000005,1.65088284,-28.387917160000004
1,8896486914,dota2-liquid-xtreme-2026-07-14,2026-07-14T15:13:00.049000+00:00,-3.152836860000008,0.979311139659,-2.173525720341008
1,8897588873,dota2-ts8-liquid-2026-07-15-game1,2026-07-15T11:25:30.473000+00:00,-0.10830000000001405,2.3071218375,2.198821837499986
1,8897841991,dota2-1win-vg-2026-07-15-game1,2026-07-15T14:22:22.284000+00:00,2.1666000000000167,0.366540885,2.5331408850000168
1,8898117600,dota2-bb4-lgd-2026-07-15-game2,2026-07-15T17:15:52.403000+00:00,0.8000000000000398,0.74686125,1.5468612500000398
1,8899420575,dota2-pari-re-2026-07-17-game2,2026-07-16T15:46:28.167000+00:00,-12.688400000000058,0.8707706999999998,-11.817629300000059
1,8900882416,dota2-ngx-bb4-2026-07-16-game2,2026-07-17T15:33:10.588000+00:00,1.3889000000000067,0.4153158225,1.8042158225000067
1,8902431810,dota2-ty-pari-2026-07-18-game2,2026-07-18T15:09:37.865000+00:00,2.617999999999995,1.4248667099999999,4.042866709999995
1,8904012666,dota2-bb4-pari-2026-07-19-game1,2026-07-19T13:57:51.853000+00:00,69.7055,1.4308283325,71.1363283325
1,8905035315,dota2-stx-lynx-2026-07-20-game1,2026-07-20T07:25:19.610000+00:00,0.9100000000000037,0.22077675000000002,1.1307767500000037
1,8905359313,dota2-lynx-pckcp-2026-07-20-game2,2026-07-20T12:49:30.119000+00:00,-6.119081860000032,1.075115662482,-5.043966197518031
1,8905885788,dota2-spirit1-jenz-2026-07-20-game2,2026-07-20T18:35:45.253000+00:00,27.8335,0.5848078724999999,28.4183078725
1,8906547471,dota2-nemiga-dan-2026-07-21-game2,2026-07-21T08:48:51.736000+00:00,8.69120000000001,0.6135564,9.30475640000001
1,8906911697,dota2-lynx-spirit1-2026-07-21-game1,2026-07-21T14:01:22.509000+00:00,0.0,0.0,0.0
1,8907319204,dota2-jenz-lynx-2026-07-21-game2,2026-07-21T18:19:16.673000+00:00,-40.481455949999955,0.82834991793375,-39.653106032066205
1,8908178087,dota2-nemiga-aion-2026-07-22-game2,2026-07-22T11:35:02.272000+00:00,3.0500000000000007,0.13362825,3.183628250000001
1,8908710300,dota2-z10-lvlup1-2026-07-22-game1,2026-07-22T17:40:32.974000+00:00,-22.93202756000001,1.452931644747,-21.47909591525301
1,8909498494,dota2-dan-z10-2026-07-23,2026-07-23T09:35:42.112000+00:00,-1.1811999999999951,0.09040545,-1.0907945499999951
1,8910216725,dota2-jenz-kw1-2026-07-23,2026-07-23T18:09:02.529000+00:00,0.20999999999999996,0.021372750000000003,0.23137274999999996
1,8910589445,dota2-nemiga-ill-2026-07-23-game1,2026-07-23T23:33:41.369000+00:00,10.2159,1.2981944625000001,11.5140944625
1,8911784562,dota2-z10-ill-2026-07-24-game1,2026-07-24T18:00:21.302000+00:00,-6.894165399999995,0.18691556021999997,-6.707249839779995
1,8912551235,dota2-ill-aion-2026-07-25-game1,2026-07-25T07:19:52.253000+00:00,0.0,0.0,0.0
1,8912974141,dota2-pckcp-jenz-2026-07-22,2026-07-25T13:02:19.241000+00:00,-12.722527710000069,2.43966946735275,-10.282858242647318
1,8913824141,dota2-lynx-kw1-2026-07-25,2026-07-25T22:21:39.642000+00:00,0.3768000000000278,3.97482957,4.351629570000028
1,8914749408,dota2-rearis-pckcp-2026-07-26-game1,2026-07-26T13:19:34.036000+00:00,-8.108400000000003,0.41555549999999997,-7.692844500000003
1,8915271266,dota2-jenz-stx-2026-07-26-game1,2026-07-26T18:26:53.337000+00:00,20.12039999999996,0.7106567399999999,20.831056739999962
1,8916102349,dota2-lvlup1-pckcp-2026-07-27-game2,2026-07-27T10:12:46.876000+00:00,3.7278789200000064,0.34080553556099996,4.068684455561006
1,8917611319,dota2-pr1-nemiga-2026-07-28-game2,2026-07-28T10:17:02.190000+00:00,0.0,0.0,0.0
1,8918052500,dota2-pckcp-kw1-2026-07-28-game1,2026-07-28T15:24:46.769000+00:00,-7.152356959999992,0.268765734672,-6.883591225327992
1,8919546613,dota2-amaru-nemiga-2026-07-29-game1,2026-07-29T15:15:30.082000+00:00,-44.215900480000016,1.519395515196,-42.696504964804014
1,8920897425,dota2-lvlup1-z10-2026-07-30-game2,2026-07-30T13:37:44.606000+00:00,-30.145100000000006,0.8523178575000001,-29.292782142500005
1,8921949036,dota2-re-midas3-2026-07-31-game1,2026-07-31T06:23:42.906000+00:00,-5.333999999999989,0.5447396250000001,-4.789260374999989
1,8922133239,dota2-tr7-playti-2026-07-31-game1,2026-07-31T09:57:34.446000+00:00,34.407199120000016,2.333153156502,36.740352276502016
1,8922339160,dota2-l1ga-rnx-2026-07-31-game1,2026-07-31T12:44:09.822000+00:00,-9.302400000000006,0.8424486,-8.459951400000005
1,8922602122,dota2-yb1-z10-2026-07-31-game1,2026-07-31T15:28:08.646000+00:00,5.503700000000009,1.4645479275,6.968247927500009
1,8923040358,dota2-xtreme-lgd-2026-07-31,2026-07-31T20:28:40.570000+00:00,-28.359899999999982,1.2318617625,-27.128038237499982
1,8923704450,dota2-yes-vg-2026-08-01-game1,2026-08-01T09:01:56.739000+00:00,0.002876489999962928,0.94499685916425,0.947873349164213
1,8923899787,dota2-enjoy-yb1-2026-08-01-game1,2026-08-01T11:45:49.553000+00:00,-4.369600000000055,1.3590973649999998,-3.0105026350000554
1,8924367779,dota2-l1ga-lgd-2026-08-01,2026-08-01T16:23:12.450000+00:00,-16.867199999999997,0.32077800000000006,-16.546421999999996
1,8925210898,dota2-playti-xctn-2026-08-02-game1,2026-08-02T05:28:20.542000+00:00,24.36299892000001,1.6475515331369999,26.01055045313701
1,8925847726,dota2-yes-tr7-2026-08-02,2026-08-02T13:17:43.701000+00:00,2.5193734400000025,0.672810921552,3.1921843615520027
1,8926523280,dota2-z10-lgd-2026-08-02-game1,2026-08-02T19:59:32.068000+00:00,0.0,0.0,0.0
1,8927207054,dota2-xtreme-tr7-2026-08-03-game1,2026-08-03T10:00:05.212000+00:00,3.224208189999999,0.89092992138825,4.115138111388249
1,8927660975,dota2-vg-yb1-2026-08-03-game2,2026-08-03T15:05:20.968000+00:00,3.196597199999985,0.82932243246,4.025919632459985
1,8928163118,dota2-re-lgd-2026-08-03,2026-08-03T20:43:38.722000+00:00,-14.037600719999993,1.780895592624,-12.256705127375993
1,8929276426,dota2-yb1-re-2026-08-04-game2,2026-08-04T15:54:25.550000+00:00,8.93190942999999,1.55970948872775,10.49161891872774
1,8930398938,dota2-playti-yb1-2026-08-05-game1,2026-08-05T12:24:04.133000+00:00,-2.188999999999959,2.99941662,0.8104166200000407
1,8931852727,dota2-lvlup1-rearis-2026-08-06-game2,2026-08-06T10:30:33.624000+00:00,-43.60313760000001,1.32990148452,-42.27323611548001
1,8932318084,dota2-nh-lvlup1-2026-08-06-game1,2026-08-06T15:34:15.395000+00:00,-25.30749999999997,0.5608517775,-24.746648222499967
1,8932835800,dota2-ill-pr1-2026-08-06,2026-08-06T21:22:55.783000+00:00,-8.409499999999994,0.5673445874999999,-7.842155412499994
1,8933704579,dota2-ill-stx-2026-08-07-game2,2026-08-07T13:44:43.178000+00:00,-22.251600000000025,3.747284115,-18.504315885000025
1,8934279386,dota2-jenz-nemiga-2026-08-07-game2,2026-08-07T19:33:30.612000+00:00,0.0,0.0,0.0
1,8937335830,dota2-lvlup1-mouz-2026-08-09-game2,2026-08-09T14:27:35.299000+00:00,9.254400000000004,2.1267108749999997,11.381110875000005
1,8938509987,dota2-pr1-mouz-2026-08-10-game1,2026-08-10T09:24:47.767000+00:00,13.302300000000002,1.2210746625,14.523374662500002
1,8939023869,dota2-yes-lvlup1-2026-08-10-game1,2026-08-10T15:24:37.289000+00:00,0.0,0.0,0.0
1,8940365227,dota2-mouz-re-2026-08-11-game2,2026-08-11T13:12:04.281000+00:00,-20.04167418999998,2.14238995212675,-17.899284237873232
1,8941656460,dota2-lvlup1-re-2026-08-12-game1,2026-08-12T09:19:34.658000+00:00,9.653199999999998,1.497986415,11.151186414999998
1,8942152024,dota2-navi-lvlup1-2026-08-12-game2,2026-08-12T14:50:30.897000+00:00,0.3661999999999921,0.45507633000000003,0.8212763299999921
1,8962592819,dota2-ks-lynx-2026-08-24-game1,2026-08-24T10:19:27.562000+00:00,0.0,0.0,0.0
1,8963649188,dota2-dynast1-fts-2026-08-24-game1,2026-08-24T19:15:00.848000+00:00,56.129400000000004,0.66881826,56.798218260000006
1,8964574076,dota2-pckcp-nemiga-2026-08-25,2026-08-25T09:52:05.670000+00:00,-0.03999999999999737,0.7660349999999999,0.7260350000000025
1,8965097316,dota2-ic-fts-2026-08-25-game2,2026-08-25T14:41:01.046000+00:00,-16.03419999999997,1.2759784799999998,-14.758221519999971
1,8969978865,dota2-rearis-sb5-2026-08-28-game1,2026-08-28T10:27:01.322000+00:00,-8.523500000000002,0.3156150375,-8.207884962500001
1,8970352005,dota2-dynast1-ic-2026-08-28-game1,2026-08-28T14:10:35.964000+00:00,0.08770000000000033,0.0323284125,0.12002841250000033
1,8970655100,dota2-dynast1-ic-2026-08-28,2026-08-28T16:43:34.585000+00:00,-13.786511159999954,1.688229891267,-12.098281268732954
1,8971111987,dota2-ks-rearis-2026-08-28-game2,2026-08-28T21:24:47.695000+00:00,7.740000000000009,0.2292975,7.9692975000000095
1,8971586781,dota2-nem-6seven-2026-08-29-game2,2026-08-29T06:13:46.689000+00:00,-7.91670000000002,1.0606252125,-6.85607478750002
1,8971891627,dota2-dynast1-nemiga-2026-08-29-game1,2026-08-29T10:17:49.464000+00:00,12.703000000000003,0.376649625,13.079649625000004
1,8972115962,dota2-mouz-yes-2026-08-29-game2,2026-08-29T12:36:59.931000+00:00,-34.484900000000025,3.0617804475,-31.423119552500026
1,8972773416,dota2-pi-lvlup1-2026-08-29-game1,2026-08-29T18:17:23.637000+00:00,-68.71419944000004,2.289457228026,-66.42474221197405
1,8973337131,dota2-icecre-xctn-2026-08-30-game1,2026-08-30T02:14:49.254000+00:00,-6.475780999999998,0.17378123662499997,-6.301999763374998
1,8973568453,dota2-clo-yb1-2026-08-30-game2,2026-08-30T06:12:50.377000+00:00,-3.316375939999986,0.2700382454895,-3.0463376945104863
1,8973884000,dota2-nem-xctn-2026-08-30-game2,2026-08-30T10:12:32.710000+00:00,2.150766110000035,1.08422410814925,3.234990218149285
1,8974898633,dota2-lvlup1-pr1-2026-08-30,2026-08-30T19:25:58.777000+00:00,-12.131631669999976,2.9318802485707494,-9.199751421429227
1,8976166971,dota2-synaps-lynx-2026-08-31,2026-08-31T15:09:07.826000+00:00,31.22285759999994,2.2829917862999998,33.50584938629994
1,8976665322,dota2-spirit1-pi-2026-08-31-game1,2026-08-31T20:26:57.494000+00:00,4.604400000000025,1.157735625,5.762135625000025
1,8977623650,dota2-ic-lynx-2026-09-01-game2,2026-09-01T13:53:28.128000+00:00,20.443,1.8044889450000001,22.247488945
1,8978916284,dota2-pr1-ic-2026-09-02-game2,2026-09-02T11:19:11.539000+00:00,3.4095000000000084,0.7544546624999999,4.163954662500008
1,8979344496,dota2-synaps-4iki-2026-09-02-game1,2026-09-02T15:59:27.587000+00:00,-10.895300000000027,2.7268780425,-8.168421957500026
1,8980769413,dota2-pi-dynast1-2026-09-03-game1,2026-09-03T15:17:23.998000+00:00,15.200000000000003,0.30838499999999996,15.508385000000002
1,8838056564,dota2-flc-liquid-2026-06-04-game1,2026-06-04T12:43:48.535000+00:00,-1.1184000000000012,0.99843006,-0.11996994000000116
1,8839123109,dota2-flc-bb4-2026-06-05-game1,2026-06-05T09:16:39.267000+00:00,2.170100000000005,0.7008586875,2.8709586875000053
1,8839625815,dota2-flc-aur1-2026-06-05-game2,2026-06-05T16:13:53.150000+00:00,16.456800000000015,0.7690427099999999,17.225842710000016
1,8840821227,dota2-ty-bb4-2026-06-06,2026-06-06T13:12:37.368000+00:00,40.25209920999998,3.9932211505447497,44.24532036054473
1,8842134886,dota2-bb4-lgd-2026-06-07-game2,2026-06-07T10:28:41.168000+00:00,4.244160230000027,2.75063321001675,6.994793440016776
1,8842722527,dota2-ty-lgd-2026-06-07-game3,2026-06-07T17:12:22.566000+00:00,26.91909914999998,1.47283115052375,28.39193030052373
1,8843560379,dota2-4iki-nande4-2026-06-08,2026-06-08T11:10:54.138000+00:00,-1.4040999999999997,1.2764989125000001,-0.12760108749999954
1,8844244719,dota2-vpp-z10-2026-06-08-game2,2026-06-08T19:45:42.908000+00:00,16.35599999999998,0.4120665,16.768066499999982
1,8851984783,dota2-4iki-pr1-2026-06-14-game2,2026-06-14T16:46:25.798000+00:00,-5.142500000000002,1.5989818125,-3.543518187500002
1,8885195986,dota2-re-xtreme-2026-07-07-game1,2026-07-07T09:55:03.037000+00:00,10.098999999999975,0.31329115499999993,10.412291154999975
1,8885380529,dota2-liquid-playti-2026-07-07-game1,2026-07-07T12:43:07.045000+00:00,-2.517700000000004,1.2151993125,-1.302500687500004
1,8885529711,dota2-lvlup1-aur1-2026-07-07-game2,2026-07-07T14:23:52.590000+00:00,15.420799999999929,0.15325386000000008,15.574053859999928
1,8885871759,dota2-ic-1win-2026-07-07-game1,2026-07-07T18:31:07.999000+00:00,0.0,0.0,0.0
1,8886576019,dota2-poorra-bb4-2026-07-08-game1,2026-07-08T09:20:01.472000+00:00,-6.543400000000005,0.32577850499999994,-6.217621495000006
1,8886641793,dota2-gl-xtreme-2026-07-08-game2,2026-07-08T10:45:04.782000+00:00,27.01809910999998,2.3919600947632498,29.41005920476323
1,8886815251,dota2-l1ga-playti-2026-07-08-game2,2026-07-08T13:04:20.712000+00:00,31.544700000000034,0.5771723925,32.12187239250004
1,8887114313,dota2-ts8-nem-2026-07-08-game2,2026-07-08T16:15:19.583000+00:00,-11.105499999999992,0.3157099875,-10.789790012499992
1,8887314193,dota2-lgd-og-2026-07-08-game2,2026-07-08T18:40:30.736000+00:00,-75.52959999999996,5.164637655,-70.36496234499995
1,8887986392,dota2-poorra-xtreme-2026-07-09-game1,2026-07-09T09:21:30.237000+00:00,-59.2722,2.879829075,-56.392370924999994
1,8888083694,dota2-gl-flc-2026-07-09-game2,2026-07-09T11:11:32.224000+00:00,25.54023313999994,1.5856082536454998,27.12584139364544
1,8888260336,dota2-l1ga-aur1-2026-07-09-game2,2026-07-09T13:20:05.771000+00:00,0.098700000000008,0.4372925175,0.535992517500008
1,8888425887,dota2-rnx-pari-2026-07-09-game1,2026-07-09T15:02:02.148000+00:00,6.4459999999999695,0.31859761500000006,6.764597614999969
1,8888592426,dota2-vg-ts8-2026-07-09-game2,2026-07-09T16:59:54.115000+00:00,-3.9150999999999954,0.8176979775000001,-3.0974020224999954
1,8888771711,dota2-og-ic-2026-07-09-game2,2026-07-09T19:04:50.495000+00:00,-0.6599999999999993,0.03450149999999999,-0.6254984999999993
1,8889513730,dota2-poorra-flc-2026-07-10-game2,2026-07-10T10:17:36.842000+00:00,0.0,0.22500562500000001,0.22500562500000001
1,8889621582,dota2-aur1-playti-2026-07-10-game1,2026-07-10T11:57:42.116000+00:00,-51.40089999999995,1.9226732025,-49.47822679749995
1,8889914618,dota2-pari-mouz-2026-07-10-game1,2026-07-10T14:59:49.254000+00:00,-3.2823999999999813,0.5428191599999999,-2.7395808399999817
1,8890074597,dota2-rnx-ts8-2026-07-10-game2,2026-07-10T16:28:42.555000+00:00,0.0,0.0,0.0
1,8890301402,dota2-ic-vp-2026-07-10-game2,2026-07-10T18:52:09.717000+00:00,0.0,0.0,0.0
1,8891217710,dota2-poorra-re-2026-07-11-game2,2026-07-11T10:44:50.172000+00:00,-51.41220070000003,1.5174778776375,-49.894722822362525
1,8891371442,dota2-aur1-liquid-2026-07-11-game1,2026-07-11T12:43:19.319000+00:00,14.713566999999998,0.488551565625,15.202118565624998
1,8892829232,dota2-mouz-vg-2026-07-12-game1,2026-07-12T09:15:57.248000+00:00,-96.65895238000002,1.5300008003610004,-95.12895157963902
1,8892914077,dota2-pari-ts8-2026-07-12-game2,2026-07-12T10:31:28.406000+00:00,4.598988199999972,0.81790689987,5.416895099869972
1,8893165071,dota2-1win-ty-2026-07-12-game2,2026-07-12T13:18:20.777000+00:00,-9.870837840000007,0.637452548928,-9.233385291072008
1,8896234088,dota2-re-vp-2026-07-14-game2,2026-07-14T12:30:48.003000+00:00,-2.7086999999999763,0.8540973374999999,-1.8546026624999765
1,8896645659,dota2-lgd-mouz-2026-07-14-game1,2026-07-14T16:55:49.823000+00:00,0.1612,0.022656660000000002,0.18385666
1,8897695379,dota2-aur1-re-2026-07-15-game2,2026-07-15T12:41:48.340000+00:00,-4.5976,0.47412903000000006,-4.12347097
1,8897971312,dota2-1win-vg-2026-07-15-game2,2026-07-15T15:33:39.656000+00:00,9.073600000000027,0.797405715,9.871005715000027
1,8899028080,dota2-ty-ts8-2026-07-17-game1,2026-07-16T11:25:22.617000+00:00,20.70780000000002,1.289002305,21.99680230500002
1,8900508749,dota2-flc-vg-2026-07-16-game1,2026-07-17T11:21:46.405000+00:00,-4.2254999999999825,0.4473748125,-3.7781251874999824
1,8902107148,dota2-bb4-vg-2026-07-18-game1,2026-07-18T11:22:02.020000+00:00,0.0,0.0,0.0
1,8902610619,dota2-ty-pari-2026-07-18,2026-07-18T16:48:06.686000+00:00,7.547199999999975,0.69934242,8.246542419999976
1,8904157676,dota2-bb4-pari-2026-07-19-game2,2026-07-19T15:17:11.337000+00:00,-16.501301750000046,4.258962976593749,-12.242338773406296
1,8905093611,dota2-stx-lynx-2026-07-20-game2,2026-07-20T08:36:36.644000+00:00,66.67879895999994,2.907105713985,69.58590467398494
1,8905490238,dota2-z10-nemiga-2026-07-20-game1,2026-07-20T14:13:02.081000+00:00,-13.116462940000012,1.1925365073915,-11.923926432608512
1,8905975768,dota2-lvlup1-ill-2026-07-20-game1,2026-07-20T19:45:16.612000+00:00,-0.5333999999999861,0.991392375,0.4579923750000139
1,8906626852,dota2-pckcp-stx-2026-07-21-game1,2026-07-21T10:17:03.931000+00:00,30.557200000000023,0.6261354299999999,31.183335430000025
1,8907021823,dota2-lynx-spirit1-2026-07-21-game2,2026-07-21T14:54:33.550000+00:00,-55.776783880000075,3.598689116331,-52.17809476366907
1,8907510684,dota2-z10-aion-2026-07-21-game2,2026-07-21T20:45:41.820000+00:00,0.0,0.0,0.0
1,8908313996,dota2-stx-spirit1-2026-07-22-game1,2026-07-22T13:26:43.307000+00:00,0.04526735999999687,1.0047967475040003,1.0500641075039971
1,8908926344,dota2-z10-lvlup1-2026-07-22,2026-07-22T20:21:42.790000+00:00,-14.680875629999946,3.43923066378225,-11.241644966217695
1,8909658828,dota2-spirit1-pckcp-2026-07-23-game2,2026-07-23T11:56:35.158000+00:00,-7.876600800000006,1.08550420176,-6.7910965982400056
1,8910344715,dota2-lvlup1-aion-2026-07-23-game1,2026-07-23T19:45:58.831000+00:00,0.0,0.0,0.0
1,8910670427,dota2-nemiga-ill-2026-07-23,2026-07-24T01:26:47.762000+00:00,2.4926000000000066,0.78023586,3.2728358600000065
1,8911916389,dota2-z10-ill-2026-07-24-game2,2026-07-24T19:32:36.981000+00:00,19.720999999999975,1.8068258250000002,21.527825824999976
1,8912622476,dota2-ill-aion-2026-07-25-game2,2026-07-25T08:27:06.996000+00:00,-0.508443760000004,0.07905884436599998,-0.42938491563400405
1,8913307206,dota2-kw1-pckcp-2026-07-25-game1,2026-07-25T16:28:48.834000+00:00,15.714600000000004,0.389900655,16.104500655000006
1,8914414410,dota2-nemiga-ill-2026-07-26-game1,2026-07-26T09:26:59.644000+00:00,-13.788556639999996,0.533684720388,-13.254871919611997
1,8914885598,dota2-rearis-pckcp-2026-07-26-game2,2026-07-26T14:24:02.001000+00:00,72.2233,0.4345302525,72.65783025249999
1,8915390117,dota2-jenz-stx-2026-07-26-game2,2026-07-26T19:37:39.362000+00:00,0.0,0.0,0.0
1,8916245727,dota2-stx-nemiga-2026-07-27-game1,2026-07-27T12:25:46.061000+00:00,10.110798049999994,1.30893146546625,11.419729515466244
1,8917675823,dota2-pr1-nemiga-2026-07-28,2026-07-28T11:19:25.327000+00:00,76.85500000000002,0.40723875000000004,77.26223875000002
1,8918176547,dota2-pckcp-kw1-2026-07-28-game2,2026-07-28T16:37:04.197000+00:00,33.21540909999996,0.8593482129074999,34.07475731290746
1,8919685210,dota2-amaru-nemiga-2026-07-29-game2,2026-07-29T16:34:50.427000+00:00,-70.39670061999999,1.9920225195704997,-68.40467810042949
1,8921002620,dota2-lvlup1-z10-2026-07-30,2026-07-30T14:47:46.063000+00:00,8.16319999999999,1.5437569199999999,9.706956919999989
1,8922016200,dota2-re-midas3-2026-07-31-game2,2026-07-31T07:39:14.850000+00:00,2.0799999999999983,0.11481599999999999,2.194815999999998
1,8922186876,dota2-vg-amaru-2026-07-31,2026-07-31T10:40:33.810000+00:00,6.410499999999985,0.47317925250000004,6.883679252499984
1,8922400300,dota2-enjoy-glyph-2026-07-31-game2,2026-07-31T13:24:39.311000+00:00,21.720399999999984,0.7136583599999999,22.434058359999984
1,8922722577,dota2-yb1-z10-2026-07-31-game2,2026-07-31T16:35:25.057000+00:00,-11.203699999999998,1.0645235775000002,-10.139176422499997
1,8923506996,dota2-midas3-tr7-2026-08-01-game1,2026-08-01T05:43:01.223000+00:00,0.0,0.0,0.0
1,8923780137,dota2-re-playti-2026-08-01-game1,2026-08-01T10:09:39.721000+00:00,-5.614099999999969,1.1949606375,-4.419139362499969
1,8924057168,dota2-l1ga-lgd-2026-08-01-game1,2026-08-01T13:34:16.709000+00:00,0.6082000000000001,0.20887108499999998,0.817071085
1,8924468754,dota2-glyph-z10-2026-08-01-game2,2026-08-01T17:25:49.795000+00:00,7.743199999999987,2.09384196,9.837041959999986
1,8925308090,dota2-playti-xctn-2026-08-02-game2,2026-08-02T07:03:47.891000+00:00,0.0,0.0,0.0
1,8926022375,dota2-rnx-yb1-2026-08-02-game1,2026-08-02T15:09:53.856000+00:00,15.869499999999974,1.7191907775,17.588690777499973
1,8926636219,dota2-z10-lgd-2026-08-02-game2,2026-08-02T21:07:31.416000+00:00,-14.430999999999983,0.5751092999999999,-13.855890699999984
1,8927288399,dota2-xtreme-tr7-2026-08-03-game2,2026-08-03T11:00:48.642000+00:00,-13.117301879999985,1.7858550863340001,-11.331446793665986
1,8927760296,dota2-vg-yb1-2026-08-03,2026-08-03T16:18:19.713000+00:00,74.58200000000014,2.625834825,77.20783482500013
1,8928851109,dota2-playti-tr7-2026-08-04-game1,2026-08-04T11:30:07.829000+00:00,0.0,0.0,0.0
1,8929365099,dota2-yb1-re-2026-08-04,2026-08-04T16:51:08.308000+00:00,5.1295182000000565,1.8380711304,6.967589330400056
1,8930615242,dota2-playti-yb1-2026-08-05-game2,2026-08-05T14:02:56.166000+00:00,108.3261,1.4678924625,109.7939924625
1,8931981851,dota2-rearis-nh-2026-08-06-game1,2026-08-06T12:26:15.226000+00:00,11.939999999999998,0.457376625,12.397376624999998
1,8932413808,dota2-nh-lvlup1-2026-08-06-game2,2026-08-06T16:23:29.211000+00:00,0.0,0.0,0.0
1,8933374169,dota2-nh-z10-2026-08-07-game1,2026-08-07T09:29:47.916000+00:00,-7.518000000000001,0.10576215,-7.41223785
1,8933879286,dota2-pr1-jenz-2026-08-07-game1,2026-08-07T15:25:51.002000+00:00,-216.1638999999999,3.2887347375000004,-212.8751652624999
1,8936825643,dota2-pr1-yes-2026-08-09-game1,2026-08-09T09:22:32.992000+00:00,-8.848377589999984,0.98906342235675,-7.859314167643234
1,8937484593,dota2-ill-re-2026-08-09-game1,2026-08-09T15:55:00.679000+00:00,0.0,0.05306399999999999,0.05306399999999999
1,8938565057,dota2-pr1-mouz-2026-08-10-game2,2026-08-10T10:12:07.159000+00:00,3.9843827200000073,0.49432566019199997,4.478708380192007
1,8940059913,dota2-lvlup1-navi-2026-08-11-game1,2026-08-11T09:16:02.605000+00:00,20.906299999999973,1.0382631974999998,21.944563197499974
1,8940487898,dota2-mouz-re-2026-08-11,2026-08-11T14:25:06.999000+00:00,-7.262656039999985,2.5202116613939998,-4.7424443786059856
1,8941733752,dota2-lvlup1-re-2026-08-12-game2,2026-08-12T10:35:42.245000+00:00,16.77109908999998,1.38803815970175,18.15913724970173
1,8942262723,dota2-navi-lvlup1-2026-08-12-game3,2026-08-12T15:53:47.795000+00:00,0.0,0.25499592000000004,0.25499592000000004
1,8962736746,dota2-ks-lynx-2026-08-24-game2,2026-08-24T11:33:18.452000+00:00,41.000636619999966,1.9897133069025,42.99034992690247
1,8963790789,dota2-dynast1-fts-2026-08-24-game2,2026-08-24T20:20:45.642000+00:00,-2.480600499999994,0.6120299823750001,-1.868570517624994
1,8964657335,dota2-fts-pckcp-2026-08-25-game1,2026-08-25T10:52:11.864000+00:00,2.9283000000000072,0.45300395250000003,3.3813039525000073
1,8964938940,dota2-rearis-spirit1-2026-08-25-game1,2026-08-25T16:23:39.394000+00:00,1.9000000000000057,0.4039575,2.303957500000006
1,8970089224,dota2-rearis-sb5-2026-08-28-game2,2026-08-28T11:41:09.553000+00:00,0.9600000000000009,0.057456,1.0174560000000008
1,8970470057,dota2-synaps-nemiga-2026-08-28-game2,2026-08-28T15:09:53.245000+00:00,237.64550932999992,1.3667478798277501,239.01225720982768
1,8970886632,dota2-dynast1-pckcp-2026-08-28-game2,2026-08-28T18:51:22.084000+00:00,103.10251738,0.919224492285,104.02174187228499
1,8971423978,dota2-db2-satan-2026-08-28-game2,2026-08-29T03:20:55.120000+00:00,0.0,0.0,0.0
1,8971664649,dota2-nem-6seven-2026-08-29,2026-08-29T07:24:10.704000+00:00,4.38504506000001,0.8223174526455,5.20736251264551
1,8971964803,dota2-mouz-yes-2026-08-29-game1,2026-08-29T11:13:49.271000+00:00,-9.445600930000055,1.94315243741925,-7.502448492580805
1,8972289868,dota2-huliga-lynx-2026-08-29-game1,2026-08-29T14:15:10.550000+00:00,-40.11779024000009,5.342459937972,-34.77533030202809
1,8972893200,dota2-pi-lvlup1-2026-08-29-game2,2026-08-29T19:20:53.860000+00:00,-7.510491839999972,1.191272964156,-6.319218875843972
1,8973405568,dota2-icecre-xctn-2026-08-30-game2,2026-08-30T03:19:55.483000+00:00,-9.94768346,1.530945425829,-8.416738034171
1,8973613420,dota2-clo-yb1-2026-08-30,2026-08-30T07:04:46.677000+00:00,12.85766683,0.46605743688074996,13.323724266880749
1,8973944033,dota2-lynx-lvlup1-2026-08-30,2026-08-30T10:50:43.696000+00:00,174.93155541999988,1.7693229243435,176.70087834434338
1,8975110449,dota2-dynast1-ks-2026-08-30-game2,2026-08-30T21:54:27.706000+00:00,-17.778399999999948,1.582432605,-16.195967394999947
1,8976300473,dota2-4iki-ic-2026-08-31-game1,2026-08-31T16:25:39.940000+00:00,-7.496539599999977,1.1817248942999998,-6.314814705699977
1,8976751962,dota2-spirit1-pi-2026-08-31-game2,2026-08-31T21:40:17.685000+00:00,10.35995815999999,0.445814158488,10.80577231848799
1,8977913355,dota2-synaps-lvlup1-2026-09-01-game2,2026-09-01T16:37:59.217000+00:00,12.342600000000004,0.377382375,12.719982375000004
1,8978986214,dota2-pr1-ic-2026-09-02,2026-09-02T12:20:55.440000+00:00,-5.721700000000004,0.4684382175,-5.253261782500004
1,8980293569,dota2-z10-ks-2026-09-03-game1,2026-09-03T09:18:42.909000+00:00,-2.86160000000001,0.65279418,-2.20880582000001
1,8838170936,dota2-flc-liquid-2026-06-04-game2,2026-06-04T14:05:12.636000+00:00,-12.747800879999971,4.802118177096,-7.945682702903971
1,8839193447,dota2-flc-bb4-2026-06-05-game2,2026-06-05T10:38:10.594000+00:00,-1.1325208900000234,1.71833207560575,0.5858111856057266
1,8839717574,dota2-flc-aur1-2026-06-05,2026-06-05T17:21:15.591000+00:00,-1.955076680000019,1.5208501690619998,-0.43422651093801923
1,8840984097,dota2-aur1-lgd-2026-06-06-game1,2026-06-06T15:05:33.978000+00:00,-4.18629999999996,1.7681177925,-2.41818220749996
1,8842245726,dota2-bb4-lgd-2026-06-07,2026-06-07T11:59:53.564000+00:00,18.1732,1.851250905,20.024450905000002
1,8842845018,dota2-ty-lgd-2026-06-07-game4,2026-06-07T18:51:58.999000+00:00,0.2414000000000005,0.019100775,0.2605007750000005
1,8843760302,dota2-vpp-balu-2026-06-08-game2,2026-06-08T13:42:26.324000+00:00,8.860599999999991,0.271798905,9.132398904999992
1,8844308689,dota2-vpp-z10-2026-06-08,2026-06-08T20:50:38.757000+00:00,29.056399999999996,0.56741091,29.623810909999996
1,8852055373,dota2-4iki-pr1-2026-06-14,2026-06-14T17:46:02.690000+00:00,5.3944000000000045,0.795356805,6.1897568050000045
1,8885252329,dota2-flc-bb4-2026-07-07-game2,2026-07-07T11:01:59.599000+00:00,-5.523100000000034,2.0366033175,-3.486496682500034
1,8885411801,dota2-lvlup1-aur1-2026-07-07-game1,2026-07-07T13:06:28.530000+00:00,-12.85929999999999,0.4982196525,-12.36108034749999
1,8885633666,dota2-ts8-mouz-2026-07-07-game1,2026-07-07T15:33:28.678000+00:00,1.3365651600000064,0.643491740862,1.9800569008620064
1,8885928262,dota2-ty-og-2026-07-07-game1,2026-07-07T19:03:44.444000+00:00,13.31150000000001,0.25966280249999996,13.571162802500009
1,8886572854,dota2-gl-xtreme-2026-07-08-game1,2026-07-08T09:27:27.007000+00:00,3.686400000000063,4.92800805,8.614408050000062
1,8886728756,dota2-l1ga-playti-2026-07-08-game1,2026-07-08T12:02:19.795000+00:00,14.278222800000023,2.1317271441,16.409949944100024
1,8886862310,dota2-liquid-lvlup1-2026-07-08-game2,2026-07-08T13:37:25.898000+00:00,6.698400000000021,0.33360309,7.032003090000021
1,8887197358,dota2-vg-pari-2026-07-08-game2,2026-07-08T17:23:00.102000+00:00,-11.699700000000064,0.9933268875,-10.706373112500064
1,8887325211,dota2-vp-1win-2026-07-08-game1,2026-07-08T18:51:24.334000+00:00,-32.2834086,1.7924603004750002,-30.490948299525
1,8887998750,dota2-bb4-re-2026-07-09-game1,2026-07-09T09:29:32.198000+00:00,-19.58200000000005,1.2643851000000002,-18.317614900000052
1,8888160657,dota2-l1ga-aur1-2026-07-09-game1,2026-07-09T12:09:38.901000+00:00,1.3255999999999801,0.881856795,2.20745679499998
1,8888279558,dota2-playti-lvlup1-2026-07-09-game2,2026-07-09T13:33:23.111000+00:00,20.4816,0.12749796000000002,20.60909796
1,8888489297,dota2-vg-ts8-2026-07-09-game1,2026-07-09T15:42:43.149000+00:00,0.0,0.0,0.0
1,8888682602,dota2-og-ic-2026-07-09-game1,2026-07-09T17:53:01.981000+00:00,-50.46800000000006,2.27849196,-48.189508040000064
1,8888819433,dota2-lgd-1win-2026-07-09-game2,2026-07-09T19:41:02.532000+00:00,32.93969999999999,2.5041425625000002,35.44384256249999
1,8889524021,dota2-xtreme-bb4-2026-07-10-game2,2026-07-10T10:37:39.793000+00:00,0.04600000000002069,1.5151052999999999,1.5611053000000206
1,8889699098,dota2-l1ga-liquid-2026-07-10-game2,2026-07-10T12:46:15.831000+00:00,0.0,0.0,0.0
1,8889944251,dota2-rnx-ts8-2026-07-10-game1,2026-07-10T15:15:29.857000+00:00,12.490199999999987,0.2681162550000001,12.758316254999988
1,8890179830,dota2-lgd-ty-2026-07-10-game1,2026-07-10T17:38:53.401000+00:00,29.97789999999995,1.6957618425,31.67366184249995
1,8891108843,dota2-poorra-re-2026-07-11-game1,2026-07-11T09:15:44.932000+00:00,28.427900000000026,1.6848467625,30.112746762500027
1,8891240327,dota2-xtreme-flc-2026-07-11-game2,2026-07-11T11:01:14.698000+00:00,7.6834000000000096,1.881029265,9.56442926500001
1,8891438996,dota2-l1ga-lvlup1-2026-07-11-game2,2026-07-11T13:19:40.554000+00:00,25.58399999999996,1.8825543900000001,27.46655438999996
1,8892835652,dota2-rnx-nem-2026-07-12-game1,2026-07-12T09:19:01.546000+00:00,-3.7424000000000177,0.7348857,-3.0075143000000177
1,8892958964,dota2-rnx-nem-2026-07-12-game2,2026-07-12T10:53:08.655000+00:00,-56.36040000000006,2.45176182,-53.90863818000006
1,8893253595,dota2-og-vp-2026-07-12-game2,2026-07-12T13:56:28.498000+00:00,-2.8846008199999886,1.061364522171,-1.8232362978289887
1,8896267691,dota2-liquid-xtreme-2026-07-14-game2,2026-07-14T13:05:08.216000+00:00,-15.722422780000016,1.5582879132465,-14.164134866753516
1,8896731473,dota2-lgd-mouz-2026-07-14-game2,2026-07-14T18:02:11.857000+00:00,-17.402400000000007,0.5543096399999999,-16.848090360000008
1,8897696869,dota2-ts8-liquid-2026-07-15-game2,2026-07-15T12:54:25.976000+00:00,-3.5943238099999917,3.12794320214475,-0.4663806078552417
1,8898003442,dota2-bb4-lgd-2026-07-15-game1,2026-07-15T15:56:58.589000+00:00,4.71720000000002,1.12429116,5.84149116000002
1,8899120700,dota2-ty-ts8-2026-07-17-game2,2026-07-16T12:44:26.752000+00:00,-83.13209999999997,5.2354689375,-77.89663106249996
1,8900623530,dota2-flc-vg-2026-07-16-game2,2026-07-17T12:54:30.551000+00:00,1.2404845500000192,1.9503855953737497,3.190870145373769
1,8902173969,dota2-bb4-vg-2026-07-18-game2,2026-07-18T12:21:15.910000+00:00,2.9723132300000543,1.01255817212775,3.984871402127804
1,8903705555,dota2-vg-ty-2026-07-19-game1,2026-07-19T10:24:33.152000+00:00,26.98829999999998,1.5378555075,28.526155507499983
1,8904322271,dota2-bb4-pari-2026-07-19-game3,2026-07-19T16:52:33.960000+00:00,20.940899999999985,2.3592966375,23.300196637499987
1,8905164476,dota2-stx-lynx-2026-07-20,2026-07-20T10:04:24.370000+00:00,137.27547805,2.8228141842937498,140.09829223429375
1,8905612460,dota2-z10-nemiga-2026-07-20-game2,2026-07-20T15:25:40.567000+00:00,9.66530000000003,0.7899109874999999,10.455210987500031
1,8906069414,dota2-lvlup1-ill-2026-07-20-game2,2026-07-20T20:59:36.536000+00:00,3.8767999999999887,2.261281125,6.138081124999989
1,8906706819,dota2-pckcp-stx-2026-07-21-game2,2026-07-21T11:28:10.072000+00:00,1.538499999999999,0.5214361124999999,2.059936112499999
1,8907114935,dota2-lynx-spirit1-2026-07-21,2026-07-21T15:55:17.448000+00:00,-2.234800000000007,2.41250007,0.1777000699999931
1,8907942033,dota2-ill-dan-2026-07-22-game1,2026-07-22T07:18:07.776000+00:00,0.0,0.0,0.0
1,8908486051,dota2-stx-spirit1-2026-07-22-game2,2026-07-22T15:03:55.390000+00:00,21.37628592999998,0.67687822187025,22.05316415187023
1,8909388284,dota2-dan-z10-2026-07-23-game1,2026-07-23T07:17:23.633000+00:00,1.4000000000000004,0.009030000000000002,1.4090300000000004
1,8909780227,dota2-spirit1-pckcp-2026-07-23,2026-07-23T13:29:29.880000+00:00,0.03349999999998232,1.0497922275,1.0832922274999823
1,8910461593,dota2-lvlup1-aion-2026-07-23-game2,2026-07-23T21:18:59.726000+00:00,-4.4517999999999995,0.18788671499999998,-4.263913284999999
1,8910982575,dota2-aion-dan-2026-07-24-game2,2026-07-24T08:39:31.809000+00:00,0.0,0.0,0.0
1,8912045230,dota2-nemiga-lvlup1-2026-07-24-game1,2026-07-24T21:05:49.488000+00:00,-27.784900000000057,3.6396966375,-24.145203362500055
1,8912758286,dota2-pckcp-jenz-2026-07-22-game1,2026-07-25T10:25:45.605000+00:00,-29.756499999999974,1.2101488425,-28.546351157499974
1,8913598312,dota2-lynx-kw1-2026-07-25-game1,2026-07-25T19:28:05.257000+00:00,1.3876,0.77122095,2.15882095
1,8914520562,dota2-nemiga-ill-2026-07-26-game2,2026-07-26T10:41:21.923000+00:00,-22.661600000000078,2.2436671200000005,-20.417932880000077
1,8915002841,dota2-kw1-rearis-2026-07-26-game1,2026-07-26T15:32:54.677000+00:00,-49.65244922999992,1.46695537319325,-48.185493856806666
1,8915498965,dota2-jenz-stx-2026-07-26,2026-07-26T20:57:43.107000+00:00,15.808300000000003,0.7400528474999999,16.548352847500002
1,8916384577,dota2-stx-nemiga-2026-07-27-game2,2026-07-27T13:48:29.618000+00:00,17.6098,3.1668590549999998,20.776659055
1,8917738415,dota2-nh-pckcp-2026-07-28-game1,2026-07-28T12:16:10.015000+00:00,0.0,0.0,0.0
1,8919264561,dota2-rearis-z10-2026-07-29-game1,2026-07-29T12:23:03.580000+00:00,7.324965039999981,0.699545666832,8.02451070683198
1,8919803916,dota2-amaru-nemiga-2026-07-29,2026-07-29T18:02:17.532000+00:00,31.58216091000003,3.2821179358867503,34.86427884588678
1,8921162227,dota2-amaru-pr1-2026-07-30-game1,2026-07-30T16:32:24.441000+00:00,15.516900000000007,0.6008919524999999,16.117791952500006
1,8922074642,dota2-vg-amaru-2026-07-31-game1,2026-07-31T08:46:41.467000+00:00,-21.089200000000005,0.28291035000000003,-20.806289650000004
1,8922211678,dota2-tr7-playti-2026-07-31-game2,2026-07-31T11:00:53.806000+00:00,6.272300000000001,1.2287905425,7.501090542500002
1,8922433138,dota2-l1ga-rnx-2026-07-31-game2,2026-07-31T13:42:06.325000+00:00,-33.38190174000002,0.9834179571495001,-32.39848378285052
1,8922818221,dota2-xtreme-lgd-2026-07-31-game1,2026-07-31T17:51:24.199000+00:00,-45.09590000000004,2.2843421025,-42.811557897500045
1,8923579943,dota2-midas3-tr7-2026-08-01-game2,2026-08-01T07:02:32.143000+00:00,-67.83609999999996,1.5958286174999998,-66.24027138249996
1,8923790600,dota2-yes-vg-2026-08-01-game2,2026-08-01T10:14:11.317000+00:00,0.0,0.0,0.0
1,8924222714,dota2-l1ga-lgd-2026-08-01-game2,2026-08-01T15:02:43.462000+00:00,0.0,0.0,0.0
1,8924530036,dota2-rnx-xtreme-2026-08-01-game1,2026-08-01T18:06:50.164000+00:00,-2.4337818700000007,0.84803894073825,-1.5857429292617506
1,8925543582,dota2-yes-tr7-2026-08-02-game1,2026-08-02T10:44:16.945000+00:00,1.285599999999988,0.7862727749999999,2.071872774999988
1,8926232913,dota2-rnx-yb1-2026-08-02-game2,2026-08-02T16:42:19.665000+00:00,15.43589999999999,3.1020635624999997,18.53796356249999
1,8927063876,dota2-glyph-playti-2026-08-03-game2,2026-08-03T06:55:36.873000+00:00,66.45065822000002,2.615598341607,69.06625656160702
1,8927380776,dota2-xtreme-tr7-2026-08-03,2026-08-03T12:15:30.661000+00:00,26.295297400000017,2.6444596810650003,28.939757081065018
1,8927926397,dota2-re-lgd-2026-08-03-game1,2026-08-03T18:09:03.381000+00:00,-0.09716820000000181,0.26918079263999994,0.17201259263999813
1,8928953683,dota2-playti-tr7-2026-08-04-game2,2026-08-04T12:46:11.879000+00:00,-8.126307570000014,3.06496061031975,-5.0613469596802645
1,8930200713,dota2-tr7-re-2026-08-05-game1,2026-08-05T08:20:38.811000+00:00,-1.8519000000000005,0.6909901875,-1.1609098125000006
1,8930736914,dota2-playti-yb1-2026-08-05-game3,2026-08-05T15:09:49.519000+00:00,7.506697240000008,1.5707715125969999,9.077468752597008
1,8932085762,dota2-rearis-nh-2026-08-06-game2,2026-08-06T13:20:21.204000+00:00,-16.350206010000008,0.58731349461075,-15.762892515389257
1,8932523868,dota2-nh-lvlup1-2026-08-06,2026-08-06T17:36:18.454000+00:00,-0.25,0.09373125,-0.15626875
1,8933453728,dota2-nh-z10-2026-08-07-game2,2026-08-07T10:40:19.376000+00:00,-0.9419999999999984,0.13280355,-0.8091964499999984
1,8933988979,dota2-pr1-jenz-2026-08-07-game2,2026-08-07T16:29:38.697000+00:00,10.30593761999998,1.4426890276245,11.74862664762448
1,8937080738,dota2-pr1-yes-2026-08-09,2026-08-09T12:20:23.208000+00:00,62.51012125,3.9538055751562498,66.46392682515625
1,8937631882,dota2-ill-re-2026-08-09-game2,2026-08-09T17:12:21.447000+00:00,0.0,0.0,0.0
1,8938634026,dota2-pr1-mouz-2026-08-10,2026-08-10T11:15:54.851000+00:00,-24.02389999999994,1.9103227125,-22.11357728749994
1,8940117837,dota2-lvlup1-navi-2026-08-11-game2,2026-08-11T10:12:11.551000+00:00,-9.532044629999959,2.8177250424877496,-6.714319587512209
1,8940643574,dota2-yes-z10-2026-08-11-game1,2026-08-11T15:45:57.067000+00:00,16.876198700000025,1.2558356058075,18.132034305807526
1,8941817475,dota2-lvlup1-re-2026-08-12,2026-08-12T11:50:26.039000+00:00,12.173699999999993,0.5849023125,12.758602312499994
1,8962372120,dota2-ic-nemiga-2026-08-24-game1,2026-08-24T07:17:08.649000+00:00,0.0,0.0,0.0
1,8962964580,dota2-sb5-stx-2026-08-24-game1,2026-08-24T13:25:23.881000+00:00,1.2416661000000002,0.006518747025,1.2481848470250003
1,8964399842,dota2-pckcp-nemiga-2026-08-25-game1,2026-08-25T07:22:10.248000+00:00,0.1200000000000001,0.022347,0.1423470000000001
1,8964837315,dota2-fts-pckcp-2026-08-25-game2,2026-08-25T12:34:06.314000+00:00,9.393224400000022,1.2964431257399998,10.689667525740022
1,8965544741,dota2-rearis-spirit1-2026-08-25,2026-08-25T18:44:21.316000+00:00,-8.670800000000014,2.69475108,-5.976048920000014
1,8970207176,dota2-rearis-sb5-2026-08-28,2026-08-28T12:56:49.576000+00:00,11.547259000000032,0.8495541584999999,12.396813158500033
1,8970485789,dota2-dynast1-ic-2026-08-28-game2,2026-08-28T15:14:26.848000+00:00,-29.047462050000032,1.2762330380782498,-27.771229011921783
1,8971007454,dota2-ks-rearis-2026-08-28-game1,2026-08-28T20:11:41.712000+00:00,-45.09909959999999,1.95421115055,-43.14488844944999
1,8971501630,dota2-nexus-cres-2026-08-28,2026-08-29T04:51:09.441000+00:00,-96.51188925,1.9597743038062498,-94.55211494619374
1,8971753986,dota2-icecre-kineti-2026-08-29-game1,2026-08-29T08:38:12.829000+00:00,0.0,0.0,0.0
1,8971988345,dota2-sb5-lynx-2026-08-29-game1,2026-08-29T11:21:30.742000+00:00,-4.384284280000001,0.10097214795599999,-4.283312132044001
1,8972502454,dota2-huliga-lynx-2026-08-29-game2,2026-08-29T15:52:19.963000+00:00,23.840200000000003,1.495348725,25.335548725000002
1,8973011673,dota2-pi-lvlup1-2026-08-29,2026-08-29T20:33:12.059000+00:00,-13.364100999999968,2.2481517794999997,-11.115949220499967
1,8973462028,dota2-icecre-xctn-2026-08-30,2026-08-30T04:30:11.988000+00:00,-0.6174403600000424,1.8076136856209999,1.1901733256209575
1,8973707438,dota2-lynx-lvlup1-2026-08-30-game1,2026-08-30T08:16:36.050000+00:00,0.0,0.0,0.0
1,8974185539,dota2-navi-mouz-2026-08-30-game2,2026-08-30T13:08:29.090000+00:00,-23.60853399000001,1.58900270173425,-22.01953128826576
1,8975871235,dota2-synaps-lynx-2026-08-31-game1,2026-08-31T12:26:44.788000+00:00,-6.221608420000001,1.437561726102,-4.784046693898
1,8976441468,dota2-4iki-ic-2026-08-31-game2,2026-08-31T17:43:06.122000+00:00,2.9980000000000047,0.16112751,3.1591275100000047
1,8977325814,dota2-ks-pckcp-2026-09-01-game2,2026-09-01T10:26:27.059000+00:00,1.4024301199999627,0.7746380647619998,2.1770681847619624
1,8978023576,dota2-synaps-lvlup1-2026-09-01,2026-09-01T17:45:54.185000+00:00,-1.8493814400000161,0.635847039888,-1.213534400112016
1,8979131280,dota2-dynast1-pckcp-2026-09-02-game1,2026-09-02T13:56:13.878000+00:00,0.0,0.0,0.0
1,8980358113,dota2-z10-ks-2026-09-03-game2,2026-09-03T10:27:20.250000+00:00,-13.392398289999903,2.37183984032625,-11.020558449673654
2,8837869969,dota2-aur1-ty-2026-06-04-game1,2026-06-04T09:17:47.612000+00:00,37.08449999999999,2.4599399175,39.54443991749999
2,8838396820,dota2-lgd-ty-2026-06-04-game2,2026-06-04T16:48:28.531000+00:00,4.903197700000021,1.9946462169569998,6.8978439169570205
2,8839366504,dota2-lgd-liquid-2026-06-05-game2,2026-06-05T13:21:18.066000+00:00,-59.1686,2.56034289,-56.60825711
2,8840635639,dota2-ty-bb4-2026-06-06-game1,2026-06-06T10:47:49.658000+00:00,5.800799059999946,0.7953544628145,6.596153522814446
2,8841114801,dota2-aur1-lgd-2026-06-06-game2,2026-06-06T16:30:29.855000+00:00,30.359699999999982,1.9826319074999998,32.34233190749998
2,8842468101,dota2-ty-lgd-2026-06-07-game1,2026-06-07T14:21:40.854000+00:00,-35.03005523,1.36447772231025,-33.665577507689754
2,8843465364,dota2-4iki-nande4-2026-06-08-game1,2026-06-08T09:15:08.776000+00:00,0.7200000000000002,0.059202000000000005,0.7792020000000002
2,8844054970,dota2-z10-sb5-2026-06-08-game2,2026-06-08T17:08:41.204000+00:00,28.291600000000003,0.27915102,28.570751020000003
2,8850534819,dota2-ill-pr1-2026-06-13-game2,2026-06-13T17:10:42.502000+00:00,-0.8050532799999957,0.7076944911959999,-0.09735878880399573
2,8854443395,dota2-fla-spirit1-2026-06-16-game1,2026-06-16T16:31:44.570000+00:00,-3.84,0.18359999999999999,-3.6563999999999997
2,8885275216,dota2-re-xtreme-2026-07-07-game2,2026-07-07T11:16:11.813000+00:00,0.047100000000014575,0.8682830775,0.9153830775000146
2,8885470551,dota2-l1ga-ngx-2026-07-07-game2,2026-07-07T13:39:34.570000+00:00,20.744714999999943,0.772836976875,21.51755197687494
2,8885665054,dota2-nem-pari-2026-07-07-game1,2026-07-07T15:41:38.548000+00:00,21.706491000000014,0.357759173925,22.064250173925014
2,8885974297,dota2-ic-1win-2026-07-07-game2,2026-07-07T19:32:14.446000+00:00,0.0,0.0,0.0
2,8886638110,dota2-poorra-bb4-2026-07-08-game2,2026-07-08T10:36:00.005000+00:00,1.779999999999987,0.37368335999999996,2.1536833599999867
2,8886736772,dota2-liquid-lvlup1-2026-07-08-game1,2026-07-08T12:08:59.488000+00:00,3.4883999999999986,0.19037943000000002,3.6787794299999987
2,8886994890,dota2-ts8-nem-2026-07-08-game1,2026-07-08T14:59:11.781000+00:00,-0.09999999999999964,0.0196425,-0.08035749999999964
2,8887218598,dota2-lgd-og-2026-07-08-game1,2026-07-08T17:27:41.870000+00:00,0.2599999999999998,0.0334425,0.2934424999999998
2,8887337672,dota2-ty-ic-2026-07-08-game2,2026-07-08T19:01:29.872000+00:00,1.1905000000000001,0.2338439625,1.4243439625
2,8888056358,dota2-poorra-xtreme-2026-07-09-game2,2026-07-09T10:34:44.979000+00:00,-6.009399999999971,3.1940240099999997,-2.8153759899999713
2,8888173515,dota2-playti-lvlup1-2026-07-09-game1,2026-07-09T12:20:27.216000+00:00,12.447000000000017,0.285294555,12.732294555000017
2,8888318197,dota2-ngx-liquid-2026-07-09-game2,2026-07-09T14:04:08.888000+00:00,5.664099999999905,3.0966062325,8.760706232499906
2,8888555097,dota2-mouz-nem-2026-07-09-game2,2026-07-09T16:24:34.308000+00:00,-14.713500000000003,1.0406301674999998,-13.672869832500004
2,8888693655,dota2-vp-ty-2026-07-09-game1,2026-07-09T18:07:57.629000+00:00,0.0,0.18000576,0.18000576
2,8889452921,dota2-re-gl-2026-07-10-game1,2026-07-10T09:17:34.068000+00:00,45.893100000000004,1.2911066775,47.1842066775
2,8889538949,dota2-re-gl-2026-07-10-game2,2026-07-10T10:40:57.402000+00:00,-28.324599999999975,2.7028387049999996,-25.621761294999978
2,8889733840,dota2-aur1-playti-2026-07-10-game2,2026-07-10T13:14:22.837000+00:00,-38.82329999999999,1.3436858475,-37.47961415249999
2,8890008812,dota2-nem-vg-2026-07-10-game2,2026-07-10T15:49:04.827000+00:00,18.747499999999988,0.42663656250000004,19.17413656249999
2,8890270555,dota2-1win-og-2026-07-10-game2,2026-07-10T18:36:26.467000+00:00,0.0,0.0,0.0
2,8891108985,dota2-bb4-gl-2026-07-11-game1,2026-07-11T09:17:06.187000+00:00,4.411799999999985,0.467099325,4.878899324999986
2,8891325877,dota2-l1ga-lvlup1-2026-07-11-game1,2026-07-11T12:09:46.181000+00:00,-28.752601999999996,1.28593988625,-27.466662113749997
2,8891497910,dota2-aur1-liquid-2026-07-11-game2,2026-07-11T13:53:37.287000+00:00,17.92200000000001,0.454934625,18.37693462500001
2,8892836635,dota2-pari-ts8-2026-07-12-game1,2026-07-12T09:26:06.808000+00:00,-10.873199999999983,3.48031719,-7.392882809999983
2,8893070561,dota2-1win-ty-2026-07-12-game1,2026-07-12T12:14:45.162000+00:00,8.11277471999992,2.748317622888,10.861092342887918
2,8896139222,dota2-re-vp-2026-07-14-game1,2026-07-14T11:15:10.363000+00:00,2.789999999999999,1.04580375,3.8358037499999993
2,8896380183,dota2-re-vp-2026-07-14,2026-07-14T14:02:34.965000+00:00,-29.357100000000003,0.8861968425,-28.470903157500004
2,8897585705,dota2-aur1-re-2026-07-15-game1,2026-07-15T11:19:40.513000+00:00,-3.4397059199999944,0.452974966284,-2.9867309537159943
2,8897831774,dota2-ts8-liquid-2026-07-15,2026-07-15T14:13:24.528000+00:00,1.4210854715202004e-14,0.465007905,0.4650079050000142
2,8898084910,dota2-1win-vg-2026-07-15,2026-07-15T16:49:08.935000+00:00,-3.8229999999999933,2.58179619,-1.2412038099999934
2,8899307453,dota2-pari-re-2026-07-17-game1,2026-07-16T14:36:23.407000+00:00,4.528399999999991,0.34545474000000004,4.873854739999991
2,8900771154,dota2-ngx-bb4-2026-07-16-game1,2026-07-17T14:28:08.196000+00:00,2.7027999999999963,0.37987854,3.0826785399999963
2,8902338515,dota2-ty-pari-2026-07-18-game1,2026-07-18T14:06:38.308000+00:00,4.165599419999978,1.5609086977814999,5.726508117781478
2,8903789784,dota2-vg-ty-2026-07-19-game2,2026-07-19T11:31:19.185000+00:00,19.709600000000023,0.75904008,20.46864008000002
2,8904419709,dota2-bb4-pari-2026-07-19-game4,2026-07-19T18:05:14.511000+00:00,1.4966000000000115,1.061727015,2.5583270150000113
2,8905233934,dota2-lynx-pckcp-2026-07-20-game1,2026-07-20T11:15:17.947000+00:00,71.87255080000003,1.831661910264,73.70421271026403
2,8905741721,dota2-spirit1-jenz-2026-07-20-game1,2026-07-20T16:55:30.580000+00:00,10.40629999999993,1.8762048825,12.28250488249993
2,8906479441,dota2-nemiga-dan-2026-07-21-game1,2026-07-21T07:24:02.590000+00:00,28.419412370000032,1.0530062848522497,29.47241865485228
2,8906814740,dota2-pckcp-stx-2026-07-21,2026-07-21T12:50:32.182000+00:00,-10.044699999999978,1.3202331825,-8.724466817499977
2,8907236730,dota2-jenz-lynx-2026-07-21-game1,2026-07-21T17:22:36.365000+00:00,0.0,0.0,0.0
2,8907997366,dota2-ill-dan-2026-07-22-game2,2026-07-22T08:30:21.640000+00:00,10.124000000000006,0.55083732,10.674837320000005
2,8908612824,dota2-stx-spirit1-2026-07-22,2026-07-22T16:27:56.948000+00:00,2.2076970100000306,3.12504981438525,5.33274682438528
2,8909443684,dota2-dan-z10-2026-07-23-game2,2026-07-23T08:24:14.078000+00:00,6.521699999999981,0.8124407775,7.334140777499981
2,8910104556,dota2-jenz-kw1-2026-07-23-game2,2026-07-23T16:47:57.620000+00:00,-10.101800000000004,0.27488693999999997,-9.826913060000004
2,8910535715,dota2-lvlup1-aion-2026-07-23,2026-07-23T22:37:28.157000+00:00,0.09325208000000096,0.048141332208,0.14139341220800095
2,8911277378,dota2-kw1-stx-2026-07-24-game2,2026-07-24T13:08:23.857000+00:00,3.238693600000012,0.5943772779,3.833070877900012
2,8912123729,dota2-nemiga-lvlup1-2026-07-24-game2,2026-07-24T22:15:39.296000+00:00,0.0,0.0,0.0
2,8912831712,dota2-pckcp-jenz-2026-07-22-game2,2026-07-25T11:23:26.682000+00:00,0.12140000000000839,0.7313221050000001,0.8527221050000084
2,8913726962,dota2-lynx-kw1-2026-07-25-game2,2026-07-25T20:57:15.562000+00:00,-30.796599999999955,1.89593889,-28.900661109999955
2,8914637220,dota2-nemiga-ill-2026-07-26,2026-07-26T12:04:18.708000+00:00,19.117800000000003,0.40974592499999996,19.527545925000002
2,8915137972,dota2-kw1-rearis-2026-07-26-game2,2026-07-26T16:47:26.165000+00:00,0.3000000000000007,0.024412499999999993,0.3244125000000007
2,8916041863,dota2-lvlup1-pckcp-2026-07-27-game1,2026-07-27T09:21:33.291000+00:00,7.0397999999999925,0.195463785,7.235263784999993
2,8916474664,dota2-stx-nemiga-2026-07-27,2026-07-27T14:44:54.132000+00:00,-10.145899999999983,2.3956472025,-7.750252797499983
2,8917853656,dota2-nh-pckcp-2026-07-28-game2,2026-07-28T13:23:44.955000+00:00,-1.4149339200000384,0.9489310680359999,-0.46600285196403846
2,8919404744,dota2-rearis-z10-2026-07-29-game2,2026-07-29T13:48:28.368000+00:00,-19.237200739999977,1.7934538620585,-17.44374687794148
2,8920655724,dota2-pckcp-z10-2026-07-30-game2,2026-07-30T10:32:16.617000+00:00,0.0,0.0,0.0
2,8921281044,dota2-amaru-pr1-2026-07-30-game2,2026-07-30T17:34:28.519000+00:00,0.0,0.0,0.0
2,8922137329,dota2-vg-amaru-2026-07-31-game2,2026-07-31T09:48:16.177000+00:00,0.3000000000000007,0.0291825,0.3291825000000007
2,8922300474,dota2-enjoy-glyph-2026-07-31-game1,2026-07-31T12:14:29.331000+00:00,-6.8709999999999525,1.68760779,-5.183392209999953
2,8922552315,dota2-l1ga-rnx-2026-07-31,2026-07-31T14:55:23.609000+00:00,1.754400000000004,0.64303146,2.397431460000004
2,8922940920,dota2-xtreme-lgd-2026-07-31-game2,2026-07-31T19:09:48.720000+00:00,-38.347800500000005,2.6090888523749998,-35.738711647625
2,8923643650,dota2-midas3-tr7-2026-08-01,2026-08-01T08:08:01.087000+00:00,-5.263199999999998,0.9197442,-4.343455799999997
2,8923874259,dota2-re-playti-2026-08-01-game2,2026-08-01T11:26:12.956000+00:00,7.405899999999962,0.5700108675,7.9759108674999615
2,8924328537,dota2-glyph-z10-2026-08-01-game1,2026-08-01T15:59:42.950000+00:00,21.445599999999992,1.300734015,22.74633401499999
2,8924616191,dota2-rnx-xtreme-2026-08-01-game2,2026-08-01T19:06:22.446000+00:00,38.2103000000001,2.1676123874999997,40.3779123875001
2,8925703946,dota2-yes-tr7-2026-08-02-game2,2026-08-02T11:58:57.158000+00:00,0.0,0.0,0.0
2,8926381426,dota2-rnx-yb1-2026-08-02,2026-08-02T18:14:10.009000+00:00,1.6750000000000078,0.6392456249999999,2.314245625000008
2,8927132943,dota2-glyph-playti-2026-08-03,2026-08-03T08:27:35.152000+00:00,5.345455559999984,1.0653451589879999,6.410800718987984
2,8927539264,dota2-vg-yb1-2026-08-03-game1,2026-08-03T14:05:56.825000+00:00,129.90510000000006,1.4054967375,131.31059673750005
2,8928050264,dota2-re-lgd-2026-08-03-game2,2026-08-03T19:19:18.313000+00:00,-2.2475999999999914,0.713608155,-1.5339918449999914
2,8929124210,dota2-yb1-re-2026-08-04-game1,2026-08-04T14:38:55.576000+00:00,1.651756480000003,0.607615734648,2.2593722146480033
2,8930258778,dota2-tr7-re-2026-08-05-game2,2026-08-05T09:25:42.941000+00:00,3.1231999999998834,6.6807149400000005,9.803914939999885
2,8931781241,dota2-lvlup1-rearis-2026-08-06-game1,2026-08-06T09:28:03.156000+00:00,-5.626400449999998,0.09260131267125,-5.5337991373287485
2,8932181345,dota2-rearis-nh-2026-08-06,2026-08-06T14:22:22.478000+00:00,1.4210854715202004e-14,0.26596674,0.2659667400000142
2,8932657929,dota2-ill-pr1-2026-08-06-game1,2026-08-06T19:12:10.345000+00:00,-23.967100800000015,0.7603674053999999,-23.206733394600015
2,8933575351,dota2-ill-stx-2026-08-07-game1,2026-08-07T12:33:02.695000+00:00,-62.188199999999995,1.72595868,-60.46224132
2,8934184387,dota2-jenz-nemiga-2026-08-07-game1,2026-08-07T18:35:03.983000+00:00,0.0,0.0,0.0
2,8937188618,dota2-lvlup1-mouz-2026-08-09-game1,2026-08-09T13:17:49.636000+00:00,-40.39979999999997,2.305846005,-38.09395399499997
2,8937722788,dota2-z10-navi-2026-08-09-game1,2026-08-09T18:17:16.930000+00:00,-76.01870047999995,2.9458843998360003,-73.07281608016395
2,8938716198,dota2-ill-z10-2026-08-10-game1,2026-08-10T12:25:50.383000+00:00,-5.559657999999992,0.67344964815,-4.886208351849992
2,8940266495,dota2-mouz-re-2026-08-11-game1,2026-08-11T12:16:13.042000+00:00,59.26504127999999,1.4353887334920001,60.70043001349199
2,8940756672,dota2-yes-z10-2026-08-11-game2,2026-08-11T16:48:25.758000+00:00,-32.45617820000001,1.580584246395,-30.875593953605012
2,8942003788,dota2-navi-lvlup1-2026-08-12-game1,2026-08-12T13:42:36.457000+00:00,6.544800000000038,0.67781043,7.222610430000038
2,8962458373,dota2-ic-nemiga-2026-08-24-game2,2026-08-24T08:26:45.454000+00:00,3.968566040000013,0.7633575750089999,4.731923615009013
2,8963508714,dota2-rearis-lynx-2026-08-24-game2,2026-08-24T17:37:20.349000+00:00,6.75800000000001,2.891288175,9.64928817500001
2,8964480771,dota2-pckcp-nemiga-2026-08-25-game2,2026-08-25T08:31:41.723000+00:00,1.4174985600000412,3.672689492748,5.090188052748041
2,8964962329,dota2-ic-fts-2026-08-25-game1,2026-08-25T13:50:36.471000+00:00,48.10232767000011,0.8476418152987499,48.94996948529886
2,8969842778,dota2-pckcp-ic-2026-08-28-game2,2026-08-28T08:21:21.985000+00:00,7.803414380000049,1.9252793867609999,9.72869376676105
2,8970338180,dota2-synaps-nemiga-2026-08-28-game1,2026-08-28T14:09:13.367000+00:00,35.74019483000001,1.9160453447242498,37.65624017472426
2,8970575970,dota2-synaps-nemiga-2026-08-28,2026-08-28T16:02:11.965000+00:00,7.94939999999999,0.6330209699999999,8.58242096999999
2,8971016820,dota2-fts-nemiga-2026-08-28-game1,2026-08-28T20:17:43.711000+00:00,0.0,0.0,0.0
2,8971519375,dota2-nem-6seven-2026-08-29-game1,2026-08-29T05:14:15.579000+00:00,44.61390039999998,1.2781320650099999,45.892032465009976
2,8971849697,dota2-icecre-kineti-2026-08-29-game2,2026-08-29T09:43:14.699000+00:00,0.0,0.0,0.0
2,8972103119,dota2-sb5-lynx-2026-08-29-game2,2026-08-29T12:31:54.536000+00:00,-4.4761999999999915,0.257835225,-4.2183647749999915
2,8972611918,dota2-huliga-lynx-2026-08-29,2026-08-29T16:49:36.587000+00:00,-0.43089999999997985,2.2246620825,1.7937620825000202
2,8973010298,dota2-ks-spirit1-2026-08-29-game1,2026-08-29T20:38:42.759000+00:00,0.0,0.0,0.0
2,8973502629,dota2-clo-yb1-2026-08-30-game1,2026-08-30T05:13:07.837000+00:00,2.200000000000001,0.06519,2.265190000000001
2,8973859403,dota2-lynx-lvlup1-2026-08-30-game2,2026-08-30T09:56:31.353000+00:00,10.528099999999938,1.8031223775,12.331222377499937
2,8974647733,dota2-lvlup1-pr1-2026-08-30-game1,2026-08-30T17:09:16.077000+00:00,9.695631859999988,1.7698343713905,11.465466231390488
2,8976012755,dota2-synaps-lynx-2026-08-31-game2,2026-08-31T13:41:35.303000+00:00,-15.50660000000003,1.236279975,-14.27032002500003
2,8976511215,dota2-4iki-ic-2026-08-31,2026-08-31T18:29:54.020000+00:00,11.737099249999972,0.8287749944062499,12.56587424440622
2,8977476867,dota2-ic-lynx-2026-09-01-game1,2026-09-01T12:26:04.131000+00:00,17.19999999999999,0.8898900000000001,18.08988999999999
2,8978832148,dota2-pr1-ic-2026-09-02-game1,2026-09-02T09:52:32.767000+00:00,69.06325094999994,1.22573318716125,70.2889841371612
2,8979241530,dota2-dynast1-pckcp-2026-09-02-game2,2026-09-02T14:56:18.245000+00:00,11.28297374999994,0.8468833784062499,12.12985712840619
2,8980463789,dota2-pckcp-spirit1-2026-09-03-game1,2026-09-03T12:14:02.762000+00:00,5.2683999999999855,0.32551974000000006,5.593919739999985
2,8837957019,dota2-aur1-ty-2026-06-04-game2,2026-06-04T11:05:49.570000+00:00,-32.008299999999956,3.2303321025000002,-28.777967897499956
2,8838480778,dota2-lgd-ty-2026-06-04,2026-06-04T17:57:47.377000+00:00,-53.05290097999999,2.0720324729054997,-50.98086850709449
2,8839494962,dota2-flc-aur1-2026-06-05-game1,2026-06-05T14:52:18.684000+00:00,33.29060000000004,1.7173991249999998,35.00799912500004
2,8840704374,dota2-ty-bb4-2026-06-06-game2,2026-06-06T11:51:44.485000+00:00,-19.81340000000006,5.072737995,-14.740662005000058
2,8842052142,dota2-bb4-lgd-2026-06-07-game1,2026-06-07T09:18:04.694000+00:00,-25.528200740000045,1.7325037327245,-23.795697007275546
2,8842596730,dota2-ty-lgd-2026-06-07-game2,2026-06-07T15:49:20.066000+00:00,-9.78109999999998,0.8840449724999999,-8.897055027499981
2,8843512570,dota2-4iki-nande4-2026-06-08-game2,2026-06-08T10:09:45.609000+00:00,-2.336999999999989,0.441810225,-1.895189774999989
2,8844132483,dota2-vpp-z10-2026-06-08-game1,2026-06-08T18:23:01.210000+00:00,0.0,0.0,0.0
2,8850593633,dota2-ill-pr1-2026-06-13,2026-06-13T18:00:57.551000+00:00,0.0,0.0,0.0
2,8885183102,dota2-flc-bb4-2026-07-07-game1,2026-07-07T09:47:24.433000+00:00,-20.830062499999983,1.2277884253125,-19.602274074687482
2,8885365825,dota2-l1ga-ngx-2026-07-07-game1,2026-07-07T12:34:49.112000+00:00,0.0,0.0,0.0
2,8885473599,dota2-liquid-playti-2026-07-07-game2,2026-07-07T13:52:27.923000+00:00,-4.933669019999996,3.8932373629665,-1.0404316570334964
2,8885784652,dota2-ts8-mouz-2026-07-07-game2,2026-07-07T17:16:32.961000+00:00,-27.42989999999996,2.8925607975,-24.53733920249996
2,8886005043,dota2-ty-og-2026-07-07-game2,2026-07-07T20:03:05.981000+00:00,0.0,0.0,0.0
2,8886640910,dota2-flc-re-2026-07-08-game2,2026-07-08T10:39:41.623000+00:00,8.650333069999999,0.5527507017577499,9.203083771757749
2,8886788497,dota2-ngx-aur1-2026-07-08-game1,2026-07-08T12:47:30.744000+00:00,3.8289051400000105,0.2973746762745,4.1262798162745105
2,8887100676,dota2-vg-pari-2026-07-08-game1,2026-07-08T16:18:23.954000+00:00,1.2330239999999861,0.2639823363,1.4970063362999861
2,8887260104,dota2-ty-ic-2026-07-08-game1,2026-07-08T17:58:24.214000+00:00,0.0,0.0,0.0
2,8887432754,dota2-vp-1win-2026-07-08-game2,2026-07-08T20:20:02.742000+00:00,34.38820803999998,0.214972014951,34.60318005495098
2,8888066684,dota2-bb4-re-2026-07-09-game2,2026-07-09T10:43:25.275000+00:00,0.0,0.0,0.0
2,8888217771,dota2-ngx-liquid-2026-07-09-game1,2026-07-09T12:52:14.212000+00:00,4.6155000000000115,0.5135897624999999,5.129089762500011
2,8888405761,dota2-mouz-nem-2026-07-09-game1,2026-07-09T14:48:45.816000+00:00,0.0,0.0,0.0
2,8888554919,dota2-rnx-pari-2026-07-09-game2,2026-07-09T16:26:10.054000+00:00,0.0,0.0,0.0
2,8888731478,dota2-lgd-1win-2026-07-09-game1,2026-07-09T18:35:20.326000+00:00,7.241245909999998,0.60195747684825,7.8432033868482485
2,8889468264,dota2-xtreme-bb4-2026-07-10-game1,2026-07-10T09:26:30.741000+00:00,-27.296499999999924,1.9587406275,-25.337759372499924
2,8889615310,dota2-l1ga-liquid-2026-07-10-game1,2026-07-10T11:48:20.990000+00:00,3.7168342599999775,0.2824398549465,3.9992741149464774
2,8889871314,dota2-nem-vg-2026-07-10-game1,2026-07-10T14:27:52.631000+00:00,-2.2815999999999974,0.6807637799999999,-1.6008362199999975
2,8890036748,dota2-pari-mouz-2026-07-10-game2,2026-07-10T16:15:07.698000+00:00,0.0,0.0,0.0
2,8890268632,dota2-lgd-ty-2026-07-10-game2,2026-07-10T18:43:14.663000+00:00,3.4057999999999957,0.797488575,4.203288574999996
2,8891145641,dota2-xtreme-flc-2026-07-11-game1,2026-07-11T09:30:07.111000+00:00,0.0,0.0,0.0
2,8891349244,dota2-playti-ngx-2026-07-11-game1,2026-07-11T12:27:52.369000+00:00,12.138499999999993,3.0249908625,15.163490862499994
2,8891519142,dota2-playti-ngx-2026-07-11-game2,2026-07-11T14:08:43.754000+00:00,-45.983499999999964,2.3319221024999996,-43.65157789749996
2,8892923329,dota2-mouz-vg-2026-07-12-game2,2026-07-12T10:25:59.512000+00:00,-61.20460102000003,2.5516738167104998,-58.65292720328953
2,8893106015,dota2-og-vp-2026-07-12-game1,2026-07-12T12:36:42.440000+00:00,4.935599999999994,1.005826275,5.941426274999994
2,8896140998,dota2-liquid-xtreme-2026-07-14-game1,2026-07-14T11:24:31.795000+00:00,1.267498639999971,1.276976073318,2.544474713317971
2,8896486914,dota2-liquid-xtreme-2026-07-14,2026-07-14T15:13:00.049000+00:00,-3.6944000000000106,0.73189368,-2.962506320000011
2,8897588873,dota2-ts8-liquid-2026-07-15-game1,2026-07-15T11:25:30.473000+00:00,-48.35930047000001,3.05868582534975,-45.30061464465026
2,8897841991,dota2-1win-vg-2026-07-15-game1,2026-07-15T14:22:22.284000+00:00,0.0,0.34499965499999996,0.34499965499999996
2,8898117600,dota2-bb4-lgd-2026-07-15-game2,2026-07-15T17:15:52.403000+00:00,17.71757335000001,0.4152042819112499,18.13277763191126
2,8899420575,dota2-pari-re-2026-07-17-game2,2026-07-16T15:46:28.167000+00:00,-8.68840000000003,0.6225206999999999,-8.06587930000003
2,8900882416,dota2-ngx-bb4-2026-07-16-game2,2026-07-17T15:33:10.588000+00:00,0.0,0.0,0.0
2,8902431810,dota2-ty-pari-2026-07-18-game2,2026-07-18T15:09:37.865000+00:00,26.961399999999998,2.935092915,29.896492914999996
2,8904012666,dota2-bb4-pari-2026-07-19-game1,2026-07-19T13:57:51.853000+00:00,34.776799999999994,0.6774159,35.454215899999994
2,8905035315,dota2-stx-lynx-2026-07-20-game1,2026-07-20T07:25:19.610000+00:00,0.0,0.0,0.0
2,8905359313,dota2-lynx-pckcp-2026-07-20-game2,2026-07-20T12:49:30.119000+00:00,-10.207081860000024,1.133007262482,-9.074074597518024
2,8905885788,dota2-spirit1-jenz-2026-07-20-game2,2026-07-20T18:35:45.253000+00:00,3.278500000000003,0.08648768249999998,3.364987682500003
2,8906547471,dota2-nemiga-dan-2026-07-21-game2,2026-07-21T08:48:51.736000+00:00,10.906399999999994,0.4926051,11.399005099999995
2,8906911697,dota2-lynx-spirit1-2026-07-21-game1,2026-07-21T14:01:22.509000+00:00,-0.1299999999999999,0.04616625,-0.0838337499999999
2,8907319204,dota2-jenz-lynx-2026-07-21-game2,2026-07-21T18:19:16.673000+00:00,-42.231455949999955,0.8316311679337499,-41.399824782066204
2,8908178087,dota2-nemiga-aion-2026-07-22-game2,2026-07-22T11:35:02.272000+00:00,-0.3199999999999994,0.01842,-0.3015799999999994
2,8908710300,dota2-z10-lvlup1-2026-07-22-game1,2026-07-22T17:40:32.974000+00:00,-19.560200000000023,2.03801622,-17.522183780000024
2,8909498494,dota2-dan-z10-2026-07-23,2026-07-23T09:35:42.112000+00:00,-1.8779999999999966,0.13052601,-1.7474739899999965
2,8910216725,dota2-jenz-kw1-2026-07-23,2026-07-23T18:09:02.529000+00:00,0.7518000000000109,0.565721955,1.3175219550000108
2,8910589445,dota2-nemiga-ill-2026-07-23-game1,2026-07-23T23:33:41.369000+00:00,3.7866000000000017,1.48355481,5.270154810000002
2,8911784562,dota2-z10-ill-2026-07-24-game1,2026-07-24T18:00:21.302000+00:00,-28.56689999999999,1.0451191275,-27.52178087249999
2,8912551235,dota2-ill-aion-2026-07-25-game1,2026-07-25T07:19:52.253000+00:00,0.0,0.0,0.0
2,8912974141,dota2-pckcp-jenz-2026-07-22,2026-07-25T13:02:19.241000+00:00,-14.294327710000061,2.31913320235275,-11.975194507647311
2,8913824141,dota2-lynx-kw1-2026-07-25,2026-07-25T22:21:39.642000+00:00,19.791999999999945,4.72315512,24.515155119999946
2,8914749408,dota2-rearis-pckcp-2026-07-26-game1,2026-07-26T13:19:34.036000+00:00,8.108400000000003,0.35717501999999995,8.465575020000003
2,8915271266,dota2-jenz-stx-2026-07-26-game1,2026-07-26T18:26:53.337000+00:00,6.687899999999999,0.2589889275,6.946888927499999
2,8916102349,dota2-lvlup1-pckcp-2026-07-27-game2,2026-07-27T10:12:46.876000+00:00,-4.0,0.45388874999999995,-3.54611125
2,8917611319,dota2-pr1-nemiga-2026-07-28-game2,2026-07-28T10:17:02.190000+00:00,18.36850000000001,0.5025637125,18.87106371250001
2,8918052500,dota2-pckcp-kw1-2026-07-28-game1,2026-07-28T15:24:46.769000+00:00,7.143000000000001,0.425901375,7.568901375000001
2,8919546613,dota2-amaru-nemiga-2026-07-29-game1,2026-07-29T15:15:30.082000+00:00,0.0,0.0,0.0
2,8920897425,dota2-lvlup1-z10-2026-07-30-game2,2026-07-30T13:37:44.606000+00:00,-59.49339999999998,2.616069855,-56.87733014499998
2,8921949036,dota2-re-midas3-2026-07-31-game1,2026-07-31T06:23:42.906000+00:00,-2.297999999999991,0.6676976250000001,-1.630302374999991
2,8922133239,dota2-tr7-playti-2026-07-31-game1,2026-07-31T09:57:34.446000+00:00,-6.218583700000011,1.6006753572375,-4.617908342762511
2,8922339160,dota2-l1ga-rnx-2026-07-31-game1,2026-07-31T12:44:09.822000+00:00,5.489448419999981,3.1250493124770005,8.61449773247698
2,8922602122,dota2-yb1-z10-2026-07-31-game1,2026-07-31T15:28:08.646000+00:00,-1.6392999999999915,0.5875661025000001,-1.0517338974999915
2,8923040358,dota2-xtreme-lgd-2026-07-31,2026-07-31T20:28:40.570000+00:00,-4.108700000000027,1.3341445275,-2.7745554725000274
2,8923704450,dota2-yes-vg-2026-08-01-game1,2026-08-01T09:01:56.739000+00:00,2.346900000000005,0.7237880775,3.070688077500005
2,8923899787,dota2-enjoy-yb1-2026-08-01-game1,2026-08-01T11:45:49.553000+00:00,-19.999399999999994,0.424579185,-19.574820814999995
2,8924367779,dota2-l1ga-lgd-2026-08-01,2026-08-01T16:23:12.450000+00:00,-14.964277859999982,0.31452920883900004,-14.649748651160982
2,8925210898,dota2-playti-xctn-2026-08-02-game1,2026-08-02T05:28:20.542000+00:00,0.0,0.0,0.0
2,8925847726,dota2-yes-tr7-2026-08-02,2026-08-02T13:17:43.701000+00:00,87.3243,1.6907999175,89.0150999175
2,8926523280,dota2-z10-lgd-2026-08-02-game1,2026-08-02T19:59:32.068000+00:00,0.0,0.0,0.0
2,8927207054,dota2-xtreme-tr7-2026-08-03-game1,2026-08-03T10:00:05.212000+00:00,16.61250000000001,1.4650229925,18.07752299250001
2,8927660975,dota2-vg-yb1-2026-08-03-game2,2026-08-03T15:05:20.968000+00:00,12.02569825000002,1.67202445843125,13.69772270843127
2,8928163118,dota2-re-lgd-2026-08-03,2026-08-03T20:43:38.722000+00:00,-18.0955,1.1752259624999999,-16.9202740375
2,8929276426,dota2-yb1-re-2026-08-04-game2,2026-08-04T15:54:25.550000+00:00,6.818351030000059,1.56744780158775,8.38579883158781
2,8930398938,dota2-playti-yb1-2026-08-05-game1,2026-08-05T12:24:04.133000+00:00,15.48169999999999,2.9047765125,18.38647651249999
2,8931852727,dota2-lvlup1-rearis-2026-08-06-game2,2026-08-06T10:30:33.624000+00:00,-3.129048759999989,0.560627780391,-2.568420979608989
2,8932318084,dota2-nh-lvlup1-2026-08-06-game1,2026-08-06T15:34:15.395000+00:00,-1.5399999999999991,0.1734915,-1.3665084999999992
2,8932835800,dota2-ill-pr1-2026-08-06,2026-08-06T21:22:55.783000+00:00,-8.880899999999983,1.3600656375,-7.520834362499983
2,8933704579,dota2-ill-stx-2026-08-07-game2,2026-08-07T13:44:43.178000+00:00,-7.352400000000003,0.68708178,-6.665318220000003
2,8934279386,dota2-jenz-nemiga-2026-08-07-game2,2026-08-07T19:33:30.612000+00:00,0.0,0.0,0.0
2,8937335830,dota2-lvlup1-mouz-2026-08-09-game2,2026-08-09T14:27:35.299000+00:00,-5.281399999999977,1.4851368599999997,-3.7962631399999767
2,8938509987,dota2-pr1-mouz-2026-08-10-game1,2026-08-10T09:24:47.767000+00:00,-1.2000000000000028,0.108675,-1.0913250000000028
2,8939023869,dota2-yes-lvlup1-2026-08-10-game1,2026-08-10T15:24:37.289000+00:00,10.000200000000007,0.58051161,10.580711610000007
2,8940365227,dota2-mouz-re-2026-08-11-game2,2026-08-11T13:12:04.281000+00:00,-7.0434999999999945,2.0083615275,-5.035138472499995
2,8941656460,dota2-lvlup1-re-2026-08-12-game1,2026-08-12T09:19:34.658000+00:00,9.599300000000014,1.0031229524999998,10.602422952500014
2,8942152024,dota2-navi-lvlup1-2026-08-12-game2,2026-08-12T14:50:30.897000+00:00,2.0425432199999918,0.260723060337,2.3032662803369917
2,8962592819,dota2-ks-lynx-2026-08-24-game1,2026-08-24T10:19:27.562000+00:00,-16.0792,0.8988921,-15.1803079
2,8963649188,dota2-dynast1-fts-2026-08-24-game1,2026-08-24T19:15:00.848000+00:00,55.67810000000003,0.6838743825,56.36197438250003
2,8964574076,dota2-pckcp-nemiga-2026-08-25,2026-08-25T09:52:05.670000+00:00,-0.03999999999999737,0.7660349999999999,0.7260350000000025
2,8965097316,dota2-ic-fts-2026-08-25-game2,2026-08-25T14:41:01.046000+00:00,-0.8026669699999989,1.0085565018427498,0.20588953184275094
2,8969978865,dota2-rearis-sb5-2026-08-28-game1,2026-08-28T10:27:01.322000+00:00,-6.640100779999992,0.27169782551099997,-6.368402954488992
2,8970352005,dota2-dynast1-ic-2026-08-28-game1,2026-08-28T14:10:35.964000+00:00,0.3828577000000024,0.086137839255,0.4689955392550024
2,8970655100,dota2-dynast1-ic-2026-08-28,2026-08-28T16:43:34.585000+00:00,1.0,0.07150499999999999,1.071505
2,8971111987,dota2-ks-rearis-2026-08-28-game2,2026-08-28T21:24:47.695000+00:00,-1.4110161999999944,0.303266758275,-1.1077494417249945
2,8971586781,dota2-nem-6seven-2026-08-29-game2,2026-08-29T06:13:46.689000+00:00,-5.666700000000006,0.5242334624999999,-5.142466537500006
2,8971891627,dota2-dynast1-nemiga-2026-08-29-game1,2026-08-29T10:17:49.464000+00:00,0.0,0.46500790500000005,0.46500790500000005
2,8972115962,dota2-mouz-yes-2026-08-29-game2,2026-08-29T12:36:59.931000+00:00,-3.381200000000007,1.3220023499999998,-2.059197650000007
2,8972773416,dota2-pi-lvlup1-2026-08-29-game1,2026-08-29T18:17:23.637000+00:00,-42.33647265999994,1.4640116649255,-40.87246099507444
2,8973337131,dota2-icecre-xctn-2026-08-30-game1,2026-08-30T02:14:49.254000+00:00,0.0,0.0,0.0
2,8973568453,dota2-clo-yb1-2026-08-30-game2,2026-08-30T06:12:50.377000+00:00,0.15268528999999909,0.04962644358224999,0.20231173358224908
2,8973884000,dota2-nem-xctn-2026-08-30-game2,2026-08-30T10:12:32.710000+00:00,9.322974399999993,0.5491218367199999,9.872096236719992
2,8974898633,dota2-lvlup1-pr1-2026-08-30,2026-08-30T19:25:58.777000+00:00,-10.19289999999998,2.7169642575,-7.47593574249998
2,8976166971,dota2-synaps-lynx-2026-08-31,2026-08-31T15:09:07.826000+00:00,12.168915029999994,1.72201041061725,13.890925440617243
2,8976665322,dota2-spirit1-pi-2026-08-31-game1,2026-08-31T20:26:57.494000+00:00,-3.035406449999968,2.33090963806875,-0.704496811931218
2,8977623650,dota2-ic-lynx-2026-09-01-game2,2026-09-01T13:53:28.128000+00:00,5.014399999999984,1.8067858650000002,6.821185864999984
2,8978916284,dota2-pr1-ic-2026-09-02-game2,2026-09-02T11:19:11.539000+00:00,0.0,0.0,0.0
2,8979344496,dota2-synaps-4iki-2026-09-02-game1,2026-09-02T15:59:27.587000+00:00,-15.156699999999972,3.2759970975000003,-11.880702902499973
2,8980769413,dota2-pi-dynast1-2026-09-03-game1,2026-09-03T15:17:23.998000+00:00,14.800000000000011,0.307515,15.107515000000012
2,8838056564,dota2-flc-liquid-2026-06-04-game1,2026-06-04T12:43:48.535000+00:00,2.432100000000002,1.6292810775,4.061381077500002
2,8839123109,dota2-flc-bb4-2026-06-05-game1,2026-06-05T09:16:39.267000+00:00,1.3157999999999959,0.35477257500000003,1.670572574999996
2,8839625815,dota2-flc-aur1-2026-06-05-game2,2026-06-05T16:13:53.150000+00:00,9.582237759999998,1.126931595588,10.709169355587997
2,8840821227,dota2-ty-bb4-2026-06-06,2026-06-06T13:12:37.368000+00:00,38.252099209999926,3.0601187305447497,41.31221794054468
2,8842134886,dota2-bb4-lgd-2026-06-07-game2,2026-06-07T10:28:41.168000+00:00,12.484561309999975,3.7649990128102497,16.249560322810225
2,8842722527,dota2-ty-lgd-2026-06-07-game3,2026-06-07T17:12:22.566000+00:00,54.80129999999997,2.2040911574999997,57.00539115749997
2,8843560379,dota2-4iki-nande4-2026-06-08,2026-06-08T11:10:54.138000+00:00,-13.625700729999977,1.28544812025525,-12.340252609744727
2,8844244719,dota2-vpp-z10-2026-06-08-game2,2026-06-08T19:45:42.908000+00:00,15.316000000000003,0.3890205,15.705020500000003
2,8851984783,dota2-4iki-pr1-2026-06-14-game2,2026-06-14T16:46:25.798000+00:00,-6.797800000000009,0.797172345,-6.0006276550000095
2,8885195986,dota2-re-xtreme-2026-07-07-game1,2026-07-07T09:55:03.037000+00:00,6.111297039999977,0.5119206207239999,6.623217660723977
2,8885380529,dota2-liquid-playti-2026-07-07-game1,2026-07-07T12:43:07.045000+00:00,-4.5154,0.8408803650000001,-3.6745196349999993
2,8885529711,dota2-lvlup1-aur1-2026-07-07-game2,2026-07-07T14:23:52.590000+00:00,5.434999999999988,0.083726175,5.518726174999988
2,8885871759,dota2-ic-1win-2026-07-07-game1,2026-07-07T18:31:07.999000+00:00,0.0,0.0,0.0
2,8886576019,dota2-poorra-bb4-2026-07-08-game1,2026-07-08T09:20:01.472000+00:00,-10.0,0.33899999999999997,-9.661
2,8886641793,dota2-gl-xtreme-2026-07-08-game2,2026-07-08T10:45:04.782000+00:00,-78.73730000000003,4.6931937225,-74.04410627750003
2,8886815251,dota2-l1ga-playti-2026-07-08-game2,2026-07-08T13:04:20.712000+00:00,12.500100000000018,0.3703154624999999,12.870415462500018
2,8887114313,dota2-ts8-nem-2026-07-08-game2,2026-07-08T16:15:19.583000+00:00,0.0,0.0,0.0
2,8887314193,dota2-lgd-og-2026-07-08-game2,2026-07-08T18:40:30.736000+00:00,-16.46149999999996,1.2420711075,-15.219428892499959
2,8887986392,dota2-poorra-xtreme-2026-07-09-game1,2026-07-09T09:21:30.237000+00:00,0.0,0.0,0.0
2,8888083694,dota2-gl-flc-2026-07-09-game2,2026-07-09T11:11:32.224000+00:00,-2.3055329999999827,1.672615963125,-0.6329170368749828
2,8888260336,dota2-l1ga-aur1-2026-07-09-game2,2026-07-09T13:20:05.771000+00:00,-17.63039999999998,0.38376846,-17.24663153999998
2,8888425887,dota2-rnx-pari-2026-07-09-game1,2026-07-09T15:02:02.148000+00:00,-2.2179999999999964,0.16259609999999997,-2.0554038999999964
2,8888592426,dota2-vg-ts8-2026-07-09-game2,2026-07-09T16:59:54.115000+00:00,-4.239699999999999,0.45881496749999995,-3.780885032499999
2,8888771711,dota2-og-ic-2026-07-09-game2,2026-07-09T19:04:50.495000+00:00,0.0,0.0,0.0
2,8889513730,dota2-poorra-flc-2026-07-10-game2,2026-07-10T10:17:36.842000+00:00,0.0,0.22500562500000001,0.22500562500000001
2,8889621582,dota2-aur1-playti-2026-07-10-game1,2026-07-10T11:57:42.116000+00:00,-20.634900000000002,0.5751184725,-20.0597815275
2,8889914618,dota2-pari-mouz-2026-07-10-game1,2026-07-10T14:59:49.254000+00:00,-6.8964,0.54516168,-6.35123832
2,8890074597,dota2-rnx-ts8-2026-07-10-game2,2026-07-10T16:28:42.555000+00:00,0.0,0.0,0.0
2,8890301402,dota2-ic-vp-2026-07-10-game2,2026-07-10T18:52:09.717000+00:00,0.0,0.0,0.0
2,8891217710,dota2-poorra-re-2026-07-11-game2,2026-07-11T10:44:50.172000+00:00,-56.9217007,2.0781442701375,-54.8435564298625
2,8891371442,dota2-aur1-liquid-2026-07-11-game1,2026-07-11T12:43:19.319000+00:00,1.2600000000000051,0.44292149999999997,1.702921500000005
2,8892829232,dota2-mouz-vg-2026-07-12-game1,2026-07-12T09:15:57.248000+00:00,-117.09413232,1.9060475564519999,-115.188084763548
2,8892914077,dota2-pari-ts8-2026-07-12-game2,2026-07-12T10:31:28.406000+00:00,-4.9874118000000465,1.5143646548699998,-3.473047145130047
2,8893165071,dota2-1win-ty-2026-07-12-game2,2026-07-12T13:18:20.777000+00:00,-40.036537839999994,1.875365056428,-38.16117278357199
2,8896234088,dota2-re-vp-2026-07-14-game2,2026-07-14T12:30:48.003000+00:00,-0.1900000000000004,0.06525075,-0.1247492500000004
2,8896645659,dota2-lgd-mouz-2026-07-14-game1,2026-07-14T16:55:49.823000+00:00,0.1612,0.022656660000000002,0.18385666
2,8897695379,dota2-aur1-re-2026-07-15-game2,2026-07-15T12:41:48.340000+00:00,-2.2988,0.20740923,-2.09139077
2,8897971312,dota2-1win-vg-2026-07-15-game2,2026-07-15T15:33:39.656000+00:00,-2.3118999999999943,0.44679491250000003,-1.8651050874999942
2,8899028080,dota2-ty-ts8-2026-07-17-game1,2026-07-16T11:25:22.617000+00:00,-7.69250000000001,0.5394365624999999,-7.15306343750001
2,8900508749,dota2-flc-vg-2026-07-16-game1,2026-07-17T11:21:46.405000+00:00,1.4085000000000036,0.4304728125,1.8389728125000038
2,8902107148,dota2-bb4-vg-2026-07-18-game1,2026-07-18T11:22:02.020000+00:00,1.75,0.06283125,1.81283125
2,8902610619,dota2-ty-pari-2026-07-18,2026-07-18T16:48:06.686000+00:00,52.53874900000005,4.05759182055,56.596340820550054
2,8904157676,dota2-bb4-pari-2026-07-19-game2,2026-07-19T15:17:11.337000+00:00,-20.75060000000002,1.717238625,-19.03336137500002
2,8905093611,dota2-stx-lynx-2026-07-20-game2,2026-07-20T08:36:36.644000+00:00,34.46687964999999,1.27146125031225,35.73834090031224
2,8905490238,dota2-z10-nemiga-2026-07-20-game1,2026-07-20T14:13:02.081000+00:00,-26.531799420000006,0.531285102477,-26.000514317523006
2,8905975768,dota2-lvlup1-ill-2026-07-20-game1,2026-07-20T19:45:16.612000+00:00,2.531758400000008,0.6882027772199999,3.219961177220008
2,8906626852,dota2-pckcp-stx-2026-07-21-game1,2026-07-21T10:17:03.931000+00:00,-7.641200000000026,0.8949540749999999,-6.746245925000026
2,8907021823,dota2-lynx-spirit1-2026-07-21-game2,2026-07-21T14:54:33.550000+00:00,-9.145000000000003,0.746827125,-8.398172875000004
2,8907510684,dota2-z10-aion-2026-07-21-game2,2026-07-21T20:45:41.820000+00:00,0.0,0.0,0.0
2,8908313996,dota2-stx-spirit1-2026-07-22-game1,2026-07-22T13:26:43.307000+00:00,-0.7704624800000026,0.117676450386,-0.6527860296140027
2,8908926344,dota2-z10-lvlup1-2026-07-22,2026-07-22T20:21:42.790000+00:00,24.990538079999993,1.403394328884,26.393932408883995
2,8909658828,dota2-spirit1-pckcp-2026-07-23-game2,2026-07-23T11:56:35.158000+00:00,-7.876600800000006,1.08550420176,-6.7910965982400056
2,8910344715,dota2-lvlup1-aion-2026-07-23-game1,2026-07-23T19:45:58.831000+00:00,0.0,0.0,0.0
2,8910670427,dota2-nemiga-ill-2026-07-23,2026-07-24T01:26:47.762000+00:00,-4.4195999999999955,3.35127195,-1.0683280499999954
2,8911916389,dota2-z10-ill-2026-07-24-game2,2026-07-24T19:32:36.981000+00:00,0.0,0.0,0.0
2,8912622476,dota2-ill-aion-2026-07-25-game2,2026-07-25T08:27:06.996000+00:00,13.501461160000034,0.39729219345299993,13.898753353453033
2,8913307206,dota2-kw1-pckcp-2026-07-25-game1,2026-07-25T16:28:48.834000+00:00,0.0,0.0,0.0
2,8914414410,dota2-nemiga-ill-2026-07-26-game1,2026-07-26T09:26:59.644000+00:00,-27.3567556,0.5134838544,-26.8432717456
2,8914885598,dota2-rearis-pckcp-2026-07-26-game2,2026-07-26T14:24:02.001000+00:00,50.89150000000001,0.3081393375,51.19963933750001
2,8915390117,dota2-jenz-stx-2026-07-26-game2,2026-07-26T19:37:39.362000+00:00,0.5386000000000024,0.07957815,0.6181781500000024
2,8916245727,dota2-stx-nemiga-2026-07-27-game1,2026-07-27T12:25:46.061000+00:00,4.4334000000000096,1.2618759,5.695275900000009
2,8917675823,dota2-pr1-nemiga-2026-07-28,2026-07-28T11:19:25.327000+00:00,29.674900000000008,0.5151739575,30.190073957500008
2,8918176547,dota2-pckcp-kw1-2026-07-28-game2,2026-07-28T16:37:04.197000+00:00,0.0,0.0,0.0
2,8919685210,dota2-amaru-nemiga-2026-07-29-game2,2026-07-29T16:34:50.427000+00:00,-54.47122928999993,2.0698252698172497,-52.40140402018268
2,8921002620,dota2-lvlup1-z10-2026-07-30,2026-07-30T14:47:46.063000+00:00,21.099700000000013,1.3794017925,22.479101792500014
2,8922016200,dota2-re-midas3-2026-07-31-game2,2026-07-31T07:39:14.850000+00:00,0.0,0.600012,0.600012
2,8922186876,dota2-vg-amaru-2026-07-31,2026-07-31T10:40:33.810000+00:00,5.128399999999985,0.33239574000000005,5.460795739999985
2,8922400300,dota2-enjoy-glyph-2026-07-31-game2,2026-07-31T13:24:39.311000+00:00,0.0,0.8099951400000001,0.8099951400000001
2,8922722577,dota2-yb1-z10-2026-07-31-game2,2026-07-31T16:35:25.057000+00:00,-10.323700000000002,1.0644575775,-9.259242422500002
2,8923506996,dota2-midas3-tr7-2026-08-01-game1,2026-08-01T05:43:01.223000+00:00,-0.15149999999999952,0.0547558875,-0.09674411249999952
2,8923780137,dota2-re-playti-2026-08-01-game1,2026-08-01T10:09:39.721000+00:00,0.0,0.0,0.0
2,8924057168,dota2-l1ga-lgd-2026-08-01-game1,2026-08-01T13:34:16.709000+00:00,0.0,0.0,0.0
2,8924468754,dota2-glyph-z10-2026-08-01-game2,2026-08-01T17:25:49.795000+00:00,11.622098879999982,1.590635202648,13.212734082647982
2,8925308090,dota2-playti-xctn-2026-08-02-game2,2026-08-02T07:03:47.891000+00:00,-0.15999999999999837,0.4804118399999999,0.32041184000000156
2,8926022375,dota2-rnx-yb1-2026-08-02-game1,2026-08-02T15:09:53.856000+00:00,46.372381680000004,2.312973239544,48.685354919544004
2,8926636219,dota2-z10-lgd-2026-08-02-game2,2026-08-02T21:07:31.416000+00:00,0.0,0.0,0.0
2,8927288399,dota2-xtreme-tr7-2026-08-03-game2,2026-08-03T11:00:48.642000+00:00,2.281000000000006,1.30759875,3.588598750000006
2,8927760296,dota2-vg-yb1-2026-08-03,2026-08-03T16:18:19.713000+00:00,56.49170000000004,2.9145021824999997,59.40620218250004
2,8928851109,dota2-playti-tr7-2026-08-04-game1,2026-08-04T11:30:07.829000+00:00,0.33999999999999986,0.059414999999999996,0.39941499999999985
2,8929365099,dota2-yb1-re-2026-08-04,2026-08-04T16:51:08.308000+00:00,22.105718200000126,3.0806744453999997,25.186392645400126
2,8930615242,dota2-playti-yb1-2026-08-05-game2,2026-08-05T14:02:56.166000+00:00,89.643,0.886708005,90.529708005
2,8931981851,dota2-rearis-nh-2026-08-06-game1,2026-08-06T12:26:15.226000+00:00,0.0,0.0,0.0
2,8932413808,dota2-nh-lvlup1-2026-08-06-game2,2026-08-06T16:23:29.211000+00:00,-0.0799999999999983,0.1097718,0.029771800000001708
2,8933374169,dota2-nh-z10-2026-08-07-game1,2026-08-07T09:29:47.916000+00:00,-7.518000000000001,0.10576215,-7.41223785
2,8933879286,dota2-pr1-jenz-2026-08-07-game1,2026-08-07T15:25:51.002000+00:00,-182.4935,2.9648123625,-179.5286876375
2,8936825643,dota2-pr1-yes-2026-08-09-game1,2026-08-09T09:22:32.992000+00:00,-2.0047187100000023,1.04866277587875,-0.9560559341212524
2,8937484593,dota2-ill-re-2026-08-09-game1,2026-08-09T15:55:00.679000+00:00,-6.863399999999999,0.39953384999999997,-6.4638661499999985
2,8938565057,dota2-pr1-mouz-2026-08-10-game2,2026-08-10T10:12:07.159000+00:00,-1.207516059999957,1.4434329151604999,0.23591685516054284
2,8940059913,dota2-lvlup1-navi-2026-08-11-game1,2026-08-11T09:16:02.605000+00:00,7.792199999999994,0.309934755,8.102134754999994
2,8940487898,dota2-mouz-re-2026-08-11,2026-08-11T14:25:06.999000+00:00,6.32945897999997,2.662432000863,8.99189098086297
2,8941733752,dota2-lvlup1-re-2026-08-12-game2,2026-08-12T10:35:42.245000+00:00,-12.733800000000002,3.72131937,-9.012480630000002
2,8942262723,dota2-navi-lvlup1-2026-08-12-game3,2026-08-12T15:53:47.795000+00:00,7.44233904,0.21306391654800003,7.655402956548
2,8962736746,dota2-ks-lynx-2026-08-24-game2,2026-08-24T11:33:18.452000+00:00,44.114741599999974,1.614599974962,45.72934157496197
2,8963790789,dota2-dynast1-fts-2026-08-24-game2,2026-08-24T20:20:45.642000+00:00,0.0,0.0,0.0
2,8964657335,dota2-fts-pckcp-2026-08-25-game1,2026-08-25T10:52:11.864000+00:00,-6.592998960000003,0.38595374524199993,-6.207045214758002
2,8964938940,dota2-rearis-spirit1-2026-08-25-game1,2026-08-25T16:23:39.394000+00:00,2.518023040000005,0.460853006688,2.978876046688005
2,8970089224,dota2-rearis-sb5-2026-08-28-game2,2026-08-28T11:41:09.553000+00:00,2.5,0.288375,2.788375
2,8970470057,dota2-synaps-nemiga-2026-08-28-game2,2026-08-28T15:09:53.245000+00:00,133.58961988000007,1.502080625139,135.09170050513907
2,8970886632,dota2-dynast1-pckcp-2026-08-28-game2,2026-08-28T18:51:22.084000+00:00,-15.90859100000003,1.692157580625,-14.21643341937503
2,8971423978,dota2-db2-satan-2026-08-28-game2,2026-08-29T03:20:55.120000+00:00,0.0,0.0,0.0
2,8971664649,dota2-nem-6seven-2026-08-29,2026-08-29T07:24:10.704000+00:00,0.40235807999999906,0.253489222062,0.655847302061999
2,8971964803,dota2-mouz-yes-2026-08-29-game1,2026-08-29T11:13:49.271000+00:00,-34.89704860000006,2.718370381854,-32.17867821814606
2,8972289868,dota2-huliga-lynx-2026-08-29-game1,2026-08-29T14:15:10.550000+00:00,-27.193577340000047,2.231975963571,-24.961601376429048
2,8972893200,dota2-pi-lvlup1-2026-08-29-game2,2026-08-29T19:20:53.860000+00:00,0.0,0.0,0.0
2,8973405568,dota2-icecre-xctn-2026-08-30-game2,2026-08-30T03:19:55.483000+00:00,8.79835082999999,1.0035338056312502,9.80188463563124
2,8973613420,dota2-clo-yb1-2026-08-30,2026-08-30T07:04:46.677000+00:00,32.364033130000024,1.15456038973575,33.518593519735774
2,8973944033,dota2-lynx-lvlup1-2026-08-30,2026-08-30T10:50:43.696000+00:00,-18.456300000000045,2.1957672974999998,-16.260532702500043
2,8975110449,dota2-dynast1-ks-2026-08-30-game2,2026-08-30T21:54:27.706000+00:00,-27.102299999999957,1.6531606275,-25.449139372499957
2,8976300473,dota2-4iki-ic-2026-08-31-game1,2026-08-31T16:25:39.940000+00:00,-4.559453319999985,1.131074198436,-3.428379121563985
2,8976751962,dota2-spirit1-pi-2026-08-31-game2,2026-08-31T21:40:17.685000+00:00,-4.306499999999971,0.9271817325,-3.379318267499971
2,8977913355,dota2-synaps-lvlup1-2026-09-01-game2,2026-09-01T16:37:59.217000+00:00,0.0,0.0,0.0
2,8978986214,dota2-pr1-ic-2026-09-02,2026-09-02T12:20:55.440000+00:00,-0.6448,0.05336526,-0.5914347400000001
2,8980293569,dota2-z10-ks-2026-09-03-game1,2026-09-03T09:18:42.909000+00:00,-4.242650349999934,0.9956520756967501,-3.246998274303184
2,8838170936,dota2-flc-liquid-2026-06-04-game2,2026-06-04T14:05:12.636000+00:00,8.411400000000015,3.7253039699999997,12.136703970000013
2,8839193447,dota2-flc-bb4-2026-06-05-game2,2026-06-05T10:38:10.594000+00:00,33.813999999999936,1.858117245,35.67211724499994
2,8839717574,dota2-flc-aur1-2026-06-05,2026-06-05T17:21:15.591000+00:00,-5.76550000000001,1.0330448775,-4.73245512250001
2,8840984097,dota2-aur1-lgd-2026-06-06-game1,2026-06-06T15:05:33.978000+00:00,-2.026713769999972,1.49970848082525,-0.5270052891747221
2,8842245726,dota2-bb4-lgd-2026-06-07,2026-06-07T11:59:53.564000+00:00,-0.2565000000000168,3.1157265525,2.859226552499983
2,8842845018,dota2-ty-lgd-2026-06-07-game4,2026-06-07T18:51:58.999000+00:00,0.0,0.0,0.0
2,8843760302,dota2-vpp-balu-2026-06-08-game2,2026-06-08T13:42:26.324000+00:00,0.0,0.0,0.0
2,8844308689,dota2-vpp-z10-2026-06-08,2026-06-08T20:50:38.757000+00:00,121.04859999999996,0.648766575,121.69736657499996
2,8852055373,dota2-4iki-pr1-2026-06-14,2026-06-14T17:46:02.690000+00:00,-54.41919999999996,1.79769315,-52.62150684999996
2,8885252329,dota2-flc-bb4-2026-07-07-game2,2026-07-07T11:01:59.599000+00:00,-10.573700000000002,2.0188562025,-8.554843797500002
2,8885411801,dota2-lvlup1-aur1-2026-07-07-game1,2026-07-07T13:06:28.530000+00:00,0.0,0.0,0.0
2,8885633666,dota2-ts8-mouz-2026-07-07-game1,2026-07-07T15:33:28.678000+00:00,60.92900000000003,4.86838074,65.79738074000004
2,8885928262,dota2-ty-og-2026-07-07-game1,2026-07-07T19:03:44.444000+00:00,20.179199999999994,0.23923885499999994,20.418438854999994
2,8886572854,dota2-gl-xtreme-2026-07-08-game1,2026-07-08T09:27:27.007000+00:00,-55.28710000000001,1.6070377274999998,-53.68006227250001
2,8886728756,dota2-l1ga-playti-2026-07-08-game1,2026-07-08T12:02:19.795000+00:00,-5.833199999999991,1.90941849,-3.9237815099999906
2,8886862310,dota2-liquid-lvlup1-2026-07-08-game2,2026-07-08T13:37:25.898000+00:00,23.153800000000004,0.24104146500000007,23.394841465000003
2,8887197358,dota2-vg-pari-2026-07-08-game2,2026-07-08T17:23:00.102000+00:00,-11.699700000000064,0.9933268875,-10.706373112500064
2,8887325211,dota2-vp-1win-2026-07-08-game1,2026-07-08T18:51:24.334000+00:00,-33.53330859999997,1.793303982975,-31.74000461702497
2,8887998750,dota2-bb4-re-2026-07-09-game1,2026-07-09T09:29:32.198000+00:00,-17.72430134000001,1.3092192347865002,-16.41508210521351
2,8888160657,dota2-l1ga-aur1-2026-07-09-game1,2026-07-09T12:09:38.901000+00:00,3.482319999999987,0.5445583215,4.0268783214999875
2,8888279558,dota2-playti-lvlup1-2026-07-09-game2,2026-07-09T13:33:23.111000+00:00,19.199500000000015,0.8077988174999999,20.007298817500015
2,8888489297,dota2-vg-ts8-2026-07-09-game1,2026-07-09T15:42:43.149000+00:00,-31.105199999999975,0.8772289949999998,-30.227971004999976
2,8888682602,dota2-og-ic-2026-07-09-game1,2026-07-09T17:53:01.981000+00:00,-24.95499945999999,0.9322378624484999,-24.02276159755149
2,8888819433,dota2-lgd-1win-2026-07-09-game2,2026-07-09T19:41:02.532000+00:00,9.740799999999979,1.67366517,11.414465169999978
2,8889524021,dota2-xtreme-bb4-2026-07-10-game2,2026-07-10T10:37:39.793000+00:00,1.5404714200000171,1.0164138311145,2.556885251114517
2,8889699098,dota2-l1ga-liquid-2026-07-10-game2,2026-07-10T12:46:15.831000+00:00,0.0,0.0,0.0
2,8889944251,dota2-rnx-ts8-2026-07-10-game1,2026-07-10T15:15:29.857000+00:00,4.444400000000002,0.12199878000000001,4.566398780000002
2,8890179830,dota2-lgd-ty-2026-07-10-game1,2026-07-10T17:38:53.401000+00:00,125.65830000000005,0.7420336425,126.40033364250006
2,8891108843,dota2-poorra-re-2026-07-11-game1,2026-07-11T09:15:44.932000+00:00,43.324299999999994,1.5207055425,44.84500554249999
2,8891240327,dota2-xtreme-flc-2026-07-11-game2,2026-07-11T11:01:14.698000+00:00,2.6728000000000014,1.17126534,3.844065340000001
2,8891438996,dota2-l1ga-lvlup1-2026-07-11-game2,2026-07-11T13:19:40.554000+00:00,20.558999999999997,0.9937158749999999,21.552715874999997
2,8892835652,dota2-rnx-nem-2026-07-12-game1,2026-07-12T09:19:01.546000+00:00,-3.7424000000000177,0.7348857,-3.0075143000000177
2,8892958964,dota2-rnx-nem-2026-07-12-game2,2026-07-12T10:53:08.655000+00:00,-70.05540000000005,2.42505657,-67.63034343000005
2,8893253595,dota2-og-vp-2026-07-12-game2,2026-07-12T13:56:28.498000+00:00,-0.999526000000003,0.9587501136000001,-0.04077588640000296
2,8896267691,dota2-liquid-xtreme-2026-07-14-game2,2026-07-14T13:05:08.216000+00:00,-18.422999999999945,1.6547468250000001,-16.768253174999945
2,8896731473,dota2-lgd-mouz-2026-07-14-game2,2026-07-14T18:02:11.857000+00:00,-5.828999999999951,1.124958645,-4.704041354999951
2,8897696869,dota2-ts8-liquid-2026-07-15-game2,2026-07-15T12:54:25.976000+00:00,38.15648335,3.4425230436937504,41.599006393693756
2,8898003442,dota2-bb4-lgd-2026-07-15-game1,2026-07-15T15:56:58.589000+00:00,-0.3029052500000091,1.99017409426875,1.687268844268741
2,8899120700,dota2-ty-ts8-2026-07-17-game2,2026-07-16T12:44:26.752000+00:00,-45.126000000000005,3.28727925,-41.83872075000001
2,8900623530,dota2-flc-vg-2026-07-16-game2,2026-07-17T12:54:30.551000+00:00,-29.589899999999957,3.7579275224999997,-25.831972477499956
2,8902173969,dota2-bb4-vg-2026-07-18-game2,2026-07-18T12:21:15.910000+00:00,1.6509999999999998,0.5660522100000001,2.21705221
2,8903705555,dota2-vg-ty-2026-07-19-game1,2026-07-19T10:24:33.152000+00:00,54.34160000000003,0.55850922,54.900109220000026
2,8904322271,dota2-bb4-pari-2026-07-19-game3,2026-07-19T16:52:33.960000+00:00,-17.817500000000024,2.2470814425,-15.570418557500023
2,8905164476,dota2-stx-lynx-2026-07-20,2026-07-20T10:04:24.370000+00:00,128.44479752000012,2.48011509726,130.92491261726013
2,8905612460,dota2-z10-nemiga-2026-07-20-game2,2026-07-20T15:25:40.567000+00:00,10.438400000000001,1.15040874,11.588808740000001
2,8906069414,dota2-lvlup1-ill-2026-07-20-game2,2026-07-20T20:59:36.536000+00:00,-7.922799999999958,1.634111085,-6.288688914999958
2,8906706819,dota2-pckcp-stx-2026-07-21-game2,2026-07-21T11:28:10.072000+00:00,1.538499999999999,0.5214361124999999,2.059936112499999
2,8907114935,dota2-lynx-spirit1-2026-07-21,2026-07-21T15:55:17.448000+00:00,1.6051999999999964,2.4130760700000002,4.018276069999997
2,8907942033,dota2-ill-dan-2026-07-22-game1,2026-07-22T07:18:07.776000+00:00,0.0,0.0,0.0
2,8908486051,dota2-stx-spirit1-2026-07-22-game2,2026-07-22T15:03:55.390000+00:00,104.49258593000008,2.31980503937025,106.81239096937033
2,8909388284,dota2-dan-z10-2026-07-23-game1,2026-07-23T07:17:23.633000+00:00,0.0,0.0,0.0
2,8909780227,dota2-spirit1-pckcp-2026-07-23,2026-07-23T13:29:29.880000+00:00,-2.0833000000000084,0.7792062824999999,-1.3040937175000085
2,8910461593,dota2-lvlup1-aion-2026-07-23-game2,2026-07-23T21:18:59.726000+00:00,0.0,0.0,0.0
2,8910982575,dota2-aion-dan-2026-07-24-game2,2026-07-24T08:39:31.809000+00:00,0.0,0.0,0.0
2,8912045230,dota2-nemiga-lvlup1-2026-07-24-game1,2026-07-24T21:05:49.488000+00:00,-4.108000000000061,4.321734795,0.2137347949999393
2,8912758286,dota2-pckcp-jenz-2026-07-22-game1,2026-07-25T10:25:45.605000+00:00,0.0,0.0,0.0
2,8913598312,dota2-lynx-kw1-2026-07-25-game1,2026-07-25T19:28:05.257000+00:00,-2.349100640000005,1.512009410004,-0.8370912299960049
2,8914520562,dota2-nemiga-ill-2026-07-26-game2,2026-07-26T10:41:21.923000+00:00,-1.6749000000000223,2.7730661024999996,1.0981661024999774
2,8915002841,dota2-kw1-rearis-2026-07-26-game1,2026-07-26T15:32:54.677000+00:00,-13.791879820000005,0.3589176812325,-13.432962138767506
2,8915498965,dota2-jenz-stx-2026-07-26,2026-07-26T20:57:43.107000+00:00,14.989099040000012,0.8532249943319999,15.842324034332012
2,8916384577,dota2-stx-nemiga-2026-07-27-game2,2026-07-27T13:48:29.618000+00:00,11.806500000000007,2.2704438975,14.076943897500007
2,8917738415,dota2-nh-pckcp-2026-07-28-game1,2026-07-28T12:16:10.015000+00:00,0.0,0.0,0.0
2,8919264561,dota2-rearis-z10-2026-07-29-game1,2026-07-29T12:23:03.580000+00:00,11.457999999999984,1.36634229,12.824342289999985
2,8919803916,dota2-amaru-nemiga-2026-07-29,2026-07-29T18:02:17.532000+00:00,61.82726090999998,3.2471113033867502,65.07437221338672
2,8921162227,dota2-amaru-pr1-2026-07-30-game1,2026-07-30T16:32:24.441000+00:00,15.516900000000007,0.6008919524999999,16.117791952500006
2,8922074642,dota2-vg-amaru-2026-07-31-game1,2026-07-31T08:46:41.467000+00:00,1.3140000000000072,0.20005082999999999,1.514050830000007
2,8922211678,dota2-tr7-playti-2026-07-31-game2,2026-07-31T11:00:53.806000+00:00,-8.394100000000009,1.7458539675,-6.648246032500008
2,8922433138,dota2-l1ga-rnx-2026-07-31-game2,2026-07-31T13:42:06.325000+00:00,-19.291490060000015,1.4967354478469999,-17.794754612153014
2,8922818221,dota2-xtreme-lgd-2026-07-31-game1,2026-07-31T17:51:24.199000+00:00,-3.6767207999999982,0.9124860867600002,-2.764234713239998
2,8923579943,dota2-midas3-tr7-2026-08-01-game2,2026-08-01T07:02:32.143000+00:00,-16.091299999999976,0.7399277774999999,-15.351372222499975
2,8923790600,dota2-yes-vg-2026-08-01-game2,2026-08-01T10:14:11.317000+00:00,10.578384180000043,0.328414749711,10.906798929711043
2,8924222714,dota2-l1ga-lgd-2026-08-01-game2,2026-08-01T15:02:43.462000+00:00,0.0,0.0,0.0
2,8924530036,dota2-rnx-xtreme-2026-08-01-game1,2026-08-01T18:06:50.164000+00:00,0.7039583100000044,0.83719562427975,1.5411539342797544
2,8925543582,dota2-yes-tr7-2026-08-02-game1,2026-08-02T10:44:16.945000+00:00,-1.0985000000000014,0.8270417175,-0.27145828250000137
2,8926232913,dota2-rnx-yb1-2026-08-02-game2,2026-08-02T16:42:19.665000+00:00,-4.945300000000003,1.1922891525,-3.7530108475000032
2,8927063876,dota2-glyph-playti-2026-08-03-game2,2026-08-03T06:55:36.873000+00:00,69.33200000000001,2.292846555,71.624846555
2,8927380776,dota2-xtreme-tr7-2026-08-03,2026-08-03T12:15:30.661000+00:00,42.193299999999994,2.7836533425,44.976953342499996
2,8927926397,dota2-re-lgd-2026-08-03-game1,2026-08-03T18:09:03.381000+00:00,13.72999999999999,0.998313345,14.72831334499999
2,8928953683,dota2-playti-tr7-2026-08-04-game2,2026-08-04T12:46:11.879000+00:00,12.374479149999956,2.42456283350625,14.799041983506207
2,8930200713,dota2-tr7-re-2026-08-05-game1,2026-08-05T08:20:38.811000+00:00,0.0,0.0,0.0
2,8930736914,dota2-playti-yb1-2026-08-05-game3,2026-08-05T15:09:49.519000+00:00,4.43249935999998,0.741050810388,5.17355017038798
2,8932085762,dota2-rearis-nh-2026-08-06-game2,2026-08-06T13:20:21.204000+00:00,6.958199999999999,0.15564305999999997,7.113843059999999
2,8932523868,dota2-nh-lvlup1-2026-08-06,2026-08-06T17:36:18.454000+00:00,-11.36880000000005,1.44114078,-9.92765922000005
2,8933453728,dota2-nh-z10-2026-08-07-game2,2026-08-07T10:40:19.376000+00:00,0.0,0.0185625,0.0185625
2,8933988979,dota2-pr1-jenz-2026-08-07-game2,2026-08-07T16:29:38.697000+00:00,8.685221999999998,0.7841444943,9.469366494299997
2,8937080738,dota2-pr1-yes-2026-08-09,2026-08-09T12:20:23.208000+00:00,14.850621239999999,0.9613709976060001,15.811992237605999
2,8937631882,dota2-ill-re-2026-08-09-game2,2026-08-09T17:12:21.447000+00:00,125.63202399999989,1.2515005413,126.88352454129989
2,8938634026,dota2-pr1-mouz-2026-08-10,2026-08-10T11:15:54.851000+00:00,-9.636274659999984,0.7474410045794999,-8.888833655420484
2,8940117837,dota2-lvlup1-navi-2026-08-11-game2,2026-08-11T10:12:11.551000+00:00,-12.24300138999999,1.1696466538312498,-11.073354736168739
2,8940643574,dota2-yes-z10-2026-08-11-game1,2026-08-11T15:45:57.067000+00:00,-4.857601300000006,0.9738314958075001,-3.883769804192506
2,8941817475,dota2-lvlup1-re-2026-08-12,2026-08-12T11:50:26.039000+00:00,15.400100000000009,1.2202169775,16.62031697750001
2,8962372120,dota2-ic-nemiga-2026-08-24-game1,2026-08-24T07:17:08.649000+00:00,0.0,0.0,0.0
2,8962964580,dota2-sb5-stx-2026-08-24-game1,2026-08-24T13:25:23.881000+00:00,1.3244438399999998,0.006754663584,1.3311985035839997
2,8964399842,dota2-pckcp-nemiga-2026-08-25-game1,2026-08-25T07:22:10.248000+00:00,0.2240574399999984,0.09838573898399999,0.3224431789839984
2,8964837315,dota2-fts-pckcp-2026-08-25-game2,2026-08-25T12:34:06.314000+00:00,-4.964487099999914,1.2659419425449998,-3.698545157454914
2,8965544741,dota2-rearis-spirit1-2026-08-25,2026-08-25T18:44:21.316000+00:00,8.680982939999982,2.631703059081,11.312685999080982
2,8970207176,dota2-rearis-sb5-2026-08-28,2026-08-28T12:56:49.576000+00:00,4.48969959999998,0.58335255522,5.0730521552199805
2,8970485789,dota2-dynast1-ic-2026-08-28-game2,2026-08-28T15:14:26.848000+00:00,-22.739953090000025,1.1183884124422498,-21.621564677557775
2,8971007454,dota2-ks-rearis-2026-08-28-game1,2026-08-28T20:11:41.712000+00:00,-58.94864944999998,2.04761879468625,-56.901030655313726
2,8971501630,dota2-nexus-cres-2026-08-28,2026-08-29T04:51:09.441000+00:00,-17.842895800000015,1.398514841958,-16.444380958042014
2,8971753986,dota2-icecre-kineti-2026-08-29-game1,2026-08-29T08:38:12.829000+00:00,0.0,0.0,0.0
2,8971988345,dota2-sb5-lynx-2026-08-29-game1,2026-08-29T11:21:30.742000+00:00,1.6000991999999998,0.21607167438,1.8161708743799998
2,8972502454,dota2-huliga-lynx-2026-08-29-game2,2026-08-29T15:52:19.963000+00:00,-59.6181,1.6192157775,-57.998884222499996
2,8973011673,dota2-pi-lvlup1-2026-08-29,2026-08-29T20:33:12.059000+00:00,36.20874764999998,1.3497498197287499,37.55849746972873
2,8973462028,dota2-icecre-xctn-2026-08-30,2026-08-30T04:30:11.988000+00:00,-1.4586170000000322,1.807455129225,0.3488381292249678
2,8973707438,dota2-lynx-lvlup1-2026-08-30-game1,2026-08-30T08:16:36.050000+00:00,0.0,0.0185625,0.0185625
2,8974185539,dota2-navi-mouz-2026-08-30-game2,2026-08-30T13:08:29.090000+00:00,0.8619423299999767,1.0629892348102499,1.9249315648102265
2,8975871235,dota2-synaps-lynx-2026-08-31-game1,2026-08-31T12:26:44.788000+00:00,-40.81089254,1.7861320706085,-39.024760469391495
2,8976441468,dota2-4iki-ic-2026-08-31-game2,2026-08-31T17:43:06.122000+00:00,31.747499999999995,0.4649030475,32.2124030475
2,8977325814,dota2-ks-pckcp-2026-09-01-game2,2026-09-01T10:26:27.059000+00:00,13.58929907999999,0.9015512944109999,14.49085037441099
2,8978023576,dota2-synaps-lvlup1-2026-09-01,2026-09-01T17:45:54.185000+00:00,-20.588400000000007,0.5139747,-20.07442530000001
2,8979131280,dota2-dynast1-pckcp-2026-09-02-game1,2026-09-02T13:56:13.878000+00:00,0.0,0.0,0.0
2,8980358113,dota2-z10-ks-2026-09-03-game2,2026-09-03T10:27:20.250000+00:00,6.226043170000025,1.81501615750275,8.041059327502776
3,8837869969,dota2-aur1-ty-2026-06-04-game1,2026-06-04T09:17:47.612000+00:00,10.031281199999995,1.9348560640499999,11.966137264049994
3,8837957019,dota2-aur1-ty-2026-06-04-game2,2026-06-04T11:05:49.570000+00:00,-82.50420000000003,6.107943434999999,-76.39625656500003
3,8838056564,dota2-flc-liquid-2026-06-04-game1,2026-06-04T12:43:48.535000+00:00,-9.141900000000007,1.1489292825,-7.992970717500007
3,8838170936,dota2-flc-liquid-2026-06-04-game2,2026-06-04T14:05:12.636000+00:00,-5.755401599999956,4.98058535472,-0.7748162452799567
3,8838396820,dota2-lgd-ty-2026-06-04-game2,2026-06-04T16:48:28.531000+00:00,-26.447499999999934,3.5313914625,-22.916108537499934
3,8838480778,dota2-lgd-ty-2026-06-04,2026-06-04T17:57:47.377000+00:00,-37.61060043000002,3.46178983283925,-34.14881059716077
3,8839123109,dota2-flc-bb4-2026-06-05-game1,2026-06-05T09:16:39.267000+00:00,8.01209999999999,0.8044320375,8.81653203749999
3,8839193447,dota2-flc-bb4-2026-06-05-game2,2026-06-05T10:38:10.594000+00:00,-6.659800000000047,2.0190006,-4.640799400000047
3,8839366504,dota2-lgd-liquid-2026-06-05-game2,2026-06-05T13:21:18.066000+00:00,-34.779799999999966,2.0313054299999997,-32.74849456999996
3,8839494962,dota2-flc-aur1-2026-06-05-game1,2026-06-05T14:52:18.684000+00:00,17.895299999999963,2.1714068624999996,20.066706862499963
3,8839625815,dota2-flc-aur1-2026-06-05-game2,2026-06-05T16:13:53.150000+00:00,13.687699999999992,0.7416688124999999,14.429368812499993
3,8839717574,dota2-flc-aur1-2026-06-05,2026-06-05T17:21:15.591000+00:00,-15.062276679999997,1.520657734062,-13.541618945937996
3,8840635639,dota2-ty-bb4-2026-06-06-game1,2026-06-06T10:47:49.658000+00:00,5.941199999999952,0.79494642,6.736146419999953
3,8840704374,dota2-ty-bb4-2026-06-06-game2,2026-06-06T11:51:44.485000+00:00,13.587099999999936,2.5035431175,16.090643117499937
3,8840821227,dota2-ty-bb4-2026-06-06,2026-06-06T13:12:37.368000+00:00,25.944899489999962,5.17859493531975,31.123494425319713
3,8840984097,dota2-aur1-lgd-2026-06-06-game1,2026-06-06T15:05:33.978000+00:00,4.233030280000037,1.8178953487590002,6.050925628759037
3,8841114801,dota2-aur1-lgd-2026-06-06-game2,2026-06-06T16:30:29.855000+00:00,-12.994200640000017,0.717108192648,-12.277092447352016
3,8842052142,dota2-bb4-lgd-2026-06-07-game1,2026-06-07T09:18:04.694000+00:00,91.94480000000004,2.20573518,94.15053518000005
3,8842134886,dota2-bb4-lgd-2026-06-07-game2,2026-06-07T10:28:41.168000+00:00,2.3266247599999854,1.5649891434915,3.8916139034914856
3,8842245726,dota2-bb4-lgd-2026-06-07,2026-06-07T11:59:53.564000+00:00,-56.07940087,1.71147157167225,-54.36792929832775
3,8842468101,dota2-ty-lgd-2026-06-07-game1,2026-06-07T14:21:40.854000+00:00,-73.6982416,1.0573345222200001,-72.64090707778
3,8842596730,dota2-ty-lgd-2026-06-07-game2,2026-06-07T15:49:20.066000+00:00,-7.054800000000029,0.8764794899999999,-6.178320510000029
3,8842722527,dota2-ty-lgd-2026-06-07-game3,2026-06-07T17:12:22.566000+00:00,3.800799999999981,0.418261275,4.219061274999981
3,8842845018,dota2-ty-lgd-2026-06-07-game4,2026-06-07T18:51:58.999000+00:00,1.3699000000000012,0.40018203750000003,1.7700820375000013
3,8843465364,dota2-4iki-nande4-2026-06-08-game1,2026-06-08T09:15:08.776000+00:00,0.0,0.0,0.0
3,8843512570,dota2-4iki-nande4-2026-06-08-game2,2026-06-08T10:09:45.609000+00:00,-29.441999999999986,0.46423597499999997,-28.977764024999985
3,8843560379,dota2-4iki-nande4-2026-06-08,2026-06-08T11:10:54.138000+00:00,-1.8100000000000023,0.22007325,-1.5899267500000023
3,8843760302,dota2-vpp-balu-2026-06-08-game2,2026-06-08T13:42:26.324000+00:00,1.1765000000000185,0.21874076250000002,1.3952407625000185
3,8844054970,dota2-z10-sb5-2026-06-08-game2,2026-06-08T17:08:41.204000+00:00,18.769351129999997,0.48717420455474997,19.25652533455475
3,8844132483,dota2-vpp-z10-2026-06-08-game1,2026-06-08T18:23:01.210000+00:00,0.0,0.0,0.0
3,8844244719,dota2-vpp-z10-2026-06-08-game2,2026-06-08T19:45:42.908000+00:00,12.223199999999991,1.31505972,13.538259719999992
3,8844308689,dota2-vpp-z10-2026-06-08,2026-06-08T20:50:38.757000+00:00,68.91840000000002,1.569217845,70.48761784500002
3,8850534819,dota2-ill-pr1-2026-06-13-game2,2026-06-13T17:10:42.502000+00:00,-1.0061999999999998,0.090331605,-0.9158683949999997
3,8850593633,dota2-ill-pr1-2026-06-13,2026-06-13T18:00:57.551000+00:00,0.0,0.0,0.0
3,8851984783,dota2-4iki-pr1-2026-06-14-game2,2026-06-14T16:46:25.798000+00:00,-6.546099999999996,0.2984904525,-6.247609547499995
3,8852055373,dota2-4iki-pr1-2026-06-14,2026-06-14T17:46:02.690000+00:00,0.0,0.0,0.0
3,8854443395,dota2-fla-spirit1-2026-06-16-game1,2026-06-16T16:31:44.570000+00:00,-18.549999999999997,0.4696875,-18.080312499999998
3,8885183102,dota2-flc-bb4-2026-07-07-game1,2026-07-07T09:47:24.433000+00:00,5.056135190000003,0.39994023899924996,5.456075428999252
3,8885195986,dota2-re-xtreme-2026-07-07-game1,2026-07-07T09:55:03.037000+00:00,15.097697040000003,0.30468660572399997,15.402383645724003
3,8885252329,dota2-flc-bb4-2026-07-07-game2,2026-07-07T11:01:59.599000+00:00,6.521299999999968,1.9970600775,8.518360077499969
3,8885275216,dota2-re-xtreme-2026-07-07-game2,2026-07-07T11:16:11.813000+00:00,-1.768599999999978,0.469441875,-1.299158124999978
3,8885365825,dota2-l1ga-ngx-2026-07-07-game1,2026-07-07T12:34:49.112000+00:00,-4.099999999999998,0.100491,-3.999508999999998
3,8885380529,dota2-liquid-playti-2026-07-07-game1,2026-07-07T12:43:07.045000+00:00,-3.173899999999975,1.1804527575000001,-1.9934472424999747
3,8885411801,dota2-lvlup1-aur1-2026-07-07-game1,2026-07-07T13:06:28.530000+00:00,0.0,0.0,0.0
3,8885470551,dota2-l1ga-ngx-2026-07-07-game2,2026-07-07T13:39:34.570000+00:00,-2.3070999999999913,1.3617675375,-0.9453324624999913
3,8885473599,dota2-liquid-playti-2026-07-07-game2,2026-07-07T13:52:27.923000+00:00,31.067452259999953,3.5447990151689996,34.61225127516895
3,8885529711,dota2-lvlup1-aur1-2026-07-07-game2,2026-07-07T14:23:52.590000+00:00,8.131218599999986,0.13994270968500006,8.271161309684986
3,8885633666,dota2-ts8-mouz-2026-07-07-game1,2026-07-07T15:33:28.678000+00:00,-19.033234839999977,1.7887880608620002,-17.244446779137977
3,8885665054,dota2-nem-pari-2026-07-07-game1,2026-07-07T15:41:38.548000+00:00,36.5915,0.5177438625,37.1092438625
3,8885784652,dota2-ts8-mouz-2026-07-07-game2,2026-07-07T17:16:32.961000+00:00,-19.84510143999998,1.180104527748,-18.66499691225198
3,8885871759,dota2-ic-1win-2026-07-07-game1,2026-07-07T18:31:07.999000+00:00,1.4750000000000014,0.049982625,1.5249826250000014
3,8885928262,dota2-ty-og-2026-07-07-game1,2026-07-07T19:03:44.444000+00:00,14.2915,0.25465130249999995,14.546151302499998
3,8885974297,dota2-ic-1win-2026-07-07-game2,2026-07-07T19:32:14.446000+00:00,-29.722514719999992,1.622175034908,-28.100339685091992
3,8886005043,dota2-ty-og-2026-07-07-game2,2026-07-07T20:03:05.981000+00:00,-0.3999999999999986,0.05622,-0.3437799999999986
3,8886576019,dota2-poorra-bb4-2026-07-08-game1,2026-07-08T09:20:01.472000+00:00,-10.0,0.33899999999999997,-9.661
3,8886572854,dota2-gl-xtreme-2026-07-08-game1,2026-07-08T09:27:27.007000+00:00,-16.71219999999994,5.3368209449999995,-11.37537905499994
3,8886638110,dota2-poorra-bb4-2026-07-08-game2,2026-07-08T10:36:00.005000+00:00,0.8000000000000043,0.20200835999999997,1.0020083600000043
3,8886640910,dota2-flc-re-2026-07-08-game2,2026-07-08T10:39:41.623000+00:00,24.300333069999994,1.0553593617577497,25.355692431757742
3,8886641793,dota2-gl-xtreme-2026-07-08-game2,2026-07-08T10:45:04.782000+00:00,-14.525000000000034,5.179670625,-9.345329375000034
3,8886728756,dota2-l1ga-playti-2026-07-08-game1,2026-07-08T12:02:19.795000+00:00,19.9503,3.1468188525,23.0971188525
3,8886736772,dota2-liquid-lvlup1-2026-07-08-game1,2026-07-08T12:08:59.488000+00:00,0.0,0.0,0.0
3,8886788497,dota2-ngx-aur1-2026-07-08-game1,2026-07-08T12:47:30.744000+00:00,9.453809669999984,0.43000429190324996,9.883813961903234
3,8886815251,dota2-l1ga-playti-2026-07-08-game2,2026-07-08T13:04:20.712000+00:00,38.8892,0.21000167999999997,39.09920168
3,8886862310,dota2-liquid-lvlup1-2026-07-08-game2,2026-07-08T13:37:25.898000+00:00,4.166800000000009,0.030000960000000028,4.196800960000009
3,8886994890,dota2-ts8-nem-2026-07-08-game1,2026-07-08T14:59:11.781000+00:00,0.0,0.0,0.0
3,8887100676,dota2-vg-pari-2026-07-08-game1,2026-07-08T16:18:23.954000+00:00,0.0,0.0,0.0
3,8887114313,dota2-ts8-nem-2026-07-08-game2,2026-07-08T16:15:19.583000+00:00,-50.804490760000036,1.308076501911,-49.49641425808903
3,8887197358,dota2-vg-pari-2026-07-08-game2,2026-07-08T17:23:00.102000+00:00,-1.4868000000000023,0.35088147,-1.1359185300000023
3,8887218598,dota2-lgd-og-2026-07-08-game1,2026-07-08T17:27:41.870000+00:00,0.2599999999999998,0.0334425,0.2934424999999998
3,8887260104,dota2-ty-ic-2026-07-08-game1,2026-07-08T17:58:24.214000+00:00,0.0,0.0,0.0
3,8887314193,dota2-lgd-og-2026-07-08-game2,2026-07-08T18:40:30.736000+00:00,-48.39809999999996,3.6658569225,-44.73224307749996
3,8887325211,dota2-vp-1win-2026-07-08-game1,2026-07-08T18:51:24.334000+00:00,-17.29639999999995,3.01284408,-14.283555919999948
3,8887337672,dota2-ty-ic-2026-07-08-game2,2026-07-08T19:01:29.872000+00:00,0.0,0.0,0.0
3,8887432754,dota2-vp-1win-2026-07-08-game2,2026-07-08T20:20:02.742000+00:00,28.456199999999995,0.42872599499999997,28.884925994999996
3,8887986392,dota2-poorra-xtreme-2026-07-09-game1,2026-07-09T09:21:30.237000+00:00,-22.539499999999947,2.8376114624999995,-19.701888537499947
3,8887998750,dota2-bb4-re-2026-07-09-game1,2026-07-09T09:29:32.198000+00:00,-2.8000000000000043,0.11324999999999999,-2.6867500000000044
3,8888056358,dota2-poorra-xtreme-2026-07-09-game2,2026-07-09T10:34:44.979000+00:00,-14.9097,1.5180806175,-13.3916193825
3,8888066684,dota2-bb4-re-2026-07-09-game2,2026-07-09T10:43:25.275000+00:00,-5.479600000000005,0.42227167499999996,-5.057328325000005
3,8888083694,dota2-gl-flc-2026-07-09-game2,2026-07-09T11:11:32.224000+00:00,31.350600000000043,1.6109474849999998,32.96154748500004
3,8888160657,dota2-l1ga-aur1-2026-07-09-game1,2026-07-09T12:09:38.901000+00:00,-9.389780000000016,0.4390553340000001,-8.950724666000015
3,8888173515,dota2-playti-lvlup1-2026-07-09-game1,2026-07-09T12:20:27.216000+00:00,13.718000000000018,0.502088805,14.220088805000017
3,8888217771,dota2-ngx-liquid-2026-07-09-game1,2026-07-09T12:52:14.212000+00:00,6.239899999999992,0.9288045375,7.168704537499991
3,8888260336,dota2-l1ga-aur1-2026-07-09-game2,2026-07-09T13:20:05.771000+00:00,-5.732900000000029,0.7720320674999999,-4.9608679325000296
3,8888279558,dota2-playti-lvlup1-2026-07-09-game2,2026-07-09T13:33:23.111000+00:00,1.2986999999999966,0.33964251749999996,1.6383425174999966
3,8888318197,dota2-ngx-liquid-2026-07-09-game2,2026-07-09T14:04:08.888000+00:00,22.88860000000004,4.0636415249999995,26.95224152500004
3,8888405761,dota2-mouz-nem-2026-07-09-game1,2026-07-09T14:48:45.816000+00:00,5.405599999999993,0.36893219999999993,5.774532199999992
3,8888425887,dota2-rnx-pari-2026-07-09-game1,2026-07-09T15:02:02.148000+00:00,0.0,0.0,0.0
3,8888489297,dota2-vg-ts8-2026-07-09-game1,2026-07-09T15:42:43.149000+00:00,0.0,0.0,0.0
3,8888555097,dota2-mouz-nem-2026-07-09-game2,2026-07-09T16:24:34.308000+00:00,-20.813299999999998,2.4009490125,-18.412350987499998
3,8888554919,dota2-rnx-pari-2026-07-09-game2,2026-07-09T16:26:10.054000+00:00,0.0,0.0,0.0
3,8888592426,dota2-vg-ts8-2026-07-09-game2,2026-07-09T16:59:54.115000+00:00,-0.13000000000000078,0.04055025000000001,-0.08944975000000077
3,8888682602,dota2-og-ic-2026-07-09-game1,2026-07-09T17:53:01.981000+00:00,-26.016799460000044,0.9214423624485,-25.095357097551545
3,8888693655,dota2-vp-ty-2026-07-09-game1,2026-07-09T18:07:57.629000+00:00,3.4749999999999943,0.385624935,3.8606249349999944
3,8888731478,dota2-lgd-1win-2026-07-09-game1,2026-07-09T18:35:20.326000+00:00,7.4007000000000005,1.7041717425,9.1048717425
3,8888771711,dota2-og-ic-2026-07-09-game2,2026-07-09T19:04:50.495000+00:00,0.0,0.0,0.0
3,8888819433,dota2-lgd-1win-2026-07-09-game2,2026-07-09T19:41:02.532000+00:00,24.97584804000001,1.800841845444,26.77668988544401
3,8889452921,dota2-re-gl-2026-07-10-game1,2026-07-10T09:17:34.068000+00:00,39.59280000000001,1.463220375,41.05602037500001
3,8889468264,dota2-xtreme-bb4-2026-07-10-game1,2026-07-10T09:26:30.741000+00:00,-22.924499999999938,2.3087487225,-20.61575127749994
3,8889513730,dota2-poorra-flc-2026-07-10-game2,2026-07-10T10:17:36.842000+00:00,0.0,0.0,0.0
3,8889524021,dota2-xtreme-bb4-2026-07-10-game2,2026-07-10T10:37:39.793000+00:00,-2.984999999999985,1.5221523749999997,-1.4628476249999856
3,8889538949,dota2-re-gl-2026-07-10-game2,2026-07-10T10:40:57.402000+00:00,-17.304300000000012,2.5479295575,-14.756370442500012
3,8889615310,dota2-l1ga-liquid-2026-07-10-game1,2026-07-10T11:48:20.990000+00:00,-2.453000000000017,0.5374859249999999,-1.9155140750000172
3,8889621582,dota2-aur1-playti-2026-07-10-game1,2026-07-10T11:57:42.116000+00:00,-27.52430000000004,2.8811262524999997,-24.64317374750004
3,8889699098,dota2-l1ga-liquid-2026-07-10-game2,2026-07-10T12:46:15.831000+00:00,-10.635499999999979,0.3557183625,-10.27978163749998
3,8889733840,dota2-aur1-playti-2026-07-10-game2,2026-07-10T13:14:22.837000+00:00,-19.718999999999994,0.476425125,-19.242574874999995
3,8889871314,dota2-nem-vg-2026-07-10-game1,2026-07-10T14:27:52.631000+00:00,6.579000000000008,0.331877655,6.910877655000007
3,8889914618,dota2-pari-mouz-2026-07-10-game1,2026-07-10T14:59:49.254000+00:00,-4.705999999999989,0.24830032499999993,-4.457699674999989
3,8889944251,dota2-rnx-ts8-2026-07-10-game1,2026-07-10T15:15:29.857000+00:00,7.741099999999989,0.23598218250000003,7.977082182499989
3,8890008812,dota2-nem-vg-2026-07-10-game2,2026-07-10T15:49:04.827000+00:00,137.60510000000005,1.2071099475,138.81220994750004
3,8890036748,dota2-pari-mouz-2026-07-10-game2,2026-07-10T16:15:07.698000+00:00,3.4091999999999985,0.15980624999999998,3.5690062499999984
3,8890074597,dota2-rnx-ts8-2026-07-10-game2,2026-07-10T16:28:42.555000+00:00,0.0,0.0,0.0
3,8890179830,dota2-lgd-ty-2026-07-10-game1,2026-07-10T17:38:53.401000+00:00,9.950488159999992,0.528846555876,10.479334715875993
3,8890270555,dota2-1win-og-2026-07-10-game2,2026-07-10T18:36:26.467000+00:00,0.0,0.0,0.0
3,8890268632,dota2-lgd-ty-2026-07-10-game2,2026-07-10T18:43:14.663000+00:00,-0.3142000000000138,0.810103575,0.49590357499998616
3,8890301402,dota2-ic-vp-2026-07-10-game2,2026-07-10T18:52:09.717000+00:00,0.0,0.0,0.0
3,8891108843,dota2-poorra-re-2026-07-11-game1,2026-07-11T09:15:44.932000+00:00,44.824299999999994,2.0668930425000003,46.89119304249999
3,8891108985,dota2-bb4-gl-2026-07-11-game1,2026-07-11T09:17:06.187000+00:00,2.0257649000000235,0.592803098415,2.6185679984150236
3,8891145641,dota2-xtreme-flc-2026-07-11-game1,2026-07-11T09:30:07.111000+00:00,0.09971136000000413,0.17356299343200005,0.2732743534320042
3,8891217710,dota2-poorra-re-2026-07-11-game2,2026-07-11T10:44:50.172000+00:00,-26.651901500000022,1.5483465924375,-25.103554907562522
3,8891240327,dota2-xtreme-flc-2026-07-11-game2,2026-07-11T11:01:14.698000+00:00,11.875142969999985,2.57189409994425,14.447037069944235
3,8891325877,dota2-l1ga-lvlup1-2026-07-11-game1,2026-07-11T12:09:46.181000+00:00,-27.569202000000047,1.00773635625,-26.561465643750047
3,8891349244,dota2-playti-ngx-2026-07-11-game1,2026-07-11T12:27:52.369000+00:00,3.1230999999999938,1.7337548774999998,4.856854877499994
3,8891371442,dota2-aur1-liquid-2026-07-11-game1,2026-07-11T12:43:19.319000+00:00,-7.742432999999991,1.128801485625,-6.613631514374991
3,8891438996,dota2-l1ga-lvlup1-2026-07-11-game2,2026-07-11T13:19:40.554000+00:00,23.789499999999997,1.8345551025,25.624055102499998
3,8891497910,dota2-aur1-liquid-2026-07-11-game2,2026-07-11T13:53:37.287000+00:00,17.53200000000001,0.409782375,17.94178237500001
3,8891519142,dota2-playti-ngx-2026-07-11-game2,2026-07-11T14:08:43.754000+00:00,-38.6759723599999,1.7734531852709998,-36.9025191747289
3,8892829232,dota2-mouz-vg-2026-07-12-game1,2026-07-12T09:15:57.248000+00:00,-110.95795302,2.403296073249,-108.55465694675101
3,8892835652,dota2-rnx-nem-2026-07-12-game1,2026-07-12T09:19:01.546000+00:00,-38.59150000000005,2.0986603575,-36.49283964250005
3,8892836635,dota2-pari-ts8-2026-07-12-game1,2026-07-12T09:26:06.808000+00:00,-22.002200000000016,1.6871405400000001,-20.315059460000015
3,8892923329,dota2-mouz-vg-2026-07-12-game2,2026-07-12T10:25:59.512000+00:00,0.5659989799999954,1.1736839367104999,1.7396829167104952
3,8892914077,dota2-pari-ts8-2026-07-12-game2,2026-07-12T10:31:28.406000+00:00,-10.4174,0.6397783499999999,-9.77762165
3,8892958964,dota2-rnx-nem-2026-07-12-game2,2026-07-12T10:53:08.655000+00:00,-54.9757,1.4360795775,-53.5396204225
3,8893070561,dota2-1win-ty-2026-07-12-game1,2026-07-12T12:14:45.162000+00:00,-4.761425279999941,2.070426957888,-2.6909983221119407
3,8893106015,dota2-og-vp-2026-07-12-game1,2026-07-12T12:36:42.440000+00:00,27.1019,1.1255597325,28.2274597325
3,8893165071,dota2-1win-ty-2026-07-12-game2,2026-07-12T13:18:20.777000+00:00,-8.778801800000025,3.54555607095,-5.233245729050025
3,8893253595,dota2-og-vp-2026-07-12-game2,2026-07-12T13:56:28.498000+00:00,-1.240725999999995,0.9586596636,-0.2820663363999951
3,8896139222,dota2-re-vp-2026-07-14-game1,2026-07-14T11:15:10.363000+00:00,20.72439999999999,3.13582674,23.860226739999987
3,8896140998,dota2-liquid-xtreme-2026-07-14-game1,2026-07-14T11:24:31.795000+00:00,-15.293994080000033,1.717833700464,-13.576160379536033
3,8896234088,dota2-re-vp-2026-07-14-game2,2026-07-14T12:30:48.003000+00:00,-3.0886999999999762,0.9189063375,-2.169793662499976
3,8896267691,dota2-liquid-xtreme-2026-07-14-game2,2026-07-14T13:05:08.216000+00:00,-6.703424879999943,1.6330180175579998,-5.070406862441944
3,8896380183,dota2-re-vp-2026-07-14,2026-07-14T14:02:34.965000+00:00,-65.18360000000013,3.12129312,-62.06230688000013
3,8896486914,dota2-liquid-xtreme-2026-07-14,2026-07-14T15:13:00.049000+00:00,-8.767838900000001,1.532662541253,-7.235176358747001
3,8896645659,dota2-lgd-mouz-2026-07-14-game1,2026-07-14T16:55:49.823000+00:00,0.08059999999999956,0.022964955,0.10356495499999956
3,8896731473,dota2-lgd-mouz-2026-07-14-game2,2026-07-14T18:02:11.857000+00:00,-35.294550000000015,0.9543394049999999,-34.340210595000016
3,8897585705,dota2-aur1-re-2026-07-15-game1,2026-07-15T11:19:40.513000+00:00,-3.5020999999999844,0.45330509250000006,-3.0487949074999845
3,8897588873,dota2-ts8-liquid-2026-07-15-game1,2026-07-15T11:25:30.473000+00:00,11.012014879999974,1.640434063032,12.652448943031974
3,8897695379,dota2-aur1-re-2026-07-15-game2,2026-07-15T12:41:48.340000+00:00,-14.024600000000007,0.42300133500000003,-13.601598665000006
3,8897696869,dota2-ts8-liquid-2026-07-15-game2,2026-07-15T12:54:25.976000+00:00,-6.969139940000048,2.2826334912615,-4.686506448738548
3,8897831774,dota2-ts8-liquid-2026-07-15,2026-07-15T14:13:24.528000+00:00,-1.5467849000000022,0.43974685822500004,-1.1070380417750023
3,8897841991,dota2-1win-vg-2026-07-15-game1,2026-07-15T14:22:22.284000+00:00,0.0,0.0,0.0
3,8897971312,dota2-1win-vg-2026-07-15-game2,2026-07-15T15:33:39.656000+00:00,-3.4883999999999986,0.22805415000000004,-3.2603458499999984
3,8898003442,dota2-bb4-lgd-2026-07-15-game1,2026-07-15T15:56:58.589000+00:00,6.317000000000007,0.9844227750000001,7.301422775000008
3,8898084910,dota2-1win-vg-2026-07-15,2026-07-15T16:49:08.935000+00:00,-3.2507007199999833,2.359001855124,-0.8916988648759832
3,8898117600,dota2-bb4-lgd-2026-07-15-game2,2026-07-15T17:15:52.403000+00:00,8.059773349999993,0.45460845691124996,8.514381806911244
3,8899028080,dota2-ty-ts8-2026-07-17-game1,2026-07-16T11:25:22.617000+00:00,-19.536200000000036,1.0307445149999999,-18.505455485000038
3,8899120700,dota2-ty-ts8-2026-07-17-game2,2026-07-16T12:44:26.752000+00:00,-14.134300480000002,1.7682392002679999,-12.366061279732001
3,8899307453,dota2-pari-re-2026-07-17-game1,2026-07-16T14:36:23.407000+00:00,-7.87258435,0.6336839246212499,-7.23890042537875
3,8899420575,dota2-pari-re-2026-07-17-game2,2026-07-16T15:46:28.167000+00:00,-8.68840000000003,0.6225206999999999,-8.06587930000003
3,8900508749,dota2-flc-vg-2026-07-16-game1,2026-07-17T11:21:46.405000+00:00,-5.633999999999986,0.451072125,-5.1829278749999865
3,8900623530,dota2-flc-vg-2026-07-16-game2,2026-07-17T12:54:30.551000+00:00,3.6859801099999743,1.9568037108607497,5.642783820860724
3,8900771154,dota2-ngx-bb4-2026-07-16-game1,2026-07-17T14:28:08.196000+00:00,4.939000000000007,0.50340501,5.442405010000007
3,8900882416,dota2-ngx-bb4-2026-07-16-game2,2026-07-17T15:33:10.588000+00:00,0.0,0.0,0.0
3,8902107148,dota2-bb4-vg-2026-07-18-game1,2026-07-18T11:22:02.020000+00:00,-0.3329000000000093,0.25661880750000005,-0.07628119250000925
3,8902173969,dota2-bb4-vg-2026-07-18-game2,2026-07-18T12:21:15.910000+00:00,-1.1318999999999733,1.0298862675,-0.10201373249997325
3,8902338515,dota2-ty-pari-2026-07-18-game1,2026-07-18T14:06:38.308000+00:00,10.287999419999991,2.3254433977815,12.613442817781491
3,8902431810,dota2-ty-pari-2026-07-18-game2,2026-07-18T15:09:37.865000+00:00,-4.663500799999994,2.18020888956,-2.4832919104399944
3,8902610619,dota2-ty-pari-2026-07-18,2026-07-18T16:48:06.686000+00:00,5.769300000000001,0.7169797575,6.486279757500001
3,8903705555,dota2-vg-ty-2026-07-19-game1,2026-07-19T10:24:33.152000+00:00,7.171899999999994,0.6825367125,7.854436712499994
3,8903789784,dota2-vg-ty-2026-07-19-game2,2026-07-19T11:31:19.185000+00:00,12.09020000000001,0.71654613,12.80674613000001
3,8904012666,dota2-bb4-pari-2026-07-19-game1,2026-07-19T13:57:51.853000+00:00,41.239600000000024,2.15100117,43.390601170000025
3,8904157676,dota2-bb4-pari-2026-07-19-game2,2026-07-19T15:17:11.337000+00:00,-13.95910000000005,4.1329317675,-9.826168232500049
3,8904322271,dota2-bb4-pari-2026-07-19-game3,2026-07-19T16:52:33.960000+00:00,16.092,5.294413335,21.386413335
3,8904419709,dota2-bb4-pari-2026-07-19-game4,2026-07-19T18:05:14.511000+00:00,3.3733999999999753,0.9657916049999999,4.339191604999975
3,8905035315,dota2-stx-lynx-2026-07-20-game1,2026-07-20T07:25:19.610000+00:00,0.9100000000000037,0.22077675000000002,1.1307767500000037
3,8905093611,dota2-stx-lynx-2026-07-20-game2,2026-07-20T08:36:36.644000+00:00,87.85999895999984,2.983014563985,90.84301352398484
3,8905164476,dota2-stx-lynx-2026-07-20,2026-07-20T10:04:24.370000+00:00,159.18513043999997,3.283838647197,162.46896908719697
3,8905233934,dota2-lynx-pckcp-2026-07-20-game1,2026-07-20T11:15:17.947000+00:00,197.65880227000005,3.12265855408875,200.7814608240888
3,8905359313,dota2-lynx-pckcp-2026-07-20-game2,2026-07-20T12:49:30.119000+00:00,-11.648901000000002,1.083872577225,-10.565028422775002
3,8905490238,dota2-z10-nemiga-2026-07-20-game1,2026-07-20T14:13:02.081000+00:00,-26.977999999999994,0.46916375999999993,-26.508836239999994
3,8905612460,dota2-z10-nemiga-2026-07-20-game2,2026-07-20T15:25:40.567000+00:00,9.832900000000024,0.8364074175,10.669307417500024
3,8905741721,dota2-spirit1-jenz-2026-07-20-game1,2026-07-20T16:55:30.580000+00:00,-2.280000000000001,0.269667,-2.010333000000001
3,8905885788,dota2-spirit1-jenz-2026-07-20-game2,2026-07-20T18:35:45.253000+00:00,-2.664901660000001,0.0920979448635,-2.5728037151365006
3,8905975768,dota2-lvlup1-ill-2026-07-20-game1,2026-07-20T19:45:16.612000+00:00,-29.39840000000008,3.50671152,-25.89168848000008
3,8906069414,dota2-lvlup1-ill-2026-07-20-game2,2026-07-20T20:59:36.536000+00:00,0.14620000000002165,0.7802913300000001,0.9264913300000217
3,8906479441,dota2-nemiga-dan-2026-07-21-game1,2026-07-21T07:24:02.590000+00:00,24.90923737,1.06906458735225,25.97830195735225
3,8906547471,dota2-nemiga-dan-2026-07-21-game2,2026-07-21T08:48:51.736000+00:00,11.891199999999998,0.7345164000000001,12.625716399999998
3,8906626852,dota2-pckcp-stx-2026-07-21-game1,2026-07-21T10:17:03.931000+00:00,1.5761252599999978,0.7439570122289999,2.3200822722289978
3,8906706819,dota2-pckcp-stx-2026-07-21-game2,2026-07-21T11:28:10.072000+00:00,0.0,0.5250131249999999,0.5250131249999999
3,8906814740,dota2-pckcp-stx-2026-07-21,2026-07-21T12:50:32.182000+00:00,-20.676899999999932,2.4249652425,-18.25193475749993
3,8906911697,dota2-lynx-spirit1-2026-07-21-game1,2026-07-21T14:01:22.509000+00:00,-1.6925,0.8515678125,-0.8409321874999999
3,8907021823,dota2-lynx-spirit1-2026-07-21-game2,2026-07-21T14:54:33.550000+00:00,-15.500000000000004,1.361535,-14.138465000000004
3,8907114935,dota2-lynx-spirit1-2026-07-21,2026-07-21T15:55:17.448000+00:00,-29.802000000000007,2.09973549,-27.702264510000006
3,8907236730,dota2-jenz-lynx-2026-07-21-game1,2026-07-21T17:22:36.365000+00:00,0.0,0.0,0.0
3,8907319204,dota2-jenz-lynx-2026-07-21-game2,2026-07-21T18:19:16.673000+00:00,-18.507599999999982,0.423393135,-18.08420686499998
3,8907510684,dota2-z10-aion-2026-07-21-game2,2026-07-21T20:45:41.820000+00:00,0.0,0.0,0.0
3,8907942033,dota2-ill-dan-2026-07-22-game1,2026-07-22T07:18:07.776000+00:00,0.0,0.0,0.0
3,8907997366,dota2-ill-dan-2026-07-22-game2,2026-07-22T08:30:21.640000+00:00,12.438047319999981,1.435704699516,13.873752019515981
3,8908178087,dota2-nemiga-aion-2026-07-22-game2,2026-07-22T11:35:02.272000+00:00,-0.25,0.08021325,-0.16978675
3,8908313996,dota2-stx-spirit1-2026-07-22-game1,2026-07-22T13:26:43.307000+00:00,-0.07840484999999209,0.34447305370725,0.2660682037072579
3,8908486051,dota2-stx-spirit1-2026-07-22-game2,2026-07-22T15:03:55.390000+00:00,21.482785929999977,0.7342418143702499,22.217027744370228
3,8908612824,dota2-stx-spirit1-2026-07-22,2026-07-22T16:27:56.948000+00:00,-5.599102989999979,4.39058478438525,-1.2085182056147294
3,8908710300,dota2-z10-lvlup1-2026-07-22-game1,2026-07-22T17:40:32.974000+00:00,-15.478800000000028,1.6729501649999998,-13.805849835000028
3,8908926344,dota2-z10-lvlup1-2026-07-22,2026-07-22T20:21:42.790000+00:00,13.46169999999998,0.7089027374999999,14.17060273749998
3,8909388284,dota2-dan-z10-2026-07-23-game1,2026-07-23T07:17:23.633000+00:00,0.35999999999999943,0.059049,0.41904899999999945
3,8909443684,dota2-dan-z10-2026-07-23-game2,2026-07-23T08:24:14.078000+00:00,-6.266600000000002,0.39620038500000004,-5.870399615000002
3,8909498494,dota2-dan-z10-2026-07-23,2026-07-23T09:35:42.112000+00:00,-0.7999999999999972,0.1305,-0.6694999999999971
3,8909658828,dota2-spirit1-pckcp-2026-07-23-game2,2026-07-23T11:56:35.158000+00:00,-7.876600800000006,1.08550420176,-6.7910965982400056
3,8909780227,dota2-spirit1-pckcp-2026-07-23,2026-07-23T13:29:29.880000+00:00,8.745999999999995,0.32351454,9.069514539999995
3,8910104556,dota2-jenz-kw1-2026-07-23-game2,2026-07-23T16:47:57.620000+00:00,-2.532499999999999,0.7944785624999999,-1.738021437499999
3,8910216725,dota2-jenz-kw1-2026-07-23,2026-07-23T18:09:02.529000+00:00,0.14000000000000057,0.184905,0.32490500000000055
3,8910344715,dota2-lvlup1-aion-2026-07-23-game1,2026-07-23T19:45:58.831000+00:00,10.644199999999984,0.445308795,11.089508794999984
3,8910461593,dota2-lvlup1-aion-2026-07-23-game2,2026-07-23T21:18:59.726000+00:00,-4.4517999999999995,0.18788671499999998,-4.263913284999999
3,8910535715,dota2-lvlup1-aion-2026-07-23,2026-07-23T22:37:28.157000+00:00,8.831223299999992,0.309384477675,9.140607777674992
3,8910589445,dota2-nemiga-ill-2026-07-23-game1,2026-07-23T23:33:41.369000+00:00,-25.945800000000002,1.5512113499999998,-24.394588650000003
3,8910670427,dota2-nemiga-ill-2026-07-23,2026-07-24T01:26:47.762000+00:00,-31.832799999999963,1.56944802,-30.263351979999964
3,8910982575,dota2-aion-dan-2026-07-24-game2,2026-07-24T08:39:31.809000+00:00,0.0,0.0,0.0
3,8911277378,dota2-kw1-stx-2026-07-24-game2,2026-07-24T13:08:23.857000+00:00,36.3216936,0.5055243129,36.827217912900004
3,8911784562,dota2-z10-ill-2026-07-24-game1,2026-07-24T18:00:21.302000+00:00,-3.9648999999999432,1.0826042625,-2.882295737499943
3,8911916389,dota2-z10-ill-2026-07-24-game2,2026-07-24T19:32:36.981000+00:00,2.5,1.47356136,3.9735613599999997
3,8912045230,dota2-nemiga-lvlup1-2026-07-24-game1,2026-07-24T21:05:49.488000+00:00,-11.823200000000067,3.13224204,-8.690957960000068
3,8912123729,dota2-nemiga-lvlup1-2026-07-24-game2,2026-07-24T22:15:39.296000+00:00,0.0,0.0,0.0
3,8912551235,dota2-ill-aion-2026-07-25-game1,2026-07-25T07:19:52.253000+00:00,2.5999999999999996,0.096174,2.6961739999999996
3,8912622476,dota2-ill-aion-2026-07-25-game2,2026-07-25T08:27:06.996000+00:00,-7.995214139999996,0.3015211393515,-7.693693000648496
3,8912758286,dota2-pckcp-jenz-2026-07-22-game1,2026-07-25T10:25:45.605000+00:00,-29.756499999999974,1.2101488425,-28.546351157499974
3,8912831712,dota2-pckcp-jenz-2026-07-22-game2,2026-07-25T11:23:26.682000+00:00,1.0213999999999999,0.731254605,1.7526546049999998
3,8912974141,dota2-pckcp-jenz-2026-07-22,2026-07-25T13:02:19.241000+00:00,-22.37529999999998,2.6766579375,-19.69864206249998
3,8913307206,dota2-kw1-pckcp-2026-07-25-game1,2026-07-25T16:28:48.834000+00:00,0.0,0.0,0.0
3,8913598312,dota2-lynx-kw1-2026-07-25-game1,2026-07-25T19:28:05.257000+00:00,-5.520000000000003,0.599133,-4.920867000000003
3,8913726962,dota2-lynx-kw1-2026-07-25-game2,2026-07-25T20:57:15.562000+00:00,-39.547099999999986,2.1483097425,-37.39879025749999
3,8913824141,dota2-lynx-kw1-2026-07-25,2026-07-25T22:21:39.642000+00:00,-46.86040000000001,2.0350428899999997,-44.82535711000001
3,8914414410,dota2-nemiga-ill-2026-07-26-game1,2026-07-26T09:26:59.644000+00:00,7.4624999999999915,0.47315981249999994,7.935659812499991
3,8914520562,dota2-nemiga-ill-2026-07-26-game2,2026-07-26T10:41:21.923000+00:00,-27.630499999999984,1.1850837975,-26.445416202499985
3,8914637220,dota2-nemiga-ill-2026-07-26,2026-07-26T12:04:18.708000+00:00,0.0,0.0,0.0
3,8914749408,dota2-rearis-pckcp-2026-07-26-game1,2026-07-26T13:19:34.036000+00:00,0.0,0.37499062499999997,0.37499062499999997
3,8914885598,dota2-rearis-pckcp-2026-07-26-game2,2026-07-26T14:24:02.001000+00:00,50.89150000000001,0.3081393375,51.19963933750001
3,8915002841,dota2-kw1-rearis-2026-07-26-game1,2026-07-26T15:32:54.677000+00:00,-17.143832900000007,0.36375760348349995,-16.780075296516507
3,8915137972,dota2-kw1-rearis-2026-07-26-game2,2026-07-26T16:47:26.165000+00:00,0.3000000000000007,0.024412499999999993,0.3244125000000007
3,8915271266,dota2-jenz-stx-2026-07-26-game1,2026-07-26T18:26:53.337000+00:00,13.22896608,0.237910675536,13.466876755536
3,8915390117,dota2-jenz-stx-2026-07-26-game2,2026-07-26T19:37:39.362000+00:00,2.315100000000001,0.0722263125,2.387326312500001
3,8915498965,dota2-jenz-stx-2026-07-26,2026-07-26T20:57:43.107000+00:00,13.12019915999997,1.314952092606,14.43515125260597
3,8916041863,dota2-lvlup1-pckcp-2026-07-27-game1,2026-07-27T09:21:33.291000+00:00,41.616000000000014,0.7283129249999998,42.34431292500001
3,8916102349,dota2-lvlup1-pckcp-2026-07-27-game2,2026-07-27T10:12:46.876000+00:00,6.860600000000006,0.297658905,7.158258905000006
3,8916245727,dota2-stx-nemiga-2026-07-27-game1,2026-07-27T12:25:46.061000+00:00,4.291500000000035,1.1157400425,5.407240042500034
3,8916384577,dota2-stx-nemiga-2026-07-27-game2,2026-07-27T13:48:29.618000+00:00,17.89460000000002,3.1695429749999997,21.064142975000017
3,8916474664,dota2-stx-nemiga-2026-07-27,2026-07-27T14:44:54.132000+00:00,-12.607699999999966,4.9971338625,-7.610566137499966
3,8917611319,dota2-pr1-nemiga-2026-07-28-game2,2026-07-28T10:17:02.190000+00:00,-1.3879999999999981,0.4825035,-0.9054964999999982
3,8917675823,dota2-pr1-nemiga-2026-07-28,2026-07-28T11:19:25.327000+00:00,4.87469999999999,0.9292118174999999,5.80391181749999
3,8917738415,dota2-nh-pckcp-2026-07-28-game1,2026-07-28T12:16:10.015000+00:00,0.0,0.0,0.0
3,8917853656,dota2-nh-pckcp-2026-07-28-game2,2026-07-28T13:23:44.955000+00:00,-0.3791999999999973,0.196753095,-0.18244690499999733
3,8918052500,dota2-pckcp-kw1-2026-07-28-game1,2026-07-28T15:24:46.769000+00:00,0.0,0.0,0.0
3,8918176547,dota2-pckcp-kw1-2026-07-28-game2,2026-07-28T16:37:04.197000+00:00,30.364800000000002,0.39058416000000007,30.755384160000002
3,8919264561,dota2-rearis-z10-2026-07-29-game1,2026-07-29T12:23:03.580000+00:00,12.019765039999989,0.8524065418319999,12.872171581831989
3,8919404744,dota2-rearis-z10-2026-07-29-game2,2026-07-29T13:48:28.368000+00:00,-2.455000000000016,2.099017575,-0.3559824250000161
3,8919546613,dota2-amaru-nemiga-2026-07-29-game1,2026-07-29T15:15:30.082000+00:00,-49.74650048000002,1.5116247501959998,-48.234875729804024
3,8919685210,dota2-amaru-nemiga-2026-07-29-game2,2026-07-29T16:34:50.427000+00:00,-111.29630061999991,2.6732377995705,-108.62306282042941
3,8919803916,dota2-amaru-nemiga-2026-07-29,2026-07-29T18:02:17.532000+00:00,43.41187895000002,2.7481719201187502,46.16005087011877
3,8920655724,dota2-pckcp-z10-2026-07-30-game2,2026-07-30T10:32:16.617000+00:00,0.0,0.0,0.0
3,8920897425,dota2-lvlup1-z10-2026-07-30-game2,2026-07-30T13:37:44.606000+00:00,-49.588600000000014,2.6993973899999997,-46.88920261000001
3,8921002620,dota2-lvlup1-z10-2026-07-30,2026-07-30T14:47:46.063000+00:00,38.021900000000024,1.6989788925,39.720878892500025
3,8921162227,dota2-amaru-pr1-2026-07-30-game1,2026-07-30T16:32:24.441000+00:00,15.516900000000007,0.6008919524999999,16.117791952500006
3,8921281044,dota2-amaru-pr1-2026-07-30-game2,2026-07-30T17:34:28.519000+00:00,0.0,0.0,0.0
3,8921949036,dota2-re-midas3-2026-07-31-game1,2026-07-31T06:23:42.906000+00:00,0.0,0.0,0.0
3,8922016200,dota2-re-midas3-2026-07-31-game2,2026-07-31T07:39:14.850000+00:00,0.0,0.0,0.0
3,8922074642,dota2-vg-amaru-2026-07-31-game1,2026-07-31T08:46:41.467000+00:00,-34.41739999999999,0.74443956,-33.67296043999998
3,8922137329,dota2-vg-amaru-2026-07-31-game2,2026-07-31T09:48:16.177000+00:00,0.3000000000000007,0.0291825,0.3291825000000007
3,8922133239,dota2-tr7-playti-2026-07-31-game1,2026-07-31T09:57:34.446000+00:00,2.8347149799999833,2.5432879891275,5.3780029691274835
3,8922186876,dota2-vg-amaru-2026-07-31,2026-07-31T10:40:33.810000+00:00,6.52549999999998,0.32558487750000004,6.8510848774999795
3,8922211678,dota2-tr7-playti-2026-07-31-game2,2026-07-31T11:00:53.806000+00:00,6.67349999999999,0.8215925625,7.49509256249999
3,8922300474,dota2-enjoy-glyph-2026-07-31-game1,2026-07-31T12:14:29.331000+00:00,6.281786200000006,0.6305203614,6.9123065614000065
3,8922339160,dota2-l1ga-rnx-2026-07-31-game1,2026-07-31T12:44:09.822000+00:00,29.307699999999926,3.6371172225,32.94481722249993
3,8922400300,dota2-enjoy-glyph-2026-07-31-game2,2026-07-31T13:24:39.311000+00:00,33.79999999999996,1.50296688,35.302966879999964
3,8922433138,dota2-l1ga-rnx-2026-07-31-game2,2026-07-31T13:42:06.325000+00:00,-21.389391800000013,1.5537079999965,-19.835683800003512
3,8922552315,dota2-l1ga-rnx-2026-07-31,2026-07-31T14:55:23.609000+00:00,1.754400000000004,0.64303146,2.397431460000004
3,8922602122,dota2-yb1-z10-2026-07-31-game1,2026-07-31T15:28:08.646000+00:00,-13.833100000000002,2.4576720375,-11.375427962500002
3,8922722577,dota2-yb1-z10-2026-07-31-game2,2026-07-31T16:35:25.057000+00:00,-11.203699999999998,1.0645235775000002,-10.139176422499997
3,8922818221,dota2-xtreme-lgd-2026-07-31-game1,2026-07-31T17:51:24.199000+00:00,-12.695599999999999,2.1111297,-10.5844703
3,8922940920,dota2-xtreme-lgd-2026-07-31-game2,2026-07-31T19:09:48.720000+00:00,38.543599999999955,2.2929993,40.83659929999995
3,8923040358,dota2-xtreme-lgd-2026-07-31,2026-07-31T20:28:40.570000+00:00,0.0,0.0,0.0
3,8923506996,dota2-midas3-tr7-2026-08-01-game1,2026-08-01T05:43:01.223000+00:00,0.0,0.0,0.0
3,8923579943,dota2-midas3-tr7-2026-08-01-game2,2026-08-01T07:02:32.143000+00:00,-21.34959999999998,0.68773959,-20.66186040999998
3,8923643650,dota2-midas3-tr7-2026-08-01,2026-08-01T08:08:01.087000+00:00,25.052300000000017,0.6997690424999999,25.75206904250002
3,8923704450,dota2-yes-vg-2026-08-01-game1,2026-08-01T09:01:56.739000+00:00,3.9875000000000114,1.3863137774999998,5.373813777500011
3,8923780137,dota2-re-playti-2026-08-01-game1,2026-08-01T10:09:39.721000+00:00,-8.771999999999977,0.65092626,-8.121073739999977
3,8923790600,dota2-yes-vg-2026-08-01-game2,2026-08-01T10:14:11.317000+00:00,2.6666000000000167,0.36459088500000003,3.031190885000017
3,8923874259,dota2-re-playti-2026-08-01-game2,2026-08-01T11:26:12.956000+00:00,20.469199999999994,0.57351705,21.042717049999993
3,8923899787,dota2-enjoy-yb1-2026-08-01-game1,2026-08-01T11:45:49.553000+00:00,-59.40592887999995,1.340019034464,-58.06590984553595
3,8924057168,dota2-l1ga-lgd-2026-08-01-game1,2026-08-01T13:34:16.709000+00:00,-1.8246000000000002,0.203032365,-1.6215676350000003
3,8924222714,dota2-l1ga-lgd-2026-08-01-game2,2026-08-01T15:02:43.462000+00:00,0.0,0.0,0.0
3,8924328537,dota2-glyph-z10-2026-08-01-game1,2026-08-01T15:59:42.950000+00:00,-151.45339999999996,1.5698409599999998,-149.88355903999997
3,8924367779,dota2-l1ga-lgd-2026-08-01,2026-08-01T16:23:12.450000+00:00,-9.783871000000007,0.36541095525,-9.418460044750006
3,8924468754,dota2-glyph-z10-2026-08-01-game2,2026-08-01T17:25:49.795000+00:00,6.463599999999985,1.83741291,8.301012909999985
3,8924530036,dota2-rnx-xtreme-2026-08-01-game1,2026-08-01T18:06:50.164000+00:00,4.025500000000008,0.4214441625,4.446944162500008
3,8924616191,dota2-rnx-xtreme-2026-08-01-game2,2026-08-01T19:06:22.446000+00:00,-75.27569999999997,0.9462200175,-74.32947998249998
3,8925210898,dota2-playti-xctn-2026-08-02-game1,2026-08-02T05:28:20.542000+00:00,0.0,0.0,0.0
3,8925308090,dota2-playti-xctn-2026-08-02-game2,2026-08-02T07:03:47.891000+00:00,-1.651600000000009,0.48421541999999995,-1.167384580000009
3,8925543582,dota2-yes-tr7-2026-08-02-game1,2026-08-02T10:44:16.945000+00:00,-0.9090999999999951,1.0817784975,0.17267849750000486
3,8925703946,dota2-yes-tr7-2026-08-02-game2,2026-08-02T11:58:57.158000+00:00,18.327399999999955,1.74036093,20.067760929999956
3,8925847726,dota2-yes-tr7-2026-08-02,2026-08-02T13:17:43.701000+00:00,33.580160230000004,1.1986286750167499,34.778788905016754
3,8926022375,dota2-rnx-yb1-2026-08-02-game1,2026-08-02T15:09:53.856000+00:00,37.27790000000002,2.9127309825,40.19063098250002
3,8926232913,dota2-rnx-yb1-2026-08-02-game2,2026-08-02T16:42:19.665000+00:00,5.285400000000003,2.10687219,7.392272190000003
3,8926381426,dota2-rnx-yb1-2026-08-02,2026-08-02T18:14:10.009000+00:00,-0.09999999999999432,0.87347934,0.7734793400000057
3,8926523280,dota2-z10-lgd-2026-08-02-game1,2026-08-02T19:59:32.068000+00:00,0.0,0.0,0.0
3,8926636219,dota2-z10-lgd-2026-08-02-game2,2026-08-02T21:07:31.416000+00:00,-14.430999999999983,0.5751092999999999,-13.855890699999984
3,8927063876,dota2-glyph-playti-2026-08-03-game2,2026-08-03T06:55:36.873000+00:00,326.75985821999996,3.389273366607,330.1491315866069
3,8927132943,dota2-glyph-playti-2026-08-03,2026-08-03T08:27:35.152000+00:00,14.12598835999998,1.048055831388,15.17404419138798
3,8927207054,dota2-xtreme-tr7-2026-08-03-game1,2026-08-03T10:00:05.212000+00:00,5.802008189999967,0.88240818138825,6.684416371388217
3,8927288399,dota2-xtreme-tr7-2026-08-03-game2,2026-08-03T11:00:48.642000+00:00,1.7108000000000274,1.530660675,3.2414606750000274
3,8927380776,dota2-xtreme-tr7-2026-08-03,2026-08-03T12:15:30.661000+00:00,3.9545973999999546,2.174554208565,6.129151608564955
3,8927539264,dota2-vg-yb1-2026-08-03-game1,2026-08-03T14:05:56.825000+00:00,71.23320000000004,0.50282148,71.73602148000003
3,8927660975,dota2-vg-yb1-2026-08-03-game2,2026-08-03T15:05:20.968000+00:00,14.24119720000003,1.50295248246,15.74414968246003
3,8927760296,dota2-vg-yb1-2026-08-03,2026-08-03T16:18:19.713000+00:00,44.747100000000074,2.6171654925000003,47.364265492500074
3,8927926397,dota2-re-lgd-2026-08-03-game1,2026-08-03T18:09:03.381000+00:00,0.6823318,0.9764663801399999,1.6587981801399998
3,8928050264,dota2-re-lgd-2026-08-03-game2,2026-08-03T19:19:18.313000+00:00,6.614075700000043,0.411637557825,7.025713257825044
3,8928163118,dota2-re-lgd-2026-08-03,2026-08-03T20:43:38.722000+00:00,-27.33699999999995,2.51773779,-24.81926220999995
3,8928851109,dota2-playti-tr7-2026-08-04-game1,2026-08-04T11:30:07.829000+00:00,0.0,0.0,0.0
3,8928953683,dota2-playti-tr7-2026-08-04-game2,2026-08-04T12:46:11.879000+00:00,6.488387000000017,1.227425648625,7.715812648625017
3,8929124210,dota2-yb1-re-2026-08-04-game1,2026-08-04T14:38:55.576000+00:00,0.0,0.0,0.0
3,8929276426,dota2-yb1-re-2026-08-04-game2,2026-08-04T15:54:25.550000+00:00,8.863699050000008,0.42906196786874995,9.292761017868758
3,8929365099,dota2-yb1-re-2026-08-04,2026-08-04T16:51:08.308000+00:00,26.814996230000048,2.86426016659275,29.6792563965928
3,8930200713,dota2-tr7-re-2026-08-05-game1,2026-08-05T08:20:38.811000+00:00,-0.2965760999999958,0.3298669384874999,0.03329083848750414
3,8930258778,dota2-tr7-re-2026-08-05-game2,2026-08-05T09:25:42.941000+00:00,23.094100000000054,5.2961593575000006,28.390259357500057
3,8930398938,dota2-playti-yb1-2026-08-05-game1,2026-08-05T12:24:04.133000+00:00,-22.37780098999997,2.25365638269825,-20.12414460730172
3,8930615242,dota2-playti-yb1-2026-08-05-game2,2026-08-05T14:02:56.166000+00:00,29.688599999999994,1.3406127749999999,31.029212774999994
3,8930736914,dota2-playti-yb1-2026-08-05-game3,2026-08-05T15:09:49.519000+00:00,0.0,0.0,0.0
3,8931781241,dota2-lvlup1-rearis-2026-08-06-game1,2026-08-06T09:28:03.156000+00:00,0.0,0.0,0.0
3,8931852727,dota2-lvlup1-rearis-2026-08-06-game2,2026-08-06T10:30:33.624000+00:00,-50.74709999999999,1.3425837674999999,-49.40451623249999
3,8931981851,dota2-rearis-nh-2026-08-06-game1,2026-08-06T12:26:15.226000+00:00,11.939999999999998,0.457376625,12.397376624999998
3,8932085762,dota2-rearis-nh-2026-08-06-game2,2026-08-06T13:20:21.204000+00:00,0.0,0.0,0.0
3,8932181345,dota2-rearis-nh-2026-08-06,2026-08-06T14:22:22.478000+00:00,4.69318373000003,0.27102459365474996,4.96420832365478
3,8932318084,dota2-nh-lvlup1-2026-08-06-game1,2026-08-06T15:34:15.395000+00:00,-21.664299999999976,0.5431056675,-21.121194332499975
3,8932413808,dota2-nh-lvlup1-2026-08-06-game2,2026-08-06T16:23:29.211000+00:00,0.0,0.0,0.0
3,8932523868,dota2-nh-lvlup1-2026-08-06,2026-08-06T17:36:18.454000+00:00,-11.591699999999996,2.0748662175,-9.516833782499996
3,8932657929,dota2-ill-pr1-2026-08-06-game1,2026-08-06T19:12:10.345000+00:00,-32.1498,0.601418295,-31.548381705
3,8932835800,dota2-ill-pr1-2026-08-06,2026-08-06T21:22:55.783000+00:00,-7.3825,0.5090750625,-6.8734249375
3,8933374169,dota2-nh-z10-2026-08-07-game1,2026-08-07T09:29:47.916000+00:00,0.0,0.0,0.0
3,8933453728,dota2-nh-z10-2026-08-07-game2,2026-08-07T10:40:19.376000+00:00,0.0,0.0,0.0
3,8933575351,dota2-ill-stx-2026-08-07-game1,2026-08-07T12:33:02.695000+00:00,0.0,0.0,0.0
3,8933704579,dota2-ill-stx-2026-08-07-game2,2026-08-07T13:44:43.178000+00:00,4.400400000000019,1.416502485,5.8169024850000195
3,8933879286,dota2-pr1-jenz-2026-08-07-game1,2026-08-07T15:25:51.002000+00:00,-89.4787,3.1197852674999997,-86.3589147325
3,8933988979,dota2-pr1-jenz-2026-08-07-game2,2026-08-07T16:29:38.697000+00:00,-5.349878760000015,0.801394625106,-4.548484134894015
3,8934184387,dota2-jenz-nemiga-2026-08-07-game1,2026-08-07T18:35:03.983000+00:00,0.0,0.0,0.0
3,8934279386,dota2-jenz-nemiga-2026-08-07-game2,2026-08-07T19:33:30.612000+00:00,0.0,0.0,0.0
3,8936825643,dota2-pr1-yes-2026-08-09-game1,2026-08-09T09:22:32.992000+00:00,4.356666859999994,1.703807181261,6.060474041260994
3,8937080738,dota2-pr1-yes-2026-08-09,2026-08-09T12:20:23.208000+00:00,48.13822124999996,3.93078916265625,52.06901041265621
3,8937188618,dota2-lvlup1-mouz-2026-08-09-game1,2026-08-09T13:17:49.636000+00:00,-19.62365040000003,1.378326725745,-18.24532367425503
3,8937335830,dota2-lvlup1-mouz-2026-08-09-game2,2026-08-09T14:27:35.299000+00:00,-5.8248999999999995,2.5048886474999996,-3.3200113525
3,8937484593,dota2-ill-re-2026-08-09-game1,2026-08-09T15:55:00.679000+00:00,-1.0176000000000003,0.06966306,-0.9479369400000003
3,8937631882,dota2-ill-re-2026-08-09-game2,2026-08-09T17:12:21.447000+00:00,37.7025,0.7790195624999999,38.4815195625
3,8937722788,dota2-z10-navi-2026-08-09-game1,2026-08-09T18:17:16.930000+00:00,-6.8535999999999575,1.9299087149999998,-4.923691284999958
3,8938509987,dota2-pr1-mouz-2026-08-10-game1,2026-08-10T09:24:47.767000+00:00,11.120400000000032,2.312962905,13.433362905000031
3,8938565057,dota2-pr1-mouz-2026-08-10-game2,2026-08-10T10:12:07.159000+00:00,-1.207516059999957,1.4434329151604999,0.23591685516054284
3,8938634026,dota2-pr1-mouz-2026-08-10,2026-08-10T11:15:54.851000+00:00,-12.374700000000047,1.3138791225,-11.060820877500047
3,8938716198,dota2-ill-z10-2026-08-10-game1,2026-08-10T12:25:50.383000+00:00,-5.263521379999986,0.9869138005785001,-4.276607579421486
3,8939023869,dota2-yes-lvlup1-2026-08-10-game1,2026-08-10T15:24:37.289000+00:00,33.78129999999993,1.0033723724999999,34.784672372499934
3,8940059913,dota2-lvlup1-navi-2026-08-11-game1,2026-08-11T09:16:02.605000+00:00,42.336446599999945,0.6747340799399999,43.01118067993995
3,8940117837,dota2-lvlup1-navi-2026-08-11-game2,2026-08-11T10:12:11.551000+00:00,-27.89965762999993,2.4501050001232496,-25.449552629876678
3,8940266495,dota2-mouz-re-2026-08-11-game1,2026-08-11T12:16:13.042000+00:00,2.0933250000000214,0.751925848125,2.8452508481250214
3,8940365227,dota2-mouz-re-2026-08-11-game2,2026-08-11T13:12:04.281000+00:00,-15.048900000000005,0.9441961575000001,-14.104703842500005
3,8940487898,dota2-mouz-re-2026-08-11,2026-08-11T14:25:06.999000+00:00,-20.442594700000086,3.6560883178875,-16.786506382112584
3,8940643574,dota2-yes-z10-2026-08-11-game1,2026-08-11T15:45:57.067000+00:00,40.50489999999995,2.5319587425,43.03685874249995
3,8940756672,dota2-yes-z10-2026-08-11-game2,2026-08-11T16:48:25.758000+00:00,-25.778000770000006,1.62872794344075,-24.149272826559255
3,8941656460,dota2-lvlup1-re-2026-08-12-game1,2026-08-12T09:19:34.658000+00:00,8.267499999999998,0.5845218225,8.852021822499998
3,8941733752,dota2-lvlup1-re-2026-08-12-game2,2026-08-12T10:35:42.245000+00:00,23.349370199999996,1.9883411406,25.337711340599995
3,8941817475,dota2-lvlup1-re-2026-08-12,2026-08-12T11:50:26.039000+00:00,5.000100000000003,0.5913868275,5.591486827500003
3,8942003788,dota2-navi-lvlup1-2026-08-12-game1,2026-08-12T13:42:36.457000+00:00,6.544800000000038,0.67781043,7.222610430000038
3,8942152024,dota2-navi-lvlup1-2026-08-12-game2,2026-08-12T14:50:30.897000+00:00,0.8999999999999986,0.20999250000000003,1.1099924999999986
3,8942262723,dota2-navi-lvlup1-2026-08-12-game3,2026-08-12T15:53:47.795000+00:00,5.022539040000005,0.22830865654800003,5.250847696548005
3,8962372120,dota2-ic-nemiga-2026-08-24-game1,2026-08-24T07:17:08.649000+00:00,0.0,0.0,0.0
3,8962458373,dota2-ic-nemiga-2026-08-24-game2,2026-08-24T08:26:45.454000+00:00,0.0,0.6900179399999999,0.6900179399999999
3,8962592819,dota2-ks-lynx-2026-08-24-game1,2026-08-24T10:19:27.562000+00:00,3.3214000000000024,0.44433033,3.7657303300000025
3,8962736746,dota2-ks-lynx-2026-08-24-game2,2026-08-24T11:33:18.452000+00:00,54.89801203000002,2.26698056415825,57.16499259415827
3,8962964580,dota2-sb5-stx-2026-08-24-game1,2026-08-24T13:25:23.881000+00:00,1.2002772300000002,0.006391476249750001,1.20666870624975
3,8963508714,dota2-rearis-lynx-2026-08-24-game2,2026-08-24T17:37:20.349000+00:00,3.9780000000000015,2.650529175,6.6285291750000015
3,8963649188,dota2-dynast1-fts-2026-08-24-game1,2026-08-24T19:15:00.848000+00:00,24.143400000000014,0.346099455,24.489499455000015
3,8963790789,dota2-dynast1-fts-2026-08-24-game2,2026-08-24T20:20:45.642000+00:00,16.786399999999993,1.3237235850000002,18.110123584999993
3,8964399842,dota2-pckcp-nemiga-2026-08-25-game1,2026-08-25T07:22:10.248000+00:00,-34.69939955999996,2.4121027169055,-32.28729684309446
3,8964480771,dota2-pckcp-nemiga-2026-08-25-game2,2026-08-25T08:31:41.723000+00:00,-5.3214986400000015,3.134538535422,-2.1869601045780014
3,8964574076,dota2-pckcp-nemiga-2026-08-25,2026-08-25T09:52:05.670000+00:00,0.019999999999997797,0.24689249999999996,0.26689249999999776
3,8964657335,dota2-fts-pckcp-2026-08-25-game1,2026-08-25T10:52:11.864000+00:00,7.35299999999998,0.45739336499999994,7.81039336499998
3,8964837315,dota2-fts-pckcp-2026-08-25-game2,2026-08-25T12:34:06.314000+00:00,-12.012800339999998,0.9319068132914999,-11.080893526708499
3,8964962329,dota2-ic-fts-2026-08-25-game1,2026-08-25T13:50:36.471000+00:00,81.89753258000005,1.0671711107894999,82.96470369078955
3,8965097316,dota2-ic-fts-2026-08-25-game2,2026-08-25T14:41:01.046000+00:00,1.4617150399999588,0.998501065248,2.4602161052479588
3,8964938940,dota2-rearis-spirit1-2026-08-25-game1,2026-08-25T16:23:39.394000+00:00,0.19865768000000017,0.160143820722,0.3588015007220002
3,8965544741,dota2-rearis-spirit1-2026-08-25,2026-08-25T18:44:21.316000+00:00,-21.215281040000065,2.903569318968,-18.311711721032065
3,8969842778,dota2-pckcp-ic-2026-08-28-game2,2026-08-28T08:21:21.985000+00:00,30.046614379999994,2.038806586761,32.08542096676099
3,8969978865,dota2-rearis-sb5-2026-08-28-game1,2026-08-28T10:27:01.322000+00:00,0.7270000000000003,0.043347374999999994,0.7703473750000003
3,8970089224,dota2-rearis-sb5-2026-08-28-game2,2026-08-28T11:41:09.553000+00:00,0.9600000000000009,0.057456,1.0174560000000008
3,8970207176,dota2-rearis-sb5-2026-08-28,2026-08-28T12:56:49.576000+00:00,5.084433039999986,0.8620891182839999,5.946522158283986
3,8970338180,dota2-synaps-nemiga-2026-08-28-game1,2026-08-28T14:09:13.367000+00:00,0.0,0.67500675,0.67500675
3,8970352005,dota2-dynast1-ic-2026-08-28-game1,2026-08-28T14:10:35.964000+00:00,0.44515769999999755,0.109103176755,0.5542608767549976
3,8970470057,dota2-synaps-nemiga-2026-08-28-game2,2026-08-28T15:09:53.245000+00:00,0.0,0.0,0.0
3,8970485789,dota2-dynast1-ic-2026-08-28-game2,2026-08-28T15:14:26.848000+00:00,-28.624503830000002,2.9212250632507497,-25.703278766749253
3,8970575970,dota2-synaps-nemiga-2026-08-28,2026-08-28T16:02:11.965000+00:00,-7.097799999999999,0.9636132599999999,-6.13418674
3,8970655100,dota2-dynast1-ic-2026-08-28,2026-08-28T16:43:34.585000+00:00,-43.52601115999999,1.485810718767,-42.04020044123299
3,8970886632,dota2-dynast1-pckcp-2026-08-28-game2,2026-08-28T18:51:22.084000+00:00,35.355632379999975,1.06699244841,36.42262482840997
3,8971007454,dota2-ks-rearis-2026-08-28-game1,2026-08-28T20:11:41.712000+00:00,-2.852499999999978,1.1388729375,-1.7136270624999779
3,8971016820,dota2-fts-nemiga-2026-08-28-game1,2026-08-28T20:17:43.711000+00:00,0.0,0.0,0.0
3,8971111987,dota2-ks-rearis-2026-08-28-game2,2026-08-28T21:24:47.695000+00:00,-1.8844162000000013,0.065324173275,-1.8190920267250013
3,8971423978,dota2-db2-satan-2026-08-28-game2,2026-08-29T03:20:55.120000+00:00,0.0,0.0,0.0
3,8971501630,dota2-nexus-cres-2026-08-28,2026-08-29T04:51:09.441000+00:00,-101.85418530999999,2.02420096462725,-99.82998434537274
3,8971519375,dota2-nem-6seven-2026-08-29-game1,2026-08-29T05:14:15.579000+00:00,1.5021999999999878,0.531318105,2.0335181049999878
3,8971586781,dota2-nem-6seven-2026-08-29-game2,2026-08-29T06:13:46.689000+00:00,-11.640599999999985,1.100527125,-10.540072874999986
3,8971664649,dota2-nem-6seven-2026-08-29,2026-08-29T07:24:10.704000+00:00,0.40281708000000194,0.075831958512,0.4786490385120019
3,8971753986,dota2-icecre-kineti-2026-08-29-game1,2026-08-29T08:38:12.829000+00:00,0.0,0.0,0.0
3,8971849697,dota2-icecre-kineti-2026-08-29-game2,2026-08-29T09:43:14.699000+00:00,0.35519999999999996,0.040093199999999996,0.39529319999999996
3,8971891627,dota2-dynast1-nemiga-2026-08-29-game1,2026-08-29T10:17:49.464000+00:00,13.258300000000045,0.5572213724999999,13.815521372500044
3,8971964803,dota2-mouz-yes-2026-08-29-game1,2026-08-29T11:13:49.271000+00:00,-17.046748599999972,2.853042444354,-14.193706155645973
3,8971988345,dota2-sb5-lynx-2026-08-29-game1,2026-08-29T11:21:30.742000+00:00,9.75249999999999,0.2212430775,9.973743077499991
3,8972103119,dota2-sb5-lynx-2026-08-29-game2,2026-08-29T12:31:54.536000+00:00,-9.879629800000018,0.632880465255,-9.246749334745019
3,8972115962,dota2-mouz-yes-2026-08-29-game2,2026-08-29T12:36:59.931000+00:00,-60.20439999999999,4.205015625,-55.99938437499999
3,8972289868,dota2-huliga-lynx-2026-08-29-game1,2026-08-29T14:15:10.550000+00:00,-54.86129024000007,4.534271060472,-50.32701917952807
3,8972502454,dota2-huliga-lynx-2026-08-29-game2,2026-08-29T15:52:19.963000+00:00,-0.1751999999999896,0.64934775,0.4741477500000104
3,8972611918,dota2-huliga-lynx-2026-08-29,2026-08-29T16:49:36.587000+00:00,10.594199999999962,1.9537947450000002,12.547994744999961
3,8972773416,dota2-pi-lvlup1-2026-08-29-game1,2026-08-29T18:17:23.637000+00:00,8.589651999999994,0.7743095339999999,9.363961533999994
3,8972893200,dota2-pi-lvlup1-2026-08-29-game2,2026-08-29T19:20:53.860000+00:00,-23.90649999999998,1.0753536824999999,-22.83114631749998
3,8973011673,dota2-pi-lvlup1-2026-08-29,2026-08-29T20:33:12.059000+00:00,-1.6129999999999987,0.054870569999999994,-1.5581294299999986
3,8973010298,dota2-ks-spirit1-2026-08-29-game1,2026-08-29T20:38:42.759000+00:00,-4.05,0.039723749999999995,-4.0102762499999995
3,8973337131,dota2-icecre-xctn-2026-08-30-game1,2026-08-30T02:14:49.254000+00:00,0.0,0.0,0.0
3,8973405568,dota2-icecre-xctn-2026-08-30-game2,2026-08-30T03:19:55.483000+00:00,5.000119630000015,0.61244804593125,5.612567675931265
3,8973462028,dota2-icecre-xctn-2026-08-30,2026-08-30T04:30:11.988000+00:00,-5.903415999999993,1.0791553476,-4.8242606523999925
3,8973502629,dota2-clo-yb1-2026-08-30-game1,2026-08-30T05:13:07.837000+00:00,-7.1000000000000085,0.489860655,-6.610139345000008
3,8973568453,dota2-clo-yb1-2026-08-30-game2,2026-08-30T06:12:50.377000+00:00,-3.316375939999986,0.2700382454895,-3.0463376945104863
3,8973613420,dota2-clo-yb1-2026-08-30,2026-08-30T07:04:46.677000+00:00,20.44329784000002,0.510669140586,20.95396698058602
3,8973707438,dota2-lynx-lvlup1-2026-08-30-game1,2026-08-30T08:16:36.050000+00:00,-1.4210854715202004e-14,0.82499175,0.8249917499999858
3,8973859403,dota2-lynx-lvlup1-2026-08-30-game2,2026-08-30T09:56:31.353000+00:00,-4.3181687299999965,0.9766058318782499,-3.3415628981217464
3,8973884000,dota2-nem-xctn-2026-08-30-game2,2026-08-30T10:12:32.710000+00:00,9.322974399999993,0.5491218367199999,9.872096236719992
3,8973944033,dota2-lynx-lvlup1-2026-08-30,2026-08-30T10:50:43.696000+00:00,1.2463000000000122,1.1567619075,2.403061907500012
3,8974185539,dota2-navi-mouz-2026-08-30-game2,2026-08-30T13:08:29.090000+00:00,-60.15719212000002,1.858372768584,-58.29881935141602
3,8974647733,dota2-lvlup1-pr1-2026-08-30-game1,2026-08-30T17:09:16.077000+00:00,-20.90114179000002,2.66040556228425,-18.240736227715768
3,8974898633,dota2-lvlup1-pr1-2026-08-30,2026-08-30T19:25:58.777000+00:00,-9.263924800000026,0.8968520559,-8.367072744100026
3,8975110449,dota2-dynast1-ks-2026-08-30-game2,2026-08-30T21:54:27.706000+00:00,6.944500000000005,0.3944823224999999,7.338982322500005
3,8975871235,dota2-synaps-lynx-2026-08-31-game1,2026-08-31T12:26:44.788000+00:00,-17.05550239000001,1.45291958880075,-15.602582801199262
3,8976012755,dota2-synaps-lynx-2026-08-31-game2,2026-08-31T13:41:35.303000+00:00,4.2165000000000035,0.5615537774999999,4.778053777500004
3,8976166971,dota2-synaps-lynx-2026-08-31,2026-08-31T15:09:07.826000+00:00,2.9119759600000066,1.5871070050169998,4.499082965017006
3,8976300473,dota2-4iki-ic-2026-08-31-game1,2026-08-31T16:25:39.940000+00:00,2.2532352599999825,0.6674897856285,2.9207250456284823
3,8976441468,dota2-4iki-ic-2026-08-31-game2,2026-08-31T17:43:06.122000+00:00,26.17820000000001,0.66411843,26.84231843000001
3,8976511215,dota2-4iki-ic-2026-08-31,2026-08-31T18:29:54.020000+00:00,132.90919224,1.931599174404,134.840791414404
3,8976665322,dota2-spirit1-pi-2026-08-31-game1,2026-08-31T20:26:57.494000+00:00,23.63226806000001,1.020438028971,24.65270608897101
3,8976751962,dota2-spirit1-pi-2026-08-31-game2,2026-08-31T21:40:17.685000+00:00,0.0,0.0,0.0
3,8977325814,dota2-ks-pckcp-2026-09-01-game2,2026-09-01T10:26:27.059000+00:00,5.630598639999903,0.9628613018189998,6.593459941818903
3,8977476867,dota2-ic-lynx-2026-09-01-game1,2026-09-01T12:26:04.131000+00:00,7.142799999999994,0.6514233599999999,7.794223359999994
3,8977623650,dota2-ic-lynx-2026-09-01-game2,2026-09-01T13:53:28.128000+00:00,21.685499999999966,2.4923170575,24.177817057499965
3,8977913355,dota2-synaps-lvlup1-2026-09-01-game2,2026-09-01T16:37:59.217000+00:00,14.480000000000018,0.6471839999999999,15.127184000000018
3,8978023576,dota2-synaps-lvlup1-2026-09-01,2026-09-01T17:45:54.185000+00:00,-18.789181440000007,0.665350209888,-18.123831230112007
3,8978832148,dota2-pr1-ic-2026-09-02-game1,2026-09-02T09:52:32.767000+00:00,73.47458200999995,1.39456069681725,74.8691427068172
3,8978916284,dota2-pr1-ic-2026-09-02-game2,2026-09-02T11:19:11.539000+00:00,0.0,0.0,0.0
3,8978986214,dota2-pr1-ic-2026-09-02,2026-09-02T12:20:55.440000+00:00,-2.7398000000000025,0.414052275,-2.3257477250000025
3,8979131280,dota2-dynast1-pckcp-2026-09-02-game1,2026-09-02T13:56:13.878000+00:00,0.0,0.0,0.0
3,8979241530,dota2-dynast1-pckcp-2026-09-02-game2,2026-09-02T14:56:18.245000+00:00,11.533047399999958,1.0384496094,12.571497009399959
3,8979344496,dota2-synaps-4iki-2026-09-02-game1,2026-09-02T15:59:27.587000+00:00,2.47594851999998,2.542291187556,5.0182397075559795
3,8980293569,dota2-z10-ks-2026-09-03-game1,2026-09-03T09:18:42.909000+00:00,-1.428600000000003,0.454187655,-0.974412345000003
3,8980358113,dota2-z10-ks-2026-09-03-game2,2026-09-03T10:27:20.250000+00:00,-5.161005850000009,0.55020764764125,-4.610798202358759
3,8980463789,dota2-pckcp-spirit1-2026-09-03-game1,2026-09-03T12:14:02.762000+00:00,4.888999999999982,0.546862665,5.4358626649999815
3,8980769413,dota2-pi-dynast1-2026-09-03-game1,2026-09-03T15:17:23.998000+00:00,13.653913800000005,0.4384917683099999,14.092405568310005
4,8837869969,dota2-aur1-ty-2026-06-04-game1,2026-06-04T09:17:47.612000+00:00,9.459799329999996,2.05304003753775,11.512839367537746
4,8837957019,dota2-aur1-ty-2026-06-04-game2,2026-06-04T11:05:49.570000+00:00,-18.17469999999993,4.7429309024999995,-13.43176909749993
4,8838056564,dota2-flc-liquid-2026-06-04-game1,2026-06-04T12:43:48.535000+00:00,-47.467300000000016,2.9105796975,-44.55672030250002
4,8838170936,dota2-flc-liquid-2026-06-04-game2,2026-06-04T14:05:12.636000+00:00,-5.8316016999999505,4.018879929266999,-1.812721770732951
4,8838396820,dota2-lgd-ty-2026-06-04-game2,2026-06-04T16:48:28.531000+00:00,-21.415000859999992,2.452040997033,-18.962959862966994
4,8838480778,dota2-lgd-ty-2026-06-04,2026-06-04T17:57:47.377000+00:00,-22.579101080000015,3.0620678721704997,-19.517033207829517
4,8839123109,dota2-flc-bb4-2026-06-05-game1,2026-06-05T09:16:39.267000+00:00,-4.451300000000003,0.4234737675,-4.027826232500003
4,8839193447,dota2-flc-bb4-2026-06-05-game2,2026-06-05T10:38:10.594000+00:00,16.01357911000005,1.4408141131057501,17.454393223105804
4,8839366504,dota2-lgd-liquid-2026-06-05-game2,2026-06-05T13:21:18.066000+00:00,-54.27340000000001,2.66865462,-51.60474538000001
4,8839494962,dota2-flc-aur1-2026-06-05-game1,2026-06-05T14:52:18.684000+00:00,8.12279999999997,1.711905315,9.834705314999969
4,8839625815,dota2-flc-aur1-2026-06-05-game2,2026-06-05T16:13:53.150000+00:00,8.703835080000019,0.601841061354,9.305676141354018
4,8839717574,dota2-flc-aur1-2026-06-05,2026-06-05T17:21:15.591000+00:00,-7.653977679999997,1.545923476737,-6.108054203262997
4,8840635639,dota2-ty-bb4-2026-06-06-game1,2026-06-06T10:47:49.658000+00:00,0.0,0.0,0.0
4,8840704374,dota2-ty-bb4-2026-06-06-game2,2026-06-06T11:51:44.485000+00:00,-7.628022339999994,1.8018303319934998,-5.826192008006494
4,8840821227,dota2-ty-bb4-2026-06-06,2026-06-06T13:12:37.368000+00:00,52.87829999999997,2.3284474724999997,55.20674747249997
4,8840984097,dota2-aur1-lgd-2026-06-06-game1,2026-06-06T15:05:33.978000+00:00,5.641530280000012,0.928539986259,6.5700702662590125
4,8841114801,dota2-aur1-lgd-2026-06-06-game2,2026-06-06T16:30:29.855000+00:00,16.502599999999973,1.16914755,17.67174754999997
4,8842052142,dota2-bb4-lgd-2026-06-07-game1,2026-06-07T09:18:04.694000+00:00,45.45399999999999,0.8127175200000001,46.26671751999999
4,8842134886,dota2-bb4-lgd-2026-06-07-game2,2026-06-07T10:28:41.168000+00:00,15.591100000000026,2.9340153675,18.525115367500025
4,8842245726,dota2-bb4-lgd-2026-06-07,2026-06-07T11:59:53.564000+00:00,8.89919999999995,3.0633987,11.962598699999951
4,8842468101,dota2-ty-lgd-2026-06-07-game1,2026-06-07T14:21:40.854000+00:00,-73.6982416,1.0573345222200001,-72.64090707778
4,8842596730,dota2-ty-lgd-2026-06-07-game2,2026-06-07T15:49:20.066000+00:00,-9.78109999999998,0.8840449724999999,-8.897055027499981
4,8842722527,dota2-ty-lgd-2026-06-07-game3,2026-06-07T17:12:22.566000+00:00,31.001297149999964,1.54674486852375,32.54804201852372
4,8842845018,dota2-ty-lgd-2026-06-07-game4,2026-06-07T18:51:58.999000+00:00,2.9707662799999923,0.559497225441,3.5302635054409923
4,8843465364,dota2-4iki-nande4-2026-06-08-game1,2026-06-08T09:15:08.776000+00:00,-65.50698059999996,2.418572067435,-63.08840853256496
4,8843512570,dota2-4iki-nande4-2026-06-08-game2,2026-06-08T10:09:45.609000+00:00,-1.538499999999992,0.4394746125,-1.099025387499992
4,8843560379,dota2-4iki-nande4-2026-06-08,2026-06-08T11:10:54.138000+00:00,-0.3300000000000054,0.22249425,-0.1075057500000054
4,8843760302,dota2-vpp-balu-2026-06-08-game2,2026-06-08T13:42:26.324000+00:00,-4.705999999999989,0.24830032499999993,-4.457699674999989
4,8844054970,dota2-z10-sb5-2026-06-08-game2,2026-06-08T17:08:41.204000+00:00,38.8892,0.21000168,39.09920168
4,8844132483,dota2-vpp-z10-2026-06-08-game1,2026-06-08T18:23:01.210000+00:00,0.0,0.0,0.0
4,8844244719,dota2-vpp-z10-2026-06-08-game2,2026-06-08T19:45:42.908000+00:00,12.412800000000004,0.40391682,12.816716820000003
4,8844308689,dota2-vpp-z10-2026-06-08,2026-06-08T20:50:38.757000+00:00,150.24210000000002,2.0198303325,152.26193033250001
4,8850534819,dota2-ill-pr1-2026-06-13-game2,2026-06-13T17:10:42.502000+00:00,-4.75,0.36977625,-4.38022375
4,8850593633,dota2-ill-pr1-2026-06-13,2026-06-13T18:00:57.551000+00:00,0.0,0.0,0.0
4,8851984783,dota2-4iki-pr1-2026-06-14-game2,2026-06-14T16:46:25.798000+00:00,6.716100000000004,0.7697187225,7.485818722500005
4,8852055373,dota2-4iki-pr1-2026-06-14,2026-06-14T17:46:02.690000+00:00,-1.556400000000001,0.051913259999999996,-1.5044867400000008
4,8854443395,dota2-fla-spirit1-2026-06-16-game1,2026-06-16T16:31:44.570000+00:00,-2.0,0.11019,-1.88981
4,8885183102,dota2-flc-bb4-2026-07-07-game1,2026-07-07T09:47:24.433000+00:00,-25.43536250000001,1.1850084778125,-24.250354022187512
4,8885195986,dota2-re-xtreme-2026-07-07-game1,2026-07-07T09:55:03.037000+00:00,16.87419304,0.622081329624,17.496274369624
4,8885252329,dota2-flc-bb4-2026-07-07-game2,2026-07-07T11:01:59.599000+00:00,-2.9493207999999527,1.04160659766,-1.9077142023399527
4,8885275216,dota2-re-xtreme-2026-07-07-game2,2026-07-07T11:16:11.813000+00:00,-4.724000000000004,0.44827387500000004,-4.275726125000004
4,8885365825,dota2-l1ga-ngx-2026-07-07-game1,2026-07-07T12:34:49.112000+00:00,0.0,0.0,0.0
4,8885380529,dota2-liquid-playti-2026-07-07-game1,2026-07-07T12:43:07.045000+00:00,-10.181100000000015,1.9345781324999998,-8.246521867500014
4,8885411801,dota2-lvlup1-aur1-2026-07-07-game1,2026-07-07T13:06:28.530000+00:00,0.0,0.0,0.0
4,8885470551,dota2-l1ga-ngx-2026-07-07-game2,2026-07-07T13:39:34.570000+00:00,15.012700000000049,1.4710838775,16.48378387750005
4,8885473599,dota2-liquid-playti-2026-07-07-game2,2026-07-07T13:52:27.923000+00:00,-16.0792,3.002233395,-13.076966604999999
4,8885529711,dota2-lvlup1-aur1-2026-07-07-game2,2026-07-07T14:23:52.590000+00:00,4.210400000000007,0.045314430000000044,4.255714430000007
4,8885633666,dota2-ts8-mouz-2026-07-07-game1,2026-07-07T15:33:28.678000+00:00,49.88140000000004,3.094305525,52.975705525000045
4,8885665054,dota2-nem-pari-2026-07-07-game1,2026-07-07T15:41:38.548000+00:00,9.726911039999997,0.316649938776,10.043560978775997
4,8885784652,dota2-ts8-mouz-2026-07-07-game2,2026-07-07T17:16:32.961000+00:00,-19.016001439999982,1.7271065202479998,-17.288894919751982
4,8885871759,dota2-ic-1win-2026-07-07-game1,2026-07-07T18:31:07.999000+00:00,0.6000000000000014,0.032744999999999996,0.6327450000000014
4,8885928262,dota2-ty-og-2026-07-07-game1,2026-07-07T19:03:44.444000+00:00,21.320099999999996,0.22387107749999996,21.543971077499997
4,8885974297,dota2-ic-1win-2026-07-07-game2,2026-07-07T19:32:14.446000+00:00,0.0,0.0,0.0
4,8886005043,dota2-ty-og-2026-07-07-game2,2026-07-07T20:03:05.981000+00:00,-0.3999999999999986,0.05622,-0.3437799999999986
4,8886576019,dota2-poorra-bb4-2026-07-08-game1,2026-07-08T09:20:01.472000+00:00,0.0,0.0,0.0
4,8886572854,dota2-gl-xtreme-2026-07-08-game1,2026-07-08T09:27:27.007000+00:00,-52.28429999999997,1.6030980975,-50.68120190249997
4,8886638110,dota2-poorra-bb4-2026-07-08-game2,2026-07-08T10:36:00.005000+00:00,6.098700000000001,0.8458634174999999,6.944563417500001
4,8886640910,dota2-flc-re-2026-07-08-game2,2026-07-08T10:39:41.623000+00:00,21.800333069999965,0.7555468617577498,22.555879931757715
4,8886641793,dota2-gl-xtreme-2026-07-08-game2,2026-07-08T10:45:04.782000+00:00,14.353799120000042,1.995787924464,16.34958704446404
4,8886728756,dota2-l1ga-playti-2026-07-08-game1,2026-07-08T12:02:19.795000+00:00,2.650799999999972,1.451773275,4.102573274999972
4,8886736772,dota2-liquid-lvlup1-2026-07-08-game1,2026-07-08T12:08:59.488000+00:00,2.353200000000001,0.19676493,2.549964930000001
4,8886788497,dota2-ngx-aur1-2026-07-08-game1,2026-07-08T12:47:30.744000+00:00,3.1433276700000192,0.6004250252032499,3.743752695203269
4,8886815251,dota2-l1ga-playti-2026-07-08-game2,2026-07-08T13:04:20.712000+00:00,38.8892,0.21000167999999997,39.09920168
4,8886862310,dota2-liquid-lvlup1-2026-07-08-game2,2026-07-08T13:37:25.898000+00:00,0.0,0.0,0.0
4,8886994890,dota2-ts8-nem-2026-07-08-game1,2026-07-08T14:59:11.781000+00:00,-3.571499999999986,0.2574158624999999,-3.3140841374999863
4,8887100676,dota2-vg-pari-2026-07-08-game1,2026-07-08T16:18:23.954000+00:00,1.2194999999999823,0.26405223750000006,1.4835522374999823
4,8887114313,dota2-ts8-nem-2026-07-08-game2,2026-07-08T16:15:19.583000+00:00,-49.68499076000002,1.3138699144109998,-48.37112084558902
4,8887197358,dota2-vg-pari-2026-07-08-game2,2026-07-08T17:23:00.102000+00:00,0.0,0.0,0.0
4,8887218598,dota2-lgd-og-2026-07-08-game1,2026-07-08T17:27:41.870000+00:00,4.826700000000017,0.4932382424999999,5.319938242500017
4,8887260104,dota2-ty-ic-2026-07-08-game1,2026-07-08T17:58:24.214000+00:00,0.0,0.0,0.0
4,8887314193,dota2-lgd-og-2026-07-08-game2,2026-07-08T18:40:30.736000+00:00,-44.1435,2.3012483475,-41.8422516525
4,8887325211,dota2-vp-1win-2026-07-08-game1,2026-07-08T18:51:24.334000+00:00,-15.965599999999966,1.316912055,-14.648687944999967
4,8887337672,dota2-ty-ic-2026-07-08-game2,2026-07-08T19:01:29.872000+00:00,0.0,0.0,0.0
4,8887432754,dota2-vp-1win-2026-07-08-game2,2026-07-08T20:20:02.742000+00:00,23.832600000000014,0.46592210999999994,24.298522110000015
4,8887986392,dota2-poorra-xtreme-2026-07-09-game1,2026-07-09T09:21:30.237000+00:00,-23.446100449999953,2.98145136530625,-20.464649084693704
4,8887998750,dota2-bb4-re-2026-07-09-game1,2026-07-09T09:29:32.198000+00:00,0.0,0.0,0.0
4,8888056358,dota2-poorra-xtreme-2026-07-09-game2,2026-07-09T10:34:44.979000+00:00,72.83329615999997,3.547254781164,76.38055094116397
4,8888066684,dota2-bb4-re-2026-07-09-game2,2026-07-09T10:43:25.275000+00:00,-6.8740999999999985,0.5072594774999999,-6.366840522499999
4,8888083694,dota2-gl-flc-2026-07-09-game2,2026-07-09T11:11:32.224000+00:00,23.29045418000004,1.6472180639835,24.937672243983542
4,8888160657,dota2-l1ga-aur1-2026-07-09-game1,2026-07-09T12:09:38.901000+00:00,2.169019999999996,0.7429979640000001,2.9120179639999964
4,8888173515,dota2-playti-lvlup1-2026-07-09-game1,2026-07-09T12:20:27.216000+00:00,0.0,0.33001253999999997,0.33001253999999997
4,8888217771,dota2-ngx-liquid-2026-07-09-game1,2026-07-09T12:52:14.212000+00:00,7.51985624000001,0.9095161088039999,8.42937234880401
4,8888260336,dota2-l1ga-aur1-2026-07-09-game2,2026-07-09T13:20:05.771000+00:00,-2.549999999999997,0.19985625,-2.3501437499999973
4,8888279558,dota2-playti-lvlup1-2026-07-09-game2,2026-07-09T13:33:23.111000+00:00,5.586099999999989,0.33937107749999995,5.9254710774999895
4,8888318197,dota2-ngx-liquid-2026-07-09-game2,2026-07-09T14:04:08.888000+00:00,-9.058400000000077,3.367442385,-5.690957615000077
4,8888405761,dota2-mouz-nem-2026-07-09-game1,2026-07-09T14:48:45.816000+00:00,0.0,0.0,0.0
4,8888425887,dota2-rnx-pari-2026-07-09-game1,2026-07-09T15:02:02.148000+00:00,7.641099999999998,0.23662718250000003,7.877727182499998
4,8888489297,dota2-vg-ts8-2026-07-09-game1,2026-07-09T15:42:43.149000+00:00,-20.492399999999975,0.9049204499999999,-19.587479549999976
4,8888555097,dota2-mouz-nem-2026-07-09-game2,2026-07-09T16:24:34.308000+00:00,-25.160899999999987,1.9741922475,-23.186707752499988
4,8888554919,dota2-rnx-pari-2026-07-09-game2,2026-07-09T16:26:10.054000+00:00,0.0,0.0,0.0
4,8888592426,dota2-vg-ts8-2026-07-09-game2,2026-07-09T16:59:54.115000+00:00,-3.9536999999999978,1.2515989875,-2.702101012499998
4,8888682602,dota2-og-ic-2026-07-09-game1,2026-07-09T17:53:01.981000+00:00,-9.318399999999972,1.40828517,-7.910114829999972
4,8888693655,dota2-vp-ty-2026-07-09-game1,2026-07-09T18:07:57.629000+00:00,2.3256000000000085,0.1970946,2.5226946000000083
4,8888731478,dota2-lgd-1win-2026-07-09-game1,2026-07-09T18:35:20.326000+00:00,-6.016661599999978,1.00325793258,-5.013403667419977
4,8888771711,dota2-og-ic-2026-07-09-game2,2026-07-09T19:04:50.495000+00:00,0.0,0.0,0.0
4,8888819433,dota2-lgd-1win-2026-07-09-game2,2026-07-09T19:41:02.532000+00:00,-2.013701139999995,0.8809543071135001,-1.132746832886495
4,8889452921,dota2-re-gl-2026-07-10-game1,2026-07-10T09:17:34.068000+00:00,11.937600000000018,1.13507928,13.072679280000017
4,8889468264,dota2-xtreme-bb4-2026-07-10-game1,2026-07-10T09:26:30.741000+00:00,-15.442900000000009,1.7447783024999999,-13.698121697500008
4,8889513730,dota2-poorra-flc-2026-07-10-game2,2026-07-10T10:17:36.842000+00:00,3.529500000000013,0.2056816125,3.735181612500013
4,8889524021,dota2-xtreme-bb4-2026-07-10-game2,2026-07-10T10:37:39.793000+00:00,1.5404714200000171,1.0164138311145,2.556885251114517
4,8889538949,dota2-re-gl-2026-07-10-game2,2026-07-10T10:40:57.402000+00:00,-51.983300000000014,1.4456913225,-50.53760867750002
4,8889615310,dota2-l1ga-liquid-2026-07-10-game1,2026-07-10T11:48:20.990000+00:00,-3.529500000000013,0.5427413624999999,-2.986758637500013
4,8889621582,dota2-aur1-playti-2026-07-10-game1,2026-07-10T11:57:42.116000+00:00,-12.263699999999979,1.4286483075,-10.83505169249998
4,8889699098,dota2-l1ga-liquid-2026-07-10-game2,2026-07-10T12:46:15.831000+00:00,0.0,0.0,0.0
4,8889733840,dota2-aur1-playti-2026-07-10-game2,2026-07-10T13:14:22.837000+00:00,-37.02279999999999,2.13599895,-34.88680104999999
4,8889871314,dota2-nem-vg-2026-07-10-game1,2026-07-10T14:27:52.631000+00:00,6.579000000000008,0.331877655,6.910877655000007
4,8889914618,dota2-pari-mouz-2026-07-10-game1,2026-07-10T14:59:49.254000+00:00,0.0,0.0,0.0
4,8889944251,dota2-rnx-ts8-2026-07-10-game1,2026-07-10T15:15:29.857000+00:00,7.741099999999989,0.23598218250000003,7.977082182499989
4,8890008812,dota2-nem-vg-2026-07-10-game2,2026-07-10T15:49:04.827000+00:00,27.389066999999983,0.7842557081249999,28.17332270812498
4,8890036748,dota2-pari-mouz-2026-07-10-game2,2026-07-10T16:15:07.698000+00:00,3.6600000000000037,0.09908249999999999,3.759082500000004
4,8890074597,dota2-rnx-ts8-2026-07-10-game2,2026-07-10T16:28:42.555000+00:00,0.0,0.0,0.0
4,8890179830,dota2-lgd-ty-2026-07-10-game1,2026-07-10T17:38:53.401000+00:00,16.732399999999956,1.756360005,18.488760004999957
4,8890270555,dota2-1win-og-2026-07-10-game2,2026-07-10T18:36:26.467000+00:00,0.0,0.0,0.0
4,8890268632,dota2-lgd-ty-2026-07-10-game2,2026-07-10T18:43:14.663000+00:00,-1.3332999999999942,0.3798905025,-0.9534094974999942
4,8890301402,dota2-ic-vp-2026-07-10-game2,2026-07-10T18:52:09.717000+00:00,0.0,0.0,0.0
4,8891108843,dota2-poorra-re-2026-07-11-game1,2026-07-11T09:15:44.932000+00:00,0.7799999999999994,0.0478725,0.8278724999999993
4,8891108985,dota2-bb4-gl-2026-07-11-game1,2026-07-11T09:17:06.187000+00:00,5.151799999999952,1.01860905,6.170409049999952
4,8891145641,dota2-xtreme-flc-2026-07-11-game1,2026-07-11T09:30:07.111000+00:00,0.0,0.0,0.0
4,8891217710,dota2-poorra-re-2026-07-11-game2,2026-07-11T10:44:50.172000+00:00,-58.30970070000001,2.0637806901375,-56.24592000986251
4,8891240327,dota2-xtreme-flc-2026-07-11-game2,2026-07-11T11:01:14.698000+00:00,-4.253799999999998,1.119185385,-3.1346146149999985
4,8891325877,dota2-l1ga-lvlup1-2026-07-11-game1,2026-07-11T12:09:46.181000+00:00,-0.033900000000002706,0.3514272525,0.3175272524999973
4,8891349244,dota2-playti-ngx-2026-07-11-game1,2026-07-11T12:27:52.369000+00:00,7.314899999999984,2.5344450975,9.849345097499985
4,8891371442,dota2-aur1-liquid-2026-07-11-game1,2026-07-11T12:43:19.319000+00:00,9.256714640000006,0.5163108517380001,9.773025491738005
4,8891438996,dota2-l1ga-lvlup1-2026-07-11-game2,2026-07-11T13:19:40.554000+00:00,-4.720000000000006,0.1710435,-4.548956500000006
4,8891497910,dota2-aur1-liquid-2026-07-11-game2,2026-07-11T13:53:37.287000+00:00,6.092798119999998,0.21815090633399997,6.310949026333998
4,8891519142,dota2-playti-ngx-2026-07-11-game2,2026-07-11T14:08:43.754000+00:00,-40.47192239999989,1.50206673174,-38.96985566825989
4,8892829232,dota2-mouz-vg-2026-07-12-game1,2026-07-12T09:15:57.248000+00:00,-111.28440063999999,2.336284317888,-108.94811632211199
4,8892835652,dota2-rnx-nem-2026-07-12-game1,2026-07-12T09:19:01.546000+00:00,-37.65150000000003,2.0988238575000002,-35.552676142500026
4,8892836635,dota2-pari-ts8-2026-07-12-game1,2026-07-12T09:26:06.808000+00:00,-21.379299999999954,3.0124369575,-18.366863042499954
4,8892923329,dota2-mouz-vg-2026-07-12-game2,2026-07-12T10:25:59.512000+00:00,-122.67300104,3.3365778715679997,-119.336423168432
4,8892914077,dota2-pari-ts8-2026-07-12-game2,2026-07-12T10:31:28.406000+00:00,6.66548819999997,2.0594981873699996,8.72498638736997
4,8892958964,dota2-rnx-nem-2026-07-12-game2,2026-07-12T10:53:08.655000+00:00,-54.5317,0.5556113025,-53.9760886975
4,8893070561,dota2-1win-ty-2026-07-12-game1,2026-07-12T12:14:45.162000+00:00,19.482674720000006,2.109268220388,21.591942940388005
4,8893106015,dota2-og-vp-2026-07-12-game1,2026-07-12T12:36:42.440000+00:00,2.700000000000003,0.19617749999999998,2.896177500000003
4,8893165071,dota2-1win-ty-2026-07-12-game2,2026-07-12T13:18:20.777000+00:00,-56.93549999999999,3.0336878175,-53.90181218249999
4,8893253595,dota2-og-vp-2026-07-12-game2,2026-07-12T13:56:28.498000+00:00,-1.947411829999993,0.95833448670075,-0.9890773432992429
4,8896139222,dota2-re-vp-2026-07-14-game1,2026-07-14T11:15:10.363000+00:00,18.446500000000015,3.3626324325,21.809132432500014
4,8896140998,dota2-liquid-xtreme-2026-07-14-game1,2026-07-14T11:24:31.795000+00:00,-27.53855551999999,1.629579525732,-25.908975994267987
4,8896234088,dota2-re-vp-2026-07-14-game2,2026-07-14T12:30:48.003000+00:00,-11.9161,1.2397039125,-10.6763960875
4,8896267691,dota2-liquid-xtreme-2026-07-14-game2,2026-07-14T13:05:08.216000+00:00,-8.739035859999973,1.6336762105754998,-7.105359649424473
4,8896380183,dota2-re-vp-2026-07-14,2026-07-14T14:02:34.965000+00:00,-65.44280000000009,2.61056646,-62.83223354000009
4,8896486914,dota2-liquid-xtreme-2026-07-14,2026-07-14T15:13:00.049000+00:00,4.040521439999992,1.684196107548,5.724717547547992
4,8896645659,dota2-lgd-mouz-2026-07-14-game1,2026-07-14T16:55:49.823000+00:00,2.519600000000011,0.28088920500000003,2.8004892050000114
4,8896731473,dota2-lgd-mouz-2026-07-14-game2,2026-07-14T18:02:11.857000+00:00,-42.705899999999986,2.0035271925,-40.702372807499984
4,8897585705,dota2-aur1-re-2026-07-15-game1,2026-07-15T11:19:40.513000+00:00,-3.5020999999999844,0.45330509250000006,-3.0487949074999845
4,8897588873,dota2-ts8-liquid-2026-07-15-game1,2026-07-15T11:25:30.473000+00:00,-14.285699999999991,0.5732137125,-13.712486287499992
4,8897695379,dota2-aur1-re-2026-07-15-game2,2026-07-15T12:41:48.340000+00:00,-3.1149009899999953,0.63212787608925,-2.482773113910745
4,8897696869,dota2-ts8-liquid-2026-07-15-game2,2026-07-15T12:54:25.976000+00:00,3.012999999999977,3.167786715,6.180786714999977
4,8897831774,dota2-ts8-liquid-2026-07-15,2026-07-15T14:13:24.528000+00:00,7.536599999999986,0.5651587499999999,8.101758749999986
4,8897841991,dota2-1win-vg-2026-07-15-game1,2026-07-15T14:22:22.284000+00:00,3.999900000000011,0.3590910225,4.358991022500011
4,8897971312,dota2-1win-vg-2026-07-15-game2,2026-07-15T15:33:39.656000+00:00,23.873699999999985,0.7976758574999999,24.671375857499985
4,8898003442,dota2-bb4-lgd-2026-07-15-game1,2026-07-15T15:56:58.589000+00:00,28.701200000000043,2.89878156,31.599981560000042
4,8898084910,dota2-1win-vg-2026-07-15,2026-07-15T16:49:08.935000+00:00,-4.782199999999989,2.668145715,-2.114054284999989
4,8898117600,dota2-bb4-lgd-2026-07-15-game2,2026-07-15T17:15:52.403000+00:00,35.19319999999999,0.61722627,35.810426269999994
4,8899028080,dota2-ty-ts8-2026-07-17-game1,2026-07-16T11:25:22.617000+00:00,76.2055,1.0874898075000001,77.2929898075
4,8899120700,dota2-ty-ts8-2026-07-17-game2,2026-07-16T12:44:26.752000+00:00,-0.11559999999995796,3.49062864,3.375028640000042
4,8899307453,dota2-pari-re-2026-07-17-game1,2026-07-16T14:36:23.407000+00:00,8.974699999999995,0.2876070825,9.262307082499994
4,8899420575,dota2-pari-re-2026-07-17-game2,2026-07-16T15:46:28.167000+00:00,-1.2346000000000004,0.5906557049999999,-0.6439442950000005
4,8900508749,dota2-flc-vg-2026-07-16-game1,2026-07-17T11:21:46.405000+00:00,-15.903499999999994,0.9066063375,-14.996893662499994
4,8900623530,dota2-flc-vg-2026-07-16-game2,2026-07-17T12:54:30.551000+00:00,-16.460376640000007,4.760756081927999,-11.699620558072008
4,8900771154,dota2-ngx-bb4-2026-07-16-game1,2026-07-17T14:28:08.196000+00:00,-2.0315999999999548,1.2751876800000002,-0.7564123199999546
4,8900882416,dota2-ngx-bb4-2026-07-16-game2,2026-07-17T15:33:10.588000+00:00,2.8170000000000073,0.425719125,3.2427191250000074
4,8902107148,dota2-bb4-vg-2026-07-18-game1,2026-07-18T11:22:02.020000+00:00,1.75,0.06283125,1.81283125
4,8902173969,dota2-bb4-vg-2026-07-18-game2,2026-07-18T12:21:15.910000+00:00,-16.24080000000002,1.34823033,-14.892569670000022
4,8902338515,dota2-ty-pari-2026-07-18-game1,2026-07-18T14:06:38.308000+00:00,4.166599999999988,1.560912525,5.727512524999988
4,8902431810,dota2-ty-pari-2026-07-18-game2,2026-07-18T15:09:37.865000+00:00,40.76019999999997,3.1508469150000002,43.91104691499997
4,8902610619,dota2-ty-pari-2026-07-18,2026-07-18T16:48:06.686000+00:00,-3.3866000000000014,1.968289545,-1.4183104550000014
4,8903705555,dota2-vg-ty-2026-07-19-game1,2026-07-19T10:24:33.152000+00:00,15.13900000000001,0.9753169500000001,16.11431695000001
4,8903789784,dota2-vg-ty-2026-07-19-game2,2026-07-19T11:31:19.185000+00:00,17.459600000000023,0.6923838299999999,18.151983830000024
4,8904012666,dota2-bb4-pari-2026-07-19-game1,2026-07-19T13:57:51.853000+00:00,43.69680000000001,2.697879555,46.39467955500001
4,8904157676,dota2-bb4-pari-2026-07-19-game2,2026-07-19T15:17:11.337000+00:00,-10.266001750000015,1.52816201409375,-8.737839735906265
4,8904322271,dota2-bb4-pari-2026-07-19-game3,2026-07-19T16:52:33.960000+00:00,-1.9607999999999777,1.4851529399999999,-0.4756470599999778
4,8904419709,dota2-bb4-pari-2026-07-19-game4,2026-07-19T18:05:14.511000+00:00,-0.5254000000000332,1.000151265,0.4747512649999668
4,8905035315,dota2-stx-lynx-2026-07-20-game1,2026-07-20T07:25:19.610000+00:00,0.0,0.0,0.0
4,8905093611,dota2-stx-lynx-2026-07-20-game2,2026-07-20T08:36:36.644000+00:00,42.505168949999984,1.37667041308125,43.881839363081234
4,8905164476,dota2-stx-lynx-2026-07-20,2026-07-20T10:04:24.370000+00:00,123.86206936000002,2.9967655337759997,126.85883489377602
4,8905233934,dota2-lynx-pckcp-2026-07-20-game1,2026-07-20T11:15:17.947000+00:00,70.19649873999998,1.7625946695705,71.95909340957049
4,8905359313,dota2-lynx-pckcp-2026-07-20-game2,2026-07-20T12:49:30.119000+00:00,-0.8324999999999854,0.5862890625,-0.24621093749998535
4,8905490238,dota2-z10-nemiga-2026-07-20-game1,2026-07-20T14:13:02.081000+00:00,-18.684399999999968,0.694662735,-17.989737264999967
4,8905612460,dota2-z10-nemiga-2026-07-20-game2,2026-07-20T15:25:40.567000+00:00,2.5744000000000113,1.1443474349999998,3.718747435000011
4,8905741721,dota2-spirit1-jenz-2026-07-20-game1,2026-07-20T16:55:30.580000+00:00,-2.280000000000001,0.269667,-2.010333000000001
4,8905885788,dota2-spirit1-jenz-2026-07-20-game2,2026-07-20T18:35:45.253000+00:00,0.0,0.0,0.0
4,8905975768,dota2-lvlup1-ill-2026-07-20-game1,2026-07-20T19:45:16.612000+00:00,2.531758400000008,0.6882027772199999,3.219961177220008
4,8906069414,dota2-lvlup1-ill-2026-07-20-game2,2026-07-20T20:59:36.536000+00:00,-9.181610799999959,0.75352404582,-8.428086754179958
4,8906479441,dota2-nemiga-dan-2026-07-21-game1,2026-07-21T07:24:02.590000+00:00,28.088908230000015,1.0545179725027498,29.143426202502766
4,8906547471,dota2-nemiga-dan-2026-07-21-game2,2026-07-21T08:48:51.736000+00:00,10.606399999999994,0.47899260000000005,11.085392599999993
4,8906626852,dota2-pckcp-stx-2026-07-21-game1,2026-07-21T10:17:03.931000+00:00,14.541999999999987,1.0128162,15.554816199999987
4,8906706819,dota2-pckcp-stx-2026-07-21-game2,2026-07-21T11:28:10.072000+00:00,0.0,0.0,0.0
4,8906814740,dota2-pckcp-stx-2026-07-21,2026-07-21T12:50:32.182000+00:00,-4.895499999999998,1.3144403324999998,-3.5810596674999986
4,8906911697,dota2-lynx-spirit1-2026-07-21-game1,2026-07-21T14:01:22.509000+00:00,24.40449999999996,2.5276038375,26.93210383749996
4,8907021823,dota2-lynx-spirit1-2026-07-21-game2,2026-07-21T14:54:33.550000+00:00,-28.499100000000023,1.4883578625,-27.010742137500024
4,8907114935,dota2-lynx-spirit1-2026-07-21,2026-07-21T15:55:17.448000+00:00,-52.36120000000007,3.445656195,-48.91554380500007
4,8907236730,dota2-jenz-lynx-2026-07-21-game1,2026-07-21T17:22:36.365000+00:00,0.0,0.0,0.0
4,8907319204,dota2-jenz-lynx-2026-07-21-game2,2026-07-21T18:19:16.673000+00:00,-28.899955499999944,0.79615860324,-28.103796896759945
4,8907510684,dota2-z10-aion-2026-07-21-game2,2026-07-21T20:45:41.820000+00:00,0.0,0.0,0.0
4,8907942033,dota2-ill-dan-2026-07-22-game1,2026-07-22T07:18:07.776000+00:00,-11.607200649999996,0.33732398751375003,-11.269876662486245
4,8907997366,dota2-ill-dan-2026-07-22-game2,2026-07-22T08:30:21.640000+00:00,2.7759973200000445,1.030344500766,3.806341820766044
4,8908178087,dota2-nemiga-aion-2026-07-22-game2,2026-07-22T11:35:02.272000+00:00,-0.2806903399999783,0.28789993848900003,0.007209598489021751
4,8908313996,dota2-stx-spirit1-2026-07-22-game1,2026-07-22T13:26:43.307000+00:00,0.15166735999999048,1.0047249275040002,1.1563922875039907
4,8908486051,dota2-stx-spirit1-2026-07-22-game2,2026-07-22T15:03:55.390000+00:00,39.99158593000004,1.69111461437025,41.68270054437029
4,8908612824,dota2-stx-spirit1-2026-07-22,2026-07-22T16:27:56.948000+00:00,41.9085692999999,2.9638838004525,44.8724531004524
4,8908710300,dota2-z10-lvlup1-2026-07-22-game1,2026-07-22T17:40:32.974000+00:00,-36.60390000000009,3.2289510075,-33.37494899250009
4,8908926344,dota2-z10-lvlup1-2026-07-22,2026-07-22T20:21:42.790000+00:00,2.0221862900000076,0.62731726989825,2.6495035598982577
4,8909388284,dota2-dan-z10-2026-07-23-game1,2026-07-23T07:17:23.633000+00:00,0.0,0.0,0.0
4,8909443684,dota2-dan-z10-2026-07-23-game2,2026-07-23T08:24:14.078000+00:00,28.13899999999998,1.1417742899999999,29.280774289999982
4,8909498494,dota2-dan-z10-2026-07-23,2026-07-23T09:35:42.112000+00:00,-1.7639999999999922,0.25496538,-1.5090346199999922
4,8909658828,dota2-spirit1-pckcp-2026-07-23-game2,2026-07-23T11:56:35.158000+00:00,0.0,0.0,0.0
4,8909780227,dota2-spirit1-pckcp-2026-07-23,2026-07-23T13:29:29.880000+00:00,-2.0833000000000084,0.7792062824999999,-1.3040937175000085
4,8910104556,dota2-jenz-kw1-2026-07-23-game2,2026-07-23T16:47:57.620000+00:00,-15.292599999999936,1.46344032,-13.829159679999936
4,8910216725,dota2-jenz-kw1-2026-07-23,2026-07-23T18:09:02.529000+00:00,3.660899999999998,0.4220457825,4.082945782499998
4,8910344715,dota2-lvlup1-aion-2026-07-23-game1,2026-07-23T19:45:58.831000+00:00,0.0,0.0,0.0
4,8910461593,dota2-lvlup1-aion-2026-07-23-game2,2026-07-23T21:18:59.726000+00:00,-4.4517999999999995,0.18788671499999998,-4.263913284999999
4,8910535715,dota2-lvlup1-aion-2026-07-23,2026-07-23T22:37:28.157000+00:00,27.17117164000002,0.798160192287,27.96933183228702
4,8910589445,dota2-nemiga-ill-2026-07-23-game1,2026-07-23T23:33:41.369000+00:00,-7.646400000000007,0.65376915,-6.9926308500000065
4,8910670427,dota2-nemiga-ill-2026-07-23,2026-07-24T01:26:47.762000+00:00,-8.738500000000002,1.5517116225,-7.186788377500002
4,8910982575,dota2-aion-dan-2026-07-24-game2,2026-07-24T08:39:31.809000+00:00,0.0,0.0,0.0
4,8911277378,dota2-kw1-stx-2026-07-24-game2,2026-07-24T13:08:23.857000+00:00,37.0316936,0.5032480629,37.534941662899996
4,8911784562,dota2-z10-ill-2026-07-24-game1,2026-07-24T18:00:21.302000+00:00,-24.70969999999997,1.2874992525,-23.42220074749997
4,8911916389,dota2-z10-ill-2026-07-24-game2,2026-07-24T19:32:36.981000+00:00,1.1999999999999993,0.71732886,1.9173288599999991
4,8912045230,dota2-nemiga-lvlup1-2026-07-24-game1,2026-07-24T21:05:49.488000+00:00,-10.222141800000067,2.320651900005,-7.901489899995067
4,8912123729,dota2-nemiga-lvlup1-2026-07-24-game2,2026-07-24T22:15:39.296000+00:00,0.0,0.0,0.0
4,8912551235,dota2-ill-aion-2026-07-25-game1,2026-07-25T07:19:52.253000+00:00,0.0,0.0,0.0
4,8912622476,dota2-ill-aion-2026-07-25-game2,2026-07-25T08:27:06.996000+00:00,13.501461160000034,0.39729219345299993,13.898753353453033
4,8912758286,dota2-pckcp-jenz-2026-07-22-game1,2026-07-25T10:25:45.605000+00:00,-13.351499999999994,0.6343494974999999,-12.717150502499994
4,8912831712,dota2-pckcp-jenz-2026-07-22-game2,2026-07-25T11:23:26.682000+00:00,6.439300000000003,0.7227364125,7.162036412500003
4,8912974141,dota2-pckcp-jenz-2026-07-22,2026-07-25T13:02:19.241000+00:00,-17.36459263999997,1.127569437984,-16.23702320201597
4,8913307206,dota2-kw1-pckcp-2026-07-25-game1,2026-07-25T16:28:48.834000+00:00,0.0,0.0,0.0
4,8913598312,dota2-lynx-kw1-2026-07-25-game1,2026-07-25T19:28:05.257000+00:00,-6.854100639999999,0.6361892000039999,-6.217911439995999
4,8913726962,dota2-lynx-kw1-2026-07-25-game2,2026-07-25T20:57:15.562000+00:00,-37.904099999999985,3.2295860025,-34.674513997499986
4,8913824141,dota2-lynx-kw1-2026-07-25,2026-07-25T22:21:39.642000+00:00,-17.059400000000025,3.96614415,-13.093255850000025
4,8914414410,dota2-nemiga-ill-2026-07-26-game1,2026-07-26T09:26:59.644000+00:00,-18.062828139999993,0.521564863365,-17.541263276634993
4,8914520562,dota2-nemiga-ill-2026-07-26-game2,2026-07-26T10:41:21.923000+00:00,-52.485200800000015,3.0479094118799996,-49.437291388120016
4,8914637220,dota2-nemiga-ill-2026-07-26,2026-07-26T12:04:18.708000+00:00,25.601399999999998,0.814552065,26.415952065
4,8914749408,dota2-rearis-pckcp-2026-07-26-game1,2026-07-26T13:19:34.036000+00:00,6.757000000000005,0.363154965,7.120154965000005
4,8914885598,dota2-rearis-pckcp-2026-07-26-game2,2026-07-26T14:24:02.001000+00:00,26.962900000000005,0.7296633375,27.692563337500005
4,8915002841,dota2-kw1-rearis-2026-07-26-game1,2026-07-26T15:32:54.677000+00:00,0.20759503999998685,0.526597838748,0.7341928787479869
4,8915137972,dota2-kw1-rearis-2026-07-26-game2,2026-07-26T16:47:26.165000+00:00,0.0,0.0,0.0
4,8915271266,dota2-jenz-stx-2026-07-26-game1,2026-07-26T18:26:53.337000+00:00,22.222800000000007,0.65668374,22.879483740000005
4,8915390117,dota2-jenz-stx-2026-07-26-game2,2026-07-26T19:37:39.362000+00:00,0.5386000000000024,0.07957815,0.6181781500000024
4,8915498965,dota2-jenz-stx-2026-07-26,2026-07-26T20:57:43.107000+00:00,32.049786820000016,0.8230293476174999,32.872816167617515
4,8916041863,dota2-lvlup1-pckcp-2026-07-27-game1,2026-07-27T09:21:33.291000+00:00,17.55409999999999,0.3866451524999999,17.940745152499993
4,8916102349,dota2-lvlup1-pckcp-2026-07-27-game2,2026-07-27T10:12:46.876000+00:00,-18.2402,0.5783704049999999,-17.661829595
4,8916245727,dota2-stx-nemiga-2026-07-27-game1,2026-07-27T12:25:46.061000+00:00,2.047600000000017,1.29715281,3.344752810000017
4,8916384577,dota2-stx-nemiga-2026-07-27-game2,2026-07-27T13:48:29.618000+00:00,4.28649916000001,0.936345048909,5.2228442089090095
4,8916474664,dota2-stx-nemiga-2026-07-27,2026-07-27T14:44:54.132000+00:00,-23.15360000000004,5.208297,-17.945303000000038
4,8917611319,dota2-pr1-nemiga-2026-07-28-game2,2026-07-28T10:17:02.190000+00:00,-1.3879999999999981,0.4825035,-0.9054964999999982
4,8917675823,dota2-pr1-nemiga-2026-07-28,2026-07-28T11:19:25.327000+00:00,61.64738304000002,0.5036767368480001,62.15105977684802
4,8917738415,dota2-nh-pckcp-2026-07-28-game1,2026-07-28T12:16:10.015000+00:00,0.0,0.0,0.0
4,8917853656,dota2-nh-pckcp-2026-07-28-game2,2026-07-28T13:23:44.955000+00:00,22.323200000000014,0.5731328999999998,22.896332900000015
4,8918052500,dota2-pckcp-kw1-2026-07-28-game1,2026-07-28T15:24:46.769000+00:00,0.0,0.0,0.0
4,8918176547,dota2-pckcp-kw1-2026-07-28-game2,2026-07-28T16:37:04.197000+00:00,10.901842559999942,0.939901664682,11.841744224681943
4,8919264561,dota2-rearis-z10-2026-07-29-game1,2026-07-29T12:23:03.580000+00:00,14.346799999999993,0.69016272,15.036962719999993
4,8919404744,dota2-rearis-z10-2026-07-29-game2,2026-07-29T13:48:28.368000+00:00,0.5414992600000037,1.0867186845585,1.6282179445585037
4,8919546613,dota2-amaru-nemiga-2026-07-29-game1,2026-07-29T15:15:30.082000+00:00,-20.52630048,1.1657777901959998,-19.360522689804
4,8919685210,dota2-amaru-nemiga-2026-07-29-game2,2026-07-29T16:34:50.427000+00:00,-78.49792891999994,2.114570219343,-76.38335870065694
4,8919803916,dota2-amaru-nemiga-2026-07-29,2026-07-29T18:02:17.532000+00:00,65.59424719,3.24433569351075,68.83858288351075
4,8920655724,dota2-pckcp-z10-2026-07-30-game2,2026-07-30T10:32:16.617000+00:00,0.0,0.0,0.0
4,8920897425,dota2-lvlup1-z10-2026-07-30-game2,2026-07-30T13:37:44.606000+00:00,-16.659899999999993,4.4059424625000005,-12.253957537499993
4,8921002620,dota2-lvlup1-z10-2026-07-30,2026-07-30T14:47:46.063000+00:00,3.1499999999999986,0.45629625,3.6062962499999984
4,8921162227,dota2-amaru-pr1-2026-07-30-game1,2026-07-30T16:32:24.441000+00:00,13.676400000000012,0.7196870249999999,14.396087025000012
4,8921281044,dota2-amaru-pr1-2026-07-30-game2,2026-07-30T17:34:28.519000+00:00,0.0,0.0,0.0
4,8921949036,dota2-re-midas3-2026-07-31-game1,2026-07-31T06:23:42.906000+00:00,7.0,0.34162499999999996,7.341625
4,8922016200,dota2-re-midas3-2026-07-31-game2,2026-07-31T07:39:14.850000+00:00,5.599999999999998,0.715332,6.315331999999998
4,8922074642,dota2-vg-amaru-2026-07-31-game1,2026-07-31T08:46:41.467000+00:00,16.426599999999986,0.5475768599999999,16.974176859999986
4,8922137329,dota2-vg-amaru-2026-07-31-game2,2026-07-31T09:48:16.177000+00:00,0.0,0.0,0.0
4,8922133239,dota2-tr7-playti-2026-07-31-game1,2026-07-31T09:57:34.446000+00:00,29.048081429999996,2.64634428573375,31.694425715733747
4,8922186876,dota2-vg-amaru-2026-07-31,2026-07-31T10:40:33.810000+00:00,7.791299999999993,0.6349780425,8.426278042499993
4,8922211678,dota2-tr7-playti-2026-07-31-game2,2026-07-31T11:00:53.806000+00:00,-5.384116720000016,1.170079047732,-4.214037672268016
4,8922300474,dota2-enjoy-glyph-2026-07-31-game1,2026-07-31T12:14:29.331000+00:00,-0.7746000000000066,0.88898409,0.11438408999999339
4,8922339160,dota2-l1ga-rnx-2026-07-31-game1,2026-07-31T12:44:09.822000+00:00,-29.076200000000057,4.598694975,-24.477505025000056
4,8922400300,dota2-enjoy-glyph-2026-07-31-game2,2026-07-31T13:24:39.311000+00:00,26.951199999999986,0.7030019399999999,27.654201939999986
4,8922433138,dota2-l1ga-rnx-2026-07-31-game2,2026-07-31T13:42:06.325000+00:00,-32.157470200000006,1.426043940195,-30.731426259805005
4,8922552315,dota2-l1ga-rnx-2026-07-31,2026-07-31T14:55:23.609000+00:00,1.7856999999999914,0.6582536625,2.4439536624999914
4,8922602122,dota2-yb1-z10-2026-07-31-game1,2026-07-31T15:28:08.646000+00:00,-3.09969999999997,1.2654989474999998,-1.8342010524999703
4,8922722577,dota2-yb1-z10-2026-07-31-game2,2026-07-31T16:35:25.057000+00:00,-10.303099999999972,1.0272565125,-9.275843487499973
4,8922818221,dota2-xtreme-lgd-2026-07-31-game1,2026-07-31T17:51:24.199000+00:00,-42.82320000000004,1.446568065,-41.37663193500004
4,8922940920,dota2-xtreme-lgd-2026-07-31-game2,2026-07-31T19:09:48.720000+00:00,13.577999999999982,2.261815155,15.839815154999982
4,8923040358,dota2-xtreme-lgd-2026-07-31,2026-07-31T20:28:40.570000+00:00,-4.108700000000027,1.3341445275,-2.7745554725000274
4,8923506996,dota2-midas3-tr7-2026-08-01-game1,2026-08-01T05:43:01.223000+00:00,0.0,0.0,0.0
4,8923579943,dota2-midas3-tr7-2026-08-01-game2,2026-08-01T07:02:32.143000+00:00,10.349499999999992,0.6865846725,11.036084672499992
4,8923643650,dota2-midas3-tr7-2026-08-01,2026-08-01T08:08:01.087000+00:00,-62.80489999999999,1.6678488075,-61.13705119249999
4,8923704450,dota2-yes-vg-2026-08-01-game1,2026-08-01T09:01:56.739000+00:00,-6.008999999999965,1.425641715,-4.583358284999965
4,8923780137,dota2-re-playti-2026-08-01-game1,2026-08-01T10:09:39.721000+00:00,-6.059699999999964,1.7660670975,-4.293632902499964
4,8923790600,dota2-yes-vg-2026-08-01-game2,2026-08-01T10:14:11.317000+00:00,0.0,0.0,0.0
4,8923874259,dota2-re-playti-2026-08-01-game2,2026-08-01T11:26:12.956000+00:00,-7.2788,0.39835577999999994,-6.88044422
4,8923899787,dota2-enjoy-yb1-2026-08-01-game1,2026-08-01T11:45:49.553000+00:00,-22.447128880000008,0.454762984464,-21.992365895536008
4,8924057168,dota2-l1ga-lgd-2026-08-01-game1,2026-08-01T13:34:16.709000+00:00,1.232441759999972,1.1687217195239998,2.401163479523972
4,8924222714,dota2-l1ga-lgd-2026-08-01-game2,2026-08-01T15:02:43.462000+00:00,0.0,0.0,0.0
4,8924328537,dota2-glyph-z10-2026-08-01-game1,2026-08-01T15:59:42.950000+00:00,-40.90041001999997,1.1471966408415,-39.75321337915847
4,8924367779,dota2-l1ga-lgd-2026-08-01,2026-08-01T16:23:12.450000+00:00,-16.867199999999997,0.32077800000000006,-16.546421999999996
4,8924468754,dota2-glyph-z10-2026-08-01-game2,2026-08-01T17:25:49.795000+00:00,5.720698879999979,2.461416327648,8.182115207647978
4,8924530036,dota2-rnx-xtreme-2026-08-01-game1,2026-08-01T18:06:50.164000+00:00,0.34299999999999997,0.08091825,0.42391824999999994
4,8924616191,dota2-rnx-xtreme-2026-08-01-game2,2026-08-01T19:06:22.446000+00:00,-56.940138200000035,1.7580309661904998,-55.18210723380953
4,8925210898,dota2-playti-xctn-2026-08-02-game1,2026-08-02T05:28:20.542000+00:00,-18.401931039999937,1.8863799172094997,-16.515551122790438
4,8925308090,dota2-playti-xctn-2026-08-02-game2,2026-08-02T07:03:47.891000+00:00,1.947,0.014514884999999998,1.9615148850000002
4,8925543582,dota2-yes-tr7-2026-08-02-game1,2026-08-02T10:44:16.945000+00:00,1.2240999999999929,0.7037407575,1.9278407574999927
4,8925703946,dota2-yes-tr7-2026-08-02-game2,2026-08-02T11:58:57.158000+00:00,9.090999999999994,0.6647793750000001,9.755779374999994
4,8925847726,dota2-yes-tr7-2026-08-02,2026-08-02T13:17:43.701000+00:00,1.8198988399999934,0.6734995998719999,2.493398439871993
4,8926022375,dota2-rnx-yb1-2026-08-02-game1,2026-08-02T15:09:53.856000+00:00,55.150499999999965,4.2224128275,59.37291282749997
4,8926232913,dota2-rnx-yb1-2026-08-02-game2,2026-08-02T16:42:19.665000+00:00,9.957400000000028,2.677826925,12.635226925000028
4,8926381426,dota2-rnx-yb1-2026-08-02,2026-08-02T18:14:10.009000+00:00,-2.3803692199999915,1.584658704117,-0.7957105158829916
4,8926523280,dota2-z10-lgd-2026-08-02-game1,2026-08-02T19:59:32.068000+00:00,-8.490000000000009,0.4742092499999999,-8.01579075000001
4,8926636219,dota2-z10-lgd-2026-08-02-game2,2026-08-02T21:07:31.416000+00:00,-8.3335,0.2781305625,-8.055369437500001
4,8927063876,dota2-glyph-playti-2026-08-03-game2,2026-08-03T06:55:36.873000+00:00,92.96059999999996,2.03669787,94.99729786999995
4,8927132943,dota2-glyph-playti-2026-08-03,2026-08-03T08:27:35.152000+00:00,30.417299999999997,1.6003859925,32.0176859925
4,8927207054,dota2-xtreme-tr7-2026-08-03-game1,2026-08-03T10:00:05.212000+00:00,5.883878119999991,0.8823520181519999,6.766230138151991
4,8927288399,dota2-xtreme-tr7-2026-08-03-game2,2026-08-03T11:00:48.642000+00:00,3.717000000000006,0.602006625,4.319006625000005
4,8927380776,dota2-xtreme-tr7-2026-08-03,2026-08-03T12:15:30.661000+00:00,22.816900000000018,3.3763807125,26.19328071250002
4,8927539264,dota2-vg-yb1-2026-08-03-game1,2026-08-03T14:05:56.825000+00:00,60.30545915999996,1.052463896166,61.357923056165966
4,8927660975,dota2-vg-yb1-2026-08-03-game2,2026-08-03T15:05:20.968000+00:00,0.09379718999997522,0.60888089430975,0.7026780843097252
4,8927760296,dota2-vg-yb1-2026-08-03,2026-08-03T16:18:19.713000+00:00,8.508100000000013,2.3592734324999998,10.867373432500013
4,8927926397,dota2-re-lgd-2026-08-03-game1,2026-08-03T18:09:03.381000+00:00,-0.09716820000000181,0.26918079263999994,0.17201259263999813
4,8928050264,dota2-re-lgd-2026-08-03-game2,2026-08-03T19:19:18.313000+00:00,12.421000000000006,0.26876859,12.689768590000007
4,8928163118,dota2-re-lgd-2026-08-03,2026-08-03T20:43:38.722000+00:00,-20.56929999999997,2.2998301275,-18.26946987249997
4,8928851109,dota2-playti-tr7-2026-08-04-game1,2026-08-04T11:30:07.829000+00:00,0.0,0.0,0.0
4,8928953683,dota2-playti-tr7-2026-08-04-game2,2026-08-04T12:46:11.879000+00:00,7.028387000000017,1.227040148625,8.255427148625017
4,8929124210,dota2-yb1-re-2026-08-04-game1,2026-08-04T14:38:55.576000+00:00,0.0,0.0,0.0
4,8929276426,dota2-yb1-re-2026-08-04-game2,2026-08-04T15:54:25.550000+00:00,12.300500000000014,0.7630692375,13.063569237500014
4,8929365099,dota2-yb1-re-2026-08-04,2026-08-04T16:51:08.308000+00:00,22.743600000000114,4.272956175,27.016556175000115
4,8930200713,dota2-tr7-re-2026-08-05-game1,2026-08-05T08:20:38.811000+00:00,-2.1919000000000004,0.7546891874999999,-1.4372108125000005
4,8930258778,dota2-tr7-re-2026-08-05-game2,2026-08-05T09:25:42.941000+00:00,-28.067999999999955,4.091525355,-23.976474644999954
4,8930398938,dota2-playti-yb1-2026-08-05-game1,2026-08-05T12:24:04.133000+00:00,-0.16850098999998409,2.77088822019825,2.602387230198266
4,8930615242,dota2-playti-yb1-2026-08-05-game2,2026-08-05T14:02:56.166000+00:00,41.846900000000005,0.8960797875,42.742979787500005
4,8930736914,dota2-playti-yb1-2026-08-05-game3,2026-08-05T15:09:49.519000+00:00,0.9999999999999982,0.09266250000000001,1.0926624999999983
4,8931781241,dota2-lvlup1-rearis-2026-08-06-game1,2026-08-06T09:28:03.156000+00:00,1.0,0.366525,1.366525
4,8931852727,dota2-lvlup1-rearis-2026-08-06-game2,2026-08-06T10:30:33.624000+00:00,-39.48795236000002,1.318500998661,-38.16945136133902
4,8931981851,dota2-rearis-nh-2026-08-06-game1,2026-08-06T12:26:15.226000+00:00,12.019999999999996,0.48017062499999996,12.500170624999996
4,8932085762,dota2-rearis-nh-2026-08-06-game2,2026-08-06T13:20:21.204000+00:00,-11.697806009999994,0.48998965461075,-11.207816355389244
4,8932181345,dota2-rearis-nh-2026-08-06,2026-08-06T14:22:22.478000+00:00,2.1300250600000155,0.30969984384899996,2.439724903849015
4,8932318084,dota2-nh-lvlup1-2026-08-06-game1,2026-08-06T15:34:15.395000+00:00,-25.11429999999998,0.5490569175,-24.56524308249998
4,8932413808,dota2-nh-lvlup1-2026-08-06-game2,2026-08-06T16:23:29.211000+00:00,0.4560000000000013,0.080541,0.5365410000000013
4,8932523868,dota2-nh-lvlup1-2026-08-06,2026-08-06T17:36:18.454000+00:00,0.0,0.0,0.0
4,8932657929,dota2-ill-pr1-2026-08-06-game1,2026-08-06T19:12:10.345000+00:00,16.064498200000003,0.8938365189899999,16.958334718990002
4,8932835800,dota2-ill-pr1-2026-08-06,2026-08-06T21:22:55.783000+00:00,-4.070399999999985,0.8915636250000001,-3.1788363749999853
4,8933374169,dota2-nh-z10-2026-08-07-game1,2026-08-07T09:29:47.916000+00:00,0.0,0.0,0.0
4,8933453728,dota2-nh-z10-2026-08-07-game2,2026-08-07T10:40:19.376000+00:00,0.0,0.0,0.0
4,8933575351,dota2-ill-stx-2026-08-07-game1,2026-08-07T12:33:02.695000+00:00,0.0,0.0,0.0
4,8933704579,dota2-ill-stx-2026-08-07-game2,2026-08-07T13:44:43.178000+00:00,-5.66040000000001,0.70627641,-4.95412359000001
4,8933879286,dota2-pr1-jenz-2026-08-07-game1,2026-08-07T15:25:51.002000+00:00,-182.4579,2.9447105325000003,-179.51318946749998
4,8933988979,dota2-pr1-jenz-2026-08-07-game2,2026-08-07T16:29:38.697000+00:00,-5.333440010000022,1.35389847696525,-3.9795415330347716
4,8934184387,dota2-jenz-nemiga-2026-08-07-game1,2026-08-07T18:35:03.983000+00:00,0.0,0.0,0.0
4,8934279386,dota2-jenz-nemiga-2026-08-07-game2,2026-08-07T19:33:30.612000+00:00,0.0,0.0,0.0
4,8936825643,dota2-pr1-yes-2026-08-09-game1,2026-08-09T09:22:32.992000+00:00,4.766966859999997,1.550098543761,6.317065403760997
4,8937080738,dota2-pr1-yes-2026-08-09,2026-08-09T12:20:23.208000+00:00,42.59922124999997,2.60697578765625,45.206197037656224
4,8937188618,dota2-lvlup1-mouz-2026-08-09-game1,2026-08-09T13:17:49.636000+00:00,-69.47629999999998,1.3212422325,-68.15505776749998
4,8937335830,dota2-lvlup1-mouz-2026-08-09-game2,2026-08-09T14:27:35.299000+00:00,-9.544899999999998,0.5663019975,-8.978598002499998
4,8937484593,dota2-ill-re-2026-08-09-game1,2026-08-09T15:55:00.679000+00:00,-7.877199999999996,0.455318055,-7.4218819449999955
4,8937631882,dota2-ill-re-2026-08-09-game2,2026-08-09T17:12:21.447000+00:00,26.49641349999999,0.7809414566249999,27.27735495662499
4,8937722788,dota2-z10-navi-2026-08-09-game1,2026-08-09T18:17:16.930000+00:00,-60.83639384,2.9425996223879998,-57.893794217612
4,8938509987,dota2-pr1-mouz-2026-08-10-game1,2026-08-10T09:24:47.767000+00:00,8.9037,3.1052648025,12.0089648025
4,8938565057,dota2-pr1-mouz-2026-08-10-game2,2026-08-10T10:12:07.159000+00:00,2.690400000000004,0.8928948,3.583294800000004
4,8938634026,dota2-pr1-mouz-2026-08-10,2026-08-10T11:15:54.851000+00:00,-58.65210907999999,2.987222478378,-55.66488660162199
4,8938716198,dota2-ill-z10-2026-08-10-game1,2026-08-10T12:25:50.383000+00:00,-4.324300000000001,0.5990455125,-3.725254487500001
4,8939023869,dota2-yes-lvlup1-2026-08-10-game1,2026-08-10T15:24:37.289000+00:00,13.333600000000004,0.5720114399999999,13.905611440000005
4,8940059913,dota2-lvlup1-navi-2026-08-11-game1,2026-08-11T09:16:02.605000+00:00,17.7611,0.4067399774999999,18.167839977499998
4,8940117837,dota2-lvlup1-navi-2026-08-11-game2,2026-08-11T10:12:11.551000+00:00,-250.57010304,2.947419374349,-247.62268366565098
4,8940266495,dota2-mouz-re-2026-08-11-game1,2026-08-11T12:16:13.042000+00:00,69.70519999999999,2.32329996,72.02849995999999
4,8940365227,dota2-mouz-re-2026-08-11-game2,2026-08-11T13:12:04.281000+00:00,-5.1844440800000005,0.894969194043,-4.289474885957
4,8940487898,dota2-mouz-re-2026-08-11,2026-08-11T14:25:06.999000+00:00,16.773408709999963,2.14862609966475,18.922034809664712
4,8940643574,dota2-yes-z10-2026-08-11-game1,2026-08-11T15:45:57.067000+00:00,26.954200000000014,2.18655525,29.140755250000016
4,8940756672,dota2-yes-z10-2026-08-11-game2,2026-08-11T16:48:25.758000+00:00,-18.206101620000027,1.6129754437094999,-16.593126176290525
4,8941656460,dota2-lvlup1-re-2026-08-12-game1,2026-08-12T09:19:34.658000+00:00,-12.707299999999975,0.9491343674999998,-11.758165632499976
4,8941733752,dota2-lvlup1-re-2026-08-12-game2,2026-08-12T10:35:42.245000+00:00,-20.689400000000006,3.1608080849999998,-17.528591915000007
4,8941817475,dota2-lvlup1-re-2026-08-12,2026-08-12T11:50:26.039000+00:00,17.204500000000003,1.2073251975,18.411825197500004
4,8942003788,dota2-navi-lvlup1-2026-08-12-game1,2026-08-12T13:42:36.457000+00:00,5.333200000000019,0.35339116499999995,5.686591165000019
4,8942152024,dota2-navi-lvlup1-2026-08-12-game2,2026-08-12T14:50:30.897000+00:00,2.8999999999999986,0.20129250000000004,3.1012924999999987
4,8942262723,dota2-navi-lvlup1-2026-08-12-game3,2026-08-12T15:53:47.795000+00:00,14.259652020000004,0.15446663325900004,14.414118653259004
4,8962372120,dota2-ic-nemiga-2026-08-24-game1,2026-08-24T07:17:08.649000+00:00,-0.1999999999999993,0.037245,-0.1627549999999993
4,8962458373,dota2-ic-nemiga-2026-08-24-game2,2026-08-24T08:26:45.454000+00:00,4.150965369999952,1.97693521244625,6.127900582446202
4,8962592819,dota2-ks-lynx-2026-08-24-game1,2026-08-24T10:19:27.562000+00:00,-1.564203259999985,0.5575790215709999,-1.0066242384289852
4,8962736746,dota2-ks-lynx-2026-08-24-game2,2026-08-24T11:33:18.452000+00:00,25.229430269999966,1.77750510741075,27.006935377410716
4,8962964580,dota2-sb5-stx-2026-08-24-game1,2026-08-24T13:25:23.881000+00:00,1.2416661000000002,0.006518747025,1.2481848470250003
4,8963508714,dota2-rearis-lynx-2026-08-24-game2,2026-08-24T17:37:20.349000+00:00,6.75800000000001,2.891288175,9.64928817500001
4,8963649188,dota2-dynast1-fts-2026-08-24-game1,2026-08-24T19:15:00.848000+00:00,71.67810000000006,0.8981493825,72.57624938250005
4,8963790789,dota2-dynast1-fts-2026-08-24-game2,2026-08-24T20:20:45.642000+00:00,3.3632995000000037,0.39250032487500003,3.7557998248750035
4,8964399842,dota2-pckcp-nemiga-2026-08-25-game1,2026-08-25T07:22:10.248000+00:00,-2.5500000000000007,0.21596925,-2.3340307500000006
4,8964480771,dota2-pckcp-nemiga-2026-08-25-game2,2026-08-25T08:31:41.723000+00:00,-3.0332709199999783,2.2576933469669997,-0.7755775730329786
4,8964574076,dota2-pckcp-nemiga-2026-08-25,2026-08-25T09:52:05.670000+00:00,-28.491500000000016,1.2726013274999999,-27.218898672500018
4,8964657335,dota2-fts-pckcp-2026-08-25-game1,2026-08-25T10:52:11.864000+00:00,-19.0400553,1.0225209320714999,-18.017534367928498
4,8964837315,dota2-fts-pckcp-2026-08-25-game2,2026-08-25T12:34:06.314000+00:00,-8.4961870999999,1.478212680045,-7.017974419954901
4,8964962329,dota2-ic-fts-2026-08-25-game1,2026-08-25T13:50:36.471000+00:00,48.239100050000204,2.18357805827325,50.42267810827345
4,8965097316,dota2-ic-fts-2026-08-25-game2,2026-08-25T14:41:01.046000+00:00,-6.434200000000004,1.0314034799999998,-5.402796520000004
4,8964938940,dota2-rearis-spirit1-2026-08-25-game1,2026-08-25T16:23:39.394000+00:00,2.400000000000002,0.441495,2.8414950000000023
4,8965544741,dota2-rearis-spirit1-2026-08-25,2026-08-25T18:44:21.316000+00:00,-7.8718662600000044,2.7936938955975,-5.078172364402505
4,8969842778,dota2-pckcp-ic-2026-08-28-game2,2026-08-28T08:21:21.985000+00:00,30.57614884999998,2.03844915099375,32.61459800099373
4,8969978865,dota2-rearis-sb5-2026-08-28-game1,2026-08-28T10:27:01.322000+00:00,0.0,0.0,0.0
4,8970089224,dota2-rearis-sb5-2026-08-28-game2,2026-08-28T11:41:09.553000+00:00,0.0,0.0,0.0
4,8970207176,dota2-rearis-sb5-2026-08-28,2026-08-28T12:56:49.576000+00:00,0.7017000000000024,0.15559683749999997,0.8572968375000024
4,8970338180,dota2-synaps-nemiga-2026-08-28-game1,2026-08-28T14:09:13.367000+00:00,-1.7555536799999913,2.0056203196439997,0.2500666396440083
4,8970352005,dota2-dynast1-ic-2026-08-28-game1,2026-08-28T14:10:35.964000+00:00,-35.67424230000002,0.802110556755,-34.87213174324502
4,8970470057,dota2-synaps-nemiga-2026-08-28-game2,2026-08-28T15:09:53.245000+00:00,30.977574299999986,0.635103435135,31.612677735134987
4,8970485789,dota2-dynast1-ic-2026-08-28-game2,2026-08-28T15:14:26.848000+00:00,-29.454618909999994,1.5285490200037501,-27.926069889996242
4,8970575970,dota2-synaps-nemiga-2026-08-28,2026-08-28T16:02:11.965000+00:00,0.0,0.0,0.0
4,8970655100,dota2-dynast1-ic-2026-08-28,2026-08-28T16:43:34.585000+00:00,0.6922794400000001,0.185352127362,0.8776315673620001
4,8970886632,dota2-dynast1-pckcp-2026-08-28-game2,2026-08-28T18:51:22.084000+00:00,-15.90859100000003,1.692157580625,-14.21643341937503
4,8971007454,dota2-ks-rearis-2026-08-28-game1,2026-08-28T20:11:41.712000+00:00,-9.523999999999987,0.8557314,-8.668268599999987
4,8971016820,dota2-fts-nemiga-2026-08-28-game1,2026-08-28T20:17:43.711000+00:00,0.0,0.0,0.0
4,8971111987,dota2-ks-rearis-2026-08-28-game2,2026-08-28T21:24:47.695000+00:00,-2.271016200000001,0.04610525827499999,-2.224910941725001
4,8971423978,dota2-db2-satan-2026-08-28-game2,2026-08-29T03:20:55.120000+00:00,2.3999999999999986,0.05665499999999998,2.4566549999999987
4,8971501630,dota2-nexus-cres-2026-08-28,2026-08-29T04:51:09.441000+00:00,-131.54407500999997,1.8807760608442499,-129.66329894915572
4,8971519375,dota2-nem-6seven-2026-08-29-game1,2026-08-29T05:14:15.579000+00:00,-3.345496140000023,0.7791106572914999,-2.5663854827085233
4,8971586781,dota2-nem-6seven-2026-08-29-game2,2026-08-29T06:13:46.689000+00:00,-15.752599999999987,0.5459240849999999,-15.206675914999987
4,8971664649,dota2-nem-6seven-2026-08-29,2026-08-29T07:24:10.704000+00:00,21.134024160000024,1.9476189609479997,23.081643120948023
4,8971753986,dota2-icecre-kineti-2026-08-29-game1,2026-08-29T08:38:12.829000+00:00,0.0,0.0,0.0
4,8971849697,dota2-icecre-kineti-2026-08-29-game2,2026-08-29T09:43:14.699000+00:00,0.0,0.0,0.0
4,8971891627,dota2-dynast1-nemiga-2026-08-29-game1,2026-08-29T10:17:49.464000+00:00,18.38550000000005,0.9687406875000001,19.35424068750005
4,8971964803,dota2-mouz-yes-2026-08-29-game1,2026-08-29T11:13:49.271000+00:00,-32.67524767000015,2.43149637443475,-30.243751295565396
4,8971988345,dota2-sb5-lynx-2026-08-29-game1,2026-08-29T11:21:30.742000+00:00,9.43249999999999,0.21429807750000002,9.64679807749999
4,8972103119,dota2-sb5-lynx-2026-08-29-game2,2026-08-29T12:31:54.536000+00:00,-2.826700000000006,0.1365402375,-2.6901597625000058
4,8972115962,dota2-mouz-yes-2026-08-29-game2,2026-08-29T12:36:59.931000+00:00,-7.11477885,1.3230696777262498,-5.791709172273751
4,8972289868,dota2-huliga-lynx-2026-08-29-game1,2026-08-29T14:15:10.550000+00:00,-10.972099999999926,2.1178363874999997,-8.854263612499928
4,8972502454,dota2-huliga-lynx-2026-08-29-game2,2026-08-29T15:52:19.963000+00:00,12.526637660000048,2.2050904362615,14.731728096261548
4,8972611918,dota2-huliga-lynx-2026-08-29,2026-08-29T16:49:36.587000+00:00,-12.963199999999954,1.5017504400000001,-11.461449559999954
4,8972773416,dota2-pi-lvlup1-2026-08-29-game1,2026-08-29T18:17:23.637000+00:00,3.881599999999999,0.34235711999999996,4.223957119999999
4,8972893200,dota2-pi-lvlup1-2026-08-29-game2,2026-08-29T19:20:53.860000+00:00,-13.862999999999971,1.8310105499999998,-12.03198944999997
4,8973011673,dota2-pi-lvlup1-2026-08-29,2026-08-29T20:33:12.059000+00:00,13.478398270000003,1.00808586968025,14.486484139680254
4,8973010298,dota2-ks-spirit1-2026-08-29-game1,2026-08-29T20:38:42.759000+00:00,0.0,0.0,0.0
4,8973337131,dota2-icecre-xctn-2026-08-30-game1,2026-08-30T02:14:49.254000+00:00,0.0,0.0,0.0
4,8973405568,dota2-icecre-xctn-2026-08-30-game2,2026-08-30T03:19:55.483000+00:00,4.248000000000005,0.39187800000000006,4.639878000000005
4,8973462028,dota2-icecre-xctn-2026-08-30,2026-08-30T04:30:11.988000+00:00,0.21155964000000083,1.810849485621,2.022409125621001
4,8973502629,dota2-clo-yb1-2026-08-30-game1,2026-08-30T05:13:07.837000+00:00,-0.700000000000017,0.5421131549999999,-0.15788684500001715
4,8973568453,dota2-clo-yb1-2026-08-30-game2,2026-08-30T06:12:50.377000+00:00,-8.108399999999989,0.41555549999999997,-7.692844499999989
4,8973613420,dota2-clo-yb1-2026-08-30,2026-08-30T07:04:46.677000+00:00,18.603266830000017,0.5240822368807501,19.127349066880768
4,8973707438,dota2-lynx-lvlup1-2026-08-30-game1,2026-08-30T08:16:36.050000+00:00,10.51709999999997,1.3229228924999998,11.84002289249997
4,8973859403,dota2-lynx-lvlup1-2026-08-30-game2,2026-08-30T09:56:31.353000+00:00,9.508170879999902,2.5246493095245,12.032820189524402
4,8973884000,dota2-nem-xctn-2026-08-30-game2,2026-08-30T10:12:32.710000+00:00,9.623043930000009,0.99078080469075,10.613824734690759
4,8973944033,dota2-lynx-lvlup1-2026-08-30,2026-08-30T10:50:43.696000+00:00,-12.862570669999856,4.64714423461425,-8.215426435385606
4,8974185539,dota2-navi-mouz-2026-08-30-game2,2026-08-30T13:08:29.090000+00:00,79.1572,4.228252275,83.385452275
4,8974647733,dota2-lvlup1-pr1-2026-08-30-game1,2026-08-30T17:09:16.077000+00:00,0.4963964999999977,1.3273914093974999,1.8237879093974976
4,8974898633,dota2-lvlup1-pr1-2026-08-30,2026-08-30T19:25:58.777000+00:00,-16.671231669999955,2.81429268357075,-13.856938986429205
4,8975110449,dota2-dynast1-ks-2026-08-30-game2,2026-08-30T21:54:27.706000+00:00,6.944500000000005,0.3944823224999999,7.338982322500005
4,8975871235,dota2-synaps-lynx-2026-08-31-game1,2026-08-31T12:26:44.788000+00:00,-17.05550239000001,1.45291958880075,-15.602582801199262
4,8976012755,dota2-synaps-lynx-2026-08-31-game2,2026-08-31T13:41:35.303000+00:00,11.13505527000001,0.53998797850275,11.67504324850276
4,8976166971,dota2-synaps-lynx-2026-08-31,2026-08-31T15:09:07.826000+00:00,29.765187540000014,2.014718384643,31.779905924643014
4,8976300473,dota2-4iki-ic-2026-08-31-game1,2026-08-31T16:25:39.940000+00:00,-1.3821000000000083,0.8050437225,-0.5770562775000083
4,8976441468,dota2-4iki-ic-2026-08-31-game2,2026-08-31T17:43:06.122000+00:00,24.1935,0.4992328724999999,24.6927328725
4,8976511215,dota2-4iki-ic-2026-08-31,2026-08-31T18:29:54.020000+00:00,28.168798640000034,3.1703994992984996,31.339198139298535
4,8976665322,dota2-spirit1-pi-2026-08-31-game1,2026-08-31T20:26:57.494000+00:00,8.644400000000026,1.145615625,9.790015625000025
4,8976751962,dota2-spirit1-pi-2026-08-31-game2,2026-08-31T21:40:17.685000+00:00,1.6141999999999825,0.86515929,2.479359289999983
4,8977325814,dota2-ks-pckcp-2026-09-01-game2,2026-09-01T10:26:27.059000+00:00,3.8815999999999633,0.6094183799999999,4.4910183799999635
4,8977476867,dota2-ic-lynx-2026-09-01-game1,2026-09-01T12:26:04.131000+00:00,15.999999999999986,0.7404,16.740399999999987
4,8977623650,dota2-ic-lynx-2026-09-01-game2,2026-09-01T13:53:28.128000+00:00,-31.965040000000187,4.377913731,-27.587126269000187
4,8977913355,dota2-synaps-lvlup1-2026-09-01-game2,2026-09-01T16:37:59.217000+00:00,0.0,0.0,0.0
4,8978023576,dota2-synaps-lvlup1-2026-09-01,2026-09-01T17:45:54.185000+00:00,-17.647199999999998,0.5117687999999999,-17.1354312
4,8978832148,dota2-pr1-ic-2026-09-02-game1,2026-09-02T09:52:32.767000+00:00,72.55867548999998,1.2109873202902501,73.76966281029023
4,8978916284,dota2-pr1-ic-2026-09-02-game2,2026-09-02T11:19:11.539000+00:00,15.974693319999957,0.6768172039485,16.651510523948456
4,8978986214,dota2-pr1-ic-2026-09-02,2026-09-02T12:20:55.440000+00:00,-0.48360000000000003,0.053812589999999993,-0.42978741000000004
4,8979131280,dota2-dynast1-pckcp-2026-09-02-game1,2026-09-02T13:56:13.878000+00:00,0.0,0.0,0.0
4,8979241530,dota2-dynast1-pckcp-2026-09-02-game2,2026-09-02T14:56:18.245000+00:00,14.845834910000008,1.23666234185925,16.08249725185926
4,8979344496,dota2-synaps-4iki-2026-09-02-game1,2026-09-02T15:59:27.587000+00:00,-29.04729999999998,3.9560735025000002,-25.091226497499978
4,8980293569,dota2-z10-ks-2026-09-03-game1,2026-09-03T09:18:42.909000+00:00,-1.3271000000000157,0.4538907675,-0.8732092325000157
4,8980358113,dota2-z10-ks-2026-09-03-game2,2026-09-03T10:27:20.250000+00:00,-0.2004999999999999,0.3103792875,0.10987928750000009
4,8980463789,dota2-pckcp-spirit1-2026-09-03-game1,2026-09-03T12:14:02.762000+00:00,4.23899999999999,0.5491539150000001,4.78815391499999
4,8980769413,dota2-pi-dynast1-2026-09-03-game1,2026-09-03T15:17:23.998000+00:00,32.78600000000003,0.48170830499999995,33.26770830500003
5,8837869969,dota2-aur1-ty-2026-06-04-game1,2026-06-04T09:17:47.612000+00:00,31.53310000000002,1.7020407375,33.23514073750002
5,8837957019,dota2-aur1-ty-2026-06-04-game2,2026-06-04T11:05:49.570000+00:00,11.30159999999995,2.0313907799999997,13.33299077999995
5,8838056564,dota2-flc-liquid-2026-06-04-game1,2026-06-04T12:43:48.535000+00:00,-24.846400000000003,1.392031965,-23.454368035
5,8838170936,dota2-flc-liquid-2026-06-04-game2,2026-06-04T14:05:12.636000+00:00,-7.172599999999974,1.50719484,-5.665405159999974
5,8838396820,dota2-lgd-ty-2026-06-04-game2,2026-06-04T16:48:28.531000+00:00,-8.798900859999918,3.476800429533,-5.322100430466918
5,8838480778,dota2-lgd-ty-2026-06-04,2026-06-04T17:57:47.377000+00:00,-3.2727000000000146,1.2063990375,-2.066300962500015
5,8839123109,dota2-flc-bb4-2026-06-05-game1,2026-06-05T09:16:39.267000+00:00,-92.81980000000004,1.6050035399999998,-91.21479646000004
5,8839193447,dota2-flc-bb4-2026-06-05-game2,2026-06-05T10:38:10.594000+00:00,26.539279109999978,1.9637487106057498,28.503027820605727
5,8839366504,dota2-lgd-liquid-2026-06-05-game2,2026-06-05T13:21:18.066000+00:00,-43.0138,3.32786034,-39.68593966
5,8839494962,dota2-flc-aur1-2026-06-05-game1,2026-06-05T14:52:18.684000+00:00,50.69225,1.75434000375,52.44659000375
5,8839625815,dota2-flc-aur1-2026-06-05-game2,2026-06-05T16:13:53.150000+00:00,9.935500000000019,0.6314589374999999,10.566958937500019
5,8839717574,dota2-flc-aur1-2026-06-05,2026-06-05T17:21:15.591000+00:00,-5.521199999999993,1.03421061,-4.4869893899999935
5,8840635639,dota2-ty-bb4-2026-06-06-game1,2026-06-06T10:47:49.658000+00:00,0.0,0.0,0.0
5,8840704374,dota2-ty-bb4-2026-06-06-game2,2026-06-06T11:51:44.485000+00:00,-0.41669999999999163,2.4415126425,2.0248126425000086
5,8840821227,dota2-ty-bb4-2026-06-06,2026-06-06T13:12:37.368000+00:00,40.75559999999999,3.1521444749999996,43.90774447499999
5,8840984097,dota2-aur1-lgd-2026-06-06-game1,2026-06-06T15:05:33.978000+00:00,-1.526769719999976,0.8749122937589999,-0.651857426240976
5,8841114801,dota2-aur1-lgd-2026-06-06-game2,2026-06-06T16:30:29.855000+00:00,-11.575803610000008,1.52820474022275,-10.047598869777259
5,8842052142,dota2-bb4-lgd-2026-06-07-game1,2026-06-07T09:18:04.694000+00:00,104.65409999999997,2.5037551575,107.15785515749997
5,8842134886,dota2-bb4-lgd-2026-06-07-game2,2026-06-07T10:28:41.168000+00:00,2.1136146299999723,2.88959391639675,5.003208546396722
5,8842245726,dota2-bb4-lgd-2026-06-07,2026-06-07T11:59:53.564000+00:00,-3.6994000000000256,2.958252645,-0.7411473550000256
5,8842468101,dota2-ty-lgd-2026-06-07-game1,2026-06-07T14:21:40.854000+00:00,-16.843941599999994,1.38347024472,-15.460471355279994
5,8842596730,dota2-ty-lgd-2026-06-07-game2,2026-06-07T15:49:20.066000+00:00,0.0,0.0,0.0
5,8842722527,dota2-ty-lgd-2026-06-07-game3,2026-06-07T17:12:22.566000+00:00,9.147797999999995,0.496246428,9.644044427999994
5,8842845018,dota2-ty-lgd-2026-06-07-game4,2026-06-07T18:51:58.999000+00:00,15.0171,0.4902527775,15.5073527775
5,8843465364,dota2-4iki-nande4-2026-06-08-game1,2026-06-08T09:15:08.776000+00:00,-53.39186504000011,2.399028138753,-50.99283690124711
5,8843512570,dota2-4iki-nande4-2026-06-08-game2,2026-06-08T10:09:45.609000+00:00,-0.6884999999999906,0.4600373625,-0.22846263749999057
5,8843560379,dota2-4iki-nande4-2026-06-08,2026-06-08T11:10:54.138000+00:00,-11.016400729999958,1.28441423775525,-9.731986492244708
5,8843760302,dota2-vpp-balu-2026-06-08-game2,2026-06-08T13:42:26.324000+00:00,1.1765000000000043,0.21874076250000002,1.3952407625000043
5,8844054970,dota2-z10-sb5-2026-06-08-game2,2026-06-08T17:08:41.204000+00:00,28.291600000000003,0.27915102,28.570751020000003
5,8844132483,dota2-vpp-z10-2026-06-08-game1,2026-06-08T18:23:01.210000+00:00,-0.5399999999999991,0.0571725,-0.48282749999999913
5,8844244719,dota2-vpp-z10-2026-06-08-game2,2026-06-08T19:45:42.908000+00:00,11.2928,0.33018882,11.62298882
5,8844308689,dota2-vpp-z10-2026-06-08,2026-06-08T20:50:38.757000+00:00,120.82199999999995,0.640552845,121.46255284499995
5,8850534819,dota2-ill-pr1-2026-06-13-game2,2026-06-13T17:10:42.502000+00:00,-1.0,0.053745,-0.946255
5,8850593633,dota2-ill-pr1-2026-06-13,2026-06-13T18:00:57.551000+00:00,0.0,0.0,0.0
5,8851984783,dota2-4iki-pr1-2026-06-14-game2,2026-06-14T16:46:25.798000+00:00,-1.5899999999999999,1.305907875,-0.2840921249999999
5,8852055373,dota2-4iki-pr1-2026-06-14,2026-06-14T17:46:02.690000+00:00,28.07029999999993,2.0823132525,30.15261325249993
5,8854443395,dota2-fla-spirit1-2026-06-16-game1,2026-06-16T16:31:44.570000+00:00,-2.4399999999999995,0.21874500000000002,-2.2212549999999993
5,8885183102,dota2-flc-bb4-2026-07-07-game1,2026-07-07T09:47:24.433000+00:00,-25.02036249999999,1.2079600528125,-23.81240244718749
5,8885195986,dota2-re-xtreme-2026-07-07-game1,2026-07-07T09:55:03.037000+00:00,9.992199999999997,0.29768425499999995,10.289884254999997
5,8885252329,dota2-flc-bb4-2026-07-07-game2,2026-07-07T11:01:59.599000+00:00,-14.2099,2.7582152625,-11.451684737499999
5,8885275216,dota2-re-xtreme-2026-07-07-game2,2026-07-07T11:16:11.813000+00:00,-4.479399999999984,0.795426135,-3.683973864999984
5,8885365825,dota2-l1ga-ngx-2026-07-07-game1,2026-07-07T12:34:49.112000+00:00,0.0,0.0,0.0
5,8885380529,dota2-liquid-playti-2026-07-07-game1,2026-07-07T12:43:07.045000+00:00,-2.2576999999999714,1.6523994525,-0.6053005474999713
5,8885411801,dota2-lvlup1-aur1-2026-07-07-game1,2026-07-07T13:06:28.530000+00:00,0.0,0.0,0.0
5,8885470551,dota2-l1ga-ngx-2026-07-07-game2,2026-07-07T13:39:34.570000+00:00,36.44861500000002,1.8240638793750001,38.27267887937502
5,8885473599,dota2-liquid-playti-2026-07-07-game2,2026-07-07T13:52:27.923000+00:00,7.878682560000092,2.850243706128,10.728926266128092
5,8885529711,dota2-lvlup1-aur1-2026-07-07-game2,2026-07-07T14:23:52.590000+00:00,8.420800000000014,0.09062886000000009,8.511428860000015
5,8885633666,dota2-ts8-mouz-2026-07-07-game1,2026-07-07T15:33:28.678000+00:00,1.3711651600000039,0.400175015862,1.771340175862004
5,8885665054,dota2-nem-pari-2026-07-07-game1,2026-07-07T15:41:38.548000+00:00,38.74989999999998,0.7602656625,39.51016566249998
5,8885784652,dota2-ts8-mouz-2026-07-07-game2,2026-07-07T17:16:32.961000+00:00,-38.46039999999998,2.795948055,-35.66445194499998
5,8885871759,dota2-ic-1win-2026-07-07-game1,2026-07-07T18:31:07.999000+00:00,0.0,0.0,0.0
5,8885928262,dota2-ty-og-2026-07-07-game1,2026-07-07T19:03:44.444000+00:00,0.0,0.0,0.0
5,8885974297,dota2-ic-1win-2026-07-07-game2,2026-07-07T19:32:14.446000+00:00,0.0,0.0,0.0
5,8886005043,dota2-ty-og-2026-07-07-game2,2026-07-07T20:03:05.981000+00:00,-4.511999999999986,0.26167365,-4.250326349999987
5,8886576019,dota2-poorra-bb4-2026-07-08-game1,2026-07-08T09:20:01.472000+00:00,-10.0,0.33899999999999997,-9.661
5,8886572854,dota2-gl-xtreme-2026-07-08-game1,2026-07-08T09:27:27.007000+00:00,-27.070199999999957,4.425450854999999,-22.644749144999956
5,8886638110,dota2-poorra-bb4-2026-07-08-game2,2026-07-08T10:36:00.005000+00:00,0.0,0.0,0.0
5,8886640910,dota2-flc-re-2026-07-08-game2,2026-07-08T10:39:41.623000+00:00,0.0,0.2850074099999999,0.2850074099999999
5,8886641793,dota2-gl-xtreme-2026-07-08-game2,2026-07-08T10:45:04.782000+00:00,18.816599109999974,2.38227734726325,21.198876457263225
5,8886728756,dota2-l1ga-playti-2026-07-08-game1,2026-07-08T12:02:19.795000+00:00,14.44489999999999,1.6709663775,16.11586637749999
5,8886736772,dota2-liquid-lvlup1-2026-07-08-game1,2026-07-08T12:08:59.488000+00:00,3.4883999999999986,0.19037943000000002,3.6787794299999987
5,8886788497,dota2-ngx-aur1-2026-07-08-game1,2026-07-08T12:47:30.744000+00:00,3.032827670000003,0.28557306770324997,3.318400737703253
5,8886815251,dota2-l1ga-playti-2026-07-08-game2,2026-07-08T13:04:20.712000+00:00,27.378000000000014,0.17185665000000003,27.549856650000013
5,8886862310,dota2-liquid-lvlup1-2026-07-08-game2,2026-07-08T13:37:25.898000+00:00,4.166800000000009,0.030000960000000028,4.196800960000009
5,8886994890,dota2-ts8-nem-2026-07-08-game1,2026-07-08T14:59:11.781000+00:00,0.0,0.0,0.0
5,8887100676,dota2-vg-pari-2026-07-08-game1,2026-07-08T16:18:23.954000+00:00,0.0,0.0,0.0
5,8887114313,dota2-ts8-nem-2026-07-08-game2,2026-07-08T16:15:19.583000+00:00,-13.563999999999993,0.272981025,-13.291018974999993
5,8887197358,dota2-vg-pari-2026-07-08-game2,2026-07-08T17:23:00.102000+00:00,-11.649700000000053,0.9931506375,-10.656549362500053
5,8887218598,dota2-lgd-og-2026-07-08-game1,2026-07-08T17:27:41.870000+00:00,2.2223000000000024,1.2991280625,3.5214280625000023
5,8887260104,dota2-ty-ic-2026-07-08-game1,2026-07-08T17:58:24.214000+00:00,0.0,0.0,0.0
5,8887314193,dota2-lgd-og-2026-07-08-game2,2026-07-08T18:40:30.736000+00:00,-39.54301371999989,2.597241365124,-36.94577235487589
5,8887325211,dota2-vp-1win-2026-07-08-game1,2026-07-08T18:51:24.334000+00:00,4.698100000000068,3.5157595875,8.213859587500068
5,8887337672,dota2-ty-ic-2026-07-08-game2,2026-07-08T19:01:29.872000+00:00,0.0,0.0,0.0
5,8887432754,dota2-vp-1win-2026-07-08-game2,2026-07-08T20:20:02.742000+00:00,15.742199999999997,0.235677855,15.977877854999997
5,8887986392,dota2-poorra-xtreme-2026-07-09-game1,2026-07-09T09:21:30.237000+00:00,-45.941599999999966,4.157128605,-41.78447139499997
5,8887998750,dota2-bb4-re-2026-07-09-game1,2026-07-09T09:29:32.198000+00:00,-18.965300000000013,1.7482687125,-17.217031287500014
5,8888056358,dota2-poorra-xtreme-2026-07-09-game2,2026-07-09T10:34:44.979000+00:00,6.441699999999969,2.5914022125000002,9.03310221249997
5,8888066684,dota2-bb4-re-2026-07-09-game2,2026-07-09T10:43:25.275000+00:00,-7.999800000000008,0.40138996499999996,-7.598410035000008
5,8888083694,dota2-gl-flc-2026-07-09-game2,2026-07-09T11:11:32.224000+00:00,14.851300000000037,1.5180797924999998,16.369379792500037
5,8888160657,dota2-l1ga-aur1-2026-07-09-game1,2026-07-09T12:09:38.901000+00:00,7.965619999999998,0.591453639,8.557073638999999
5,8888173515,dota2-playti-lvlup1-2026-07-09-game1,2026-07-09T12:20:27.216000+00:00,10.998900000000006,0.2763929025,11.275292902500006
5,8888217771,dota2-ngx-liquid-2026-07-09-game1,2026-07-09T12:52:14.212000+00:00,8.931799999999996,1.32475131,10.256551309999995
5,8888260336,dota2-l1ga-aur1-2026-07-09-game2,2026-07-09T13:20:05.771000+00:00,-3.383400000000009,0.8784337199999999,-2.504966280000009
5,8888279558,dota2-playti-lvlup1-2026-07-09-game2,2026-07-09T13:33:23.111000+00:00,20.4816,0.12749796000000002,20.60909796
5,8888318197,dota2-ngx-liquid-2026-07-09-game2,2026-07-09T14:04:08.888000+00:00,-4.336100000000101,2.5160946225,-1.8200053775001015
5,8888405761,dota2-mouz-nem-2026-07-09-game1,2026-07-09T14:48:45.816000+00:00,5.405600000000007,0.36893219999999993,5.7745322000000066
5,8888425887,dota2-rnx-pari-2026-07-09-game1,2026-07-09T15:02:02.148000+00:00,-16.282400000000052,0.4566351449999999,-15.825764855000052
5,8888489297,dota2-vg-ts8-2026-07-09-game1,2026-07-09T15:42:43.149000+00:00,0.0,0.0,0.0
5,8888555097,dota2-mouz-nem-2026-07-09-game2,2026-07-09T16:24:34.308000+00:00,-34.02389999999998,2.3056690124999997,-31.718230987499982
5,8888554919,dota2-rnx-pari-2026-07-09-game2,2026-07-09T16:26:10.054000+00:00,0.0,0.0,0.0
5,8888592426,dota2-vg-ts8-2026-07-09-game2,2026-07-09T16:59:54.115000+00:00,-9.433300000000003,0.8671365525,-8.566163447500003
5,8888682602,dota2-og-ic-2026-07-09-game1,2026-07-09T17:53:01.981000+00:00,-26.068200000000047,1.84346529,-24.224734710000046
5,8888693655,dota2-vp-ty-2026-07-09-game1,2026-07-09T18:07:57.629000+00:00,13.636799999999994,0.27000863999999997,13.906808639999994
5,8888731478,dota2-lgd-1win-2026-07-09-game1,2026-07-09T18:35:20.326000+00:00,32.701175000000035,1.213905855,33.915080855000035
5,8888771711,dota2-og-ic-2026-07-09-game2,2026-07-09T19:04:50.495000+00:00,-10.239799999999988,0.45987742499999995,-9.779922574999988
5,8888819433,dota2-lgd-1win-2026-07-09-game2,2026-07-09T19:41:02.532000+00:00,7.989598859999987,1.9091964096135001,9.898795269613487
5,8889452921,dota2-re-gl-2026-07-10-game1,2026-07-10T09:17:34.068000+00:00,32.9461,0.7486060724999999,33.694706072500004
5,8889468264,dota2-xtreme-bb4-2026-07-10-game1,2026-07-10T09:26:30.741000+00:00,-31.890299999999954,2.9767797825,-28.913520217499954
5,8889513730,dota2-poorra-flc-2026-07-10-game2,2026-07-10T10:17:36.842000+00:00,0.0,0.0,0.0
5,8889524021,dota2-xtreme-bb4-2026-07-10-game2,2026-07-10T10:37:39.793000+00:00,-2.984999999999985,1.0271647499999998,-1.9578352499999854
5,8889538949,dota2-re-gl-2026-07-10-game2,2026-07-10T10:40:57.402000+00:00,-23.02879999999999,1.662337485,-21.36646251499999
5,8889615310,dota2-l1ga-liquid-2026-07-10-game1,2026-07-10T11:48:20.990000+00:00,-6.351999999999997,0.8258325749999998,-5.526167424999997
5,8889621582,dota2-aur1-playti-2026-07-10-game1,2026-07-10T11:57:42.116000+00:00,-29.644500000000022,3.0230292975,-26.621470702500023
5,8889699098,dota2-l1ga-liquid-2026-07-10-game2,2026-07-10T12:46:15.831000+00:00,0.0,0.0,0.0
5,8889733840,dota2-aur1-playti-2026-07-10-game2,2026-07-10T13:14:22.837000+00:00,-22.5,0.8510624999999998,-21.6489375
5,8889871314,dota2-nem-vg-2026-07-10-game1,2026-07-10T14:27:52.631000+00:00,33.00280000000001,0.8091913199999998,33.811991320000004
5,8889914618,dota2-pari-mouz-2026-07-10-game1,2026-07-10T14:59:49.254000+00:00,-6.8964,0.23016734999999994,-6.6662326499999995
5,8889944251,dota2-rnx-ts8-2026-07-10-game1,2026-07-10T15:15:29.857000+00:00,12.490199999999987,0.2681162550000001,12.758316254999988
5,8890008812,dota2-nem-vg-2026-07-10-game2,2026-07-10T15:49:04.827000+00:00,14.409999999999997,0.445798125,14.855798124999996
5,8890036748,dota2-pari-mouz-2026-07-10-game2,2026-07-10T16:15:07.698000+00:00,11.012100000000004,0.06765395249999999,11.079753952500004
5,8890074597,dota2-rnx-ts8-2026-07-10-game2,2026-07-10T16:28:42.555000+00:00,0.0,0.0,0.0
5,8890179830,dota2-lgd-ty-2026-07-10-game1,2026-07-10T17:38:53.401000+00:00,9.52858815999997,1.1541274433759998,10.68271560337597
5,8890270555,dota2-1win-og-2026-07-10-game2,2026-07-10T18:36:26.467000+00:00,0.0,0.0,0.0
5,8890268632,dota2-lgd-ty-2026-07-10-game2,2026-07-10T18:43:14.663000+00:00,0.6925999999999846,0.807007665,1.4996076649999845
5,8890301402,dota2-ic-vp-2026-07-10-game2,2026-07-10T18:52:09.717000+00:00,0.0,0.0,0.0
5,8891108843,dota2-poorra-re-2026-07-11-game1,2026-07-11T09:15:44.932000+00:00,4.800000000000001,0.1473,4.9473
5,8891108985,dota2-bb4-gl-2026-07-11-game1,2026-07-11T09:17:06.187000+00:00,-2.604900000000029,0.9228589875,-1.6820410125000291
5,8891145641,dota2-xtreme-flc-2026-07-11-game1,2026-07-11T09:30:07.111000+00:00,1.4705999999999761,0.475922925,1.946522924999976
5,8891217710,dota2-poorra-re-2026-07-11-game2,2026-07-11T10:44:50.172000+00:00,-52.2342007,1.5293552076375,-50.7048454923625
5,8891240327,dota2-xtreme-flc-2026-07-11-game2,2026-07-11T11:01:14.698000+00:00,4.314400000000001,1.7273104799999999,6.041710480000001
5,8891325877,dota2-l1ga-lvlup1-2026-07-11-game1,2026-07-11T12:09:46.181000+00:00,0.1899999999999995,0.055979249999999994,0.24597924999999948
5,8891349244,dota2-playti-ngx-2026-07-11-game1,2026-07-11T12:27:52.369000+00:00,15.804000000000002,0.8757487799999999,16.67974878
5,8891371442,dota2-aur1-liquid-2026-07-11-game1,2026-07-11T12:43:19.319000+00:00,4.53000000000001,0.47322824999999996,5.00322825000001
5,8891438996,dota2-l1ga-lvlup1-2026-07-11-game2,2026-07-11T13:19:40.554000+00:00,0.239999999999998,0.2430165,0.48301649999999796
5,8891497910,dota2-aur1-liquid-2026-07-11-game2,2026-07-11T13:53:37.287000+00:00,3.770000000000003,0.18075524999999998,3.950755250000003
5,8891519142,dota2-playti-ngx-2026-07-11-game2,2026-07-11T14:08:43.754000+00:00,-5.638178819999979,0.25256381133149997,-5.385615008668479
5,8892829232,dota2-mouz-vg-2026-07-12-game1,2026-07-12T09:15:57.248000+00:00,-93.15515237999998,1.905869690361,-91.24928268963897
5,8892835652,dota2-rnx-nem-2026-07-12-game1,2026-07-12T09:19:01.546000+00:00,-3.7424000000000177,0.7348857,-3.0075143000000177
5,8892836635,dota2-pari-ts8-2026-07-12-game1,2026-07-12T09:26:06.808000+00:00,-8.422100000000029,1.1966933924999998,-7.2254066075000285
5,8892923329,dota2-mouz-vg-2026-07-12-game2,2026-07-12T10:25:59.512000+00:00,9.20879999999999,1.1410071,10.349807099999989
5,8892914077,dota2-pari-ts8-2026-07-12-game2,2026-07-12T10:31:28.406000+00:00,-8.936499999999981,1.3159983825,-7.620501617499981
5,8892958964,dota2-rnx-nem-2026-07-12-game2,2026-07-12T10:53:08.655000+00:00,-40.0762,0.59402595,-39.48217405
5,8893070561,dota2-1win-ty-2026-07-12-game1,2026-07-12T12:14:45.162000+00:00,2.319974720000033,0.6964076228879998,3.0163823428880328
5,8893106015,dota2-og-vp-2026-07-12-game1,2026-07-12T12:36:42.440000+00:00,15.152099999999976,1.5283484175,16.680448417499974
5,8893165071,dota2-1win-ty-2026-07-12-game2,2026-07-12T13:18:20.777000+00:00,51.49539999999995,2.9936773799999994,54.48907737999995
5,8893253595,dota2-og-vp-2026-07-12-game2,2026-07-12T13:56:28.498000+00:00,0.9700739999999985,0.2126687136,1.1827427135999986
5,8896139222,dota2-re-vp-2026-07-14-game1,2026-07-14T11:15:10.363000+00:00,5.41900000000004,2.6359524899999998,8.054952490000039
5,8896140998,dota2-liquid-xtreme-2026-07-14-game1,2026-07-14T11:24:31.795000+00:00,-17.05480000000002,1.974297795,-15.080502205000021
5,8896234088,dota2-re-vp-2026-07-14-game2,2026-07-14T12:30:48.003000+00:00,20.76730000000002,1.6129030874999999,22.38020308750002
5,8896267691,dota2-liquid-xtreme-2026-07-14-game2,2026-07-14T13:05:08.216000+00:00,-3.681200000000029,1.145067825,-2.536132175000029
5,8896380183,dota2-re-vp-2026-07-14,2026-07-14T14:02:34.965000+00:00,-26.65303746,0.9041660529989999,-25.748871407001
5,8896486914,dota2-liquid-xtreme-2026-07-14,2026-07-14T15:13:00.049000+00:00,-33.5895,2.5619335425,-31.0275664575
5,8896645659,dota2-lgd-mouz-2026-07-14-game1,2026-07-14T16:55:49.823000+00:00,-5.333200000000005,0.6319767900000001,-4.701223210000005
5,8896731473,dota2-lgd-mouz-2026-07-14-game2,2026-07-14T18:02:11.857000+00:00,-20.380500000000012,0.7878172724999999,-19.592682727500012
5,8897585705,dota2-aur1-re-2026-07-15-game1,2026-07-15T11:19:40.513000+00:00,-80.69899999999998,0.6559469550000001,-80.04305304499998
5,8897588873,dota2-ts8-liquid-2026-07-15-game1,2026-07-15T11:25:30.473000+00:00,-5.914900000000046,2.4312720375,-3.4836279625000457
5,8897695379,dota2-aur1-re-2026-07-15-game2,2026-07-15T12:41:48.340000+00:00,-35.907400949999996,0.64014100393125,-35.26725994606875
5,8897696869,dota2-ts8-liquid-2026-07-15-game2,2026-07-15T12:54:25.976000+00:00,46.273160060000066,3.4466614137615004,49.71982147376157
5,8897831774,dota2-ts8-liquid-2026-07-15,2026-07-15T14:13:24.528000+00:00,1.0005400200000167,0.7886301103965,1.7891701303965166
5,8897841991,dota2-1win-vg-2026-07-15-game1,2026-07-15T14:22:22.284000+00:00,1.2697121599999974,0.37012882501199995,1.6398409850119973
5,8897971312,dota2-1win-vg-2026-07-15-game2,2026-07-15T15:33:39.656000+00:00,11.321700000000007,0.5156163675000001,11.837316367500007
5,8898003442,dota2-bb4-lgd-2026-07-15-game1,2026-07-15T15:56:58.589000+00:00,-0.879999999999999,0.134211,-0.745788999999999
5,8898084910,dota2-1win-vg-2026-07-15,2026-07-15T16:49:08.935000+00:00,-13.17259999999996,2.9365382849999997,-10.23606171499996
5,8898117600,dota2-bb4-lgd-2026-07-15-game2,2026-07-15T17:15:52.403000+00:00,23.78770000000003,0.7631972924999999,24.55089729250003
5,8899028080,dota2-ty-ts8-2026-07-17-game1,2026-07-16T11:25:22.617000+00:00,76.24189999999999,1.4908757474999998,77.73277574749999
5,8899120700,dota2-ty-ts8-2026-07-17-game2,2026-07-16T12:44:26.752000+00:00,-25.96440047999996,3.064743552768,-22.89965692723196
5,8899307453,dota2-pari-re-2026-07-17-game1,2026-07-16T14:36:23.407000+00:00,4.828399999999988,0.34423974,5.172639739999988
5,8899420575,dota2-pari-re-2026-07-17-game2,2026-07-16T15:46:28.167000+00:00,3.751361160000016,0.5826479809529999,4.334009140953016
5,8900508749,dota2-flc-vg-2026-07-16-game1,2026-07-17T11:21:46.405000+00:00,-16.32679999999999,0.72582843,-15.600971569999992
5,8900623530,dota2-flc-vg-2026-07-16-game2,2026-07-17T12:54:30.551000+00:00,-10.430699999999945,5.7204788324999996,-4.710221167499945
5,8900771154,dota2-ngx-bb4-2026-07-16-game1,2026-07-17T14:28:08.196000+00:00,3.61551720000001,0.39007506204,4.00559226204001
5,8900882416,dota2-ngx-bb4-2026-07-16-game2,2026-07-17T15:33:10.588000+00:00,0.0,0.0,0.0
5,8902107148,dota2-bb4-vg-2026-07-18-game1,2026-07-18T11:22:02.020000+00:00,2.2197999999999922,0.23825875500000004,2.458058754999992
5,8902173969,dota2-bb4-vg-2026-07-18-game2,2026-07-18T12:21:15.910000+00:00,-15.750599999999991,0.59414085,-15.156459149999991
5,8902338515,dota2-ty-pari-2026-07-18-game1,2026-07-18T14:06:38.308000+00:00,-7.350700000000003,2.2511605125,-5.099539487500003
5,8902431810,dota2-ty-pari-2026-07-18-game2,2026-07-18T15:09:37.865000+00:00,-14.12910000000005,5.2890529875,-8.840047012500051
5,8902610619,dota2-ty-pari-2026-07-18,2026-07-18T16:48:06.686000+00:00,6.049700000000001,1.2422574524999999,7.291957452500001
5,8903705555,dota2-vg-ty-2026-07-19-game1,2026-07-19T10:24:33.152000+00:00,20.446900000000028,1.3119062925,21.75880629250003
5,8903789784,dota2-vg-ty-2026-07-19-game2,2026-07-19T11:31:19.185000+00:00,14.676500000000019,0.4543276125,15.130827612500019
5,8904012666,dota2-bb4-pari-2026-07-19-game1,2026-07-19T13:57:51.853000+00:00,36.13199999999996,1.35172659,37.48372658999996
5,8904157676,dota2-bb4-pari-2026-07-19-game2,2026-07-19T15:17:11.337000+00:00,-16.314200000000028,3.0175259249999997,-13.296674075000029
5,8904322271,dota2-bb4-pari-2026-07-19-game3,2026-07-19T16:52:33.960000+00:00,5.20949999999997,4.2306812775,9.44018127749997
5,8904419709,dota2-bb4-pari-2026-07-19-game4,2026-07-19T18:05:14.511000+00:00,7.616799999999991,0.8707183199999999,8.48751831999999
5,8905035315,dota2-stx-lynx-2026-07-20-game1,2026-07-20T07:25:19.610000+00:00,0.6600000000000037,0.24602100000000005,0.9060210000000037
5,8905093611,dota2-stx-lynx-2026-07-20-game2,2026-07-20T08:36:36.644000+00:00,97.40529731999999,1.8621916940399998,99.26748901404
5,8905164476,dota2-stx-lynx-2026-07-20,2026-07-20T10:04:24.370000+00:00,123.56732288999996,2.70492199651575,126.27224488651571
5,8905233934,dota2-lynx-pckcp-2026-07-20-game1,2026-07-20T11:15:17.947000+00:00,67.55639874000003,1.7704843470704998,69.32688308707053
5,8905359313,dota2-lynx-pckcp-2026-07-20-game2,2026-07-20T12:49:30.119000+00:00,-4.338408770000008,1.0700865605047498,-3.268322209495258
5,8905490238,dota2-z10-nemiga-2026-07-20-game1,2026-07-20T14:13:02.081000+00:00,-20.492100519999966,1.370447525433,-19.121652994566965
5,8905612460,dota2-z10-nemiga-2026-07-20-game2,2026-07-20T15:25:40.567000+00:00,-52.419537240000004,1.701101086248,-50.718436153752
5,8905741721,dota2-spirit1-jenz-2026-07-20-game1,2026-07-20T16:55:30.580000+00:00,10.40629999999993,1.8762048825,12.28250488249993
5,8905885788,dota2-spirit1-jenz-2026-07-20-game2,2026-07-20T18:35:45.253000+00:00,0.0,0.0,0.0
5,8905975768,dota2-lvlup1-ill-2026-07-20-game1,2026-07-20T19:45:16.612000+00:00,-10.250900000000058,4.1668290675,-6.084070932500058
5,8906069414,dota2-lvlup1-ill-2026-07-20-game2,2026-07-20T20:59:36.536000+00:00,-20.343999999999983,1.33944255,-19.004557449999982
5,8906479441,dota2-nemiga-dan-2026-07-21-game1,2026-07-21T07:24:02.590000+00:00,50.26187069000002,0.9397978374442499,51.201668527444276
5,8906547471,dota2-nemiga-dan-2026-07-21-game2,2026-07-21T08:48:51.736000+00:00,2.305200000000007,0.5342164500000001,2.839416450000007
5,8906626852,dota2-pckcp-stx-2026-07-21-game1,2026-07-21T10:17:03.931000+00:00,-10.633553000000006,0.8764753318499999,-9.757077668150007
5,8906706819,dota2-pckcp-stx-2026-07-21-game2,2026-07-21T11:28:10.072000+00:00,0.0,0.0,0.0
5,8906814740,dota2-pckcp-stx-2026-07-21,2026-07-21T12:50:32.182000+00:00,-20.07306361999997,2.5671765648255,-17.50588705517447
5,8906911697,dota2-lynx-spirit1-2026-07-21-game1,2026-07-21T14:01:22.509000+00:00,0.0,0.0,0.0
5,8907021823,dota2-lynx-spirit1-2026-07-21-game2,2026-07-21T14:54:33.550000+00:00,-17.894999999999996,1.2128583750000002,-16.682141624999996
5,8907114935,dota2-lynx-spirit1-2026-07-21,2026-07-21T15:55:17.448000+00:00,-21.42129999999996,2.7319026075,-18.68939739249996
5,8907236730,dota2-jenz-lynx-2026-07-21-game1,2026-07-21T17:22:36.365000+00:00,0.0,0.0,0.0
5,8907319204,dota2-jenz-lynx-2026-07-21-game2,2026-07-21T18:19:16.673000+00:00,-28.68269954999998,0.79494429530625,-27.88775525469373
5,8907510684,dota2-z10-aion-2026-07-21-game2,2026-07-21T20:45:41.820000+00:00,0.0,0.0,0.0
5,8907942033,dota2-ill-dan-2026-07-22-game1,2026-07-22T07:18:07.776000+00:00,0.0,0.0,0.0
5,8907997366,dota2-ill-dan-2026-07-22-game2,2026-07-22T08:30:21.640000+00:00,-12.313152679999973,1.513485159516,-10.799667520483974
5,8908178087,dota2-nemiga-aion-2026-07-22-game2,2026-07-22T11:35:02.272000+00:00,2.856850129999984,0.30338730297975003,3.160237432979734
5,8908313996,dota2-stx-spirit1-2026-07-22-game1,2026-07-22T13:26:43.307000+00:00,-0.9450000000000003,0.11772337499999999,-0.8272766250000003
5,8908486051,dota2-stx-spirit1-2026-07-22-game2,2026-07-22T15:03:55.390000+00:00,9.734685929999984,0.9450040618702499,10.679689991870234
5,8908612824,dota2-stx-spirit1-2026-07-22,2026-07-22T16:27:56.948000+00:00,25.77316929999994,3.4648209504525,29.237990250452437
5,8908710300,dota2-z10-lvlup1-2026-07-22-game1,2026-07-22T17:40:32.974000+00:00,-33.983000000000075,3.6116653949999997,-30.371334605000076
5,8908926344,dota2-z10-lvlup1-2026-07-22,2026-07-22T20:21:42.790000+00:00,0.20803807999998014,0.614671956384,0.8227100363839801
5,8909388284,dota2-dan-z10-2026-07-23-game1,2026-07-23T07:17:23.633000+00:00,0.0,0.0,0.0
5,8909443684,dota2-dan-z10-2026-07-23-game2,2026-07-23T08:24:14.078000+00:00,-10.661409399999997,0.28873763757,-10.372671762429997
5,8909498494,dota2-dan-z10-2026-07-23,2026-07-23T09:35:42.112000+00:00,-1.3139999999999965,0.09073413,-1.2232658699999965
5,8909658828,dota2-spirit1-pckcp-2026-07-23-game2,2026-07-23T11:56:35.158000+00:00,0.0,0.0,0.0
5,8909780227,dota2-spirit1-pckcp-2026-07-23,2026-07-23T13:29:29.880000+00:00,6.9968000000000075,0.32535119999999995,7.3221512000000075
5,8910104556,dota2-jenz-kw1-2026-07-23-game2,2026-07-23T16:47:57.620000+00:00,11.689700000000002,0.4355541975,12.125254197500002
5,8910216725,dota2-jenz-kw1-2026-07-23,2026-07-23T18:09:02.529000+00:00,4.735900000000015,0.4183576575,5.154257657500015
5,8910344715,dota2-lvlup1-aion-2026-07-23-game1,2026-07-23T19:45:58.831000+00:00,0.0,0.0,0.0
5,8910461593,dota2-lvlup1-aion-2026-07-23-game2,2026-07-23T21:18:59.726000+00:00,-4.4517999999999995,0.18788671499999998,-4.263913284999999
5,8910535715,dota2-lvlup1-aion-2026-07-23,2026-07-23T22:37:28.157000+00:00,62.88749999999993,0.7764368625,63.66393686249993
5,8910589445,dota2-nemiga-ill-2026-07-23-game1,2026-07-23T23:33:41.369000+00:00,-2.891599999999995,0.8210806500000001,-2.070519349999995
5,8910670427,dota2-nemiga-ill-2026-07-23,2026-07-24T01:26:47.762000+00:00,-9.594100000000033,2.5658888025,-7.028211197500033
5,8910982575,dota2-aion-dan-2026-07-24-game2,2026-07-24T08:39:31.809000+00:00,0.0,0.0,0.0
5,8911277378,dota2-kw1-stx-2026-07-24-game2,2026-07-24T13:08:23.857000+00:00,35.71780000000001,0.508414815,36.22621481500001
5,8911784562,dota2-z10-ill-2026-07-24-game1,2026-07-24T18:00:21.302000+00:00,-0.5999999999999996,0.41944403999999996,-0.18055595999999968
5,8911916389,dota2-z10-ill-2026-07-24-game2,2026-07-24T19:32:36.981000+00:00,-6.8887,0.7231535625000001,-6.1655464375
5,8912045230,dota2-nemiga-lvlup1-2026-07-24-game1,2026-07-24T21:05:49.488000+00:00,-10.623200000000057,3.13038204,-7.492817960000057
5,8912123729,dota2-nemiga-lvlup1-2026-07-24-game2,2026-07-24T22:15:39.296000+00:00,0.0,0.0,0.0
5,8912551235,dota2-ill-aion-2026-07-25-game1,2026-07-25T07:19:52.253000+00:00,0.0,0.0,0.0
5,8912622476,dota2-ill-aion-2026-07-25-game2,2026-07-25T08:27:06.996000+00:00,11.94975159000004,0.40420580546474993,12.353957395464791
5,8912758286,dota2-pckcp-jenz-2026-07-22-game1,2026-07-25T10:25:45.605000+00:00,-20.54000096,1.0126440568319999,-19.527356903168002
5,8912831712,dota2-pckcp-jenz-2026-07-22-game2,2026-07-25T11:23:26.682000+00:00,0.0,0.0,0.0
5,8912974141,dota2-pckcp-jenz-2026-07-22,2026-07-25T13:02:19.241000+00:00,-7.727300000000014,1.5881148975000001,-6.139185102500013
5,8913307206,dota2-kw1-pckcp-2026-07-25-game1,2026-07-25T16:28:48.834000+00:00,0.0,0.0,0.0
5,8913598312,dota2-lynx-kw1-2026-07-25-game1,2026-07-25T19:28:05.257000+00:00,-6.854100639999999,0.6361892000039999,-6.217911439995999
5,8913726962,dota2-lynx-kw1-2026-07-25-game2,2026-07-25T20:57:15.562000+00:00,-52.40770000000006,2.7560408025,-49.65165919750006
5,8913824141,dota2-lynx-kw1-2026-07-25,2026-07-25T22:21:39.642000+00:00,-22.11310065,1.83438476030625,-20.27871588969375
5,8914414410,dota2-nemiga-ill-2026-07-26-game1,2026-07-26T09:26:59.644000+00:00,-32.024227880000005,0.514631607096,-31.509596272904005
5,8914520562,dota2-nemiga-ill-2026-07-26-game2,2026-07-26T10:41:21.923000+00:00,-1.6749000000000223,2.7730661024999996,1.0981661024999774
5,8914637220,dota2-nemiga-ill-2026-07-26,2026-07-26T12:04:18.708000+00:00,20.58839999999998,0.40279734,20.991197339999978
5,8914749408,dota2-rearis-pckcp-2026-07-26-game1,2026-07-26T13:19:34.036000+00:00,-8.108400000000003,0.41555549999999997,-7.692844500000003
5,8914885598,dota2-rearis-pckcp-2026-07-26-game2,2026-07-26T14:24:02.001000+00:00,66.76899999999998,0.474210285,67.24321028499998
5,8915002841,dota2-kw1-rearis-2026-07-26-game1,2026-07-26T15:32:54.677000+00:00,-28.067133069999926,1.43663230991025,-26.630500760089674
5,8915137972,dota2-kw1-rearis-2026-07-26-game2,2026-07-26T16:47:26.165000+00:00,0.9000000000000004,0.03820499999999999,0.9382050000000004
5,8915271266,dota2-jenz-stx-2026-07-26-game1,2026-07-26T18:26:53.337000+00:00,70.22509999999994,2.3614890374999997,72.58658903749993
5,8915390117,dota2-jenz-stx-2026-07-26-game2,2026-07-26T19:37:39.362000+00:00,1.8851000000000013,0.07422581249999999,1.9593258125000013
5,8915498965,dota2-jenz-stx-2026-07-26,2026-07-26T20:57:43.107000+00:00,14.545599999999993,0.7865676899999999,15.332167689999993
5,8916041863,dota2-lvlup1-pckcp-2026-07-27-game1,2026-07-27T09:21:33.291000+00:00,1.6341,0.037625152499999995,1.6717251525
5,8916102349,dota2-lvlup1-pckcp-2026-07-27-game2,2026-07-27T10:12:46.876000+00:00,-10.777600000000021,0.716296575,-10.061303425000022
5,8916245727,dota2-stx-nemiga-2026-07-27-game1,2026-07-27T12:25:46.061000+00:00,5.143000000000029,1.2608013599999999,6.403801360000029
5,8916384577,dota2-stx-nemiga-2026-07-27-game2,2026-07-27T13:48:29.618000+00:00,8.575500000000005,1.6377305625,10.213230562500005
5,8916474664,dota2-stx-nemiga-2026-07-27,2026-07-27T14:44:54.132000+00:00,-44.000899999999916,5.813904727500001,-38.186995272499914
5,8917611319,dota2-pr1-nemiga-2026-07-28-game2,2026-07-28T10:17:02.190000+00:00,5.363890410000016,0.48291466274325,5.846805072743265
5,8917675823,dota2-pr1-nemiga-2026-07-28,2026-07-28T11:19:25.327000+00:00,9.024599999999992,0.6736887899999999,9.698288789999992
5,8917738415,dota2-nh-pckcp-2026-07-28-game1,2026-07-28T12:16:10.015000+00:00,0.0,0.0,0.0
5,8917853656,dota2-nh-pckcp-2026-07-28-game2,2026-07-28T13:23:44.955000+00:00,21.829799999999977,1.70931705,23.539117049999977
5,8918052500,dota2-pckcp-kw1-2026-07-28-game1,2026-07-28T15:24:46.769000+00:00,-4.647682959999987,0.460899172872,-4.186783787127987
5,8918176547,dota2-pckcp-kw1-2026-07-28-game2,2026-07-28T16:37:04.197000+00:00,49.08803345999999,0.7796619017745,49.867695361774494
5,8919264561,dota2-rearis-z10-2026-07-29-game1,2026-07-29T12:23:03.580000+00:00,13.966565039999978,0.690579506832,14.657144546831978
5,8919404744,dota2-rearis-z10-2026-07-29-game2,2026-07-29T13:48:28.368000+00:00,-16.94980000000001,1.4567708250000002,-15.49302917500001
5,8919546613,dota2-amaru-nemiga-2026-07-29-game1,2026-07-29T15:15:30.082000+00:00,0.0,0.0,0.0
5,8919685210,dota2-amaru-nemiga-2026-07-29-game2,2026-07-29T16:34:50.427000+00:00,-112.09980061999997,2.5172249370704995,-109.58257568292947
5,8919803916,dota2-amaru-nemiga-2026-07-29,2026-07-29T18:02:17.532000+00:00,27.67108196000001,0.858879855768,28.529961815768008
5,8920655724,dota2-pckcp-z10-2026-07-30-game2,2026-07-30T10:32:16.617000+00:00,0.0,0.0,0.0
5,8920897425,dota2-lvlup1-z10-2026-07-30-game2,2026-07-30T13:37:44.606000+00:00,-27.144700000000014,1.4053493625,-25.739350637500014
5,8921002620,dota2-lvlup1-z10-2026-07-30,2026-07-30T14:47:46.063000+00:00,21.75600000000003,1.433020755,23.18902075500003
5,8921162227,dota2-amaru-pr1-2026-07-30-game1,2026-07-30T16:32:24.441000+00:00,15.516900000000007,0.6008919524999999,16.117791952500006
5,8921281044,dota2-amaru-pr1-2026-07-30-game2,2026-07-30T17:34:28.519000+00:00,0.0,0.0,0.0
5,8921949036,dota2-re-midas3-2026-07-31-game1,2026-07-31T06:23:42.906000+00:00,-6.533999999999992,0.548069625,-5.985930374999992
5,8922016200,dota2-re-midas3-2026-07-31-game2,2026-07-31T07:39:14.850000+00:00,0.0,0.0,0.0
5,8922074642,dota2-vg-amaru-2026-07-31-game1,2026-07-31T08:46:41.467000+00:00,9.756000000000014,0.2173149,9.973314900000014
5,8922137329,dota2-vg-amaru-2026-07-31-game2,2026-07-31T09:48:16.177000+00:00,0.0,0.0,0.0
5,8922133239,dota2-tr7-playti-2026-07-31-game1,2026-07-31T09:57:34.446000+00:00,-6.107317249999994,1.60075586634375,-4.506561383656244
5,8922186876,dota2-vg-amaru-2026-07-31,2026-07-31T10:40:33.810000+00:00,3.7312999999999903,0.33899703749999993,4.07029703749999
5,8922211678,dota2-tr7-playti-2026-07-31-game2,2026-07-31T11:00:53.806000+00:00,2.4131,0.8661382424999999,3.2792382425
5,8922300474,dota2-enjoy-glyph-2026-07-31-game1,2026-07-31T12:14:29.331000+00:00,-6.974999999999994,0.84471849,-6.130281509999994
5,8922339160,dota2-l1ga-rnx-2026-07-31-game1,2026-07-31T12:44:09.822000+00:00,22.818699999999954,2.7967701525,25.615470152499952
5,8922400300,dota2-enjoy-glyph-2026-07-31-game2,2026-07-31T13:24:39.311000+00:00,21.468799999999987,0.7141488,22.182948799999988
5,8922433138,dota2-l1ga-rnx-2026-07-31-game2,2026-07-31T13:42:06.325000+00:00,-23.093392799999997,1.5557781773714998,-21.537614622628496
5,8922552315,dota2-l1ga-rnx-2026-07-31,2026-07-31T14:55:23.609000+00:00,36.780699999999996,0.5663296124999999,37.347029612499995
5,8922602122,dota2-yb1-z10-2026-07-31-game1,2026-07-31T15:28:08.646000+00:00,11.76090000000002,1.4884674675,13.24936746750002
5,8922722577,dota2-yb1-z10-2026-07-31-game2,2026-07-31T16:35:25.057000+00:00,-8.163200000000003,0.76132044,-7.401879560000003
5,8922818221,dota2-xtreme-lgd-2026-07-31-game1,2026-07-31T17:51:24.199000+00:00,-1.6959207999999961,0.8377736067600001,-0.858147193239996
5,8922940920,dota2-xtreme-lgd-2026-07-31-game2,2026-07-31T19:09:48.720000+00:00,7.085999499999986,3.528079122375,10.614078622374986
5,8923040358,dota2-xtreme-lgd-2026-07-31,2026-07-31T20:28:40.570000+00:00,-41.5034,1.38914997,-40.11425003
5,8923506996,dota2-midas3-tr7-2026-08-01-game1,2026-08-01T05:43:01.223000+00:00,0.0,0.0,0.0
5,8923579943,dota2-midas3-tr7-2026-08-01-game2,2026-08-01T07:02:32.143000+00:00,-55.97829999999994,1.3181132325,-54.66018676749994
5,8923643650,dota2-midas3-tr7-2026-08-01,2026-08-01T08:08:01.087000+00:00,8.974699999999984,0.2876070825,9.262307082499984
5,8923704450,dota2-yes-vg-2026-08-01-game1,2026-08-01T09:01:56.739000+00:00,1.5413764900000047,0.98642913166425,2.5278056216642546
5,8923780137,dota2-re-playti-2026-08-01-game1,2026-08-01T10:09:39.721000+00:00,-8.771999999999977,0.65092626,-8.121073739999977
5,8923790600,dota2-yes-vg-2026-08-01-game2,2026-08-01T10:14:11.317000+00:00,13.078384180000029,0.316227249711,13.394611429711029
5,8923874259,dota2-re-playti-2026-08-01-game2,2026-08-01T11:26:12.956000+00:00,19.66369807999999,0.542606073324,20.206304153323988
5,8923899787,dota2-enjoy-yb1-2026-08-01-game1,2026-08-01T11:45:49.553000+00:00,-44.05719999999998,1.269360885,-42.78783911499998
5,8924057168,dota2-l1ga-lgd-2026-08-01-game1,2026-08-01T13:34:16.709000+00:00,-1.8246000000000002,0.203032365,-1.6215676350000003
5,8924222714,dota2-l1ga-lgd-2026-08-01-game2,2026-08-01T15:02:43.462000+00:00,0.0,0.0,0.0
5,8924328537,dota2-glyph-z10-2026-08-01-game1,2026-08-01T15:59:42.950000+00:00,-140.47419999999994,2.28945828,-138.18474171999995
5,8924367779,dota2-l1ga-lgd-2026-08-01,2026-08-01T16:23:12.450000+00:00,-14.964277859999982,0.31452920883900004,-14.649748651160982
5,8924468754,dota2-glyph-z10-2026-08-01-game2,2026-08-01T17:25:49.795000+00:00,-4.5919999999999845,2.12156052,-2.4704394799999845
5,8924530036,dota2-rnx-xtreme-2026-08-01-game1,2026-08-01T18:06:50.164000+00:00,3.278658310000015,0.65585815677975,3.934516466779765
5,8924616191,dota2-rnx-xtreme-2026-08-01-game2,2026-08-01T19:06:22.446000+00:00,-9.976502920000058,1.619632331826,-8.356870588174058
5,8925210898,dota2-playti-xctn-2026-08-02-game1,2026-08-02T05:28:20.542000+00:00,2.1599999999999966,0.151551,2.3115509999999966
5,8925308090,dota2-playti-xctn-2026-08-02-game2,2026-08-02T07:03:47.891000+00:00,3.030399999999986,0.5022887999999999,3.5326887999999856
5,8925543582,dota2-yes-tr7-2026-08-02-game1,2026-08-02T10:44:16.945000+00:00,0.5500000000000043,0.34124553,0.8912455300000043
5,8925703946,dota2-yes-tr7-2026-08-02-game2,2026-08-02T11:58:57.158000+00:00,3.756399999999985,0.71596899,4.4723689899999854
5,8925847726,dota2-yes-tr7-2026-08-02,2026-08-02T13:17:43.701000+00:00,62.858900000000034,1.8004693125,64.65936931250003
5,8926022375,dota2-rnx-yb1-2026-08-02-game1,2026-08-02T15:09:53.856000+00:00,41.755999130000035,3.51852995732475,45.27452908732479
5,8926232913,dota2-rnx-yb1-2026-08-02-game2,2026-08-02T16:42:19.665000+00:00,0.05740000000002965,1.845169425,1.9025694250000296
5,8926381426,dota2-rnx-yb1-2026-08-02,2026-08-02T18:14:10.009000+00:00,0.28000000000000647,0.94287684,1.2228768400000065
5,8926523280,dota2-z10-lgd-2026-08-02-game1,2026-08-02T19:59:32.068000+00:00,0.0,0.0,0.0
5,8926636219,dota2-z10-lgd-2026-08-02-game2,2026-08-02T21:07:31.416000+00:00,-7.143000000000001,0.27321975,-6.869780250000001
5,8927063876,dota2-glyph-playti-2026-08-03-game2,2026-08-03T06:55:36.873000+00:00,75.86829999999996,2.5116237225,78.37992372249997
5,8927132943,dota2-glyph-playti-2026-08-03,2026-08-03T08:27:35.152000+00:00,14.362688360000021,1.050027693888,15.41271605388802
5,8927207054,dota2-xtreme-tr7-2026-08-03-game1,2026-08-03T10:00:05.212000+00:00,3.134100000000018,1.2670055325,4.401105532500018
5,8927288399,dota2-xtreme-tr7-2026-08-03-game2,2026-08-03T11:00:48.642000+00:00,5.017000000000003,0.756169125,5.773169125000003
5,8927380776,dota2-xtreme-tr7-2026-08-03,2026-08-03T12:15:30.661000+00:00,8.694700000000054,2.0891527125,10.783852712500053
5,8927539264,dota2-vg-yb1-2026-08-03-game1,2026-08-03T14:05:56.825000+00:00,154.72700000000003,2.107820925,156.83482092500003
5,8927660975,dota2-vg-yb1-2026-08-03-game2,2026-08-03T15:05:20.968000+00:00,4.199697190000052,0.8410223868097499,5.040719576809802
5,8927760296,dota2-vg-yb1-2026-08-03,2026-08-03T16:18:19.713000+00:00,8.744092590000008,1.5687871180627497,10.312879708062757
5,8927926397,dota2-re-lgd-2026-08-03-game1,2026-08-03T18:09:03.381000+00:00,0.6823318,0.9764663801399999,1.6587981801399998
5,8928050264,dota2-re-lgd-2026-08-03-game2,2026-08-03T19:19:18.313000+00:00,-0.09999999999999964,0.0311925,-0.06880749999999965
5,8928163118,dota2-re-lgd-2026-08-03,2026-08-03T20:43:38.722000+00:00,-16.90000071999998,2.329874757624,-14.570125962375979
5,8928851109,dota2-playti-tr7-2026-08-04-game1,2026-08-04T11:30:07.829000+00:00,-10.680000000000021,1.1946074999999998,-9.485392500000021
5,8928953683,dota2-playti-tr7-2026-08-04-game2,2026-08-04T12:46:11.879000+00:00,-8.862200000000016,2.25395037,-6.6082496300000155
5,8929124210,dota2-yb1-re-2026-08-04-game1,2026-08-04T14:38:55.576000+00:00,5.6336915200000135,0.558267487104,6.191959007104013
5,8929276426,dota2-yb1-re-2026-08-04-game2,2026-08-04T15:54:25.550000+00:00,27.432499429999993,1.21519621997775,28.64769564997774
5,8929365099,dota2-yb1-re-2026-08-04,2026-08-04T16:51:08.308000+00:00,15.936718200000115,3.1497108353999996,19.086429035400116
5,8930200713,dota2-tr7-re-2026-08-05-game1,2026-08-05T08:20:38.811000+00:00,-1.2365761000000077,0.4594324384875,-0.7771436615125078
5,8930258778,dota2-tr7-re-2026-08-05-game2,2026-08-05T09:25:42.941000+00:00,33.76567343999997,3.030687537648,36.79636097764797
5,8930398938,dota2-playti-yb1-2026-08-05-game1,2026-08-05T12:24:04.133000+00:00,-16.150899999999965,2.9767822425,-13.174117757499964
5,8930615242,dota2-playti-yb1-2026-08-05-game2,2026-08-05T14:02:56.166000+00:00,30.508200000000045,1.168209825,31.676409825000043
5,8930736914,dota2-playti-yb1-2026-08-05-game3,2026-08-05T15:09:49.519000+00:00,6.889999999999986,0.97244625,7.862446249999986
5,8931781241,dota2-lvlup1-rearis-2026-08-06-game1,2026-08-06T09:28:03.156000+00:00,-5.626400449999998,0.09260131267125,-5.5337991373287485
5,8931852727,dota2-lvlup1-rearis-2026-08-06-game2,2026-08-06T10:30:33.624000+00:00,-1.3467465900000075,0.55667074796325,-0.7900758420367575
5,8931981851,dota2-rearis-nh-2026-08-06-game1,2026-08-06T12:26:15.226000+00:00,11.658499999999997,0.4808457375,12.139345737499996
5,8932085762,dota2-rearis-nh-2026-08-06-game2,2026-08-06T13:20:21.204000+00:00,-2.6234018799999888,0.472086055629,-2.1513158243709887
5,8932181345,dota2-rearis-nh-2026-08-06,2026-08-06T14:22:22.478000+00:00,2.5516000000000076,0.6386816399999999,3.1902816400000074
5,8932318084,dota2-nh-lvlup1-2026-08-06-game1,2026-08-06T15:34:15.395000+00:00,0.6359385199999785,0.706279160295,1.3422176802949786
5,8932413808,dota2-nh-lvlup1-2026-08-06-game2,2026-08-06T16:23:29.211000+00:00,0.0,0.0,0.0
5,8932523868,dota2-nh-lvlup1-2026-08-06,2026-08-06T17:36:18.454000+00:00,-0.3500000000000014,0.13122375,-0.21877625000000142
5,8932657929,dota2-ill-pr1-2026-08-06-game1,2026-08-06T19:12:10.345000+00:00,10.725696060000004,0.5537650968855,11.279461156885505
5,8932835800,dota2-ill-pr1-2026-08-06,2026-08-06T21:22:55.783000+00:00,-10.425999999999991,1.3945555950000001,-9.031444404999991
5,8933374169,dota2-nh-z10-2026-08-07-game1,2026-08-07T09:29:47.916000+00:00,0.0,0.0,0.0
5,8933453728,dota2-nh-z10-2026-08-07-game2,2026-08-07T10:40:19.376000+00:00,0.0,0.0,0.0
5,8933575351,dota2-ill-stx-2026-08-07-game1,2026-08-07T12:33:02.695000+00:00,0.0,0.0,0.0
5,8933704579,dota2-ill-stx-2026-08-07-game2,2026-08-07T13:44:43.178000+00:00,0.9202000000000012,0.17239947,1.0925994700000012
5,8933879286,dota2-pr1-jenz-2026-08-07-game1,2026-08-07T15:25:51.002000+00:00,-106.62320000000008,2.2944678,-104.32873220000008
5,8933988979,dota2-pr1-jenz-2026-08-07-game2,2026-08-07T16:29:38.697000+00:00,8.804284259999982,0.7449925371495,9.549276797149481
5,8934184387,dota2-jenz-nemiga-2026-08-07-game1,2026-08-07T18:35:03.983000+00:00,0.0,0.0,0.0
5,8934279386,dota2-jenz-nemiga-2026-08-07-game2,2026-08-07T19:33:30.612000+00:00,0.0,0.42000335999999994,0.42000335999999994
5,8936825643,dota2-pr1-yes-2026-08-09-game1,2026-08-09T09:22:32.992000+00:00,-15.106068770000007,0.74491302031425,-14.361155749685757
5,8937080738,dota2-pr1-yes-2026-08-09,2026-08-09T12:20:23.208000+00:00,67.03112124999996,4.65411515015625,71.6852364001562
5,8937188618,dota2-lvlup1-mouz-2026-08-09-game1,2026-08-09T13:17:49.636000+00:00,-21.288200000000018,1.04891862,-20.23928138000002
5,8937335830,dota2-lvlup1-mouz-2026-08-09-game2,2026-08-09T14:27:35.299000+00:00,-8.764999999999986,0.44158551,-8.323414489999987
5,8937484593,dota2-ill-re-2026-08-09-game1,2026-08-09T15:55:00.679000+00:00,0.45000000000000107,0.04480875,0.4948087500000011
5,8937631882,dota2-ill-re-2026-08-09-game2,2026-08-09T17:12:21.447000+00:00,132.05652399999994,1.2047623038,133.26128630379995
5,8937722788,dota2-z10-navi-2026-08-09-game1,2026-08-09T18:17:16.930000+00:00,-71.87879999999996,2.62997043,-69.24882956999996
5,8938509987,dota2-pr1-mouz-2026-08-10-game1,2026-08-10T09:24:47.767000+00:00,8.132400000000075,2.3232238950000004,10.455623895000075
5,8938565057,dota2-pr1-mouz-2026-08-10-game2,2026-08-10T10:12:07.159000+00:00,-7.495799999999967,1.76050467,-5.735295329999968
5,8938634026,dota2-pr1-mouz-2026-08-10,2026-08-10T11:15:54.851000+00:00,-24.016874659999942,1.9900621095795,-22.02681255042044
5,8938716198,dota2-ill-z10-2026-08-10-game1,2026-08-10T12:25:50.383000+00:00,-10.913800000000002,1.260842535,-9.652957465000002
5,8939023869,dota2-yes-lvlup1-2026-08-10-game1,2026-08-10T15:24:37.289000+00:00,48.87729999999996,0.9435757724999999,49.82087577249996
5,8940059913,dota2-lvlup1-navi-2026-08-11-game1,2026-08-11T09:16:02.605000+00:00,13.53919999999998,0.8176323899999999,14.35683238999998
5,8940117837,dota2-lvlup1-navi-2026-08-11-game2,2026-08-11T10:12:11.551000+00:00,-16.55868984,3.547529666472,-13.011160173528
5,8940266495,dota2-mouz-re-2026-08-11-game1,2026-08-11T12:16:13.042000+00:00,14.911200000000008,0.96350046,15.874700460000009
5,8940365227,dota2-mouz-re-2026-08-11-game2,2026-08-11T13:12:04.281000+00:00,-0.5328999999999837,1.2877703175000002,0.7548703175000164
5,8940487898,dota2-mouz-re-2026-08-11,2026-08-11T14:25:06.999000+00:00,34.00296439999994,3.33822761748,37.34119201747994
5,8940643574,dota2-yes-z10-2026-08-11-game1,2026-08-11T15:45:57.067000+00:00,27.01639999999999,2.4585615,29.474961499999992
5,8940756672,dota2-yes-z10-2026-08-11-game2,2026-08-11T16:48:25.758000+00:00,-0.20757079999999917,1.5616082713200001,1.354037471320001
5,8941656460,dota2-lvlup1-re-2026-08-12-game1,2026-08-12T09:19:34.658000+00:00,8.911399999999986,1.5731762999999999,10.484576299999986
5,8941733752,dota2-lvlup1-re-2026-08-12-game2,2026-08-12T10:35:42.245000+00:00,3.363200000000006,3.06112554,6.424325540000006
5,8941817475,dota2-lvlup1-re-2026-08-12,2026-08-12T11:50:26.039000+00:00,5.000100000000003,0.5913868275,5.591486827500003
5,8942003788,dota2-navi-lvlup1-2026-08-12-game1,2026-08-12T13:42:36.457000+00:00,5.333200000000019,0.35339116499999995,5.686591165000019
5,8942152024,dota2-navi-lvlup1-2026-08-12-game2,2026-08-12T14:50:30.897000+00:00,0.6999999999999957,0.15156750000000002,0.8515674999999958
5,8942262723,dota2-navi-lvlup1-2026-08-12-game3,2026-08-12T15:53:47.795000+00:00,2.3810000000000002,0.22750455000000003,2.60850455
5,8962372120,dota2-ic-nemiga-2026-08-24-game1,2026-08-24T07:17:08.649000+00:00,18.43679999999999,0.8773896,19.31418959999999
5,8962458373,dota2-ic-nemiga-2026-08-24-game2,2026-08-24T08:26:45.454000+00:00,8.65246432999997,1.39256840522925,10.04503273522922
5,8962592819,dota2-ks-lynx-2026-08-24-game1,2026-08-24T10:19:27.562000+00:00,-19.588584859999983,1.088076145671,-18.500508714328983
5,8962736746,dota2-ks-lynx-2026-08-24-game2,2026-08-24T11:33:18.452000+00:00,30.237715199999997,1.7114331481004998,31.949148348100497
5,8962964580,dota2-sb5-stx-2026-08-24-game1,2026-08-24T13:25:23.881000+00:00,0.0,0.0,0.0
5,8963508714,dota2-rearis-lynx-2026-08-24-game2,2026-08-24T17:37:20.349000+00:00,-2.077800000000014,0.7931984999999999,-1.2846015000000142
5,8963649188,dota2-dynast1-fts-2026-08-24-game1,2026-08-24T19:15:00.848000+00:00,55.67810000000003,0.6838743825,56.36197438250003
5,8963790789,dota2-dynast1-fts-2026-08-24-game2,2026-08-24T20:20:45.642000+00:00,1.5799999999999912,0.1781775,1.758177499999991
5,8964399842,dota2-pckcp-nemiga-2026-08-25-game1,2026-08-25T07:22:10.248000+00:00,-32.75953207999993,2.626537016622,-30.13299506337793
5,8964480771,dota2-pckcp-nemiga-2026-08-25-game2,2026-08-25T08:31:41.723000+00:00,12.281013680000015,1.8362876722919999,14.117301352292015
5,8964574076,dota2-pckcp-nemiga-2026-08-25,2026-08-25T09:52:05.670000+00:00,-0.03999999999999737,0.7660349999999999,0.7260350000000025
5,8964657335,dota2-fts-pckcp-2026-08-25-game1,2026-08-25T10:52:11.864000+00:00,-9.881901460000037,1.0622277299295,-8.819673730070537
5,8964837315,dota2-fts-pckcp-2026-08-25-game2,2026-08-25T12:34:06.314000+00:00,14.938519600000092,1.7338749277199998,16.67239452772009
5,8964962329,dota2-ic-fts-2026-08-25-game1,2026-08-25T13:50:36.471000+00:00,44.49130005000018,2.19272603327325,46.68402608327343
5,8965097316,dota2-ic-fts-2026-08-25-game2,2026-08-25T14:41:01.046000+00:00,-10.366299999999939,1.0966484324999999,-9.269651567499938
5,8964938940,dota2-rearis-spirit1-2026-08-25-game1,2026-08-25T16:23:39.394000+00:00,6.132623040000013,0.931717436688,7.064340476688013
5,8965544741,dota2-rearis-spirit1-2026-08-25,2026-08-25T18:44:21.316000+00:00,-7.489100000000036,2.8610939474999997,-4.628006052500036
5,8969842778,dota2-pckcp-ic-2026-08-28-game2,2026-08-28T08:21:21.985000+00:00,-24.350487099999924,1.3102125796125002,-23.040274520387424
5,8969978865,dota2-rearis-sb5-2026-08-28-game1,2026-08-28T10:27:01.322000+00:00,1.603100000000012,0.24550566749999997,1.848605667500012
5,8970089224,dota2-rearis-sb5-2026-08-28-game2,2026-08-28T11:41:09.553000+00:00,0.0,0.0,0.0
5,8970207176,dota2-rearis-sb5-2026-08-28,2026-08-28T12:56:49.576000+00:00,9.605499599999991,0.79393431522,10.39943391521999
5,8970338180,dota2-synaps-nemiga-2026-08-28-game1,2026-08-28T14:09:13.367000+00:00,-2.245299999999986,1.9802926424999998,-0.2650073574999863
5,8970352005,dota2-dynast1-ic-2026-08-28-game1,2026-08-28T14:10:35.964000+00:00,-18.909842299999994,0.39233013175500003,-18.517512168244995
5,8970470057,dota2-synaps-nemiga-2026-08-28-game2,2026-08-28T15:09:53.245000+00:00,51.37300933,0.53772920732775,51.91073853732775
5,8970485789,dota2-dynast1-ic-2026-08-28-game2,2026-08-28T15:14:26.848000+00:00,-30.74821792000003,1.53772665252,-29.21049126748003
5,8970575970,dota2-synaps-nemiga-2026-08-28,2026-08-28T16:02:11.965000+00:00,-36.92438082999999,0.6290497345927499,-36.29533109540724
5,8970655100,dota2-dynast1-ic-2026-08-28,2026-08-28T16:43:34.585000+00:00,-0.7973046600000417,1.1607555116655,0.3634508516654582
5,8970886632,dota2-dynast1-pckcp-2026-08-28-game2,2026-08-28T18:51:22.084000+00:00,0.621814999999998,0.7237715336249999,1.345586533624998
5,8971007454,dota2-ks-rearis-2026-08-28-game1,2026-08-28T20:11:41.712000+00:00,-52.10309959999998,3.04621505055,-49.056884549449975
5,8971016820,dota2-fts-nemiga-2026-08-28-game1,2026-08-28T20:17:43.711000+00:00,0.0,0.0,0.0
5,8971111987,dota2-ks-rearis-2026-08-28-game2,2026-08-28T21:24:47.695000+00:00,12.120000000000015,0.37530899999999995,12.495309000000015
5,8971423978,dota2-db2-satan-2026-08-28-game2,2026-08-29T03:20:55.120000+00:00,2.3999999999999986,0.05665499999999998,2.4566549999999987
5,8971501630,dota2-nexus-cres-2026-08-28,2026-08-29T04:51:09.441000+00:00,-180.12468948000003,1.862020473096,-178.26266900690402
5,8971519375,dota2-nem-6seven-2026-08-29-game1,2026-08-29T05:14:15.579000+00:00,6.619103859999939,0.7404514122915,7.359555272291439
5,8971586781,dota2-nem-6seven-2026-08-29-game2,2026-08-29T06:13:46.689000+00:00,-21.147427709999974,1.34251197858225,-19.804915731417722
5,8971664649,dota2-nem-6seven-2026-08-29,2026-08-29T07:24:10.704000+00:00,9.238972039999993,1.604061020166,10.843033060165993
5,8971753986,dota2-icecre-kineti-2026-08-29-game1,2026-08-29T08:38:12.829000+00:00,0.0,0.0,0.0
5,8971849697,dota2-icecre-kineti-2026-08-29-game2,2026-08-29T09:43:14.699000+00:00,0.0,0.0,0.0
5,8971891627,dota2-dynast1-nemiga-2026-08-29-game1,2026-08-29T10:17:49.464000+00:00,-4.597458809999964,0.86704941273825,-3.7304093972617136
5,8971964803,dota2-mouz-yes-2026-08-29-game1,2026-08-29T11:13:49.271000+00:00,-15.39840000000001,1.05760575,-14.340794250000009
5,8971988345,dota2-sb5-lynx-2026-08-29-game1,2026-08-29T11:21:30.742000+00:00,-3.2165850799999998,0.090153672336,-3.1264314076639996
5,8972103119,dota2-sb5-lynx-2026-08-29-game2,2026-08-29T12:31:54.536000+00:00,-4.6875,0.5487890625,-4.1387109375
5,8972115962,dota2-mouz-yes-2026-08-29-game2,2026-08-29T12:36:59.931000+00:00,8.179848399999969,1.97153366847,10.15138206846997
5,8972289868,dota2-huliga-lynx-2026-08-29-game1,2026-08-29T14:15:10.550000+00:00,-27.193577340000047,2.231975963571,-24.961601376429048
5,8972502454,dota2-huliga-lynx-2026-08-29-game2,2026-08-29T15:52:19.963000+00:00,13.930497080000032,1.212868456806,15.143365536806032
5,8972611918,dota2-huliga-lynx-2026-08-29,2026-08-29T16:49:36.587000+00:00,8.815700000000014,2.7623134725000003,11.578013472500015
5,8972773416,dota2-pi-lvlup1-2026-08-29-game1,2026-08-29T18:17:23.637000+00:00,2.9271750399999803,2.1822488476079998,5.10942388760798
5,8972893200,dota2-pi-lvlup1-2026-08-29-game2,2026-08-29T19:20:53.860000+00:00,0.0,0.0,0.0
5,8973011673,dota2-pi-lvlup1-2026-08-29,2026-08-29T20:33:12.059000+00:00,-8.808499999999981,1.4429713575,-7.365528642499981
5,8973010298,dota2-ks-spirit1-2026-08-29-game1,2026-08-29T20:38:42.759000+00:00,-44.55000000000001,0.41098724999999997,-44.13901275000001
5,8973337131,dota2-icecre-xctn-2026-08-30-game1,2026-08-30T02:14:49.254000+00:00,-4.285799999999995,0.461902095,-3.8238979049999946
5,8973405568,dota2-icecre-xctn-2026-08-30-game2,2026-08-30T03:19:55.483000+00:00,-16.96247870999999,0.7022442461602499,-16.260234463839737
5,8973462028,dota2-icecre-xctn-2026-08-30,2026-08-30T04:30:11.988000+00:00,-1.246298359999999,2.306651528871,1.0603531688710008
5,8973502629,dota2-clo-yb1-2026-08-30-game1,2026-08-30T05:13:07.837000+00:00,-3.7000000000000313,0.4790681549999999,-3.2209318450000315
5,8973568453,dota2-clo-yb1-2026-08-30-game2,2026-08-30T06:12:50.377000+00:00,-3.3899999999999864,0.27024525,-3.1197547499999865
5,8973613420,dota2-clo-yb1-2026-08-30,2026-08-30T07:04:46.677000+00:00,14.135971609999977,0.64572200340975,14.781693613409727
5,8973707438,dota2-lynx-lvlup1-2026-08-30-game1,2026-08-30T08:16:36.050000+00:00,-0.5311999999999912,0.6373268850000001,0.10612688500000889
5,8973859403,dota2-lynx-lvlup1-2026-08-30-game2,2026-08-30T09:56:31.353000+00:00,5.422099999999972,1.3299876524999998,6.752087652499972
5,8973884000,dota2-nem-xctn-2026-08-30-game2,2026-08-30T10:12:32.710000+00:00,9.322974399999993,0.5491218367199999,9.872096236719992
5,8973944033,dota2-lynx-lvlup1-2026-08-30,2026-08-30T10:50:43.696000+00:00,-15.180756639999922,2.737085255388,-12.443671384611921
5,8974185539,dota2-navi-mouz-2026-08-30-game2,2026-08-30T13:08:29.090000+00:00,-38.93421579999997,1.79113720416,-37.14307859583997
5,8974647733,dota2-lvlup1-pr1-2026-08-30-game1,2026-08-30T17:09:16.077000+00:00,-16.684324100000012,1.2681334484775,-15.416190651522513
5,8974898633,dota2-lvlup1-pr1-2026-08-30,2026-08-30T19:25:58.777000+00:00,-3.2387000000000237,1.5643571625,-1.6743428375000238
5,8975110449,dota2-dynast1-ks-2026-08-30-game2,2026-08-30T21:54:27.706000+00:00,9.66530000000003,0.7899109874999999,10.455210987500031
5,8975871235,dota2-synaps-lynx-2026-08-31-game1,2026-08-31T12:26:44.788000+00:00,-5.598058419999999,1.438969247352,-4.159089172647999
5,8976012755,dota2-synaps-lynx-2026-08-31-game2,2026-08-31T13:41:35.303000+00:00,0.0,0.21503232,0.21503232
5,8976166971,dota2-synaps-lynx-2026-08-31,2026-08-31T15:09:07.826000+00:00,8.984775400000004,1.43564784918,10.420423249180004
5,8976300473,dota2-4iki-ic-2026-08-31-game1,2026-08-31T16:25:39.940000+00:00,16.591138959999988,0.73478011665,17.32591907664999
5,8976441468,dota2-4iki-ic-2026-08-31-game2,2026-08-31T17:43:06.122000+00:00,0.0,0.0,0.0
5,8976511215,dota2-4iki-ic-2026-08-31,2026-08-31T18:29:54.020000+00:00,146.39530000000002,1.8790061925,148.2743061925
5,8976665322,dota2-spirit1-pi-2026-08-31-game1,2026-08-31T20:26:57.494000+00:00,-2.044359949999965,2.3879033052562497,0.34354335525628477
5,8976751962,dota2-spirit1-pi-2026-08-31-game2,2026-08-31T21:40:17.685000+00:00,0.0,0.0,0.0
5,8977325814,dota2-ks-pckcp-2026-09-01-game2,2026-09-01T10:26:27.059000+00:00,3.0598999999999705,0.7537032524999999,3.8136032524999703
5,8977476867,dota2-ic-lynx-2026-09-01-game1,2026-09-01T12:26:04.131000+00:00,2.223799999999997,0.40328612999999996,2.6270861299999972
5,8977623650,dota2-ic-lynx-2026-09-01-game2,2026-09-01T13:53:28.128000+00:00,-15.161023,1.797019107375,-13.364003892625
5,8977913355,dota2-synaps-lvlup1-2026-09-01-game2,2026-09-01T16:37:59.217000+00:00,0.0,0.0,0.0
5,8978023576,dota2-synaps-lvlup1-2026-09-01,2026-09-01T17:45:54.185000+00:00,-20.19265368,0.5201687971439999,-19.672484882856
5,8978832148,dota2-pr1-ic-2026-09-02-game1,2026-09-02T09:52:32.767000+00:00,60.648717899999916,1.495681212774,62.14439911277392
5,8978916284,dota2-pr1-ic-2026-09-02-game2,2026-09-02T11:19:11.539000+00:00,0.0,0.0,0.0
5,8978986214,dota2-pr1-ic-2026-09-02,2026-09-02T12:20:55.440000+00:00,-4.754500000000004,0.47162997749999996,-4.282870022500004
5,8979131280,dota2-dynast1-pckcp-2026-09-02-game1,2026-09-02T13:56:13.878000+00:00,0.0,0.0,0.0
5,8979241530,dota2-dynast1-pckcp-2026-09-02-game2,2026-09-02T14:56:18.245000+00:00,18.45870000000002,1.4597093024999999,19.91840930250002
5,8979344496,dota2-synaps-4iki-2026-09-02-game1,2026-09-02T15:59:27.587000+00:00,3.9147115299999555,2.47782390052275,6.392535430522706
5,8980293569,dota2-z10-ks-2026-09-03-game1,2026-09-03T09:18:42.909000+00:00,-1.428600000000003,0.454187655,-0.974412345000003
5,8980358113,dota2-z10-ks-2026-09-03-game2,2026-09-03T10:27:20.250000+00:00,15.031700000000015,1.1725736174999999,16.204273617500014
5,8980463789,dota2-pckcp-spirit1-2026-09-03-game1,2026-09-03T12:14:02.762000+00:00,0.20899999999999963,0.05465872499999999,0.26365872499999965
5,8980769413,dota2-pi-dynast1-2026-09-03-game1,2026-09-03T15:17:23.998000+00:00,0.0,0.0,0.0
6,8837869969,dota2-aur1-ty-2026-06-04-game1,2026-06-04T09:17:47.612000+00:00,48.17608119999997,3.4634413990499997,51.63952259904997
6,8837957019,dota2-aur1-ty-2026-06-04-game2,2026-06-04T11:05:49.570000+00:00,-28.62439999999998,3.258646695,-25.36575330499998
6,8838056564,dota2-flc-liquid-2026-06-04-game1,2026-06-04T12:43:48.535000+00:00,-47.05830000000003,1.8566755725,-45.20162442750003
6,8838170936,dota2-flc-liquid-2026-06-04-game2,2026-06-04T14:05:12.636000+00:00,-19.084996199999978,1.8406836140399998,-17.244312585959978
6,8838396820,dota2-lgd-ty-2026-06-04-game2,2026-06-04T16:48:28.531000+00:00,5.799200000000042,2.047775415,7.846975415000042
6,8838480778,dota2-lgd-ty-2026-06-04,2026-06-04T17:57:47.377000+00:00,-31.60410043000003,3.02601216533925,-28.57808826466078
6,8839123109,dota2-flc-bb4-2026-06-05-game1,2026-06-05T09:16:39.267000+00:00,6.03719999999997,0.82242918,6.8596291799999705
6,8839193447,dota2-flc-bb4-2026-06-05-game2,2026-06-05T10:38:10.594000+00:00,-9.886299999999977,0.6688568774999999,-9.217443122499978
6,8839366504,dota2-lgd-liquid-2026-06-05-game2,2026-06-05T13:21:18.066000+00:00,15.567895639999975,1.304869943766,16.872765583765975
6,8839494962,dota2-flc-aur1-2026-06-05-game1,2026-06-05T14:52:18.684000+00:00,38.25989999999999,2.2707634875,40.530663487499986
6,8839625815,dota2-flc-aur1-2026-06-05-game2,2026-06-05T16:13:53.150000+00:00,8.738300000000024,0.7070241225,9.445324122500024
6,8839717574,dota2-flc-aur1-2026-06-05,2026-06-05T17:21:15.591000+00:00,-2.958299999999994,1.0716881624999999,-1.8866118374999943
6,8840635639,dota2-ty-bb4-2026-06-06-game1,2026-06-06T10:47:49.658000+00:00,5.941199999999952,0.79494642,6.736146419999953
6,8840704374,dota2-ty-bb4-2026-06-06-game2,2026-06-06T11:51:44.485000+00:00,-10.879402550000009,1.9708838163937499,-8.90851873360626
6,8840821227,dota2-ty-bb4-2026-06-06,2026-06-06T13:12:37.368000+00:00,51.76349999999995,3.3322260075,55.09572600749995
6,8840984097,dota2-aur1-lgd-2026-06-06-game1,2026-06-06T15:05:33.978000+00:00,0.457334079999999,0.868749715968,1.326083795967999
6,8841114801,dota2-aur1-lgd-2026-06-06-game2,2026-06-06T16:30:29.855000+00:00,-15.022303609999966,1.78581338272275,-13.236490227277216
6,8842052142,dota2-bb4-lgd-2026-06-07-game1,2026-06-07T09:18:04.694000+00:00,-25.528200740000045,1.7325037327245,-23.795697007275546
6,8842134886,dota2-bb4-lgd-2026-06-07-game2,2026-06-07T10:28:41.168000+00:00,3.316899999999947,4.0788333825,7.395733382499947
6,8842245726,dota2-bb4-lgd-2026-06-07,2026-06-07T11:59:53.564000+00:00,2.7332999999999856,0.9010944075,3.6343944074999857
6,8842468101,dota2-ty-lgd-2026-06-07-game1,2026-06-07T14:21:40.854000+00:00,-11.11706019,0.8531535880822501,-10.26390660191775
6,8842596730,dota2-ty-lgd-2026-06-07-game2,2026-06-07T15:49:20.066000+00:00,-0.6564638400000007,0.7358301630840001,0.07936632308399938
6,8842722527,dota2-ty-lgd-2026-06-07-game3,2026-06-07T17:12:22.566000+00:00,4.545599999999993,0.49808412,5.043684119999993
6,8842845018,dota2-ty-lgd-2026-06-07-game4,2026-06-07T18:51:58.999000+00:00,15.466666279999998,0.082359997941,15.549026277940998
6,8843465364,dota2-4iki-nande4-2026-06-08-game1,2026-06-08T09:15:08.776000+00:00,-58.15128230000008,2.3522769827625,-55.79900531723758
6,8843512570,dota2-4iki-nande4-2026-06-08-game2,2026-06-08T10:09:45.609000+00:00,-28.140800729999984,0.46780696275525,-27.672993767244733
6,8843560379,dota2-4iki-nande4-2026-06-08,2026-06-08T11:10:54.138000+00:00,-1.3599999999999994,0.07671,-1.2832899999999994
6,8843760302,dota2-vpp-balu-2026-06-08-game2,2026-06-08T13:42:26.324000+00:00,1.1765000000000043,0.21874076250000002,1.3952407625000043
6,8844054970,dota2-z10-sb5-2026-06-08-game2,2026-06-08T17:08:41.204000+00:00,19.159400000000005,0.23430069000000003,19.393700690000006
6,8844132483,dota2-vpp-z10-2026-06-08-game1,2026-06-08T18:23:01.210000+00:00,0.0,0.0,0.0
6,8844244719,dota2-vpp-z10-2026-06-08-game2,2026-06-08T19:45:42.908000+00:00,14.552399999999949,0.87769173,15.43009172999995
6,8844308689,dota2-vpp-z10-2026-06-08,2026-06-08T20:50:38.757000+00:00,191.8909,0.8774975325000001,192.7683975325
6,8850534819,dota2-ill-pr1-2026-06-13-game2,2026-06-13T17:10:42.502000+00:00,-7.25,0.37952624999999995,-6.87047375
6,8850593633,dota2-ill-pr1-2026-06-13,2026-06-13T18:00:57.551000+00:00,0.0,0.0,0.0
6,8851984783,dota2-4iki-pr1-2026-06-14-game2,2026-06-14T16:46:25.798000+00:00,3.0286000000000044,1.24760466,4.276204660000005
6,8852055373,dota2-4iki-pr1-2026-06-14,2026-06-14T17:46:02.690000+00:00,-25.157799999999984,0.990038955,-24.167761044999985
6,8854443395,dota2-fla-spirit1-2026-06-16-game1,2026-06-16T16:31:44.570000+00:00,-3.84,0.18359999999999999,-3.6563999999999997
6,8885183102,dota2-flc-bb4-2026-07-07-game1,2026-07-07T09:47:24.433000+00:00,-8.045600000000007,1.283929275,-6.761670725000007
6,8885195986,dota2-re-xtreme-2026-07-07-game1,2026-07-07T09:55:03.037000+00:00,8.790899999999993,0.30482628749999996,9.095726287499993
6,8885252329,dota2-flc-bb4-2026-07-07-game2,2026-07-07T11:01:59.599000+00:00,0.16839999999999122,2.193027,2.361426999999991
6,8885275216,dota2-re-xtreme-2026-07-07-game2,2026-07-07T11:16:11.813000+00:00,0.0,0.0,0.0
6,8885365825,dota2-l1ga-ngx-2026-07-07-game1,2026-07-07T12:34:49.112000+00:00,0.0,0.0,0.0
6,8885380529,dota2-liquid-playti-2026-07-07-game1,2026-07-07T12:43:07.045000+00:00,-0.8716000000000292,1.261073055,0.38947305499997076
6,8885411801,dota2-lvlup1-aur1-2026-07-07-game1,2026-07-07T13:06:28.530000+00:00,0.0,0.0,0.0
6,8885470551,dota2-l1ga-ngx-2026-07-07-game2,2026-07-07T13:39:34.570000+00:00,14.45,1.891114515,16.341114515
6,8885473599,dota2-liquid-playti-2026-07-07-game2,2026-07-07T13:52:27.923000+00:00,31.874080200000037,4.2482390746575,36.122319274657535
6,8885529711,dota2-lvlup1-aur1-2026-07-07-game2,2026-07-07T14:23:52.590000+00:00,4.210400000000007,0.045314430000000044,4.255714430000007
6,8885633666,dota2-ts8-mouz-2026-07-07-game1,2026-07-07T15:33:28.678000+00:00,-18.61953483999997,1.051741858362,-17.56779298163797
6,8885665054,dota2-nem-pari-2026-07-07-game1,2026-07-07T15:41:38.548000+00:00,26.407600000000016,0.8236125599999999,27.231212560000017
6,8885784652,dota2-ts8-mouz-2026-07-07-game2,2026-07-07T17:16:32.961000+00:00,-23.023324999999943,1.943056813125,-21.080268186874942
6,8885871759,dota2-ic-1win-2026-07-07-game1,2026-07-07T18:31:07.999000+00:00,0.0,0.0,0.0
6,8885928262,dota2-ty-og-2026-07-07-game1,2026-07-07T19:03:44.444000+00:00,0.0,0.0,0.0
6,8885974297,dota2-ic-1win-2026-07-07-game2,2026-07-07T19:32:14.446000+00:00,0.0,0.0,0.0
6,8886005043,dota2-ty-og-2026-07-07-game2,2026-07-07T20:03:05.981000+00:00,0.0,0.0,0.0
6,8886576019,dota2-poorra-bb4-2026-07-08-game1,2026-07-08T09:20:01.472000+00:00,-10.0,0.33899999999999997,-9.661
6,8886572854,dota2-gl-xtreme-2026-07-08-game1,2026-07-08T09:27:27.007000+00:00,-27.969199999999944,4.94187726,-23.027322739999946
6,8886638110,dota2-poorra-bb4-2026-07-08-game2,2026-07-08T10:36:00.005000+00:00,1.698699999999988,0.4506125175,2.149312517499988
6,8886640910,dota2-flc-re-2026-07-08-game2,2026-07-08T10:39:41.623000+00:00,24.311399999999992,1.0552941149999997,25.36669411499999
6,8886641793,dota2-gl-xtreme-2026-07-08-game2,2026-07-08T10:45:04.782000+00:00,-67.63129999999995,4.3303117575000005,-63.300988242499955
6,8886728756,dota2-l1ga-playti-2026-07-08-game1,2026-07-08T12:02:19.795000+00:00,-7.75880091000001,0.51153200733825,-7.2472689026617605
6,8886736772,dota2-liquid-lvlup1-2026-07-08-game1,2026-07-08T12:08:59.488000+00:00,3.4883999999999986,0.19037943000000002,3.6787794299999987
6,8886788497,dota2-ngx-aur1-2026-07-08-game1,2026-07-08T12:47:30.744000+00:00,-2.6008903299999986,0.52524720440325,-2.0756431255967485
6,8886815251,dota2-l1ga-playti-2026-07-08-game2,2026-07-08T13:04:20.712000+00:00,47.2192,0.26185592999999996,47.481055930000004
6,8886862310,dota2-liquid-lvlup1-2026-07-08-game2,2026-07-08T13:37:25.898000+00:00,4.166800000000009,0.030000960000000028,4.196800960000009
6,8886994890,dota2-ts8-nem-2026-07-08-game1,2026-07-08T14:59:11.781000+00:00,-0.09999999999999964,0.0196425,-0.08035749999999964
6,8887100676,dota2-vg-pari-2026-07-08-game1,2026-07-08T16:18:23.954000+00:00,0.0,0.0,0.0
6,8887114313,dota2-ts8-nem-2026-07-08-game2,2026-07-08T16:15:19.583000+00:00,-1.852000000000002,0.06632369999999999,-1.7856763000000022
6,8887197358,dota2-vg-pari-2026-07-08-game2,2026-07-08T17:23:00.102000+00:00,0.0,0.0,0.0
6,8887218598,dota2-lgd-og-2026-07-08-game1,2026-07-08T17:27:41.870000+00:00,1.0600000000000023,0.08645249999999999,1.1464525000000023
6,8887260104,dota2-ty-ic-2026-07-08-game1,2026-07-08T17:58:24.214000+00:00,0.0,0.0,0.0
6,8887314193,dota2-lgd-og-2026-07-08-game2,2026-07-08T18:40:30.736000+00:00,-55.08105051999992,4.959008978871,-50.12204154112892
6,8887325211,dota2-vp-1win-2026-07-08-game1,2026-07-08T18:51:24.334000+00:00,22.792700000000025,1.9795427774999999,24.772242777500026
6,8887337672,dota2-ty-ic-2026-07-08-game2,2026-07-08T19:01:29.872000+00:00,0.0,0.0,0.0
6,8887432754,dota2-vp-1win-2026-07-08-game2,2026-07-08T20:20:02.742000+00:00,47.23549999999998,0.5421734175,47.77767341749998
6,8887986392,dota2-poorra-xtreme-2026-07-09-game1,2026-07-09T09:21:30.237000+00:00,-38.63999999999993,3.8373244349999993,-34.80267556499993
6,8887998750,dota2-bb4-re-2026-07-09-game1,2026-07-09T09:29:32.198000+00:00,0.0,0.0,0.0
6,8888056358,dota2-poorra-xtreme-2026-07-09-game2,2026-07-09T10:34:44.979000+00:00,-7.510100000000051,2.0427143025,-5.467385697500051
6,8888066684,dota2-bb4-re-2026-07-09-game2,2026-07-09T10:43:25.275000+00:00,-5.479600000000005,0.42227167499999996,-5.057328325000005
6,8888083694,dota2-gl-flc-2026-07-09-game2,2026-07-09T11:11:32.224000+00:00,29.711299999999937,1.6142670674999997,31.325567067499936
6,8888160657,dota2-l1ga-aur1-2026-07-09-game1,2026-07-09T12:09:38.901000+00:00,-3.512703959999996,0.402092871354,-3.110611088645996
6,8888173515,dota2-playti-lvlup1-2026-07-09-game1,2026-07-09T12:20:27.216000+00:00,25.31010000000002,0.20196582749999997,25.51206582750002
6,8888217771,dota2-ngx-liquid-2026-07-09-game1,2026-07-09T12:52:14.212000+00:00,2.8080315600000176,0.842918702076,3.6509502620760177
6,8888260336,dota2-l1ga-aur1-2026-07-09-game2,2026-07-09T13:20:05.771000+00:00,-2.549999999999997,0.19985625,-2.3501437499999973
6,8888279558,dota2-playti-lvlup1-2026-07-09-game2,2026-07-09T13:33:23.111000+00:00,21.0176,0.15453648000000003,21.172136480000002
6,8888318197,dota2-ngx-liquid-2026-07-09-game2,2026-07-09T14:04:08.888000+00:00,24.56340000000006,2.61301017,27.176410170000057
6,8888405761,dota2-mouz-nem-2026-07-09-game1,2026-07-09T14:48:45.816000+00:00,5.405600000000007,0.36893219999999993,5.7745322000000066
6,8888425887,dota2-rnx-pari-2026-07-09-game1,2026-07-09T15:02:02.148000+00:00,0.0,0.0,0.0
6,8888489297,dota2-vg-ts8-2026-07-09-game1,2026-07-09T15:42:43.149000+00:00,0.0,0.0,0.0
6,8888555097,dota2-mouz-nem-2026-07-09-game2,2026-07-09T16:24:34.308000+00:00,-22.254800000000003,1.9193078249999997,-20.335492175000002
6,8888554919,dota2-rnx-pari-2026-07-09-game2,2026-07-09T16:26:10.054000+00:00,0.0,0.0,0.0
6,8888592426,dota2-vg-ts8-2026-07-09-game2,2026-07-09T16:59:54.115000+00:00,4.0541999999999945,0.374506725,4.428706724999994
6,8888682602,dota2-og-ic-2026-07-09-game1,2026-07-09T17:53:01.981000+00:00,-26.919599999999974,1.273705935,-25.645894064999975
6,8888693655,dota2-vp-ty-2026-07-09-game1,2026-07-09T18:07:57.629000+00:00,2.3256000000000085,0.1970946,2.5226946000000083
6,8888731478,dota2-lgd-1win-2026-07-09-game1,2026-07-09T18:35:20.326000+00:00,32.20460000000004,1.66314453,33.86774453000004
6,8888771711,dota2-og-ic-2026-07-09-game2,2026-07-09T19:04:50.495000+00:00,0.0,0.0,0.0
6,8888819433,dota2-lgd-1win-2026-07-09-game2,2026-07-09T19:41:02.532000+00:00,7.216295980000005,1.7582257108815003,8.974521690881506
6,8889452921,dota2-re-gl-2026-07-10-game1,2026-07-10T09:17:34.068000+00:00,0.0,0.14945999999999998,0.14945999999999998
6,8889468264,dota2-xtreme-bb4-2026-07-10-game1,2026-07-10T09:26:30.741000+00:00,-35.815099999999944,2.3081980874999997,-33.50690191249994
6,8889513730,dota2-poorra-flc-2026-07-10-game2,2026-07-10T10:17:36.842000+00:00,0.5999999999999996,0.027000000000000003,0.6269999999999997
6,8889524021,dota2-xtreme-bb4-2026-07-10-game2,2026-07-10T10:37:39.793000+00:00,1.5404714200000171,1.0164138311145,2.556885251114517
6,8889538949,dota2-re-gl-2026-07-10-game2,2026-07-10T10:40:57.402000+00:00,4.4705000000000155,3.8738662875,8.344366287500016
6,8889615310,dota2-l1ga-liquid-2026-07-10-game1,2026-07-10T11:48:20.990000+00:00,4.453246159999985,0.27874714265399997,4.731993302653985
6,8889621582,dota2-aur1-playti-2026-07-10-game1,2026-07-10T11:57:42.116000+00:00,-36.79070000000001,2.4169452975,-34.37375470250001
6,8889699098,dota2-l1ga-liquid-2026-07-10-game2,2026-07-10T12:46:15.831000+00:00,0.0,0.0,0.0
6,8889733840,dota2-aur1-playti-2026-07-10-game2,2026-07-10T13:14:22.837000+00:00,-69.84209999999996,1.7693542875,-68.07274571249997
6,8889871314,dota2-nem-vg-2026-07-10-game1,2026-07-10T14:27:52.631000+00:00,6.579000000000008,0.331877655,6.910877655000007
6,8889914618,dota2-pari-mouz-2026-07-10-game1,2026-07-10T14:59:49.254000+00:00,-6.8964,0.23016734999999994,-6.6662326499999995
6,8889944251,dota2-rnx-ts8-2026-07-10-game1,2026-07-10T15:15:29.857000+00:00,4.444400000000002,0.12199878000000001,4.566398780000002
6,8890008812,dota2-nem-vg-2026-07-10-game2,2026-07-10T15:49:04.827000+00:00,16.176599999999993,0.42298132499999996,16.599581324999992
6,8890036748,dota2-pari-mouz-2026-07-10-game2,2026-07-10T16:15:07.698000+00:00,11.36399999999999,0.10670796,11.47070795999999
6,8890074597,dota2-rnx-ts8-2026-07-10-game2,2026-07-10T16:28:42.555000+00:00,0.0,0.0,0.0
6,8890179830,dota2-lgd-ty-2026-07-10-game1,2026-07-10T17:38:53.401000+00:00,19.04399999999997,1.3847999549999999,20.428799954999967
6,8890270555,dota2-1win-og-2026-07-10-game2,2026-07-10T18:36:26.467000+00:00,0.0,0.0,0.0
6,8890268632,dota2-lgd-ty-2026-07-10-game2,2026-07-10T18:43:14.663000+00:00,2.7778000000000134,0.8004339899999999,3.5782339900000135
6,8890301402,dota2-ic-vp-2026-07-10-game2,2026-07-10T18:52:09.717000+00:00,0.0,0.0,0.0
6,8891108843,dota2-poorra-re-2026-07-11-game1,2026-07-11T09:15:44.932000+00:00,0.7799999999999994,0.0478725,0.8278724999999993
6,8891108985,dota2-bb4-gl-2026-07-11-game1,2026-07-11T09:17:06.187000+00:00,1.041443199999975,0.9601030857,2.001546285699975
6,8891145641,dota2-xtreme-flc-2026-07-11-game1,2026-07-11T09:30:07.111000+00:00,1.3713242500000007,0.47618696064374993,1.8475112106437506
6,8891217710,dota2-poorra-re-2026-07-11-game2,2026-07-11T10:44:50.172000+00:00,4.420000000000002,0.747924,5.167924000000002
6,8891240327,dota2-xtreme-flc-2026-07-11-game2,2026-07-11T11:01:14.698000+00:00,11.631400000000022,1.821303915,13.452703915000022
6,8891325877,dota2-l1ga-lvlup1-2026-07-11-game1,2026-07-11T12:09:46.181000+00:00,0.0,0.0,0.0
6,8891349244,dota2-playti-ngx-2026-07-11-game1,2026-07-11T12:27:52.369000+00:00,9.974399999999989,3.745129035,13.719529034999988
6,8891371442,dota2-aur1-liquid-2026-07-11-game1,2026-07-11T12:43:19.319000+00:00,0.29999999999999716,0.1115175,0.41151749999999715
6,8891438996,dota2-l1ga-lvlup1-2026-07-11-game2,2026-07-11T13:19:40.554000+00:00,-1.7100000000000009,0.17543475,-1.5345652500000009
6,8891497910,dota2-aur1-liquid-2026-07-11-game2,2026-07-11T13:53:37.287000+00:00,17.626500000000014,0.4589633624999999,18.085463362500015
6,8891519142,dota2-playti-ngx-2026-07-11-game2,2026-07-11T14:08:43.754000+00:00,-19.588799999999978,0.9237438,-18.665056199999977
6,8892829232,dota2-mouz-vg-2026-07-12-game1,2026-07-12T09:15:57.248000+00:00,-11.196300000000011,1.0000769624999999,-10.196223037500012
6,8892835652,dota2-rnx-nem-2026-07-12-game1,2026-07-12T09:19:01.546000+00:00,-28.237800000000107,2.11740366,-26.120396340000106
6,8892836635,dota2-pari-ts8-2026-07-12-game1,2026-07-12T09:26:06.808000+00:00,-7.9938999999999485,3.1920611775,-4.801838822499949
6,8892923329,dota2-mouz-vg-2026-07-12-game2,2026-07-12T10:25:59.512000+00:00,7.702399999999987,1.59820077,9.300600769999987
6,8892914077,dota2-pari-ts8-2026-07-12-game2,2026-07-12T10:31:28.406000+00:00,-16.690799999999996,1.8983405699999998,-14.792459429999996
6,8892958964,dota2-rnx-nem-2026-07-12-game2,2026-07-12T10:53:08.655000+00:00,-61.26850000000008,2.2130377875000002,-59.05546221250008
6,8893070561,dota2-1win-ty-2026-07-12-game1,2026-07-12T12:14:45.162000+00:00,15.672774720000035,2.112982872888,17.785757592888036
6,8893106015,dota2-og-vp-2026-07-12-game1,2026-07-12T12:36:42.440000+00:00,6.0608,0.49365216000000006,6.55445216
6,8893165071,dota2-1win-ty-2026-07-12-game2,2026-07-12T13:18:20.777000+00:00,4.395500000000027,2.2979338275,6.6934338275000265
6,8893253595,dota2-og-vp-2026-07-12-game2,2026-07-12T13:56:28.498000+00:00,-0.999526000000003,0.9587501136000001,-0.04077588640000296
6,8896139222,dota2-re-vp-2026-07-14-game1,2026-07-14T11:15:10.363000+00:00,17.44149999999999,3.9313583925,21.372858392499992
6,8896140998,dota2-liquid-xtreme-2026-07-14-game1,2026-07-14T11:24:31.795000+00:00,1.2674986399999781,1.213184073318,2.480682713317978
6,8896234088,dota2-re-vp-2026-07-14-game2,2026-07-14T12:30:48.003000+00:00,-3.0286999999999757,0.8985708375,-2.130129162499976
6,8896267691,dota2-liquid-xtreme-2026-07-14-game2,2026-07-14T13:05:08.216000+00:00,-7.987700000000018,1.1385351524999998,-6.849164847500019
6,8896380183,dota2-re-vp-2026-07-14,2026-07-14T14:02:34.965000+00:00,-65.19280000000009,3.55720455,-61.63559545000009
6,8896486914,dota2-liquid-xtreme-2026-07-14,2026-07-14T15:13:00.049000+00:00,-1.1865381800000065,0.808681581615,-0.3778565983850065
6,8896645659,dota2-lgd-mouz-2026-07-14-game1,2026-07-14T16:55:49.823000+00:00,-9.274900000000002,0.7967243175000001,-8.478175682500002
6,8896731473,dota2-lgd-mouz-2026-07-14-game2,2026-07-14T18:02:11.857000+00:00,-7.277699999999982,0.7700823675,-6.507617632499982
6,8897585705,dota2-aur1-re-2026-07-15-game1,2026-07-15T11:19:40.513000+00:00,1.1760940800000128,0.428742016284,1.604836096284013
6,8897588873,dota2-ts8-liquid-2026-07-15-game1,2026-07-15T11:25:30.473000+00:00,-14.566088540000024,2.986160380149,-11.579928159851024
6,8897695379,dota2-aur1-re-2026-07-15-game2,2026-07-15T12:41:48.340000+00:00,-69.74689999999998,0.9021497175,-68.84475028249999
6,8897696869,dota2-ts8-liquid-2026-07-15-game2,2026-07-15T12:54:25.976000+00:00,20.699799999999982,4.13501541,24.834815409999983
6,8897831774,dota2-ts8-liquid-2026-07-15,2026-07-15T14:13:24.528000+00:00,-1.0794599800000242,1.6285641103964998,0.5491041303964757
6,8897841991,dota2-1win-vg-2026-07-15-game1,2026-07-15T14:22:22.284000+00:00,0.0,0.34499965499999996,0.34499965499999996
6,8897971312,dota2-1win-vg-2026-07-15-game2,2026-07-15T15:33:39.656000+00:00,9.01169999999999,0.5739869925000001,9.58568699249999
6,8898003442,dota2-bb4-lgd-2026-07-15-game1,2026-07-15T15:56:58.589000+00:00,6.317000000000007,0.9844227750000001,7.301422775000008
6,8898084910,dota2-1win-vg-2026-07-15,2026-07-15T16:49:08.935000+00:00,4.283598360000013,3.338463744834,7.622062104834013
6,8898117600,dota2-bb4-lgd-2026-07-15-game2,2026-07-15T17:15:52.403000+00:00,38.24296023,0.29242764472725,38.53538787472725
6,8899028080,dota2-ty-ts8-2026-07-17-game1,2026-07-16T11:25:22.617000+00:00,14.80559999999997,1.7807021399999998,16.58630213999997
6,8899120700,dota2-ty-ts8-2026-07-17-game2,2026-07-16T12:44:26.752000+00:00,-86.33249999999997,4.9602978525,-81.37220214749996
6,8899307453,dota2-pari-re-2026-07-17-game1,2026-07-16T14:36:23.407000+00:00,8.9606,0.634434705,9.595034705
6,8899420575,dota2-pari-re-2026-07-17-game2,2026-07-16T15:46:28.167000+00:00,-1.2346000000000004,0.5906557049999999,-0.6439442950000005
6,8900508749,dota2-flc-vg-2026-07-16-game1,2026-07-17T11:21:46.405000+00:00,-16.15689999999998,1.1969260425,-14.95997395749998
6,8900623530,dota2-flc-vg-2026-07-16-game2,2026-07-17T12:54:30.551000+00:00,-27.78448741999997,3.762499640421,-24.02198777957897
6,8900771154,dota2-ngx-bb4-2026-07-16-game1,2026-07-17T14:28:08.196000+00:00,5.981999999999999,0.72019665,6.702196649999999
6,8900882416,dota2-ngx-bb4-2026-07-16-game2,2026-07-17T15:33:10.588000+00:00,-2.5319999999999965,0.20271825,-2.3292817499999963
6,8902107148,dota2-bb4-vg-2026-07-18-game1,2026-07-18T11:22:02.020000+00:00,2.2197999999999922,0.23825875500000004,2.458058754999992
6,8902173969,dota2-bb4-vg-2026-07-18-game2,2026-07-18T12:21:15.910000+00:00,-17.696999999999964,1.3672152,-16.329784799999963
6,8902338515,dota2-ty-pari-2026-07-18-game1,2026-07-18T14:06:38.308000+00:00,9.92160000000004,1.4824794,11.40407940000004
6,8902431810,dota2-ty-pari-2026-07-18-game2,2026-07-18T15:09:37.865000+00:00,15.170999359999996,5.286669148032,20.457668508031997
6,8902610619,dota2-ty-pari-2026-07-18,2026-07-18T16:48:06.686000+00:00,49.659499999999994,3.3460022174999997,53.005502217499995
6,8903705555,dota2-vg-ty-2026-07-19-game1,2026-07-19T10:24:33.152000+00:00,30.206500000000005,0.8950699125,31.101569912500004
6,8903789784,dota2-vg-ty-2026-07-19-game2,2026-07-19T11:31:19.185000+00:00,12.09020000000001,0.71654613,12.80674613000001
6,8904012666,dota2-bb4-pari-2026-07-19-game1,2026-07-19T13:57:51.853000+00:00,26.658799999999978,1.38309144,28.04189143999998
6,8904157676,dota2-bb4-pari-2026-07-19-game2,2026-07-19T15:17:11.337000+00:00,-27.963900000000024,2.9804900624999995,-24.983409937500024
6,8904322271,dota2-bb4-pari-2026-07-19-game3,2026-07-19T16:52:33.960000+00:00,10.383500000000055,5.2820051475,15.665505147500054
6,8904419709,dota2-bb4-pari-2026-07-19-game4,2026-07-19T18:05:14.511000+00:00,-7.900699999999993,1.2180704324999998,-6.682629567499994
6,8905035315,dota2-stx-lynx-2026-07-20-game1,2026-07-20T07:25:19.610000+00:00,0.6600000000000037,0.2058705,0.8658705000000038
6,8905093611,dota2-stx-lynx-2026-07-20-game2,2026-07-20T08:36:36.644000+00:00,42.314578009999984,1.20260416036725,43.517182170367235
6,8905164476,dota2-stx-lynx-2026-07-20,2026-07-20T10:04:24.370000+00:00,89.02835000000007,3.24926761125,92.27761761125008
6,8905233934,dota2-lynx-pckcp-2026-07-20-game1,2026-07-20T11:15:17.947000+00:00,14.132800000000003,0.763813635,14.896613635000003
6,8905359313,dota2-lynx-pckcp-2026-07-20-game2,2026-07-20T12:49:30.119000+00:00,-9.657112739999977,1.0800972403379998,-8.577015499661977
6,8905490238,dota2-z10-nemiga-2026-07-20-game1,2026-07-20T14:13:02.081000+00:00,-19.20439999999998,0.6509827349999999,-18.55341726499998
6,8905612460,dota2-z10-nemiga-2026-07-20-game2,2026-07-20T15:25:40.567000+00:00,12.865300000000019,1.0587109875,13.924010987500019
6,8905741721,dota2-spirit1-jenz-2026-07-20-game1,2026-07-20T16:55:30.580000+00:00,10.40629999999993,1.8762048825,12.28250488249993
6,8905885788,dota2-spirit1-jenz-2026-07-20-game2,2026-07-20T18:35:45.253000+00:00,-7.449800480000044,2.729613552408,-4.720186927592044
6,8905975768,dota2-lvlup1-ill-2026-07-20-game1,2026-07-20T19:45:16.612000+00:00,-10.329400000000078,2.816361285,-7.513038715000078
6,8906069414,dota2-lvlup1-ill-2026-07-20-game2,2026-07-20T20:59:36.536000+00:00,-5.261600000000001,0.75433275,-4.507267250000002
6,8906479441,dota2-nemiga-dan-2026-07-21-game1,2026-07-21T07:24:02.590000+00:00,52.15080823000005,0.9318910000027499,53.0826992300028
6,8906547471,dota2-nemiga-dan-2026-07-21-game2,2026-07-21T08:48:51.736000+00:00,0.0,0.13055999999999998,0.13055999999999998
6,8906626852,dota2-pckcp-stx-2026-07-21-game1,2026-07-21T10:17:03.931000+00:00,-5.063199999999995,0.33550029,-4.727699709999995
6,8906706819,dota2-pckcp-stx-2026-07-21-game2,2026-07-21T11:28:10.072000+00:00,1.538499999999999,0.5214361124999999,2.059936112499999
6,8906814740,dota2-pckcp-stx-2026-07-21,2026-07-21T12:50:32.182000+00:00,-5.367552680000003,0.841796224491,-4.525756455509002
6,8906911697,dota2-lynx-spirit1-2026-07-21-game1,2026-07-21T14:01:22.509000+00:00,-1.7437816000000002,0.85145314506,-0.8923284549400001
6,8907021823,dota2-lynx-spirit1-2026-07-21-game2,2026-07-21T14:54:33.550000+00:00,-21.674999999999997,1.367806875,-20.307193124999998
6,8907114935,dota2-lynx-spirit1-2026-07-21,2026-07-21T15:55:17.448000+00:00,21.467035480000035,3.423976768806,24.891012248806035
6,8907236730,dota2-jenz-lynx-2026-07-21-game1,2026-07-21T17:22:36.365000+00:00,0.0,0.0,0.0
6,8907319204,dota2-jenz-lynx-2026-07-21-game2,2026-07-21T18:19:16.673000+00:00,-18.931400000000018,0.39774634499999995,-18.533653655000016
6,8907510684,dota2-z10-aion-2026-07-21-game2,2026-07-21T20:45:41.820000+00:00,0.0,0.0,0.0
6,8907942033,dota2-ill-dan-2026-07-22-game1,2026-07-22T07:18:07.776000+00:00,4.854500000000002,0.36139325250000004,5.215893252500002
6,8907997366,dota2-ill-dan-2026-07-22-game2,2026-07-22T08:30:21.640000+00:00,4.22529732000001,0.561314788266,4.78661210826601
6,8908178087,dota2-nemiga-aion-2026-07-22-game2,2026-07-22T11:35:02.272000+00:00,3.6499999999999915,0.29970075,3.9497007499999914
6,8908313996,dota2-stx-spirit1-2026-07-22-game1,2026-07-22T13:26:43.307000+00:00,0.04526736000000753,0.19480160750400005,0.24006896750400758
6,8908486051,dota2-stx-spirit1-2026-07-22-game2,2026-07-22T15:03:55.390000+00:00,21.62628592999998,0.67640947187025,22.30269540187023
6,8908612824,dota2-stx-spirit1-2026-07-22,2026-07-22T16:27:56.948000+00:00,2.2076970100000306,3.12504981438525,5.33274682438528
6,8908710300,dota2-z10-lvlup1-2026-07-22-game1,2026-07-22T17:40:32.974000+00:00,-6.94740000000003,1.6832777399999999,-5.264122260000031
6,8908926344,dota2-z10-lvlup1-2026-07-22,2026-07-22T20:21:42.790000+00:00,11.962723589999996,1.32385783632525,13.286581426325245
6,8909388284,dota2-dan-z10-2026-07-23-game1,2026-07-23T07:17:23.633000+00:00,6.079999999999998,0.039567000000000005,6.119566999999998
6,8909443684,dota2-dan-z10-2026-07-23-game2,2026-07-23T08:24:14.078000+00:00,-1.9188000000000525,1.545112035,-0.3736879650000524
6,8909498494,dota2-dan-z10-2026-07-23,2026-07-23T09:35:42.112000+00:00,-1.8779999999999966,0.13052601,-1.7474739899999965
6,8909658828,dota2-spirit1-pckcp-2026-07-23-game2,2026-07-23T11:56:35.158000+00:00,-7.800400000000025,1.0855498499999998,-6.714850150000025
6,8909780227,dota2-spirit1-pckcp-2026-07-23,2026-07-23T13:29:29.880000+00:00,6.9968000000000075,0.32535119999999995,7.3221512000000075
6,8910104556,dota2-jenz-kw1-2026-07-23-game2,2026-07-23T16:47:57.620000+00:00,-8.398999999999951,1.774040085,-6.624959914999951
6,8910216725,dota2-jenz-kw1-2026-07-23,2026-07-23T18:09:02.529000+00:00,1.8100000000000094,0.32356124999999997,2.1335612500000094
6,8910344715,dota2-lvlup1-aion-2026-07-23-game1,2026-07-23T19:45:58.831000+00:00,0.0,0.0,0.0
6,8910461593,dota2-lvlup1-aion-2026-07-23-game2,2026-07-23T21:18:59.726000+00:00,0.0,0.0,0.0
6,8910535715,dota2-lvlup1-aion-2026-07-23,2026-07-23T22:37:28.157000+00:00,4.837586080000008,0.8157764984579999,5.653362578458008
6,8910589445,dota2-nemiga-ill-2026-07-23-game1,2026-07-23T23:33:41.369000+00:00,-8.994900000000005,0.6538284974999999,-8.341071502500006
6,8910670427,dota2-nemiga-ill-2026-07-23,2026-07-24T01:26:47.762000+00:00,-3.93363181000003,1.8293480069017498,-2.10428380309828
6,8910982575,dota2-aion-dan-2026-07-24-game2,2026-07-24T08:39:31.809000+00:00,0.0,0.0,0.0
6,8911277378,dota2-kw1-stx-2026-07-24-game2,2026-07-24T13:08:23.857000+00:00,34.74599360000002,0.5117061204,35.25769972040002
6,8911784562,dota2-z10-ill-2026-07-24-game1,2026-07-24T18:00:21.302000+00:00,-95.72369999999998,1.7991439725,-93.92455602749997
6,8911916389,dota2-z10-ill-2026-07-24-game2,2026-07-24T19:32:36.981000+00:00,-0.8000000000000007,0.43685999999999997,-0.36314000000000074
6,8912045230,dota2-nemiga-lvlup1-2026-07-24-game1,2026-07-24T21:05:49.488000+00:00,15.269199999999996,2.92092405,18.190124049999994
6,8912123729,dota2-nemiga-lvlup1-2026-07-24-game2,2026-07-24T22:15:39.296000+00:00,0.0,0.06633,0.06633
6,8912551235,dota2-ill-aion-2026-07-25-game1,2026-07-25T07:19:52.253000+00:00,0.0,0.0,0.0
6,8912622476,dota2-ill-aion-2026-07-25-game2,2026-07-25T08:27:06.996000+00:00,13.500100000000018,0.3973004624999999,13.897400462500018
6,8912758286,dota2-pckcp-jenz-2026-07-22-game1,2026-07-25T10:25:45.605000+00:00,-9.549999999999997,0.6731700599999999,-8.876829939999997
6,8912831712,dota2-pckcp-jenz-2026-07-22-game2,2026-07-25T11:23:26.682000+00:00,4.800000000000001,0.14057999999999998,4.940580000000001
6,8912974141,dota2-pckcp-jenz-2026-07-22,2026-07-25T13:02:19.241000+00:00,-14.954327710000063,2.39462070235275,-12.559707007647313
6,8913307206,dota2-kw1-pckcp-2026-07-25-game1,2026-07-25T16:28:48.834000+00:00,15.714600000000004,0.389900655,16.104500655000006
6,8913598312,dota2-lynx-kw1-2026-07-25-game1,2026-07-25T19:28:05.257000+00:00,-6.377200000000016,2.24922159,-4.127978410000017
6,8913726962,dota2-lynx-kw1-2026-07-25-game2,2026-07-25T20:57:15.562000+00:00,1.6240999999999932,1.2802748775,2.9043748774999933
6,8913824141,dota2-lynx-kw1-2026-07-25,2026-07-25T22:21:39.642000+00:00,-35.93390065000002,2.24177702030625,-33.69212362969377
6,8914414410,dota2-nemiga-ill-2026-07-26-game1,2026-07-26T09:26:59.644000+00:00,-2.4924999999999997,0.5010065625,-1.9914934374999997
6,8914520562,dota2-nemiga-ill-2026-07-26-game2,2026-07-26T10:41:21.923000+00:00,-6.806799999999981,0.9127838100000001,-5.894016189999981
6,8914637220,dota2-nemiga-ill-2026-07-26,2026-07-26T12:04:18.708000+00:00,8.451000000000022,0.884595465,9.335595465000022
6,8914749408,dota2-rearis-pckcp-2026-07-26-game1,2026-07-26T13:19:34.036000+00:00,36.3149722,0.21777701594999999,36.53274921595
6,8914885598,dota2-rearis-pckcp-2026-07-26-game2,2026-07-26T14:24:02.001000+00:00,72.58179999999999,0.43192216499999997,73.01372216499999
6,8915002841,dota2-kw1-rearis-2026-07-26-game1,2026-07-26T15:32:54.677000+00:00,-20.859475879999984,1.423869349587,-19.435606530412983
6,8915137972,dota2-kw1-rearis-2026-07-26-game2,2026-07-26T16:47:26.165000+00:00,0.0,0.0,0.0
6,8915271266,dota2-jenz-stx-2026-07-26-game1,2026-07-26T18:26:53.337000+00:00,6.687899999999985,0.7539765525,7.441876552499985
6,8915390117,dota2-jenz-stx-2026-07-26-game2,2026-07-26T19:37:39.362000+00:00,0.0,0.0,0.0
6,8915498965,dota2-jenz-stx-2026-07-26,2026-07-26T20:57:43.107000+00:00,13.427399999999992,0.8089120949999999,14.236312094999992
6,8916041863,dota2-lvlup1-pckcp-2026-07-27-game1,2026-07-27T09:21:33.291000+00:00,4.411200000000001,0.08135248499999997,4.492552485000001
6,8916102349,dota2-lvlup1-pckcp-2026-07-27-game2,2026-07-27T10:12:46.876000+00:00,3.9270789200000022,0.338859915561,4.265938835561002
6,8916245727,dota2-stx-nemiga-2026-07-27-game1,2026-07-27T12:25:46.061000+00:00,4.078600000000009,1.261941795,5.340541795000009
6,8916384577,dota2-stx-nemiga-2026-07-27-game2,2026-07-27T13:48:29.618000+00:00,17.8412,3.15294165,20.99414165
6,8916474664,dota2-stx-nemiga-2026-07-27,2026-07-27T14:44:54.132000+00:00,4.665300000000002,3.4564290225,8.121729022500002
6,8917611319,dota2-pr1-nemiga-2026-07-28-game2,2026-07-28T10:17:02.190000+00:00,0.0,0.0,0.0
6,8917675823,dota2-pr1-nemiga-2026-07-28,2026-07-28T11:19:25.327000+00:00,8.264400000000023,0.734519595,8.998919595000023
6,8917738415,dota2-nh-pckcp-2026-07-28-game1,2026-07-28T12:16:10.015000+00:00,0.0,0.0,0.0
6,8917853656,dota2-nh-pckcp-2026-07-28-game2,2026-07-28T13:23:44.955000+00:00,0.0,0.1034775,0.1034775
6,8918052500,dota2-pckcp-kw1-2026-07-28-game1,2026-07-28T15:24:46.769000+00:00,0.0,0.0,0.0
6,8918176547,dota2-pckcp-kw1-2026-07-28-game2,2026-07-28T16:37:04.197000+00:00,28.209100000000007,0.40179431250000003,28.610894312500008
6,8919264561,dota2-rearis-z10-2026-07-29-game1,2026-07-29T12:23:03.580000+00:00,12.162965039999975,0.853918031832,13.016883071831975
6,8919404744,dota2-rearis-z10-2026-07-29-game2,2026-07-29T13:48:28.368000+00:00,-13.921299999999999,1.4592693375,-12.462030662499998
6,8919546613,dota2-amaru-nemiga-2026-07-29-game1,2026-07-29T15:15:30.082000+00:00,-44.03200048000005,1.519767912696,-42.51223256730405
6,8919685210,dota2-amaru-nemiga-2026-07-29-game2,2026-07-29T16:34:50.427000+00:00,0.5080000000000027,0.30267209999999994,0.8106721000000026
6,8919803916,dota2-amaru-nemiga-2026-07-29,2026-07-29T18:02:17.532000+00:00,3.7398789499999268,2.27343492511875,6.013313875118676
6,8920655724,dota2-pckcp-z10-2026-07-30-game2,2026-07-30T10:32:16.617000+00:00,0.0,0.0,0.0
6,8920897425,dota2-lvlup1-z10-2026-07-30-game2,2026-07-30T13:37:44.606000+00:00,-25.449699999999993,2.7194152725,-22.730284727499992
6,8921002620,dota2-lvlup1-z10-2026-07-30,2026-07-30T14:47:46.063000+00:00,34.75459999999998,2.13452346,36.88912345999998
6,8921162227,dota2-amaru-pr1-2026-07-30-game1,2026-07-30T16:32:24.441000+00:00,13.7928,0.6051591,14.3979591
6,8921281044,dota2-amaru-pr1-2026-07-30-game2,2026-07-30T17:34:28.519000+00:00,0.0,0.0,0.0
6,8921949036,dota2-re-midas3-2026-07-31-game1,2026-07-31T06:23:42.906000+00:00,-3.8159999999999883,0.672251625,-3.1437483749999884
6,8922016200,dota2-re-midas3-2026-07-31-game2,2026-07-31T07:39:14.850000+00:00,2.984999999999985,0.486928125,3.471928124999985
6,8922074642,dota2-vg-amaru-2026-07-31-game1,2026-07-31T08:46:41.467000+00:00,0.0,0.0,0.0
6,8922137329,dota2-vg-amaru-2026-07-31-game2,2026-07-31T09:48:16.177000+00:00,0.3000000000000007,0.0291825,0.3291825000000007
6,8922133239,dota2-tr7-playti-2026-07-31-game1,2026-07-31T09:57:34.446000+00:00,31.577597979999993,2.6437316615025,34.22132964150249
6,8922186876,dota2-vg-amaru-2026-07-31,2026-07-31T10:40:33.810000+00:00,7.9225999999999885,0.31856445,8.241164449999989
6,8922211678,dota2-tr7-playti-2026-07-31-game2,2026-07-31T11:00:53.806000+00:00,10.201799999999984,2.0458179,12.247617899999984
6,8922300474,dota2-enjoy-glyph-2026-07-31-game1,2026-07-31T12:14:29.331000+00:00,0.0,0.107055,0.107055
6,8922339160,dota2-l1ga-rnx-2026-07-31-game1,2026-07-31T12:44:09.822000+00:00,-9.302400000000006,0.8424486,-8.459951400000005
6,8922400300,dota2-enjoy-glyph-2026-07-31-game2,2026-07-31T13:24:39.311000+00:00,0.33300000000000196,0.078065025,0.41106502500000197
6,8922433138,dota2-l1ga-rnx-2026-07-31-game2,2026-07-31T13:42:06.325000+00:00,-23.56490287999999,1.406357130363,-22.158545749636993
6,8922552315,dota2-l1ga-rnx-2026-07-31,2026-07-31T14:55:23.609000+00:00,26.316000000000017,0.58776786,26.903767860000016
6,8922602122,dota2-yb1-z10-2026-07-31-game1,2026-07-31T15:28:08.646000+00:00,3.8152999999999935,1.2572546175000001,5.072554617499994
6,8922722577,dota2-yb1-z10-2026-07-31-game2,2026-07-31T16:35:25.057000+00:00,-11.203699999999998,1.0645235775000002,-10.139176422499997
6,8922818221,dota2-xtreme-lgd-2026-07-31-game1,2026-07-31T17:51:24.199000+00:00,-42.82320000000004,1.446568065,-41.37663193500004
6,8922940920,dota2-xtreme-lgd-2026-07-31-game2,2026-07-31T19:09:48.720000+00:00,-15.168475360000002,1.558882169988,-13.609593190012003
6,8923040358,dota2-xtreme-lgd-2026-07-31,2026-07-31T20:28:40.570000+00:00,0.0,0.0,0.0
6,8923506996,dota2-midas3-tr7-2026-08-01-game1,2026-08-01T05:43:01.223000+00:00,0.0,0.0,0.0
6,8923579943,dota2-midas3-tr7-2026-08-01-game2,2026-08-01T07:02:32.143000+00:00,-18.920499999999976,0.6920915774999999,-18.228408422499975
6,8923643650,dota2-midas3-tr7-2026-08-01,2026-08-01T08:08:01.087000+00:00,3.7114999999999867,1.2073512825,4.918851282499986
6,8923704450,dota2-yes-vg-2026-08-01-game1,2026-08-01T09:01:56.739000+00:00,1.4734764899999817,0.47590803916424995,1.9493845291642318
6,8923780137,dota2-re-playti-2026-08-01-game1,2026-08-01T10:09:39.721000+00:00,-6.059699999999964,1.7660670975,-4.293632902499964
6,8923790600,dota2-yes-vg-2026-08-01-game2,2026-08-01T10:14:11.317000+00:00,11.29878418000003,0.325211679711,11.62399585971103
6,8923874259,dota2-re-playti-2026-08-01-game2,2026-08-01T11:26:12.956000+00:00,-10.891301919999997,0.555650448324,-10.335651471675996
6,8923899787,dota2-enjoy-yb1-2026-08-01-game1,2026-08-01T11:45:49.553000+00:00,-68.89159999999993,1.356107145,-67.53549285499993
6,8924057168,dota2-l1ga-lgd-2026-08-01-game1,2026-08-01T13:34:16.709000+00:00,0.0,0.0,0.0
6,8924222714,dota2-l1ga-lgd-2026-08-01-game2,2026-08-01T15:02:43.462000+00:00,0.0,0.0,0.0
6,8924328537,dota2-glyph-z10-2026-08-01-game1,2026-08-01T15:59:42.950000+00:00,-95.84361001999999,1.8765569108415,-93.96705310915848
6,8924367779,dota2-l1ga-lgd-2026-08-01,2026-08-01T16:23:12.450000+00:00,-16.867199999999997,0.32077800000000006,-16.546421999999996
6,8924468754,dota2-glyph-z10-2026-08-01-game2,2026-08-01T17:25:49.795000+00:00,13.720399999999998,1.68529446,15.405694459999998
6,8924530036,dota2-rnx-xtreme-2026-08-01-game1,2026-08-01T18:06:50.164000+00:00,3.2580000000000098,0.65601135,3.9140113500000098
6,8924616191,dota2-rnx-xtreme-2026-08-01-game2,2026-08-01T19:06:22.446000+00:00,-23.445702919999995,1.759690631826,-21.686012288173995
6,8925210898,dota2-playti-xctn-2026-08-02-game1,2026-08-02T05:28:20.542000+00:00,0.0,0.0,0.0
6,8925308090,dota2-playti-xctn-2026-08-02-game2,2026-08-02T07:03:47.891000+00:00,3.030399999999986,0.5022887999999999,3.5326887999999856
6,8925543582,dota2-yes-tr7-2026-08-02-game1,2026-08-02T10:44:16.945000+00:00,-4.191401559999992,0.999821214384,-3.191580345615992
6,8925703946,dota2-yes-tr7-2026-08-02-game2,2026-08-02T11:58:57.158000+00:00,32.12222517999996,2.0869975023555,34.20922268235546
6,8925847726,dota2-yes-tr7-2026-08-02,2026-08-02T13:17:43.701000+00:00,1.6198988399999976,0.673664599872,2.2935634398719977
6,8926022375,dota2-rnx-yb1-2026-08-02-game1,2026-08-02T15:09:53.856000+00:00,66.75,3.7214569199999996,70.47145692
6,8926232913,dota2-rnx-yb1-2026-08-02-game2,2026-08-02T16:42:19.665000+00:00,7.108800000000006,0.7911846,7.899984600000006
6,8926381426,dota2-rnx-yb1-2026-08-02,2026-08-02T18:14:10.009000+00:00,1.6750000000000078,0.6392456249999999,2.314245625000008
6,8926523280,dota2-z10-lgd-2026-08-02-game1,2026-08-02T19:59:32.068000+00:00,0.0,0.0,0.0
6,8926636219,dota2-z10-lgd-2026-08-02-game2,2026-08-02T21:07:31.416000+00:00,-7.143000000000001,0.27321975,-6.869780250000001
6,8927063876,dota2-glyph-playti-2026-08-03-game2,2026-08-03T06:55:36.873000+00:00,120.64820000000005,1.9699981949999998,122.61819819500005
6,8927132943,dota2-glyph-playti-2026-08-03,2026-08-03T08:27:35.152000+00:00,26.530599999999993,1.5423687,28.072968699999993
6,8927207054,dota2-xtreme-tr7-2026-08-03-game1,2026-08-03T10:00:05.212000+00:00,2.0808999999999855,0.8939932875,2.9748932874999854
6,8927288399,dota2-xtreme-tr7-2026-08-03-game2,2026-08-03T11:00:48.642000+00:00,6.005899999999997,1.1130599475,7.118959947499997
6,8927380776,dota2-xtreme-tr7-2026-08-03,2026-08-03T12:15:30.661000+00:00,32.08949806,2.4108159629895,34.5003140229895
6,8927539264,dota2-vg-yb1-2026-08-03-game1,2026-08-03T14:05:56.825000+00:00,104.14987439999999,0.7786133265299999,104.92848772653
6,8927660975,dota2-vg-yb1-2026-08-03-game2,2026-08-03T15:05:20.968000+00:00,42.05140000000006,2.70953985,44.76093985000006
6,8927760296,dota2-vg-yb1-2026-08-03,2026-08-03T16:18:19.713000+00:00,19.72760000000011,4.031967975,23.75956797500011
6,8927926397,dota2-re-lgd-2026-08-03-game1,2026-08-03T18:09:03.381000+00:00,-0.09716820000000181,0.26918079263999994,0.17201259263999813
6,8928050264,dota2-re-lgd-2026-08-03-game2,2026-08-03T19:19:18.313000+00:00,7.042500000000018,0.4101904125,7.452690412500019
6,8928163118,dota2-re-lgd-2026-08-03,2026-08-03T20:43:38.722000+00:00,-13.280200720000025,1.798360707624,-11.481840012376026
6,8928851109,dota2-playti-tr7-2026-08-04-game1,2026-08-04T11:30:07.829000+00:00,0.7399999999999984,0.2572425,0.9972424999999985
6,8928953683,dota2-playti-tr7-2026-08-04-game2,2026-08-04T12:46:11.879000+00:00,9.355815039999996,1.4348938543319998,10.790708894331996
6,8929124210,dota2-yb1-re-2026-08-04-game1,2026-08-04T14:38:55.576000+00:00,4.4273915200000005,0.561072134604,4.988463654604001
6,8929276426,dota2-yb1-re-2026-08-04-game2,2026-08-04T15:54:25.550000+00:00,11.113300000000038,1.0924281975,12.205728197500038
6,8929365099,dota2-yb1-re-2026-08-04,2026-08-04T16:51:08.308000+00:00,15.936718200000143,3.1497108353999996,19.086429035400144
6,8930200713,dota2-tr7-re-2026-08-05-game1,2026-08-05T08:20:38.811000+00:00,-0.33999999999999986,0.76870182,0.4287018200000001
6,8930258778,dota2-tr7-re-2026-08-05-game2,2026-08-05T09:25:42.941000+00:00,32.51920000000006,5.015698155,37.534898155000064
6,8930398938,dota2-playti-yb1-2026-08-05-game1,2026-08-05T12:24:04.133000+00:00,-3.8954999999998847,3.6906596325,-0.20484036749988466
6,8930615242,dota2-playti-yb1-2026-08-05-game2,2026-08-05T14:02:56.166000+00:00,59.11840000000001,0.65062884,59.76902884000001
6,8930736914,dota2-playti-yb1-2026-08-05-game3,2026-08-05T15:09:49.519000+00:00,10.760199360000001,1.625180997888,12.385380357888002
6,8931781241,dota2-lvlup1-rearis-2026-08-06-game1,2026-08-06T09:28:03.156000+00:00,-6.044999999999998,0.09100192500000001,-5.953998074999999
6,8931852727,dota2-lvlup1-rearis-2026-08-06-game2,2026-08-06T10:30:33.624000+00:00,-43.4507,1.3296897075,-42.121010292499996
6,8931981851,dota2-rearis-nh-2026-08-06-game1,2026-08-06T12:26:15.226000+00:00,0.5000000000000009,0.027652499999999997,0.5276525000000009
6,8932085762,dota2-rearis-nh-2026-08-06-game2,2026-08-06T13:20:21.204000+00:00,-3.465501879999991,0.562843383129,-2.9026584968709908
6,8932181345,dota2-rearis-nh-2026-08-06,2026-08-06T14:22:22.478000+00:00,4.921183730000024,0.27013539365475,5.191319123654774
6,8932318084,dota2-nh-lvlup1-2026-08-06-game1,2026-08-06T15:34:15.395000+00:00,7.134777679999978,0.592568461476,7.727346141475977
6,8932413808,dota2-nh-lvlup1-2026-08-06-game2,2026-08-06T16:23:29.211000+00:00,-0.6839999999999993,0.05968755,-0.6243124499999992
6,8932523868,dota2-nh-lvlup1-2026-08-06,2026-08-06T17:36:18.454000+00:00,4.9608000000000345,1.5774146999999998,6.538214700000035
6,8932657929,dota2-ill-pr1-2026-08-06-game1,2026-08-06T19:12:10.345000+00:00,16.064498200000003,0.8938365189899999,16.958334718990002
6,8932835800,dota2-ill-pr1-2026-08-06,2026-08-06T21:22:55.783000+00:00,0.0,0.0,0.0
6,8933374169,dota2-nh-z10-2026-08-07-game1,2026-08-07T09:29:47.916000+00:00,0.0,0.0,0.0
6,8933453728,dota2-nh-z10-2026-08-07-game2,2026-08-07T10:40:19.376000+00:00,0.0,0.0,0.0
6,8933575351,dota2-ill-stx-2026-08-07-game1,2026-08-07T12:33:02.695000+00:00,-62.188199999999995,1.72595868,-60.46224132
6,8933704579,dota2-ill-stx-2026-08-07-game2,2026-08-07T13:44:43.178000+00:00,0.0,0.6892874999999999,0.6892874999999999
6,8933879286,dota2-pr1-jenz-2026-08-07-game1,2026-08-07T15:25:51.002000+00:00,-217.41389999999993,3.3127922775000003,-214.10110772249993
6,8933988979,dota2-pr1-jenz-2026-08-07-game2,2026-08-07T16:29:38.697000+00:00,6.771047319999976,1.447463001414,8.218510321413977
6,8934184387,dota2-jenz-nemiga-2026-08-07-game1,2026-08-07T18:35:03.983000+00:00,0.0,0.0,0.0
6,8934279386,dota2-jenz-nemiga-2026-08-07-game2,2026-08-07T19:33:30.612000+00:00,0.0,0.42000335999999994,0.42000335999999994
6,8936825643,dota2-pr1-yes-2026-08-09-game1,2026-08-09T09:22:32.992000+00:00,1.8175674199999285,2.2173958811129997,4.034963301112928
6,8937080738,dota2-pr1-yes-2026-08-09,2026-08-09T12:20:23.208000+00:00,43.29922124999996,3.04286828765625,46.34208953765621
6,8937188618,dota2-lvlup1-mouz-2026-08-09-game1,2026-08-09T13:17:49.636000+00:00,-12.99080280000004,1.3570355941199999,-11.63376720588004
6,8937335830,dota2-lvlup1-mouz-2026-08-09-game2,2026-08-09T14:27:35.299000+00:00,6.334336240000027,1.6049353428059998,7.939271582806027
6,8937484593,dota2-ill-re-2026-08-09-game1,2026-08-09T15:55:00.679000+00:00,-6.76315284999998,0.92326433514375,-5.83988851485623
6,8937631882,dota2-ill-re-2026-08-09-game2,2026-08-09T17:12:21.447000+00:00,60.98352399999996,0.6133319238,61.59685592379996
6,8937722788,dota2-z10-navi-2026-08-09-game1,2026-08-09T18:17:16.930000+00:00,-8.650538399999995,0.5820520566599999,-8.068486343339995
6,8938509987,dota2-pr1-mouz-2026-08-10-game1,2026-08-10T09:24:47.767000+00:00,4.69129999999997,1.4679331425,6.15923314249997
6,8938565057,dota2-pr1-mouz-2026-08-10-game2,2026-08-10T10:12:07.159000+00:00,-16.457400000000007,0.614272455,-15.843127545000007
6,8938634026,dota2-pr1-mouz-2026-08-10,2026-08-10T11:15:54.851000+00:00,-34.22889999999995,2.8355067225,-31.393393277499953
6,8938716198,dota2-ill-z10-2026-08-10-game1,2026-08-10T12:25:50.383000+00:00,-4.327257999999993,0.67526338815,-3.6519946118499935
6,8939023869,dota2-yes-lvlup1-2026-08-10-game1,2026-08-10T15:24:37.289000+00:00,10.000200000000007,0.58051161,10.580711610000007
6,8940059913,dota2-lvlup1-navi-2026-08-11-game1,2026-08-11T09:16:02.605000+00:00,14.862700000000004,0.5351851874999999,15.397885187500004
6,8940117837,dota2-lvlup1-navi-2026-08-11-game2,2026-08-11T10:12:11.551000+00:00,-48.137728429999896,4.378453964933249,-43.759274465066646
6,8940266495,dota2-mouz-re-2026-08-11-game1,2026-08-11T12:16:13.042000+00:00,57.22370000000001,2.7154758675,59.939175867500005
6,8940365227,dota2-mouz-re-2026-08-11-game2,2026-08-11T13:12:04.281000+00:00,7.666496240000001,0.6301807399079999,8.296676979908
6,8940487898,dota2-mouz-re-2026-08-11,2026-08-11T14:25:06.999000+00:00,-9.87656361000002,1.4638684700167497,-8.41269513998327
6,8940643574,dota2-yes-z10-2026-08-11-game1,2026-08-11T15:45:57.067000+00:00,45.73679600999998,3.89739824004975,49.63419425004973
6,8940756672,dota2-yes-z10-2026-08-11-game2,2026-08-11T16:48:25.758000+00:00,-12.598031389999989,3.3933324279817496,-9.204698962018238
6,8941656460,dota2-lvlup1-re-2026-08-12-game1,2026-08-12T09:19:34.658000+00:00,-10.79916159999999,1.0159731077999998,-9.78318849219999
6,8941733752,dota2-lvlup1-re-2026-08-12-game2,2026-08-12T10:35:42.245000+00:00,-11.174099999999996,1.5665330925,-9.607566907499995
6,8941817475,dota2-lvlup1-re-2026-08-12,2026-08-12T11:50:26.039000+00:00,15.306400000000014,0.6182680199999999,15.924668020000015
6,8942003788,dota2-navi-lvlup1-2026-08-12-game1,2026-08-12T13:42:36.457000+00:00,6.744800000000055,0.70353543,7.448335430000054
6,8942152024,dota2-navi-lvlup1-2026-08-12-game2,2026-08-12T14:50:30.897000+00:00,1.6000000000000014,0.20647500000000002,1.8064750000000014
6,8942262723,dota2-navi-lvlup1-2026-08-12-game3,2026-08-12T15:53:47.795000+00:00,14.4576,0.17041896000000006,14.628018959999999
6,8962372120,dota2-ic-nemiga-2026-08-24-game1,2026-08-24T07:17:08.649000+00:00,18.43679999999999,0.8773896,19.31418959999999
6,8962458373,dota2-ic-nemiga-2026-08-24-game2,2026-08-24T08:26:45.454000+00:00,3.846199999999996,0.71827785,4.564477849999996
6,8962592819,dota2-ks-lynx-2026-08-24-game1,2026-08-24T10:19:27.562000+00:00,0.10569673999999196,0.147022174071,0.25271891407099195
6,8962736746,dota2-ks-lynx-2026-08-24-game2,2026-08-24T11:33:18.452000+00:00,103.52434673999983,3.1121310457469997,106.63647778574683
6,8962964580,dota2-sb5-stx-2026-08-24-game1,2026-08-24T13:25:23.881000+00:00,0.0,0.0,0.0
6,8963508714,dota2-rearis-lynx-2026-08-24-game2,2026-08-24T17:37:20.349000+00:00,-3.749299999999998,1.6499299125,-2.099370087499998
6,8963649188,dota2-dynast1-fts-2026-08-24-game1,2026-08-24T19:15:00.848000+00:00,26.75620000000001,0.344556555,27.10075655500001
6,8963790789,dota2-dynast1-fts-2026-08-24-game2,2026-08-24T20:20:45.642000+00:00,0.2600000000000051,0.23611050000000003,0.4961105000000051
6,8964399842,dota2-pckcp-nemiga-2026-08-25-game1,2026-08-25T07:22:10.248000+00:00,1.2787550599999946,0.343033866471,1.6217889264709946
6,8964480771,dota2-pckcp-nemiga-2026-08-25-game2,2026-08-25T08:31:41.723000+00:00,-21.250901440000035,1.3450400427479998,-19.905861397252036
6,8964574076,dota2-pckcp-nemiga-2026-08-25,2026-08-25T09:52:05.670000+00:00,-8.5792,0.223039755,-8.356160245
6,8964657335,dota2-fts-pckcp-2026-08-25-game1,2026-08-25T10:52:11.864000+00:00,-13.559632879999988,0.44061339577799996,-13.119019484221988
6,8964837315,dota2-fts-pckcp-2026-08-25-game2,2026-08-25T12:34:06.314000+00:00,13.854550140000024,1.286741335827,15.141291475827023
6,8964962329,dota2-ic-fts-2026-08-25-game1,2026-08-25T13:50:36.471000+00:00,4.082400000000121,1.063950615,5.14635061500012
6,8965097316,dota2-ic-fts-2026-08-25-game2,2026-08-25T14:41:01.046000+00:00,-8.149999999999984,0.701455905,-7.448544094999985
6,8964938940,dota2-rearis-spirit1-2026-08-25-game1,2026-08-25T16:23:39.394000+00:00,-3.5800000000000054,0.5088944999999999,-3.0711055000000056
6,8965544741,dota2-rearis-spirit1-2026-08-25,2026-08-25T18:44:21.316000+00:00,-31.813658860000018,1.589489216601,-30.22416964339902
6,8969842778,dota2-pckcp-ic-2026-08-28-game2,2026-08-28T08:21:21.985000+00:00,0.0,0.0,0.0
6,8969978865,dota2-rearis-sb5-2026-08-28-game1,2026-08-28T10:27:01.322000+00:00,0.8724000000000007,0.04279121999999999,0.9151912200000007
6,8970089224,dota2-rearis-sb5-2026-08-28-game2,2026-08-28T11:41:09.553000+00:00,0.0,0.0,0.0
6,8970207176,dota2-rearis-sb5-2026-08-28,2026-08-28T12:56:49.576000+00:00,8.525450000000006,0.7542168187499999,9.279666818750007
6,8970338180,dota2-synaps-nemiga-2026-08-28-game1,2026-08-28T14:09:13.367000+00:00,-2.245299999999986,1.9802926424999998,-0.2650073574999863
6,8970352005,dota2-dynast1-ic-2026-08-28-game1,2026-08-28T14:10:35.964000+00:00,0.3828577000000024,0.086137839255,0.4689955392550024
6,8970470057,dota2-synaps-nemiga-2026-08-28-game2,2026-08-28T15:09:53.245000+00:00,101.28994739999997,0.6413212731000001,101.93126867309998
6,8970485789,dota2-dynast1-ic-2026-08-28-game2,2026-08-28T15:14:26.848000+00:00,-35.714817280000034,1.224950060016,-34.489867219984035
6,8970575970,dota2-synaps-nemiga-2026-08-28,2026-08-28T16:02:11.965000+00:00,3.703800000000001,0.68724009,4.391040090000001
6,8970655100,dota2-dynast1-ic-2026-08-28,2026-08-28T16:43:34.585000+00:00,-0.7973046600000417,1.1607555116655,0.3634508516654582
6,8970886632,dota2-dynast1-pckcp-2026-08-28-game2,2026-08-28T18:51:22.084000+00:00,104.7885,1.7255126324999999,106.5140126325
6,8971007454,dota2-ks-rearis-2026-08-28-game1,2026-08-28T20:11:41.712000+00:00,-30.246932799999975,1.5236295576,-28.723303242399975
6,8971016820,dota2-fts-nemiga-2026-08-28-game1,2026-08-28T20:17:43.711000+00:00,-0.10000000000000009,0.018135,-0.08186500000000009
6,8971111987,dota2-ks-rearis-2026-08-28-game2,2026-08-28T21:24:47.695000+00:00,17.48,0.348777,17.828777
6,8971423978,dota2-db2-satan-2026-08-28-game2,2026-08-29T03:20:55.120000+00:00,0.0,0.0,0.0
6,8971501630,dota2-nexus-cres-2026-08-28,2026-08-29T04:51:09.441000+00:00,-151.44810024999995,1.40458994090625,-150.0435103090937
6,8971519375,dota2-nem-6seven-2026-08-29-game1,2026-08-29T05:14:15.579000+00:00,-13.277899999999995,0.3858058275,-12.892094172499995
6,8971586781,dota2-nem-6seven-2026-08-29-game2,2026-08-29T06:13:46.689000+00:00,-5.666700000000006,0.5242334624999999,-5.142466537500006
6,8971664649,dota2-nem-6seven-2026-08-29,2026-08-29T07:24:10.704000+00:00,13.054931040000042,1.417480579116,14.472411619116041
6,8971753986,dota2-icecre-kineti-2026-08-29-game1,2026-08-29T08:38:12.829000+00:00,0.0,0.0,0.0
6,8971849697,dota2-icecre-kineti-2026-08-29-game2,2026-08-29T09:43:14.699000+00:00,0.0,0.0,0.0
6,8971891627,dota2-dynast1-nemiga-2026-08-29-game1,2026-08-29T10:17:49.464000+00:00,-0.2999999999999998,0.0323325,-0.26766749999999984
6,8971964803,dota2-mouz-yes-2026-08-29-game1,2026-08-29T11:13:49.271000+00:00,-5.306849450000044,2.33808584949525,-2.968763600504794
6,8971988345,dota2-sb5-lynx-2026-08-29-game1,2026-08-29T11:21:30.742000+00:00,-3.3086850799999956,0.265113634836,-3.0435714451639955
6,8972103119,dota2-sb5-lynx-2026-08-29-game2,2026-08-29T12:31:54.536000+00:00,-14.972629800000007,0.640107990255,-14.332521809745007
6,8972115962,dota2-mouz-yes-2026-08-29-game2,2026-08-29T12:36:59.931000+00:00,-21.09937884999998,2.94592239272625,-18.15345645727373
6,8972289868,dota2-huliga-lynx-2026-08-29-game1,2026-08-29T14:15:10.550000+00:00,-26.34377733999999,2.068352153571,-24.27542518642899
6,8972502454,dota2-huliga-lynx-2026-08-29-game2,2026-08-29T15:52:19.963000+00:00,18.926733420000048,1.8359728097594998,20.762706229759548
6,8972611918,dota2-huliga-lynx-2026-08-29,2026-08-29T16:49:36.587000+00:00,9.340267359999999,1.688003555004,11.028270915003999
6,8972773416,dota2-pi-lvlup1-2026-08-29-game1,2026-08-29T18:17:23.637000+00:00,3.3362519999999876,0.395001234,3.7312532339999875
6,8972893200,dota2-pi-lvlup1-2026-08-29-game2,2026-08-29T19:20:53.860000+00:00,0.0,0.0,0.0
6,8973011673,dota2-pi-lvlup1-2026-08-29,2026-08-29T20:33:12.059000+00:00,-1.1064999999999916,1.5435192525,0.4370192525000085
6,8973010298,dota2-ks-spirit1-2026-08-29-game1,2026-08-29T20:38:42.759000+00:00,-44.55000000000001,0.41098724999999997,-44.13901275000001
6,8973337131,dota2-icecre-xctn-2026-08-30-game1,2026-08-30T02:14:49.254000+00:00,-0.6499999999999995,0.01726125,-0.6327387499999995
6,8973405568,dota2-icecre-xctn-2026-08-30-game2,2026-08-30T03:19:55.483000+00:00,11.906202989999997,1.00491462083925,12.911117610839247
6,8973462028,dota2-icecre-xctn-2026-08-30,2026-08-30T04:30:11.988000+00:00,-0.917440360000036,1.807681185621,0.890240825620964
6,8973502629,dota2-clo-yb1-2026-08-30-game1,2026-08-30T05:13:07.837000+00:00,0.0,0.0,0.0
6,8973568453,dota2-clo-yb1-2026-08-30-game2,2026-08-30T06:12:50.377000+00:00,0.15268528999999909,0.04962644358224999,0.20231173358224908
6,8973613420,dota2-clo-yb1-2026-08-30,2026-08-30T07:04:46.677000+00:00,23.63516414,0.9296521759409999,24.564816315941002
6,8973707438,dota2-lynx-lvlup1-2026-08-30-game1,2026-08-30T08:16:36.050000+00:00,-8.244200000000006,2.08897797,-6.155222030000006
6,8973859403,dota2-lynx-lvlup1-2026-08-30-game2,2026-08-30T09:56:31.353000+00:00,5.776038329999949,1.85182708263825,7.627865412638199
6,8973884000,dota2-nem-xctn-2026-08-30-game2,2026-08-30T10:12:32.710000+00:00,11.477928360000028,1.0608865397805,12.538814899780528
6,8973944033,dota2-lynx-lvlup1-2026-08-30,2026-08-30T10:50:43.696000+00:00,6.541329330000096,1.95161044711425,8.492939777114346
6,8974185539,dota2-navi-mouz-2026-08-30-game2,2026-08-30T13:08:29.090000+00:00,-1.5728106499999654,2.0596424208382498,0.48683177083828433
6,8974647733,dota2-lvlup1-pr1-2026-08-30-game1,2026-08-30T17:09:16.077000+00:00,-22.703141790000018,2.65655662228425,-20.04658516771577
6,8974898633,dota2-lvlup1-pr1-2026-08-30,2026-08-30T19:25:58.777000+00:00,-6.025824799999953,2.0932659834,-3.9325588165999528
6,8975110449,dota2-dynast1-ks-2026-08-30-game2,2026-08-30T21:54:27.706000+00:00,-27.44369999999998,0.7925216174999999,-26.651178382499978
6,8975871235,dota2-synaps-lynx-2026-08-31-game1,2026-08-31T12:26:44.788000+00:00,-42.301667399999985,2.4691279969199997,-39.832539403079984
6,8976012755,dota2-synaps-lynx-2026-08-31-game2,2026-08-31T13:41:35.303000+00:00,14.405800000000017,1.53367461,15.939474610000017
6,8976166971,dota2-synaps-lynx-2026-08-31,2026-08-31T15:09:07.826000+00:00,9.077623789999997,1.2635560748092498,10.341179864809247
6,8976300473,dota2-4iki-ic-2026-08-31-game1,2026-08-31T16:25:39.940000+00:00,8.40130708000001,0.628488880236,9.02979596023601
6,8976441468,dota2-4iki-ic-2026-08-31-game2,2026-08-31T17:43:06.122000+00:00,81.31557292000002,0.6773802948209999,81.99295321482103
6,8976511215,dota2-4iki-ic-2026-08-31,2026-08-31T18:29:54.020000+00:00,151.69272466,3.9137578274864997,155.60648248748652
6,8976665322,dota2-spirit1-pi-2026-08-31-game1,2026-08-31T20:26:57.494000+00:00,-8.306059949999984,1.2205130427562498,-7.085546907243734
6,8976751962,dota2-spirit1-pi-2026-08-31-game2,2026-08-31T21:40:17.685000+00:00,0.0,0.0,0.0
6,8977325814,dota2-ks-pckcp-2026-09-01-game2,2026-09-01T10:26:27.059000+00:00,16.829099699999972,0.7707706256775,17.599870325677472
6,8977476867,dota2-ic-lynx-2026-09-01-game1,2026-09-01T12:26:04.131000+00:00,0.1741999999999777,0.9700389899999999,1.1442389899999776
6,8977623650,dota2-ic-lynx-2026-09-01-game2,2026-09-01T13:53:28.128000+00:00,14.464459999999871,4.1702875635000005,18.63474756349987
6,8977913355,dota2-synaps-lvlup1-2026-09-01-game2,2026-09-01T16:37:59.217000+00:00,7.1640000000000015,0.3513942,7.515394200000001
6,8978023576,dota2-synaps-lvlup1-2026-09-01,2026-09-01T17:45:54.185000+00:00,-2.5454536800000005,0.008399997143999999,-2.5370536828560004
6,8978832148,dota2-pr1-ic-2026-09-02-game1,2026-09-02T09:52:32.767000+00:00,55.017082010000024,1.37831574931725,56.39539775931728
6,8978916284,dota2-pr1-ic-2026-09-02-game2,2026-09-02T11:19:11.539000+00:00,10.244364939999997,0.4136352074715,10.658000147471498
6,8978986214,dota2-pr1-ic-2026-09-02,2026-09-02T12:20:55.440000+00:00,0.0,0.0,0.0
6,8979131280,dota2-dynast1-pckcp-2026-09-02-game1,2026-09-02T13:56:13.878000+00:00,0.0,0.0,0.0
6,8979241530,dota2-dynast1-pckcp-2026-09-02-game2,2026-09-02T14:56:18.245000+00:00,18.30939999999996,0.49115602499999994,18.80055602499996
6,8979344496,dota2-synaps-4iki-2026-09-02-game1,2026-09-02T15:59:27.587000+00:00,9.53854349000003,2.46564964695225,12.004193136952281
6,8980293569,dota2-z10-ks-2026-09-03-game1,2026-09-03T09:18:42.909000+00:00,-4.242650349999934,0.9956520756967501,-3.246998274303184
6,8980358113,dota2-z10-ks-2026-09-03-game2,2026-09-03T10:27:20.250000+00:00,7.283444269999961,1.8165001582702498,9.099944428270211
6,8980463789,dota2-pckcp-spirit1-2026-09-03-game1,2026-09-03T12:14:02.762000+00:00,5.128399999999985,0.5169364200000001,5.645336419999985
6,8980769413,dota2-pi-dynast1-2026-09-03-game1,2026-09-03T15:17:23.998000+00:00,14.800000000000011,0.307515,15.107515000000012
7,8837869969,dota2-aur1-ty-2026-06-04-game1,2026-06-04T09:17:47.612000+00:00,-21.474069780000008,1.3429559235585,-20.13111385644151
7,8837957019,dota2-aur1-ty-2026-06-04-game2,2026-06-04T11:05:49.570000+00:00,6.865500000000033,3.6376672575,10.503167257500033
7,8838056564,dota2-flc-liquid-2026-06-04-game1,2026-06-04T12:43:48.535000+00:00,-14.994600000000002,0.81353532,-14.181064680000002
7,8838170936,dota2-flc-liquid-2026-06-04-game2,2026-06-04T14:05:12.636000+00:00,10.921798299999995,1.482431319267,12.404229619266996
7,8838396820,dota2-lgd-ty-2026-06-04-game2,2026-06-04T16:48:28.531000+00:00,-10.36760053999999,1.8315320828535,-8.536068457146492
7,8838480778,dota2-lgd-ty-2026-06-04,2026-06-04T17:57:47.377000+00:00,-37.79230043000001,2.97332127533925,-34.81897915466076
7,8839123109,dota2-flc-bb4-2026-06-05-game1,2026-06-05T09:16:39.267000+00:00,1.4157999999999902,0.37290757500000005,1.7887075749999903
7,8839193447,dota2-flc-bb4-2026-06-05-game2,2026-06-05T10:38:10.594000+00:00,1.2150000000000318,1.492928685,2.7079286850000317
7,8839366504,dota2-lgd-liquid-2026-06-05-game2,2026-06-05T13:21:18.066000+00:00,-61.046899999999965,2.0606873325,-58.98621266749996
7,8839494962,dota2-flc-aur1-2026-06-05-game1,2026-06-05T14:52:18.684000+00:00,33.52550000000008,1.6878599025,35.21335990250008
7,8839625815,dota2-flc-aur1-2026-06-05-game2,2026-06-05T16:13:53.150000+00:00,4.556499999999996,0.5641897724999999,5.120689772499996
7,8839717574,dota2-flc-aur1-2026-06-05,2026-06-05T17:21:15.591000+00:00,0.4762990000000116,1.019611677675,1.4959106776750115
7,8840635639,dota2-ty-bb4-2026-06-06-game1,2026-06-06T10:47:49.658000+00:00,-0.83,0.0010582500000000002,-0.8289417499999999
7,8840704374,dota2-ty-bb4-2026-06-06-game2,2026-06-06T11:51:44.485000+00:00,-7.497104520000008,0.8870544650429999,-6.610050054957008
7,8840821227,dota2-ty-bb4-2026-06-06,2026-06-06T13:12:37.368000+00:00,42.474498239999996,4.229197368408,46.703695608408
7,8840984097,dota2-aur1-lgd-2026-06-06-game1,2026-06-06T15:05:33.978000+00:00,-2.495813769999984,0.87789467832525,-1.6179190916747337
7,8841114801,dota2-aur1-lgd-2026-06-06-game2,2026-06-06T16:30:29.855000+00:00,-11.575803610000008,1.52820474022275,-10.047598869777259
7,8842052142,dota2-bb4-lgd-2026-06-07-game1,2026-06-07T09:18:04.694000+00:00,74.56749999999997,1.6993011825000002,76.26680118249996
7,8842134886,dota2-bb4-lgd-2026-06-07-game2,2026-06-07T10:28:41.168000+00:00,22.333354400000033,3.4230361288799998,25.756390528880033
7,8842245726,dota2-bb4-lgd-2026-06-07,2026-06-07T11:59:53.564000+00:00,3.7046999999999457,1.8111335025,5.515833502499945
7,8842468101,dota2-ty-lgd-2026-06-07-game1,2026-06-07T14:21:40.854000+00:00,-57.10035522999998,1.53084116981025,-55.569514060189725
7,8842596730,dota2-ty-lgd-2026-06-07-game2,2026-06-07T15:49:20.066000+00:00,-7.054800000000029,0.8764794899999999,-6.178320510000029
7,8842722527,dota2-ty-lgd-2026-06-07-game3,2026-06-07T17:12:22.566000+00:00,11.336999999999989,1.644773085,12.98177308499999
7,8842845018,dota2-ty-lgd-2026-06-07-game4,2026-06-07T18:51:58.999000+00:00,13.706900000000005,0.5466972225,14.253597222500005
7,8843465364,dota2-4iki-nande4-2026-06-08-game1,2026-06-08T09:15:08.776000+00:00,4.391219400000033,2.4461182624349997,6.837337662435033
7,8843512570,dota2-4iki-nande4-2026-06-08-game2,2026-06-08T10:09:45.609000+00:00,4.3904999999999745,1.3823991225,5.772899122499974
7,8843560379,dota2-4iki-nande4-2026-06-08,2026-06-08T11:10:54.138000+00:00,-0.5600000000000005,0.02853,-0.5314700000000006
7,8843760302,dota2-vpp-balu-2026-06-08-game2,2026-06-08T13:42:26.324000+00:00,1.1765000000000043,0.21874076250000002,1.3952407625000043
7,8844054970,dota2-z10-sb5-2026-06-08-game2,2026-06-08T17:08:41.204000+00:00,28.291600000000003,0.27915102,28.570751020000003
7,8844132483,dota2-vpp-z10-2026-06-08-game1,2026-06-08T18:23:01.210000+00:00,0.0,0.0,0.0
7,8844244719,dota2-vpp-z10-2026-06-08-game2,2026-06-08T19:45:42.908000+00:00,37.86175309999999,0.7734339439875001,38.635187043987486
7,8844308689,dota2-vpp-z10-2026-06-08,2026-06-08T20:50:38.757000+00:00,99.8605,1.0595981475,100.9200981475
7,8850534819,dota2-ill-pr1-2026-06-13-game2,2026-06-13T17:10:42.502000+00:00,-8.589200000000005,0.63060588,-7.958594120000005
7,8850593633,dota2-ill-pr1-2026-06-13,2026-06-13T18:00:57.551000+00:00,0.0,0.0,0.0
7,8851984783,dota2-4iki-pr1-2026-06-14-game2,2026-06-14T16:46:25.798000+00:00,-5.937999999999997,0.7750344149999999,-5.162965584999997
7,8852055373,dota2-4iki-pr1-2026-06-14,2026-06-14T17:46:02.690000+00:00,0.19999999999999973,0.0185325,0.21853249999999974
7,8854443395,dota2-fla-spirit1-2026-06-16-game1,2026-06-16T16:31:44.570000+00:00,-10.886499999999984,0.6915866625,-10.194913337499983
7,8885183102,dota2-flc-bb4-2026-07-07-game1,2026-07-07T09:47:24.433000+00:00,-16.77016249999999,0.4326798778125,-16.33748262218749
7,8885195986,dota2-re-xtreme-2026-07-07-game1,2026-07-07T09:55:03.037000+00:00,15.251897039999978,0.28511373572399995,15.537010775723978
7,8885252329,dota2-flc-bb4-2026-07-07-game2,2026-07-07T11:01:59.599000+00:00,-16.225300000000004,1.9743301424999997,-14.250969857500005
7,8885275216,dota2-re-xtreme-2026-07-07-game2,2026-07-07T11:16:11.813000+00:00,7.2464999999999975,0.4416379425,7.688137942499997
7,8885365825,dota2-l1ga-ngx-2026-07-07-game1,2026-07-07T12:34:49.112000+00:00,0.0,0.0,0.0
7,8885380529,dota2-liquid-playti-2026-07-07-game1,2026-07-07T12:43:07.045000+00:00,-8.546925750000007,2.01570731713125,-6.531218432868757
7,8885411801,dota2-lvlup1-aur1-2026-07-07-game1,2026-07-07T13:06:28.530000+00:00,0.0,0.0,0.0
7,8885470551,dota2-l1ga-ngx-2026-07-07-game2,2026-07-07T13:39:34.570000+00:00,25.243800000000036,0.67092828,25.914728280000034
7,8885473599,dota2-liquid-playti-2026-07-07-game2,2026-07-07T13:52:27.923000+00:00,32.39378324000002,3.4147721531355,35.80855539313552
7,8885529711,dota2-lvlup1-aur1-2026-07-07-game2,2026-07-07T14:23:52.590000+00:00,4.210400000000007,0.045314430000000044,4.255714430000007
7,8885633666,dota2-ts8-mouz-2026-07-07-game1,2026-07-07T15:33:28.678000+00:00,20.594,1.701900285,22.295900285000002
7,8885665054,dota2-nem-pari-2026-07-07-game1,2026-07-07T15:41:38.548000+00:00,19.20091104,0.373023238776,19.573934278776
7,8885784652,dota2-ts8-mouz-2026-07-07-game2,2026-07-07T17:16:32.961000+00:00,-7.871727229999982,1.98509497530975,-5.886632254690232
7,8885871759,dota2-ic-1win-2026-07-07-game1,2026-07-07T18:31:07.999000+00:00,0.8500000000000014,0.053966999999999994,0.9039670000000014
7,8885928262,dota2-ty-og-2026-07-07-game1,2026-07-07T19:03:44.444000+00:00,28.92009999999999,0.17827107749999999,29.09837107749999
7,8885974297,dota2-ic-1win-2026-07-07-game2,2026-07-07T19:32:14.446000+00:00,0.0,0.0,0.0
7,8886005043,dota2-ty-og-2026-07-07-game2,2026-07-07T20:03:05.981000+00:00,-0.3999999999999986,0.05622,-0.3437799999999986
7,8886576019,dota2-poorra-bb4-2026-07-08-game1,2026-07-08T09:20:01.472000+00:00,-10.0,0.33899999999999997,-9.661
7,8886572854,dota2-gl-xtreme-2026-07-08-game1,2026-07-08T09:27:27.007000+00:00,-35.66319999999996,4.23188046,-31.43131953999996
7,8886638110,dota2-poorra-bb4-2026-07-08-game2,2026-07-08T10:36:00.005000+00:00,0.0,0.33001253999999997,0.33001253999999997
7,8886640910,dota2-flc-re-2026-07-08-game2,2026-07-08T10:39:41.623000+00:00,6.25,0.5545386599999999,6.8045386599999995
7,8886641793,dota2-gl-xtreme-2026-07-08-game2,2026-07-08T10:45:04.782000+00:00,45.06299910999996,2.37870536726325,47.44170447726321
7,8886728756,dota2-l1ga-playti-2026-07-08-game1,2026-07-08T12:02:19.795000+00:00,2.682099999999963,2.0290305375,4.7111305374999635
7,8886736772,dota2-liquid-lvlup1-2026-07-08-game1,2026-07-08T12:08:59.488000+00:00,0.0,0.0,0.0
7,8886788497,dota2-ngx-aur1-2026-07-08-game1,2026-07-08T12:47:30.744000+00:00,4.330227669999999,0.29481929270325,4.62504696270325
7,8886815251,dota2-l1ga-playti-2026-07-08-game2,2026-07-08T13:04:20.712000+00:00,56.5196,0.6541720349999999,57.173772035
7,8886862310,dota2-liquid-lvlup1-2026-07-08-game2,2026-07-08T13:37:25.898000+00:00,6.698400000000021,0.33360309,7.032003090000021
7,8886994890,dota2-ts8-nem-2026-07-08-game1,2026-07-08T14:59:11.781000+00:00,0.0,0.0,0.0
7,8887100676,dota2-vg-pari-2026-07-08-game1,2026-07-08T16:18:23.954000+00:00,-1.1905000000000001,0.24598706250000002,-0.9445129375000001
7,8887114313,dota2-ts8-nem-2026-07-08-game2,2026-07-08T16:15:19.583000+00:00,-10.844499999999996,0.27277443749999997,-10.571725562499996
7,8887197358,dota2-vg-pari-2026-07-08-game2,2026-07-08T17:23:00.102000+00:00,-11.699700000000064,0.9933268875,-10.706373112500064
7,8887218598,dota2-lgd-og-2026-07-08-game1,2026-07-08T17:27:41.870000+00:00,1.0600000000000023,0.08645249999999999,1.1464525000000023
7,8887260104,dota2-ty-ic-2026-07-08-game1,2026-07-08T17:58:24.214000+00:00,0.0,0.0,0.0
7,8887314193,dota2-lgd-og-2026-07-08-game2,2026-07-08T18:40:30.736000+00:00,-56.33131371999998,1.488502017624,-54.84281170237598
7,8887325211,dota2-vp-1win-2026-07-08-game1,2026-07-08T18:51:24.334000+00:00,-33.53330859999997,1.793303982975,-31.74000461702497
7,8887337672,dota2-ty-ic-2026-07-08-game2,2026-07-08T19:01:29.872000+00:00,0.0,0.0,0.0
7,8887432754,dota2-vp-1win-2026-07-08-game2,2026-07-08T20:20:02.742000+00:00,35.23360000000001,0.3590826,35.59268260000001
7,8887986392,dota2-poorra-xtreme-2026-07-09-game1,2026-07-09T09:21:30.237000+00:00,-5.0652999999999935,2.3783297174999998,-2.6869702824999937
7,8887998750,dota2-bb4-re-2026-07-09-game1,2026-07-09T09:29:32.198000+00:00,-2.8000000000000043,0.548265225,-2.2517347750000045
7,8888056358,dota2-poorra-xtreme-2026-07-09-game2,2026-07-09T10:34:44.979000+00:00,-1.2516999999999712,1.6559051475,0.4042051475000288
7,8888066684,dota2-bb4-re-2026-07-09-game2,2026-07-09T10:43:25.275000+00:00,0.0,0.0,0.0
7,8888083694,dota2-gl-flc-2026-07-09-game2,2026-07-09T11:11:32.224000+00:00,56.36459815999997,1.3696790118329998,57.73427717183297
7,8888160657,dota2-l1ga-aur1-2026-07-09-game1,2026-07-09T12:09:38.901000+00:00,-3.6931999999999903,0.776033835,-2.9171661649999905
7,8888173515,dota2-playti-lvlup1-2026-07-09-game1,2026-07-09T12:20:27.216000+00:00,7.347600000000028,0.54985239,7.897452390000028
7,8888217771,dota2-ngx-liquid-2026-07-09-game1,2026-07-09T12:52:14.212000+00:00,4.446899999999999,0.9178103624999999,5.364710362499999
7,8888260336,dota2-l1ga-aur1-2026-07-09-game2,2026-07-09T13:20:05.771000+00:00,-4.819199999999995,0.2774052,-4.541794799999995
7,8888279558,dota2-playti-lvlup1-2026-07-09-game2,2026-07-09T13:33:23.111000+00:00,0.0,0.0,0.0
7,8888318197,dota2-ngx-liquid-2026-07-09-game2,2026-07-09T14:04:08.888000+00:00,-17.710199999999958,3.404760465,-14.305439534999959
7,8888405761,dota2-mouz-nem-2026-07-09-game1,2026-07-09T14:48:45.816000+00:00,0.0,0.0,0.0
7,8888425887,dota2-rnx-pari-2026-07-09-game1,2026-07-09T15:02:02.148000+00:00,0.0,0.0,0.0
7,8888489297,dota2-vg-ts8-2026-07-09-game1,2026-07-09T15:42:43.149000+00:00,-32.93139999999997,0.859207125,-32.07219287499997
7,8888555097,dota2-mouz-nem-2026-07-09-game2,2026-07-09T16:24:34.308000+00:00,-15.646899999999984,2.4381725774999996,-13.208727422499985
7,8888554919,dota2-rnx-pari-2026-07-09-game2,2026-07-09T16:26:10.054000+00:00,0.0,0.0,0.0
7,8888592426,dota2-vg-ts8-2026-07-09-game2,2026-07-09T16:59:54.115000+00:00,-0.13000000000000078,0.04055025000000001,-0.08944975000000077
7,8888682602,dota2-og-ic-2026-07-09-game1,2026-07-09T17:53:01.981000+00:00,-21.38339999999998,1.383711195,-19.99968880499998
7,8888693655,dota2-vp-ty-2026-07-09-game1,2026-07-09T18:07:57.629000+00:00,0.0,0.18000576,0.18000576
7,8888731478,dota2-lgd-1win-2026-07-09-game1,2026-07-09T18:35:20.326000+00:00,24.56983839999998,1.33460086008,25.90443926007998
7,8888771711,dota2-og-ic-2026-07-09-game2,2026-07-09T19:04:50.495000+00:00,-10.239799999999988,0.45987742499999995,-9.779922574999988
7,8888819433,dota2-lgd-1win-2026-07-09-game2,2026-07-09T19:41:02.532000+00:00,26.09727781000003,3.19118040428025,29.28845821428028
7,8889452921,dota2-re-gl-2026-07-10-game1,2026-07-10T09:17:34.068000+00:00,55.60660000000006,2.392077315,57.99867731500006
7,8889468264,dota2-xtreme-bb4-2026-07-10-game1,2026-07-10T09:26:30.741000+00:00,-30.100699999999932,2.7393495674999997,-27.361350432499933
7,8889513730,dota2-poorra-flc-2026-07-10-game2,2026-07-10T10:17:36.842000+00:00,4.562550050000008,0.19971570341625,4.762265753416258
7,8889524021,dota2-xtreme-bb4-2026-07-10-game2,2026-07-10T10:37:39.793000+00:00,0.0019714200000180426,0.49497771861449996,0.496949138614518
7,8889538949,dota2-re-gl-2026-07-10-game2,2026-07-10T10:40:57.402000+00:00,-51.95380000000003,2.6027920499999997,-49.35100795000003
7,8889615310,dota2-l1ga-liquid-2026-07-10-game1,2026-07-10T11:48:20.990000+00:00,2.4694461599999613,0.8714662176539999,3.3409123776539613
7,8889621582,dota2-aur1-playti-2026-07-10-game1,2026-07-10T11:57:42.116000+00:00,-17.016300000000015,1.5723567075,-15.443943292500016
7,8889699098,dota2-l1ga-liquid-2026-07-10-game2,2026-07-10T12:46:15.831000+00:00,0.0,0.0,0.0
7,8889733840,dota2-aur1-playti-2026-07-10-game2,2026-07-10T13:14:22.837000+00:00,-45.54669999999999,1.3243455674999998,-44.22235443249999
7,8889871314,dota2-nem-vg-2026-07-10-game1,2026-07-10T14:27:52.631000+00:00,-12.281600000000026,1.01976378,-11.261836220000026
7,8889914618,dota2-pari-mouz-2026-07-10-game1,2026-07-10T14:59:49.254000+00:00,-6.8964,0.23016734999999994,-6.6662326499999995
7,8889944251,dota2-rnx-ts8-2026-07-10-game1,2026-07-10T15:15:29.857000+00:00,12.490199999999987,0.2681162550000001,12.758316254999988
7,8890008812,dota2-nem-vg-2026-07-10-game2,2026-07-10T15:49:04.827000+00:00,28.67659999999998,1.259047665,29.93564766499998
7,8890036748,dota2-pari-mouz-2026-07-10-game2,2026-07-10T16:15:07.698000+00:00,0.0,0.0,0.0
7,8890074597,dota2-rnx-ts8-2026-07-10-game2,2026-07-10T16:28:42.555000+00:00,0.0,0.0,0.0
7,8890179830,dota2-lgd-ty-2026-07-10-game1,2026-07-10T17:38:53.401000+00:00,70.31980000000004,0.39000078,70.70980078000004
7,8890270555,dota2-1win-og-2026-07-10-game2,2026-07-10T18:36:26.467000+00:00,0.0,0.0,0.0
7,8890268632,dota2-lgd-ty-2026-07-10-game2,2026-07-10T18:43:14.663000+00:00,-0.4473000000000109,0.8105023575,0.3632023574999891
7,8890301402,dota2-ic-vp-2026-07-10-game2,2026-07-10T18:52:09.717000+00:00,-1.2346000000000146,0.29065570499999993,-0.9439442950000146
7,8891108843,dota2-poorra-re-2026-07-11-game1,2026-07-11T09:15:44.932000+00:00,45.6643,1.5678760425,47.2321760425
7,8891108985,dota2-bb4-gl-2026-07-11-game1,2026-07-11T09:17:06.187000+00:00,2.9411999999999665,0.906636645,3.8478366449999664
7,8891145641,dota2-xtreme-flc-2026-07-11-game1,2026-07-11T09:30:07.111000+00:00,2.9849999999999994,0.486928125,3.4719281249999994
7,8891217710,dota2-poorra-re-2026-07-11-game2,2026-07-11T10:44:50.172000+00:00,-45.58720149999999,1.5216268749375002,-44.06557462506249
7,8891240327,dota2-xtreme-flc-2026-07-11-game2,2026-07-11T11:01:14.698000+00:00,11.535000000000018,2.809149105,14.344149105000017
7,8891325877,dota2-l1ga-lvlup1-2026-07-11-game1,2026-07-11T12:09:46.181000+00:00,-28.24600200000002,1.28236918125,-26.963632818750018
7,8891349244,dota2-playti-ngx-2026-07-11-game1,2026-07-11T12:27:52.369000+00:00,11.996399999999994,2.517944115,14.514344114999995
7,8891371442,dota2-aur1-liquid-2026-07-11-game1,2026-07-11T12:43:19.319000+00:00,4.351267,0.10713055312499999,4.458397553125
7,8891438996,dota2-l1ga-lvlup1-2026-07-11-game2,2026-07-11T13:19:40.554000+00:00,-1.4300000000000024,0.20977874999999999,-1.2202212500000025
7,8891497910,dota2-aur1-liquid-2026-07-11-game2,2026-07-11T13:53:37.287000+00:00,11.21599999999999,0.62404992,11.840049919999991
7,8891519142,dota2-playti-ngx-2026-07-11-game2,2026-07-11T14:08:43.754000+00:00,-17.5351,1.2990036675,-16.2360963325
7,8892829232,dota2-mouz-vg-2026-07-12-game1,2026-07-12T09:15:57.248000+00:00,-11.196300000000011,1.0000769624999999,-10.196223037500012
7,8892835652,dota2-rnx-nem-2026-07-12-game1,2026-07-12T09:19:01.546000+00:00,-38.20150000000004,2.0988651075,-36.102634892500035
7,8892836635,dota2-pari-ts8-2026-07-12-game1,2026-07-12T09:26:06.808000+00:00,-16.10819999999994,2.889511065,-13.218688934999939
7,8892923329,dota2-mouz-vg-2026-07-12-game2,2026-07-12T10:25:59.512000+00:00,-19.48140104000003,1.013441696568,-18.467959343432028
7,8892914077,dota2-pari-ts8-2026-07-12-game2,2026-07-12T10:31:28.406000+00:00,6.218988199999991,0.7593798998699999,6.978368099869991
7,8892958964,dota2-rnx-nem-2026-07-12-game2,2026-07-12T10:53:08.655000+00:00,-48.50230000000001,1.4295122624999999,-47.072787737500015
7,8893070561,dota2-1win-ty-2026-07-12-game1,2026-07-12T12:14:45.162000+00:00,0.8909747199999174,2.679468732888,3.5704434528879174
7,8893106015,dota2-og-vp-2026-07-12-game1,2026-07-12T12:36:42.440000+00:00,0.0,0.0,0.0
7,8893165071,dota2-1win-ty-2026-07-12-game2,2026-07-12T13:18:20.777000+00:00,-3.0615604999999846,4.5943721240625,1.5328116240625151
7,8893253595,dota2-og-vp-2026-07-12-game2,2026-07-12T13:56:28.498000+00:00,-1.6195259999999934,0.9584051136,-0.6611208863999933
7,8896139222,dota2-re-vp-2026-07-14-game1,2026-07-14T11:15:10.363000+00:00,19.924599999999998,4.18045596,24.105055959999998
7,8896140998,dota2-liquid-xtreme-2026-07-14-game1,2026-07-14T11:24:31.795000+00:00,-18.43020000000002,3.601478115,-14.828721885000022
7,8896234088,dota2-re-vp-2026-07-14-game2,2026-07-14T12:30:48.003000+00:00,-14.486400000000032,1.175507985,-13.310892015000032
7,8896267691,dota2-liquid-xtreme-2026-07-14-game2,2026-07-14T13:05:08.216000+00:00,-24.212699999999984,2.0906769075,-22.122023092499983
7,8896380183,dota2-re-vp-2026-07-14,2026-07-14T14:02:34.965000+00:00,-64.94280000000009,2.70187896,-62.24092104000009
7,8896486914,dota2-liquid-xtreme-2026-07-14,2026-07-14T15:13:00.049000+00:00,9.697497960000007,2.621182424094,12.318680384094007
7,8896645659,dota2-lgd-mouz-2026-07-14-game1,2026-07-14T16:55:49.823000+00:00,0.1612,0.022656660000000002,0.18385666
7,8896731473,dota2-lgd-mouz-2026-07-14-game2,2026-07-14T18:02:11.857000+00:00,-37.14220000000002,1.33286142,-35.809338580000016
7,8897585705,dota2-aur1-re-2026-07-15-game1,2026-07-15T11:19:40.513000+00:00,1.1760940800000128,0.428742016284,1.604836096284013
7,8897588873,dota2-ts8-liquid-2026-07-15-game1,2026-07-15T11:25:30.473000+00:00,-65.21560000000002,2.14217583,-63.073424170000024
7,8897695379,dota2-aur1-re-2026-07-15-game2,2026-07-15T12:41:48.340000+00:00,13.981899999999996,0.5504887574999999,14.532388757499996
7,8897696869,dota2-ts8-liquid-2026-07-15-game2,2026-07-15T12:54:25.976000+00:00,14.92438335,3.83219966619375,18.75658301619375
7,8897831774,dota2-ts8-liquid-2026-07-15,2026-07-15T14:13:24.528000+00:00,1.4705999999999904,0.94093083,2.4115308299999905
7,8897841991,dota2-1win-vg-2026-07-15-game1,2026-07-15T14:22:22.284000+00:00,3.249900000000011,0.36207227249999996,3.6119722725000107
7,8897971312,dota2-1win-vg-2026-07-15-game2,2026-07-15T15:33:39.656000+00:00,18.9033,0.9512007075,19.8545007075
7,8898003442,dota2-bb4-lgd-2026-07-15-game1,2026-07-15T15:56:58.589000+00:00,5.300000000000011,1.12491,6.424910000000011
7,8898084910,dota2-1win-vg-2026-07-15,2026-07-15T16:49:08.935000+00:00,-12.625799999999998,2.2635296699999996,-10.362270329999998
7,8898117600,dota2-bb4-lgd-2026-07-15-game2,2026-07-15T17:15:52.403000+00:00,10.526399999999995,0.31263408000000004,10.839034079999996
7,8899028080,dota2-ty-ts8-2026-07-17-game1,2026-07-16T11:25:22.617000+00:00,-22.503000489999998,0.85104697246425,-21.65195351753575
7,8899120700,dota2-ty-ts8-2026-07-17-game2,2026-07-16T12:44:26.752000+00:00,-20.12609999999995,1.1803561575,-18.94574384249995
7,8899307453,dota2-pari-re-2026-07-17-game1,2026-07-16T14:36:23.407000+00:00,7.309999999999988,0.69420339,8.004203389999988
7,8899420575,dota2-pari-re-2026-07-17-game2,2026-07-16T15:46:28.167000+00:00,-6.203800000000001,0.6122717249999998,-5.591528275000002
7,8900508749,dota2-flc-vg-2026-07-16-game1,2026-07-17T11:21:46.405000+00:00,-13.470100000000016,0.47345112750000007,-12.996648872500016
7,8900623530,dota2-flc-vg-2026-07-16-game2,2026-07-17T12:54:30.551000+00:00,-18.088000000000093,3.8132200799999993,-14.274779920000094
7,8900771154,dota2-ngx-bb4-2026-07-16-game1,2026-07-17T14:28:08.196000+00:00,10.614000000000019,1.2149457600000002,11.82894576000002
7,8900882416,dota2-ngx-bb4-2026-07-16-game2,2026-07-17T15:33:10.588000+00:00,0.0,0.0,0.0
7,8902107148,dota2-bb4-vg-2026-07-18-game1,2026-07-18T11:22:02.020000+00:00,0.0,0.0,0.0
7,8902173969,dota2-bb4-vg-2026-07-18-game2,2026-07-18T12:21:15.910000+00:00,-21.87479999999998,0.932652405,-20.94214759499998
7,8902338515,dota2-ty-pari-2026-07-18-game1,2026-07-18T14:06:38.308000+00:00,-30.57116455999995,2.899255602732,-27.67190895726795
7,8902431810,dota2-ty-pari-2026-07-18-game2,2026-07-18T15:09:37.865000+00:00,108.99770000000007,4.5627044324999995,113.56040443250006
7,8902610619,dota2-ty-pari-2026-07-18,2026-07-18T16:48:06.686000+00:00,-2.6066000000000145,4.83535998,2.2287599799999853
7,8903705555,dota2-vg-ty-2026-07-19-game1,2026-07-19T10:24:33.152000+00:00,71.66619999999995,0.571123275,72.23732327499995
7,8903789784,dota2-vg-ty-2026-07-19-game2,2026-07-19T11:31:19.185000+00:00,0.0,0.0,0.0
7,8904012666,dota2-bb4-pari-2026-07-19-game1,2026-07-19T13:57:51.853000+00:00,28.92559999999999,0.9896811,29.915281099999987
7,8904157676,dota2-bb4-pari-2026-07-19-game2,2026-07-19T15:17:11.337000+00:00,-2.4233000000000064,1.6703249924999999,-0.7529750075000066
7,8904322271,dota2-bb4-pari-2026-07-19-game3,2026-07-19T16:52:33.960000+00:00,26.55560000000004,4.517399085,31.072999085000042
7,8904419709,dota2-bb4-pari-2026-07-19-game4,2026-07-19T18:05:14.511000+00:00,1.4567000000000085,1.1068841925,2.5635841925000085
7,8905035315,dota2-stx-lynx-2026-07-20-game1,2026-07-20T07:25:19.610000+00:00,0.0,0.33390000000000003,0.33390000000000003
7,8905093611,dota2-stx-lynx-2026-07-20-game2,2026-07-20T08:36:36.644000+00:00,55.880100000000056,2.8928613675,58.77296136750006
7,8905164476,dota2-stx-lynx-2026-07-20,2026-07-20T10:04:24.370000+00:00,149.24573137000002,3.06822612458625,152.31395749458628
7,8905233934,dota2-lynx-pckcp-2026-07-20-game1,2026-07-20T11:15:17.947000+00:00,30.706199350000002,1.08373351261125,31.789932862611252
7,8905359313,dota2-lynx-pckcp-2026-07-20-game2,2026-07-20T12:49:30.119000+00:00,-1.0999999999999996,0.0535425,-1.0464574999999996
7,8905490238,dota2-z10-nemiga-2026-07-20-game1,2026-07-20T14:13:02.081000+00:00,-23.36646294000002,0.5703948573915,-22.79606808260852
7,8905612460,dota2-z10-nemiga-2026-07-20-game2,2026-07-20T15:25:40.567000+00:00,-56.159337240000006,1.689040231248,-54.470297008752006
7,8905741721,dota2-spirit1-jenz-2026-07-20-game1,2026-07-20T16:55:30.580000+00:00,-0.9481744000000063,1.5620034917999999,0.6138290917999936
7,8905885788,dota2-spirit1-jenz-2026-07-20-game2,2026-07-20T18:35:45.253000+00:00,-1.7964,0.00862272,-1.78777728
7,8905975768,dota2-lvlup1-ill-2026-07-20-game1,2026-07-20T19:45:16.612000+00:00,-15.394000000000098,6.220689105,-9.173310895000098
7,8906069414,dota2-lvlup1-ill-2026-07-20-game2,2026-07-20T20:59:36.536000+00:00,2.777799999999999,0.41041995,3.1882199499999992
7,8906479441,dota2-nemiga-dan-2026-07-21-game1,2026-07-21T07:24:02.590000+00:00,9.765866550000002,0.21609956759475,9.981966117594752
7,8906547471,dota2-nemiga-dan-2026-07-21-game2,2026-07-21T08:48:51.736000+00:00,10.606399999999994,0.47899260000000005,11.085392599999993
7,8906626852,dota2-pckcp-stx-2026-07-21-game1,2026-07-21T10:17:03.931000+00:00,0.6485470000000078,0.60518529435,1.2537322943500078
7,8906706819,dota2-pckcp-stx-2026-07-21-game2,2026-07-21T11:28:10.072000+00:00,1.538499999999999,0.5214361124999999,2.059936112499999
7,8906814740,dota2-pckcp-stx-2026-07-21,2026-07-21T12:50:32.182000+00:00,1.6209983500000078,1.27236056492625,2.8933589149262575
7,8906911697,dota2-lynx-spirit1-2026-07-21-game1,2026-07-21T14:01:22.509000+00:00,-0.29000000000000004,0.07412624999999999,-0.21587375000000003
7,8907021823,dota2-lynx-spirit1-2026-07-21-game2,2026-07-21T14:54:33.550000+00:00,-29.954783880000008,2.265995231331,-27.688788648669007
7,8907114935,dota2-lynx-spirit1-2026-07-21,2026-07-21T15:55:17.448000+00:00,12.971999999999994,3.38780187,16.359801869999995
7,8907236730,dota2-jenz-lynx-2026-07-21-game1,2026-07-21T17:22:36.365000+00:00,0.0,0.0,0.0
7,8907319204,dota2-jenz-lynx-2026-07-21-game2,2026-07-21T18:19:16.673000+00:00,-42.231455949999955,0.8316311679337499,-41.399824782066204
7,8907510684,dota2-z10-aion-2026-07-21-game2,2026-07-21T20:45:41.820000+00:00,0.0,0.0,0.0
7,8907942033,dota2-ill-dan-2026-07-22-game1,2026-07-22T07:18:07.776000+00:00,2.912699999999994,0.3608107125,3.273510712499994
7,8907997366,dota2-ill-dan-2026-07-22-game2,2026-07-22T08:30:21.640000+00:00,4.0752973200000095,0.5616860382659999,4.63698335826601
7,8908178087,dota2-nemiga-aion-2026-07-22-game2,2026-07-22T11:35:02.272000+00:00,-0.08000000000000007,0.017322000000000004,-0.06267800000000007
7,8908313996,dota2-stx-spirit1-2026-07-22-game1,2026-07-22T13:26:43.307000+00:00,-0.7704624800000026,0.117676450386,-0.6527860296140027
7,8908486051,dota2-stx-spirit1-2026-07-22-game2,2026-07-22T15:03:55.390000+00:00,21.18278592999998,0.7347818143702499,21.91756774437023
7,8908612824,dota2-stx-spirit1-2026-07-22,2026-07-22T16:27:56.948000+00:00,5.113075000000059,2.925321135,8.03839613500006
7,8908710300,dota2-z10-lvlup1-2026-07-22-game1,2026-07-22T17:40:32.974000+00:00,-25.250300000000095,2.3561382674999996,-22.894161732500095
7,8908926344,dota2-z10-lvlup1-2026-07-22,2026-07-22T20:21:42.790000+00:00,13.973724369999971,1.32312219378225,15.296846563782221
7,8909388284,dota2-dan-z10-2026-07-23-game1,2026-07-23T07:17:23.633000+00:00,6.959999999999994,0.076914,7.036913999999994
7,8909443684,dota2-dan-z10-2026-07-23-game2,2026-07-23T08:24:14.078000+00:00,-1.8488000000000167,1.208167785,-0.6406322150000165
7,8909498494,dota2-dan-z10-2026-07-23,2026-07-23T09:35:42.112000+00:00,-1.0792309899999957,0.09013099037325001,-0.9890999996267457
7,8909658828,dota2-spirit1-pckcp-2026-07-23-game2,2026-07-23T11:56:35.158000+00:00,-8.276600800000011,1.1229292017599999,-7.153671598240011
7,8909780227,dota2-spirit1-pckcp-2026-07-23,2026-07-23T13:29:29.880000+00:00,-3.248999999999974,0.732817665,-2.516182334999974
7,8910104556,dota2-jenz-kw1-2026-07-23-game2,2026-07-23T16:47:57.620000+00:00,-1.6499999999999986,0.14812874999999998,-1.5018712499999987
7,8910216725,dota2-jenz-kw1-2026-07-23,2026-07-23T18:09:02.529000+00:00,1.2000000000000028,0.32562,1.5256200000000029
7,8910344715,dota2-lvlup1-aion-2026-07-23-game1,2026-07-23T19:45:58.831000+00:00,0.0,0.0,0.0
7,8910461593,dota2-lvlup1-aion-2026-07-23-game2,2026-07-23T21:18:59.726000+00:00,-4.4517999999999995,0.18788671499999998,-4.263913284999999
7,8910535715,dota2-lvlup1-aion-2026-07-23,2026-07-23T22:37:28.157000+00:00,35.92662329999994,0.757685382675,36.68430868267494
7,8910589445,dota2-nemiga-ill-2026-07-23-game1,2026-07-23T23:33:41.369000+00:00,12.346499999999992,1.4038265325,13.750326532499992
7,8910670427,dota2-nemiga-ill-2026-07-23,2026-07-24T01:26:47.762000+00:00,-0.9553999999999974,0.81468516,-0.14071483999999734
7,8910982575,dota2-aion-dan-2026-07-24-game2,2026-07-24T08:39:31.809000+00:00,0.0,0.0,0.0
7,8911277378,dota2-kw1-stx-2026-07-24-game2,2026-07-24T13:08:23.857000+00:00,4.256898520000007,0.595568240391,4.852466760391007
7,8911784562,dota2-z10-ill-2026-07-24-game1,2026-07-24T18:00:21.302000+00:00,-18.14290079999998,1.12854614082,-17.01435465917998
7,8911916389,dota2-z10-ill-2026-07-24-game2,2026-07-24T19:32:36.981000+00:00,7.894800000000004,0.9424417500000001,8.837241750000004
7,8912045230,dota2-nemiga-lvlup1-2026-07-24-game1,2026-07-24T21:05:49.488000+00:00,-12.69189999999999,1.9461780075,-10.74572199249999
7,8912123729,dota2-nemiga-lvlup1-2026-07-24-game2,2026-07-24T22:15:39.296000+00:00,0.0,0.0,0.0
7,8912551235,dota2-ill-aion-2026-07-25-game1,2026-07-25T07:19:52.253000+00:00,0.0,0.0,0.0
7,8912622476,dota2-ill-aion-2026-07-25-game2,2026-07-25T08:27:06.996000+00:00,-0.5598437600000041,0.07929399936599998,-0.4805497606340041
7,8912758286,dota2-pckcp-jenz-2026-07-22-game1,2026-07-25T10:25:45.605000+00:00,-27.573196759999988,1.2089352475619999,-26.364261512437988
7,8912831712,dota2-pckcp-jenz-2026-07-22-game2,2026-07-25T11:23:26.682000+00:00,5.939300000000003,0.7235089125,6.662808912500003
7,8912974141,dota2-pckcp-jenz-2026-07-22,2026-07-25T13:02:19.241000+00:00,-41.96032771000006,3.43840974235275,-38.52191796764731
7,8913307206,dota2-kw1-pckcp-2026-07-25-game1,2026-07-25T16:28:48.834000+00:00,0.0,0.0,0.0
7,8913598312,dota2-lynx-kw1-2026-07-25-game1,2026-07-25T19:28:05.257000+00:00,2.600899360000014,1.5142562300040001,4.115155590004014
7,8913726962,dota2-lynx-kw1-2026-07-25-game2,2026-07-25T20:57:15.562000+00:00,-25.827899999999982,1.3007663774999998,-24.52713362249998
7,8913824141,dota2-lynx-kw1-2026-07-25,2026-07-25T22:21:39.642000+00:00,-4.916599999999963,4.91111658,-0.005483419999963601
7,8914414410,dota2-nemiga-ill-2026-07-26-game1,2026-07-26T09:26:59.644000+00:00,-10.390371900000005,0.5262300861525,-9.864141813847505
7,8914520562,dota2-nemiga-ill-2026-07-26-game2,2026-07-26T10:41:21.923000+00:00,-15.599699999999949,1.8997736625,-13.69992633749995
7,8914637220,dota2-nemiga-ill-2026-07-26,2026-07-26T12:04:18.708000+00:00,0.0,0.0,0.0
7,8914749408,dota2-rearis-pckcp-2026-07-26-game1,2026-07-26T13:19:34.036000+00:00,-2.6666000000000025,0.38459038500000003,-2.2820096150000024
7,8914885598,dota2-rearis-pckcp-2026-07-26-game2,2026-07-26T14:24:02.001000+00:00,66.76899999999998,0.474210285,67.24321028499998
7,8915002841,dota2-kw1-rearis-2026-07-26-game1,2026-07-26T15:32:54.677000+00:00,2.577495039999988,0.523294786248,3.100789826247988
7,8915137972,dota2-kw1-rearis-2026-07-26-game2,2026-07-26T16:47:26.165000+00:00,0.0,0.0,0.0
7,8915271266,dota2-jenz-stx-2026-07-26-game1,2026-07-26T18:26:53.337000+00:00,-1.4210854715202004e-14,0.494987625,0.4949876249999858
7,8915390117,dota2-jenz-stx-2026-07-26-game2,2026-07-26T19:37:39.362000+00:00,0.5386000000000024,0.07957815,0.6181781500000024
7,8915498965,dota2-jenz-stx-2026-07-26,2026-07-26T20:57:43.107000+00:00,7.465600000000039,0.7128420599999999,8.17844206000004
7,8916041863,dota2-lvlup1-pckcp-2026-07-27-game1,2026-07-27T09:21:33.291000+00:00,11.3397,0.1385707725,11.4782707725
7,8916102349,dota2-lvlup1-pckcp-2026-07-27-game2,2026-07-27T10:12:46.876000+00:00,-26.400800000000018,0.43797149999999996,-25.96282850000002
7,8916245727,dota2-stx-nemiga-2026-07-27-game1,2026-07-27T12:25:46.061000+00:00,6.779600000000002,0.603808125,7.3834081250000025
7,8916384577,dota2-stx-nemiga-2026-07-27-game2,2026-07-27T13:48:29.618000+00:00,9.628200000000003,3.0744814799999998,12.702681480000003
7,8916474664,dota2-stx-nemiga-2026-07-27,2026-07-27T14:44:54.132000+00:00,24.9837,2.4009166425000004,27.3846166425
7,8917611319,dota2-pr1-nemiga-2026-07-28-game2,2026-07-28T10:17:02.190000+00:00,0.0,0.0,0.0
7,8917675823,dota2-pr1-nemiga-2026-07-28,2026-07-28T11:19:25.327000+00:00,-1.0662999999999965,0.4522962075,-0.6140037924999965
7,8917738415,dota2-nh-pckcp-2026-07-28-game1,2026-07-28T12:16:10.015000+00:00,0.0,0.0,0.0
7,8917853656,dota2-nh-pckcp-2026-07-28-game2,2026-07-28T13:23:44.955000+00:00,1.4658999999999764,0.8286674025,2.2945674024999763
7,8918052500,dota2-pckcp-kw1-2026-07-28-game1,2026-07-28T15:24:46.769000+00:00,0.0,0.0,0.0
7,8918176547,dota2-pckcp-kw1-2026-07-28-game2,2026-07-28T16:37:04.197000+00:00,7.340489199999974,0.9512856583199999,8.291774858319974
7,8919264561,dota2-rearis-z10-2026-07-29-game1,2026-07-29T12:23:03.580000+00:00,13.966565039999978,0.690579506832,14.657144546831978
7,8919404744,dota2-rearis-z10-2026-07-29-game2,2026-07-29T13:48:28.368000+00:00,-11.613200000000006,1.7733500400000002,-9.839849960000006
7,8919546613,dota2-amaru-nemiga-2026-07-29-game1,2026-07-29T15:15:30.082000+00:00,0.0,0.0,0.0
7,8919685210,dota2-amaru-nemiga-2026-07-29-game2,2026-07-29T16:34:50.427000+00:00,-54.87370061999997,1.7533563945704997,-53.12034422542947
7,8919803916,dota2-amaru-nemiga-2026-07-29,2026-07-29T18:02:17.532000+00:00,36.76911828000003,1.36863480813,38.137753088130026
7,8920655724,dota2-pckcp-z10-2026-07-30-game2,2026-07-30T10:32:16.617000+00:00,0.0,0.0,0.0
7,8920897425,dota2-lvlup1-z10-2026-07-30-game2,2026-07-30T13:37:44.606000+00:00,-75.4086,3.0179358899999995,-72.39066411
7,8921002620,dota2-lvlup1-z10-2026-07-30,2026-07-30T14:47:46.063000+00:00,10.447100000000034,1.5480787875000002,11.995178787500034
7,8921162227,dota2-amaru-pr1-2026-07-30-game1,2026-07-30T16:32:24.441000+00:00,0.0,0.0,0.0
7,8921281044,dota2-amaru-pr1-2026-07-30-game2,2026-07-30T17:34:28.519000+00:00,0.0,0.0,0.0
7,8921949036,dota2-re-midas3-2026-07-31-game1,2026-07-31T06:23:42.906000+00:00,9.619692949999994,0.33073698109875,9.950429931098745
7,8922016200,dota2-re-midas3-2026-07-31-game2,2026-07-31T07:39:14.850000+00:00,18.774399999999986,0.42890207999999996,19.203302079999986
7,8922074642,dota2-vg-amaru-2026-07-31-game1,2026-07-31T08:46:41.467000+00:00,-31.07870000000004,0.4676059725,-30.61109402750004
7,8922137329,dota2-vg-amaru-2026-07-31-game2,2026-07-31T09:48:16.177000+00:00,0.3000000000000007,0.0291825,0.3291825000000007
7,8922133239,dota2-tr7-playti-2026-07-31-game1,2026-07-31T09:57:34.446000+00:00,-4.607317250000008,1.6022183663437501,-3.005098883656258
7,8922186876,dota2-vg-amaru-2026-07-31,2026-07-31T10:40:33.810000+00:00,6.394199999999998,0.641788905,7.035988904999998
7,8922211678,dota2-tr7-playti-2026-07-31-game2,2026-07-31T11:00:53.806000+00:00,-9.696716719999984,2.711385237732,-6.985331482267984
7,8922300474,dota2-enjoy-glyph-2026-07-31-game1,2026-07-31T12:14:29.331000+00:00,-7.5,0.9220274999999999,-6.5779725000000004
7,8922339160,dota2-l1ga-rnx-2026-07-31-game1,2026-07-31T12:44:09.822000+00:00,15.772999999999968,2.787396885,18.560396884999967
7,8922400300,dota2-enjoy-glyph-2026-07-31-game2,2026-07-31T13:24:39.311000+00:00,-0.183499999999996,0.8881386525000001,0.7046386525000041
7,8922433138,dota2-l1ga-rnx-2026-07-31-game2,2026-07-31T13:42:06.325000+00:00,-20.49709279999999,1.4982390848715,-18.99885371512849
7,8922552315,dota2-l1ga-rnx-2026-07-31,2026-07-31T14:55:23.609000+00:00,-1.7543999999999755,0.6467156999999999,-1.1076842999999756
7,8922602122,dota2-yb1-z10-2026-07-31-game1,2026-07-31T15:28:08.646000+00:00,-4.917899999999975,0.6645622125,-4.253337787499975
7,8922722577,dota2-yb1-z10-2026-07-31-game2,2026-07-31T16:35:25.057000+00:00,-22.249699999999994,3.0436919175,-19.206008082499995
7,8922818221,dota2-xtreme-lgd-2026-07-31-game1,2026-07-31T17:51:24.199000+00:00,-45.09590000000004,2.2843421025,-42.811557897500045
7,8922940920,dota2-xtreme-lgd-2026-07-31-game2,2026-07-31T19:09:48.720000+00:00,-2.969600000000007,4.071187665,1.1015876649999932
7,8923040358,dota2-xtreme-lgd-2026-07-31,2026-07-31T20:28:40.570000+00:00,-6.192000000000036,2.11335081,-4.078649190000036
7,8923506996,dota2-midas3-tr7-2026-08-01-game1,2026-08-01T05:43:01.223000+00:00,3.911299999999976,0.5172027374999999,4.428502737499976
7,8923579943,dota2-midas3-tr7-2026-08-01-game2,2026-08-01T07:02:32.143000+00:00,-53.98009999999998,1.6265648474999999,-52.35353515249998
7,8923643650,dota2-midas3-tr7-2026-08-01,2026-08-01T08:08:01.087000+00:00,0.0,0.0,0.0
7,8923704450,dota2-yes-vg-2026-08-01-game1,2026-08-01T09:01:56.739000+00:00,-0.6304999999999978,0.6756737174999999,0.0451737175000021
7,8923780137,dota2-re-playti-2026-08-01-game1,2026-08-01T10:09:39.721000+00:00,0.0,0.0,0.0
7,8923790600,dota2-yes-vg-2026-08-01-game2,2026-08-01T10:14:11.317000+00:00,0.0,0.0,0.0
7,8923874259,dota2-re-playti-2026-08-01-game2,2026-08-01T11:26:12.956000+00:00,2.238898079999999,0.06874587332399999,2.307643953323999
7,8923899787,dota2-enjoy-yb1-2026-08-01-game1,2026-08-01T11:45:49.553000+00:00,-64.03159999999997,1.321218645,-62.71038135499997
7,8924057168,dota2-l1ga-lgd-2026-08-01-game1,2026-08-01T13:34:16.709000+00:00,0.0,0.0,0.0
7,8924222714,dota2-l1ga-lgd-2026-08-01-game2,2026-08-01T15:02:43.462000+00:00,0.0,0.0,0.0
7,8924328537,dota2-glyph-z10-2026-08-01-game1,2026-08-01T15:59:42.950000+00:00,-68.47119999999997,1.380285315,-67.09091468499997
7,8924367779,dota2-l1ga-lgd-2026-08-01,2026-08-01T16:23:12.450000+00:00,-16.11097785999999,0.317883306339,-15.79309455366099
7,8924468754,dota2-glyph-z10-2026-08-01-game2,2026-08-01T17:25:49.795000+00:00,-65.64880000000005,2.7189057300000004,-62.92989427000005
7,8924530036,dota2-rnx-xtreme-2026-08-01-game1,2026-08-01T18:06:50.164000+00:00,0.7039583100000044,0.83719562427975,1.5411539342797544
7,8924616191,dota2-rnx-xtreme-2026-08-01-game2,2026-08-01T19:06:22.446000+00:00,-32.413902920000034,1.324071416826,-31.089831503174032
7,8925210898,dota2-playti-xctn-2026-08-02-game1,2026-08-02T05:28:20.542000+00:00,0.0,0.0,0.0
7,8925308090,dota2-playti-xctn-2026-08-02-game2,2026-08-02T07:03:47.891000+00:00,1.6224999999999996,0.0164862225,1.6389862224999996
7,8925543582,dota2-yes-tr7-2026-08-02-game1,2026-08-02T10:44:16.945000+00:00,1.715599999999995,0.826866525,2.5424665249999947
7,8925703946,dota2-yes-tr7-2026-08-02-game2,2026-08-02T11:58:57.158000+00:00,0.0,0.0,0.0
7,8925847726,dota2-yes-tr7-2026-08-02,2026-08-02T13:17:43.701000+00:00,37.47736022999999,1.1843218850167498,38.66168211501674
7,8926022375,dota2-rnx-yb1-2026-08-02-game1,2026-08-02T15:09:53.856000+00:00,18.798299999999998,0.7909960875,19.589296087499996
7,8926232913,dota2-rnx-yb1-2026-08-02-game2,2026-08-02T16:42:19.665000+00:00,5.577900000000003,1.9790852625,7.556985262500003
7,8926381426,dota2-rnx-yb1-2026-08-02,2026-08-02T18:14:10.009000+00:00,1.8025773800000309,0.8741877983969999,2.676765178397031
7,8926523280,dota2-z10-lgd-2026-08-02-game1,2026-08-02T19:59:32.068000+00:00,0.0,0.0,0.0
7,8926636219,dota2-z10-lgd-2026-08-02-game2,2026-08-02T21:07:31.416000+00:00,-14.430999999999983,0.5751092999999999,-13.855890699999984
7,8927063876,dota2-glyph-playti-2026-08-03-game2,2026-08-03T06:55:36.873000+00:00,50.56350000000006,1.6025994525,52.16609945250006
7,8927132943,dota2-glyph-playti-2026-08-03,2026-08-03T08:27:35.152000+00:00,15.240399999999987,1.013780025,16.254180024999986
7,8927207054,dota2-xtreme-tr7-2026-08-03-game1,2026-08-03T10:00:05.212000+00:00,10.088300000000032,1.3033915875,11.391691587500032
7,8927288399,dota2-xtreme-tr7-2026-08-03-game2,2026-08-03T11:00:48.642000+00:00,4.405900000000031,0.8712599475,5.2771599475000315
7,8927380776,dota2-xtreme-tr7-2026-08-03,2026-08-03T12:15:30.661000+00:00,-12.097100000000047,4.2339886725,-7.8631113275000475
7,8927539264,dota2-vg-yb1-2026-08-03-game1,2026-08-03T14:05:56.825000+00:00,73.05040000000008,1.3623101850000001,74.41271018500008
7,8927660975,dota2-vg-yb1-2026-08-03-game2,2026-08-03T15:05:20.968000+00:00,-0.9145008999999646,0.8566945257449999,-0.05780637425496471
7,8927760296,dota2-vg-yb1-2026-08-03,2026-08-03T16:18:19.713000+00:00,14.599999999999998,1.04292,15.642919999999998
7,8927926397,dota2-re-lgd-2026-08-03-game1,2026-08-03T18:09:03.381000+00:00,2.9462999999999795,0.4721710725,3.4184710724999796
7,8928050264,dota2-re-lgd-2026-08-03-game2,2026-08-03T19:19:18.313000+00:00,7.042500000000018,0.4101904125,7.452690412500019
7,8928163118,dota2-re-lgd-2026-08-03,2026-08-03T20:43:38.722000+00:00,-27.681600720000006,1.771865292624,-25.909735427376006
7,8928851109,dota2-playti-tr7-2026-08-04-game1,2026-08-04T11:30:07.829000+00:00,-2.8342220900000115,0.6201269960617499,-2.2140950939382615
7,8928953683,dota2-playti-tr7-2026-08-04-game2,2026-08-04T12:46:11.879000+00:00,7.69303008,0.715390553664,8.408420633663999
7,8929124210,dota2-yb1-re-2026-08-04-game1,2026-08-04T14:38:55.576000+00:00,0.0,0.0,0.0
7,8929276426,dota2-yb1-re-2026-08-04-game2,2026-08-04T15:54:25.550000+00:00,5.858299620000054,1.9428384953909998,7.801138115391053
7,8929365099,dota2-yb1-re-2026-08-04,2026-08-04T16:51:08.308000+00:00,24.76009623000016,3.16228414909275,27.922380379092907
7,8930200713,dota2-tr7-re-2026-08-05-game1,2026-08-05T08:20:38.811000+00:00,-1.8519000000000005,0.6909901875,-1.1609098125000006
7,8930258778,dota2-tr7-re-2026-08-05-game2,2026-08-05T09:25:42.941000+00:00,43.67769638000004,2.114062707489,45.79175908748904
7,8930398938,dota2-playti-yb1-2026-08-05-game1,2026-08-05T12:24:04.133000+00:00,1.8016978200000011,2.9062818474315,4.707979667431501
7,8930615242,dota2-playti-yb1-2026-08-05-game2,2026-08-05T14:02:56.166000+00:00,93.11840000000001,0.48600383999999996,93.60440384
7,8930736914,dota2-playti-yb1-2026-08-05-game3,2026-08-05T15:09:49.519000+00:00,5.7180000000000035,0.97350105,6.691501050000004
7,8931781241,dota2-lvlup1-rearis-2026-08-06-game1,2026-08-06T09:28:03.156000+00:00,0.5,0.10592249999999999,0.6059225
7,8931852727,dota2-lvlup1-rearis-2026-08-06-game2,2026-08-06T10:30:33.624000+00:00,-37.49674875999989,1.514200677891,-35.98254808210889
7,8931981851,dota2-rearis-nh-2026-08-06-game1,2026-08-06T12:26:15.226000+00:00,16.73750000000001,0.46141856249999996,17.198918562500012
7,8932085762,dota2-rearis-nh-2026-08-06-game2,2026-08-06T13:20:21.204000+00:00,-3.465501879999991,0.562843383129,-2.9026584968709908
7,8932181345,dota2-rearis-nh-2026-08-06,2026-08-06T14:22:22.478000+00:00,6.151083730000032,0.5938133811547499,6.744897111154781
7,8932318084,dota2-nh-lvlup1-2026-08-06-game1,2026-08-06T15:34:15.395000+00:00,-25.30749999999997,0.5608517775,-24.746648222499967
7,8932413808,dota2-nh-lvlup1-2026-08-06-game2,2026-08-06T16:23:29.211000+00:00,0.0,0.0813618,0.0813618
7,8932523868,dota2-nh-lvlup1-2026-08-06,2026-08-06T17:36:18.454000+00:00,5.863819199999995,1.5214461044399998,7.3852653044399945
7,8932657929,dota2-ill-pr1-2026-08-06-game1,2026-08-06T19:12:10.345000+00:00,4.354299999999981,0.5353868625,4.889686862499981
7,8932835800,dota2-ill-pr1-2026-08-06,2026-08-06T21:22:55.783000+00:00,-7.190599999999975,1.3644756599999999,-5.826124339999975
7,8933374169,dota2-nh-z10-2026-08-07-game1,2026-08-07T09:29:47.916000+00:00,-7.518000000000001,0.10576215,-7.41223785
7,8933453728,dota2-nh-z10-2026-08-07-game2,2026-08-07T10:40:19.376000+00:00,0.0,0.0185625,0.0185625
7,8933575351,dota2-ill-stx-2026-08-07-game1,2026-08-07T12:33:02.695000+00:00,0.0,0.0,0.0
7,8933704579,dota2-ill-stx-2026-08-07-game2,2026-08-07T13:44:43.178000+00:00,-1.0003999999999849,0.948640065,-0.05175993499998488
7,8933879286,dota2-pr1-jenz-2026-08-07-game1,2026-08-07T15:25:51.002000+00:00,-206.8656999999999,3.3480982425,-203.5176017574999
7,8933988979,dota2-pr1-jenz-2026-08-07-game2,2026-08-07T16:29:38.697000+00:00,8.864284259999977,0.7449205371495,9.609204797149477
7,8934184387,dota2-jenz-nemiga-2026-08-07-game1,2026-08-07T18:35:03.983000+00:00,0.0,0.0,0.0
7,8934279386,dota2-jenz-nemiga-2026-08-07-game2,2026-08-07T19:33:30.612000+00:00,0.0,0.0,0.0
7,8936825643,dota2-pr1-yes-2026-08-09-game1,2026-08-09T09:22:32.992000+00:00,-18.76544007000001,0.84831405274275,-17.91712601725726
7,8937080738,dota2-pr1-yes-2026-08-09,2026-08-09T12:20:23.208000+00:00,44.331220849999966,3.7377963557362497,48.069017205736216
7,8937188618,dota2-lvlup1-mouz-2026-08-09-game1,2026-08-09T13:17:49.636000+00:00,-35.725750399999924,3.304152478245,-32.42159792175492
7,8937335830,dota2-lvlup1-mouz-2026-08-09-game2,2026-08-09T14:27:35.299000+00:00,4.194836529999975,1.0977406100677498,5.292577140067725
7,8937484593,dota2-ill-re-2026-08-09-game1,2026-08-09T15:55:00.679000+00:00,-6.732631249999977,0.9813387179437499,-5.751292532056227
7,8937631882,dota2-ill-re-2026-08-09-game2,2026-08-09T17:12:21.447000+00:00,20.307499999999976,0.8148410625,21.122341062499977
7,8937722788,dota2-z10-navi-2026-08-09-game1,2026-08-09T18:17:16.930000+00:00,-69.4136,2.9765359499999997,-66.43706405
7,8938509987,dota2-pr1-mouz-2026-08-10-game1,2026-08-10T09:24:47.767000+00:00,-0.9000000000000021,0.1083375,-0.7916625000000022
7,8938565057,dota2-pr1-mouz-2026-08-10-game2,2026-08-10T10:12:07.159000+00:00,-48.450799999999944,3.1992062999999997,-45.251593699999944
7,8938634026,dota2-pr1-mouz-2026-08-10,2026-08-10T11:15:54.851000+00:00,-64.39941411999999,4.057213141668,-60.34220097833199
7,8938716198,dota2-ill-z10-2026-08-10-game1,2026-08-10T12:25:50.383000+00:00,-4.4596579999999975,0.37386214815,-4.085795851849998
7,8939023869,dota2-yes-lvlup1-2026-08-10-game1,2026-08-10T15:24:37.289000+00:00,10.000200000000007,0.58051161,10.580711610000007
7,8940059913,dota2-lvlup1-navi-2026-08-11-game1,2026-08-11T09:16:02.605000+00:00,15.584399999999988,0.61986951,16.20426950999999
7,8940117837,dota2-lvlup1-navi-2026-08-11-game2,2026-08-11T10:12:11.551000+00:00,-20.731289839999988,2.192491946472,-18.53879789352799
7,8940266495,dota2-mouz-re-2026-08-11-game1,2026-08-11T12:16:13.042000+00:00,7.0328500000000105,0.7505832674999999,7.78343326750001
7,8940365227,dota2-mouz-re-2026-08-11-game2,2026-08-11T13:12:04.281000+00:00,-10.667512850000001,2.49821041876875,-8.169302431231252
7,8940487898,dota2-mouz-re-2026-08-11,2026-08-11T14:25:06.999000+00:00,27.53571032000002,2.2602034474979997,29.79591376749802
7,8940643574,dota2-yes-z10-2026-08-11-game1,2026-08-11T15:45:57.067000+00:00,0.9127000000000152,0.8773278975000001,1.7900278975000152
7,8940756672,dota2-yes-z10-2026-08-11-game2,2026-08-11T16:48:25.758000+00:00,-16.97739248000005,1.637326662516,-15.34006581748405
7,8941656460,dota2-lvlup1-re-2026-08-12-game1,2026-08-12T09:19:34.658000+00:00,-12.707299999999975,0.9491343674999998,-11.758165632499976
7,8941733752,dota2-lvlup1-re-2026-08-12-game2,2026-08-12T10:35:42.245000+00:00,8.23147020000005,1.8771999530999999,10.10867015310005
7,8941817475,dota2-lvlup1-re-2026-08-12,2026-08-12T11:50:26.039000+00:00,6.779600000000002,0.603808125,7.3834081250000025
7,8942003788,dota2-navi-lvlup1-2026-08-12-game1,2026-08-12T13:42:36.457000+00:00,6.744799999999998,0.70353543,7.4483354299999975
7,8942152024,dota2-navi-lvlup1-2026-08-12-game2,2026-08-12T14:50:30.897000+00:00,0.6999999999999957,0.15156750000000002,0.8515674999999958
7,8942262723,dota2-navi-lvlup1-2026-08-12-game3,2026-08-12T15:53:47.795000+00:00,10.134770079999996,0.47253873383999995,10.607308813839996
7,8962372120,dota2-ic-nemiga-2026-08-24-game1,2026-08-24T07:17:08.649000+00:00,0.0,0.0,0.0
7,8962458373,dota2-ic-nemiga-2026-08-24-game2,2026-08-24T08:26:45.454000+00:00,8.413999329999962,1.43668388743725,9.850683217437211
7,8962592819,dota2-ks-lynx-2026-08-24-game1,2026-08-24T10:19:27.562000+00:00,-16.279200000000003,0.8293671,-15.449832900000002
7,8962736746,dota2-ks-lynx-2026-08-24-game2,2026-08-24T11:33:18.452000+00:00,121.14233134000003,2.76908194959,123.91141328959003
7,8962964580,dota2-sb5-stx-2026-08-24-game1,2026-08-24T13:25:23.881000+00:00,1.3244438399999998,0.006754663584,1.3311985035839997
7,8963508714,dota2-rearis-lynx-2026-08-24-game2,2026-08-24T17:37:20.349000+00:00,30.34183440999999,2.17103439902775,32.51286880902774
7,8963649188,dota2-dynast1-fts-2026-08-24-game1,2026-08-24T19:15:00.848000+00:00,73.22940000000006,0.87665076,74.10605076000006
7,8963790789,dota2-dynast1-fts-2026-08-24-game2,2026-08-24T20:20:45.642000+00:00,1.259499500000004,0.194172649875,1.453672149875004
7,8964399842,dota2-pckcp-nemiga-2026-08-25-game1,2026-08-25T07:22:10.248000+00:00,-15.47540084000002,0.862525616472,-14.61287522352802
7,8964480771,dota2-pckcp-nemiga-2026-08-25-game2,2026-08-25T08:31:41.723000+00:00,18.751570679999993,1.403486697132,20.155057377131993
7,8964574076,dota2-pckcp-nemiga-2026-08-25,2026-08-25T09:52:05.670000+00:00,-10.729345089999981,0.93210919262475,-9.79723589737523
7,8964657335,dota2-fts-pckcp-2026-08-25-game1,2026-08-25T10:52:11.864000+00:00,0.0,0.0,0.0
7,8964837315,dota2-fts-pckcp-2026-08-25-game2,2026-08-25T12:34:06.314000+00:00,9.943224399999984,0.7402061807399999,10.683430580739984
7,8964962329,dota2-ic-fts-2026-08-25-game1,2026-08-25T13:50:36.471000+00:00,37.17122224000019,3.5337756467415002,40.704997886741694
7,8965097316,dota2-ic-fts-2026-08-25-game2,2026-08-25T14:41:01.046000+00:00,-15.181700000000063,1.0583259674999999,-14.123374032500063
7,8964938940,dota2-rearis-spirit1-2026-08-25-game1,2026-08-25T16:23:39.394000+00:00,0.5000000000000071,0.8907825,1.3907825000000071
7,8965544741,dota2-rearis-spirit1-2026-08-25,2026-08-25T18:44:21.316000+00:00,-23.965043800000032,2.28975057132,-21.675293228680033
7,8969842778,dota2-pckcp-ic-2026-08-28-game2,2026-08-28T08:21:21.985000+00:00,13.597112900000006,0.42528889961249994,14.022401799612506
7,8969978865,dota2-rearis-sb5-2026-08-28-game1,2026-08-28T10:27:01.322000+00:00,0.0,0.0,0.0
7,8970089224,dota2-rearis-sb5-2026-08-28-game2,2026-08-28T11:41:09.553000+00:00,2.5,0.288375,2.788375
7,8970207176,dota2-rearis-sb5-2026-08-28,2026-08-28T12:56:49.576000+00:00,19.949921359999983,0.9685525100729998,20.918473870072983
7,8970338180,dota2-synaps-nemiga-2026-08-28-game1,2026-08-28T14:09:13.367000+00:00,-2.245299999999986,1.9802926424999998,-0.2650073574999863
7,8970352005,dota2-dynast1-ic-2026-08-28-game1,2026-08-28T14:10:35.964000+00:00,-16.715442300000007,0.498653506755,-16.216788793245005
7,8970470057,dota2-synaps-nemiga-2026-08-28-game2,2026-08-28T15:09:53.245000+00:00,216.80611987999995,1.378039647639,218.18415952763897
7,8970485789,dota2-dynast1-ic-2026-08-28-game2,2026-08-28T15:14:26.848000+00:00,-23.631661410000028,1.0822154805742499,-22.54944592942578
7,8970575970,dota2-synaps-nemiga-2026-08-28,2026-08-28T16:02:11.965000+00:00,25.58780526999999,0.6464705372527499,26.23427580725274
7,8970655100,dota2-dynast1-ic-2026-08-28,2026-08-28T16:43:34.585000+00:00,-18.179999999999993,0.7112925,-17.468707499999994
7,8970886632,dota2-dynast1-pckcp-2026-08-28-game2,2026-08-28T18:51:22.084000+00:00,35.23380301999997,1.573226594802,36.80702961480197
7,8971007454,dota2-ks-rearis-2026-08-28-game1,2026-08-28T20:11:41.712000+00:00,-60.28109999999995,2.83190323827,-57.44919676172995
7,8971016820,dota2-fts-nemiga-2026-08-28-game1,2026-08-28T20:17:43.711000+00:00,-0.050000000000000266,0.018071249999999997,-0.03192875000000027
7,8971111987,dota2-ks-rearis-2026-08-28-game2,2026-08-28T21:24:47.695000+00:00,11.520000000000017,0.379449,11.899449000000017
7,8971423978,dota2-db2-satan-2026-08-28-game2,2026-08-29T03:20:55.120000+00:00,0.0,0.0,0.0
7,8971501630,dota2-nexus-cres-2026-08-28,2026-08-29T04:51:09.441000+00:00,-8.95290124000006,2.041267592802,-6.91163364719806
7,8971519375,dota2-nem-6seven-2026-08-29-game1,2026-08-29T05:14:15.579000+00:00,6.2691038599999445,0.7578101622915,7.026914022291445
7,8971586781,dota2-nem-6seven-2026-08-29-game2,2026-08-29T06:13:46.689000+00:00,-7.91670000000002,0.7579522125,-7.15874778750002
7,8971664649,dota2-nem-6seven-2026-08-29,2026-08-29T07:24:10.704000+00:00,0.40235807999999906,0.253489222062,0.655847302061999
7,8971753986,dota2-icecre-kineti-2026-08-29-game1,2026-08-29T08:38:12.829000+00:00,0.0,0.0,0.0
7,8971849697,dota2-icecre-kineti-2026-08-29-game2,2026-08-29T09:43:14.699000+00:00,-1.7956428799999955,0.297859671312,-1.4977832086879954
7,8971891627,dota2-dynast1-nemiga-2026-08-29-game1,2026-08-29T10:17:49.464000+00:00,12.0916,0.665870925,12.757470925
7,8971964803,dota2-mouz-yes-2026-08-29-game1,2026-08-29T11:13:49.271000+00:00,-7.218000930000059,2.77551430241925,-4.442486627580809
7,8971988345,dota2-sb5-lynx-2026-08-29-game1,2026-08-29T11:21:30.742000+00:00,9.43249999999999,0.21429807750000002,9.64679807749999
7,8972103119,dota2-sb5-lynx-2026-08-29-game2,2026-08-29T12:31:54.536000+00:00,-14.439675400000027,0.639166869135,-13.800508530865027
7,8972115962,dota2-mouz-yes-2026-08-29-game2,2026-08-29T12:36:59.931000+00:00,-9.07037884999989,3.68569534772625,-5.38468350227364
7,8972289868,dota2-huliga-lynx-2026-08-29-game1,2026-08-29T14:15:10.550000+00:00,-4.967422249999942,2.12679265563075,-2.8406295943691915
7,8972502454,dota2-huliga-lynx-2026-08-29-game2,2026-08-29T15:52:19.963000+00:00,0.2041352000000387,2.04323846448,2.2473736644800386
7,8972611918,dota2-huliga-lynx-2026-08-29,2026-08-29T16:49:36.587000+00:00,9.415700000000015,2.5438384725,11.959538472500014
7,8972773416,dota2-pi-lvlup1-2026-08-29-game1,2026-08-29T18:17:23.637000+00:00,2.911200000000001,0.34082873999999996,3.252028740000001
7,8972893200,dota2-pi-lvlup1-2026-08-29-game2,2026-08-29T19:20:53.860000+00:00,0.532,0.0948822,0.6268822000000001
7,8973011673,dota2-pi-lvlup1-2026-08-29,2026-08-29T20:33:12.059000+00:00,-1.3146999999999878,0.4715960625,-0.8431039374999878
7,8973010298,dota2-ks-spirit1-2026-08-29-game1,2026-08-29T20:38:42.759000+00:00,-44.55000000000001,0.41098724999999997,-44.13901275000001
7,8973337131,dota2-icecre-xctn-2026-08-30-game1,2026-08-30T02:14:49.254000+00:00,0.0,0.0,0.0
7,8973405568,dota2-icecre-xctn-2026-08-30-game2,2026-08-30T03:19:55.483000+00:00,-14.091304749999999,0.41764928716875,-13.673655462831249
7,8973462028,dota2-icecre-xctn-2026-08-30,2026-08-30T04:30:11.988000+00:00,6.26767599999998,1.466504291688,7.734180291687981
7,8973502629,dota2-clo-yb1-2026-08-30-game1,2026-08-30T05:13:07.837000+00:00,2.200000000000001,0.06519,2.265190000000001
7,8973568453,dota2-clo-yb1-2026-08-30-game2,2026-08-30T06:12:50.377000+00:00,-3.1636906499999853,0.31966468907175,-2.8440259609282355
7,8973613420,dota2-clo-yb1-2026-08-30,2026-08-30T07:04:46.677000+00:00,16.72186682999999,0.53621602188075,17.25808285188074
7,8973707438,dota2-lynx-lvlup1-2026-08-30-game1,2026-08-30T08:16:36.050000+00:00,19.080299999999994,1.3774165274999999,20.457716527499993
7,8973859403,dota2-lynx-lvlup1-2026-08-30-game2,2026-08-30T09:56:31.353000+00:00,5.219299999999947,1.3301397525,6.549439752499947
7,8973884000,dota2-nem-xctn-2026-08-30-game2,2026-08-30T10:12:32.710000+00:00,7.880546079999981,0.47044936220699995,8.350995442206981
7,8973944033,dota2-lynx-lvlup1-2026-08-30,2026-08-30T10:50:43.696000+00:00,14.648085439999923,2.6475260730479997,17.295611513047923
7,8974185539,dota2-navi-mouz-2026-08-30-game2,2026-08-30T13:08:29.090000+00:00,-1.0912157999999863,1.0453903341599997,-0.04582546583998659
7,8974647733,dota2-lvlup1-pr1-2026-08-30-game1,2026-08-30T17:09:16.077000+00:00,-9.289799999999996,1.809633405,-7.4801665949999965
7,8974898633,dota2-lvlup1-pr1-2026-08-30,2026-08-30T19:25:58.777000+00:00,-4.787499999999966,1.7184790425,-3.0690209574999656
7,8975110449,dota2-dynast1-ks-2026-08-30-game2,2026-08-30T21:54:27.706000+00:00,0.0,0.0,0.0
7,8975871235,dota2-synaps-lynx-2026-08-31-game1,2026-08-31T12:26:44.788000+00:00,-66.66491240000005,3.058768754295,-63.606143645705046
7,8976012755,dota2-synaps-lynx-2026-08-31-game2,2026-08-31T13:41:35.303000+00:00,15.02800000000002,1.535027895,16.56302789500002
7,8976166971,dota2-synaps-lynx-2026-08-31,2026-08-31T15:09:07.826000+00:00,31.184758189999997,2.6351945900092497,33.819952780009245
7,8976300473,dota2-4iki-ic-2026-08-31-game1,2026-08-31T16:25:39.940000+00:00,0.0,0.774837,0.774837
7,8976441468,dota2-4iki-ic-2026-08-31-game2,2026-08-31T17:43:06.122000+00:00,31.792988199999982,0.92028684987,32.713275049869985
7,8976511215,dota2-4iki-ic-2026-08-31,2026-08-31T18:29:54.020000+00:00,27.238399999999956,3.2247122699999995,30.463112269999954
7,8976665322,dota2-spirit1-pi-2026-08-31-game1,2026-08-31T20:26:57.494000+00:00,0.5617680600000199,1.736397756471,2.2981658164710197
7,8976751962,dota2-spirit1-pi-2026-08-31-game2,2026-08-31T21:40:17.685000+00:00,0.0,0.0,0.0
7,8977325814,dota2-ks-pckcp-2026-09-01-game2,2026-09-01T10:26:27.059000+00:00,1.0167989399999442,1.0407905936414998,2.057589533641444
7,8977476867,dota2-ic-lynx-2026-09-01-game1,2026-09-01T12:26:04.131000+00:00,-3.9961790400000012,0.749386244544,-3.246792795456001
7,8977623650,dota2-ic-lynx-2026-09-01-game2,2026-09-01T13:53:28.128000+00:00,5.4046999999999805,1.7820103275,7.186710327499981
7,8977913355,dota2-synaps-lvlup1-2026-09-01-game2,2026-09-01T16:37:59.217000+00:00,16.514841440000026,1.0300226106119998,17.544864050612027
7,8978023576,dota2-synaps-lvlup1-2026-09-01,2026-09-01T17:45:54.185000+00:00,0.5761261399999995,0.09560631834299999,0.6717324583429995
7,8978832148,dota2-pr1-ic-2026-09-02-game1,2026-09-02T09:52:32.767000+00:00,70.71522394999994,1.32546814343625,72.04069209343619
7,8978916284,dota2-pr1-ic-2026-09-02-game2,2026-09-02T11:19:11.539000+00:00,2.8571999999999917,0.4410088200000001,3.2982088199999917
7,8978986214,dota2-pr1-ic-2026-09-02,2026-09-02T12:20:55.440000+00:00,-0.9887000000000086,0.4081423125,-0.5805576875000086
7,8979131280,dota2-dynast1-pckcp-2026-09-02-game1,2026-09-02T13:56:13.878000+00:00,0.0,0.0,0.0
7,8979241530,dota2-dynast1-pckcp-2026-09-02-game2,2026-09-02T14:56:18.245000+00:00,15.190561159999987,0.601741015953,15.792302175952987
7,8979344496,dota2-synaps-4iki-2026-09-02-game1,2026-09-02T15:59:27.587000+00:00,-2.618799999999979,2.34111066,-0.2776893399999789
7,8980293569,dota2-z10-ks-2026-09-03-game1,2026-09-03T09:18:42.909000+00:00,26.258949650000076,1.42347463569675,27.682424285696825
7,8980358113,dota2-z10-ks-2026-09-03-game2,2026-09-03T10:27:20.250000+00:00,-4.8592924399999475,2.146410805185,-2.7128816348149476
7,8980463789,dota2-pckcp-spirit1-2026-09-03-game1,2026-09-03T12:14:02.762000+00:00,3.978999999999985,0.508223415,4.487223414999985
7,8980769413,dota2-pi-dynast1-2026-09-03-game1,2026-09-03T15:17:23.998000+00:00,27.905913799999993,0.5420406683099999,28.447954468309995
8,8837869969,dota2-aur1-ty-2026-06-04-game1,2026-06-04T09:17:47.612000+00:00,47.265499199999965,3.1492969857,50.41479618569996
8,8837957019,dota2-aur1-ty-2026-06-04-game2,2026-06-04T11:05:49.570000+00:00,-82.90160000000003,6.03722286,-76.86437714000003
8,8838056564,dota2-flc-liquid-2026-06-04-game1,2026-06-04T12:43:48.535000+00:00,-6.614400000000003,2.36496864,-4.2494313600000035
8,8838170936,dota2-flc-liquid-2026-06-04-game2,2026-06-04T14:05:12.636000+00:00,-20.099800880000004,4.023799422096,-16.076001457904002
8,8838396820,dota2-lgd-ty-2026-06-04-game2,2026-06-04T16:48:28.531000+00:00,-14.441900000000004,2.2672866525,-12.174613347500003
8,8838480778,dota2-lgd-ty-2026-06-04,2026-06-04T17:57:47.377000+00:00,-37.43890043000003,3.0057412553392497,-34.43315917466078
8,8839123109,dota2-flc-bb4-2026-06-05-game1,2026-06-05T09:16:39.267000+00:00,-46.21849999999998,1.4503087725,-44.768191227499976
8,8839193447,dota2-flc-bb4-2026-06-05-game2,2026-06-05T10:38:10.594000+00:00,0.5539999999999736,2.595464715,3.1494647149999735
8,8839366504,dota2-lgd-liquid-2026-06-05-game2,2026-06-05T13:21:18.066000+00:00,-4.16200000000002,1.300828665,-2.8611713350000203
8,8839494962,dota2-flc-aur1-2026-06-05-game1,2026-06-05T14:52:18.684000+00:00,18.89530000000002,2.1689318625,21.06423186250002
8,8839625815,dota2-flc-aur1-2026-06-05-game2,2026-06-05T16:13:53.150000+00:00,8.755100000000056,1.1372369174999999,9.892336917500055
8,8839717574,dota2-flc-aur1-2026-06-05,2026-06-05T17:21:15.591000+00:00,4.990449000000027,0.57524987745,5.565698877450027
8,8840635639,dota2-ty-bb4-2026-06-06-game1,2026-06-06T10:47:49.658000+00:00,0.0,0.0,0.0
8,8840704374,dota2-ty-bb4-2026-06-06-game2,2026-06-06T11:51:44.485000+00:00,10.81110000000001,3.2076588675,14.018758867500011
8,8840821227,dota2-ty-bb4-2026-06-06,2026-06-06T13:12:37.368000+00:00,42.05449823999998,3.148697448408,45.20319568840798
8,8840984097,dota2-aur1-lgd-2026-06-06-game1,2026-06-06T15:05:33.978000+00:00,1.0989340799999994,0.866632435968,1.9655665159679994
8,8841114801,dota2-aur1-lgd-2026-06-06-game2,2026-06-06T16:30:29.855000+00:00,-11.186804249999994,1.5282801878707502,-9.658524062129244
8,8842052142,dota2-bb4-lgd-2026-06-07-game1,2026-06-07T09:18:04.694000+00:00,90.09280000000012,4.037020605,94.12982060500012
8,8842134886,dota2-bb4-lgd-2026-06-07-game2,2026-06-07T10:28:41.168000+00:00,-20.18863655,1.57098515818125,-18.617651391818747
8,8842245726,dota2-bb4-lgd-2026-06-07,2026-06-07T11:59:53.564000+00:00,-40.50660086999997,2.24442457167225,-38.262176298327724
8,8842468101,dota2-ty-lgd-2026-06-07-game1,2026-06-07T14:21:40.854000+00:00,-14.525660190000004,0.9622522180822499,-13.563407971917753
8,8842596730,dota2-ty-lgd-2026-06-07-game2,2026-06-07T15:49:20.066000+00:00,-8.063099999999991,0.8791486725,-7.183951327499992
8,8842722527,dota2-ty-lgd-2026-06-07-game3,2026-06-07T17:12:22.566000+00:00,20.71199999999999,0.58779396,21.299793959999988
8,8842845018,dota2-ty-lgd-2026-06-07-game4,2026-06-07T18:51:58.999000+00:00,0.0,0.0,0.0
8,8843465364,dota2-4iki-nande4-2026-06-08-game1,2026-06-08T09:15:08.776000+00:00,-60.26038444000005,2.348905288818,-57.91147915118205
8,8843512570,dota2-4iki-nande4-2026-06-08-game2,2026-06-08T10:09:45.609000+00:00,-1.4085000000000036,0.43934636250000003,-0.9691536375000036
8,8843560379,dota2-4iki-nande4-2026-06-08,2026-06-08T11:10:54.138000+00:00,-11.199599999999975,1.2845202000000002,-9.915079799999976
8,8843760302,dota2-vpp-balu-2026-06-08-game2,2026-06-08T13:42:26.324000+00:00,0.0,0.0,0.0
8,8844054970,dota2-z10-sb5-2026-06-08-game2,2026-06-08T17:08:41.204000+00:00,0.0,0.0,0.0
8,8844132483,dota2-vpp-z10-2026-06-08-game1,2026-06-08T18:23:01.210000+00:00,-0.5399999999999991,0.0571725,-0.48282749999999913
8,8844244719,dota2-vpp-z10-2026-06-08-game2,2026-06-08T19:45:42.908000+00:00,13.31600000000001,0.39907049999999994,13.71507050000001
8,8844308689,dota2-vpp-z10-2026-06-08,2026-06-08T20:50:38.757000+00:00,191.8909,0.8774975325000001,192.7683975325
8,8850534819,dota2-ill-pr1-2026-06-13-game2,2026-06-13T17:10:42.502000+00:00,-10.376999999999995,0.643311075,-9.733688924999996
8,8850593633,dota2-ill-pr1-2026-06-13,2026-06-13T18:00:57.551000+00:00,0.0,0.0,0.0
8,8851984783,dota2-4iki-pr1-2026-06-14-game2,2026-06-14T16:46:25.798000+00:00,-15.62660000000001,0.976378395,-14.650221605000011
8,8852055373,dota2-4iki-pr1-2026-06-14,2026-06-14T17:46:02.690000+00:00,-10.449600000000004,0.5824174799999999,-9.867182520000004
8,8854443395,dota2-fla-spirit1-2026-06-16-game1,2026-06-16T16:31:44.570000+00:00,-2.0,0.11019,-1.88981
8,8885183102,dota2-flc-bb4-2026-07-07-game1,2026-07-07T09:47:24.433000+00:00,-30.283962499999973,1.4148524128125,-28.869110087187472
8,8885195986,dota2-re-xtreme-2026-07-07-game1,2026-07-07T09:55:03.037000+00:00,19.790499999999994,0.2949068174999999,20.085406817499994
8,8885252329,dota2-flc-bb4-2026-07-07-game2,2026-07-07T11:01:59.599000+00:00,-14.04330000000002,1.9786541625,-12.06464583750002
8,8885275216,dota2-re-xtreme-2026-07-07-game2,2026-07-07T11:16:11.813000+00:00,-4.506832999999986,0.447616670625,-4.059216329374986
8,8885365825,dota2-l1ga-ngx-2026-07-07-game1,2026-07-07T12:34:49.112000+00:00,-4.919999999999998,0.10332,-4.816679999999998
8,8885380529,dota2-liquid-playti-2026-07-07-game1,2026-07-07T12:43:07.045000+00:00,-10.179225750000022,1.93457124463125,-8.244654505368771
8,8885411801,dota2-lvlup1-aur1-2026-07-07-game1,2026-07-07T13:06:28.530000+00:00,0.0,0.0,0.0
8,8885470551,dota2-l1ga-ngx-2026-07-07-game2,2026-07-07T13:39:34.570000+00:00,14.650215000000017,0.6647957493750001,15.315010749375016
8,8885473599,dota2-liquid-playti-2026-07-07-game2,2026-07-07T13:52:27.923000+00:00,12.033831140000018,3.7354537368929996,15.769284876893018
8,8885529711,dota2-lvlup1-aur1-2026-07-07-game2,2026-07-07T14:23:52.590000+00:00,6.2146186000000085,0.1310775146850001,6.345696114685008
8,8885633666,dota2-ts8-mouz-2026-07-07-game1,2026-07-07T15:33:28.678000+00:00,60.52159999999991,5.27492805,65.7965280499999
8,8885665054,dota2-nem-pari-2026-07-07-game1,2026-07-07T15:41:38.548000+00:00,9.726911039999997,0.316649938776,10.043560978775997
8,8885784652,dota2-ts8-mouz-2026-07-07-game2,2026-07-07T17:16:32.961000+00:00,-0.5598272299999447,3.54921596280975,2.989388732809805
8,8885871759,dota2-ic-1win-2026-07-07-game1,2026-07-07T18:31:07.999000+00:00,0.0,0.0,0.0
8,8885928262,dota2-ty-og-2026-07-07-game1,2026-07-07T19:03:44.444000+00:00,19.231499999999997,0.22760480249999995,19.459104802499997
8,8885974297,dota2-ic-1win-2026-07-07-game2,2026-07-07T19:32:14.446000+00:00,0.0,0.0,0.0
8,8886005043,dota2-ty-og-2026-07-07-game2,2026-07-07T20:03:05.981000+00:00,-0.24080000000000013,0.06860994,-0.17219006000000014
8,8886576019,dota2-poorra-bb4-2026-07-08-game1,2026-07-08T09:20:01.472000+00:00,-10.0,0.33899999999999997,-9.661
8,8886572854,dota2-gl-xtreme-2026-07-08-game1,2026-07-08T09:27:27.007000+00:00,-97.10110000000003,2.7799401675,-94.32115983250003
8,8886638110,dota2-poorra-bb4-2026-07-08-game2,2026-07-08T10:36:00.005000+00:00,2.4986999999999924,0.5184125175,3.017112517499992
8,8886640910,dota2-flc-re-2026-07-08-game2,2026-07-08T10:39:41.623000+00:00,32.95723307,0.8360912892577499,33.79332435925775
8,8886641793,dota2-gl-xtreme-2026-07-08-game2,2026-07-08T10:45:04.782000+00:00,44.228898359999945,3.122191922232,47.351090282231944
8,8886728756,dota2-l1ga-playti-2026-07-08-game1,2026-07-08T12:02:19.795000+00:00,-3.4445999999999657,2.607101145,-0.8374988549999656
8,8886736772,dota2-liquid-lvlup1-2026-07-08-game1,2026-07-08T12:08:59.488000+00:00,0.0,0.0,0.0
8,8886788497,dota2-ngx-aur1-2026-07-08-game1,2026-07-08T12:47:30.744000+00:00,13.923801000000005,0.24293865824999997,14.166739658250005
8,8886815251,dota2-l1ga-playti-2026-07-08-game2,2026-07-08T13:04:20.712000+00:00,47.2192,0.26185592999999996,47.481055930000004
8,8886862310,dota2-liquid-lvlup1-2026-07-08-game2,2026-07-08T13:37:25.898000+00:00,4.166800000000009,0.030000960000000028,4.196800960000009
8,8886994890,dota2-ts8-nem-2026-07-08-game1,2026-07-08T14:59:11.781000+00:00,-0.09999999999999964,0.0196425,-0.08035749999999964
8,8887100676,dota2-vg-pari-2026-07-08-game1,2026-07-08T16:18:23.954000+00:00,1.2330239999999861,0.2639823363,1.4970063362999861
8,8887114313,dota2-ts8-nem-2026-07-08-game2,2026-07-08T16:15:19.583000+00:00,-0.7380000000000031,0.062194949999999985,-0.6758050500000031
8,8887197358,dota2-vg-pari-2026-07-08-game2,2026-07-08T17:23:00.102000+00:00,0.0,0.0,0.0
8,8887218598,dota2-lgd-og-2026-07-08-game1,2026-07-08T17:27:41.870000+00:00,10.689000000000007,0.37719291,11.066192910000007
8,8887260104,dota2-ty-ic-2026-07-08-game1,2026-07-08T17:58:24.214000+00:00,0.21600000000000008,0.0013284000000000002,0.2173284000000001
8,8887314193,dota2-lgd-og-2026-07-08-game2,2026-07-08T18:40:30.736000+00:00,-36.416813719999936,1.663274015124,-34.753539704875934
8,8887325211,dota2-vp-1win-2026-07-08-game1,2026-07-08T18:51:24.334000+00:00,-39.4662,3.8362988399999995,-35.62990116
8,8887337672,dota2-ty-ic-2026-07-08-game2,2026-07-08T19:01:29.872000+00:00,0.0,0.0,0.0
8,8887432754,dota2-vp-1win-2026-07-08-game2,2026-07-08T20:20:02.742000+00:00,29.6562,0.565975995,30.222175994999997
8,8887986392,dota2-poorra-xtreme-2026-07-09-game1,2026-07-09T09:21:30.237000+00:00,-62.32899999999998,4.619523194999999,-57.70947680499998
8,8887998750,dota2-bb4-re-2026-07-09-game1,2026-07-09T09:29:32.198000+00:00,-19.790900000000022,0.8594000775,-18.931499922500024
8,8888056358,dota2-poorra-xtreme-2026-07-09-game2,2026-07-09T10:34:44.979000+00:00,18.872900000000016,2.6688932025,21.541793202500017
8,8888066684,dota2-bb4-re-2026-07-09-game2,2026-07-09T10:43:25.275000+00:00,-26.856497759999954,1.334166385908,-25.522331374091955
8,8888083694,dota2-gl-flc-2026-07-09-game2,2026-07-09T11:11:32.224000+00:00,23.54462424000002,1.309810675869,24.854434915869017
8,8888160657,dota2-l1ga-aur1-2026-07-09-game1,2026-07-09T12:09:38.901000+00:00,2.7683999999999997,0.305462715,3.0738627149999997
8,8888173515,dota2-playti-lvlup1-2026-07-09-game1,2026-07-09T12:20:27.216000+00:00,16.4029,0.7044554775,17.1073554775
8,8888217771,dota2-ngx-liquid-2026-07-09-game1,2026-07-09T12:52:14.212000+00:00,11.69980000000001,1.34492328,13.04472328000001
8,8888260336,dota2-l1ga-aur1-2026-07-09-game2,2026-07-09T13:20:05.771000+00:00,-6.024000000000001,0.28255572,-5.7414442800000005
8,8888279558,dota2-playti-lvlup1-2026-07-09-game2,2026-07-09T13:33:23.111000+00:00,0.0,0.0,0.0
8,8888318197,dota2-ngx-liquid-2026-07-09-game2,2026-07-09T14:04:08.888000+00:00,1.1606999999998884,2.5048803074999997,3.665580307499888
8,8888405761,dota2-mouz-nem-2026-07-09-game1,2026-07-09T14:48:45.816000+00:00,0.0,0.0,0.0
8,8888425887,dota2-rnx-pari-2026-07-09-game1,2026-07-09T15:02:02.148000+00:00,4.344399999999993,0.12264378000000004,4.467043779999993
8,8888489297,dota2-vg-ts8-2026-07-09-game1,2026-07-09T15:42:43.149000+00:00,-25.325300569999968,0.8843056996357499,-24.440994870364218
8,8888555097,dota2-mouz-nem-2026-07-09-game2,2026-07-09T16:24:34.308000+00:00,-22.0848,1.8673515749999998,-20.217448425
8,8888554919,dota2-rnx-pari-2026-07-09-game2,2026-07-09T16:26:10.054000+00:00,0.0,0.0,0.0
8,8888592426,dota2-vg-ts8-2026-07-09-game2,2026-07-09T16:59:54.115000+00:00,-5.908200000000008,0.89730333,-5.010896670000008
8,8888682602,dota2-og-ic-2026-07-09-game1,2026-07-09T17:53:01.981000+00:00,-16.06339999999996,1.841995665,-14.221404334999958
8,8888693655,dota2-vp-ty-2026-07-09-game1,2026-07-09T18:07:57.629000+00:00,12.836799999999997,0.09504288,12.931842879999996
8,8888731478,dota2-lgd-1win-2026-07-09-game1,2026-07-09T18:35:20.326000+00:00,7.84620000000001,1.67311365,9.51931365000001
8,8888771711,dota2-og-ic-2026-07-09-game2,2026-07-09T19:04:50.495000+00:00,0.0,0.0,0.0
8,8888819433,dota2-lgd-1win-2026-07-09-game2,2026-07-09T19:41:02.532000+00:00,72.16593234999996,4.2688777369762505,76.43481008697621
8,8889452921,dota2-re-gl-2026-07-10-game1,2026-07-10T09:17:34.068000+00:00,41.022999999999996,1.452260175,42.475260174999995
8,8889468264,dota2-xtreme-bb4-2026-07-10-game1,2026-07-10T09:26:30.741000+00:00,0.8775000000000546,1.2581544824999997,2.1356544825000543
8,8889513730,dota2-poorra-flc-2026-07-10-game2,2026-07-10T10:17:36.842000+00:00,0.0,0.22500562500000001,0.22500562500000001
8,8889524021,dota2-xtreme-bb4-2026-07-10-game2,2026-07-10T10:37:39.793000+00:00,0.04600000000002069,1.0201176749999998,1.0661176750000205
8,8889538949,dota2-re-gl-2026-07-10-game2,2026-07-10T10:40:57.402000+00:00,-7.588300000000004,2.2660357575,-5.322264242500004
8,8889615310,dota2-l1ga-liquid-2026-07-10-game1,2026-07-10T11:48:20.990000+00:00,-6.351999999999997,0.5258325749999999,-5.826167424999997
8,8889621582,dota2-aur1-playti-2026-07-10-game1,2026-07-10T11:57:42.116000+00:00,-1.6951999999999714,1.070267715,-0.6249322849999714
8,8889699098,dota2-l1ga-liquid-2026-07-10-game2,2026-07-10T12:46:15.831000+00:00,-1.1765000000000043,0.31173401250000005,-0.8647659875000042
8,8889733840,dota2-aur1-playti-2026-07-10-game2,2026-07-10T13:14:22.837000+00:00,-50.96389999999998,2.2709981624999998,-48.69290183749998
8,8889871314,dota2-nem-vg-2026-07-10-game1,2026-07-10T14:27:52.631000+00:00,30.31989999999999,0.8056574924999998,31.12555749249999
8,8889914618,dota2-pari-mouz-2026-07-10-game1,2026-07-10T14:59:49.254000+00:00,-2.1743999999999772,0.5519024549999999,-1.6224975449999772
8,8889944251,dota2-rnx-ts8-2026-07-10-game1,2026-07-10T15:15:29.857000+00:00,2.0,0.05490000000000002,2.0549
8,8890008812,dota2-nem-vg-2026-07-10-game2,2026-07-10T15:49:04.827000+00:00,14.710000000000008,0.49473562499999996,15.204735625000009
8,8890036748,dota2-pari-mouz-2026-07-10-game2,2026-07-10T16:15:07.698000+00:00,9.517600000000016,0.25968224999999995,9.777282250000015
8,8890074597,dota2-rnx-ts8-2026-07-10-game2,2026-07-10T16:28:42.555000+00:00,0.0,0.0,0.0
8,8890179830,dota2-lgd-ty-2026-07-10-game1,2026-07-10T17:38:53.401000+00:00,73.66120000000001,1.03037319,74.69157319000001
8,8890270555,dota2-1win-og-2026-07-10-game2,2026-07-10T18:36:26.467000+00:00,0.0,0.0,0.0
8,8890268632,dota2-lgd-ty-2026-07-10-game2,2026-07-10T18:43:14.663000+00:00,-5.405600000000007,0.40785252,-4.997747480000007
8,8890301402,dota2-ic-vp-2026-07-10-game2,2026-07-10T18:52:09.717000+00:00,0.0,0.0,0.0
8,8891108843,dota2-poorra-re-2026-07-11-game1,2026-07-11T09:15:44.932000+00:00,7.140000000000004,0.1944705,7.334470500000004
8,8891108985,dota2-bb4-gl-2026-07-11-game1,2026-07-11T09:17:06.187000+00:00,3.311199999999957,1.024268895,4.335468894999957
8,8891145641,dota2-xtreme-flc-2026-07-11-game1,2026-07-11T09:30:07.111000+00:00,1.4706000000000046,0.475922925,1.9465229250000045
8,8891217710,dota2-poorra-re-2026-07-11-game2,2026-07-11T10:44:50.172000+00:00,-22.86020149999998,0.7191365049375,-22.141064995062482
8,8891240327,dota2-xtreme-flc-2026-07-11-game2,2026-07-11T11:01:14.698000+00:00,5.764400000000002,1.06511589,6.8295158900000015
8,8891325877,dota2-l1ga-lvlup1-2026-07-11-game1,2026-07-11T12:09:46.181000+00:00,-12.064499999999997,0.29139821250000003,-11.773101787499996
8,8891349244,dota2-playti-ngx-2026-07-11-game1,2026-07-11T12:27:52.369000+00:00,5.728199999999987,2.3034437850000002,8.031643784999988
8,8891371442,dota2-aur1-liquid-2026-07-11-game1,2026-07-11T12:43:19.319000+00:00,-22.15710000000001,0.9802602825,-21.17683971750001
8,8891438996,dota2-l1ga-lvlup1-2026-07-11-game2,2026-07-11T13:19:40.554000+00:00,30.023000000000017,0.947259075,30.97025907500002
8,8891497910,dota2-aur1-liquid-2026-07-11-game2,2026-07-11T13:53:37.287000+00:00,2.1200000000000028,0.0964965,2.216496500000003
8,8891519142,dota2-playti-ngx-2026-07-11-game2,2026-07-11T14:08:43.754000+00:00,-10.868664949999982,0.48901674457125,-10.379648205428731
8,8892829232,dota2-mouz-vg-2026-07-12-game1,2026-07-12T09:15:57.248000+00:00,-99.32655301999998,1.4848352882490001,-97.84171773175098
8,8892835652,dota2-rnx-nem-2026-07-12-game1,2026-07-12T09:19:01.546000+00:00,-3.7249000000000176,0.7829734875,-2.9419265125000176
8,8892836635,dota2-pari-ts8-2026-07-12-game1,2026-07-12T09:26:06.808000+00:00,-14.848299999999995,4.1012887725,-10.747011227499994
8,8892923329,dota2-mouz-vg-2026-07-12-game2,2026-07-12T10:25:59.512000+00:00,-12.34479999999998,1.9062077699999997,-10.43859222999998
8,8892914077,dota2-pari-ts8-2026-07-12-game2,2026-07-12T10:31:28.406000+00:00,-3.7275118000000305,1.32106839237,-2.4064434076300305
8,8892958964,dota2-rnx-nem-2026-07-12-game2,2026-07-12T10:53:08.655000+00:00,-56.36040000000006,2.45176182,-53.90863818000006
8,8893070561,dota2-1win-ty-2026-07-12-game1,2026-07-12T12:14:45.162000+00:00,17.175674720000004,1.7608243403879997,18.936499060388
8,8893106015,dota2-og-vp-2026-07-12-game1,2026-07-12T12:36:42.440000+00:00,4.935599999999994,0.54081837,5.476418369999994
8,8893165071,dota2-1win-ty-2026-07-12-game2,2026-07-12T13:18:20.777000+00:00,1.9163000000000014,3.2556254024999998,5.171925402500001
8,8893253595,dota2-og-vp-2026-07-12-game2,2026-07-12T13:56:28.498000+00:00,-1.8538118300000264,0.95838935670075,-0.8954224732992764
8,8896139222,dota2-re-vp-2026-07-14-game1,2026-07-14T11:15:10.363000+00:00,16.756500000000017,2.3106953025,19.067195302500018
8,8896140998,dota2-liquid-xtreme-2026-07-14-game1,2026-07-14T11:24:31.795000+00:00,-12.636700000000014,3.4810996725,-9.155600327500014
8,8896234088,dota2-re-vp-2026-07-14-game2,2026-07-14T12:30:48.003000+00:00,-3.0286999999999757,0.8985708375,-2.130129162499976
8,8896267691,dota2-liquid-xtreme-2026-07-14-game2,2026-07-14T13:05:08.216000+00:00,-4.739035859999973,1.6246762105755002,-3.1143596494244727
8,8896380183,dota2-re-vp-2026-07-14,2026-07-14T14:02:34.965000+00:00,0.0,0.0,0.0
8,8896486914,dota2-liquid-xtreme-2026-07-14,2026-07-14T15:13:00.049000+00:00,-0.016699999999971737,1.4904109425,1.4737109425000283
8,8896645659,dota2-lgd-mouz-2026-07-14-game1,2026-07-14T16:55:49.823000+00:00,0.0,0.0,0.0
8,8896731473,dota2-lgd-mouz-2026-07-14-game2,2026-07-14T18:02:11.857000+00:00,-39.39000000000003,1.6280166449999998,-37.76198335500003
8,8897585705,dota2-aur1-re-2026-07-15-game1,2026-07-15T11:19:40.513000+00:00,0.0,0.0,0.0
8,8897588873,dota2-ts8-liquid-2026-07-15-game1,2026-07-15T11:25:30.473000+00:00,-50.44780047000002,3.95984134284975,-46.48795912715027
8,8897695379,dota2-aur1-re-2026-07-15-game2,2026-07-15T12:41:48.340000+00:00,-12.124900949999997,0.43598826643125,-11.688912683568747
8,8897696869,dota2-ts8-liquid-2026-07-15-game2,2026-07-15T12:54:25.976000+00:00,22.29078334999997,3.4399045161937503,25.73068786619372
8,8897831774,dota2-ts8-liquid-2026-07-15,2026-07-15T14:13:24.528000+00:00,2.9411999999999523,0.95184585,3.893045849999952
8,8897841991,dota2-1win-vg-2026-07-15-game1,2026-07-15T14:22:22.284000+00:00,2.5711121599999984,0.364955760012,2.9360679200119986
8,8897971312,dota2-1win-vg-2026-07-15-game2,2026-07-15T15:33:39.656000+00:00,23.42670000000004,0.9769096574999999,24.403609657500038
8,8898003442,dota2-bb4-lgd-2026-07-15-game1,2026-07-15T15:56:58.589000+00:00,1.0172000000000025,0.43775616000000006,1.4549561600000027
8,8898084910,dota2-1win-vg-2026-07-15,2026-07-15T16:49:08.935000+00:00,-6.793801639999984,2.9280395348340003,-3.8657621051659836
8,8898117600,dota2-bb4-lgd-2026-07-15-game2,2026-07-15T17:15:52.403000+00:00,27.378032509999997,0.36041827807725,27.738450788077248
8,8899028080,dota2-ty-ts8-2026-07-17-game1,2026-07-16T11:25:22.617000+00:00,-7.575999999999979,0.52535772,-7.0506422799999795
8,8899120700,dota2-ty-ts8-2026-07-17-game2,2026-07-16T12:44:26.752000+00:00,-43.27909999999996,3.9047289375000003,-39.374371062499954
8,8899307453,dota2-pari-re-2026-07-17-game1,2026-07-16T14:36:23.407000+00:00,-0.29999999999999716,0.35229932999999997,0.05229933000000281
8,8899420575,dota2-pari-re-2026-07-17-game2,2026-07-16T15:46:28.167000+00:00,-4.264400000000023,1.3709523,-2.8934477000000234
8,8900508749,dota2-flc-vg-2026-07-16-game1,2026-07-17T11:21:46.405000+00:00,-12.989299999999986,0.7099896374999999,-12.279310362499986
8,8900623530,dota2-flc-vg-2026-07-16-game2,2026-07-17T12:54:30.551000+00:00,-13.66370000000002,3.8248422674999993,-9.83885773250002
8,8900771154,dota2-ngx-bb4-2026-07-16-game1,2026-07-17T14:28:08.196000+00:00,14.469699999999989,0.5962203375000001,15.065920337499989
8,8900882416,dota2-ngx-bb4-2026-07-16-game2,2026-07-17T15:33:10.588000+00:00,1.3889000000000067,0.4153158225,1.8042158225000067
8,8902107148,dota2-bb4-vg-2026-07-18-game1,2026-07-18T11:22:02.020000+00:00,0.9170999999999907,0.3217750575,1.2388750574999907
8,8902173969,dota2-bb4-vg-2026-07-18-game2,2026-07-18T12:21:15.910000+00:00,-21.87479999999998,0.932652405,-20.94214759499998
8,8902338515,dota2-ty-pari-2026-07-18-game1,2026-07-18T14:06:38.308000+00:00,-7.393200000000007,1.47085731,-5.922342690000008
8,8902431810,dota2-ty-pari-2026-07-18-game2,2026-07-18T15:09:37.865000+00:00,41.85299999999998,5.93923587,47.79223586999998
8,8902610619,dota2-ty-pari-2026-07-18,2026-07-18T16:48:06.686000+00:00,3.5570000000000164,4.482489015,8.039489015000015
8,8903705555,dota2-vg-ty-2026-07-19-game1,2026-07-19T10:24:33.152000+00:00,25.686999999999955,0.853895355,26.540895354999954
8,8903789784,dota2-vg-ty-2026-07-19-game2,2026-07-19T11:31:19.185000+00:00,9.405500000000018,0.7280232225,10.133523222500017
8,8904012666,dota2-bb4-pari-2026-07-19-game1,2026-07-19T13:57:51.853000+00:00,69.18270000000007,1.4496969825,70.63239698250007
8,8904157676,dota2-bb4-pari-2026-07-19-game2,2026-07-19T15:17:11.337000+00:00,-15.239001749999986,5.0019561690937495,-10.237045580906237
8,8904322271,dota2-bb4-pari-2026-07-19-game3,2026-07-19T16:52:33.960000+00:00,20.288599999999953,3.46877946,23.757379459999953
8,8904419709,dota2-bb4-pari-2026-07-19-game4,2026-07-19T18:05:14.511000+00:00,2.1570000000000107,0.21127738499999998,2.3682773850000105
8,8905035315,dota2-stx-lynx-2026-07-20-game1,2026-07-20T07:25:19.610000+00:00,2.898600000000002,0.456312105,3.3549121050000017
8,8905093611,dota2-stx-lynx-2026-07-20-game2,2026-07-20T08:36:36.644000+00:00,103.79719999999998,2.244612225,106.04181222499997
8,8905164476,dota2-stx-lynx-2026-07-20,2026-07-20T10:04:24.370000+00:00,132.75744335999997,2.325176990388,135.08262035038797
8,8905233934,dota2-lynx-pckcp-2026-07-20-game1,2026-07-20T11:15:17.947000+00:00,93.53399594999998,1.6978389364207498,95.23183488642073
8,8905359313,dota2-lynx-pckcp-2026-07-20-game2,2026-07-20T12:49:30.119000+00:00,-13.150981860000037,1.109602769982,-12.041379090018037
8,8905490238,dota2-z10-nemiga-2026-07-20-game1,2026-07-20T14:13:02.081000+00:00,-19.505062940000016,0.5051371323914999,-18.999925807608516
8,8905612460,dota2-z10-nemiga-2026-07-20-game2,2026-07-20T15:25:40.567000+00:00,-52.419537240000004,1.701101086248,-50.718436153752
8,8905741721,dota2-spirit1-jenz-2026-07-20-game1,2026-07-20T16:55:30.580000+00:00,1.8101999999999983,0.11051271,1.9207127099999983
8,8905885788,dota2-spirit1-jenz-2026-07-20-game2,2026-07-20T18:35:45.253000+00:00,0.0,0.0,0.0
8,8905975768,dota2-lvlup1-ill-2026-07-20-game1,2026-07-20T19:45:16.612000+00:00,-12.102800000000059,3.47806116,-8.62473884000006
8,8906069414,dota2-lvlup1-ill-2026-07-20-game2,2026-07-20T20:59:36.536000+00:00,0.0,0.0,0.0
8,8906479441,dota2-nemiga-dan-2026-07-21-game1,2026-07-21T07:24:02.590000+00:00,24.57873323000001,1.0705762750027499,25.649309505002762
8,8906547471,dota2-nemiga-dan-2026-07-21-game2,2026-07-21T08:48:51.736000+00:00,7.536206169999993,0.48865843307025003,8.024864603070244
8,8906626852,dota2-pckcp-stx-2026-07-21-game1,2026-07-21T10:17:03.931000+00:00,-2.311274740000016,0.714925487229,-1.5963492527710161
8,8906706819,dota2-pckcp-stx-2026-07-21-game2,2026-07-21T11:28:10.072000+00:00,1.538499999999999,0.5214361124999999,2.059936112499999
8,8906814740,dota2-pckcp-stx-2026-07-21,2026-07-21T12:50:32.182000+00:00,-35.04469999999998,2.4334581825,-32.61124181749998
8,8906911697,dota2-lynx-spirit1-2026-07-21-game1,2026-07-21T14:01:22.509000+00:00,-6.051400000000008,0.812770695,-5.238629305000008
8,8907021823,dota2-lynx-spirit1-2026-07-21-game2,2026-07-21T14:54:33.550000+00:00,-9.720000000000002,0.495153,-9.224847000000002
8,8907114935,dota2-lynx-spirit1-2026-07-21,2026-07-21T15:55:17.448000+00:00,-20.054367439999965,2.097019578132,-17.957347861867966
8,8907236730,dota2-jenz-lynx-2026-07-21-game1,2026-07-21T17:22:36.365000+00:00,0.0,0.0,0.0
8,8907319204,dota2-jenz-lynx-2026-07-21-game2,2026-07-21T18:19:16.673000+00:00,-27.571155499999968,0.79226508324,-26.778890416759968
8,8907510684,dota2-z10-aion-2026-07-21-game2,2026-07-21T20:45:41.820000+00:00,0.0,0.0,0.0
8,8907942033,dota2-ill-dan-2026-07-22-game1,2026-07-22T07:18:07.776000+00:00,0.0,0.0,0.0
8,8907997366,dota2-ill-dan-2026-07-22-game2,2026-07-22T08:30:21.640000+00:00,17.282397319999987,0.522898490766,17.805295810765987
8,8908178087,dota2-nemiga-aion-2026-07-22-game2,2026-07-22T11:35:02.272000+00:00,-0.08000000000000007,0.017322000000000004,-0.06267800000000007
8,8908313996,dota2-stx-spirit1-2026-07-22-game1,2026-07-22T13:26:43.307000+00:00,-0.7704624800000026,0.117676450386,-0.6527860296140027
8,8908486051,dota2-stx-spirit1-2026-07-22-game2,2026-07-22T15:03:55.390000+00:00,6.402685930000004,0.5153833618702499,6.918069291870254
8,8908612824,dota2-stx-spirit1-2026-07-22,2026-07-22T16:27:56.948000+00:00,6.043193749999988,2.87927279953125,8.922466549531238
8,8908710300,dota2-z10-lvlup1-2026-07-22-game1,2026-07-22T17:40:32.974000+00:00,1.0994000000000028,2.50063428,3.6000342800000027
8,8908926344,dota2-z10-lvlup1-2026-07-22,2026-07-22T20:21:42.790000+00:00,-5.968300000000028,1.9627910174999998,-4.005508982500028
8,8909388284,dota2-dan-z10-2026-07-23-game1,2026-07-23T07:17:23.633000+00:00,0.0,0.0,0.0
8,8909443684,dota2-dan-z10-2026-07-23-game2,2026-07-23T08:24:14.078000+00:00,-14.167009400000012,1.5066420575700001,-12.660367342430012
8,8909498494,dota2-dan-z10-2026-07-23,2026-07-23T09:35:42.112000+00:00,-1.8779999999999966,0.13052601,-1.7474739899999965
8,8909658828,dota2-spirit1-pckcp-2026-07-23-game2,2026-07-23T11:56:35.158000+00:00,-7.876600800000006,1.08550420176,-6.7910965982400056
8,8909780227,dota2-spirit1-pckcp-2026-07-23,2026-07-23T13:29:29.880000+00:00,-6.899999999999999,0.7756275,-6.124372499999999
8,8910104556,dota2-jenz-kw1-2026-07-23-game2,2026-07-23T16:47:57.620000+00:00,17.4833,0.8403014625,18.3236014625
8,8910216725,dota2-jenz-kw1-2026-07-23,2026-07-23T18:09:02.529000+00:00,0.7500000000000071,0.18284625,0.9328462500000071
8,8910344715,dota2-lvlup1-aion-2026-07-23-game1,2026-07-23T19:45:58.831000+00:00,0.0,0.0,0.0
8,8910461593,dota2-lvlup1-aion-2026-07-23-game2,2026-07-23T21:18:59.726000+00:00,-4.4517999999999995,0.18788671499999998,-4.263913284999999
8,8910535715,dota2-lvlup1-aion-2026-07-23,2026-07-23T22:37:28.157000+00:00,83.22342330000001,1.091481912675,84.314905212675
8,8910589445,dota2-nemiga-ill-2026-07-23-game1,2026-07-23T23:33:41.369000+00:00,-2.926300000000005,2.3347424175,-0.591557582500005
8,8910670427,dota2-nemiga-ill-2026-07-23,2026-07-24T01:26:47.762000+00:00,-14.615599999999993,1.39458603,-13.221013969999994
8,8910982575,dota2-aion-dan-2026-07-24-game2,2026-07-24T08:39:31.809000+00:00,0.0,0.0,0.0
8,8911277378,dota2-kw1-stx-2026-07-24-game2,2026-07-24T13:08:23.857000+00:00,20.729832459999983,0.7296316553609999,21.459464115360984
8,8911784562,dota2-z10-ill-2026-07-24-game1,2026-07-24T18:00:21.302000+00:00,-9.134099999999933,1.6915804724999999,-7.4425195274999325
8,8911916389,dota2-z10-ill-2026-07-24-game2,2026-07-24T19:32:36.981000+00:00,-2.0,0.28952999999999995,-1.71047
8,8912045230,dota2-nemiga-lvlup1-2026-07-24-game1,2026-07-24T21:05:49.488000+00:00,-27.584900000000058,3.6393966375,-23.94550336250006
8,8912123729,dota2-nemiga-lvlup1-2026-07-24-game2,2026-07-24T22:15:39.296000+00:00,-20.232134079999984,0.9099716760239999,-19.322162403975984
8,8912551235,dota2-ill-aion-2026-07-25-game1,2026-07-25T07:19:52.253000+00:00,0.0,0.0,0.0
8,8912622476,dota2-ill-aion-2026-07-25-game2,2026-07-25T08:27:06.996000+00:00,0.0,0.0,0.0
8,8912758286,dota2-pckcp-jenz-2026-07-22-game1,2026-07-25T10:25:45.605000+00:00,-11.694200959999996,0.647079986832,-11.047120973167996
8,8912831712,dota2-pckcp-jenz-2026-07-22-game2,2026-07-25T11:23:26.682000+00:00,4.800000000000001,0.14057999999999998,4.940580000000001
8,8912974141,dota2-pckcp-jenz-2026-07-22,2026-07-25T13:02:19.241000+00:00,-14.36145626000004,2.3190872970839997,-12.04236896291604
8,8913307206,dota2-kw1-pckcp-2026-07-25-game1,2026-07-25T16:28:48.834000+00:00,0.0,0.0,0.0
8,8913598312,dota2-lynx-kw1-2026-07-25-game1,2026-07-25T19:28:05.257000+00:00,5.000000000000014,0.8020271999999999,5.802027200000014
8,8913726962,dota2-lynx-kw1-2026-07-25-game2,2026-07-25T20:57:15.562000+00:00,-17.026399999999974,1.69490046,-15.331499539999975
8,8913824141,dota2-lynx-kw1-2026-07-25,2026-07-25T22:21:39.642000+00:00,35.615799999999986,3.161696325,38.77749632499999
8,8914414410,dota2-nemiga-ill-2026-07-26-game1,2026-07-26T09:26:59.644000+00:00,-14.925000000000011,0.521852625,-14.403147375000012
8,8914520562,dota2-nemiga-ill-2026-07-26-game2,2026-07-26T10:41:21.923000+00:00,-15.203702319999934,1.8623204548439998,-13.341381865155935
8,8914637220,dota2-nemiga-ill-2026-07-26,2026-07-26T12:04:18.708000+00:00,11.10599999999998,0.44195813999999994,11.54795813999998
8,8914749408,dota2-rearis-pckcp-2026-07-26-game1,2026-07-26T13:19:34.036000+00:00,-8.224227799999994,0.44555693594999995,-7.778670864049994
8,8914885598,dota2-rearis-pckcp-2026-07-26-game2,2026-07-26T14:24:02.001000+00:00,50.89150000000001,0.3081393375,51.19963933750001
8,8915002841,dota2-kw1-rearis-2026-07-26-game1,2026-07-26T15:32:54.677000+00:00,-15.516079820000016,0.35783804123249996,-15.158241778767517
8,8915137972,dota2-kw1-rearis-2026-07-26-game2,2026-07-26T16:47:26.165000+00:00,0.0,0.0,0.0
8,8915271266,dota2-jenz-stx-2026-07-26-game1,2026-07-26T18:26:53.337000+00:00,107.22979999999995,1.723018755,108.95281875499995
8,8915390117,dota2-jenz-stx-2026-07-26-game2,2026-07-26T19:37:39.362000+00:00,1.8851000000000013,0.07422581249999999,1.9593258125000013
8,8915498965,dota2-jenz-stx-2026-07-26,2026-07-26T20:57:43.107000+00:00,14.745699999999971,2.0680481625,16.81374816249997
8,8916041863,dota2-lvlup1-pckcp-2026-07-27-game1,2026-07-27T09:21:33.291000+00:00,21.411199999999994,0.36957748499999993,21.780777484999994
8,8916102349,dota2-lvlup1-pckcp-2026-07-27-game2,2026-07-27T10:12:46.876000+00:00,-28.158399999999986,0.73076418,-27.427635819999985
8,8916245727,dota2-stx-nemiga-2026-07-27-game1,2026-07-27T12:25:46.061000+00:00,3.1015000000000086,1.1192335425,4.2207335425000085
8,8916384577,dota2-stx-nemiga-2026-07-27-game2,2026-07-27T13:48:29.618000+00:00,6.207400000000007,1.54575945,7.753159450000007
8,8916474664,dota2-stx-nemiga-2026-07-27,2026-07-27T14:44:54.132000+00:00,-10.890211959999988,1.512191014908,-9.378020945091988
8,8917611319,dota2-pr1-nemiga-2026-07-28-game2,2026-07-28T10:17:02.190000+00:00,-1.3879999999999981,0.4825035,-0.9054964999999982
8,8917675823,dota2-pr1-nemiga-2026-07-28,2026-07-28T11:19:25.327000+00:00,70.04738304000003,0.45012673684800003,70.49750977684803
8,8917738415,dota2-nh-pckcp-2026-07-28-game1,2026-07-28T12:16:10.015000+00:00,0.0,0.0,0.0
8,8917853656,dota2-nh-pckcp-2026-07-28-game2,2026-07-28T13:23:44.955000+00:00,10.205400000000004,1.56025197,11.765651970000004
8,8918052500,dota2-pckcp-kw1-2026-07-28-game1,2026-07-28T15:24:46.769000+00:00,-3.1523569599999917,0.146725734672,-3.0056312253279915
8,8918176547,dota2-pckcp-kw1-2026-07-28-game2,2026-07-28T16:37:04.197000+00:00,39.79580909999994,0.8149802829075,40.61078938290744
8,8919264561,dota2-rearis-z10-2026-07-29-game1,2026-07-29T12:23:03.580000+00:00,-9.677399999999992,0.58306335,-9.094336649999992
8,8919404744,dota2-rearis-z10-2026-07-29-game2,2026-07-29T13:48:28.368000+00:00,-13.921300000000002,1.4592693375,-12.462030662500002
8,8919546613,dota2-amaru-nemiga-2026-07-29-game1,2026-07-29T15:15:30.082000+00:00,-42.932000480000035,2.7111829326959995,-40.22081754730404
8,8919685210,dota2-amaru-nemiga-2026-07-29-game2,2026-07-29T16:34:50.427000+00:00,-117.61930061999998,2.7926539245704998,-114.82664669542947
8,8919803916,dota2-amaru-nemiga-2026-07-29,2026-07-29T18:02:17.532000+00:00,82.80536090999996,2.80635030588675,85.61171121588671
8,8920655724,dota2-pckcp-z10-2026-07-30-game2,2026-07-30T10:32:16.617000+00:00,0.0,0.0,0.0
8,8920897425,dota2-lvlup1-z10-2026-07-30-game2,2026-07-30T13:37:44.606000+00:00,1.8553000000000237,1.9166974875,3.7719974875000237
8,8921002620,dota2-lvlup1-z10-2026-07-30,2026-07-30T14:47:46.063000+00:00,22.985900000000015,1.5253558274999999,24.511255827500015
8,8921162227,dota2-amaru-pr1-2026-07-30-game1,2026-07-30T16:32:24.441000+00:00,15.516900000000007,0.6008919524999999,16.117791952500006
8,8921281044,dota2-amaru-pr1-2026-07-30-game2,2026-07-30T17:34:28.519000+00:00,0.0,0.0,0.0
8,8921949036,dota2-re-midas3-2026-07-31-game1,2026-07-31T06:23:42.906000+00:00,-6.533999999999992,0.548069625,-5.985930374999992
8,8922016200,dota2-re-midas3-2026-07-31-game2,2026-07-31T07:39:14.850000+00:00,29.58399999999999,0.51547875,30.09947874999999
8,8922074642,dota2-vg-amaru-2026-07-31-game1,2026-07-31T08:46:41.467000+00:00,13.08480000000003,0.3923118,13.47711180000003
8,8922137329,dota2-vg-amaru-2026-07-31-game2,2026-07-31T09:48:16.177000+00:00,0.6000000000000014,0.027989999999999998,0.6279900000000014
8,8922133239,dota2-tr7-playti-2026-07-31-game1,2026-07-31T09:57:34.446000+00:00,14.79409867999999,1.3705448118899999,16.16464349188999
8,8922186876,dota2-vg-amaru-2026-07-31,2026-07-31T10:40:33.810000+00:00,-0.36419999999998254,0.48971191499999994,0.1255119150000174
8,8922211678,dota2-tr7-playti-2026-07-31-game2,2026-07-31T11:00:53.806000+00:00,0.6000832799999936,0.403800432732,1.0038837127319935
8,8922300474,dota2-enjoy-glyph-2026-07-31-game1,2026-07-31T12:14:29.331000+00:00,7.930000000000007,0.7399830000000001,8.669983000000007
8,8922339160,dota2-l1ga-rnx-2026-07-31-game1,2026-07-31T12:44:09.822000+00:00,-0.5735916799999998,0.14654775505200002,-0.4270439249479998
8,8922400300,dota2-enjoy-glyph-2026-07-31-game2,2026-07-31T13:24:39.311000+00:00,0.20000000000000018,0.035985,0.23598500000000017
8,8922433138,dota2-l1ga-rnx-2026-07-31-game2,2026-07-31T13:42:06.325000+00:00,-14.963354350000035,1.49127553930125,-13.472078810698784
8,8922552315,dota2-l1ga-rnx-2026-07-31,2026-07-31T14:55:23.609000+00:00,1.7856999999999914,0.6582536625,2.4439536624999914
8,8922602122,dota2-yb1-z10-2026-07-31-game1,2026-07-31T15:28:08.646000+00:00,8.161200000000008,2.134632765,10.295832765000007
8,8922722577,dota2-yb1-z10-2026-07-31-game2,2026-07-31T16:35:25.057000+00:00,-11.203699999999998,1.0645235775000002,-10.139176422499997
8,8922818221,dota2-xtreme-lgd-2026-07-31-game1,2026-07-31T17:51:24.199000+00:00,-3.6767207999999982,0.9124860867600002,-2.764234713239998
8,8922940920,dota2-xtreme-lgd-2026-07-31-game2,2026-07-31T19:09:48.720000+00:00,-56.04550049999999,2.642678044875,-53.40282245512499
8,8923040358,dota2-xtreme-lgd-2026-07-31,2026-07-31T20:28:40.570000+00:00,-20.159999999999997,0.61992,-19.540079999999996
8,8923506996,dota2-midas3-tr7-2026-08-01-game1,2026-08-01T05:43:01.223000+00:00,0.0,0.0,0.0
8,8923579943,dota2-midas3-tr7-2026-08-01-game2,2026-08-01T07:02:32.143000+00:00,-55.16259999999994,1.317562635,-53.84503736499994
8,8923643650,dota2-midas3-tr7-2026-08-01,2026-08-01T08:08:01.087000+00:00,-59.34800000000001,0.71316804,-58.634831960000014
8,8923704450,dota2-yes-vg-2026-08-01-game1,2026-08-01T09:01:56.739000+00:00,-2.3758557399999916,0.9964335034544999,-1.3794222365454916
8,8923780137,dota2-re-playti-2026-08-01-game1,2026-08-01T10:09:39.721000+00:00,-8.771999999999977,0.65092626,-8.121073739999977
8,8923790600,dota2-yes-vg-2026-08-01-game2,2026-08-01T10:14:11.317000+00:00,0.0,0.0,0.0
8,8923874259,dota2-re-playti-2026-08-01-game2,2026-08-01T11:26:12.956000+00:00,20.990698079999994,0.338649048324,21.329347128323995
8,8923899787,dota2-enjoy-yb1-2026-08-01-game1,2026-08-01T11:45:49.553000+00:00,-21.158128879999992,0.424463584464,-20.733665295535992
8,8924057168,dota2-l1ga-lgd-2026-08-01-game1,2026-08-01T13:34:16.709000+00:00,0.0,0.0,0.0
8,8924222714,dota2-l1ga-lgd-2026-08-01-game2,2026-08-01T15:02:43.462000+00:00,0.0,0.0,0.0
8,8924328537,dota2-glyph-z10-2026-08-01-game1,2026-08-01T15:59:42.950000+00:00,-99.64789999999998,2.4462429525,-97.20165704749998
8,8924367779,dota2-l1ga-lgd-2026-08-01,2026-08-01T16:23:12.450000+00:00,-16.867199999999997,0.32077800000000006,-16.546421999999996
8,8924468754,dota2-glyph-z10-2026-08-01-game2,2026-08-01T17:25:49.795000+00:00,-11.152201120000022,2.392139300148,-8.760061819852023
8,8924530036,dota2-rnx-xtreme-2026-08-01-game1,2026-08-01T18:06:50.164000+00:00,3.0664181300000095,0.65651291073825,3.7229310407382594
8,8924616191,dota2-rnx-xtreme-2026-08-01-game2,2026-08-01T19:06:22.446000+00:00,45.579144110000016,1.00391910468225,46.58306321468226
8,8925210898,dota2-playti-xctn-2026-08-02-game1,2026-08-02T05:28:20.542000+00:00,-25.177999999999983,0.64764735,-24.530352649999983
8,8925308090,dota2-playti-xctn-2026-08-02-game2,2026-08-02T07:03:47.891000+00:00,0.0,0.0,0.0
8,8925543582,dota2-yes-tr7-2026-08-02-game1,2026-08-02T10:44:16.945000+00:00,-0.8198015599999913,1.029436314384,0.2096347543840087
8,8925703946,dota2-yes-tr7-2026-08-02-game2,2026-08-02T11:58:57.158000+00:00,19.84440000000015,4.07234802,23.91674802000015
8,8925847726,dota2-yes-tr7-2026-08-02,2026-08-02T13:17:43.701000+00:00,62.92890000000003,1.8004010625,64.72930106250003
8,8926022375,dota2-rnx-yb1-2026-08-02-game1,2026-08-02T15:09:53.856000+00:00,30.907600000000016,3.5075836199999997,34.415183620000015
8,8926232913,dota2-rnx-yb1-2026-08-02-game2,2026-08-02T16:42:19.665000+00:00,1.9779000000000053,1.8286952625,3.8065952625000055
8,8926381426,dota2-rnx-yb1-2026-08-02,2026-08-02T18:14:10.009000+00:00,8.155553399999995,0.69757881822,8.853132218219995
8,8926523280,dota2-z10-lgd-2026-08-02-game1,2026-08-02T19:59:32.068000+00:00,-8.490000000000009,0.4742092499999999,-8.01579075000001
8,8926636219,dota2-z10-lgd-2026-08-02-game2,2026-08-02T21:07:31.416000+00:00,-9.643,0.58409475,-9.05890525
8,8927063876,dota2-glyph-playti-2026-08-03-game2,2026-08-03T06:55:36.873000+00:00,48.44840000000005,1.52245737,49.97085737000005
8,8927132943,dota2-glyph-playti-2026-08-03,2026-08-03T08:27:35.152000+00:00,23.245867199999964,1.0264783626,24.272345562599963
8,8927207054,dota2-xtreme-tr7-2026-08-03-game1,2026-08-03T10:00:05.212000+00:00,7.230108189999996,0.8928114838882499,8.122919673888246
8,8927288399,dota2-xtreme-tr7-2026-08-03-game2,2026-08-03T11:00:48.642000+00:00,-0.6977999999999867,0.467769825,-0.23003017499998668
8,8927380776,dota2-xtreme-tr7-2026-08-03,2026-08-03T12:15:30.661000+00:00,-7.519102599999968,0.921688831065,-6.597413768934969
8,8927539264,dota2-vg-yb1-2026-08-03-game1,2026-08-03T14:05:56.825000+00:00,49.23515916000002,1.351829718666,50.58698887866602
8,8927660975,dota2-vg-yb1-2026-08-03-game2,2026-08-03T15:05:20.968000+00:00,33.23609999999999,1.5337695525,34.76986955249999
8,8927760296,dota2-vg-yb1-2026-08-03,2026-08-03T16:18:19.713000+00:00,8.655699999999996,1.9455749774999997,10.601274977499996
8,8927926397,dota2-re-lgd-2026-08-03-game1,2026-08-03T18:09:03.381000+00:00,4.477499999999992,0.4825625625,4.960062562499992
8,8928050264,dota2-re-lgd-2026-08-03-game2,2026-08-03T19:19:18.313000+00:00,0.0,0.0,0.0
8,8928163118,dota2-re-lgd-2026-08-03,2026-08-03T20:43:38.722000+00:00,-23.382699999999957,1.8225353025,-21.560164697499957
8,8928851109,dota2-playti-tr7-2026-08-04-game1,2026-08-04T11:30:07.829000+00:00,-4.733622090000006,0.9971066960617498,-3.736515393938256
8,8928953683,dota2-playti-tr7-2026-08-04-game2,2026-08-04T12:46:11.879000+00:00,29.67410000000002,2.7614428425,32.43554284250002
8,8929124210,dota2-yb1-re-2026-08-04-game1,2026-08-04T14:38:55.576000+00:00,6.380717820000015,1.141665500787,7.522383320787015
8,8929276426,dota2-yb1-re-2026-08-04-game2,2026-08-04T15:54:25.550000+00:00,-1.9088000000000136,0.8013452999999999,-1.1074547000000137
8,8929365099,dota2-yb1-re-2026-08-04,2026-08-04T16:51:08.308000+00:00,10.260574250000076,1.8453699341812502,12.105944184181325
8,8930200713,dota2-tr7-re-2026-08-05-game1,2026-08-05T08:20:38.811000+00:00,-6.343800000000002,0.6921604349999999,-5.651639565000002
8,8930258778,dota2-tr7-re-2026-08-05-game2,2026-08-05T09:25:42.941000+00:00,-29.753900000000044,4.509105142500001,-25.244794857500043
8,8930398938,dota2-playti-yb1-2026-08-05-game1,2026-08-05T12:24:04.133000+00:00,6.878900000000002,1.8558561674999998,8.734756167500002
8,8930615242,dota2-playti-yb1-2026-08-05-game2,2026-08-05T14:02:56.166000+00:00,80.55010000000001,0.7241241525,81.27422415250001
8,8930736914,dota2-playti-yb1-2026-08-05-game3,2026-08-05T15:09:49.519000+00:00,10.569999999999965,1.21085625,11.780856249999964
8,8931781241,dota2-lvlup1-rearis-2026-08-06-game1,2026-08-06T09:28:03.156000+00:00,0.0,0.0,0.0
8,8931852727,dota2-lvlup1-rearis-2026-08-06-game2,2026-08-06T10:30:33.624000+00:00,-44.9828,1.5272088899999998,-43.45559111
8,8931981851,dota2-rearis-nh-2026-08-06-game1,2026-08-06T12:26:15.226000+00:00,0.0,0.050624999999999996,0.050624999999999996
8,8932085762,dota2-rearis-nh-2026-08-06-game2,2026-08-06T13:20:21.204000+00:00,8.063999999999997,0.15431099999999998,8.218310999999996
8,8932181345,dota2-rearis-nh-2026-08-06,2026-08-06T14:22:22.478000+00:00,4.498000000000019,0.24876188999999996,4.746761890000019
8,8932318084,dota2-nh-lvlup1-2026-08-06-game1,2026-08-06T15:34:15.395000+00:00,-33.91619999999999,1.00449657,-32.91170342999999
8,8932413808,dota2-nh-lvlup1-2026-08-06-game2,2026-08-06T16:23:29.211000+00:00,-0.0799999999999983,0.1097718,0.029771800000001708
8,8932523868,dota2-nh-lvlup1-2026-08-06,2026-08-06T17:36:18.454000+00:00,5.9608000000000345,1.4839646999999998,7.444764700000034
8,8932657929,dota2-ill-pr1-2026-08-06-game1,2026-08-06T19:12:10.345000+00:00,6.005499999999984,0.6543971024999999,6.659897102499984
8,8932835800,dota2-ill-pr1-2026-08-06,2026-08-06T21:22:55.783000+00:00,-4.755499999999998,0.5536078875,-4.201892112499998
8,8933374169,dota2-nh-z10-2026-08-07-game1,2026-08-07T09:29:47.916000+00:00,0.0,0.0,0.0
8,8933453728,dota2-nh-z10-2026-08-07-game2,2026-08-07T10:40:19.376000+00:00,0.0,0.0,0.0
8,8933575351,dota2-ill-stx-2026-08-07-game1,2026-08-07T12:33:02.695000+00:00,-62.988200000000006,1.7231986799999999,-61.26500132
8,8933704579,dota2-ill-stx-2026-08-07-game2,2026-08-07T13:44:43.178000+00:00,-19.623500000000007,3.1061565975,-16.517343402500007
8,8933879286,dota2-pr1-jenz-2026-08-07-game1,2026-08-07T15:25:51.002000+00:00,-192.2453,3.1032208275000004,-189.1420791725
8,8933988979,dota2-pr1-jenz-2026-08-07-game2,2026-08-07T16:29:38.697000+00:00,2.7245444900000138,0.7433764122247499,3.4679209022247637
8,8934184387,dota2-jenz-nemiga-2026-08-07-game1,2026-08-07T18:35:03.983000+00:00,0.0,0.0,0.0
8,8934279386,dota2-jenz-nemiga-2026-08-07-game2,2026-08-07T19:33:30.612000+00:00,0.0,0.0,0.0
8,8936825643,dota2-pr1-yes-2026-08-09-game1,2026-08-09T09:22:32.992000+00:00,-16.532978639999953,1.018718430636,-15.514260209363954
8,8937080738,dota2-pr1-yes-2026-08-09,2026-08-09T12:20:23.208000+00:00,56.25732124999995,4.64017260515625,60.8974938551562
8,8937188618,dota2-lvlup1-mouz-2026-08-09-game1,2026-08-09T13:17:49.636000+00:00,-30.444221959999993,2.358001238154,-28.086220721845994
8,8937335830,dota2-lvlup1-mouz-2026-08-09-game2,2026-08-09T14:27:35.299000+00:00,1.5385000000000275,1.0314524324999998,2.5699524325000276
8,8937484593,dota2-ill-re-2026-08-09-game1,2026-08-09T15:55:00.679000+00:00,-7.090200000000001,0.41280426,-6.6773957400000015
8,8937631882,dota2-ill-re-2026-08-09-game2,2026-08-09T17:12:21.447000+00:00,104.94642400000001,0.7050420813,105.6514660813
8,8937722788,dota2-z10-navi-2026-08-09-game1,2026-08-09T18:17:16.930000+00:00,-2.0,0.08940000000000001,-1.9106
8,8938509987,dota2-pr1-mouz-2026-08-10-game1,2026-08-10T09:24:47.767000+00:00,-3.389800000000008,0.619062225,-2.770737775000008
8,8938565057,dota2-pr1-mouz-2026-08-10-game2,2026-08-10T10:12:07.159000+00:00,1.73610000000002,0.9280007025,2.66410070250002
8,8938634026,dota2-pr1-mouz-2026-08-10,2026-08-10T11:15:54.851000+00:00,13.490190920000092,3.131779690878,16.621970610878094
8,8938716198,dota2-ill-z10-2026-08-10-game1,2026-08-10T12:25:50.383000+00:00,-2.533600000000007,1.01693175,-1.516668250000007
8,8939023869,dota2-yes-lvlup1-2026-08-10-game1,2026-08-10T15:24:37.289000+00:00,7.999800000000022,0.34139146499999995,8.341191465000021
8,8940059913,dota2-lvlup1-navi-2026-08-11-game1,2026-08-11T09:16:02.605000+00:00,5.747,0.16094473499999998,5.907944735
8,8940117837,dota2-lvlup1-navi-2026-08-11-game2,2026-08-11T10:12:11.551000+00:00,-14.067600629999973,3.8823121170232495,-10.185288512976722
8,8940266495,dota2-mouz-re-2026-08-11-game1,2026-08-11T12:16:13.042000+00:00,10.499174999999966,2.1940267368749997,12.693201736874965
8,8940365227,dota2-mouz-re-2026-08-11-game2,2026-08-11T13:12:04.281000+00:00,-42.26134031999998,1.7106451955834998,-40.55069512441648
8,8940487898,dota2-mouz-re-2026-08-11,2026-08-11T14:25:06.999000+00:00,-15.535983720000019,2.0993828780189996,-13.436600841981019
8,8940643574,dota2-yes-z10-2026-08-11-game1,2026-08-11T15:45:57.067000+00:00,10.323177459999982,1.1481480426915,11.471325502691482
8,8940756672,dota2-yes-z10-2026-08-11-game2,2026-08-11T16:48:25.758000+00:00,-14.262976440000045,1.7644343302230001,-12.498542109777045
8,8941656460,dota2-lvlup1-re-2026-08-12-game1,2026-08-12T09:19:34.658000+00:00,3.8903999999999996,1.5118171349999998,5.402217134999999
8,8941733752,dota2-lvlup1-re-2026-08-12-game2,2026-08-12T10:35:42.245000+00:00,14.691599999999994,1.919416155,16.611016154999994
8,8941817475,dota2-lvlup1-re-2026-08-12,2026-08-12T11:50:26.039000+00:00,6.779600000000002,0.925147125,7.704747125000002
8,8942003788,dota2-navi-lvlup1-2026-08-12-game1,2026-08-12T13:42:36.457000+00:00,2.5973999999999933,0.33409057499999995,2.931490574999993
8,8942152024,dota2-navi-lvlup1-2026-08-12-game2,2026-08-12T14:50:30.897000+00:00,0.6999999999999957,0.15156750000000002,0.8515674999999958
8,8942262723,dota2-navi-lvlup1-2026-08-12-game3,2026-08-12T15:53:47.795000+00:00,15.75078306000001,0.437653173051,16.18843623305101
8,8962372120,dota2-ic-nemiga-2026-08-24-game1,2026-08-24T07:17:08.649000+00:00,0.0,0.0,0.0
8,8962458373,dota2-ic-nemiga-2026-08-24-game2,2026-08-24T08:26:45.454000+00:00,-1.1627017800000061,0.7278804013589999,-0.43482137864100623
8,8962592819,dota2-ks-lynx-2026-08-24-game1,2026-08-24T10:19:27.562000+00:00,0.0,0.0,0.0
8,8962736746,dota2-ks-lynx-2026-08-24-game2,2026-08-24T11:33:18.452000+00:00,42.467692259999865,1.6819477136654999,44.149639973665366
8,8962964580,dota2-sb5-stx-2026-08-24-game1,2026-08-24T13:25:23.881000+00:00,-4.278761939999995,0.143293215609,-4.1354687243909956
8,8963508714,dota2-rearis-lynx-2026-08-24-game2,2026-08-24T17:37:20.349000+00:00,32.741834410000024,2.16653439902775,34.90836880902778
8,8963649188,dota2-dynast1-fts-2026-08-24-game1,2026-08-24T19:15:00.848000+00:00,0.44870000000000054,0.0103986225,0.45909862250000055
8,8963790789,dota2-dynast1-fts-2026-08-24-game2,2026-08-24T20:20:45.642000+00:00,-0.29999999999999893,0.0614325,-0.23856749999999893
8,8964399842,dota2-pckcp-nemiga-2026-08-25-game1,2026-08-25T07:22:10.248000+00:00,-15.47540084000002,0.862525616472,-14.61287522352802
8,8964480771,dota2-pckcp-nemiga-2026-08-25-game2,2026-08-25T08:31:41.723000+00:00,-14.869756000000052,2.9128807575599995,-11.956875242440052
8,8964574076,dota2-pckcp-nemiga-2026-08-25,2026-08-25T09:52:05.670000+00:00,-9.351799999999997,0.9608080499999999,-8.390991949999997
8,8964657335,dota2-fts-pckcp-2026-08-25-game1,2026-08-25T10:52:11.864000+00:00,0.0,0.0,0.0
8,8964837315,dota2-fts-pckcp-2026-08-25-game2,2026-08-25T12:34:06.314000+00:00,-2.175802299999866,1.9340644566449998,-0.24173784335486603
8,8964962329,dota2-ic-fts-2026-08-25-game1,2026-08-25T13:50:36.471000+00:00,47.00232767000013,0.85316931529875,47.85549698529888
8,8965097316,dota2-ic-fts-2026-08-25-game2,2026-08-25T14:41:01.046000+00:00,-3.7500000000000284,0.6610309049999998,-3.088969095000029
8,8964938940,dota2-rearis-spirit1-2026-08-25-game1,2026-08-25T16:23:39.394000+00:00,3.2432562200000064,0.632533520685,3.8757897406850064
8,8965544741,dota2-rearis-spirit1-2026-08-25,2026-08-25T18:44:21.316000+00:00,-39.46657320000003,1.9742344164299999,-37.49233878357003
8,8969842778,dota2-pckcp-ic-2026-08-28-game2,2026-08-28T08:21:21.985000+00:00,12.238314380000048,1.9189596542610001,14.157274034261048
8,8969978865,dota2-rearis-sb5-2026-08-28-game1,2026-08-28T10:27:01.322000+00:00,-1.9322999999999784,0.5439347325,-1.3883652674999785
8,8970089224,dota2-rearis-sb5-2026-08-28-game2,2026-08-28T11:41:09.553000+00:00,2.5,0.288375,2.788375
8,8970207176,dota2-rearis-sb5-2026-08-28,2026-08-28T12:56:49.576000+00:00,11.062624089999993,0.9306230026552499,11.993247092655242
8,8970338180,dota2-synaps-nemiga-2026-08-28-game1,2026-08-28T14:09:13.367000+00:00,-2.245299999999986,1.9802926424999998,-0.2650073574999863
8,8970352005,dota2-dynast1-ic-2026-08-28-game1,2026-08-28T14:10:35.964000+00:00,0.3828577000000024,0.086137839255,0.4689955392550024
8,8970470057,dota2-synaps-nemiga-2026-08-28-game2,2026-08-28T15:09:53.245000+00:00,24.795074300000003,0.641517502635,25.436591802635004
8,8970485789,dota2-dynast1-ic-2026-08-28-game2,2026-08-28T15:14:26.848000+00:00,-33.43281891000004,1.9366970550037501,-31.496121854996286
8,8970575970,dota2-synaps-nemiga-2026-08-28,2026-08-28T16:02:11.965000+00:00,25.5805,1.2468137325,26.827313732500002
8,8970655100,dota2-dynast1-ic-2026-08-28,2026-08-28T16:43:34.585000+00:00,1.8008794399999992,0.209610202362,2.0104896423619993
8,8970886632,dota2-dynast1-pckcp-2026-08-28-game2,2026-08-28T18:51:22.084000+00:00,61.07953971999996,1.3989255608145,62.478465280814454
8,8971007454,dota2-ks-rearis-2026-08-28-game1,2026-08-28T20:11:41.712000+00:00,-63.13141705000001,2.66567003153625,-60.46574701846376
8,8971016820,dota2-fts-nemiga-2026-08-28-game1,2026-08-28T20:17:43.711000+00:00,0.0,0.0,0.0
8,8971111987,dota2-ks-rearis-2026-08-28-game2,2026-08-28T21:24:47.695000+00:00,12.120000000000015,0.37530899999999995,12.495309000000015
8,8971423978,dota2-db2-satan-2026-08-28-game2,2026-08-29T03:20:55.120000+00:00,0.0,0.0,0.0
8,8971501630,dota2-nexus-cres-2026-08-28,2026-08-29T04:51:09.441000+00:00,-16.27510048000002,1.3841155551959998,-14.89098492480402
8,8971519375,dota2-nem-6seven-2026-08-29-game1,2026-08-29T05:14:15.579000+00:00,77.69140426000007,1.6246567623015,79.31606102230157
8,8971586781,dota2-nem-6seven-2026-08-29-game2,2026-08-29T06:13:46.689000+00:00,-18.552599999999984,0.781124085,-17.771475914999986
8,8971664649,dota2-nem-6seven-2026-08-29,2026-08-29T07:24:10.704000+00:00,4.051986059999997,0.5570434961955,4.609029556195497
8,8971753986,dota2-icecre-kineti-2026-08-29-game1,2026-08-29T08:38:12.829000+00:00,0.0,0.0,0.0
8,8971849697,dota2-icecre-kineti-2026-08-29-game2,2026-08-29T09:43:14.699000+00:00,0.0,0.0,0.0
8,8971891627,dota2-dynast1-nemiga-2026-08-29-game1,2026-08-29T10:17:49.464000+00:00,7.543732800000008,0.47504611728,8.018778917280008
8,8971964803,dota2-mouz-yes-2026-08-29-game1,2026-08-29T11:13:49.271000+00:00,1.036199069999924,1.97460266741925,3.010801737419174
8,8971988345,dota2-sb5-lynx-2026-08-29-game1,2026-08-29T11:21:30.742000+00:00,-3.1136850799999953,0.265051039836,-2.8486340401639954
8,8972103119,dota2-sb5-lynx-2026-08-29-game2,2026-08-29T12:31:54.536000+00:00,-13.416529800000006,0.5615638427549999,-12.854965957245007
8,8972115962,dota2-mouz-yes-2026-08-29-game2,2026-08-29T12:36:59.931000+00:00,-37.90207884999999,4.13205533522625,-33.77002351477374
8,8972289868,dota2-huliga-lynx-2026-08-29-game1,2026-08-29T14:15:10.550000+00:00,-27.193577340000047,2.231975963571,-24.961601376429048
8,8972502454,dota2-huliga-lynx-2026-08-29-game2,2026-08-29T15:52:19.963000+00:00,21.159897080000036,1.036517206806,22.196414286806036
8,8972611918,dota2-huliga-lynx-2026-08-29,2026-08-29T16:49:36.587000+00:00,13.744400000000041,2.854653405,16.599053405000042
8,8972773416,dota2-pi-lvlup1-2026-08-29-game1,2026-08-29T18:17:23.637000+00:00,-63.065286620000045,2.3014047449504997,-60.76388187504954
8,8972893200,dota2-pi-lvlup1-2026-08-29-game2,2026-08-29T19:20:53.860000+00:00,-10.059999999999995,0.52853232,-9.531467679999995
8,8973011673,dota2-pi-lvlup1-2026-08-29,2026-08-29T20:33:12.059000+00:00,11.60220000000001,0.72903027,12.33123027000001
8,8973010298,dota2-ks-spirit1-2026-08-29-game1,2026-08-29T20:38:42.759000+00:00,0.0,0.0,0.0
8,8973337131,dota2-icecre-xctn-2026-08-30-game1,2026-08-30T02:14:49.254000+00:00,0.0,0.0,0.0
8,8973405568,dota2-icecre-xctn-2026-08-30-game2,2026-08-30T03:19:55.483000+00:00,-2.570004749999999,0.05618023966875001,-2.513824510331249
8,8973462028,dota2-icecre-xctn-2026-08-30,2026-08-30T04:30:11.988000+00:00,-1.5449973600000249,1.807002814746,0.26200545474597514
8,8973502629,dota2-clo-yb1-2026-08-30-game1,2026-08-30T05:13:07.837000+00:00,5.579399999999991,0.6889056299999999,6.268305629999991
8,8973568453,dota2-clo-yb1-2026-08-30-game2,2026-08-30T06:12:50.377000+00:00,0.0,0.0,0.0
8,8973613420,dota2-clo-yb1-2026-08-30,2026-08-30T07:04:46.677000+00:00,8.636300000000006,0.2790103875,8.915310387500005
8,8973707438,dota2-lynx-lvlup1-2026-08-30-game1,2026-08-30T08:16:36.050000+00:00,-7.65130000000002,1.3544704424999998,-6.29682955750002
8,8973859403,dota2-lynx-lvlup1-2026-08-30-game2,2026-08-30T09:56:31.353000+00:00,9.588832549999964,2.01071624438625,11.599548794386214
8,8973884000,dota2-nem-xctn-2026-08-30-game2,2026-08-30T10:12:32.710000+00:00,1.8945838600000044,1.368607699218,3.2631915592180043
8,8973944033,dota2-lynx-lvlup1-2026-08-30,2026-08-30T10:50:43.696000+00:00,-18.344300000000047,3.3895823024999996,-14.954717697500048
8,8974185539,dota2-navi-mouz-2026-08-30-game2,2026-08-30T13:08:29.090000+00:00,-3.2693157999999745,1.28624676666,-1.9830690333399745
8,8974647733,dota2-lvlup1-pr1-2026-08-30-game1,2026-08-30T17:09:16.077000+00:00,-10.600900700000004,2.0574285192975,-8.543472180702505
8,8974898633,dota2-lvlup1-pr1-2026-08-30,2026-08-30T19:25:58.777000+00:00,-12.131631669999976,2.9318802485707494,-9.199751421429227
8,8975110449,dota2-dynast1-ks-2026-08-30-game2,2026-08-30T21:54:27.706000+00:00,14.517200000000003,0.8625379949999998,15.379737995000003
8,8975871235,dota2-synaps-lynx-2026-08-31-game1,2026-08-31T12:26:44.788000+00:00,-26.938904940000015,3.0456738124035,-23.893231127596515
8,8976012755,dota2-synaps-lynx-2026-08-31-game2,2026-08-31T13:41:35.303000+00:00,0.0,0.21503232,0.21503232
8,8976166971,dota2-synaps-lynx-2026-08-31,2026-08-31T15:09:07.826000+00:00,8.280099999999933,2.6695674374999996,10.949667437499933
8,8976300473,dota2-4iki-ic-2026-08-31-game1,2026-08-31T16:25:39.940000+00:00,-1.5780000000000314,0.80538165,-0.7726183500000314
8,8976441468,dota2-4iki-ic-2026-08-31-game2,2026-08-31T17:43:06.122000+00:00,42.39770000000001,0.4096737525,42.807373752500006
8,8976511215,dota2-4iki-ic-2026-08-31,2026-08-31T18:29:54.020000+00:00,136.15172091999995,1.6684112920319998,137.82013221203195
8,8976665322,dota2-spirit1-pi-2026-08-31-game1,2026-08-31T20:26:57.494000+00:00,23.50320000000002,1.103874045,24.607074045000022
8,8976751962,dota2-spirit1-pi-2026-08-31-game2,2026-08-31T21:40:17.685000+00:00,0.0,0.0,0.0
8,8977325814,dota2-ks-pckcp-2026-09-01-game2,2026-09-01T10:26:27.059000+00:00,15.07419999999999,0.6898818299999999,15.76408182999999
8,8977476867,dota2-ic-lynx-2026-09-01-game1,2026-09-01T12:26:04.131000+00:00,-2.396179040000007,0.8989062445439999,-1.497272795456007
8,8977623650,dota2-ic-lynx-2026-09-01-game2,2026-09-01T13:53:28.128000+00:00,2.540499999999952,2.4980605575,5.038560557499952
8,8977913355,dota2-synaps-lvlup1-2026-09-01-game2,2026-09-01T16:37:59.217000+00:00,2.564200000000014,0.31885826999999994,2.8830582700000136
8,8978023576,dota2-synaps-lvlup1-2026-09-01,2026-09-01T17:45:54.185000+00:00,-11.19439999999998,0.7976681699999999,-10.39673182999998
8,8978832148,dota2-pr1-ic-2026-09-02-game1,2026-09-02T09:52:32.767000+00:00,40.421050949999966,1.3422047521612501,41.76325570216122
8,8978916284,dota2-pr1-ic-2026-09-02-game2,2026-09-02T11:19:11.539000+00:00,0.0,0.0,0.0
8,8978986214,dota2-pr1-ic-2026-09-02,2026-09-02T12:20:55.440000+00:00,-4.109700000000004,0.4182647175,-3.6914352825000036
8,8979131280,dota2-dynast1-pckcp-2026-09-02-game1,2026-09-02T13:56:13.878000+00:00,0.0,0.0,0.0
8,8979241530,dota2-dynast1-pckcp-2026-09-02-game2,2026-09-02T14:56:18.245000+00:00,19.30779999999996,0.48539026499999993,19.79319026499996
8,8979344496,dota2-synaps-4iki-2026-09-02-game1,2026-09-02T15:59:27.587000+00:00,-17.868890680000078,2.523676220856,-15.345214459144078
8,8980293569,dota2-z10-ks-2026-09-03-game1,2026-09-03T09:18:42.909000+00:00,1.5691432999999968,0.4438232784225,2.012966578422497
8,8980358113,dota2-z10-ks-2026-09-03-game2,2026-09-03T10:27:20.250000+00:00,-0.025400000000018963,0.97669191,0.951291909999981
8,8980463789,dota2-pckcp-spirit1-2026-09-03-game1,2026-09-03T12:14:02.762000+00:00,5.839333049999986,0.35334496823625006,6.192678018236236
8,8980769413,dota2-pi-dynast1-2026-09-03-game1,2026-09-03T15:17:23.998000+00:00,68.31217164000002,1.0356238572869998,69.34779549728702
9,8837869969,dota2-aur1-ty-2026-06-04-game1,2026-06-04T09:17:47.612000+00:00,34.18379999999999,1.7276787,35.91147869999999
9,8837957019,dota2-aur1-ty-2026-06-04-game2,2026-06-04T11:05:49.570000+00:00,12.573800000000006,3.470883375,16.044683375000005
9,8838056564,dota2-flc-liquid-2026-06-04-game1,2026-06-04T12:43:48.535000+00:00,-4.119200000000001,1.5283529249999999,-2.590847075000001
9,8838170936,dota2-flc-liquid-2026-06-04-game2,2026-06-04T14:05:12.636000+00:00,-2.433900880000053,4.060064419595999,1.6261635395959466
9,8838396820,dota2-lgd-ty-2026-06-04-game2,2026-06-04T16:48:28.531000+00:00,-7.997999999999976,2.066401635,-5.931598364999976
9,8838480778,dota2-lgd-ty-2026-06-04,2026-06-04T17:57:47.377000+00:00,-29.84400098000004,2.9678135504055,-26.87618742959454
9,8839123109,dota2-flc-bb4-2026-06-05-game1,2026-06-05T09:16:39.267000+00:00,-42.756900000000016,0.7719533775,-41.98494662250002
9,8839193447,dota2-flc-bb4-2026-06-05-game2,2026-06-05T10:38:10.594000+00:00,-11.090700000000012,0.6719481374999999,-10.418751862500013
9,8839366504,dota2-lgd-liquid-2026-06-05-game2,2026-06-05T13:21:18.066000+00:00,-60.375399999999985,1.9019782049999998,-58.473421794999986
9,8839494962,dota2-flc-aur1-2026-06-05-game1,2026-06-05T14:52:18.684000+00:00,21.98697472000009,2.436404031912,24.423378751912093
9,8839625815,dota2-flc-aur1-2026-06-05-game2,2026-06-05T16:13:53.150000+00:00,2.0896000000000186,0.66519051,2.7547905100000185
9,8839717574,dota2-flc-aur1-2026-06-05,2026-06-05T17:21:15.591000+00:00,2.4214111800000353,1.5382257676245,3.959636947624535
9,8840635639,dota2-ty-bb4-2026-06-06-game1,2026-06-06T10:47:49.658000+00:00,1.7673999999999932,0.335148825,2.1025488249999933
9,8840704374,dota2-ty-bb4-2026-06-06-game2,2026-06-06T11:51:44.485000+00:00,-21.37380000000004,2.7075191849999998,-18.66628081500004
9,8840821227,dota2-ty-bb4-2026-06-06,2026-06-06T13:12:37.368000+00:00,35.35579920999999,2.88165430304475,38.237453513044734
9,8840984097,dota2-aur1-lgd-2026-06-06-game1,2026-06-06T15:05:33.978000+00:00,1.6099643600000633,1.7648542947270003,3.3748186547270635
9,8841114801,dota2-aur1-lgd-2026-06-06-game2,2026-06-06T16:30:29.855000+00:00,26.475199999999987,1.2213877649999998,27.696587764999986
9,8842052142,dota2-bb4-lgd-2026-06-07-game1,2026-06-07T09:18:04.694000+00:00,67.79930000000007,3.9503475225,71.74964752250007
9,8842134886,dota2-bb4-lgd-2026-06-07-game2,2026-06-07T10:28:41.168000+00:00,5.684860229999963,3.0118003325167497,8.696660562516712
9,8842245726,dota2-bb4-lgd-2026-06-07,2026-06-07T11:59:53.564000+00:00,16.979400000000037,0.92301066,17.902410660000037
9,8842468101,dota2-ty-lgd-2026-06-07-game1,2026-06-07T14:21:40.854000+00:00,-8.689300000000003,0.5359971375,-8.153302862500002
9,8842596730,dota2-ty-lgd-2026-06-07-game2,2026-06-07T15:49:20.066000+00:00,0.0,0.0,0.0
9,8842722527,dota2-ty-lgd-2026-06-07-game3,2026-06-07T17:12:22.566000+00:00,19.512699149999946,1.48784738052375,21.000546530523696
9,8842845018,dota2-ty-lgd-2026-06-07-game4,2026-06-07T18:51:58.999000+00:00,1.5691000000000006,0.010238377500000001,1.5793383775000005
9,8843465364,dota2-4iki-nande4-2026-06-08-game1,2026-06-08T09:15:08.776000+00:00,-66.32299999999998,2.36498397,-63.95801602999998
9,8843512570,dota2-4iki-nande4-2026-06-08-game2,2026-06-08T10:09:45.609000+00:00,-41.84240072999998,0.44685163275525,-41.39554909724473
9,8843560379,dota2-4iki-nande4-2026-06-08,2026-06-08T11:10:54.138000+00:00,0.3200000000000003,0.028752,0.3487520000000003
9,8843760302,dota2-vpp-balu-2026-06-08-game2,2026-06-08T13:42:26.324000+00:00,16.455400000000026,0.22736932499999996,16.682769325000027
9,8844054970,dota2-z10-sb5-2026-06-08-game2,2026-06-08T17:08:41.204000+00:00,11.11120000000001,0.37666967999999995,11.48786968000001
9,8844132483,dota2-vpp-z10-2026-06-08-game1,2026-06-08T18:23:01.210000+00:00,0.0,0.0,0.0
9,8844244719,dota2-vpp-z10-2026-06-08-game2,2026-06-08T19:45:42.908000+00:00,37.88501357000003,0.7485834553957501,38.63359702539578
9,8844308689,dota2-vpp-z10-2026-06-08,2026-06-08T20:50:38.757000+00:00,78.11840000000002,1.622317845,79.74071784500002
9,8850534819,dota2-ill-pr1-2026-06-13-game2,2026-06-13T17:10:42.502000+00:00,-3.75,0.31603124999999993,-3.43396875
9,8850593633,dota2-ill-pr1-2026-06-13,2026-06-13T18:00:57.551000+00:00,0.0,0.0,0.0
9,8851984783,dota2-4iki-pr1-2026-06-14-game2,2026-06-14T16:46:25.798000+00:00,-3.953900000000022,1.1882628675000002,-2.765637132500022
9,8852055373,dota2-4iki-pr1-2026-06-14,2026-06-14T17:46:02.690000+00:00,0.050000000000000266,0.018431250000000003,0.06843125000000028
9,8854443395,dota2-fla-spirit1-2026-06-16-game1,2026-06-16T16:31:44.570000+00:00,-1.8000000000000007,0.073485,-1.7265150000000007
9,8885183102,dota2-flc-bb4-2026-07-07-game1,2026-07-07T09:47:24.433000+00:00,-2.859264809999985,1.17370577399925,-1.6855590360007349
9,8885195986,dota2-re-xtreme-2026-07-07-game1,2026-07-07T09:55:03.037000+00:00,3.8961000000000183,0.3283438274999999,4.224443827500018
9,8885252329,dota2-flc-bb4-2026-07-07-game2,2026-07-07T11:01:59.599000+00:00,2.2040999999999826,1.2420623775,3.4461623774999826
9,8885275216,dota2-re-xtreme-2026-07-07-game2,2026-07-07T11:16:11.813000+00:00,-4.614000000000004,0.448048125,-4.165951875000005
9,8885365825,dota2-l1ga-ngx-2026-07-07-game1,2026-07-07T12:34:49.112000+00:00,0.0,0.0,0.0
9,8885380529,dota2-liquid-playti-2026-07-07-game1,2026-07-07T12:43:07.045000+00:00,0.2845000000000084,1.2414817725,1.5259817725000084
9,8885411801,dota2-lvlup1-aur1-2026-07-07-game1,2026-07-07T13:06:28.530000+00:00,0.0,0.0,0.0
9,8885470551,dota2-l1ga-ngx-2026-07-07-game2,2026-07-07T13:39:34.570000+00:00,10.401715000000001,0.7233973968749999,11.125112396875002
9,8885473599,dota2-liquid-playti-2026-07-07-game2,2026-07-07T13:52:27.923000+00:00,6.424444680000022,3.1340071198439996,9.558451799844022
9,8885529711,dota2-lvlup1-aur1-2026-07-07-game2,2026-07-07T14:23:52.590000+00:00,15.270199999999988,0.15432688500000008,15.424526884999988
9,8885633666,dota2-ts8-mouz-2026-07-07-game1,2026-07-07T15:33:28.678000+00:00,44.09760000000004,4.411034745,48.508634745000045
9,8885665054,dota2-nem-pari-2026-07-07-game1,2026-07-07T15:41:38.548000+00:00,32.90699100000002,0.5382720614250001,33.44526306142502
9,8885784652,dota2-ts8-mouz-2026-07-07-game2,2026-07-07T17:16:32.961000+00:00,-24.61525147999997,1.812647895741,-22.802603584258968
9,8885871759,dota2-ic-1win-2026-07-07-game1,2026-07-07T18:31:07.999000+00:00,0.8500000000000014,0.053966999999999994,0.9039670000000014
9,8885928262,dota2-ty-og-2026-07-07-game1,2026-07-07T19:03:44.444000+00:00,20.179199999999994,0.23923885499999994,20.418438854999994
9,8885974297,dota2-ic-1win-2026-07-07-game2,2026-07-07T19:32:14.446000+00:00,0.0,0.0,0.0
9,8886005043,dota2-ty-og-2026-07-07-game2,2026-07-07T20:03:05.981000+00:00,0.0,0.0,0.0
9,8886576019,dota2-poorra-bb4-2026-07-08-game1,2026-07-08T09:20:01.472000+00:00,0.0,0.0,0.0
9,8886572854,dota2-gl-xtreme-2026-07-08-game1,2026-07-08T09:27:27.007000+00:00,-18.4144,3.40692588,-15.007474120000001
9,8886638110,dota2-poorra-bb4-2026-07-08-game2,2026-07-08T10:36:00.005000+00:00,3.2986999999999966,0.4003325175,3.6990325174999965
9,8886640910,dota2-flc-re-2026-07-08-game2,2026-07-08T10:39:41.623000+00:00,28.833099999999973,0.7953357374999999,29.628435737499974
9,8886641793,dota2-gl-xtreme-2026-07-08-game2,2026-07-08T10:45:04.782000+00:00,-14.206199999999967,2.9441676,-11.262032399999967
9,8886728756,dota2-l1ga-playti-2026-07-08-game1,2026-07-08T12:02:19.795000+00:00,-26.531000000000034,2.431958505,-24.099041495000034
9,8886736772,dota2-liquid-lvlup1-2026-07-08-game1,2026-07-08T12:08:59.488000+00:00,3.4883999999999986,0.19037943000000002,3.6787794299999987
9,8886788497,dota2-ngx-aur1-2026-07-08-game1,2026-07-08T12:47:30.744000+00:00,3.8289051400000105,0.2973746762745,4.1262798162745105
9,8886815251,dota2-l1ga-playti-2026-07-08-game2,2026-07-08T13:04:20.712000+00:00,4.166700000000006,0.4053157424999999,4.572015742500006
9,8886862310,dota2-liquid-lvlup1-2026-07-08-game2,2026-07-08T13:37:25.898000+00:00,4.166800000000009,0.030000960000000028,4.196800960000009
9,8886994890,dota2-ts8-nem-2026-07-08-game1,2026-07-08T14:59:11.781000+00:00,0.0,0.0,0.0
9,8887100676,dota2-vg-pari-2026-07-08-game1,2026-07-08T16:18:23.954000+00:00,0.0,0.0,0.0
9,8887114313,dota2-ts8-nem-2026-07-08-game2,2026-07-08T16:15:19.583000+00:00,-0.7380000000000031,0.062194949999999985,-0.6758050500000031
9,8887197358,dota2-vg-pari-2026-07-08-game2,2026-07-08T17:23:00.102000+00:00,0.0,0.0,0.0
9,8887218598,dota2-lgd-og-2026-07-08-game1,2026-07-08T17:27:41.870000+00:00,1.0600000000000023,0.08645249999999999,1.1464525000000023
9,8887260104,dota2-ty-ic-2026-07-08-game1,2026-07-08T17:58:24.214000+00:00,0.0,0.0,0.0
9,8887314193,dota2-lgd-og-2026-07-08-game2,2026-07-08T18:40:30.736000+00:00,-52.770413719999965,2.020222940124,-50.750190779875965
9,8887325211,dota2-vp-1win-2026-07-08-game1,2026-07-08T18:51:24.334000+00:00,-28.904500000000013,3.1809345374999998,-25.723565462500012
9,8887337672,dota2-ty-ic-2026-07-08-game2,2026-07-08T19:01:29.872000+00:00,1.1905000000000001,0.2338439625,1.4243439625
9,8887432754,dota2-vp-1win-2026-07-08-game2,2026-07-08T20:20:02.742000+00:00,32.533208040000005,0.21150326495099997,32.744711304951004
9,8887986392,dota2-poorra-xtreme-2026-07-09-game1,2026-07-09T09:21:30.237000+00:00,-28.625,4.323596579999999,-24.30140342
9,8887998750,dota2-bb4-re-2026-07-09-game1,2026-07-09T09:29:32.198000+00:00,-6.794000000000011,0.8177492399999999,-5.976250760000012
9,8888056358,dota2-poorra-xtreme-2026-07-09-game2,2026-07-09T10:34:44.979000+00:00,-1.653800000000004,1.63786683,-0.015933170000003827
9,8888066684,dota2-bb4-re-2026-07-09-game2,2026-07-09T10:43:25.275000+00:00,-14.942397759999986,0.813676908408,-14.128720851591986
9,8888083694,dota2-gl-flc-2026-07-09-game2,2026-07-09T11:11:32.224000+00:00,15.419299999999907,0.9208218825000001,16.340121882499908
9,8888160657,dota2-l1ga-aur1-2026-07-09-game1,2026-07-09T12:09:38.901000+00:00,4.5284200000000325,0.663361599,5.191781599000032
9,8888173515,dota2-playti-lvlup1-2026-07-09-game1,2026-07-09T12:20:27.216000+00:00,0.060000000000016485,0.344752155,0.4047521550000165
9,8888217771,dota2-ngx-liquid-2026-07-09-game1,2026-07-09T12:52:14.212000+00:00,2.777799999999999,0.41041995,3.1882199499999992
9,8888260336,dota2-l1ga-aur1-2026-07-09-game2,2026-07-09T13:20:05.771000+00:00,0.0,0.0,0.0
9,8888279558,dota2-playti-lvlup1-2026-07-09-game2,2026-07-09T13:33:23.111000+00:00,0.0,0.0,0.0
9,8888318197,dota2-ngx-liquid-2026-07-09-game2,2026-07-09T14:04:08.888000+00:00,4.65682919999994,1.53618112236,6.193010322359941
9,8888405761,dota2-mouz-nem-2026-07-09-game1,2026-07-09T14:48:45.816000+00:00,5.405600000000007,0.36893219999999993,5.7745322000000066
9,8888425887,dota2-rnx-pari-2026-07-09-game1,2026-07-09T15:02:02.148000+00:00,0.0,0.0,0.0
9,8888489297,dota2-vg-ts8-2026-07-09-game1,2026-07-09T15:42:43.149000+00:00,-32.93139999999997,0.859207125,-32.07219287499997
9,8888555097,dota2-mouz-nem-2026-07-09-game2,2026-07-09T16:24:34.308000+00:00,-31.360499999999973,2.9319402825,-28.428559717499972
9,8888554919,dota2-rnx-pari-2026-07-09-game2,2026-07-09T16:26:10.054000+00:00,0.0,0.0,0.0
9,8888592426,dota2-vg-ts8-2026-07-09-game2,2026-07-09T16:59:54.115000+00:00,-7.894800000000004,0.38723994000000006,-7.507560060000004
9,8888682602,dota2-og-ic-2026-07-09-game1,2026-07-09T17:53:01.981000+00:00,-29.366299999999967,2.0230464825,-27.343253517499967
9,8888693655,dota2-vp-ty-2026-07-09-game1,2026-07-09T18:07:57.629000+00:00,2.3256000000000085,0.1970946,2.5226946000000083
9,8888731478,dota2-lgd-1win-2026-07-09-game1,2026-07-09T18:35:20.326000+00:00,3.937299999999979,1.0408484775,4.978148477499979
9,8888771711,dota2-og-ic-2026-07-09-game2,2026-07-09T19:04:50.495000+00:00,0.0,0.0,0.0
9,8888819433,dota2-lgd-1win-2026-07-09-game2,2026-07-09T19:41:02.532000+00:00,62.61599786000002,2.6458184621355003,65.26181632213552
9,8889452921,dota2-re-gl-2026-07-10-game1,2026-07-10T09:17:34.068000+00:00,18.55300000000002,0.56202336,19.11502336000002
9,8889468264,dota2-xtreme-bb4-2026-07-10-game1,2026-07-10T09:26:30.741000+00:00,-20.52589999999995,3.0738940274999997,-17.45200597249995
9,8889513730,dota2-poorra-flc-2026-07-10-game2,2026-07-10T10:17:36.842000+00:00,4.706000000000003,0.198887325,4.904887325000003
9,8889524021,dota2-xtreme-bb4-2026-07-10-game2,2026-07-10T10:37:39.793000+00:00,-1.5365285799999953,1.5183247061145,-0.01820387388549527
9,8889538949,dota2-re-gl-2026-07-10-game2,2026-07-10T10:40:57.402000+00:00,-34.19219999999996,2.7089996849999998,-31.48320031499996
9,8889615310,dota2-l1ga-liquid-2026-07-10-game1,2026-07-10T11:48:20.990000+00:00,1.3969999999999914,0.519287175,1.9162871749999915
9,8889621582,dota2-aur1-playti-2026-07-10-game1,2026-07-10T11:57:42.116000+00:00,-42.58950000000003,1.0577184525,-41.53178154750003
9,8889699098,dota2-l1ga-liquid-2026-07-10-game2,2026-07-10T12:46:15.831000+00:00,0.0,0.0,0.0
9,8889733840,dota2-aur1-playti-2026-07-10-game2,2026-07-10T13:14:22.837000+00:00,0.0,0.0,0.0
9,8889871314,dota2-nem-vg-2026-07-10-game1,2026-07-10T14:27:52.631000+00:00,18.4212,0.26881794,18.69001794
9,8889914618,dota2-pari-mouz-2026-07-10-game1,2026-07-10T14:59:49.254000+00:00,-6.8964,0.23016734999999994,-6.6662326499999995
9,8889944251,dota2-rnx-ts8-2026-07-10-game1,2026-07-10T15:15:29.857000+00:00,7.741099999999989,0.23598218250000003,7.977082182499989
9,8890008812,dota2-nem-vg-2026-07-10-game2,2026-07-10T15:49:04.827000+00:00,17.594066999999995,0.484987528125,18.079054528124995
9,8890036748,dota2-pari-mouz-2026-07-10-game2,2026-07-10T16:15:07.698000+00:00,13.636799999999994,0.09000288,13.726802879999994
9,8890074597,dota2-rnx-ts8-2026-07-10-game2,2026-07-10T16:28:42.555000+00:00,0.0,0.0,0.0
9,8890179830,dota2-lgd-ty-2026-07-10-game1,2026-07-10T17:38:53.401000+00:00,9.52858815999997,1.1541274433759998,10.68271560337597
9,8890270555,dota2-1win-og-2026-07-10-game2,2026-07-10T18:36:26.467000+00:00,0.0,0.0,0.0
9,8890268632,dota2-lgd-ty-2026-07-10-game2,2026-07-10T18:43:14.663000+00:00,-25.405100000000004,1.2243423225,-24.180757677500004
9,8890301402,dota2-ic-vp-2026-07-10-game2,2026-07-10T18:52:09.717000+00:00,0.0,0.0,0.0
9,8891108843,dota2-poorra-re-2026-07-11-game1,2026-07-11T09:15:44.932000+00:00,45.6643,1.5678760425,47.2321760425
9,8891108985,dota2-bb4-gl-2026-07-11-game1,2026-07-11T09:17:06.187000+00:00,3.091199999999972,0.9543253949999999,4.045525394999972
9,8891145641,dota2-xtreme-flc-2026-07-11-game1,2026-07-11T09:30:07.111000+00:00,3.2289113599999926,0.18929985343200004,3.4182112134319924
9,8891217710,dota2-poorra-re-2026-07-11-game2,2026-07-11T10:44:50.172000+00:00,-53.62220070000001,1.5149916276375,-52.10720907236251
9,8891240327,dota2-xtreme-flc-2026-07-11-game2,2026-07-11T11:01:14.698000+00:00,7.170000000000016,1.83418269,9.004182690000016
9,8891325877,dota2-l1ga-lvlup1-2026-07-11-game1,2026-07-11T12:09:46.181000+00:00,-12.881102000000011,0.9806793337499999,-11.90042266625001
9,8891349244,dota2-playti-ngx-2026-07-11-game1,2026-07-11T12:27:52.369000+00:00,40.22180000000003,2.167695285,42.38949528500003
9,8891371442,dota2-aur1-liquid-2026-07-11-game1,2026-07-11T12:43:19.319000+00:00,1.4599999999999973,0.193497,1.6534969999999973
9,8891438996,dota2-l1ga-lvlup1-2026-07-11-game2,2026-07-11T13:19:40.554000+00:00,-0.6899999999999995,0.13937175,-0.5506282499999995
9,8891497910,dota2-aur1-liquid-2026-07-11-game2,2026-07-11T13:53:37.287000+00:00,17.626500000000014,0.4589633624999999,18.085463362500015
9,8891519142,dota2-playti-ngx-2026-07-11-game2,2026-07-11T14:08:43.754000+00:00,-11.178506509999991,0.67387395940425,-10.50463255059574
9,8892829232,dota2-mouz-vg-2026-07-12-game1,2026-07-12T09:15:57.248000+00:00,-100.2502,1.5788796600000001,-98.67132034000001
9,8892835652,dota2-rnx-nem-2026-07-12-game1,2026-07-12T09:19:01.546000+00:00,-43.56190000000001,3.4765425675,-40.08535743250001
9,8892836635,dota2-pari-ts8-2026-07-12-game1,2026-07-12T09:26:06.808000+00:00,-28.263699999999957,4.2814558425,-23.982244157499956
9,8892923329,dota2-mouz-vg-2026-07-12-game2,2026-07-12T10:25:59.512000+00:00,0.8534989799999941,1.1735663742105,2.027065354210494
9,8892914077,dota2-pari-ts8-2026-07-12-game2,2026-07-12T10:31:28.406000+00:00,5.33898819999996,0.81735189987,6.1563400998699604
9,8892958964,dota2-rnx-nem-2026-07-12-game2,2026-07-12T10:53:08.655000+00:00,-54.5317,0.5556113025,-53.9760886975
9,8893070561,dota2-1win-ty-2026-07-12-game1,2026-07-12T12:14:45.162000+00:00,6.284974720000008,2.8121875478879996,9.097162267888008
9,8893106015,dota2-og-vp-2026-07-12-game1,2026-07-12T12:36:42.440000+00:00,5.665599999999991,0.77706462,6.442664619999991
9,8893165071,dota2-1win-ty-2026-07-12-game2,2026-07-12T13:18:20.777000+00:00,-23.658400639999982,1.3393761131759998,-22.31902452682398
9,8893253595,dota2-og-vp-2026-07-12-game2,2026-07-12T13:56:28.498000+00:00,9.63209999999998,1.5365684775,11.16866847749998
9,8896139222,dota2-re-vp-2026-07-14-game1,2026-07-14T11:15:10.363000+00:00,-0.7984999999999616,1.8867188025,1.0882188025000383
9,8896140998,dota2-liquid-xtreme-2026-07-14-game1,2026-07-14T11:24:31.795000+00:00,-5.78070000000006,4.6034981175,-1.1772018825000599
9,8896234088,dota2-re-vp-2026-07-14-game2,2026-07-14T12:30:48.003000+00:00,-0.379999999999999,0.06480899999999999,-0.315190999999999
9,8896267691,dota2-liquid-xtreme-2026-07-14-game2,2026-07-14T13:05:08.216000+00:00,-16.03910000000002,2.1592539075,-13.879846092500019
9,8896380183,dota2-re-vp-2026-07-14,2026-07-14T14:02:34.965000+00:00,-34.75829999999999,1.7353409925,-33.02295900749999
9,8896486914,dota2-liquid-xtreme-2026-07-14,2026-07-14T15:13:00.049000+00:00,-6.778302690000004,1.62708844141275,-5.151214248587253
9,8896645659,dota2-lgd-mouz-2026-07-14-game1,2026-07-14T16:55:49.823000+00:00,0.1612,0.022656660000000002,0.18385666
9,8896731473,dota2-lgd-mouz-2026-07-14-game2,2026-07-14T18:02:11.857000+00:00,-16.925000000000026,0.9055288050000001,-16.019471195000026
9,8897585705,dota2-aur1-re-2026-07-15-game1,2026-07-15T11:19:40.513000+00:00,-3.4397059199999944,0.452974966284,-2.9867309537159943
9,8897588873,dota2-ts8-liquid-2026-07-15-game1,2026-07-15T11:25:30.473000+00:00,-22.136300000000062,2.3690354024999998,-19.767264597500063
9,8897695379,dota2-aur1-re-2026-07-15-game2,2026-07-15T12:41:48.340000+00:00,4.531999999999982,0.5931735,5.125173499999982
9,8897696869,dota2-ts8-liquid-2026-07-15-game2,2026-07-15T12:54:25.976000+00:00,39.146076189999974,5.10743489714475,44.25351108714472
9,8897831774,dota2-ts8-liquid-2026-07-15,2026-07-15T14:13:24.528000+00:00,-1.0202227199999676,0.467838145872,-0.5523845741279676
9,8897841991,dota2-1win-vg-2026-07-15-game1,2026-07-15T14:22:22.284000+00:00,-2.2974000000000103,0.398397015,-1.8990029850000103
9,8897971312,dota2-1win-vg-2026-07-15-game2,2026-07-15T15:33:39.656000+00:00,18.209100000000007,0.9935469375000001,19.202646937500006
9,8898003442,dota2-bb4-lgd-2026-07-15-game1,2026-07-15T15:56:58.589000+00:00,6.6617999999999995,1.644813585,8.306613585
9,8898084910,dota2-1win-vg-2026-07-15,2026-07-15T16:49:08.935000+00:00,-15.693799999999953,3.403799205,-12.290000794999953
9,8898117600,dota2-bb4-lgd-2026-07-15-game2,2026-07-15T17:15:52.403000+00:00,4.615499999999997,0.4192624125,5.0347624124999975
9,8899028080,dota2-ty-ts8-2026-07-17-game1,2026-07-16T11:25:22.617000+00:00,-11.594399999999993,0.491095305,-11.103304694999993
9,8899120700,dota2-ty-ts8-2026-07-17-game2,2026-07-16T12:44:26.752000+00:00,-4.761900000000011,0.5632137225,-4.198686277500011
9,8899307453,dota2-pari-re-2026-07-17-game1,2026-07-16T14:36:23.407000+00:00,5.128399999999985,0.30693474000000004,5.435334739999985
9,8899420575,dota2-pari-re-2026-07-17-game2,2026-07-16T15:46:28.167000+00:00,3.0,0.21622499999999995,3.216225
9,8900508749,dota2-flc-vg-2026-07-16-game1,2026-07-17T11:21:46.405000+00:00,-29.43950000000001,1.2190148625,-28.22048513750001
9,8900623530,dota2-flc-vg-2026-07-16-game2,2026-07-17T12:54:30.551000+00:00,-11.363776640000012,2.8548103919279995,-8.508966248072012
9,8900771154,dota2-ngx-bb4-2026-07-16-game1,2026-07-17T14:28:08.196000+00:00,6.255600000000044,0.7845682500000001,7.040168250000044
9,8900882416,dota2-ngx-bb4-2026-07-16-game2,2026-07-17T15:33:10.588000+00:00,4.225500000000011,0.4207541625,4.646254162500011
9,8902107148,dota2-bb4-vg-2026-07-18-game1,2026-07-18T11:22:02.020000+00:00,2.0,0.0616125,2.0616125
9,8902173969,dota2-bb4-vg-2026-07-18-game2,2026-07-18T12:21:15.910000+00:00,-21.87479999999998,0.932652405,-20.94214759499998
9,8902338515,dota2-ty-pari-2026-07-18-game1,2026-07-18T14:06:38.308000+00:00,-10.189700000000073,4.499245462499999,-5.690454537500074
9,8902431810,dota2-ty-pari-2026-07-18-game2,2026-07-18T15:09:37.865000+00:00,-1.960800000000006,1.350147405,-0.6106525950000061
9,8902610619,dota2-ty-pari-2026-07-18,2026-07-18T16:48:06.686000+00:00,-2.433799999999877,4.206630329999999,1.7728303300001222
9,8903705555,dota2-vg-ty-2026-07-19-game1,2026-07-19T10:24:33.152000+00:00,11.880299999999977,1.2487062075000002,13.129006207499977
9,8903789784,dota2-vg-ty-2026-07-19-game2,2026-07-19T11:31:19.185000+00:00,16.53439999999995,0.918201705,17.45260170499995
9,8904012666,dota2-bb4-pari-2026-07-19-game1,2026-07-19T13:57:51.853000+00:00,51.11743837999995,1.470262948047,52.587701328046954
9,8904157676,dota2-bb4-pari-2026-07-19-game2,2026-07-19T15:17:11.337000+00:00,-3.17940000000004,2.202993945,-0.9764060550000404
9,8904322271,dota2-bb4-pari-2026-07-19-game3,2026-07-19T16:52:33.960000+00:00,13.76780000000005,3.6260571749999997,17.39385717500005
9,8904419709,dota2-bb4-pari-2026-07-19-game4,2026-07-19T18:05:14.511000+00:00,19.65479999999998,0.7134065399999999,20.36820653999998
9,8905035315,dota2-stx-lynx-2026-07-20-game1,2026-07-20T07:25:19.610000+00:00,0.25,0.22280625,0.47280625
9,8905093611,dota2-stx-lynx-2026-07-20-game2,2026-07-20T08:36:36.644000+00:00,32.97093032999998,1.56093571283925,34.53186604283923
9,8905164476,dota2-stx-lynx-2026-07-20,2026-07-20T10:04:24.370000+00:00,138.88620656000006,3.192816976524,142.07902353652406
9,8905233934,dota2-lynx-pckcp-2026-07-20-game1,2026-07-20T11:15:17.947000+00:00,28.807297799999986,0.7348507816095,29.542148581609485
9,8905359313,dota2-lynx-pckcp-2026-07-20-game2,2026-07-20T12:49:30.119000+00:00,-1.6800000000000015,0.09906899999999999,-1.5809310000000014
9,8905490238,dota2-z10-nemiga-2026-07-20-game1,2026-07-20T14:13:02.081000+00:00,-34.33799999999998,0.60566976,-33.73233023999998
9,8905612460,dota2-z10-nemiga-2026-07-20-game2,2026-07-20T15:25:40.567000+00:00,-3.6709000000000103,1.1509048275,-2.5199951725000105
9,8905741721,dota2-spirit1-jenz-2026-07-20-game1,2026-07-20T16:55:30.580000+00:00,3.471699999999995,1.2332878125,4.704987812499995
9,8905885788,dota2-spirit1-jenz-2026-07-20-game2,2026-07-20T18:35:45.253000+00:00,0.0,0.0,0.0
9,8905975768,dota2-lvlup1-ill-2026-07-20-game1,2026-07-20T19:45:16.612000+00:00,-87.63480000000004,3.4591346100000004,-84.17566539000003
9,8906069414,dota2-lvlup1-ill-2026-07-20-game2,2026-07-20T20:59:36.536000+00:00,0.5554000000000023,0.41575371,0.9711537100000023
9,8906479441,dota2-nemiga-dan-2026-07-21-game1,2026-07-21T07:24:02.590000+00:00,50.26187069000002,0.9397978374442499,51.201668527444276
9,8906547471,dota2-nemiga-dan-2026-07-21-game2,2026-07-21T08:48:51.736000+00:00,0.3999999999999986,0.25779,0.6577899999999985
9,8906626852,dota2-pckcp-stx-2026-07-21-game1,2026-07-21T10:17:03.931000+00:00,3.666000000000011,0.98676258,4.652762580000011
9,8906706819,dota2-pckcp-stx-2026-07-21-game2,2026-07-21T11:28:10.072000+00:00,0.0,0.5250131249999999,0.5250131249999999
9,8906814740,dota2-pckcp-stx-2026-07-21,2026-07-21T12:50:32.182000+00:00,-7.706104099999969,1.266338469585,-6.4397656304149695
9,8906911697,dota2-lynx-spirit1-2026-07-21-game1,2026-07-21T14:01:22.509000+00:00,-1.5625,0.8054015625,-0.7570984375
9,8907021823,dota2-lynx-spirit1-2026-07-21-game2,2026-07-21T14:54:33.550000+00:00,-39.03410000000002,2.0873292375,-36.946770762500016
9,8907114935,dota2-lynx-spirit1-2026-07-21,2026-07-21T15:55:17.448000+00:00,-0.6599999999999966,1.556577,0.8965770000000035
9,8907236730,dota2-jenz-lynx-2026-07-21-game1,2026-07-21T17:22:36.365000+00:00,0.0,0.0,0.0
9,8907319204,dota2-jenz-lynx-2026-07-21-game2,2026-07-21T18:19:16.673000+00:00,-14.123355499999988,0.41375212824,-13.709603371759988
9,8907510684,dota2-z10-aion-2026-07-21-game2,2026-07-21T20:45:41.820000+00:00,0.0,0.0,0.0
9,8907942033,dota2-ill-dan-2026-07-22-game1,2026-07-22T07:18:07.776000+00:00,-0.9709000000000003,0.35789801250000003,-0.6130019875000003
9,8907997366,dota2-ill-dan-2026-07-22-game2,2026-07-22T08:30:21.640000+00:00,11.01259731999997,0.726014240766,11.73861156076597
9,8908178087,dota2-nemiga-aion-2026-07-22-game2,2026-07-22T11:35:02.272000+00:00,0.0,0.016932000000000003,0.016932000000000003
9,8908313996,dota2-stx-spirit1-2026-07-22-game1,2026-07-22T13:26:43.307000+00:00,-0.23200484999999205,0.34434633370725004,0.112341483707258
9,8908486051,dota2-stx-spirit1-2026-07-22-game2,2026-07-22T15:03:55.390000+00:00,21.60627801999999,0.6764860322069999,22.28276405220699
9,8908612824,dota2-stx-spirit1-2026-07-22,2026-07-22T16:27:56.948000+00:00,-4.598502090000011,2.28862811919225,-2.309873970807761
9,8908710300,dota2-z10-lvlup1-2026-07-22-game1,2026-07-22T17:40:32.974000+00:00,-13.836299999999994,2.4519566775,-11.384343322499994
9,8908926344,dota2-z10-lvlup1-2026-07-22,2026-07-22T20:21:42.790000+00:00,-7.29431371000004,1.3525249623982498,-5.94178874760179
9,8909388284,dota2-dan-z10-2026-07-23-game1,2026-07-23T07:17:23.633000+00:00,0.0,0.0,0.0
9,8909443684,dota2-dan-z10-2026-07-23-game2,2026-07-23T08:24:14.078000+00:00,4.207799999999978,0.83818065,5.0459806499999775
9,8909498494,dota2-dan-z10-2026-07-23,2026-07-23T09:35:42.112000+00:00,-0.8122218799999938,0.089245828152,-0.7229760518479939
9,8909658828,dota2-spirit1-pckcp-2026-07-23-game2,2026-07-23T11:56:35.158000+00:00,0.0,0.0,0.0
9,8909780227,dota2-spirit1-pckcp-2026-07-23,2026-07-23T13:29:29.880000+00:00,-1.4783000000000044,0.7789794074999999,-0.6993205925000044
9,8910104556,dota2-jenz-kw1-2026-07-23-game2,2026-07-23T16:47:57.620000+00:00,-8.660899999999998,0.2704561725,-8.390443827499999
9,8910216725,dota2-jenz-kw1-2026-07-23,2026-07-23T18:09:02.529000+00:00,-0.1244000000000014,0.33047109,0.20607108999999862
9,8910344715,dota2-lvlup1-aion-2026-07-23-game1,2026-07-23T19:45:58.831000+00:00,0.0,0.0,0.0
9,8910461593,dota2-lvlup1-aion-2026-07-23-game2,2026-07-23T21:18:59.726000+00:00,-4.4517999999999995,0.18788671499999998,-4.263913284999999
9,8910535715,dota2-lvlup1-aion-2026-07-23,2026-07-23T22:37:28.157000+00:00,94.71762329999987,1.239333147675,95.95695644767487
9,8910589445,dota2-nemiga-ill-2026-07-23-game1,2026-07-23T23:33:41.369000+00:00,0.13739999999999242,0.71721099,0.8546109899999924
9,8910670427,dota2-nemiga-ill-2026-07-23,2026-07-24T01:26:47.762000+00:00,-9.767400000000023,2.5284418200000003,-7.238958180000023
9,8910982575,dota2-aion-dan-2026-07-24-game2,2026-07-24T08:39:31.809000+00:00,0.0,0.0,0.0
9,8911277378,dota2-kw1-stx-2026-07-24-game2,2026-07-24T13:08:23.857000+00:00,-69.80157194999997,0.28762595060775,-69.51394599939222
9,8911784562,dota2-z10-ill-2026-07-24-game1,2026-07-24T18:00:21.302000+00:00,-47.147899999999964,1.9529749125,-45.19492508749997
9,8911916389,dota2-z10-ill-2026-07-24-game2,2026-07-24T19:32:36.981000+00:00,-1.5999999999999979,0.43518,-1.164819999999998
9,8912045230,dota2-nemiga-lvlup1-2026-07-24-game1,2026-07-24T21:05:49.488000+00:00,-23.9264,2.24309796,-21.68330204
9,8912123729,dota2-nemiga-lvlup1-2026-07-24-game2,2026-07-24T22:15:39.296000+00:00,0.0,0.0,0.0
9,8912551235,dota2-ill-aion-2026-07-25-game1,2026-07-25T07:19:52.253000+00:00,0.0,0.0,0.0
9,8912622476,dota2-ill-aion-2026-07-25-game2,2026-07-25T08:27:06.996000+00:00,13.500100000000032,0.3973004624999999,13.897400462500032
9,8912758286,dota2-pckcp-jenz-2026-07-22-game1,2026-07-25T10:25:45.605000+00:00,-11.694200959999996,0.647079986832,-11.047120973167996
9,8912831712,dota2-pckcp-jenz-2026-07-22-game2,2026-07-25T11:23:26.682000+00:00,0.0,0.0,0.0
9,8912974141,dota2-pckcp-jenz-2026-07-22,2026-07-25T13:02:19.241000+00:00,-2.3730000000000047,1.2296080649999999,-1.1433919350000048
9,8913307206,dota2-kw1-pckcp-2026-07-25-game1,2026-07-25T16:28:48.834000+00:00,0.0,0.0,0.0
9,8913598312,dota2-lynx-kw1-2026-07-25-game1,2026-07-25T19:28:05.257000+00:00,-7.782200639999999,2.248971837504,-5.533228802496
9,8913726962,dota2-lynx-kw1-2026-07-25-game2,2026-07-25T20:57:15.562000+00:00,-13.044699999999953,2.7918482774999998,-10.252851722499953
9,8913824141,dota2-lynx-kw1-2026-07-25,2026-07-25T22:21:39.642000+00:00,-15.215200000000003,0.97750794,-14.237692060000002
9,8914414410,dota2-nemiga-ill-2026-07-26-game1,2026-07-26T09:26:59.644000+00:00,-36.9439556,0.5167257744,-36.4272298256
9,8914520562,dota2-nemiga-ill-2026-07-26-game2,2026-07-26T10:41:21.923000+00:00,0.43029999999998836,2.1677909024999997,2.598090902499988
9,8914637220,dota2-nemiga-ill-2026-07-26,2026-07-26T12:04:18.708000+00:00,14.705999999999989,0.42926813999999996,15.135268139999988
9,8914749408,dota2-rearis-pckcp-2026-07-26-game1,2026-07-26T13:19:34.036000+00:00,0.0,0.37499062499999997,0.37499062499999997
9,8914885598,dota2-rearis-pckcp-2026-07-26-game2,2026-07-26T14:24:02.001000+00:00,72.2233,0.4345302525,72.65783025249999
9,8915002841,dota2-kw1-rearis-2026-07-26-game1,2026-07-26T15:32:54.677000+00:00,0.0,0.0,0.0
9,8915137972,dota2-kw1-rearis-2026-07-26-game2,2026-07-26T16:47:26.165000+00:00,0.3000000000000007,0.024412499999999993,0.3244125000000007
9,8915271266,dota2-jenz-stx-2026-07-26-game1,2026-07-26T18:26:53.337000+00:00,0.0,0.0,0.0
9,8915390117,dota2-jenz-stx-2026-07-26-game2,2026-07-26T19:37:39.362000+00:00,0.5386000000000024,0.07957815,0.6181781500000024
9,8915498965,dota2-jenz-stx-2026-07-26,2026-07-26T20:57:43.107000+00:00,-9.63897295000001,1.2158384918167502,-8.42313445818326
9,8916041863,dota2-lvlup1-pckcp-2026-07-27-game1,2026-07-27T09:21:33.291000+00:00,2.6396999999999995,0.032798272499999996,2.6724982724999995
9,8916102349,dota2-lvlup1-pckcp-2026-07-27-game2,2026-07-27T10:12:46.876000+00:00,5.527878920000006,0.31628053556099994,5.844159455561006
9,8916245727,dota2-stx-nemiga-2026-07-27-game1,2026-07-27T12:25:46.061000+00:00,1.6128999999999962,0.5669746725,2.179874672499996
9,8916384577,dota2-stx-nemiga-2026-07-27-game2,2026-07-27T13:48:29.618000+00:00,17.271800000000024,2.4714369,19.743236900000024
9,8916474664,dota2-stx-nemiga-2026-07-27,2026-07-27T14:44:54.132000+00:00,-59.535055580000005,3.839013881904,-55.696041698096
9,8917611319,dota2-pr1-nemiga-2026-07-28-game2,2026-07-28T10:17:02.190000+00:00,-2.6142284799999835,0.466248350124,-2.1479801298759833
9,8917675823,dota2-pr1-nemiga-2026-07-28,2026-07-28T11:19:25.327000+00:00,4.532899999999998,0.6575418825,5.190441882499998
9,8917738415,dota2-nh-pckcp-2026-07-28-game1,2026-07-28T12:16:10.015000+00:00,0.0,0.0,0.0
9,8917853656,dota2-nh-pckcp-2026-07-28-game2,2026-07-28T13:23:44.955000+00:00,-0.004699999999999704,0.2492669775,0.24456697750000028
9,8918052500,dota2-pckcp-kw1-2026-07-28-game1,2026-07-28T15:24:46.769000+00:00,8.571600000000007,0.42043698,8.992036980000007
9,8918176547,dota2-pckcp-kw1-2026-07-28-game2,2026-07-28T16:37:04.197000+00:00,32.60735335999996,0.8615357263619999,33.46888908636196
9,8919264561,dota2-rearis-z10-2026-07-29-game1,2026-07-29T12:23:03.580000+00:00,12.162965039999975,0.853918031832,13.016883071831975
9,8919404744,dota2-rearis-z10-2026-07-29-game2,2026-07-29T13:48:28.368000+00:00,-11.921300000000002,2.2091193375000002,-9.712180662500002
9,8919546613,dota2-amaru-nemiga-2026-07-29-game1,2026-07-29T15:15:30.082000+00:00,0.0,0.0,0.0
9,8919685210,dota2-amaru-nemiga-2026-07-29-game2,2026-07-29T16:34:50.427000+00:00,-54.87370061999997,1.7533563945704997,-53.12034422542947
9,8919803916,dota2-amaru-nemiga-2026-07-29,2026-07-29T18:02:17.532000+00:00,106.09152321999998,3.8540934383685,109.94561665836848
9,8920655724,dota2-pckcp-z10-2026-07-30-game2,2026-07-30T10:32:16.617000+00:00,0.0,0.0,0.0
9,8920897425,dota2-lvlup1-z10-2026-07-30-game2,2026-07-30T13:37:44.606000+00:00,-42.58260000000001,1.73589942,-40.84670058000001
9,8921002620,dota2-lvlup1-z10-2026-07-30,2026-07-30T14:47:46.063000+00:00,12.919400000000024,0.9033757950000001,13.822775795000025
9,8921162227,dota2-amaru-pr1-2026-07-30-game1,2026-07-30T16:32:24.441000+00:00,15.516900000000007,0.6008919524999999,16.117791952500006
9,8921281044,dota2-amaru-pr1-2026-07-30-game2,2026-07-30T17:34:28.519000+00:00,0.0,0.0,0.0
9,8921949036,dota2-re-midas3-2026-07-31-game1,2026-07-31T06:23:42.906000+00:00,0.0,0.0,0.0
9,8922016200,dota2-re-midas3-2026-07-31-game2,2026-07-31T07:39:14.850000+00:00,10.000200000000007,0.58051161,10.580711610000007
9,8922074642,dota2-vg-amaru-2026-07-31-game1,2026-07-31T08:46:41.467000+00:00,18.975999999999985,0.711957195,19.687957194999985
9,8922137329,dota2-vg-amaru-2026-07-31-game2,2026-07-31T09:48:16.177000+00:00,0.3000000000000007,0.0291825,0.3291825000000007
9,8922133239,dota2-tr7-playti-2026-07-31-game1,2026-07-31T09:57:34.446000+00:00,-4.287417250000004,1.60243429884375,-2.684982951156254
9,8922186876,dota2-vg-amaru-2026-07-31,2026-07-31T10:40:33.810000+00:00,6.394199999999998,0.641788905,7.035988904999998
9,8922211678,dota2-tr7-playti-2026-07-31-game2,2026-07-31T11:00:53.806000+00:00,5.122299999999996,1.1436443625,6.2659443624999955
9,8922300474,dota2-enjoy-glyph-2026-07-31-game1,2026-07-31T12:14:29.331000+00:00,-1.7574999999999932,0.6178051875,-1.139694812499993
9,8922339160,dota2-l1ga-rnx-2026-07-31-game1,2026-07-31T12:44:09.822000+00:00,22.968699999999956,2.7969839025000005,25.765683902499955
9,8922400300,dota2-enjoy-glyph-2026-07-31-game2,2026-07-31T13:24:39.311000+00:00,2.687400000000002,0.17856593999999998,2.865965940000002
9,8922433138,dota2-l1ga-rnx-2026-07-31-game2,2026-07-31T13:42:06.325000+00:00,-22.68869280000001,1.4623502048715,-21.226342595128507
9,8922552315,dota2-l1ga-rnx-2026-07-31,2026-07-31T14:55:23.609000+00:00,1.754400000000004,0.64303146,2.397431460000004
9,8922602122,dota2-yb1-z10-2026-07-31-game1,2026-07-31T15:28:08.646000+00:00,1.8182000000000045,0.6735067349999999,2.4917067350000046
9,8922722577,dota2-yb1-z10-2026-07-31-game2,2026-07-31T16:35:25.057000+00:00,-11.203699999999998,1.0645235775000002,-10.139176422499997
9,8922818221,dota2-xtreme-lgd-2026-07-31-game1,2026-07-31T17:51:24.199000+00:00,2.0793000000000035,0.8821532475,2.9614532475000033
9,8922940920,dota2-xtreme-lgd-2026-07-31-game2,2026-07-31T19:09:48.720000+00:00,-19.093700000000013,3.9398907375,-15.153809262500012
9,8923040358,dota2-xtreme-lgd-2026-07-31,2026-07-31T20:28:40.570000+00:00,8.680398319999995,1.3130332153379998,9.993431535337994
9,8923506996,dota2-midas3-tr7-2026-08-01-game1,2026-08-01T05:43:01.223000+00:00,4.6312999999999676,0.7886869875,5.419986987499968
9,8923579943,dota2-midas3-tr7-2026-08-01-game2,2026-08-01T07:02:32.143000+00:00,-85.27789999999995,2.4922317375,-82.78566826249994
9,8923643650,dota2-midas3-tr7-2026-08-01,2026-08-01T08:08:01.087000+00:00,2.429399999999987,1.21398615,3.643386149999987
9,8923704450,dota2-yes-vg-2026-08-01-game1,2026-08-01T09:01:56.739000+00:00,3.9875000000000114,1.3863137774999998,5.373813777500011
9,8923780137,dota2-re-playti-2026-08-01-game1,2026-08-01T10:09:39.721000+00:00,-16.586099999999945,1.7739618975,-14.812138102499945
9,8923790600,dota2-yes-vg-2026-08-01-game2,2026-08-01T10:14:11.317000+00:00,0.0,0.0,0.0
9,8923874259,dota2-re-playti-2026-08-01-game2,2026-08-01T11:26:12.956000+00:00,21.666000000000004,0.53775855,22.203758550000003
9,8923899787,dota2-enjoy-yb1-2026-08-01-game1,2026-08-01T11:45:49.553000+00:00,-42.53162888000003,1.237523636964,-41.29410524303603
9,8924057168,dota2-l1ga-lgd-2026-08-01-game1,2026-08-01T13:34:16.709000+00:00,-3.599999999999998,0.12824999999999998,-3.471749999999998
9,8924222714,dota2-l1ga-lgd-2026-08-01-game2,2026-08-01T15:02:43.462000+00:00,0.0,0.0,0.0
9,8924328537,dota2-glyph-z10-2026-08-01-game1,2026-08-01T15:59:42.950000+00:00,-86.16411002,1.8038239883415,-84.36028603165849
9,8924367779,dota2-l1ga-lgd-2026-08-01,2026-08-01T16:23:12.450000+00:00,-15.742170999999988,0.31748629275000007,-15.424684707249988
9,8924468754,dota2-glyph-z10-2026-08-01-game2,2026-08-01T17:25:49.795000+00:00,-35.6144,1.18250646,-34.431893540000004
9,8924530036,dota2-rnx-xtreme-2026-08-01-game1,2026-08-01T18:06:50.164000+00:00,3.481758310000018,1.24761557427975,4.7293738842797675
9,8924616191,dota2-rnx-xtreme-2026-08-01-game2,2026-08-01T19:06:22.446000+00:00,7.374099999999956,1.3393887525000001,8.713488752499956
9,8925210898,dota2-playti-xctn-2026-08-02-game1,2026-08-02T05:28:20.542000+00:00,0.0,0.0,0.0
9,8925308090,dota2-playti-xctn-2026-08-02-game2,2026-08-02T07:03:47.891000+00:00,3.030399999999986,0.5022887999999999,3.5326887999999856
9,8925543582,dota2-yes-tr7-2026-08-02-game1,2026-08-02T10:44:16.945000+00:00,-1.3385000000000105,0.8273657175,-0.5111342825000105
9,8925703946,dota2-yes-tr7-2026-08-02-game2,2026-08-02T11:58:57.158000+00:00,3.756399999999985,0.71596899,4.4723689899999854
9,8925847726,dota2-yes-tr7-2026-08-02,2026-08-02T13:17:43.701000+00:00,4.728200000000017,0.8574569849999999,5.585656985000017
9,8926022375,dota2-rnx-yb1-2026-08-02-game1,2026-08-02T15:09:53.856000+00:00,57.595,2.307185625,59.902185625
9,8926232913,dota2-rnx-yb1-2026-08-02-game2,2026-08-02T16:42:19.665000+00:00,-3.114599999999996,1.8204021899999998,-1.294197809999996
9,8926381426,dota2-rnx-yb1-2026-08-02,2026-08-02T18:14:10.009000+00:00,1.8261773800000185,1.349395208397,3.1755725883970185
9,8926523280,dota2-z10-lgd-2026-08-02-game1,2026-08-02T19:59:32.068000+00:00,0.0,0.0,0.0
9,8926636219,dota2-z10-lgd-2026-08-02-game2,2026-08-02T21:07:31.416000+00:00,-14.430999999999983,0.5751092999999999,-13.855890699999984
9,8927063876,dota2-glyph-playti-2026-08-03-game2,2026-08-03T06:55:36.873000+00:00,62.98355821999999,1.2289878041070001,64.212546024107
9,8927132943,dota2-glyph-playti-2026-08-03,2026-08-03T08:27:35.152000+00:00,1.1062883599999793,1.083947313888,2.1902356738879796
9,8927207054,dota2-xtreme-tr7-2026-08-03-game1,2026-08-03T10:00:05.212000+00:00,6.62510000000006,1.0923293475,7.71742934750006
9,8927288399,dota2-xtreme-tr7-2026-08-03-game2,2026-08-03T11:00:48.642000+00:00,4.705900000000014,1.8159873825,6.521887382500013
9,8927380776,dota2-xtreme-tr7-2026-08-03,2026-08-03T12:15:30.661000+00:00,-1.4103999999999957,6.536720745,5.126320745000005
9,8927539264,dota2-vg-yb1-2026-08-03-game1,2026-08-03T14:05:56.825000+00:00,106.00550000000004,0.7743193125000001,106.77981931250004
9,8927660975,dota2-vg-yb1-2026-08-03-game2,2026-08-03T15:05:20.968000+00:00,31.735700000000122,3.8266789425,35.562378942500125
9,8927760296,dota2-vg-yb1-2026-08-03,2026-08-03T16:18:19.713000+00:00,15.141992589999997,2.63330901556275,17.775301605562746
9,8927926397,dota2-re-lgd-2026-08-03-game1,2026-08-03T18:09:03.381000+00:00,0.0,0.0,0.0
9,8928050264,dota2-re-lgd-2026-08-03-game2,2026-08-03T19:19:18.313000+00:00,6.2856000000000165,0.3009231,6.586523100000017
9,8928163118,dota2-re-lgd-2026-08-03,2026-08-03T20:43:38.722000+00:00,-23.382699999999957,1.8225353025,-21.560164697499957
9,8928851109,dota2-playti-tr7-2026-08-04-game1,2026-08-04T11:30:07.829000+00:00,1.4800000000000004,0.7836431249999998,2.263643125
9,8928953683,dota2-playti-tr7-2026-08-04-game2,2026-08-04T12:46:11.879000+00:00,5.811415039999986,1.4375326543319997,7.248947694331985
9,8929124210,dota2-yb1-re-2026-08-04-game1,2026-08-04T14:38:55.576000+00:00,4.4273915200000005,0.561072134604,4.988463654604001
9,8929276426,dota2-yb1-re-2026-08-04-game2,2026-08-04T15:54:25.550000+00:00,-2.4609005700000637,1.5131137099777499,-0.9477868600223138
9,8929365099,dota2-yb1-re-2026-08-04,2026-08-04T16:51:08.308000+00:00,1.0100000000000762,4.552228785,5.562228785000076
9,8930200713,dota2-tr7-re-2026-08-05-game1,2026-08-05T08:20:38.811000+00:00,0.24850071000000096,0.046595959890749994,0.29509666989075095
9,8930258778,dota2-tr7-re-2026-08-05-game2,2026-08-05T09:25:42.941000+00:00,9.185399999999973,3.660484845,12.845884844999972
9,8930398938,dota2-playti-yb1-2026-08-05-game1,2026-08-05T12:24:04.133000+00:00,-16.72580217999996,3.0652995399315,-13.66050264006846
9,8930615242,dota2-playti-yb1-2026-08-05-game2,2026-08-05T14:02:56.166000+00:00,118.64300000000003,0.7583830050000001,119.40138300500003
9,8930736914,dota2-playti-yb1-2026-08-05-game3,2026-08-05T15:09:49.519000+00:00,3.508898600000002,1.162567952595,4.671466552595001
9,8931781241,dota2-lvlup1-rearis-2026-08-06-game1,2026-08-06T09:28:03.156000+00:00,0.0,0.0,0.0
9,8931852727,dota2-lvlup1-rearis-2026-08-06-game2,2026-08-06T10:30:33.624000+00:00,4.875033999999992,0.54067048875,5.415704488749992
9,8931981851,dota2-rearis-nh-2026-08-06-game1,2026-08-06T12:26:15.226000+00:00,-0.35999999999999943,0.051920999999999995,-0.30807899999999944
9,8932085762,dota2-rearis-nh-2026-08-06-game2,2026-08-06T13:20:21.204000+00:00,0.0,0.0,0.0
9,8932181345,dota2-rearis-nh-2026-08-06,2026-08-06T14:22:22.478000+00:00,5.681190400000027,0.24350155415999997,5.924691954160027
9,8932318084,dota2-nh-lvlup1-2026-08-06-game1,2026-08-06T15:34:15.395000+00:00,-24.938136499999978,0.5487842716875,-24.38935222831248
9,8932413808,dota2-nh-lvlup1-2026-08-06-game2,2026-08-06T16:23:29.211000+00:00,0.0,0.0813618,0.0813618
9,8932523868,dota2-nh-lvlup1-2026-08-06,2026-08-06T17:36:18.454000+00:00,0.0,0.0,0.0
9,8932657929,dota2-ill-pr1-2026-08-06-game1,2026-08-06T19:12:10.345000+00:00,-23.289900000000017,0.7598988375,-22.530001162500017
9,8932835800,dota2-ill-pr1-2026-08-06,2026-08-06T21:22:55.783000+00:00,0.0,0.0,0.0
9,8933374169,dota2-nh-z10-2026-08-07-game1,2026-08-07T09:29:47.916000+00:00,-7.518000000000001,0.10576215,-7.41223785
9,8933453728,dota2-nh-z10-2026-08-07-game2,2026-08-07T10:40:19.376000+00:00,0.0,0.0,0.0
9,8933575351,dota2-ill-stx-2026-08-07-game1,2026-08-07T12:33:02.695000+00:00,0.0,0.0,0.0
9,8933704579,dota2-ill-stx-2026-08-07-game2,2026-08-07T13:44:43.178000+00:00,-11.0,1.8106125,-9.1893875
9,8933879286,dota2-pr1-jenz-2026-08-07-game1,2026-08-07T15:25:51.002000+00:00,-216.02869999999993,3.3109889775,-212.71771102249994
9,8933988979,dota2-pr1-jenz-2026-08-07-game2,2026-08-07T16:29:38.697000+00:00,8.864284259999977,0.7449205371495,9.609204797149477
9,8934184387,dota2-jenz-nemiga-2026-08-07-game1,2026-08-07T18:35:03.983000+00:00,0.0,0.0,0.0
9,8934279386,dota2-jenz-nemiga-2026-08-07-game2,2026-08-07T19:33:30.612000+00:00,0.0,0.42000335999999994,0.42000335999999994
9,8936825643,dota2-pr1-yes-2026-08-09-game1,2026-08-09T09:22:32.992000+00:00,5.270867420000034,1.694673923613,6.965541343613034
9,8937080738,dota2-pr1-yes-2026-08-09,2026-08-09T12:20:23.208000+00:00,45.07419999999996,3.9262542750000002,49.00045427499996
9,8937188618,dota2-lvlup1-mouz-2026-08-09-game1,2026-08-09T13:17:49.636000+00:00,-16.667799999999986,0.74173977,-15.926060229999985
9,8937335830,dota2-lvlup1-mouz-2026-08-09-game2,2026-08-09T14:27:35.299000+00:00,0.0,0.0,0.0
9,8937484593,dota2-ill-re-2026-08-09-game1,2026-08-09T15:55:00.679000+00:00,-7.877199999999996,0.508382055,-7.3688179449999955
9,8937631882,dota2-ill-re-2026-08-09-game2,2026-08-09T17:12:21.447000+00:00,67.55962400000003,0.9234047913,68.48302879130003
9,8937722788,dota2-z10-navi-2026-08-09-game1,2026-08-09T18:17:16.930000+00:00,-70.27879999999995,2.62325043,-67.65554956999995
9,8938509987,dota2-pr1-mouz-2026-08-10-game1,2026-08-10T09:24:47.767000+00:00,29.015400000000064,2.03955213,31.054952130000064
9,8938565057,dota2-pr1-mouz-2026-08-10-game2,2026-08-10T10:12:07.159000+00:00,-16.00740000000001,0.859334205,-15.148065795000011
9,8938634026,dota2-pr1-mouz-2026-08-10,2026-08-10T11:15:54.851000+00:00,-16.421999999999954,1.3183071599999998,-15.103692839999955
9,8938716198,dota2-ill-z10-2026-08-10-game1,2026-08-10T12:25:50.383000+00:00,-5.095858,0.37273048815000004,-4.72312751185
9,8939023869,dota2-yes-lvlup1-2026-08-10-game1,2026-08-10T15:24:37.289000+00:00,28.667000000000016,0.893901975,29.560901975000014
9,8940059913,dota2-lvlup1-navi-2026-08-11-game1,2026-08-11T09:16:02.605000+00:00,9.5933,0.4739373974999999,10.0672373975
9,8940117837,dota2-lvlup1-navi-2026-08-11-game2,2026-08-11T10:12:11.551000+00:00,88.7012292,2.24067655731,90.94190575731
9,8940266495,dota2-mouz-re-2026-08-11-game1,2026-08-11T12:16:13.042000+00:00,47.47079832000003,1.896135428574,49.36693374857403
9,8940365227,dota2-mouz-re-2026-08-11-game2,2026-08-11T13:12:04.281000+00:00,5.03846292999998,0.7865807046307499,5.82504363463073
9,8940487898,dota2-mouz-re-2026-08-11,2026-08-11T14:25:06.999000+00:00,-4.773695979999992,0.6631111259714999,-4.110584854028493
9,8940643574,dota2-yes-z10-2026-08-11-game1,2026-08-11T15:45:57.067000+00:00,31.315899999999914,4.4094229725,35.72532297249991
9,8940756672,dota2-yes-z10-2026-08-11-game2,2026-08-11T16:48:25.758000+00:00,-26.410878200000028,1.5523932088949999,-24.858484991105026
9,8941656460,dota2-lvlup1-re-2026-08-12-game1,2026-08-12T09:19:34.658000+00:00,-10.729861599999992,1.0158015902999997,-9.714060009699992
9,8941733752,dota2-lvlup1-re-2026-08-12-game2,2026-08-12T10:35:42.245000+00:00,-3.8400860099999985,2.07783294187725,-1.7622530681227486
9,8941817475,dota2-lvlup1-re-2026-08-12,2026-08-12T11:50:26.039000+00:00,8.563599999999974,1.3802219249999998,9.943821924999973
9,8942003788,dota2-navi-lvlup1-2026-08-12-game1,2026-08-12T13:42:36.457000+00:00,2.5973999999999933,0.33409057499999995,2.931490574999993
9,8942152024,dota2-navi-lvlup1-2026-08-12-game2,2026-08-12T14:50:30.897000+00:00,0.4731999999999914,0.21448749000000003,0.6876874899999914
9,8942262723,dota2-navi-lvlup1-2026-08-12-game3,2026-08-12T15:53:47.795000+00:00,13.753599999999992,0.20724884999999996,13.96084884999999
9,8962372120,dota2-ic-nemiga-2026-08-24-game1,2026-08-24T07:17:08.649000+00:00,0.0,0.0,0.0
9,8962458373,dota2-ic-nemiga-2026-08-24-game2,2026-08-24T08:26:45.454000+00:00,8.513999329999962,1.3993713874372502,9.913370717437212
9,8962592819,dota2-ks-lynx-2026-08-24-game1,2026-08-24T10:19:27.562000+00:00,-20.568684859999976,0.8327355481709999,-19.735949311828975
9,8962736746,dota2-ks-lynx-2026-08-24-game2,2026-08-24T11:33:18.452000+00:00,127.8021579199999,1.9316238373695,129.7337817573694
9,8962964580,dota2-sb5-stx-2026-08-24-game1,2026-08-24T13:25:23.881000+00:00,0.0,0.0,0.0
9,8963508714,dota2-rearis-lynx-2026-08-24-game2,2026-08-24T17:37:20.349000+00:00,4.799999999999997,0.89172,5.6917199999999974
9,8963649188,dota2-dynast1-fts-2026-08-24-game1,2026-08-24T19:15:00.848000+00:00,26.69210000000001,0.3449555775,27.03705557750001
9,8963790789,dota2-dynast1-fts-2026-08-24-game2,2026-08-24T20:20:45.642000+00:00,0.9594995000000068,0.224045149875,1.1835446498750068
9,8964399842,dota2-pckcp-nemiga-2026-08-25-game1,2026-08-25T07:22:10.248000+00:00,-2.042728720000003,0.21915185735400003,-1.823576862646003
9,8964480771,dota2-pckcp-nemiga-2026-08-25-game2,2026-08-25T08:31:41.723000+00:00,-9.319318950000005,1.7845892341627498,-7.534729715837255
9,8964574076,dota2-pckcp-nemiga-2026-08-25,2026-08-25T09:52:05.670000+00:00,-12.221845090000016,1.94080707512475,-10.281038014875266
9,8964657335,dota2-fts-pckcp-2026-08-25-game1,2026-08-25T10:52:11.864000+00:00,-0.10000000000000053,0.0317925,-0.06820750000000053
9,8964837315,dota2-fts-pckcp-2026-08-25-game2,2026-08-25T12:34:06.314000+00:00,-7.764487099999869,1.722691942545,-6.041795157454869
9,8964962329,dota2-ic-fts-2026-08-25-game1,2026-08-25T13:50:36.471000+00:00,-16.24420043999993,1.4692726925909998,-14.77492774740893
9,8965097316,dota2-ic-fts-2026-08-25-game2,2026-08-25T14:41:01.046000+00:00,-5.482100000000031,0.5959637025,-4.886136297500031
9,8964938940,dota2-rearis-spirit1-2026-08-25-game1,2026-08-25T16:23:39.394000+00:00,0.9056847799999996,0.122799845691,1.0284846256909996
9,8965544741,dota2-rearis-spirit1-2026-08-25,2026-08-25T18:44:21.316000+00:00,-36.29400166000002,1.9697952248955,-34.32420643510452
9,8969842778,dota2-pckcp-ic-2026-08-28-game2,2026-08-28T08:21:21.985000+00:00,50.19814884999994,2.16480265599375,52.36295150599369
9,8969978865,dota2-rearis-sb5-2026-08-28-game1,2026-08-28T10:27:01.322000+00:00,1.603100000000012,0.24550566749999997,1.848605667500012
9,8970089224,dota2-rearis-sb5-2026-08-28-game2,2026-08-28T11:41:09.553000+00:00,2.4640969999999953,0.288543025725,2.7526400257249954
9,8970207176,dota2-rearis-sb5-2026-08-28,2026-08-28T12:56:49.576000+00:00,2.577400000000054,0.7090625249999999,3.286462525000054
9,8970338180,dota2-synaps-nemiga-2026-08-28-game1,2026-08-28T14:09:13.367000+00:00,0.0,0.67500675,0.67500675
9,8970352005,dota2-dynast1-ic-2026-08-28-game1,2026-08-28T14:10:35.964000+00:00,0.44515769999999755,0.109103176755,0.5542608767549976
9,8970470057,dota2-synaps-nemiga-2026-08-28-game2,2026-08-28T15:09:53.245000+00:00,163.43990932999995,1.66395673982775,165.1038660698277
9,8970485789,dota2-dynast1-ic-2026-08-28-game2,2026-08-28T15:14:26.848000+00:00,-29.454817280000015,1.491785060016,-27.963032219984015
9,8970575970,dota2-synaps-nemiga-2026-08-28,2026-08-28T16:02:11.965000+00:00,6.433800000000005,1.00685484,7.440654840000005
9,8970655100,dota2-dynast1-ic-2026-08-28,2026-08-28T16:43:34.585000+00:00,-8.986211159999932,2.2009975037669998,-6.785213656232933
9,8970886632,dota2-dynast1-pckcp-2026-08-28-game2,2026-08-28T18:51:22.084000+00:00,-15.90859100000003,1.692157580625,-14.21643341937503
9,8971007454,dota2-ks-rearis-2026-08-28-game1,2026-08-28T20:11:41.712000+00:00,-52.17851664999998,1.9803227670862498,-50.19819388291373
9,8971016820,dota2-fts-nemiga-2026-08-28-game1,2026-08-28T20:17:43.711000+00:00,0.0,0.0,0.0
9,8971111987,dota2-ks-rearis-2026-08-28-game2,2026-08-28T21:24:47.695000+00:00,8.348983800000019,0.39830675827499995,8.747290558275019
9,8971423978,dota2-db2-satan-2026-08-28-game2,2026-08-29T03:20:55.120000+00:00,0.3125,0.0108890625,0.3233890625
9,8971501630,dota2-nexus-cres-2026-08-28,2026-08-29T04:51:09.441000+00:00,-99.70420073000001,1.9122323211022498,-97.79196840889776
9,8971519375,dota2-nem-6seven-2026-08-29-game1,2026-08-29T05:14:15.579000+00:00,62.346903860000054,1.4572917522914999,63.80419561229155
9,8971586781,dota2-nem-6seven-2026-08-29-game2,2026-08-29T06:13:46.689000+00:00,-7.201700000000017,1.2836515875,-5.918048412500017
9,8971664649,dota2-nem-6seven-2026-08-29,2026-08-29T07:24:10.704000+00:00,13.048131040000015,1.4448681041159999,14.492999144116016
9,8971753986,dota2-icecre-kineti-2026-08-29-game1,2026-08-29T08:38:12.829000+00:00,0.0,0.0,0.0
9,8971849697,dota2-icecre-kineti-2026-08-29-game2,2026-08-29T09:43:14.699000+00:00,0.0,0.0,0.0
9,8971891627,dota2-dynast1-nemiga-2026-08-29-game1,2026-08-29T10:17:49.464000+00:00,2.5417327999999912,0.66868102728,3.210413827279991
9,8971964803,dota2-mouz-yes-2026-08-29-game1,2026-08-29T11:13:49.271000+00:00,-2.055700930000043,2.88379381991925,0.828092889919207
9,8971988345,dota2-sb5-lynx-2026-08-29-game1,2026-08-29T11:21:30.742000+00:00,9.43249999999999,0.21429807750000002,9.64679807749999
9,8972103119,dota2-sb5-lynx-2026-08-29-game2,2026-08-29T12:31:54.536000+00:00,-0.4260000000000006,0.058463129999999995,-0.3675368700000006
9,8972115962,dota2-mouz-yes-2026-08-29-game2,2026-08-29T12:36:59.931000+00:00,-6.4421788499999995,1.3229183427262499,-5.11926050727375
9,8972289868,dota2-huliga-lynx-2026-08-29-game1,2026-08-29T14:15:10.550000+00:00,-27.193577340000047,2.231975963571,-24.961601376429048
9,8972502454,dota2-huliga-lynx-2026-08-29-game2,2026-08-29T15:52:19.963000+00:00,15.453100000000006,1.5986621324999999,17.051762132500006
9,8972611918,dota2-huliga-lynx-2026-08-29,2026-08-29T16:49:36.587000+00:00,-27.012200000000007,2.5344627300000004,-24.477737270000006
9,8972773416,dota2-pi-lvlup1-2026-08-29-game1,2026-08-29T18:17:23.637000+00:00,3.334996200000006,0.390990386115,3.725986586115006
9,8972893200,dota2-pi-lvlup1-2026-08-29-game2,2026-08-29T19:20:53.860000+00:00,0.0,0.0,0.0
9,8973011673,dota2-pi-lvlup1-2026-08-29,2026-08-29T20:33:12.059000+00:00,-5.037499999999991,0.1939908825,-4.843509117499991
9,8973010298,dota2-ks-spirit1-2026-08-29-game1,2026-08-29T20:38:42.759000+00:00,0.0,0.0,0.0
9,8973337131,dota2-icecre-xctn-2026-08-30-game1,2026-08-30T02:14:49.254000+00:00,0.0,0.0,0.0
9,8973405568,dota2-icecre-xctn-2026-08-30-game2,2026-08-30T03:19:55.483000+00:00,-17.46908346,0.765078950829,-16.704004509171
9,8973462028,dota2-icecre-xctn-2026-08-30,2026-08-30T04:30:11.988000+00:00,-1.9411983600000227,1.807297276371,-0.13390108362902264
9,8973502629,dota2-clo-yb1-2026-08-30-game1,2026-08-30T05:13:07.837000+00:00,0.0,0.0,0.0
9,8973568453,dota2-clo-yb1-2026-08-30-game2,2026-08-30T06:12:50.377000+00:00,0.15268528999999909,0.04962644358224999,0.20231173358224908
9,8973613420,dota2-clo-yb1-2026-08-30,2026-08-30T07:04:46.677000+00:00,11.555286320000008,0.30535929801,11.860645618010007
9,8973707438,dota2-lynx-lvlup1-2026-08-30-game1,2026-08-30T08:16:36.050000+00:00,11.04529999999997,1.3227644324999999,12.36806443249997
9,8973859403,dota2-lynx-lvlup1-2026-08-30-game2,2026-08-30T09:56:31.353000+00:00,10.325299999999913,1.8032744775,12.128574477499914
9,8973884000,dota2-nem-xctn-2026-08-30-game2,2026-08-30T10:12:32.710000+00:00,-0.58078382,0.0027442035495,-0.5780396164505
9,8973944033,dota2-lynx-lvlup1-2026-08-30,2026-08-30T10:50:43.696000+00:00,25.8702,2.411211765,28.281411765
9,8974185539,dota2-navi-mouz-2026-08-30-game2,2026-08-30T13:08:29.090000+00:00,93.90199999999999,2.66303115,96.56503114999998
9,8974647733,dota2-lvlup1-pr1-2026-08-30-game1,2026-08-30T17:09:16.077000+00:00,13.050766499999998,1.246159142055,14.296925642054997
9,8974898633,dota2-lvlup1-pr1-2026-08-30,2026-08-30T19:25:58.777000+00:00,-10.492899999999992,2.7516967575,-7.741203242499992
9,8975110449,dota2-dynast1-ks-2026-08-30-game2,2026-08-30T21:54:27.706000+00:00,9.66530000000003,0.7899109874999999,10.455210987500031
9,8975871235,dota2-synaps-lynx-2026-08-31-game1,2026-08-31T12:26:44.788000+00:00,-59.74209999999999,1.7930057324999997,-57.949094267499994
9,8976012755,dota2-synaps-lynx-2026-08-31-game2,2026-08-31T13:41:35.303000+00:00,1.504699999999957,2.3539581375,3.858658137499957
9,8976166971,dota2-synaps-lynx-2026-08-31,2026-08-31T15:09:07.826000+00:00,18.776769919999904,2.27438742765,21.051157347649905
9,8976300473,dota2-4iki-ic-2026-08-31-game1,2026-08-31T16:25:39.940000+00:00,-1.5015999999999963,0.84787551,-0.6537244899999962
9,8976441468,dota2-4iki-ic-2026-08-31-game2,2026-08-31T17:43:06.122000+00:00,27.419300000000007,0.48568451249999994,27.904984512500008
9,8976511215,dota2-4iki-ic-2026-08-31,2026-08-31T18:29:54.020000+00:00,172.0745,1.7999922824999999,173.8744922825
9,8976665322,dota2-spirit1-pi-2026-08-31-game1,2026-08-31T20:26:57.494000+00:00,39.406300000000044,2.2635888225,41.66988882250004
9,8976751962,dota2-spirit1-pi-2026-08-31-game2,2026-08-31T21:40:17.685000+00:00,-4.306499999999971,0.9271817325,-3.379318267499971
9,8977325814,dota2-ks-pckcp-2026-09-01-game2,2026-09-01T10:26:27.059000+00:00,-1.0845999999999947,0.6028619549999998,-0.48173804499999484
9,8977476867,dota2-ic-lynx-2026-09-01-game1,2026-09-01T12:26:04.131000+00:00,-3.632179039999997,0.753371744544,-2.8788072954559967
9,8977623650,dota2-ic-lynx-2026-09-01-game2,2026-09-01T13:53:28.128000+00:00,12.884499999999903,2.3626479375000002,15.247147937499903
9,8977913355,dota2-synaps-lvlup1-2026-09-01-game2,2026-09-01T16:37:59.217000+00:00,7.1640000000000015,0.3513942,7.515394200000001
9,8978023576,dota2-synaps-lvlup1-2026-09-01,2026-09-01T17:45:54.185000+00:00,-4.013873860000015,0.5807838983429999,-3.4330899616570147
9,8978832148,dota2-pr1-ic-2026-09-02-game1,2026-09-02T09:52:32.767000+00:00,60.40885094999996,1.26591062716125,61.674761577161206
9,8978916284,dota2-pr1-ic-2026-09-02-game2,2026-09-02T11:19:11.539000+00:00,3.4095000000000084,0.7544546624999999,4.163954662500008
9,8978986214,dota2-pr1-ic-2026-09-02,2026-09-02T12:20:55.440000+00:00,0.0,0.0,0.0
9,8979131280,dota2-dynast1-pckcp-2026-09-02-game1,2026-09-02T13:56:13.878000+00:00,0.0,0.0,0.0
9,8979241530,dota2-dynast1-pckcp-2026-09-02-game2,2026-09-02T14:56:18.245000+00:00,26.37783491000002,0.8158847868592499,27.19371969685927
9,8979344496,dota2-synaps-4iki-2026-09-02-game1,2026-09-02T15:59:27.587000+00:00,-17.868890680000078,2.523676220856,-15.345214459144078
9,8980293569,dota2-z10-ks-2026-09-03-game1,2026-09-03T09:18:42.909000+00:00,3.5693995300000694,1.5163184675677501,5.085717997567819
9,8980358113,dota2-z10-ks-2026-09-03-game2,2026-09-03T10:27:20.250000+00:00,2.995199999999997,0.46788485999999996,3.463084859999997
9,8980463789,dota2-pckcp-spirit1-2026-09-03-game1,2026-09-03T12:14:02.762000+00:00,-1.1494,0.20128867500000003,-0.948111325
9,8980769413,dota2-pi-dynast1-2026-09-03-game1,2026-09-03T15:17:23.998000+00:00,43.411100000000026,1.0354592175000001,44.446559217500024
10,8837869969,dota2-aur1-ty-2026-06-04-game1,2026-06-04T09:17:47.612000+00:00,27.052997150000067,1.70839318008375,28.761390330083817
10,8837957019,dota2-aur1-ty-2026-06-04-game2,2026-06-04T11:05:49.570000+00:00,-84.34029999999998,5.9133194775,-78.42698052249999
10,8838056564,dota2-flc-liquid-2026-06-04-game1,2026-06-04T12:43:48.535000+00:00,1.4924162999999595,0.5063168805374999,1.9987331805374593
10,8838170936,dota2-flc-liquid-2026-06-04-game2,2026-06-04T14:05:12.636000+00:00,25.798599120000063,2.843244657096,28.641843777096064
10,8838396820,dota2-lgd-ty-2026-06-04-game2,2026-06-04T16:48:28.531000+00:00,-22.192900860000023,1.855327879533,-20.337572980467023
10,8838480778,dota2-lgd-ty-2026-06-04,2026-06-04T17:57:47.377000+00:00,-38.66330042999998,2.58783332033925,-36.07546710966073
10,8839123109,dota2-flc-bb4-2026-06-05-game1,2026-06-05T09:16:39.267000+00:00,-53.882500000000014,0.8398048275000001,-53.04269517250002
10,8839193447,dota2-flc-bb4-2026-06-05-game2,2026-06-05T10:38:10.594000+00:00,-1.9738208900000629,1.7872917931057501,-0.18652909689431274
10,8839366504,dota2-lgd-liquid-2026-06-05-game2,2026-06-05T13:21:18.066000+00:00,-61.95770000000002,1.9219617075000002,-60.035738292500014
10,8839494962,dota2-flc-aur1-2026-06-05-game1,2026-06-05T14:52:18.684000+00:00,9.265800000000041,3.3133541849999997,12.579154185000041
10,8839625815,dota2-flc-aur1-2026-06-05-game2,2026-06-05T16:13:53.150000+00:00,10.422063480000006,1.1474629767,11.569526456700006
10,8839717574,dota2-flc-aur1-2026-06-05,2026-06-05T17:21:15.591000+00:00,9.276028240000002,1.12065564066,10.396683880660003
10,8840635639,dota2-ty-bb4-2026-06-06-game1,2026-06-06T10:47:49.658000+00:00,0.0,0.0,0.0
10,8840704374,dota2-ty-bb4-2026-06-06-game2,2026-06-06T11:51:44.485000+00:00,-3.943022340000013,1.6844050369935,-2.2586173030065133
10,8840821227,dota2-ty-bb4-2026-06-06,2026-06-06T13:12:37.368000+00:00,24.498699199999976,2.50954831914,27.008247519139974
10,8840984097,dota2-aur1-lgd-2026-06-06-game1,2026-06-06T15:05:33.978000+00:00,-0.4084999999999468,1.2072803625000001,0.7987803625000534
10,8841114801,dota2-aur1-lgd-2026-06-06-game2,2026-06-06T16:30:29.855000+00:00,-11.575803610000015,0.71820960022275,-10.857594009777266
10,8842052142,dota2-bb4-lgd-2026-06-07-game1,2026-06-07T09:18:04.694000+00:00,148.72260043999998,2.352938262624,151.075538702624
10,8842134886,dota2-bb4-lgd-2026-06-07-game2,2026-06-07T10:28:41.168000+00:00,4.757060230000018,2.52362584251675,7.280686072516769
10,8842245726,dota2-bb4-lgd-2026-06-07,2026-06-07T11:59:53.564000+00:00,-14.580100869999988,0.89705323917225,-13.683047630827739
10,8842468101,dota2-ty-lgd-2026-06-07-game1,2026-06-07T14:21:40.854000+00:00,-61.83801362999996,1.49113118009025,-60.346882449909714
10,8842596730,dota2-ty-lgd-2026-06-07-game2,2026-06-07T15:49:20.066000+00:00,-2.780999999999999,0.28168816500000005,-2.4993118349999985
10,8842722527,dota2-ty-lgd-2026-06-07-game3,2026-06-07T17:12:22.566000+00:00,9.82499914999999,0.69145754802375,10.51645669802374
10,8842845018,dota2-ty-lgd-2026-06-07-game4,2026-06-07T18:51:58.999000+00:00,1.1363999999999947,0.17344305,1.3098430499999947
10,8843465364,dota2-4iki-nande4-2026-06-08-game1,2026-06-08T09:15:08.776000+00:00,-60.26038444000005,2.348905288818,-57.91147915118205
10,8843512570,dota2-4iki-nande4-2026-06-08-game2,2026-06-08T10:09:45.609000+00:00,-0.6400000000000006,0.02778,-0.6122200000000005
10,8843560379,dota2-4iki-nande4-2026-06-08,2026-06-08T11:10:54.138000+00:00,-0.09000000000000341,0.17897025,0.08897024999999659
10,8843760302,dota2-vpp-balu-2026-06-08-game2,2026-06-08T13:42:26.324000+00:00,7.64550000000002,0.18111836249999996,7.82661836250002
10,8844054970,dota2-z10-sb5-2026-06-08-game2,2026-06-08T17:08:41.204000+00:00,50.68680000000002,0.52616808,51.21296808000002
10,8844132483,dota2-vpp-z10-2026-06-08-game1,2026-06-08T18:23:01.210000+00:00,0.0,0.0,0.0
10,8844244719,dota2-vpp-z10-2026-06-08-game2,2026-06-08T19:45:42.908000+00:00,38.83915309999998,0.7696897789875,39.60884287898748
10,8844308689,dota2-vpp-z10-2026-06-08,2026-06-08T20:50:38.757000+00:00,97.46050000000002,0.9965081475,98.45700814750002
10,8850534819,dota2-ill-pr1-2026-06-13-game2,2026-06-13T17:10:42.502000+00:00,-3.96220000000001,0.28620355499999994,-3.6759964450000098
10,8850593633,dota2-ill-pr1-2026-06-13,2026-06-13T18:00:57.551000+00:00,0.0,0.0,0.0
10,8851984783,dota2-4iki-pr1-2026-06-14-game2,2026-06-14T16:46:25.798000+00:00,6.375999999999987,1.04732592,7.4233259199999875
10,8852055373,dota2-4iki-pr1-2026-06-14,2026-06-14T17:46:02.690000+00:00,-52.46509999999992,1.5876627825,-50.877437217499924
10,8854443395,dota2-fla-spirit1-2026-06-16-game1,2026-06-16T16:31:44.570000+00:00,-3.84,0.18359999999999999,-3.6563999999999997
10,8885183102,dota2-flc-bb4-2026-07-07-game1,2026-07-07T09:47:24.433000+00:00,-1.2266999999999992,1.2511866675,0.024486667500000836
10,8885195986,dota2-re-xtreme-2026-07-07-game1,2026-07-07T09:55:03.037000+00:00,15.51329703999998,0.284537015724,15.79783405572398
10,8885252329,dota2-flc-bb4-2026-07-07-game2,2026-07-07T11:01:59.599000+00:00,-3.7136999999999603,2.8409739825,-0.8727260174999603
10,8885275216,dota2-re-xtreme-2026-07-07-game2,2026-07-07T11:16:11.813000+00:00,-1.6585999999999927,0.469216125,-1.1893838749999928
10,8885365825,dota2-l1ga-ngx-2026-07-07-game1,2026-07-07T12:34:49.112000+00:00,-2.049999999999997,0.09234225,-1.9576577499999972
10,8885380529,dota2-liquid-playti-2026-07-07-game1,2026-07-07T12:43:07.045000+00:00,-7.545325750000011,1.5161231521312502,-6.0292025978687604
10,8885411801,dota2-lvlup1-aur1-2026-07-07-game1,2026-07-07T13:06:28.530000+00:00,0.0,0.0,0.0
10,8885470551,dota2-l1ga-ngx-2026-07-07-game2,2026-07-07T13:39:34.570000+00:00,61.28721499999994,0.541138974375,61.82835397437494
10,8885473599,dota2-liquid-playti-2026-07-07-game2,2026-07-07T13:52:27.923000+00:00,-16.700555320000092,3.991151324844,-12.70940399515609
10,8885529711,dota2-lvlup1-aur1-2026-07-07-game2,2026-07-07T14:23:52.590000+00:00,15.420799999999929,0.15325386000000008,15.574053859999928
10,8885633666,dota2-ts8-mouz-2026-07-07-game1,2026-07-07T15:33:28.678000+00:00,93.67399922,2.5927662574845,96.2667654774845
10,8885665054,dota2-nem-pari-2026-07-07-game1,2026-07-07T15:41:38.548000+00:00,5.407999999999987,0.5564105100000001,5.964410509999987
10,8885784652,dota2-ts8-mouz-2026-07-07-game2,2026-07-07T17:16:32.961000+00:00,-32.469899999999996,2.3494507275,-30.120449272499997
10,8885871759,dota2-ic-1win-2026-07-07-game1,2026-07-07T18:31:07.999000+00:00,0.0,0.0,0.0
10,8885928262,dota2-ty-og-2026-07-07-game1,2026-07-07T19:03:44.444000+00:00,20.779200000000003,0.23590885499999995,21.015108855000005
10,8885974297,dota2-ic-1win-2026-07-07-game2,2026-07-07T19:32:14.446000+00:00,-56.07149999999999,1.6434051074999998,-54.42809489249999
10,8886005043,dota2-ty-og-2026-07-07-game2,2026-07-07T20:03:05.981000+00:00,0.0,0.0,0.0
10,8886576019,dota2-poorra-bb4-2026-07-08-game1,2026-07-08T09:20:01.472000+00:00,-10.0,0.33899999999999997,-9.661
10,8886572854,dota2-gl-xtreme-2026-07-08-game1,2026-07-08T09:27:27.007000+00:00,-50.710999999999984,1.618363575,-49.09263642499998
10,8886638110,dota2-poorra-bb4-2026-07-08-game2,2026-07-08T10:36:00.005000+00:00,0.8000000000000043,0.0678,0.8678000000000042
10,8886640910,dota2-flc-re-2026-07-08-game2,2026-07-08T10:39:41.623000+00:00,-1.2346000000000004,0.29065570499999993,-0.9439442950000004
10,8886641793,dota2-gl-xtreme-2026-07-08-game2,2026-07-08T10:45:04.782000+00:00,8.780099300000003,3.0352639100325,11.815363210032503
10,8886728756,dota2-l1ga-playti-2026-07-08-game1,2026-07-08T12:02:19.795000+00:00,0.00030000000000995897,4.3339144725,4.33421447250001
10,8886736772,dota2-liquid-lvlup1-2026-07-08-game1,2026-07-08T12:08:59.488000+00:00,2.2035449999999983,0.19760595975,2.4011509597499985
10,8886788497,dota2-ngx-aur1-2026-07-08-game1,2026-07-08T12:47:30.744000+00:00,6.814846809999999,0.6140624307067499,7.428909240706749
10,8886815251,dota2-l1ga-playti-2026-07-08-game2,2026-07-08T13:04:20.712000+00:00,39.878100000000046,0.5421721124999999,40.420272112500044
10,8886862310,dota2-liquid-lvlup1-2026-07-08-game2,2026-07-08T13:37:25.898000+00:00,4.166800000000009,0.030000960000000028,4.196800960000009
10,8886994890,dota2-ts8-nem-2026-07-08-game1,2026-07-08T14:59:11.781000+00:00,2.032810040000008,0.363951826236,2.396761866236008
10,8887100676,dota2-vg-pari-2026-07-08-game1,2026-07-08T16:18:23.954000+00:00,1.2194999999999823,0.26405223750000006,1.4835522374999823
10,8887114313,dota2-ts8-nem-2026-07-08-game2,2026-07-08T16:15:19.583000+00:00,0.0,0.0,0.0
10,8887197358,dota2-vg-pari-2026-07-08-game2,2026-07-08T17:23:00.102000+00:00,-11.54970000000003,0.9927756374999999,-10.55692436250003
10,8887218598,dota2-lgd-og-2026-07-08-game1,2026-07-08T17:27:41.870000+00:00,4.583400000000003,0.40365935999999997,4.987059360000003
10,8887260104,dota2-ty-ic-2026-07-08-game1,2026-07-08T17:58:24.214000+00:00,0.0,0.0,0.0
10,8887314193,dota2-lgd-og-2026-07-08-game2,2026-07-08T18:40:30.736000+00:00,-31.560613719999914,2.039470520124,-29.521143199875915
10,8887325211,dota2-vp-1win-2026-07-08-game1,2026-07-08T18:51:24.334000+00:00,12.902099999999962,2.0588833275,14.960983327499962
10,8887337672,dota2-ty-ic-2026-07-08-game2,2026-07-08T19:01:29.872000+00:00,0.0,0.0,0.0
10,8887432754,dota2-vp-1win-2026-07-08-game2,2026-07-08T20:20:02.742000+00:00,36.3364,0.33225701999999996,36.66865702
10,8887986392,dota2-poorra-xtreme-2026-07-09-game1,2026-07-09T09:21:30.237000+00:00,-32.65419999999992,5.171351834999999,-27.48284816499992
10,8887998750,dota2-bb4-re-2026-07-09-game1,2026-07-09T09:29:32.198000+00:00,0.0,0.0,0.0
10,8888056358,dota2-poorra-xtreme-2026-07-09-game2,2026-07-09T10:34:44.979000+00:00,-12.146900000000002,1.5409676774999999,-10.605932322500003
10,8888066684,dota2-bb4-re-2026-07-09-game2,2026-07-09T10:43:25.275000+00:00,-7.999800000000008,0.40138996499999996,-7.598410035000008
10,8888083694,dota2-gl-flc-2026-07-09-game2,2026-07-09T11:11:32.224000+00:00,54.24700000000007,1.4376711599999998,55.68467116000007
10,8888160657,dota2-l1ga-aur1-2026-07-09-game1,2026-07-09T12:09:38.901000+00:00,10.29232000000001,0.8144260215,11.10674602150001
10,8888173515,dota2-playti-lvlup1-2026-07-09-game1,2026-07-09T12:20:27.216000+00:00,15.87100000000001,0.6919416899999999,16.56294169000001
10,8888217771,dota2-ngx-liquid-2026-07-09-game1,2026-07-09T12:52:14.212000+00:00,16.016100000000023,1.7510738925,17.767173892500022
10,8888260336,dota2-l1ga-aur1-2026-07-09-game2,2026-07-09T13:20:05.771000+00:00,-9.760400000000004,0.61315257,-9.147247430000004
10,8888279558,dota2-playti-lvlup1-2026-07-09-game2,2026-07-09T13:33:23.111000+00:00,20.2158,0.42188053499999995,20.637680535
10,8888318197,dota2-ngx-liquid-2026-07-09-game2,2026-07-09T14:04:08.888000+00:00,-4.706899999999905,3.0040467674999998,-1.7028532324999053
10,8888405761,dota2-mouz-nem-2026-07-09-game1,2026-07-09T14:48:45.816000+00:00,5.405600000000007,0.36893219999999993,5.7745322000000066
10,8888425887,dota2-rnx-pari-2026-07-09-game1,2026-07-09T15:02:02.148000+00:00,4.344399999999993,0.12264378000000004,4.467043779999993
10,8888489297,dota2-vg-ts8-2026-07-09-game1,2026-07-09T15:42:43.149000+00:00,0.0,0.0,0.0
10,8888555097,dota2-mouz-nem-2026-07-09-game2,2026-07-09T16:24:34.308000+00:00,-11.677999999999997,1.0448280749999999,-10.633171924999997
10,8888554919,dota2-rnx-pari-2026-07-09-game2,2026-07-09T16:26:10.054000+00:00,0.0,0.0,0.0
10,8888592426,dota2-vg-ts8-2026-07-09-game2,2026-07-09T16:59:54.115000+00:00,-7.317799999999991,0.8605015650000001,-6.457298434999991
10,8888682602,dota2-og-ic-2026-07-09-game1,2026-07-09T17:53:01.981000+00:00,-18.06879945999996,0.9909079624485,-17.07789149755146
10,8888693655,dota2-vp-ty-2026-07-09-game1,2026-07-09T18:07:57.629000+00:00,0.0,0.18000576,0.18000576
10,8888731478,dota2-lgd-1win-2026-07-09-game1,2026-07-09T18:35:20.326000+00:00,26.052199999999942,1.5119537250000001,27.564153724999944
10,8888771711,dota2-og-ic-2026-07-09-game2,2026-07-09T19:04:50.495000+00:00,0.0,0.0,0.0
10,8888819433,dota2-lgd-1win-2026-07-09-game2,2026-07-09T19:41:02.532000+00:00,12.09059886,2.0055403446135,14.0961392046135
10,8889452921,dota2-re-gl-2026-07-10-game1,2026-07-10T09:17:34.068000+00:00,45.75290000000001,1.4517031574999997,47.20460315750001
10,8889468264,dota2-xtreme-bb4-2026-07-10-game1,2026-07-10T09:26:30.741000+00:00,4.805900000000008,1.2479204474999999,6.053820447500009
10,8889513730,dota2-poorra-flc-2026-07-10-game2,2026-07-10T10:17:36.842000+00:00,0.0,0.0,0.0
10,8889524021,dota2-xtreme-bb4-2026-07-10-game2,2026-07-10T10:37:39.793000+00:00,0.04600000000002069,1.0201176749999998,1.0661176750000205
10,8889538949,dota2-re-gl-2026-07-10-game2,2026-07-10T10:40:57.402000+00:00,-62.01849999999996,4.2842997525,-57.73420024749996
10,8889615310,dota2-l1ga-liquid-2026-07-10-game1,2026-07-10T11:48:20.990000+00:00,-3.8130000000000024,0.24401392499999996,-3.5689860750000024
10,8889621582,dota2-aur1-playti-2026-07-10-game1,2026-07-10T11:57:42.116000+00:00,-18.908000000000015,1.9221465899999999,-16.985853410000015
10,8889699098,dota2-l1ga-liquid-2026-07-10-game2,2026-07-10T12:46:15.831000+00:00,0.0,0.0,0.0
10,8889733840,dota2-aur1-playti-2026-07-10-game2,2026-07-10T13:14:22.837000+00:00,-14.27169999999999,0.44227507499999996,-13.82942492499999
10,8889871314,dota2-nem-vg-2026-07-10-game1,2026-07-10T14:27:52.631000+00:00,3.89609999999999,0.32834382749999996,4.22444382749999
10,8889914618,dota2-pari-mouz-2026-07-10-game1,2026-07-10T14:59:49.254000+00:00,-6.8964,0.23016734999999994,-6.6662326499999995
10,8889944251,dota2-rnx-ts8-2026-07-10-game1,2026-07-10T15:15:29.857000+00:00,8.0458,0.14611747500000005,8.191917475
10,8890008812,dota2-nem-vg-2026-07-10-game2,2026-07-10T15:49:04.827000+00:00,18.680600000000013,0.91164105,19.592241050000013
10,8890036748,dota2-pari-mouz-2026-07-10-game2,2026-07-10T16:15:07.698000+00:00,13.636799999999994,0.09000288,13.726802879999994
10,8890074597,dota2-rnx-ts8-2026-07-10-game2,2026-07-10T16:28:42.555000+00:00,0.0,0.0,0.0
10,8890179830,dota2-lgd-ty-2026-07-10-game1,2026-07-10T17:38:53.401000+00:00,29.97789999999995,1.6957618425,31.67366184249995
10,8890270555,dota2-1win-og-2026-07-10-game2,2026-07-10T18:36:26.467000+00:00,0.0,0.0,0.0
10,8890268632,dota2-lgd-ty-2026-07-10-game2,2026-07-10T18:43:14.663000+00:00,3.4057999999999957,0.797488575,4.203288574999996
10,8890301402,dota2-ic-vp-2026-07-10-game2,2026-07-10T18:52:09.717000+00:00,0.0,0.0,0.0
10,8891108843,dota2-poorra-re-2026-07-11-game1,2026-07-11T09:15:44.932000+00:00,1.5999999999999979,0.14682,1.7468199999999978
10,8891108985,dota2-bb4-gl-2026-07-11-game1,2026-07-11T09:17:06.187000+00:00,2.9411999999999665,0.9066366450000001,3.8478366449999664
10,8891145641,dota2-xtreme-flc-2026-07-11-game1,2026-07-11T09:30:07.111000+00:00,1.4706000000000046,0.7609303349999998,2.2315303350000044
10,8891217710,dota2-poorra-re-2026-07-11-game2,2026-07-11T10:44:50.172000+00:00,-37.70000069999998,1.0606251876375,-36.639375512362484
10,8891240327,dota2-xtreme-flc-2026-07-11-game2,2026-07-11T11:01:14.698000+00:00,-5.746600000000001,0.9832323150000001,-4.763367685
10,8891325877,dota2-l1ga-lvlup1-2026-07-11-game1,2026-07-11T12:09:46.181000+00:00,-0.8000000000000007,0.041639999999999996,-0.7583600000000007
10,8891349244,dota2-playti-ngx-2026-07-11-game1,2026-07-11T12:27:52.369000+00:00,17.17949999999999,2.5548827025,19.73438270249999
10,8891371442,dota2-aur1-liquid-2026-07-11-game1,2026-07-11T12:43:19.319000+00:00,-17.17709999999999,1.3269222825,-15.850177717499989
10,8891438996,dota2-l1ga-lvlup1-2026-07-11-game2,2026-07-11T13:19:40.554000+00:00,0.129999999999999,0.09340725,0.223407249999999
10,8891497910,dota2-aur1-liquid-2026-07-11-game2,2026-07-11T13:53:37.287000+00:00,13.699698120000011,0.381232878834,14.080930998834011
10,8891519142,dota2-playti-ngx-2026-07-11-game2,2026-07-11T14:08:43.754000+00:00,-32.7945,1.8095672325,-30.9849327675
10,8892829232,dota2-mouz-vg-2026-07-12-game1,2026-07-12T09:15:57.248000+00:00,-8.536999999999978,2.94955758,-5.587442419999977
10,8892835652,dota2-rnx-nem-2026-07-12-game1,2026-07-12T09:19:01.546000+00:00,-20.686500000000038,2.0943486075,-18.59215139250004
10,8892836635,dota2-pari-ts8-2026-07-12-game1,2026-07-12T09:26:06.808000+00:00,16.267200000000088,4.14222765,20.409427650000087
10,8892923329,dota2-mouz-vg-2026-07-12-game2,2026-07-12T10:25:59.512000+00:00,-19.14900104000001,1.409878826568,-17.739122213432008
10,8892914077,dota2-pari-ts8-2026-07-12-game2,2026-07-12T10:31:28.406000+00:00,-4.717511800000031,1.44370464237,-3.2738071576300305
10,8892958964,dota2-rnx-nem-2026-07-12-game2,2026-07-12T10:53:08.655000+00:00,-54.37969999999999,2.4680229525,-51.91167704749999
10,8893070561,dota2-1win-ty-2026-07-12-game1,2026-07-12T12:14:45.162000+00:00,29.267174719999986,2.822640597888,32.08981531788798
10,8893106015,dota2-og-vp-2026-07-12-game1,2026-07-12T12:36:42.440000+00:00,6.580799999999996,0.5360061600000001,7.116806159999997
10,8893165071,dota2-1win-ty-2026-07-12-game2,2026-07-12T13:18:20.777000+00:00,-56.70980000000003,4.941644805,-51.76815519500003
10,8893253595,dota2-og-vp-2026-07-12-game2,2026-07-12T13:56:28.498000+00:00,0.8889991800000061,0.355229622171,1.2442288021710062
10,8896139222,dota2-re-vp-2026-07-14-game1,2026-07-14T11:15:10.363000+00:00,38.902200000000036,2.016680775,40.918880775000034
10,8896140998,dota2-liquid-xtreme-2026-07-14-game1,2026-07-14T11:24:31.795000+00:00,-46.8904,3.922517535,-42.967882465
10,8896234088,dota2-re-vp-2026-07-14-game2,2026-07-14T12:30:48.003000+00:00,-23.967400000000055,1.204283985,-22.763116015000055
10,8896267691,dota2-liquid-xtreme-2026-07-14-game2,2026-07-14T13:05:08.216000+00:00,-24.06540000000001,2.17221696,-21.89318304000001
10,8896380183,dota2-re-vp-2026-07-14,2026-07-14T14:02:34.965000+00:00,-70.34400000000011,3.55102311,-66.7929768900001
10,8896486914,dota2-liquid-xtreme-2026-07-14,2026-07-14T15:13:00.049000+00:00,0.9316985400000135,1.6804882964745,2.6121868364745136
10,8896645659,dota2-lgd-mouz-2026-07-14-game1,2026-07-14T16:55:49.823000+00:00,0.08059999999999956,0.022964955,0.10356495499999956
10,8896731473,dota2-lgd-mouz-2026-07-14-game2,2026-07-14T18:02:11.857000+00:00,-20.727700000000084,1.7817493875,-18.945950612500084
10,8897585705,dota2-aur1-re-2026-07-15-game1,2026-07-15T11:19:40.513000+00:00,0.0,0.0,0.0
10,8897588873,dota2-ts8-liquid-2026-07-15-game1,2026-07-15T11:25:30.473000+00:00,14.221215679999972,1.6409214461519999,15.862137126151971
10,8897695379,dota2-aur1-re-2026-07-15-game2,2026-07-15T12:41:48.340000+00:00,-2.2434000000000083,0.46229917500000006,-1.7811008250000082
10,8897696869,dota2-ts8-liquid-2026-07-15-game2,2026-07-15T12:54:25.976000+00:00,59.23882850000007,2.5586636274375003,61.797492127437565
10,8897831774,dota2-ts8-liquid-2026-07-15,2026-07-15T14:13:24.528000+00:00,15.758799999999951,1.0716267,16.83042669999995
10,8897841991,dota2-1win-vg-2026-07-15-game1,2026-07-15T14:22:22.284000+00:00,-2.6344878400000056,0.384476760012,-2.2500110799880058
10,8897971312,dota2-1win-vg-2026-07-15-game2,2026-07-15T15:33:39.656000+00:00,1.8448000000000206,0.5814453150000001,2.4262453150000205
10,8898003442,dota2-bb4-lgd-2026-07-15-game1,2026-07-15T15:56:58.589000+00:00,22.54100000000001,1.756117875,24.297117875000012
10,8898084910,dota2-1win-vg-2026-07-15,2026-07-15T16:49:08.935000+00:00,-11.712000000000018,1.68811272,-10.023887280000018
10,8898117600,dota2-bb4-lgd-2026-07-15-game2,2026-07-15T17:15:52.403000+00:00,17.047973349999992,0.41776814191125,17.465741491911242
10,8899028080,dota2-ty-ts8-2026-07-17-game1,2026-07-16T11:25:22.617000+00:00,-29.481699999999954,2.3933481375,-27.088351862499955
10,8899120700,dota2-ty-ts8-2026-07-17-game2,2026-07-16T12:44:26.752000+00:00,-19.200999999999958,1.67367228,-17.52732771999996
10,8899307453,dota2-pari-re-2026-07-17-game1,2026-07-16T14:36:23.407000+00:00,3.996300000000005,0.34830641249999994,4.344606412500005
10,8899420575,dota2-pari-re-2026-07-17-game2,2026-07-16T15:46:28.167000+00:00,-14.63590000000005,0.6510536324999999,-13.98484636750005
10,8900508749,dota2-flc-vg-2026-07-16-game1,2026-07-17T11:21:46.405000+00:00,-15.903499999999994,0.47159111249999996,-15.431908887499993
10,8900623530,dota2-flc-vg-2026-07-16-game2,2026-07-17T12:54:30.551000+00:00,11.378195560000037,1.9700293029869997,13.348224862987037
10,8900771154,dota2-ngx-bb4-2026-07-16-game1,2026-07-17T14:28:08.196000+00:00,-4.124999999999957,1.369293345,-2.7557066549999574
10,8900882416,dota2-ngx-bb4-2026-07-16-game2,2026-07-17T15:33:10.588000+00:00,0.0,0.39001403999999995,0.39001403999999995
10,8902107148,dota2-bb4-vg-2026-07-18-game1,2026-07-18T11:22:02.020000+00:00,1.75,0.06283125,1.81283125
10,8902173969,dota2-bb4-vg-2026-07-18-game2,2026-07-18T12:21:15.910000+00:00,2.9723132300000543,1.01255817212775,3.984871402127804
10,8902338515,dota2-ty-pari-2026-07-18-game1,2026-07-18T14:06:38.308000+00:00,-1.185800000000043,3.031616775,1.8458167749999568
10,8902431810,dota2-ty-pari-2026-07-18-game2,2026-07-18T15:09:37.865000+00:00,67.03090000000002,4.4868789525,71.51777895250001
10,8902610619,dota2-ty-pari-2026-07-18,2026-07-18T16:48:06.686000+00:00,2.7668000000000177,4.22117139,6.987971390000018
10,8903705555,dota2-vg-ty-2026-07-19-game1,2026-07-19T10:24:33.152000+00:00,8.470999999999997,0.28964483999999996,8.760644839999996
10,8903789784,dota2-vg-ty-2026-07-19-game2,2026-07-19T11:31:19.185000+00:00,2.5973999999999933,0.33409057499999995,2.931490574999993
10,8904012666,dota2-bb4-pari-2026-07-19-game1,2026-07-19T13:57:51.853000+00:00,21.095638380000004,0.713570173047,21.809208553047004
10,8904157676,dota2-bb4-pari-2026-07-19-game2,2026-07-19T15:17:11.337000+00:00,-18.183301750000055,4.6420005915937494,-13.541301158406306
10,8904322271,dota2-bb4-pari-2026-07-19-game3,2026-07-19T16:52:33.960000+00:00,3.3282000000000025,2.04116478,5.369364780000002
10,8904419709,dota2-bb4-pari-2026-07-19-game4,2026-07-19T18:05:14.511000+00:00,-0.14720000000000155,0.69701229,0.5498122899999984
10,8905035315,dota2-stx-lynx-2026-07-20-game1,2026-07-20T07:25:19.610000+00:00,0.0004289999999969041,0.20789774775000003,0.20832674774999693
10,8905093611,dota2-stx-lynx-2026-07-20-game2,2026-07-20T08:36:36.644000+00:00,15.968549640000013,1.592715669012,17.561265309012015
10,8905164476,dota2-stx-lynx-2026-07-20,2026-07-20T10:04:24.370000+00:00,118.92875821000001,2.30587853904975,121.23463674904976
10,8905233934,dota2-lynx-pckcp-2026-07-20-game1,2026-07-20T11:15:17.947000+00:00,53.63829935000001,1.96591781011125,55.60421716011126
10,8905359313,dota2-lynx-pckcp-2026-07-20-game2,2026-07-20T12:49:30.119000+00:00,-10.127611739999958,1.080891508113,-9.046720231886958
10,8905490238,dota2-z10-nemiga-2026-07-20-game1,2026-07-20T14:13:02.081000+00:00,-13.584900000000005,0.5594011724999999,-13.025498827500005
10,8905612460,dota2-z10-nemiga-2026-07-20-game2,2026-07-20T15:25:40.567000+00:00,-84.60983723999999,2.406485243748,-82.203351996252
10,8905741721,dota2-spirit1-jenz-2026-07-20-game1,2026-07-20T16:55:30.580000+00:00,-12.30200000000003,0.7695261,-11.53247390000003
10,8905885788,dota2-spirit1-jenz-2026-07-20-game2,2026-07-20T18:35:45.253000+00:00,0.0,0.0,0.0
10,8905975768,dota2-lvlup1-ill-2026-07-20-game1,2026-07-20T19:45:16.612000+00:00,-12.102800000000059,3.47806116,-8.62473884000006
10,8906069414,dota2-lvlup1-ill-2026-07-20-game2,2026-07-20T20:59:36.536000+00:00,-12.023600000000016,0.7761402,-11.247459800000016
10,8906479441,dota2-nemiga-dan-2026-07-21-game1,2026-07-21T07:24:02.590000+00:00,54.56967069000001,0.9165573024442499,55.486227992444256
10,8906547471,dota2-nemiga-dan-2026-07-21-game2,2026-07-21T08:48:51.736000+00:00,11.006399999999992,0.5929626,11.599362599999992
10,8906626852,dota2-pckcp-stx-2026-07-21-game1,2026-07-21T10:17:03.931000+00:00,-1.31580000000001,0.365035815,-0.9507641850000101
10,8906706819,dota2-pckcp-stx-2026-07-21-game2,2026-07-21T11:28:10.072000+00:00,1.538499999999999,0.5214361124999999,2.059936112499999
10,8906814740,dota2-pckcp-stx-2026-07-21,2026-07-21T12:50:32.182000+00:00,-21.16210071999994,3.2192223651239997,-17.94287835487594
10,8906911697,dota2-lynx-spirit1-2026-07-21-game1,2026-07-21T14:01:22.509000+00:00,0.9099999999999993,0.41175225,1.3217522499999992
10,8907021823,dota2-lynx-spirit1-2026-07-21-game2,2026-07-21T14:54:33.550000+00:00,-23.799200000000013,2.063215005,-21.735984995000013
10,8907114935,dota2-lynx-spirit1-2026-07-21,2026-07-21T15:55:17.448000+00:00,-22.258064519999955,3.583444671306,-18.674619848693954
10,8907236730,dota2-jenz-lynx-2026-07-21-game1,2026-07-21T17:22:36.365000+00:00,0.0,0.0,0.0
10,8907319204,dota2-jenz-lynx-2026-07-21-game2,2026-07-21T18:19:16.673000+00:00,-16.250355949999992,0.41901578043375,-15.831340169566243
10,8907510684,dota2-z10-aion-2026-07-21-game2,2026-07-21T20:45:41.820000+00:00,0.0,0.0,0.0
10,8907942033,dota2-ill-dan-2026-07-22-game1,2026-07-22T07:18:07.776000+00:00,0.0,0.0,0.0
10,8907997366,dota2-ill-dan-2026-07-22-game2,2026-07-22T08:30:21.640000+00:00,-4.344602679999994,0.476404820766,-3.868197859233994
10,8908178087,dota2-nemiga-aion-2026-07-22-game2,2026-07-22T11:35:02.272000+00:00,7.116409659999995,0.312719845989,7.429129505988995
10,8908313996,dota2-stx-spirit1-2026-07-22-game1,2026-07-22T13:26:43.307000+00:00,0.04526736000000753,0.19480160750400005,0.24006896750400758
10,8908486051,dota2-stx-spirit1-2026-07-22-game2,2026-07-22T15:03:55.390000+00:00,21.176285929999977,0.6772682218702499,21.853554151870227
10,8908612824,dota2-stx-spirit1-2026-07-22,2026-07-22T16:27:56.948000+00:00,5.485669300000012,2.0976580629524997,7.583327362952511
10,8908710300,dota2-z10-lvlup1-2026-07-22-game1,2026-07-22T17:40:32.974000+00:00,-9.01160000000003,2.72567409,-6.28592591000003
10,8908926344,dota2-z10-lvlup1-2026-07-22,2026-07-22T20:21:42.790000+00:00,-6.313913709999994,1.34514677739825,-4.968766932601744
10,8909388284,dota2-dan-z10-2026-07-23-game1,2026-07-23T07:17:23.633000+00:00,0.0,0.0,0.0
10,8909443684,dota2-dan-z10-2026-07-23-game2,2026-07-23T08:24:14.078000+00:00,-1.918800000000024,1.2081520350000001,-0.7106479650000239
10,8909498494,dota2-dan-z10-2026-07-23,2026-07-23T09:35:42.112000+00:00,-1.1139999999999963,0.09019413,-1.0238058699999963
10,8909658828,dota2-spirit1-pckcp-2026-07-23-game2,2026-07-23T11:56:35.158000+00:00,0.0,0.0,0.0
10,8909780227,dota2-spirit1-pckcp-2026-07-23,2026-07-23T13:29:29.880000+00:00,0.0,0.0,0.0
10,8910104556,dota2-jenz-kw1-2026-07-23-game2,2026-07-23T16:47:57.620000+00:00,-4.485099999999932,1.8775623824999998,-2.607537617499932
10,8910216725,dota2-jenz-kw1-2026-07-23,2026-07-23T18:09:02.529000+00:00,1.970000000000006,0.17845425,2.148454250000006
10,8910344715,dota2-lvlup1-aion-2026-07-23-game1,2026-07-23T19:45:58.831000+00:00,0.0,0.0,0.0
10,8910461593,dota2-lvlup1-aion-2026-07-23-game2,2026-07-23T21:18:59.726000+00:00,-4.4517999999999995,0.18788671499999998,-4.263913284999999
10,8910535715,dota2-lvlup1-aion-2026-07-23,2026-07-23T22:37:28.157000+00:00,34.52205207999997,0.587654822208,35.109706902207975
10,8910589445,dota2-nemiga-ill-2026-07-23-game1,2026-07-23T23:33:41.369000+00:00,-10.0946,0.65487084,-9.43972916
10,8910670427,dota2-nemiga-ill-2026-07-23,2026-07-24T01:26:47.762000+00:00,2.134600000000013,0.7800329100000001,2.9146329100000132
10,8910982575,dota2-aion-dan-2026-07-24-game2,2026-07-24T08:39:31.809000+00:00,0.0,0.0,0.0
10,8911277378,dota2-kw1-stx-2026-07-24-game2,2026-07-24T13:08:23.857000+00:00,4.366898520000007,0.5942679803909999,4.961166500391006
10,8911784562,dota2-z10-ill-2026-07-24-game1,2026-07-24T18:00:21.302000+00:00,-26.585999999999956,2.38776816,-24.198231839999956
10,8911916389,dota2-z10-ill-2026-07-24-game2,2026-07-24T19:32:36.981000+00:00,-1.600000000000005,0.4355399999999999,-1.164460000000005
10,8912045230,dota2-nemiga-lvlup1-2026-07-24-game1,2026-07-24T21:05:49.488000+00:00,-0.2561000000000604,2.9615317875000002,2.70543178749994
10,8912123729,dota2-nemiga-lvlup1-2026-07-24-game2,2026-07-24T22:15:39.296000+00:00,0.0,0.0,0.0
10,8912551235,dota2-ill-aion-2026-07-25-game1,2026-07-25T07:19:52.253000+00:00,2.3131994799999998,0.096211932894,2.409411412894
10,8912622476,dota2-ill-aion-2026-07-25-game2,2026-07-25T08:27:06.996000+00:00,12.629500000000007,0.6518591174999999,13.281359117500006
10,8912758286,dota2-pckcp-jenz-2026-07-22-game1,2026-07-25T10:25:45.605000+00:00,-16.440000959999978,1.0454565568319998,-15.394544403167977
10,8912831712,dota2-pckcp-jenz-2026-07-22-game2,2026-07-25T11:23:26.682000+00:00,4.800000000000001,0.14057999999999998,4.940580000000001
10,8912974141,dota2-pckcp-jenz-2026-07-22,2026-07-25T13:02:19.241000+00:00,-19.59679263999999,1.107346062984,-18.48944657701599
10,8913307206,dota2-kw1-pckcp-2026-07-25-game1,2026-07-25T16:28:48.834000+00:00,15.714600000000004,0.389900655,16.104500655000006
10,8913598312,dota2-lynx-kw1-2026-07-25-game1,2026-07-25T19:28:05.257000+00:00,0.9156000000000049,1.51365021,2.4292502100000046
10,8913726962,dota2-lynx-kw1-2026-07-25-game2,2026-07-25T20:57:15.562000+00:00,-39.45859999999997,3.1557511650000003,-36.30284883499997
10,8913824141,dota2-lynx-kw1-2026-07-25,2026-07-25T22:21:39.642000+00:00,-19.775199999999984,1.58798994,-18.187210059999984
10,8914414410,dota2-nemiga-ill-2026-07-26-game1,2026-07-26T09:26:59.644000+00:00,-8.722055600000004,0.5534578719000001,-8.168597728100004
10,8914520562,dota2-nemiga-ill-2026-07-26-game2,2026-07-26T10:41:21.923000+00:00,10.000000000000014,0.74625,10.746250000000014
10,8914637220,dota2-nemiga-ill-2026-07-26,2026-07-26T12:04:18.708000+00:00,10.769499999999994,0.4951277624999999,11.264627762499993
10,8914749408,dota2-rearis-pckcp-2026-07-26-game1,2026-07-26T13:19:34.036000+00:00,1.3513999999999982,0.38504764499999994,1.7364476449999982
10,8914885598,dota2-rearis-pckcp-2026-07-26-game2,2026-07-26T14:24:02.001000+00:00,66.76899999999998,0.474210285,67.24321028499998
10,8915002841,dota2-kw1-rearis-2026-07-26-game1,2026-07-26T15:32:54.677000+00:00,0.0,0.0,0.0
10,8915137972,dota2-kw1-rearis-2026-07-26-game2,2026-07-26T16:47:26.165000+00:00,0.9000000000000004,0.03820499999999999,0.9382050000000004
10,8915271266,dota2-jenz-stx-2026-07-26-game1,2026-07-26T18:26:53.337000+00:00,-1.1473000000000155,0.5549825625,-0.5923174375000155
10,8915390117,dota2-jenz-stx-2026-07-26-game2,2026-07-26T19:37:39.362000+00:00,0.5386000000000024,0.07957815,0.6181781500000024
10,8915498965,dota2-jenz-stx-2026-07-26,2026-07-26T20:57:43.107000+00:00,10.31660000000001,0.831315615,11.14791561500001
10,8916041863,dota2-lvlup1-pckcp-2026-07-27-game1,2026-07-27T09:21:33.291000+00:00,4.125500000000002,0.08265956249999999,4.208159562500002
10,8916102349,dota2-lvlup1-pckcp-2026-07-27-game2,2026-07-27T10:12:46.876000+00:00,-11.545200000000008,0.5702904,-10.974909600000009
10,8916245727,dota2-stx-nemiga-2026-07-27-game1,2026-07-27T12:25:46.061000+00:00,14.462454600000033,2.32864492854,16.791099528540034
10,8916384577,dota2-stx-nemiga-2026-07-27-game2,2026-07-27T13:48:29.618000+00:00,7.734699999999989,2.3631834975,10.09788349749999
10,8916474664,dota2-stx-nemiga-2026-07-27,2026-07-27T14:44:54.132000+00:00,12.066599480000008,2.3883686079329998,14.454968087933008
10,8917611319,dota2-pr1-nemiga-2026-07-28-game2,2026-07-28T10:17:02.190000+00:00,0.0,0.0,0.0
10,8917675823,dota2-pr1-nemiga-2026-07-28,2026-07-28T11:19:25.327000+00:00,24.289900000000003,0.5434452075,24.833345207500003
10,8917738415,dota2-nh-pckcp-2026-07-28-game1,2026-07-28T12:16:10.015000+00:00,0.0,0.0,0.0
10,8917853656,dota2-nh-pckcp-2026-07-28-game2,2026-07-28T13:23:44.955000+00:00,0.935200000000016,0.21698858999999998,1.152188590000016
10,8918052500,dota2-pckcp-kw1-2026-07-28-game1,2026-07-28T15:24:46.769000+00:00,-2.3999999999999986,0.11771999999999999,-2.2822799999999988
10,8918176547,dota2-pckcp-kw1-2026-07-28-game2,2026-07-28T16:37:04.197000+00:00,0.0,0.0,0.0
10,8919264561,dota2-rearis-z10-2026-07-29-game1,2026-07-29T12:23:03.580000+00:00,-11.290299999999988,0.5843939924999999,-10.705906007499987
10,8919404744,dota2-rearis-z10-2026-07-29-game2,2026-07-29T13:48:28.368000+00:00,-12.771299999999997,2.5224505875000003,-10.248849412499997
10,8919546613,dota2-amaru-nemiga-2026-07-29-game1,2026-07-29T15:15:30.082000+00:00,0.0,0.0,0.0
10,8919685210,dota2-amaru-nemiga-2026-07-29-game2,2026-07-29T16:34:50.427000+00:00,-64.87720061999997,1.7165935320704997,-63.16060708792947
10,8919803916,dota2-amaru-nemiga-2026-07-29,2026-07-29T18:02:17.532000+00:00,82.28198118999995,3.53481928551075,85.8168004755107
10,8920655724,dota2-pckcp-z10-2026-07-30-game2,2026-07-30T10:32:16.617000+00:00,0.0,0.0,0.0
10,8920897425,dota2-lvlup1-z10-2026-07-30-game2,2026-07-30T13:37:44.606000+00:00,-24.942700000000016,1.9525678725,-22.990132127500015
10,8921002620,dota2-lvlup1-z10-2026-07-30,2026-07-30T14:47:46.063000+00:00,5.463199999999986,0.9129069000000001,6.376106899999987
10,8921162227,dota2-amaru-pr1-2026-07-30-game1,2026-07-30T16:32:24.441000+00:00,15.066900000000008,0.7512482024999999,15.818148202500007
10,8921281044,dota2-amaru-pr1-2026-07-30-game2,2026-07-30T17:34:28.519000+00:00,0.0,0.0,0.0
10,8921949036,dota2-re-midas3-2026-07-31-game1,2026-07-31T06:23:42.906000+00:00,0.0,0.0,0.0
10,8922016200,dota2-re-midas3-2026-07-31-game2,2026-07-31T07:39:14.850000+00:00,10.000200000000007,0.58051161,10.580711610000007
10,8922074642,dota2-vg-amaru-2026-07-31-game1,2026-07-31T08:46:41.467000+00:00,3.0,0.1096875,3.1096875
10,8922137329,dota2-vg-amaru-2026-07-31-game2,2026-07-31T09:48:16.177000+00:00,0.0,0.0,0.0
10,8922133239,dota2-tr7-playti-2026-07-31-game1,2026-07-31T09:57:34.446000+00:00,15.522598079999966,2.286155781465,17.808753861464965
10,8922186876,dota2-vg-amaru-2026-07-31,2026-07-31T10:40:33.810000+00:00,2.4165999999999883,0.329606505,2.7462065049999884
10,8922211678,dota2-tr7-playti-2026-07-31-game2,2026-07-31T11:00:53.806000+00:00,-0.8661167200000222,1.563316782732,0.6972000627319779
10,8922300474,dota2-enjoy-glyph-2026-07-31-game1,2026-07-31T12:14:29.331000+00:00,0.0,0.107055,0.107055
10,8922339160,dota2-l1ga-rnx-2026-07-31-game1,2026-07-31T12:44:09.822000+00:00,-19.189300000000003,4.2569843325,-14.932315667500003
10,8922400300,dota2-enjoy-glyph-2026-07-31-game2,2026-07-31T13:24:39.311000+00:00,0.9990000000000032,0.923136465,1.9221364650000032
10,8922433138,dota2-l1ga-rnx-2026-07-31-game2,2026-07-31T13:42:06.325000+00:00,-13.140000000000006,0.5197080000000001,-12.620292000000006
10,8922552315,dota2-l1ga-rnx-2026-07-31,2026-07-31T14:55:23.609000+00:00,26.316000000000017,0.58776786,26.903767860000016
10,8922602122,dota2-yb1-z10-2026-07-31-game1,2026-07-31T15:28:08.646000+00:00,7.321900000000014,2.1380546625,9.459954662500014
10,8922722577,dota2-yb1-z10-2026-07-31-game2,2026-07-31T16:35:25.057000+00:00,-15.23370000000002,1.5090170625,-13.72468293750002
10,8922818221,dota2-xtreme-lgd-2026-07-31-game1,2026-07-31T17:51:24.199000+00:00,0.4607000000000312,1.4176856025,1.8783856025000312
10,8922940920,dota2-xtreme-lgd-2026-07-31-game2,2026-07-31T19:09:48.720000+00:00,-67.27380049999996,3.4225943523749995,-63.851206147624964
10,8923040358,dota2-xtreme-lgd-2026-07-31,2026-07-31T20:28:40.570000+00:00,-42.48230000000001,1.3514126475,-41.13088735250001
10,8923506996,dota2-midas3-tr7-2026-08-01-game1,2026-08-01T05:43:01.223000+00:00,0.8000000000000007,0.14267999999999997,0.9426800000000006
10,8923579943,dota2-midas3-tr7-2026-08-01-game2,2026-08-01T07:02:32.143000+00:00,-75.6737,1.6159460475,-74.0577539525
10,8923643650,dota2-midas3-tr7-2026-08-01,2026-08-01T08:08:01.087000+00:00,-40.84800000000001,0.7950305400000001,-40.052969460000014
10,8923704450,dota2-yes-vg-2026-08-01-game1,2026-08-01T09:01:56.739000+00:00,1.471858289999986,0.9409243183492499,2.412782608349236
10,8923780137,dota2-re-playti-2026-08-01-game1,2026-08-01T10:09:39.721000+00:00,-8.771999999999977,0.65092626,-8.121073739999977
10,8923790600,dota2-yes-vg-2026-08-01-game2,2026-08-01T10:14:11.317000+00:00,0.0,0.0,0.0
10,8923874259,dota2-re-playti-2026-08-01-game2,2026-08-01T11:26:12.956000+00:00,-5.659301920000001,0.5682072483239999,-5.091094671676001
10,8923899787,dota2-enjoy-yb1-2026-08-01-game1,2026-08-01T11:45:49.553000+00:00,-19.71840000000001,0.449264835,-19.26913516500001
10,8924057168,dota2-l1ga-lgd-2026-08-01-game1,2026-08-01T13:34:16.709000+00:00,-3.599999999999998,0.12824999999999998,-3.471749999999998
10,8924222714,dota2-l1ga-lgd-2026-08-01-game2,2026-08-01T15:02:43.462000+00:00,0.0,0.0,0.0
10,8924328537,dota2-glyph-z10-2026-08-01-game1,2026-08-01T15:59:42.950000+00:00,-36.87838601999998,1.3528497590414998,-35.52553626095848
10,8924367779,dota2-l1ga-lgd-2026-08-01,2026-08-01T16:23:12.450000+00:00,-16.867199999999997,0.32077800000000006,-16.546421999999996
10,8924468754,dota2-glyph-z10-2026-08-01-game2,2026-08-01T17:25:49.795000+00:00,-39.84719999999999,1.47474126,-38.372458739999985
10,8924530036,dota2-rnx-xtreme-2026-08-01-game1,2026-08-01T18:06:50.164000+00:00,4.025500000000008,0.4214441625,4.446944162500008
10,8924616191,dota2-rnx-xtreme-2026-08-01-game2,2026-08-01T19:06:22.446000+00:00,-41.32208099999994,1.802736784125,-39.51934421587494
10,8925210898,dota2-playti-xctn-2026-08-02-game1,2026-08-02T05:28:20.542000+00:00,0.0,0.0,0.0
10,8925308090,dota2-playti-xctn-2026-08-02-game2,2026-08-02T07:03:47.891000+00:00,3.030399999999986,0.5022887999999999,3.5326887999999856
10,8925543582,dota2-yes-tr7-2026-08-02-game1,2026-08-02T10:44:16.945000+00:00,-1.6666999999999916,0.6429173925,-1.0237826074999916
10,8925703946,dota2-yes-tr7-2026-08-02-game2,2026-08-02T11:58:57.158000+00:00,22.722625179999994,2.0982770223555,24.820902202355494
10,8925847726,dota2-yes-tr7-2026-08-02,2026-08-02T13:17:43.701000+00:00,113.62770000000003,0.8536200525,114.48132005250004
10,8926022375,dota2-rnx-yb1-2026-08-02-game1,2026-08-02T15:09:53.856000+00:00,37.47339912999998,3.01386668732475,40.48726581732473
10,8926232913,dota2-rnx-yb1-2026-08-02-game2,2026-08-02T16:42:19.665000+00:00,5.121400000000001,0.876372105,5.997772105000001
10,8926381426,dota2-rnx-yb1-2026-08-02,2026-08-02T18:14:10.009000+00:00,-1.1074226199999941,0.646026548397,-0.4613960716029941
10,8926523280,dota2-z10-lgd-2026-08-02-game1,2026-08-02T19:59:32.068000+00:00,-7.440000000000012,0.47003549999999994,-6.969964500000012
10,8926636219,dota2-z10-lgd-2026-08-02-game2,2026-08-02T21:07:31.416000+00:00,-12.020999999999958,0.56516805,-11.455831949999958
10,8927063876,dota2-glyph-playti-2026-08-03-game2,2026-08-03T06:55:36.873000+00:00,29.00632929999999,1.3565286567975001,30.36285795679749
10,8927132943,dota2-glyph-playti-2026-08-03,2026-08-03T08:27:35.152000+00:00,19.043067200000003,1.0341104076,20.077177607600003
10,8927207054,dota2-xtreme-tr7-2026-08-03-game1,2026-08-03T10:00:05.212000+00:00,6.62510000000006,1.0923293475,7.71742934750006
10,8927288399,dota2-xtreme-tr7-2026-08-03-game2,2026-08-03T11:00:48.642000+00:00,0.0,0.0,0.0
10,8927380776,dota2-xtreme-tr7-2026-08-03,2026-08-03T12:15:30.661000+00:00,2.2728980600000384,2.6393950829894997,4.9122931429895385
10,8927539264,dota2-vg-yb1-2026-08-03-game1,2026-08-03T14:05:56.825000+00:00,30.35010000000004,1.0446627075,31.39476270750004
10,8927660975,dota2-vg-yb1-2026-08-03-game2,2026-08-03T15:05:20.968000+00:00,16.988807240000014,1.584481529661,18.573288769661016
10,8927760296,dota2-vg-yb1-2026-08-03,2026-08-03T16:18:19.713000+00:00,29.8024999999999,2.0760253875,31.8785253874999
10,8927926397,dota2-re-lgd-2026-08-03-game1,2026-08-03T18:09:03.381000+00:00,6.0608,0.49365216000000006,6.55445216
10,8928050264,dota2-re-lgd-2026-08-03-game2,2026-08-03T19:19:18.313000+00:00,0.0,0.0,0.0
10,8928163118,dota2-re-lgd-2026-08-03,2026-08-03T20:43:38.722000+00:00,-21.073699999999988,1.2717664124999999,-19.801933587499988
10,8928851109,dota2-playti-tr7-2026-08-04-game1,2026-08-04T11:30:07.829000+00:00,1.4800000000000004,0.7836431249999998,2.263643125
10,8928953683,dota2-playti-tr7-2026-08-04-game2,2026-08-04T12:46:11.879000+00:00,23.073115040000054,3.114298751832,26.187413791832054
10,8929124210,dota2-yb1-re-2026-08-04-game1,2026-08-04T14:38:55.576000+00:00,7.645610070000014,0.55341306992325,8.199023139923264
10,8929276426,dota2-yb1-re-2026-08-04-game2,2026-08-04T15:54:25.550000+00:00,24.038941599999987,0.90056700036,24.939508600359986
10,8929365099,dota2-yb1-re-2026-08-04,2026-08-04T16:51:08.308000+00:00,28.958545730000168,5.01484747688025,33.97339320688042
10,8930200713,dota2-tr7-re-2026-08-05-game1,2026-08-05T08:20:38.811000+00:00,-1.4465760999999997,0.8877190084875,-0.5588570915124997
10,8930258778,dota2-tr7-re-2026-08-05-game2,2026-08-05T09:25:42.941000+00:00,-6.555800000000033,4.52626728,-2.0295327200000335
10,8930398938,dota2-playti-yb1-2026-08-05-game1,2026-08-05T12:24:04.133000+00:00,2.7089,2.2981962975,5.0070962975
10,8930615242,dota2-playti-yb1-2026-08-05-game2,2026-08-05T14:02:56.166000+00:00,130.78109999999998,0.5924966625,131.37359666249998
10,8930736914,dota2-playti-yb1-2026-08-05-game3,2026-08-05T15:09:49.519000+00:00,6.889999999999986,0.97244625,7.862446249999986
10,8931781241,dota2-lvlup1-rearis-2026-08-06-game1,2026-08-06T09:28:03.156000+00:00,0.5999999999999979,0.105795,0.7057949999999978
10,8931852727,dota2-lvlup1-rearis-2026-08-06-game2,2026-08-06T10:30:33.624000+00:00,4.02,0.41822550000000003,4.4382255
10,8931981851,dota2-rearis-nh-2026-08-06-game1,2026-08-06T12:26:15.226000+00:00,11.338499999999996,0.45900573749999996,11.797505737499996
10,8932085762,dota2-rearis-nh-2026-08-06-game2,2026-08-06T13:20:21.204000+00:00,0.0,0.0,0.0
10,8932181345,dota2-rearis-nh-2026-08-06,2026-08-06T14:22:22.478000+00:00,5.681190400000027,0.24350155415999997,5.924691954160027
10,8932318084,dota2-nh-lvlup1-2026-08-06-game1,2026-08-06T15:34:15.395000+00:00,-24.938136499999978,0.5487842716875,-24.38935222831248
10,8932413808,dota2-nh-lvlup1-2026-08-06-game2,2026-08-06T16:23:29.211000+00:00,0.4560000000000013,0.080541,0.5365410000000013
10,8932523868,dota2-nh-lvlup1-2026-08-06,2026-08-06T17:36:18.454000+00:00,0.0,0.0,0.0
10,8932657929,dota2-ill-pr1-2026-08-06-game1,2026-08-06T19:12:10.345000+00:00,16.064498200000003,0.8938365189899999,16.958334718990002
10,8932835800,dota2-ill-pr1-2026-08-06,2026-08-06T21:22:55.783000+00:00,-3.302399999999995,0.8509986,-2.451401399999995
10,8933374169,dota2-nh-z10-2026-08-07-game1,2026-08-07T09:29:47.916000+00:00,0.0,0.0,0.0
10,8933453728,dota2-nh-z10-2026-08-07-game2,2026-08-07T10:40:19.376000+00:00,0.0,0.0185625,0.0185625
10,8933575351,dota2-ill-stx-2026-08-07-game1,2026-08-07T12:33:02.695000+00:00,-62.188199999999995,1.72595868,-60.46224132
10,8933704579,dota2-ill-stx-2026-08-07-game2,2026-08-07T13:44:43.178000+00:00,-13.738500000000016,3.1044777225,-10.634022277500016
10,8933879286,dota2-pr1-jenz-2026-08-07-game1,2026-08-07T15:25:51.002000+00:00,-188.04530000000005,2.9531908275000003,-185.09210917250005
10,8933988979,dota2-pr1-jenz-2026-08-07-game2,2026-08-07T16:29:38.697000+00:00,7.547199999999975,0.69934242,8.246542419999976
10,8934184387,dota2-jenz-nemiga-2026-08-07-game1,2026-08-07T18:35:03.983000+00:00,4.623799999999989,0.578413755,5.202213754999988
10,8934279386,dota2-jenz-nemiga-2026-08-07-game2,2026-08-07T19:33:30.612000+00:00,0.0,0.42000335999999994,0.42000335999999994
10,8936825643,dota2-pr1-yes-2026-08-09-game1,2026-08-09T09:22:32.992000+00:00,-20.605133139999992,1.707551451261,-18.897581688738992
10,8937080738,dota2-pr1-yes-2026-08-09,2026-08-09T12:20:23.208000+00:00,34.86160000000001,3.3449382,38.20653820000001
10,8937188618,dota2-lvlup1-mouz-2026-08-09-game1,2026-08-09T13:17:49.636000+00:00,-41.17376641999999,1.1244579172845,-40.04930850271549
10,8937335830,dota2-lvlup1-mouz-2026-08-09-game2,2026-08-09T14:27:35.299000+00:00,-0.7584999999999837,2.4784954724999997,1.719995472500016
10,8937484593,dota2-ill-re-2026-08-09-game1,2026-08-09T15:55:00.679000+00:00,-9.467575869999992,0.51462872098575,-8.952947149014243
10,8937631882,dota2-ill-re-2026-08-09-game2,2026-08-09T17:12:21.447000+00:00,120.09052399999993,1.2458875038000001,121.33641150379994
10,8937722788,dota2-z10-navi-2026-08-09-game1,2026-08-09T18:17:16.930000+00:00,-25.332199999999986,1.147449105,-24.184750894999986
10,8938509987,dota2-pr1-mouz-2026-08-10-game1,2026-08-10T09:24:47.767000+00:00,6.312599999999986,1.585655865,7.898255864999985
10,8938565057,dota2-pr1-mouz-2026-08-10-game2,2026-08-10T10:12:07.159000+00:00,-10.967400000000012,0.895634955,-10.071765045000012
10,8938634026,dota2-pr1-mouz-2026-08-10,2026-08-10T11:15:54.851000+00:00,-42.47579999999998,1.8378160649999997,-40.63798393499998
10,8938716198,dota2-ill-z10-2026-08-10-game1,2026-08-10T12:25:50.383000+00:00,-5.559657999999992,0.67344964815,-4.886208351849992
10,8939023869,dota2-yes-lvlup1-2026-08-10-game1,2026-08-10T15:24:37.289000+00:00,53.83269999999996,1.7368749974999997,55.56957499749996
10,8940059913,dota2-lvlup1-navi-2026-08-11-game1,2026-08-11T09:16:02.605000+00:00,13.580600000000004,0.2106536249999999,13.791253625000003
10,8940117837,dota2-lvlup1-navi-2026-08-11-game2,2026-08-11T10:12:11.551000+00:00,55.3304292,2.2769633423099997,57.607392542309995
10,8940266495,dota2-mouz-re-2026-08-11-game1,2026-08-11T12:16:13.042000+00:00,61.880900000000025,2.7144864525,64.59538645250002
10,8940365227,dota2-mouz-re-2026-08-11-game2,2026-08-11T13:12:04.281000+00:00,0.1499999999999999,0.01805625,0.1680562499999999
10,8940487898,dota2-mouz-re-2026-08-11,2026-08-11T14:25:06.999000+00:00,20.917899999999975,1.3773597825000001,22.295259782499976
10,8940643574,dota2-yes-z10-2026-08-11-game1,2026-08-11T15:45:57.067000+00:00,26.86870000000002,2.1679371975,29.036637197500017
10,8940756672,dota2-yes-z10-2026-08-11-game2,2026-08-11T16:48:25.758000+00:00,-20.602100000000007,2.5129554675,-18.089144532500008
10,8941656460,dota2-lvlup1-re-2026-08-12-game1,2026-08-12T09:19:34.658000+00:00,3.7672000000000025,1.5121128149999998,5.279312815000003
10,8941733752,dota2-lvlup1-re-2026-08-12-game2,2026-08-12T10:35:42.245000+00:00,-26.442399999999992,2.829004545,-23.613395454999992
10,8941817475,dota2-lvlup1-re-2026-08-12,2026-08-12T11:50:26.039000+00:00,5.000100000000003,0.9127258275,5.912825827500003
10,8942003788,dota2-navi-lvlup1-2026-08-12-game1,2026-08-12T13:42:36.457000+00:00,0.3000000000000007,0.0261225,0.3261225000000007
10,8942152024,dota2-navi-lvlup1-2026-08-12-game2,2026-08-12T14:50:30.897000+00:00,0.6999999999999957,0.15156750000000002,0.8515674999999958
10,8942262723,dota2-navi-lvlup1-2026-08-12-game3,2026-08-12T15:53:47.795000+00:00,3.212639039999999,0.238399344048,3.4510383840479992
10,8962372120,dota2-ic-nemiga-2026-08-24-game1,2026-08-24T07:17:08.649000+00:00,24.691999999999986,0.8804011500000001,25.572401149999987
10,8962458373,dota2-ic-nemiga-2026-08-24-game2,2026-08-24T08:26:45.454000+00:00,11.111299369999973,1.22612361944625,12.337422989446223
10,8962592819,dota2-ks-lynx-2026-08-24-game1,2026-08-24T10:19:27.562000+00:00,-23.006685449999992,0.85740514511775,-22.149280304882243
10,8962736746,dota2-ks-lynx-2026-08-24-game2,2026-08-24T11:33:18.452000+00:00,22.599966599999966,1.740084010107,24.340050610106967
10,8962964580,dota2-sb5-stx-2026-08-24-game1,2026-08-24T13:25:23.881000+00:00,1.2416661000000002,0.006518747025,1.2481848470250003
10,8963508714,dota2-rearis-lynx-2026-08-24-game2,2026-08-24T17:37:20.349000+00:00,40.397234410000024,1.92277116902775,42.32000557902777
10,8963649188,dota2-dynast1-fts-2026-08-24-game1,2026-08-24T19:15:00.848000+00:00,15.100000000000009,0.2189325,15.318932500000008
10,8963790789,dota2-dynast1-fts-2026-08-24-game2,2026-08-24T20:20:45.642000+00:00,0.2600000000000051,0.23611050000000003,0.4961105000000051
10,8964399842,dota2-pckcp-nemiga-2026-08-25-game1,2026-08-25T07:22:10.248000+00:00,-16.54172956000002,1.0824097738260001,-15.45931978617402
10,8964480771,dota2-pckcp-nemiga-2026-08-25-game2,2026-08-25T08:31:41.723000+00:00,13.186500000000024,2.9499868124999997,16.136486812500024
10,8964574076,dota2-pckcp-nemiga-2026-08-25,2026-08-25T09:52:05.670000+00:00,-30.0436,1.087478325,-28.956121675000002
10,8964657335,dota2-fts-pckcp-2026-08-25-game1,2026-08-25T10:52:11.864000+00:00,-3.765498959999995,0.558458057742,-3.207040902257995
10,8964837315,dota2-fts-pckcp-2026-08-25-game2,2026-08-25T12:34:06.314000+00:00,-7.704487099999909,1.722534442545,-5.981952657454909
10,8964962329,dota2-ic-fts-2026-08-25-game1,2026-08-25T13:50:36.471000+00:00,41.859460640000165,0.876925472724,42.73638611272416
10,8965097316,dota2-ic-fts-2026-08-25-game2,2026-08-25T14:41:01.046000+00:00,-2.4114999999999647,1.0388548425,-1.3726451574999647
10,8964938940,dota2-rearis-spirit1-2026-08-25-game1,2026-08-25T16:23:39.394000+00:00,4.1162017700000035,0.46237800089625003,4.578579770896254
10,8965544741,dota2-rearis-spirit1-2026-08-25,2026-08-25T18:44:21.316000+00:00,-4.835285660000025,1.806923325171,-3.0283623348290254
10,8969842778,dota2-pckcp-ic-2026-08-28-game2,2026-08-28T08:21:21.985000+00:00,8.314999999999998,0.35907,8.674069999999997
10,8969978865,dota2-rearis-sb5-2026-08-28-game1,2026-08-28T10:27:01.322000+00:00,1.603100000000012,0.24550566749999997,1.848605667500012
10,8970089224,dota2-rearis-sb5-2026-08-28-game2,2026-08-28T11:41:09.553000+00:00,2.5,0.288375,2.788375
10,8970207176,dota2-rearis-sb5-2026-08-28,2026-08-28T12:56:49.576000+00:00,37.39536085,1.01282972290875,38.40819057290875
10,8970338180,dota2-synaps-nemiga-2026-08-28-game1,2026-08-28T14:09:13.367000+00:00,-2.245299999999986,1.9802926424999998,-0.2650073574999863
10,8970352005,dota2-dynast1-ic-2026-08-28-game1,2026-08-28T14:10:35.964000+00:00,0.29515769999999986,0.053809426755,0.34896712675499986
10,8970470057,dota2-synaps-nemiga-2026-08-28-game2,2026-08-28T15:09:53.245000+00:00,210.28160932999984,1.4213600823277501,211.70296941232758
10,8970485789,dota2-dynast1-ic-2026-08-28-game2,2026-08-28T15:14:26.848000+00:00,-45.80394412999999,2.34765110805825,-43.45629302194174
10,8970575970,dota2-synaps-nemiga-2026-08-28,2026-08-28T16:02:11.965000+00:00,37.1537,0.6064915874999999,37.7601915875
10,8970655100,dota2-dynast1-ic-2026-08-28,2026-08-28T16:43:34.585000+00:00,-3.2857205600000015,0.385191307362,-2.9005292526380013
10,8970886632,dota2-dynast1-pckcp-2026-08-28-game2,2026-08-28T18:51:22.084000+00:00,116.59661499999999,2.130499358625,118.72711435862499
10,8971007454,dota2-ks-rearis-2026-08-28-game1,2026-08-28T20:11:41.712000+00:00,-1.4210854715202004e-14,0.93000744,0.9300074399999858
10,8971016820,dota2-fts-nemiga-2026-08-28-game1,2026-08-28T20:17:43.711000+00:00,-0.10000000000000009,0.018135,-0.08186500000000009
10,8971111987,dota2-ks-rearis-2026-08-28-game2,2026-08-28T21:24:47.695000+00:00,-0.9670161999999953,0.322214458275,-0.6448017417249954
10,8971423978,dota2-db2-satan-2026-08-28-game2,2026-08-29T03:20:55.120000+00:00,0.0,0.0,0.0
10,8971501630,dota2-nexus-cres-2026-08-28,2026-08-29T04:51:09.441000+00:00,-138.29430000000002,2.2459337325,-136.04836626750003
10,8971519375,dota2-nem-6seven-2026-08-29-game1,2026-08-29T05:14:15.579000+00:00,38.26390039999997,1.12034331501,39.384243715009966
10,8971586781,dota2-nem-6seven-2026-08-29-game2,2026-08-29T06:13:46.689000+00:00,10.877200300000027,1.6660255023465,12.543225802346527
10,8971664649,dota2-nem-6seven-2026-08-29,2026-08-29T07:24:10.704000+00:00,20.16553104000002,1.3865503841159998,21.552081424116018
10,8971753986,dota2-icecre-kineti-2026-08-29-game1,2026-08-29T08:38:12.829000+00:00,0.0,0.0,0.0
10,8971849697,dota2-icecre-kineti-2026-08-29-game2,2026-08-29T09:43:14.699000+00:00,-1.7956428799999955,0.297859671312,-1.4977832086879954
10,8971891627,dota2-dynast1-nemiga-2026-08-29-game1,2026-08-29T10:17:49.464000+00:00,-0.34353385000002845,0.7736162223262499,0.4300823723262215
10,8971964803,dota2-mouz-yes-2026-08-29-game1,2026-08-29T11:13:49.271000+00:00,-28.354199999999906,2.74390281,-25.610297189999905
10,8971988345,dota2-sb5-lynx-2026-08-29-game1,2026-08-29T11:21:30.742000+00:00,-0.510584279999998,0.28775583045599995,-0.22282844954399805
10,8972103119,dota2-sb5-lynx-2026-08-29-game2,2026-08-29T12:31:54.536000+00:00,-15.372629800000013,0.6407079902549999,-14.731921809745012
10,8972115962,dota2-mouz-yes-2026-08-29-game2,2026-08-29T12:36:59.931000+00:00,-21.11477885,2.06571967772625,-19.04905917227375
10,8972289868,dota2-huliga-lynx-2026-08-29-game1,2026-08-29T14:15:10.550000+00:00,-26.34377733999999,2.068352153571,-24.27542518642899
10,8972502454,dota2-huliga-lynx-2026-08-29-game2,2026-08-29T15:52:19.963000+00:00,16.67670000000001,0.9631000574999999,17.63980005750001
10,8972611918,dota2-huliga-lynx-2026-08-29,2026-08-29T16:49:36.587000+00:00,15.091600000000017,2.7660997050000002,17.857699705000016
10,8972773416,dota2-pi-lvlup1-2026-08-29-game1,2026-08-29T18:17:23.637000+00:00,13.956927039999975,1.469464314108,15.426391354107976
10,8972893200,dota2-pi-lvlup1-2026-08-29-game2,2026-08-29T19:20:53.860000+00:00,-0.17369999999999952,0.7506354375,0.5769354375000004
10,8973011673,dota2-pi-lvlup1-2026-08-29,2026-08-29T20:33:12.059000+00:00,-3.0012017299999982,0.43575719468025,-2.5654445353197484
10,8973010298,dota2-ks-spirit1-2026-08-29-game1,2026-08-29T20:38:42.759000+00:00,0.0,0.0,0.0
10,8973337131,dota2-icecre-xctn-2026-08-30-game1,2026-08-30T02:14:49.254000+00:00,-10.761580999999993,0.635683331625,-10.125897668374993
10,8973405568,dota2-icecre-xctn-2026-08-30-game2,2026-08-30T03:19:55.483000+00:00,-17.46908346,0.765078950829,-16.704004509171
10,8973462028,dota2-icecre-xctn-2026-08-30,2026-08-30T04:30:11.988000+00:00,0.22175999999998908,1.858602766788,2.080362766787989
10,8973502629,dota2-clo-yb1-2026-08-30-game1,2026-08-30T05:13:07.837000+00:00,0.0,0.0,0.0
10,8973568453,dota2-clo-yb1-2026-08-30-game2,2026-08-30T06:12:50.377000+00:00,0.15268528999999909,0.04962644358224999,0.20231173358224908
10,8973613420,dota2-clo-yb1-2026-08-30,2026-08-30T07:04:46.677000+00:00,17.900686060000027,0.5201192013915,18.420805261391525
10,8973707438,dota2-lynx-lvlup1-2026-08-30-game1,2026-08-30T08:16:36.050000+00:00,0.0,0.0185625,0.0185625
10,8973859403,dota2-lynx-lvlup1-2026-08-30-game2,2026-08-30T09:56:31.353000+00:00,-4.047001280000018,1.3363699474919999,-2.710631332508018
10,8973884000,dota2-nem-xctn-2026-08-30-game2,2026-08-30T10:12:32.710000+00:00,9.322974399999993,0.5491218367199999,9.872096236719992
10,8973944033,dota2-lynx-lvlup1-2026-08-30,2026-08-30T10:50:43.696000+00:00,-14.584400000000016,4.630007774999999,-9.954392225000017
10,8974185539,dota2-navi-mouz-2026-08-30-game2,2026-08-30T13:08:29.090000+00:00,5.564548429999997,0.13928464466025,5.703833074660246
10,8974647733,dota2-lvlup1-pr1-2026-08-30-game1,2026-08-30T17:09:16.077000+00:00,-6.406500700000024,1.6397311542975,-4.766769545702523
10,8974898633,dota2-lvlup1-pr1-2026-08-30,2026-08-30T19:25:58.777000+00:00,1.077675199999991,0.6729688359,1.7506440358999908
10,8975110449,dota2-dynast1-ks-2026-08-30-game2,2026-08-30T21:54:27.706000+00:00,-12.520981709999962,0.7440211943752499,-11.776960515624712
10,8975871235,dota2-synaps-lynx-2026-08-31-game1,2026-08-31T12:26:44.788000+00:00,-28.59124426999992,2.6318682647752496,-25.95937600522467
10,8976012755,dota2-synaps-lynx-2026-08-31-game2,2026-08-31T13:41:35.303000+00:00,15.02800000000002,1.319995575,16.34799557500002
10,8976166971,dota2-synaps-lynx-2026-08-31,2026-08-31T15:09:07.826000+00:00,17.054493199999982,2.4054667069409996,19.45995990694098
10,8976300473,dota2-4iki-ic-2026-08-31-game1,2026-08-31T16:25:39.940000+00:00,-2.9801919199999984,1.7141004887159998,-1.2660914312839986
10,8976441468,dota2-4iki-ic-2026-08-31-game2,2026-08-31T17:43:06.122000+00:00,24.1935,0.4992328724999999,24.6927328725
10,8976511215,dota2-4iki-ic-2026-08-31,2026-08-31T18:29:54.020000+00:00,4.900000000000006,0.6585,5.558500000000006
10,8976665322,dota2-spirit1-pi-2026-08-31-game1,2026-08-31T20:26:57.494000+00:00,3.4342465000000146,1.7284058071875,5.162652307187514
10,8976751962,dota2-spirit1-pi-2026-08-31-game2,2026-08-31T21:40:17.685000+00:00,7.439999999999998,0.364932,7.804931999999997
10,8977325814,dota2-ks-pckcp-2026-09-01-game2,2026-09-01T10:26:27.059000+00:00,11.813199999999966,0.5702216999999999,12.383421699999966
10,8977476867,dota2-ic-lynx-2026-09-01-game1,2026-09-01T12:26:04.131000+00:00,-8.83217904,1.3532817445439997,-7.478897295456
10,8977623650,dota2-ic-lynx-2026-09-01-game2,2026-09-01T13:53:28.128000+00:00,9.680176999999958,1.064955897375,10.745132897374958
10,8977913355,dota2-synaps-lvlup1-2026-09-01-game2,2026-09-01T16:37:59.217000+00:00,11.940000000000012,0.331335,12.271335000000011
10,8978023576,dota2-synaps-lvlup1-2026-09-01,2026-09-01T17:45:54.185000+00:00,1.5139261399999988,0.132641603343,1.6465677433429988
10,8978832148,dota2-pr1-ic-2026-09-02-game1,2026-09-02T09:52:32.767000+00:00,66.64862394999994,1.4276821784362501,68.0763061284362
10,8978916284,dota2-pr1-ic-2026-09-02-game2,2026-09-02T11:19:11.539000+00:00,0.0,0.0,0.0
10,8978986214,dota2-pr1-ic-2026-09-02,2026-09-02T12:20:55.440000+00:00,0.0,0.0,0.0
10,8979131280,dota2-dynast1-pckcp-2026-09-02-game1,2026-09-02T13:56:13.878000+00:00,0.0,0.0,0.0
10,8979241530,dota2-dynast1-pckcp-2026-09-02-game2,2026-09-02T14:56:18.245000+00:00,14.88390855999998,1.0061227978529999,15.89003135785298
10,8979344496,dota2-synaps-4iki-2026-09-02-game1,2026-09-02T15:59:27.587000+00:00,-23.91329999999998,3.8552461875,-20.058053812499978
10,8980293569,dota2-z10-ks-2026-09-03-game1,2026-09-03T09:18:42.909000+00:00,94.48590000000004,1.1322478425,95.61814784250004
10,8980358113,dota2-z10-ks-2026-09-03-game2,2026-09-03T10:27:20.250000+00:00,7.292507559999962,1.6928375351849998,8.985345095184961
10,8980463789,dota2-pckcp-spirit1-2026-09-03-game1,2026-09-03T12:14:02.762000+00:00,0.0,0.0,0.0
10,8980769413,dota2-pi-dynast1-2026-09-03-game1,2026-09-03T15:17:23.998000+00:00,14.179913800000001,0.4361642183099999,14.61607801831
11,8837869969,dota2-aur1-ty-2026-06-04-game1,2026-06-04T09:17:47.612000+00:00,58.32698119999998,2.52943780155,60.85641900154998
11,8837957019,dota2-aur1-ty-2026-06-04-game2,2026-06-04T11:05:49.570000+00:00,-94.47439999999995,6.02435067,-88.45004932999994
11,8838056564,dota2-flc-liquid-2026-06-04-game1,2026-06-04T12:43:48.535000+00:00,-2.0829999999999886,0.8768738250000001,-1.2061261749999885
11,8838170936,dota2-flc-liquid-2026-06-04-game2,2026-06-04T14:05:12.636000+00:00,-11.595099999999974,1.5397800975,-10.055319902499974
11,8838396820,dota2-lgd-ty-2026-06-04-game2,2026-06-04T16:48:28.531000+00:00,14.12469914000002,2.223316189533,16.34801532953302
11,8838480778,dota2-lgd-ty-2026-06-04,2026-06-04T17:57:47.377000+00:00,-24.960101079999987,2.1893718471705,-22.77072923282949
11,8839123109,dota2-flc-bb4-2026-06-05-game1,2026-06-05T09:16:39.267000+00:00,3.1166000000000196,0.382017135,3.4986171350000195
11,8839193447,dota2-flc-bb4-2026-06-05-game2,2026-06-05T10:38:10.594000+00:00,-0.26509999999997547,1.4981052825,1.2330052825000246
11,8839366504,dota2-lgd-liquid-2026-06-05-game2,2026-06-05T13:21:18.066000+00:00,-63.73659999999998,1.9940011499999999,-61.74259884999998
11,8839494962,dota2-flc-aur1-2026-06-05-game1,2026-06-05T14:52:18.684000+00:00,48.490600000000086,2.377174125,50.86777412500008
11,8839625815,dota2-flc-aur1-2026-06-05-game2,2026-06-05T16:13:53.150000+00:00,11.156299999999995,0.5857704974999999,11.742070497499995
11,8839717574,dota2-flc-aur1-2026-06-05,2026-06-05T17:21:15.591000+00:00,-5.53638183999999,1.034229868056,-4.50215197194399
11,8840635639,dota2-ty-bb4-2026-06-06-game1,2026-06-06T10:47:49.658000+00:00,0.0,0.0,0.0
11,8840704374,dota2-ty-bb4-2026-06-06-game2,2026-06-06T11:51:44.485000+00:00,-5.544722340000007,2.5822865944935,-2.962435745506507
11,8840821227,dota2-ty-bb4-2026-06-06,2026-06-06T13:12:37.368000+00:00,37.89823784000005,2.519384044872,40.41762188487205
11,8840984097,dota2-aur1-lgd-2026-06-06-game1,2026-06-06T15:05:33.978000+00:00,-0.5741659199999276,0.8867251084680001,0.3125591884680725
11,8841114801,dota2-aur1-lgd-2026-06-06-game2,2026-06-06T16:30:29.855000+00:00,-15.862800760000027,0.9748321619789999,-14.887968598021027
11,8842052142,dota2-bb4-lgd-2026-06-07-game1,2026-06-07T09:18:04.694000+00:00,-24.114500739999983,1.7445623152245,-22.369938424775484
11,8842134886,dota2-bb4-lgd-2026-06-07-game2,2026-06-07T10:28:41.168000+00:00,3.726323679999979,2.886804858198,6.613128538197978
11,8842245726,dota2-bb4-lgd-2026-06-07,2026-06-07T11:59:53.564000+00:00,-22.5231,1.2910503525,-21.2320496475
11,8842468101,dota2-ty-lgd-2026-06-07-game1,2026-06-07T14:21:40.854000+00:00,-58.61515522999996,1.06444267481025,-57.550712555189705
11,8842596730,dota2-ty-lgd-2026-06-07-game2,2026-06-07T15:49:20.066000+00:00,-6.19580000000002,0.873966915,-5.321833085000019
11,8842722527,dota2-ty-lgd-2026-06-07-game3,2026-06-07T17:12:22.566000+00:00,1.4797999999999933,0.1233348,1.6031347999999934
11,8842845018,dota2-ty-lgd-2026-06-07-game4,2026-06-07T18:51:58.999000+00:00,0.0,0.0,0.0
11,8843465364,dota2-4iki-nande4-2026-06-08-game1,2026-06-08T09:15:08.776000+00:00,-59.64638443999999,2.386895788818,-57.25948865118199
11,8843512570,dota2-4iki-nande4-2026-06-08-game2,2026-06-08T10:09:45.609000+00:00,0.0,0.0,0.0
11,8843560379,dota2-4iki-nande4-2026-06-08,2026-06-08T11:10:54.138000+00:00,-17.811799999999977,1.2875943899999998,-16.524205609999978
11,8843760302,dota2-vpp-balu-2026-06-08-game2,2026-06-08T13:42:26.324000+00:00,1.1765000000000043,0.21874076250000002,1.3952407625000043
11,8844054970,dota2-z10-sb5-2026-06-08-game2,2026-06-08T17:08:41.204000+00:00,14.558700000000016,0.5085734925,15.067273492500016
11,8844132483,dota2-vpp-z10-2026-06-08-game1,2026-06-08T18:23:01.210000+00:00,0.0,0.0,0.0
11,8844244719,dota2-vpp-z10-2026-06-08-game2,2026-06-08T19:45:42.908000+00:00,12.172799999999995,0.40505082,12.577850819999995
11,8844308689,dota2-vpp-z10-2026-06-08,2026-06-08T20:50:38.757000+00:00,107.02749999999997,0.5301611475,107.55766114749997
11,8850534819,dota2-ill-pr1-2026-06-13-game2,2026-06-13T17:10:42.502000+00:00,-0.6707999999999998,0.0890487,-0.5817512999999999
11,8850593633,dota2-ill-pr1-2026-06-13,2026-06-13T18:00:57.551000+00:00,0.0,0.0,0.0
11,8851984783,dota2-4iki-pr1-2026-06-14-game2,2026-06-14T16:46:25.798000+00:00,-11.516000000000012,2.2513802700000003,-9.264619730000012
11,8852055373,dota2-4iki-pr1-2026-06-14,2026-06-14T17:46:02.690000+00:00,-3.250000000000004,0.16967625,-3.080323750000004
11,8854443395,dota2-fla-spirit1-2026-06-16-game1,2026-06-16T16:31:44.570000+00:00,-5.729999999999997,0.29081925,-5.439180749999997
11,8885183102,dota2-flc-bb4-2026-07-07-game1,2026-07-07T09:47:24.433000+00:00,-1.9078000000000097,1.8887309549999998,-0.019069045000009943
11,8885195986,dota2-re-xtreme-2026-07-07-game1,2026-07-07T09:55:03.037000+00:00,15.076999999999995,0.6500871299999998,15.727087129999994
11,8885252329,dota2-flc-bb4-2026-07-07-game2,2026-07-07T11:01:59.599000+00:00,0.10020000000002938,2.3753921399999998,2.475592140000029
11,8885275216,dota2-re-xtreme-2026-07-07-game2,2026-07-07T11:16:11.813000+00:00,0.6427000000000191,0.8857613475,1.528461347500019
11,8885365825,dota2-l1ga-ngx-2026-07-07-game1,2026-07-07T12:34:49.112000+00:00,0.0,0.0,0.0
11,8885380529,dota2-liquid-playti-2026-07-07-game1,2026-07-07T12:43:07.045000+00:00,-0.3899999999999997,0.04870125,-0.34129874999999965
11,8885411801,dota2-lvlup1-aur1-2026-07-07-game1,2026-07-07T13:06:28.530000+00:00,-5.882499999999993,0.25368281249999997,-5.628817187499993
11,8885470551,dota2-l1ga-ngx-2026-07-07-game2,2026-07-07T13:39:34.570000+00:00,0.0,0.845803125,0.845803125
11,8885473599,dota2-liquid-playti-2026-07-07-game2,2026-07-07T13:52:27.923000+00:00,4.461352260000069,3.163881447669,7.62523370766907
11,8885529711,dota2-lvlup1-aur1-2026-07-07-game2,2026-07-07T14:23:52.590000+00:00,2.158299999999997,0.08481039750000008,2.243110397499997
11,8885633666,dota2-ts8-mouz-2026-07-07-game1,2026-07-07T15:33:28.678000+00:00,63.1472,2.94139998,66.08859998
11,8885665054,dota2-nem-pari-2026-07-07-game1,2026-07-07T15:41:38.548000+00:00,24.689599999999984,0.55557363,25.245173629999986
11,8885784652,dota2-ts8-mouz-2026-07-07-game2,2026-07-07T17:16:32.961000+00:00,-36.42969999999994,4.1955112575,-32.23418874249994
11,8885871759,dota2-ic-1win-2026-07-07-game1,2026-07-07T18:31:07.999000+00:00,0.0,0.0,0.0
11,8885928262,dota2-ty-og-2026-07-07-game1,2026-07-07T19:03:44.444000+00:00,5.852400000000003,0.08544503999999999,5.937845040000003
11,8885974297,dota2-ic-1win-2026-07-07-game2,2026-07-07T19:32:14.446000+00:00,0.0,0.0,0.0
11,8886005043,dota2-ty-og-2026-07-07-game2,2026-07-07T20:03:05.981000+00:00,0.0,0.0,0.0
11,8886576019,dota2-poorra-bb4-2026-07-08-game1,2026-07-08T09:20:01.472000+00:00,-7.5,0.330375,-7.169625
11,8886572854,dota2-gl-xtreme-2026-07-08-game1,2026-07-08T09:27:27.007000+00:00,-37.68739999999997,2.099365395,-35.58803460499997
11,8886638110,dota2-poorra-bb4-2026-07-08-game2,2026-07-08T10:36:00.005000+00:00,1.7800000000000011,0.197895,1.977895000000001
11,8886640910,dota2-flc-re-2026-07-08-game2,2026-07-08T10:39:41.623000+00:00,21.815733069999993,1.0667264067577498,22.88245947675774
11,8886641793,dota2-gl-xtreme-2026-07-08-game2,2026-07-08T10:45:04.782000+00:00,-54.82650000000005,3.0044121375,-51.822087862500055
11,8886728756,dota2-l1ga-playti-2026-07-08-game1,2026-07-08T12:02:19.795000+00:00,-9.098000910000007,0.5001326073382499,-8.597868302661757
11,8886736772,dota2-liquid-lvlup1-2026-07-08-game1,2026-07-08T12:08:59.488000+00:00,3.4883999999999986,0.19037943000000002,3.6787794299999987
11,8886788497,dota2-ngx-aur1-2026-07-08-game1,2026-07-08T12:47:30.744000+00:00,3.159127670000018,0.30035274020325,3.459480410203268
11,8886815251,dota2-l1ga-playti-2026-07-08-game2,2026-07-08T13:04:20.712000+00:00,35.95750000000001,0.5128191674999998,36.47031916750001
11,8886862310,dota2-liquid-lvlup1-2026-07-08-game2,2026-07-08T13:37:25.898000+00:00,4.166800000000009,0.030000960000000028,4.196800960000009
11,8886994890,dota2-ts8-nem-2026-07-08-game1,2026-07-08T14:59:11.781000+00:00,-0.09999999999999964,0.0196425,-0.08035749999999964
11,8887100676,dota2-vg-pari-2026-07-08-game1,2026-07-08T16:18:23.954000+00:00,0.0,0.0,0.0
11,8887114313,dota2-ts8-nem-2026-07-08-game2,2026-07-08T16:15:19.583000+00:00,0.0,0.0,0.0
11,8887197358,dota2-vg-pari-2026-07-08-game2,2026-07-08T17:23:00.102000+00:00,-11.699700000000064,0.9933268875,-10.706373112500064
11,8887218598,dota2-lgd-og-2026-07-08-game1,2026-07-08T17:27:41.870000+00:00,0.2599999999999998,0.0334425,0.2934424999999998
11,8887260104,dota2-ty-ic-2026-07-08-game1,2026-07-08T17:58:24.214000+00:00,-10.372221269999983,0.5397045992152499,-9.832516670784733
11,8887314193,dota2-lgd-og-2026-07-08-game2,2026-07-08T18:40:30.736000+00:00,2.1590093000000365,1.0601584932675,3.2191677932675367
11,8887325211,dota2-vp-1win-2026-07-08-game1,2026-07-08T18:51:24.334000+00:00,-10.894900000000035,3.8485603274999995,-7.046339672500036
11,8887337672,dota2-ty-ic-2026-07-08-game2,2026-07-08T19:01:29.872000+00:00,0.0,0.0,0.0
11,8887432754,dota2-vp-1win-2026-07-08-game2,2026-07-08T20:20:02.742000+00:00,33.59179999999999,0.40105450499999995,33.99285450499999
11,8887986392,dota2-poorra-xtreme-2026-07-09-game1,2026-07-09T09:21:30.237000+00:00,-40.31039999999996,4.707652635,-35.602747364999956
11,8887998750,dota2-bb4-re-2026-07-09-game1,2026-07-09T09:29:32.198000+00:00,-15.263400000000047,1.250457615,-14.012942385000047
11,8888056358,dota2-poorra-xtreme-2026-07-09-game2,2026-07-09T10:34:44.979000+00:00,-13.617500000000007,1.5446074124999998,-12.072892587500007
11,8888066684,dota2-bb4-re-2026-07-09-game2,2026-07-09T10:43:25.275000+00:00,-8.90189775999999,0.962639080908,-7.93925867909199
11,8888083694,dota2-gl-flc-2026-07-09-game2,2026-07-09T11:11:32.224000+00:00,11.572699999999998,0.9389970674999998,12.511697067499997
11,8888160657,dota2-l1ga-aur1-2026-07-09-game1,2026-07-09T12:09:38.901000+00:00,-1.292199999999994,0.57557508,-0.716624919999994
11,8888173515,dota2-playti-lvlup1-2026-07-09-game1,2026-07-09T12:20:27.216000+00:00,3.1942000000000235,0.5026990199999999,3.696899020000023
11,8888217771,dota2-ngx-liquid-2026-07-09-game1,2026-07-09T12:52:14.212000+00:00,4.6155000000000115,0.9036038024999999,5.519103802500012
11,8888260336,dota2-l1ga-aur1-2026-07-09-game2,2026-07-09T13:20:05.771000+00:00,-6.024000000000001,0.61256826,-5.411431740000001
11,8888279558,dota2-playti-lvlup1-2026-07-09-game2,2026-07-09T13:33:23.111000+00:00,13.636799999999994,0.09000288,13.726802879999994
11,8888318197,dota2-ngx-liquid-2026-07-09-game2,2026-07-09T14:04:08.888000+00:00,4.98769999999999,3.6516313725,8.639331372499989
11,8888405761,dota2-mouz-nem-2026-07-09-game1,2026-07-09T14:48:45.816000+00:00,5.405600000000007,0.36893219999999993,5.7745322000000066
11,8888425887,dota2-rnx-pari-2026-07-09-game1,2026-07-09T15:02:02.148000+00:00,6.445999999999955,0.31859761500000006,6.764597614999955
11,8888489297,dota2-vg-ts8-2026-07-09-game1,2026-07-09T15:42:43.149000+00:00,-32.93139999999997,0.859207125,-32.07219287499997
11,8888555097,dota2-mouz-nem-2026-07-09-game2,2026-07-09T16:24:34.308000+00:00,-15.73823391999997,1.3491786079919998,-14.38905531200797
11,8888554919,dota2-rnx-pari-2026-07-09-game2,2026-07-09T16:26:10.054000+00:00,0.0,0.0,0.0
11,8888592426,dota2-vg-ts8-2026-07-09-game2,2026-07-09T16:59:54.115000+00:00,-6.038200000000003,0.93785358,-5.100346420000004
11,8888682602,dota2-og-ic-2026-07-09-game1,2026-07-09T17:53:01.981000+00:00,-17.534700000000015,2.0272779974999997,-15.507422002500014
11,8888693655,dota2-vp-ty-2026-07-09-game1,2026-07-09T18:07:57.629000+00:00,12.836799999999997,0.09504288,12.931842879999996
11,8888731478,dota2-lgd-1win-2026-07-09-game1,2026-07-09T18:35:20.326000+00:00,-4.838700000000003,0.5776198124999999,-4.261080187500003
11,8888771711,dota2-og-ic-2026-07-09-game2,2026-07-09T19:04:50.495000+00:00,0.0,0.0,0.0
11,8888819433,dota2-lgd-1win-2026-07-09-game2,2026-07-09T19:41:02.532000+00:00,7.079281309999999,1.68671787260025,8.765999182600249
11,8889452921,dota2-re-gl-2026-07-10-game1,2026-07-10T09:17:34.068000+00:00,36.4828,1.4664056249999997,37.949205625
11,8889468264,dota2-xtreme-bb4-2026-07-10-game1,2026-07-10T09:26:30.741000+00:00,0.6375000000000455,1.2524184825,1.8899184825000455
11,8889513730,dota2-poorra-flc-2026-07-10-game2,2026-07-10T10:17:36.842000+00:00,0.0,0.0,0.0
11,8889524021,dota2-xtreme-bb4-2026-07-10-game2,2026-07-10T10:37:39.793000+00:00,0.04600000000002069,1.0201176749999998,1.0661176750000205
11,8889538949,dota2-re-gl-2026-07-10-game2,2026-07-10T10:40:57.402000+00:00,-83.9747,4.2822457575,-79.69245424249999
11,8889615310,dota2-l1ga-liquid-2026-07-10-game1,2026-07-10T11:48:20.990000+00:00,-2.3530000000000086,0.23700592500000003,-2.1159940750000086
11,8889621582,dota2-aur1-playti-2026-07-10-game1,2026-07-10T11:57:42.116000+00:00,-29.488099999999932,2.3205445425,-27.167555457499933
11,8889699098,dota2-l1ga-liquid-2026-07-10-game2,2026-07-10T12:46:15.831000+00:00,0.0,0.0,0.0
11,8889733840,dota2-aur1-playti-2026-07-10-game2,2026-07-10T13:14:22.837000+00:00,-65.5864,2.169461475,-63.416938525
11,8889871314,dota2-nem-vg-2026-07-10-game1,2026-07-10T14:27:52.631000+00:00,8.860600000000005,0.271798905,9.132398905000006
11,8889914618,dota2-pari-mouz-2026-07-10-game1,2026-07-10T14:59:49.254000+00:00,3.2477364800000004,0.49456061923199995,3.742297099232
11,8889944251,dota2-rnx-ts8-2026-07-10-game1,2026-07-10T15:15:29.857000+00:00,7.741099999999989,0.23598218250000003,7.977082182499989
11,8890008812,dota2-nem-vg-2026-07-10-game2,2026-07-10T15:49:04.827000+00:00,16.622467,0.438410008125,17.060877008125
11,8890036748,dota2-pari-mouz-2026-07-10-game2,2026-07-10T16:15:07.698000+00:00,7.569999999999993,0.07429125,7.644291249999993
11,8890074597,dota2-rnx-ts8-2026-07-10-game2,2026-07-10T16:28:42.555000+00:00,0.0,0.0,0.0
11,8890179830,dota2-lgd-ty-2026-07-10-game1,2026-07-10T17:38:53.401000+00:00,27.910200000000003,1.11153195,29.021731950000003
11,8890270555,dota2-1win-og-2026-07-10-game2,2026-07-10T18:36:26.467000+00:00,0.0,0.0,0.0
11,8890268632,dota2-lgd-ty-2026-07-10-game2,2026-07-10T18:43:14.663000+00:00,-0.30730000000001034,0.8100823574999999,0.5027823574999896
11,8890301402,dota2-ic-vp-2026-07-10-game2,2026-07-10T18:52:09.717000+00:00,0.0,0.0,0.0
11,8891108843,dota2-poorra-re-2026-07-11-game1,2026-07-11T09:15:44.932000+00:00,2.4000000000000057,0.14945999999999998,2.5494600000000056
11,8891108985,dota2-bb4-gl-2026-07-11-game1,2026-07-11T09:17:06.187000+00:00,-4.445499999999996,0.5666773125,-3.8788226874999956
11,8891145641,dota2-xtreme-flc-2026-07-11-game1,2026-07-11T09:30:07.111000+00:00,3.2289113599999926,0.18929985343200004,3.4182112134319924
11,8891217710,dota2-poorra-re-2026-07-11-game2,2026-07-11T10:44:50.172000+00:00,-31.637201500000018,1.5394131249375,-30.097788375062517
11,8891240327,dota2-xtreme-flc-2026-07-11-game2,2026-07-11T11:01:14.698000+00:00,2.0587995000000063,1.8311348676375,3.8899343676375064
11,8891325877,dota2-l1ga-lvlup1-2026-07-11-game1,2026-07-11T12:09:46.181000+00:00,0.0,0.0,0.0
11,8891349244,dota2-playti-ngx-2026-07-11-game1,2026-07-11T12:27:52.369000+00:00,13.209900000000005,2.5098275925,15.719727592500005
11,8891371442,dota2-aur1-liquid-2026-07-11-game1,2026-07-11T12:43:19.319000+00:00,4.790000000000006,0.58130775,5.371307750000006
11,8891438996,dota2-l1ga-lvlup1-2026-07-11-game2,2026-07-11T13:19:40.554000+00:00,-1.270000000000005,0.23961824999999998,-1.030381750000005
11,8891497910,dota2-aur1-liquid-2026-07-11-game2,2026-07-11T13:53:37.287000+00:00,1.4700000000000024,0.054542249999999994,1.5245422500000023
11,8891519142,dota2-playti-ngx-2026-07-11-game2,2026-07-11T14:08:43.754000+00:00,-26.420999999999992,1.26403266,-25.15696733999999
11,8892829232,dota2-mouz-vg-2026-07-12-game1,2026-07-12T09:15:57.248000+00:00,-117.58520000000003,2.35593231,-115.22926769000003
11,8892835652,dota2-rnx-nem-2026-07-12-game1,2026-07-12T09:19:01.546000+00:00,-38.59150000000005,2.0986603575,-36.49283964250005
11,8892836635,dota2-pari-ts8-2026-07-12-game1,2026-07-12T09:26:06.808000+00:00,28.31820000000002,2.4581249549999997,30.776324955000018
11,8892923329,dota2-mouz-vg-2026-07-12-game2,2026-07-12T10:25:59.512000+00:00,3.080000000000002,0.16417500000000002,3.244175000000002
11,8892914077,dota2-pari-ts8-2026-07-12-game2,2026-07-12T10:31:28.406000+00:00,-13.345361789999977,2.2565930601892497,-11.088768729810727
11,8892958964,dota2-rnx-nem-2026-07-12-game2,2026-07-12T10:53:08.655000+00:00,-18.727600000000052,1.8216469350000002,-16.905953065000052
11,8893070561,dota2-1win-ty-2026-07-12-game1,2026-07-12T12:14:45.162000+00:00,17.559574719999972,2.8169951228879997,20.37656984288797
11,8893106015,dota2-og-vp-2026-07-12-game1,2026-07-12T12:36:42.440000+00:00,2.1000000000000014,0.19793249999999998,2.2979325000000013
11,8893165071,dota2-1win-ty-2026-07-12-game2,2026-07-12T13:18:20.777000+00:00,20.87643950000006,2.5902290840625,23.46666858406256
11,8893253595,dota2-og-vp-2026-07-12-game2,2026-07-12T13:56:28.498000+00:00,-0.999526000000003,0.9587501136000001,-0.04077588640000296
11,8896139222,dota2-re-vp-2026-07-14-game1,2026-07-14T11:15:10.363000+00:00,47.84870000000002,3.4601803275,51.30888032750002
11,8896140998,dota2-liquid-xtreme-2026-07-14-game1,2026-07-14T11:24:31.795000+00:00,-26.69020000000001,2.879027115,-23.811172885000012
11,8896234088,dota2-re-vp-2026-07-14-game2,2026-07-14T12:30:48.003000+00:00,0.0,0.0,0.0
11,8896267691,dota2-liquid-xtreme-2026-07-14-game2,2026-07-14T13:05:08.216000+00:00,-15.702999999999918,1.649034825,-14.053965174999918
11,8896380183,dota2-re-vp-2026-07-14,2026-07-14T14:02:34.965000+00:00,-65.19280000000009,3.55720455,-61.63559545000009
11,8896486914,dota2-liquid-xtreme-2026-07-14,2026-07-14T15:13:00.049000+00:00,-1.628300000000002,0.8963626125,-0.731937387500002
11,8896645659,dota2-lgd-mouz-2026-07-14-game1,2026-07-14T16:55:49.823000+00:00,0.1612,0.022656660000000002,0.18385666
11,8896731473,dota2-lgd-mouz-2026-07-14-game2,2026-07-14T18:02:11.857000+00:00,-20.828100000000006,1.3975973775,-19.430502622500008
11,8897585705,dota2-aur1-re-2026-07-15-game1,2026-07-15T11:19:40.513000+00:00,3.515800000000013,0.41593477500000003,3.931734775000013
11,8897588873,dota2-ts8-liquid-2026-07-15-game1,2026-07-15T11:25:30.473000+00:00,19.098415680000016,1.657815271152,20.756230951152016
11,8897695379,dota2-aur1-re-2026-07-15-game2,2026-07-15T12:41:48.340000+00:00,0.027100000000018554,0.6300311175000001,0.6571311175000186
11,8897696869,dota2-ts8-liquid-2026-07-15-game2,2026-07-15T12:54:25.976000+00:00,5.442660060000009,3.1382262612615,8.58088632126151
11,8897831774,dota2-ts8-liquid-2026-07-15,2026-07-15T14:13:24.528000+00:00,-2.8164599800000047,0.4434634303965,-2.3729965496035046
11,8897841991,dota2-1win-vg-2026-07-15-game1,2026-07-15T14:22:22.284000+00:00,2.5711121599999984,0.364955760012,2.9360679200119986
11,8897971312,dota2-1win-vg-2026-07-15-game2,2026-07-15T15:33:39.656000+00:00,5.2398000000000025,0.48880912500000007,5.728609125000003
11,8898003442,dota2-bb4-lgd-2026-07-15-game1,2026-07-15T15:56:58.589000+00:00,-4.682999999999993,2.0413047750000004,-2.6416952249999923
11,8898084910,dota2-1win-vg-2026-07-15,2026-07-15T16:49:08.935000+00:00,-11.459599999999938,1.91276679,-9.546833209999939
11,8898117600,dota2-bb4-lgd-2026-07-15-game2,2026-07-15T17:15:52.403000+00:00,14.705999999999989,0.42926813999999996,15.135268139999988
11,8899028080,dota2-ty-ts8-2026-07-17-game1,2026-07-16T11:25:22.617000+00:00,-7.752900000000018,1.3231521675,-6.429747832500018
11,8899120700,dota2-ty-ts8-2026-07-17-game2,2026-07-16T12:44:26.752000+00:00,0.0,0.8099951400000001,0.8099951400000001
11,8899307453,dota2-pari-re-2026-07-17-game1,2026-07-16T14:36:23.407000+00:00,7.495104019999999,0.3310763374755,7.8261803574755
11,8899420575,dota2-pari-re-2026-07-17-game2,2026-07-16T15:46:28.167000+00:00,-6.2038000000000295,0.6122717249999998,-5.59152827500003
11,8900508749,dota2-flc-vg-2026-07-16-game1,2026-07-17T11:21:46.405000+00:00,-31.362799999999993,0.9427096799999999,-30.420090319999993
11,8900623530,dota2-flc-vg-2026-07-16-game2,2026-07-17T12:54:30.551000+00:00,-11.119504439999957,1.9231857654869997,-9.196318674512957
11,8900771154,dota2-ngx-bb4-2026-07-16-game1,2026-07-17T14:28:08.196000+00:00,1.3513999999999982,0.550048305,1.9014483049999982
11,8900882416,dota2-ngx-bb4-2026-07-16-game2,2026-07-17T15:33:10.588000+00:00,-6.944499999999991,0.44031602249999996,-6.5041839774999906
11,8902107148,dota2-bb4-vg-2026-07-18-game1,2026-07-18T11:22:02.020000+00:00,1.75,0.06283125,1.81283125
11,8902173969,dota2-bb4-vg-2026-07-18-game2,2026-07-18T12:21:15.910000+00:00,-7.288500000000006,1.0537725375,-6.234727462500006
11,8902338515,dota2-ty-pari-2026-07-18-game1,2026-07-18T14:06:38.308000+00:00,6.122400000000013,0.7645347,6.886934700000014
11,8902431810,dota2-ty-pari-2026-07-18-game2,2026-07-18T15:09:37.865000+00:00,-18.373900639999988,2.886838850532,-15.487061789467989
11,8902610619,dota2-ty-pari-2026-07-18,2026-07-18T16:48:06.686000+00:00,-11.222099999999841,3.1269514125,-8.09514858749984
11,8903705555,dota2-vg-ty-2026-07-19-game1,2026-07-19T10:24:33.152000+00:00,0.034298000000035245,1.03506997905,1.0693679790500352
11,8903789784,dota2-vg-ty-2026-07-19-game2,2026-07-19T11:31:19.185000+00:00,12.09020000000001,0.71654613,12.80674613000001
11,8904012666,dota2-bb4-pari-2026-07-19-game1,2026-07-19T13:57:51.853000+00:00,60.03389314,3.6369260380005,63.67081917800051
11,8904157676,dota2-bb4-pari-2026-07-19-game2,2026-07-19T15:17:11.337000+00:00,-32.05260000000003,2.297963205,-29.754636795000028
11,8904322271,dota2-bb4-pari-2026-07-19-game3,2026-07-19T16:52:33.960000+00:00,0.07689999999999486,1.4702913375,1.5471913374999948
11,8904419709,dota2-bb4-pari-2026-07-19-game4,2026-07-19T18:05:14.511000+00:00,-3.228200000000003,0.6202727250000001,-2.607927275000003
11,8905035315,dota2-stx-lynx-2026-07-20-game1,2026-07-20T07:25:19.610000+00:00,0.0,0.20790000000000003,0.20790000000000003
11,8905093611,dota2-stx-lynx-2026-07-20-game2,2026-07-20T08:36:36.644000+00:00,24.858299999999993,0.9035319825,25.76183198249999
11,8905164476,dota2-stx-lynx-2026-07-20,2026-07-20T10:04:24.370000+00:00,48.780589199999966,2.47884047277,51.25942967276997
11,8905233934,dota2-lynx-pckcp-2026-07-20-game1,2026-07-20T11:15:17.947000+00:00,74.36739809,1.8230948196817498,76.19049290968175
11,8905359313,dota2-lynx-pckcp-2026-07-20-game2,2026-07-20T12:49:30.119000+00:00,-13.750981860000044,1.111200269982,-12.639781590018044
11,8905490238,dota2-z10-nemiga-2026-07-20-game1,2026-07-20T14:13:02.081000+00:00,-19.638069600000016,0.6033625806435,-19.034707019356517
11,8905612460,dota2-z10-nemiga-2026-07-20-game2,2026-07-20T15:25:40.567000+00:00,6.452799999999996,0.7446597899999999,7.197459789999996
11,8905741721,dota2-spirit1-jenz-2026-07-20-game1,2026-07-20T16:55:30.580000+00:00,10.40629999999993,1.8762048825,12.28250488249993
11,8905885788,dota2-spirit1-jenz-2026-07-20-game2,2026-07-20T18:35:45.253000+00:00,-1.7964,0.00862272,-1.78777728
11,8905975768,dota2-lvlup1-ill-2026-07-20-game1,2026-07-20T19:45:16.612000+00:00,-7.955000000000041,2.9601046350000004,-4.9948953650000405
11,8906069414,dota2-lvlup1-ill-2026-07-20-game2,2026-07-20T20:59:36.536000+00:00,-5.261600000000001,0.75433275,-4.507267250000002
11,8906479441,dota2-nemiga-dan-2026-07-21-game1,2026-07-21T07:24:02.590000+00:00,23.12008624000005,1.3474288927934999,24.467515132793547
11,8906547471,dota2-nemiga-dan-2026-07-21-game2,2026-07-21T08:48:51.736000+00:00,0.0,0.0,0.0
11,8906626852,dota2-pckcp-stx-2026-07-21-game1,2026-07-21T10:17:03.931000+00:00,13.334700000000026,1.0656119625,14.400311962500027
11,8906706819,dota2-pckcp-stx-2026-07-21-game2,2026-07-21T11:28:10.072000+00:00,1.538499999999999,0.5214361124999999,2.059936112499999
11,8906814740,dota2-pckcp-stx-2026-07-21,2026-07-21T12:50:32.182000+00:00,-30.31150104999996,2.67534966316875,-27.636151386831212
11,8906911697,dota2-lynx-spirit1-2026-07-21-game1,2026-07-21T14:01:22.509000+00:00,26.020270619999977,1.0012568412329999,27.021527461232978
11,8907021823,dota2-lynx-spirit1-2026-07-21-game2,2026-07-21T14:54:33.550000+00:00,0.0,0.0,0.0
11,8907114935,dota2-lynx-spirit1-2026-07-21,2026-07-21T15:55:17.448000+00:00,4.275600000000026,1.7909487,6.066548700000025
11,8907236730,dota2-jenz-lynx-2026-07-21-game1,2026-07-21T17:22:36.365000+00:00,0.0,0.0,0.0
11,8907319204,dota2-jenz-lynx-2026-07-21-game2,2026-07-21T18:19:16.673000+00:00,-8.969899550000001,0.36992903030624996,-8.59997051969375
11,8907510684,dota2-z10-aion-2026-07-21-game2,2026-07-21T20:45:41.820000+00:00,0.0,0.0,0.0
11,8907942033,dota2-ill-dan-2026-07-22-game1,2026-07-22T07:18:07.776000+00:00,0.0,0.0,0.0
11,8907997366,dota2-ill-dan-2026-07-22-game2,2026-07-22T08:30:21.640000+00:00,0.0,0.0,0.0
11,8908178087,dota2-nemiga-aion-2026-07-22-game2,2026-07-22T11:35:02.272000+00:00,4.799999999999997,0.293922,5.093921999999997
11,8908313996,dota2-stx-spirit1-2026-07-22-game1,2026-07-22T13:26:43.307000+00:00,0.04526736000000753,0.19480160750400005,0.24006896750400758
11,8908486051,dota2-stx-spirit1-2026-07-22-game2,2026-07-22T15:03:55.390000+00:00,88.66290000000001,1.6425542625,90.3054542625
11,8908612824,dota2-stx-spirit1-2026-07-22,2026-07-22T16:27:56.948000+00:00,21.793993750000013,2.27827178953125,24.072265539531262
11,8908710300,dota2-z10-lvlup1-2026-07-22-game1,2026-07-22T17:40:32.974000+00:00,-12.53630000000004,1.4245602974999998,-11.11173970250004
11,8908926344,dota2-z10-lvlup1-2026-07-22,2026-07-22T20:21:42.790000+00:00,11.798785509999988,1.32409845244125,13.122883962441238
11,8909388284,dota2-dan-z10-2026-07-23-game1,2026-07-23T07:17:23.633000+00:00,0.0,0.0,0.0
11,8909443684,dota2-dan-z10-2026-07-23-game2,2026-07-23T08:24:14.078000+00:00,-16.9280094,0.68493802257,-16.24307137743
11,8909498494,dota2-dan-z10-2026-07-23,2026-07-23T09:35:42.112000+00:00,-0.9262218799999937,0.162528958152,-0.7636929218479938
11,8909658828,dota2-spirit1-pckcp-2026-07-23-game2,2026-07-23T11:56:35.158000+00:00,-7.876600800000006,1.08550420176,-6.7910965982400056
11,8909780227,dota2-spirit1-pckcp-2026-07-23,2026-07-23T13:29:29.880000+00:00,8.745999999999995,0.32351454,9.069514539999995
11,8910104556,dota2-jenz-kw1-2026-07-23-game2,2026-07-23T16:47:57.620000+00:00,3.617100000000036,1.5773675175,5.194467517500036
11,8910216725,dota2-jenz-kw1-2026-07-23,2026-07-23T18:09:02.529000+00:00,5.419800000000009,0.693448155,6.11324815500001
11,8910344715,dota2-lvlup1-aion-2026-07-23-game1,2026-07-23T19:45:58.831000+00:00,0.0,0.0,0.0
11,8910461593,dota2-lvlup1-aion-2026-07-23-game2,2026-07-23T21:18:59.726000+00:00,0.0,0.0,0.0
11,8910535715,dota2-lvlup1-aion-2026-07-23,2026-07-23T22:37:28.157000+00:00,73.5836233,0.8545864326749999,74.438209732675
11,8910589445,dota2-nemiga-ill-2026-07-23-game1,2026-07-23T23:33:41.369000+00:00,-9.494599999999998,0.69597384,-8.798626159999998
11,8910670427,dota2-nemiga-ill-2026-07-23,2026-07-24T01:26:47.762000+00:00,-1.4384999999999923,1.5958866225,0.15738662250000757
11,8910982575,dota2-aion-dan-2026-07-24-game2,2026-07-24T08:39:31.809000+00:00,0.0,0.0,0.0
11,8911277378,dota2-kw1-stx-2026-07-24-game2,2026-07-24T13:08:23.857000+00:00,-92.08144150999999,0.34295519290275,-91.73848631709724
11,8911784562,dota2-z10-ill-2026-07-24-game1,2026-07-24T18:00:21.302000+00:00,-27.341299999999933,1.9902130125,-25.351086987499933
11,8911916389,dota2-z10-ill-2026-07-24-game2,2026-07-24T19:32:36.981000+00:00,-1.25,0.45515625000000004,-0.79484375
11,8912045230,dota2-nemiga-lvlup1-2026-07-24-game1,2026-07-24T21:05:49.488000+00:00,-16.574500000000057,4.1282213325,-12.446278667500057
11,8912123729,dota2-nemiga-lvlup1-2026-07-24-game2,2026-07-24T22:15:39.296000+00:00,0.0,0.0,0.0
11,8912551235,dota2-ill-aion-2026-07-25-game1,2026-07-25T07:19:52.253000+00:00,-0.2599999999999998,0.0946725,-0.1653274999999998
11,8912622476,dota2-ill-aion-2026-07-25-game2,2026-07-25T08:27:06.996000+00:00,0.0,0.0,0.0
11,8912758286,dota2-pckcp-jenz-2026-07-22-game1,2026-07-25T10:25:45.605000+00:00,-27.287500959999996,0.6248595343319999,-26.662641425667996
11,8912831712,dota2-pckcp-jenz-2026-07-22-game2,2026-07-25T11:23:26.682000+00:00,5.200000000000003,0.13953,5.3395300000000026
11,8912974141,dota2-pckcp-jenz-2026-07-22,2026-07-25T13:02:19.241000+00:00,-8.962257000000028,1.4772901651500001,-7.484966834850027
11,8913307206,dota2-kw1-pckcp-2026-07-25-game1,2026-07-25T16:28:48.834000+00:00,15.714600000000004,0.389900655,16.104500655000006
11,8913598312,dota2-lynx-kw1-2026-07-25-game1,2026-07-25T19:28:05.257000+00:00,-0.40000000000000213,0.14984999999999998,-0.25015000000000215
11,8913726962,dota2-lynx-kw1-2026-07-25-game2,2026-07-25T20:57:15.562000+00:00,-34.11529999999999,4.7182160175,-29.397083982499993
11,8913824141,dota2-lynx-kw1-2026-07-25,2026-07-25T22:21:39.642000+00:00,-5.1833999999999705,1.807306455,-3.3760935449999705
11,8914414410,dota2-nemiga-ill-2026-07-26-game1,2026-07-26T09:26:59.644000+00:00,-4.519155600000019,0.4931263344,-4.026029265600019
11,8914520562,dota2-nemiga-ill-2026-07-26-game2,2026-07-26T10:41:21.923000+00:00,-25.891099999999994,1.9499521125000001,-23.941147887499994
11,8914637220,dota2-nemiga-ill-2026-07-26,2026-07-26T12:04:18.708000+00:00,38.19689999999997,1.1119390424999998,39.30883904249997
11,8914749408,dota2-rearis-pckcp-2026-07-26-game1,2026-07-26T13:19:34.036000+00:00,-10.133099999999985,0.46795487249999995,-9.665145127499985
11,8914885598,dota2-rearis-pckcp-2026-07-26-game2,2026-07-26T14:24:02.001000+00:00,72.2233,0.4345302525,72.65783025249999
11,8915002841,dota2-kw1-rearis-2026-07-26-game1,2026-07-26T15:32:54.677000+00:00,-1.0835077600000034,0.5310513859680001,-0.5524563740320033
11,8915137972,dota2-kw1-rearis-2026-07-26-game2,2026-07-26T16:47:26.165000+00:00,0.0,0.0,0.0
11,8915271266,dota2-jenz-stx-2026-07-26-game1,2026-07-26T18:26:53.337000+00:00,19.750000000000014,0.5142599999999999,20.264260000000014
11,8915390117,dota2-jenz-stx-2026-07-26-game2,2026-07-26T19:37:39.362000+00:00,0.0,0.0,0.0
11,8915498965,dota2-jenz-stx-2026-07-26,2026-07-26T20:57:43.107000+00:00,9.247400000000015,0.795718815,10.043118815000016
11,8916041863,dota2-lvlup1-pckcp-2026-07-27-game1,2026-07-27T09:21:33.291000+00:00,36.539000000000016,0.7511594249999999,37.29015942500001
11,8916102349,dota2-lvlup1-pckcp-2026-07-27-game2,2026-07-27T10:12:46.876000+00:00,-17.671800000000005,0.766531305,-16.905268695000004
11,8916245727,dota2-stx-nemiga-2026-07-27-game1,2026-07-27T12:25:46.061000+00:00,11.860398049999993,1.30788170546625,13.168279755466244
11,8916384577,dota2-stx-nemiga-2026-07-27-game2,2026-07-27T13:48:29.618000+00:00,9.353000000000005,1.749063,11.102063000000005
11,8916474664,dota2-stx-nemiga-2026-07-27,2026-07-27T14:44:54.132000+00:00,-4.029699999999977,2.7906155775,-1.2390844224999769
11,8917611319,dota2-pr1-nemiga-2026-07-28-game2,2026-07-28T10:17:02.190000+00:00,-2.7760000000000034,0.4794846,-2.296515400000003
11,8917675823,dota2-pr1-nemiga-2026-07-28,2026-07-28T11:19:25.327000+00:00,4.7509000000000015,0.6572407575,5.408140757500002
11,8917738415,dota2-nh-pckcp-2026-07-28-game1,2026-07-28T12:16:10.015000+00:00,0.0,0.0,0.0
11,8917853656,dota2-nh-pckcp-2026-07-28-game2,2026-07-28T13:23:44.955000+00:00,12.019799999999996,0.7104798899999999,12.730279889999997
11,8918052500,dota2-pckcp-kw1-2026-07-28-game1,2026-07-28T15:24:46.769000+00:00,0.001643040000004703,0.136790634672,0.1384336746720047
11,8918176547,dota2-pckcp-kw1-2026-07-28-game2,2026-07-28T16:37:04.197000+00:00,59.08069999999998,0.7288149825,59.80951498249998
11,8919264561,dota2-rearis-z10-2026-07-29-game1,2026-07-29T12:23:03.580000+00:00,13.966565039999978,0.690579506832,14.657144546831978
11,8919404744,dota2-rearis-z10-2026-07-29-game2,2026-07-29T13:48:28.368000+00:00,-17.849800000000002,1.793933325,-16.055866675
11,8919546613,dota2-amaru-nemiga-2026-07-29-game1,2026-07-29T15:15:30.082000+00:00,0.0,0.0,0.0
11,8919685210,dota2-amaru-nemiga-2026-07-29-game2,2026-07-29T16:34:50.427000+00:00,0.0,0.0,0.0
11,8919803916,dota2-amaru-nemiga-2026-07-29,2026-07-29T18:02:17.532000+00:00,62.474367280000166,3.5151089701245,65.98947625012467
11,8920655724,dota2-pckcp-z10-2026-07-30-game2,2026-07-30T10:32:16.617000+00:00,0.0,0.0,0.0
11,8920897425,dota2-lvlup1-z10-2026-07-30-game2,2026-07-30T13:37:44.606000+00:00,-61.40860000000001,2.67188589,-58.73671411000001
11,8921002620,dota2-lvlup1-z10-2026-07-30,2026-07-30T14:47:46.063000+00:00,8.16319999999999,0.7637693999999999,8.926969399999988
11,8921162227,dota2-amaru-pr1-2026-07-30-game1,2026-07-30T16:32:24.441000+00:00,15.516900000000007,0.6008919524999999,16.117791952500006
11,8921281044,dota2-amaru-pr1-2026-07-30-game2,2026-07-30T17:34:28.519000+00:00,0.0,0.0,0.0
11,8921949036,dota2-re-midas3-2026-07-31-game1,2026-07-31T06:23:42.906000+00:00,0.0,0.35685,0.35685
11,8922016200,dota2-re-midas3-2026-07-31-game2,2026-07-31T07:39:14.850000+00:00,28.40270000000001,1.0091304225,29.41183042250001
11,8922074642,dota2-vg-amaru-2026-07-31-game1,2026-07-31T08:46:41.467000+00:00,14.024799999999999,0.4293948,14.4541948
11,8922137329,dota2-vg-amaru-2026-07-31-game2,2026-07-31T09:48:16.177000+00:00,0.0,0.0,0.0
11,8922133239,dota2-tr7-playti-2026-07-31-game1,2026-07-31T09:57:34.446000+00:00,4.21581497999999,2.5316064766275,6.747421456627491
11,8922186876,dota2-vg-amaru-2026-07-31,2026-07-31T10:40:33.810000+00:00,-0.36419999999998254,0.48971191499999994,0.1255119150000174
11,8922211678,dota2-tr7-playti-2026-07-31-game2,2026-07-31T11:00:53.806000+00:00,9.084299999999999,1.0269079875,10.111207987499998
11,8922300474,dota2-enjoy-glyph-2026-07-31-game1,2026-07-31T12:14:29.331000+00:00,-22.063900000000018,1.0474863825,-21.016413617500017
11,8922339160,dota2-l1ga-rnx-2026-07-31-game1,2026-07-31T12:44:09.822000+00:00,0.0,0.0,0.0
11,8922400300,dota2-enjoy-glyph-2026-07-31-game2,2026-07-31T13:24:39.311000+00:00,0.44950000000000134,0.1141490625,0.5636490625000014
11,8922433138,dota2-l1ga-rnx-2026-07-31-game2,2026-07-31T13:42:06.325000+00:00,-20.087401,1.499227197375,-18.588173802625
11,8922552315,dota2-l1ga-rnx-2026-07-31,2026-07-31T14:55:23.609000+00:00,0.0,0.0,0.0
11,8922602122,dota2-yb1-z10-2026-07-31-game1,2026-07-31T15:28:08.646000+00:00,-3.9566999999999695,2.6564767725,-1.3002232274999694
11,8922722577,dota2-yb1-z10-2026-07-31-game2,2026-07-31T16:35:25.057000+00:00,-11.764800000000008,0.73147644,-11.033323560000008
11,8922818221,dota2-xtreme-lgd-2026-07-31-game1,2026-07-31T17:51:24.199000+00:00,-9.091200000000015,1.12775616,-7.963443840000015
11,8922940920,dota2-xtreme-lgd-2026-07-31-game2,2026-07-31T19:09:48.720000+00:00,37.07299999999998,1.8170763749999999,38.89007637499998
11,8923040358,dota2-xtreme-lgd-2026-07-31,2026-07-31T20:28:40.570000+00:00,-27.194700000000125,3.4537018425,-23.740998157500126
11,8923506996,dota2-midas3-tr7-2026-08-01-game1,2026-08-01T05:43:01.223000+00:00,0.0,0.0,0.0
11,8923579943,dota2-midas3-tr7-2026-08-01-game2,2026-08-01T07:02:32.143000+00:00,-66.10029999999996,1.8772080224999999,-64.22309197749996
11,8923643650,dota2-midas3-tr7-2026-08-01,2026-08-01T08:08:01.087000+00:00,-5.263199999999998,0.9197442,-4.343455799999997
11,8923704450,dota2-yes-vg-2026-08-01-game1,2026-08-01T09:01:56.739000+00:00,3.9875000000000114,1.3863137774999998,5.373813777500011
11,8923780137,dota2-re-playti-2026-08-01-game1,2026-08-01T10:09:39.721000+00:00,0.0,0.0,0.0
11,8923790600,dota2-yes-vg-2026-08-01-game2,2026-08-01T10:14:11.317000+00:00,0.8333000000000084,0.3718032525,1.2051032525000083
11,8923874259,dota2-re-playti-2026-08-01-game2,2026-08-01T11:26:12.956000+00:00,7.202399999999992,0.6013311,7.803731099999992
11,8923899787,dota2-enjoy-yb1-2026-08-01-game1,2026-08-01T11:45:49.553000+00:00,-71.06032887999996,1.360849294464,-69.69947958553595
11,8924057168,dota2-l1ga-lgd-2026-08-01-game1,2026-08-01T13:34:16.709000+00:00,-3.6318999999999875,0.9861051824999999,-2.6457948174999877
11,8924222714,dota2-l1ga-lgd-2026-08-01-game2,2026-08-01T15:02:43.462000+00:00,0.0,0.0,0.0
11,8924328537,dota2-glyph-z10-2026-08-01-game1,2026-08-01T15:59:42.950000+00:00,-34.910210019999994,1.4182886558415,-33.49192136415849
11,8924367779,dota2-l1ga-lgd-2026-08-01,2026-08-01T16:23:12.450000+00:00,0.0,0.0,0.0
11,8924468754,dota2-glyph-z10-2026-08-01-game2,2026-08-01T17:25:49.795000+00:00,-17.48590112000005,2.641067862648,-14.84483325735205
11,8924530036,dota2-rnx-xtreme-2026-08-01-game1,2026-08-01T18:06:50.164000+00:00,3.481758310000018,1.24761557427975,4.7293738842797675
11,8924616191,dota2-rnx-xtreme-2026-08-01-game2,2026-08-01T19:06:22.446000+00:00,-25.18983162000002,1.766311560561,-23.42352005943902
11,8925210898,dota2-playti-xctn-2026-08-02-game1,2026-08-02T05:28:20.542000+00:00,0.0,0.0,0.0
11,8925308090,dota2-playti-xctn-2026-08-02-game2,2026-08-02T07:03:47.891000+00:00,0.0,0.48000383999999996,0.48000383999999996
11,8925543582,dota2-yes-tr7-2026-08-02-game1,2026-08-02T10:44:16.945000+00:00,-4.191401559999992,0.999821214384,-3.191580345615992
11,8925703946,dota2-yes-tr7-2026-08-02-game2,2026-08-02T11:58:57.158000+00:00,2.2667,0.6409739474999999,2.9076739475
11,8925847726,dota2-yes-tr7-2026-08-02,2026-08-02T13:17:43.701000+00:00,30.43319883999999,1.213024152372,31.64622299237199
11,8926022375,dota2-rnx-yb1-2026-08-02-game1,2026-08-02T15:09:53.856000+00:00,57.564180810000025,2.86412203186875,60.42830284186878
11,8926232913,dota2-rnx-yb1-2026-08-02-game2,2026-08-02T16:42:19.665000+00:00,-4.838700000000017,1.1926142775,-3.6460857225000174
11,8926381426,dota2-rnx-yb1-2026-08-02,2026-08-02T18:14:10.009000+00:00,12.42160000000004,1.71188565,14.13348565000004
11,8926523280,dota2-z10-lgd-2026-08-02-game1,2026-08-02T19:59:32.068000+00:00,0.0,0.0,0.0
11,8926636219,dota2-z10-lgd-2026-08-02-game2,2026-08-02T21:07:31.416000+00:00,-11.420999999999992,0.56237805,-10.858621949999993
11,8927063876,dota2-glyph-playti-2026-08-03-game2,2026-08-03T06:55:36.873000+00:00,58.65600000000008,1.2406427249999998,59.89664272500008
11,8927132943,dota2-glyph-playti-2026-08-03,2026-08-03T08:27:35.152000+00:00,30.476900000000043,1.6624829025,32.139382902500046
11,8927207054,dota2-xtreme-tr7-2026-08-03-game1,2026-08-03T10:00:05.212000+00:00,8.124200000000002,1.46880909,9.593009090000002
11,8927288399,dota2-xtreme-tr7-2026-08-03-game2,2026-08-03T11:00:48.642000+00:00,2.5170000000000066,0.517406625,3.0344066250000066
11,8927380776,dota2-xtreme-tr7-2026-08-03,2026-08-03T12:15:30.661000+00:00,41.782105380000075,3.9520474109565,45.73415279095658
11,8927539264,dota2-vg-yb1-2026-08-03-game1,2026-08-03T14:05:56.825000+00:00,125.62480000000002,0.778352565,126.40315256500003
11,8927660975,dota2-vg-yb1-2026-08-03-game2,2026-08-03T15:05:20.968000+00:00,17.589397200000008,1.69978155246,19.289178752460007
11,8927760296,dota2-vg-yb1-2026-08-03,2026-08-03T16:18:19.713000+00:00,46.622200000000106,2.952396225,49.57459622500011
11,8927926397,dota2-re-lgd-2026-08-03-game1,2026-08-03T18:09:03.381000+00:00,14.6675,0.46314968250000005,15.1306496825
11,8928050264,dota2-re-lgd-2026-08-03-game2,2026-08-03T19:19:18.313000+00:00,10.872000000000043,0.727893675,11.599893675000043
11,8928163118,dota2-re-lgd-2026-08-03,2026-08-03T20:43:38.722000+00:00,-2.1662999999999926,2.3335732575,0.16727325750000732
11,8928851109,dota2-playti-tr7-2026-08-04-game1,2026-08-04T11:30:07.829000+00:00,0.0,0.0,0.0
11,8928953683,dota2-playti-tr7-2026-08-04-game2,2026-08-04T12:46:11.879000+00:00,14.657500000000013,2.3848977675,17.042397767500013
11,8929124210,dota2-yb1-re-2026-08-04-game1,2026-08-04T14:38:55.576000+00:00,-1.3093018099999938,1.05359991329175,-0.25570189670824384
11,8929276426,dota2-yb1-re-2026-08-04-game2,2026-08-04T15:54:25.550000+00:00,2.0112094300000294,1.58305066622775,3.5942600962277793
11,8929365099,dota2-yb1-re-2026-08-04,2026-08-04T16:51:08.308000+00:00,22.634514590000038,3.07366366813125,25.708178258131287
11,8930200713,dota2-tr7-re-2026-08-05-game1,2026-08-05T08:20:38.811000+00:00,0.0,1.41000564,1.41000564
11,8930258778,dota2-tr7-re-2026-08-05-game2,2026-08-05T09:25:42.941000+00:00,-36.5877999999999,5.987359035000001,-30.6004409649999
11,8930398938,dota2-playti-yb1-2026-08-05-game1,2026-08-05T12:24:04.133000+00:00,3.096199999999996,4.281948825,7.378148824999996
11,8930615242,dota2-playti-yb1-2026-08-05-game2,2026-08-05T14:02:56.166000+00:00,59.51188259999998,0.789209818425,60.30109241842498
11,8930736914,dota2-playti-yb1-2026-08-05-game3,2026-08-05T15:09:49.519000+00:00,6.8127985600000045,0.864845935188,7.677644495188004
11,8931781241,dota2-lvlup1-rearis-2026-08-06-game1,2026-08-06T09:28:03.156000+00:00,0.0,0.0,0.0
11,8931852727,dota2-lvlup1-rearis-2026-08-06-game2,2026-08-06T10:30:33.624000+00:00,-15.133348759999983,1.181596722891,-13.951752037108983
11,8931981851,dota2-rearis-nh-2026-08-06-game1,2026-08-06T12:26:15.226000+00:00,0.0,0.0,0.0
11,8932085762,dota2-rearis-nh-2026-08-06-game2,2026-08-06T13:20:21.204000+00:00,7.5048999999999975,0.1549225275,7.659822527499998
11,8932181345,dota2-rearis-nh-2026-08-06,2026-08-06T14:22:22.478000+00:00,4.601183730000017,0.24829539365474995,4.849479123654767
11,8932318084,dota2-nh-lvlup1-2026-08-06-game1,2026-08-06T15:34:15.395000+00:00,-23.134299999999982,0.5462354175,-22.58806458249998
11,8932413808,dota2-nh-lvlup1-2026-08-06-game2,2026-08-06T16:23:29.211000+00:00,-0.6603297299999991,0.08790956797425,-0.5724201620257491
11,8932523868,dota2-nh-lvlup1-2026-08-06,2026-08-06T17:36:18.454000+00:00,0.0,0.0,0.0
11,8932657929,dota2-ill-pr1-2026-08-06-game1,2026-08-06T19:12:10.345000+00:00,-20.57859999999998,0.428934375,-20.14966562499998
11,8932835800,dota2-ill-pr1-2026-08-06,2026-08-06T21:22:55.783000+00:00,-4.755499999999998,0.5243758875,-4.231124112499998
11,8933374169,dota2-nh-z10-2026-08-07-game1,2026-08-07T09:29:47.916000+00:00,0.0,0.0,0.0
11,8933453728,dota2-nh-z10-2026-08-07-game2,2026-08-07T10:40:19.376000+00:00,0.0,0.0,0.0
11,8933575351,dota2-ill-stx-2026-08-07-game1,2026-08-07T12:33:02.695000+00:00,0.0,0.0,0.0
11,8933704579,dota2-ill-stx-2026-08-07-game2,2026-08-07T13:44:43.178000+00:00,-20.92870000000002,2.2446717525,-18.68402824750002
11,8933879286,dota2-pr1-jenz-2026-08-07-game1,2026-08-07T15:25:51.002000+00:00,-217.9631,2.6215607925000004,-215.3415392075
11,8933988979,dota2-pr1-jenz-2026-08-07-game2,2026-08-07T16:29:38.697000+00:00,0.6702212399999965,0.104254497606,0.7744757376059965
11,8934184387,dota2-jenz-nemiga-2026-08-07-game1,2026-08-07T18:35:03.983000+00:00,0.0,0.0,0.0
11,8934279386,dota2-jenz-nemiga-2026-08-07-game2,2026-08-07T19:33:30.612000+00:00,0.0,0.42000335999999994,0.42000335999999994
11,8936825643,dota2-pr1-yes-2026-08-09-game1,2026-08-09T09:22:32.992000+00:00,3.3253449400000115,1.511888365773,4.837233305773012
11,8937080738,dota2-pr1-yes-2026-08-09,2026-08-09T12:20:23.208000+00:00,42.59922124999997,3.49196693765625,46.09118818765622
11,8937188618,dota2-lvlup1-mouz-2026-08-09-game1,2026-08-09T13:17:49.636000+00:00,-14.923487560000018,1.1971712449829999,-13.726316315017018
11,8937335830,dota2-lvlup1-mouz-2026-08-09-game2,2026-08-09T14:27:35.299000+00:00,-4.692787249999981,1.6790661434437497,-3.013721106556231
11,8937484593,dota2-ill-re-2026-08-09-game1,2026-08-09T15:55:00.679000+00:00,1.2066999999999979,0.41947908749999996,1.626179087499998
11,8937631882,dota2-ill-re-2026-08-09-game2,2026-08-09T17:12:21.447000+00:00,35.302499999999995,0.7509395624999999,36.053439562499996
11,8937722788,dota2-z10-navi-2026-08-09-game1,2026-08-09T18:17:16.930000+00:00,-38.85370000000002,3.0486586874999997,-35.805041312500016
11,8938509987,dota2-pr1-mouz-2026-08-10-game1,2026-08-10T09:24:47.767000+00:00,0.40000000000000213,0.10460999999999998,0.5046100000000021
11,8938565057,dota2-pr1-mouz-2026-08-10-game2,2026-08-10T10:12:07.159000+00:00,1.1564000000000476,1.8581885099999997,3.0145885100000473
11,8938634026,dota2-pr1-mouz-2026-08-10,2026-08-10T11:15:54.851000+00:00,-22.983923199999943,3.126349250046,-19.85757394995394
11,8938716198,dota2-ill-z10-2026-08-10-game1,2026-08-10T12:25:50.383000+00:00,-3.98885623999999,0.657222415758,-3.33163382424199
11,8939023869,dota2-yes-lvlup1-2026-08-10-game1,2026-08-10T15:24:37.289000+00:00,25.263300000000015,1.2574001925,26.520700192500016
11,8940059913,dota2-lvlup1-navi-2026-08-11-game1,2026-08-11T09:16:02.605000+00:00,18.21759999999999,0.68813055,18.90573054999999
11,8940117837,dota2-lvlup1-navi-2026-08-11-game2,2026-08-11T10:12:11.551000+00:00,-65.82111174000003,3.41176008081,-62.40935165919004
11,8940266495,dota2-mouz-re-2026-08-11-game1,2026-08-11T12:16:13.042000+00:00,52.49209999999997,1.3882915574999999,53.88039155749997
11,8940365227,dota2-mouz-re-2026-08-11-game2,2026-08-11T13:12:04.281000+00:00,-24.408300000000054,1.9990729125,-22.409227087500053
11,8940487898,dota2-mouz-re-2026-08-11,2026-08-11T14:25:06.999000+00:00,17.419838399999975,1.900012142736,19.319850542735974
11,8940643574,dota2-yes-z10-2026-08-11-game1,2026-08-11T15:45:57.067000+00:00,3.054677460000022,1.1721907701915,4.226868230191522
11,8940756672,dota2-yes-z10-2026-08-11-game2,2026-08-11T16:48:25.758000+00:00,4.61852356,1.713681912723,6.332205472723
11,8941656460,dota2-lvlup1-re-2026-08-12-game1,2026-08-12T09:19:34.658000+00:00,5.302300000000031,1.0866318674999997,6.38893186750003
11,8941733752,dota2-lvlup1-re-2026-08-12-game2,2026-08-12T10:35:42.245000+00:00,14.3383702,1.3226761206,15.6610463206
11,8941817475,dota2-lvlup1-re-2026-08-12,2026-08-12T11:50:26.039000+00:00,7.731799999999973,1.08105297,8.812852969999973
11,8942003788,dota2-navi-lvlup1-2026-08-12-game1,2026-08-12T13:42:36.457000+00:00,5.333200000000019,0.353391165,5.686591165000019
11,8942152024,dota2-navi-lvlup1-2026-08-12-game2,2026-08-12T14:50:30.897000+00:00,0.0,0.0,0.0
11,8942262723,dota2-navi-lvlup1-2026-08-12-game3,2026-08-12T15:53:47.795000+00:00,19.75359999999999,0.16944884999999998,19.92304884999999
11,8962372120,dota2-ic-nemiga-2026-08-24-game1,2026-08-24T07:17:08.649000+00:00,0.0,0.0,0.0
11,8962458373,dota2-ic-nemiga-2026-08-24-game2,2026-08-24T08:26:45.454000+00:00,4.028566040000015,0.7708320750089999,4.799398115009016
11,8962592819,dota2-ks-lynx-2026-08-24-game1,2026-08-24T10:19:27.562000+00:00,-1.564203259999985,0.5575790215709999,-1.0066242384289852
11,8962736746,dota2-ks-lynx-2026-08-24-game2,2026-08-24T11:33:18.452000+00:00,53.071695280000064,1.8585634735079999,54.93025875350806
11,8962964580,dota2-sb5-stx-2026-08-24-game1,2026-08-24T13:25:23.881000+00:00,0.0,0.0,0.0
11,8963508714,dota2-rearis-lynx-2026-08-24-game2,2026-08-24T17:37:20.349000+00:00,30.333834410000023,2.19920496902775,32.53303937902777
11,8963649188,dota2-dynast1-fts-2026-08-24-game1,2026-08-24T19:15:00.848000+00:00,26.24340000000001,0.334556955,26.57795695500001
11,8963790789,dota2-dynast1-fts-2026-08-24-game2,2026-08-24T20:20:45.642000+00:00,1.6365994999999955,0.195219102375,1.8318186023749956
11,8964399842,dota2-pckcp-nemiga-2026-08-25-game1,2026-08-25T07:22:10.248000+00:00,-0.8628460500000048,0.64248124702125,-0.22036480297875483
11,8964480771,dota2-pckcp-nemiga-2026-08-25-game2,2026-08-25T08:31:41.723000+00:00,7.760637250000002,1.74499803219375,9.505635282193753
11,8964574076,dota2-pckcp-nemiga-2026-08-25,2026-08-25T09:52:05.670000+00:00,-0.03999999999999737,0.7660349999999999,0.7260350000000025
11,8964657335,dota2-fts-pckcp-2026-08-25-game1,2026-08-25T10:52:11.864000+00:00,-14.324698959999989,0.44256396274199994,-13.882134997257989
11,8964837315,dota2-fts-pckcp-2026-08-25-game2,2026-08-25T12:34:06.314000+00:00,-4.9644870999998965,1.2659419425449998,-3.6985451574548964
11,8964962329,dota2-ic-fts-2026-08-25-game1,2026-08-25T13:50:36.471000+00:00,41.59136018999995,1.20780718240575,42.799167372405705
11,8965097316,dota2-ic-fts-2026-08-25-game2,2026-08-25T14:41:01.046000+00:00,-6.15979999999999,1.4255592,-4.73424079999999
11,8964938940,dota2-rearis-spirit1-2026-08-25-game1,2026-08-25T16:23:39.394000+00:00,-0.3981769600000078,0.356680436688,-0.041496523312007816
11,8965544741,dota2-rearis-spirit1-2026-08-25,2026-08-25T18:44:21.316000+00:00,9.52821702,3.139681873887,12.667898893887
11,8969842778,dota2-pckcp-ic-2026-08-28-game2,2026-08-28T08:21:21.985000+00:00,50.19814884999994,2.16480265599375,52.36295150599369
11,8969978865,dota2-rearis-sb5-2026-08-28-game1,2026-08-28T10:27:01.322000+00:00,-6.318499999999995,0.27101030249999997,-6.047489697499995
11,8970089224,dota2-rearis-sb5-2026-08-28-game2,2026-08-28T11:41:09.553000+00:00,0.9600000000000009,0.057456,1.0174560000000008
11,8970207176,dota2-rearis-sb5-2026-08-28,2026-08-28T12:56:49.576000+00:00,12.304042039999992,0.9361340330339999,13.240176073033991
11,8970338180,dota2-synaps-nemiga-2026-08-28-game1,2026-08-28T14:09:13.367000+00:00,-2.245299999999986,1.9802926424999998,-0.2650073574999863
11,8970352005,dota2-dynast1-ic-2026-08-28-game1,2026-08-28T14:10:35.964000+00:00,0.3828577000000024,0.086137839255,0.4689955392550024
11,8970470057,dota2-synaps-nemiga-2026-08-28-game2,2026-08-28T15:09:53.245000+00:00,141.8147198800001,1.526432352639,143.3411522326391
11,8970485789,dota2-dynast1-ic-2026-08-28-game2,2026-08-28T15:14:26.848000+00:00,-33.74290000000002,2.3190574875,-31.42384251250002
11,8970575970,dota2-synaps-nemiga-2026-08-28,2026-08-28T16:02:11.965000+00:00,-27.896778830000002,0.63880477834275,-27.257974051657254
11,8970655100,dota2-dynast1-ic-2026-08-28,2026-08-28T16:43:34.585000+00:00,4.9281819700000025,0.80394934502025,5.732131315020252
11,8970886632,dota2-dynast1-pckcp-2026-08-28-game2,2026-08-28T18:51:22.084000+00:00,-15.90859100000003,1.692157580625,-14.21643341937503
11,8971007454,dota2-ks-rearis-2026-08-28-game1,2026-08-28T20:11:41.712000+00:00,-39.79399999999998,1.0944744,-38.69952559999998
11,8971016820,dota2-fts-nemiga-2026-08-28-game1,2026-08-28T20:17:43.711000+00:00,0.0,0.0,0.0
11,8971111987,dota2-ks-rearis-2026-08-28-game2,2026-08-28T21:24:47.695000+00:00,0.44399999999999995,0.018947699999999998,0.46294769999999996
11,8971423978,dota2-db2-satan-2026-08-28-game2,2026-08-29T03:20:55.120000+00:00,0.3125,0.0108890625,0.3233890625
11,8971501630,dota2-nexus-cres-2026-08-28,2026-08-29T04:51:09.441000+00:00,-73.40020000000004,2.456227845,-70.94397215500004
11,8971519375,dota2-nem-6seven-2026-08-29-game1,2026-08-29T05:14:15.579000+00:00,-13.277899999999995,0.3858058275,-12.892094172499995
11,8971586781,dota2-nem-6seven-2026-08-29-game2,2026-08-29T06:13:46.689000+00:00,2.871531360000006,1.0212190511519998,3.8927504111520057
11,8971664649,dota2-nem-6seven-2026-08-29,2026-08-29T07:24:10.704000+00:00,12.078033519999963,2.47123371213,14.549267232129964
11,8971753986,dota2-icecre-kineti-2026-08-29-game1,2026-08-29T08:38:12.829000+00:00,0.0,0.0,0.0
11,8971849697,dota2-icecre-kineti-2026-08-29-game2,2026-08-29T09:43:14.699000+00:00,0.0,0.0,0.0
11,8971891627,dota2-dynast1-nemiga-2026-08-29-game1,2026-08-29T10:17:49.464000+00:00,0.0,0.0,0.0
11,8971964803,dota2-mouz-yes-2026-08-29-game1,2026-08-29T11:13:49.271000+00:00,-19.001800930000115,2.83582963241925,-16.165971297580867
11,8971988345,dota2-sb5-lynx-2026-08-29-game1,2026-08-29T11:21:30.742000+00:00,-4.010484280000004,0.147965737956,-3.8625185420440036
11,8972103119,dota2-sb5-lynx-2026-08-29-game2,2026-08-29T12:31:54.536000+00:00,-3.4671000000000056,0.1945139025,-3.272586097500006
11,8972115962,dota2-mouz-yes-2026-08-29-game2,2026-08-29T12:36:59.931000+00:00,-41.72847884999988,3.61260506522625,-38.11587378477363
11,8972289868,dota2-huliga-lynx-2026-08-29-game1,2026-08-29T14:15:10.550000+00:00,-49.86352893000003,3.46095890253075,-46.40257002746928
11,8972502454,dota2-huliga-lynx-2026-08-29-game2,2026-08-29T15:52:19.963000+00:00,5.589097079999995,1.559657116806,7.148754196805995
11,8972611918,dota2-huliga-lynx-2026-08-29,2026-08-29T16:49:36.587000+00:00,-4.25539999999998,0.7924618649999999,-3.4629381349999804
11,8972773416,dota2-pi-lvlup1-2026-08-29-game1,2026-08-29T18:17:23.637000+00:00,-5.503524959999993,1.063295895108,-4.440229064891993
11,8972893200,dota2-pi-lvlup1-2026-08-29-game2,2026-08-29T19:20:53.860000+00:00,-23.90649999999998,1.0753536824999999,-22.83114631749998
11,8973011673,dota2-pi-lvlup1-2026-08-29,2026-08-29T20:33:12.059000+00:00,-6.689399999999974,1.439875515,-5.2495244849999745
11,8973010298,dota2-ks-spirit1-2026-08-29-game1,2026-08-29T20:38:42.759000+00:00,-4.05,0.039723749999999995,-4.0102762499999995
11,8973337131,dota2-icecre-xctn-2026-08-30-game1,2026-08-30T02:14:49.254000+00:00,0.0,0.0,0.0
11,8973405568,dota2-icecre-xctn-2026-08-30-game2,2026-08-30T03:19:55.483000+00:00,12.60620299,1.0050721208392501,13.61127511083925
11,8973462028,dota2-icecre-xctn-2026-08-30,2026-08-30T04:30:11.988000+00:00,0.9957019999999801,2.3069887600379997,3.30269076003798
11,8973502629,dota2-clo-yb1-2026-08-30-game1,2026-08-30T05:13:07.837000+00:00,-3.0001000000000033,0.4864701975,-2.5136298025000032
11,8973568453,dota2-clo-yb1-2026-08-30-game2,2026-08-30T06:12:50.377000+00:00,0.15268528999999909,0.04962644358224999,0.20231173358224908
11,8973613420,dota2-clo-yb1-2026-08-30,2026-08-30T07:04:46.677000+00:00,27.952300000000022,0.5986810124999999,28.55098101250002
11,8973707438,dota2-lynx-lvlup1-2026-08-30-game1,2026-08-30T08:16:36.050000+00:00,-14.498100000000008,1.3424507325,-13.155649267500008
11,8973859403,dota2-lynx-lvlup1-2026-08-30-game2,2026-08-30T09:56:31.353000+00:00,8.58883254999995,1.6420912443862499,10.2309237943862
11,8973884000,dota2-nem-xctn-2026-08-30-game2,2026-08-30T10:12:32.710000+00:00,-11.631278390000006,1.91138395008675,-9.719894439913256
11,8973944033,dota2-lynx-lvlup1-2026-08-30,2026-08-30T10:50:43.696000+00:00,53.464629330000065,2.42061576961425,55.885245099614316
11,8974185539,dota2-navi-mouz-2026-08-30-game2,2026-08-30T13:08:29.090000+00:00,-17.798499999999976,1.5750548025,-16.223445197499977
11,8974647733,dota2-lvlup1-pr1-2026-08-30-game1,2026-08-30T17:09:16.077000+00:00,-22.09989200000002,2.676800825175,-19.423091174825018
11,8974898633,dota2-lvlup1-pr1-2026-08-30,2026-08-30T19:25:58.777000+00:00,-9.93892480000001,0.9750001809,-8.963924619100009
11,8975110449,dota2-dynast1-ks-2026-08-30-game2,2026-08-30T21:54:27.706000+00:00,0.0,0.0,0.0
11,8975871235,dota2-synaps-lynx-2026-08-31-game1,2026-08-31T12:26:44.788000+00:00,-21.744399159999933,1.7812313814719998,-19.963167778527932
11,8976012755,dota2-synaps-lynx-2026-08-31-game2,2026-08-31T13:41:35.303000+00:00,14.405800000000017,1.53367461,15.939474610000017
11,8976166971,dota2-synaps-lynx-2026-08-31,2026-08-31T15:09:07.826000+00:00,24.86566559999997,1.9510260197999998,26.816691619799972
11,8976300473,dota2-4iki-ic-2026-08-31-game1,2026-08-31T16:25:39.940000+00:00,0.60906039999999,0.6708209643,1.27988136429999
11,8976441468,dota2-4iki-ic-2026-08-31-game2,2026-08-31T17:43:06.122000+00:00,5.3964,0.14997495000000002,5.54637495
11,8976511215,dota2-4iki-ic-2026-08-31,2026-08-31T18:29:54.020000+00:00,-5.193768100000057,0.9063823813724999,-4.287385718627557
11,8976665322,dota2-spirit1-pi-2026-08-31-game1,2026-08-31T20:26:57.494000+00:00,0.504999999999999,0.06904612499999999,0.574046124999999
11,8976751962,dota2-spirit1-pi-2026-08-31-game2,2026-08-31T21:40:17.685000+00:00,0.0,0.0,0.0
11,8977325814,dota2-ks-pckcp-2026-09-01-game2,2026-09-01T10:26:27.059000+00:00,16.308899639999993,0.6941506403939999,17.003050280393992
11,8977476867,dota2-ic-lynx-2026-09-01-game1,2026-09-01T12:26:04.131000+00:00,-2.799999999999997,0.89889,-1.9011099999999972
11,8977623650,dota2-ic-lynx-2026-09-01-game2,2026-09-01T13:53:28.128000+00:00,14.850859999999898,4.0265757435000005,18.8774357434999
11,8977913355,dota2-synaps-lvlup1-2026-09-01-game2,2026-09-01T16:37:59.217000+00:00,16.514841440000026,1.0300226106119998,17.544864050612027
11,8978023576,dota2-synaps-lvlup1-2026-09-01,2026-09-01T17:45:54.185000+00:00,0.8645261399999988,0.094806008343,0.9593321483429988
11,8978832148,dota2-pr1-ic-2026-09-02-game1,2026-09-02T09:52:32.767000+00:00,68.38742394999994,1.3366428284362502,69.7240667784362
11,8978916284,dota2-pr1-ic-2026-09-02-game2,2026-09-02T11:19:11.539000+00:00,0.0,0.0,0.0
11,8978986214,dota2-pr1-ic-2026-09-02,2026-09-02T12:20:55.440000+00:00,-0.48360000000000003,0.053812589999999993,-0.42978741000000004
11,8979131280,dota2-dynast1-pckcp-2026-09-02-game1,2026-09-02T13:56:13.878000+00:00,0.0,0.0,0.0
11,8979241530,dota2-dynast1-pckcp-2026-09-02-game2,2026-09-02T14:56:18.245000+00:00,12.960861160000007,0.8999237134529998,13.860784873453007
11,8979344496,dota2-synaps-4iki-2026-09-02-game1,2026-09-02T15:59:27.587000+00:00,-22.445390680000074,3.2205176233560002,-19.224873056644075
11,8980293569,dota2-z10-ks-2026-09-03-game1,2026-09-03T09:18:42.909000+00:00,12.537900000000036,1.4841721424999998,14.022072142500036
11,8980358113,dota2-z10-ks-2026-09-03-game2,2026-09-03T10:27:20.250000+00:00,5.43654426999997,1.6794209257702497,7.115965195770221
11,8980463789,dota2-pckcp-spirit1-2026-09-03-game1,2026-09-03T12:14:02.762000+00:00,-1.1494,0.20128867500000003,-0.948111325
11,8980769413,dota2-pi-dynast1-2026-09-03-game1,2026-09-03T15:17:23.998000+00:00,68.19187164000004,0.9285964197869999,69.12046805978704
