seed,match_id,slug,horn_at,engine_pnl,rebate,net
0,8837869969,dota2-aur1-ty-2026-06-04-game1,2026-06-04T09:17:47.612000+00:00,11.914000000000044,1.7328625500000001,13.646862550000044
0,8838396820,dota2-lgd-ty-2026-06-04-game2,2026-06-04T16:48:28.531000+00:00,-7.854300000000073,3.6147265875,-4.239573412500073
0,8839366504,dota2-lgd-liquid-2026-06-05-game2,2026-06-05T13:21:18.066000+00:00,0.23849776000002976,2.249964854268,2.48846261426803
0,8840635639,dota2-ty-bb4-2026-06-06-game1,2026-06-06T10:47:49.658000+00:00,0.0,0.0,0.0
0,8841114801,dota2-aur1-lgd-2026-06-06-game2,2026-06-06T16:30:29.855000+00:00,-36.18220076,2.153690171979,-34.028510588021
0,8842468101,dota2-ty-lgd-2026-06-07-game1,2026-06-07T14:21:40.854000+00:00,-1.1499999999999995,0.01693125,-1.1330687499999994
0,8843465364,dota2-4iki-nande4-2026-06-08-game1,2026-06-08T09:15:08.776000+00:00,-58.98686718000002,2.0528206526295,-56.93404652737052
0,8844054970,dota2-z10-sb5-2026-06-08-game2,2026-06-08T17:08:41.204000+00:00,1.04,0.01833,1.05833
0,8850534819,dota2-ill-pr1-2026-06-13-game2,2026-06-13T17:10:42.502000+00:00,0.4230000000000018,0.401098725,0.8240987250000018
0,8854443395,dota2-fla-spirit1-2026-06-16-game1,2026-06-16T16:31:44.570000+00:00,-5.340400000000005,0.15518787,-5.185212130000005
0,8885275216,dota2-re-xtreme-2026-07-07-game2,2026-07-07T11:16:11.813000+00:00,-7.785599999999931,1.4156714999999997,-6.369928499999931
0,8885470551,dota2-l1ga-ngx-2026-07-07-game2,2026-07-07T13:39:34.570000+00:00,22.88640000000001,1.0767543000000002,23.96315430000001
0,8885665054,dota2-nem-pari-2026-07-07-game1,2026-07-07T15:41:38.548000+00:00,25.864390999999955,1.337856856425,27.202247856424954
0,8885974297,dota2-ic-1win-2026-07-07-game2,2026-07-07T19:32:14.446000+00:00,0.0,0.0,0.0
0,8886638110,dota2-poorra-bb4-2026-07-08-game2,2026-07-08T10:36:00.005000+00:00,0.0,0.0,0.0
0,8886736772,dota2-liquid-lvlup1-2026-07-08-game1,2026-07-08T12:08:59.488000+00:00,0.0,0.0,0.0
0,8886994890,dota2-ts8-nem-2026-07-08-game1,2026-07-08T14:59:11.781000+00:00,0.0,0.019125,0.019125
0,8887218598,dota2-lgd-og-2026-07-08-game1,2026-07-08T17:27:41.870000+00:00,0.8000000000000007,0.053009999999999995,0.8530100000000007
0,8887337672,dota2-ty-ic-2026-07-08-game2,2026-07-08T19:01:29.872000+00:00,0.0,0.0,0.0
0,8888056358,dota2-poorra-xtreme-2026-07-09-game2,2026-07-09T10:34:44.979000+00:00,-7.762700000000034,1.8256440975,-5.937055902500035
0,8888173515,dota2-playti-lvlup1-2026-07-09-game1,2026-07-09T12:20:27.216000+00:00,38.42099999999999,0.8506186649999998,39.27161866499999
0,8888318197,dota2-ngx-liquid-2026-07-09-game2,2026-07-09T14:04:08.888000+00:00,23.60809999999995,5.7073648125,29.31546481249995
0,8888555097,dota2-mouz-nem-2026-07-09-game2,2026-07-09T16:24:34.308000+00:00,-41.34049999999995,2.8666805024999995,-38.473819497499946
0,8888693655,dota2-vp-ty-2026-07-09-game1,2026-07-09T18:07:57.629000+00:00,0.0,0.0,0.0
0,8889452921,dota2-re-gl-2026-07-10-game1,2026-07-10T09:17:34.068000+00:00,59.57259999999991,1.9650165,61.537616499999906
0,8889538949,dota2-re-gl-2026-07-10-game2,2026-07-10T10:40:57.402000+00:00,-4.758700000000033,3.5182053375,-1.240494662500033
0,8889733840,dota2-aur1-playti-2026-07-10-game2,2026-07-10T13:14:22.837000+00:00,-103.31049999999999,4.1351894325,-99.17531056749999
0,8890008812,dota2-nem-vg-2026-07-10-game2,2026-07-10T15:49:04.827000+00:00,50.2312,1.3122234,51.5434234
0,8890270555,dota2-1win-og-2026-07-10-game2,2026-07-10T18:36:26.467000+00:00,0.0,0.0,0.0
0,8891108985,dota2-bb4-gl-2026-07-11-game1,2026-07-11T09:17:06.187000+00:00,0.0,0.0,0.0
0,8891325877,dota2-l1ga-lvlup1-2026-07-11-game1,2026-07-11T12:09:46.181000+00:00,-22.67230200000003,0.99137082375,-21.68093117625003
0,8891497910,dota2-aur1-liquid-2026-07-11-game2,2026-07-11T13:53:37.287000+00:00,75.17349999999993,1.2560371875,76.42953718749993
0,8892836635,dota2-pari-ts8-2026-07-12-game1,2026-07-12T09:26:06.808000+00:00,-25.297599999999946,5.20801332,-20.089586679999947
0,8893070561,dota2-1win-ty-2026-07-12-game1,2026-07-12T12:14:45.162000+00:00,1.3706343500000457,1.97623421800125,3.3468685680012955
0,8896139222,dota2-re-vp-2026-07-14-game1,2026-07-14T11:15:10.363000+00:00,7.5,2.8604475,10.3604475
0,8896380183,dota2-re-vp-2026-07-14,2026-07-14T14:02:34.965000+00:00,-89.94709999999998,2.4728783775,-87.47422162249998
0,8897585705,dota2-aur1-re-2026-07-15-game1,2026-07-15T11:19:40.513000+00:00,-130.01006850000005,0.8195336938125,-129.19053480618754
0,8897831774,dota2-ts8-liquid-2026-07-15,2026-07-15T14:13:24.528000+00:00,-8.450259979999942,1.3303643953964999,-7.119895584603442
0,8898084910,dota2-1win-vg-2026-07-15,2026-07-15T16:49:08.935000+00:00,-27.329901640000003,2.612403752334,-24.717497887666003
0,8899307453,dota2-pari-re-2026-07-17-game1,2026-07-16T14:36:23.407000+00:00,18.98750000000001,0.8552919375,19.84279193750001
0,8900771154,dota2-ngx-bb4-2026-07-16-game1,2026-07-17T14:28:08.196000+00:00,-10.870799999999974,2.16708759,-8.703712409999975
0,8902338515,dota2-ty-pari-2026-07-18-game1,2026-07-18T14:06:38.308000+00:00,18.367200000000025,2.2936041,20.660804100000025
0,8903789784,dota2-vg-ty-2026-07-19-game2,2026-07-19T11:31:19.185000+00:00,12.0,1.0773,13.0773
0,8904419709,dota2-bb4-pari-2026-07-19-game4,2026-07-19T18:05:14.511000+00:00,-12.994100000000003,1.4820074625,-11.512092537500003
0,8905233934,dota2-lynx-pckcp-2026-07-20-game1,2026-07-20T11:15:17.947000+00:00,20.631799999999984,1.100348805,21.732148804999984
0,8905741721,dota2-spirit1-jenz-2026-07-20-game1,2026-07-20T16:55:30.580000+00:00,11.8647,2.6837121975000002,14.5484121975
0,8906479441,dota2-nemiga-dan-2026-07-21-game1,2026-07-21T07:24:02.590000+00:00,20.001808229999995,1.8507410350027496,21.852549265002743
0,8906814740,dota2-pckcp-stx-2026-07-21,2026-07-21T12:50:32.182000+00:00,1.3524473200000031,0.487916224491,1.8403635444910031
0,8907236730,dota2-jenz-lynx-2026-07-21-game1,2026-07-21T17:22:36.365000+00:00,0.0,0.0,0.0
0,8907997366,dota2-ill-dan-2026-07-22-game2,2026-07-22T08:30:21.640000+00:00,0.0,0.0,0.0
0,8908612824,dota2-stx-spirit1-2026-07-22,2026-07-22T16:27:56.948000+00:00,14.974231589999967,1.55680779827325,16.531039388273218
0,8909443684,dota2-dan-z10-2026-07-23-game2,2026-07-23T08:24:14.078000+00:00,-10.65999999999999,0.2887425,-10.37125749999999
0,8910104556,dota2-jenz-kw1-2026-07-23-game2,2026-07-23T16:47:57.620000+00:00,11.689700000000002,0.3793041975,12.069004197500002
0,8910535715,dota2-lvlup1-aion-2026-07-23,2026-07-23T22:37:28.157000+00:00,-26.104791760000026,1.1814976479135,-24.923294112086527
0,8911277378,dota2-kw1-stx-2026-07-24-game2,2026-07-24T13:08:23.857000+00:00,42.90523885999997,1.698880694961,44.60411955496097
0,8912123729,dota2-nemiga-lvlup1-2026-07-24-game2,2026-07-24T22:15:39.296000+00:00,0.0,0.0,0.0
0,8912831712,dota2-pckcp-jenz-2026-07-22-game2,2026-07-25T11:23:26.682000+00:00,2.8000000000000007,0.14493,2.9449300000000007
0,8913726962,dota2-lynx-kw1-2026-07-25-game2,2026-07-25T20:57:15.562000+00:00,-64.34009999999995,4.1056656975,-60.23443430249995
0,8914637220,dota2-nemiga-ill-2026-07-26,2026-07-26T12:04:18.708000+00:00,46.41440000000006,2.4877235399999997,48.902123540000055
0,8915137972,dota2-kw1-rearis-2026-07-26-game2,2026-07-26T16:47:26.165000+00:00,0.5000000000000009,0.013492499999999998,0.5134925000000009
0,8916041863,dota2-lvlup1-pckcp-2026-07-27-game1,2026-07-27T09:21:33.291000+00:00,38.47409999999999,0.29913815250000003,38.77323815249999
0,8916474664,dota2-stx-nemiga-2026-07-27,2026-07-27T14:44:54.132000+00:00,-40.12253728999991,2.5232334113047497,-37.59930387869516
0,8917853656,dota2-nh-pckcp-2026-07-28-game2,2026-07-28T13:23:44.955000+00:00,49.38516459999995,2.1836040099,51.568768609899955
0,8919404744,dota2-rearis-z10-2026-07-29-game2,2026-07-29T13:48:28.368000+00:00,-1.1730000000000018,0.700811325,-0.47218867500000183
0,8920655724,dota2-pckcp-z10-2026-07-30-game2,2026-07-30T10:32:16.617000+00:00,0.0,0.0,0.0
0,8921281044,dota2-amaru-pr1-2026-07-30-game2,2026-07-30T17:34:28.519000+00:00,0.0,0.0,0.0
0,8922137329,dota2-vg-amaru-2026-07-31-game2,2026-07-31T09:48:16.177000+00:00,0.3000000000000007,0.0291825,0.3291825000000007
0,8922300474,dota2-enjoy-glyph-2026-07-31-game1,2026-07-31T12:14:29.331000+00:00,0.8999999999999986,0.1083375,1.0083374999999986
0,8922552315,dota2-l1ga-rnx-2026-07-31,2026-07-31T14:55:23.609000+00:00,84.76813399999992,1.802251917,86.57038591699992
0,8922940920,dota2-xtreme-lgd-2026-07-31-game2,2026-07-31T19:09:48.720000+00:00,-3.3259000000000185,5.135454307500001,1.8095543074999823
0,8923643650,dota2-midas3-tr7-2026-08-01,2026-08-01T08:08:01.087000+00:00,-218.2069,1.9275233175,-216.2793766825
0,8923874259,dota2-re-playti-2026-08-01-game2,2026-08-01T11:26:12.956000+00:00,22.2596,0.33224067,22.59184067
0,8924328537,dota2-glyph-z10-2026-08-01-game1,2026-08-01T15:59:42.950000+00:00,-37.575699999999976,3.1040522925,-34.471647707499976
0,8924616191,dota2-rnx-xtreme-2026-08-01-game2,2026-08-01T19:06:22.446000+00:00,-10.28570000000002,1.4660311725,-8.81966882750002
0,8925703946,dota2-yes-tr7-2026-08-02-game2,2026-08-02T11:58:57.158000+00:00,25.85822517999995,2.0452237473555,27.90344892735545
0,8926381426,dota2-rnx-yb1-2026-08-02,2026-08-02T18:14:10.009000+00:00,-0.12939999999998975,0.601324125,0.47192412500001024
0,8927132943,dota2-glyph-playti-2026-08-03,2026-08-03T08:27:35.152000+00:00,33.35270000000004,0.8261818875,34.17888188750004
0,8927539264,dota2-vg-yb1-2026-08-03-game1,2026-08-03T14:05:56.825000+00:00,1.5,1.28448258,2.7844825799999997
0,8928050264,dota2-re-lgd-2026-08-03-game2,2026-08-03T19:19:18.313000+00:00,17.409200000000013,0.24696555000000003,17.65616555000001
0,8929124210,dota2-yb1-re-2026-08-04-game1,2026-08-04T14:38:55.576000+00:00,18.53689152000004,1.671168487104,20.20806000710404
0,8930258778,dota2-tr7-re-2026-08-05-game2,2026-08-05T09:25:42.941000+00:00,48.325400000000016,3.0620041650000003,51.387404165000014
0,8931781241,dota2-lvlup1-rearis-2026-08-06-game1,2026-08-06T09:28:03.156000+00:00,1.0,0.366525,1.366525
0,8932181345,dota2-rearis-nh-2026-08-06,2026-08-06T14:22:22.478000+00:00,4.4961904000000175,0.24875890415999996,4.744949304160017
0,8932657929,dota2-ill-pr1-2026-08-06-game1,2026-08-06T19:12:10.345000+00:00,10.689996059999999,0.8670136443855,11.557009704385498
0,8933575351,dota2-ill-stx-2026-08-07-game1,2026-08-07T12:33:02.695000+00:00,0.0,0.0,0.0
0,8934184387,dota2-jenz-nemiga-2026-08-07-game1,2026-08-07T18:35:03.983000+00:00,0.0,0.0,0.0
0,8937188618,dota2-lvlup1-mouz-2026-08-09-game1,2026-08-09T13:17:49.636000+00:00,-31.723999999999965,1.9033458900000002,-29.820654109999964
0,8937722788,dota2-z10-navi-2026-08-09-game1,2026-08-09T18:17:16.930000+00:00,0.7400000000000038,0.254235,0.9942350000000038
0,8938716198,dota2-ill-z10-2026-08-10-game1,2026-08-10T12:25:50.383000+00:00,-0.612858000000001,0.07617213314999999,-0.536685866850001
0,8940266495,dota2-mouz-re-2026-08-11-game1,2026-08-11T12:16:13.042000+00:00,4.090799999999994,0.7507199099999999,4.841519909999994
0,8940756672,dota2-yes-z10-2026-08-11-game2,2026-08-11T16:48:25.758000+00:00,0.4917678400000014,0.050197676422500004,0.5419655164225015
0,8942003788,dota2-navi-lvlup1-2026-08-12-game1,2026-08-12T13:42:36.457000+00:00,7.79220000000004,1.002271725,8.79447172500004
0,8962458373,dota2-ic-nemiga-2026-08-24-game2,2026-08-24T08:26:45.454000+00:00,-5.454499999999996,2.0286649125,-3.425835087499996
0,8963508714,dota2-rearis-lynx-2026-08-24-game2,2026-08-24T17:37:20.349000+00:00,-2.2738655899999998,0.8723527365277499,-1.4015128534722499
0,8964480771,dota2-pckcp-nemiga-2026-08-25-game2,2026-08-25T08:31:41.723000+00:00,4.4056774800000085,0.48340495992599997,4.889082439926009
0,8964962329,dota2-ic-fts-2026-08-25-game1,2026-08-25T13:50:36.471000+00:00,76.80240005000003,1.0655719057732498,77.86797195577329
0,8969842778,dota2-pckcp-ic-2026-08-28-game2,2026-08-28T08:21:21.985000+00:00,20.761617790000003,2.00333321894775,22.764951008947754
0,8970338180,dota2-synaps-nemiga-2026-08-28-game1,2026-08-28T14:09:13.367000+00:00,-7.477200000000039,1.94014413,-5.537055870000039
0,8970575970,dota2-synaps-nemiga-2026-08-28,2026-08-28T16:02:11.965000+00:00,3.7075899499999956,0.92601518608125,4.633605136081245
0,8971016820,dota2-fts-nemiga-2026-08-28-game1,2026-08-28T20:17:43.711000+00:00,0.0,0.0,0.0
0,8971519375,dota2-nem-6seven-2026-08-29-game1,2026-08-29T05:14:15.579000+00:00,-12.280000000000015,0.36744299999999996,-11.912557000000016
0,8971849697,dota2-icecre-kineti-2026-08-29-game2,2026-08-29T09:43:14.699000+00:00,0.0,0.0,0.0
0,8972103119,dota2-sb5-lynx-2026-08-29-game2,2026-08-29T12:31:54.536000+00:00,-34.26100838000002,1.671698246439,-32.58931013356102
0,8972611918,dota2-huliga-lynx-2026-08-29,2026-08-29T16:49:36.587000+00:00,-9.777100000000004,0.8989101975,-8.878189802500005
0,8973010298,dota2-ks-spirit1-2026-08-29-game1,2026-08-29T20:38:42.759000+00:00,-44.55000000000001,0.41098724999999997,-44.13901275000001
0,8973502629,dota2-clo-yb1-2026-08-30-game1,2026-08-30T05:13:07.837000+00:00,0.0,0.0,0.0
0,8973859403,dota2-lynx-lvlup1-2026-08-30-game2,2026-08-30T09:56:31.353000+00:00,0.7971999999999966,0.36877709999999997,1.1659770999999965
0,8974647733,dota2-lvlup1-pr1-2026-08-30-game1,2026-08-30T17:09:16.077000+00:00,3.1223990600000073,0.764959661553,3.8873587215530074
0,8976012755,dota2-synaps-lynx-2026-08-31-game2,2026-08-31T13:41:35.303000+00:00,-24.210950000000025,1.4951566724999998,-22.715793327500027
0,8976511215,dota2-4iki-ic-2026-08-31,2026-08-31T18:29:54.020000+00:00,147.27272465999988,1.8289983824864997,149.10172304248638
0,8977476867,dota2-ic-lynx-2026-09-01-game1,2026-09-01T12:26:04.131000+00:00,-9.982779039999912,2.3202557545439997,-7.6625232854559115
0,8978832148,dota2-pr1-ic-2026-09-02-game1,2026-09-02T09:52:32.767000+00:00,43.51878011999997,1.540989657423,45.059769777422964
0,8979241530,dota2-dynast1-pckcp-2026-09-02-game2,2026-09-02T14:56:18.245000+00:00,0.8628997700000056,0.10335788113724997,0.9662576511372556
0,8980463789,dota2-pckcp-spirit1-2026-09-03-game1,2026-09-03T12:14:02.762000+00:00,12.033613039999992,0.7520895999839998,12.785702639983992
0,8837957019,dota2-aur1-ty-2026-06-04-game2,2026-06-04T11:05:49.570000+00:00,-61.03479999999995,6.75840453,-54.27639546999995
0,8838480778,dota2-lgd-ty-2026-06-04,2026-06-04T17:57:47.377000+00:00,-59.09450043000004,2.9842065353392497,-56.11029389466079
0,8839494962,dota2-flc-aur1-2026-06-05-game1,2026-06-05T14:52:18.684000+00:00,-19.120100000000036,3.1990789874999996,-15.921021012500036
0,8840704374,dota2-ty-bb4-2026-06-06-game2,2026-06-06T11:51:44.485000+00:00,-7.543400000000002,2.7410505149999995,-4.802349485000002
0,8842052142,dota2-bb4-lgd-2026-06-07-game1,2026-06-07T09:18:04.694000+00:00,146.51070000000004,2.4880656375,148.99876563750004
0,8842596730,dota2-ty-lgd-2026-06-07-game2,2026-06-07T15:49:20.066000+00:00,-2.796763839999997,0.281725780584,-2.515038059415997
0,8843512570,dota2-4iki-nande4-2026-06-08-game2,2026-06-08T10:09:45.609000+00:00,-3.8053999999999633,1.316527395,-2.488872604999963
0,8844132483,dota2-vpp-z10-2026-06-08-game1,2026-06-08T18:23:01.210000+00:00,0.0,0.0,0.0
0,8850593633,dota2-ill-pr1-2026-06-13,2026-06-13T18:00:57.551000+00:00,0.0,0.0,0.0
0,8885183102,dota2-flc-bb4-2026-07-07-game1,2026-07-07T09:47:24.433000+00:00,-8.230364809999969,1.27639306649925,-6.953971743500719
0,8885365825,dota2-l1ga-ngx-2026-07-07-game1,2026-07-07T12:34:49.112000+00:00,52.3424,0.39023712,52.73263712
0,8885473599,dota2-liquid-playti-2026-07-07-game2,2026-07-07T13:52:27.923000+00:00,9.87239999999997,5.0282763,14.90067629999997
0,8885784652,dota2-ts8-mouz-2026-07-07-game2,2026-07-07T17:16:32.961000+00:00,-13.03972648000007,4.355376812616,-8.684349667384069
0,8886005043,dota2-ty-og-2026-07-07-game2,2026-07-07T20:03:05.981000+00:00,-14.235599999999977,0.7883363699999999,-13.447263629999977
0,8886640910,dota2-flc-re-2026-07-08-game2,2026-07-08T10:39:41.623000+00:00,6.722233069999987,1.3951264842577495,8.117359554257737
0,8886788497,dota2-ngx-aur1-2026-07-08-game1,2026-07-08T12:47:30.744000+00:00,-0.10189033000000336,1.00583212940325,0.9039417994032466
0,8887100676,dota2-vg-pari-2026-07-08-game1,2026-07-08T16:18:23.954000+00:00,0.0,0.0,0.0
0,8887260104,dota2-ty-ic-2026-07-08-game1,2026-07-08T17:58:24.214000+00:00,0.0,0.0,0.0
0,8887432754,dota2-vp-1win-2026-07-08-game2,2026-07-08T20:20:02.742000+00:00,107.00660000000005,0.7212666300000001,107.72786663000005
0,8888066684,dota2-bb4-re-2026-07-09-game2,2026-07-09T10:43:25.275000+00:00,-28.131497759999988,1.215039565908,-26.916458194091987
0,8888217771,dota2-ngx-liquid-2026-07-09-game1,2026-07-09T12:52:14.212000+00:00,14.488577599999982,1.5379848392399997,16.02656243923998
0,8888405761,dota2-mouz-nem-2026-07-09-game1,2026-07-09T14:48:45.816000+00:00,16.21640000000002,1.1067692999999998,17.32316930000002
0,8888554919,dota2-rnx-pari-2026-07-09-game2,2026-07-09T16:26:10.054000+00:00,0.0,0.0,0.0
0,8888731478,dota2-lgd-1win-2026-07-09-game1,2026-07-09T18:35:20.326000+00:00,15.116738399999974,1.1539010575800002,16.270639457579975
0,8889468264,dota2-xtreme-bb4-2026-07-10-game1,2026-07-10T09:26:30.741000+00:00,-12.548200000000001,1.3666015500000002,-11.181598450000001
0,8889615310,dota2-l1ga-liquid-2026-07-10-game1,2026-07-10T11:48:20.990000+00:00,3.659552980000001,0.7921501576995001,4.451703137699501
0,8889871314,dota2-nem-vg-2026-07-10-game1,2026-07-10T14:27:52.631000+00:00,27.138020179999998,0.9562216174064999,28.094241797406497
0,8890036748,dota2-pari-mouz-2026-07-10-game2,2026-07-10T16:15:07.698000+00:00,10.227300000000014,0.47940468749999987,10.706704687500014
0,8890268632,dota2-lgd-ty-2026-07-10-game2,2026-07-10T18:43:14.663000+00:00,-17.878564840000013,0.914134498047,-16.964430341953012
0,8891145641,dota2-xtreme-flc-2026-07-11-game1,2026-07-11T09:30:07.111000+00:00,0.0,0.0,0.0
0,8891349244,dota2-playti-ngx-2026-07-11-game1,2026-07-11T12:27:52.369000+00:00,28.2417999999999,6.649259685,34.891059684999895
0,8891519142,dota2-playti-ngx-2026-07-11-game2,2026-07-11T14:08:43.754000+00:00,-63.24069999999989,3.1678707375,-60.07282926249989
0,8892923329,dota2-mouz-vg-2026-07-12-game2,2026-07-12T10:25:59.512000+00:00,-96.57060104000001,3.8051393965680003,-92.76546164343202
0,8893106015,dota2-og-vp-2026-07-12-game1,2026-07-12T12:36:42.440000+00:00,0.3899999999999988,0.04273425,0.43273424999999877
0,8896140998,dota2-liquid-xtreme-2026-07-14-game1,2026-07-14T11:24:31.795000+00:00,-0.42740136000004725,1.8005928408179999,1.3731914808179526
0,8896486914,dota2-liquid-xtreme-2026-07-14,2026-07-14T15:13:00.049000+00:00,-10.284180600000024,2.4210342516420003,-7.863146348358024
0,8897588873,dota2-ts8-liquid-2026-07-15-game1,2026-07-15T11:25:30.473000+00:00,14.929580680000004,2.4358158298799997,17.365396509880004
0,8897841991,dota2-1win-vg-2026-07-15-game1,2026-07-15T14:22:22.284000+00:00,8.0,1.0937999999999999,9.0938
0,8898117600,dota2-bb4-lgd-2026-07-15-game2,2026-07-15T17:15:52.403000+00:00,26.05197334999997,1.35803858191125,27.410011931911217
0,8899420575,dota2-pari-re-2026-07-17-game2,2026-07-16T15:46:28.167000+00:00,-1.091199999999997,0.06530832,-1.025891679999997
0,8900882416,dota2-ngx-bb4-2026-07-16-game2,2026-07-17T15:33:10.588000+00:00,-6.0,0.3195,-5.6805
0,8902431810,dota2-ty-pari-2026-07-18-game2,2026-07-18T15:09:37.865000+00:00,16.36600000000002,4.75882539,21.12482539000002
0,8904012666,dota2-bb4-pari-2026-07-19-game1,2026-07-19T13:57:51.853000+00:00,76.28789999999992,4.5981617175,80.88606171749993
0,8905035315,dota2-stx-lynx-2026-07-20-game1,2026-07-20T07:25:19.610000+00:00,0.6600000000000037,0.2058705,0.8658705000000038
0,8905359313,dota2-lynx-pckcp-2026-07-20-game2,2026-07-20T12:49:30.119000+00:00,0.0,0.0,0.0
0,8905885788,dota2-spirit1-jenz-2026-07-20-game2,2026-07-20T18:35:45.253000+00:00,0.2400000000000002,0.0686025,0.3086025000000002
0,8906547471,dota2-nemiga-dan-2026-07-21-game2,2026-07-21T08:48:51.736000+00:00,0.1499999999999999,0.01423125,0.1642312499999999
0,8906911697,dota2-lynx-spirit1-2026-07-21-game1,2026-07-21T14:01:22.509000+00:00,-5.070200000000021,1.4858244299999999,-3.584375570000021
0,8907319204,dota2-jenz-lynx-2026-07-21-game2,2026-07-21T18:19:16.673000+00:00,-58.42405550000008,1.1984844557399998,-57.22557104426008
0,8908178087,dota2-nemiga-aion-2026-07-22-game2,2026-07-22T11:35:02.272000+00:00,-0.08000000000000007,0.017322000000000004,-0.06267800000000007
0,8908710300,dota2-z10-lvlup1-2026-07-22-game1,2026-07-22T17:40:32.974000+00:00,-32.30320000000009,3.1086794999999996,-29.19452050000009
0,8909498494,dota2-dan-z10-2026-07-23,2026-07-23T09:35:42.112000+00:00,-1.8779999999999966,0.13052601,-1.7474739899999965
0,8910216725,dota2-jenz-kw1-2026-07-23,2026-07-23T18:09:02.529000+00:00,0.0,0.163296,0.163296
0,8910589445,dota2-nemiga-ill-2026-07-23-game1,2026-07-23T23:33:41.369000+00:00,43.413714269999964,3.90781976365275,47.32153403365271
0,8911784562,dota2-z10-ill-2026-07-24-game1,2026-07-24T18:00:21.302000+00:00,-3.3999999999999986,1.3698,-2.030199999999999
0,8912551235,dota2-ill-aion-2026-07-25-game1,2026-07-25T07:19:52.253000+00:00,1.1260999999999939,0.6149800425,1.741080042499994
0,8912974141,dota2-pckcp-jenz-2026-07-22,2026-07-25T13:02:19.241000+00:00,-23.67,1.17264375,-22.497356250000003
0,8913824141,dota2-lynx-kw1-2026-07-25,2026-07-25T22:21:39.642000+00:00,-27.937200000000008,4.29192855,-23.64527145000001
0,8914749408,dota2-rearis-pckcp-2026-07-26-game1,2026-07-26T13:19:34.036000+00:00,13.531472200000053,1.11655654845,14.648028748450052
0,8915271266,dota2-jenz-stx-2026-07-26-game1,2026-07-26T18:26:53.337000+00:00,11.0,0.6974549999999999,11.697455
0,8916102349,dota2-lvlup1-pckcp-2026-07-27-game2,2026-07-27T10:12:46.876000+00:00,5.673978919999996,0.385352138061,6.059331058060996
0,8917611319,dota2-pr1-nemiga-2026-07-28-game2,2026-07-28T10:17:02.190000+00:00,0.0,0.48531420000000003,0.48531420000000003
0,8918052500,dota2-pckcp-kw1-2026-07-28-game1,2026-07-28T15:24:46.769000+00:00,21.430143040000043,1.4144649471719999,22.844607987172044
0,8919546613,dota2-amaru-nemiga-2026-07-29-game1,2026-07-29T15:15:30.082000+00:00,0.0,0.0,0.0
0,8920897425,dota2-lvlup1-z10-2026-07-30-game2,2026-07-30T13:37:44.606000+00:00,-14.6,0.413775,-14.186225
0,8921949036,dota2-re-midas3-2026-07-31-game1,2026-07-31T06:23:42.906000+00:00,0.0,0.0,0.0
0,8922133239,dota2-tr7-playti-2026-07-31-game1,2026-07-31T09:57:34.446000+00:00,-19.713900440000003,3.362439575388,-16.351460864612005
0,8922339160,dota2-l1ga-rnx-2026-07-31-game1,2026-07-31T12:44:09.822000+00:00,-3.5097000000000094,0.9786065625,-2.5310934375000094
0,8922602122,dota2-yb1-z10-2026-07-31-game1,2026-07-31T15:28:08.646000+00:00,-10.26000000000002,1.2350474999999999,-9.024952500000019
0,8923040358,dota2-xtreme-lgd-2026-07-31,2026-07-31T20:28:40.570000+00:00,1.0199999999999818,1.7983169999999997,2.8183169999999818
0,8923704450,dota2-yes-vg-2026-08-01-game1,2026-08-01T09:01:56.739000+00:00,-12.25975573999996,2.8221627109545,-9.437593029045459
0,8923899787,dota2-enjoy-yb1-2026-08-01-game1,2026-08-01T11:45:49.553000+00:00,-16.88000000000001,0.59607,-16.28393000000001
0,8924367779,dota2-l1ga-lgd-2026-08-01,2026-08-01T16:23:12.450000+00:00,-49.80299999999994,1.206860625,-48.59613937499994
0,8925210898,dota2-playti-xctn-2026-08-02-game1,2026-08-02T05:28:20.542000+00:00,0.0,0.0,0.0
0,8925847726,dota2-yes-tr7-2026-08-02,2026-08-02T13:17:43.701000+00:00,5.256198840000025,2.0206410273719997,7.276839867372024
0,8926523280,dota2-z10-lgd-2026-08-02-game1,2026-08-02T19:59:32.068000+00:00,0.0,0.0,0.0
0,8927207054,dota2-xtreme-tr7-2026-08-03-game1,2026-08-03T10:00:05.212000+00:00,13.23539999999997,2.5262979750000003,15.76169797499997
0,8927660975,dota2-vg-yb1-2026-08-03-game2,2026-08-03T15:05:20.968000+00:00,-3.0187054600000707,1.472630905986,-1.5460745540140706
0,8928163118,dota2-re-lgd-2026-08-03,2026-08-03T20:43:38.722000+00:00,-63.9718,3.452427315,-60.519372685
0,8929276426,dota2-yb1-re-2026-08-04-game2,2026-08-04T15:54:25.550000+00:00,0.9999994300000001,0.00442499747775,1.00442442747775
0,8930398938,dota2-playti-yb1-2026-08-05-game1,2026-08-05T12:24:04.133000+00:00,-5.400000000000034,1.8076349999999999,-3.5923650000000342
0,8931852727,dota2-lvlup1-rearis-2026-08-06-game2,2026-08-06T10:30:33.624000+00:00,-48.625748759999965,1.301318277891,-47.324430482108966
0,8932318084,dota2-nh-lvlup1-2026-08-06-game1,2026-08-06T15:34:15.395000+00:00,-1.932,0.005796,-1.926204
0,8932835800,dota2-ill-pr1-2026-08-06,2026-08-06T21:22:55.783000+00:00,-40.810000660000036,2.4926766269310003,-38.317324033069035
0,8933704579,dota2-ill-stx-2026-08-07-game2,2026-08-07T13:44:43.178000+00:00,0.0,0.101475,0.101475
0,8934279386,dota2-jenz-nemiga-2026-08-07-game2,2026-08-07T19:33:30.612000+00:00,0.0,0.7019913599999998,0.7019913599999998
0,8937335830,dota2-lvlup1-mouz-2026-08-09-game2,2026-08-09T14:27:35.299000+00:00,-16.77059999999996,2.332544895,-14.43805510499996
0,8938509987,dota2-pr1-mouz-2026-08-10-game1,2026-08-10T09:24:47.767000+00:00,27.357695760000055,2.262150496008,29.619846256008056
0,8939023869,dota2-yes-lvlup1-2026-08-10-game1,2026-08-10T15:24:37.289000+00:00,89.64788736000003,1.542593385756,91.19048074575603
0,8940365227,dota2-mouz-re-2026-08-11-game2,2026-08-11T13:12:04.281000+00:00,-0.003965000000022201,1.3036917026250001,1.299726702624978
0,8941656460,dota2-lvlup1-re-2026-08-12-game1,2026-08-12T09:19:34.658000+00:00,0.5969523999999997,0.0181007283,0.6150531282999997
0,8942152024,dota2-navi-lvlup1-2026-08-12-game2,2026-08-12T14:50:30.897000+00:00,1.3999999999999986,0.14805000000000001,1.5480499999999986
0,8962592819,dota2-ks-lynx-2026-08-24-game1,2026-08-24T10:19:27.562000+00:00,-16.24680325999995,0.8587472365709998,-15.38805602342895
0,8963649188,dota2-dynast1-fts-2026-08-24-game1,2026-08-24T19:15:00.848000+00:00,14.712800000000009,0.23358959999999998,14.946389600000009
0,8964574076,dota2-pckcp-nemiga-2026-08-25,2026-08-25T09:52:05.670000+00:00,-0.5999999999999996,1.651365,1.0513650000000003
0,8965097316,dota2-ic-fts-2026-08-25-game2,2026-08-25T14:41:01.046000+00:00,-6.6986849600000085,0.47188490524800003,-6.226800054752008
0,8969978865,dota2-rearis-sb5-2026-08-28-game1,2026-08-28T10:27:01.322000+00:00,0.0,0.205509375,0.205509375
0,8970352005,dota2-dynast1-ic-2026-08-28-game1,2026-08-28T14:10:35.964000+00:00,0.29515769999999986,0.053809426755,0.34896712675499986
0,8970655100,dota2-dynast1-ic-2026-08-28,2026-08-28T16:43:34.585000+00:00,-5.062204660000013,1.3646665691655,-3.697538090834513
0,8971111987,dota2-ks-rearis-2026-08-28-game2,2026-08-28T21:24:47.695000+00:00,-0.9670161999999953,0.322214458275,-0.6448017417249954
0,8971586781,dota2-nem-6seven-2026-08-29-game2,2026-08-29T06:13:46.689000+00:00,-1.5,0.0914175,-1.4085825
0,8971891627,dota2-dynast1-nemiga-2026-08-29-game1,2026-08-29T10:17:49.464000+00:00,24.68630000000003,0.9146273025,25.600927302500033
0,8972115962,dota2-mouz-yes-2026-08-29-game2,2026-08-29T12:36:59.931000+00:00,-11.810000000000002,0.6266998275,-11.183300172500003
0,8972773416,dota2-pi-lvlup1-2026-08-29-game1,2026-08-29T18:17:23.637000+00:00,-44.320193919999994,1.464755560398,-42.855438359602
0,8973337131,dota2-icecre-xctn-2026-08-30-game1,2026-08-30T02:14:49.254000+00:00,0.0,0.0,0.0
0,8973568453,dota2-clo-yb1-2026-08-30-game2,2026-08-30T06:12:50.377000+00:00,0.7558852899999984,0.047816843582249996,0.8037021335822484
0,8973884000,dota2-nem-xctn-2026-08-30-game2,2026-08-30T10:12:32.710000+00:00,7.880546079999981,0.47044936220699995,8.350995442206981
0,8974898633,dota2-lvlup1-pr1-2026-08-30,2026-08-30T19:25:58.777000+00:00,-25.347822749999963,1.89432303339375,-23.453499716606213
0,8976166971,dota2-synaps-lynx-2026-08-31,2026-08-31T15:09:07.826000+00:00,18.04152031999996,1.519402627416,19.56092294741596
0,8976665322,dota2-spirit1-pi-2026-08-31-game1,2026-08-31T20:26:57.494000+00:00,32.8125,1.5338671875,34.3463671875
0,8977623650,dota2-ic-lynx-2026-09-01-game2,2026-09-01T13:53:28.128000+00:00,10.369876999999995,0.316642219875,10.686519219874995
0,8978916284,dota2-pr1-ic-2026-09-02-game2,2026-09-02T11:19:11.539000+00:00,0.09999999999999964,0.0305625,0.13056249999999964
0,8979344496,dota2-synaps-4iki-2026-09-02-game1,2026-09-02T15:59:27.587000+00:00,-2.1491728199999933,0.9143096975789999,-1.2348631224209934
0,8980769413,dota2-pi-dynast1-2026-09-03-game1,2026-09-03T15:17:23.998000+00:00,76.86187163999999,1.2454068297869998,78.10727846978699
0,8838056564,dota2-flc-liquid-2026-06-04-game1,2026-06-04T12:43:48.535000+00:00,0.0,1.6195392299999998,1.6195392299999998
0,8839123109,dota2-flc-bb4-2026-06-05-game1,2026-06-05T09:16:39.267000+00:00,-86.1757,1.5922268325,-84.5834731675
0,8839625815,dota2-flc-aur1-2026-06-05-game2,2026-06-05T16:13:53.150000+00:00,2.2819999999999965,0.28725644999999994,2.5692564499999966
0,8840821227,dota2-ty-bb4-2026-06-06,2026-06-06T13:12:37.368000+00:00,54.67279999999998,2.93332752,57.60612751999998
0,8842134886,dota2-bb4-lgd-2026-06-07-game2,2026-06-07T10:28:41.168000+00:00,-19.61359999999999,4.592567835,-15.02103216499999
0,8842722527,dota2-ty-lgd-2026-06-07-game3,2026-06-07T17:12:22.566000+00:00,1.2119999999999953,0.21167406,1.4236740599999953
0,8843560379,dota2-4iki-nande4-2026-06-08,2026-06-08T11:10:54.138000+00:00,-20.28959999999995,1.9082256000000002,-18.38137439999995
0,8844244719,dota2-vpp-z10-2026-06-08-game2,2026-06-08T19:45:42.908000+00:00,22.8699,1.6169881725,24.486888172500002
0,8851984783,dota2-4iki-pr1-2026-06-14-game2,2026-06-14T16:46:25.798000+00:00,-7.746000000000045,4.09814187,-3.6478581300000448
0,8885195986,dota2-re-xtreme-2026-07-07-game1,2026-07-07T09:55:03.037000+00:00,23.36439999999999,0.9784215000000002,24.34282149999999
0,8885380529,dota2-liquid-playti-2026-07-07-game1,2026-07-07T12:43:07.045000+00:00,-0.129999999999999,0.04850625,-0.081493749999999
0,8885529711,dota2-lvlup1-aur1-2026-07-07-game2,2026-07-07T14:23:52.590000+00:00,2.9610000000000127,0.08505472500000008,3.0460547250000127
0,8885871759,dota2-ic-1win-2026-07-07-game1,2026-07-07T18:31:07.999000+00:00,0.3800000000000008,0.016059749999999998,0.39605975000000077
0,8886576019,dota2-poorra-bb4-2026-07-08-game1,2026-07-08T09:20:01.472000+00:00,0.0,0.0,0.0
0,8886641793,dota2-gl-xtreme-2026-07-08-game2,2026-07-08T10:45:04.782000+00:00,63.983099110000026,2.5952457647632503,66.57834487476327
0,8886815251,dota2-l1ga-playti-2026-07-08-game2,2026-07-08T13:04:20.712000+00:00,66.4308,0.9163548,67.3471548
0,8887114313,dota2-ts8-nem-2026-07-08-game2,2026-07-08T16:15:19.583000+00:00,-48.82049999999998,0.7647095774999999,-48.05579042249998
0,8887314193,dota2-lgd-og-2026-07-08-game2,2026-07-08T18:40:30.736000+00:00,-55.365813719999935,1.6370801151239998,-53.728733604875934
0,8887986392,dota2-poorra-xtreme-2026-07-09-game1,2026-07-09T09:21:30.237000+00:00,-8.334800450000046,2.8618562378062498,-5.472944212193796
0,8888083694,dota2-gl-flc-2026-07-09-game2,2026-07-09T11:11:32.224000+00:00,51.48835417999999,3.7867254914835,55.27507967148349
0,8888260336,dota2-l1ga-aur1-2026-07-09-game2,2026-07-09T13:20:05.771000+00:00,-3.4000000000000057,0.20349,-3.1965100000000057
0,8888425887,dota2-rnx-pari-2026-07-09-game1,2026-07-09T15:02:02.148000+00:00,13.233199999999954,0.36664134000000004,13.599841339999953
0,8888592426,dota2-vg-ts8-2026-07-09-game2,2026-07-09T16:59:54.115000+00:00,-0.13000000000000078,0.04055025000000001,-0.08944975000000077
0,8888771711,dota2-og-ic-2026-07-09-game2,2026-07-09T19:04:50.495000+00:00,0.0,0.0,0.0
0,8889513730,dota2-poorra-flc-2026-07-10-game2,2026-07-10T10:17:36.842000+00:00,3.75,0.21853124999999998,3.96853125
0,8889621582,dota2-aur1-playti-2026-07-10-game1,2026-07-10T11:57:42.116000+00:00,-118.75015295999998,2.988871271544,-115.76128168845598
0,8889914618,dota2-pari-mouz-2026-07-10-game1,2026-07-10T14:59:49.254000+00:00,5.5623364800000274,0.644919914232,6.207256394232028
0,8890074597,dota2-rnx-ts8-2026-07-10-game2,2026-07-10T16:28:42.555000+00:00,0.0,0.0,0.0
0,8890301402,dota2-ic-vp-2026-07-10-game2,2026-07-10T18:52:09.717000+00:00,0.0,0.0,0.0
0,8891217710,dota2-poorra-re-2026-07-11-game2,2026-07-11T10:44:50.172000+00:00,-84.76270149999999,3.8089761924375,-80.9537253075625
0,8891371442,dota2-aur1-liquid-2026-07-11-game1,2026-07-11T12:43:19.319000+00:00,-0.3199999999999932,0.7107135000000001,0.39071350000000693
0,8892829232,dota2-mouz-vg-2026-07-12-game1,2026-07-12T09:15:57.248000+00:00,-15.7984,0.41443697999999995,-15.383963020000001
0,8892914077,dota2-pari-ts8-2026-07-12-game2,2026-07-12T10:31:28.406000+00:00,7.94907600999997,2.1563424728602496,10.10541848286022
0,8893165071,dota2-1win-ty-2026-07-12-game2,2026-07-12T13:18:20.777000+00:00,-75.53440000000006,5.179802625,-70.35459737500007
0,8896234088,dota2-re-vp-2026-07-14-game2,2026-07-14T12:30:48.003000+00:00,-27.631800000000055,1.1732659650000001,-26.458534035000056
0,8896645659,dota2-lgd-mouz-2026-07-14-game1,2026-07-14T16:55:49.823000+00:00,0.0,0.0,0.0
0,8897695379,dota2-aur1-re-2026-07-15-game2,2026-07-15T12:41:48.340000+00:00,-3.4483000000000175,0.6038835375,-2.8444164625000177
0,8897971312,dota2-1win-vg-2026-07-15-game2,2026-07-15T15:33:39.656000+00:00,30.280699039999973,2.0317428211319997,32.31244186113197
0,8899028080,dota2-ty-ts8-2026-07-17-game1,2026-07-16T11:25:22.617000+00:00,9.139499999999941,3.0760023975,12.215502397499941
0,8900508749,dota2-flc-vg-2026-07-16-game1,2026-07-17T11:21:46.405000+00:00,-71.83179999999999,1.4396994150000002,-70.39210058499998
0,8902107148,dota2-bb4-vg-2026-07-18-game1,2026-07-18T11:22:02.020000+00:00,2.0,0.0616125,2.0616125
0,8902610619,dota2-ty-pari-2026-07-18,2026-07-18T16:48:06.686000+00:00,34.00074900000001,5.50300775055,39.50375675055001
0,8904157676,dota2-bb4-pari-2026-07-19-game2,2026-07-19T15:17:11.337000+00:00,-21.89090000000002,2.2881344625,-19.60276553750002
0,8905093611,dota2-stx-lynx-2026-07-20-game2,2026-07-20T08:36:36.644000+00:00,14.332199999999986,0.504661095,14.836861094999986
0,8905490238,dota2-z10-nemiga-2026-07-20-game1,2026-07-20T14:13:02.081000+00:00,-2.501773740000001,0.195239982891,-2.3065337571090008
0,8905975768,dota2-lvlup1-ill-2026-07-20-game1,2026-07-20T19:45:16.612000+00:00,-0.2599999999999998,0.048555,-0.21144499999999977
0,8906626852,dota2-pckcp-stx-2026-07-21-game1,2026-07-21T10:17:03.931000+00:00,12.028099999999966,1.1014748625,13.129574862499966
0,8907021823,dota2-lynx-spirit1-2026-07-21-game2,2026-07-21T14:54:33.550000+00:00,-40.42939999999995,2.678754135,-37.75064586499995
0,8907510684,dota2-z10-aion-2026-07-21-game2,2026-07-21T20:45:41.820000+00:00,0.0,0.0,0.0
0,8908313996,dota2-stx-spirit1-2026-07-22-game1,2026-07-22T13:26:43.307000+00:00,0.0,0.0,0.0
0,8908926344,dota2-z10-lvlup1-2026-07-22,2026-07-22T20:21:42.790000+00:00,34.17043808,2.084119791384,36.254557871383994
0,8909658828,dota2-spirit1-pckcp-2026-07-23-game2,2026-07-23T11:56:35.158000+00:00,-8.77680079999999,1.08557171676,-7.691229083239989
0,8910344715,dota2-lvlup1-aion-2026-07-23-game1,2026-07-23T19:45:58.831000+00:00,0.0,0.0,0.0
0,8910670427,dota2-nemiga-ill-2026-07-23,2026-07-24T01:26:47.762000+00:00,11.883368190000056,2.2406842469017496,14.124052436901806
0,8911916389,dota2-z10-ill-2026-07-24-game2,2026-07-24T19:32:36.981000+00:00,-1.1999999999999993,0.14445,-1.0555499999999993
0,8912622476,dota2-ill-aion-2026-07-25-game2,2026-07-25T08:27:06.996000+00:00,9.804284480000021,0.5796540281579999,10.383938508158021
0,8913307206,dota2-kw1-pckcp-2026-07-25-game1,2026-07-25T16:28:48.834000+00:00,0.0,0.0,0.0
0,8914414410,dota2-nemiga-ill-2026-07-26-game1,2026-07-26T09:26:59.644000+00:00,-86.29045664000003,1.5732848678879998,-84.71717177211202
0,8914885598,dota2-rearis-pckcp-2026-07-26-game2,2026-07-26T14:24:02.001000+00:00,49.64150000000001,0.30260808749999996,49.944108087500005
0,8915390117,dota2-jenz-stx-2026-07-26-game2,2026-07-26T19:37:39.362000+00:00,0.0,0.0,0.0
0,8916245727,dota2-stx-nemiga-2026-07-27-game1,2026-07-27T12:25:46.061000+00:00,19.46310000000001,1.8084675374999999,21.27156753750001
0,8917675823,dota2-pr1-nemiga-2026-07-28,2026-07-28T11:19:25.327000+00:00,23.997,0.12598425000000002,24.12298425
0,8918176547,dota2-pckcp-kw1-2026-07-28-game2,2026-07-28T16:37:04.197000+00:00,0.0,0.0,0.0
0,8919685210,dota2-amaru-nemiga-2026-07-29-game2,2026-07-29T16:34:50.427000+00:00,-2.1558006200000044,0.2843802420705,-1.8714203779295044
0,8921002620,dota2-lvlup1-z10-2026-07-30,2026-07-30T14:47:46.063000+00:00,73.99319999999997,4.6625565899999994,78.65575658999997
0,8922016200,dota2-re-midas3-2026-07-31-game2,2026-07-31T07:39:14.850000+00:00,61.2422,1.5839261099999997,62.82612611
0,8922186876,dota2-vg-amaru-2026-07-31,2026-07-31T10:40:33.810000+00:00,15.189999999999998,0.874374375,16.064374374999996
0,8922400300,dota2-enjoy-glyph-2026-07-31-game2,2026-07-31T13:24:39.311000+00:00,-0.2942,2.535753495,2.241553495
0,8922722577,dota2-yb1-z10-2026-07-31-game2,2026-07-31T16:35:25.057000+00:00,-11.017200000000003,1.027491615,-9.989708385000002
0,8923506996,dota2-midas3-tr7-2026-08-01-game1,2026-08-01T05:43:01.223000+00:00,2.311299999999992,0.3734427375,2.684742737499992
0,8923780137,dota2-re-playti-2026-08-01-game1,2026-08-01T10:09:39.721000+00:00,0.0,0.0,0.0
0,8924057168,dota2-l1ga-lgd-2026-08-01-game1,2026-08-01T13:34:16.709000+00:00,-17.142799999999966,2.8838475299999997,-14.258952469999965
0,8924468754,dota2-glyph-z10-2026-08-01-game2,2026-08-01T17:25:49.795000+00:00,-34.88830112000005,1.931055552648,-32.957245567352054
0,8925308090,dota2-playti-xctn-2026-08-02-game2,2026-08-02T07:03:47.891000+00:00,3.214400000000026,0.5327868,3.7471868000000264
0,8926022375,dota2-rnx-yb1-2026-08-02-game1,2026-08-02T15:09:53.856000+00:00,44.21459999999993,5.317663485000001,49.53226348499993
0,8926636219,dota2-z10-lgd-2026-08-02-game2,2026-08-02T21:07:31.416000+00:00,-24.999799999999993,0.8343683249999999,-24.165431674999994
0,8927288399,dota2-xtreme-tr7-2026-08-03-game2,2026-08-03T11:00:48.642000+00:00,9.050800000000017,1.36577715,10.416577150000016
0,8927760296,dota2-vg-yb1-2026-08-03,2026-08-03T16:18:19.713000+00:00,31.966092590000073,4.33261624306275,36.298708833062825
0,8928851109,dota2-playti-tr7-2026-08-04-game1,2026-08-04T11:30:07.829000+00:00,-30.951074640000062,1.6874136589679998,-29.26366098103206
0,8929365099,dota2-yb1-re-2026-08-04,2026-08-04T16:51:08.308000+00:00,15.388919980000026,3.1010608710614997,18.489980851061524
0,8930615242,dota2-playti-yb1-2026-08-05-game2,2026-08-05T14:02:56.166000+00:00,208.47270000000003,0.9224916975,209.39519169750002
0,8931981851,dota2-rearis-nh-2026-08-06-game1,2026-08-06T12:26:15.226000+00:00,21.119999999999976,0.8090279999999999,21.929027999999978
0,8932413808,dota2-nh-lvlup1-2026-08-06-game2,2026-08-06T16:23:29.211000+00:00,0.4560000000000013,0.080541,0.5365410000000013
0,8933374169,dota2-nh-z10-2026-08-07-game1,2026-08-07T09:29:47.916000+00:00,0.0,0.0,0.0
0,8933879286,dota2-pr1-jenz-2026-08-07-game1,2026-08-07T15:25:51.002000+00:00,-0.25,0.018161250000000004,-0.23183874999999998
0,8936825643,dota2-pr1-yes-2026-08-09-game1,2026-08-09T09:22:32.992000+00:00,-43.76479999999992,2.18210856,-41.58269143999992
0,8937484593,dota2-ill-re-2026-08-09-game1,2026-08-09T15:55:00.679000+00:00,0.0,0.0,0.0
0,8938565057,dota2-pr1-mouz-2026-08-10-game2,2026-08-10T10:12:07.159000+00:00,-12.059999999999981,1.0300725,-11.029927499999982
0,8940059913,dota2-lvlup1-navi-2026-08-11-game1,2026-08-11T09:16:02.605000+00:00,42.52474659999997,0.7868671724399998,43.31161377243997
0,8940487898,dota2-mouz-re-2026-08-11,2026-08-11T14:25:06.999000+00:00,9.43327232,0.700169297148,10.133441617148
0,8941733752,dota2-lvlup1-re-2026-08-12-game2,2026-08-12T10:35:42.245000+00:00,36.82557019999996,2.1758483406,39.00141854059996
0,8942262723,dota2-navi-lvlup1-2026-08-12-game3,2026-08-12T15:53:47.795000+00:00,61.446500000000015,0.3825044625000001,61.829004462500016
0,8962736746,dota2-ks-lynx-2026-08-24-game2,2026-08-24T11:33:18.452000+00:00,8.495818850000006,0.50639777580825,9.002216625808256
0,8963790789,dota2-dynast1-fts-2026-08-24-game2,2026-08-24T20:20:45.642000+00:00,-2.575400000000002,1.3129341450000003,-1.2624658550000016
0,8964657335,dota2-fts-pckcp-2026-08-25-game1,2026-08-25T10:52:11.864000+00:00,-0.8599999999999994,0.07504575,-0.7849542499999994
0,8964938940,dota2-rearis-spirit1-2026-08-25-game1,2026-08-25T16:23:39.394000+00:00,0.3275862399999987,0.12272613322800001,0.4503123732279987
0,8970089224,dota2-rearis-sb5-2026-08-28-game2,2026-08-28T11:41:09.553000+00:00,0.0,0.0,0.0
0,8970470057,dota2-synaps-nemiga-2026-08-28-game2,2026-08-28T15:09:53.245000+00:00,136.80727973000003,0.7381692081742499,137.54544893817427
0,8970886632,dota2-dynast1-pckcp-2026-08-28-game2,2026-08-28T18:51:22.084000+00:00,0.0,0.12699749999999999,0.12699749999999999
0,8971423978,dota2-db2-satan-2026-08-28-game2,2026-08-29T03:20:55.120000+00:00,2.3999999999999986,0.05665499999999998,2.4566549999999987
0,8971664649,dota2-nem-6seven-2026-08-29,2026-08-29T07:24:10.704000+00:00,7.638600000000011,0.9538701749999999,8.592470175000011
0,8971964803,dota2-mouz-yes-2026-08-29-game1,2026-08-29T11:13:49.271000+00:00,-20.422499999999985,1.0203226875,-19.402177312499987
0,8972289868,dota2-huliga-lynx-2026-08-29-game1,2026-08-29T14:15:10.550000+00:00,-3.965077339999997,0.209837881071,-3.755239458928997
0,8972893200,dota2-pi-lvlup1-2026-08-29-game2,2026-08-29T19:20:53.860000+00:00,-36.44659999999996,1.6339437449999998,-34.812656254999965
0,8973405568,dota2-icecre-xctn-2026-08-30-game2,2026-08-30T03:19:55.483000+00:00,4.863121289999995,0.59972070116025,5.4628419911602455
0,8973613420,dota2-clo-yb1-2026-08-30,2026-08-30T07:04:46.677000+00:00,3.7933232999999973,0.2228963610375,4.016219661037497
0,8973944033,dota2-lynx-lvlup1-2026-08-30,2026-08-30T10:50:43.696000+00:00,1.2999999999999905,2.4633075,3.7633074999999905
0,8975110449,dota2-dynast1-ks-2026-08-30-game2,2026-08-30T21:54:27.706000+00:00,19.831000000000017,0.944127555,20.77512755500002
0,8976300473,dota2-4iki-ic-2026-08-31-game1,2026-08-31T16:25:39.940000+00:00,-1.5,0.17741249999999997,-1.3225875
0,8976751962,dota2-spirit1-pi-2026-08-31-game2,2026-08-31T21:40:17.685000+00:00,12.939638400000007,0.305878007862,13.245516407862008
0,8977913355,dota2-synaps-lvlup1-2026-09-01-game2,2026-09-01T16:37:59.217000+00:00,4.940000000000005,0.13708499999999998,5.077085000000005
0,8978986214,dota2-pr1-ic-2026-09-02,2026-09-02T12:20:55.440000+00:00,-0.6448,0.05336526,-0.5914347400000001
0,8980293569,dota2-z10-ks-2026-09-03-game1,2026-09-03T09:18:42.909000+00:00,-6.282210370000016,0.98942624049975,-5.292784129500266
0,8838170936,dota2-flc-liquid-2026-06-04-game2,2026-06-04T14:05:12.636000+00:00,-7.947201599999914,4.10252810472,-3.844673495279914
0,8839193447,dota2-flc-bb4-2026-06-05-game2,2026-06-05T10:38:10.594000+00:00,4.24779999999995,1.398016815,5.64581681499995
0,8839717574,dota2-flc-aur1-2026-06-05,2026-06-05T17:21:15.591000+00:00,54.591253890000075,1.60512161543175,56.196375505431824
0,8840984097,dota2-aur1-lgd-2026-06-06-game1,2026-06-06T15:05:33.978000+00:00,10.775999999999996,1.5555284850000002,12.331528484999996
0,8842245726,dota2-bb4-lgd-2026-06-07,2026-06-07T11:59:53.564000+00:00,-55.41390087000002,1.79509207917225,-53.61880879082777
0,8842845018,dota2-ty-lgd-2026-06-07-game4,2026-06-07T18:51:58.999000+00:00,2.0000000000000036,0.12189,2.1218900000000036
0,8843760302,dota2-vpp-balu-2026-06-08-game2,2026-06-08T13:42:26.324000+00:00,0.0,0.0,0.0
0,8844308689,dota2-vpp-z10-2026-06-08,2026-06-08T20:50:38.757000+00:00,183.87060000000002,0.85499829,184.72559829000002
0,8852055373,dota2-4iki-pr1-2026-06-14,2026-06-14T17:46:02.690000+00:00,-12.399999999999995,0.3542025,-12.045797499999995
0,8885252329,dota2-flc-bb4-2026-07-07-game2,2026-07-07T11:01:59.599000+00:00,-5.922317670000041,2.31227099743725,-3.610046672562791
0,8885411801,dota2-lvlup1-aur1-2026-07-07-game1,2026-07-07T13:06:28.530000+00:00,0.0,0.0,0.0
0,8885633666,dota2-ts8-mouz-2026-07-07-game1,2026-07-07T15:33:28.678000+00:00,129.1189,4.8685916625,133.9874916625
0,8885928262,dota2-ty-og-2026-07-07-game1,2026-07-07T19:03:44.444000+00:00,73.89849999999998,0.6215692874999998,74.52006928749998
0,8886572854,dota2-gl-xtreme-2026-07-08-game1,2026-07-08T09:27:27.007000+00:00,-78.2604,2.31259482,-75.94780518
0,8886728756,dota2-l1ga-playti-2026-07-08-game1,2026-07-08T12:02:19.795000+00:00,-15.176200000000014,2.8481331449999994,-12.328066855000014
0,8886862310,dota2-liquid-lvlup1-2026-07-08-game2,2026-07-08T13:37:25.898000+00:00,7.391199999999998,0.053216640000000044,7.444416639999998
0,8887197358,dota2-vg-pari-2026-07-08-game2,2026-07-08T17:23:00.102000+00:00,-15.288099999999986,0.9640944825,-14.324005517499986
0,8887325211,dota2-vp-1win-2026-07-08-game1,2026-07-08T18:51:24.334000+00:00,-72.0276,3.5893115999999994,-68.4382884
0,8887998750,dota2-bb4-re-2026-07-09-game1,2026-07-09T09:29:32.198000+00:00,-2.8000000000000043,0.11324999999999999,-2.6867500000000044
0,8888160657,dota2-l1ga-aur1-2026-07-09-game1,2026-07-09T12:09:38.901000+00:00,2.415726080000013,0.631067647872,3.046793727872013
0,8888279558,dota2-playti-lvlup1-2026-07-09-game2,2026-07-09T13:33:23.111000+00:00,0.0,0.9900118799999998,0.9900118799999998
0,8888489297,dota2-vg-ts8-2026-07-09-game1,2026-07-09T15:42:43.149000+00:00,-99.67679999999999,2.6112333299999997,-97.06556666999998
0,8888682602,dota2-og-ic-2026-07-09-game1,2026-07-09T17:53:01.981000+00:00,-53.62140084000001,2.411977166472,-51.20942367352801
0,8888819433,dota2-lgd-1win-2026-07-09-game2,2026-07-09T19:41:02.532000+00:00,-2.4637011400000013,0.43455255211349997,-2.0291485878865014
0,8889524021,dota2-xtreme-bb4-2026-07-10-game2,2026-07-10T10:37:39.793000+00:00,0.001971419999961199,2.1482861336144996,2.150257553614461
0,8889699098,dota2-l1ga-liquid-2026-07-10-game2,2026-07-10T12:46:15.831000+00:00,0.0,0.0,0.0
0,8889944251,dota2-rnx-ts8-2026-07-10-game1,2026-07-10T15:15:29.857000+00:00,9.890099999999961,0.34195020750000005,10.232050207499961
0,8890179830,dota2-lgd-ty-2026-07-10-game1,2026-07-10T17:38:53.401000+00:00,7.894799999999975,1.0480347,8.942834699999976
0,8891108843,dota2-poorra-re-2026-07-11-game1,2026-07-11T09:15:44.932000+00:00,2.34,0.047170500000000004,2.3871705
0,8891240327,dota2-xtreme-flc-2026-07-11-game2,2026-07-11T11:01:14.698000+00:00,-0.3968004999999888,2.8341228576375,2.437322357637511
0,8891438996,dota2-l1ga-lvlup1-2026-07-11-game2,2026-07-11T13:19:40.554000+00:00,-0.11999999999999922,0.094707,-0.02529299999999922
0,8892835652,dota2-rnx-nem-2026-07-12-game1,2026-07-12T09:19:01.546000+00:00,0.0,0.0,0.0
0,8892958964,dota2-rnx-nem-2026-07-12-game2,2026-07-12T10:53:08.655000+00:00,-78.06000000000002,0.9075344999999999,-77.15246550000002
0,8893253595,dota2-og-vp-2026-07-12-game2,2026-07-12T13:56:28.498000+00:00,0.8889991800000061,0.355229622171,1.2442288021710062
0,8896267691,dota2-liquid-xtreme-2026-07-14-game2,2026-07-14T13:05:08.216000+00:00,-0.2600000000000007,0.046371,-0.21362900000000068
0,8896731473,dota2-lgd-mouz-2026-07-14-game2,2026-07-14T18:02:11.857000+00:00,-83.08440000000002,2.206065465,-80.87833453500002
0,8897696869,dota2-ts8-liquid-2026-07-15-game2,2026-07-15T12:54:25.976000+00:00,31.01466006000001,4.945049896261501,35.95970995626151
0,8898003442,dota2-bb4-lgd-2026-07-15-game1,2026-07-15T15:56:58.589000+00:00,-1.0,0.0912,-0.9088
0,8899120700,dota2-ty-ts8-2026-07-17-game2,2026-07-16T12:44:26.752000+00:00,-34.84900047999996,4.985365227768,-29.86363525223196
0,8900623530,dota2-flc-vg-2026-07-16-game2,2026-07-17T12:54:30.551000+00:00,-7.352304439999983,1.2894485454869997,-6.062855894512984
0,8902173969,dota2-bb4-vg-2026-07-18-game2,2026-07-18T12:21:15.910000+00:00,-23.755799999999994,0.9117053100000001,-22.844094689999995
0,8903705555,dota2-vg-ty-2026-07-19-game1,2026-07-19T10:24:33.152000+00:00,59.75,0.55524375,60.30524375
0,8904322271,dota2-bb4-pari-2026-07-19-game3,2026-07-19T16:52:33.960000+00:00,18.156499999999994,4.5462903525,22.702790352499996
0,8905164476,dota2-stx-lynx-2026-07-20,2026-07-20T10:04:24.370000+00:00,1.1928173599999354,2.573106935004,3.7659242950039356
0,8905612460,dota2-z10-nemiga-2026-07-20-game2,2026-07-20T15:25:40.567000+00:00,5.087300000000013,1.8576732075,6.944973207500013
0,8906069414,dota2-lvlup1-ill-2026-07-20-game2,2026-07-20T20:59:36.536000+00:00,-32.15050000000004,2.7402461024999996,-29.410253897500038
0,8906706819,dota2-pckcp-stx-2026-07-21-game2,2026-07-21T11:28:10.072000+00:00,2.5,0.42637499999999995,2.926375
0,8907114935,dota2-lynx-spirit1-2026-07-21,2026-07-21T15:55:17.448000+00:00,-20.33846452,1.127738781306,-19.210725738694
0,8907942033,dota2-ill-dan-2026-07-22-game1,2026-07-22T07:18:07.776000+00:00,0.0,0.0,0.0
0,8908486051,dota2-stx-spirit1-2026-07-22-game2,2026-07-22T15:03:55.390000+00:00,40.178885930000035,1.74055084187025,41.91943677187029
0,8909388284,dota2-dan-z10-2026-07-23-game1,2026-07-23T07:17:23.633000+00:00,1.3000000000000007,0.0084825,1.3084825000000007
0,8909780227,dota2-spirit1-pckcp-2026-07-23,2026-07-23T13:29:29.880000+00:00,36.116190399999965,2.3217570417599998,38.43794744175997
0,8910461593,dota2-lvlup1-aion-2026-07-23-game2,2026-07-23T21:18:59.726000+00:00,-4.4517999999999995,0.18788671499999998,-4.263913284999999
0,8910982575,dota2-aion-dan-2026-07-24-game2,2026-07-24T08:39:31.809000+00:00,0.0,0.0,0.0
0,8912045230,dota2-nemiga-lvlup1-2026-07-24-game1,2026-07-24T21:05:49.488000+00:00,12.269999999999989,1.67853375,13.948533749999989
0,8912758286,dota2-pckcp-jenz-2026-07-22-game1,2026-07-25T10:25:45.605000+00:00,-2.188199999999995,0.267124515,-1.921075484999995
0,8913598312,dota2-lynx-kw1-2026-07-25-game1,2026-07-25T19:28:05.257000+00:00,-13.844600640000039,2.204138277504,-11.640462362496038
0,8914520562,dota2-nemiga-ill-2026-07-26-game2,2026-07-26T10:41:21.923000+00:00,-19.200000000000053,1.9736999999999998,-17.22630000000005
0,8915002841,dota2-kw1-rearis-2026-07-26-game1,2026-07-26T15:32:54.677000+00:00,-25.775375880000013,1.3881456570869999,-24.38723022291301
0,8915498965,dota2-jenz-stx-2026-07-26,2026-07-26T20:57:43.107000+00:00,7.254000000000035,0.7126357499999999,7.966635750000035
0,8916384577,dota2-stx-nemiga-2026-07-27-game2,2026-07-27T13:48:29.618000+00:00,72.25874615,4.93897709713125,77.19772324713125
0,8917738415,dota2-nh-pckcp-2026-07-28-game1,2026-07-28T12:16:10.015000+00:00,0.0,0.0,0.0
0,8919264561,dota2-rearis-z10-2026-07-29-game1,2026-07-29T12:23:03.580000+00:00,16.86716503999999,0.7488468568319999,17.61601189683199
0,8919803916,dota2-amaru-nemiga-2026-07-29,2026-07-29T18:02:17.532000+00:00,73.77684427,2.57821329324975,76.35505756324974
0,8921162227,dota2-amaru-pr1-2026-07-30-game1,2026-07-30T16:32:24.441000+00:00,28.25689999999999,1.1092584525,29.36615845249999
0,8922074642,dota2-vg-amaru-2026-07-31-game1,2026-07-31T08:46:41.467000+00:00,-1.875,0.135590625,-1.739409375
0,8922211678,dota2-tr7-playti-2026-07-31-game2,2026-07-31T11:00:53.806000+00:00,6.5496000000000265,1.3340330999999999,7.883633100000027
0,8922433138,dota2-l1ga-rnx-2026-07-31-game2,2026-07-31T13:42:06.325000+00:00,-1.4000000000000021,0.069945,-1.3300550000000022
0,8922818221,dota2-xtreme-lgd-2026-07-31-game1,2026-07-31T17:51:24.199000+00:00,-31.517700000000023,3.5125005375000002,-28.005199462500023
0,8923579943,dota2-midas3-tr7-2026-08-01-game2,2026-08-01T07:02:32.143000+00:00,-51.46220159999996,1.68565698972,-49.776544610279956
0,8923790600,dota2-yes-vg-2026-08-01-game2,2026-08-01T10:14:11.317000+00:00,39.745384179999974,0.9462351247109999,40.691619304710976
0,8924222714,dota2-l1ga-lgd-2026-08-01-game2,2026-08-01T15:02:43.462000+00:00,0.0,0.0,0.0
0,8924530036,dota2-rnx-xtreme-2026-08-01-game1,2026-08-01T18:06:50.164000+00:00,-0.4038416899999966,0.31533224427975,-0.0885094457202466
0,8925543582,dota2-yes-tr7-2026-08-02-game1,2026-08-02T10:44:16.945000+00:00,-0.5000000000000009,0.035422499999999996,-0.46457750000000086
0,8926232913,dota2-rnx-yb1-2026-08-02-game2,2026-08-02T16:42:19.665000+00:00,-10.916099999999997,1.8832494375,-9.032850562499997
0,8927063876,dota2-glyph-playti-2026-08-03-game2,2026-08-03T06:55:36.873000+00:00,227.09799999999996,3.73345803,230.83145802999996
0,8927380776,dota2-xtreme-tr7-2026-08-03,2026-08-03T12:15:30.661000+00:00,-28.06370259999997,1.3708218160649999,-26.69288078393497
0,8927926397,dota2-re-lgd-2026-08-03-game1,2026-08-03T18:09:03.381000+00:00,0.0,0.0,0.0
0,8928953683,dota2-playti-tr7-2026-08-04-game2,2026-08-04T12:46:11.879000+00:00,6.042115040000002,0.896457326832,6.938572366832002
0,8930200713,dota2-tr7-re-2026-08-05-game1,2026-08-05T08:20:38.811000+00:00,-8.594600000000014,1.6050415500000002,-6.989558450000014
0,8930736914,dota2-playti-yb1-2026-08-05-game3,2026-08-05T15:09:49.519000+00:00,0.5999999999999996,0.07366499999999998,0.6736649999999996
0,8932085762,dota2-rearis-nh-2026-08-06-game2,2026-08-06T13:20:21.204000+00:00,0.0,0.0,0.0
0,8932523868,dota2-nh-lvlup1-2026-08-06,2026-08-06T17:36:18.454000+00:00,-1.6318000000000055,0.18153315,-1.4502668500000055
0,8933453728,dota2-nh-z10-2026-08-07-game2,2026-08-07T10:40:19.376000+00:00,0.0,0.0,0.0
0,8933988979,dota2-pr1-jenz-2026-08-07-game2,2026-08-07T16:29:38.697000+00:00,-8.982313870000027,1.38323320671375,-7.599080663286277
0,8937080738,dota2-pr1-yes-2026-08-09,2026-08-09T12:20:23.208000+00:00,39.98562124999995,2.62533710765625,42.6109583576562
0,8937631882,dota2-ill-re-2026-08-09-game2,2026-08-09T17:12:21.447000+00:00,1.875,0.064078125,1.939078125
0,8938634026,dota2-pr1-mouz-2026-08-10,2026-08-10T11:15:54.851000+00:00,-24.026414979999956,1.868807588319,-22.157607391680955
0,8940117837,dota2-lvlup1-navi-2026-08-11-game2,2026-08-11T10:12:11.551000+00:00,10.1539,5.6422429725,15.7961429725
0,8940643574,dota2-yes-z10-2026-08-11-game1,2026-08-11T15:45:57.067000+00:00,39.70779999999996,2.031138255,41.738938254999965
0,8941817475,dota2-lvlup1-re-2026-08-12,2026-08-12T11:50:26.039000+00:00,30.0,1.7414999999999998,31.7415
0,8962372120,dota2-ic-nemiga-2026-08-24-game1,2026-08-24T07:17:08.649000+00:00,0.0,0.0,0.0
0,8962964580,dota2-sb5-stx-2026-08-24-game1,2026-08-24T13:25:23.881000+00:00,0.0,0.0,0.0
0,8964399842,dota2-pckcp-nemiga-2026-08-25-game1,2026-08-25T07:22:10.248000+00:00,-1.8627287199999998,0.21927335735400003,-1.6434553626459998
0,8964837315,dota2-fts-pckcp-2026-08-25-game2,2026-08-25T12:34:06.314000+00:00,-0.3999999999999915,0.5127,0.11270000000000857
0,8965544741,dota2-rearis-spirit1-2026-08-25,2026-08-25T18:44:21.316000+00:00,-21.20330000000005,0.9107453325,-20.29255466750005
0,8970207176,dota2-rearis-sb5-2026-08-28,2026-08-28T12:56:49.576000+00:00,2.6758330400000148,0.37094737328399996,3.0467804132840146
0,8970485789,dota2-dynast1-ic-2026-08-28-game2,2026-08-28T15:14:26.848000+00:00,-51.092984560000026,1.9480448225340001,-49.144939737466025
0,8971007454,dota2-ks-rearis-2026-08-28-game1,2026-08-28T20:11:41.712000+00:00,-10.707633199999988,0.9396789628199999,-9.767954237179987
0,8971501630,dota2-nexus-cres-2026-08-28,2026-08-29T04:51:09.441000+00:00,-45.242400480000015,1.253571477696,-43.988829002304016
0,8971753986,dota2-icecre-kineti-2026-08-29-game1,2026-08-29T08:38:12.829000+00:00,0.0,0.0,0.0
0,8971988345,dota2-sb5-lynx-2026-08-29-game1,2026-08-29T11:21:30.742000+00:00,-31.786541999999983,0.6086760794999999,-31.177865920499983
0,8972502454,dota2-huliga-lynx-2026-08-29-game2,2026-08-29T15:52:19.963000+00:00,-1.1400000000000006,0.4915965,-0.6484035000000006
0,8973011673,dota2-pi-lvlup1-2026-08-29,2026-08-29T20:33:12.059000+00:00,-1.2026000000000003,0.089559225,-1.1130407750000004
0,8973462028,dota2-icecre-xctn-2026-08-30,2026-08-30T04:30:11.988000+00:00,0.08598400000000339,0.3832440876,0.4692280876000034
0,8973707438,dota2-lynx-lvlup1-2026-08-30-game1,2026-08-30T08:16:36.050000+00:00,-0.06709999999999638,1.9740077475,1.9069077475000036
0,8974185539,dota2-navi-mouz-2026-08-30-game2,2026-08-30T13:08:29.090000+00:00,39.47009916000002,4.437314045862,43.90741320586202
0,8975871235,dota2-synaps-lynx-2026-08-31-game1,2026-08-31T12:26:44.788000+00:00,-1.9639584399999972,0.11681419637099999,-1.847144243628997
0,8976441468,dota2-4iki-ic-2026-08-31-game2,2026-08-31T17:43:06.122000+00:00,119.31253696000006,1.250581352157,120.56311831215706
0,8977325814,dota2-ks-pckcp-2026-09-01-game2,2026-09-01T10:26:27.059000+00:00,1.6907999999999959,0.24790418999999997,1.9387041899999957
0,8978023576,dota2-synaps-lvlup1-2026-09-01,2026-09-01T17:45:54.185000+00:00,-4.323119489999996,0.09764226489075001,-4.2254772251092465
0,8979131280,dota2-dynast1-pckcp-2026-09-02-game1,2026-09-02T13:56:13.878000+00:00,0.0,0.0,0.0
0,8980358113,dota2-z10-ks-2026-09-03-game2,2026-09-03T10:27:20.250000+00:00,9.778321199999993,0.8621866854,10.640507885399993
1,8837869969,dota2-aur1-ty-2026-06-04-game1,2026-06-04T09:17:47.612000+00:00,24.513800000000003,3.8232315750000003,28.337031575000005
1,8838396820,dota2-lgd-ty-2026-06-04-game2,2026-06-04T16:48:28.531000+00:00,-3.1393999999999984,0.318707925,-2.8206920749999984
1,8839366504,dota2-lgd-liquid-2026-06-05-game2,2026-06-05T13:21:18.066000+00:00,-8.188000000000073,2.7002993999999996,-5.487700600000074
1,8840635639,dota2-ty-bb4-2026-06-06-game1,2026-06-06T10:47:49.658000+00:00,12.91719999999998,1.8240654749999998,14.74126547499998
1,8841114801,dota2-aur1-lgd-2026-06-06-game2,2026-06-06T16:30:29.855000+00:00,47.583800000000025,1.605036615,49.18883661500003
1,8842468101,dota2-ty-lgd-2026-06-07-game1,2026-06-07T14:21:40.854000+00:00,-14.038160189999981,0.96419372058225,-13.073966469417732
1,8843465364,dota2-4iki-nande4-2026-06-08-game1,2026-06-08T09:15:08.776000+00:00,-0.7919999999999994,0.0652344,-0.7267655999999993
1,8844054970,dota2-z10-sb5-2026-06-08-game2,2026-06-08T17:08:41.204000+00:00,20.35140000000001,0.6544362149999999,21.00583621500001
1,8850534819,dota2-ill-pr1-2026-06-13-game2,2026-06-13T17:10:42.502000+00:00,-9.832399999999993,1.1154144899999998,-8.716985509999994
1,8854443395,dota2-fla-spirit1-2026-06-16-game1,2026-06-16T16:31:44.570000+00:00,0.3630999999999993,0.058464697499999996,0.4215646974999993
1,8885275216,dota2-re-xtreme-2026-07-07-game2,2026-07-07T11:16:11.813000+00:00,-15.774432999999988,1.3497288956250002,-14.424704104374987
1,8885470551,dota2-l1ga-ngx-2026-07-07-game2,2026-07-07T13:39:34.570000+00:00,-20.159999999999968,2.56827834,-17.59172165999997
1,8885665054,dota2-nem-pari-2026-07-07-game1,2026-07-07T15:41:38.548000+00:00,19.052591000000007,1.1762784014249998,20.22886940142501
1,8885974297,dota2-ic-1win-2026-07-07-game2,2026-07-07T19:32:14.446000+00:00,0.0,0.0,0.0
1,8886638110,dota2-poorra-bb4-2026-07-08-game2,2026-07-08T10:36:00.005000+00:00,2.5214,0.19266937499999998,2.714069375
1,8886736772,dota2-liquid-lvlup1-2026-07-08-game1,2026-07-08T12:08:59.488000+00:00,10.465200000000038,0.5711382899999999,11.036338290000039
1,8886994890,dota2-ts8-nem-2026-07-08-game1,2026-07-08T14:59:11.781000+00:00,0.0,0.0,0.0
1,8887218598,dota2-lgd-og-2026-07-08-game1,2026-07-08T17:27:41.870000+00:00,0.8000000000000007,0.053009999999999995,0.8530100000000007
1,8887337672,dota2-ty-ic-2026-07-08-game2,2026-07-08T19:01:29.872000+00:00,0.0,0.0,0.0
1,8888056358,dota2-poorra-xtreme-2026-07-09-game2,2026-07-09T10:34:44.979000+00:00,-35.84580000000011,3.1378520699999997,-32.70794793000011
1,8888173515,dota2-playti-lvlup1-2026-07-09-game1,2026-07-09T12:20:27.216000+00:00,7.6200000000000045,0.47148750000000006,8.091487500000005
1,8888318197,dota2-ngx-liquid-2026-07-09-game2,2026-07-09T14:04:08.888000+00:00,-24.140000000000015,2.9301644999999996,-21.209835500000015
1,8888555097,dota2-mouz-nem-2026-07-09-game2,2026-07-09T16:24:34.308000+00:00,-40.54049999999995,2.8642805024999998,-37.67621949749995
1,8888693655,dota2-vp-ty-2026-07-09-game1,2026-07-09T18:07:57.629000+00:00,0.0,0.5400014399999999,0.5400014399999999
1,8889452921,dota2-re-gl-2026-07-10-game1,2026-07-10T09:17:34.068000+00:00,102.48799820999992,2.76308270583825,105.25108091583816
1,8889538949,dota2-re-gl-2026-07-10-game2,2026-07-10T10:40:57.402000+00:00,-31.237599999999986,3.053911965,-28.183688034999985
1,8889733840,dota2-aur1-playti-2026-07-10-game2,2026-07-10T13:14:22.837000+00:00,-107.8596,3.96255969,-103.89704031
1,8890008812,dota2-nem-vg-2026-07-10-game2,2026-07-10T15:49:04.827000+00:00,50.2312,1.3122234,51.5434234
1,8890270555,dota2-1win-og-2026-07-10-game2,2026-07-10T18:36:26.467000+00:00,0.0,0.0,0.0
1,8891108985,dota2-bb4-gl-2026-07-11-game1,2026-07-11T09:17:06.187000+00:00,-11.744856799999923,1.3006639482,-10.444192851799922
1,8891325877,dota2-l1ga-lvlup1-2026-07-11-game1,2026-07-11T12:09:46.181000+00:00,-22.904002000000006,0.99214256625,-21.911859433750006
1,8891497910,dota2-aur1-liquid-2026-07-11-game2,2026-07-11T13:53:37.287000+00:00,49.12479999999999,1.1072443500000002,50.232044349999995
1,8892836635,dota2-pari-ts8-2026-07-12-game1,2026-07-12T09:26:06.808000+00:00,-38.9208,5.2830372,-33.6377628
1,8893070561,dota2-1win-ty-2026-07-12-game1,2026-07-12T12:14:45.162000+00:00,5.270400000000038,2.144904,7.415304000000038
1,8896139222,dota2-re-vp-2026-07-14-game1,2026-07-14T11:15:10.363000+00:00,49.81149999999998,2.5344286875,52.34592868749998
1,8896380183,dota2-re-vp-2026-07-14,2026-07-14T14:02:34.965000+00:00,-23.12870000000003,2.8398324225000002,-20.28886757750003
1,8897585705,dota2-aur1-re-2026-07-15-game1,2026-07-15T11:19:40.513000+00:00,-0.00040591999999151085,0.630004613784,0.6295986937840085
1,8897831774,dota2-ts8-liquid-2026-07-15,2026-07-15T14:13:24.528000+00:00,0.44099999999999895,0.04832257499999999,0.4893225749999989
1,8898084910,dota2-1win-vg-2026-07-15,2026-07-15T16:49:08.935000+00:00,34.58252088000006,2.6891685585960006,37.27168943859606
1,8899307453,dota2-pari-re-2026-07-17-game1,2026-07-16T14:36:23.407000+00:00,-13.421952779999998,0.9136965687629998,-12.508256211236999
1,8900771154,dota2-ngx-bb4-2026-07-16-game1,2026-07-17T14:28:08.196000+00:00,11.011000000000024,2.49745752,13.508457520000025
1,8902338515,dota2-ty-pari-2026-07-18-game1,2026-07-18T14:06:38.308000+00:00,-29.938763699999953,6.641151534765,-23.297612165234952
1,8903789784,dota2-vg-ty-2026-07-19-game2,2026-07-19T11:31:19.185000+00:00,2.0,0.5230499999999999,2.52305
1,8904419709,dota2-bb4-pari-2026-07-19-game4,2026-07-19T18:05:14.511000+00:00,6.822300000000013,1.1445260775000001,7.966826077500013
1,8905233934,dota2-lynx-pckcp-2026-07-20-game1,2026-07-20T11:15:17.947000+00:00,78.00569874000001,2.0380541445705,80.04375288457051
1,8905741721,dota2-spirit1-jenz-2026-07-20-game1,2026-07-20T16:55:30.580000+00:00,14.124700000000004,2.6835426975,16.808242697500006
1,8906479441,dota2-nemiga-dan-2026-07-21-game1,2026-07-21T07:24:02.590000+00:00,35.7244,2.0264963249999997,37.750896325
1,8906814740,dota2-pckcp-stx-2026-07-21,2026-07-21T12:50:32.182000+00:00,-25.071500719999904,3.848159660124,-21.223341059875903
1,8907236730,dota2-jenz-lynx-2026-07-21-game1,2026-07-21T17:22:36.365000+00:00,0.0,0.0,0.0
1,8907997366,dota2-ill-dan-2026-07-22-game2,2026-07-22T08:30:21.640000+00:00,36.15167801000001,1.03275879608925,37.18443680608926
1,8908612824,dota2-stx-spirit1-2026-07-22,2026-07-22T16:27:56.948000+00:00,20.860863049999953,2.71091752248375,23.571780572483704
1,8909443684,dota2-dan-z10-2026-07-23-game2,2026-07-23T08:24:14.078000+00:00,-11.141409399999993,0.31228163757,-10.829127762429993
1,8910104556,dota2-jenz-kw1-2026-07-23-game2,2026-07-23T16:47:57.620000+00:00,-6.9445000000000014,0.16000346249999997,-6.784496537500002
1,8910535715,dota2-lvlup1-aion-2026-07-23,2026-07-23T22:37:28.157000+00:00,0.629999999999999,0.03667125,0.666671249999999
1,8911277378,dota2-kw1-stx-2026-07-24-game2,2026-07-24T13:08:23.857000+00:00,46.73603245999999,1.682158205361,48.41819066536099
1,8912123729,dota2-nemiga-lvlup1-2026-07-24-game2,2026-07-24T22:15:39.296000+00:00,0.0,0.0,0.0
1,8912831712,dota2-pckcp-jenz-2026-07-22-game2,2026-07-25T11:23:26.682000+00:00,9.71800000000001,1.88708475,11.60508475000001
1,8913726962,dota2-lynx-kw1-2026-07-25-game2,2026-07-25T20:57:15.562000+00:00,10.526399999999967,1.9223838000000002,12.448783799999967
1,8914637220,dota2-nemiga-ill-2026-07-26,2026-07-26T12:04:18.708000+00:00,56.565200000000004,1.22828202,57.793482020000006
1,8915137972,dota2-kw1-rearis-2026-07-26-game2,2026-07-26T16:47:26.165000+00:00,0.0600000000000005,0.0485865,0.1085865000000005
1,8916041863,dota2-lvlup1-pckcp-2026-07-27-game1,2026-07-27T09:21:33.291000+00:00,2.0112000000000005,0.035956484999999996,2.0471564850000004
1,8916474664,dota2-stx-nemiga-2026-07-27,2026-07-27T14:44:54.132000+00:00,-54.14343780999991,4.88271618173775,-49.26072162826216
1,8917853656,dota2-nh-pckcp-2026-07-28-game2,2026-07-28T13:23:44.955000+00:00,-0.3843000000000032,1.4603243175,1.0760243174999968
1,8919404744,dota2-rearis-z10-2026-07-29-game2,2026-07-29T13:48:28.368000+00:00,0.38100000000001444,2.947851225,3.3288512250000144
1,8920655724,dota2-pckcp-z10-2026-07-30-game2,2026-07-30T10:32:16.617000+00:00,0.0,0.0,0.0
1,8921281044,dota2-amaru-pr1-2026-07-30-game2,2026-07-30T17:34:28.519000+00:00,0.0,0.0,0.0
1,8922137329,dota2-vg-amaru-2026-07-31-game2,2026-07-31T09:48:16.177000+00:00,12.299999999999997,0.08792249999999997,12.387922499999997
1,8922300474,dota2-enjoy-glyph-2026-07-31-game1,2026-07-31T12:14:29.331000+00:00,-16.34516422,2.5020660952230003,-13.843098124777
1,8922552315,dota2-l1ga-rnx-2026-07-31,2026-07-31T14:55:23.609000+00:00,0.0,1.9350154800000001,1.9350154800000001
1,8922940920,dota2-xtreme-lgd-2026-07-31-game2,2026-07-31T19:09:48.720000+00:00,-6.029999999999999,0.17286975,-5.857130249999999
1,8923643650,dota2-midas3-tr7-2026-08-01,2026-08-01T08:08:01.087000+00:00,0.0,0.0,0.0
1,8923874259,dota2-re-playti-2026-08-01-game2,2026-08-01T11:26:12.956000+00:00,-0.2201,0.00047871750000000004,-0.2196212825
1,8924328537,dota2-glyph-z10-2026-08-01-game1,2026-08-01T15:59:42.950000+00:00,33.613877910000014,1.88304115856175,35.496919068561766
1,8924616191,dota2-rnx-xtreme-2026-08-01-game2,2026-08-01T19:06:22.446000+00:00,-1.6477999999999469,1.4916342749999998,-0.15616572499994708
1,8925703946,dota2-yes-tr7-2026-08-02-game2,2026-08-02T11:58:57.158000+00:00,26.973499999999945,1.9724371875,28.945937187499943
1,8926381426,dota2-rnx-yb1-2026-08-02,2026-08-02T18:14:10.009000+00:00,6.27028660000007,4.047605900894999,10.31789250089507
1,8927132943,dota2-glyph-playti-2026-08-03,2026-08-03T08:27:35.152000+00:00,23.92679999999999,1.900496475,25.82729647499999
1,8927539264,dota2-vg-yb1-2026-08-03-game1,2026-08-03T14:05:56.825000+00:00,134.78180000000003,0.697495815,135.47929581500003
1,8928050264,dota2-re-lgd-2026-08-03-game2,2026-08-03T19:19:18.313000+00:00,-9.359706849999966,0.75800225815125,-8.601704591848716
1,8929124210,dota2-yb1-re-2026-08-04-game1,2026-08-04T14:38:55.576000+00:00,9.662998490000016,2.7820027096432502,12.445001199643265
1,8930258778,dota2-tr7-re-2026-08-05-game2,2026-08-05T09:25:42.941000+00:00,0.11727344000010476,3.7101928626480007,3.8274663026481055
1,8931781241,dota2-lvlup1-rearis-2026-08-06-game1,2026-08-06T09:28:03.156000+00:00,0.0,0.0,0.0
1,8932181345,dota2-rearis-nh-2026-08-06,2026-08-06T14:22:22.478000+00:00,11.67018138000006,1.297540019277,12.967721399277059
1,8932657929,dota2-ill-pr1-2026-08-06-game1,2026-08-06T19:12:10.345000+00:00,-29.00600394,1.0755172743855,-27.9304866656145
1,8933575351,dota2-ill-stx-2026-08-07-game1,2026-08-07T12:33:02.695000+00:00,-96.49719999999996,2.560460145,-93.93673985499997
1,8934184387,dota2-jenz-nemiga-2026-08-07-game1,2026-08-07T18:35:03.983000+00:00,10.679599999999937,1.17581856,11.855418559999936
1,8937188618,dota2-lvlup1-mouz-2026-08-09-game1,2026-08-09T13:17:49.636000+00:00,-10.294299999999991,0.40229289749999997,-9.89200710249999
1,8937722788,dota2-z10-navi-2026-08-09-game1,2026-08-09T18:17:16.930000+00:00,-69.46699999999997,2.452618155,-67.01438184499997
1,8938716198,dota2-ill-z10-2026-08-10-game1,2026-08-10T12:25:50.383000+00:00,20.130057540000003,2.3072613925514998,22.437318932551502
1,8940266495,dota2-mouz-re-2026-08-11-game1,2026-08-11T12:16:13.042000+00:00,13.890449999999994,2.19031231875,16.080762318749994
1,8940756672,dota2-yes-z10-2026-08-11-game2,2026-08-11T16:48:25.758000+00:00,1.5129705700000002,0.09606359783924999,1.6090341678392501
1,8942003788,dota2-navi-lvlup1-2026-08-12-game1,2026-08-12T13:42:36.457000+00:00,7.7922000000000295,1.002271725,8.79447172500003
1,8962458373,dota2-ic-nemiga-2026-08-24-game2,2026-08-24T08:26:45.454000+00:00,0.12236604000000018,0.082339725009,0.20470576500900017
1,8963508714,dota2-rearis-lynx-2026-08-24-game2,2026-08-24T17:37:20.349000+00:00,-1.8999999999999995,0.1808625,-1.7191374999999995
1,8964480771,dota2-pckcp-nemiga-2026-08-25-game2,2026-08-25T08:31:41.723000+00:00,-2.457162750000009,1.4464485021937499,-1.0107142478062592
1,8964962329,dota2-ic-fts-2026-08-25-game1,2026-08-25T13:50:36.471000+00:00,77.80240005000002,1.0606219057732498,78.86302195577326
1,8969842778,dota2-pckcp-ic-2026-08-28-game2,2026-08-28T08:21:21.985000+00:00,42.537714379999926,2.1223608842609996,44.660075264260925
1,8970338180,dota2-synaps-nemiga-2026-08-28-game1,2026-08-28T14:09:13.367000+00:00,-0.0017924500000106036,1.09356004951875,1.0917675995187395
1,8970575970,dota2-synaps-nemiga-2026-08-28,2026-08-28T16:02:11.965000+00:00,-39.161496809999974,1.49038476474375,-37.67111204525622
1,8971016820,dota2-fts-nemiga-2026-08-28-game1,2026-08-28T20:17:43.711000+00:00,0.0,0.0,0.0
1,8971519375,dota2-nem-6seven-2026-08-29-game1,2026-08-29T05:14:15.579000+00:00,-2.8800000000000097,0.212436,-2.66756400000001
1,8971849697,dota2-icecre-kineti-2026-08-29-game2,2026-08-29T09:43:14.699000+00:00,0.0,0.0,0.0
1,8972103119,dota2-sb5-lynx-2026-08-29-game2,2026-08-29T12:31:54.536000+00:00,-12.590529799999999,0.502500712755,-12.088029087245
1,8972611918,dota2-huliga-lynx-2026-08-29,2026-08-29T16:49:36.587000+00:00,6.7774,2.13857466,8.91597466
1,8973010298,dota2-ks-spirit1-2026-08-29-game1,2026-08-29T20:38:42.759000+00:00,-44.55000000000001,0.41098724999999997,-44.13901275000001
1,8973502629,dota2-clo-yb1-2026-08-30-game1,2026-08-30T05:13:07.837000+00:00,0.0,0.0,0.0
1,8973859403,dota2-lynx-lvlup1-2026-08-30-game2,2026-08-30T09:56:31.353000+00:00,0.00313254999999657,0.31447629188625,0.31760884188624655
1,8974647733,dota2-lvlup1-pr1-2026-08-30-game1,2026-08-30T17:09:16.077000+00:00,-9.522175940000011,1.1446778804895,-8.377498059510511
1,8976012755,dota2-synaps-lynx-2026-08-31-game2,2026-08-31T13:41:35.303000+00:00,13.84620000000001,1.7557682250000002,15.601968225000011
1,8976511215,dota2-4iki-ic-2026-08-31,2026-08-31T18:29:54.020000+00:00,156.875,4.51929405,161.39429405
1,8977476867,dota2-ic-lynx-2026-09-01-game1,2026-09-01T12:26:04.131000+00:00,50.350200000000015,2.13927453,52.48947453000002
1,8978832148,dota2-pr1-ic-2026-09-02-game1,2026-09-02T09:52:32.767000+00:00,92.41230901000003,1.34687498304225,93.75918399304229
1,8979241530,dota2-dynast1-pckcp-2026-09-02-game2,2026-09-02T14:56:18.245000+00:00,0.8628997700000056,0.10335788113724997,0.9662576511372556
1,8980463789,dota2-pckcp-spirit1-2026-09-03-game1,2026-09-03T12:14:02.762000+00:00,-1.3200000000000074,0.231165,-1.0888350000000073
1,8837957019,dota2-aur1-ty-2026-06-04-game2,2026-06-04T11:05:49.570000+00:00,-97.73040000000006,6.761896005,-90.96850399500006
1,8838480778,dota2-lgd-ty-2026-06-04,2026-06-04T17:57:47.377000+00:00,-1.0,0.36862500000000004,-0.631375
1,8839494962,dota2-flc-aur1-2026-06-05-game1,2026-06-05T14:52:18.684000+00:00,37.49460000000008,3.1244904,40.619090400000076
1,8840704374,dota2-ty-bb4-2026-06-06-game2,2026-06-06T11:51:44.485000+00:00,-22.884422340000015,5.4054919819934995,-17.478930358006515
1,8842052142,dota2-bb4-lgd-2026-06-07-game1,2026-06-07T09:18:04.694000+00:00,-13.858400740000008,0.7075652977244999,-13.150835442275508
1,8842596730,dota2-ty-lgd-2026-06-07-game2,2026-06-07T15:49:20.066000+00:00,-11.712200000000024,1.296132615,-10.416067385000025
1,8843512570,dota2-4iki-nande4-2026-06-08-game2,2026-06-08T10:09:45.609000+00:00,0.0,1.3499955,1.3499955
1,8844132483,dota2-vpp-z10-2026-06-08-game1,2026-06-08T18:23:01.210000+00:00,0.0,0.0,0.0
1,8850593633,dota2-ill-pr1-2026-06-13,2026-06-13T18:00:57.551000+00:00,0.0,0.0,0.0
1,8885183102,dota2-flc-bb4-2026-07-07-game1,2026-07-07T09:47:24.433000+00:00,-36.79796250000001,1.2192048028125,-35.57875769718751
1,8885365825,dota2-l1ga-ngx-2026-07-07-game1,2026-07-07T12:34:49.112000+00:00,0.0,0.0,0.0
1,8885473599,dota2-liquid-playti-2026-07-07-game2,2026-07-07T13:52:27.923000+00:00,53.85154468000002,5.073371512344,58.924916192344014
1,8885784652,dota2-ts8-mouz-2026-07-07-game2,2026-07-07T17:16:32.961000+00:00,-16.343293920000008,2.608869882564,-13.734424037436007
1,8886005043,dota2-ty-og-2026-07-07-game2,2026-07-07T20:03:05.981000+00:00,-0.5999999999999996,0.055425,-0.5445749999999996
1,8886640910,dota2-flc-re-2026-07-08-game2,2026-07-08T10:39:41.623000+00:00,2.5,0.2998124999999999,2.7998125
1,8886788497,dota2-ngx-aur1-2026-07-08-game1,2026-07-08T12:47:30.744000+00:00,4.478414810000004,0.4747582756777499,4.953173085677753
1,8887100676,dota2-vg-pari-2026-07-08-game1,2026-07-08T16:18:23.954000+00:00,0.0,0.0,0.0
1,8887260104,dota2-ty-ic-2026-07-08-game1,2026-07-08T17:58:24.214000+00:00,0.27749999999999986,0.0515941875,0.32909418749999986
1,8887432754,dota2-vp-1win-2026-07-08-game2,2026-07-08T20:20:02.742000+00:00,48.40419999999999,0.31102655999999995,48.71522655999999
1,8888066684,dota2-bb4-re-2026-07-09-game2,2026-07-09T10:43:25.275000+00:00,-22.29319775999997,1.363474668408,-20.92972309159197
1,8888217771,dota2-ngx-liquid-2026-07-09-game1,2026-07-09T12:52:14.212000+00:00,42.41339999999997,2.6422745249999995,45.055674524999965
1,8888405761,dota2-mouz-nem-2026-07-09-game1,2026-07-09T14:48:45.816000+00:00,16.21640000000002,1.1067692999999998,17.32316930000002
1,8888554919,dota2-rnx-pari-2026-07-09-game2,2026-07-09T16:26:10.054000+00:00,0.0,0.0,0.0
1,8888731478,dota2-lgd-1win-2026-07-09-game1,2026-07-09T18:35:20.326000+00:00,-18.22399999999999,1.2145384799999999,-17.009461519999988
1,8889468264,dota2-xtreme-bb4-2026-07-10-game1,2026-07-10T09:26:30.741000+00:00,-6.4541000000000075,1.3097639625,-5.144336037500008
1,8889615310,dota2-l1ga-liquid-2026-07-10-game1,2026-07-10T11:48:20.990000+00:00,7.5,0.865125,8.365125
1,8889871314,dota2-nem-vg-2026-07-10-game1,2026-07-10T14:27:52.631000+00:00,54.81360000000001,0.8088500700000001,55.622450070000006
1,8890036748,dota2-pari-mouz-2026-07-10-game2,2026-07-10T16:15:07.698000+00:00,4.399999999999999,0.07256999999999998,4.472569999999998
1,8890268632,dota2-lgd-ty-2026-07-10-game2,2026-07-10T18:43:14.663000+00:00,-76.28640000000001,2.5062321300000003,-73.78016787000001
1,8891145641,dota2-xtreme-flc-2026-07-11-game1,2026-07-11T09:30:07.111000+00:00,0.0,0.0,0.0
1,8891349244,dota2-playti-ngx-2026-07-11-game1,2026-07-11T12:27:52.369000+00:00,35.878899999999994,5.3192518725,41.19815187249999
1,8891519142,dota2-playti-ngx-2026-07-11-game2,2026-07-11T14:08:43.754000+00:00,-52.80199999999998,1.5348342000000001,-51.26716579999998
1,8892923329,dota2-mouz-vg-2026-07-12-game2,2026-07-12T10:25:59.512000+00:00,-20.590112480000045,2.1994507630560003,-18.390661716944045
1,8893106015,dota2-og-vp-2026-07-12-game1,2026-07-12T12:36:42.440000+00:00,1.0599999999999987,0.0935865,1.1535864999999987
1,8896140998,dota2-liquid-xtreme-2026-07-14-game1,2026-07-14T11:24:31.795000+00:00,-56.1756,2.3488310699999997,-53.82676893
1,8896486914,dota2-liquid-xtreme-2026-07-14,2026-07-14T15:13:00.049000+00:00,-0.771836860000001,0.112329514659,-0.659507345341001
1,8897588873,dota2-ts8-liquid-2026-07-15-game1,2026-07-15T11:25:30.473000+00:00,-6.542400000000043,3.61333239,-2.9290676100000432
1,8897841991,dota2-1win-vg-2026-07-15-game1,2026-07-15T14:22:22.284000+00:00,7.5,1.09575,8.59575
1,8898117600,dota2-bb4-lgd-2026-07-15-game2,2026-07-15T17:15:52.403000+00:00,0.8000000000000114,1.12188,1.9218800000000114
1,8899420575,dota2-pari-re-2026-07-17-game2,2026-07-16T15:46:28.167000+00:00,-4.0,0.24824999999999992,-3.75175
1,8900882416,dota2-ngx-bb4-2026-07-16-game2,2026-07-17T15:33:10.588000+00:00,1.0,0.299025,1.2990249999999999
1,8902431810,dota2-ty-pari-2026-07-18-game2,2026-07-18T15:09:37.865000+00:00,9.85390000000001,4.088562727499999,13.94246272750001
1,8904012666,dota2-bb4-pari-2026-07-19-game1,2026-07-19T13:57:51.853000+00:00,49.11960000000002,2.30579445,51.42539445000002
1,8905035315,dota2-stx-lynx-2026-07-20-game1,2026-07-20T07:25:19.610000+00:00,6.439318200000002,1.3755464985,7.814864698500003
1,8905359313,dota2-lynx-pckcp-2026-07-20-game2,2026-07-20T12:49:30.119000+00:00,4.67699022999993,1.5532506802297499,6.23024091022968
1,8905885788,dota2-spirit1-jenz-2026-07-20-game2,2026-07-20T18:35:45.253000+00:00,-0.5,0.141855,-0.358145
1,8906547471,dota2-nemiga-dan-2026-07-21-game2,2026-07-21T08:48:51.736000+00:00,26.87299999999999,1.58173725,28.45473724999999
1,8906911697,dota2-lynx-spirit1-2026-07-21-game1,2026-07-21T14:01:22.509000+00:00,0.0,0.0,0.0
1,8907319204,dota2-jenz-lynx-2026-07-21-game2,2026-07-21T18:19:16.673000+00:00,-59.77205595000001,1.27904417793375,-58.49301177206626
1,8908178087,dota2-nemiga-aion-2026-07-22-game2,2026-07-22T11:35:02.272000+00:00,1.799999999999999,0.07732200000000002,1.877321999999999
1,8908710300,dota2-z10-lvlup1-2026-07-22-game1,2026-07-22T17:40:32.974000+00:00,-64.10082756,2.1621885847469997,-61.938638975253
1,8909498494,dota2-dan-z10-2026-07-23,2026-07-23T09:35:42.112000+00:00,-0.24999999999999956,0.01585125,-0.23414874999999954
1,8910216725,dota2-jenz-kw1-2026-07-23,2026-07-23T18:09:02.529000+00:00,-0.9399999999999977,0.13557149999999998,-0.8044284999999978
1,8910589445,dota2-nemiga-ill-2026-07-23-game1,2026-07-23T23:33:41.369000+00:00,-3.8497999999999593,3.8823041999999996,0.032504200000040395
1,8911784562,dota2-z10-ill-2026-07-24-game1,2026-07-24T18:00:21.302000+00:00,-6.894165399999995,0.18691556021999997,-6.707249839779995
1,8912551235,dota2-ill-aion-2026-07-25-game1,2026-07-25T07:19:52.253000+00:00,0.0,0.0,0.0
1,8912974141,dota2-pckcp-jenz-2026-07-22,2026-07-25T13:02:19.241000+00:00,-22.428227710000048,2.36285885485275,-20.065368855147298
1,8913824141,dota2-lynx-kw1-2026-07-25,2026-07-25T22:21:39.642000+00:00,-32.60640000000002,4.29409026,-28.31230974000002
1,8914749408,dota2-rearis-pckcp-2026-07-26-game1,2026-07-26T13:19:34.036000+00:00,-24.324599999999975,1.24663575,-23.077964249999976
1,8915271266,dota2-jenz-stx-2026-07-26-game1,2026-07-26T18:26:53.337000+00:00,26.487899999999968,0.9247639274999999,27.412663927499967
1,8916102349,dota2-lvlup1-pckcp-2026-07-27-game2,2026-07-27T10:12:46.876000+00:00,7.250178919999996,0.37707708806099993,7.627256008060996
1,8917611319,dota2-pr1-nemiga-2026-07-28-game2,2026-07-28T10:17:02.190000+00:00,0.0,0.0,0.0
1,8918052500,dota2-pckcp-kw1-2026-07-28-game1,2026-07-28T15:24:46.769000+00:00,-3.1523569599999917,0.146725734672,-3.0056312253279915
1,8919546613,dota2-amaru-nemiga-2026-07-29-game1,2026-07-29T15:15:30.082000+00:00,-43.02450047999997,2.067585875196,-40.95691460480397
1,8920897425,dota2-lvlup1-z10-2026-07-30-game2,2026-07-30T13:37:44.606000+00:00,7.434799999999983,2.7586549200000006,10.193454919999983
1,8921949036,dota2-re-midas3-2026-07-31-game1,2026-07-31T06:23:42.906000+00:00,-17.56419999999998,1.35432459,-16.209875409999977
1,8922133239,dota2-tr7-playti-2026-07-31-game1,2026-07-31T09:57:34.446000+00:00,61.30479912000001,4.047853016502,65.35265213650202
1,8922339160,dota2-l1ga-rnx-2026-07-31-game1,2026-07-31T12:44:09.822000+00:00,-15.166400000000039,1.3735070999999999,-13.792892900000039
1,8922602122,dota2-yb1-z10-2026-07-31-game1,2026-07-31T15:28:08.646000+00:00,7.619699999999995,2.5812126675,10.200912667499995
1,8923040358,dota2-xtreme-lgd-2026-07-31,2026-07-31T20:28:40.570000+00:00,-48.077199999999976,1.83143565,-46.24576434999997
1,8923704450,dota2-yes-vg-2026-08-01-game1,2026-08-01T09:01:56.739000+00:00,0.002876489999948717,1.39497674416425,1.3978532341641987
1,8923899787,dota2-enjoy-yb1-2026-08-01-game1,2026-08-01T11:45:49.553000+00:00,-2.0,0.55485,-1.44515
1,8924367779,dota2-l1ga-lgd-2026-08-01,2026-08-01T16:23:12.450000+00:00,-50.60299999999995,0.9623606250000001,-49.64063937499995
1,8925210898,dota2-playti-xctn-2026-08-02-game1,2026-08-02T05:28:20.542000+00:00,9.274200000000008,1.096906005,10.371106005000007
1,8925847726,dota2-yes-tr7-2026-08-02,2026-08-02T13:17:43.701000+00:00,11.048573439999984,2.014734036552,13.063307476551984
1,8926523280,dota2-z10-lgd-2026-08-02-game1,2026-08-02T19:59:32.068000+00:00,0.0,0.0,0.0
1,8927207054,dota2-xtreme-tr7-2026-08-03-game1,2026-08-03T10:00:05.212000+00:00,13.435399999999959,1.400652975,14.836052974999959
1,8927660975,dota2-vg-yb1-2026-08-03-game2,2026-08-03T15:05:20.968000+00:00,0.3795972000000063,0.60417226746,0.9837694674600063
1,8928163118,dota2-re-lgd-2026-08-03,2026-08-03T20:43:38.722000+00:00,-35.245100719999954,3.518557805124,-31.726542914875953
1,8929276426,dota2-yb1-re-2026-08-04-game2,2026-08-04T15:54:25.550000+00:00,0.9999994300000001,0.00442499747775,1.00442442747775
1,8930398938,dota2-playti-yb1-2026-08-05-game1,2026-08-05T12:24:04.133000+00:00,-12.200000000000005,4.420188479999999,-7.779811520000005
1,8931852727,dota2-lvlup1-rearis-2026-08-06-game2,2026-08-06T10:30:33.624000+00:00,-47.07763759999999,1.29748107702,-45.780156522979986
1,8932318084,dota2-nh-lvlup1-2026-08-06-game1,2026-08-06T15:34:15.395000+00:00,-1.932,0.005796,-1.926204
1,8932835800,dota2-ill-pr1-2026-08-06,2026-08-06T21:22:55.783000+00:00,-0.28699999999999903,0.056808525,-0.23019147499999904
1,8933704579,dota2-ill-stx-2026-08-07-game2,2026-08-07T13:44:43.178000+00:00,4.5409313199999914,0.7567364777519999,5.297667797751991
1,8934279386,dota2-jenz-nemiga-2026-08-07-game2,2026-08-07T19:33:30.612000+00:00,0.0,0.0,0.0
1,8937335830,dota2-lvlup1-mouz-2026-08-09-game2,2026-08-09T14:27:35.299000+00:00,5.81759999999997,1.7017793399999999,7.51937933999997
1,8938509987,dota2-pr1-mouz-2026-08-10-game1,2026-08-10T09:24:47.767000+00:00,21.849999999999994,2.000420625,23.850420624999995
1,8939023869,dota2-yes-lvlup1-2026-08-10-game1,2026-08-10T15:24:37.289000+00:00,0.0,0.0,0.0
1,8940365227,dota2-mouz-re-2026-08-11-game2,2026-08-11T13:12:04.281000+00:00,8.155962929999932,2.30732755713075,10.463290487130681
1,8941656460,dota2-lvlup1-re-2026-08-12-game1,2026-08-12T09:19:34.658000+00:00,40.43069999999997,2.2900190174999997,42.720719017499974
1,8942152024,dota2-navi-lvlup1-2026-08-12-game2,2026-08-12T14:50:30.897000+00:00,1.002299999999991,0.27860628750000005,1.2809062874999912
1,8962592819,dota2-ks-lynx-2026-08-24-game1,2026-08-24T10:19:27.562000+00:00,-0.1453129800000008,0.0493784038305,-0.09593457616950081
1,8963649188,dota2-dynast1-fts-2026-08-24-game1,2026-08-24T19:15:00.848000+00:00,81.42829999999998,0.9896752725,82.41797527249997
1,8964574076,dota2-pckcp-nemiga-2026-08-25,2026-08-25T09:52:05.670000+00:00,-0.5999999999999996,1.651365,1.0513650000000003
1,8965097316,dota2-ic-fts-2026-08-25-game2,2026-08-25T14:41:01.046000+00:00,-17.84620000000001,1.2444074549999997,-16.60179254500001
1,8969978865,dota2-rearis-sb5-2026-08-28-game1,2026-08-28T10:27:01.322000+00:00,-7.113499999999991,0.7795402874999999,-6.333959712499992
1,8970352005,dota2-dynast1-ic-2026-08-28-game1,2026-08-28T14:10:35.964000+00:00,-1.6889000000000016,0.12009879749999998,-1.5688012025000015
1,8970655100,dota2-dynast1-ic-2026-08-28,2026-08-28T16:43:34.585000+00:00,-18.449211159999997,1.652442898767,-16.796768261232998
1,8971111987,dota2-ks-rearis-2026-08-28-game2,2026-08-28T21:24:47.695000+00:00,7.740000000000009,0.2292975,7.9692975000000095
1,8971586781,dota2-nem-6seven-2026-08-29-game2,2026-08-29T06:13:46.689000+00:00,-1.5,0.3940905,-1.1059095
1,8971891627,dota2-dynast1-nemiga-2026-08-29-game1,2026-08-29T10:17:49.464000+00:00,7.702200000000005,0.19110208499999998,7.893302085000005
1,8972115962,dota2-mouz-yes-2026-08-29-game2,2026-08-29T12:36:59.931000+00:00,0.12459999999990856,2.6462357549999997,2.7708357549999083
1,8972773416,dota2-pi-lvlup1-2026-08-29-game1,2026-08-29T18:17:23.637000+00:00,-73.30109944000003,2.2442546755259998,-71.05684476447404
1,8973337131,dota2-icecre-xctn-2026-08-30-game1,2026-08-30T02:14:49.254000+00:00,-6.475780999999998,0.17378123662499997,-6.301999763374998
1,8973568453,dota2-clo-yb1-2026-08-30-game2,2026-08-30T06:12:50.377000+00:00,-3.316375939999986,0.2700382454895,-3.0463376945104863
1,8973884000,dota2-nem-xctn-2026-08-30-game2,2026-08-30T10:12:32.710000+00:00,7.080128330000008,0.50915236113825,7.589280691138258
1,8974898633,dota2-lvlup1-pr1-2026-08-30,2026-08-30T19:25:58.777000+00:00,-27.62543166999999,2.73170706357075,-24.89372460642924
1,8976166971,dota2-synaps-lynx-2026-08-31,2026-08-31T15:09:07.826000+00:00,0.0002920000000017353,0.29455331399999996,0.2948453140000017
1,8976665322,dota2-spirit1-pi-2026-08-31-game1,2026-08-31T20:26:57.494000+00:00,6.092499999999999,1.6790308124999997,7.771530812499999
1,8977623650,dota2-ic-lynx-2026-09-01-game2,2026-09-01T13:53:28.128000+00:00,26.72319999999998,2.60053821,29.32373820999998
1,8978916284,dota2-pr1-ic-2026-09-02-game2,2026-09-02T11:19:11.539000+00:00,0.0,0.030885000000000003,0.030885000000000003
1,8979344496,dota2-synaps-4iki-2026-09-02-game1,2026-09-02T15:59:27.587000+00:00,-17.51580000000002,2.61241803,-14.90338197000002
1,8980769413,dota2-pi-dynast1-2026-09-03-game1,2026-09-03T15:17:23.998000+00:00,6.800000000000004,0.11528999999999998,6.915290000000004
1,8838056564,dota2-flc-liquid-2026-06-04-game1,2026-06-04T12:43:48.535000+00:00,-5.272999999999978,2.553147105,-2.7198528949999785
1,8839123109,dota2-flc-bb4-2026-06-05-game1,2026-06-05T09:16:39.267000+00:00,4.1525106399999885,1.314855950256,5.467366590255988
1,8839625815,dota2-flc-aur1-2026-06-05-game2,2026-06-05T16:13:53.150000+00:00,7.188000000000002,0.39238361999999993,7.580383620000003
1,8840821227,dota2-ty-bb4-2026-06-06,2026-06-06T13:12:37.368000+00:00,-3.003800789999957,3.33667859804475,0.33287780804479317
1,8842134886,dota2-bb4-lgd-2026-06-07-game2,2026-06-07T10:28:41.168000+00:00,-25.987839769999965,3.54359349501675,-22.444246274983215
1,8842722527,dota2-ty-lgd-2026-06-07-game3,2026-06-07T17:12:22.566000+00:00,59.13019915000007,3.2931913180237498,62.42339046802382
1,8843560379,dota2-4iki-nande4-2026-06-08,2026-06-08T11:10:54.138000+00:00,-4.852399999999989,1.89538191,-2.9570180899999885
1,8844244719,dota2-vpp-z10-2026-06-08-game2,2026-06-08T19:45:42.908000+00:00,1.2799999999999994,0.021732,1.3017319999999994
1,8851984783,dota2-4iki-pr1-2026-06-14-game2,2026-06-14T16:46:25.798000+00:00,-4.949800000000007,1.55191146,-3.397888540000007
1,8885195986,dota2-re-xtreme-2026-07-07-game1,2026-07-07T09:55:03.037000+00:00,23.257000000000062,0.9770464649999999,24.234046465000063
1,8885380529,dota2-liquid-playti-2026-07-07-game1,2026-07-07T12:43:07.045000+00:00,-0.3899999999999997,0.42130125,0.031301250000000336
1,8885529711,dota2-lvlup1-aur1-2026-07-07-game2,2026-07-07T14:23:52.590000+00:00,8.0,0.05519999999999997,8.0552
1,8885871759,dota2-ic-1win-2026-07-07-game1,2026-07-07T18:31:07.999000+00:00,0.0,0.0,0.0
1,8886576019,dota2-poorra-bb4-2026-07-08-game1,2026-07-08T09:20:01.472000+00:00,-26.54340000000002,1.0037785049999999,-25.53962149500002
1,8886641793,dota2-gl-xtreme-2026-07-08-game2,2026-07-08T10:45:04.782000+00:00,20.677499109999985,2.34425851976325,23.021757629763236
1,8886815251,dota2-l1ga-playti-2026-07-08-game2,2026-07-08T13:04:20.712000+00:00,69.64249999999998,1.5759443475,71.21844434749998
1,8887114313,dota2-ts8-nem-2026-07-08-game2,2026-07-08T16:15:19.583000+00:00,-33.57279075999992,0.947679474411,-32.62511128558892
1,8887314193,dota2-lgd-og-2026-07-08-game2,2026-07-08T18:40:30.736000+00:00,-92.8683,4.1050300875,-88.76326991250001
1,8887986392,dota2-poorra-xtreme-2026-07-09-game1,2026-07-09T09:21:30.237000+00:00,-70.62899999999999,2.61580911,-68.01319088999999
1,8888083694,dota2-gl-flc-2026-07-09-game2,2026-07-09T11:11:32.224000+00:00,51.33543314000002,2.8424056486455,54.17783878864552
1,8888260336,dota2-l1ga-aur1-2026-07-09-game2,2026-07-09T13:20:05.771000+00:00,-1.2000000000000028,0.09764999999999997,-1.1023500000000028
1,8888425887,dota2-rnx-pari-2026-07-09-game1,2026-07-09T15:02:02.148000+00:00,3.1258000000000266,0.29459602500000004,3.4203960250000267
1,8888592426,dota2-vg-ts8-2026-07-09-game2,2026-07-09T16:59:54.115000+00:00,-11.485600000000034,2.37196497,-9.113635030000033
1,8888771711,dota2-og-ic-2026-07-09-game2,2026-07-09T19:04:50.495000+00:00,0.0,0.0,0.0
1,8889513730,dota2-poorra-flc-2026-07-10-game2,2026-07-10T10:17:36.842000+00:00,0.0,0.23906249999999998,0.23906249999999998
1,8889621582,dota2-aur1-playti-2026-07-10-game1,2026-07-10T11:57:42.116000+00:00,-61.142299999999956,2.1241513275,-59.018148672499954
1,8889914618,dota2-pari-mouz-2026-07-10-game1,2026-07-10T14:59:49.254000+00:00,-17.44026396999996,0.7176405436177499,-16.72262342638221
1,8890074597,dota2-rnx-ts8-2026-07-10-game2,2026-07-10T16:28:42.555000+00:00,0.0,0.0,0.0
1,8890301402,dota2-ic-vp-2026-07-10-game2,2026-07-10T18:52:09.717000+00:00,0.0,0.0,0.0
1,8891217710,dota2-poorra-re-2026-07-11-game2,2026-07-11T10:44:50.172000+00:00,-92.6852007,2.1381875076375,-90.5470131923625
1,8891371442,dota2-aur1-liquid-2026-07-11-game1,2026-07-11T12:43:19.319000+00:00,2.6950670000000017,0.09953237812499999,2.794599378125002
1,8892829232,dota2-mouz-vg-2026-07-12-game1,2026-07-12T09:15:57.248000+00:00,-9.37340000000004,1.3346982900000002,-8.038701710000039
1,8892914077,dota2-pari-ts8-2026-07-12-game2,2026-07-12T10:31:28.406000+00:00,-0.19000000000000306,0.19465125,0.0046512499999969426
1,8893165071,dota2-1win-ty-2026-07-12-game2,2026-07-12T13:18:20.777000+00:00,-27.806137839999906,1.9119457814279999,-25.894192058571907
1,8896234088,dota2-re-vp-2026-07-14-game2,2026-07-14T12:30:48.003000+00:00,-18.317000000000032,1.165144065,-17.151855935000032
1,8896645659,dota2-lgd-mouz-2026-07-14-game1,2026-07-14T16:55:49.823000+00:00,0.1612,0.022656660000000002,0.18385666
1,8897695379,dota2-aur1-re-2026-07-15-game2,2026-07-15T12:41:48.340000+00:00,-13.793200000000013,0.657418395,-13.135781605000012
1,8897971312,dota2-1win-vg-2026-07-15-game2,2026-07-15T15:33:39.656000+00:00,27.221799999999973,2.392261575,29.614061574999972
1,8899028080,dota2-ty-ts8-2026-07-17-game1,2026-07-16T11:25:22.617000+00:00,-1.8577999999999975,0.33133862999999997,-1.5264613699999976
1,8900508749,dota2-flc-vg-2026-07-16-game1,2026-07-17T11:21:46.405000+00:00,-66.63239999999999,1.41088683,-65.22151317
1,8902107148,dota2-bb4-vg-2026-07-18-game1,2026-07-18T11:22:02.020000+00:00,0.0,0.0,0.0
1,8902610619,dota2-ty-pari-2026-07-18,2026-07-18T16:48:06.686000+00:00,22.641599999999983,2.09802726,24.73962725999998
1,8904157676,dota2-bb4-pari-2026-07-19-game2,2026-07-19T15:17:11.337000+00:00,-12.618201750000125,9.22604988909375,-3.3921518609063757
1,8905093611,dota2-stx-lynx-2026-07-20-game2,2026-07-20T08:36:36.644000+00:00,14.874349639999984,0.974232639012,15.848582279011984
1,8905490238,dota2-z10-nemiga-2026-07-20-game1,2026-07-20T14:13:02.081000+00:00,-47.61006294000002,1.8083261373915,-45.80173680260852
1,8905975768,dota2-lvlup1-ill-2026-07-20-game1,2026-07-20T19:45:16.612000+00:00,1.2400000000000002,0.3296925,1.5696925000000002
1,8906626852,dota2-pckcp-stx-2026-07-21-game1,2026-07-21T10:17:03.931000+00:00,47.953328080000034,1.9417138596719998,49.89504193967203
1,8907021823,dota2-lynx-spirit1-2026-07-21-game2,2026-07-21T14:54:33.550000+00:00,-102.69628387999992,4.806229083831,-97.89005479616893
1,8907510684,dota2-z10-aion-2026-07-21-game2,2026-07-21T20:45:41.820000+00:00,0.0,0.0,0.0
1,8908313996,dota2-stx-spirit1-2026-07-22-game1,2026-07-22T13:26:43.307000+00:00,0.04526736000000753,0.19480160750400005,0.24006896750400758
1,8908926344,dota2-z10-lvlup1-2026-07-22,2026-07-22T20:21:42.790000+00:00,-7.399175630000002,5.45421799128225,-1.944957638717752
1,8909658828,dota2-spirit1-pckcp-2026-07-23-game2,2026-07-23T11:56:35.158000+00:00,-8.77680079999999,1.08557171676,-7.691229083239989
1,8910344715,dota2-lvlup1-aion-2026-07-23-game1,2026-07-23T19:45:58.831000+00:00,0.0,0.0,0.0
1,8910670427,dota2-nemiga-ill-2026-07-23,2026-07-24T01:26:47.762000+00:00,-13.532299999999935,2.2273911975,-11.304908802499936
1,8911916389,dota2-z10-ill-2026-07-24-game2,2026-07-24T19:32:36.981000+00:00,26.733400000000017,2.6832699300000002,29.41666993000002
1,8912622476,dota2-ill-aion-2026-07-25-game2,2026-07-25T08:27:06.996000+00:00,-0.508443760000004,0.07905884436599998,-0.42938491563400405
1,8913307206,dota2-kw1-pckcp-2026-07-25-game1,2026-07-25T16:28:48.834000+00:00,20.900000000000006,0.5185575,21.418557500000006
1,8914414410,dota2-nemiga-ill-2026-07-26-game1,2026-07-26T09:26:59.644000+00:00,-41.06125664000001,1.600729107888,-39.46052753211201
1,8914885598,dota2-rearis-pckcp-2026-07-26-game2,2026-07-26T14:24:02.001000+00:00,62.64150000000001,0.38060808749999997,63.02210808750001
1,8915390117,dota2-jenz-stx-2026-07-26-game2,2026-07-26T19:37:39.362000+00:00,0.0,0.0,0.0
1,8916245727,dota2-stx-nemiga-2026-07-27-game1,2026-07-27T12:25:46.061000+00:00,-18.74190195,1.92592716296625,-16.81597478703375
1,8917675823,dota2-pr1-nemiga-2026-07-28,2026-07-28T11:19:25.327000+00:00,23.997,0.12598425000000002,24.12298425
1,8918176547,dota2-pckcp-kw1-2026-07-28-game2,2026-07-28T16:37:04.197000+00:00,47.65860909999998,1.2721127379075,48.93072183790748
1,8919685210,dota2-amaru-nemiga-2026-07-29-game2,2026-07-29T16:34:50.427000+00:00,-2.1558006200000044,0.2843802420705,-1.8714203779295044
1,8921002620,dota2-lvlup1-z10-2026-07-30,2026-07-30T14:47:46.063000+00:00,46.75920000000002,4.60124424,51.36044424000002
1,8922016200,dota2-re-midas3-2026-07-31-game2,2026-07-31T07:39:14.850000+00:00,2.6499999999999986,0.13063349999999999,2.7806334999999986
1,8922186876,dota2-vg-amaru-2026-07-31,2026-07-31T10:40:33.810000+00:00,17.0,0.96987975,17.96987975
1,8922400300,dota2-enjoy-glyph-2026-07-31-game2,2026-07-31T13:24:39.311000+00:00,59.08819919999999,2.1512810676000003,61.239480267599994
1,8922722577,dota2-yb1-z10-2026-07-31-game2,2026-07-31T16:35:25.057000+00:00,-11.017200000000003,1.027491615,-9.989708385000002
1,8923506996,dota2-midas3-tr7-2026-08-01-game1,2026-08-01T05:43:01.223000+00:00,0.0,0.0,0.0
1,8923780137,dota2-re-playti-2026-08-01-game1,2026-08-01T10:09:39.721000+00:00,-6.964999999999986,1.230064125,-5.7349358749999855
1,8924057168,dota2-l1ga-lgd-2026-08-01-game1,2026-08-01T13:34:16.709000+00:00,0.6082000000000001,0.20887108499999998,0.817071085
1,8924468754,dota2-glyph-z10-2026-08-01-game2,2026-08-01T17:25:49.795000+00:00,41.363200000000006,2.56484346,43.928043460000005
1,8925308090,dota2-playti-xctn-2026-08-02-game2,2026-08-02T07:03:47.891000+00:00,0.0,0.0,0.0
1,8926022375,dota2-rnx-yb1-2026-08-02-game1,2026-08-02T15:09:53.856000+00:00,47.60849999999999,5.1575723325,52.766072332499995
1,8926636219,dota2-z10-lgd-2026-08-02-game2,2026-08-02T21:07:31.416000+00:00,-24.999799999999993,0.8343683249999999,-24.165431674999994
1,8927288399,dota2-xtreme-tr7-2026-08-03-game2,2026-08-03T11:00:48.642000+00:00,2.4000000000000057,0.23898000000000003,2.638980000000006
1,8927760296,dota2-vg-yb1-2026-08-03,2026-08-03T16:18:19.713000+00:00,1.0499999999999985,0.18751875,1.2375187499999984
1,8928851109,dota2-playti-tr7-2026-08-04-game1,2026-08-04T11:30:07.829000+00:00,0.0,0.0,0.0
1,8929365099,dota2-yb1-re-2026-08-04,2026-08-04T16:51:08.308000+00:00,7.6936182000000315,2.7571086729,10.45072687290003
1,8930615242,dota2-playti-yb1-2026-08-05-game2,2026-08-05T14:02:56.166000+00:00,154.99619999999993,2.159995995,157.15619599499993
1,8931981851,dota2-rearis-nh-2026-08-06-game1,2026-08-06T12:26:15.226000+00:00,21.119999999999976,0.8090279999999999,21.929027999999978
1,8932413808,dota2-nh-lvlup1-2026-08-06-game2,2026-08-06T16:23:29.211000+00:00,0.0,0.0,0.0
1,8933374169,dota2-nh-z10-2026-08-07-game1,2026-08-07T09:29:47.916000+00:00,-7.518000000000001,0.10576215,-7.41223785
1,8933879286,dota2-pr1-jenz-2026-08-07-game1,2026-08-07T15:25:51.002000+00:00,-46.48719999999998,1.13176662,-45.35543337999998
1,8936825643,dota2-pr1-yes-2026-08-09-game1,2026-08-09T09:22:32.992000+00:00,-26.638000000000012,2.13762711,-24.500372890000012
1,8937484593,dota2-ill-re-2026-08-09-game1,2026-08-09T15:55:00.679000+00:00,-0.4999999999999991,0.0317025,-0.4682974999999991
1,8938565057,dota2-pr1-mouz-2026-08-10-game2,2026-08-10T10:12:07.159000+00:00,3.384382720000006,0.46357566019199997,3.8479583801920056
1,8940059913,dota2-lvlup1-navi-2026-08-11-game1,2026-08-11T09:16:02.605000+00:00,44.90684660000001,1.6154340599399994,46.52228065994001
1,8940487898,dota2-mouz-re-2026-08-11,2026-08-11T14:25:06.999000+00:00,0.6840380000000046,0.12860392035,0.8126419203500046
1,8941733752,dota2-lvlup1-re-2026-08-12-game2,2026-08-12T10:35:42.245000+00:00,47.05869908999995,2.16972169970175,49.2284207897017
1,8942262723,dota2-navi-lvlup1-2026-08-12-game3,2026-08-12T15:53:47.795000+00:00,0.0,0.7650089250000002,0.7650089250000002
1,8962736746,dota2-ks-lynx-2026-08-24-game2,2026-08-24T11:33:18.452000+00:00,5.178539579999994,0.4095908886104999,5.588130468610493
1,8963790789,dota2-dynast1-fts-2026-08-24-game2,2026-08-24T20:20:45.642000+00:00,0.6541999999999994,0.119037435,0.7732374349999994
1,8964657335,dota2-fts-pckcp-2026-08-25-game1,2026-08-25T10:52:11.864000+00:00,-0.8599999999999994,0.07504575,-0.7849542499999994
1,8964938940,dota2-rearis-spirit1-2026-08-25-game1,2026-08-25T16:23:39.394000+00:00,1.9000000000000057,0.4039575,2.303957500000006
1,8970089224,dota2-rearis-sb5-2026-08-28-game2,2026-08-28T11:41:09.553000+00:00,0.9600000000000009,0.057456,1.0174560000000008
1,8970470057,dota2-synaps-nemiga-2026-08-28-game2,2026-08-28T15:09:53.245000+00:00,115.26710933000003,0.6552877848277499,115.92239711482777
1,8970886632,dota2-dynast1-pckcp-2026-08-28-game2,2026-08-28T18:51:22.084000+00:00,23.916417379999984,0.40866021478500003,24.325077594784986
1,8971423978,dota2-db2-satan-2026-08-28-game2,2026-08-29T03:20:55.120000+00:00,2.3999999999999986,0.05665499999999998,2.4566549999999987
1,8971664649,dota2-nem-6seven-2026-08-29,2026-08-29T07:24:10.704000+00:00,2.0250450599999965,0.3799944526455,2.4050395126454966
1,8971964803,dota2-mouz-yes-2026-08-29-game1,2026-08-29T11:13:49.271000+00:00,-26.539999999999992,3.2184464999999998,-23.321553499999993
1,8972289868,dota2-huliga-lynx-2026-08-29-game1,2026-08-29T14:15:10.550000+00:00,-28.732400680000012,2.294439387399,-26.437961292601013
1,8972893200,dota2-pi-lvlup1-2026-08-29-game2,2026-08-29T19:20:53.860000+00:00,-13.641586480000013,1.577783263968,-12.063803216032014
1,8973405568,dota2-icecre-xctn-2026-08-30-game2,2026-08-30T03:19:55.483000+00:00,-16.169904750000015,0.42991651216875,-15.739988237831264
1,8973613420,dota2-clo-yb1-2026-08-30,2026-08-30T07:04:46.677000+00:00,4.507323299999996,0.2190407610375,4.726364061037496
1,8973944033,dota2-lynx-lvlup1-2026-08-30,2026-08-30T10:50:43.696000+00:00,1.0,0.036719999999999996,1.03672
1,8975110449,dota2-dynast1-ks-2026-08-30-game2,2026-08-30T21:54:27.706000+00:00,-30.5283,2.3429080124999997,-28.1853919875
1,8976300473,dota2-4iki-ic-2026-08-31-game1,2026-08-31T16:25:39.940000+00:00,0.49116040000000005,0.0431897418,0.5343501418000001
1,8976751962,dota2-spirit1-pi-2026-08-31-game2,2026-08-31T21:40:17.685000+00:00,10.35995816000002,1.405821838488,11.76577999848802
1,8977913355,dota2-synaps-lvlup1-2026-09-01-game2,2026-09-01T16:37:59.217000+00:00,5.3426000000000045,0.183132375,5.525732375000004
1,8978986214,dota2-pr1-ic-2026-09-02,2026-09-02T12:20:55.440000+00:00,-10.752286099999992,1.0958255336025,-9.656460566397492
1,8980293569,dota2-z10-ks-2026-09-03-game1,2026-09-03T09:18:42.909000+00:00,-0.38000000000000345,0.1179315,-0.2620685000000035
1,8838170936,dota2-flc-liquid-2026-06-04-game2,2026-06-04T14:05:12.636000+00:00,-20.174216879999904,1.948628457162,-18.2255884228379
1,8839193447,dota2-flc-bb4-2026-06-05-game2,2026-06-05T10:38:10.594000+00:00,-7.789120890000078,2.72286790060575,-5.066252989394328
1,8839717574,dota2-flc-aur1-2026-06-05,2026-06-05T17:21:15.591000+00:00,-9.7484666,4.571343621666,-5.177122978334
1,8840984097,dota2-aur1-lgd-2026-06-06-game1,2026-06-06T15:05:33.978000+00:00,-12.558800000000133,2.6042681850000005,-9.954531815000133
1,8842245726,dota2-bb4-lgd-2026-06-07,2026-06-07T11:59:53.564000+00:00,36.66379999999999,2.3981185199999997,39.061918519999985
1,8842845018,dota2-ty-lgd-2026-06-07-game4,2026-06-07T18:51:58.999000+00:00,0.2414000000000005,0.019100775,0.2605007750000005
1,8843760302,dota2-vpp-balu-2026-06-08-game2,2026-06-08T13:42:26.324000+00:00,8.95999999999998,0.274848,9.23484799999998
1,8844308689,dota2-vpp-z10-2026-06-08,2026-06-08T20:50:38.757000+00:00,77.41919999999999,1.4777389799999998,78.89693897999999
1,8852055373,dota2-4iki-pr1-2026-06-14,2026-06-14T17:46:02.690000+00:00,0.0,0.0,0.0
1,8885252329,dota2-flc-bb4-2026-07-07-game2,2026-07-07T11:01:59.599000+00:00,-8.162699999999894,4.1747199525,-3.987980047499894
1,8885411801,dota2-lvlup1-aur1-2026-07-07-game1,2026-07-07T13:06:28.530000+00:00,-20.930399999999963,0.7336105199999998,-20.196789479999964
1,8885633666,dota2-ts8-mouz-2026-07-07-game1,2026-07-07T15:33:28.678000+00:00,6.268100000000018,4.2718982925,10.53999829250002
1,8885928262,dota2-ty-og-2026-07-07-game1,2026-07-07T19:03:44.444000+00:00,64.5746,0.6255634949999999,65.200163495
1,8886572854,dota2-gl-xtreme-2026-07-08-game1,2026-07-08T09:27:27.007000+00:00,-27.59129999999999,6.5333613674999995,-21.05793863249999
1,8886728756,dota2-l1ga-playti-2026-07-08-game1,2026-07-08T12:02:19.795000+00:00,-18.633799999999894,5.767832625,-12.865967374999894
1,8886862310,dota2-liquid-lvlup1-2026-07-08-game2,2026-07-08T13:37:25.898000+00:00,14.986200000000025,0.9640470149999999,15.950247015000025
1,8887197358,dota2-vg-pari-2026-07-08-game2,2026-07-08T17:23:00.102000+00:00,-15.338099999999997,0.9642707325,-14.373829267499998
1,8887325211,dota2-vp-1win-2026-07-08-game1,2026-07-08T18:51:24.334000+00:00,-36.61450859999994,1.7550197979749997,-34.859488802024934
1,8887998750,dota2-bb4-re-2026-07-09-game1,2026-07-09T09:29:32.198000+00:00,-2.8000000000000043,0.11324999999999999,-2.6867500000000044
1,8888160657,dota2-l1ga-aur1-2026-07-09-game1,2026-07-09T12:09:38.901000+00:00,11.878699999999991,0.5510763075,12.429776307499992
1,8888279558,dota2-playti-lvlup1-2026-07-09-game2,2026-07-09T13:33:23.111000+00:00,61.446500000000015,0.3825044625000001,61.829004462500016
1,8888489297,dota2-vg-ts8-2026-07-09-game1,2026-07-09T15:42:43.149000+00:00,0.0,0.0,0.0
1,8888682602,dota2-og-ic-2026-07-09-game1,2026-07-09T17:53:01.981000+00:00,-169.11974344000004,4.924104864972,-164.19563857502803
1,8888819433,dota2-lgd-1win-2026-07-09-game2,2026-07-09T19:41:02.532000+00:00,4.93827847999998,1.398528310818,6.336806790817979
1,8889524021,dota2-xtreme-bb4-2026-07-10-game2,2026-07-10T10:37:39.793000+00:00,-4.477599999999995,2.1593780999999996,-2.3182218999999957
1,8889699098,dota2-l1ga-liquid-2026-07-10-game2,2026-07-10T12:46:15.831000+00:00,0.0,0.0,0.0
1,8889944251,dota2-rnx-ts8-2026-07-10-game1,2026-07-10T15:15:29.857000+00:00,24.13809999999995,0.4383651375000001,24.57646513749995
1,8890179830,dota2-lgd-ty-2026-07-10-game1,2026-07-10T17:38:53.401000+00:00,32.63129999999995,1.2558331125000002,33.88713311249995
1,8891108843,dota2-poorra-re-2026-07-11-game1,2026-07-11T09:15:44.932000+00:00,38.334400000000045,2.43078132,40.765181320000046
1,8891240327,dota2-xtreme-flc-2026-07-11-game2,2026-07-11T11:01:14.698000+00:00,11.650900000000014,2.6279643525000003,14.278864352500015
1,8891438996,dota2-l1ga-lvlup1-2026-07-11-game2,2026-07-11T13:19:40.554000+00:00,34.423500000000026,2.6854256175,37.10892561750003
1,8892835652,dota2-rnx-nem-2026-07-12-game1,2026-07-12T09:19:01.546000+00:00,-15.507200000000012,2.2040151000000003,-13.303184900000012
1,8892958964,dota2-rnx-nem-2026-07-12-game2,2026-07-12T10:53:08.655000+00:00,-96.97350000000007,3.3324318825,-93.64106811750007
1,8893253595,dota2-og-vp-2026-07-12-game2,2026-07-12T13:56:28.498000+00:00,0.8894919799999954,0.355231285371,1.2447232653709954
1,8896267691,dota2-liquid-xtreme-2026-07-14-game2,2026-07-14T13:05:08.216000+00:00,-19.83442278000004,1.5234293982465,-18.31099338175354
1,8896731473,dota2-lgd-mouz-2026-07-14-game2,2026-07-14T18:02:11.857000+00:00,-7.792200000000037,1.0653885449999998,-6.726811455000037
1,8897696869,dota2-ts8-liquid-2026-07-15-game2,2026-07-15T12:54:25.976000+00:00,-1.5188238099999865,7.26584071964475,5.747016909644763
1,8898003442,dota2-bb4-lgd-2026-07-15-game1,2026-07-15T15:56:58.589000+00:00,-1.0,0.0912,-0.9088
1,8899120700,dota2-ty-ts8-2026-07-17-game2,2026-07-16T12:44:26.752000+00:00,-40.37116599999992,4.1918300595,-36.17933594049992
1,8900623530,dota2-flc-vg-2026-07-16-game2,2026-07-17T12:54:30.551000+00:00,11.822184550000003,1.3304477378737498,13.152632287873752
1,8902173969,dota2-bb4-vg-2026-07-18-game2,2026-07-18T12:21:15.910000+00:00,42.255713230000055,1.1402137821277498,43.39592701212781
1,8903705555,dota2-vg-ty-2026-07-19-game1,2026-07-19T10:24:33.152000+00:00,11.203399999999988,1.434203235,12.637603234999988
1,8904322271,dota2-bb4-pari-2026-07-19-game3,2026-07-19T16:52:33.960000+00:00,15.547238299999975,1.9986147450075,17.545853045007476
1,8905164476,dota2-stx-lynx-2026-07-20,2026-07-20T10:04:24.370000+00:00,4.612949999999998,0.44084355750000004,5.053793557499998
1,8905612460,dota2-z10-nemiga-2026-07-20-game2,2026-07-20T15:25:40.567000+00:00,12.328800000000001,1.1696948999999999,13.4984949
1,8906069414,dota2-lvlup1-ill-2026-07-20-game2,2026-07-20T20:59:36.536000+00:00,-9.66270000000003,2.5993044674999997,-7.06339553250003
1,8906706819,dota2-pckcp-stx-2026-07-21-game2,2026-07-21T11:28:10.072000+00:00,7.503399999999971,1.5569100449999997,9.060310044999971
1,8907114935,dota2-lynx-spirit1-2026-07-21,2026-07-21T15:55:17.448000+00:00,-0.8860000000000099,1.24450335,0.3585033499999901
1,8907942033,dota2-ill-dan-2026-07-22-game1,2026-07-22T07:18:07.776000+00:00,0.0,0.0,0.0
1,8908486051,dota2-stx-spirit1-2026-07-22-game2,2026-07-22T15:03:55.390000+00:00,23.334685929999978,0.73521406187025,24.069899991870226
1,8909388284,dota2-dan-z10-2026-07-23-game1,2026-07-23T07:17:23.633000+00:00,1.4000000000000004,0.009030000000000002,1.4090300000000004
1,8909780227,dota2-spirit1-pckcp-2026-07-23,2026-07-23T13:29:29.880000+00:00,-9.999999999999993,0.429499875,-9.570500124999993
1,8910461593,dota2-lvlup1-aion-2026-07-23-game2,2026-07-23T21:18:59.726000+00:00,-4.4517999999999995,0.18788671499999998,-4.263913284999999
1,8910982575,dota2-aion-dan-2026-07-24-game2,2026-07-24T08:39:31.809000+00:00,0.0,0.0,0.0
1,8912045230,dota2-nemiga-lvlup1-2026-07-24-game1,2026-07-24T21:05:49.488000+00:00,-36.712300000000084,4.6543108125,-32.057989187500084
1,8912758286,dota2-pckcp-jenz-2026-07-22-game1,2026-07-25T10:25:45.605000+00:00,-54.26769999999998,1.7954777025,-52.472222297499975
1,8913598312,dota2-lynx-kw1-2026-07-25-game1,2026-07-25T19:28:05.257000+00:00,-0.22160000000000135,0.9721698,0.7505697999999986
1,8914520562,dota2-nemiga-ill-2026-07-26-game2,2026-07-26T10:41:21.923000+00:00,-28.14719999999997,2.1989691000000002,-25.94823089999997
1,8915002841,dota2-kw1-rearis-2026-07-26-game1,2026-07-26T15:32:54.677000+00:00,-52.72414922999991,1.43267246069325,-51.29147676930666
1,8915498965,dota2-jenz-stx-2026-07-26,2026-07-26T20:57:43.107000+00:00,15.628,0.7399041,16.3679041
1,8916384577,dota2-stx-nemiga-2026-07-27-game2,2026-07-27T13:48:29.618000+00:00,48.05100000000006,8.287990785,56.33899078500006
1,8917738415,dota2-nh-pckcp-2026-07-28-game1,2026-07-28T12:16:10.015000+00:00,0.0,0.0,0.0
1,8919264561,dota2-rearis-z10-2026-07-29-game1,2026-07-29T12:23:03.580000+00:00,7.992965039999973,0.7614442168319999,8.754409256831973
1,8919803916,dota2-amaru-nemiga-2026-07-29,2026-07-29T18:02:17.532000+00:00,50.157660910000025,1.47053962338675,51.628200533386774
1,8921162227,dota2-amaru-pr1-2026-07-30-game1,2026-07-30T16:32:24.441000+00:00,28.20689999999999,1.0923122025,29.29921220249999
1,8922074642,dota2-vg-amaru-2026-07-31-game1,2026-07-31T08:46:41.467000+00:00,-62.46940000000001,0.8467155749999999,-61.62268442500001
1,8922211678,dota2-tr7-playti-2026-07-31-game2,2026-07-31T11:00:53.806000+00:00,7.709600000000023,1.4018055299999999,9.111405530000024
1,8922433138,dota2-l1ga-rnx-2026-07-31-game2,2026-07-31T13:42:06.325000+00:00,-53.132601739999984,1.4596960896495,-51.672905650350486
1,8922818221,dota2-xtreme-lgd-2026-07-31-game1,2026-07-31T17:51:24.199000+00:00,-53.29759999999999,3.9264383700000005,-49.37116162999999
1,8923579943,dota2-midas3-tr7-2026-08-01-game2,2026-08-01T07:02:32.143000+00:00,-105.50449999999998,2.0346753375,-103.46982466249997
1,8923790600,dota2-yes-vg-2026-08-01-game2,2026-08-01T10:14:11.317000+00:00,0.0,0.0,0.0
1,8924222714,dota2-l1ga-lgd-2026-08-01-game2,2026-08-01T15:02:43.462000+00:00,0.0,0.0,0.0
1,8924530036,dota2-rnx-xtreme-2026-08-01-game1,2026-08-01T18:06:50.164000+00:00,-7.699303670000006,2.5452345226882502,-5.1540691473117555
1,8925543582,dota2-yes-tr7-2026-08-02-game1,2026-08-02T10:44:16.945000+00:00,10.526399999999967,1.9223838,12.448783799999967
1,8926232913,dota2-rnx-yb1-2026-08-02-game2,2026-08-02T16:42:19.665000+00:00,60.29939999999982,5.502838005,65.80223800499982
1,8927063876,dota2-glyph-playti-2026-08-03-game2,2026-08-03T06:55:36.873000+00:00,6.0912582200000145,1.4121007166069999,7.503358936607015
1,8927380776,dota2-xtreme-tr7-2026-08-03,2026-08-03T12:15:30.661000+00:00,24.430497399999933,2.0370310960649998,26.467528496064933
1,8927926397,dota2-re-lgd-2026-08-03-game1,2026-08-03T18:09:03.381000+00:00,-0.09716820000000181,0.26918079263999994,0.17201259263999813
1,8928953683,dota2-playti-tr7-2026-08-04-game2,2026-08-04T12:46:11.879000+00:00,5.452891620000003,2.035556283939,7.488447903939003
1,8930200713,dota2-tr7-re-2026-08-05-game1,2026-08-05T08:20:38.811000+00:00,-4.300704190000019,1.60341806273025,-2.697286127269769
1,8930736914,dota2-playti-yb1-2026-08-05-game3,2026-08-05T15:09:49.519000+00:00,1.0348978800000026,0.374606984709,1.4095048647090027
1,8932085762,dota2-rearis-nh-2026-08-06-game2,2026-08-06T13:20:21.204000+00:00,-0.6385018800000042,0.090149058129,-0.5483528218710042
1,8932523868,dota2-nh-lvlup1-2026-08-06,2026-08-06T17:36:18.454000+00:00,-0.25,0.09373125,-0.15626875
1,8933453728,dota2-nh-z10-2026-08-07-game2,2026-08-07T10:40:19.376000+00:00,-0.9419999999999984,0.13280355,-0.8091964499999984
1,8933988979,dota2-pr1-jenz-2026-08-07-game2,2026-08-07T16:29:38.697000+00:00,17.404073019999974,2.0796398691015,19.483712889101472
1,8937080738,dota2-pr1-yes-2026-08-09,2026-08-09T12:20:23.208000+00:00,51.90762125000004,3.02646301265625,54.93408426265629
1,8937631882,dota2-ill-re-2026-08-09-game2,2026-08-09T17:12:21.447000+00:00,0.0,0.0,0.0
1,8938634026,dota2-pr1-mouz-2026-08-10,2026-08-10T11:15:54.851000+00:00,-19.204814979999938,1.907592683319,-17.29722229668094
1,8940117837,dota2-lvlup1-navi-2026-08-11-game2,2026-08-11T10:12:11.551000+00:00,-33.18274462999998,2.81860163498775,-30.36414299501223
1,8940643574,dota2-yes-z10-2026-08-11-game1,2026-08-11T15:45:57.067000+00:00,0.08119934999999945,0.029420787903750002,0.11062013790374944
1,8941817475,dota2-lvlup1-re-2026-08-12,2026-08-12T11:50:26.039000+00:00,8.507299999999987,1.8194206875,10.326720687499986
1,8962372120,dota2-ic-nemiga-2026-08-24-game1,2026-08-24T07:17:08.649000+00:00,0.0,0.0,0.0
1,8962964580,dota2-sb5-stx-2026-08-24-game1,2026-08-24T13:25:23.881000+00:00,1.2002772300000002,0.006391476249750001,1.20666870624975
1,8964399842,dota2-pckcp-nemiga-2026-08-25-game1,2026-08-25T07:22:10.248000+00:00,0.1200000000000001,0.022347,0.1423470000000001
1,8964837315,dota2-fts-pckcp-2026-08-25-game2,2026-08-25T12:34:06.314000+00:00,-95.98823118999998,2.67184657721025,-93.31638461278973
1,8965544741,dota2-rearis-spirit1-2026-08-25,2026-08-25T18:44:21.316000+00:00,-2.5389000000000976,3.0837981675,0.5448981674999023
1,8970207176,dota2-rearis-sb5-2026-08-28,2026-08-28T12:56:49.576000+00:00,0.6000000000000014,0.29123999999999994,0.8912400000000014
1,8970485789,dota2-dynast1-ic-2026-08-28-game2,2026-08-28T15:14:26.848000+00:00,-2.8146235500000003,0.19997662051875,-2.61464692948125
1,8971007454,dota2-ks-rearis-2026-08-28-game1,2026-08-28T20:11:41.712000+00:00,-6.459999999999997,0.2994585,-6.160541499999997
1,8971501630,dota2-nexus-cres-2026-08-28,2026-08-29T04:51:09.441000+00:00,1.661510999999999,0.0764261604,1.7379371603999991
1,8971753986,dota2-icecre-kineti-2026-08-29-game1,2026-08-29T08:38:12.829000+00:00,0.0,0.0,0.0
1,8971988345,dota2-sb5-lynx-2026-08-29-game1,2026-08-29T11:21:30.742000+00:00,-28.254880799999995,0.61874131392,-27.636139486079994
1,8972502454,dota2-huliga-lynx-2026-08-29-game2,2026-08-29T15:52:19.963000+00:00,-2.6900999999999997,0.007465027499999999,-2.6826349725
1,8973011673,dota2-pi-lvlup1-2026-08-29,2026-08-29T20:33:12.059000+00:00,-18.953600999999992,3.498794007,-15.454806992999991
1,8973462028,dota2-icecre-xctn-2026-08-30,2026-08-30T04:30:11.988000+00:00,-10.70692436000008,2.0732398755209998,-8.63368448447908
1,8973707438,dota2-lynx-lvlup1-2026-08-30-game1,2026-08-30T08:16:36.050000+00:00,0.0,0.0,0.0
1,8974185539,dota2-navi-mouz-2026-08-30-game2,2026-08-30T13:08:29.090000+00:00,215.58608192000003,6.978790659107999,222.56487257910803
1,8975871235,dota2-synaps-lynx-2026-08-31-game1,2026-08-31T12:26:44.788000+00:00,-12.384508419999985,1.506680308602,-10.877828111397985
1,8976441468,dota2-4iki-ic-2026-08-31-game2,2026-08-31T17:43:06.122000+00:00,2.9980000000000047,0.16112751,3.1591275100000047
1,8977325814,dota2-ks-pckcp-2026-09-01-game2,2026-09-01T10:26:27.059000+00:00,0.002430119999985436,0.18314315476199994,0.18557327476198537
1,8978023576,dota2-synaps-lvlup1-2026-09-01,2026-09-01T17:45:54.185000+00:00,-37.14378144000001,1.659384639888,-35.48439680011201
1,8979131280,dota2-dynast1-pckcp-2026-09-02-game1,2026-09-02T13:56:13.878000+00:00,0.0,0.0,0.0
1,8980358113,dota2-z10-ks-2026-09-03-game2,2026-09-03T10:27:20.250000+00:00,-6.601749880000007,0.38897801562900003,-6.212771864371007
2,8837869969,dota2-aur1-ty-2026-06-04-game1,2026-06-04T09:17:47.612000+00:00,35.28640000000004,3.8932689000000003,39.179668900000046
2,8838396820,dota2-lgd-ty-2026-06-04-game2,2026-06-04T16:48:28.531000+00:00,-0.8276022999999952,3.370935201957,2.5433329019570046
2,8839366504,dota2-lgd-liquid-2026-06-05-game2,2026-06-05T13:21:18.066000+00:00,-66.80000000000001,2.3179875,-64.48201250000001
2,8840635639,dota2-ty-bb4-2026-06-06-game1,2026-06-06T10:47:49.658000+00:00,4.984599059999994,0.8222017928145,5.806800852814494
2,8841114801,dota2-aur1-lgd-2026-06-06-game2,2026-06-06T16:30:29.855000+00:00,-36.18220076,2.153690171979,-34.028510588021
2,8842468101,dota2-ty-lgd-2026-06-07-game1,2026-06-07T14:21:40.854000+00:00,-95.70905523000002,1.4585274673102502,-94.25052776268977
2,8843465364,dota2-4iki-nande4-2026-06-08-game1,2026-06-08T09:15:08.776000+00:00,0.40000000000000036,0.059442,0.45944200000000035
2,8844054970,dota2-z10-sb5-2026-06-08-game2,2026-06-08T17:08:41.204000+00:00,57.442400000000006,0.43656534,57.87896534000001
2,8850534819,dota2-ill-pr1-2026-06-13-game2,2026-06-13T17:10:42.502000+00:00,-8.277109199999966,0.9350035475219999,-7.342105652477966
2,8854443395,dota2-fla-spirit1-2026-06-16-game1,2026-06-16T16:31:44.570000+00:00,-2.0,0.11019,-1.88981
2,8885275216,dota2-re-xtreme-2026-07-07-game2,2026-07-07T11:16:11.813000+00:00,-1.8985999999999876,2.610835395,0.7122353950000124
2,8885470551,dota2-l1ga-ngx-2026-07-07-game2,2026-07-07T13:39:34.570000+00:00,31.67701500000004,1.0362925143750001,32.71330751437504
2,8885665054,dota2-nem-pari-2026-07-07-game1,2026-07-07T15:41:38.548000+00:00,35.23169100000001,0.535615553925,35.76730655392501
2,8885974297,dota2-ic-1win-2026-07-07-game2,2026-07-07T19:32:14.446000+00:00,0.0,0.0,0.0
2,8886638110,dota2-poorra-bb4-2026-07-08-game2,2026-07-08T10:36:00.005000+00:00,0.7999999999999972,0.24358835999999995,1.043588359999997
2,8886736772,dota2-liquid-lvlup1-2026-07-08-game1,2026-07-08T12:08:59.488000+00:00,10.465200000000038,0.5711382899999999,11.036338290000039
2,8886994890,dota2-ts8-nem-2026-07-08-game1,2026-07-08T14:59:11.781000+00:00,-0.09999999999999964,0.0196425,-0.08035749999999964
2,8887218598,dota2-lgd-og-2026-07-08-game1,2026-07-08T17:27:41.870000+00:00,0.2599999999999998,0.0334425,0.2934424999999998
2,8887337672,dota2-ty-ic-2026-07-08-game2,2026-07-08T19:01:29.872000+00:00,3.409999999999968,0.66980925,4.079809249999968
2,8888056358,dota2-poorra-xtreme-2026-07-09-game2,2026-07-09T10:34:44.979000+00:00,-18.330500000000086,4.7204750475,-13.610024952500087
2,8888173515,dota2-playti-lvlup1-2026-07-09-game1,2026-07-09T12:20:27.216000+00:00,38.42099999999999,0.8506186649999999,39.27161866499999
2,8888318197,dota2-ngx-liquid-2026-07-09-game2,2026-07-09T14:04:08.888000+00:00,17.2833282,3.1374764054099997,20.420804605409998
2,8888555097,dota2-mouz-nem-2026-07-09-game2,2026-07-09T16:24:34.308000+00:00,-41.74049999999995,2.8677905024999997,-38.87270949749995
2,8888693655,dota2-vp-ty-2026-07-09-game1,2026-07-09T18:07:57.629000+00:00,0.0,0.5400014399999999,0.5400014399999999
2,8889452921,dota2-re-gl-2026-07-10-game1,2026-07-10T09:17:34.068000+00:00,65.45400000000001,1.9169840249999999,67.37098402500001
2,8889538949,dota2-re-gl-2026-07-10-game2,2026-07-10T10:40:57.402000+00:00,-70.33120000000002,3.11951742,-67.21168258000003
2,8889733840,dota2-aur1-playti-2026-07-10-game2,2026-07-10T13:14:22.837000+00:00,-116.4686000000001,4.0310238300000005,-112.4375761700001
2,8890008812,dota2-nem-vg-2026-07-10-game2,2026-07-10T15:49:04.827000+00:00,65.11199999999992,1.24387344,66.35587343999993
2,8890270555,dota2-1win-og-2026-07-10-game2,2026-07-10T18:36:26.467000+00:00,0.0,0.0,0.0
2,8891108985,dota2-bb4-gl-2026-07-11-game1,2026-07-11T09:17:06.187000+00:00,13.23539999999997,1.4012979749999999,14.63669797499997
2,8891325877,dota2-l1ga-lvlup1-2026-07-11-game1,2026-07-11T12:09:46.181000+00:00,-27.03020199999993,2.8126255612499995,-24.217576438749933
2,8891497910,dota2-aur1-liquid-2026-07-11-game2,2026-07-11T13:53:37.287000+00:00,2.3400000000000016,0.08203649999999998,2.4220365000000017
2,8892836635,dota2-pari-ts8-2026-07-12-game1,2026-07-12T09:26:06.808000+00:00,-19.932599999999937,6.9522121949999995,-12.980387804999937
2,8893070561,dota2-1win-ty-2026-07-12-game1,2026-07-12T12:14:45.162000+00:00,5.270400000000038,2.144904,7.415304000000038
2,8896139222,dota2-re-vp-2026-07-14-game1,2026-07-14T11:15:10.363000+00:00,8.258800000000015,2.54517327,10.803973270000014
2,8896380183,dota2-re-vp-2026-07-14,2026-07-14T14:02:34.965000+00:00,-89.82140000000007,2.4737335500000004,-87.34766645000006
2,8897585705,dota2-aur1-re-2026-07-15-game1,2026-07-15T11:19:40.513000+00:00,-6.914405919999979,0.666303113784,-6.248102806215979
2,8897831774,dota2-ts8-liquid-2026-07-15,2026-07-15T14:13:24.528000+00:00,15.374786280000023,1.335026411001,16.709812691001023
2,8898084910,dota2-1win-vg-2026-07-15,2026-07-15T16:49:08.935000+00:00,9.293799999999973,3.1577976300000006,12.451597629999974
2,8899307453,dota2-pari-re-2026-07-17-game1,2026-07-16T14:36:23.407000+00:00,-0.5999999999999996,0.03852,-0.5614799999999996
2,8900771154,dota2-ngx-bb4-2026-07-16-game1,2026-07-17T14:28:08.196000+00:00,3.042400000000015,0.42760932,3.470009320000015
2,8902338515,dota2-ty-pari-2026-07-18-game1,2026-07-18T14:06:38.308000+00:00,6.248999420000018,2.3414024227815,8.590401842781517
2,8903789784,dota2-vg-ty-2026-07-19-game2,2026-07-19T11:31:19.185000+00:00,2.25,0.06665624999999999,2.31665625
2,8904419709,dota2-bb4-pari-2026-07-19-game4,2026-07-19T18:05:14.511000+00:00,6.967500000000012,1.2333339375,8.200833937500011
2,8905233934,dota2-lynx-pckcp-2026-07-20-game1,2026-07-20T11:15:17.947000+00:00,37.69860632000001,1.065145057668,38.76375137766801
2,8905741721,dota2-spirit1-jenz-2026-07-20-game1,2026-07-20T16:55:30.580000+00:00,5.084699999999998,1.8377376975000002,6.922437697499998
2,8906479441,dota2-nemiga-dan-2026-07-21-game1,2026-07-21T07:24:02.590000+00:00,24.00061237,1.02419627985225,25.02480864985225
2,8906814740,dota2-pckcp-stx-2026-07-21,2026-07-21T12:50:32.182000+00:00,-10.342099999999967,1.0320482325,-9.310051767499967
2,8907236730,dota2-jenz-lynx-2026-07-21-game1,2026-07-21T17:22:36.365000+00:00,0.0,0.0,0.0
2,8907997366,dota2-ill-dan-2026-07-22-game2,2026-07-22T08:30:21.640000+00:00,13.303999999999984,0.7309843199999999,14.034984319999984
2,8908612824,dota2-stx-spirit1-2026-07-22,2026-07-22T16:27:56.948000+00:00,9.139262289999989,1.04852149782075,10.187783787820738
2,8909443684,dota2-dan-z10-2026-07-23-game2,2026-07-23T08:24:14.078000+00:00,19.565099999999973,2.4373223325,22.00242233249997
2,8910104556,dota2-jenz-kw1-2026-07-23-game2,2026-07-23T16:47:57.620000+00:00,-0.08809999999999718,0.4271949525,0.3390949525000028
2,8910535715,dota2-lvlup1-aion-2026-07-23,2026-07-23T22:37:28.157000+00:00,0.24325208000000087,0.031705082207999995,0.27495716220800087
2,8911277378,dota2-kw1-stx-2026-07-24-game2,2026-07-24T13:08:23.857000+00:00,-10.3205064,1.8386033679,-8.4819030321
2,8912123729,dota2-nemiga-lvlup1-2026-07-24-game2,2026-07-24T22:15:39.296000+00:00,0.0,0.0,0.0
2,8912831712,dota2-pckcp-jenz-2026-07-22-game2,2026-07-25T11:23:26.682000+00:00,-11.653300000000009,1.9139013825,-9.739398617500008
2,8913726962,dota2-lynx-kw1-2026-07-25-game2,2026-07-25T20:57:15.562000+00:00,-33.77759999999998,1.8700015950000002,-31.907598404999977
2,8914637220,dota2-nemiga-ill-2026-07-26,2026-07-26T12:04:18.708000+00:00,78.75059999999996,2.024727885,80.77532788499997
2,8915137972,dota2-kw1-rearis-2026-07-26-game2,2026-07-26T16:47:26.165000+00:00,0.3000000000000007,0.024412499999999993,0.3244125000000007
2,8916041863,dota2-lvlup1-pckcp-2026-07-27-game1,2026-07-27T09:21:33.291000+00:00,1.7598000000000003,0.03708778499999999,1.7968877850000002
2,8916474664,dota2-stx-nemiga-2026-07-27,2026-07-27T14:44:54.132000+00:00,-12.765999999999963,2.3773483499999997,-10.388651649999963
2,8917853656,dota2-nh-pckcp-2026-07-28-game2,2026-07-28T13:23:44.955000+00:00,-4.1482339200000276,1.353491440536,-2.794742479464028
2,8919404744,dota2-rearis-z10-2026-07-29-game2,2026-07-29T13:48:28.368000+00:00,1.7136992600000056,0.3373478445585,2.0510471045585055
2,8920655724,dota2-pckcp-z10-2026-07-30-game2,2026-07-30T10:32:16.617000+00:00,0.0,0.0,0.0
2,8921281044,dota2-amaru-pr1-2026-07-30-game2,2026-07-30T17:34:28.519000+00:00,0.0,0.0,0.0
2,8922137329,dota2-vg-amaru-2026-07-31-game2,2026-07-31T09:48:16.177000+00:00,0.3000000000000007,0.0291825,0.3291825000000007
2,8922300474,dota2-enjoy-glyph-2026-07-31-game1,2026-07-31T12:14:29.331000+00:00,-15.81545041999999,2.5028869813230004,-13.31256343867699
2,8922552315,dota2-l1ga-rnx-2026-07-31,2026-07-31T14:55:23.609000+00:00,2.070449000000025,1.9326815518499998,4.003130551850025
2,8922940920,dota2-xtreme-lgd-2026-07-31-game2,2026-07-31T19:09:48.720000+00:00,-5.201000500000003,0.17549474737499998,-5.025505752625003
2,8923643650,dota2-midas3-tr7-2026-08-01,2026-08-01T08:08:01.087000+00:00,-15.7894,2.75919765,-13.03020235
2,8923874259,dota2-re-playti-2026-08-01-game2,2026-08-01T11:26:12.956000+00:00,2.0118999999999994,0.5278538175,2.5397538174999994
2,8924328537,dota2-glyph-z10-2026-08-01-game1,2026-08-01T15:59:42.950000+00:00,-13.100899999999982,3.0796022025,-10.021297797499981
2,8924616191,dota2-rnx-xtreme-2026-08-01-game2,2026-08-01T19:06:22.446000+00:00,78.4341,1.9490296575,80.3831296575
2,8925703946,dota2-yes-tr7-2026-08-02-game2,2026-08-02T11:58:57.158000+00:00,0.0,0.0,0.0
2,8926381426,dota2-rnx-yb1-2026-08-02,2026-08-02T18:14:10.009000+00:00,0.4706000000000081,0.7126541249999999,1.183254125000008
2,8927132943,dota2-glyph-playti-2026-08-03,2026-08-03T08:27:35.152000+00:00,-19.86504443999999,1.823833186488,-18.041211253511992
2,8927539264,dota2-vg-yb1-2026-08-03-game1,2026-08-03T14:05:56.825000+00:00,122.53660000000002,0.9613573950000001,123.49795739500001
2,8928050264,dota2-re-lgd-2026-08-03-game2,2026-08-03T19:19:18.313000+00:00,2.93419999999999,1.4531639699999999,4.38736396999999
2,8929124210,dota2-yb1-re-2026-08-04-game1,2026-08-04T14:38:55.576000+00:00,1.651756480000003,0.607615734648,2.2593722146480033
2,8930258778,dota2-tr7-re-2026-08-05-game2,2026-08-05T09:25:42.941000+00:00,35.3,3.9994997400000005,39.299499739999995
2,8931781241,dota2-lvlup1-rearis-2026-08-06-game1,2026-08-06T09:28:03.156000+00:00,-5.626400449999998,0.09260131267125,-5.5337991373287485
2,8932181345,dota2-rearis-nh-2026-08-06,2026-08-06T14:22:22.478000+00:00,1.4210854715202004e-14,0.26596674,0.2659667400000142
2,8932657929,dota2-ill-pr1-2026-08-06-game1,2026-08-06T19:12:10.345000+00:00,-32.60450474000004,1.0806970647854999,-31.523807675214538
2,8933575351,dota2-ill-stx-2026-08-07-game1,2026-08-07T12:33:02.695000+00:00,-96.49719999999996,2.560460145,-93.93673985499997
2,8934184387,dota2-jenz-nemiga-2026-08-07-game1,2026-08-07T18:35:03.983000+00:00,0.0,0.0,0.0
2,8937188618,dota2-lvlup1-mouz-2026-08-09-game1,2026-08-09T13:17:49.636000+00:00,-29.69779999999995,1.4933745150000002,-28.204425484999952
2,8937722788,dota2-z10-navi-2026-08-09-game1,2026-08-09T18:17:16.930000+00:00,-1.5846999999999998,0.0573540375,-1.5273459624999999
2,8938716198,dota2-ill-z10-2026-08-10-game1,2026-08-10T12:25:50.383000+00:00,23.72917211999995,2.2564076220959994,25.98557974209595
2,8940266495,dota2-mouz-re-2026-08-11-game1,2026-08-11T12:16:13.042000+00:00,21.833249999999964,2.1263571787499997,23.959607178749962
2,8940756672,dota2-yes-z10-2026-08-11-game2,2026-08-11T16:48:25.758000+00:00,-33.568001760000016,1.3906056261720001,-32.17739613382802
2,8942003788,dota2-navi-lvlup1-2026-08-12-game1,2026-08-12T13:42:36.457000+00:00,8.413900000000012,0.9995183399999998,9.413418340000012
2,8962458373,dota2-ic-nemiga-2026-08-24-game2,2026-08-24T08:26:45.454000+00:00,0.12236604000000018,0.045079725008999996,0.16744576500900016
2,8963508714,dota2-rearis-lynx-2026-08-24-game2,2026-08-24T17:37:20.349000+00:00,-8.653826560000006,0.932305325148,-7.7215212348520055
2,8964480771,dota2-pckcp-nemiga-2026-08-25-game2,2026-08-25T08:31:41.723000+00:00,-42.884199999999964,3.605632725,-39.278567274999965
2,8964962329,dota2-ic-fts-2026-08-25-game1,2026-08-25T13:50:36.471000+00:00,43.49952767000002,0.82134864529875,44.32087631529877
2,8969842778,dota2-pckcp-ic-2026-08-28-game2,2026-08-28T08:21:21.985000+00:00,2.3858143799999993,1.886129041761,4.271943421761
2,8970338180,dota2-synaps-nemiga-2026-08-28-game1,2026-08-28T14:09:13.367000+00:00,27.62999482999996,1.87165600972425,29.50165083972421
2,8970575970,dota2-synaps-nemiga-2026-08-28,2026-08-28T16:02:11.965000+00:00,0.0,0.0,0.0
2,8971016820,dota2-fts-nemiga-2026-08-28-game1,2026-08-28T20:17:43.711000+00:00,0.0,0.0,0.0
2,8971519375,dota2-nem-6seven-2026-08-29-game1,2026-08-29T05:14:15.579000+00:00,49.88210040000001,1.3005936800100002,51.182694080010016
2,8971849697,dota2-icecre-kineti-2026-08-29-game2,2026-08-29T09:43:14.699000+00:00,0.0,0.0,0.0
2,8972103119,dota2-sb5-lynx-2026-08-29-game2,2026-08-29T12:31:54.536000+00:00,-2.9912000000000027,0.2003286,-2.7908714000000026
2,8972611918,dota2-huliga-lynx-2026-08-29,2026-08-29T16:49:36.587000+00:00,0.15000000000000036,0.01831125,0.16831125000000036
2,8973010298,dota2-ks-spirit1-2026-08-29-game1,2026-08-29T20:38:42.759000+00:00,0.0,0.0,0.0
2,8973502629,dota2-clo-yb1-2026-08-30-game1,2026-08-30T05:13:07.837000+00:00,2.200000000000001,0.06519,2.265190000000001
2,8973859403,dota2-lynx-lvlup1-2026-08-30-game2,2026-08-30T09:56:31.353000+00:00,4.903199999999998,0.47328682499999997,5.376486824999998
2,8974647733,dota2-lvlup1-pr1-2026-08-30-game1,2026-08-30T17:09:16.077000+00:00,1.5776324100000085,0.7625938090717499,2.3402262190717584
2,8976012755,dota2-synaps-lynx-2026-08-31-game2,2026-08-31T13:41:35.303000+00:00,-25.34165000000003,1.4974463399999998,-23.84420366000003
2,8976511215,dota2-4iki-ic-2026-08-31,2026-08-31T18:29:54.020000+00:00,3.7473319000000025,0.1771529938725,3.9244848938725023
2,8977476867,dota2-ic-lynx-2026-09-01-game1,2026-09-01T12:26:04.131000+00:00,59.557800000000015,2.27435085,61.83215085000001
2,8978832148,dota2-pr1-ic-2026-09-02-game1,2026-09-02T09:52:32.767000+00:00,63.409850949999935,1.19687599216125,64.60672694216119
2,8979241530,dota2-dynast1-pckcp-2026-09-02-game2,2026-09-02T14:56:18.245000+00:00,7.4079737499999965,0.8194400534062498,8.227413803406247
2,8980463789,dota2-pckcp-spirit1-2026-09-03-game1,2026-09-03T12:14:02.762000+00:00,12.631413039999984,0.6663804099839999,13.297793449983985
2,8837957019,dota2-aur1-ty-2026-06-04-game2,2026-06-04T11:05:49.570000+00:00,-77.6148,4.54688871,-73.06791129
2,8838480778,dota2-lgd-ty-2026-06-04,2026-06-04T17:57:47.377000+00:00,-8.279600980000001,0.3562789754055,-7.923322004594501
2,8839494962,dota2-flc-aur1-2026-06-05-game1,2026-06-05T14:52:18.684000+00:00,24.193500000000085,1.6573757175,25.850875717500085
2,8840704374,dota2-ty-bb4-2026-06-06-game2,2026-06-06T11:51:44.485000+00:00,-38.13169999999991,10.3819523625,-27.749747637499908
2,8842052142,dota2-bb4-lgd-2026-06-07-game1,2026-06-07T09:18:04.694000+00:00,0.0,2.25,2.25
2,8842596730,dota2-ty-lgd-2026-06-07-game2,2026-06-07T15:49:20.066000+00:00,-16.66679999999991,1.3100104799999999,-15.35678951999991
2,8843512570,dota2-4iki-nande4-2026-06-08-game2,2026-06-08T10:09:45.609000+00:00,-49.23550149,1.36930356337425,-47.866197926625745
2,8844132483,dota2-vpp-z10-2026-06-08-game1,2026-06-08T18:23:01.210000+00:00,0.0,0.0,0.0
2,8850593633,dota2-ill-pr1-2026-06-13,2026-06-13T18:00:57.551000+00:00,0.0,0.0,0.0
2,8885183102,dota2-flc-bb4-2026-07-07-game1,2026-07-07T09:47:24.433000+00:00,-37.49706249999994,1.3584330703125,-36.13862942968744
2,8885365825,dota2-l1ga-ngx-2026-07-07-game1,2026-07-07T12:34:49.112000+00:00,0.0,0.0,0.0
2,8885473599,dota2-liquid-playti-2026-07-07-game2,2026-07-07T13:52:27.923000+00:00,24.02163097999994,4.571090760466499,28.59272174046644
2,8885784652,dota2-ts8-mouz-2026-07-07-game2,2026-07-07T17:16:32.961000+00:00,-27.687599999999975,4.48979193,-23.197808069999976
2,8886005043,dota2-ty-og-2026-07-07-game2,2026-07-07T20:03:05.981000+00:00,0.0,0.0,0.0
2,8886640910,dota2-flc-re-2026-07-08-game2,2026-07-08T10:39:41.623000+00:00,36.68893306999999,0.8987377467577498,37.58767081675774
2,8886788497,dota2-ngx-aur1-2026-07-08-game1,2026-07-08T12:47:30.744000+00:00,8.185920359999969,0.45601738652999996,8.641937746529969
2,8887100676,dota2-vg-pari-2026-07-08-game1,2026-07-08T16:18:23.954000+00:00,2.3195240000000297,0.34498574880000005,2.6645097488000298
2,8887260104,dota2-ty-ic-2026-07-08-game1,2026-07-08T17:58:24.214000+00:00,0.0,0.0,0.0
2,8887432754,dota2-vp-1win-2026-07-08-game2,2026-07-08T20:20:02.742000+00:00,49.2876,0.32750876999999995,49.61510877
2,8888066684,dota2-bb4-re-2026-07-09-game2,2026-07-09T10:43:25.275000+00:00,0.0,0.0,0.0
2,8888217771,dota2-ngx-liquid-2026-07-09-game1,2026-07-09T12:52:14.212000+00:00,13.847777600000015,1.5407278592399998,15.388505459240015
2,8888405761,dota2-mouz-nem-2026-07-09-game1,2026-07-09T14:48:45.816000+00:00,0.0,0.0,0.0
2,8888554919,dota2-rnx-pari-2026-07-09-game2,2026-07-09T16:26:10.054000+00:00,0.0,0.0,0.0
2,8888731478,dota2-lgd-1win-2026-07-09-game1,2026-07-09T18:35:20.326000+00:00,18.17370305999995,1.8139094283345,19.987612488334452
2,8889468264,dota2-xtreme-bb4-2026-07-10-game1,2026-07-10T09:26:30.741000+00:00,-0.3933,1.4149314675,1.0216314675
2,8889615310,dota2-l1ga-liquid-2026-07-10-game1,2026-07-10T11:48:20.990000+00:00,10.476987239999957,0.850607687646,11.327594927645958
2,8889871314,dota2-nem-vg-2026-07-10-game1,2026-07-10T14:27:52.631000+00:00,12.338420179999993,1.0250397574065,13.363459937406493
2,8890036748,dota2-pari-mouz-2026-07-10-game2,2026-07-10T16:15:07.698000+00:00,0.0,0.0,0.0
2,8890268632,dota2-lgd-ty-2026-07-10-game2,2026-07-10T18:43:14.663000+00:00,-4.627200000000016,1.1844100050000002,-3.442789995000016
2,8891145641,dota2-xtreme-flc-2026-07-11-game1,2026-07-11T09:30:07.111000+00:00,0.0,0.0,0.0
2,8891349244,dota2-playti-ngx-2026-07-11-game1,2026-07-11T12:27:52.369000+00:00,34.21530000000001,5.0792880375,39.29458803750001
2,8891519142,dota2-playti-ngx-2026-07-11-game2,2026-07-11T14:08:43.754000+00:00,-55.497899999999966,1.8506899575,-53.647210042499964
2,8892923329,dota2-mouz-vg-2026-07-12-game2,2026-07-12T10:25:59.512000+00:00,-9.21150102000001,2.6719504992105,-6.539550520789511
2,8893106015,dota2-og-vp-2026-07-12-game1,2026-07-12T12:36:42.440000+00:00,0.38999999999998636,1.43772588,1.8277258799999863
2,8896140998,dota2-liquid-xtreme-2026-07-14-game1,2026-07-14T11:24:31.795000+00:00,-38.357355520000084,3.3947445907320004,-34.96261092926808
2,8896486914,dota2-liquid-xtreme-2026-07-14,2026-07-14T15:13:00.049000+00:00,-10.473999999999998,1.9700181300000001,-8.503981869999999
2,8897588873,dota2-ts8-liquid-2026-07-15-game1,2026-07-15T11:25:30.473000+00:00,-60.815300000000036,5.7267914775,-55.088508522500035
2,8897841991,dota2-1win-vg-2026-07-15-game1,2026-07-15T14:22:22.284000+00:00,0.0,1.0349989649999998,1.0349989649999998
2,8898117600,dota2-bb4-lgd-2026-07-15-game2,2026-07-15T17:15:52.403000+00:00,55.953173349999986,1.23469613191125,57.187869481911235
2,8899420575,dota2-pari-re-2026-07-17-game2,2026-07-16T15:46:28.167000+00:00,-14.814799999999991,0.9194435249999997,-13.895356474999991
2,8900882416,dota2-ngx-bb4-2026-07-16-game2,2026-07-17T15:33:10.588000+00:00,0.0,0.0,0.0
2,8902431810,dota2-ty-pari-2026-07-18-game2,2026-07-18T15:09:37.865000+00:00,32.41236299999997,4.590454631249999,37.00281763124997
2,8904012666,dota2-bb4-pari-2026-07-19-game1,2026-07-19T13:57:51.853000+00:00,63.64760000000001,1.14295755,64.79055755000002
2,8905035315,dota2-stx-lynx-2026-07-20-game1,2026-07-20T07:25:19.610000+00:00,0.13000000000000078,0.04133025,0.1713302500000008
2,8905359313,dota2-lynx-pckcp-2026-07-20-game2,2026-07-20T12:49:30.119000+00:00,-10.099999999999973,1.0592595,-9.040740499999973
2,8905885788,dota2-spirit1-jenz-2026-07-20-game2,2026-07-20T18:35:45.253000+00:00,3.278500000000003,0.08648768249999998,3.364987682500003
2,8906547471,dota2-nemiga-dan-2026-07-21-game2,2026-07-21T08:48:51.736000+00:00,32.118499999999976,1.4505586874999998,33.569058687499975
2,8906911697,dota2-lynx-spirit1-2026-07-21-game1,2026-07-21T14:01:22.509000+00:00,-0.1299999999999999,0.04616625,-0.0838337499999999
2,8907319204,dota2-jenz-lynx-2026-07-21-game2,2026-07-21T18:19:16.673000+00:00,-61.52205595000001,1.28232542793375,-60.23973052206626
2,8908178087,dota2-nemiga-aion-2026-07-22-game2,2026-07-22T11:35:02.272000+00:00,-0.3199999999999994,0.01842,-0.3015799999999994
2,8908710300,dota2-z10-lvlup1-2026-07-22-game1,2026-07-22T17:40:32.974000+00:00,-53.70120000000003,3.9539712299999996,-49.74722877000003
2,8909498494,dota2-dan-z10-2026-07-23,2026-07-23T09:35:42.112000+00:00,-1.8779999999999966,0.13052601,-1.7474739899999965
2,8910216725,dota2-jenz-kw1-2026-07-23,2026-07-23T18:09:02.529000+00:00,4.611200000000025,1.1984029200000001,5.809602920000025
2,8910589445,dota2-nemiga-ill-2026-07-23-game1,2026-07-23T23:33:41.369000+00:00,14.109200000000012,4.01940867,18.128608670000013
2,8911784562,dota2-z10-ill-2026-07-24-game1,2026-07-24T18:00:21.302000+00:00,-0.5,1.1541225,0.6541224999999999
2,8912551235,dota2-ill-aion-2026-07-25-game1,2026-07-25T07:19:52.253000+00:00,0.0,0.0,0.0
2,8912974141,dota2-pckcp-jenz-2026-07-22,2026-07-25T13:02:19.241000+00:00,-23.789027710000028,2.24246501485275,-21.546562695147276
2,8913824141,dota2-lynx-kw1-2026-07-25,2026-07-25T22:21:39.642000+00:00,-16.68080000000007,6.33730806,-10.343491940000069
2,8914749408,dota2-rearis-pckcp-2026-07-26-game1,2026-07-26T13:19:34.036000+00:00,12.279672200000034,1.11905646345,13.398728663450035
2,8915271266,dota2-jenz-stx-2026-07-26-game1,2026-07-26T18:26:53.337000+00:00,6.687899999999999,0.2589889275,6.946888927499999
2,8916102349,dota2-lvlup1-pckcp-2026-07-27-game2,2026-07-27T10:12:46.876000+00:00,3.5,1.01845125,4.51845125
2,8917611319,dota2-pr1-nemiga-2026-07-28-game2,2026-07-28T10:17:02.190000+00:00,18.36850000000001,0.5025637125,18.87106371250001
2,8918052500,dota2-pckcp-kw1-2026-07-28-game1,2026-07-28T15:24:46.769000+00:00,21.428500000000042,1.2776743124999999,22.706174312500043
2,8919546613,dota2-amaru-nemiga-2026-07-29-game1,2026-07-29T15:15:30.082000+00:00,0.0,0.0,0.0
2,8920897425,dota2-lvlup1-z10-2026-07-30-game2,2026-07-30T13:37:44.606000+00:00,-83.12039999999996,4.3495292249999995,-78.77087077499996
2,8921949036,dota2-re-midas3-2026-07-31-game1,2026-07-31T06:23:42.906000+00:00,-14.52819999999998,1.4772825900000002,-13.05091740999998
2,8922133239,dota2-tr7-playti-2026-07-31-game1,2026-07-31T09:57:34.446000+00:00,-10.47388369999993,2.3784390297374998,-8.095444670262431
2,8922339160,dota2-l1ga-rnx-2026-07-31-game1,2026-07-31T12:44:09.822000+00:00,13.248000000000005,3.0673509,16.315350900000006
2,8922602122,dota2-yb1-z10-2026-07-31-game1,2026-07-31T15:28:08.646000+00:00,-3.8200000000000216,1.2263535,-2.5936465000000215
2,8923040358,dota2-xtreme-lgd-2026-07-31,2026-07-31T20:28:40.570000+00:00,-12.986099999999993,1.7304496875000002,-11.255650312499993
2,8923704450,dota2-yes-vg-2026-08-01-game1,2026-08-01T09:01:56.739000+00:00,0.0,1.4400115199999999,1.4400115199999999
2,8923899787,dota2-enjoy-yb1-2026-08-01-game1,2026-08-01T11:45:49.553000+00:00,-32.000000000000014,0.64089,-31.359110000000015
2,8924367779,dota2-l1ga-lgd-2026-08-01,2026-08-01T16:23:12.450000+00:00,-48.72174885999999,0.9561742240890001,-47.765574635910994
2,8925210898,dota2-playti-xctn-2026-08-02-game1,2026-08-02T05:28:20.542000+00:00,0.0,0.0,0.0
2,8925847726,dota2-yes-tr7-2026-08-02,2026-08-02T13:17:43.701000+00:00,10.020199999999965,1.042991775,11.063191774999964
2,8926523280,dota2-z10-lgd-2026-08-02-game1,2026-08-02T19:59:32.068000+00:00,0.0,0.0,0.0
2,8927207054,dota2-xtreme-tr7-2026-08-03-game1,2026-08-03T10:00:05.212000+00:00,15.635399999999969,1.578327975,17.21372797499997
2,8927660975,dota2-vg-yb1-2026-08-03-game2,2026-08-03T15:05:20.968000+00:00,10.224799999999988,0.8035452,11.028345199999988
2,8928163118,dota2-re-lgd-2026-08-03,2026-08-03T20:43:38.722000+00:00,-50.28910000000002,3.0529433025,-47.23615669750002
2,8929276426,dota2-yb1-re-2026-08-04-game2,2026-08-04T15:54:25.550000+00:00,0.9999994300000001,0.00442499747775,1.00442442747775
2,8930398938,dota2-playti-yb1-2026-08-05-game1,2026-08-05T12:24:04.133000+00:00,10.028798999999992,5.75548385745,15.784282857449991
2,8931852727,dota2-lvlup1-rearis-2026-08-06-game2,2026-08-06T10:30:33.624000+00:00,-2.461846590000034,0.67152575546325,-1.790320834536784
2,8932318084,dota2-nh-lvlup1-2026-08-06-game1,2026-08-06T15:34:15.395000+00:00,-0.6999999999999993,0.032182499999999996,-0.6678174999999993
2,8932835800,dota2-ill-pr1-2026-08-06,2026-08-06T21:22:55.783000+00:00,-29.635800660000022,2.499893861931,-27.135906798069023
2,8933704579,dota2-ill-stx-2026-08-07-game2,2026-08-07T13:44:43.178000+00:00,-6.269999999999996,0.5859315,-5.684068499999996
2,8934279386,dota2-jenz-nemiga-2026-08-07-game2,2026-08-07T19:33:30.612000+00:00,0.0,0.0,0.0
2,8937335830,dota2-lvlup1-mouz-2026-08-09-game2,2026-08-09T14:27:35.299000+00:00,-12.010999999999925,2.3671767,-9.643823299999925
2,8938509987,dota2-pr1-mouz-2026-08-10-game1,2026-08-10T09:24:47.767000+00:00,-1.2000000000000028,0.108675,-1.0913250000000028
2,8939023869,dota2-yes-lvlup1-2026-08-10-game1,2026-08-10T15:24:37.289000+00:00,30.0,1.7414999999999998,31.7415
2,8940365227,dota2-mouz-re-2026-08-11-game2,2026-08-11T13:12:04.281000+00:00,-7.614899999999999,0.7364162775,-6.878483722499999
2,8941656460,dota2-lvlup1-re-2026-08-12-game1,2026-08-12T09:19:34.658000+00:00,40.376799999999974,2.29014318,42.666943179999976
2,8942152024,dota2-navi-lvlup1-2026-08-12-game2,2026-08-12T14:50:30.897000+00:00,1.342543219999996,0.10915556033699997,1.451698780336996
2,8962592819,dota2-ks-lynx-2026-08-24-game1,2026-08-24T10:19:27.562000+00:00,-31.028054519999984,1.6603029530729998,-29.367751566926984
2,8963649188,dota2-dynast1-fts-2026-08-24-game1,2026-08-24T19:15:00.848000+00:00,80.977,1.0047313949999999,81.981731395
2,8964574076,dota2-pckcp-nemiga-2026-08-25,2026-08-25T09:52:05.670000+00:00,-0.5999999999999996,1.651365,1.0513650000000003
2,8965097316,dota2-ic-fts-2026-08-25-game2,2026-08-25T14:41:01.046000+00:00,-9.200000000000017,0.48333000000000004,-8.716670000000017
2,8969978865,dota2-rearis-sb5-2026-08-28-game1,2026-08-28T10:27:01.322000+00:00,-5.836299999999994,0.22388499749999996,-5.612415002499994
2,8970352005,dota2-dynast1-ic-2026-08-28-game1,2026-08-28T14:10:35.964000+00:00,1.4190000000000005,0.17322442500000002,1.5922244250000004
2,8970655100,dota2-dynast1-ic-2026-08-28,2026-08-28T16:43:34.585000+00:00,0.0,0.0,0.0
2,8971111987,dota2-ks-rearis-2026-08-28-game2,2026-08-28T21:24:47.695000+00:00,-1.4110161999999944,0.303266758275,-1.1077494417249945
2,8971586781,dota2-nem-6seven-2026-08-29-game2,2026-08-29T06:13:46.689000+00:00,-1.5,0.0914175,-1.4085825
2,8971891627,dota2-dynast1-nemiga-2026-08-29-game1,2026-08-29T10:17:49.464000+00:00,22.175000000000026,0.8425725000000001,23.017572500000025
2,8972115962,dota2-mouz-yes-2026-08-29-game2,2026-08-29T12:36:59.931000+00:00,-9.191849950000055,3.96479142392625,-5.2270585260738045
2,8972773416,dota2-pi-lvlup1-2026-08-29-game1,2026-08-29T18:17:23.637000+00:00,-44.320193919999994,1.464755560398,-42.855438359602
2,8973337131,dota2-icecre-xctn-2026-08-30-game1,2026-08-30T02:14:49.254000+00:00,-53.01110000000003,2.6667252825,-50.34437471750003
2,8973568453,dota2-clo-yb1-2026-08-30-game2,2026-08-30T06:12:50.377000+00:00,0.15268528999999909,0.04962644358224999,0.20231173358224908
2,8973884000,dota2-nem-xctn-2026-08-30-game2,2026-08-30T10:12:32.710000+00:00,6.79901218000001,0.938223733731,7.73723591373101
2,8974898633,dota2-lvlup1-pr1-2026-08-30,2026-08-30T19:25:58.777000+00:00,-30.264906870000004,4.47179166267075,-25.793115207329254
2,8976166971,dota2-synaps-lynx-2026-08-31,2026-08-31T15:09:07.826000+00:00,0.0002920000000017353,0.29455331399999996,0.2948453140000017
2,8976665322,dota2-spirit1-pi-2026-08-31-game1,2026-08-31T20:26:57.494000+00:00,-8.645906449999998,2.06723589556875,-6.578670554431248
2,8977623650,dota2-ic-lynx-2026-09-01-game2,2026-09-01T13:53:28.128000+00:00,7.043399999999981,2.60219745,9.64559744999998
2,8978916284,dota2-pr1-ic-2026-09-02-game2,2026-09-02T11:19:11.539000+00:00,0.0,0.0,0.0
2,8979344496,dota2-synaps-4iki-2026-09-02-game1,2026-09-02T15:59:27.587000+00:00,-24.7774,4.50750951,-20.26989049
2,8980769413,dota2-pi-dynast1-2026-09-03-game1,2026-09-03T15:17:23.998000+00:00,6.400000000000006,0.11441999999999997,6.514420000000006
2,8838056564,dota2-flc-liquid-2026-06-04-game1,2026-06-04T12:43:48.535000+00:00,-0.27759999999999785,1.6202887499999998,1.342688750000002
2,8839123109,dota2-flc-bb4-2026-06-05-game1,2026-06-05T09:16:39.267000+00:00,-94.33506080000005,1.04420398902,-93.29085681098005
2,8839625815,dota2-flc-aur1-2026-06-05-game2,2026-06-05T16:13:53.150000+00:00,0.017537759999996183,0.32669943808799995,0.34423719808799613
2,8840821227,dota2-ty-bb4-2026-06-06,2026-06-06T13:12:37.368000+00:00,33.288399209999994,3.5425986280447495,36.830997838044745
2,8842134886,dota2-bb4-lgd-2026-06-07-game2,2026-06-07T10:28:41.168000+00:00,-11.139038690000106,4.72717980281025,-6.411858887189856
2,8842722527,dota2-ty-lgd-2026-06-07-game3,2026-06-07T17:12:22.566000+00:00,75.05600000000011,2.9638599899999996,78.01985999000011
2,8843560379,dota2-4iki-nande4-2026-06-08,2026-06-08T11:10:54.138000+00:00,-23.849600729999963,1.9094128177552498,-21.940187912244713
2,8844244719,dota2-vpp-z10-2026-06-08-game2,2026-06-08T19:45:42.908000+00:00,12.116000000000014,0.2976405,12.413640500000014
2,8851984783,dota2-4iki-pr1-2026-06-14-game2,2026-06-14T16:46:25.798000+00:00,-7.110300000000002,0.6978207825,-6.412479217500002
2,8885195986,dota2-re-xtreme-2026-07-07-game1,2026-07-07T09:55:03.037000+00:00,0.7287970400000177,1.6300397382239997,2.3588367782240174
2,8885380529,dota2-liquid-playti-2026-07-07-game1,2026-07-07T12:43:07.045000+00:00,0.2600000000000007,0.0486525,0.30865250000000066
2,8885529711,dota2-lvlup1-aur1-2026-07-07-game2,2026-07-07T14:23:52.590000+00:00,20.55491859999998,0.22024902718499995,20.775167627184977
2,8885871759,dota2-ic-1win-2026-07-07-game1,2026-07-07T18:31:07.999000+00:00,0.0,0.0,0.0
2,8886576019,dota2-poorra-bb4-2026-07-08-game1,2026-07-08T09:20:01.472000+00:00,-30.0,1.017,-28.983
2,8886641793,dota2-gl-xtreme-2026-07-08-game2,2026-07-08T10:45:04.782000+00:00,43.782099109999926,2.54164584476325,46.32374495476318
2,8886815251,dota2-l1ga-playti-2026-07-08-game2,2026-07-08T13:04:20.712000+00:00,37.50030000000004,1.1109463874999999,38.61124638750004
2,8887114313,dota2-ts8-nem-2026-07-08-game2,2026-07-08T16:15:19.583000+00:00,0.0,0.0,0.0
2,8887314193,dota2-lgd-og-2026-07-08-game2,2026-07-08T18:40:30.736000+00:00,-1.1485999999999965,0.22395976499999998,-0.9246402349999965
2,8887986392,dota2-poorra-xtreme-2026-07-09-game1,2026-07-09T09:21:30.237000+00:00,0.0,0.0,0.0
2,8888083694,dota2-gl-flc-2026-07-09-game2,2026-07-09T11:11:32.224000+00:00,20.669400000000053,2.485995615,23.155395615000053
2,8888260336,dota2-l1ga-aur1-2026-07-09-game2,2026-07-09T13:20:05.771000+00:00,-37.50010000000003,0.7228144274999999,-36.777285572500034
2,8888425887,dota2-rnx-pari-2026-07-09-game1,2026-07-09T15:02:02.148000+00:00,-7.826400000000007,0.49456097999999993,-7.3318390200000065
2,8888592426,dota2-vg-ts8-2026-07-09-game2,2026-07-09T16:59:54.115000+00:00,-12.458800000000053,1.29531387,-11.163486130000054
2,8888771711,dota2-og-ic-2026-07-09-game2,2026-07-09T19:04:50.495000+00:00,0.0,0.0,0.0
2,8889513730,dota2-poorra-flc-2026-07-10-game2,2026-07-10T10:17:36.842000+00:00,0.0,0.23906249999999998,0.23906249999999998
2,8889621582,dota2-aur1-playti-2026-07-10-game1,2026-07-10T11:57:42.116000+00:00,-61.90469999999997,1.7253554174999999,-60.17934458249997
2,8889914618,dota2-pari-mouz-2026-07-10-game1,2026-07-10T14:59:49.254000+00:00,-22.03386396999997,0.6965676286177499,-21.33729634138222
2,8890074597,dota2-rnx-ts8-2026-07-10-game2,2026-07-10T16:28:42.555000+00:00,0.0,0.0,0.0
2,8890301402,dota2-ic-vp-2026-07-10-game2,2026-07-10T18:52:09.717000+00:00,0.0,0.0,0.0
2,8891217710,dota2-poorra-re-2026-07-11-game2,2026-07-11T10:44:50.172000+00:00,-104.79370069999996,3.8251591851375,-100.96854151486247
2,8891371442,dota2-aur1-liquid-2026-07-11-game1,2026-07-11T12:43:19.319000+00:00,1.2600000000000051,0.44292149999999997,1.702921500000005
2,8892829232,dota2-mouz-vg-2026-07-12-game1,2026-07-12T09:15:57.248000+00:00,-22.729200000000006,0.41682312,-22.312376880000006
2,8892914077,dota2-pari-ts8-2026-07-12-game2,2026-07-12T10:31:28.406000+00:00,2.6507882000000222,0.9184693148699999,3.569257514870022
2,8893165071,dota2-1win-ty-2026-07-12-game2,2026-07-12T13:18:20.777000+00:00,-44.408337839999945,1.836806431428,-42.57153140857194
2,8896234088,dota2-re-vp-2026-07-14-game2,2026-07-14T12:30:48.003000+00:00,-18.447000000000035,1.210059315,-17.236940685000036
2,8896645659,dota2-lgd-mouz-2026-07-14-game1,2026-07-14T16:55:49.823000+00:00,0.1612,0.022656660000000002,0.18385666
2,8897695379,dota2-aur1-re-2026-07-15-game2,2026-07-15T12:41:48.340000+00:00,-6.896599999999978,0.6222457349999999,-6.274354264999978
2,8897971312,dota2-1win-vg-2026-07-15-game2,2026-07-15T15:33:39.656000+00:00,-6.935800000000029,1.340366145,-5.595433855000029
2,8899028080,dota2-ty-ts8-2026-07-17-game1,2026-07-16T11:25:22.617000+00:00,-23.077000000000055,1.618274625,-21.458725375000054
2,8900508749,dota2-flc-vg-2026-07-16-game1,2026-07-17T11:21:46.405000+00:00,-30.017900800000007,1.36585508082,-28.652045719180006
2,8902107148,dota2-bb4-vg-2026-07-18-game1,2026-07-18T11:22:02.020000+00:00,1.75,0.06283125,1.81283125
2,8902610619,dota2-ty-pari-2026-07-18,2026-07-18T16:48:06.686000+00:00,76.82594899999995,7.418429465549999,84.24437846554996
2,8904157676,dota2-bb4-pari-2026-07-19-game2,2026-07-19T15:17:11.337000+00:00,-11.506600000000027,2.3431466249999997,-9.163453375000028
2,8905093611,dota2-stx-lynx-2026-07-20-game2,2026-07-20T08:36:36.644000+00:00,16.634030329999987,0.6719930003392499,17.306023330339237
2,8905490238,dota2-z10-nemiga-2026-07-20-game1,2026-07-20T14:13:02.081000+00:00,-5.771399999999991,0.738615825,-5.032784174999991
2,8905975768,dota2-lvlup1-ill-2026-07-20-game1,2026-07-20T19:45:16.612000+00:00,-2.182922600000147,2.068390371345,-0.1145322286551469
2,8906626852,dota2-pckcp-stx-2026-07-21-game1,2026-07-21T10:17:03.931000+00:00,-23.92030000000002,1.1154526875,-22.80484731250002
2,8907021823,dota2-lynx-spirit1-2026-07-21-game2,2026-07-21T14:54:33.550000+00:00,-3.2663000000000153,1.5271275675,-1.7391724325000153
2,8907510684,dota2-z10-aion-2026-07-21-game2,2026-07-21T20:45:41.820000+00:00,0.0,0.0,0.0
2,8908313996,dota2-stx-spirit1-2026-07-22-game1,2026-07-22T13:26:43.307000+00:00,-0.7704624800000026,0.117676450386,-0.6527860296140027
2,8908926344,dota2-z10-lvlup1-2026-07-22,2026-07-22T20:21:42.790000+00:00,34.17043808,2.084119791384,36.254557871383994
2,8909658828,dota2-spirit1-pckcp-2026-07-23-game2,2026-07-23T11:56:35.158000+00:00,-8.77680079999999,1.08557171676,-7.691229083239989
2,8910344715,dota2-lvlup1-aion-2026-07-23-game1,2026-07-23T19:45:58.831000+00:00,0.0,0.0,0.0
2,8910670427,dota2-nemiga-ill-2026-07-23,2026-07-24T01:26:47.762000+00:00,-3.58430000000007,4.7933912775000005,1.2090912774999305
2,8911916389,dota2-z10-ill-2026-07-24-game2,2026-07-24T19:32:36.981000+00:00,0.0,0.0,0.0
2,8912622476,dota2-ill-aion-2026-07-25-game2,2026-07-25T08:27:06.996000+00:00,11.35536116000003,0.572744260953,11.92810542095303
2,8913307206,dota2-kw1-pckcp-2026-07-25-game1,2026-07-25T16:28:48.834000+00:00,0.0,0.0,0.0
2,8914414410,dota2-nemiga-ill-2026-07-26-game1,2026-07-26T09:26:59.644000+00:00,-101.17645560000008,1.5543268419,-99.62212875810008
2,8914885598,dota2-rearis-pckcp-2026-07-26-game2,2026-07-26T14:24:02.001000+00:00,49.64150000000001,0.30260808749999996,49.944108087500005
2,8915390117,dota2-jenz-stx-2026-07-26-game2,2026-07-26T19:37:39.362000+00:00,0.5386000000000024,0.07957815,0.6181781500000024
2,8916245727,dota2-stx-nemiga-2026-07-27-game1,2026-07-27T12:25:46.061000+00:00,-1.157699999999977,0.6893782875,-0.4683217124999771
2,8917675823,dota2-pr1-nemiga-2026-07-28,2026-07-28T11:19:25.327000+00:00,93.69100000000003,0.8528857499999999,94.54388575000003
2,8918176547,dota2-pckcp-kw1-2026-07-28-game2,2026-07-28T16:37:04.197000+00:00,0.0,0.0,0.0
2,8919685210,dota2-amaru-nemiga-2026-07-29-game2,2026-07-29T16:34:50.427000+00:00,-2.1558006200000044,0.2843802420705,-1.8714203779295044
2,8921002620,dota2-lvlup1-z10-2026-07-30,2026-07-30T14:47:46.063000+00:00,63.09479999999997,2.3519822699999997,65.44678226999997
2,8922016200,dota2-re-midas3-2026-07-31-game2,2026-07-31T07:39:14.850000+00:00,0.0,1.7999999999999998,1.7999999999999998
2,8922186876,dota2-vg-amaru-2026-07-31,2026-07-31T10:40:33.810000+00:00,13.600000000000023,0.81396,14.413960000000023
2,8922400300,dota2-enjoy-glyph-2026-07-31-game2,2026-07-31T13:24:39.311000+00:00,0.0,2.42998542,2.42998542
2,8922722577,dota2-yb1-z10-2026-07-31-game2,2026-07-31T16:35:25.057000+00:00,-10.137200000000007,1.027425615,-9.109774385000007
2,8923506996,dota2-midas3-tr7-2026-08-01-game1,2026-08-01T05:43:01.223000+00:00,-0.15149999999999952,0.0547558875,-0.09674411249999952
2,8923780137,dota2-re-playti-2026-08-01-game1,2026-08-01T10:09:39.721000+00:00,1.799999999999999,0.074205,1.874204999999999
2,8924057168,dota2-l1ga-lgd-2026-08-01-game1,2026-08-01T13:34:16.709000+00:00,0.0,0.0,0.0
2,8924468754,dota2-glyph-z10-2026-08-01-game2,2026-08-01T17:25:49.795000+00:00,5.476799999999994,0.19353779999999998,5.670337799999993
2,8925308090,dota2-playti-xctn-2026-08-02-game2,2026-08-02T07:03:47.891000+00:00,-0.1599999999999966,1.4404195199999998,1.2804195200000033
2,8926022375,dota2-rnx-yb1-2026-08-02-game1,2026-08-02T15:09:53.856000+00:00,67.17938167999999,3.600161909544,70.77954358954399
2,8926636219,dota2-z10-lgd-2026-08-02-game2,2026-08-02T21:07:31.416000+00:00,0.0,0.0,0.0
2,8927288399,dota2-xtreme-tr7-2026-08-03-game2,2026-08-03T11:00:48.642000+00:00,-0.7595350000000707,3.8959461948749996,3.136411194874929
2,8927760296,dota2-vg-yb1-2026-08-03,2026-08-03T16:18:19.713000+00:00,81.16180000000003,4.270796625,85.43259662500003
2,8928851109,dota2-playti-tr7-2026-08-04-game1,2026-08-04T11:30:07.829000+00:00,0.33999999999999986,0.059414999999999996,0.39941499999999985
2,8929365099,dota2-yb1-re-2026-08-04,2026-08-04T16:51:08.308000+00:00,24.325618200000008,2.8769526278999997,27.202570827900008
2,8930615242,dota2-playti-yb1-2026-08-05-game2,2026-08-05T14:02:56.166000+00:00,148.9645,1.2658995075000001,150.23039950749998
2,8931981851,dota2-rearis-nh-2026-08-06-game1,2026-08-06T12:26:15.226000+00:00,0.0,0.0,0.0
2,8932413808,dota2-nh-lvlup1-2026-08-06-game2,2026-08-06T16:23:29.211000+00:00,0.0,0.0813618,0.0813618
2,8933374169,dota2-nh-z10-2026-08-07-game1,2026-08-07T09:29:47.916000+00:00,-7.518000000000001,0.10576215,-7.41223785
2,8933879286,dota2-pr1-jenz-2026-08-07-game1,2026-08-07T15:25:51.002000+00:00,-46.02740000000004,1.561045605,-44.466354395000046
2,8936825643,dota2-pr1-yes-2026-08-09-game1,2026-08-09T09:22:32.992000+00:00,1.5913219200000004,0.19149881548799996,1.7828207354880004
2,8937484593,dota2-ill-re-2026-08-09-game1,2026-08-09T15:55:00.679000+00:00,-6.863399999999999,0.39953384999999997,-6.4638661499999985
2,8938565057,dota2-pr1-mouz-2026-08-10-game2,2026-08-10T10:12:07.159000+00:00,-11.13999999999999,1.2739875,-9.86601249999999
2,8940059913,dota2-lvlup1-navi-2026-08-11-game1,2026-08-11T09:16:02.605000+00:00,23.376599999999996,0.929804265,24.306404264999998
2,8940487898,dota2-mouz-re-2026-08-11,2026-08-11T14:25:06.999000+00:00,0.19827343999999947,0.036718287647999996,0.23499172764799947
2,8941733752,dota2-lvlup1-re-2026-08-12-game2,2026-08-12T10:35:42.245000+00:00,42.81447020000002,2.1231888980999996,44.93765909810001
2,8942262723,dota2-navi-lvlup1-2026-08-12-game3,2026-08-12T15:53:47.795000+00:00,36.358739040000046,0.5539159815480001,36.91265502154805
2,8962736746,dota2-ks-lynx-2026-08-24-game2,2026-08-24T11:33:18.452000+00:00,8.610311589999995,0.50633723236575,9.116648822365745
2,8963790789,dota2-dynast1-fts-2026-08-24-game2,2026-08-24T20:20:45.642000+00:00,0.0,0.0,0.0
2,8964657335,dota2-fts-pckcp-2026-08-25-game1,2026-08-25T10:52:11.864000+00:00,-0.75,0.065446875,-0.684553125
2,8964938940,dota2-rearis-spirit1-2026-08-25-game1,2026-08-25T16:23:39.394000+00:00,2.3180230400000057,0.423608006688,2.741631046688006
2,8970089224,dota2-rearis-sb5-2026-08-28-game2,2026-08-28T11:41:09.553000+00:00,6.03400000000002,0.6960219,6.73002190000002
2,8970470057,dota2-synaps-nemiga-2026-08-28-game2,2026-08-28T15:09:53.245000+00:00,108.85811988000006,1.366262487639,110.22438236763907
2,8970886632,dota2-dynast1-pckcp-2026-08-28-game2,2026-08-28T18:51:22.084000+00:00,-20.420891000000054,1.6561224281249998,-18.764768571875056
2,8971423978,dota2-db2-satan-2026-08-28-game2,2026-08-29T03:20:55.120000+00:00,0.0,0.0,0.0
2,8971664649,dota2-nem-6seven-2026-08-29,2026-08-29T07:24:10.704000+00:00,-0.00045899999999932106,0.17765726355,0.17719826355000068
2,8971964803,dota2-mouz-yes-2026-08-29-game1,2026-08-29T11:13:49.271000+00:00,-6.345747670000009,0.5521036619347499,-5.793644008065259
2,8972289868,dota2-huliga-lynx-2026-08-29-game1,2026-08-29T14:15:10.550000+00:00,-3.965077339999997,0.209837881071,-3.755239458928997
2,8972893200,dota2-pi-lvlup1-2026-08-29-game2,2026-08-29T19:20:53.860000+00:00,0.0,0.0,0.0
2,8973405568,dota2-icecre-xctn-2026-08-30-game2,2026-08-30T03:19:55.483000+00:00,4.248000000000005,0.39187800000000006,4.639878000000005
2,8973613420,dota2-clo-yb1-2026-08-30,2026-08-30T07:04:46.677000+00:00,1.365749649999998,0.33373996667624994,1.6994896166762479
2,8973944033,dota2-lynx-lvlup1-2026-08-30,2026-08-30T10:50:43.696000+00:00,-29.037800000000022,3.803027115,-25.234772885000023
2,8975110449,dota2-dynast1-ks-2026-08-30-game2,2026-08-30T21:54:27.706000+00:00,-19.03739999999999,2.3897571299999996,-16.64764286999999
2,8976300473,dota2-4iki-ic-2026-08-31-game1,2026-08-31T16:25:39.940000+00:00,0.731246680000007,1.2929641209359999,2.024210800936007
2,8976751962,dota2-spirit1-pi-2026-08-31-game2,2026-08-31T21:40:17.685000+00:00,-8.571399999999926,1.37442399,-7.196976009999926
2,8977913355,dota2-synaps-lvlup1-2026-09-01-game2,2026-09-01T16:37:59.217000+00:00,0.0,0.0,0.0
2,8978986214,dota2-pr1-ic-2026-09-02,2026-09-02T12:20:55.440000+00:00,-0.6448,0.05336526,-0.5914347400000001
2,8980293569,dota2-z10-ks-2026-09-03-game1,2026-09-03T09:18:42.909000+00:00,-6.28221160999999,0.9894262469167501,-5.29278536308324
2,8838170936,dota2-flc-liquid-2026-06-04-game2,2026-06-04T14:05:12.636000+00:00,-18.78439619999989,1.94825404404,-16.83614215595989
2,8839193447,dota2-flc-bb4-2026-06-05-game2,2026-06-05T10:38:10.594000+00:00,56.573809680000025,2.365622097564,58.939431777564025
2,8839717574,dota2-flc-aur1-2026-06-05,2026-06-05T17:21:15.591000+00:00,-23.596499999999963,3.1135721325,-20.482927867499964
2,8840984097,dota2-aur1-lgd-2026-06-06-game1,2026-06-06T15:05:33.978000+00:00,1.281986229999994,0.31705724832525,1.599043478325244
2,8842245726,dota2-bb4-lgd-2026-06-07,2026-06-07T11:59:53.564000+00:00,9.918000000000006,3.61662975,13.534629750000006
2,8842845018,dota2-ty-lgd-2026-06-07-game4,2026-06-07T18:51:58.999000+00:00,0.0,0.0,0.0
2,8843760302,dota2-vpp-balu-2026-06-08-game2,2026-06-08T13:42:26.324000+00:00,0.0,0.0,0.0
2,8844308689,dota2-vpp-z10-2026-06-08,2026-06-08T20:50:38.757000+00:00,1.7999999999999998,0.008639999999999998,1.8086399999999998
2,8852055373,dota2-4iki-pr1-2026-06-14,2026-06-14T17:46:02.690000+00:00,-0.6500000000000004,0.14467875,-0.5053212500000004
2,8885252329,dota2-flc-bb4-2026-07-07-game2,2026-07-07T11:01:59.599000+00:00,-21.376499999999908,4.1557483575,-17.220751642499906
2,8885411801,dota2-lvlup1-aur1-2026-07-07-game1,2026-07-07T13:06:28.530000+00:00,0.0,0.0,0.0
2,8885633666,dota2-ts8-mouz-2026-07-07-game1,2026-07-07T15:33:28.678000+00:00,57.42089999999999,4.6071300825,62.02803008249999
2,8885928262,dota2-ty-og-2026-07-07-game1,2026-07-07T19:03:44.444000+00:00,77.54850000000002,0.6007755374999998,78.14927553750002
2,8886572854,dota2-gl-xtreme-2026-07-08-game1,2026-07-08T09:27:27.007000+00:00,-84.78210000000001,2.2964536124999997,-82.48564638750001
2,8886728756,dota2-l1ga-playti-2026-07-08-game1,2026-07-08T12:02:19.795000+00:00,-19.09989999999999,5.7307484775,-13.36915152249999
2,8886862310,dota2-liquid-lvlup1-2026-07-08-game2,2026-07-08T13:37:25.898000+00:00,64.35369999999998,0.6863548275000001,65.04005482749997
2,8887197358,dota2-vg-pari-2026-07-08-game2,2026-07-08T17:23:00.102000+00:00,-15.338099999999997,0.9642707325,-14.373829267499998
2,8887325211,dota2-vp-1win-2026-07-08-game1,2026-07-08T18:51:24.334000+00:00,-37.86440859999993,1.755863480475,-36.10854511952493
2,8887998750,dota2-bb4-re-2026-07-09-game1,2026-07-09T09:29:32.198000+00:00,-2.0000000000000036,0.11060999999999999,-1.8893900000000037
2,8888160657,dota2-l1ga-aur1-2026-07-09-game1,2026-07-09T12:09:38.901000+00:00,2.3999999999999986,0.09179999999999999,2.4917999999999987
2,8888279558,dota2-playti-lvlup1-2026-07-09-game2,2026-07-09T13:33:23.111000+00:00,57.600300000000004,1.3883819174999998,58.9886819175
2,8888489297,dota2-vg-ts8-2026-07-09-game1,2026-07-09T15:42:43.149000+00:00,-99.67679999999999,2.6112333299999997,-97.06556666999998
2,8888682602,dota2-og-ic-2026-07-09-game1,2026-07-09T17:53:01.981000+00:00,-39.69380000000001,3.8847536700000003,-35.80904633000001
2,8888819433,dota2-lgd-1win-2026-07-09-game2,2026-07-09T19:41:02.532000+00:00,0.0,0.9359999999999999,0.9359999999999999
2,8889524021,dota2-xtreme-bb4-2026-07-10-game2,2026-07-10T10:37:39.793000+00:00,0.0019714200000180426,0.6632900936145,0.665261513614518
2,8889699098,dota2-l1ga-liquid-2026-07-10-game2,2026-07-10T12:46:15.831000+00:00,0.0,0.0,0.0
2,8889944251,dota2-rnx-ts8-2026-07-10-game1,2026-07-10T15:15:29.857000+00:00,13.33319999999992,0.3659963400000001,13.69919633999992
2,8890179830,dota2-lgd-ty-2026-07-10-game1,2026-07-10T17:38:53.401000+00:00,25.7466,0.18553688999999998,25.932136890000002
2,8891108843,dota2-poorra-re-2026-07-11-game1,2026-07-11T09:15:44.932000+00:00,61.22399999999999,2.25824724,63.48224723999999
2,8891240327,dota2-xtreme-flc-2026-07-11-game2,2026-07-11T11:01:14.698000+00:00,9.185800000000015,2.7778326150000003,11.963632615000016
2,8891438996,dota2-l1ga-lvlup1-2026-07-11-game2,2026-07-11T13:19:40.554000+00:00,63.34609999999997,2.7560618625,66.10216186249997
2,8892835652,dota2-rnx-nem-2026-07-12-game1,2026-07-12T09:19:01.546000+00:00,-15.507200000000012,2.2040151000000003,-13.303184900000012
2,8892958964,dota2-rnx-nem-2026-07-12-game2,2026-07-12T10:53:08.655000+00:00,-110.66850000000007,3.3057266325,-107.36277336750007
2,8893253595,dota2-og-vp-2026-07-12-game2,2026-07-12T13:56:28.498000+00:00,1.0412739999999983,0.1942154136,1.2354894135999983
2,8896267691,dota2-liquid-xtreme-2026-07-14-game2,2026-07-14T13:05:08.216000+00:00,-4.918000000000006,1.76273415,-3.1552658500000064
2,8896731473,dota2-lgd-mouz-2026-07-14-game2,2026-07-14T18:02:11.857000+00:00,-3.947400000000016,1.095107445,-2.852292555000016
2,8897696869,dota2-ts8-liquid-2026-07-15-game2,2026-07-15T12:54:25.976000+00:00,27.03378335000002,7.629567086193751,34.663350436193774
2,8898003442,dota2-bb4-lgd-2026-07-15-game1,2026-07-15T15:56:58.589000+00:00,-0.75,0.09155625,-0.65844375
2,8899120700,dota2-ty-ts8-2026-07-17-game2,2026-07-16T12:44:26.752000+00:00,-72.46690000000004,4.2806086125,-68.18629138750003
2,8900623530,dota2-flc-vg-2026-07-16-game2,2026-07-17T12:54:30.551000+00:00,-23.549391689999936,2.69416554806025,-20.855226141939685
2,8902173969,dota2-bb4-vg-2026-07-18-game2,2026-07-18T12:21:15.910000+00:00,1.621700000000022,0.8060322225000002,2.427732222500022
2,8903705555,dota2-vg-ty-2026-07-19-game1,2026-07-19T10:24:33.152000+00:00,57.19,0.57415575,57.76415575
2,8904322271,dota2-bb4-pari-2026-07-19-game3,2026-07-19T16:52:33.960000+00:00,-35.21470000000011,4.4954189625,-30.719281037500107
2,8905164476,dota2-stx-lynx-2026-07-20,2026-07-20T10:04:24.370000+00:00,103.54754751999991,2.48655650976,106.03410402975992
2,8905612460,dota2-z10-nemiga-2026-07-20-game2,2026-07-20T15:25:40.567000+00:00,10.288200000000018,1.51013451,11.798334510000018
2,8906069414,dota2-lvlup1-ill-2026-07-20-game2,2026-07-20T20:59:36.536000+00:00,-35.38879999999995,2.573672745,-32.81512725499994
2,8906706819,dota2-pckcp-stx-2026-07-21-game2,2026-07-21T11:28:10.072000+00:00,7.503399999999971,1.5569100449999997,9.060310044999971
2,8907114935,dota2-lynx-spirit1-2026-07-21,2026-07-21T15:55:17.448000+00:00,-0.28000000000000824,1.131651,0.8516509999999917
2,8907942033,dota2-ill-dan-2026-07-22-game1,2026-07-22T07:18:07.776000+00:00,0.0,0.0,0.0
2,8908486051,dota2-stx-spirit1-2026-07-22-game2,2026-07-22T15:03:55.390000+00:00,23.78468592999998,0.79120531187025,24.57589124187023
2,8909388284,dota2-dan-z10-2026-07-23-game1,2026-07-23T07:17:23.633000+00:00,0.0,0.0,0.0
2,8909780227,dota2-spirit1-pckcp-2026-07-23,2026-07-23T13:29:29.880000+00:00,1.2499999999999716,2.33990625,3.5899062499999714
2,8910461593,dota2-lvlup1-aion-2026-07-23-game2,2026-07-23T21:18:59.726000+00:00,0.0,0.0,0.0
2,8910982575,dota2-aion-dan-2026-07-24-game2,2026-07-24T08:39:31.809000+00:00,0.0,0.0,0.0
2,8912045230,dota2-nemiga-lvlup1-2026-07-24-game1,2026-07-24T21:05:49.488000+00:00,-5.261600000000058,3.3520833,-1.9095167000000584
2,8912758286,dota2-pckcp-jenz-2026-07-22-game1,2026-07-25T10:25:45.605000+00:00,0.0,0.0,0.0
2,8913598312,dota2-lynx-kw1-2026-07-25-game1,2026-07-25T19:28:05.257000+00:00,-8.517900640000015,2.246064890004,-6.271835749996015
2,8914520562,dota2-nemiga-ill-2026-07-26-game2,2026-07-26T10:41:21.923000+00:00,-18.720000000000056,1.9734119999999997,-16.746588000000056
2,8915002841,dota2-kw1-rearis-2026-07-26-game1,2026-07-26T15:32:54.677000+00:00,-52.223979819999954,1.1110505837324998,-51.112929236267455
2,8915498965,dota2-jenz-stx-2026-07-26,2026-07-26T20:57:43.107000+00:00,3.0679990399999966,0.12868274683199998,3.1966817868319968
2,8916384577,dota2-stx-nemiga-2026-07-27-game2,2026-07-27T13:48:29.618000+00:00,32.38469999999995,5.6170125375,38.001712537499955
2,8917738415,dota2-nh-pckcp-2026-07-28-game1,2026-07-28T12:16:10.015000+00:00,0.0,0.0,0.0
2,8919264561,dota2-rearis-z10-2026-07-29-game1,2026-07-29T12:23:03.580000+00:00,19.436600000000027,2.7712425749999996,22.207842575000026
2,8919803916,dota2-amaru-nemiga-2026-07-29,2026-07-29T18:02:17.532000+00:00,58.550660910000005,1.46136848838675,60.01202939838676
2,8921162227,dota2-amaru-pr1-2026-07-30-game1,2026-07-30T16:32:24.441000+00:00,28.20689999999999,1.0923122025,29.29921220249999
2,8922074642,dota2-vg-amaru-2026-07-31-game1,2026-07-31T08:46:41.467000+00:00,-43.099199999999996,0.8219002499999999,-42.27729975
2,8922211678,dota2-tr7-playti-2026-07-31-game2,2026-07-31T11:00:53.806000+00:00,-7.6296000000000035,1.02982962,-6.599770380000003
2,8922433138,dota2-l1ga-rnx-2026-07-31-game2,2026-07-31T13:42:06.325000+00:00,-34.65399006000001,1.380703390347,-33.27328666965301
2,8922818221,dota2-xtreme-lgd-2026-07-31-game1,2026-07-31T17:51:24.199000+00:00,-16.893220799999938,2.5004593242600004,-14.392761475739938
2,8923579943,dota2-midas3-tr7-2026-08-01-game2,2026-08-01T07:02:32.143000+00:00,-86.26729999999989,1.9983588975,-84.2689411024999
2,8923790600,dota2-yes-vg-2026-08-01-game2,2026-08-01T10:14:11.317000+00:00,37.245384179999974,0.9584226247109999,38.20380680471097
2,8924222714,dota2-l1ga-lgd-2026-08-01-game2,2026-08-01T15:02:43.462000+00:00,0.0,0.0,0.0
2,8924530036,dota2-rnx-xtreme-2026-08-01-game1,2026-08-01T18:06:50.164000+00:00,5.666536509999986,2.50027128372975,8.166807793729737
2,8925543582,dota2-yes-tr7-2026-08-02-game1,2026-08-02T10:44:16.945000+00:00,0.2699999999999987,0.07554225,0.3455422499999987
2,8926232913,dota2-rnx-yb1-2026-08-02-game2,2026-08-02T16:42:19.665000+00:00,10.526399999999967,1.9223838,12.448783799999967
2,8927063876,dota2-glyph-playti-2026-08-03-game2,2026-08-03T06:55:36.873000+00:00,170.45,5.149351875,175.599351875
2,8927380776,dota2-xtreme-tr7-2026-08-03,2026-08-03T12:15:30.661000+00:00,33.246276179999946,4.3186701004845,37.56494628048445
2,8927926397,dota2-re-lgd-2026-08-03-game1,2026-08-03T18:09:03.381000+00:00,22.08639999999997,1.51705377,23.60345376999997
2,8928953683,dota2-playti-tr7-2026-08-04-game2,2026-08-04T12:46:11.879000+00:00,9.787964889999984,2.42592523956225,12.213890129562234
2,8930200713,dota2-tr7-re-2026-08-05-game1,2026-08-05T08:20:38.811000+00:00,0.0,0.0,0.0
2,8930736914,dota2-playti-yb1-2026-08-05-game3,2026-08-05T15:09:49.519000+00:00,0.0,0.3526875,0.3526875
2,8932085762,dota2-rearis-nh-2026-08-06-game2,2026-08-06T13:20:21.204000+00:00,6.958199999999999,0.15564305999999997,7.113843059999999
2,8932523868,dota2-nh-lvlup1-2026-08-06,2026-08-06T17:36:18.454000+00:00,-16.019500000000022,1.5827556975,-14.436744302500022
2,8933453728,dota2-nh-z10-2026-08-07-game2,2026-08-07T10:40:19.376000+00:00,0.0,0.0185625,0.0185625
2,8933988979,dota2-pr1-jenz-2026-08-07-game2,2026-08-07T16:29:38.697000+00:00,27.295174679999953,2.092444898265,29.387619578264953
2,8937080738,dota2-pr1-yes-2026-08-09,2026-08-09T12:20:23.208000+00:00,44.13742124999996,2.6941351776562503,46.83155642765621
2,8937631882,dota2-ill-re-2026-08-09-game2,2026-08-09T17:12:21.447000+00:00,1.5,0.030952499999999997,1.5309525
2,8938634026,dota2-pr1-mouz-2026-08-10,2026-08-10T11:15:54.851000+00:00,-14.702300760000014,1.714761470106,-12.987539289894015
2,8940117837,dota2-lvlup1-navi-2026-08-11-game2,2026-08-11T10:12:11.551000+00:00,-8.79800062999999,0.45205334702324995,-8.34594728297674
2,8940643574,dota2-yes-z10-2026-08-11-game1,2026-08-11T15:45:57.067000+00:00,-0.07840065000000074,0.029253207903750002,-0.049147442096250736
2,8941817475,dota2-lvlup1-re-2026-08-12,2026-08-12T11:50:26.039000+00:00,20.33880000000005,1.811424375,22.15022437500005
2,8962372120,dota2-ic-nemiga-2026-08-24-game1,2026-08-24T07:17:08.649000+00:00,0.0,0.0,0.0
2,8962964580,dota2-sb5-stx-2026-08-24-game1,2026-08-24T13:25:23.881000+00:00,1.3244438399999998,0.006754663584,1.3311985035839997
2,8964399842,dota2-pckcp-nemiga-2026-08-25-game1,2026-08-25T07:22:10.248000+00:00,0.003599439999998566,0.072272157984,0.07587159798399856
2,8964837315,dota2-fts-pckcp-2026-08-25-game2,2026-08-25T12:34:06.314000+00:00,-8.056993320000004,1.013920502952,-7.043072817048004
2,8965544741,dota2-rearis-spirit1-2026-08-25,2026-08-25T18:44:21.316000+00:00,-0.7051608000000007,0.17062601652,-0.5345347834800007
2,8970207176,dota2-rearis-sb5-2026-08-28,2026-08-28T12:56:49.576000+00:00,0.7500000000000071,0.29053124999999996,1.040531250000007
2,8970485789,dota2-dynast1-ic-2026-08-28-game2,2026-08-28T15:14:26.848000+00:00,-18.215017280000055,0.970947425016,-17.244069854984055
2,8971007454,dota2-ks-rearis-2026-08-28-game1,2026-08-28T20:11:41.712000+00:00,-13.282932799999994,0.36657815759999995,-12.916354642399995
2,8971501630,dota2-nexus-cres-2026-08-28,2026-08-29T04:51:09.441000+00:00,-3.4538958000000335,1.929361736958,-1.5245340630420334
2,8971753986,dota2-icecre-kineti-2026-08-29-game1,2026-08-29T08:38:12.829000+00:00,0.0,0.0,0.0
2,8971988345,dota2-sb5-lynx-2026-08-29-game1,2026-08-29T11:21:30.742000+00:00,0.6019992000000016,0.07442834688,0.6764275468800016
2,8972502454,dota2-huliga-lynx-2026-08-29-game2,2026-08-29T15:52:19.963000+00:00,-103.096,1.71827655,-101.37772345
2,8973011673,dota2-pi-lvlup1-2026-08-29,2026-08-29T20:33:12.059000+00:00,27.903998270000002,2.09770185968025,30.001700129680252
2,8973462028,dota2-icecre-xctn-2026-08-30,2026-08-30T04:30:11.988000+00:00,1.0651840000000021,0.3828768876,1.448060887600002
2,8973707438,dota2-lynx-lvlup1-2026-08-30-game1,2026-08-30T08:16:36.050000+00:00,-0.06709999999999638,1.9925702474999998,1.9254702475000034
2,8974185539,dota2-navi-mouz-2026-08-30-game2,2026-08-30T13:08:29.090000+00:00,1.9669944000000044,0.11417361479999999,2.0811680148000042
2,8975871235,dota2-synaps-lynx-2026-08-31-game1,2026-08-31T12:26:44.788000+00:00,-59.767792540000045,1.6071795881084998,-58.160612951891544
2,8976441468,dota2-4iki-ic-2026-08-31-game2,2026-08-31T17:43:06.122000+00:00,135.90595108000002,1.1564983392600001,137.06244941926002
2,8977325814,dota2-ks-pckcp-2026-09-01-game2,2026-09-01T10:26:27.059000+00:00,2.9798999999999936,0.221313195,3.2012131949999936
2,8978023576,dota2-synaps-lvlup1-2026-09-01,2026-09-01T17:45:54.185000+00:00,-57.07000000000002,1.5384026999999998,-55.53159730000002
2,8979131280,dota2-dynast1-pckcp-2026-09-02-game1,2026-09-02T13:56:13.878000+00:00,0.0,0.0,0.0
2,8980358113,dota2-z10-ks-2026-09-03-game2,2026-09-03T10:27:20.250000+00:00,-2.6014348599999977,1.244731427901,-1.3567034320989977
