seed,match_id,slug,horn_at,engine_pnl,rebate,net
0,8837869969,dota2-aur1-ty-2026-06-04-game1,2026-06-04T09:17:47.612000+00:00,6.996100000000013,1.1570994075,8.153199407500013
0,8837957019,dota2-aur1-ty-2026-06-04-game2,2026-06-04T11:05:49.570000+00:00,-49.433400000000006,5.232109889999999,-44.20129011000001
0,8838056564,dota2-flc-liquid-2026-06-04-game1,2026-06-04T12:43:48.535000+00:00,0.0,1.0945261049999997,1.0945261049999997
0,8838170936,dota2-flc-liquid-2026-06-04-game2,2026-06-04T14:05:12.636000+00:00,-3.4116007200000062,2.733662247624,-0.6779384723760065
0,8838396820,dota2-lgd-ty-2026-06-04-game2,2026-06-04T16:48:28.531000+00:00,-21.331900859999962,3.683366194533,-17.64853466546696
0,8838480778,dota2-lgd-ty-2026-06-04,2026-06-04T17:57:47.377000+00:00,-38.581700430000026,2.11536125033925,-36.46633917966078
0,8839123109,dota2-flc-bb4-2026-06-05-game1,2026-06-05T09:16:39.267000+00:00,-57.604299999999995,1.1786558175,-56.425644182499994
0,8839193447,dota2-flc-bb4-2026-06-05-game2,2026-06-05T10:38:10.594000+00:00,2.7985999999999875,0.937279905,3.7358799049999876
0,8839366504,dota2-lgd-liquid-2026-06-05-game2,2026-06-05T13:21:18.066000+00:00,0.23849776000000134,1.499964854268,1.7384626142680013
0,8839494962,dota2-flc-aur1-2026-06-05-game1,2026-06-05T14:52:18.684000+00:00,-11.680300000000045,2.1790196625,-9.501280337500045
0,8839625815,dota2-flc-aur1-2026-06-05-game2,2026-06-05T16:13:53.150000+00:00,2.2819999999999965,0.28725644999999994,2.5692564499999966
0,8839717574,dota2-flc-aur1-2026-06-05,2026-06-05T17:21:15.591000+00:00,24.725183950000044,1.11493101805875,25.840114968058796
0,8840635639,dota2-ty-bb4-2026-06-06-game1,2026-06-06T10:47:49.658000+00:00,0.0,0.0,0.0
0,8840704374,dota2-ty-bb4-2026-06-06-game2,2026-06-06T11:51:44.485000+00:00,-5.043400000000002,1.8449880149999998,-3.198411985000002
0,8840821227,dota2-ty-bb4-2026-06-06,2026-06-06T13:12:37.368000+00:00,34.21849999999999,2.0887353825000003,36.30723538249999
0,8840984097,dota2-aur1-lgd-2026-06-06-game1,2026-06-06T15:05:33.978000+00:00,6.550499999999957,1.1347743225000002,7.685274322499957
0,8841114801,dota2-aur1-lgd-2026-06-06-game2,2026-06-06T16:30:29.855000+00:00,-24.644200760000032,1.435449671979,-23.20875108802103
0,8842052142,dota2-bb4-lgd-2026-06-07-game1,2026-06-07T09:18:04.694000+00:00,97.67520000000002,1.6587342,99.33393420000002
0,8842134886,dota2-bb4-lgd-2026-06-07-game2,2026-06-07T10:28:41.168000+00:00,-8.019000000000034,3.235483365,-4.7835166350000335
0,8842245726,dota2-bb4-lgd-2026-06-07,2026-06-07T11:59:53.564000+00:00,-35.742300870000015,1.19535417417225,-34.546946695827764
0,8842468101,dota2-ty-lgd-2026-06-07-game1,2026-06-07T14:21:40.854000+00:00,-1.1499999999999995,0.01693125,-1.1330687499999994
0,8842596730,dota2-ty-lgd-2026-06-07-game2,2026-06-07T15:49:20.066000+00:00,-2.796763839999997,0.281725780584,-2.515038059415997
0,8842722527,dota2-ty-lgd-2026-06-07-game3,2026-06-07T17:12:22.566000+00:00,1.2119999999999953,0.21167406,1.4236740599999953
0,8842845018,dota2-ty-lgd-2026-06-07-game4,2026-06-07T18:51:58.999000+00:00,2.0000000000000036,0.12189,2.1218900000000036
0,8843465364,dota2-4iki-nande4-2026-06-08-game1,2026-06-08T09:15:08.776000+00:00,-40.95686718000002,1.5119206526295,-39.44494652737052
0,8843512570,dota2-4iki-nande4-2026-06-08-game2,2026-06-08T10:09:45.609000+00:00,-2.396899999999988,0.8771810325,-1.519718967499988
0,8843560379,dota2-4iki-nande4-2026-06-08,2026-06-08T11:10:54.138000+00:00,-13.393199999999979,1.2720326999999998,-12.121167299999978
0,8843760302,dota2-vpp-balu-2026-06-08-game2,2026-06-08T13:42:26.324000+00:00,0.0,0.0,0.0
0,8844054970,dota2-z10-sb5-2026-06-08-game2,2026-06-08T17:08:41.204000+00:00,1.04,0.01833,1.05833
0,8844132483,dota2-vpp-z10-2026-06-08-game1,2026-06-08T18:23:01.210000+00:00,0.0,0.0,0.0
0,8844244719,dota2-vpp-z10-2026-06-08-game2,2026-06-08T19:45:42.908000+00:00,18.584100000000007,1.1808008775,19.764900877500008
0,8844308689,dota2-vpp-z10-2026-06-08,2026-06-08T20:50:38.757000+00:00,122.5804,0.56999886,123.15039886
0,8850534819,dota2-ill-pr1-2026-06-13-game2,2026-06-13T17:10:42.502000+00:00,0.4230000000000018,0.401098725,0.8240987250000018
0,8850593633,dota2-ill-pr1-2026-06-13,2026-06-13T18:00:57.551000+00:00,0.0,0.0,0.0
0,8851984783,dota2-4iki-pr1-2026-06-14-game2,2026-06-14T16:46:25.798000+00:00,-5.220900000000007,2.7490613475,-2.4718386525000073
0,8852055373,dota2-4iki-pr1-2026-06-14,2026-06-14T17:46:02.690000+00:00,-12.399999999999995,0.3542025,-12.045797499999995
0,8854443395,dota2-fla-spirit1-2026-06-16-game1,2026-06-16T16:31:44.570000+00:00,-5.340400000000005,0.15518787,-5.185212130000005
0,8885183102,dota2-flc-bb4-2026-07-07-game1,2026-07-07T09:47:24.433000+00:00,2.696135190000007,0.82747160399925,3.5236067939992566
0,8885195986,dota2-re-xtreme-2026-07-07-game1,2026-07-07T09:55:03.037000+00:00,15.469599999999957,0.652761,16.12236099999996
0,8885252329,dota2-flc-bb4-2026-07-07-game2,2026-07-07T11:01:59.599000+00:00,-3.8815176699999654,1.5477362974372502,-2.333781372562715
0,8885275216,dota2-re-xtreme-2026-07-07-game2,2026-07-07T11:16:11.813000+00:00,-4.887199999999979,0.94287,-3.9443299999999786
0,8885365825,dota2-l1ga-ngx-2026-07-07-game1,2026-07-07T12:34:49.112000+00:00,33.29599999999999,0.2702448,33.56624479999999
0,8885380529,dota2-liquid-playti-2026-07-07-game1,2026-07-07T12:43:07.045000+00:00,-0.129999999999999,0.04850625,-0.081493749999999
0,8885411801,dota2-lvlup1-aur1-2026-07-07-game1,2026-07-07T13:06:28.530000+00:00,0.0,0.0,0.0
0,8885470551,dota2-l1ga-ngx-2026-07-07-game2,2026-07-07T13:39:34.570000+00:00,12.075199999999985,0.7321473,12.807347299999984
0,8885473599,dota2-liquid-playti-2026-07-07-game2,2026-07-07T13:52:27.923000+00:00,6.026399999999995,3.4100357999999997,9.436435799999995
0,8885529711,dota2-lvlup1-aur1-2026-07-07-game2,2026-07-07T14:23:52.590000+00:00,2.9610000000000127,0.08505472500000008,3.0460547250000127
0,8885633666,dota2-ts8-mouz-2026-07-07-game1,2026-07-07T15:33:28.678000+00:00,85.91269999999997,3.3030857625000003,89.21578576249998
0,8885665054,dota2-nem-pari-2026-07-07-game1,2026-07-07T15:41:38.548000+00:00,34.29869100000003,1.045517993925,35.34420899392503
0,8885784652,dota2-ts8-mouz-2026-07-07-game2,2026-07-07T17:16:32.961000+00:00,-8.039626479999992,3.193990240116,-4.8456362398839925
0,8885871759,dota2-ic-1win-2026-07-07-game1,2026-07-07T18:31:07.999000+00:00,0.3800000000000008,0.016059749999999998,0.39605975000000077
0,8885928262,dota2-ty-og-2026-07-07-game1,2026-07-07T19:03:44.444000+00:00,44.028400000000005,0.4490694599999999,44.47746946
0,8885974297,dota2-ic-1win-2026-07-07-game2,2026-07-07T19:32:14.446000+00:00,0.0,0.0,0.0
0,8886005043,dota2-ty-og-2026-07-07-game2,2026-07-07T20:03:05.981000+00:00,-9.473999999999961,0.5254960499999999,-8.948503949999962
0,8886576019,dota2-poorra-bb4-2026-07-08-game1,2026-07-08T09:20:01.472000+00:00,0.0,0.0,0.0
0,8886572854,dota2-gl-xtreme-2026-07-08-game1,2026-07-08T09:27:27.007000+00:00,-52.173599999999965,1.5417298799999999,-50.63187011999997
0,8886638110,dota2-poorra-bb4-2026-07-08-game2,2026-07-08T10:36:00.005000+00:00,0.0,0.0,0.0
0,8886640910,dota2-flc-re-2026-07-08-game2,2026-07-08T10:39:41.623000+00:00,-2.4690999999999974,1.1512796024999996,-1.3178203974999978
0,8886641793,dota2-gl-xtreme-2026-07-08-game2,2026-07-08T10:45:04.782000+00:00,50.030099109999995,1.73190388976325,51.76200299976325
0,8886728756,dota2-l1ga-playti-2026-07-08-game1,2026-07-08T12:02:19.795000+00:00,-9.770800000000028,1.9144854299999998,-7.856314570000028
0,8886736772,dota2-liquid-lvlup1-2026-07-08-game1,2026-07-08T12:08:59.488000+00:00,0.0,0.0,0.0
0,8886788497,dota2-ngx-aur1-2026-07-08-game1,2026-07-08T12:47:30.744000+00:00,-2.6018903300000034,0.7174571294032499,-1.8844332005967535
0,8886815251,dota2-l1ga-playti-2026-07-08-game2,2026-07-08T13:04:20.712000+00:00,27.541600000000017,0.70635312,28.247953120000016
0,8886862310,dota2-liquid-lvlup1-2026-07-08-game2,2026-07-08T13:37:25.898000+00:00,7.391199999999998,0.053216640000000044,7.444416639999998
0,8886994890,dota2-ts8-nem-2026-07-08-game1,2026-07-08T14:59:11.781000+00:00,0.0,0.019125,0.019125
0,8887100676,dota2-vg-pari-2026-07-08-game1,2026-07-08T16:18:23.954000+00:00,0.0,0.0,0.0
0,8887114313,dota2-ts8-nem-2026-07-08-game2,2026-07-08T16:15:19.583000+00:00,-31.774500000000003,0.5067183675,-31.267781632500004
0,8887197358,dota2-vg-pari-2026-07-08-game2,2026-07-08T17:23:00.102000+00:00,-10.288100000000014,0.6430944824999999,-9.645005517500014
0,8887218598,dota2-lgd-og-2026-07-08-game1,2026-07-08T17:27:41.870000+00:00,0.8000000000000007,0.053009999999999995,0.8530100000000007
0,8887260104,dota2-ty-ic-2026-07-08-game1,2026-07-08T17:58:24.214000+00:00,0.0,0.0,0.0
0,8887314193,dota2-lgd-og-2026-07-08-game2,2026-07-08T18:40:30.736000+00:00,-35.36541371999998,1.1480703351239998,-34.21734338487598
0,8887325211,dota2-vp-1win-2026-07-08-game1,2026-07-08T18:51:24.334000+00:00,-47.45749999999998,2.3924416725,-45.06505832749998
0,8887337672,dota2-ty-ic-2026-07-08-game2,2026-07-08T19:01:29.872000+00:00,0.0,0.0,0.0
0,8887432754,dota2-vp-1win-2026-07-08-game2,2026-07-08T20:20:02.742000+00:00,71.87019999999998,0.52625961,72.39645960999998
0,8887986392,dota2-poorra-xtreme-2026-07-09-game1,2026-07-09T09:21:30.237000+00:00,-5.557100449999979,1.90792461530625,-3.649175834693729
0,8887998750,dota2-bb4-re-2026-07-09-game1,2026-07-09T09:29:32.198000+00:00,-2.8000000000000043,0.11324999999999999,-2.6867500000000044
0,8888056358,dota2-poorra-xtreme-2026-07-09-game2,2026-07-09T10:34:44.979000+00:00,-6.175399999999982,1.2676684649999999,-4.907731534999982
0,8888066684,dota2-bb4-re-2026-07-09-game2,2026-07-09T10:43:25.275000+00:00,-15.998806859999988,0.8028028255005,-15.196004034499488
0,8888083694,dota2-gl-flc-2026-07-09-game2,2026-07-09T11:11:32.224000+00:00,34.316354180000076,2.5245206714835,36.840874851483576
0,8888160657,dota2-l1ga-aur1-2026-07-09-game1,2026-07-09T12:09:38.901000+00:00,2.0000000000000284,0.45380568000000004,2.4538056800000283
0,8888173515,dota2-playti-lvlup1-2026-07-09-game1,2026-07-09T12:20:27.216000+00:00,25.434000000000026,0.56795661,26.001956610000025
0,8888217771,dota2-ngx-liquid-2026-07-09-game1,2026-07-09T12:52:14.212000+00:00,7.8507000000000176,1.8107678624999999,9.661467862500018
0,8888260336,dota2-l1ga-aur1-2026-07-09-game2,2026-07-09T13:20:05.771000+00:00,-3.4000000000000057,0.20349,-3.1965100000000057
0,8888279558,dota2-playti-lvlup1-2026-07-09-game2,2026-07-09T13:33:23.111000+00:00,2.842170943040401e-14,0.6599993399999999,0.6599993400000284
0,8888318197,dota2-ngx-liquid-2026-07-09-game2,2026-07-09T14:04:08.888000+00:00,10.037799999999976,4.139488665,14.177288664999976
0,8888405761,dota2-mouz-nem-2026-07-09-game1,2026-07-09T14:48:45.816000+00:00,10.8108,0.7378370999999999,11.5486371
0,8888425887,dota2-rnx-pari-2026-07-09-game1,2026-07-09T15:02:02.148000+00:00,8.78879999999998,0.24464256000000006,9.033442559999981
0,8888489297,dota2-vg-ts8-2026-07-09-game1,2026-07-09T15:42:43.149000+00:00,-65.39159999999995,1.7442463349999997,-63.647353664999955
0,8888555097,dota2-mouz-nem-2026-07-09-game2,2026-07-09T16:24:34.308000+00:00,-27.827000000000016,1.9531003349999998,-25.873899665000017
0,8888554919,dota2-rnx-pari-2026-07-09-game2,2026-07-09T16:26:10.054000+00:00,0.0,0.0,0.0
0,8888592426,dota2-vg-ts8-2026-07-09-game2,2026-07-09T16:59:54.115000+00:00,-0.13000000000000078,0.04055025000000001,-0.08944975000000077
0,8888682602,dota2-og-ic-2026-07-09-game1,2026-07-09T17:53:01.981000+00:00,-32.28860083999996,1.982587901472,-30.306012938527957
0,8888693655,dota2-vp-ty-2026-07-09-game1,2026-07-09T18:07:57.629000+00:00,0.0,0.0,0.0
0,8888731478,dota2-lgd-1win-2026-07-09-game1,2026-07-09T18:35:20.326000+00:00,14.107338399999975,1.10528763258,15.212626032579974
0,8888771711,dota2-og-ic-2026-07-09-game2,2026-07-09T19:04:50.495000+00:00,0.0,0.0,0.0
0,8888819433,dota2-lgd-1win-2026-07-09-game2,2026-07-09T19:41:02.532000+00:00,-2.4637011400000013,0.43455255211349997,-2.0291485878865014
0,8889452921,dota2-re-gl-2026-07-10-game1,2026-07-10T09:17:34.068000+00:00,39.57349999999997,1.3215454574999999,40.89504545749997
0,8889468264,dota2-xtreme-bb4-2026-07-10-game1,2026-07-10T09:26:30.741000+00:00,-9.845400000000005,0.96726285,-8.878137150000004
0,8889513730,dota2-poorra-flc-2026-07-10-game2,2026-07-10T10:17:36.842000+00:00,3.75,0.21853124999999998,3.96853125
0,8889524021,dota2-xtreme-bb4-2026-07-10-game2,2026-07-10T10:37:39.793000+00:00,0.001971419999961199,1.6532985086145,1.6552699286144612
0,8889538949,dota2-re-gl-2026-07-10-game2,2026-07-10T10:40:57.402000+00:00,-3.14579999999998,2.345412225,-0.8003877749999799
0,8889615310,dota2-l1ga-liquid-2026-07-10-game1,2026-07-10T11:48:20.990000+00:00,2.438999999999993,0.5281044750000001,2.967104474999993
0,8889621582,dota2-aur1-playti-2026-07-10-game1,2026-07-10T11:57:42.116000+00:00,-77.43045296000004,1.9912826890439999,-75.43917027095604
0,8889699098,dota2-l1ga-liquid-2026-07-10-game2,2026-07-10T12:46:15.831000+00:00,0.0,0.0,0.0
0,8889733840,dota2-aur1-playti-2026-07-10-game2,2026-07-10T13:14:22.837000+00:00,-68.8735,2.7568041525,-66.11669584750001
0,8889871314,dota2-nem-vg-2026-07-10-game1,2026-07-10T14:27:52.631000+00:00,13.158000000000015,0.66375531,13.821755310000015
0,8889914618,dota2-pari-mouz-2026-07-10-game1,2026-07-10T14:59:49.254000+00:00,4.385836479999995,0.426179151732,4.812015631731994
0,8889944251,dota2-rnx-ts8-2026-07-10-game1,2026-07-10T15:15:29.857000+00:00,6.593400000000003,0.22796680500000005,6.821366805000003
0,8890008812,dota2-nem-vg-2026-07-10-game2,2026-07-10T15:49:04.827000+00:00,32.321200000000005,0.8790252749999998,33.200225275
0,8890036748,dota2-pari-mouz-2026-07-10-game2,2026-07-10T16:15:07.698000+00:00,6.818099999999987,0.3195984375,7.137698437499987
0,8890074597,dota2-rnx-ts8-2026-07-10-game2,2026-07-10T16:28:42.555000+00:00,0.0,0.0,0.0
0,8890179830,dota2-lgd-ty-2026-07-10-game1,2026-07-10T17:38:53.401000+00:00,5.263200000000012,0.6986897999999999,5.961889800000012
0,8890270555,dota2-1win-og-2026-07-10-game2,2026-07-10T18:36:26.467000+00:00,0.0,0.0,0.0
0,8890268632,dota2-lgd-ty-2026-07-10-game2,2026-07-10T18:43:14.663000+00:00,-16.000064839999993,0.802809335547,-15.197255504452993
0,8890301402,dota2-ic-vp-2026-07-10-game2,2026-07-10T18:52:09.717000+00:00,0.0,0.0,0.0
0,8891108843,dota2-poorra-re-2026-07-11-game1,2026-07-11T09:15:44.932000+00:00,2.34,0.047170500000000004,2.3871705
0,8891108985,dota2-bb4-gl-2026-07-11-game1,2026-07-11T09:17:06.187000+00:00,0.0,0.0,0.0
0,8891145641,dota2-xtreme-flc-2026-07-11-game1,2026-07-11T09:30:07.111000+00:00,0.0,0.0,0.0
0,8891217710,dota2-poorra-re-2026-07-11-game2,2026-07-11T10:44:50.172000+00:00,-48.07520149999999,2.5485871299375,-45.52661437006249
0,8891240327,dota2-xtreme-flc-2026-07-11-game2,2026-07-11T11:01:14.698000+00:00,-0.3968005000000172,1.9041507576374999,1.5073502576374826
0,8891325877,dota2-l1ga-lvlup1-2026-07-11-game1,2026-07-11T12:09:46.181000+00:00,-15.172302000000027,0.6609958237499999,-14.511306176250027
0,8891349244,dota2-playti-ngx-2026-07-11-game1,2026-07-11T12:27:52.369000+00:00,20.14669999999998,4.9161400575,25.062840057499983
0,8891371442,dota2-aur1-liquid-2026-07-11-game1,2026-07-11T12:43:19.319000+00:00,-0.3199999999999932,0.7107135000000001,0.39071350000000693
0,8891438996,dota2-l1ga-lvlup1-2026-07-11-game2,2026-07-11T13:19:40.554000+00:00,-0.11999999999999922,0.094707,-0.02529299999999922
0,8891497910,dota2-aur1-liquid-2026-07-11-game2,2026-07-11T13:53:37.287000+00:00,49.415100000000024,0.8406829874999999,50.25578298750003
0,8891519142,dota2-playti-ngx-2026-07-11-game2,2026-07-11T14:08:43.754000+00:00,-41.73959999999997,2.109924255,-39.629675744999965
0,8892829232,dota2-mouz-vg-2026-07-12-game1,2026-07-12T09:15:57.248000+00:00,-15.7984,0.41443697999999995,-15.383963020000001
0,8892835652,dota2-rnx-nem-2026-07-12-game1,2026-07-12T09:19:01.546000+00:00,0.0,0.0,0.0
0,8892836635,dota2-pari-ts8-2026-07-12-game1,2026-07-12T09:26:06.808000+00:00,-12.623599999999971,3.4836745199999997,-9.139925479999972
0,8892923329,dota2-mouz-vg-2026-07-12-game2,2026-07-12T10:25:59.512000+00:00,-57.69360104000006,2.755226486568,-54.93837455343206
0,8892914077,dota2-pari-ts8-2026-07-12-game2,2026-07-12T10:31:28.406000+00:00,-15.398600000000016,2.6965579049999997,-12.702042095000017
0,8892958964,dota2-rnx-nem-2026-07-12-game2,2026-07-12T10:53:08.655000+00:00,-78.06000000000002,0.9075344999999999,-77.15246550000002
0,8893070561,dota2-1win-ty-2026-07-12-game1,2026-07-12T12:14:45.162000+00:00,4.942034349999986,1.31356094800125,6.255595298001236
0,8893106015,dota2-og-vp-2026-07-12-game1,2026-07-12T12:36:42.440000+00:00,0.3899999999999988,0.04273425,0.43273424999999877
0,8893165071,dota2-1win-ty-2026-07-12-game2,2026-07-12T13:18:20.777000+00:00,-50.0244,3.452274,-46.572126
0,8893253595,dota2-og-vp-2026-07-12-game2,2026-07-12T13:56:28.498000+00:00,0.8889991800000061,0.355229622171,1.2442288021710062
0,8896139222,dota2-re-vp-2026-07-14-game1,2026-07-14T11:15:10.363000+00:00,5.0,1.956885,6.956885
0,8896140998,dota2-liquid-xtreme-2026-07-14-game1,2026-07-14T11:24:31.795000+00:00,-0.4274013600000046,1.2005808408179999,0.7731794808179953
0,8896234088,dota2-re-vp-2026-07-14-game2,2026-07-14T12:30:48.003000+00:00,-18.4212,0.78217731,-17.639022689999997
0,8896267691,dota2-liquid-xtreme-2026-07-14-game2,2026-07-14T13:05:08.216000+00:00,-0.2600000000000007,0.046371,-0.21362900000000068
0,8896380183,dota2-re-vp-2026-07-14,2026-07-14T14:02:34.965000+00:00,-59.715599999999995,1.6791270900000002,-58.03647290999999
0,8896486914,dota2-liquid-xtreme-2026-07-14,2026-07-14T15:13:00.049000+00:00,-7.8880798800000065,1.6140102020040001,-6.274069677996007
0,8896645659,dota2-lgd-mouz-2026-07-14-game1,2026-07-14T16:55:49.823000+00:00,0.0,0.0,0.0
0,8896731473,dota2-lgd-mouz-2026-07-14-game2,2026-07-14T18:02:11.857000+00:00,-55.38960000000003,1.4707103099999999,-53.91888969000003
0,8897585705,dota2-aur1-re-2026-07-15-game1,2026-07-15T11:19:40.513000+00:00,-86.05406850000001,0.5460724288125001,-85.50799607118752
0,8897588873,dota2-ts8-liquid-2026-07-15-game1,2026-07-15T11:25:30.473000+00:00,8.693999199999979,1.6238970568799997,10.31789625687998
0,8897695379,dota2-aur1-re-2026-07-15-game2,2026-07-15T12:41:48.340000+00:00,-2.2989000000000033,0.4025948625,-1.8963051375000033
0,8897696869,dota2-ts8-liquid-2026-07-15-game2,2026-07-15T12:54:25.976000+00:00,21.258260060000026,3.3147723612615003,24.573032421261527
0,8897831774,dota2-ts8-liquid-2026-07-15,2026-07-15T14:13:24.528000+00:00,-5.633259979999991,0.8868981703965,-4.746361809603491
0,8897841991,dota2-1win-vg-2026-07-15-game1,2026-07-15T14:22:22.284000+00:00,5.333400000000012,0.729209115,6.062609115000011
0,8897971312,dota2-1win-vg-2026-07-15-game2,2026-07-15T15:33:39.656000+00:00,19.787299039999994,1.3563858811319998,21.143684921131992
0,8898003442,dota2-bb4-lgd-2026-07-15-game1,2026-07-15T15:56:58.589000+00:00,-1.0,0.0912,-0.9088
0,8898084910,dota2-1win-vg-2026-07-15,2026-07-15T16:49:08.935000+00:00,-17.16050163999998,1.9882568273339998,-15.172244812665978
0,8898117600,dota2-bb4-lgd-2026-07-15-game2,2026-07-15T17:15:52.403000+00:00,17.22837334999994,0.90582908191125,18.13420243191119
0,8899028080,dota2-ty-ts8-2026-07-17-game1,2026-07-16T11:25:22.617000+00:00,12.62700000000001,2.460973335,15.08797333500001
0,8899120700,dota2-ty-ts8-2026-07-17-game2,2026-07-16T12:44:26.752000+00:00,-22.94400048000003,3.324103062768,-19.619897417232032
0,8899307453,dota2-pari-re-2026-07-17-game1,2026-07-16T14:36:23.407000+00:00,12.657999999999987,0.5701796100000001,13.228179609999987
0,8899420575,dota2-pari-re-2026-07-17-game2,2026-07-16T15:46:28.167000+00:00,-1.091199999999997,0.06530832,-1.025891679999997
0,8900508749,dota2-flc-vg-2026-07-16-game1,2026-07-17T11:21:46.405000+00:00,-47.88729999999998,0.9597882525000001,-46.927511747499985
0,8900623530,dota2-flc-vg-2026-07-16-game2,2026-07-17T12:54:30.551000+00:00,-7.352304439999983,1.2894485454869997,-6.062855894512984
0,8900771154,dota2-ngx-bb4-2026-07-16-game1,2026-07-17T14:28:08.196000+00:00,-7.247199999999992,1.4447385,-5.802461499999993
0,8900882416,dota2-ngx-bb4-2026-07-16-game2,2026-07-17T15:33:10.588000+00:00,-6.0,0.3195,-5.6805
0,8902107148,dota2-bb4-vg-2026-07-18-game1,2026-07-18T11:22:02.020000+00:00,2.0,0.0616125,2.0616125
0,8902173969,dota2-bb4-vg-2026-07-18-game2,2026-07-18T12:21:15.910000+00:00,-14.633999999999986,0.6036525,-14.030347499999985
0,8902338515,dota2-ty-pari-2026-07-18-game1,2026-07-18T14:06:38.308000+00:00,12.244800000000026,1.5290694,13.773869400000027
0,8902431810,dota2-ty-pari-2026-07-18-game2,2026-07-18T15:09:37.865000+00:00,12.110600000000012,3.227527785,15.338127785000012
0,8902610619,dota2-ty-pari-2026-07-18,2026-07-18T16:48:06.686000+00:00,23.86164899999997,3.7293591280499996,27.59100812804997
0,8903705555,dota2-vg-ty-2026-07-19-game1,2026-07-19T10:24:33.152000+00:00,38.5,0.3779625,38.8779625
0,8903789784,dota2-vg-ty-2026-07-19-game2,2026-07-19T11:31:19.185000+00:00,8.000100000000032,0.7182089775,8.718308977500032
0,8904012666,dota2-bb4-pari-2026-07-19-game1,2026-07-19T13:57:51.853000+00:00,56.45859999999999,3.3177561449999997,59.77635614499999
0,8904157676,dota2-bb4-pari-2026-07-19-game2,2026-07-19T15:17:11.337000+00:00,-14.047700000000024,1.5543050625,-12.493394937500025
0,8904322271,dota2-bb4-pari-2026-07-19-game3,2026-07-19T16:52:33.960000+00:00,11.906599999999997,3.03082821,14.937428209999997
0,8904419709,dota2-bb4-pari-2026-07-19-game4,2026-07-19T18:05:14.511000+00:00,-11.64270000000002,1.0872297375,-10.55547026250002
0,8905035315,dota2-stx-lynx-2026-07-20-game1,2026-07-20T07:25:19.610000+00:00,0.6600000000000037,0.2058705,0.8658705000000038
0,8905093611,dota2-stx-lynx-2026-07-20-game2,2026-07-20T08:36:36.644000+00:00,14.332199999999986,0.504661095,14.836861094999986
0,8905164476,dota2-stx-lynx-2026-07-20,2026-07-20T10:04:24.370000+00:00,1.1928173599999923,1.763111795004,2.955929155003992
0,8905233934,dota2-lynx-pckcp-2026-07-20-game1,2026-07-20T11:15:17.947000+00:00,20.631799999999984,1.100348805,21.732148804999984
0,8905359313,dota2-lynx-pckcp-2026-07-20-game2,2026-07-20T12:49:30.119000+00:00,0.0,0.0,0.0
0,8905490238,dota2-z10-nemiga-2026-07-20-game1,2026-07-20T14:13:02.081000+00:00,-2.501773740000001,0.195239982891,-2.3065337571090008
0,8905612460,dota2-z10-nemiga-2026-07-20-game2,2026-07-20T15:25:40.567000+00:00,2.3844999999999885,1.4777946675,3.8622946674999885
0,8905741721,dota2-spirit1-jenz-2026-07-20-game1,2026-07-20T16:55:30.580000+00:00,10.16980000000001,2.071132965,12.24093296500001
0,8905885788,dota2-spirit1-jenz-2026-07-20-game2,2026-07-20T18:35:45.253000+00:00,0.2400000000000002,0.0686025,0.3086025000000002
0,8905975768,dota2-lvlup1-ill-2026-07-20-game1,2026-07-20T19:45:16.612000+00:00,-0.2599999999999998,0.048555,-0.21144499999999977
0,8906069414,dota2-lvlup1-ill-2026-07-20-game2,2026-07-20T20:59:36.536000+00:00,-18.777599999999957,1.8179107649999997,-16.959689234999956
0,8906479441,dota2-nemiga-dan-2026-07-21-game1,2026-07-21T07:24:02.590000+00:00,13.33530823000001,1.2649894375027497,14.60029766750276
0,8906547471,dota2-nemiga-dan-2026-07-21-game2,2026-07-21T08:48:51.736000+00:00,0.1499999999999999,0.01423125,0.1642312499999999
0,8906626852,dota2-pckcp-stx-2026-07-21-game1,2026-07-21T10:17:03.931000+00:00,-1.1004999999999967,0.8036055075,-0.29689449249999667
0,8906706819,dota2-pckcp-stx-2026-07-21-game2,2026-07-21T11:28:10.072000+00:00,2.5,0.42637499999999995,2.926375
0,8906814740,dota2-pckcp-stx-2026-07-21,2026-07-21T12:50:32.182000+00:00,1.3524473200000031,0.487916224491,1.8403635444910031
0,8906911697,dota2-lynx-spirit1-2026-07-21-game1,2026-07-21T14:01:22.509000+00:00,-3.2549999999999786,1.132494375,-2.1225056249999783
0,8907021823,dota2-lynx-spirit1-2026-07-21-game2,2026-07-21T14:54:33.550000+00:00,-30.084800000000023,2.041009545,-28.04379045500002
0,8907114935,dota2-lynx-spirit1-2026-07-21,2026-07-21T15:55:17.448000+00:00,-20.33846452,1.127738781306,-19.210725738694
0,8907236730,dota2-jenz-lynx-2026-07-21-game1,2026-07-21T17:22:36.365000+00:00,0.0,0.0,0.0
0,8907319204,dota2-jenz-lynx-2026-07-21-game2,2026-07-21T18:19:16.673000+00:00,-35.047455499999984,0.7903679807399999,-34.25708751925998
0,8907510684,dota2-z10-aion-2026-07-21-game2,2026-07-21T20:45:41.820000+00:00,0.0,0.0,0.0
0,8907942033,dota2-ill-dan-2026-07-22-game1,2026-07-22T07:18:07.776000+00:00,0.0,0.0,0.0
0,8907997366,dota2-ill-dan-2026-07-22-game2,2026-07-22T08:30:21.640000+00:00,0.0,0.0,0.0
0,8908178087,dota2-nemiga-aion-2026-07-22-game2,2026-07-22T11:35:02.272000+00:00,-0.08000000000000007,0.017322000000000004,-0.06267800000000007
0,8908313996,dota2-stx-spirit1-2026-07-22-game1,2026-07-22T13:26:43.307000+00:00,0.0,0.0,0.0
0,8908486051,dota2-stx-spirit1-2026-07-22-game2,2026-07-22T15:03:55.390000+00:00,34.508885930000034,1.63955396687025,36.148439896870286
0,8908612824,dota2-stx-spirit1-2026-07-22,2026-07-22T16:27:56.948000+00:00,14.974231589999967,1.55680779827325,16.531039388273218
0,8908710300,dota2-z10-lvlup1-2026-07-22-game1,2026-07-22T17:40:32.974000+00:00,-27.303100000000057,2.5022923725,-24.800807627500056
0,8908926344,dota2-z10-lvlup1-2026-07-22,2026-07-22T20:21:42.790000+00:00,22.84963807999995,1.389305691384,24.238943771383948
0,8909388284,dota2-dan-z10-2026-07-23-game1,2026-07-23T07:17:23.633000+00:00,1.3000000000000007,0.0084825,1.3084825000000007
0,8909443684,dota2-dan-z10-2026-07-23-game2,2026-07-23T08:24:14.078000+00:00,-10.65999999999999,0.2887425,-10.37125749999999
0,8909498494,dota2-dan-z10-2026-07-23,2026-07-23T09:35:42.112000+00:00,-1.8779999999999966,0.13052601,-1.7474739899999965
0,8909658828,dota2-spirit1-pckcp-2026-07-23-game2,2026-07-23T11:56:35.158000+00:00,-8.77680079999999,1.08557171676,-7.691229083239989
0,8909780227,dota2-spirit1-pckcp-2026-07-23,2026-07-23T13:29:29.880000+00:00,38.19949039999999,1.5425507592599998,39.74204115925999
0,8910104556,dota2-jenz-kw1-2026-07-23-game2,2026-07-23T16:47:57.620000+00:00,11.689700000000002,0.3793041975,12.069004197500002
0,8910216725,dota2-jenz-kw1-2026-07-23,2026-07-23T18:09:02.529000+00:00,0.0,0.163296,0.163296
0,8910344715,dota2-lvlup1-aion-2026-07-23-game1,2026-07-23T19:45:58.831000+00:00,0.0,0.0,0.0
0,8910461593,dota2-lvlup1-aion-2026-07-23-game2,2026-07-23T21:18:59.726000+00:00,-4.4517999999999995,0.18788671499999998,-4.263913284999999
0,8910535715,dota2-lvlup1-aion-2026-07-23,2026-07-23T22:37:28.157000+00:00,-10.552595560000043,0.7925880409334999,-9.760007519066543
0,8910589445,dota2-nemiga-ill-2026-07-23-game1,2026-07-23T23:33:41.369000+00:00,22.40780000000001,2.6186327699999996,25.026432770000007
0,8910670427,dota2-nemiga-ill-2026-07-23,2026-07-24T01:26:47.762000+00:00,8.256768189999931,1.5612407369017498,9.818008926901681
0,8910982575,dota2-aion-dan-2026-07-24-game2,2026-07-24T08:39:31.809000+00:00,0.0,0.0,0.0
0,8911277378,dota2-kw1-stx-2026-07-24-game2,2026-07-24T13:08:23.857000+00:00,47.989938859999974,1.078165942461,49.06810480246097
0,8911784562,dota2-z10-ill-2026-07-24-game1,2026-07-24T18:00:21.302000+00:00,-3.3999999999999986,0.994809375,-2.4051906249999986
0,8911916389,dota2-z10-ill-2026-07-24-game2,2026-07-24T19:32:36.981000+00:00,-1.1999999999999993,0.14445,-1.0555499999999993
0,8912045230,dota2-nemiga-lvlup1-2026-07-24-game1,2026-07-24T21:05:49.488000+00:00,12.269999999999989,1.67853375,13.948533749999989
0,8912123729,dota2-nemiga-lvlup1-2026-07-24-game2,2026-07-24T22:15:39.296000+00:00,0.0,0.0,0.0
0,8912551235,dota2-ill-aion-2026-07-25-game1,2026-07-25T07:19:52.253000+00:00,1.1260999999999939,0.6149800425,1.741080042499994
0,8912622476,dota2-ill-aion-2026-07-25-game2,2026-07-25T08:27:06.996000+00:00,9.804284480000021,0.5796540281579999,10.383938508158021
0,8912758286,dota2-pckcp-jenz-2026-07-22-game1,2026-07-25T10:25:45.605000+00:00,-2.188199999999995,0.267124515,-1.921075484999995
0,8912831712,dota2-pckcp-jenz-2026-07-22-game2,2026-07-25T11:23:26.682000+00:00,2.8000000000000007,0.14493,2.9449300000000007
0,8912974141,dota2-pckcp-jenz-2026-07-22,2026-07-25T13:02:19.241000+00:00,-23.67,1.17264375,-22.497356250000003
0,8913307206,dota2-kw1-pckcp-2026-07-25-game1,2026-07-25T16:28:48.834000+00:00,0.0,0.0,0.0
0,8913598312,dota2-lynx-kw1-2026-07-25-game1,2026-07-25T19:28:05.257000+00:00,-11.237900640000035,1.469033780004,-9.768866859996034
0,8913726962,dota2-lynx-kw1-2026-07-25-game2,2026-07-25T20:57:15.562000+00:00,-40.9769,2.7477018525,-38.2291981475
0,8913824141,dota2-lynx-kw1-2026-07-25,2026-07-25T22:21:39.642000+00:00,-18.89100000000001,2.884968135,-16.006031865000008
0,8914414410,dota2-nemiga-ill-2026-07-26-game1,2026-07-26T09:26:59.644000+00:00,-54.94795664000003,1.047738305388,-53.90021833461203
0,8914520562,dota2-nemiga-ill-2026-07-26-game2,2026-07-26T10:41:21.923000+00:00,-12.533200000000003,1.3656878399999999,-11.167512160000003
0,8914637220,dota2-nemiga-ill-2026-07-26,2026-07-26T12:04:18.708000+00:00,30.942700000000002,1.6584734325,32.601173432500005
0,8914749408,dota2-rearis-pckcp-2026-07-26-game1,2026-07-26T13:19:34.036000+00:00,6.774472199999991,0.75340158345,7.527873783449991
0,8914885598,dota2-rearis-pckcp-2026-07-26-game2,2026-07-26T14:24:02.001000+00:00,49.64150000000001,0.30260808749999996,49.944108087500005
0,8915002841,dota2-kw1-rearis-2026-07-26-game1,2026-07-26T15:32:54.677000+00:00,-9.866875880000038,0.909241819587,-8.957634060413037
0,8915137972,dota2-kw1-rearis-2026-07-26-game2,2026-07-26T16:47:26.165000+00:00,0.5000000000000009,0.013492499999999998,0.5134925000000009
0,8915271266,dota2-jenz-stx-2026-07-26-game1,2026-07-26T18:26:53.337000+00:00,11.0,0.6974549999999999,11.697455
0,8915390117,dota2-jenz-stx-2026-07-26-game2,2026-07-26T19:37:39.362000+00:00,0.0,0.0,0.0
0,8915498965,dota2-jenz-stx-2026-07-26,2026-07-26T20:57:43.107000+00:00,7.254000000000035,0.7126357499999999,7.966635750000035
0,8916041863,dota2-lvlup1-pckcp-2026-07-27-game1,2026-07-27T09:21:33.291000+00:00,32.392499999999984,0.2599118325,32.652411832499986
0,8916102349,dota2-lvlup1-pckcp-2026-07-27-game2,2026-07-27T10:12:46.876000+00:00,5.673978919999996,0.385352138061,6.059331058060996
0,8916245727,dota2-stx-nemiga-2026-07-27-game1,2026-07-27T12:25:46.061000+00:00,14.524100000000018,1.2487271325,15.77282713250002
0,8916384577,dota2-stx-nemiga-2026-07-27-game2,2026-07-27T13:48:29.618000+00:00,44.93364615000006,3.31675189963125,48.25039804963131
0,8916474664,dota2-stx-nemiga-2026-07-27,2026-07-27T14:44:54.132000+00:00,-26.16953729000005,1.6891928363047497,-24.480344453695302
0,8917611319,dota2-pr1-nemiga-2026-07-28-game2,2026-07-28T10:17:02.190000+00:00,0.0,0.48531420000000003,0.48531420000000003
0,8917675823,dota2-pr1-nemiga-2026-07-28,2026-07-28T11:19:25.327000+00:00,23.997,0.12598425000000002,24.12298425
0,8917738415,dota2-nh-pckcp-2026-07-28-game1,2026-07-28T12:16:10.015000+00:00,0.0,0.0,0.0
0,8917853656,dota2-nh-pckcp-2026-07-28-game2,2026-07-28T13:23:44.955000+00:00,49.38516460000001,1.7716326099,51.15679720990001
0,8918052500,dota2-pckcp-kw1-2026-07-28-game1,2026-07-28T15:24:46.769000+00:00,14.287143039999986,0.988563572172,15.275706612171986
0,8918176547,dota2-pckcp-kw1-2026-07-28-game2,2026-07-28T16:37:04.197000+00:00,0.0,0.0,0.0
0,8919264561,dota2-rearis-z10-2026-07-29-game1,2026-07-29T12:23:03.580000+00:00,16.86716503999999,0.7488468568319999,17.61601189683199
0,8919404744,dota2-rearis-z10-2026-07-29-game2,2026-07-29T13:48:28.368000+00:00,-1.1730000000000018,0.700811325,-0.47218867500000183
0,8919546613,dota2-amaru-nemiga-2026-07-29-game1,2026-07-29T15:15:30.082000+00:00,0.0,0.0,0.0
0,8919685210,dota2-amaru-nemiga-2026-07-29-game2,2026-07-29T16:34:50.427000+00:00,-2.1558006200000044,0.2843802420705,-1.8714203779295044
0,8919803916,dota2-amaru-nemiga-2026-07-29,2026-07-29T18:02:17.532000+00:00,45.41671596000002,1.720858280268,47.137574240268016
0,8920655724,dota2-pckcp-z10-2026-07-30-game2,2026-07-30T10:32:16.617000+00:00,0.0,0.0,0.0
0,8920897425,dota2-lvlup1-z10-2026-07-30-game2,2026-07-30T13:37:44.606000+00:00,-14.6,0.413775,-14.186225
0,8921002620,dota2-lvlup1-z10-2026-07-30,2026-07-30T14:47:46.063000+00:00,66.20940000000002,4.288469654999999,70.49786965500002
0,8921162227,dota2-amaru-pr1-2026-07-30-game1,2026-07-30T16:32:24.441000+00:00,28.25689999999999,1.1092584525,29.36615845249999
0,8921281044,dota2-amaru-pr1-2026-07-30-game2,2026-07-30T17:34:28.519000+00:00,0.0,0.0,0.0
0,8921949036,dota2-re-midas3-2026-07-31-game1,2026-07-31T06:23:42.906000+00:00,0.0,0.0,0.0
0,8922016200,dota2-re-midas3-2026-07-31-game2,2026-07-31T07:39:14.850000+00:00,39.926799999999986,1.0594247399999999,40.98622473999998
0,8922074642,dota2-vg-amaru-2026-07-31-game1,2026-07-31T08:46:41.467000+00:00,-1.875,0.135590625,-1.739409375
0,8922137329,dota2-vg-amaru-2026-07-31-game2,2026-07-31T09:48:16.177000+00:00,0.3000000000000007,0.0291825,0.3291825000000007
0,8922133239,dota2-tr7-playti-2026-07-31-game1,2026-07-31T09:57:34.446000+00:00,-18.654000440000004,3.230720502888,-15.423279937112005
0,8922186876,dota2-vg-amaru-2026-07-31,2026-07-31T10:40:33.810000+00:00,10.12639999999999,0.5829009,10.70930089999999
0,8922211678,dota2-tr7-playti-2026-07-31-game2,2026-07-31T11:00:53.806000+00:00,6.5496000000000265,1.3340330999999999,7.883633100000027
0,8922300474,dota2-enjoy-glyph-2026-07-31-game1,2026-07-31T12:14:29.331000+00:00,0.8999999999999986,0.1083375,1.0083374999999986
0,8922339160,dota2-l1ga-rnx-2026-07-31-game1,2026-07-31T12:44:09.822000+00:00,-3.5097000000000094,0.9786065625,-2.5310934375000094
0,8922400300,dota2-enjoy-glyph-2026-07-31-game2,2026-07-31T13:24:39.311000+00:00,-0.2942,1.7257583550000002,1.4315583550000002
0,8922433138,dota2-l1ga-rnx-2026-07-31-game2,2026-07-31T13:42:06.325000+00:00,-1.4000000000000021,0.069945,-1.3300550000000022
0,8922552315,dota2-l1ga-rnx-2026-07-31,2026-07-31T14:55:23.609000+00:00,56.19693399999997,1.202256717,57.39919071699997
0,8922602122,dota2-yb1-z10-2026-07-31-game1,2026-07-31T15:28:08.646000+00:00,-9.836100000000016,1.1840205375,-8.652079462500016
0,8922722577,dota2-yb1-z10-2026-07-31-game2,2026-07-31T16:35:25.057000+00:00,-11.017200000000003,1.027491615,-9.989708385000002
0,8922818221,dota2-xtreme-lgd-2026-07-31-game1,2026-07-31T17:51:24.199000+00:00,-20.731600000000018,2.3676009149999997,-18.363999085000017
0,8922940920,dota2-xtreme-lgd-2026-07-31-game2,2026-07-31T19:09:48.720000+00:00,-2.2179999999999893,3.4236235500000003,1.205623550000011
0,8923040358,dota2-xtreme-lgd-2026-07-31,2026-07-31T20:28:40.570000+00:00,1.0200000000000102,1.198305,2.21830500000001
0,8923506996,dota2-midas3-tr7-2026-08-01-game1,2026-08-01T05:43:01.223000+00:00,2.311299999999992,0.3734427375,2.684742737499992
0,8923579943,dota2-midas3-tr7-2026-08-01-game2,2026-08-01T07:02:32.143000+00:00,-34.274701599999986,1.12374292722,-33.150958672779986
0,8923643650,dota2-midas3-tr7-2026-08-01,2026-08-01T08:08:01.087000+00:00,-138.29600000000002,1.32343608,-136.97256392000003
0,8923704450,dota2-yes-vg-2026-08-01-game1,2026-08-01T09:01:56.739000+00:00,-7.9121557399999745,1.8807986209545,-6.031357119045475
0,8923780137,dota2-re-playti-2026-08-01-game1,2026-08-01T10:09:39.721000+00:00,0.0,0.0,0.0
0,8923790600,dota2-yes-vg-2026-08-01-game2,2026-08-01T10:14:11.317000+00:00,26.412384179999947,0.631242999711,27.043627179710946
0,8923874259,dota2-re-playti-2026-08-01-game2,2026-08-01T11:26:12.956000+00:00,22.2596,0.33224067,22.59184067
0,8923899787,dota2-enjoy-yb1-2026-08-01-game1,2026-08-01T11:45:49.553000+00:00,-16.88000000000001,0.59607,-16.28393000000001
0,8924057168,dota2-l1ga-lgd-2026-08-01-game1,2026-08-01T13:34:16.709000+00:00,-11.42859999999996,1.9225762349999997,-9.506023764999961
0,8924222714,dota2-l1ga-lgd-2026-08-01-game2,2026-08-01T15:02:43.462000+00:00,0.0,0.0,0.0
0,8924328537,dota2-glyph-z10-2026-08-01-game1,2026-08-01T15:59:42.950000+00:00,8.61569999999996,2.0541384375,10.669838437499958
0,8924367779,dota2-l1ga-lgd-2026-08-01,2026-08-01T16:23:12.450000+00:00,-32.93440000000001,0.8860560000000001,-32.04834400000001
0,8924468754,dota2-glyph-z10-2026-08-01-game2,2026-08-01T17:25:49.795000+00:00,-10.326701119999967,1.286050392648,-9.040650727351967
0,8924530036,dota2-rnx-xtreme-2026-08-01-game1,2026-08-01T18:06:50.164000+00:00,-0.4038416899999966,0.31533224427975,-0.0885094457202466
0,8924616191,dota2-rnx-xtreme-2026-08-01-game2,2026-08-01T19:06:22.446000+00:00,-8.857100000000003,1.0118435175,-7.845256482500003
0,8925210898,dota2-playti-xctn-2026-08-02-game1,2026-08-02T05:28:20.542000+00:00,0.0,0.0,0.0
0,8925308090,dota2-playti-xctn-2026-08-02-game2,2026-08-02T07:03:47.891000+00:00,3.214400000000026,0.5327868,3.7471868000000264
0,8925543582,dota2-yes-tr7-2026-08-02-game1,2026-08-02T10:44:16.945000+00:00,-0.5000000000000009,0.035422499999999996,-0.46457750000000086
0,8925703946,dota2-yes-tr7-2026-08-02-game2,2026-08-02T11:58:57.158000+00:00,16.598725179999946,1.3642338198555,17.962958999855445
0,8925847726,dota2-yes-tr7-2026-08-02,2026-08-02T13:17:43.701000+00:00,3.438098839999981,1.3471713348719998,4.785270174871981
0,8926022375,dota2-rnx-yb1-2026-08-02-game1,2026-08-02T15:09:53.856000+00:00,30.6554,3.844082025,34.499482025
0,8926232913,dota2-rnx-yb1-2026-08-02-game2,2026-08-02T16:42:19.665000+00:00,-6.077400000000008,1.305629625,-4.771770375000008
0,8926381426,dota2-rnx-yb1-2026-08-02,2026-08-02T18:14:10.009000+00:00,-0.12939999999998975,0.601324125,0.47192412500001024
0,8926523280,dota2-z10-lgd-2026-08-02-game1,2026-08-02T19:59:32.068000+00:00,0.0,0.0,0.0
0,8926636219,dota2-z10-lgd-2026-08-02-game2,2026-08-02T21:07:31.416000+00:00,-16.667,0.556261125,-16.110738875000003
0,8927063876,dota2-glyph-playti-2026-08-03-game2,2026-08-03T06:55:36.873000+00:00,143.96940000000006,2.8183117949999996,146.78771179500006
0,8927132943,dota2-glyph-playti-2026-08-03,2026-08-03T08:27:35.152000+00:00,33.35270000000004,0.8261818875,34.17888188750004
0,8927207054,dota2-xtreme-tr7-2026-08-03-game1,2026-08-03T10:00:05.212000+00:00,8.82359999999997,1.684208025,10.50780802499997
0,8927288399,dota2-xtreme-tr7-2026-08-03-game2,2026-08-03T11:00:48.642000+00:00,6.233799999999981,0.9400580249999999,7.173858024999981
0,8927380776,dota2-xtreme-tr7-2026-08-03,2026-08-03T12:15:30.661000+00:00,-18.34140259999998,0.923839073565,-17.417563526434982
0,8927539264,dota2-vg-yb1-2026-08-03-game1,2026-08-03T14:05:56.825000+00:00,1.5,0.8644792199999999,2.3644792199999998
0,8927660975,dota2-vg-yb1-2026-08-03-game2,2026-08-03T15:05:20.968000+00:00,-0.6323037099999596,1.04517448505475,0.4128707750547904
0,8927760296,dota2-vg-yb1-2026-08-03,2026-08-03T16:18:19.713000+00:00,20.855292589999948,2.8876678630627497,23.742960453062697
0,8927926397,dota2-re-lgd-2026-08-03-game1,2026-08-03T18:09:03.381000+00:00,0.0,0.0,0.0
0,8928050264,dota2-re-lgd-2026-08-03-game2,2026-08-03T19:19:18.313000+00:00,17.409200000000013,0.24696555000000003,17.65616555000001
0,8928163118,dota2-re-lgd-2026-08-03,2026-08-03T20:43:38.722000+00:00,-47.82230000000001,2.3035572524999997,-45.51874274750001
0,8928851109,dota2-playti-tr7-2026-08-04-game1,2026-08-04T11:30:07.829000+00:00,-17.804682940000024,1.1412788894505,-16.663404050549524
0,8928953683,dota2-playti-tr7-2026-08-04-game2,2026-08-04T12:46:11.879000+00:00,6.042115040000002,0.896457326832,6.938572366832002
0,8929124210,dota2-yb1-re-2026-08-04-game1,2026-08-04T14:38:55.576000+00:00,12.085291520000027,1.114717987104,13.200009507104028
0,8929276426,dota2-yb1-re-2026-08-04-game2,2026-08-04T15:54:25.550000+00:00,0.9999994300000001,0.00442499747775,1.00442442747775
0,8929365099,dota2-yb1-re-2026-08-04,2026-08-04T16:51:08.308000+00:00,10.260719980000033,2.1783694860615,12.439089466061533
0,8930200713,dota2-tr7-re-2026-08-05-game1,2026-08-05T08:20:38.811000+00:00,-7.407400000000024,1.38333195,-6.024068050000023
0,8930258778,dota2-tr7-re-2026-08-05-game2,2026-08-05T09:25:42.941000+00:00,48.325400000000016,3.0620041650000003,51.387404165000014
0,8930398938,dota2-playti-yb1-2026-08-05-game1,2026-08-05T12:24:04.133000+00:00,-3.733300000000014,1.2052479525,-2.5280520475000143
0,8930615242,dota2-playti-yb1-2026-08-05-game2,2026-08-05T14:02:56.166000+00:00,138.98180000000002,0.614994465,139.59679446500002
0,8930736914,dota2-playti-yb1-2026-08-05-game3,2026-08-05T15:09:49.519000+00:00,0.5999999999999996,0.07366499999999998,0.6736649999999996
0,8931781241,dota2-lvlup1-rearis-2026-08-06-game1,2026-08-06T09:28:03.156000+00:00,1.0,0.366525,1.366525
0,8931852727,dota2-lvlup1-rearis-2026-08-06-game2,2026-08-06T10:30:33.624000+00:00,-32.40894875999996,0.8675188778909999,-31.541429882108957
0,8931981851,dota2-rearis-nh-2026-08-06-game1,2026-08-06T12:26:15.226000+00:00,21.119999999999976,0.8090279999999999,21.929027999999978
0,8932085762,dota2-rearis-nh-2026-08-06-game2,2026-08-06T13:20:21.204000+00:00,0.0,0.0,0.0
0,8932181345,dota2-rearis-nh-2026-08-06,2026-08-06T14:22:22.478000+00:00,4.4961904000000175,0.24875890415999996,4.744949304160017
0,8932318084,dota2-nh-lvlup1-2026-08-06-game1,2026-08-06T15:34:15.395000+00:00,-1.932,0.005796,-1.926204
0,8932413808,dota2-nh-lvlup1-2026-08-06-game2,2026-08-06T16:23:29.211000+00:00,0.4560000000000013,0.080541,0.5365410000000013
0,8932523868,dota2-nh-lvlup1-2026-08-06,2026-08-06T17:36:18.454000+00:00,-1.6318000000000055,0.18153315,-1.4502668500000055
0,8932657929,dota2-ill-pr1-2026-08-06-game1,2026-08-06T19:12:10.345000+00:00,9.547396059999997,0.7107916593854999,10.258187719385496
0,8932835800,dota2-ill-pr1-2026-08-06,2026-08-06T21:22:55.783000+00:00,-22.62840066000001,1.679959106931,-20.94844155306901
0,8933374169,dota2-nh-z10-2026-08-07-game1,2026-08-07T09:29:47.916000+00:00,0.0,0.0,0.0
0,8933453728,dota2-nh-z10-2026-08-07-game2,2026-08-07T10:40:19.376000+00:00,0.0,0.0,0.0
0,8933575351,dota2-ill-stx-2026-08-07-game1,2026-08-07T12:33:02.695000+00:00,0.0,0.0,0.0
0,8933704579,dota2-ill-stx-2026-08-07-game2,2026-08-07T13:44:43.178000+00:00,0.0,0.101475,0.101475
0,8933879286,dota2-pr1-jenz-2026-08-07-game1,2026-08-07T15:25:51.002000+00:00,-0.25,0.018161250000000004,-0.23183874999999998
0,8933988979,dota2-pr1-jenz-2026-08-07-game2,2026-08-07T16:29:38.697000+00:00,-8.505613870000019,1.21094190921375,-7.294671960786269
0,8934184387,dota2-jenz-nemiga-2026-08-07-game1,2026-08-07T18:35:03.983000+00:00,0.0,0.0,0.0
0,8934279386,dota2-jenz-nemiga-2026-08-07-game2,2026-08-07T19:33:30.612000+00:00,0.0,0.7019913599999998,0.7019913599999998
0,8936825643,dota2-pr1-yes-2026-08-09-game1,2026-08-09T09:22:32.992000+00:00,-28.949600000000032,1.4920906200000001,-27.457509380000033
0,8937080738,dota2-pr1-yes-2026-08-09,2026-08-09T12:20:23.208000+00:00,26.032621250000034,1.76199523265625,27.794616482656284
0,8937188618,dota2-lvlup1-mouz-2026-08-09-game1,2026-08-09T13:17:49.636000+00:00,-21.864499999999996,1.4424494775,-20.422050522499998
0,8937335830,dota2-lvlup1-mouz-2026-08-09-game2,2026-08-09T14:27:35.299000+00:00,-18.309099999999987,1.8111087824999998,-16.497991217499987
0,8937484593,dota2-ill-re-2026-08-09-game1,2026-08-09T15:55:00.679000+00:00,0.0,0.0,0.0
0,8937631882,dota2-ill-re-2026-08-09-game2,2026-08-09T17:12:21.447000+00:00,1.875,0.064078125,1.939078125
0,8937722788,dota2-z10-navi-2026-08-09-game1,2026-08-09T18:17:16.930000+00:00,0.7400000000000038,0.254235,0.9942350000000038
0,8938509987,dota2-pr1-mouz-2026-08-10-game1,2026-08-10T09:24:47.767000+00:00,8.182099999999963,2.9036638725,11.085763872499964
0,8938565057,dota2-pr1-mouz-2026-08-10-game2,2026-08-10T10:12:07.159000+00:00,-12.050699999999985,1.0290878625,-11.021612137499986
0,8938634026,dota2-pr1-mouz-2026-08-10,2026-08-10T11:15:54.851000+00:00,-26.822800760000007,2.3733916476059997,-24.449409112394008
0,8938716198,dota2-ill-z10-2026-08-10-game1,2026-08-10T12:25:50.383000+00:00,-0.612858000000001,0.07617213314999999,-0.536685866850001
0,8939023869,dota2-yes-lvlup1-2026-08-10-game1,2026-08-10T15:24:37.289000+00:00,57.980587360000044,1.0352082382559997,59.01579559825604
0,8940059913,dota2-lvlup1-navi-2026-08-11-game1,2026-08-11T09:16:02.605000+00:00,25.917746599999973,0.5959608074399999,26.513707407439973
0,8940117837,dota2-lvlup1-navi-2026-08-11-game2,2026-08-11T10:12:11.551000+00:00,-7.533199999999976,3.81489624,-3.718303759999976
0,8940266495,dota2-mouz-re-2026-08-11-game1,2026-08-11T12:16:13.042000+00:00,4.090799999999994,0.7507199099999999,4.841519909999994
0,8940365227,dota2-mouz-re-2026-08-11-game2,2026-08-11T13:12:04.281000+00:00,4.782055700000001,2.484246430455,7.266302130455001
0,8940487898,dota2-mouz-re-2026-08-11,2026-08-11T14:25:06.999000+00:00,9.43327232,0.700169297148,10.133441617148
0,8940643574,dota2-yes-z10-2026-08-11-game1,2026-08-11T15:45:57.067000+00:00,32.65739999999997,1.707524895,34.364924894999966
0,8940756672,dota2-yes-z10-2026-08-11-game2,2026-08-11T16:48:25.758000+00:00,0.4917678400000014,0.050197676422500004,0.5419655164225015
0,8941656460,dota2-lvlup1-re-2026-08-12-game1,2026-08-12T09:19:34.658000+00:00,0.5969523999999997,0.0181007283,0.6150531282999997
0,8941733752,dota2-lvlup1-re-2026-08-12-game2,2026-08-12T10:35:42.245000+00:00,10.675999999999956,2.69150862,13.367508619999956
0,8941817475,dota2-lvlup1-re-2026-08-12,2026-08-12T11:50:26.039000+00:00,19.999800000000022,1.1609883899999998,21.16078839000002
0,8942003788,dota2-navi-lvlup1-2026-08-12-game1,2026-08-12T13:42:36.457000+00:00,5.1947999999999865,0.6681811499999999,5.862981149999986
0,8942152024,dota2-navi-lvlup1-2026-08-12-game2,2026-08-12T14:50:30.897000+00:00,1.3999999999999986,0.14805000000000001,1.5480499999999986
0,8942262723,dota2-navi-lvlup1-2026-08-12-game3,2026-08-12T15:53:47.795000+00:00,40.96320000000003,0.25499592000000004,41.21819592000003
0,8962372120,dota2-ic-nemiga-2026-08-24-game1,2026-08-24T07:17:08.649000+00:00,0.0,0.0,0.0
0,8962458373,dota2-ic-nemiga-2026-08-24-game2,2026-08-24T08:26:45.454000+00:00,-3.636400000000009,1.35246807,-2.283931930000009
0,8962592819,dota2-ks-lynx-2026-08-24-game1,2026-08-24T10:19:27.562000+00:00,-16.245003259999947,0.8586531415709999,-15.386350118428947
0,8962736746,dota2-ks-lynx-2026-08-24-game2,2026-08-24T11:33:18.452000+00:00,8.495818850000006,0.50639777580825,9.002216625808256
0,8962964580,dota2-sb5-stx-2026-08-24-game1,2026-08-24T13:25:23.881000+00:00,0.0,0.0,0.0
0,8963508714,dota2-rearis-lynx-2026-08-24-game2,2026-08-24T17:37:20.349000+00:00,-2.2738655899999998,0.8723527365277499,-1.4015128534722499
0,8963649188,dota2-dynast1-fts-2026-08-24-game1,2026-08-24T19:15:00.848000+00:00,14.712800000000009,0.23358959999999998,14.946389600000009
0,8963790789,dota2-dynast1-fts-2026-08-24-game2,2026-08-24T20:20:45.642000+00:00,-1.1669000000000125,0.8735877825,-0.29331221750001246
0,8964399842,dota2-pckcp-nemiga-2026-08-25-game1,2026-08-25T07:22:10.248000+00:00,-1.8627287199999998,0.21927335735400003,-1.6434553626459998
0,8964480771,dota2-pckcp-nemiga-2026-08-25-game2,2026-08-25T08:31:41.723000+00:00,4.4056774800000085,0.48340495992599997,4.889082439926009
0,8964574076,dota2-pckcp-nemiga-2026-08-25,2026-08-25T09:52:05.670000+00:00,-0.5999999999999996,1.1113650000000002,0.5113650000000005
0,8964657335,dota2-fts-pckcp-2026-08-25-game1,2026-08-25T10:52:11.864000+00:00,-0.8599999999999994,0.07504575,-0.7849542499999994
0,8964837315,dota2-fts-pckcp-2026-08-25-game2,2026-08-25T12:34:06.314000+00:00,-0.3999999999999915,0.5127,0.11270000000000857
0,8964962329,dota2-ic-fts-2026-08-25-game1,2026-08-25T13:50:36.471000+00:00,49.11396062999995,0.7389427198147499,49.8529033498147
0,8965097316,dota2-ic-fts-2026-08-25-game2,2026-08-25T14:41:01.046000+00:00,-6.6986849600000085,0.47188490524800003,-6.226800054752008
0,8964938940,dota2-rearis-spirit1-2026-08-25-game1,2026-08-25T16:23:39.394000+00:00,0.3275862399999987,0.12272613322800001,0.4503123732279987
0,8965544741,dota2-rearis-spirit1-2026-08-25,2026-08-25T18:44:21.316000+00:00,-21.20330000000005,0.9107453325,-20.29255466750005
0,8969842778,dota2-pckcp-ic-2026-08-28-game2,2026-08-28T08:21:21.985000+00:00,13.48921778999997,1.33599961394775,14.82521740394772
0,8969978865,dota2-rearis-sb5-2026-08-28-game1,2026-08-28T10:27:01.322000+00:00,0.0,0.205509375,0.205509375
0,8970089224,dota2-rearis-sb5-2026-08-28-game2,2026-08-28T11:41:09.553000+00:00,0.0,0.0,0.0
0,8970207176,dota2-rearis-sb5-2026-08-28,2026-08-28T12:56:49.576000+00:00,2.6758330400000148,0.37094737328399996,3.0467804132840146
0,8970338180,dota2-synaps-nemiga-2026-08-28-game1,2026-08-28T14:09:13.367000+00:00,-3.9684000000000026,1.29198105,-2.6764189500000026
0,8970352005,dota2-dynast1-ic-2026-08-28-game1,2026-08-28T14:10:35.964000+00:00,0.29515769999999986,0.053809426755,0.34896712675499986
0,8970470057,dota2-synaps-nemiga-2026-08-28-game2,2026-08-28T15:09:53.245000+00:00,130.49448485000002,0.7107085504462499,131.20519340044626
0,8970485789,dota2-dynast1-ic-2026-08-28-game2,2026-08-28T15:14:26.848000+00:00,-33.78059999999996,1.3539190349999999,-32.42668096499996
0,8970575970,dota2-synaps-nemiga-2026-08-28,2026-08-28T16:02:11.965000+00:00,3.7075899499999956,0.92601518608125,4.633605136081245
0,8970655100,dota2-dynast1-ic-2026-08-28,2026-08-28T16:43:34.585000+00:00,-2.8571000000000026,1.0006162724999998,-1.8564837275000028
0,8970886632,dota2-dynast1-pckcp-2026-08-28-game2,2026-08-28T18:51:22.084000+00:00,0.0,0.12699749999999999,0.12699749999999999
0,8971007454,dota2-ks-rearis-2026-08-28-game1,2026-08-28T20:11:41.712000+00:00,-10.707633199999988,0.9396789628199999,-9.767954237179987
0,8971016820,dota2-fts-nemiga-2026-08-28-game1,2026-08-28T20:17:43.711000+00:00,0.0,0.0,0.0
0,8971111987,dota2-ks-rearis-2026-08-28-game2,2026-08-28T21:24:47.695000+00:00,-0.9670161999999953,0.322214458275,-0.6448017417249954
0,8971423978,dota2-db2-satan-2026-08-28-game2,2026-08-29T03:20:55.120000+00:00,2.3999999999999986,0.05665499999999998,2.4566549999999987
0,8971501630,dota2-nexus-cres-2026-08-28,2026-08-29T04:51:09.441000+00:00,-45.242400480000015,1.253571477696,-43.988829002304016
0,8971519375,dota2-nem-6seven-2026-08-29-game1,2026-08-29T05:14:15.579000+00:00,-12.280000000000015,0.36744299999999996,-11.912557000000016
0,8971586781,dota2-nem-6seven-2026-08-29-game2,2026-08-29T06:13:46.689000+00:00,-1.5,0.0914175,-1.4085825
0,8971664649,dota2-nem-6seven-2026-08-29,2026-08-29T07:24:10.704000+00:00,7.638600000000011,0.9538701749999999,8.592470175000011
0,8971753986,dota2-icecre-kineti-2026-08-29-game1,2026-08-29T08:38:12.829000+00:00,0.0,0.0,0.0
0,8971849697,dota2-icecre-kineti-2026-08-29-game2,2026-08-29T09:43:14.699000+00:00,0.0,0.0,0.0
0,8971891627,dota2-dynast1-nemiga-2026-08-29-game1,2026-08-29T10:17:49.464000+00:00,17.00630000000003,0.6780353024999999,17.68433530250003
0,8971964803,dota2-mouz-yes-2026-08-29-game1,2026-08-29T11:13:49.271000+00:00,-20.422499999999985,1.0203226875,-19.402177312499987
0,8971988345,dota2-sb5-lynx-2026-08-29-game1,2026-08-29T11:21:30.742000+00:00,-31.786541999999983,0.6086760794999999,-31.177865920499983
0,8972103119,dota2-sb5-lynx-2026-08-29-game2,2026-08-29T12:31:54.536000+00:00,-18.620000000000022,1.1106007500000001,-17.509399250000023
0,8972115962,dota2-mouz-yes-2026-08-29-game2,2026-08-29T12:36:59.931000+00:00,-11.810000000000002,0.6266998275,-11.183300172500003
0,8972289868,dota2-huliga-lynx-2026-08-29-game1,2026-08-29T14:15:10.550000+00:00,-3.965077339999997,0.209837881071,-3.755239458928997
0,8972502454,dota2-huliga-lynx-2026-08-29-game2,2026-08-29T15:52:19.963000+00:00,-1.1400000000000006,0.4915965,-0.6484035000000006
0,8972611918,dota2-huliga-lynx-2026-08-29,2026-08-29T16:49:36.587000+00:00,-9.777100000000004,0.8989101975,-8.878189802500005
0,8972773416,dota2-pi-lvlup1-2026-08-29-game1,2026-08-29T18:17:23.637000+00:00,-44.320193919999994,1.464755560398,-42.855438359602
0,8972893200,dota2-pi-lvlup1-2026-08-29-game2,2026-08-29T19:20:53.860000+00:00,-22.600100000000026,1.0871223824999998,-21.512977617500027
0,8973011673,dota2-pi-lvlup1-2026-08-29,2026-08-29T20:33:12.059000+00:00,-1.2026000000000003,0.089559225,-1.1130407750000004
0,8973010298,dota2-ks-spirit1-2026-08-29-game1,2026-08-29T20:38:42.759000+00:00,-44.55000000000001,0.41098724999999997,-44.13901275000001
0,8973337131,dota2-icecre-xctn-2026-08-30-game1,2026-08-30T02:14:49.254000+00:00,0.0,0.0,0.0
0,8973405568,dota2-icecre-xctn-2026-08-30-game2,2026-08-30T03:19:55.483000+00:00,4.863121289999995,0.59972070116025,5.4628419911602455
0,8973462028,dota2-icecre-xctn-2026-08-30,2026-08-30T04:30:11.988000+00:00,0.08598400000000339,0.3832440876,0.4692280876000034
0,8973502629,dota2-clo-yb1-2026-08-30-game1,2026-08-30T05:13:07.837000+00:00,0.0,0.0,0.0
0,8973568453,dota2-clo-yb1-2026-08-30-game2,2026-08-30T06:12:50.377000+00:00,0.7558852899999984,0.047816843582249996,0.8037021335822484
0,8973613420,dota2-clo-yb1-2026-08-30,2026-08-30T07:04:46.677000+00:00,3.7933232999999973,0.2228963610375,4.016219661037497
0,8973707438,dota2-lynx-lvlup1-2026-08-30-game1,2026-08-30T08:16:36.050000+00:00,8.861399999999973,1.309325565,10.170725564999973
0,8973859403,dota2-lynx-lvlup1-2026-08-30-game2,2026-08-30T09:56:31.353000+00:00,0.7971999999999966,0.36877709999999997,1.1659770999999965
0,8973884000,dota2-nem-xctn-2026-08-30-game2,2026-08-30T10:12:32.710000+00:00,7.880546079999981,0.47044936220699995,8.350995442206981
0,8973944033,dota2-lynx-lvlup1-2026-08-30,2026-08-30T10:50:43.696000+00:00,1.2999999999999905,1.7133075,3.0133074999999905
0,8974185539,dota2-navi-mouz-2026-08-30-game2,2026-08-30T13:08:29.090000+00:00,54.622099159999976,3.392280605862,58.014379765861975
0,8974647733,dota2-lvlup1-pr1-2026-08-30-game1,2026-08-30T17:09:16.077000+00:00,3.1223990600000073,0.764959661553,3.8873587215530074
0,8974898633,dota2-lvlup1-pr1-2026-08-30,2026-08-30T19:25:58.777000+00:00,-23.399622750000006,1.78254505839375,-21.617077691606255
0,8975110449,dota2-dynast1-ks-2026-08-30-game2,2026-08-30T21:54:27.706000+00:00,13.420499999999976,0.6434430525000001,14.063943052499976
0,8975871235,dota2-synaps-lynx-2026-08-31-game1,2026-08-31T12:26:44.788000+00:00,-1.9639584399999972,0.11681419637099999,-1.847144243628997
0,8976012755,dota2-synaps-lynx-2026-08-31-game2,2026-08-31T13:41:35.303000+00:00,-5.339600000000047,2.233353945,-3.106246055000047
0,8976166971,dota2-synaps-lynx-2026-08-31,2026-08-31T15:09:07.826000+00:00,18.04152031999996,1.519402627416,19.56092294741596
0,8976300473,dota2-4iki-ic-2026-08-31-game1,2026-08-31T16:25:39.940000+00:00,-1.5,0.17741249999999997,-1.3225875
0,8976441468,dota2-4iki-ic-2026-08-31-game2,2026-08-31T17:43:06.122000+00:00,64.38186404000001,0.922178149836,65.30404218983601
0,8976511215,dota2-4iki-ic-2026-08-31,2026-08-31T18:29:54.020000+00:00,93.42872466,1.2382527824864997,94.6669774424865
0,8976665322,dota2-spirit1-pi-2026-08-31-game1,2026-08-31T20:26:57.494000+00:00,21.875,1.0225781250000001,22.897578125
0,8976751962,dota2-spirit1-pi-2026-08-31-game2,2026-08-31T21:40:17.685000+00:00,12.939638400000007,0.305878007862,13.245516407862008
0,8977325814,dota2-ks-pckcp-2026-09-01-game2,2026-09-01T10:26:27.059000+00:00,1.6907999999999959,0.24790418999999997,1.9387041899999957
0,8977476867,dota2-ic-lynx-2026-09-01-game1,2026-09-01T12:26:04.131000+00:00,-6.396179040000021,1.648306244544,-4.747872795456021
0,8977623650,dota2-ic-lynx-2026-09-01-game2,2026-09-01T13:53:28.128000+00:00,10.369876999999995,0.316642219875,10.686519219874995
0,8977913355,dota2-synaps-lvlup1-2026-09-01-game2,2026-09-01T16:37:59.217000+00:00,4.940000000000005,0.13708499999999998,5.077085000000005
0,8978023576,dota2-synaps-lvlup1-2026-09-01,2026-09-01T17:45:54.185000+00:00,-4.323119489999996,0.09764226489075001,-4.2254772251092465
0,8978832148,dota2-pr1-ic-2026-09-02-game1,2026-09-02T09:52:32.767000+00:00,23.24718011999998,1.051277247423,24.298457367422984
0,8978916284,dota2-pr1-ic-2026-09-02-game2,2026-09-02T11:19:11.539000+00:00,0.09999999999999964,0.0305625,0.13056249999999964
0,8978986214,dota2-pr1-ic-2026-09-02,2026-09-02T12:20:55.440000+00:00,-0.6448,0.05336526,-0.5914347400000001
0,8979131280,dota2-dynast1-pckcp-2026-09-02-game1,2026-09-02T13:56:13.878000+00:00,0.0,0.0,0.0
0,8979241530,dota2-dynast1-pckcp-2026-09-02-game2,2026-09-02T14:56:18.245000+00:00,0.8628997700000056,0.10335788113724997,0.9662576511372556
0,8979344496,dota2-synaps-4iki-2026-09-02-game1,2026-09-02T15:59:27.587000+00:00,-2.1491728199999933,0.9143096975789999,-1.2348631224209934
0,8980293569,dota2-z10-ks-2026-09-03-game1,2026-09-03T09:18:42.909000+00:00,-5.6333486400000226,0.886898629212,-4.746450010788022
0,8980358113,dota2-z10-ks-2026-09-03-game2,2026-09-03T10:27:20.250000+00:00,9.778321199999993,0.8621866854,10.640507885399993
0,8980463789,dota2-pckcp-spirit1-2026-09-03-game1,2026-09-03T12:14:02.762000+00:00,11.291852399999982,0.6916276727399999,11.983480072739981
0,8980769413,dota2-pi-dynast1-2026-09-03-game1,2026-09-03T15:17:23.998000+00:00,45.454871640000015,0.8597696097869998,46.314641249787016
1,8837869969,dota2-aur1-ty-2026-06-04-game1,2026-06-04T09:17:47.612000+00:00,13.029199999999989,2.55652455,15.585724549999988
1,8837957019,dota2-aur1-ty-2026-06-04-game2,2026-06-04T11:05:49.570000+00:00,-63.51580000000004,4.96783512,-58.54796488000004
1,8838056564,dota2-flc-liquid-2026-06-04-game1,2026-06-04T12:43:48.535000+00:00,-3.1453000000000024,1.7592490425,-1.3860509575000024
1,8838170936,dota2-flc-liquid-2026-06-04-game2,2026-06-04T14:05:12.636000+00:00,-11.402216879999955,1.297702197162,-10.104514682837955
1,8838396820,dota2-lgd-ty-2026-06-04-game2,2026-06-04T16:48:28.531000+00:00,-3.1393999999999984,0.318707925,-2.8206920749999984
1,8838480778,dota2-lgd-ty-2026-06-04,2026-06-04T17:57:47.377000+00:00,-1.0,0.36862500000000004,-0.631375
1,8839123109,dota2-flc-bb4-2026-06-05-game1,2026-06-05T09:16:39.267000+00:00,4.8016999999999825,1.0502035875,5.851903587499983
1,8839193447,dota2-flc-bb4-2026-06-05-game2,2026-06-05T10:38:10.594000+00:00,-5.012820890000029,1.81475617810575,-3.198064711894279
1,8839366504,dota2-lgd-liquid-2026-06-05-game2,2026-06-05T13:21:18.066000+00:00,-4.551799999999986,2.023148055,-2.528651944999986
1,8839494962,dota2-flc-aur1-2026-06-05-game1,2026-06-05T14:52:18.684000+00:00,23.136500000000012,2.0881443225,25.224644322500012
1,8839625815,dota2-flc-aur1-2026-06-05-game2,2026-06-05T16:13:53.150000+00:00,7.188000000000002,0.39238361999999993,7.580383620000003
1,8839717574,dota2-flc-aur1-2026-06-05,2026-06-05T17:21:15.591000+00:00,-5.686766600000041,3.045737579166,-2.6410290208340412
1,8840635639,dota2-ty-bb4-2026-06-06-game1,2026-06-06T10:47:49.658000+00:00,10.319799999999987,1.4899749,11.809774899999987
1,8840704374,dota2-ty-bb4-2026-06-06-game2,2026-06-06T11:51:44.485000+00:00,-15.256222340000022,3.6036611569934998,-11.652561183006522
1,8840821227,dota2-ty-bb4-2026-06-06,2026-06-06T13:12:37.368000+00:00,-0.06260079000000474,2.84917469804475,2.7865739080447454
1,8840984097,dota2-aur1-lgd-2026-06-06-game1,2026-06-06T15:05:33.978000+00:00,-8.372499999999974,1.7361683925000002,-6.636331607499974
1,8841114801,dota2-aur1-lgd-2026-06-06-game2,2026-06-06T16:30:29.855000+00:00,47.583800000000025,1.605036615,49.18883661500003
1,8842052142,dota2-bb4-lgd-2026-06-07-game1,2026-06-07T09:18:04.694000+00:00,-13.858400740000008,0.7075652977244999,-13.150835442275508
1,8842134886,dota2-bb4-lgd-2026-06-07-game2,2026-06-07T10:28:41.168000+00:00,-15.133539769999999,2.44832929251675,-12.685210477483249
1,8842245726,dota2-bb4-lgd-2026-06-07,2026-06-07T11:59:53.564000+00:00,31.271799999999992,1.9967110799999999,33.26851107999999
1,8842468101,dota2-ty-lgd-2026-06-07-game1,2026-06-07T14:21:40.854000+00:00,-9.915260189999994,0.91317283308225,-9.002087356917745
1,8842596730,dota2-ty-lgd-2026-06-07-game2,2026-06-07T15:49:20.066000+00:00,-7.5455000000000325,0.8633166525,-6.6821833475000325
1,8842722527,dota2-ty-lgd-2026-06-07-game3,2026-06-07T17:12:22.566000+00:00,37.97029915000003,2.1999172855237497,40.170216435523784
1,8842845018,dota2-ty-lgd-2026-06-07-game4,2026-06-07T18:51:58.999000+00:00,0.2414000000000005,0.019100775,0.2605007750000005
1,8843465364,dota2-4iki-nande4-2026-06-08-game1,2026-06-08T09:15:08.776000+00:00,-0.7919999999999994,0.0652344,-0.7267655999999993
1,8843512570,dota2-4iki-nande4-2026-06-08-game2,2026-06-08T10:09:45.609000+00:00,0.0,0.8999865,0.8999865
1,8843560379,dota2-4iki-nande4-2026-06-08,2026-06-08T11:10:54.138000+00:00,-3.1283000000000243,1.2634561574999998,-1.8648438425000244
1,8843760302,dota2-vpp-balu-2026-06-08-game2,2026-06-08T13:42:26.324000+00:00,8.95999999999998,0.274848,9.23484799999998
1,8844054970,dota2-z10-sb5-2026-06-08-game2,2026-06-08T17:08:41.204000+00:00,20.35140000000001,0.6544362149999999,21.00583621500001
1,8844132483,dota2-vpp-z10-2026-06-08-game1,2026-06-08T18:23:01.210000+00:00,0.0,0.0,0.0
1,8844244719,dota2-vpp-z10-2026-06-08-game2,2026-06-08T19:45:42.908000+00:00,1.2799999999999994,0.021732,1.3017319999999994
1,8844308689,dota2-vpp-z10-2026-06-08,2026-06-08T20:50:38.757000+00:00,51.61280000000002,0.98515932,52.59795932000002
1,8850534819,dota2-ill-pr1-2026-06-13-game2,2026-06-13T17:10:42.502000+00:00,-5.986100000000029,0.7701129074999999,-5.215987092500029
1,8850593633,dota2-ill-pr1-2026-06-13,2026-06-13T18:00:57.551000+00:00,0.0,0.0,0.0
1,8851984783,dota2-4iki-pr1-2026-06-14-game2,2026-06-14T16:46:25.798000+00:00,-4.949800000000007,1.55191146,-3.397888540000007
1,8852055373,dota2-4iki-pr1-2026-06-14,2026-06-14T17:46:02.690000+00:00,0.0,0.0,0.0
1,8854443395,dota2-fla-spirit1-2026-06-16-game1,2026-06-16T16:31:44.570000+00:00,0.3630999999999993,0.058464697499999996,0.4215646974999993
1,8885183102,dota2-flc-bb4-2026-07-07-game1,2026-07-07T09:47:24.433000+00:00,-19.69580000000003,0.8091839249999999,-18.88661607500003
1,8885195986,dota2-re-xtreme-2026-07-07-game1,2026-07-07T09:55:03.037000+00:00,16.677999999999997,0.6451688099999998,17.32316881
1,8885252329,dota2-flc-bb4-2026-07-07-game2,2026-07-07T11:01:59.599000+00:00,-5.118799999999971,2.78885826,-2.329941739999971
1,8885275216,dota2-re-xtreme-2026-07-07-game2,2026-07-07T11:16:11.813000+00:00,-10.140432999999973,0.8986567706249999,-9.241776229374974
1,8885365825,dota2-l1ga-ngx-2026-07-07-game1,2026-07-07T12:34:49.112000+00:00,0.0,0.0,0.0
1,8885380529,dota2-liquid-playti-2026-07-07-game1,2026-07-07T12:43:07.045000+00:00,-0.3899999999999997,0.42130125,0.031301250000000336
1,8885411801,dota2-lvlup1-aur1-2026-07-07-game1,2026-07-07T13:06:28.530000+00:00,-13.953599999999994,0.48907367999999996,-13.464526319999994
1,8885470551,dota2-l1ga-ngx-2026-07-07-game2,2026-07-07T13:39:34.570000+00:00,-14.207999999999984,1.925179875,-12.282820124999985
1,8885473599,dota2-liquid-playti-2026-07-07-game2,2026-07-07T13:52:27.923000+00:00,35.82904468000004,3.539198999844,39.368243679844035
1,8885529711,dota2-lvlup1-aur1-2026-07-07-game2,2026-07-07T14:23:52.590000+00:00,8.0,0.05519999999999997,8.0552
1,8885633666,dota2-ts8-mouz-2026-07-07-game1,2026-07-07T15:33:28.678000+00:00,17.555700000000044,3.3901929075,20.945892907500046
1,8885665054,dota2-nem-pari-2026-07-07-game1,2026-07-07T15:41:38.548000+00:00,22.11049100000003,0.979477943925,23.089968943925033
1,8885784652,dota2-ts8-mouz-2026-07-07-game2,2026-07-07T17:16:32.961000+00:00,-11.50459391999997,2.031250070064,-9.473343849935969
1,8885871759,dota2-ic-1win-2026-07-07-game1,2026-07-07T18:31:07.999000+00:00,0.0,0.0,0.0
1,8885928262,dota2-ty-og-2026-07-07-game1,2026-07-07T19:03:44.444000+00:00,36.36840000000004,0.4605572249999999,36.82895722500004
1,8885974297,dota2-ic-1win-2026-07-07-game2,2026-07-07T19:32:14.446000+00:00,0.0,0.0,0.0
1,8886005043,dota2-ty-og-2026-07-07-game2,2026-07-07T20:03:05.981000+00:00,-0.5999999999999996,0.055425,-0.5445749999999996
1,8886576019,dota2-poorra-bb4-2026-07-08-game1,2026-07-08T09:20:01.472000+00:00,-16.54339999999999,0.6647785049999999,-15.878621494999992
1,8886572854,dota2-gl-xtreme-2026-07-08-game1,2026-07-08T09:27:27.007000+00:00,-17.560399999999987,4.35749427,-13.202905729999987
1,8886638110,dota2-poorra-bb4-2026-07-08-game2,2026-07-08T10:36:00.005000+00:00,2.5214,0.19266937499999998,2.714069375
1,8886640910,dota2-flc-re-2026-07-08-game2,2026-07-08T10:39:41.623000+00:00,2.5,0.2998124999999999,2.7998125
1,8886641793,dota2-gl-xtreme-2026-07-08-game2,2026-07-08T10:45:04.782000+00:00,22.760799109999994,1.56505223726325,24.325851347263242
1,8886728756,dota2-l1ga-playti-2026-07-08-game1,2026-07-08T12:02:19.795000+00:00,-12.199099999999987,3.8447641125,-8.354335887499987
1,8886736772,dota2-liquid-lvlup1-2026-07-08-game1,2026-07-08T12:08:59.488000+00:00,6.976799999999997,0.38075886000000003,7.3575588599999975
1,8886788497,dota2-ngx-aur1-2026-07-08-game1,2026-07-08T12:47:30.744000+00:00,4.478414810000004,0.4747582756777499,4.953173085677753
1,8886815251,dota2-l1ga-playti-2026-07-08-game2,2026-07-08T13:04:20.712000+00:00,46.429400000000015,1.050636285,47.48003628500002
1,8886862310,dota2-liquid-lvlup1-2026-07-08-game2,2026-07-08T13:37:25.898000+00:00,12.454400000000021,0.6604209,13.114820900000021
1,8886994890,dota2-ts8-nem-2026-07-08-game1,2026-07-08T14:59:11.781000+00:00,0.0,0.0,0.0
1,8887100676,dota2-vg-pari-2026-07-08-game1,2026-07-08T16:18:23.954000+00:00,0.0,0.0,0.0
1,8887114313,dota2-ts8-nem-2026-07-08-game2,2026-07-08T16:15:19.583000+00:00,-22.08099999999999,0.630981225,-21.45001877499999
1,8887197358,dota2-vg-pari-2026-07-08-game2,2026-07-08T17:23:00.102000+00:00,-10.338099999999997,0.6432707324999999,-9.694829267499998
1,8887218598,dota2-lgd-og-2026-07-08-game1,2026-07-08T17:27:41.870000+00:00,0.8000000000000007,0.053009999999999995,0.8530100000000007
1,8887260104,dota2-ty-ic-2026-07-08-game1,2026-07-08T17:58:24.214000+00:00,0.27749999999999986,0.0515941875,0.32909418749999986
1,8887314193,dota2-lgd-og-2026-07-08-game2,2026-07-08T18:40:30.736000+00:00,-62.088899999999995,2.7974393175000003,-59.291460682499995
1,8887325211,dota2-vp-1win-2026-07-08-game1,2026-07-08T18:51:24.334000+00:00,-23.711308599999995,1.169537097975,-22.541771502024996
1,8887337672,dota2-ty-ic-2026-07-08-game2,2026-07-08T19:01:29.872000+00:00,0.0,0.0,0.0
1,8887432754,dota2-vp-1win-2026-07-08-game2,2026-07-08T20:20:02.742000+00:00,48.40419999999999,0.31102655999999995,48.71522655999999
1,8887986392,dota2-poorra-xtreme-2026-07-09-game1,2026-07-09T09:21:30.237000+00:00,-46.81899999999999,1.79222121,-45.02677878999999
1,8887998750,dota2-bb4-re-2026-07-09-game1,2026-07-09T09:29:32.198000+00:00,-2.8000000000000043,0.11324999999999999,-2.6867500000000044
1,8888056358,dota2-poorra-xtreme-2026-07-09-game2,2026-07-09T10:34:44.979000+00:00,-23.897200000000026,2.09190138,-21.805298620000027
1,8888066684,dota2-bb4-re-2026-07-09-game2,2026-07-09T10:43:25.275000+00:00,-12.703897759999991,0.9304150309079999,-11.773482729091992
1,8888083694,dota2-gl-flc-2026-07-09-game2,2026-07-09T11:11:32.224000+00:00,33.91743314000004,1.8963270436455,35.81376018364554
1,8888160657,dota2-l1ga-aur1-2026-07-09-game1,2026-07-09T12:09:38.901000+00:00,11.878699999999991,0.5510763075,12.429776307499992
1,8888173515,dota2-playti-lvlup1-2026-07-09-game1,2026-07-09T12:20:27.216000+00:00,7.143000000000001,0.441973125,7.584973125
1,8888217771,dota2-ngx-liquid-2026-07-09-game1,2026-07-09T12:52:14.212000+00:00,28.208600000000047,1.7617912949999996,29.970391295000045
1,8888260336,dota2-l1ga-aur1-2026-07-09-game2,2026-07-09T13:20:05.771000+00:00,-1.2000000000000028,0.09764999999999997,-1.1023500000000028
1,8888279558,dota2-playti-lvlup1-2026-07-09-game2,2026-07-09T13:33:23.111000+00:00,40.9632,0.25499592000000004,41.21819592
1,8888318197,dota2-ngx-liquid-2026-07-09-game2,2026-07-09T14:04:08.888000+00:00,-21.794700000000034,2.2879605974999997,-19.506739402500035
1,8888405761,dota2-mouz-nem-2026-07-09-game1,2026-07-09T14:48:45.816000+00:00,10.8108,0.7378370999999999,11.5486371
1,8888425887,dota2-rnx-pari-2026-07-09-game1,2026-07-09T15:02:02.148000+00:00,2.050499999999971,0.19660931250000002,2.2471093124999713
1,8888489297,dota2-vg-ts8-2026-07-09-game1,2026-07-09T15:42:43.149000+00:00,0.0,0.0,0.0
1,8888555097,dota2-mouz-nem-2026-07-09-game2,2026-07-09T16:24:34.308000+00:00,-27.027000000000015,1.9507003349999996,-25.076299665000015
1,8888554919,dota2-rnx-pari-2026-07-09-game2,2026-07-09T16:26:10.054000+00:00,0.0,0.0,0.0
1,8888592426,dota2-vg-ts8-2026-07-09-game2,2026-07-09T16:59:54.115000+00:00,-7.700500000000005,1.5948172425,-6.105682757500006
1,8888682602,dota2-og-ic-2026-07-09-game1,2026-07-09T17:53:01.981000+00:00,-100.89524343999994,3.355454612472,-97.53978882752794
1,8888693655,dota2-vp-ty-2026-07-09-game1,2026-07-09T18:07:57.629000+00:00,0.0,0.35999568000000004,0.35999568000000004
1,8888731478,dota2-lgd-1win-2026-07-09-game1,2026-07-09T18:35:20.326000+00:00,-14.492999999999995,0.965885985,-13.527114014999995
1,8888771711,dota2-og-ic-2026-07-09-game2,2026-07-09T19:04:50.495000+00:00,0.0,0.0,0.0
1,8888819433,dota2-lgd-1win-2026-07-09-game2,2026-07-09T19:41:02.532000+00:00,4.93827847999998,1.398528310818,6.336806790817979
1,8889452921,dota2-re-gl-2026-07-10-game1,2026-07-10T09:17:34.068000+00:00,77.03459820999996,2.1339292008382498,79.16852741083821
1,8889468264,dota2-xtreme-bb4-2026-07-10-game1,2026-07-10T09:26:30.741000+00:00,-5.10270000000002,0.9149862375,-4.18771376250002
1,8889513730,dota2-poorra-flc-2026-07-10-game2,2026-07-10T10:17:36.842000+00:00,0.0,0.23906249999999998,0.23906249999999998
1,8889524021,dota2-xtreme-bb4-2026-07-10-game2,2026-07-10T10:37:39.793000+00:00,-2.9850999999999885,1.6606965374999998,-1.3244034624999887
1,8889538949,dota2-re-gl-2026-07-10-game2,2026-07-10T10:40:57.402000+00:00,-20.798399999999987,2.03589531,-18.762504689999986
1,8889615310,dota2-l1ga-liquid-2026-07-10-game1,2026-07-10T11:48:20.990000+00:00,5.0,0.57675,5.57675
1,8889621582,dota2-aur1-playti-2026-07-10-game1,2026-07-10T11:57:42.116000+00:00,-40.50739999999999,1.549032855,-38.95836714499999
1,8889699098,dota2-l1ga-liquid-2026-07-10-game2,2026-07-10T12:46:15.831000+00:00,0.0,0.0,0.0
1,8889733840,dota2-aur1-playti-2026-07-10-game2,2026-07-10T13:14:22.837000+00:00,-71.90640000000002,2.64170646,-69.26469354000002
1,8889871314,dota2-nem-vg-2026-07-10-game1,2026-07-10T14:27:52.631000+00:00,36.39240000000001,0.5400321299999999,36.93243213000001
1,8889914618,dota2-pari-mouz-2026-07-10-game1,2026-07-10T14:59:49.254000+00:00,1.8761364800000173,1.0421543392319998,2.918290819232017
1,8889944251,dota2-rnx-ts8-2026-07-10-game1,2026-07-10T15:15:29.857000+00:00,16.092299999999966,0.29224766250000006,16.384547662499966
1,8890008812,dota2-nem-vg-2026-07-10-game2,2026-07-10T15:49:04.827000+00:00,32.321200000000005,0.8790252749999998,33.200225275
1,8890036748,dota2-pari-mouz-2026-07-10-game2,2026-07-10T16:15:07.698000+00:00,4.399999999999999,0.07256999999999998,4.472569999999998
1,8890074597,dota2-rnx-ts8-2026-07-10-game2,2026-07-10T16:28:42.555000+00:00,0.0,0.0,0.0
1,8890179830,dota2-lgd-ty-2026-07-10-game1,2026-07-10T17:38:53.401000+00:00,23.420699999999982,0.9365871375000001,24.35728713749998
1,8890270555,dota2-1win-og-2026-07-10-game2,2026-07-10T18:36:26.467000+00:00,0.0,0.0,0.0
1,8890268632,dota2-lgd-ty-2026-07-10-game2,2026-07-10T18:43:14.663000+00:00,-50.88129999999998,1.6708902975,-49.21040970249998
1,8890301402,dota2-ic-vp-2026-07-10-game2,2026-07-10T18:52:09.717000+00:00,0.0,0.0,0.0
1,8891108843,dota2-poorra-re-2026-07-11-game1,2026-07-11T09:15:44.932000+00:00,26.089600000000022,1.6694608800000001,27.75906088000002
1,8891108985,dota2-bb4-gl-2026-07-11-game1,2026-07-11T09:17:06.187000+00:00,-7.8955568000000085,0.8931193107000001,-7.002437489300008
1,8891145641,dota2-xtreme-flc-2026-07-11-game1,2026-07-11T09:30:07.111000+00:00,0.0,0.0,0.0
1,8891217710,dota2-poorra-re-2026-07-11-game2,2026-07-11T10:44:50.172000+00:00,-60.685200699999996,1.4265875076375,-59.258613192362496
1,8891240327,dota2-xtreme-flc-2026-07-11-game2,2026-07-11T11:01:14.698000+00:00,9.688800000000004,1.80231678,11.491116780000004
1,8891325877,dota2-l1ga-lvlup1-2026-07-11-game1,2026-07-11T12:09:46.181000+00:00,-15.189999999999998,0.6610222499999999,-14.528977749999997
1,8891349244,dota2-playti-ngx-2026-07-11-game1,2026-07-11T12:27:52.369000+00:00,24.340600000000002,3.67505076,28.015650760000003
1,8891371442,dota2-aur1-liquid-2026-07-11-game1,2026-07-11T12:43:19.319000+00:00,2.6950670000000017,0.09953237812499999,2.794599378125002
1,8891438996,dota2-l1ga-lvlup1-2026-07-11-game2,2026-07-11T13:19:40.554000+00:00,22.796,1.8226069800000002,24.61860698
1,8891497910,dota2-aur1-liquid-2026-07-11-game2,2026-07-11T13:53:37.287000+00:00,32.22280000000001,0.740682225,32.96348222500001
1,8891519142,dota2-playti-ngx-2026-07-11-game2,2026-07-11T14:08:43.754000+00:00,-38.16799999999999,1.2077643,-36.96023569999999
1,8892829232,dota2-mouz-vg-2026-07-12-game1,2026-07-12T09:15:57.248000+00:00,-6.5955999999999975,0.9059448599999999,-5.6896551399999975
1,8892835652,dota2-rnx-nem-2026-07-12-game1,2026-07-12T09:19:01.546000+00:00,-9.624800000000029,1.4694504,-8.15534960000003
1,8892836635,dota2-pari-ts8-2026-07-12-game1,2026-07-12T09:26:06.808000+00:00,-21.662899999999976,3.5181835125,-18.144716487499977
1,8892923329,dota2-mouz-vg-2026-07-12-game2,2026-07-12T10:25:59.512000+00:00,-7.223900000000022,1.8427853625,-5.381114637500022
1,8892914077,dota2-pari-ts8-2026-07-12-game2,2026-07-12T10:31:28.406000+00:00,-0.19000000000000306,0.19465125,0.0046512499999969426
1,8892958964,dota2-rnx-nem-2026-07-12-game2,2026-07-12T10:53:08.655000+00:00,-86.10400000000003,2.533034505,-83.57096549500002
1,8893070561,dota2-1win-ty-2026-07-12-game1,2026-07-12T12:14:45.162000+00:00,3.383599999999987,1.44089175,4.8244917499999875
1,8893106015,dota2-og-vp-2026-07-12-game1,2026-07-12T12:36:42.440000+00:00,1.0599999999999987,0.0935865,1.1535864999999987
1,8893165071,dota2-1win-ty-2026-07-12-game2,2026-07-12T13:18:20.777000+00:00,-19.18563783999999,1.2748477289279998,-17.910790111071993
1,8893253595,dota2-og-vp-2026-07-12-game2,2026-07-12T13:56:28.498000+00:00,0.8894919799999954,0.355231285371,1.2447232653709954
1,8896139222,dota2-re-vp-2026-07-14-game1,2026-07-14T11:15:10.363000+00:00,29.357199999999995,1.68983655,31.047036549999994
1,8896140998,dota2-liquid-xtreme-2026-07-14-game1,2026-07-14T11:24:31.795000+00:00,-37.42590000000001,1.5871245074999998,-35.83877549250001
1,8896234088,dota2-re-vp-2026-07-14-game2,2026-07-14T12:30:48.003000+00:00,-11.738000000000024,0.78195021,-10.956049790000025
1,8896267691,dota2-liquid-xtreme-2026-07-14-game2,2026-07-14T13:05:08.216000+00:00,-9.386922780000006,1.0072855857465,-8.379637194253506
1,8896380183,dota2-re-vp-2026-07-14,2026-07-14T14:02:34.965000+00:00,-18.5833,2.0046151725,-16.578684827500002
1,8896486914,dota2-liquid-xtreme-2026-07-14,2026-07-14T15:13:00.049000+00:00,-0.771836860000001,0.112329514659,-0.659507345341001
1,8896645659,dota2-lgd-mouz-2026-07-14-game1,2026-07-14T16:55:49.823000+00:00,0.1612,0.022656660000000002,0.18385666
1,8896731473,dota2-lgd-mouz-2026-07-14-game2,2026-07-14T18:02:11.857000+00:00,-5.194800000000015,0.7102590299999999,-4.484540970000015
1,8897585705,dota2-aur1-re-2026-07-15-game1,2026-07-15T11:19:40.513000+00:00,-0.00040591999999151085,0.420002933784,0.4195970137840085
1,8897588873,dota2-ts8-liquid-2026-07-15-game1,2026-07-15T11:25:30.473000+00:00,-15.238000000000014,2.80072857,-12.437271430000013
1,8897695379,dota2-aur1-re-2026-07-15-game2,2026-07-15T12:41:48.340000+00:00,-9.195600000000013,0.438285285,-8.757314715000014
1,8897696869,dota2-ts8-liquid-2026-07-15-game2,2026-07-15T12:54:25.976000+00:00,-0.669623809999905,4.84380592964475,4.174182119644845
1,8897831774,dota2-ts8-liquid-2026-07-15,2026-07-15T14:13:24.528000+00:00,0.44099999999999895,0.04832257499999999,0.4893225749999989
1,8897841991,dota2-1win-vg-2026-07-15-game1,2026-07-15T14:22:22.284000+00:00,4.833400000000012,0.7311591149999999,5.564559115000011
1,8897971312,dota2-1win-vg-2026-07-15-game2,2026-07-15T15:33:39.656000+00:00,18.14760000000004,1.5948379350000002,19.74243793500004
1,8898003442,dota2-bb4-lgd-2026-07-15-game1,2026-07-15T15:56:58.589000+00:00,-1.0,0.0912,-0.9088
1,8898084910,dota2-1win-vg-2026-07-15,2026-07-15T16:49:08.935000+00:00,22.38702088000008,1.792250511096,24.17927139109608
1,8898117600,dota2-bb4-lgd-2026-07-15-game2,2026-07-15T17:15:52.403000+00:00,0.8000000000000398,0.746889375,1.5468893750000396
1,8899028080,dota2-ty-ts8-2026-07-17-game1,2026-07-16T11:25:22.617000+00:00,-1.8577999999999975,0.33133862999999997,-1.5264613699999976
1,8899120700,dota2-ty-ts8-2026-07-17-game2,2026-07-16T12:44:26.752000+00:00,-23.027066000000026,2.791512807,-20.235553193000026
1,8899307453,dota2-pari-re-2026-07-17-game1,2026-07-16T14:36:23.407000+00:00,-8.48355278000001,0.6072071187629999,-7.876345661237011
1,8899420575,dota2-pari-re-2026-07-17-game2,2026-07-16T15:46:28.167000+00:00,-4.0,0.24824999999999992,-3.75175
1,8900508749,dota2-flc-vg-2026-07-16-game1,2026-07-17T11:21:46.405000+00:00,-35.645399999999995,0.929391105,-34.716008894999995
1,8900623530,dota2-flc-vg-2026-07-16-game2,2026-07-17T12:54:30.551000+00:00,11.822184550000003,1.3304477378737498,13.152632287873752
1,8900771154,dota2-ngx-bb4-2026-07-16-game1,2026-07-17T14:28:08.196000+00:00,7.340499999999992,1.6649624625,9.005462462499992
1,8900882416,dota2-ngx-bb4-2026-07-16-game2,2026-07-17T15:33:10.588000+00:00,1.0,0.299025,1.2990249999999999
1,8902107148,dota2-bb4-vg-2026-07-18-game1,2026-07-18T11:22:02.020000+00:00,0.0,0.0,0.0
1,8902173969,dota2-bb4-vg-2026-07-18-game2,2026-07-18T12:21:15.910000+00:00,28.17071323000002,0.76013005712775,28.930843287127768
1,8902338515,dota2-ty-pari-2026-07-18-game1,2026-07-18T14:06:38.308000+00:00,-10.134563699999987,4.433271984765001,-5.701291715234986
1,8902431810,dota2-ty-pari-2026-07-18-game2,2026-07-18T15:09:37.865000+00:00,6.23599999999999,2.7567334199999998,8.99273341999999
1,8902610619,dota2-ty-pari-2026-07-18,2026-07-18T16:48:06.686000+00:00,15.09439999999995,1.39868484,16.493084839999952
1,8903705555,dota2-vg-ty-2026-07-19-game1,2026-07-19T10:24:33.152000+00:00,7.252199999999988,0.9572627549999999,8.209462754999988
1,8903789784,dota2-vg-ty-2026-07-19-game2,2026-07-19T11:31:19.185000+00:00,2.0,0.5230499999999999,2.52305
1,8904012666,dota2-bb4-pari-2026-07-19-game1,2026-07-19T13:57:51.853000+00:00,49.11960000000002,2.30579445,51.42539445000002
1,8904157676,dota2-bb4-pari-2026-07-19-game2,2026-07-19T15:17:11.337000+00:00,-12.992501750000045,6.403065241593749,-6.589436508406296
1,8904322271,dota2-bb4-pari-2026-07-19-game3,2026-07-19T16:52:33.960000+00:00,20.134299999999968,3.0603815324999997,23.194681532499967
1,8904419709,dota2-bb4-pari-2026-07-19-game4,2026-07-19T18:05:14.511000+00:00,5.405399999999986,0.75972897,6.165128969999986
1,8905035315,dota2-stx-lynx-2026-07-20-game1,2026-07-20T07:25:19.610000+00:00,5.0172000000000025,0.91473021,5.931930210000003
1,8905093611,dota2-stx-lynx-2026-07-20-game2,2026-07-20T08:36:36.644000+00:00,14.874349639999984,0.974232639012,15.848582279011984
1,8905164476,dota2-stx-lynx-2026-07-20,2026-07-20T10:04:24.370000+00:00,4.612949999999998,0.44084355750000004,5.053793557499998
1,8905233934,dota2-lynx-pckcp-2026-07-20-game1,2026-07-20T11:15:17.947000+00:00,41.468698739999944,1.3811092695704998,42.849808009570445
1,8905359313,dota2-lynx-pckcp-2026-07-20-game2,2026-07-20T12:49:30.119000+00:00,-7.729781860000037,1.0636087799819998,-6.666173080018037
1,8905490238,dota2-z10-nemiga-2026-07-20-game1,2026-07-20T14:13:02.081000+00:00,-30.68656294,1.2591970248914999,-29.427365915108503
1,8905612460,dota2-z10-nemiga-2026-07-20-game2,2026-07-20T15:25:40.567000+00:00,8.219099999999997,0.7797871125,8.998887112499997
1,8905741721,dota2-spirit1-jenz-2026-07-20-game1,2026-07-20T16:55:30.580000+00:00,12.429800000000014,2.070963465,14.500763465000015
1,8905885788,dota2-spirit1-jenz-2026-07-20-game2,2026-07-20T18:35:45.253000+00:00,-0.5,0.141855,-0.358145
1,8905975768,dota2-lvlup1-ill-2026-07-20-game1,2026-07-20T19:45:16.612000+00:00,1.2400000000000002,0.3296925,1.5696925000000002
1,8906069414,dota2-lvlup1-ill-2026-07-20-game2,2026-07-20T20:59:36.536000+00:00,-3.5747999999999784,1.726486155,-1.8483138449999785
1,8906479441,dota2-nemiga-dan-2026-07-21-game1,2026-07-21T07:24:02.590000+00:00,23.86310000000003,1.3566027374999998,25.219702737500032
1,8906547471,dota2-nemiga-dan-2026-07-21-game2,2026-07-21T08:48:51.736000+00:00,17.781799999999976,1.0976308499999998,18.879430849999977
1,8906626852,dota2-pckcp-stx-2026-07-21-game1,2026-07-21T10:17:03.931000+00:00,33.321628080000025,1.2870792171719998,34.608707297172025
1,8906706819,dota2-pckcp-stx-2026-07-21-game2,2026-07-21T11:28:10.072000+00:00,3.076899999999995,1.0428383324999997,4.1197383324999945
1,8906814740,dota2-pckcp-stx-2026-07-21,2026-07-21T12:50:32.182000+00:00,-16.420700719999928,2.565251060124,-13.855449659875928
1,8906911697,dota2-lynx-spirit1-2026-07-21-game1,2026-07-21T14:01:22.509000+00:00,0.0,0.0,0.0
1,8907021823,dota2-lynx-spirit1-2026-07-21-game2,2026-07-21T14:54:33.550000+00:00,-71.19868388000005,3.4596186188309996,-67.73906526116905
1,8907114935,dota2-lynx-spirit1-2026-07-21,2026-07-21T15:55:17.448000+00:00,-0.8860000000000099,1.24450335,0.3585033499999901
1,8907236730,dota2-jenz-lynx-2026-07-21-game1,2026-07-21T17:22:36.365000+00:00,0.0,0.0,0.0
1,8907319204,dota2-jenz-lynx-2026-07-21-game2,2026-07-21T18:19:16.673000+00:00,-38.43925594999996,0.8496549129337501,-37.58960103706621
1,8907510684,dota2-z10-aion-2026-07-21-game2,2026-07-21T20:45:41.820000+00:00,0.0,0.0,0.0
1,8907942033,dota2-ill-dan-2026-07-22-game1,2026-07-22T07:18:07.776000+00:00,0.0,0.0,0.0
1,8907997366,dota2-ill-dan-2026-07-22-game2,2026-07-22T08:30:21.640000+00:00,22.288378010000017,0.7194167085892499,23.007794718589267
1,8908178087,dota2-nemiga-aion-2026-07-22-game2,2026-07-22T11:35:02.272000+00:00,1.799999999999999,0.07732200000000002,1.877321999999999
1,8908313996,dota2-stx-spirit1-2026-07-22-game1,2026-07-22T13:26:43.307000+00:00,0.04526736000000753,0.19480160750400005,0.24006896750400758
1,8908486051,dota2-stx-spirit1-2026-07-22-game2,2026-07-22T15:03:55.390000+00:00,23.334685929999978,0.73521406187025,24.069899991870226
1,8908612824,dota2-stx-spirit1-2026-07-22,2026-07-22T16:27:56.948000+00:00,19.880863049999935,2.52988702248375,22.410750072483683
1,8908710300,dota2-z10-lvlup1-2026-07-22-game1,2026-07-22T17:40:32.974000+00:00,-42.53202756000002,1.441741644747,-41.09028591525302
1,8908926344,dota2-z10-lvlup1-2026-07-22,2026-07-22T20:21:42.790000+00:00,0.606124369999975,4.0326087187822495,4.6387330887822245
1,8909388284,dota2-dan-z10-2026-07-23-game1,2026-07-23T07:17:23.633000+00:00,1.4000000000000004,0.009030000000000002,1.4090300000000004
1,8909443684,dota2-dan-z10-2026-07-23-game2,2026-07-23T08:24:14.078000+00:00,-11.141409399999993,0.31228163757,-10.829127762429993
1,8909498494,dota2-dan-z10-2026-07-23,2026-07-23T09:35:42.112000+00:00,-0.24999999999999956,0.01585125,-0.23414874999999954
1,8909658828,dota2-spirit1-pckcp-2026-07-23-game2,2026-07-23T11:56:35.158000+00:00,-8.77680079999999,1.08557171676,-7.691229083239989
1,8909780227,dota2-spirit1-pckcp-2026-07-23,2026-07-23T13:29:29.880000+00:00,-9.999999999999993,0.429499875,-9.570500124999993
1,8910104556,dota2-jenz-kw1-2026-07-23-game2,2026-07-23T16:47:57.620000+00:00,-6.9445000000000014,0.16000346249999997,-6.784496537500002
1,8910216725,dota2-jenz-kw1-2026-07-23,2026-07-23T18:09:02.529000+00:00,-0.9399999999999977,0.13557149999999998,-0.8044284999999978
1,8910344715,dota2-lvlup1-aion-2026-07-23-game1,2026-07-23T19:45:58.831000+00:00,0.0,0.0,0.0
1,8910461593,dota2-lvlup1-aion-2026-07-23-game2,2026-07-23T21:18:59.726000+00:00,-4.4517999999999995,0.18788671499999998,-4.263913284999999
1,8910535715,dota2-lvlup1-aion-2026-07-23,2026-07-23T22:37:28.157000+00:00,0.629999999999999,0.03667125,0.666671249999999
1,8910589445,dota2-nemiga-ill-2026-07-23-game1,2026-07-23T23:33:41.369000+00:00,3.356800000000007,2.57244105,5.929241050000007
1,8910670427,dota2-nemiga-ill-2026-07-23,2026-07-24T01:26:47.762000+00:00,-1.3364000000000358,1.558366845,0.2219668449999641
1,8910982575,dota2-aion-dan-2026-07-24-game2,2026-07-24T08:39:31.809000+00:00,0.0,0.0,0.0
1,8911277378,dota2-kw1-stx-2026-07-24-game2,2026-07-24T13:08:23.857000+00:00,53.51563245999997,1.060045160361,54.57567762036097
1,8911784562,dota2-z10-ill-2026-07-24-game1,2026-07-24T18:00:21.302000+00:00,-6.894165399999995,0.18691556021999997,-6.707249839779995
1,8911916389,dota2-z10-ill-2026-07-24-game2,2026-07-24T19:32:36.981000+00:00,16.977000000000004,1.787998275,18.764998275000004
1,8912045230,dota2-nemiga-lvlup1-2026-07-24-game1,2026-07-24T21:05:49.488000+00:00,-24.308200000000028,3.115131375,-21.193068625000027
1,8912123729,dota2-nemiga-lvlup1-2026-07-24-game2,2026-07-24T22:15:39.296000+00:00,0.0,0.0,0.0
1,8912551235,dota2-ill-aion-2026-07-25-game1,2026-07-25T07:19:52.253000+00:00,0.0,0.0,0.0
1,8912622476,dota2-ill-aion-2026-07-25-game2,2026-07-25T08:27:06.996000+00:00,-0.508443760000004,0.07905884436599998,-0.42938491563400405
1,8912758286,dota2-pckcp-jenz-2026-07-22-game1,2026-07-25T10:25:45.605000+00:00,-31.122899999999987,1.1975340375,-29.92536596249999
1,8912831712,dota2-pckcp-jenz-2026-07-22-game2,2026-07-25T11:23:26.682000+00:00,8.078700000000026,1.3049283375,9.383628337500026
1,8912974141,dota2-pckcp-jenz-2026-07-22,2026-07-25T13:02:19.241000+00:00,-14.428227709999998,1.61525885485275,-12.812968855147249
1,8913307206,dota2-kw1-pckcp-2026-07-25-game1,2026-07-25T16:28:48.834000+00:00,20.900000000000006,0.5185575,21.418557500000006
1,8913598312,dota2-lynx-kw1-2026-07-25-game1,2026-07-25T19:28:05.257000+00:00,-0.22160000000000135,0.9721698,0.7505697999999986
1,8913726962,dota2-lynx-kw1-2026-07-25-game2,2026-07-25T20:57:15.562000+00:00,7.017600000000016,1.2815892,8.299189200000015
1,8913824141,dota2-lynx-kw1-2026-07-25,2026-07-25T22:21:39.642000+00:00,-21.637200000000018,2.88583182,-18.751368180000018
1,8914414410,dota2-nemiga-ill-2026-07-26-game1,2026-07-26T09:26:59.644000+00:00,-27.424456640000017,1.067189307888,-26.357267332112016
1,8914520562,dota2-nemiga-ill-2026-07-26-game2,2026-07-26T10:41:21.923000+00:00,-18.343200000000024,1.46616912,-16.877030880000024
1,8914637220,dota2-nemiga-ill-2026-07-26,2026-07-26T12:04:18.708000+00:00,35.97679999999997,0.82548468,36.80228467999997
1,8914749408,dota2-rearis-pckcp-2026-07-26-game1,2026-07-26T13:19:34.036000+00:00,-16.216199999999986,0.83108025,-15.385119749999987
1,8914885598,dota2-rearis-pckcp-2026-07-26-game2,2026-07-26T14:24:02.001000+00:00,49.64150000000001,0.30260808749999996,49.944108087500005
1,8915002841,dota2-kw1-rearis-2026-07-26-game1,2026-07-26T15:32:54.677000+00:00,-24.16930776000003,0.9409868209679999,-23.22832093903203
1,8915137972,dota2-kw1-rearis-2026-07-26-game2,2026-07-26T16:47:26.165000+00:00,0.0600000000000005,0.0485865,0.1085865000000005
1,8915271266,dota2-jenz-stx-2026-07-26-game1,2026-07-26T18:26:53.337000+00:00,26.487899999999968,0.9247639274999999,27.412663927499967
1,8915390117,dota2-jenz-stx-2026-07-26-game2,2026-07-26T19:37:39.362000+00:00,0.0,0.0,0.0
1,8915498965,dota2-jenz-stx-2026-07-26,2026-07-26T20:57:43.107000+00:00,15.628,0.7399041,16.3679041
1,8916041863,dota2-lvlup1-pckcp-2026-07-27-game1,2026-07-27T09:21:33.291000+00:00,2.0112000000000005,0.035956484999999996,2.0471564850000004
1,8916102349,dota2-lvlup1-pckcp-2026-07-27-game2,2026-07-27T10:12:46.876000+00:00,7.250178919999996,0.37707708806099993,7.627256008060996
1,8916245727,dota2-stx-nemiga-2026-07-27-game1,2026-07-27T12:25:46.061000+00:00,11.258698050000008,1.32141507296625,12.580113122966258
1,8916384577,dota2-stx-nemiga-2026-07-27-game2,2026-07-27T13:48:29.618000+00:00,33.39570000000005,5.8863714375,39.28207143750005
1,8916474664,dota2-stx-nemiga-2026-07-27,2026-07-27T14:44:54.132000+00:00,-31.679637810000003,3.26004360173775,-28.419594208262254
1,8917611319,dota2-pr1-nemiga-2026-07-28-game2,2026-07-28T10:17:02.190000+00:00,0.0,0.0,0.0
1,8917675823,dota2-pr1-nemiga-2026-07-28,2026-07-28T11:19:25.327000+00:00,23.997,0.12598425000000002,24.12298425
1,8917738415,dota2-nh-pckcp-2026-07-28-game1,2026-07-28T12:16:10.015000+00:00,0.0,0.0,0.0
1,8917853656,dota2-nh-pckcp-2026-07-28-game2,2026-07-28T13:23:44.955000+00:00,-0.3843000000000032,1.0543848975,0.6700848974999969
1,8918052500,dota2-pckcp-kw1-2026-07-28-game1,2026-07-28T15:24:46.769000+00:00,-3.1523569599999917,0.146725734672,-3.0056312253279915
1,8918176547,dota2-pckcp-kw1-2026-07-28-game2,2026-07-28T16:37:04.197000+00:00,31.4820091,0.8491314129074998,32.331140512907496
1,8919264561,dota2-rearis-z10-2026-07-29-game1,2026-07-29T12:23:03.580000+00:00,7.992965039999973,0.7614442168319999,8.754409256831973
1,8919404744,dota2-rearis-z10-2026-07-29-game2,2026-07-29T13:48:28.368000+00:00,-1.6189999999999856,2.198001225,0.5790012250000145
1,8919546613,dota2-amaru-nemiga-2026-07-29-game1,2026-07-29T15:15:30.082000+00:00,-45.76770048000001,1.5043417551959999,-44.26335872480401
1,8919685210,dota2-amaru-nemiga-2026-07-29-game2,2026-07-29T16:34:50.427000+00:00,-2.1558006200000044,0.2843802420705,-1.8714203779295044
1,8919803916,dota2-amaru-nemiga-2026-07-29,2026-07-29T18:02:17.532000+00:00,50.157660910000025,1.47053962338675,51.628200533386774
1,8920655724,dota2-pckcp-z10-2026-07-30-game2,2026-07-30T10:32:16.617000+00:00,0.0,0.0,0.0
1,8920897425,dota2-lvlup1-z10-2026-07-30-game2,2026-07-30T13:37:44.606000+00:00,2.889400000000011,1.9152559500000004,4.804655950000011
1,8921002620,dota2-lvlup1-z10-2026-07-30,2026-07-30T14:47:46.063000+00:00,16.326400000000007,3.08755128,19.413951280000006
1,8921162227,dota2-amaru-pr1-2026-07-30-game1,2026-07-30T16:32:24.441000+00:00,28.20689999999999,1.0923122025,29.29921220249999
1,8921281044,dota2-amaru-pr1-2026-07-30-game2,2026-07-30T17:34:28.519000+00:00,0.0,0.0,0.0
1,8921949036,dota2-re-midas3-2026-07-31-game1,2026-07-31T06:23:42.906000+00:00,-10.067599999999999,0.8987822249999999,-9.168817774999999
1,8922016200,dota2-re-midas3-2026-07-31-game2,2026-07-31T07:39:14.850000+00:00,2.6499999999999986,0.13063349999999999,2.7806334999999986
1,8922074642,dota2-vg-amaru-2026-07-31-game1,2026-07-31T08:46:41.467000+00:00,-41.780200000000036,0.564825225,-41.215374775000036
1,8922137329,dota2-vg-amaru-2026-07-31-game2,2026-07-31T09:48:16.177000+00:00,12.299999999999997,0.08792249999999997,12.387922499999997
1,8922133239,dota2-tr7-playti-2026-07-31-game1,2026-07-31T09:57:34.446000+00:00,45.42319912000001,3.205390856502,48.628589976502006
1,8922186876,dota2-vg-amaru-2026-07-31,2026-07-31T10:40:33.810000+00:00,12.820499999999981,0.7738403025,13.594340302499981
1,8922211678,dota2-tr7-playti-2026-07-31-game2,2026-07-31T11:00:53.806000+00:00,7.709600000000023,1.4018055299999999,9.111405530000024
1,8922300474,dota2-enjoy-glyph-2026-07-31-game1,2026-07-31T12:14:29.331000+00:00,-9.83921380000001,1.6693461114,-8.16986768860001
1,8922339160,dota2-l1ga-rnx-2026-07-31-game1,2026-07-31T12:44:09.822000+00:00,-15.166400000000039,1.3735070999999999,-13.792892900000039
1,8922400300,dota2-enjoy-glyph-2026-07-31-game2,2026-07-31T13:24:39.311000+00:00,39.56379999999997,1.4337815699999998,40.99758156999997
1,8922433138,dota2-l1ga-rnx-2026-07-31-game2,2026-07-31T13:42:06.325000+00:00,-34.56080173999999,0.9720791946495,-33.588722545350485
1,8922552315,dota2-l1ga-rnx-2026-07-31,2026-07-31T14:55:23.609000+00:00,0.0,1.29001032,1.29001032
1,8922602122,dota2-yb1-z10-2026-07-31-game1,2026-07-31T15:28:08.646000+00:00,7.761000000000024,2.530567215,10.291567215000024
1,8922722577,dota2-yb1-z10-2026-07-31-game2,2026-07-31T16:35:25.057000+00:00,-11.017200000000003,1.027491615,-9.989708385000002
1,8922818221,dota2-xtreme-lgd-2026-07-31-game1,2026-07-31T17:51:24.199000+00:00,-35.53140000000002,2.61762672,-32.91377328000002
1,8922940920,dota2-xtreme-lgd-2026-07-31-game2,2026-07-31T19:09:48.720000+00:00,-6.029999999999999,0.17286975,-5.857130249999999
1,8923040358,dota2-xtreme-lgd-2026-07-31,2026-07-31T20:28:40.570000+00:00,-29.743499999999983,1.2190484025,-28.524451597499983
1,8923506996,dota2-midas3-tr7-2026-08-01-game1,2026-08-01T05:43:01.223000+00:00,0.0,0.0,0.0
1,8923579943,dota2-midas3-tr7-2026-08-01-game2,2026-08-01T07:02:32.143000+00:00,-71.07920000000001,1.4471092349999999,-69.63209076500002
1,8923643650,dota2-midas3-tr7-2026-08-01,2026-08-01T08:08:01.087000+00:00,0.0,0.0,0.0
1,8923704450,dota2-yes-vg-2026-08-01-game1,2026-08-01T09:01:56.739000+00:00,0.0028764900000055604,0.93000092416425,0.9328774141642555
1,8923780137,dota2-re-playti-2026-08-01-game1,2026-08-01T10:09:39.721000+00:00,-6.964999999999986,1.230064125,-5.7349358749999855
1,8923790600,dota2-yes-vg-2026-08-01-game2,2026-08-01T10:14:11.317000+00:00,0.0,0.0,0.0
1,8923874259,dota2-re-playti-2026-08-01-game2,2026-08-01T11:26:12.956000+00:00,-0.2201,0.00047871750000000004,-0.2196212825
1,8923899787,dota2-enjoy-yb1-2026-08-01-game1,2026-08-01T11:45:49.553000+00:00,-2.0,0.55485,-1.44515
1,8924057168,dota2-l1ga-lgd-2026-08-01-game1,2026-08-01T13:34:16.709000+00:00,0.6082000000000001,0.20887108499999998,0.817071085
1,8924222714,dota2-l1ga-lgd-2026-08-01-game2,2026-08-01T15:02:43.462000+00:00,0.0,0.0,0.0
1,8924328537,dota2-glyph-z10-2026-08-01-game1,2026-08-01T15:59:42.950000+00:00,21.333077910000043,1.25737825856175,22.590456168561794
1,8924367779,dota2-l1ga-lgd-2026-08-01,2026-08-01T16:23:12.450000+00:00,-33.73440000000002,0.641556,-33.09284400000002
1,8924468754,dota2-glyph-z10-2026-08-01-game2,2026-08-01T17:25:49.795000+00:00,25.573600000000056,1.94707536,27.520675360000055
1,8924530036,dota2-rnx-xtreme-2026-08-01-game1,2026-08-01T18:06:50.164000+00:00,-6.329403669999988,1.7005849501882502,-4.628818719811738
1,8924616191,dota2-rnx-xtreme-2026-08-01-game2,2026-08-01T19:06:22.446000+00:00,-0.19859999999992795,1.022636925,0.8240369250000721
1,8925210898,dota2-playti-xctn-2026-08-02-game1,2026-08-02T05:28:20.542000+00:00,9.274200000000008,1.096906005,10.371106005000007
1,8925308090,dota2-playti-xctn-2026-08-02-game2,2026-08-02T07:03:47.891000+00:00,0.0,0.0,0.0
1,8925543582,dota2-yes-tr7-2026-08-02-game1,2026-08-02T10:44:16.945000+00:00,7.017600000000016,1.2815892,8.299189200000015
1,8925703946,dota2-yes-tr7-2026-08-02-game2,2026-08-02T11:58:57.158000+00:00,18.181999999999988,1.32955875,19.51155874999999
1,8925847726,dota2-yes-tr7-2026-08-02,2026-08-02T13:17:43.701000+00:00,6.15577343999999,1.3445449115519998,7.50031835155199
1,8926022375,dota2-rnx-yb1-2026-08-02-game1,2026-08-02T15:09:53.856000+00:00,31.739000000000004,3.4383815550000003,35.177381555000004
1,8926232913,dota2-rnx-yb1-2026-08-02-game2,2026-08-02T16:42:19.665000+00:00,40.19959999999999,3.66855867,43.86815866999999
1,8926381426,dota2-rnx-yb1-2026-08-02,2026-08-02T18:14:10.009000+00:00,2.327728200000024,2.7003090411749997,5.028037241175024
1,8926523280,dota2-z10-lgd-2026-08-02-game1,2026-08-02T19:59:32.068000+00:00,0.0,0.0,0.0
1,8926636219,dota2-z10-lgd-2026-08-02-game2,2026-08-02T21:07:31.416000+00:00,-16.667,0.556261125,-16.110738875000003
1,8927063876,dota2-glyph-playti-2026-08-03-game2,2026-08-03T06:55:36.873000+00:00,6.0912582200000145,1.4121007166069999,7.503358936607015
1,8927132943,dota2-glyph-playti-2026-08-03,2026-08-03T08:27:35.152000+00:00,17.1472,1.29668835,18.44388835
1,8927207054,dota2-xtreme-tr7-2026-08-03-game1,2026-08-03T10:00:05.212000+00:00,9.023599999999988,0.9335536499999999,9.957153649999988
1,8927288399,dota2-xtreme-tr7-2026-08-03-game2,2026-08-03T11:00:48.642000+00:00,2.4000000000000057,0.23898000000000003,2.638980000000006
1,8927380776,dota2-xtreme-tr7-2026-08-03,2026-08-03T12:15:30.661000+00:00,15.199497399999967,1.536941671065,16.736439071064968
1,8927539264,dota2-vg-yb1-2026-08-03-game1,2026-08-03T14:05:56.825000+00:00,89.85660000000001,0.465007905,90.32160790500001
1,8927660975,dota2-vg-yb1-2026-08-03-game2,2026-08-03T15:05:20.968000+00:00,0.3795972000000063,0.60417226746,0.9837694674600063
1,8927760296,dota2-vg-yb1-2026-08-03,2026-08-03T16:18:19.713000+00:00,1.0499999999999985,0.18751875,1.2375187499999984
1,8927926397,dota2-re-lgd-2026-08-03-game1,2026-08-03T18:09:03.381000+00:00,-0.09716820000000181,0.26918079263999994,0.17201259263999813
1,8928050264,dota2-re-lgd-2026-08-03-game2,2026-08-03T19:19:18.313000+00:00,-9.359706849999966,0.75800225815125,-8.601704591848716
1,8928163118,dota2-re-lgd-2026-08-03,2026-08-03T20:43:38.722000+00:00,-28.215200720000013,2.364820452624,-25.850380267376014
1,8928851109,dota2-playti-tr7-2026-08-04-game1,2026-08-04T11:30:07.829000+00:00,0.0,0.0,0.0
1,8928953683,dota2-playti-tr7-2026-08-04-game2,2026-08-04T12:46:11.879000+00:00,-12.211007570000039,3.03412949781975,-9.176878072180289
1,8929124210,dota2-yb1-re-2026-08-04-game1,2026-08-04T14:38:55.576000+00:00,5.4051984900000125,1.87619901464325,7.281397504643262
1,8929276426,dota2-yb1-re-2026-08-04-game2,2026-08-04T15:54:25.550000+00:00,0.9999994300000001,0.00442499747775,1.00442442747775
1,8929365099,dota2-yb1-re-2026-08-04,2026-08-04T16:51:08.308000+00:00,5.1295182000000565,1.8380711304,6.967589330400056
1,8930200713,dota2-tr7-re-2026-08-05-game1,2026-08-05T08:20:38.811000+00:00,-3.7071041900000097,1.38193106273025,-2.3251731272697596
1,8930258778,dota2-tr7-re-2026-08-05-game2,2026-08-05T09:25:42.941000+00:00,0.11727344000004791,2.885163987648,3.002437427648048
1,8930398938,dota2-playti-yb1-2026-08-05-game1,2026-08-05T12:24:04.133000+00:00,-8.866600000000021,3.09570519,-5.770894810000021
1,8930615242,dota2-playti-yb1-2026-08-05-game2,2026-08-05T14:02:56.166000+00:00,101.33189999999996,1.4454028575,102.77730285749996
1,8930736914,dota2-playti-yb1-2026-08-05-game3,2026-08-05T15:09:49.519000+00:00,1.0348978800000026,0.374606984709,1.4095048647090027
1,8931781241,dota2-lvlup1-rearis-2026-08-06-game1,2026-08-06T09:28:03.156000+00:00,0.0,0.0,0.0
1,8931852727,dota2-lvlup1-rearis-2026-08-06-game2,2026-08-06T10:30:33.624000+00:00,-30.86083759999998,0.86368167702,-29.997155922979978
1,8931981851,dota2-rearis-nh-2026-08-06-game1,2026-08-06T12:26:15.226000+00:00,21.119999999999976,0.8090279999999999,21.929027999999978
1,8932085762,dota2-rearis-nh-2026-08-06-game2,2026-08-06T13:20:21.204000+00:00,-0.6385018800000042,0.090149058129,-0.5483528218710042
1,8932181345,dota2-rearis-nh-2026-08-06,2026-08-06T14:22:22.478000+00:00,6.406981379999998,0.9596425792769999,7.366623959276998
1,8932318084,dota2-nh-lvlup1-2026-08-06-game1,2026-08-06T15:34:15.395000+00:00,-1.932,0.005796,-1.926204
1,8932413808,dota2-nh-lvlup1-2026-08-06-game2,2026-08-06T16:23:29.211000+00:00,0.0,0.0,0.0
1,8932523868,dota2-nh-lvlup1-2026-08-06,2026-08-06T17:36:18.454000+00:00,-0.25,0.09373125,-0.15626875
1,8932657929,dota2-ill-pr1-2026-08-06-game1,2026-08-06T19:12:10.345000+00:00,-9.774503939999988,0.6863678718854999,-9.088136068114489
1,8932835800,dota2-ill-pr1-2026-08-06,2026-08-06T21:22:55.783000+00:00,-0.28699999999999903,0.056808525,-0.23019147499999904
1,8933374169,dota2-nh-z10-2026-08-07-game1,2026-08-07T09:29:47.916000+00:00,-7.518000000000001,0.10576215,-7.41223785
1,8933453728,dota2-nh-z10-2026-08-07-game2,2026-08-07T10:40:19.376000+00:00,-0.9419999999999984,0.13280355,-0.8091964499999984
1,8933575351,dota2-ill-stx-2026-08-07-game1,2026-08-07T12:33:02.695000+00:00,-64.06479999999996,1.70789343,-62.356906569999964
1,8933704579,dota2-ill-stx-2026-08-07-game2,2026-08-07T13:44:43.178000+00:00,4.5409313199999914,0.7567364777519999,5.297667797751991
1,8933879286,dota2-pr1-jenz-2026-08-07-game1,2026-08-07T15:25:51.002000+00:00,-46.48719999999998,1.13176662,-45.35543337999998
1,8933988979,dota2-pr1-jenz-2026-08-07-game2,2026-08-07T16:29:38.697000+00:00,18.577379259999987,1.3942462446135,19.971625504613485
1,8934184387,dota2-jenz-nemiga-2026-08-07-game1,2026-08-07T18:35:03.983000+00:00,5.479399999999998,0.790266465,6.2696664649999985
1,8934279386,dota2-jenz-nemiga-2026-08-07-game2,2026-08-07T19:33:30.612000+00:00,0.0,0.0,0.0
1,8936825643,dota2-pr1-yes-2026-08-09-game1,2026-08-09T09:22:32.992000+00:00,-17.204000000000015,1.43191674,-15.772083260000015
1,8937080738,dota2-pr1-yes-2026-08-09,2026-08-09T12:20:23.208000+00:00,32.56492125,2.16432561515625,34.72924686515625
1,8937188618,dota2-lvlup1-mouz-2026-08-09-game1,2026-08-09T13:17:49.636000+00:00,-10.294299999999991,0.40229289749999997,-9.89200710249999
1,8937335830,dota2-lvlup1-mouz-2026-08-09-game2,2026-08-09T14:27:35.299000+00:00,4.32510000000002,1.2107095275,5.53580952750002
1,8937484593,dota2-ill-re-2026-08-09-game1,2026-08-09T15:55:00.679000+00:00,-0.4999999999999991,0.0317025,-0.4682974999999991
1,8937631882,dota2-ill-re-2026-08-09-game2,2026-08-09T17:12:21.447000+00:00,0.0,0.0,0.0
1,8937722788,dota2-z10-navi-2026-08-09-game1,2026-08-09T18:17:16.930000+00:00,-46.211999999999975,1.63950708,-44.57249291999997
1,8938509987,dota2-pr1-mouz-2026-08-10-game1,2026-08-10T09:24:47.767000+00:00,21.45010000000002,1.9645196025,23.41461960250002
1,8938565057,dota2-pr1-mouz-2026-08-10-game2,2026-08-10T10:12:07.159000+00:00,3.384382720000006,0.46357566019199997,3.8479583801920056
1,8938634026,dota2-pr1-mouz-2026-08-10,2026-08-10T11:15:54.851000+00:00,-49.36751411999998,2.518362204168,-46.84915191583198
1,8938716198,dota2-ill-z10-2026-08-10-game1,2026-08-10T12:25:50.383000+00:00,9.056585419999996,1.5786454179555,10.635230837955495
1,8939023869,dota2-yes-lvlup1-2026-08-10-game1,2026-08-10T15:24:37.289000+00:00,0.0,0.0,0.0
1,8940059913,dota2-lvlup1-navi-2026-08-11-game1,2026-08-11T09:16:02.605000+00:00,29.49754659999998,1.0793795324399997,30.57692613243998
1,8940117837,dota2-lvlup1-navi-2026-08-11-game2,2026-08-11T10:12:11.551000+00:00,-22.071944629999994,1.8852944349877496,-20.186650195012245
1,8940266495,dota2-mouz-re-2026-08-11-game1,2026-08-11T12:16:13.042000+00:00,0.14724999999999877,1.46995894875,1.6172089487499988
1,8940365227,dota2-mouz-re-2026-08-11-game2,2026-08-11T13:12:04.281000+00:00,6.6853629299999415,1.83140463213075,8.516767562130692
1,8940487898,dota2-mouz-re-2026-08-11,2026-08-11T14:25:06.999000+00:00,0.6840380000000046,0.12860392035,0.8126419203500046
1,8940643574,dota2-yes-z10-2026-08-11-game1,2026-08-11T15:45:57.067000+00:00,0.08119934999999945,0.029420787903750002,0.11062013790374944
1,8940756672,dota2-yes-z10-2026-08-11-game2,2026-08-11T16:48:25.758000+00:00,1.5129705700000002,0.09606359783924999,1.6090341678392501
1,8941656460,dota2-lvlup1-re-2026-08-12-game1,2026-08-12T09:19:34.658000+00:00,23.76370000000003,1.7275077675,25.49120776750003
1,8941733752,dota2-lvlup1-re-2026-08-12-game2,2026-08-12T10:35:42.245000+00:00,31.372299089999927,1.4464806197017501,32.81877970970168
1,8941817475,dota2-lvlup1-re-2026-08-12,2026-08-12T11:50:26.039000+00:00,10.202200000000005,1.202265225,11.404465225000004
1,8942003788,dota2-navi-lvlup1-2026-08-12-game1,2026-08-12T13:42:36.457000+00:00,5.194800000000043,0.6681811499999999,5.862981150000043
1,8942152024,dota2-navi-lvlup1-2026-08-12-game2,2026-08-12T14:50:30.897000+00:00,1.002299999999991,0.27860628750000005,1.2809062874999912
1,8942262723,dota2-navi-lvlup1-2026-08-12-game3,2026-08-12T15:53:47.795000+00:00,2.842170943040401e-14,0.5099918400000001,0.5099918400000285
1,8962372120,dota2-ic-nemiga-2026-08-24-game1,2026-08-24T07:17:08.649000+00:00,0.0,0.0,0.0
1,8962458373,dota2-ic-nemiga-2026-08-24-game2,2026-08-24T08:26:45.454000+00:00,0.12236604000000018,0.082339725009,0.20470576500900017
1,8962592819,dota2-ks-lynx-2026-08-24-game1,2026-08-24T10:19:27.562000+00:00,-0.1453129800000008,0.0493784038305,-0.09593457616950081
1,8962736746,dota2-ks-lynx-2026-08-24-game2,2026-08-24T11:33:18.452000+00:00,5.178539579999994,0.4095908886104999,5.588130468610493
1,8962964580,dota2-sb5-stx-2026-08-24-game1,2026-08-24T13:25:23.881000+00:00,1.2002772300000002,0.006391476249750001,1.20666870624975
1,8963508714,dota2-rearis-lynx-2026-08-24-game2,2026-08-24T17:37:20.349000+00:00,-1.8999999999999995,0.1808625,-1.7191374999999995
1,8963649188,dota2-dynast1-fts-2026-08-24-game1,2026-08-24T19:15:00.848000+00:00,54.28489999999999,0.6597758175,54.94467581749999
1,8963790789,dota2-dynast1-fts-2026-08-24-game2,2026-08-24T20:20:45.642000+00:00,0.6541999999999994,0.119037435,0.7732374349999994
1,8964399842,dota2-pckcp-nemiga-2026-08-25-game1,2026-08-25T07:22:10.248000+00:00,0.1200000000000001,0.022347,0.1423470000000001
1,8964480771,dota2-pckcp-nemiga-2026-08-25-game2,2026-08-25T08:31:41.723000+00:00,-2.4571627500000304,0.9664446621937499,-1.4907180878062805
1,8964574076,dota2-pckcp-nemiga-2026-08-25,2026-08-25T09:52:05.670000+00:00,-0.5999999999999996,1.1113650000000002,0.5113650000000005
1,8964657335,dota2-fts-pckcp-2026-08-25-game1,2026-08-25T10:52:11.864000+00:00,-0.8599999999999994,0.07504575,-0.7849542499999994
1,8964837315,dota2-fts-pckcp-2026-08-25-game2,2026-08-25T12:34:06.314000+00:00,-54.59133119,1.8954476197102499,-52.69588357028975
1,8964962329,dota2-ic-fts-2026-08-25-game1,2026-08-25T13:50:36.471000+00:00,50.113960629999944,0.7339927198147499,50.847953349814695
1,8965097316,dota2-ic-fts-2026-08-25-game2,2026-08-25T14:41:01.046000+00:00,-16.564099999999996,0.9091062524999999,-15.654993747499997
1,8964938940,dota2-rearis-spirit1-2026-08-25-game1,2026-08-25T16:23:39.394000+00:00,1.9000000000000057,0.4039575,2.303957500000006
1,8965544741,dota2-rearis-spirit1-2026-08-25,2026-08-25T18:44:21.316000+00:00,-2.617500000000007,2.1301537574999996,-0.48734624250000724
1,8969842778,dota2-pckcp-ic-2026-08-28-game2,2026-08-28T08:21:21.985000+00:00,27.15371437999997,1.4162352842609998,28.569949664260967
1,8969978865,dota2-rearis-sb5-2026-08-28-game1,2026-08-28T10:27:01.322000+00:00,-7.113499999999991,0.7795402874999999,-6.333959712499992
1,8970089224,dota2-rearis-sb5-2026-08-28-game2,2026-08-28T11:41:09.553000+00:00,0.9600000000000009,0.057456,1.0174560000000008
1,8970207176,dota2-rearis-sb5-2026-08-28,2026-08-28T12:56:49.576000+00:00,0.6000000000000014,0.29123999999999994,0.8912400000000014
1,8970338180,dota2-synaps-nemiga-2026-08-28-game1,2026-08-28T14:09:13.367000+00:00,-0.0017924500000106036,1.09356004951875,1.0917675995187395
1,8970352005,dota2-dynast1-ic-2026-08-28-game1,2026-08-28T14:10:35.964000+00:00,-1.6889000000000016,0.12009879749999998,-1.5688012025000015
1,8970470057,dota2-synaps-nemiga-2026-08-28-game2,2026-08-28T15:09:53.245000+00:00,115.26710933000003,0.6552877848277499,115.92239711482777
1,8970485789,dota2-dynast1-ic-2026-08-28-game2,2026-08-28T15:14:26.848000+00:00,-2.8146235500000003,0.19997662051875,-2.61464692948125
1,8970575970,dota2-synaps-nemiga-2026-08-28,2026-08-28T16:02:11.965000+00:00,-26.37886379000001,1.32446620082475,-25.05439758917526
1,8970655100,dota2-dynast1-ic-2026-08-28,2026-08-28T16:43:34.585000+00:00,-13.60985899000002,1.1037051016897501,-12.506153888310271
1,8970886632,dota2-dynast1-pckcp-2026-08-28-game2,2026-08-28T18:51:22.084000+00:00,23.916417379999984,0.40866021478500003,24.325077594784986
1,8971007454,dota2-ks-rearis-2026-08-28-game1,2026-08-28T20:11:41.712000+00:00,-6.459999999999997,0.2994585,-6.160541499999997
1,8971016820,dota2-fts-nemiga-2026-08-28-game1,2026-08-28T20:17:43.711000+00:00,0.0,0.0,0.0
1,8971111987,dota2-ks-rearis-2026-08-28-game2,2026-08-28T21:24:47.695000+00:00,7.740000000000009,0.2292975,7.9692975000000095
1,8971423978,dota2-db2-satan-2026-08-28-game2,2026-08-29T03:20:55.120000+00:00,2.3999999999999986,0.05665499999999998,2.4566549999999987
1,8971501630,dota2-nexus-cres-2026-08-28,2026-08-29T04:51:09.441000+00:00,1.661510999999999,0.0764261604,1.7379371603999991
1,8971519375,dota2-nem-6seven-2026-08-29-game1,2026-08-29T05:14:15.579000+00:00,-2.8800000000000097,0.212436,-2.66756400000001
1,8971586781,dota2-nem-6seven-2026-08-29-game2,2026-08-29T06:13:46.689000+00:00,-1.5,0.3940905,-1.1059095
1,8971664649,dota2-nem-6seven-2026-08-29,2026-08-29T07:24:10.704000+00:00,2.0250450599999965,0.3799944526455,2.4050395126454966
1,8971753986,dota2-icecre-kineti-2026-08-29-game1,2026-08-29T08:38:12.829000+00:00,0.0,0.0,0.0
1,8971849697,dota2-icecre-kineti-2026-08-29-game2,2026-08-29T09:43:14.699000+00:00,0.0,0.0,0.0
1,8971891627,dota2-dynast1-nemiga-2026-08-29-game1,2026-08-29T10:17:49.464000+00:00,7.702200000000005,0.19110208499999998,7.893302085000005
1,8971964803,dota2-mouz-yes-2026-08-29-game1,2026-08-29T11:13:49.271000+00:00,-19.040000000000006,2.331384,-16.708616000000006
1,8971988345,dota2-sb5-lynx-2026-08-29-game1,2026-08-29T11:21:30.742000+00:00,-28.254880799999995,0.61874131392,-27.636139486079994
1,8972103119,dota2-sb5-lynx-2026-08-29-game2,2026-08-29T12:31:54.536000+00:00,-12.590529799999999,0.502500712755,-12.088029087245
1,8972115962,dota2-mouz-yes-2026-08-29-game2,2026-08-29T12:36:59.931000+00:00,-13.180000000000014,3.2718003299999996,-9.908199670000014
1,8972289868,dota2-huliga-lynx-2026-08-29-game1,2026-08-29T14:15:10.550000+00:00,-18.20600067999996,1.643118387399,-16.56288229260096
1,8972502454,dota2-huliga-lynx-2026-08-29-game2,2026-08-29T15:52:19.963000+00:00,-2.6900999999999997,0.007465027499999999,-2.6826349725
1,8972611918,dota2-huliga-lynx-2026-08-29,2026-08-29T16:49:36.587000+00:00,4.47980000000004,1.7141505,6.19395050000004
1,8972773416,dota2-pi-lvlup1-2026-08-29-game1,2026-08-29T18:17:23.637000+00:00,-45.617399439999964,1.500426733026,-44.11697270697397
1,8972893200,dota2-pi-lvlup1-2026-08-29-game2,2026-08-29T19:20:53.860000+00:00,-9.095986480000004,1.0578802639679998,-8.038106216032004
1,8973011673,dota2-pi-lvlup1-2026-08-29,2026-08-29T20:33:12.059000+00:00,-14.338100999999984,2.9644344945,-11.373666505499983
1,8973010298,dota2-ks-spirit1-2026-08-29-game1,2026-08-29T20:38:42.759000+00:00,-44.55000000000001,0.41098724999999997,-44.13901275000001
1,8973337131,dota2-icecre-xctn-2026-08-30-game1,2026-08-30T02:14:49.254000+00:00,-6.475780999999998,0.17378123662499997,-6.301999763374998
1,8973405568,dota2-icecre-xctn-2026-08-30-game2,2026-08-30T03:19:55.483000+00:00,-16.169904750000015,0.42991651216875,-15.739988237831264
1,8973462028,dota2-icecre-xctn-2026-08-30,2026-08-30T04:30:11.988000+00:00,-7.1798010000000225,1.3832085566249999,-5.796592443375022
1,8973502629,dota2-clo-yb1-2026-08-30-game1,2026-08-30T05:13:07.837000+00:00,0.0,0.0,0.0
1,8973568453,dota2-clo-yb1-2026-08-30-game2,2026-08-30T06:12:50.377000+00:00,-3.316375939999986,0.2700382454895,-3.0463376945104863
1,8973613420,dota2-clo-yb1-2026-08-30,2026-08-30T07:04:46.677000+00:00,4.507323299999996,0.2190407610375,4.726364061037496
1,8973707438,dota2-lynx-lvlup1-2026-08-30-game1,2026-08-30T08:16:36.050000+00:00,0.0,0.0,0.0
1,8973859403,dota2-lynx-lvlup1-2026-08-30-game2,2026-08-30T09:56:31.353000+00:00,0.00313254999999657,0.31447629188625,0.31760884188624655
1,8973884000,dota2-nem-xctn-2026-08-30-game2,2026-08-30T10:12:32.710000+00:00,7.080128330000008,0.50915236113825,7.589280691138258
1,8973944033,dota2-lynx-lvlup1-2026-08-30,2026-08-30T10:50:43.696000+00:00,1.0,0.036719999999999996,1.03672
1,8974185539,dota2-navi-mouz-2026-08-30-game2,2026-08-30T13:08:29.090000+00:00,147.12838191999998,4.647720886607999,151.77610280660798
1,8974647733,dota2-lvlup1-pr1-2026-08-30-game1,2026-08-30T17:09:16.077000+00:00,-8.629775940000044,1.0668048254895,-7.562971114510544
1,8974898633,dota2-lvlup1-pr1-2026-08-30,2026-08-30T19:25:58.777000+00:00,-18.94642275000001,1.81993978839375,-17.12648296160626
1,8975110449,dota2-dynast1-ks-2026-08-30-game2,2026-08-30T21:54:27.706000+00:00,-20.352300000000014,1.5619291874999999,-18.790370812500015
1,8975871235,dota2-synaps-lynx-2026-08-31-game1,2026-08-31T12:26:44.788000+00:00,-7.390708420000015,1.424015083602,-5.9666933363980155
1,8976012755,dota2-synaps-lynx-2026-08-31-game2,2026-08-31T13:41:35.303000+00:00,9.230700000000013,1.2421784625,10.472878462500013
1,8976166971,dota2-synaps-lynx-2026-08-31,2026-08-31T15:09:07.826000+00:00,0.0002920000000017353,0.29455331399999996,0.2948453140000017
1,8976300473,dota2-4iki-ic-2026-08-31-game1,2026-08-31T16:25:39.940000+00:00,0.49116040000000005,0.0431897418,0.5343501418000001
1,8976441468,dota2-4iki-ic-2026-08-31-game2,2026-08-31T17:43:06.122000+00:00,2.9980000000000047,0.16112751,3.1591275100000047
1,8976511215,dota2-4iki-ic-2026-08-31,2026-08-31T18:29:54.020000+00:00,104.58380000000005,3.0128724449999997,107.59667244500005
1,8976665322,dota2-spirit1-pi-2026-08-31-game1,2026-08-31T20:26:57.494000+00:00,2.967500000000056,1.1460620625,4.113562062500057
1,8976751962,dota2-spirit1-pi-2026-08-31-game2,2026-08-31T21:40:17.685000+00:00,10.35995815999999,0.925817998488,11.285776158487991
1,8977325814,dota2-ks-pckcp-2026-09-01-game2,2026-09-01T10:26:27.059000+00:00,0.002430119999985436,0.18314315476199994,0.18557327476198537
1,8977476867,dota2-ic-lynx-2026-09-01-game1,2026-09-01T12:26:04.131000+00:00,32.4172,1.4802367799999998,33.89743678
1,8977623650,dota2-ic-lynx-2026-09-01-game2,2026-09-01T13:53:28.128000+00:00,18.027599999999996,1.78793439,19.815534389999996
1,8977913355,dota2-synaps-lvlup1-2026-09-01-game2,2026-09-01T16:37:59.217000+00:00,5.3426000000000045,0.183132375,5.525732375000004
1,8978023576,dota2-synaps-lvlup1-2026-09-01,2026-09-01T17:45:54.185000+00:00,-19.49658144000003,1.1476158398879999,-18.348965600112027
1,8978832148,dota2-pr1-ic-2026-09-02-game1,2026-09-02T09:52:32.767000+00:00,57.49170901000002,0.9175896980422499,58.40929870804227
1,8978916284,dota2-pr1-ic-2026-09-02-game2,2026-09-02T11:19:11.539000+00:00,0.0,0.030885000000000003,0.030885000000000003
1,8978986214,dota2-pr1-ic-2026-09-02,2026-09-02T12:20:55.440000+00:00,-9.831100000000026,0.8866724025,-8.944427597500026
1,8979131280,dota2-dynast1-pckcp-2026-09-02-game1,2026-09-02T13:56:13.878000+00:00,0.0,0.0,0.0
1,8979241530,dota2-dynast1-pckcp-2026-09-02-game2,2026-09-02T14:56:18.245000+00:00,0.8628997700000056,0.10335788113724997,0.9662576511372556
1,8979344496,dota2-synaps-4iki-2026-09-02-game1,2026-09-02T15:59:27.587000+00:00,-15.038599999999995,1.8041859900000001,-13.234414009999995
1,8980293569,dota2-z10-ks-2026-09-03-game1,2026-09-03T09:18:42.909000+00:00,-0.38000000000000345,0.1179315,-0.2620685000000035
1,8980358113,dota2-z10-ks-2026-09-03-game2,2026-09-03T10:27:20.250000+00:00,-6.601749880000007,0.38897801562900003,-6.212771864371007
1,8980463789,dota2-pckcp-spirit1-2026-09-03-game1,2026-09-03T12:14:02.762000+00:00,-1.3200000000000074,0.231165,-1.0888350000000073
1,8980769413,dota2-pi-dynast1-2026-09-03-game1,2026-09-03T15:17:23.998000+00:00,6.800000000000004,0.11528999999999998,6.915290000000004
2,8837869969,dota2-aur1-ty-2026-06-04-game1,2026-06-04T09:17:47.612000+00:00,20.211199999999977,2.603227395,22.814427394999978
2,8837957019,dota2-aur1-ty-2026-06-04-game2,2026-06-04T11:05:49.570000+00:00,-67.28229999999999,3.8205137925,-63.46178620749999
2,8838056564,dota2-flc-liquid-2026-06-04-game1,2026-06-04T12:43:48.535000+00:00,-0.27759999999999785,1.0952756249999998,0.8176756250000019
2,8838170936,dota2-flc-liquid-2026-06-04-game2,2026-06-04T14:05:12.636000+00:00,-10.012396199999955,1.29732778404,-8.715068415959955
2,8838396820,dota2-lgd-ty-2026-06-04-game2,2026-06-04T16:48:28.531000+00:00,-2.9859022999999922,2.449722749457,-0.5361795505429923
2,8838480778,dota2-lgd-ty-2026-06-04,2026-06-04T17:57:47.377000+00:00,-8.279600980000001,0.3562789754055,-7.923322004594501
2,8839123109,dota2-flc-bb4-2026-06-05-game1,2026-06-05T09:16:39.267000+00:00,-53.12386080000001,0.75416818902,-52.36969261098001
2,8839193447,dota2-flc-bb4-2026-06-05-game2,2026-06-05T10:38:10.594000+00:00,39.43659999999997,1.5680273850000002,41.00462738499997
2,8839366504,dota2-lgd-liquid-2026-06-05-game2,2026-06-05T13:21:18.066000+00:00,-45.59360000000001,1.8386565899999998,-43.75494341000001
2,8839494962,dota2-flc-aur1-2026-06-05-game1,2026-06-05T14:52:18.684000+00:00,16.12900000000002,1.104917145,17.23391714500002
2,8839625815,dota2-flc-aur1-2026-06-05-game2,2026-06-05T16:13:53.150000+00:00,0.017537759999996183,0.32669943808799995,0.34423719808799613
2,8839717574,dota2-flc-aur1-2026-06-05,2026-06-05T17:21:15.591000+00:00,-14.680999999999983,2.073308505,-12.607691494999983
2,8840635639,dota2-ty-bb4-2026-06-06-game1,2026-06-06T10:47:49.658000+00:00,4.984599059999994,0.8222017928145,5.806800852814494
2,8840704374,dota2-ty-bb4-2026-06-06-game2,2026-06-06T11:51:44.485000+00:00,-26.542800000000028,6.91924131,-19.623558690000028
2,8840821227,dota2-ty-bb4-2026-06-06,2026-06-06T13:12:37.368000+00:00,25.56859921000003,2.82250133804475,28.39110054804478
2,8840984097,dota2-aur1-lgd-2026-06-06-game1,2026-06-06T15:05:33.978000+00:00,1.281986229999994,0.31705724832525,1.599043478325244
2,8841114801,dota2-aur1-lgd-2026-06-06-game2,2026-06-06T16:30:29.855000+00:00,-24.644200760000032,1.435449671979,-23.20875108802103
2,8842052142,dota2-bb4-lgd-2026-06-07-game1,2026-06-07T09:18:04.694000+00:00,0.0,1.5,1.5
2,8842134886,dota2-bb4-lgd-2026-06-07-game2,2026-06-07T10:28:41.168000+00:00,-0.7675386900000376,3.14402336531025,2.3764846753102122
2,8842245726,dota2-bb4-lgd-2026-06-07,2026-06-07T11:59:53.564000+00:00,7.124899999999997,2.6029232925,9.727823292499997
2,8842468101,dota2-ty-lgd-2026-06-07-game1,2026-06-07T14:21:40.854000+00:00,-63.31355522999996,0.97734865481025,-62.33620657518971
2,8842596730,dota2-ty-lgd-2026-06-07-game2,2026-06-07T15:49:20.066000+00:00,-11.111199999999968,0.8733403199999998,-10.237859679999968
2,8842722527,dota2-ty-lgd-2026-06-07-game3,2026-06-07T17:12:22.566000+00:00,62.98730000000006,2.3546923575,65.34199235750006
2,8842845018,dota2-ty-lgd-2026-06-07-game4,2026-06-07T18:51:58.999000+00:00,0.0,0.0,0.0
2,8843465364,dota2-4iki-nande4-2026-06-08-game1,2026-06-08T09:15:08.776000+00:00,0.40000000000000036,0.059442,0.45944200000000035
2,8843512570,dota2-4iki-nande4-2026-06-08-game2,2026-06-08T10:09:45.609000+00:00,-11.28470075999999,0.899424350619,-10.385276409380989
2,8843560379,dota2-4iki-nande4-2026-06-08,2026-06-08T11:10:54.138000+00:00,-15.22910072999997,1.27231476525525,-13.956785964744721
2,8843760302,dota2-vpp-balu-2026-06-08-game2,2026-06-08T13:42:26.324000+00:00,0.0,0.0,0.0
2,8844054970,dota2-z10-sb5-2026-06-08-game2,2026-06-08T17:08:41.204000+00:00,57.442400000000006,0.43656534,57.87896534000001
2,8844132483,dota2-vpp-z10-2026-06-08-game1,2026-06-08T18:23:01.210000+00:00,0.0,0.0,0.0
2,8844244719,dota2-vpp-z10-2026-06-08-game2,2026-06-08T19:45:42.908000+00:00,12.116000000000014,0.2976405,12.413640500000014
2,8844308689,dota2-vpp-z10-2026-06-08,2026-06-08T20:50:38.757000+00:00,1.7999999999999998,0.008639999999999998,1.8086399999999998
2,8850534819,dota2-ill-pr1-2026-06-13-game2,2026-06-13T17:10:42.502000+00:00,-5.0,1.222125,-3.777875
2,8850593633,dota2-ill-pr1-2026-06-13,2026-06-13T18:00:57.551000+00:00,0.0,0.0,0.0
2,8851984783,dota2-4iki-pr1-2026-06-14-game2,2026-06-14T16:46:25.798000+00:00,-7.110300000000002,0.6978207825,-6.412479217500002
2,8852055373,dota2-4iki-pr1-2026-06-14,2026-06-14T17:46:02.690000+00:00,-0.6500000000000004,0.14467875,-0.5053212500000004
2,8854443395,dota2-fla-spirit1-2026-06-16-game1,2026-06-16T16:31:44.570000+00:00,-2.0,0.11019,-1.88981
2,8885183102,dota2-flc-bb4-2026-07-07-game1,2026-07-07T09:47:24.433000+00:00,-24.996962499999995,0.9056169478125,-24.091345552187494
2,8885195986,dota2-re-xtreme-2026-07-07-game1,2026-07-07T09:55:03.037000+00:00,3.4203970400000117,1.070970448224,4.491367488224012
2,8885252329,dota2-flc-bb4-2026-07-07-game2,2026-07-07T11:01:59.599000+00:00,-14.250999999999976,2.770498905,-11.480501094999976
2,8885275216,dota2-re-xtreme-2026-07-07-game2,2026-07-07T11:16:11.813000+00:00,-0.9251999999999896,1.73955879,0.8143587900000104
2,8885365825,dota2-l1ga-ngx-2026-07-07-game1,2026-07-07T12:34:49.112000+00:00,0.0,0.0,0.0
2,8885380529,dota2-liquid-playti-2026-07-07-game1,2026-07-07T12:43:07.045000+00:00,0.2600000000000007,0.0486525,0.30865250000000066
2,8885411801,dota2-lvlup1-aur1-2026-07-07-game1,2026-07-07T13:06:28.530000+00:00,0.0,0.0,0.0
2,8885470551,dota2-l1ga-ngx-2026-07-07-game2,2026-07-07T13:39:34.570000+00:00,19.51441499999997,0.6982735893750001,20.21268858937497
2,8885473599,dota2-liquid-playti-2026-07-07-game2,2026-07-07T13:52:27.923000+00:00,6.915530980000071,3.0789972079665,9.994528187966571
2,8885529711,dota2-lvlup1-aur1-2026-07-07-game2,2026-07-07T14:23:52.590000+00:00,11.858918599999981,0.16024662718499996,12.019165227184981
2,8885633666,dota2-ts8-mouz-2026-07-07-game1,2026-07-07T15:33:28.678000+00:00,58.72189999999998,4.1597486324999995,62.881648632499974
2,8885665054,dota2-nem-pari-2026-07-07-game1,2026-07-07T15:41:38.548000+00:00,35.23169100000001,0.535615553925,35.76730655392501
2,8885784652,dota2-ts8-mouz-2026-07-07-game2,2026-07-07T17:16:32.961000+00:00,-18.29339999999999,3.0365398050000003,-15.256860194999991
2,8885871759,dota2-ic-1win-2026-07-07-game1,2026-07-07T18:31:07.999000+00:00,0.0,0.0,0.0
2,8885928262,dota2-ty-og-2026-07-07-game1,2026-07-07T19:03:44.444000+00:00,47.67840000000001,0.4282757099999999,48.10667571000001
2,8885974297,dota2-ic-1win-2026-07-07-game2,2026-07-07T19:32:14.446000+00:00,0.0,0.0,0.0
2,8886005043,dota2-ty-og-2026-07-07-game2,2026-07-07T20:03:05.981000+00:00,0.0,0.0,0.0
2,8886576019,dota2-poorra-bb4-2026-07-08-game1,2026-07-08T09:20:01.472000+00:00,-20.0,0.6779999999999999,-19.322
2,8886572854,dota2-gl-xtreme-2026-07-08-game1,2026-07-08T09:27:27.007000+00:00,-56.5214,1.530969075,-54.990430925
2,8886638110,dota2-poorra-bb4-2026-07-08-game2,2026-07-08T10:36:00.005000+00:00,0.7999999999999972,0.24358835999999995,1.043588359999997
2,8886640910,dota2-flc-re-2026-07-08-game2,2026-07-08T10:39:41.623000+00:00,31.458133070000002,0.8132141667577499,32.271347236757755
2,8886641793,dota2-gl-xtreme-2026-07-08-game2,2026-07-08T10:45:04.782000+00:00,36.96399910999997,1.69705370726325,38.66105281726322
2,8886728756,dota2-l1ga-playti-2026-07-08-game1,2026-07-08T12:02:19.795000+00:00,-12.466699999999975,3.8200819874999996,-8.646618012499975
2,8886736772,dota2-liquid-lvlup1-2026-07-08-game1,2026-07-08T12:08:59.488000+00:00,6.976799999999997,0.38075886000000003,7.3575588599999975
2,8886788497,dota2-ngx-aur1-2026-07-08-game1,2026-07-08T12:47:30.744000+00:00,8.185920359999969,0.45601738652999996,8.641937746529969
2,8886815251,dota2-l1ga-playti-2026-07-08-game2,2026-07-08T13:04:20.712000+00:00,25.000200000000035,0.7406309249999998,25.740830925000036
2,8886862310,dota2-liquid-lvlup1-2026-07-08-game2,2026-07-08T13:37:25.898000+00:00,45.36519999999999,0.4752976500000001,45.84049764999999
2,8886994890,dota2-ts8-nem-2026-07-08-game1,2026-07-08T14:59:11.781000+00:00,-0.09999999999999964,0.0196425,-0.08035749999999964
2,8887100676,dota2-vg-pari-2026-07-08-game1,2026-07-08T16:18:23.954000+00:00,2.3195240000000297,0.34498574880000005,2.6645097488000298
2,8887114313,dota2-ts8-nem-2026-07-08-game2,2026-07-08T16:15:19.583000+00:00,0.0,0.0,0.0
2,8887197358,dota2-vg-pari-2026-07-08-game2,2026-07-08T17:23:00.102000+00:00,-10.338099999999997,0.6432707324999999,-9.694829267499998
2,8887218598,dota2-lgd-og-2026-07-08-game1,2026-07-08T17:27:41.870000+00:00,0.2599999999999998,0.0334425,0.2934424999999998
2,8887260104,dota2-ty-ic-2026-07-08-game1,2026-07-08T17:58:24.214000+00:00,0.0,0.0,0.0
2,8887314193,dota2-lgd-og-2026-07-08-game2,2026-07-08T18:40:30.736000+00:00,-1.1485999999999965,0.22395976499999998,-0.9246402349999965
2,8887325211,dota2-vp-1win-2026-07-08-game1,2026-07-08T18:51:24.334000+00:00,-24.961208599999992,1.170380780475,-23.790827819524992
2,8887337672,dota2-ty-ic-2026-07-08-game2,2026-07-08T19:01:29.872000+00:00,2.3810000000000002,0.467687925,2.848687925
2,8887432754,dota2-vp-1win-2026-07-08-game2,2026-07-08T20:20:02.742000+00:00,33.008399999999995,0.22250793000000002,33.230907929999994
2,8887986392,dota2-poorra-xtreme-2026-07-09-game1,2026-07-09T09:21:30.237000+00:00,0.0,0.0,0.0
2,8887998750,dota2-bb4-re-2026-07-09-game1,2026-07-09T09:29:32.198000+00:00,-2.0000000000000036,0.11060999999999999,-1.8893900000000037
2,8888056358,dota2-poorra-xtreme-2026-07-09-game2,2026-07-09T10:34:44.979000+00:00,-12.22029999999998,3.1469831324999995,-9.073316867499981
2,8888066684,dota2-bb4-re-2026-07-09-game2,2026-07-09T10:43:25.275000+00:00,0.0,0.0,0.0
2,8888083694,dota2-gl-flc-2026-07-09-game2,2026-07-09T11:11:32.224000+00:00,17.39080000000004,1.90691289,19.297712890000042
2,8888160657,dota2-l1ga-aur1-2026-07-09-game1,2026-07-09T12:09:38.901000+00:00,2.3999999999999986,0.09179999999999999,2.4917999999999987
2,8888173515,dota2-playti-lvlup1-2026-07-09-game1,2026-07-09T12:20:27.216000+00:00,25.434000000000026,0.56795661,26.001956610000025
2,8888217771,dota2-ngx-liquid-2026-07-09-game1,2026-07-09T12:52:14.212000+00:00,9.232277600000009,1.0271380967399997,10.259415696740009
2,8888260336,dota2-l1ga-aur1-2026-07-09-game2,2026-07-09T13:20:05.771000+00:00,-24.99969999999999,0.4818692175,-24.51783078249999
2,8888279558,dota2-playti-lvlup1-2026-07-09-game2,2026-07-09T13:33:23.111000+00:00,38.399100000000004,0.9255721724999999,39.3246721725
2,8888318197,dota2-ngx-liquid-2026-07-09-game2,2026-07-09T14:04:08.888000+00:00,17.760028199999994,2.36517310791,20.125201307909993
2,8888405761,dota2-mouz-nem-2026-07-09-game1,2026-07-09T14:48:45.816000+00:00,0.0,0.0,0.0
2,8888425887,dota2-rnx-pari-2026-07-09-game1,2026-07-09T15:02:02.148000+00:00,-7.8264,0.34456247999999995,-7.48183752
2,8888489297,dota2-vg-ts8-2026-07-09-game1,2026-07-09T15:42:43.149000+00:00,-65.39159999999995,1.7442463349999997,-63.647353664999955
2,8888555097,dota2-mouz-nem-2026-07-09-game2,2026-07-09T16:24:34.308000+00:00,-28.22700000000001,1.9542103349999997,-26.272789665000012
2,8888554919,dota2-rnx-pari-2026-07-09-game2,2026-07-09T16:26:10.054000+00:00,0.0,0.0,0.0
2,8888592426,dota2-vg-ts8-2026-07-09-game2,2026-07-09T16:59:54.115000+00:00,-8.349100000000021,0.8770491525,-7.472050847500022
2,8888682602,dota2-og-ic-2026-07-09-game1,2026-07-09T17:53:01.981000+00:00,-25.96029999999999,2.6268732674999997,-23.33342673249999
2,8888693655,dota2-vp-ty-2026-07-09-game1,2026-07-09T18:07:57.629000+00:00,0.0,0.35999568000000004,0.35999568000000004
2,8888731478,dota2-lgd-1win-2026-07-09-game1,2026-07-09T18:35:20.326000+00:00,11.39618430999996,1.2100914694282499,12.60627577942821
2,8888771711,dota2-og-ic-2026-07-09-game2,2026-07-09T19:04:50.495000+00:00,0.0,0.0,0.0
2,8888819433,dota2-lgd-1win-2026-07-09-game2,2026-07-09T19:41:02.532000+00:00,0.0,0.9359999999999999,0.9359999999999999
2,8889452921,dota2-re-gl-2026-07-10-game1,2026-07-10T09:17:34.068000+00:00,43.636799999999994,1.27801278,44.91481277999999
2,8889468264,dota2-xtreme-bb4-2026-07-10-game1,2026-07-10T09:26:30.741000+00:00,-1.7821999999999782,0.9996156449999999,-0.7825843549999784
2,8889513730,dota2-poorra-flc-2026-07-10-game2,2026-07-10T10:17:36.842000+00:00,0.0,0.23906249999999998,0.23906249999999998
2,8889524021,dota2-xtreme-bb4-2026-07-10-game2,2026-07-10T10:37:39.793000+00:00,0.0019714200000180426,0.6632900936145,0.665261513614518
2,8889538949,dota2-re-gl-2026-07-10-game2,2026-07-10T10:40:57.402000+00:00,-47.66079999999991,2.0804422799999998,-45.58035771999991
2,8889615310,dota2-l1ga-liquid-2026-07-10-game1,2026-07-10T11:48:20.990000+00:00,7.466834259999985,0.5647211049465,8.031555364946485
2,8889621582,dota2-aur1-playti-2026-07-10-game1,2026-07-10T11:57:42.116000+00:00,-41.269800000000004,1.150236945,-40.119563055
2,8889699098,dota2-l1ga-liquid-2026-07-10-game2,2026-07-10T12:46:15.831000+00:00,0.0,0.0,0.0
2,8889733840,dota2-aur1-playti-2026-07-10-game2,2026-07-10T13:14:22.837000+00:00,-77.64530000000002,2.6873379825,-74.95796201750002
2,8889871314,dota2-nem-vg-2026-07-10-game1,2026-07-10T14:27:52.631000+00:00,-4.563199999999995,1.3615275599999999,-3.201672439999995
2,8889914618,dota2-pari-mouz-2026-07-10-game1,2026-07-10T14:59:49.254000+00:00,-13.793399999999991,1.090343385,-12.70305661499999
2,8889944251,dota2-rnx-ts8-2026-07-10-game1,2026-07-10T15:15:29.857000+00:00,8.888799999999947,0.24399756000000006,9.132797559999947
2,8890008812,dota2-nem-vg-2026-07-10-game2,2026-07-10T15:49:04.827000+00:00,41.136499999999984,0.8393777775,41.97587777749998
2,8890036748,dota2-pari-mouz-2026-07-10-game2,2026-07-10T16:15:07.698000+00:00,0.0,0.0,0.0
2,8890074597,dota2-rnx-ts8-2026-07-10-game2,2026-07-10T16:28:42.555000+00:00,0.0,0.0,0.0
2,8890179830,dota2-lgd-ty-2026-07-10-game1,2026-07-10T17:38:53.401000+00:00,25.7466,0.18553688999999998,25.932136890000002
2,8890270555,dota2-1win-og-2026-07-10-game2,2026-07-10T18:36:26.467000+00:00,0.0,0.0,0.0
2,8890268632,dota2-lgd-ty-2026-07-10-game2,2026-07-10T18:43:14.663000+00:00,0.7783999999999871,0.776557485,1.5549574849999872
2,8890301402,dota2-ic-vp-2026-07-10-game2,2026-07-10T18:52:09.717000+00:00,0.0,0.0,0.0
2,8891108843,dota2-poorra-re-2026-07-11-game1,2026-07-11T09:15:44.932000+00:00,40.816,1.5054981600000001,42.321498160000004
2,8891108985,dota2-bb4-gl-2026-07-11-game1,2026-07-11T09:17:06.187000+00:00,8.82359999999997,0.93419865,9.757798649999971
2,8891145641,dota2-xtreme-flc-2026-07-11-game1,2026-07-11T09:30:07.111000+00:00,0.0,0.0,0.0
2,8891217710,dota2-poorra-re-2026-07-11-game2,2026-07-11T10:44:50.172000+00:00,-69.4942007,2.5504065426375,-66.94379415736249
2,8891240327,dota2-xtreme-flc-2026-07-11-game2,2026-07-11T11:01:14.698000+00:00,7.117200000000004,1.9989237299999998,9.116123730000004
2,8891325877,dota2-l1ga-lvlup1-2026-07-11-game1,2026-07-11T12:09:46.181000+00:00,-15.74230200000003,1.8673160587499997,-13.874985941250031
2,8891349244,dota2-playti-ngx-2026-07-11-game1,2026-07-11T12:27:52.369000+00:00,22.676999999999992,3.4350869250000002,26.112086924999993
2,8891371442,dota2-aur1-liquid-2026-07-11-game1,2026-07-11T12:43:19.319000+00:00,1.2600000000000051,0.44292149999999997,1.702921500000005
2,8891438996,dota2-l1ga-lvlup1-2026-07-11-game2,2026-07-11T13:19:40.554000+00:00,41.9171,1.8747942374999997,43.791894237499996
2,8891497910,dota2-aur1-liquid-2026-07-11-game2,2026-07-11T13:53:37.287000+00:00,2.3400000000000016,0.08203649999999998,2.4220365000000017
2,8891519142,dota2-playti-ngx-2026-07-11-game2,2026-07-11T14:08:43.754000+00:00,-37.127999999999965,1.24926426,-35.87873573999997
2,8892829232,dota2-mouz-vg-2026-07-12-game1,2026-07-12T09:15:57.248000+00:00,-22.729200000000006,0.41682312,-22.312376880000006
2,8892835652,dota2-rnx-nem-2026-07-12-game1,2026-07-12T09:19:01.546000+00:00,-9.624800000000029,1.4694504,-8.15534960000003
2,8892836635,dota2-pari-ts8-2026-07-12-game1,2026-07-12T09:26:06.808000+00:00,-7.25859999999999,4.627861395,-2.6307386049999897
2,8892923329,dota2-mouz-vg-2026-07-12-game2,2026-07-12T10:25:59.512000+00:00,-5.211501020000011,1.9225504992104998,-3.288950520789511
2,8892914077,dota2-pari-ts8-2026-07-12-game2,2026-07-12T10:31:28.406000+00:00,2.6507882000000222,0.9184693148699999,3.569257514870022
2,8892958964,dota2-rnx-nem-2026-07-12-game2,2026-07-12T10:53:08.655000+00:00,-99.79900000000002,2.506329255,-97.29267074500002
2,8893070561,dota2-1win-ty-2026-07-12-game1,2026-07-12T12:14:45.162000+00:00,3.383599999999987,1.44089175,4.8244917499999875
2,8893106015,dota2-og-vp-2026-07-12-game1,2026-07-12T12:36:42.440000+00:00,0.38999999999998636,0.97275006,1.3627500599999864
2,8893165071,dota2-1win-ty-2026-07-12-game2,2026-07-12T13:18:20.777000+00:00,-29.40803783999999,1.224419183928,-28.183618656071992
2,8893253595,dota2-og-vp-2026-07-12-game2,2026-07-12T13:56:28.498000+00:00,1.0412739999999983,0.1942154136,1.2354894135999983
2,8896139222,dota2-re-vp-2026-07-14-game1,2026-07-14T11:15:10.363000+00:00,4.789999999999999,1.79565375,6.585653749999999
2,8896140998,dota2-liquid-xtreme-2026-07-14-game1,2026-07-14T11:24:31.795000+00:00,-23.14005552000007,2.601868913232,-20.538186606768072
2,8896234088,dota2-re-vp-2026-07-14-game2,2026-07-14T12:30:48.003000+00:00,-11.868000000000027,0.82686546,-11.041134540000026
2,8896267691,dota2-liquid-xtreme-2026-07-14-game2,2026-07-14T13:05:08.216000+00:00,-3.2786999999999864,1.1751680475000001,-2.1035319524999863
2,8896380183,dota2-re-vp-2026-07-14,2026-07-14T14:02:34.965000+00:00,-59.5899,1.6799822625,-57.9099177375
2,8896486914,dota2-liquid-xtreme-2026-07-14,2026-07-14T15:13:00.049000+00:00,-7.084200000000019,1.3509559050000002,-5.7332440950000185
2,8896645659,dota2-lgd-mouz-2026-07-14-game1,2026-07-14T16:55:49.823000+00:00,0.1612,0.022656660000000002,0.18385666
2,8896731473,dota2-lgd-mouz-2026-07-14-game2,2026-07-14T18:02:11.857000+00:00,-2.63160000000002,0.73007163,-1.9015283700000203
2,8897585705,dota2-aur1-re-2026-07-15-game1,2026-07-15T11:19:40.513000+00:00,-4.588805919999999,0.4440920337840001,-4.144713886215999
2,8897588873,dota2-ts8-liquid-2026-07-15-game1,2026-07-15T11:25:30.473000+00:00,-48.39720000000005,4.18023711,-44.21696289000005
2,8897695379,dota2-aur1-re-2026-07-15-game2,2026-07-15T12:41:48.340000+00:00,-4.5978000000000065,0.41483650499999997,-4.182963495000006
2,8897696869,dota2-ts8-liquid-2026-07-15-game2,2026-07-15T12:54:25.976000+00:00,17.676283350000034,5.0861502336937505,22.762433583693785
2,8897831774,dota2-ts8-liquid-2026-07-15,2026-07-15T14:13:24.528000+00:00,-2.842170943040401e-14,0.93001581,0.9300158099999716
2,8897841991,dota2-1win-vg-2026-07-15-game1,2026-07-15T14:22:22.284000+00:00,0.0,0.6899993099999999,0.6899993099999999
2,8897971312,dota2-1win-vg-2026-07-15-game2,2026-07-15T15:33:39.656000+00:00,-4.623899999999992,0.8935712325,-3.7303287674999916
2,8898003442,dota2-bb4-lgd-2026-07-15-game1,2026-07-15T15:56:58.589000+00:00,-0.75,0.09155625,-0.65844375
2,8898084910,dota2-1win-vg-2026-07-15,2026-07-15T16:49:08.935000+00:00,6.854700000000005,2.2696603425000004,9.124360342500005
2,8898117600,dota2-bb4-lgd-2026-07-15-game2,2026-07-15T17:15:52.403000+00:00,36.83537334999997,0.8249502069112498,37.660323556911216
2,8899028080,dota2-ty-ts8-2026-07-17-game1,2026-07-16T11:25:22.617000+00:00,-15.384500000000003,1.0788380624999998,-14.305661937500004
2,8899120700,dota2-ty-ts8-2026-07-17-game2,2026-07-16T12:44:26.752000+00:00,-48.484999999999985,2.85341325,-45.63158674999998
2,8899307453,dota2-pari-re-2026-07-17-game1,2026-07-16T14:36:23.407000+00:00,-0.5999999999999996,0.03852,-0.5614799999999996
2,8899420575,dota2-pari-re-2026-07-17-game2,2026-07-16T15:46:28.167000+00:00,-9.876400000000018,0.6129540749999999,-9.263445925000019
2,8900508749,dota2-flc-vg-2026-07-16-game1,2026-07-17T11:21:46.405000+00:00,-10.298900800000006,0.88942995582,-9.409470844180005
2,8900623530,dota2-flc-vg-2026-07-16-game2,2026-07-17T12:54:30.551000+00:00,-37.24319999999999,3.6971882099999998,-33.54601178999999
2,8900771154,dota2-ngx-bb4-2026-07-16-game1,2026-07-17T14:28:08.196000+00:00,3.042400000000015,0.42760932,3.470009320000015
2,8900882416,dota2-ngx-bb4-2026-07-16-game2,2026-07-17T15:33:10.588000+00:00,0.0,0.0,0.0
2,8902107148,dota2-bb4-vg-2026-07-18-game1,2026-07-18T11:22:02.020000+00:00,1.75,0.06283125,1.81283125
2,8902173969,dota2-bb4-vg-2026-07-18-game2,2026-07-18T12:21:15.910000+00:00,0.4167999999999843,0.5570697600000001,0.9738697599999844
2,8902338515,dota2-ty-pari-2026-07-18-game1,2026-07-18T14:06:38.308000+00:00,4.16569942000001,1.5609461602815,5.7266455802815095
2,8902431810,dota2-ty-pari-2026-07-18-game2,2026-07-18T15:09:37.865000+00:00,13.515800000000041,4.293504854999999,17.80930485500004
2,8902610619,dota2-ty-pari-2026-07-18,2026-07-18T16:48:06.686000+00:00,52.468249000000014,4.985302798049999,57.453551798050015
2,8903705555,dota2-vg-ty-2026-07-19-game1,2026-07-19T10:24:33.152000+00:00,35.94000000000001,0.39687449999999996,36.336874500000015
2,8903789784,dota2-vg-ty-2026-07-19-game2,2026-07-19T11:31:19.185000+00:00,2.25,0.06665624999999999,2.31665625
2,8904012666,dota2-bb4-pari-2026-07-19-game1,2026-07-19T13:57:51.853000+00:00,63.64760000000001,1.14295755,64.79055755000002
2,8904157676,dota2-bb4-pari-2026-07-19-game2,2026-07-19T15:17:11.337000+00:00,-7.660600000000024,1.622598525,-6.038001475000024
2,8904322271,dota2-bb4-pari-2026-07-19-game3,2026-07-19T16:52:33.960000+00:00,-23.516400000000033,2.996962605,-20.519437395000033
2,8904419709,dota2-bb4-pari-2026-07-19-game4,2026-07-19T18:05:14.511000+00:00,3.550499999999982,1.4328160424999998,4.983316042499982
2,8905035315,dota2-stx-lynx-2026-07-20-game1,2026-07-20T07:25:19.610000+00:00,0.13000000000000078,0.04133025,0.1713302500000008
2,8905093611,dota2-stx-lynx-2026-07-20-game2,2026-07-20T08:36:36.644000+00:00,16.634030329999987,0.6719930003392499,17.306023330339237
2,8905164476,dota2-stx-lynx-2026-07-20,2026-07-20T10:04:24.370000+00:00,60.06954751999996,1.71569156976,61.785239089759955
2,8905233934,dota2-lynx-pckcp-2026-07-20-game1,2026-07-20T11:15:17.947000+00:00,37.69860632000001,1.065145057668,38.76375137766801
2,8905359313,dota2-lynx-pckcp-2026-07-20-game2,2026-07-20T12:49:30.119000+00:00,-10.099999999999973,1.0592595,-9.040740499999973
2,8905490238,dota2-z10-nemiga-2026-07-20-game1,2026-07-20T14:13:02.081000+00:00,-5.771399999999991,0.738615825,-5.032784174999991
2,8905612460,dota2-z10-nemiga-2026-07-20-game2,2026-07-20T15:25:40.567000+00:00,7.585399999999993,1.1302559699999999,8.715655969999993
2,8905741721,dota2-spirit1-jenz-2026-07-20-game1,2026-07-20T16:55:30.580000+00:00,3.389800000000008,1.2251584649999998,4.614958465000008
2,8905885788,dota2-spirit1-jenz-2026-07-20-game2,2026-07-20T18:35:45.253000+00:00,3.278500000000003,0.08648768249999998,3.364987682500003
2,8905975768,dota2-lvlup1-ill-2026-07-20-game1,2026-07-20T19:45:16.612000+00:00,3.513477399999985,1.377517971345,4.890995371344985
2,8906069414,dota2-lvlup1-ill-2026-07-20-game2,2026-07-20T20:59:36.536000+00:00,-10.390399999999977,1.684449675,-8.705950324999977
2,8906479441,dota2-nemiga-dan-2026-07-21-game1,2026-07-21T07:24:02.590000+00:00,16.000812370000034,0.6828048148522499,16.683617184852285
2,8906547471,dota2-nemiga-dan-2026-07-21-game2,2026-07-21T08:48:51.736000+00:00,21.512099999999993,0.9715660874999998,22.483666087499994
2,8906626852,dota2-pckcp-stx-2026-07-21-game1,2026-07-21T10:17:03.931000+00:00,-15.059000000000047,0.7665389999999999,-14.292461000000047
2,8906706819,dota2-pckcp-stx-2026-07-21-game2,2026-07-21T11:28:10.072000+00:00,3.076899999999995,1.0428383324999997,4.1197383324999945
2,8906814740,dota2-pckcp-stx-2026-07-21,2026-07-21T12:50:32.182000+00:00,-10.342099999999967,1.0320482325,-9.310051767499967
2,8906911697,dota2-lynx-spirit1-2026-07-21-game1,2026-07-21T14:01:22.509000+00:00,-0.1299999999999999,0.04616625,-0.0838337499999999
2,8907021823,dota2-lynx-spirit1-2026-07-21-game2,2026-07-21T14:54:33.550000+00:00,-3.2663000000000153,1.5271275675,-1.7391724325000153
2,8907114935,dota2-lynx-spirit1-2026-07-21,2026-07-21T15:55:17.448000+00:00,-0.28000000000000824,1.131651,0.8516509999999917
2,8907236730,dota2-jenz-lynx-2026-07-21-game1,2026-07-21T17:22:36.365000+00:00,0.0,0.0,0.0
2,8907319204,dota2-jenz-lynx-2026-07-21-game2,2026-07-21T18:19:16.673000+00:00,-40.189255949999946,0.85293616293375,-39.336319787066195
2,8907510684,dota2-z10-aion-2026-07-21-game2,2026-07-21T20:45:41.820000+00:00,0.0,0.0,0.0
2,8907942033,dota2-ill-dan-2026-07-22-game1,2026-07-22T07:18:07.776000+00:00,0.0,0.0,0.0
2,8907997366,dota2-ill-dan-2026-07-22-game2,2026-07-22T08:30:21.640000+00:00,13.303999999999984,0.7309843199999999,14.034984319999984
2,8908178087,dota2-nemiga-aion-2026-07-22-game2,2026-07-22T11:35:02.272000+00:00,-0.3199999999999994,0.01842,-0.3015799999999994
2,8908313996,dota2-stx-spirit1-2026-07-22-game1,2026-07-22T13:26:43.307000+00:00,-0.7704624800000026,0.117676450386,-0.6527860296140027
2,8908486051,dota2-stx-spirit1-2026-07-22-game2,2026-07-22T15:03:55.390000+00:00,23.78468592999998,0.79120531187025,24.57589124187023
2,8908612824,dota2-stx-spirit1-2026-07-22,2026-07-22T16:27:56.948000+00:00,9.139262289999989,1.04852149782075,10.187783787820738
2,8908710300,dota2-z10-lvlup1-2026-07-22-game1,2026-07-22T17:40:32.974000+00:00,-34.7072,2.6356825799999997,-32.07151742
2,8908926344,dota2-z10-lvlup1-2026-07-22,2026-07-22T20:21:42.790000+00:00,22.84963807999995,1.389305691384,24.238943771383948
2,8909388284,dota2-dan-z10-2026-07-23-game1,2026-07-23T07:17:23.633000+00:00,0.0,0.0,0.0
2,8909443684,dota2-dan-z10-2026-07-23-game2,2026-07-23T08:24:14.078000+00:00,13.043399999999963,1.624881555,14.668281554999963
2,8909498494,dota2-dan-z10-2026-07-23,2026-07-23T09:35:42.112000+00:00,-1.8779999999999966,0.13052601,-1.7474739899999965
2,8909658828,dota2-spirit1-pckcp-2026-07-23-game2,2026-07-23T11:56:35.158000+00:00,-8.77680079999999,1.08557171676,-7.691229083239989
2,8909780227,dota2-spirit1-pckcp-2026-07-23,2026-07-23T13:29:29.880000+00:00,-0.83329999999998,1.5594499875,0.7261499875000201
2,8910104556,dota2-jenz-kw1-2026-07-23-game2,2026-07-23T16:47:57.620000+00:00,-0.08809999999999718,0.4271949525,0.3390949525000028
2,8910216725,dota2-jenz-kw1-2026-07-23,2026-07-23T18:09:02.529000+00:00,1.8714000000000084,0.803255265,2.674655265000008
2,8910344715,dota2-lvlup1-aion-2026-07-23-game1,2026-07-23T19:45:58.831000+00:00,0.0,0.0,0.0
2,8910461593,dota2-lvlup1-aion-2026-07-23-game2,2026-07-23T21:18:59.726000+00:00,0.0,0.0,0.0
2,8910535715,dota2-lvlup1-aion-2026-07-23,2026-07-23T22:37:28.157000+00:00,0.24325208000000087,0.031705082207999995,0.27495716220800087
2,8910589445,dota2-nemiga-ill-2026-07-23-game1,2026-07-23T23:33:41.369000+00:00,7.472600000000025,2.6957651099999995,10.168365110000025
2,8910670427,dota2-nemiga-ill-2026-07-23,2026-07-24T01:26:47.762000+00:00,-1.2454000000000178,3.26265588,2.0172558799999822
2,8910982575,dota2-aion-dan-2026-07-24-game2,2026-07-24T08:39:31.809000+00:00,0.0,0.0,0.0
2,8911277378,dota2-kw1-stx-2026-07-24-game2,2026-07-24T13:08:23.857000+00:00,-3.540906399999983,1.2164903229,-2.324416077099983
2,8911784562,dota2-z10-ill-2026-07-24-game1,2026-07-24T18:00:21.302000+00:00,-0.5,0.779131875,0.27913187500000003
2,8911916389,dota2-z10-ill-2026-07-24-game2,2026-07-24T19:32:36.981000+00:00,0.0,0.0,0.0
2,8912045230,dota2-nemiga-lvlup1-2026-07-24-game1,2026-07-24T21:05:49.488000+00:00,0.6207999999999885,2.6175186,3.2383185999999884
2,8912123729,dota2-nemiga-lvlup1-2026-07-24-game2,2026-07-24T22:15:39.296000+00:00,0.0,0.0,0.0
2,8912551235,dota2-ill-aion-2026-07-25-game1,2026-07-25T07:19:52.253000+00:00,0.0,0.0,0.0
2,8912622476,dota2-ill-aion-2026-07-25-game2,2026-07-25T08:27:06.996000+00:00,11.35536116000003,0.572744260953,11.92810542095303
2,8912758286,dota2-pckcp-jenz-2026-07-22-game1,2026-07-25T10:25:45.605000+00:00,0.0,0.0,0.0
2,8912831712,dota2-pckcp-jenz-2026-07-22-game2,2026-07-25T11:23:26.682000+00:00,-3.1574000000000098,1.321260195,-1.8361398050000097
2,8912974141,dota2-pckcp-jenz-2026-07-22,2026-07-25T13:02:19.241000+00:00,-13.789027710000013,1.49621501485275,-12.292812695147264
2,8913307206,dota2-kw1-pckcp-2026-07-25-game1,2026-07-25T16:28:48.834000+00:00,0.0,0.0,0.0
2,8913598312,dota2-lynx-kw1-2026-07-25-game1,2026-07-25T19:28:05.257000+00:00,-4.2675006400000015,1.496890010004,-2.7706106299960016
2,8913726962,dota2-lynx-kw1-2026-07-25-game2,2026-07-25T20:57:15.562000+00:00,-20.218400000000003,1.24483773,-18.973562270000002
2,8913824141,dota2-lynx-kw1-2026-07-25,2026-07-25T22:21:39.642000+00:00,-12.907200000000053,4.36982604,-8.537373960000053
2,8914414410,dota2-nemiga-ill-2026-07-26-game1,2026-07-26T09:26:59.644000+00:00,-66.16435560000002,1.0317892044,-65.13256639560002
2,8914520562,dota2-nemiga-ill-2026-07-26-game2,2026-07-26T10:41:21.923000+00:00,-12.053200000000002,1.3653998399999998,-10.687800160000002
2,8914637220,dota2-nemiga-ill-2026-07-26,2026-07-26T12:04:18.708000+00:00,52.500399999999985,1.34981859,53.85021858999998
2,8914749408,dota2-rearis-pckcp-2026-07-26-game1,2026-07-26T13:19:34.036000+00:00,13.328699999999998,0.7262345474999999,14.054934547499998
2,8914885598,dota2-rearis-pckcp-2026-07-26-game2,2026-07-26T14:24:02.001000+00:00,49.64150000000001,0.30260808749999996,49.944108087500005
2,8915002841,dota2-kw1-rearis-2026-07-26-game1,2026-07-26T15:32:54.677000+00:00,-31.513079819999973,0.7323919712324999,-30.780687848767474
2,8915137972,dota2-kw1-rearis-2026-07-26-game2,2026-07-26T16:47:26.165000+00:00,0.3000000000000007,0.024412499999999993,0.3244125000000007
2,8915271266,dota2-jenz-stx-2026-07-26-game1,2026-07-26T18:26:53.337000+00:00,6.687899999999999,0.2589889275,6.946888927499999
2,8915390117,dota2-jenz-stx-2026-07-26-game2,2026-07-26T19:37:39.362000+00:00,0.5386000000000024,0.07957815,0.6181781500000024
2,8915498965,dota2-jenz-stx-2026-07-26,2026-07-26T20:57:43.107000+00:00,3.0679990399999966,0.12868274683199998,3.1966817868319968
2,8916041863,dota2-lvlup1-pckcp-2026-07-27-game1,2026-07-27T09:21:33.291000+00:00,1.7598000000000003,0.03708778499999999,1.7968877850000002
2,8916102349,dota2-lvlup1-pckcp-2026-07-27-game2,2026-07-27T10:12:46.876000+00:00,-0.25,0.73617,0.48617
2,8916245727,dota2-stx-nemiga-2026-07-27-game1,2026-07-27T12:25:46.061000+00:00,-1.157699999999977,0.6893782875,-0.4683217124999771
2,8916384577,dota2-stx-nemiga-2026-07-27-game2,2026-07-27T13:48:29.618000+00:00,22.095700000000026,4.071865327499999,26.167565327500025
2,8916474664,dota2-stx-nemiga-2026-07-27,2026-07-27T14:44:54.132000+00:00,-8.510599999999982,1.584886485,-6.925713514999982
2,8917611319,dota2-pr1-nemiga-2026-07-28-game2,2026-07-28T10:17:02.190000+00:00,18.36850000000001,0.5025637125,18.87106371250001
2,8917675823,dota2-pr1-nemiga-2026-07-28,2026-07-28T11:19:25.327000+00:00,50.833,0.62788125,51.46088125
2,8917738415,dota2-nh-pckcp-2026-07-28-game1,2026-07-28T12:16:10.015000+00:00,0.0,0.0,0.0
2,8917853656,dota2-nh-pckcp-2026-07-28-game2,2026-07-28T13:23:44.955000+00:00,-2.864233920000032,0.937956940536,-1.9262769794640322
2,8918052500,dota2-pckcp-kw1-2026-07-28-game1,2026-07-28T15:24:46.769000+00:00,14.285499999999985,0.8517729375,15.137272937499985
2,8918176547,dota2-pckcp-kw1-2026-07-28-game2,2026-07-28T16:37:04.197000+00:00,0.0,0.0,0.0
2,8919264561,dota2-rearis-z10-2026-07-29-game1,2026-07-29T12:23:03.580000+00:00,15.80040000000001,2.09954553,17.89994553000001
2,8919404744,dota2-rearis-z10-2026-07-29-game2,2026-07-29T13:48:28.368000+00:00,1.7136992600000056,0.3373478445585,2.0510471045585055
2,8919546613,dota2-amaru-nemiga-2026-07-29-game1,2026-07-29T15:15:30.082000+00:00,0.0,0.0,0.0
2,8919685210,dota2-amaru-nemiga-2026-07-29-game2,2026-07-29T16:34:50.427000+00:00,-2.1558006200000044,0.2843802420705,-1.8714203779295044
2,8919803916,dota2-amaru-nemiga-2026-07-29,2026-07-29T18:02:17.532000+00:00,58.550660910000005,1.46136848838675,60.01202939838676
2,8920655724,dota2-pckcp-z10-2026-07-30-game2,2026-07-30T10:32:16.617000+00:00,0.0,0.0,0.0
2,8920897425,dota2-lvlup1-z10-2026-07-30-game2,2026-07-30T13:37:44.606000+00:00,-55.21440000000001,3.0239627249999996,-52.190437275000015
2,8921002620,dota2-lvlup1-z10-2026-07-30,2026-07-30T14:47:46.063000+00:00,42.19830000000002,2.7587311574999993,44.95703115750002
2,8921162227,dota2-amaru-pr1-2026-07-30-game1,2026-07-30T16:32:24.441000+00:00,28.20689999999999,1.0923122025,29.29921220249999
2,8921281044,dota2-amaru-pr1-2026-07-30-game2,2026-07-30T17:34:28.519000+00:00,0.0,0.0,0.0
2,8921949036,dota2-re-midas3-2026-07-31-game1,2026-07-31T06:23:42.906000+00:00,-7.031600000000001,1.021740225,-6.009859775000001
2,8922016200,dota2-re-midas3-2026-07-31-game2,2026-07-31T07:39:14.850000+00:00,0.0,1.1999879999999998,1.1999879999999998
2,8922074642,dota2-vg-amaru-2026-07-31-game1,2026-07-31T08:46:41.467000+00:00,-27.982799999999997,0.5450085,-27.437791499999996
2,8922137329,dota2-vg-amaru-2026-07-31-game2,2026-07-31T09:48:16.177000+00:00,0.3000000000000007,0.0291825,0.3291825000000007
2,8922133239,dota2-tr7-playti-2026-07-31-game1,2026-07-31T09:57:34.446000+00:00,-8.346183699999962,1.5845409672375,-6.761642732762462
2,8922186876,dota2-vg-amaru-2026-07-31,2026-07-31T10:40:33.810000+00:00,10.256399999999985,0.61384554,10.870245539999985
2,8922211678,dota2-tr7-playti-2026-07-31-game2,2026-07-31T11:00:53.806000+00:00,-7.6296000000000035,1.02982962,-6.599770380000003
2,8922300474,dota2-enjoy-glyph-2026-07-31-game1,2026-07-31T12:14:29.331000+00:00,-9.09099999999998,1.67047125,-7.4205287499999795
2,8922339160,dota2-l1ga-rnx-2026-07-31-game1,2026-07-31T12:44:09.822000+00:00,10.748000000000005,2.1637884,12.911788400000004
2,8922400300,dota2-enjoy-glyph-2026-07-31-game2,2026-07-31T13:24:39.311000+00:00,0.0,1.6199902800000001,1.6199902800000001
2,8922433138,dota2-l1ga-rnx-2026-07-31-game2,2026-07-31T13:42:06.325000+00:00,-25.69049999999997,0.9310437524999999,-24.759456247499973
2,8922552315,dota2-l1ga-rnx-2026-07-31,2026-07-31T14:55:23.609000+00:00,2.070449000000025,1.2876763918499998,3.3581253918500247
2,8922602122,dota2-yb1-z10-2026-07-31-game1,2026-07-31T15:28:08.646000+00:00,-3.678699999999992,1.1757080475000001,-2.502991952499992
2,8922722577,dota2-yb1-z10-2026-07-31-game2,2026-07-31T16:35:25.057000+00:00,-10.137200000000007,1.027425615,-9.109774385000007
2,8922818221,dota2-xtreme-lgd-2026-07-31-game1,2026-07-31T17:51:24.199000+00:00,-10.075120800000064,1.6681397667600002,-8.406981033240065
2,8922940920,dota2-xtreme-lgd-2026-07-31-game2,2026-07-31T19:09:48.720000+00:00,-5.201000500000003,0.17549474737499998,-5.025505752625003
2,8923040358,dota2-xtreme-lgd-2026-07-31,2026-07-31T20:28:40.570000+00:00,-8.147400000000005,1.152829875,-6.9945701250000045
2,8923506996,dota2-midas3-tr7-2026-08-01-game1,2026-08-01T05:43:01.223000+00:00,-0.15149999999999952,0.0547558875,-0.09674411249999952
2,8923579943,dota2-midas3-tr7-2026-08-01-game2,2026-08-01T07:02:32.143000+00:00,-51.179299999999984,1.3691433375,-49.810156662499985
2,8923643650,dota2-midas3-tr7-2026-08-01,2026-08-01T08:08:01.087000+00:00,-10.526400000000024,1.8394884,-8.686911600000023
2,8923704450,dota2-yes-vg-2026-08-01-game1,2026-08-01T09:01:56.739000+00:00,0.0,0.9600076799999999,0.9600076799999999
2,8923780137,dota2-re-playti-2026-08-01-game1,2026-08-01T10:09:39.721000+00:00,1.799999999999999,0.074205,1.874204999999999
2,8923790600,dota2-yes-vg-2026-08-01-game2,2026-08-01T10:14:11.317000+00:00,23.912384179999947,0.643430499711,24.555814679710945
2,8923874259,dota2-re-playti-2026-08-01-game2,2026-08-01T11:26:12.956000+00:00,2.0118999999999994,0.5278538175,2.5397538174999994
2,8923899787,dota2-enjoy-yb1-2026-08-01-game1,2026-08-01T11:45:49.553000+00:00,-32.000000000000014,0.64089,-31.359110000000015
2,8924057168,dota2-l1ga-lgd-2026-08-01-game1,2026-08-01T13:34:16.709000+00:00,0.0,0.0,0.0
2,8924222714,dota2-l1ga-lgd-2026-08-01-game2,2026-08-01T15:02:43.462000+00:00,0.0,0.0,0.0
2,8924328537,dota2-glyph-z10-2026-08-01-game1,2026-08-01T15:59:42.950000+00:00,26.00229999999997,2.0309930775,28.03329307749997
2,8924367779,dota2-l1ga-lgd-2026-08-01,2026-08-01T16:23:12.450000+00:00,-31.85314886000002,0.635369599089,-31.21777926091102
2,8924468754,dota2-glyph-z10-2026-08-01-game2,2026-08-01T17:25:49.795000+00:00,5.476799999999994,0.19353779999999998,5.670337799999993
2,8924530036,dota2-rnx-xtreme-2026-08-01-game1,2026-08-01T18:06:50.164000+00:00,2.810936510000019,1.6698827737297501,4.480819283729769
2,8924616191,dota2-rnx-xtreme-2026-08-01-game2,2026-08-01T19:06:22.446000+00:00,52.789500000000004,1.3291550175,54.118655017500004
2,8925210898,dota2-playti-xctn-2026-08-02-game1,2026-08-02T05:28:20.542000+00:00,0.0,0.0,0.0
2,8925308090,dota2-playti-xctn-2026-08-02-game2,2026-08-02T07:03:47.891000+00:00,-0.1599999999999966,0.9604156799999999,0.8004156800000033
2,8925543582,dota2-yes-tr7-2026-08-02-game1,2026-08-02T10:44:16.945000+00:00,0.2699999999999987,0.07554225,0.3455422499999987
2,8925703946,dota2-yes-tr7-2026-08-02-game2,2026-08-02T11:58:57.158000+00:00,0.0,0.0,0.0
2,8925847726,dota2-yes-tr7-2026-08-02,2026-08-02T13:17:43.701000+00:00,10.020199999999965,1.042991775,11.063191774999964
2,8926022375,dota2-rnx-yb1-2026-08-02-game1,2026-08-02T15:09:53.856000+00:00,54.67938168000002,2.6860994095439996,57.36548108954402
2,8926232913,dota2-rnx-yb1-2026-08-02-game2,2026-08-02T16:42:19.665000+00:00,7.017600000000016,1.2815892,8.299189200000015
2,8926381426,dota2-rnx-yb1-2026-08-02,2026-08-02T18:14:10.009000+00:00,0.4706000000000081,0.7126541249999999,1.183254125000008
2,8926523280,dota2-z10-lgd-2026-08-02-game1,2026-08-02T19:59:32.068000+00:00,0.0,0.0,0.0
2,8926636219,dota2-z10-lgd-2026-08-02-game2,2026-08-02T21:07:31.416000+00:00,0.0,0.0,0.0
2,8927063876,dota2-glyph-playti-2026-08-03-game2,2026-08-03T06:55:36.873000+00:00,110.22169999999997,3.4634113574999996,113.68511135749996
2,8927132943,dota2-glyph-playti-2026-08-03,2026-08-03T08:27:35.152000+00:00,-13.198244439999996,1.215821026488,-11.982423413511997
2,8927207054,dota2-xtreme-tr7-2026-08-03-game1,2026-08-03T10:00:05.212000+00:00,11.22359999999997,1.11122865,12.334828649999968
2,8927288399,dota2-xtreme-tr7-2026-08-03-game2,2026-08-03T11:00:48.642000+00:00,-1.78110000000002,2.6031861825,0.8220861824999801
2,8927380776,dota2-xtreme-tr7-2026-08-03,2026-08-03T12:15:30.661000+00:00,33.468599999999924,2.902525035,36.37112503499992
2,8927539264,dota2-vg-yb1-2026-08-03-game1,2026-08-03T14:05:56.825000+00:00,81.6901,0.7438497825000001,82.43394978250001
2,8927660975,dota2-vg-yb1-2026-08-03-game2,2026-08-03T15:05:20.968000+00:00,10.224799999999988,0.8035452,11.028345199999988
2,8927760296,dota2-vg-yb1-2026-08-03,2026-08-03T16:18:19.713000+00:00,49.58380000000005,3.3124043249999997,52.896204325000056
2,8927926397,dota2-re-lgd-2026-08-03-game1,2026-08-03T18:09:03.381000+00:00,12.855399999999989,1.0169643449999999,13.872364344999989
2,8928050264,dota2-re-lgd-2026-08-03-game2,2026-08-03T19:19:18.313000+00:00,0.2676000000000016,1.088573085,1.3561730850000016
2,8928163118,dota2-re-lgd-2026-08-03,2026-08-03T20:43:38.722000+00:00,-36.190200000000004,2.3504152049999996,-33.83978479500001
2,8928851109,dota2-playti-tr7-2026-08-04-game1,2026-08-04T11:30:07.829000+00:00,0.33999999999999986,0.059414999999999996,0.39941499999999985
2,8928953683,dota2-playti-tr7-2026-08-04-game2,2026-08-04T12:46:11.879000+00:00,15.329015599999991,3.4176441343199997,18.74665973431999
2,8929124210,dota2-yb1-re-2026-08-04-game1,2026-08-04T14:38:55.576000+00:00,1.651756480000003,0.607615734648,2.2593722146480033
2,8929276426,dota2-yb1-re-2026-08-04-game2,2026-08-04T15:54:25.550000+00:00,0.9999994300000001,0.00442499747775,1.00442442747775
2,8929365099,dota2-yb1-re-2026-08-04,2026-08-04T16:51:08.308000+00:00,16.21751820000003,1.9179671003999998,18.135485300400028
2,8930200713,dota2-tr7-re-2026-08-05-game1,2026-08-05T08:20:38.811000+00:00,0.0,0.0,0.0
2,8930258778,dota2-tr7-re-2026-08-05-game2,2026-08-05T09:25:42.941000+00:00,22.799999999999997,3.08543724,25.885437239999998
2,8930398938,dota2-playti-yb1-2026-08-05-game1,2026-08-05T12:24:04.133000+00:00,3.6560989999999975,3.8449324099499997,7.501031409949997
2,8930615242,dota2-playti-yb1-2026-08-05-game2,2026-08-05T14:02:56.166000+00:00,89.643,0.886708005,90.529708005
2,8930736914,dota2-playti-yb1-2026-08-05-game3,2026-08-05T15:09:49.519000+00:00,0.0,0.3526875,0.3526875
2,8931781241,dota2-lvlup1-rearis-2026-08-06-game1,2026-08-06T09:28:03.156000+00:00,-5.626400449999998,0.09260131267125,-5.5337991373287485
2,8931852727,dota2-lvlup1-rearis-2026-08-06-game2,2026-08-06T10:30:33.624000+00:00,-2.461846590000034,0.67152575546325,-1.790320834536784
2,8931981851,dota2-rearis-nh-2026-08-06-game1,2026-08-06T12:26:15.226000+00:00,0.0,0.0,0.0
2,8932085762,dota2-rearis-nh-2026-08-06-game2,2026-08-06T13:20:21.204000+00:00,6.958199999999999,0.15564305999999997,7.113843059999999
2,8932181345,dota2-rearis-nh-2026-08-06,2026-08-06T14:22:22.478000+00:00,1.4210854715202004e-14,0.26596674,0.2659667400000142
2,8932318084,dota2-nh-lvlup1-2026-08-06-game1,2026-08-06T15:34:15.395000+00:00,-0.6999999999999993,0.032182499999999996,-0.6678174999999993
2,8932413808,dota2-nh-lvlup1-2026-08-06-game2,2026-08-06T16:23:29.211000+00:00,0.0,0.0813618,0.0813618
2,8932523868,dota2-nh-lvlup1-2026-08-06,2026-08-06T17:36:18.454000+00:00,-14.19670000000005,1.4122099725,-12.78449002750005
2,8932657929,dota2-ill-pr1-2026-08-06-game1,2026-08-06T19:12:10.345000+00:00,-8.161404739999995,0.6829485222854998,-7.478456217714495
2,8932835800,dota2-ill-pr1-2026-08-06,2026-08-06T21:22:55.783000+00:00,-13.322400000000009,1.683558015,-11.63884198500001
2,8933374169,dota2-nh-z10-2026-08-07-game1,2026-08-07T09:29:47.916000+00:00,-7.518000000000001,0.10576215,-7.41223785
2,8933453728,dota2-nh-z10-2026-08-07-game2,2026-08-07T10:40:19.376000+00:00,0.0,0.0185625,0.0185625
2,8933575351,dota2-ill-stx-2026-08-07-game1,2026-08-07T12:33:02.695000+00:00,-64.06479999999996,1.70789343,-62.356906569999964
2,8933704579,dota2-ill-stx-2026-08-07-game2,2026-08-07T13:44:43.178000+00:00,-6.269999999999996,0.5859315,-5.684068499999996
2,8933879286,dota2-pr1-jenz-2026-08-07-game1,2026-08-07T15:25:51.002000+00:00,-46.02740000000004,1.561045605,-44.466354395000046
2,8933988979,dota2-pr1-jenz-2026-08-07-game2,2026-08-07T16:29:38.697000+00:00,16.33786363999999,1.397280731289,17.735144371288992
2,8934184387,dota2-jenz-nemiga-2026-08-07-game1,2026-08-07T18:35:03.983000+00:00,0.0,0.0,0.0
2,8934279386,dota2-jenz-nemiga-2026-08-07-game2,2026-08-07T19:33:30.612000+00:00,0.0,0.0,0.0
2,8936825643,dota2-pr1-yes-2026-08-09-game1,2026-08-09T09:22:32.992000+00:00,1.5913219200000004,0.19149881548799996,1.7828207354880004
2,8937080738,dota2-pr1-yes-2026-08-09,2026-08-09T12:20:23.208000+00:00,29.48462124,1.8595327476060002,31.344153987606
2,8937188618,dota2-lvlup1-mouz-2026-08-09-game1,2026-08-09T13:17:49.636000+00:00,-19.83830000000001,1.0324781025,-18.80582189750001
2,8937335830,dota2-lvlup1-mouz-2026-08-09-game2,2026-08-09T14:27:35.299000+00:00,-15.135999999999981,1.83420795,-13.301792049999982
2,8937484593,dota2-ill-re-2026-08-09-game1,2026-08-09T15:55:00.679000+00:00,-6.863399999999999,0.39953384999999997,-6.4638661499999985
2,8937631882,dota2-ill-re-2026-08-09-game2,2026-08-09T17:12:21.447000+00:00,1.5,0.030952499999999997,1.5309525
2,8937722788,dota2-z10-navi-2026-08-09-game1,2026-08-09T18:17:16.930000+00:00,-1.5846999999999998,0.0573540375,-1.5273459624999999
2,8938509987,dota2-pr1-mouz-2026-08-10-game1,2026-08-10T09:24:47.767000+00:00,-1.2000000000000028,0.108675,-1.0913250000000028
2,8938565057,dota2-pr1-mouz-2026-08-10-game2,2026-08-10T10:12:07.159000+00:00,-11.130699999999994,1.2730028625,-9.857697137499994
2,8938634026,dota2-pr1-mouz-2026-08-10,2026-08-10T11:15:54.851000+00:00,-9.940400760000017,1.1515477476059999,-8.788853012394018
2,8938716198,dota2-ill-z10-2026-08-10-game1,2026-08-10T12:25:50.383000+00:00,14.114172119999987,1.5429265470959999,15.657098667095987
2,8939023869,dota2-yes-lvlup1-2026-08-10-game1,2026-08-10T15:24:37.289000+00:00,19.99980000000008,1.1609883899999998,21.16078839000008
2,8940059913,dota2-lvlup1-navi-2026-08-11-game1,2026-08-11T09:16:02.605000+00:00,15.584399999999988,0.61986951,16.20426950999999
2,8940117837,dota2-lvlup1-navi-2026-08-11-game2,2026-08-11T10:12:11.551000+00:00,-8.79800062999999,0.45205334702324995,-8.34594728297674
2,8940266495,dota2-mouz-re-2026-08-11-game1,2026-08-11T12:16:13.042000+00:00,20.22979999999999,1.8908261549999998,22.12062615499999
2,8940365227,dota2-mouz-re-2026-08-11-game2,2026-08-11T13:12:04.281000+00:00,-7.614899999999999,0.7364162775,-6.878483722499999
2,8940487898,dota2-mouz-re-2026-08-11,2026-08-11T14:25:06.999000+00:00,0.19827343999999947,0.036718287647999996,0.23499172764799947
2,8940643574,dota2-yes-z10-2026-08-11-game1,2026-08-11T15:45:57.067000+00:00,-0.07840065000000074,0.029253207903750002,-0.049147442096250736
2,8940756672,dota2-yes-z10-2026-08-11-game2,2026-08-11T16:48:25.758000+00:00,-22.300001759999986,0.926857001172,-21.373144758827987
2,8941656460,dota2-lvlup1-re-2026-08-12-game1,2026-08-12T09:19:34.658000+00:00,23.709799999999973,1.72763193,25.437431929999974
2,8941733752,dota2-lvlup1-re-2026-08-12-game2,2026-08-12T10:35:42.245000+00:00,29.353470199999972,1.4143230231,30.76779322309997
2,8941817475,dota2-lvlup1-re-2026-08-12,2026-08-12T11:50:26.039000+00:00,13.559200000000004,1.20761625,14.766816250000005
2,8942003788,dota2-navi-lvlup1-2026-08-12-game1,2026-08-12T13:42:36.457000+00:00,5.816500000000019,0.665427765,6.4819277650000195
2,8942152024,dota2-navi-lvlup1-2026-08-12-game2,2026-08-12T14:50:30.897000+00:00,1.342543219999996,0.10915556033699997,1.451698780336996
2,8942262723,dota2-navi-lvlup1-2026-08-12-game3,2026-08-12T15:53:47.795000+00:00,21.899939039999992,0.3834828765480001,22.283421916547994
2,8962372120,dota2-ic-nemiga-2026-08-24-game1,2026-08-24T07:17:08.649000+00:00,0.0,0.0,0.0
2,8962458373,dota2-ic-nemiga-2026-08-24-game2,2026-08-24T08:26:45.454000+00:00,0.12236604000000018,0.045079725008999996,0.16744576500900016
2,8962592819,dota2-ks-lynx-2026-08-24-game1,2026-08-24T10:19:27.562000+00:00,-31.028054519999984,1.6603029530729998,-29.367751566926984
2,8962736746,dota2-ks-lynx-2026-08-24-game2,2026-08-24T11:33:18.452000+00:00,8.610311589999995,0.50633723236575,9.116648822365745
2,8962964580,dota2-sb5-stx-2026-08-24-game1,2026-08-24T13:25:23.881000+00:00,1.3244438399999998,0.006754663584,1.3311985035839997
2,8963508714,dota2-rearis-lynx-2026-08-24-game2,2026-08-24T17:37:20.349000+00:00,-8.653826560000006,0.932305325148,-7.7215212348520055
2,8963649188,dota2-dynast1-fts-2026-08-24-game1,2026-08-24T19:15:00.848000+00:00,53.83359999999999,0.67483194,54.50843193999999
2,8963790789,dota2-dynast1-fts-2026-08-24-game2,2026-08-24T20:20:45.642000+00:00,0.0,0.0,0.0
2,8964399842,dota2-pckcp-nemiga-2026-08-25-game1,2026-08-25T07:22:10.248000+00:00,0.003599439999998566,0.072272157984,0.07587159798399856
2,8964480771,dota2-pckcp-nemiga-2026-08-25-game2,2026-08-25T08:31:41.723000+00:00,-25.09019999999998,2.5772408849999997,-22.512959114999983
2,8964574076,dota2-pckcp-nemiga-2026-08-25,2026-08-25T09:52:05.670000+00:00,-0.5999999999999996,1.1113650000000002,0.5113650000000005
2,8964657335,dota2-fts-pckcp-2026-08-25-game1,2026-08-25T10:52:11.864000+00:00,-0.75,0.065446875,-0.684553125
2,8964837315,dota2-fts-pckcp-2026-08-25-game2,2026-08-25T12:34:06.314000+00:00,-5.783604799999992,0.8573516644799999,-4.9262531355199926
2,8964962329,dota2-ic-fts-2026-08-25-game1,2026-08-25T13:50:36.471000+00:00,27.91512766999999,0.5534917702987499,28.46861944029874
2,8965097316,dota2-ic-fts-2026-08-25-game2,2026-08-25T14:41:01.046000+00:00,-9.200000000000017,0.48333000000000004,-8.716670000000017
2,8964938940,dota2-rearis-spirit1-2026-08-25-game1,2026-08-25T16:23:39.394000+00:00,2.3180230400000057,0.423608006688,2.741631046688006
2,8965544741,dota2-rearis-spirit1-2026-08-25,2026-08-25T18:44:21.316000+00:00,-0.7051608000000007,0.17062601652,-0.5345347834800007
2,8969842778,dota2-pckcp-ic-2026-08-28-game2,2026-08-28T08:21:21.985000+00:00,0.6617143799999781,1.2583411292609998,1.920055509260978
2,8969978865,dota2-rearis-sb5-2026-08-28-game1,2026-08-28T10:27:01.322000+00:00,-5.836299999999994,0.22388499749999996,-5.612415002499994
2,8970089224,dota2-rearis-sb5-2026-08-28-game2,2026-08-28T11:41:09.553000+00:00,5.0,0.57675,5.57675
2,8970207176,dota2-rearis-sb5-2026-08-28,2026-08-28T12:56:49.576000+00:00,0.7500000000000071,0.29053124999999996,1.040531250000007
2,8970338180,dota2-synaps-nemiga-2026-08-28-game1,2026-08-28T14:09:13.367000+00:00,8.43940000000002,1.275808095,9.71520809500002
2,8970352005,dota2-dynast1-ic-2026-08-28-game1,2026-08-28T14:10:35.964000+00:00,1.4190000000000005,0.17322442500000002,1.5922244250000004
2,8970470057,dota2-synaps-nemiga-2026-08-28-game2,2026-08-28T15:09:53.245000+00:00,45.56781988000004,1.069366865139,46.63718674513904
2,8970485789,dota2-dynast1-ic-2026-08-28-game2,2026-08-28T15:14:26.848000+00:00,-18.215017280000055,0.970947425016,-17.244069854984055
2,8970575970,dota2-synaps-nemiga-2026-08-28,2026-08-28T16:02:11.965000+00:00,0.0,0.0,0.0
2,8970655100,dota2-dynast1-ic-2026-08-28,2026-08-28T16:43:34.585000+00:00,0.0,0.0,0.0
2,8970886632,dota2-dynast1-pckcp-2026-08-28-game2,2026-08-28T18:51:22.084000+00:00,-14.173085000000015,1.104882301125,-13.068202698875014
2,8971007454,dota2-ks-rearis-2026-08-28-game1,2026-08-28T20:11:41.712000+00:00,-13.282932799999994,0.36657815759999995,-12.916354642399995
2,8971016820,dota2-fts-nemiga-2026-08-28-game1,2026-08-28T20:17:43.711000+00:00,0.0,0.0,0.0
2,8971111987,dota2-ks-rearis-2026-08-28-game2,2026-08-28T21:24:47.695000+00:00,-1.4110161999999944,0.303266758275,-1.1077494417249945
2,8971423978,dota2-db2-satan-2026-08-28-game2,2026-08-29T03:20:55.120000+00:00,0.0,0.0,0.0
2,8971501630,dota2-nexus-cres-2026-08-28,2026-08-29T04:51:09.441000+00:00,-3.4538958000000335,1.929361736958,-1.5245340630420334
2,8971519375,dota2-nem-6seven-2026-08-29-game1,2026-08-29T05:14:15.579000+00:00,30.163100399999955,0.9483982550100001,31.111498655009957
2,8971586781,dota2-nem-6seven-2026-08-29-game2,2026-08-29T06:13:46.689000+00:00,-1.5,0.0914175,-1.4085825
2,8971664649,dota2-nem-6seven-2026-08-29,2026-08-29T07:24:10.704000+00:00,-0.00045899999999932106,0.17765726355,0.17719826355000068
2,8971753986,dota2-icecre-kineti-2026-08-29-game1,2026-08-29T08:38:12.829000+00:00,0.0,0.0,0.0
2,8971849697,dota2-icecre-kineti-2026-08-29-game2,2026-08-29T09:43:14.699000+00:00,0.0,0.0,0.0
2,8971891627,dota2-dynast1-nemiga-2026-08-29-game1,2026-08-29T10:17:49.464000+00:00,22.1554,0.84219975,22.99759975
2,8971964803,dota2-mouz-yes-2026-08-29-game1,2026-08-29T11:13:49.271000+00:00,-6.345747670000009,0.5521036619347499,-5.793644008065259
2,8971988345,dota2-sb5-lynx-2026-08-29-game1,2026-08-29T11:21:30.742000+00:00,0.6019992000000016,0.07442834688,0.6764275468800016
2,8972103119,dota2-sb5-lynx-2026-08-29-game2,2026-08-29T12:31:54.536000+00:00,-2.9912000000000027,0.2003286,-2.7908714000000026
2,8972115962,dota2-mouz-yes-2026-08-29-game2,2026-08-29T12:36:59.931000+00:00,-6.762400000000014,2.6440047,-4.118395300000014
2,8972289868,dota2-huliga-lynx-2026-08-29-game1,2026-08-29T14:15:10.550000+00:00,-3.965077339999997,0.209837881071,-3.755239458928997
2,8972502454,dota2-huliga-lynx-2026-08-29-game2,2026-08-29T15:52:19.963000+00:00,-103.096,1.71827655,-101.37772345
2,8972611918,dota2-huliga-lynx-2026-08-29,2026-08-29T16:49:36.587000+00:00,0.15000000000000036,0.01831125,0.16831125000000036
2,8972773416,dota2-pi-lvlup1-2026-08-29-game1,2026-08-29T18:17:23.637000+00:00,-44.320193919999994,1.464755560398,-42.855438359602
2,8972893200,dota2-pi-lvlup1-2026-08-29-game2,2026-08-29T19:20:53.860000+00:00,0.0,0.0,0.0
2,8973011673,dota2-pi-lvlup1-2026-08-29,2026-08-29T20:33:12.059000+00:00,27.903998270000002,2.09770185968025,30.001700129680252
2,8973010298,dota2-ks-spirit1-2026-08-29-game1,2026-08-29T20:38:42.759000+00:00,0.0,0.0,0.0
2,8973337131,dota2-icecre-xctn-2026-08-30-game1,2026-08-30T02:14:49.254000+00:00,-39.586700000000015,1.7660713575,-37.82062864250001
2,8973405568,dota2-icecre-xctn-2026-08-30-game2,2026-08-30T03:19:55.483000+00:00,4.248000000000005,0.39187800000000006,4.639878000000005
2,8973462028,dota2-icecre-xctn-2026-08-30,2026-08-30T04:30:11.988000+00:00,1.0651840000000021,0.3828768876,1.448060887600002
2,8973502629,dota2-clo-yb1-2026-08-30-game1,2026-08-30T05:13:07.837000+00:00,2.200000000000001,0.06519,2.265190000000001
2,8973568453,dota2-clo-yb1-2026-08-30-game2,2026-08-30T06:12:50.377000+00:00,0.15268528999999909,0.04962644358224999,0.20231173358224908
2,8973613420,dota2-clo-yb1-2026-08-30,2026-08-30T07:04:46.677000+00:00,1.365749649999998,0.33373996667624994,1.6994896166762479
2,8973707438,dota2-lynx-lvlup1-2026-08-30-game1,2026-08-30T08:16:36.050000+00:00,8.861399999999973,1.327888065,10.189288064999973
2,8973859403,dota2-lynx-lvlup1-2026-08-30-game2,2026-08-30T09:56:31.353000+00:00,4.903199999999998,0.47328682499999997,5.376486824999998
2,8973884000,dota2-nem-xctn-2026-08-30-game2,2026-08-30T10:12:32.710000+00:00,6.79901218000001,0.938223733731,7.73723591373101
2,8973944033,dota2-lynx-lvlup1-2026-08-30,2026-08-30T10:50:43.696000+00:00,-18.16160000000004,2.93133264,-15.230267360000038
2,8974185539,dota2-navi-mouz-2026-08-30-game2,2026-08-30T13:08:29.090000+00:00,1.9669944000000044,0.11417361479999999,2.0811680148000042
2,8974647733,dota2-lvlup1-pr1-2026-08-30-game1,2026-08-30T17:09:16.077000+00:00,1.5776324100000085,0.7625938090717499,2.3402262190717584
2,8974898633,dota2-lvlup1-pr1-2026-08-30,2026-08-30T19:25:58.777000+00:00,-21.99519794999999,2.9771139549937495,-19.01808399500624
2,8975110449,dota2-dynast1-ks-2026-08-30-game2,2026-08-30T21:54:27.706000+00:00,-11.696200000000003,1.6042037699999998,-10.091996230000003
2,8975871235,dota2-synaps-lynx-2026-08-31-game1,2026-08-31T12:26:44.788000+00:00,-32.49419254000003,1.0685259881084999,-31.425666551891528
2,8976012755,dota2-synaps-lynx-2026-08-31-game2,2026-08-31T13:41:35.303000+00:00,-18.26940000000003,1.213392915,-17.05600708500003
2,8976166971,dota2-synaps-lynx-2026-08-31,2026-08-31T15:09:07.826000+00:00,0.0002920000000017353,0.29455331399999996,0.2948453140000017
2,8976300473,dota2-4iki-ic-2026-08-31-game1,2026-08-31T16:25:39.940000+00:00,-6.479553319999991,1.1199744909359999,-5.359578829063992
2,8976441468,dota2-4iki-ic-2026-08-31-game2,2026-08-31T17:43:06.122000+00:00,74.61575108000001,0.87149890926,75.48724998926001
2,8976511215,dota2-4iki-ic-2026-08-31,2026-08-31T18:29:54.020000+00:00,3.7473319000000025,0.1771529938725,3.9244848938725023
2,8976665322,dota2-spirit1-pi-2026-08-31-game1,2026-08-31T20:26:57.494000+00:00,4.868093550000015,1.63870695556875,6.506800505568766
2,8976751962,dota2-spirit1-pi-2026-08-31-game2,2026-08-31T21:40:17.685000+00:00,-5.714199999999977,0.9162719699999999,-4.7979280299999765
2,8977325814,dota2-ks-pckcp-2026-09-01-game2,2026-09-01T10:26:27.059000+00:00,2.9798999999999936,0.221313195,3.2012131949999936
2,8977476867,dota2-ic-lynx-2026-09-01-game1,2026-09-01T12:26:04.131000+00:00,34.45159999999999,1.62822486,36.079824859999995
2,8977623650,dota2-ic-lynx-2026-09-01-game2,2026-09-01T13:53:28.128000+00:00,2.695599999999974,1.7902457999999999,4.485845799999974
2,8977913355,dota2-synaps-lvlup1-2026-09-01-game2,2026-09-01T16:37:59.217000+00:00,0.0,0.0,0.0
2,8978023576,dota2-synaps-lvlup1-2026-09-01,2026-09-01T17:45:54.185000+00:00,-39.42280000000001,1.0266338999999998,-38.39616610000001
2,8978832148,dota2-pr1-ic-2026-09-02-game1,2026-09-02T09:52:32.767000+00:00,38.40965094999995,0.81624794716125,39.2258988971612
2,8978916284,dota2-pr1-ic-2026-09-02-game2,2026-09-02T11:19:11.539000+00:00,0.0,0.0,0.0
2,8978986214,dota2-pr1-ic-2026-09-02,2026-09-02T12:20:55.440000+00:00,-0.6448,0.05336526,-0.5914347400000001
2,8979131280,dota2-dynast1-pckcp-2026-09-02-game1,2026-09-02T13:56:13.878000+00:00,0.0,0.0,0.0
2,8979241530,dota2-dynast1-pckcp-2026-09-02-game2,2026-09-02T14:56:18.245000+00:00,4.938773749999967,0.54628480340625,5.485058553406217
2,8979344496,dota2-synaps-4iki-2026-09-02-game1,2026-09-02T15:59:27.587000+00:00,-21.103800000000035,3.16712523,-17.936674770000035
2,8980293569,dota2-z10-ks-2026-09-03-game1,2026-09-03T09:18:42.909000+00:00,-5.633349879999997,0.8868986356290001,-4.746451244370997
2,8980358113,dota2-z10-ks-2026-09-03-game2,2026-09-03T10:27:20.250000+00:00,-2.6014348599999977,1.244731427901,-1.3567034320989977
2,8980463789,dota2-pckcp-spirit1-2026-09-03-game1,2026-09-03T12:14:02.762000+00:00,11.394252399999985,0.6082964027400001,12.002548802739986
2,8980769413,dota2-pi-dynast1-2026-09-03-game1,2026-09-03T15:17:23.998000+00:00,6.400000000000006,0.11441999999999997,6.514420000000006
