seed,match_id,slug,horn_at,engine_pnl,rebate,net
0,8837869969,dota2-aur1-ty-2026-06-04-game1,2026-06-04T09:17:47.612000+00:00,6.996100000000013,1.1570994075,8.153199407500013
0,8837957019,dota2-aur1-ty-2026-06-04-game2,2026-06-04T11:05:49.570000+00:00,-49.433400000000006,5.232109889999999,-44.20129011000001
0,8838056564,dota2-flc-liquid-2026-06-04-game1,2026-06-04T12:43:48.535000+00:00,0.0,1.0945261049999997,1.0945261049999997
0,8838170936,dota2-flc-liquid-2026-06-04-game2,2026-06-04T14:05:12.636000+00:00,-3.4116007200000062,2.733662247624,-0.6779384723760065
0,8838396820,dota2-lgd-ty-2026-06-04-game2,2026-06-04T16:48:28.531000+00:00,-21.331900859999962,3.683366194533,-17.64853466546696
0,8838480778,dota2-lgd-ty-2026-06-04,2026-06-04T17:57:47.377000+00:00,-38.581700430000026,2.11536125033925,-36.46633917966078
0,8839123109,dota2-flc-bb4-2026-06-05-game1,2026-06-05T09:16:39.267000+00:00,-57.604299999999995,1.1786558175,-56.425644182499994
0,8839193447,dota2-flc-bb4-2026-06-05-game2,2026-06-05T10:38:10.594000+00:00,2.7985999999999875,0.937279905,3.7358799049999876
0,8839366504,dota2-lgd-liquid-2026-06-05-game2,2026-06-05T13:21:18.066000+00:00,0.23849776000000134,1.499964854268,1.7384626142680013
0,8839494962,dota2-flc-aur1-2026-06-05-game1,2026-06-05T14:52:18.684000+00:00,-11.680300000000045,2.1790196625,-9.501280337500045
0,8839625815,dota2-flc-aur1-2026-06-05-game2,2026-06-05T16:13:53.150000+00:00,2.2819999999999965,0.28725644999999994,2.5692564499999966
0,8839717574,dota2-flc-aur1-2026-06-05,2026-06-05T17:21:15.591000+00:00,24.725183950000044,1.11493101805875,25.840114968058796
0,8840635639,dota2-ty-bb4-2026-06-06-game1,2026-06-06T10:47:49.658000+00:00,0.0,0.0,0.0
0,8840704374,dota2-ty-bb4-2026-06-06-game2,2026-06-06T11:51:44.485000+00:00,-5.043400000000002,1.8449880149999998,-3.198411985000002
0,8840821227,dota2-ty-bb4-2026-06-06,2026-06-06T13:12:37.368000+00:00,34.21849999999999,2.0887353825000003,36.30723538249999
0,8840984097,dota2-aur1-lgd-2026-06-06-game1,2026-06-06T15:05:33.978000+00:00,6.550499999999957,1.1347743225000002,7.685274322499957
0,8841114801,dota2-aur1-lgd-2026-06-06-game2,2026-06-06T16:30:29.855000+00:00,-24.644200760000032,1.435449671979,-23.20875108802103
0,8842052142,dota2-bb4-lgd-2026-06-07-game1,2026-06-07T09:18:04.694000+00:00,97.67520000000002,1.6587342,99.33393420000002
0,8842134886,dota2-bb4-lgd-2026-06-07-game2,2026-06-07T10:28:41.168000+00:00,-8.019000000000034,3.235483365,-4.7835166350000335
0,8842245726,dota2-bb4-lgd-2026-06-07,2026-06-07T11:59:53.564000+00:00,-35.742300870000015,1.19535417417225,-34.546946695827764
0,8842468101,dota2-ty-lgd-2026-06-07-game1,2026-06-07T14:21:40.854000+00:00,-1.1499999999999995,0.01693125,-1.1330687499999994
0,8842596730,dota2-ty-lgd-2026-06-07-game2,2026-06-07T15:49:20.066000+00:00,-2.796763839999997,0.281725780584,-2.515038059415997
0,8842722527,dota2-ty-lgd-2026-06-07-game3,2026-06-07T17:12:22.566000+00:00,1.2119999999999953,0.21167406,1.4236740599999953
0,8842845018,dota2-ty-lgd-2026-06-07-game4,2026-06-07T18:51:58.999000+00:00,2.0000000000000036,0.12189,2.1218900000000036
0,8843465364,dota2-4iki-nande4-2026-06-08-game1,2026-06-08T09:15:08.776000+00:00,-40.95686718000002,1.5119206526295,-39.44494652737052
0,8843512570,dota2-4iki-nande4-2026-06-08-game2,2026-06-08T10:09:45.609000+00:00,-2.396899999999988,0.8771810325,-1.519718967499988
0,8843560379,dota2-4iki-nande4-2026-06-08,2026-06-08T11:10:54.138000+00:00,-13.393199999999979,1.2720326999999998,-12.121167299999978
0,8843760302,dota2-vpp-balu-2026-06-08-game2,2026-06-08T13:42:26.324000+00:00,0.0,0.0,0.0
0,8844054970,dota2-z10-sb5-2026-06-08-game2,2026-06-08T17:08:41.204000+00:00,1.04,0.01833,1.05833
0,8844132483,dota2-vpp-z10-2026-06-08-game1,2026-06-08T18:23:01.210000+00:00,0.0,0.0,0.0
0,8844244719,dota2-vpp-z10-2026-06-08-game2,2026-06-08T19:45:42.908000+00:00,18.584100000000007,1.1808008775,19.764900877500008
0,8844308689,dota2-vpp-z10-2026-06-08,2026-06-08T20:50:38.757000+00:00,122.5804,0.56999886,123.15039886
0,8850534819,dota2-ill-pr1-2026-06-13-game2,2026-06-13T17:10:42.502000+00:00,0.4230000000000018,0.401098725,0.8240987250000018
0,8850593633,dota2-ill-pr1-2026-06-13,2026-06-13T18:00:57.551000+00:00,0.0,0.0,0.0
0,8851984783,dota2-4iki-pr1-2026-06-14-game2,2026-06-14T16:46:25.798000+00:00,-5.220900000000007,2.7490613475,-2.4718386525000073
0,8852055373,dota2-4iki-pr1-2026-06-14,2026-06-14T17:46:02.690000+00:00,-12.399999999999995,0.3542025,-12.045797499999995
0,8854443395,dota2-fla-spirit1-2026-06-16-game1,2026-06-16T16:31:44.570000+00:00,-5.340400000000005,0.15518787,-5.185212130000005
0,8885183102,dota2-flc-bb4-2026-07-07-game1,2026-07-07T09:47:24.433000+00:00,2.696135190000007,0.82747160399925,3.5236067939992566
0,8885195986,dota2-re-xtreme-2026-07-07-game1,2026-07-07T09:55:03.037000+00:00,15.469599999999957,0.652761,16.12236099999996
0,8885252329,dota2-flc-bb4-2026-07-07-game2,2026-07-07T11:01:59.599000+00:00,-3.8815176699999654,1.5477362974372502,-2.333781372562715
0,8885275216,dota2-re-xtreme-2026-07-07-game2,2026-07-07T11:16:11.813000+00:00,-4.887199999999979,0.94287,-3.9443299999999786
0,8885365825,dota2-l1ga-ngx-2026-07-07-game1,2026-07-07T12:34:49.112000+00:00,33.29599999999999,0.2702448,33.56624479999999
0,8885380529,dota2-liquid-playti-2026-07-07-game1,2026-07-07T12:43:07.045000+00:00,-0.129999999999999,0.04850625,-0.081493749999999
0,8885411801,dota2-lvlup1-aur1-2026-07-07-game1,2026-07-07T13:06:28.530000+00:00,0.0,0.0,0.0
0,8885470551,dota2-l1ga-ngx-2026-07-07-game2,2026-07-07T13:39:34.570000+00:00,12.075199999999985,0.7321473,12.807347299999984
0,8885473599,dota2-liquid-playti-2026-07-07-game2,2026-07-07T13:52:27.923000+00:00,6.026399999999995,3.4100357999999997,9.436435799999995
0,8885529711,dota2-lvlup1-aur1-2026-07-07-game2,2026-07-07T14:23:52.590000+00:00,2.9610000000000127,0.08505472500000008,3.0460547250000127
0,8885633666,dota2-ts8-mouz-2026-07-07-game1,2026-07-07T15:33:28.678000+00:00,85.91269999999997,3.3030857625000003,89.21578576249998
0,8885665054,dota2-nem-pari-2026-07-07-game1,2026-07-07T15:41:38.548000+00:00,34.29869100000003,1.045517993925,35.34420899392503
0,8885784652,dota2-ts8-mouz-2026-07-07-game2,2026-07-07T17:16:32.961000+00:00,-8.039626479999992,3.193990240116,-4.8456362398839925
0,8885871759,dota2-ic-1win-2026-07-07-game1,2026-07-07T18:31:07.999000+00:00,0.3800000000000008,0.016059749999999998,0.39605975000000077
0,8885928262,dota2-ty-og-2026-07-07-game1,2026-07-07T19:03:44.444000+00:00,44.028400000000005,0.4490694599999999,44.47746946
0,8885974297,dota2-ic-1win-2026-07-07-game2,2026-07-07T19:32:14.446000+00:00,0.0,0.0,0.0
0,8886005043,dota2-ty-og-2026-07-07-game2,2026-07-07T20:03:05.981000+00:00,-9.473999999999961,0.5254960499999999,-8.948503949999962
0,8886576019,dota2-poorra-bb4-2026-07-08-game1,2026-07-08T09:20:01.472000+00:00,0.0,0.0,0.0
0,8886572854,dota2-gl-xtreme-2026-07-08-game1,2026-07-08T09:27:27.007000+00:00,-52.173599999999965,1.5417298799999999,-50.63187011999997
0,8886638110,dota2-poorra-bb4-2026-07-08-game2,2026-07-08T10:36:00.005000+00:00,0.0,0.0,0.0
0,8886640910,dota2-flc-re-2026-07-08-game2,2026-07-08T10:39:41.623000+00:00,-2.4690999999999974,1.1512796024999996,-1.3178203974999978
0,8886641793,dota2-gl-xtreme-2026-07-08-game2,2026-07-08T10:45:04.782000+00:00,50.030099109999995,1.73190388976325,51.76200299976325
0,8886728756,dota2-l1ga-playti-2026-07-08-game1,2026-07-08T12:02:19.795000+00:00,-9.770800000000028,1.9144854299999998,-7.856314570000028
0,8886736772,dota2-liquid-lvlup1-2026-07-08-game1,2026-07-08T12:08:59.488000+00:00,0.0,0.0,0.0
0,8886788497,dota2-ngx-aur1-2026-07-08-game1,2026-07-08T12:47:30.744000+00:00,-2.6018903300000034,0.7174571294032499,-1.8844332005967535
0,8886815251,dota2-l1ga-playti-2026-07-08-game2,2026-07-08T13:04:20.712000+00:00,27.541600000000017,0.70635312,28.247953120000016
0,8886862310,dota2-liquid-lvlup1-2026-07-08-game2,2026-07-08T13:37:25.898000+00:00,7.391199999999998,0.053216640000000044,7.444416639999998
0,8886994890,dota2-ts8-nem-2026-07-08-game1,2026-07-08T14:59:11.781000+00:00,0.0,0.019125,0.019125
0,8887100676,dota2-vg-pari-2026-07-08-game1,2026-07-08T16:18:23.954000+00:00,0.0,0.0,0.0
0,8887114313,dota2-ts8-nem-2026-07-08-game2,2026-07-08T16:15:19.583000+00:00,-31.774500000000003,0.5067183675,-31.267781632500004
0,8887197358,dota2-vg-pari-2026-07-08-game2,2026-07-08T17:23:00.102000+00:00,-10.288100000000014,0.6430944824999999,-9.645005517500014
0,8887218598,dota2-lgd-og-2026-07-08-game1,2026-07-08T17:27:41.870000+00:00,0.8000000000000007,0.053009999999999995,0.8530100000000007
0,8887260104,dota2-ty-ic-2026-07-08-game1,2026-07-08T17:58:24.214000+00:00,0.0,0.0,0.0
0,8887314193,dota2-lgd-og-2026-07-08-game2,2026-07-08T18:40:30.736000+00:00,-35.36541371999998,1.1480703351239998,-34.21734338487598
0,8887325211,dota2-vp-1win-2026-07-08-game1,2026-07-08T18:51:24.334000+00:00,-47.45749999999998,2.3924416725,-45.06505832749998
0,8887337672,dota2-ty-ic-2026-07-08-game2,2026-07-08T19:01:29.872000+00:00,0.0,0.0,0.0
0,8887432754,dota2-vp-1win-2026-07-08-game2,2026-07-08T20:20:02.742000+00:00,71.87019999999998,0.52625961,72.39645960999998
0,8887986392,dota2-poorra-xtreme-2026-07-09-game1,2026-07-09T09:21:30.237000+00:00,-5.557100449999979,1.90792461530625,-3.649175834693729
0,8887998750,dota2-bb4-re-2026-07-09-game1,2026-07-09T09:29:32.198000+00:00,-2.8000000000000043,0.11324999999999999,-2.6867500000000044
0,8888056358,dota2-poorra-xtreme-2026-07-09-game2,2026-07-09T10:34:44.979000+00:00,-6.175399999999982,1.2676684649999999,-4.907731534999982
0,8888066684,dota2-bb4-re-2026-07-09-game2,2026-07-09T10:43:25.275000+00:00,-15.998806859999988,0.8028028255005,-15.196004034499488
0,8888083694,dota2-gl-flc-2026-07-09-game2,2026-07-09T11:11:32.224000+00:00,34.316354180000076,2.5245206714835,36.840874851483576
0,8888160657,dota2-l1ga-aur1-2026-07-09-game1,2026-07-09T12:09:38.901000+00:00,2.0000000000000284,0.45380568000000004,2.4538056800000283
0,8888173515,dota2-playti-lvlup1-2026-07-09-game1,2026-07-09T12:20:27.216000+00:00,25.434000000000026,0.56795661,26.001956610000025
0,8888217771,dota2-ngx-liquid-2026-07-09-game1,2026-07-09T12:52:14.212000+00:00,7.8507000000000176,1.8107678624999999,9.661467862500018
0,8888260336,dota2-l1ga-aur1-2026-07-09-game2,2026-07-09T13:20:05.771000+00:00,-3.4000000000000057,0.20349,-3.1965100000000057
0,8888279558,dota2-playti-lvlup1-2026-07-09-game2,2026-07-09T13:33:23.111000+00:00,2.842170943040401e-14,0.6599993399999999,0.6599993400000284
0,8888318197,dota2-ngx-liquid-2026-07-09-game2,2026-07-09T14:04:08.888000+00:00,10.037799999999976,4.139488665,14.177288664999976
0,8888405761,dota2-mouz-nem-2026-07-09-game1,2026-07-09T14:48:45.816000+00:00,10.8108,0.7378370999999999,11.5486371
0,8888425887,dota2-rnx-pari-2026-07-09-game1,2026-07-09T15:02:02.148000+00:00,8.78879999999998,0.24464256000000006,9.033442559999981
0,8888489297,dota2-vg-ts8-2026-07-09-game1,2026-07-09T15:42:43.149000+00:00,-65.39159999999995,1.7442463349999997,-63.647353664999955
0,8888555097,dota2-mouz-nem-2026-07-09-game2,2026-07-09T16:24:34.308000+00:00,-27.827000000000016,1.9531003349999998,-25.873899665000017
0,8888554919,dota2-rnx-pari-2026-07-09-game2,2026-07-09T16:26:10.054000+00:00,0.0,0.0,0.0
0,8888592426,dota2-vg-ts8-2026-07-09-game2,2026-07-09T16:59:54.115000+00:00,-0.13000000000000078,0.04055025000000001,-0.08944975000000077
0,8888682602,dota2-og-ic-2026-07-09-game1,2026-07-09T17:53:01.981000+00:00,-32.28860083999996,1.982587901472,-30.306012938527957
0,8888693655,dota2-vp-ty-2026-07-09-game1,2026-07-09T18:07:57.629000+00:00,0.0,0.0,0.0
0,8888731478,dota2-lgd-1win-2026-07-09-game1,2026-07-09T18:35:20.326000+00:00,14.107338399999975,1.10528763258,15.212626032579974
0,8888771711,dota2-og-ic-2026-07-09-game2,2026-07-09T19:04:50.495000+00:00,0.0,0.0,0.0
0,8888819433,dota2-lgd-1win-2026-07-09-game2,2026-07-09T19:41:02.532000+00:00,-2.4637011400000013,0.43455255211349997,-2.0291485878865014
0,8889452921,dota2-re-gl-2026-07-10-game1,2026-07-10T09:17:34.068000+00:00,39.57349999999997,1.3215454574999999,40.89504545749997
0,8889468264,dota2-xtreme-bb4-2026-07-10-game1,2026-07-10T09:26:30.741000+00:00,-9.845400000000005,0.96726285,-8.878137150000004
0,8889513730,dota2-poorra-flc-2026-07-10-game2,2026-07-10T10:17:36.842000+00:00,3.75,0.21853124999999998,3.96853125
0,8889524021,dota2-xtreme-bb4-2026-07-10-game2,2026-07-10T10:37:39.793000+00:00,0.001971419999961199,1.6532985086145,1.6552699286144612
0,8889538949,dota2-re-gl-2026-07-10-game2,2026-07-10T10:40:57.402000+00:00,-3.14579999999998,2.345412225,-0.8003877749999799
0,8889615310,dota2-l1ga-liquid-2026-07-10-game1,2026-07-10T11:48:20.990000+00:00,2.438999999999993,0.5281044750000001,2.967104474999993
0,8889621582,dota2-aur1-playti-2026-07-10-game1,2026-07-10T11:57:42.116000+00:00,-77.43045296000004,1.9912826890439999,-75.43917027095604
0,8889699098,dota2-l1ga-liquid-2026-07-10-game2,2026-07-10T12:46:15.831000+00:00,0.0,0.0,0.0
0,8889733840,dota2-aur1-playti-2026-07-10-game2,2026-07-10T13:14:22.837000+00:00,-68.8735,2.7568041525,-66.11669584750001
0,8889871314,dota2-nem-vg-2026-07-10-game1,2026-07-10T14:27:52.631000+00:00,13.158000000000015,0.66375531,13.821755310000015
0,8889914618,dota2-pari-mouz-2026-07-10-game1,2026-07-10T14:59:49.254000+00:00,4.385836479999995,0.426179151732,4.812015631731994
0,8889944251,dota2-rnx-ts8-2026-07-10-game1,2026-07-10T15:15:29.857000+00:00,6.593400000000003,0.22796680500000005,6.821366805000003
0,8890008812,dota2-nem-vg-2026-07-10-game2,2026-07-10T15:49:04.827000+00:00,32.321200000000005,0.8790252749999998,33.200225275
0,8890036748,dota2-pari-mouz-2026-07-10-game2,2026-07-10T16:15:07.698000+00:00,6.818099999999987,0.3195984375,7.137698437499987
0,8890074597,dota2-rnx-ts8-2026-07-10-game2,2026-07-10T16:28:42.555000+00:00,0.0,0.0,0.0
0,8890179830,dota2-lgd-ty-2026-07-10-game1,2026-07-10T17:38:53.401000+00:00,5.263200000000012,0.6986897999999999,5.961889800000012
0,8890270555,dota2-1win-og-2026-07-10-game2,2026-07-10T18:36:26.467000+00:00,0.0,0.0,0.0
0,8890268632,dota2-lgd-ty-2026-07-10-game2,2026-07-10T18:43:14.663000+00:00,-16.000064839999993,0.802809335547,-15.197255504452993
0,8890301402,dota2-ic-vp-2026-07-10-game2,2026-07-10T18:52:09.717000+00:00,0.0,0.0,0.0
0,8891108843,dota2-poorra-re-2026-07-11-game1,2026-07-11T09:15:44.932000+00:00,2.34,0.047170500000000004,2.3871705
0,8891108985,dota2-bb4-gl-2026-07-11-game1,2026-07-11T09:17:06.187000+00:00,0.0,0.0,0.0
0,8891145641,dota2-xtreme-flc-2026-07-11-game1,2026-07-11T09:30:07.111000+00:00,0.0,0.0,0.0
0,8891217710,dota2-poorra-re-2026-07-11-game2,2026-07-11T10:44:50.172000+00:00,-48.07520149999999,2.5485871299375,-45.52661437006249
0,8891240327,dota2-xtreme-flc-2026-07-11-game2,2026-07-11T11:01:14.698000+00:00,-0.3968005000000172,1.9041507576374999,1.5073502576374826
0,8891325877,dota2-l1ga-lvlup1-2026-07-11-game1,2026-07-11T12:09:46.181000+00:00,-15.172302000000027,0.6609958237499999,-14.511306176250027
0,8891349244,dota2-playti-ngx-2026-07-11-game1,2026-07-11T12:27:52.369000+00:00,20.14669999999998,4.9161400575,25.062840057499983
0,8891371442,dota2-aur1-liquid-2026-07-11-game1,2026-07-11T12:43:19.319000+00:00,-0.3199999999999932,0.7107135000000001,0.39071350000000693
0,8891438996,dota2-l1ga-lvlup1-2026-07-11-game2,2026-07-11T13:19:40.554000+00:00,-0.11999999999999922,0.094707,-0.02529299999999922
0,8891497910,dota2-aur1-liquid-2026-07-11-game2,2026-07-11T13:53:37.287000+00:00,49.415100000000024,0.8406829874999999,50.25578298750003
0,8891519142,dota2-playti-ngx-2026-07-11-game2,2026-07-11T14:08:43.754000+00:00,-41.73959999999997,2.109924255,-39.629675744999965
0,8892829232,dota2-mouz-vg-2026-07-12-game1,2026-07-12T09:15:57.248000+00:00,-15.7984,0.41443697999999995,-15.383963020000001
0,8892835652,dota2-rnx-nem-2026-07-12-game1,2026-07-12T09:19:01.546000+00:00,0.0,0.0,0.0
0,8892836635,dota2-pari-ts8-2026-07-12-game1,2026-07-12T09:26:06.808000+00:00,-12.623599999999971,3.4836745199999997,-9.139925479999972
0,8892923329,dota2-mouz-vg-2026-07-12-game2,2026-07-12T10:25:59.512000+00:00,-57.69360104000006,2.755226486568,-54.93837455343206
0,8892914077,dota2-pari-ts8-2026-07-12-game2,2026-07-12T10:31:28.406000+00:00,-15.398600000000016,2.6965579049999997,-12.702042095000017
0,8892958964,dota2-rnx-nem-2026-07-12-game2,2026-07-12T10:53:08.655000+00:00,-78.06000000000002,0.9075344999999999,-77.15246550000002
0,8893070561,dota2-1win-ty-2026-07-12-game1,2026-07-12T12:14:45.162000+00:00,4.942034349999986,1.31356094800125,6.255595298001236
0,8893106015,dota2-og-vp-2026-07-12-game1,2026-07-12T12:36:42.440000+00:00,0.3899999999999988,0.04273425,0.43273424999999877
0,8893165071,dota2-1win-ty-2026-07-12-game2,2026-07-12T13:18:20.777000+00:00,-50.0244,3.452274,-46.572126
0,8893253595,dota2-og-vp-2026-07-12-game2,2026-07-12T13:56:28.498000+00:00,0.8889991800000061,0.355229622171,1.2442288021710062
0,8896139222,dota2-re-vp-2026-07-14-game1,2026-07-14T11:15:10.363000+00:00,5.0,1.956885,6.956885
0,8896140998,dota2-liquid-xtreme-2026-07-14-game1,2026-07-14T11:24:31.795000+00:00,-0.4274013600000046,1.2005808408179999,0.7731794808179953
0,8896234088,dota2-re-vp-2026-07-14-game2,2026-07-14T12:30:48.003000+00:00,-18.4212,0.78217731,-17.639022689999997
0,8896267691,dota2-liquid-xtreme-2026-07-14-game2,2026-07-14T13:05:08.216000+00:00,-0.2600000000000007,0.046371,-0.21362900000000068
0,8896380183,dota2-re-vp-2026-07-14,2026-07-14T14:02:34.965000+00:00,-59.715599999999995,1.6791270900000002,-58.03647290999999
0,8896486914,dota2-liquid-xtreme-2026-07-14,2026-07-14T15:13:00.049000+00:00,-7.8880798800000065,1.6140102020040001,-6.274069677996007
0,8896645659,dota2-lgd-mouz-2026-07-14-game1,2026-07-14T16:55:49.823000+00:00,0.0,0.0,0.0
0,8896731473,dota2-lgd-mouz-2026-07-14-game2,2026-07-14T18:02:11.857000+00:00,-55.38960000000003,1.4707103099999999,-53.91888969000003
0,8897585705,dota2-aur1-re-2026-07-15-game1,2026-07-15T11:19:40.513000+00:00,-86.05406850000001,0.5460724288125001,-85.50799607118752
0,8897588873,dota2-ts8-liquid-2026-07-15-game1,2026-07-15T11:25:30.473000+00:00,8.693999199999979,1.6238970568799997,10.31789625687998
0,8897695379,dota2-aur1-re-2026-07-15-game2,2026-07-15T12:41:48.340000+00:00,-2.2989000000000033,0.4025948625,-1.8963051375000033
0,8897696869,dota2-ts8-liquid-2026-07-15-game2,2026-07-15T12:54:25.976000+00:00,21.258260060000026,3.3147723612615003,24.573032421261527
0,8897831774,dota2-ts8-liquid-2026-07-15,2026-07-15T14:13:24.528000+00:00,-5.633259979999991,0.8868981703965,-4.746361809603491
0,8897841991,dota2-1win-vg-2026-07-15-game1,2026-07-15T14:22:22.284000+00:00,5.333400000000012,0.729209115,6.062609115000011
0,8897971312,dota2-1win-vg-2026-07-15-game2,2026-07-15T15:33:39.656000+00:00,19.787299039999994,1.3563858811319998,21.143684921131992
0,8898003442,dota2-bb4-lgd-2026-07-15-game1,2026-07-15T15:56:58.589000+00:00,-1.0,0.0912,-0.9088
0,8898084910,dota2-1win-vg-2026-07-15,2026-07-15T16:49:08.935000+00:00,-17.16050163999998,1.9882568273339998,-15.172244812665978
0,8898117600,dota2-bb4-lgd-2026-07-15-game2,2026-07-15T17:15:52.403000+00:00,17.22837334999994,0.90582908191125,18.13420243191119
0,8899028080,dota2-ty-ts8-2026-07-17-game1,2026-07-16T11:25:22.617000+00:00,12.62700000000001,2.460973335,15.08797333500001
0,8899120700,dota2-ty-ts8-2026-07-17-game2,2026-07-16T12:44:26.752000+00:00,-22.94400048000003,3.324103062768,-19.619897417232032
0,8899307453,dota2-pari-re-2026-07-17-game1,2026-07-16T14:36:23.407000+00:00,12.657999999999987,0.5701796100000001,13.228179609999987
0,8899420575,dota2-pari-re-2026-07-17-game2,2026-07-16T15:46:28.167000+00:00,-1.091199999999997,0.06530832,-1.025891679999997
0,8900508749,dota2-flc-vg-2026-07-16-game1,2026-07-17T11:21:46.405000+00:00,-47.88729999999998,0.9597882525000001,-46.927511747499985
0,8900623530,dota2-flc-vg-2026-07-16-game2,2026-07-17T12:54:30.551000+00:00,-7.352304439999983,1.2894485454869997,-6.062855894512984
0,8900771154,dota2-ngx-bb4-2026-07-16-game1,2026-07-17T14:28:08.196000+00:00,-7.247199999999992,1.4447385,-5.802461499999993
0,8900882416,dota2-ngx-bb4-2026-07-16-game2,2026-07-17T15:33:10.588000+00:00,-6.0,0.3195,-5.6805
0,8902107148,dota2-bb4-vg-2026-07-18-game1,2026-07-18T11:22:02.020000+00:00,2.0,0.0616125,2.0616125
0,8902173969,dota2-bb4-vg-2026-07-18-game2,2026-07-18T12:21:15.910000+00:00,-14.633999999999986,0.6036525,-14.030347499999985
0,8902338515,dota2-ty-pari-2026-07-18-game1,2026-07-18T14:06:38.308000+00:00,12.244800000000026,1.5290694,13.773869400000027
0,8902431810,dota2-ty-pari-2026-07-18-game2,2026-07-18T15:09:37.865000+00:00,12.110600000000012,3.227527785,15.338127785000012
0,8902610619,dota2-ty-pari-2026-07-18,2026-07-18T16:48:06.686000+00:00,23.86164899999997,3.7293591280499996,27.59100812804997
0,8903705555,dota2-vg-ty-2026-07-19-game1,2026-07-19T10:24:33.152000+00:00,38.5,0.3779625,38.8779625
0,8903789784,dota2-vg-ty-2026-07-19-game2,2026-07-19T11:31:19.185000+00:00,8.000100000000032,0.7182089775,8.718308977500032
0,8904012666,dota2-bb4-pari-2026-07-19-game1,2026-07-19T13:57:51.853000+00:00,56.45859999999999,3.3177561449999997,59.77635614499999
0,8904157676,dota2-bb4-pari-2026-07-19-game2,2026-07-19T15:17:11.337000+00:00,-14.047700000000024,1.5543050625,-12.493394937500025
0,8904322271,dota2-bb4-pari-2026-07-19-game3,2026-07-19T16:52:33.960000+00:00,11.906599999999997,3.03082821,14.937428209999997
0,8904419709,dota2-bb4-pari-2026-07-19-game4,2026-07-19T18:05:14.511000+00:00,-11.64270000000002,1.0872297375,-10.55547026250002
0,8905035315,dota2-stx-lynx-2026-07-20-game1,2026-07-20T07:25:19.610000+00:00,0.6600000000000037,0.2058705,0.8658705000000038
0,8905093611,dota2-stx-lynx-2026-07-20-game2,2026-07-20T08:36:36.644000+00:00,14.332199999999986,0.504661095,14.836861094999986
0,8905164476,dota2-stx-lynx-2026-07-20,2026-07-20T10:04:24.370000+00:00,1.1928173599999923,1.763111795004,2.955929155003992
0,8905233934,dota2-lynx-pckcp-2026-07-20-game1,2026-07-20T11:15:17.947000+00:00,20.631799999999984,1.100348805,21.732148804999984
0,8905359313,dota2-lynx-pckcp-2026-07-20-game2,2026-07-20T12:49:30.119000+00:00,0.0,0.0,0.0
0,8905490238,dota2-z10-nemiga-2026-07-20-game1,2026-07-20T14:13:02.081000+00:00,-2.501773740000001,0.195239982891,-2.3065337571090008
0,8905612460,dota2-z10-nemiga-2026-07-20-game2,2026-07-20T15:25:40.567000+00:00,2.3844999999999885,1.4777946675,3.8622946674999885
0,8905741721,dota2-spirit1-jenz-2026-07-20-game1,2026-07-20T16:55:30.580000+00:00,10.16980000000001,2.071132965,12.24093296500001
0,8905885788,dota2-spirit1-jenz-2026-07-20-game2,2026-07-20T18:35:45.253000+00:00,0.2400000000000002,0.0686025,0.3086025000000002
0,8905975768,dota2-lvlup1-ill-2026-07-20-game1,2026-07-20T19:45:16.612000+00:00,-0.2599999999999998,0.048555,-0.21144499999999977
0,8906069414,dota2-lvlup1-ill-2026-07-20-game2,2026-07-20T20:59:36.536000+00:00,-18.777599999999957,1.8179107649999997,-16.959689234999956
0,8906479441,dota2-nemiga-dan-2026-07-21-game1,2026-07-21T07:24:02.590000+00:00,13.33530823000001,1.2649894375027497,14.60029766750276
0,8906547471,dota2-nemiga-dan-2026-07-21-game2,2026-07-21T08:48:51.736000+00:00,0.1499999999999999,0.01423125,0.1642312499999999
0,8906626852,dota2-pckcp-stx-2026-07-21-game1,2026-07-21T10:17:03.931000+00:00,-1.1004999999999967,0.8036055075,-0.29689449249999667
0,8906706819,dota2-pckcp-stx-2026-07-21-game2,2026-07-21T11:28:10.072000+00:00,2.5,0.42637499999999995,2.926375
0,8906814740,dota2-pckcp-stx-2026-07-21,2026-07-21T12:50:32.182000+00:00,1.3524473200000031,0.487916224491,1.8403635444910031
0,8906911697,dota2-lynx-spirit1-2026-07-21-game1,2026-07-21T14:01:22.509000+00:00,-3.2549999999999786,1.132494375,-2.1225056249999783
0,8907021823,dota2-lynx-spirit1-2026-07-21-game2,2026-07-21T14:54:33.550000+00:00,-30.084800000000023,2.041009545,-28.04379045500002
0,8907114935,dota2-lynx-spirit1-2026-07-21,2026-07-21T15:55:17.448000+00:00,-20.33846452,1.127738781306,-19.210725738694
0,8907236730,dota2-jenz-lynx-2026-07-21-game1,2026-07-21T17:22:36.365000+00:00,0.0,0.0,0.0
0,8907319204,dota2-jenz-lynx-2026-07-21-game2,2026-07-21T18:19:16.673000+00:00,-35.047455499999984,0.7903679807399999,-34.25708751925998
0,8907510684,dota2-z10-aion-2026-07-21-game2,2026-07-21T20:45:41.820000+00:00,0.0,0.0,0.0
0,8907942033,dota2-ill-dan-2026-07-22-game1,2026-07-22T07:18:07.776000+00:00,0.0,0.0,0.0
0,8907997366,dota2-ill-dan-2026-07-22-game2,2026-07-22T08:30:21.640000+00:00,0.0,0.0,0.0
0,8908178087,dota2-nemiga-aion-2026-07-22-game2,2026-07-22T11:35:02.272000+00:00,-0.08000000000000007,0.017322000000000004,-0.06267800000000007
0,8908313996,dota2-stx-spirit1-2026-07-22-game1,2026-07-22T13:26:43.307000+00:00,0.0,0.0,0.0
0,8908486051,dota2-stx-spirit1-2026-07-22-game2,2026-07-22T15:03:55.390000+00:00,34.508885930000034,1.63955396687025,36.148439896870286
0,8908612824,dota2-stx-spirit1-2026-07-22,2026-07-22T16:27:56.948000+00:00,14.974231589999967,1.55680779827325,16.531039388273218
0,8908710300,dota2-z10-lvlup1-2026-07-22-game1,2026-07-22T17:40:32.974000+00:00,-27.303100000000057,2.5022923725,-24.800807627500056
0,8908926344,dota2-z10-lvlup1-2026-07-22,2026-07-22T20:21:42.790000+00:00,22.84963807999995,1.389305691384,24.238943771383948
0,8909388284,dota2-dan-z10-2026-07-23-game1,2026-07-23T07:17:23.633000+00:00,1.3000000000000007,0.0084825,1.3084825000000007
0,8909443684,dota2-dan-z10-2026-07-23-game2,2026-07-23T08:24:14.078000+00:00,-10.65999999999999,0.2887425,-10.37125749999999
0,8909498494,dota2-dan-z10-2026-07-23,2026-07-23T09:35:42.112000+00:00,-1.8779999999999966,0.13052601,-1.7474739899999965
0,8909658828,dota2-spirit1-pckcp-2026-07-23-game2,2026-07-23T11:56:35.158000+00:00,-8.77680079999999,1.08557171676,-7.691229083239989
0,8909780227,dota2-spirit1-pckcp-2026-07-23,2026-07-23T13:29:29.880000+00:00,38.19949039999999,1.5425507592599998,39.74204115925999
0,8910104556,dota2-jenz-kw1-2026-07-23-game2,2026-07-23T16:47:57.620000+00:00,11.689700000000002,0.3793041975,12.069004197500002
0,8910216725,dota2-jenz-kw1-2026-07-23,2026-07-23T18:09:02.529000+00:00,0.0,0.163296,0.163296
0,8910344715,dota2-lvlup1-aion-2026-07-23-game1,2026-07-23T19:45:58.831000+00:00,0.0,0.0,0.0
0,8910461593,dota2-lvlup1-aion-2026-07-23-game2,2026-07-23T21:18:59.726000+00:00,-4.4517999999999995,0.18788671499999998,-4.263913284999999
0,8910535715,dota2-lvlup1-aion-2026-07-23,2026-07-23T22:37:28.157000+00:00,-10.552595560000043,0.7925880409334999,-9.760007519066543
0,8910589445,dota2-nemiga-ill-2026-07-23-game1,2026-07-23T23:33:41.369000+00:00,22.40780000000001,2.6186327699999996,25.026432770000007
0,8910670427,dota2-nemiga-ill-2026-07-23,2026-07-24T01:26:47.762000+00:00,8.256768189999931,1.5612407369017498,9.818008926901681
0,8910982575,dota2-aion-dan-2026-07-24-game2,2026-07-24T08:39:31.809000+00:00,0.0,0.0,0.0
0,8911277378,dota2-kw1-stx-2026-07-24-game2,2026-07-24T13:08:23.857000+00:00,47.989938859999974,1.078165942461,49.06810480246097
0,8911784562,dota2-z10-ill-2026-07-24-game1,2026-07-24T18:00:21.302000+00:00,-3.3999999999999986,0.994809375,-2.4051906249999986
0,8911916389,dota2-z10-ill-2026-07-24-game2,2026-07-24T19:32:36.981000+00:00,-1.1999999999999993,0.14445,-1.0555499999999993
0,8912045230,dota2-nemiga-lvlup1-2026-07-24-game1,2026-07-24T21:05:49.488000+00:00,12.269999999999989,1.67853375,13.948533749999989
0,8912123729,dota2-nemiga-lvlup1-2026-07-24-game2,2026-07-24T22:15:39.296000+00:00,0.0,0.0,0.0
0,8912551235,dota2-ill-aion-2026-07-25-game1,2026-07-25T07:19:52.253000+00:00,1.1260999999999939,0.6149800425,1.741080042499994
0,8912622476,dota2-ill-aion-2026-07-25-game2,2026-07-25T08:27:06.996000+00:00,9.804284480000021,0.5796540281579999,10.383938508158021
0,8912758286,dota2-pckcp-jenz-2026-07-22-game1,2026-07-25T10:25:45.605000+00:00,-2.188199999999995,0.267124515,-1.921075484999995
0,8912831712,dota2-pckcp-jenz-2026-07-22-game2,2026-07-25T11:23:26.682000+00:00,2.8000000000000007,0.14493,2.9449300000000007
0,8912974141,dota2-pckcp-jenz-2026-07-22,2026-07-25T13:02:19.241000+00:00,-23.67,1.17264375,-22.497356250000003
0,8913307206,dota2-kw1-pckcp-2026-07-25-game1,2026-07-25T16:28:48.834000+00:00,0.0,0.0,0.0
0,8913598312,dota2-lynx-kw1-2026-07-25-game1,2026-07-25T19:28:05.257000+00:00,-11.237900640000035,1.469033780004,-9.768866859996034
0,8913726962,dota2-lynx-kw1-2026-07-25-game2,2026-07-25T20:57:15.562000+00:00,-40.9769,2.7477018525,-38.2291981475
0,8913824141,dota2-lynx-kw1-2026-07-25,2026-07-25T22:21:39.642000+00:00,-18.89100000000001,2.884968135,-16.006031865000008
0,8914414410,dota2-nemiga-ill-2026-07-26-game1,2026-07-26T09:26:59.644000+00:00,-54.94795664000003,1.047738305388,-53.90021833461203
0,8914520562,dota2-nemiga-ill-2026-07-26-game2,2026-07-26T10:41:21.923000+00:00,-12.533200000000003,1.3656878399999999,-11.167512160000003
0,8914637220,dota2-nemiga-ill-2026-07-26,2026-07-26T12:04:18.708000+00:00,30.942700000000002,1.6584734325,32.601173432500005
0,8914749408,dota2-rearis-pckcp-2026-07-26-game1,2026-07-26T13:19:34.036000+00:00,6.774472199999991,0.75340158345,7.527873783449991
0,8914885598,dota2-rearis-pckcp-2026-07-26-game2,2026-07-26T14:24:02.001000+00:00,49.64150000000001,0.30260808749999996,49.944108087500005
0,8915002841,dota2-kw1-rearis-2026-07-26-game1,2026-07-26T15:32:54.677000+00:00,-9.866875880000038,0.909241819587,-8.957634060413037
0,8915137972,dota2-kw1-rearis-2026-07-26-game2,2026-07-26T16:47:26.165000+00:00,0.5000000000000009,0.013492499999999998,0.5134925000000009
0,8915271266,dota2-jenz-stx-2026-07-26-game1,2026-07-26T18:26:53.337000+00:00,11.0,0.6974549999999999,11.697455
0,8915390117,dota2-jenz-stx-2026-07-26-game2,2026-07-26T19:37:39.362000+00:00,0.0,0.0,0.0
0,8915498965,dota2-jenz-stx-2026-07-26,2026-07-26T20:57:43.107000+00:00,7.254000000000035,0.7126357499999999,7.966635750000035
0,8916041863,dota2-lvlup1-pckcp-2026-07-27-game1,2026-07-27T09:21:33.291000+00:00,32.392499999999984,0.2599118325,32.652411832499986
0,8916102349,dota2-lvlup1-pckcp-2026-07-27-game2,2026-07-27T10:12:46.876000+00:00,5.673978919999996,0.385352138061,6.059331058060996
0,8916245727,dota2-stx-nemiga-2026-07-27-game1,2026-07-27T12:25:46.061000+00:00,14.524100000000018,1.2487271325,15.77282713250002
0,8916384577,dota2-stx-nemiga-2026-07-27-game2,2026-07-27T13:48:29.618000+00:00,44.93364615000006,3.31675189963125,48.25039804963131
0,8916474664,dota2-stx-nemiga-2026-07-27,2026-07-27T14:44:54.132000+00:00,-26.16953729000005,1.6891928363047497,-24.480344453695302
0,8917611319,dota2-pr1-nemiga-2026-07-28-game2,2026-07-28T10:17:02.190000+00:00,0.0,0.48531420000000003,0.48531420000000003
0,8917675823,dota2-pr1-nemiga-2026-07-28,2026-07-28T11:19:25.327000+00:00,23.997,0.12598425000000002,24.12298425
0,8917738415,dota2-nh-pckcp-2026-07-28-game1,2026-07-28T12:16:10.015000+00:00,0.0,0.0,0.0
0,8917853656,dota2-nh-pckcp-2026-07-28-game2,2026-07-28T13:23:44.955000+00:00,49.38516460000001,1.7716326099,51.15679720990001
0,8918052500,dota2-pckcp-kw1-2026-07-28-game1,2026-07-28T15:24:46.769000+00:00,14.287143039999986,0.988563572172,15.275706612171986
0,8918176547,dota2-pckcp-kw1-2026-07-28-game2,2026-07-28T16:37:04.197000+00:00,0.0,0.0,0.0
0,8919264561,dota2-rearis-z10-2026-07-29-game1,2026-07-29T12:23:03.580000+00:00,16.86716503999999,0.7488468568319999,17.61601189683199
0,8919404744,dota2-rearis-z10-2026-07-29-game2,2026-07-29T13:48:28.368000+00:00,-1.1730000000000018,0.700811325,-0.47218867500000183
0,8919546613,dota2-amaru-nemiga-2026-07-29-game1,2026-07-29T15:15:30.082000+00:00,0.0,0.0,0.0
0,8919685210,dota2-amaru-nemiga-2026-07-29-game2,2026-07-29T16:34:50.427000+00:00,-2.1558006200000044,0.2843802420705,-1.8714203779295044
0,8919803916,dota2-amaru-nemiga-2026-07-29,2026-07-29T18:02:17.532000+00:00,45.41671596000002,1.720858280268,47.137574240268016
0,8920655724,dota2-pckcp-z10-2026-07-30-game2,2026-07-30T10:32:16.617000+00:00,0.0,0.0,0.0
0,8920897425,dota2-lvlup1-z10-2026-07-30-game2,2026-07-30T13:37:44.606000+00:00,-14.6,0.413775,-14.186225
0,8921002620,dota2-lvlup1-z10-2026-07-30,2026-07-30T14:47:46.063000+00:00,66.20940000000002,4.288469654999999,70.49786965500002
0,8921162227,dota2-amaru-pr1-2026-07-30-game1,2026-07-30T16:32:24.441000+00:00,28.25689999999999,1.1092584525,29.36615845249999
0,8921281044,dota2-amaru-pr1-2026-07-30-game2,2026-07-30T17:34:28.519000+00:00,0.0,0.0,0.0
0,8921949036,dota2-re-midas3-2026-07-31-game1,2026-07-31T06:23:42.906000+00:00,0.0,0.0,0.0
0,8922016200,dota2-re-midas3-2026-07-31-game2,2026-07-31T07:39:14.850000+00:00,39.926799999999986,1.0594247399999999,40.98622473999998
0,8922074642,dota2-vg-amaru-2026-07-31-game1,2026-07-31T08:46:41.467000+00:00,-1.875,0.135590625,-1.739409375
0,8922137329,dota2-vg-amaru-2026-07-31-game2,2026-07-31T09:48:16.177000+00:00,0.3000000000000007,0.0291825,0.3291825000000007
0,8922133239,dota2-tr7-playti-2026-07-31-game1,2026-07-31T09:57:34.446000+00:00,-18.654000440000004,3.230720502888,-15.423279937112005
0,8922186876,dota2-vg-amaru-2026-07-31,2026-07-31T10:40:33.810000+00:00,10.12639999999999,0.5829009,10.70930089999999
0,8922211678,dota2-tr7-playti-2026-07-31-game2,2026-07-31T11:00:53.806000+00:00,6.5496000000000265,1.3340330999999999,7.883633100000027
0,8922300474,dota2-enjoy-glyph-2026-07-31-game1,2026-07-31T12:14:29.331000+00:00,0.8999999999999986,0.1083375,1.0083374999999986
0,8922339160,dota2-l1ga-rnx-2026-07-31-game1,2026-07-31T12:44:09.822000+00:00,-3.5097000000000094,0.9786065625,-2.5310934375000094
0,8922400300,dota2-enjoy-glyph-2026-07-31-game2,2026-07-31T13:24:39.311000+00:00,-0.2942,1.7257583550000002,1.4315583550000002
0,8922433138,dota2-l1ga-rnx-2026-07-31-game2,2026-07-31T13:42:06.325000+00:00,-1.4000000000000021,0.069945,-1.3300550000000022
0,8922552315,dota2-l1ga-rnx-2026-07-31,2026-07-31T14:55:23.609000+00:00,56.19693399999997,1.202256717,57.39919071699997
0,8922602122,dota2-yb1-z10-2026-07-31-game1,2026-07-31T15:28:08.646000+00:00,-9.836100000000016,1.1840205375,-8.652079462500016
0,8922722577,dota2-yb1-z10-2026-07-31-game2,2026-07-31T16:35:25.057000+00:00,-11.017200000000003,1.027491615,-9.989708385000002
0,8922818221,dota2-xtreme-lgd-2026-07-31-game1,2026-07-31T17:51:24.199000+00:00,-20.731600000000018,2.3676009149999997,-18.363999085000017
0,8922940920,dota2-xtreme-lgd-2026-07-31-game2,2026-07-31T19:09:48.720000+00:00,-2.2179999999999893,3.4236235500000003,1.205623550000011
0,8923040358,dota2-xtreme-lgd-2026-07-31,2026-07-31T20:28:40.570000+00:00,1.0200000000000102,1.198305,2.21830500000001
0,8923506996,dota2-midas3-tr7-2026-08-01-game1,2026-08-01T05:43:01.223000+00:00,2.311299999999992,0.3734427375,2.684742737499992
0,8923579943,dota2-midas3-tr7-2026-08-01-game2,2026-08-01T07:02:32.143000+00:00,-34.274701599999986,1.12374292722,-33.150958672779986
0,8923643650,dota2-midas3-tr7-2026-08-01,2026-08-01T08:08:01.087000+00:00,-138.29600000000002,1.32343608,-136.97256392000003
0,8923704450,dota2-yes-vg-2026-08-01-game1,2026-08-01T09:01:56.739000+00:00,-7.9121557399999745,1.8807986209545,-6.031357119045475
0,8923780137,dota2-re-playti-2026-08-01-game1,2026-08-01T10:09:39.721000+00:00,0.0,0.0,0.0
0,8923790600,dota2-yes-vg-2026-08-01-game2,2026-08-01T10:14:11.317000+00:00,26.412384179999947,0.631242999711,27.043627179710946
0,8923874259,dota2-re-playti-2026-08-01-game2,2026-08-01T11:26:12.956000+00:00,22.2596,0.33224067,22.59184067
0,8923899787,dota2-enjoy-yb1-2026-08-01-game1,2026-08-01T11:45:49.553000+00:00,-16.88000000000001,0.59607,-16.28393000000001
0,8924057168,dota2-l1ga-lgd-2026-08-01-game1,2026-08-01T13:34:16.709000+00:00,-11.42859999999996,1.9225762349999997,-9.506023764999961
0,8924222714,dota2-l1ga-lgd-2026-08-01-game2,2026-08-01T15:02:43.462000+00:00,0.0,0.0,0.0
0,8924328537,dota2-glyph-z10-2026-08-01-game1,2026-08-01T15:59:42.950000+00:00,8.61569999999996,2.0541384375,10.669838437499958
0,8924367779,dota2-l1ga-lgd-2026-08-01,2026-08-01T16:23:12.450000+00:00,-32.93440000000001,0.8860560000000001,-32.04834400000001
0,8924468754,dota2-glyph-z10-2026-08-01-game2,2026-08-01T17:25:49.795000+00:00,-10.326701119999967,1.286050392648,-9.040650727351967
0,8924530036,dota2-rnx-xtreme-2026-08-01-game1,2026-08-01T18:06:50.164000+00:00,-0.4038416899999966,0.31533224427975,-0.0885094457202466
0,8924616191,dota2-rnx-xtreme-2026-08-01-game2,2026-08-01T19:06:22.446000+00:00,-8.857100000000003,1.0118435175,-7.845256482500003
0,8925210898,dota2-playti-xctn-2026-08-02-game1,2026-08-02T05:28:20.542000+00:00,0.0,0.0,0.0
0,8925308090,dota2-playti-xctn-2026-08-02-game2,2026-08-02T07:03:47.891000+00:00,3.214400000000026,0.5327868,3.7471868000000264
0,8925543582,dota2-yes-tr7-2026-08-02-game1,2026-08-02T10:44:16.945000+00:00,-0.5000000000000009,0.035422499999999996,-0.46457750000000086
0,8925703946,dota2-yes-tr7-2026-08-02-game2,2026-08-02T11:58:57.158000+00:00,16.598725179999946,1.3642338198555,17.962958999855445
0,8925847726,dota2-yes-tr7-2026-08-02,2026-08-02T13:17:43.701000+00:00,3.438098839999981,1.3471713348719998,4.785270174871981
0,8926022375,dota2-rnx-yb1-2026-08-02-game1,2026-08-02T15:09:53.856000+00:00,30.6554,3.844082025,34.499482025
0,8926232913,dota2-rnx-yb1-2026-08-02-game2,2026-08-02T16:42:19.665000+00:00,-6.077400000000008,1.305629625,-4.771770375000008
0,8926381426,dota2-rnx-yb1-2026-08-02,2026-08-02T18:14:10.009000+00:00,-0.12939999999998975,0.601324125,0.47192412500001024
0,8926523280,dota2-z10-lgd-2026-08-02-game1,2026-08-02T19:59:32.068000+00:00,0.0,0.0,0.0
0,8926636219,dota2-z10-lgd-2026-08-02-game2,2026-08-02T21:07:31.416000+00:00,-16.667,0.556261125,-16.110738875000003
0,8927063876,dota2-glyph-playti-2026-08-03-game2,2026-08-03T06:55:36.873000+00:00,143.96940000000006,2.8183117949999996,146.78771179500006
0,8927132943,dota2-glyph-playti-2026-08-03,2026-08-03T08:27:35.152000+00:00,33.35270000000004,0.8261818875,34.17888188750004
0,8927207054,dota2-xtreme-tr7-2026-08-03-game1,2026-08-03T10:00:05.212000+00:00,8.82359999999997,1.684208025,10.50780802499997
0,8927288399,dota2-xtreme-tr7-2026-08-03-game2,2026-08-03T11:00:48.642000+00:00,6.233799999999981,0.9400580249999999,7.173858024999981
0,8927380776,dota2-xtreme-tr7-2026-08-03,2026-08-03T12:15:30.661000+00:00,-18.34140259999998,0.923839073565,-17.417563526434982
0,8927539264,dota2-vg-yb1-2026-08-03-game1,2026-08-03T14:05:56.825000+00:00,1.5,0.8644792199999999,2.3644792199999998
0,8927660975,dota2-vg-yb1-2026-08-03-game2,2026-08-03T15:05:20.968000+00:00,-0.6323037099999596,1.04517448505475,0.4128707750547904
0,8927760296,dota2-vg-yb1-2026-08-03,2026-08-03T16:18:19.713000+00:00,20.855292589999948,2.8876678630627497,23.742960453062697
0,8927926397,dota2-re-lgd-2026-08-03-game1,2026-08-03T18:09:03.381000+00:00,0.0,0.0,0.0
0,8928050264,dota2-re-lgd-2026-08-03-game2,2026-08-03T19:19:18.313000+00:00,17.409200000000013,0.24696555000000003,17.65616555000001
0,8928163118,dota2-re-lgd-2026-08-03,2026-08-03T20:43:38.722000+00:00,-47.82230000000001,2.3035572524999997,-45.51874274750001
0,8928851109,dota2-playti-tr7-2026-08-04-game1,2026-08-04T11:30:07.829000+00:00,-17.804682940000024,1.1412788894505,-16.663404050549524
0,8928953683,dota2-playti-tr7-2026-08-04-game2,2026-08-04T12:46:11.879000+00:00,6.042115040000002,0.896457326832,6.938572366832002
0,8929124210,dota2-yb1-re-2026-08-04-game1,2026-08-04T14:38:55.576000+00:00,12.085291520000027,1.114717987104,13.200009507104028
0,8929276426,dota2-yb1-re-2026-08-04-game2,2026-08-04T15:54:25.550000+00:00,0.9999994300000001,0.00442499747775,1.00442442747775
0,8929365099,dota2-yb1-re-2026-08-04,2026-08-04T16:51:08.308000+00:00,10.260719980000033,2.1783694860615,12.439089466061533
0,8930200713,dota2-tr7-re-2026-08-05-game1,2026-08-05T08:20:38.811000+00:00,-7.407400000000024,1.38333195,-6.024068050000023
0,8930258778,dota2-tr7-re-2026-08-05-game2,2026-08-05T09:25:42.941000+00:00,48.325400000000016,3.0620041650000003,51.387404165000014
0,8930398938,dota2-playti-yb1-2026-08-05-game1,2026-08-05T12:24:04.133000+00:00,-3.733300000000014,1.2052479525,-2.5280520475000143
0,8930615242,dota2-playti-yb1-2026-08-05-game2,2026-08-05T14:02:56.166000+00:00,138.98180000000002,0.614994465,139.59679446500002
0,8930736914,dota2-playti-yb1-2026-08-05-game3,2026-08-05T15:09:49.519000+00:00,0.5999999999999996,0.07366499999999998,0.6736649999999996
0,8931781241,dota2-lvlup1-rearis-2026-08-06-game1,2026-08-06T09:28:03.156000+00:00,1.0,0.366525,1.366525
0,8931852727,dota2-lvlup1-rearis-2026-08-06-game2,2026-08-06T10:30:33.624000+00:00,-32.40894875999996,0.8675188778909999,-31.541429882108957
0,8931981851,dota2-rearis-nh-2026-08-06-game1,2026-08-06T12:26:15.226000+00:00,21.119999999999976,0.8090279999999999,21.929027999999978
0,8932085762,dota2-rearis-nh-2026-08-06-game2,2026-08-06T13:20:21.204000+00:00,0.0,0.0,0.0
0,8932181345,dota2-rearis-nh-2026-08-06,2026-08-06T14:22:22.478000+00:00,4.4961904000000175,0.24875890415999996,4.744949304160017
0,8932318084,dota2-nh-lvlup1-2026-08-06-game1,2026-08-06T15:34:15.395000+00:00,-1.932,0.005796,-1.926204
0,8932413808,dota2-nh-lvlup1-2026-08-06-game2,2026-08-06T16:23:29.211000+00:00,0.4560000000000013,0.080541,0.5365410000000013
0,8932523868,dota2-nh-lvlup1-2026-08-06,2026-08-06T17:36:18.454000+00:00,-1.6318000000000055,0.18153315,-1.4502668500000055
0,8932657929,dota2-ill-pr1-2026-08-06-game1,2026-08-06T19:12:10.345000+00:00,9.547396059999997,0.7107916593854999,10.258187719385496
0,8932835800,dota2-ill-pr1-2026-08-06,2026-08-06T21:22:55.783000+00:00,-22.62840066000001,1.679959106931,-20.94844155306901
0,8933374169,dota2-nh-z10-2026-08-07-game1,2026-08-07T09:29:47.916000+00:00,0.0,0.0,0.0
0,8933453728,dota2-nh-z10-2026-08-07-game2,2026-08-07T10:40:19.376000+00:00,0.0,0.0,0.0
0,8933575351,dota2-ill-stx-2026-08-07-game1,2026-08-07T12:33:02.695000+00:00,0.0,0.0,0.0
0,8933704579,dota2-ill-stx-2026-08-07-game2,2026-08-07T13:44:43.178000+00:00,0.0,0.101475,0.101475
0,8933879286,dota2-pr1-jenz-2026-08-07-game1,2026-08-07T15:25:51.002000+00:00,-0.25,0.018161250000000004,-0.23183874999999998
0,8933988979,dota2-pr1-jenz-2026-08-07-game2,2026-08-07T16:29:38.697000+00:00,-8.505613870000019,1.21094190921375,-7.294671960786269
0,8934184387,dota2-jenz-nemiga-2026-08-07-game1,2026-08-07T18:35:03.983000+00:00,0.0,0.0,0.0
0,8934279386,dota2-jenz-nemiga-2026-08-07-game2,2026-08-07T19:33:30.612000+00:00,0.0,0.7019913599999998,0.7019913599999998
0,8936825643,dota2-pr1-yes-2026-08-09-game1,2026-08-09T09:22:32.992000+00:00,-28.949600000000032,1.4920906200000001,-27.457509380000033
0,8937080738,dota2-pr1-yes-2026-08-09,2026-08-09T12:20:23.208000+00:00,26.032621250000034,1.76199523265625,27.794616482656284
0,8937188618,dota2-lvlup1-mouz-2026-08-09-game1,2026-08-09T13:17:49.636000+00:00,-21.864499999999996,1.4424494775,-20.422050522499998
0,8937335830,dota2-lvlup1-mouz-2026-08-09-game2,2026-08-09T14:27:35.299000+00:00,-18.309099999999987,1.8111087824999998,-16.497991217499987
0,8937484593,dota2-ill-re-2026-08-09-game1,2026-08-09T15:55:00.679000+00:00,0.0,0.0,0.0
0,8937631882,dota2-ill-re-2026-08-09-game2,2026-08-09T17:12:21.447000+00:00,1.875,0.064078125,1.939078125
0,8937722788,dota2-z10-navi-2026-08-09-game1,2026-08-09T18:17:16.930000+00:00,0.7400000000000038,0.254235,0.9942350000000038
0,8938509987,dota2-pr1-mouz-2026-08-10-game1,2026-08-10T09:24:47.767000+00:00,8.182099999999963,2.9036638725,11.085763872499964
0,8938565057,dota2-pr1-mouz-2026-08-10-game2,2026-08-10T10:12:07.159000+00:00,-12.050699999999985,1.0290878625,-11.021612137499986
0,8938634026,dota2-pr1-mouz-2026-08-10,2026-08-10T11:15:54.851000+00:00,-26.822800760000007,2.3733916476059997,-24.449409112394008
0,8938716198,dota2-ill-z10-2026-08-10-game1,2026-08-10T12:25:50.383000+00:00,-0.612858000000001,0.07617213314999999,-0.536685866850001
0,8939023869,dota2-yes-lvlup1-2026-08-10-game1,2026-08-10T15:24:37.289000+00:00,57.980587360000044,1.0352082382559997,59.01579559825604
0,8940059913,dota2-lvlup1-navi-2026-08-11-game1,2026-08-11T09:16:02.605000+00:00,25.917746599999973,0.5959608074399999,26.513707407439973
0,8940117837,dota2-lvlup1-navi-2026-08-11-game2,2026-08-11T10:12:11.551000+00:00,-7.533199999999976,3.81489624,-3.718303759999976
0,8940266495,dota2-mouz-re-2026-08-11-game1,2026-08-11T12:16:13.042000+00:00,4.090799999999994,0.7507199099999999,4.841519909999994
0,8940365227,dota2-mouz-re-2026-08-11-game2,2026-08-11T13:12:04.281000+00:00,4.782055700000001,2.484246430455,7.266302130455001
0,8940487898,dota2-mouz-re-2026-08-11,2026-08-11T14:25:06.999000+00:00,9.43327232,0.700169297148,10.133441617148
0,8940643574,dota2-yes-z10-2026-08-11-game1,2026-08-11T15:45:57.067000+00:00,32.65739999999997,1.707524895,34.364924894999966
0,8940756672,dota2-yes-z10-2026-08-11-game2,2026-08-11T16:48:25.758000+00:00,0.4917678400000014,0.050197676422500004,0.5419655164225015
0,8941656460,dota2-lvlup1-re-2026-08-12-game1,2026-08-12T09:19:34.658000+00:00,0.5969523999999997,0.0181007283,0.6150531282999997
0,8941733752,dota2-lvlup1-re-2026-08-12-game2,2026-08-12T10:35:42.245000+00:00,10.675999999999956,2.69150862,13.367508619999956
0,8941817475,dota2-lvlup1-re-2026-08-12,2026-08-12T11:50:26.039000+00:00,19.999800000000022,1.1609883899999998,21.16078839000002
0,8942003788,dota2-navi-lvlup1-2026-08-12-game1,2026-08-12T13:42:36.457000+00:00,5.1947999999999865,0.6681811499999999,5.862981149999986
0,8942152024,dota2-navi-lvlup1-2026-08-12-game2,2026-08-12T14:50:30.897000+00:00,1.3999999999999986,0.14805000000000001,1.5480499999999986
0,8942262723,dota2-navi-lvlup1-2026-08-12-game3,2026-08-12T15:53:47.795000+00:00,40.96320000000003,0.25499592000000004,41.21819592000003
0,8962372120,dota2-ic-nemiga-2026-08-24-game1,2026-08-24T07:17:08.649000+00:00,0.0,0.0,0.0
0,8962458373,dota2-ic-nemiga-2026-08-24-game2,2026-08-24T08:26:45.454000+00:00,-3.636400000000009,1.35246807,-2.283931930000009
0,8962592819,dota2-ks-lynx-2026-08-24-game1,2026-08-24T10:19:27.562000+00:00,-16.245003259999947,0.8586531415709999,-15.386350118428947
0,8962736746,dota2-ks-lynx-2026-08-24-game2,2026-08-24T11:33:18.452000+00:00,8.495818850000006,0.50639777580825,9.002216625808256
0,8962964580,dota2-sb5-stx-2026-08-24-game1,2026-08-24T13:25:23.881000+00:00,0.0,0.0,0.0
0,8963508714,dota2-rearis-lynx-2026-08-24-game2,2026-08-24T17:37:20.349000+00:00,-2.2738655899999998,0.8723527365277499,-1.4015128534722499
0,8963649188,dota2-dynast1-fts-2026-08-24-game1,2026-08-24T19:15:00.848000+00:00,14.712800000000009,0.23358959999999998,14.946389600000009
0,8963790789,dota2-dynast1-fts-2026-08-24-game2,2026-08-24T20:20:45.642000+00:00,-1.1669000000000125,0.8735877825,-0.29331221750001246
0,8964399842,dota2-pckcp-nemiga-2026-08-25-game1,2026-08-25T07:22:10.248000+00:00,-1.8627287199999998,0.21927335735400003,-1.6434553626459998
0,8964480771,dota2-pckcp-nemiga-2026-08-25-game2,2026-08-25T08:31:41.723000+00:00,4.4056774800000085,0.48340495992599997,4.889082439926009
0,8964574076,dota2-pckcp-nemiga-2026-08-25,2026-08-25T09:52:05.670000+00:00,-0.5999999999999996,1.1113650000000002,0.5113650000000005
0,8964657335,dota2-fts-pckcp-2026-08-25-game1,2026-08-25T10:52:11.864000+00:00,-0.8599999999999994,0.07504575,-0.7849542499999994
0,8964837315,dota2-fts-pckcp-2026-08-25-game2,2026-08-25T12:34:06.314000+00:00,-0.3999999999999915,0.5127,0.11270000000000857
0,8964962329,dota2-ic-fts-2026-08-25-game1,2026-08-25T13:50:36.471000+00:00,49.11396062999995,0.7389427198147499,49.8529033498147
0,8965097316,dota2-ic-fts-2026-08-25-game2,2026-08-25T14:41:01.046000+00:00,-6.6986849600000085,0.47188490524800003,-6.226800054752008
0,8964938940,dota2-rearis-spirit1-2026-08-25-game1,2026-08-25T16:23:39.394000+00:00,0.3275862399999987,0.12272613322800001,0.4503123732279987
0,8965544741,dota2-rearis-spirit1-2026-08-25,2026-08-25T18:44:21.316000+00:00,-21.20330000000005,0.9107453325,-20.29255466750005
0,8969842778,dota2-pckcp-ic-2026-08-28-game2,2026-08-28T08:21:21.985000+00:00,13.48921778999997,1.33599961394775,14.82521740394772
0,8969978865,dota2-rearis-sb5-2026-08-28-game1,2026-08-28T10:27:01.322000+00:00,0.0,0.205509375,0.205509375
0,8970089224,dota2-rearis-sb5-2026-08-28-game2,2026-08-28T11:41:09.553000+00:00,0.0,0.0,0.0
0,8970207176,dota2-rearis-sb5-2026-08-28,2026-08-28T12:56:49.576000+00:00,2.6758330400000148,0.37094737328399996,3.0467804132840146
0,8970338180,dota2-synaps-nemiga-2026-08-28-game1,2026-08-28T14:09:13.367000+00:00,-3.9684000000000026,1.29198105,-2.6764189500000026
0,8970352005,dota2-dynast1-ic-2026-08-28-game1,2026-08-28T14:10:35.964000+00:00,0.29515769999999986,0.053809426755,0.34896712675499986
0,8970470057,dota2-synaps-nemiga-2026-08-28-game2,2026-08-28T15:09:53.245000+00:00,130.49448485000002,0.7107085504462499,131.20519340044626
0,8970485789,dota2-dynast1-ic-2026-08-28-game2,2026-08-28T15:14:26.848000+00:00,-33.78059999999996,1.3539190349999999,-32.42668096499996
0,8970575970,dota2-synaps-nemiga-2026-08-28,2026-08-28T16:02:11.965000+00:00,3.7075899499999956,0.92601518608125,4.633605136081245
0,8970655100,dota2-dynast1-ic-2026-08-28,2026-08-28T16:43:34.585000+00:00,-2.8571000000000026,1.0006162724999998,-1.8564837275000028
0,8970886632,dota2-dynast1-pckcp-2026-08-28-game2,2026-08-28T18:51:22.084000+00:00,0.0,0.12699749999999999,0.12699749999999999
0,8971007454,dota2-ks-rearis-2026-08-28-game1,2026-08-28T20:11:41.712000+00:00,-10.707633199999988,0.9396789628199999,-9.767954237179987
0,8971016820,dota2-fts-nemiga-2026-08-28-game1,2026-08-28T20:17:43.711000+00:00,0.0,0.0,0.0
0,8971111987,dota2-ks-rearis-2026-08-28-game2,2026-08-28T21:24:47.695000+00:00,-0.9670161999999953,0.322214458275,-0.6448017417249954
0,8971423978,dota2-db2-satan-2026-08-28-game2,2026-08-29T03:20:55.120000+00:00,2.3999999999999986,0.05665499999999998,2.4566549999999987
0,8971501630,dota2-nexus-cres-2026-08-28,2026-08-29T04:51:09.441000+00:00,-45.242400480000015,1.253571477696,-43.988829002304016
0,8971519375,dota2-nem-6seven-2026-08-29-game1,2026-08-29T05:14:15.579000+00:00,-12.280000000000015,0.36744299999999996,-11.912557000000016
0,8971586781,dota2-nem-6seven-2026-08-29-game2,2026-08-29T06:13:46.689000+00:00,-1.5,0.0914175,-1.4085825
0,8971664649,dota2-nem-6seven-2026-08-29,2026-08-29T07:24:10.704000+00:00,7.638600000000011,0.9538701749999999,8.592470175000011
0,8971753986,dota2-icecre-kineti-2026-08-29-game1,2026-08-29T08:38:12.829000+00:00,0.0,0.0,0.0
0,8971849697,dota2-icecre-kineti-2026-08-29-game2,2026-08-29T09:43:14.699000+00:00,0.0,0.0,0.0
0,8971891627,dota2-dynast1-nemiga-2026-08-29-game1,2026-08-29T10:17:49.464000+00:00,17.00630000000003,0.6780353024999999,17.68433530250003
0,8971964803,dota2-mouz-yes-2026-08-29-game1,2026-08-29T11:13:49.271000+00:00,-20.422499999999985,1.0203226875,-19.402177312499987
0,8971988345,dota2-sb5-lynx-2026-08-29-game1,2026-08-29T11:21:30.742000+00:00,-31.786541999999983,0.6086760794999999,-31.177865920499983
0,8972103119,dota2-sb5-lynx-2026-08-29-game2,2026-08-29T12:31:54.536000+00:00,-18.620000000000022,1.1106007500000001,-17.509399250000023
0,8972115962,dota2-mouz-yes-2026-08-29-game2,2026-08-29T12:36:59.931000+00:00,-11.810000000000002,0.6266998275,-11.183300172500003
0,8972289868,dota2-huliga-lynx-2026-08-29-game1,2026-08-29T14:15:10.550000+00:00,-3.965077339999997,0.209837881071,-3.755239458928997
0,8972502454,dota2-huliga-lynx-2026-08-29-game2,2026-08-29T15:52:19.963000+00:00,-1.1400000000000006,0.4915965,-0.6484035000000006
0,8972611918,dota2-huliga-lynx-2026-08-29,2026-08-29T16:49:36.587000+00:00,-9.777100000000004,0.8989101975,-8.878189802500005
0,8972773416,dota2-pi-lvlup1-2026-08-29-game1,2026-08-29T18:17:23.637000+00:00,-44.320193919999994,1.464755560398,-42.855438359602
0,8972893200,dota2-pi-lvlup1-2026-08-29-game2,2026-08-29T19:20:53.860000+00:00,-22.600100000000026,1.0871223824999998,-21.512977617500027
0,8973011673,dota2-pi-lvlup1-2026-08-29,2026-08-29T20:33:12.059000+00:00,-1.2026000000000003,0.089559225,-1.1130407750000004
0,8973010298,dota2-ks-spirit1-2026-08-29-game1,2026-08-29T20:38:42.759000+00:00,-44.55000000000001,0.41098724999999997,-44.13901275000001
0,8973337131,dota2-icecre-xctn-2026-08-30-game1,2026-08-30T02:14:49.254000+00:00,0.0,0.0,0.0
0,8973405568,dota2-icecre-xctn-2026-08-30-game2,2026-08-30T03:19:55.483000+00:00,4.863121289999995,0.59972070116025,5.4628419911602455
0,8973462028,dota2-icecre-xctn-2026-08-30,2026-08-30T04:30:11.988000+00:00,0.08598400000000339,0.3832440876,0.4692280876000034
0,8973502629,dota2-clo-yb1-2026-08-30-game1,2026-08-30T05:13:07.837000+00:00,0.0,0.0,0.0
0,8973568453,dota2-clo-yb1-2026-08-30-game2,2026-08-30T06:12:50.377000+00:00,0.7558852899999984,0.047816843582249996,0.8037021335822484
0,8973613420,dota2-clo-yb1-2026-08-30,2026-08-30T07:04:46.677000+00:00,3.7933232999999973,0.2228963610375,4.016219661037497
0,8973707438,dota2-lynx-lvlup1-2026-08-30-game1,2026-08-30T08:16:36.050000+00:00,8.861399999999973,1.309325565,10.170725564999973
0,8973859403,dota2-lynx-lvlup1-2026-08-30-game2,2026-08-30T09:56:31.353000+00:00,0.7971999999999966,0.36877709999999997,1.1659770999999965
0,8973884000,dota2-nem-xctn-2026-08-30-game2,2026-08-30T10:12:32.710000+00:00,7.880546079999981,0.47044936220699995,8.350995442206981
0,8973944033,dota2-lynx-lvlup1-2026-08-30,2026-08-30T10:50:43.696000+00:00,1.2999999999999905,1.7133075,3.0133074999999905
0,8974185539,dota2-navi-mouz-2026-08-30-game2,2026-08-30T13:08:29.090000+00:00,54.622099159999976,3.392280605862,58.014379765861975
0,8974647733,dota2-lvlup1-pr1-2026-08-30-game1,2026-08-30T17:09:16.077000+00:00,3.1223990600000073,0.764959661553,3.8873587215530074
0,8974898633,dota2-lvlup1-pr1-2026-08-30,2026-08-30T19:25:58.777000+00:00,-23.399622750000006,1.78254505839375,-21.617077691606255
0,8975110449,dota2-dynast1-ks-2026-08-30-game2,2026-08-30T21:54:27.706000+00:00,13.420499999999976,0.6434430525000001,14.063943052499976
0,8975871235,dota2-synaps-lynx-2026-08-31-game1,2026-08-31T12:26:44.788000+00:00,-1.9639584399999972,0.11681419637099999,-1.847144243628997
0,8976012755,dota2-synaps-lynx-2026-08-31-game2,2026-08-31T13:41:35.303000+00:00,-5.339600000000047,2.233353945,-3.106246055000047
0,8976166971,dota2-synaps-lynx-2026-08-31,2026-08-31T15:09:07.826000+00:00,18.04152031999996,1.519402627416,19.56092294741596
0,8976300473,dota2-4iki-ic-2026-08-31-game1,2026-08-31T16:25:39.940000+00:00,-1.5,0.17741249999999997,-1.3225875
0,8976441468,dota2-4iki-ic-2026-08-31-game2,2026-08-31T17:43:06.122000+00:00,64.38186404000001,0.922178149836,65.30404218983601
0,8976511215,dota2-4iki-ic-2026-08-31,2026-08-31T18:29:54.020000+00:00,93.42872466,1.2382527824864997,94.6669774424865
0,8976665322,dota2-spirit1-pi-2026-08-31-game1,2026-08-31T20:26:57.494000+00:00,21.875,1.0225781250000001,22.897578125
0,8976751962,dota2-spirit1-pi-2026-08-31-game2,2026-08-31T21:40:17.685000+00:00,12.939638400000007,0.305878007862,13.245516407862008
0,8977325814,dota2-ks-pckcp-2026-09-01-game2,2026-09-01T10:26:27.059000+00:00,1.6907999999999959,0.24790418999999997,1.9387041899999957
0,8977476867,dota2-ic-lynx-2026-09-01-game1,2026-09-01T12:26:04.131000+00:00,-6.396179040000021,1.648306244544,-4.747872795456021
0,8977623650,dota2-ic-lynx-2026-09-01-game2,2026-09-01T13:53:28.128000+00:00,10.369876999999995,0.316642219875,10.686519219874995
0,8977913355,dota2-synaps-lvlup1-2026-09-01-game2,2026-09-01T16:37:59.217000+00:00,4.940000000000005,0.13708499999999998,5.077085000000005
0,8978023576,dota2-synaps-lvlup1-2026-09-01,2026-09-01T17:45:54.185000+00:00,-4.323119489999996,0.09764226489075001,-4.2254772251092465
0,8978832148,dota2-pr1-ic-2026-09-02-game1,2026-09-02T09:52:32.767000+00:00,23.24718011999998,1.051277247423,24.298457367422984
0,8978916284,dota2-pr1-ic-2026-09-02-game2,2026-09-02T11:19:11.539000+00:00,0.09999999999999964,0.0305625,0.13056249999999964
0,8978986214,dota2-pr1-ic-2026-09-02,2026-09-02T12:20:55.440000+00:00,-0.6448,0.05336526,-0.5914347400000001
0,8979131280,dota2-dynast1-pckcp-2026-09-02-game1,2026-09-02T13:56:13.878000+00:00,0.0,0.0,0.0
0,8979241530,dota2-dynast1-pckcp-2026-09-02-game2,2026-09-02T14:56:18.245000+00:00,0.8628997700000056,0.10335788113724997,0.9662576511372556
0,8979344496,dota2-synaps-4iki-2026-09-02-game1,2026-09-02T15:59:27.587000+00:00,-2.1491728199999933,0.9143096975789999,-1.2348631224209934
0,8980293569,dota2-z10-ks-2026-09-03-game1,2026-09-03T09:18:42.909000+00:00,-5.6333486400000226,0.886898629212,-4.746450010788022
0,8980358113,dota2-z10-ks-2026-09-03-game2,2026-09-03T10:27:20.250000+00:00,9.778321199999993,0.8621866854,10.640507885399993
0,8980463789,dota2-pckcp-spirit1-2026-09-03-game1,2026-09-03T12:14:02.762000+00:00,11.291852399999982,0.6916276727399999,11.983480072739981
0,8980769413,dota2-pi-dynast1-2026-09-03-game1,2026-09-03T15:17:23.998000+00:00,45.454871640000015,0.8597696097869998,46.314641249787016
1,8837869969,dota2-aur1-ty-2026-06-04-game1,2026-06-04T09:17:47.612000+00:00,13.029199999999989,2.55652455,15.585724549999988
1,8837957019,dota2-aur1-ty-2026-06-04-game2,2026-06-04T11:05:49.570000+00:00,-63.51580000000004,4.96783512,-58.54796488000004
1,8838056564,dota2-flc-liquid-2026-06-04-game1,2026-06-04T12:43:48.535000+00:00,-3.1453000000000024,1.7592490425,-1.3860509575000024
1,8838170936,dota2-flc-liquid-2026-06-04-game2,2026-06-04T14:05:12.636000+00:00,-11.402216879999955,1.297702197162,-10.104514682837955
1,8838396820,dota2-lgd-ty-2026-06-04-game2,2026-06-04T16:48:28.531000+00:00,-3.1393999999999984,0.318707925,-2.8206920749999984
1,8838480778,dota2-lgd-ty-2026-06-04,2026-06-04T17:57:47.377000+00:00,-1.0,0.36862500000000004,-0.631375
1,8839123109,dota2-flc-bb4-2026-06-05-game1,2026-06-05T09:16:39.267000+00:00,4.8016999999999825,1.0502035875,5.851903587499983
1,8839193447,dota2-flc-bb4-2026-06-05-game2,2026-06-05T10:38:10.594000+00:00,-5.012820890000029,1.81475617810575,-3.198064711894279
1,8839366504,dota2-lgd-liquid-2026-06-05-game2,2026-06-05T13:21:18.066000+00:00,-4.551799999999986,2.023148055,-2.528651944999986
1,8839494962,dota2-flc-aur1-2026-06-05-game1,2026-06-05T14:52:18.684000+00:00,23.136500000000012,2.0881443225,25.224644322500012
1,8839625815,dota2-flc-aur1-2026-06-05-game2,2026-06-05T16:13:53.150000+00:00,7.188000000000002,0.39238361999999993,7.580383620000003
1,8839717574,dota2-flc-aur1-2026-06-05,2026-06-05T17:21:15.591000+00:00,-5.686766600000041,3.045737579166,-2.6410290208340412
1,8840635639,dota2-ty-bb4-2026-06-06-game1,2026-06-06T10:47:49.658000+00:00,10.319799999999987,1.4899749,11.809774899999987
1,8840704374,dota2-ty-bb4-2026-06-06-game2,2026-06-06T11:51:44.485000+00:00,-15.256222340000022,3.6036611569934998,-11.652561183006522
1,8840821227,dota2-ty-bb4-2026-06-06,2026-06-06T13:12:37.368000+00:00,-0.06260079000000474,2.84917469804475,2.7865739080447454
1,8840984097,dota2-aur1-lgd-2026-06-06-game1,2026-06-06T15:05:33.978000+00:00,-8.372499999999974,1.7361683925000002,-6.636331607499974
1,8841114801,dota2-aur1-lgd-2026-06-06-game2,2026-06-06T16:30:29.855000+00:00,47.583800000000025,1.605036615,49.18883661500003
1,8842052142,dota2-bb4-lgd-2026-06-07-game1,2026-06-07T09:18:04.694000+00:00,-13.858400740000008,0.7075652977244999,-13.150835442275508
1,8842134886,dota2-bb4-lgd-2026-06-07-game2,2026-06-07T10:28:41.168000+00:00,-15.133539769999999,2.44832929251675,-12.685210477483249
1,8842245726,dota2-bb4-lgd-2026-06-07,2026-06-07T11:59:53.564000+00:00,31.271799999999992,1.9967110799999999,33.26851107999999
1,8842468101,dota2-ty-lgd-2026-06-07-game1,2026-06-07T14:21:40.854000+00:00,-9.915260189999994,0.91317283308225,-9.002087356917745
1,8842596730,dota2-ty-lgd-2026-06-07-game2,2026-06-07T15:49:20.066000+00:00,-7.5455000000000325,0.8633166525,-6.6821833475000325
1,8842722527,dota2-ty-lgd-2026-06-07-game3,2026-06-07T17:12:22.566000+00:00,37.97029915000003,2.1999172855237497,40.170216435523784
1,8842845018,dota2-ty-lgd-2026-06-07-game4,2026-06-07T18:51:58.999000+00:00,0.2414000000000005,0.019100775,0.2605007750000005
1,8843465364,dota2-4iki-nande4-2026-06-08-game1,2026-06-08T09:15:08.776000+00:00,-0.7919999999999994,0.0652344,-0.7267655999999993
1,8843512570,dota2-4iki-nande4-2026-06-08-game2,2026-06-08T10:09:45.609000+00:00,0.0,0.8999865,0.8999865
1,8843560379,dota2-4iki-nande4-2026-06-08,2026-06-08T11:10:54.138000+00:00,-3.1283000000000243,1.2634561574999998,-1.8648438425000244
1,8843760302,dota2-vpp-balu-2026-06-08-game2,2026-06-08T13:42:26.324000+00:00,8.95999999999998,0.274848,9.23484799999998
1,8844054970,dota2-z10-sb5-2026-06-08-game2,2026-06-08T17:08:41.204000+00:00,20.35140000000001,0.6544362149999999,21.00583621500001
1,8844132483,dota2-vpp-z10-2026-06-08-game1,2026-06-08T18:23:01.210000+00:00,0.0,0.0,0.0
1,8844244719,dota2-vpp-z10-2026-06-08-game2,2026-06-08T19:45:42.908000+00:00,1.2799999999999994,0.021732,1.3017319999999994
1,8844308689,dota2-vpp-z10-2026-06-08,2026-06-08T20:50:38.757000+00:00,51.61280000000002,0.98515932,52.59795932000002
1,8850534819,dota2-ill-pr1-2026-06-13-game2,2026-06-13T17:10:42.502000+00:00,-5.986100000000029,0.7701129074999999,-5.215987092500029
1,8850593633,dota2-ill-pr1-2026-06-13,2026-06-13T18:00:57.551000+00:00,0.0,0.0,0.0
1,8851984783,dota2-4iki-pr1-2026-06-14-game2,2026-06-14T16:46:25.798000+00:00,-4.949800000000007,1.55191146,-3.397888540000007
1,8852055373,dota2-4iki-pr1-2026-06-14,2026-06-14T17:46:02.690000+00:00,0.0,0.0,0.0
1,8854443395,dota2-fla-spirit1-2026-06-16-game1,2026-06-16T16:31:44.570000+00:00,0.3630999999999993,0.058464697499999996,0.4215646974999993
1,8885183102,dota2-flc-bb4-2026-07-07-game1,2026-07-07T09:47:24.433000+00:00,-19.69580000000003,0.8091839249999999,-18.88661607500003
1,8885195986,dota2-re-xtreme-2026-07-07-game1,2026-07-07T09:55:03.037000+00:00,16.677999999999997,0.6451688099999998,17.32316881
1,8885252329,dota2-flc-bb4-2026-07-07-game2,2026-07-07T11:01:59.599000+00:00,-5.118799999999971,2.78885826,-2.329941739999971
1,8885275216,dota2-re-xtreme-2026-07-07-game2,2026-07-07T11:16:11.813000+00:00,-10.140432999999973,0.8986567706249999,-9.241776229374974
1,8885365825,dota2-l1ga-ngx-2026-07-07-game1,2026-07-07T12:34:49.112000+00:00,0.0,0.0,0.0
1,8885380529,dota2-liquid-playti-2026-07-07-game1,2026-07-07T12:43:07.045000+00:00,-0.3899999999999997,0.42130125,0.031301250000000336
1,8885411801,dota2-lvlup1-aur1-2026-07-07-game1,2026-07-07T13:06:28.530000+00:00,-13.953599999999994,0.48907367999999996,-13.464526319999994
1,8885470551,dota2-l1ga-ngx-2026-07-07-game2,2026-07-07T13:39:34.570000+00:00,-14.207999999999984,1.925179875,-12.282820124999985
1,8885473599,dota2-liquid-playti-2026-07-07-game2,2026-07-07T13:52:27.923000+00:00,35.82904468000004,3.539198999844,39.368243679844035
1,8885529711,dota2-lvlup1-aur1-2026-07-07-game2,2026-07-07T14:23:52.590000+00:00,8.0,0.05519999999999997,8.0552
1,8885633666,dota2-ts8-mouz-2026-07-07-game1,2026-07-07T15:33:28.678000+00:00,17.555700000000044,3.3901929075,20.945892907500046
1,8885665054,dota2-nem-pari-2026-07-07-game1,2026-07-07T15:41:38.548000+00:00,22.11049100000003,0.979477943925,23.089968943925033
1,8885784652,dota2-ts8-mouz-2026-07-07-game2,2026-07-07T17:16:32.961000+00:00,-11.50459391999997,2.031250070064,-9.473343849935969
1,8885871759,dota2-ic-1win-2026-07-07-game1,2026-07-07T18:31:07.999000+00:00,0.0,0.0,0.0
1,8885928262,dota2-ty-og-2026-07-07-game1,2026-07-07T19:03:44.444000+00:00,36.36840000000004,0.4605572249999999,36.82895722500004
1,8885974297,dota2-ic-1win-2026-07-07-game2,2026-07-07T19:32:14.446000+00:00,0.0,0.0,0.0
1,8886005043,dota2-ty-og-2026-07-07-game2,2026-07-07T20:03:05.981000+00:00,-0.5999999999999996,0.055425,-0.5445749999999996
1,8886576019,dota2-poorra-bb4-2026-07-08-game1,2026-07-08T09:20:01.472000+00:00,-16.54339999999999,0.6647785049999999,-15.878621494999992
1,8886572854,dota2-gl-xtreme-2026-07-08-game1,2026-07-08T09:27:27.007000+00:00,-17.560399999999987,4.35749427,-13.202905729999987
1,8886638110,dota2-poorra-bb4-2026-07-08-game2,2026-07-08T10:36:00.005000+00:00,2.5214,0.19266937499999998,2.714069375
1,8886640910,dota2-flc-re-2026-07-08-game2,2026-07-08T10:39:41.623000+00:00,2.5,0.2998124999999999,2.7998125
1,8886641793,dota2-gl-xtreme-2026-07-08-game2,2026-07-08T10:45:04.782000+00:00,22.760799109999994,1.56505223726325,24.325851347263242
1,8886728756,dota2-l1ga-playti-2026-07-08-game1,2026-07-08T12:02:19.795000+00:00,-12.199099999999987,3.8447641125,-8.354335887499987
1,8886736772,dota2-liquid-lvlup1-2026-07-08-game1,2026-07-08T12:08:59.488000+00:00,6.976799999999997,0.38075886000000003,7.3575588599999975
1,8886788497,dota2-ngx-aur1-2026-07-08-game1,2026-07-08T12:47:30.744000+00:00,4.478414810000004,0.4747582756777499,4.953173085677753
1,8886815251,dota2-l1ga-playti-2026-07-08-game2,2026-07-08T13:04:20.712000+00:00,46.429400000000015,1.050636285,47.48003628500002
1,8886862310,dota2-liquid-lvlup1-2026-07-08-game2,2026-07-08T13:37:25.898000+00:00,12.454400000000021,0.6604209,13.114820900000021
1,8886994890,dota2-ts8-nem-2026-07-08-game1,2026-07-08T14:59:11.781000+00:00,0.0,0.0,0.0
1,8887100676,dota2-vg-pari-2026-07-08-game1,2026-07-08T16:18:23.954000+00:00,0.0,0.0,0.0
1,8887114313,dota2-ts8-nem-2026-07-08-game2,2026-07-08T16:15:19.583000+00:00,-22.08099999999999,0.630981225,-21.45001877499999
1,8887197358,dota2-vg-pari-2026-07-08-game2,2026-07-08T17:23:00.102000+00:00,-10.338099999999997,0.6432707324999999,-9.694829267499998
1,8887218598,dota2-lgd-og-2026-07-08-game1,2026-07-08T17:27:41.870000+00:00,0.8000000000000007,0.053009999999999995,0.8530100000000007
1,8887260104,dota2-ty-ic-2026-07-08-game1,2026-07-08T17:58:24.214000+00:00,0.27749999999999986,0.0515941875,0.32909418749999986
1,8887314193,dota2-lgd-og-2026-07-08-game2,2026-07-08T18:40:30.736000+00:00,-62.088899999999995,2.7974393175000003,-59.291460682499995
1,8887325211,dota2-vp-1win-2026-07-08-game1,2026-07-08T18:51:24.334000+00:00,-23.711308599999995,1.169537097975,-22.541771502024996
1,8887337672,dota2-ty-ic-2026-07-08-game2,2026-07-08T19:01:29.872000+00:00,0.0,0.0,0.0
1,8887432754,dota2-vp-1win-2026-07-08-game2,2026-07-08T20:20:02.742000+00:00,48.40419999999999,0.31102655999999995,48.71522655999999
1,8887986392,dota2-poorra-xtreme-2026-07-09-game1,2026-07-09T09:21:30.237000+00:00,-46.81899999999999,1.79222121,-45.02677878999999
1,8887998750,dota2-bb4-re-2026-07-09-game1,2026-07-09T09:29:32.198000+00:00,-2.8000000000000043,0.11324999999999999,-2.6867500000000044
1,8888056358,dota2-poorra-xtreme-2026-07-09-game2,2026-07-09T10:34:44.979000+00:00,-23.897200000000026,2.09190138,-21.805298620000027
1,8888066684,dota2-bb4-re-2026-07-09-game2,2026-07-09T10:43:25.275000+00:00,-12.703897759999991,0.9304150309079999,-11.773482729091992
1,8888083694,dota2-gl-flc-2026-07-09-game2,2026-07-09T11:11:32.224000+00:00,33.91743314000004,1.8963270436455,35.81376018364554
1,8888160657,dota2-l1ga-aur1-2026-07-09-game1,2026-07-09T12:09:38.901000+00:00,11.878699999999991,0.5510763075,12.429776307499992
1,8888173515,dota2-playti-lvlup1-2026-07-09-game1,2026-07-09T12:20:27.216000+00:00,7.143000000000001,0.441973125,7.584973125
1,8888217771,dota2-ngx-liquid-2026-07-09-game1,2026-07-09T12:52:14.212000+00:00,28.208600000000047,1.7617912949999996,29.970391295000045
1,8888260336,dota2-l1ga-aur1-2026-07-09-game2,2026-07-09T13:20:05.771000+00:00,-1.2000000000000028,0.09764999999999997,-1.1023500000000028
1,8888279558,dota2-playti-lvlup1-2026-07-09-game2,2026-07-09T13:33:23.111000+00:00,40.9632,0.25499592000000004,41.21819592
1,8888318197,dota2-ngx-liquid-2026-07-09-game2,2026-07-09T14:04:08.888000+00:00,-21.794700000000034,2.2879605974999997,-19.506739402500035
1,8888405761,dota2-mouz-nem-2026-07-09-game1,2026-07-09T14:48:45.816000+00:00,10.8108,0.7378370999999999,11.5486371
1,8888425887,dota2-rnx-pari-2026-07-09-game1,2026-07-09T15:02:02.148000+00:00,2.050499999999971,0.19660931250000002,2.2471093124999713
1,8888489297,dota2-vg-ts8-2026-07-09-game1,2026-07-09T15:42:43.149000+00:00,0.0,0.0,0.0
1,8888555097,dota2-mouz-nem-2026-07-09-game2,2026-07-09T16:24:34.308000+00:00,-27.027000000000015,1.9507003349999996,-25.076299665000015
1,8888554919,dota2-rnx-pari-2026-07-09-game2,2026-07-09T16:26:10.054000+00:00,0.0,0.0,0.0
1,8888592426,dota2-vg-ts8-2026-07-09-game2,2026-07-09T16:59:54.115000+00:00,-7.700500000000005,1.5948172425,-6.105682757500006
1,8888682602,dota2-og-ic-2026-07-09-game1,2026-07-09T17:53:01.981000+00:00,-100.89524343999994,3.355454612472,-97.53978882752794
1,8888693655,dota2-vp-ty-2026-07-09-game1,2026-07-09T18:07:57.629000+00:00,0.0,0.35999568000000004,0.35999568000000004
1,8888731478,dota2-lgd-1win-2026-07-09-game1,2026-07-09T18:35:20.326000+00:00,-14.492999999999995,0.965885985,-13.527114014999995
1,8888771711,dota2-og-ic-2026-07-09-game2,2026-07-09T19:04:50.495000+00:00,0.0,0.0,0.0
1,8888819433,dota2-lgd-1win-2026-07-09-game2,2026-07-09T19:41:02.532000+00:00,4.93827847999998,1.398528310818,6.336806790817979
1,8889452921,dota2-re-gl-2026-07-10-game1,2026-07-10T09:17:34.068000+00:00,77.03459820999996,2.1339292008382498,79.16852741083821
1,8889468264,dota2-xtreme-bb4-2026-07-10-game1,2026-07-10T09:26:30.741000+00:00,-5.10270000000002,0.9149862375,-4.18771376250002
1,8889513730,dota2-poorra-flc-2026-07-10-game2,2026-07-10T10:17:36.842000+00:00,0.0,0.23906249999999998,0.23906249999999998
1,8889524021,dota2-xtreme-bb4-2026-07-10-game2,2026-07-10T10:37:39.793000+00:00,-2.9850999999999885,1.6606965374999998,-1.3244034624999887
1,8889538949,dota2-re-gl-2026-07-10-game2,2026-07-10T10:40:57.402000+00:00,-20.798399999999987,2.03589531,-18.762504689999986
1,8889615310,dota2-l1ga-liquid-2026-07-10-game1,2026-07-10T11:48:20.990000+00:00,5.0,0.57675,5.57675
1,8889621582,dota2-aur1-playti-2026-07-10-game1,2026-07-10T11:57:42.116000+00:00,-40.50739999999999,1.549032855,-38.95836714499999
1,8889699098,dota2-l1ga-liquid-2026-07-10-game2,2026-07-10T12:46:15.831000+00:00,0.0,0.0,0.0
1,8889733840,dota2-aur1-playti-2026-07-10-game2,2026-07-10T13:14:22.837000+00:00,-71.90640000000002,2.64170646,-69.26469354000002
1,8889871314,dota2-nem-vg-2026-07-10-game1,2026-07-10T14:27:52.631000+00:00,36.39240000000001,0.5400321299999999,36.93243213000001
1,8889914618,dota2-pari-mouz-2026-07-10-game1,2026-07-10T14:59:49.254000+00:00,1.8761364800000173,1.0421543392319998,2.918290819232017
1,8889944251,dota2-rnx-ts8-2026-07-10-game1,2026-07-10T15:15:29.857000+00:00,16.092299999999966,0.29224766250000006,16.384547662499966
1,8890008812,dota2-nem-vg-2026-07-10-game2,2026-07-10T15:49:04.827000+00:00,32.321200000000005,0.8790252749999998,33.200225275
1,8890036748,dota2-pari-mouz-2026-07-10-game2,2026-07-10T16:15:07.698000+00:00,4.399999999999999,0.07256999999999998,4.472569999999998
1,8890074597,dota2-rnx-ts8-2026-07-10-game2,2026-07-10T16:28:42.555000+00:00,0.0,0.0,0.0
1,8890179830,dota2-lgd-ty-2026-07-10-game1,2026-07-10T17:38:53.401000+00:00,23.420699999999982,0.9365871375000001,24.35728713749998
1,8890270555,dota2-1win-og-2026-07-10-game2,2026-07-10T18:36:26.467000+00:00,0.0,0.0,0.0
1,8890268632,dota2-lgd-ty-2026-07-10-game2,2026-07-10T18:43:14.663000+00:00,-50.88129999999998,1.6708902975,-49.21040970249998
1,8890301402,dota2-ic-vp-2026-07-10-game2,2026-07-10T18:52:09.717000+00:00,0.0,0.0,0.0
1,8891108843,dota2-poorra-re-2026-07-11-game1,2026-07-11T09:15:44.932000+00:00,26.089600000000022,1.6694608800000001,27.75906088000002
1,8891108985,dota2-bb4-gl-2026-07-11-game1,2026-07-11T09:17:06.187000+00:00,-7.8955568000000085,0.8931193107000001,-7.002437489300008
1,8891145641,dota2-xtreme-flc-2026-07-11-game1,2026-07-11T09:30:07.111000+00:00,0.0,0.0,0.0
1,8891217710,dota2-poorra-re-2026-07-11-game2,2026-07-11T10:44:50.172000+00:00,-60.685200699999996,1.4265875076375,-59.258613192362496
1,8891240327,dota2-xtreme-flc-2026-07-11-game2,2026-07-11T11:01:14.698000+00:00,9.688800000000004,1.80231678,11.491116780000004
1,8891325877,dota2-l1ga-lvlup1-2026-07-11-game1,2026-07-11T12:09:46.181000+00:00,-15.189999999999998,0.6610222499999999,-14.528977749999997
1,8891349244,dota2-playti-ngx-2026-07-11-game1,2026-07-11T12:27:52.369000+00:00,24.340600000000002,3.67505076,28.015650760000003
1,8891371442,dota2-aur1-liquid-2026-07-11-game1,2026-07-11T12:43:19.319000+00:00,2.6950670000000017,0.09953237812499999,2.794599378125002
1,8891438996,dota2-l1ga-lvlup1-2026-07-11-game2,2026-07-11T13:19:40.554000+00:00,22.796,1.8226069800000002,24.61860698
1,8891497910,dota2-aur1-liquid-2026-07-11-game2,2026-07-11T13:53:37.287000+00:00,32.22280000000001,0.740682225,32.96348222500001
1,8891519142,dota2-playti-ngx-2026-07-11-game2,2026-07-11T14:08:43.754000+00:00,-38.16799999999999,1.2077643,-36.96023569999999
1,8892829232,dota2-mouz-vg-2026-07-12-game1,2026-07-12T09:15:57.248000+00:00,-6.5955999999999975,0.9059448599999999,-5.6896551399999975
1,8892835652,dota2-rnx-nem-2026-07-12-game1,2026-07-12T09:19:01.546000+00:00,-9.624800000000029,1.4694504,-8.15534960000003
1,8892836635,dota2-pari-ts8-2026-07-12-game1,2026-07-12T09:26:06.808000+00:00,-21.662899999999976,3.5181835125,-18.144716487499977
1,8892923329,dota2-mouz-vg-2026-07-12-game2,2026-07-12T10:25:59.512000+00:00,-7.223900000000022,1.8427853625,-5.381114637500022
1,8892914077,dota2-pari-ts8-2026-07-12-game2,2026-07-12T10:31:28.406000+00:00,-0.19000000000000306,0.19465125,0.0046512499999969426
1,8892958964,dota2-rnx-nem-2026-07-12-game2,2026-07-12T10:53:08.655000+00:00,-86.10400000000003,2.533034505,-83.57096549500002
1,8893070561,dota2-1win-ty-2026-07-12-game1,2026-07-12T12:14:45.162000+00:00,3.383599999999987,1.44089175,4.8244917499999875
1,8893106015,dota2-og-vp-2026-07-12-game1,2026-07-12T12:36:42.440000+00:00,1.0599999999999987,0.0935865,1.1535864999999987
1,8893165071,dota2-1win-ty-2026-07-12-game2,2026-07-12T13:18:20.777000+00:00,-19.18563783999999,1.2748477289279998,-17.910790111071993
1,8893253595,dota2-og-vp-2026-07-12-game2,2026-07-12T13:56:28.498000+00:00,0.8894919799999954,0.355231285371,1.2447232653709954
1,8896139222,dota2-re-vp-2026-07-14-game1,2026-07-14T11:15:10.363000+00:00,29.357199999999995,1.68983655,31.047036549999994
1,8896140998,dota2-liquid-xtreme-2026-07-14-game1,2026-07-14T11:24:31.795000+00:00,-37.42590000000001,1.5871245074999998,-35.83877549250001
1,8896234088,dota2-re-vp-2026-07-14-game2,2026-07-14T12:30:48.003000+00:00,-11.738000000000024,0.78195021,-10.956049790000025
1,8896267691,dota2-liquid-xtreme-2026-07-14-game2,2026-07-14T13:05:08.216000+00:00,-9.386922780000006,1.0072855857465,-8.379637194253506
1,8896380183,dota2-re-vp-2026-07-14,2026-07-14T14:02:34.965000+00:00,-18.5833,2.0046151725,-16.578684827500002
1,8896486914,dota2-liquid-xtreme-2026-07-14,2026-07-14T15:13:00.049000+00:00,-0.771836860000001,0.112329514659,-0.659507345341001
1,8896645659,dota2-lgd-mouz-2026-07-14-game1,2026-07-14T16:55:49.823000+00:00,0.1612,0.022656660000000002,0.18385666
1,8896731473,dota2-lgd-mouz-2026-07-14-game2,2026-07-14T18:02:11.857000+00:00,-5.194800000000015,0.7102590299999999,-4.484540970000015
1,8897585705,dota2-aur1-re-2026-07-15-game1,2026-07-15T11:19:40.513000+00:00,-0.00040591999999151085,0.420002933784,0.4195970137840085
1,8897588873,dota2-ts8-liquid-2026-07-15-game1,2026-07-15T11:25:30.473000+00:00,-15.238000000000014,2.80072857,-12.437271430000013
1,8897695379,dota2-aur1-re-2026-07-15-game2,2026-07-15T12:41:48.340000+00:00,-9.195600000000013,0.438285285,-8.757314715000014
1,8897696869,dota2-ts8-liquid-2026-07-15-game2,2026-07-15T12:54:25.976000+00:00,-0.669623809999905,4.84380592964475,4.174182119644845
1,8897831774,dota2-ts8-liquid-2026-07-15,2026-07-15T14:13:24.528000+00:00,0.44099999999999895,0.04832257499999999,0.4893225749999989
1,8897841991,dota2-1win-vg-2026-07-15-game1,2026-07-15T14:22:22.284000+00:00,4.833400000000012,0.7311591149999999,5.564559115000011
1,8897971312,dota2-1win-vg-2026-07-15-game2,2026-07-15T15:33:39.656000+00:00,18.14760000000004,1.5948379350000002,19.74243793500004
1,8898003442,dota2-bb4-lgd-2026-07-15-game1,2026-07-15T15:56:58.589000+00:00,-1.0,0.0912,-0.9088
1,8898084910,dota2-1win-vg-2026-07-15,2026-07-15T16:49:08.935000+00:00,22.38702088000008,1.792250511096,24.17927139109608
1,8898117600,dota2-bb4-lgd-2026-07-15-game2,2026-07-15T17:15:52.403000+00:00,0.8000000000000398,0.746889375,1.5468893750000396
1,8899028080,dota2-ty-ts8-2026-07-17-game1,2026-07-16T11:25:22.617000+00:00,-1.8577999999999975,0.33133862999999997,-1.5264613699999976
1,8899120700,dota2-ty-ts8-2026-07-17-game2,2026-07-16T12:44:26.752000+00:00,-23.027066000000026,2.791512807,-20.235553193000026
1,8899307453,dota2-pari-re-2026-07-17-game1,2026-07-16T14:36:23.407000+00:00,-8.48355278000001,0.6072071187629999,-7.876345661237011
1,8899420575,dota2-pari-re-2026-07-17-game2,2026-07-16T15:46:28.167000+00:00,-4.0,0.24824999999999992,-3.75175
1,8900508749,dota2-flc-vg-2026-07-16-game1,2026-07-17T11:21:46.405000+00:00,-35.645399999999995,0.929391105,-34.716008894999995
1,8900623530,dota2-flc-vg-2026-07-16-game2,2026-07-17T12:54:30.551000+00:00,11.822184550000003,1.3304477378737498,13.152632287873752
1,8900771154,dota2-ngx-bb4-2026-07-16-game1,2026-07-17T14:28:08.196000+00:00,7.340499999999992,1.6649624625,9.005462462499992
1,8900882416,dota2-ngx-bb4-2026-07-16-game2,2026-07-17T15:33:10.588000+00:00,1.0,0.299025,1.2990249999999999
1,8902107148,dota2-bb4-vg-2026-07-18-game1,2026-07-18T11:22:02.020000+00:00,0.0,0.0,0.0
1,8902173969,dota2-bb4-vg-2026-07-18-game2,2026-07-18T12:21:15.910000+00:00,28.17071323000002,0.76013005712775,28.930843287127768
1,8902338515,dota2-ty-pari-2026-07-18-game1,2026-07-18T14:06:38.308000+00:00,-10.134563699999987,4.433271984765001,-5.701291715234986
1,8902431810,dota2-ty-pari-2026-07-18-game2,2026-07-18T15:09:37.865000+00:00,6.23599999999999,2.7567334199999998,8.99273341999999
1,8902610619,dota2-ty-pari-2026-07-18,2026-07-18T16:48:06.686000+00:00,15.09439999999995,1.39868484,16.493084839999952
1,8903705555,dota2-vg-ty-2026-07-19-game1,2026-07-19T10:24:33.152000+00:00,7.252199999999988,0.9572627549999999,8.209462754999988
1,8903789784,dota2-vg-ty-2026-07-19-game2,2026-07-19T11:31:19.185000+00:00,2.0,0.5230499999999999,2.52305
1,8904012666,dota2-bb4-pari-2026-07-19-game1,2026-07-19T13:57:51.853000+00:00,49.11960000000002,2.30579445,51.42539445000002
1,8904157676,dota2-bb4-pari-2026-07-19-game2,2026-07-19T15:17:11.337000+00:00,-12.992501750000045,6.403065241593749,-6.589436508406296
1,8904322271,dota2-bb4-pari-2026-07-19-game3,2026-07-19T16:52:33.960000+00:00,20.134299999999968,3.0603815324999997,23.194681532499967
1,8904419709,dota2-bb4-pari-2026-07-19-game4,2026-07-19T18:05:14.511000+00:00,5.405399999999986,0.75972897,6.165128969999986
1,8905035315,dota2-stx-lynx-2026-07-20-game1,2026-07-20T07:25:19.610000+00:00,5.0172000000000025,0.91473021,5.931930210000003
1,8905093611,dota2-stx-lynx-2026-07-20-game2,2026-07-20T08:36:36.644000+00:00,14.874349639999984,0.974232639012,15.848582279011984
1,8905164476,dota2-stx-lynx-2026-07-20,2026-07-20T10:04:24.370000+00:00,4.612949999999998,0.44084355750000004,5.053793557499998
1,8905233934,dota2-lynx-pckcp-2026-07-20-game1,2026-07-20T11:15:17.947000+00:00,41.468698739999944,1.3811092695704998,42.849808009570445
1,8905359313,dota2-lynx-pckcp-2026-07-20-game2,2026-07-20T12:49:30.119000+00:00,-7.729781860000037,1.0636087799819998,-6.666173080018037
1,8905490238,dota2-z10-nemiga-2026-07-20-game1,2026-07-20T14:13:02.081000+00:00,-30.68656294,1.2591970248914999,-29.427365915108503
1,8905612460,dota2-z10-nemiga-2026-07-20-game2,2026-07-20T15:25:40.567000+00:00,8.219099999999997,0.7797871125,8.998887112499997
1,8905741721,dota2-spirit1-jenz-2026-07-20-game1,2026-07-20T16:55:30.580000+00:00,12.429800000000014,2.070963465,14.500763465000015
1,8905885788,dota2-spirit1-jenz-2026-07-20-game2,2026-07-20T18:35:45.253000+00:00,-0.5,0.141855,-0.358145
1,8905975768,dota2-lvlup1-ill-2026-07-20-game1,2026-07-20T19:45:16.612000+00:00,1.2400000000000002,0.3296925,1.5696925000000002
1,8906069414,dota2-lvlup1-ill-2026-07-20-game2,2026-07-20T20:59:36.536000+00:00,-3.5747999999999784,1.726486155,-1.8483138449999785
1,8906479441,dota2-nemiga-dan-2026-07-21-game1,2026-07-21T07:24:02.590000+00:00,23.86310000000003,1.3566027374999998,25.219702737500032
1,8906547471,dota2-nemiga-dan-2026-07-21-game2,2026-07-21T08:48:51.736000+00:00,17.781799999999976,1.0976308499999998,18.879430849999977
1,8906626852,dota2-pckcp-stx-2026-07-21-game1,2026-07-21T10:17:03.931000+00:00,33.321628080000025,1.2870792171719998,34.608707297172025
1,8906706819,dota2-pckcp-stx-2026-07-21-game2,2026-07-21T11:28:10.072000+00:00,3.076899999999995,1.0428383324999997,4.1197383324999945
1,8906814740,dota2-pckcp-stx-2026-07-21,2026-07-21T12:50:32.182000+00:00,-16.420700719999928,2.565251060124,-13.855449659875928
1,8906911697,dota2-lynx-spirit1-2026-07-21-game1,2026-07-21T14:01:22.509000+00:00,0.0,0.0,0.0
1,8907021823,dota2-lynx-spirit1-2026-07-21-game2,2026-07-21T14:54:33.550000+00:00,-71.19868388000005,3.4596186188309996,-67.73906526116905
1,8907114935,dota2-lynx-spirit1-2026-07-21,2026-07-21T15:55:17.448000+00:00,-0.8860000000000099,1.24450335,0.3585033499999901
1,8907236730,dota2-jenz-lynx-2026-07-21-game1,2026-07-21T17:22:36.365000+00:00,0.0,0.0,0.0
1,8907319204,dota2-jenz-lynx-2026-07-21-game2,2026-07-21T18:19:16.673000+00:00,-38.43925594999996,0.8496549129337501,-37.58960103706621
1,8907510684,dota2-z10-aion-2026-07-21-game2,2026-07-21T20:45:41.820000+00:00,0.0,0.0,0.0
1,8907942033,dota2-ill-dan-2026-07-22-game1,2026-07-22T07:18:07.776000+00:00,0.0,0.0,0.0
1,8907997366,dota2-ill-dan-2026-07-22-game2,2026-07-22T08:30:21.640000+00:00,22.288378010000017,0.7194167085892499,23.007794718589267
1,8908178087,dota2-nemiga-aion-2026-07-22-game2,2026-07-22T11:35:02.272000+00:00,1.799999999999999,0.07732200000000002,1.877321999999999
1,8908313996,dota2-stx-spirit1-2026-07-22-game1,2026-07-22T13:26:43.307000+00:00,0.04526736000000753,0.19480160750400005,0.24006896750400758
1,8908486051,dota2-stx-spirit1-2026-07-22-game2,2026-07-22T15:03:55.390000+00:00,23.334685929999978,0.73521406187025,24.069899991870226
1,8908612824,dota2-stx-spirit1-2026-07-22,2026-07-22T16:27:56.948000+00:00,19.880863049999935,2.52988702248375,22.410750072483683
1,8908710300,dota2-z10-lvlup1-2026-07-22-game1,2026-07-22T17:40:32.974000+00:00,-42.53202756000002,1.441741644747,-41.09028591525302
1,8908926344,dota2-z10-lvlup1-2026-07-22,2026-07-22T20:21:42.790000+00:00,0.606124369999975,4.0326087187822495,4.6387330887822245
1,8909388284,dota2-dan-z10-2026-07-23-game1,2026-07-23T07:17:23.633000+00:00,1.4000000000000004,0.009030000000000002,1.4090300000000004
1,8909443684,dota2-dan-z10-2026-07-23-game2,2026-07-23T08:24:14.078000+00:00,-11.141409399999993,0.31228163757,-10.829127762429993
1,8909498494,dota2-dan-z10-2026-07-23,2026-07-23T09:35:42.112000+00:00,-0.24999999999999956,0.01585125,-0.23414874999999954
1,8909658828,dota2-spirit1-pckcp-2026-07-23-game2,2026-07-23T11:56:35.158000+00:00,-8.77680079999999,1.08557171676,-7.691229083239989
1,8909780227,dota2-spirit1-pckcp-2026-07-23,2026-07-23T13:29:29.880000+00:00,-9.999999999999993,0.429499875,-9.570500124999993
1,8910104556,dota2-jenz-kw1-2026-07-23-game2,2026-07-23T16:47:57.620000+00:00,-6.9445000000000014,0.16000346249999997,-6.784496537500002
1,8910216725,dota2-jenz-kw1-2026-07-23,2026-07-23T18:09:02.529000+00:00,-0.9399999999999977,0.13557149999999998,-0.8044284999999978
1,8910344715,dota2-lvlup1-aion-2026-07-23-game1,2026-07-23T19:45:58.831000+00:00,0.0,0.0,0.0
1,8910461593,dota2-lvlup1-aion-2026-07-23-game2,2026-07-23T21:18:59.726000+00:00,-4.4517999999999995,0.18788671499999998,-4.263913284999999
1,8910535715,dota2-lvlup1-aion-2026-07-23,2026-07-23T22:37:28.157000+00:00,0.629999999999999,0.03667125,0.666671249999999
1,8910589445,dota2-nemiga-ill-2026-07-23-game1,2026-07-23T23:33:41.369000+00:00,3.356800000000007,2.57244105,5.929241050000007
1,8910670427,dota2-nemiga-ill-2026-07-23,2026-07-24T01:26:47.762000+00:00,-1.3364000000000358,1.558366845,0.2219668449999641
1,8910982575,dota2-aion-dan-2026-07-24-game2,2026-07-24T08:39:31.809000+00:00,0.0,0.0,0.0
1,8911277378,dota2-kw1-stx-2026-07-24-game2,2026-07-24T13:08:23.857000+00:00,53.51563245999997,1.060045160361,54.57567762036097
1,8911784562,dota2-z10-ill-2026-07-24-game1,2026-07-24T18:00:21.302000+00:00,-6.894165399999995,0.18691556021999997,-6.707249839779995
1,8911916389,dota2-z10-ill-2026-07-24-game2,2026-07-24T19:32:36.981000+00:00,16.977000000000004,1.787998275,18.764998275000004
1,8912045230,dota2-nemiga-lvlup1-2026-07-24-game1,2026-07-24T21:05:49.488000+00:00,-24.308200000000028,3.115131375,-21.193068625000027
1,8912123729,dota2-nemiga-lvlup1-2026-07-24-game2,2026-07-24T22:15:39.296000+00:00,0.0,0.0,0.0
1,8912551235,dota2-ill-aion-2026-07-25-game1,2026-07-25T07:19:52.253000+00:00,0.0,0.0,0.0
1,8912622476,dota2-ill-aion-2026-07-25-game2,2026-07-25T08:27:06.996000+00:00,-0.508443760000004,0.07905884436599998,-0.42938491563400405
1,8912758286,dota2-pckcp-jenz-2026-07-22-game1,2026-07-25T10:25:45.605000+00:00,-31.122899999999987,1.1975340375,-29.92536596249999
1,8912831712,dota2-pckcp-jenz-2026-07-22-game2,2026-07-25T11:23:26.682000+00:00,8.078700000000026,1.3049283375,9.383628337500026
1,8912974141,dota2-pckcp-jenz-2026-07-22,2026-07-25T13:02:19.241000+00:00,-14.428227709999998,1.61525885485275,-12.812968855147249
1,8913307206,dota2-kw1-pckcp-2026-07-25-game1,2026-07-25T16:28:48.834000+00:00,20.900000000000006,0.5185575,21.418557500000006
1,8913598312,dota2-lynx-kw1-2026-07-25-game1,2026-07-25T19:28:05.257000+00:00,-0.22160000000000135,0.9721698,0.7505697999999986
1,8913726962,dota2-lynx-kw1-2026-07-25-game2,2026-07-25T20:57:15.562000+00:00,7.017600000000016,1.2815892,8.299189200000015
1,8913824141,dota2-lynx-kw1-2026-07-25,2026-07-25T22:21:39.642000+00:00,-21.637200000000018,2.88583182,-18.751368180000018
1,8914414410,dota2-nemiga-ill-2026-07-26-game1,2026-07-26T09:26:59.644000+00:00,-27.424456640000017,1.067189307888,-26.357267332112016
1,8914520562,dota2-nemiga-ill-2026-07-26-game2,2026-07-26T10:41:21.923000+00:00,-18.343200000000024,1.46616912,-16.877030880000024
1,8914637220,dota2-nemiga-ill-2026-07-26,2026-07-26T12:04:18.708000+00:00,35.97679999999997,0.82548468,36.80228467999997
1,8914749408,dota2-rearis-pckcp-2026-07-26-game1,2026-07-26T13:19:34.036000+00:00,-16.216199999999986,0.83108025,-15.385119749999987
1,8914885598,dota2-rearis-pckcp-2026-07-26-game2,2026-07-26T14:24:02.001000+00:00,49.64150000000001,0.30260808749999996,49.944108087500005
1,8915002841,dota2-kw1-rearis-2026-07-26-game1,2026-07-26T15:32:54.677000+00:00,-24.16930776000003,0.9409868209679999,-23.22832093903203
1,8915137972,dota2-kw1-rearis-2026-07-26-game2,2026-07-26T16:47:26.165000+00:00,0.0600000000000005,0.0485865,0.1085865000000005
1,8915271266,dota2-jenz-stx-2026-07-26-game1,2026-07-26T18:26:53.337000+00:00,26.487899999999968,0.9247639274999999,27.412663927499967
1,8915390117,dota2-jenz-stx-2026-07-26-game2,2026-07-26T19:37:39.362000+00:00,0.0,0.0,0.0
1,8915498965,dota2-jenz-stx-2026-07-26,2026-07-26T20:57:43.107000+00:00,15.628,0.7399041,16.3679041
1,8916041863,dota2-lvlup1-pckcp-2026-07-27-game1,2026-07-27T09:21:33.291000+00:00,2.0112000000000005,0.035956484999999996,2.0471564850000004
1,8916102349,dota2-lvlup1-pckcp-2026-07-27-game2,2026-07-27T10:12:46.876000+00:00,7.250178919999996,0.37707708806099993,7.627256008060996
1,8916245727,dota2-stx-nemiga-2026-07-27-game1,2026-07-27T12:25:46.061000+00:00,11.258698050000008,1.32141507296625,12.580113122966258
1,8916384577,dota2-stx-nemiga-2026-07-27-game2,2026-07-27T13:48:29.618000+00:00,33.39570000000005,5.8863714375,39.28207143750005
1,8916474664,dota2-stx-nemiga-2026-07-27,2026-07-27T14:44:54.132000+00:00,-31.679637810000003,3.26004360173775,-28.419594208262254
1,8917611319,dota2-pr1-nemiga-2026-07-28-game2,2026-07-28T10:17:02.190000+00:00,0.0,0.0,0.0
1,8917675823,dota2-pr1-nemiga-2026-07-28,2026-07-28T11:19:25.327000+00:00,23.997,0.12598425000000002,24.12298425
1,8917738415,dota2-nh-pckcp-2026-07-28-game1,2026-07-28T12:16:10.015000+00:00,0.0,0.0,0.0
1,8917853656,dota2-nh-pckcp-2026-07-28-game2,2026-07-28T13:23:44.955000+00:00,-0.3843000000000032,1.0543848975,0.6700848974999969
1,8918052500,dota2-pckcp-kw1-2026-07-28-game1,2026-07-28T15:24:46.769000+00:00,-3.1523569599999917,0.146725734672,-3.0056312253279915
1,8918176547,dota2-pckcp-kw1-2026-07-28-game2,2026-07-28T16:37:04.197000+00:00,31.4820091,0.8491314129074998,32.331140512907496
1,8919264561,dota2-rearis-z10-2026-07-29-game1,2026-07-29T12:23:03.580000+00:00,7.992965039999973,0.7614442168319999,8.754409256831973
1,8919404744,dota2-rearis-z10-2026-07-29-game2,2026-07-29T13:48:28.368000+00:00,-1.6189999999999856,2.198001225,0.5790012250000145
1,8919546613,dota2-amaru-nemiga-2026-07-29-game1,2026-07-29T15:15:30.082000+00:00,-45.76770048000001,1.5043417551959999,-44.26335872480401
1,8919685210,dota2-amaru-nemiga-2026-07-29-game2,2026-07-29T16:34:50.427000+00:00,-2.1558006200000044,0.2843802420705,-1.8714203779295044
1,8919803916,dota2-amaru-nemiga-2026-07-29,2026-07-29T18:02:17.532000+00:00,50.157660910000025,1.47053962338675,51.628200533386774
1,8920655724,dota2-pckcp-z10-2026-07-30-game2,2026-07-30T10:32:16.617000+00:00,0.0,0.0,0.0
1,8920897425,dota2-lvlup1-z10-2026-07-30-game2,2026-07-30T13:37:44.606000+00:00,2.889400000000011,1.9152559500000004,4.804655950000011
1,8921002620,dota2-lvlup1-z10-2026-07-30,2026-07-30T14:47:46.063000+00:00,16.326400000000007,3.08755128,19.413951280000006
1,8921162227,dota2-amaru-pr1-2026-07-30-game1,2026-07-30T16:32:24.441000+00:00,28.20689999999999,1.0923122025,29.29921220249999
1,8921281044,dota2-amaru-pr1-2026-07-30-game2,2026-07-30T17:34:28.519000+00:00,0.0,0.0,0.0
1,8921949036,dota2-re-midas3-2026-07-31-game1,2026-07-31T06:23:42.906000+00:00,-10.067599999999999,0.8987822249999999,-9.168817774999999
1,8922016200,dota2-re-midas3-2026-07-31-game2,2026-07-31T07:39:14.850000+00:00,2.6499999999999986,0.13063349999999999,2.7806334999999986
1,8922074642,dota2-vg-amaru-2026-07-31-game1,2026-07-31T08:46:41.467000+00:00,-41.780200000000036,0.564825225,-41.215374775000036
1,8922137329,dota2-vg-amaru-2026-07-31-game2,2026-07-31T09:48:16.177000+00:00,12.299999999999997,0.08792249999999997,12.387922499999997
1,8922133239,dota2-tr7-playti-2026-07-31-game1,2026-07-31T09:57:34.446000+00:00,45.42319912000001,3.205390856502,48.628589976502006
1,8922186876,dota2-vg-amaru-2026-07-31,2026-07-31T10:40:33.810000+00:00,12.820499999999981,0.7738403025,13.594340302499981
1,8922211678,dota2-tr7-playti-2026-07-31-game2,2026-07-31T11:00:53.806000+00:00,7.709600000000023,1.4018055299999999,9.111405530000024
1,8922300474,dota2-enjoy-glyph-2026-07-31-game1,2026-07-31T12:14:29.331000+00:00,-9.83921380000001,1.6693461114,-8.16986768860001
1,8922339160,dota2-l1ga-rnx-2026-07-31-game1,2026-07-31T12:44:09.822000+00:00,-15.166400000000039,1.3735070999999999,-13.792892900000039
1,8922400300,dota2-enjoy-glyph-2026-07-31-game2,2026-07-31T13:24:39.311000+00:00,39.56379999999997,1.4337815699999998,40.99758156999997
1,8922433138,dota2-l1ga-rnx-2026-07-31-game2,2026-07-31T13:42:06.325000+00:00,-34.56080173999999,0.9720791946495,-33.588722545350485
1,8922552315,dota2-l1ga-rnx-2026-07-31,2026-07-31T14:55:23.609000+00:00,0.0,1.29001032,1.29001032
1,8922602122,dota2-yb1-z10-2026-07-31-game1,2026-07-31T15:28:08.646000+00:00,7.761000000000024,2.530567215,10.291567215000024
1,8922722577,dota2-yb1-z10-2026-07-31-game2,2026-07-31T16:35:25.057000+00:00,-11.017200000000003,1.027491615,-9.989708385000002
1,8922818221,dota2-xtreme-lgd-2026-07-31-game1,2026-07-31T17:51:24.199000+00:00,-35.53140000000002,2.61762672,-32.91377328000002
1,8922940920,dota2-xtreme-lgd-2026-07-31-game2,2026-07-31T19:09:48.720000+00:00,-6.029999999999999,0.17286975,-5.857130249999999
1,8923040358,dota2-xtreme-lgd-2026-07-31,2026-07-31T20:28:40.570000+00:00,-29.743499999999983,1.2190484025,-28.524451597499983
1,8923506996,dota2-midas3-tr7-2026-08-01-game1,2026-08-01T05:43:01.223000+00:00,0.0,0.0,0.0
1,8923579943,dota2-midas3-tr7-2026-08-01-game2,2026-08-01T07:02:32.143000+00:00,-71.07920000000001,1.4471092349999999,-69.63209076500002
1,8923643650,dota2-midas3-tr7-2026-08-01,2026-08-01T08:08:01.087000+00:00,0.0,0.0,0.0
1,8923704450,dota2-yes-vg-2026-08-01-game1,2026-08-01T09:01:56.739000+00:00,0.0028764900000055604,0.93000092416425,0.9328774141642555
1,8923780137,dota2-re-playti-2026-08-01-game1,2026-08-01T10:09:39.721000+00:00,-6.964999999999986,1.230064125,-5.7349358749999855
1,8923790600,dota2-yes-vg-2026-08-01-game2,2026-08-01T10:14:11.317000+00:00,0.0,0.0,0.0
1,8923874259,dota2-re-playti-2026-08-01-game2,2026-08-01T11:26:12.956000+00:00,-0.2201,0.00047871750000000004,-0.2196212825
1,8923899787,dota2-enjoy-yb1-2026-08-01-game1,2026-08-01T11:45:49.553000+00:00,-2.0,0.55485,-1.44515
1,8924057168,dota2-l1ga-lgd-2026-08-01-game1,2026-08-01T13:34:16.709000+00:00,0.6082000000000001,0.20887108499999998,0.817071085
1,8924222714,dota2-l1ga-lgd-2026-08-01-game2,2026-08-01T15:02:43.462000+00:00,0.0,0.0,0.0
1,8924328537,dota2-glyph-z10-2026-08-01-game1,2026-08-01T15:59:42.950000+00:00,21.333077910000043,1.25737825856175,22.590456168561794
1,8924367779,dota2-l1ga-lgd-2026-08-01,2026-08-01T16:23:12.450000+00:00,-33.73440000000002,0.641556,-33.09284400000002
1,8924468754,dota2-glyph-z10-2026-08-01-game2,2026-08-01T17:25:49.795000+00:00,25.573600000000056,1.94707536,27.520675360000055
1,8924530036,dota2-rnx-xtreme-2026-08-01-game1,2026-08-01T18:06:50.164000+00:00,-6.329403669999988,1.7005849501882502,-4.628818719811738
1,8924616191,dota2-rnx-xtreme-2026-08-01-game2,2026-08-01T19:06:22.446000+00:00,-0.19859999999992795,1.022636925,0.8240369250000721
1,8925210898,dota2-playti-xctn-2026-08-02-game1,2026-08-02T05:28:20.542000+00:00,9.274200000000008,1.096906005,10.371106005000007
1,8925308090,dota2-playti-xctn-2026-08-02-game2,2026-08-02T07:03:47.891000+00:00,0.0,0.0,0.0
1,8925543582,dota2-yes-tr7-2026-08-02-game1,2026-08-02T10:44:16.945000+00:00,7.017600000000016,1.2815892,8.299189200000015
1,8925703946,dota2-yes-tr7-2026-08-02-game2,2026-08-02T11:58:57.158000+00:00,18.181999999999988,1.32955875,19.51155874999999
1,8925847726,dota2-yes-tr7-2026-08-02,2026-08-02T13:17:43.701000+00:00,6.15577343999999,1.3445449115519998,7.50031835155199
1,8926022375,dota2-rnx-yb1-2026-08-02-game1,2026-08-02T15:09:53.856000+00:00,31.739000000000004,3.4383815550000003,35.177381555000004
1,8926232913,dota2-rnx-yb1-2026-08-02-game2,2026-08-02T16:42:19.665000+00:00,40.19959999999999,3.66855867,43.86815866999999
1,8926381426,dota2-rnx-yb1-2026-08-02,2026-08-02T18:14:10.009000+00:00,2.327728200000024,2.7003090411749997,5.028037241175024
1,8926523280,dota2-z10-lgd-2026-08-02-game1,2026-08-02T19:59:32.068000+00:00,0.0,0.0,0.0
1,8926636219,dota2-z10-lgd-2026-08-02-game2,2026-08-02T21:07:31.416000+00:00,-16.667,0.556261125,-16.110738875000003
1,8927063876,dota2-glyph-playti-2026-08-03-game2,2026-08-03T06:55:36.873000+00:00,6.0912582200000145,1.4121007166069999,7.503358936607015
1,8927132943,dota2-glyph-playti-2026-08-03,2026-08-03T08:27:35.152000+00:00,17.1472,1.29668835,18.44388835
1,8927207054,dota2-xtreme-tr7-2026-08-03-game1,2026-08-03T10:00:05.212000+00:00,9.023599999999988,0.9335536499999999,9.957153649999988
1,8927288399,dota2-xtreme-tr7-2026-08-03-game2,2026-08-03T11:00:48.642000+00:00,2.4000000000000057,0.23898000000000003,2.638980000000006
1,8927380776,dota2-xtreme-tr7-2026-08-03,2026-08-03T12:15:30.661000+00:00,15.199497399999967,1.536941671065,16.736439071064968
1,8927539264,dota2-vg-yb1-2026-08-03-game1,2026-08-03T14:05:56.825000+00:00,89.85660000000001,0.465007905,90.32160790500001
1,8927660975,dota2-vg-yb1-2026-08-03-game2,2026-08-03T15:05:20.968000+00:00,0.3795972000000063,0.60417226746,0.9837694674600063
1,8927760296,dota2-vg-yb1-2026-08-03,2026-08-03T16:18:19.713000+00:00,1.0499999999999985,0.18751875,1.2375187499999984
1,8927926397,dota2-re-lgd-2026-08-03-game1,2026-08-03T18:09:03.381000+00:00,-0.09716820000000181,0.26918079263999994,0.17201259263999813
1,8928050264,dota2-re-lgd-2026-08-03-game2,2026-08-03T19:19:18.313000+00:00,-9.359706849999966,0.75800225815125,-8.601704591848716
1,8928163118,dota2-re-lgd-2026-08-03,2026-08-03T20:43:38.722000+00:00,-28.215200720000013,2.364820452624,-25.850380267376014
1,8928851109,dota2-playti-tr7-2026-08-04-game1,2026-08-04T11:30:07.829000+00:00,0.0,0.0,0.0
1,8928953683,dota2-playti-tr7-2026-08-04-game2,2026-08-04T12:46:11.879000+00:00,-12.211007570000039,3.03412949781975,-9.176878072180289
1,8929124210,dota2-yb1-re-2026-08-04-game1,2026-08-04T14:38:55.576000+00:00,5.4051984900000125,1.87619901464325,7.281397504643262
1,8929276426,dota2-yb1-re-2026-08-04-game2,2026-08-04T15:54:25.550000+00:00,0.9999994300000001,0.00442499747775,1.00442442747775
1,8929365099,dota2-yb1-re-2026-08-04,2026-08-04T16:51:08.308000+00:00,5.1295182000000565,1.8380711304,6.967589330400056
1,8930200713,dota2-tr7-re-2026-08-05-game1,2026-08-05T08:20:38.811000+00:00,-3.7071041900000097,1.38193106273025,-2.3251731272697596
1,8930258778,dota2-tr7-re-2026-08-05-game2,2026-08-05T09:25:42.941000+00:00,0.11727344000004791,2.885163987648,3.002437427648048
1,8930398938,dota2-playti-yb1-2026-08-05-game1,2026-08-05T12:24:04.133000+00:00,-8.866600000000021,3.09570519,-5.770894810000021
1,8930615242,dota2-playti-yb1-2026-08-05-game2,2026-08-05T14:02:56.166000+00:00,101.33189999999996,1.4454028575,102.77730285749996
1,8930736914,dota2-playti-yb1-2026-08-05-game3,2026-08-05T15:09:49.519000+00:00,1.0348978800000026,0.374606984709,1.4095048647090027
1,8931781241,dota2-lvlup1-rearis-2026-08-06-game1,2026-08-06T09:28:03.156000+00:00,0.0,0.0,0.0
1,8931852727,dota2-lvlup1-rearis-2026-08-06-game2,2026-08-06T10:30:33.624000+00:00,-30.86083759999998,0.86368167702,-29.997155922979978
1,8931981851,dota2-rearis-nh-2026-08-06-game1,2026-08-06T12:26:15.226000+00:00,21.119999999999976,0.8090279999999999,21.929027999999978
1,8932085762,dota2-rearis-nh-2026-08-06-game2,2026-08-06T13:20:21.204000+00:00,-0.6385018800000042,0.090149058129,-0.5483528218710042
1,8932181345,dota2-rearis-nh-2026-08-06,2026-08-06T14:22:22.478000+00:00,6.406981379999998,0.9596425792769999,7.366623959276998
1,8932318084,dota2-nh-lvlup1-2026-08-06-game1,2026-08-06T15:34:15.395000+00:00,-1.932,0.005796,-1.926204
1,8932413808,dota2-nh-lvlup1-2026-08-06-game2,2026-08-06T16:23:29.211000+00:00,0.0,0.0,0.0
1,8932523868,dota2-nh-lvlup1-2026-08-06,2026-08-06T17:36:18.454000+00:00,-0.25,0.09373125,-0.15626875
1,8932657929,dota2-ill-pr1-2026-08-06-game1,2026-08-06T19:12:10.345000+00:00,-9.774503939999988,0.6863678718854999,-9.088136068114489
1,8932835800,dota2-ill-pr1-2026-08-06,2026-08-06T21:22:55.783000+00:00,-0.28699999999999903,0.056808525,-0.23019147499999904
1,8933374169,dota2-nh-z10-2026-08-07-game1,2026-08-07T09:29:47.916000+00:00,-7.518000000000001,0.10576215,-7.41223785
1,8933453728,dota2-nh-z10-2026-08-07-game2,2026-08-07T10:40:19.376000+00:00,-0.9419999999999984,0.13280355,-0.8091964499999984
1,8933575351,dota2-ill-stx-2026-08-07-game1,2026-08-07T12:33:02.695000+00:00,-64.06479999999996,1.70789343,-62.356906569999964
1,8933704579,dota2-ill-stx-2026-08-07-game2,2026-08-07T13:44:43.178000+00:00,4.5409313199999914,0.7567364777519999,5.297667797751991
1,8933879286,dota2-pr1-jenz-2026-08-07-game1,2026-08-07T15:25:51.002000+00:00,-46.48719999999998,1.13176662,-45.35543337999998
1,8933988979,dota2-pr1-jenz-2026-08-07-game2,2026-08-07T16:29:38.697000+00:00,18.577379259999987,1.3942462446135,19.971625504613485
1,8934184387,dota2-jenz-nemiga-2026-08-07-game1,2026-08-07T18:35:03.983000+00:00,5.479399999999998,0.790266465,6.2696664649999985
1,8934279386,dota2-jenz-nemiga-2026-08-07-game2,2026-08-07T19:33:30.612000+00:00,0.0,0.0,0.0
1,8936825643,dota2-pr1-yes-2026-08-09-game1,2026-08-09T09:22:32.992000+00:00,-17.204000000000015,1.43191674,-15.772083260000015
1,8937080738,dota2-pr1-yes-2026-08-09,2026-08-09T12:20:23.208000+00:00,32.56492125,2.16432561515625,34.72924686515625
1,8937188618,dota2-lvlup1-mouz-2026-08-09-game1,2026-08-09T13:17:49.636000+00:00,-10.294299999999991,0.40229289749999997,-9.89200710249999
1,8937335830,dota2-lvlup1-mouz-2026-08-09-game2,2026-08-09T14:27:35.299000+00:00,4.32510000000002,1.2107095275,5.53580952750002
1,8937484593,dota2-ill-re-2026-08-09-game1,2026-08-09T15:55:00.679000+00:00,-0.4999999999999991,0.0317025,-0.4682974999999991
1,8937631882,dota2-ill-re-2026-08-09-game2,2026-08-09T17:12:21.447000+00:00,0.0,0.0,0.0
1,8937722788,dota2-z10-navi-2026-08-09-game1,2026-08-09T18:17:16.930000+00:00,-46.211999999999975,1.63950708,-44.57249291999997
1,8938509987,dota2-pr1-mouz-2026-08-10-game1,2026-08-10T09:24:47.767000+00:00,21.45010000000002,1.9645196025,23.41461960250002
1,8938565057,dota2-pr1-mouz-2026-08-10-game2,2026-08-10T10:12:07.159000+00:00,3.384382720000006,0.46357566019199997,3.8479583801920056
1,8938634026,dota2-pr1-mouz-2026-08-10,2026-08-10T11:15:54.851000+00:00,-49.36751411999998,2.518362204168,-46.84915191583198
1,8938716198,dota2-ill-z10-2026-08-10-game1,2026-08-10T12:25:50.383000+00:00,9.056585419999996,1.5786454179555,10.635230837955495
1,8939023869,dota2-yes-lvlup1-2026-08-10-game1,2026-08-10T15:24:37.289000+00:00,0.0,0.0,0.0
1,8940059913,dota2-lvlup1-navi-2026-08-11-game1,2026-08-11T09:16:02.605000+00:00,29.49754659999998,1.0793795324399997,30.57692613243998
1,8940117837,dota2-lvlup1-navi-2026-08-11-game2,2026-08-11T10:12:11.551000+00:00,-22.071944629999994,1.8852944349877496,-20.186650195012245
1,8940266495,dota2-mouz-re-2026-08-11-game1,2026-08-11T12:16:13.042000+00:00,0.14724999999999877,1.46995894875,1.6172089487499988
1,8940365227,dota2-mouz-re-2026-08-11-game2,2026-08-11T13:12:04.281000+00:00,6.6853629299999415,1.83140463213075,8.516767562130692
1,8940487898,dota2-mouz-re-2026-08-11,2026-08-11T14:25:06.999000+00:00,0.6840380000000046,0.12860392035,0.8126419203500046
1,8940643574,dota2-yes-z10-2026-08-11-game1,2026-08-11T15:45:57.067000+00:00,0.08119934999999945,0.029420787903750002,0.11062013790374944
1,8940756672,dota2-yes-z10-2026-08-11-game2,2026-08-11T16:48:25.758000+00:00,1.5129705700000002,0.09606359783924999,1.6090341678392501
1,8941656460,dota2-lvlup1-re-2026-08-12-game1,2026-08-12T09:19:34.658000+00:00,23.76370000000003,1.7275077675,25.49120776750003
1,8941733752,dota2-lvlup1-re-2026-08-12-game2,2026-08-12T10:35:42.245000+00:00,31.372299089999927,1.4464806197017501,32.81877970970168
1,8941817475,dota2-lvlup1-re-2026-08-12,2026-08-12T11:50:26.039000+00:00,10.202200000000005,1.202265225,11.404465225000004
1,8942003788,dota2-navi-lvlup1-2026-08-12-game1,2026-08-12T13:42:36.457000+00:00,5.194800000000043,0.6681811499999999,5.862981150000043
1,8942152024,dota2-navi-lvlup1-2026-08-12-game2,2026-08-12T14:50:30.897000+00:00,1.002299999999991,0.27860628750000005,1.2809062874999912
1,8942262723,dota2-navi-lvlup1-2026-08-12-game3,2026-08-12T15:53:47.795000+00:00,2.842170943040401e-14,0.5099918400000001,0.5099918400000285
1,8962372120,dota2-ic-nemiga-2026-08-24-game1,2026-08-24T07:17:08.649000+00:00,0.0,0.0,0.0
1,8962458373,dota2-ic-nemiga-2026-08-24-game2,2026-08-24T08:26:45.454000+00:00,0.12236604000000018,0.082339725009,0.20470576500900017
1,8962592819,dota2-ks-lynx-2026-08-24-game1,2026-08-24T10:19:27.562000+00:00,-0.1453129800000008,0.0493784038305,-0.09593457616950081
1,8962736746,dota2-ks-lynx-2026-08-24-game2,2026-08-24T11:33:18.452000+00:00,5.178539579999994,0.4095908886104999,5.588130468610493
1,8962964580,dota2-sb5-stx-2026-08-24-game1,2026-08-24T13:25:23.881000+00:00,1.2002772300000002,0.006391476249750001,1.20666870624975
1,8963508714,dota2-rearis-lynx-2026-08-24-game2,2026-08-24T17:37:20.349000+00:00,-1.8999999999999995,0.1808625,-1.7191374999999995
1,8963649188,dota2-dynast1-fts-2026-08-24-game1,2026-08-24T19:15:00.848000+00:00,54.28489999999999,0.6597758175,54.94467581749999
1,8963790789,dota2-dynast1-fts-2026-08-24-game2,2026-08-24T20:20:45.642000+00:00,0.6541999999999994,0.119037435,0.7732374349999994
1,8964399842,dota2-pckcp-nemiga-2026-08-25-game1,2026-08-25T07:22:10.248000+00:00,0.1200000000000001,0.022347,0.1423470000000001
1,8964480771,dota2-pckcp-nemiga-2026-08-25-game2,2026-08-25T08:31:41.723000+00:00,-2.4571627500000304,0.9664446621937499,-1.4907180878062805
1,8964574076,dota2-pckcp-nemiga-2026-08-25,2026-08-25T09:52:05.670000+00:00,-0.5999999999999996,1.1113650000000002,0.5113650000000005
1,8964657335,dota2-fts-pckcp-2026-08-25-game1,2026-08-25T10:52:11.864000+00:00,-0.8599999999999994,0.07504575,-0.7849542499999994
1,8964837315,dota2-fts-pckcp-2026-08-25-game2,2026-08-25T12:34:06.314000+00:00,-54.59133119,1.8954476197102499,-52.69588357028975
1,8964962329,dota2-ic-fts-2026-08-25-game1,2026-08-25T13:50:36.471000+00:00,50.113960629999944,0.7339927198147499,50.847953349814695
1,8965097316,dota2-ic-fts-2026-08-25-game2,2026-08-25T14:41:01.046000+00:00,-16.564099999999996,0.9091062524999999,-15.654993747499997
1,8964938940,dota2-rearis-spirit1-2026-08-25-game1,2026-08-25T16:23:39.394000+00:00,1.9000000000000057,0.4039575,2.303957500000006
1,8965544741,dota2-rearis-spirit1-2026-08-25,2026-08-25T18:44:21.316000+00:00,-2.617500000000007,2.1301537574999996,-0.48734624250000724
1,8969842778,dota2-pckcp-ic-2026-08-28-game2,2026-08-28T08:21:21.985000+00:00,27.15371437999997,1.4162352842609998,28.569949664260967
1,8969978865,dota2-rearis-sb5-2026-08-28-game1,2026-08-28T10:27:01.322000+00:00,-7.113499999999991,0.7795402874999999,-6.333959712499992
1,8970089224,dota2-rearis-sb5-2026-08-28-game2,2026-08-28T11:41:09.553000+00:00,0.9600000000000009,0.057456,1.0174560000000008
1,8970207176,dota2-rearis-sb5-2026-08-28,2026-08-28T12:56:49.576000+00:00,0.6000000000000014,0.29123999999999994,0.8912400000000014
1,8970338180,dota2-synaps-nemiga-2026-08-28-game1,2026-08-28T14:09:13.367000+00:00,-0.0017924500000106036,1.09356004951875,1.0917675995187395
1,8970352005,dota2-dynast1-ic-2026-08-28-game1,2026-08-28T14:10:35.964000+00:00,-1.6889000000000016,0.12009879749999998,-1.5688012025000015
1,8970470057,dota2-synaps-nemiga-2026-08-28-game2,2026-08-28T15:09:53.245000+00:00,115.26710933000003,0.6552877848277499,115.92239711482777
1,8970485789,dota2-dynast1-ic-2026-08-28-game2,2026-08-28T15:14:26.848000+00:00,-2.8146235500000003,0.19997662051875,-2.61464692948125
1,8970575970,dota2-synaps-nemiga-2026-08-28,2026-08-28T16:02:11.965000+00:00,-26.37886379000001,1.32446620082475,-25.05439758917526
1,8970655100,dota2-dynast1-ic-2026-08-28,2026-08-28T16:43:34.585000+00:00,-13.60985899000002,1.1037051016897501,-12.506153888310271
1,8970886632,dota2-dynast1-pckcp-2026-08-28-game2,2026-08-28T18:51:22.084000+00:00,23.916417379999984,0.40866021478500003,24.325077594784986
1,8971007454,dota2-ks-rearis-2026-08-28-game1,2026-08-28T20:11:41.712000+00:00,-6.459999999999997,0.2994585,-6.160541499999997
1,8971016820,dota2-fts-nemiga-2026-08-28-game1,2026-08-28T20:17:43.711000+00:00,0.0,0.0,0.0
1,8971111987,dota2-ks-rearis-2026-08-28-game2,2026-08-28T21:24:47.695000+00:00,7.740000000000009,0.2292975,7.9692975000000095
1,8971423978,dota2-db2-satan-2026-08-28-game2,2026-08-29T03:20:55.120000+00:00,2.3999999999999986,0.05665499999999998,2.4566549999999987
1,8971501630,dota2-nexus-cres-2026-08-28,2026-08-29T04:51:09.441000+00:00,1.661510999999999,0.0764261604,1.7379371603999991
1,8971519375,dota2-nem-6seven-2026-08-29-game1,2026-08-29T05:14:15.579000+00:00,-2.8800000000000097,0.212436,-2.66756400000001
1,8971586781,dota2-nem-6seven-2026-08-29-game2,2026-08-29T06:13:46.689000+00:00,-1.5,0.3940905,-1.1059095
1,8971664649,dota2-nem-6seven-2026-08-29,2026-08-29T07:24:10.704000+00:00,2.0250450599999965,0.3799944526455,2.4050395126454966
1,8971753986,dota2-icecre-kineti-2026-08-29-game1,2026-08-29T08:38:12.829000+00:00,0.0,0.0,0.0
1,8971849697,dota2-icecre-kineti-2026-08-29-game2,2026-08-29T09:43:14.699000+00:00,0.0,0.0,0.0
1,8971891627,dota2-dynast1-nemiga-2026-08-29-game1,2026-08-29T10:17:49.464000+00:00,7.702200000000005,0.19110208499999998,7.893302085000005
1,8971964803,dota2-mouz-yes-2026-08-29-game1,2026-08-29T11:13:49.271000+00:00,-19.040000000000006,2.331384,-16.708616000000006
1,8971988345,dota2-sb5-lynx-2026-08-29-game1,2026-08-29T11:21:30.742000+00:00,-28.254880799999995,0.61874131392,-27.636139486079994
1,8972103119,dota2-sb5-lynx-2026-08-29-game2,2026-08-29T12:31:54.536000+00:00,-12.590529799999999,0.502500712755,-12.088029087245
1,8972115962,dota2-mouz-yes-2026-08-29-game2,2026-08-29T12:36:59.931000+00:00,-13.180000000000014,3.2718003299999996,-9.908199670000014
1,8972289868,dota2-huliga-lynx-2026-08-29-game1,2026-08-29T14:15:10.550000+00:00,-18.20600067999996,1.643118387399,-16.56288229260096
1,8972502454,dota2-huliga-lynx-2026-08-29-game2,2026-08-29T15:52:19.963000+00:00,-2.6900999999999997,0.007465027499999999,-2.6826349725
1,8972611918,dota2-huliga-lynx-2026-08-29,2026-08-29T16:49:36.587000+00:00,4.47980000000004,1.7141505,6.19395050000004
1,8972773416,dota2-pi-lvlup1-2026-08-29-game1,2026-08-29T18:17:23.637000+00:00,-45.617399439999964,1.500426733026,-44.11697270697397
1,8972893200,dota2-pi-lvlup1-2026-08-29-game2,2026-08-29T19:20:53.860000+00:00,-9.095986480000004,1.0578802639679998,-8.038106216032004
1,8973011673,dota2-pi-lvlup1-2026-08-29,2026-08-29T20:33:12.059000+00:00,-14.338100999999984,2.9644344945,-11.373666505499983
1,8973010298,dota2-ks-spirit1-2026-08-29-game1,2026-08-29T20:38:42.759000+00:00,-44.55000000000001,0.41098724999999997,-44.13901275000001
1,8973337131,dota2-icecre-xctn-2026-08-30-game1,2026-08-30T02:14:49.254000+00:00,-6.475780999999998,0.17378123662499997,-6.301999763374998
1,8973405568,dota2-icecre-xctn-2026-08-30-game2,2026-08-30T03:19:55.483000+00:00,-16.169904750000015,0.42991651216875,-15.739988237831264
1,8973462028,dota2-icecre-xctn-2026-08-30,2026-08-30T04:30:11.988000+00:00,-7.1798010000000225,1.3832085566249999,-5.796592443375022
1,8973502629,dota2-clo-yb1-2026-08-30-game1,2026-08-30T05:13:07.837000+00:00,0.0,0.0,0.0
1,8973568453,dota2-clo-yb1-2026-08-30-game2,2026-08-30T06:12:50.377000+00:00,-3.316375939999986,0.2700382454895,-3.0463376945104863
1,8973613420,dota2-clo-yb1-2026-08-30,2026-08-30T07:04:46.677000+00:00,4.507323299999996,0.2190407610375,4.726364061037496
1,8973707438,dota2-lynx-lvlup1-2026-08-30-game1,2026-08-30T08:16:36.050000+00:00,0.0,0.0,0.0
1,8973859403,dota2-lynx-lvlup1-2026-08-30-game2,2026-08-30T09:56:31.353000+00:00,0.00313254999999657,0.31447629188625,0.31760884188624655
1,8973884000,dota2-nem-xctn-2026-08-30-game2,2026-08-30T10:12:32.710000+00:00,7.080128330000008,0.50915236113825,7.589280691138258
1,8973944033,dota2-lynx-lvlup1-2026-08-30,2026-08-30T10:50:43.696000+00:00,1.0,0.036719999999999996,1.03672
1,8974185539,dota2-navi-mouz-2026-08-30-game2,2026-08-30T13:08:29.090000+00:00,147.12838191999998,4.647720886607999,151.77610280660798
1,8974647733,dota2-lvlup1-pr1-2026-08-30-game1,2026-08-30T17:09:16.077000+00:00,-8.629775940000044,1.0668048254895,-7.562971114510544
1,8974898633,dota2-lvlup1-pr1-2026-08-30,2026-08-30T19:25:58.777000+00:00,-18.94642275000001,1.81993978839375,-17.12648296160626
1,8975110449,dota2-dynast1-ks-2026-08-30-game2,2026-08-30T21:54:27.706000+00:00,-20.352300000000014,1.5619291874999999,-18.790370812500015
1,8975871235,dota2-synaps-lynx-2026-08-31-game1,2026-08-31T12:26:44.788000+00:00,-7.390708420000015,1.424015083602,-5.9666933363980155
1,8976012755,dota2-synaps-lynx-2026-08-31-game2,2026-08-31T13:41:35.303000+00:00,9.230700000000013,1.2421784625,10.472878462500013
1,8976166971,dota2-synaps-lynx-2026-08-31,2026-08-31T15:09:07.826000+00:00,0.0002920000000017353,0.29455331399999996,0.2948453140000017
1,8976300473,dota2-4iki-ic-2026-08-31-game1,2026-08-31T16:25:39.940000+00:00,0.49116040000000005,0.0431897418,0.5343501418000001
1,8976441468,dota2-4iki-ic-2026-08-31-game2,2026-08-31T17:43:06.122000+00:00,2.9980000000000047,0.16112751,3.1591275100000047
1,8976511215,dota2-4iki-ic-2026-08-31,2026-08-31T18:29:54.020000+00:00,104.58380000000005,3.0128724449999997,107.59667244500005
1,8976665322,dota2-spirit1-pi-2026-08-31-game1,2026-08-31T20:26:57.494000+00:00,2.967500000000056,1.1460620625,4.113562062500057
1,8976751962,dota2-spirit1-pi-2026-08-31-game2,2026-08-31T21:40:17.685000+00:00,10.35995815999999,0.925817998488,11.285776158487991
1,8977325814,dota2-ks-pckcp-2026-09-01-game2,2026-09-01T10:26:27.059000+00:00,0.002430119999985436,0.18314315476199994,0.18557327476198537
1,8977476867,dota2-ic-lynx-2026-09-01-game1,2026-09-01T12:26:04.131000+00:00,32.4172,1.4802367799999998,33.89743678
1,8977623650,dota2-ic-lynx-2026-09-01-game2,2026-09-01T13:53:28.128000+00:00,18.027599999999996,1.78793439,19.815534389999996
1,8977913355,dota2-synaps-lvlup1-2026-09-01-game2,2026-09-01T16:37:59.217000+00:00,5.3426000000000045,0.183132375,5.525732375000004
1,8978023576,dota2-synaps-lvlup1-2026-09-01,2026-09-01T17:45:54.185000+00:00,-19.49658144000003,1.1476158398879999,-18.348965600112027
1,8978832148,dota2-pr1-ic-2026-09-02-game1,2026-09-02T09:52:32.767000+00:00,57.49170901000002,0.9175896980422499,58.40929870804227
1,8978916284,dota2-pr1-ic-2026-09-02-game2,2026-09-02T11:19:11.539000+00:00,0.0,0.030885000000000003,0.030885000000000003
1,8978986214,dota2-pr1-ic-2026-09-02,2026-09-02T12:20:55.440000+00:00,-9.831100000000026,0.8866724025,-8.944427597500026
1,8979131280,dota2-dynast1-pckcp-2026-09-02-game1,2026-09-02T13:56:13.878000+00:00,0.0,0.0,0.0
1,8979241530,dota2-dynast1-pckcp-2026-09-02-game2,2026-09-02T14:56:18.245000+00:00,0.8628997700000056,0.10335788113724997,0.9662576511372556
1,8979344496,dota2-synaps-4iki-2026-09-02-game1,2026-09-02T15:59:27.587000+00:00,-15.038599999999995,1.8041859900000001,-13.234414009999995
1,8980293569,dota2-z10-ks-2026-09-03-game1,2026-09-03T09:18:42.909000+00:00,-0.38000000000000345,0.1179315,-0.2620685000000035
1,8980358113,dota2-z10-ks-2026-09-03-game2,2026-09-03T10:27:20.250000+00:00,-6.601749880000007,0.38897801562900003,-6.212771864371007
1,8980463789,dota2-pckcp-spirit1-2026-09-03-game1,2026-09-03T12:14:02.762000+00:00,-1.3200000000000074,0.231165,-1.0888350000000073
1,8980769413,dota2-pi-dynast1-2026-09-03-game1,2026-09-03T15:17:23.998000+00:00,6.800000000000004,0.11528999999999998,6.915290000000004
2,8837869969,dota2-aur1-ty-2026-06-04-game1,2026-06-04T09:17:47.612000+00:00,20.211199999999977,2.603227395,22.814427394999978
2,8837957019,dota2-aur1-ty-2026-06-04-game2,2026-06-04T11:05:49.570000+00:00,-67.28229999999999,3.8205137925,-63.46178620749999
2,8838056564,dota2-flc-liquid-2026-06-04-game1,2026-06-04T12:43:48.535000+00:00,-0.27759999999999785,1.0952756249999998,0.8176756250000019
2,8838170936,dota2-flc-liquid-2026-06-04-game2,2026-06-04T14:05:12.636000+00:00,-10.012396199999955,1.29732778404,-8.715068415959955
2,8838396820,dota2-lgd-ty-2026-06-04-game2,2026-06-04T16:48:28.531000+00:00,-2.9859022999999922,2.449722749457,-0.5361795505429923
2,8838480778,dota2-lgd-ty-2026-06-04,2026-06-04T17:57:47.377000+00:00,-8.279600980000001,0.3562789754055,-7.923322004594501
2,8839123109,dota2-flc-bb4-2026-06-05-game1,2026-06-05T09:16:39.267000+00:00,-53.12386080000001,0.75416818902,-52.36969261098001
2,8839193447,dota2-flc-bb4-2026-06-05-game2,2026-06-05T10:38:10.594000+00:00,39.43659999999997,1.5680273850000002,41.00462738499997
2,8839366504,dota2-lgd-liquid-2026-06-05-game2,2026-06-05T13:21:18.066000+00:00,-45.59360000000001,1.8386565899999998,-43.75494341000001
2,8839494962,dota2-flc-aur1-2026-06-05-game1,2026-06-05T14:52:18.684000+00:00,16.12900000000002,1.104917145,17.23391714500002
2,8839625815,dota2-flc-aur1-2026-06-05-game2,2026-06-05T16:13:53.150000+00:00,0.017537759999996183,0.32669943808799995,0.34423719808799613
2,8839717574,dota2-flc-aur1-2026-06-05,2026-06-05T17:21:15.591000+00:00,-14.680999999999983,2.073308505,-12.607691494999983
2,8840635639,dota2-ty-bb4-2026-06-06-game1,2026-06-06T10:47:49.658000+00:00,4.984599059999994,0.8222017928145,5.806800852814494
2,8840704374,dota2-ty-bb4-2026-06-06-game2,2026-06-06T11:51:44.485000+00:00,-26.542800000000028,6.91924131,-19.623558690000028
2,8840821227,dota2-ty-bb4-2026-06-06,2026-06-06T13:12:37.368000+00:00,25.56859921000003,2.82250133804475,28.39110054804478
2,8840984097,dota2-aur1-lgd-2026-06-06-game1,2026-06-06T15:05:33.978000+00:00,1.281986229999994,0.31705724832525,1.599043478325244
2,8841114801,dota2-aur1-lgd-2026-06-06-game2,2026-06-06T16:30:29.855000+00:00,-24.644200760000032,1.435449671979,-23.20875108802103
2,8842052142,dota2-bb4-lgd-2026-06-07-game1,2026-06-07T09:18:04.694000+00:00,0.0,1.5,1.5
2,8842134886,dota2-bb4-lgd-2026-06-07-game2,2026-06-07T10:28:41.168000+00:00,-0.7675386900000376,3.14402336531025,2.3764846753102122
2,8842245726,dota2-bb4-lgd-2026-06-07,2026-06-07T11:59:53.564000+00:00,7.124899999999997,2.6029232925,9.727823292499997
2,8842468101,dota2-ty-lgd-2026-06-07-game1,2026-06-07T14:21:40.854000+00:00,-63.31355522999996,0.97734865481025,-62.33620657518971
2,8842596730,dota2-ty-lgd-2026-06-07-game2,2026-06-07T15:49:20.066000+00:00,-11.111199999999968,0.8733403199999998,-10.237859679999968
2,8842722527,dota2-ty-lgd-2026-06-07-game3,2026-06-07T17:12:22.566000+00:00,62.98730000000006,2.3546923575,65.34199235750006
2,8842845018,dota2-ty-lgd-2026-06-07-game4,2026-06-07T18:51:58.999000+00:00,0.0,0.0,0.0
2,8843465364,dota2-4iki-nande4-2026-06-08-game1,2026-06-08T09:15:08.776000+00:00,0.40000000000000036,0.059442,0.45944200000000035
2,8843512570,dota2-4iki-nande4-2026-06-08-game2,2026-06-08T10:09:45.609000+00:00,-11.28470075999999,0.899424350619,-10.385276409380989
2,8843560379,dota2-4iki-nande4-2026-06-08,2026-06-08T11:10:54.138000+00:00,-15.22910072999997,1.27231476525525,-13.956785964744721
2,8843760302,dota2-vpp-balu-2026-06-08-game2,2026-06-08T13:42:26.324000+00:00,0.0,0.0,0.0
2,8844054970,dota2-z10-sb5-2026-06-08-game2,2026-06-08T17:08:41.204000+00:00,57.442400000000006,0.43656534,57.87896534000001
2,8844132483,dota2-vpp-z10-2026-06-08-game1,2026-06-08T18:23:01.210000+00:00,0.0,0.0,0.0
2,8844244719,dota2-vpp-z10-2026-06-08-game2,2026-06-08T19:45:42.908000+00:00,12.116000000000014,0.2976405,12.413640500000014
2,8844308689,dota2-vpp-z10-2026-06-08,2026-06-08T20:50:38.757000+00:00,1.7999999999999998,0.008639999999999998,1.8086399999999998
2,8850534819,dota2-ill-pr1-2026-06-13-game2,2026-06-13T17:10:42.502000+00:00,-5.0,1.222125,-3.777875
2,8850593633,dota2-ill-pr1-2026-06-13,2026-06-13T18:00:57.551000+00:00,0.0,0.0,0.0
2,8851984783,dota2-4iki-pr1-2026-06-14-game2,2026-06-14T16:46:25.798000+00:00,-7.110300000000002,0.6978207825,-6.412479217500002
2,8852055373,dota2-4iki-pr1-2026-06-14,2026-06-14T17:46:02.690000+00:00,-0.6500000000000004,0.14467875,-0.5053212500000004
2,8854443395,dota2-fla-spirit1-2026-06-16-game1,2026-06-16T16:31:44.570000+00:00,-2.0,0.11019,-1.88981
2,8885183102,dota2-flc-bb4-2026-07-07-game1,2026-07-07T09:47:24.433000+00:00,-24.996962499999995,0.9056169478125,-24.091345552187494
2,8885195986,dota2-re-xtreme-2026-07-07-game1,2026-07-07T09:55:03.037000+00:00,3.4203970400000117,1.070970448224,4.491367488224012
2,8885252329,dota2-flc-bb4-2026-07-07-game2,2026-07-07T11:01:59.599000+00:00,-14.250999999999976,2.770498905,-11.480501094999976
2,8885275216,dota2-re-xtreme-2026-07-07-game2,2026-07-07T11:16:11.813000+00:00,-0.9251999999999896,1.73955879,0.8143587900000104
2,8885365825,dota2-l1ga-ngx-2026-07-07-game1,2026-07-07T12:34:49.112000+00:00,0.0,0.0,0.0
2,8885380529,dota2-liquid-playti-2026-07-07-game1,2026-07-07T12:43:07.045000+00:00,0.2600000000000007,0.0486525,0.30865250000000066
2,8885411801,dota2-lvlup1-aur1-2026-07-07-game1,2026-07-07T13:06:28.530000+00:00,0.0,0.0,0.0
2,8885470551,dota2-l1ga-ngx-2026-07-07-game2,2026-07-07T13:39:34.570000+00:00,19.51441499999997,0.6982735893750001,20.21268858937497
2,8885473599,dota2-liquid-playti-2026-07-07-game2,2026-07-07T13:52:27.923000+00:00,6.915530980000071,3.0789972079665,9.994528187966571
2,8885529711,dota2-lvlup1-aur1-2026-07-07-game2,2026-07-07T14:23:52.590000+00:00,11.858918599999981,0.16024662718499996,12.019165227184981
2,8885633666,dota2-ts8-mouz-2026-07-07-game1,2026-07-07T15:33:28.678000+00:00,58.72189999999998,4.1597486324999995,62.881648632499974
2,8885665054,dota2-nem-pari-2026-07-07-game1,2026-07-07T15:41:38.548000+00:00,35.23169100000001,0.535615553925,35.76730655392501
2,8885784652,dota2-ts8-mouz-2026-07-07-game2,2026-07-07T17:16:32.961000+00:00,-18.29339999999999,3.0365398050000003,-15.256860194999991
2,8885871759,dota2-ic-1win-2026-07-07-game1,2026-07-07T18:31:07.999000+00:00,0.0,0.0,0.0
2,8885928262,dota2-ty-og-2026-07-07-game1,2026-07-07T19:03:44.444000+00:00,47.67840000000001,0.4282757099999999,48.10667571000001
2,8885974297,dota2-ic-1win-2026-07-07-game2,2026-07-07T19:32:14.446000+00:00,0.0,0.0,0.0
2,8886005043,dota2-ty-og-2026-07-07-game2,2026-07-07T20:03:05.981000+00:00,0.0,0.0,0.0
2,8886576019,dota2-poorra-bb4-2026-07-08-game1,2026-07-08T09:20:01.472000+00:00,-20.0,0.6779999999999999,-19.322
2,8886572854,dota2-gl-xtreme-2026-07-08-game1,2026-07-08T09:27:27.007000+00:00,-56.5214,1.530969075,-54.990430925
2,8886638110,dota2-poorra-bb4-2026-07-08-game2,2026-07-08T10:36:00.005000+00:00,0.7999999999999972,0.24358835999999995,1.043588359999997
2,8886640910,dota2-flc-re-2026-07-08-game2,2026-07-08T10:39:41.623000+00:00,31.458133070000002,0.8132141667577499,32.271347236757755
2,8886641793,dota2-gl-xtreme-2026-07-08-game2,2026-07-08T10:45:04.782000+00:00,36.96399910999997,1.69705370726325,38.66105281726322
2,8886728756,dota2-l1ga-playti-2026-07-08-game1,2026-07-08T12:02:19.795000+00:00,-12.466699999999975,3.8200819874999996,-8.646618012499975
2,8886736772,dota2-liquid-lvlup1-2026-07-08-game1,2026-07-08T12:08:59.488000+00:00,6.976799999999997,0.38075886000000003,7.3575588599999975
2,8886788497,dota2-ngx-aur1-2026-07-08-game1,2026-07-08T12:47:30.744000+00:00,8.185920359999969,0.45601738652999996,8.641937746529969
2,8886815251,dota2-l1ga-playti-2026-07-08-game2,2026-07-08T13:04:20.712000+00:00,25.000200000000035,0.7406309249999998,25.740830925000036
2,8886862310,dota2-liquid-lvlup1-2026-07-08-game2,2026-07-08T13:37:25.898000+00:00,45.36519999999999,0.4752976500000001,45.84049764999999
2,8886994890,dota2-ts8-nem-2026-07-08-game1,2026-07-08T14:59:11.781000+00:00,-0.09999999999999964,0.0196425,-0.08035749999999964
2,8887100676,dota2-vg-pari-2026-07-08-game1,2026-07-08T16:18:23.954000+00:00,2.3195240000000297,0.34498574880000005,2.6645097488000298
2,8887114313,dota2-ts8-nem-2026-07-08-game2,2026-07-08T16:15:19.583000+00:00,0.0,0.0,0.0
2,8887197358,dota2-vg-pari-2026-07-08-game2,2026-07-08T17:23:00.102000+00:00,-10.338099999999997,0.6432707324999999,-9.694829267499998
2,8887218598,dota2-lgd-og-2026-07-08-game1,2026-07-08T17:27:41.870000+00:00,0.2599999999999998,0.0334425,0.2934424999999998
2,8887260104,dota2-ty-ic-2026-07-08-game1,2026-07-08T17:58:24.214000+00:00,0.0,0.0,0.0
2,8887314193,dota2-lgd-og-2026-07-08-game2,2026-07-08T18:40:30.736000+00:00,-1.1485999999999965,0.22395976499999998,-0.9246402349999965
2,8887325211,dota2-vp-1win-2026-07-08-game1,2026-07-08T18:51:24.334000+00:00,-24.961208599999992,1.170380780475,-23.790827819524992
2,8887337672,dota2-ty-ic-2026-07-08-game2,2026-07-08T19:01:29.872000+00:00,2.3810000000000002,0.467687925,2.848687925
2,8887432754,dota2-vp-1win-2026-07-08-game2,2026-07-08T20:20:02.742000+00:00,33.008399999999995,0.22250793000000002,33.230907929999994
2,8887986392,dota2-poorra-xtreme-2026-07-09-game1,2026-07-09T09:21:30.237000+00:00,0.0,0.0,0.0
2,8887998750,dota2-bb4-re-2026-07-09-game1,2026-07-09T09:29:32.198000+00:00,-2.0000000000000036,0.11060999999999999,-1.8893900000000037
2,8888056358,dota2-poorra-xtreme-2026-07-09-game2,2026-07-09T10:34:44.979000+00:00,-12.22029999999998,3.1469831324999995,-9.073316867499981
2,8888066684,dota2-bb4-re-2026-07-09-game2,2026-07-09T10:43:25.275000+00:00,0.0,0.0,0.0
2,8888083694,dota2-gl-flc-2026-07-09-game2,2026-07-09T11:11:32.224000+00:00,17.39080000000004,1.90691289,19.297712890000042
2,8888160657,dota2-l1ga-aur1-2026-07-09-game1,2026-07-09T12:09:38.901000+00:00,2.3999999999999986,0.09179999999999999,2.4917999999999987
2,8888173515,dota2-playti-lvlup1-2026-07-09-game1,2026-07-09T12:20:27.216000+00:00,25.434000000000026,0.56795661,26.001956610000025
2,8888217771,dota2-ngx-liquid-2026-07-09-game1,2026-07-09T12:52:14.212000+00:00,9.232277600000009,1.0271380967399997,10.259415696740009
2,8888260336,dota2-l1ga-aur1-2026-07-09-game2,2026-07-09T13:20:05.771000+00:00,-24.99969999999999,0.4818692175,-24.51783078249999
2,8888279558,dota2-playti-lvlup1-2026-07-09-game2,2026-07-09T13:33:23.111000+00:00,38.399100000000004,0.9255721724999999,39.3246721725
2,8888318197,dota2-ngx-liquid-2026-07-09-game2,2026-07-09T14:04:08.888000+00:00,17.760028199999994,2.36517310791,20.125201307909993
2,8888405761,dota2-mouz-nem-2026-07-09-game1,2026-07-09T14:48:45.816000+00:00,0.0,0.0,0.0
2,8888425887,dota2-rnx-pari-2026-07-09-game1,2026-07-09T15:02:02.148000+00:00,-7.8264,0.34456247999999995,-7.48183752
2,8888489297,dota2-vg-ts8-2026-07-09-game1,2026-07-09T15:42:43.149000+00:00,-65.39159999999995,1.7442463349999997,-63.647353664999955
2,8888555097,dota2-mouz-nem-2026-07-09-game2,2026-07-09T16:24:34.308000+00:00,-28.22700000000001,1.9542103349999997,-26.272789665000012
2,8888554919,dota2-rnx-pari-2026-07-09-game2,2026-07-09T16:26:10.054000+00:00,0.0,0.0,0.0
2,8888592426,dota2-vg-ts8-2026-07-09-game2,2026-07-09T16:59:54.115000+00:00,-8.349100000000021,0.8770491525,-7.472050847500022
2,8888682602,dota2-og-ic-2026-07-09-game1,2026-07-09T17:53:01.981000+00:00,-25.96029999999999,2.6268732674999997,-23.33342673249999
2,8888693655,dota2-vp-ty-2026-07-09-game1,2026-07-09T18:07:57.629000+00:00,0.0,0.35999568000000004,0.35999568000000004
2,8888731478,dota2-lgd-1win-2026-07-09-game1,2026-07-09T18:35:20.326000+00:00,11.39618430999996,1.2100914694282499,12.60627577942821
2,8888771711,dota2-og-ic-2026-07-09-game2,2026-07-09T19:04:50.495000+00:00,0.0,0.0,0.0
2,8888819433,dota2-lgd-1win-2026-07-09-game2,2026-07-09T19:41:02.532000+00:00,0.0,0.9359999999999999,0.9359999999999999
2,8889452921,dota2-re-gl-2026-07-10-game1,2026-07-10T09:17:34.068000+00:00,43.636799999999994,1.27801278,44.91481277999999
2,8889468264,dota2-xtreme-bb4-2026-07-10-game1,2026-07-10T09:26:30.741000+00:00,-1.7821999999999782,0.9996156449999999,-0.7825843549999784
2,8889513730,dota2-poorra-flc-2026-07-10-game2,2026-07-10T10:17:36.842000+00:00,0.0,0.23906249999999998,0.23906249999999998
2,8889524021,dota2-xtreme-bb4-2026-07-10-game2,2026-07-10T10:37:39.793000+00:00,0.0019714200000180426,0.6632900936145,0.665261513614518
2,8889538949,dota2-re-gl-2026-07-10-game2,2026-07-10T10:40:57.402000+00:00,-47.66079999999991,2.0804422799999998,-45.58035771999991
2,8889615310,dota2-l1ga-liquid-2026-07-10-game1,2026-07-10T11:48:20.990000+00:00,7.466834259999985,0.5647211049465,8.031555364946485
2,8889621582,dota2-aur1-playti-2026-07-10-game1,2026-07-10T11:57:42.116000+00:00,-41.269800000000004,1.150236945,-40.119563055
2,8889699098,dota2-l1ga-liquid-2026-07-10-game2,2026-07-10T12:46:15.831000+00:00,0.0,0.0,0.0
2,8889733840,dota2-aur1-playti-2026-07-10-game2,2026-07-10T13:14:22.837000+00:00,-77.64530000000002,2.6873379825,-74.95796201750002
2,8889871314,dota2-nem-vg-2026-07-10-game1,2026-07-10T14:27:52.631000+00:00,-4.563199999999995,1.3615275599999999,-3.201672439999995
2,8889914618,dota2-pari-mouz-2026-07-10-game1,2026-07-10T14:59:49.254000+00:00,-13.793399999999991,1.090343385,-12.70305661499999
2,8889944251,dota2-rnx-ts8-2026-07-10-game1,2026-07-10T15:15:29.857000+00:00,8.888799999999947,0.24399756000000006,9.132797559999947
2,8890008812,dota2-nem-vg-2026-07-10-game2,2026-07-10T15:49:04.827000+00:00,41.136499999999984,0.8393777775,41.97587777749998
2,8890036748,dota2-pari-mouz-2026-07-10-game2,2026-07-10T16:15:07.698000+00:00,0.0,0.0,0.0
2,8890074597,dota2-rnx-ts8-2026-07-10-game2,2026-07-10T16:28:42.555000+00:00,0.0,0.0,0.0
2,8890179830,dota2-lgd-ty-2026-07-10-game1,2026-07-10T17:38:53.401000+00:00,25.7466,0.18553688999999998,25.932136890000002
2,8890270555,dota2-1win-og-2026-07-10-game2,2026-07-10T18:36:26.467000+00:00,0.0,0.0,0.0
2,8890268632,dota2-lgd-ty-2026-07-10-game2,2026-07-10T18:43:14.663000+00:00,0.7783999999999871,0.776557485,1.5549574849999872
2,8890301402,dota2-ic-vp-2026-07-10-game2,2026-07-10T18:52:09.717000+00:00,0.0,0.0,0.0
2,8891108843,dota2-poorra-re-2026-07-11-game1,2026-07-11T09:15:44.932000+00:00,40.816,1.5054981600000001,42.321498160000004
2,8891108985,dota2-bb4-gl-2026-07-11-game1,2026-07-11T09:17:06.187000+00:00,8.82359999999997,0.93419865,9.757798649999971
2,8891145641,dota2-xtreme-flc-2026-07-11-game1,2026-07-11T09:30:07.111000+00:00,0.0,0.0,0.0
2,8891217710,dota2-poorra-re-2026-07-11-game2,2026-07-11T10:44:50.172000+00:00,-69.4942007,2.5504065426375,-66.94379415736249
2,8891240327,dota2-xtreme-flc-2026-07-11-game2,2026-07-11T11:01:14.698000+00:00,7.117200000000004,1.9989237299999998,9.116123730000004
2,8891325877,dota2-l1ga-lvlup1-2026-07-11-game1,2026-07-11T12:09:46.181000+00:00,-15.74230200000003,1.8673160587499997,-13.874985941250031
2,8891349244,dota2-playti-ngx-2026-07-11-game1,2026-07-11T12:27:52.369000+00:00,22.676999999999992,3.4350869250000002,26.112086924999993
2,8891371442,dota2-aur1-liquid-2026-07-11-game1,2026-07-11T12:43:19.319000+00:00,1.2600000000000051,0.44292149999999997,1.702921500000005
2,8891438996,dota2-l1ga-lvlup1-2026-07-11-game2,2026-07-11T13:19:40.554000+00:00,41.9171,1.8747942374999997,43.791894237499996
2,8891497910,dota2-aur1-liquid-2026-07-11-game2,2026-07-11T13:53:37.287000+00:00,2.3400000000000016,0.08203649999999998,2.4220365000000017
2,8891519142,dota2-playti-ngx-2026-07-11-game2,2026-07-11T14:08:43.754000+00:00,-37.127999999999965,1.24926426,-35.87873573999997
2,8892829232,dota2-mouz-vg-2026-07-12-game1,2026-07-12T09:15:57.248000+00:00,-22.729200000000006,0.41682312,-22.312376880000006
2,8892835652,dota2-rnx-nem-2026-07-12-game1,2026-07-12T09:19:01.546000+00:00,-9.624800000000029,1.4694504,-8.15534960000003
2,8892836635,dota2-pari-ts8-2026-07-12-game1,2026-07-12T09:26:06.808000+00:00,-7.25859999999999,4.627861395,-2.6307386049999897
2,8892923329,dota2-mouz-vg-2026-07-12-game2,2026-07-12T10:25:59.512000+00:00,-5.211501020000011,1.9225504992104998,-3.288950520789511
2,8892914077,dota2-pari-ts8-2026-07-12-game2,2026-07-12T10:31:28.406000+00:00,2.6507882000000222,0.9184693148699999,3.569257514870022
2,8892958964,dota2-rnx-nem-2026-07-12-game2,2026-07-12T10:53:08.655000+00:00,-99.79900000000002,2.506329255,-97.29267074500002
2,8893070561,dota2-1win-ty-2026-07-12-game1,2026-07-12T12:14:45.162000+00:00,3.383599999999987,1.44089175,4.8244917499999875
2,8893106015,dota2-og-vp-2026-07-12-game1,2026-07-12T12:36:42.440000+00:00,0.38999999999998636,0.97275006,1.3627500599999864
2,8893165071,dota2-1win-ty-2026-07-12-game2,2026-07-12T13:18:20.777000+00:00,-29.40803783999999,1.224419183928,-28.183618656071992
2,8893253595,dota2-og-vp-2026-07-12-game2,2026-07-12T13:56:28.498000+00:00,1.0412739999999983,0.1942154136,1.2354894135999983
2,8896139222,dota2-re-vp-2026-07-14-game1,2026-07-14T11:15:10.363000+00:00,4.789999999999999,1.79565375,6.585653749999999
2,8896140998,dota2-liquid-xtreme-2026-07-14-game1,2026-07-14T11:24:31.795000+00:00,-23.14005552000007,2.601868913232,-20.538186606768072
2,8896234088,dota2-re-vp-2026-07-14-game2,2026-07-14T12:30:48.003000+00:00,-11.868000000000027,0.82686546,-11.041134540000026
2,8896267691,dota2-liquid-xtreme-2026-07-14-game2,2026-07-14T13:05:08.216000+00:00,-3.2786999999999864,1.1751680475000001,-2.1035319524999863
2,8896380183,dota2-re-vp-2026-07-14,2026-07-14T14:02:34.965000+00:00,-59.5899,1.6799822625,-57.9099177375
2,8896486914,dota2-liquid-xtreme-2026-07-14,2026-07-14T15:13:00.049000+00:00,-7.084200000000019,1.3509559050000002,-5.7332440950000185
2,8896645659,dota2-lgd-mouz-2026-07-14-game1,2026-07-14T16:55:49.823000+00:00,0.1612,0.022656660000000002,0.18385666
2,8896731473,dota2-lgd-mouz-2026-07-14-game2,2026-07-14T18:02:11.857000+00:00,-2.63160000000002,0.73007163,-1.9015283700000203
2,8897585705,dota2-aur1-re-2026-07-15-game1,2026-07-15T11:19:40.513000+00:00,-4.588805919999999,0.4440920337840001,-4.144713886215999
2,8897588873,dota2-ts8-liquid-2026-07-15-game1,2026-07-15T11:25:30.473000+00:00,-48.39720000000005,4.18023711,-44.21696289000005
2,8897695379,dota2-aur1-re-2026-07-15-game2,2026-07-15T12:41:48.340000+00:00,-4.5978000000000065,0.41483650499999997,-4.182963495000006
2,8897696869,dota2-ts8-liquid-2026-07-15-game2,2026-07-15T12:54:25.976000+00:00,17.676283350000034,5.0861502336937505,22.762433583693785
2,8897831774,dota2-ts8-liquid-2026-07-15,2026-07-15T14:13:24.528000+00:00,-2.842170943040401e-14,0.93001581,0.9300158099999716
2,8897841991,dota2-1win-vg-2026-07-15-game1,2026-07-15T14:22:22.284000+00:00,0.0,0.6899993099999999,0.6899993099999999
2,8897971312,dota2-1win-vg-2026-07-15-game2,2026-07-15T15:33:39.656000+00:00,-4.623899999999992,0.8935712325,-3.7303287674999916
2,8898003442,dota2-bb4-lgd-2026-07-15-game1,2026-07-15T15:56:58.589000+00:00,-0.75,0.09155625,-0.65844375
2,8898084910,dota2-1win-vg-2026-07-15,2026-07-15T16:49:08.935000+00:00,6.854700000000005,2.2696603425000004,9.124360342500005
2,8898117600,dota2-bb4-lgd-2026-07-15-game2,2026-07-15T17:15:52.403000+00:00,36.83537334999997,0.8249502069112498,37.660323556911216
2,8899028080,dota2-ty-ts8-2026-07-17-game1,2026-07-16T11:25:22.617000+00:00,-15.384500000000003,1.0788380624999998,-14.305661937500004
2,8899120700,dota2-ty-ts8-2026-07-17-game2,2026-07-16T12:44:26.752000+00:00,-48.484999999999985,2.85341325,-45.63158674999998
2,8899307453,dota2-pari-re-2026-07-17-game1,2026-07-16T14:36:23.407000+00:00,-0.5999999999999996,0.03852,-0.5614799999999996
2,8899420575,dota2-pari-re-2026-07-17-game2,2026-07-16T15:46:28.167000+00:00,-9.876400000000018,0.6129540749999999,-9.263445925000019
2,8900508749,dota2-flc-vg-2026-07-16-game1,2026-07-17T11:21:46.405000+00:00,-10.298900800000006,0.88942995582,-9.409470844180005
2,8900623530,dota2-flc-vg-2026-07-16-game2,2026-07-17T12:54:30.551000+00:00,-37.24319999999999,3.6971882099999998,-33.54601178999999
2,8900771154,dota2-ngx-bb4-2026-07-16-game1,2026-07-17T14:28:08.196000+00:00,3.042400000000015,0.42760932,3.470009320000015
2,8900882416,dota2-ngx-bb4-2026-07-16-game2,2026-07-17T15:33:10.588000+00:00,0.0,0.0,0.0
2,8902107148,dota2-bb4-vg-2026-07-18-game1,2026-07-18T11:22:02.020000+00:00,1.75,0.06283125,1.81283125
2,8902173969,dota2-bb4-vg-2026-07-18-game2,2026-07-18T12:21:15.910000+00:00,0.4167999999999843,0.5570697600000001,0.9738697599999844
2,8902338515,dota2-ty-pari-2026-07-18-game1,2026-07-18T14:06:38.308000+00:00,4.16569942000001,1.5609461602815,5.7266455802815095
2,8902431810,dota2-ty-pari-2026-07-18-game2,2026-07-18T15:09:37.865000+00:00,13.515800000000041,4.293504854999999,17.80930485500004
2,8902610619,dota2-ty-pari-2026-07-18,2026-07-18T16:48:06.686000+00:00,52.468249000000014,4.985302798049999,57.453551798050015
2,8903705555,dota2-vg-ty-2026-07-19-game1,2026-07-19T10:24:33.152000+00:00,35.94000000000001,0.39687449999999996,36.336874500000015
2,8903789784,dota2-vg-ty-2026-07-19-game2,2026-07-19T11:31:19.185000+00:00,2.25,0.06665624999999999,2.31665625
2,8904012666,dota2-bb4-pari-2026-07-19-game1,2026-07-19T13:57:51.853000+00:00,63.64760000000001,1.14295755,64.79055755000002
2,8904157676,dota2-bb4-pari-2026-07-19-game2,2026-07-19T15:17:11.337000+00:00,-7.660600000000024,1.622598525,-6.038001475000024
2,8904322271,dota2-bb4-pari-2026-07-19-game3,2026-07-19T16:52:33.960000+00:00,-23.516400000000033,2.996962605,-20.519437395000033
2,8904419709,dota2-bb4-pari-2026-07-19-game4,2026-07-19T18:05:14.511000+00:00,3.550499999999982,1.4328160424999998,4.983316042499982
2,8905035315,dota2-stx-lynx-2026-07-20-game1,2026-07-20T07:25:19.610000+00:00,0.13000000000000078,0.04133025,0.1713302500000008
2,8905093611,dota2-stx-lynx-2026-07-20-game2,2026-07-20T08:36:36.644000+00:00,16.634030329999987,0.6719930003392499,17.306023330339237
2,8905164476,dota2-stx-lynx-2026-07-20,2026-07-20T10:04:24.370000+00:00,60.06954751999996,1.71569156976,61.785239089759955
2,8905233934,dota2-lynx-pckcp-2026-07-20-game1,2026-07-20T11:15:17.947000+00:00,37.69860632000001,1.065145057668,38.76375137766801
2,8905359313,dota2-lynx-pckcp-2026-07-20-game2,2026-07-20T12:49:30.119000+00:00,-10.099999999999973,1.0592595,-9.040740499999973
2,8905490238,dota2-z10-nemiga-2026-07-20-game1,2026-07-20T14:13:02.081000+00:00,-5.771399999999991,0.738615825,-5.032784174999991
2,8905612460,dota2-z10-nemiga-2026-07-20-game2,2026-07-20T15:25:40.567000+00:00,7.585399999999993,1.1302559699999999,8.715655969999993
2,8905741721,dota2-spirit1-jenz-2026-07-20-game1,2026-07-20T16:55:30.580000+00:00,3.389800000000008,1.2251584649999998,4.614958465000008
2,8905885788,dota2-spirit1-jenz-2026-07-20-game2,2026-07-20T18:35:45.253000+00:00,3.278500000000003,0.08648768249999998,3.364987682500003
2,8905975768,dota2-lvlup1-ill-2026-07-20-game1,2026-07-20T19:45:16.612000+00:00,3.513477399999985,1.377517971345,4.890995371344985
2,8906069414,dota2-lvlup1-ill-2026-07-20-game2,2026-07-20T20:59:36.536000+00:00,-10.390399999999977,1.684449675,-8.705950324999977
2,8906479441,dota2-nemiga-dan-2026-07-21-game1,2026-07-21T07:24:02.590000+00:00,16.000812370000034,0.6828048148522499,16.683617184852285
2,8906547471,dota2-nemiga-dan-2026-07-21-game2,2026-07-21T08:48:51.736000+00:00,21.512099999999993,0.9715660874999998,22.483666087499994
2,8906626852,dota2-pckcp-stx-2026-07-21-game1,2026-07-21T10:17:03.931000+00:00,-15.059000000000047,0.7665389999999999,-14.292461000000047
2,8906706819,dota2-pckcp-stx-2026-07-21-game2,2026-07-21T11:28:10.072000+00:00,3.076899999999995,1.0428383324999997,4.1197383324999945
2,8906814740,dota2-pckcp-stx-2026-07-21,2026-07-21T12:50:32.182000+00:00,-10.342099999999967,1.0320482325,-9.310051767499967
2,8906911697,dota2-lynx-spirit1-2026-07-21-game1,2026-07-21T14:01:22.509000+00:00,-0.1299999999999999,0.04616625,-0.0838337499999999
2,8907021823,dota2-lynx-spirit1-2026-07-21-game2,2026-07-21T14:54:33.550000+00:00,-3.2663000000000153,1.5271275675,-1.7391724325000153
2,8907114935,dota2-lynx-spirit1-2026-07-21,2026-07-21T15:55:17.448000+00:00,-0.28000000000000824,1.131651,0.8516509999999917
2,8907236730,dota2-jenz-lynx-2026-07-21-game1,2026-07-21T17:22:36.365000+00:00,0.0,0.0,0.0
2,8907319204,dota2-jenz-lynx-2026-07-21-game2,2026-07-21T18:19:16.673000+00:00,-40.189255949999946,0.85293616293375,-39.336319787066195
2,8907510684,dota2-z10-aion-2026-07-21-game2,2026-07-21T20:45:41.820000+00:00,0.0,0.0,0.0
2,8907942033,dota2-ill-dan-2026-07-22-game1,2026-07-22T07:18:07.776000+00:00,0.0,0.0,0.0
2,8907997366,dota2-ill-dan-2026-07-22-game2,2026-07-22T08:30:21.640000+00:00,13.303999999999984,0.7309843199999999,14.034984319999984
2,8908178087,dota2-nemiga-aion-2026-07-22-game2,2026-07-22T11:35:02.272000+00:00,-0.3199999999999994,0.01842,-0.3015799999999994
2,8908313996,dota2-stx-spirit1-2026-07-22-game1,2026-07-22T13:26:43.307000+00:00,-0.7704624800000026,0.117676450386,-0.6527860296140027
2,8908486051,dota2-stx-spirit1-2026-07-22-game2,2026-07-22T15:03:55.390000+00:00,23.78468592999998,0.79120531187025,24.57589124187023
2,8908612824,dota2-stx-spirit1-2026-07-22,2026-07-22T16:27:56.948000+00:00,9.139262289999989,1.04852149782075,10.187783787820738
2,8908710300,dota2-z10-lvlup1-2026-07-22-game1,2026-07-22T17:40:32.974000+00:00,-34.7072,2.6356825799999997,-32.07151742
2,8908926344,dota2-z10-lvlup1-2026-07-22,2026-07-22T20:21:42.790000+00:00,22.84963807999995,1.389305691384,24.238943771383948
2,8909388284,dota2-dan-z10-2026-07-23-game1,2026-07-23T07:17:23.633000+00:00,0.0,0.0,0.0
2,8909443684,dota2-dan-z10-2026-07-23-game2,2026-07-23T08:24:14.078000+00:00,13.043399999999963,1.624881555,14.668281554999963
2,8909498494,dota2-dan-z10-2026-07-23,2026-07-23T09:35:42.112000+00:00,-1.8779999999999966,0.13052601,-1.7474739899999965
2,8909658828,dota2-spirit1-pckcp-2026-07-23-game2,2026-07-23T11:56:35.158000+00:00,-8.77680079999999,1.08557171676,-7.691229083239989
2,8909780227,dota2-spirit1-pckcp-2026-07-23,2026-07-23T13:29:29.880000+00:00,-0.83329999999998,1.5594499875,0.7261499875000201
2,8910104556,dota2-jenz-kw1-2026-07-23-game2,2026-07-23T16:47:57.620000+00:00,-0.08809999999999718,0.4271949525,0.3390949525000028
2,8910216725,dota2-jenz-kw1-2026-07-23,2026-07-23T18:09:02.529000+00:00,1.8714000000000084,0.803255265,2.674655265000008
2,8910344715,dota2-lvlup1-aion-2026-07-23-game1,2026-07-23T19:45:58.831000+00:00,0.0,0.0,0.0
2,8910461593,dota2-lvlup1-aion-2026-07-23-game2,2026-07-23T21:18:59.726000+00:00,0.0,0.0,0.0
2,8910535715,dota2-lvlup1-aion-2026-07-23,2026-07-23T22:37:28.157000+00:00,0.24325208000000087,0.031705082207999995,0.27495716220800087
2,8910589445,dota2-nemiga-ill-2026-07-23-game1,2026-07-23T23:33:41.369000+00:00,7.472600000000025,2.6957651099999995,10.168365110000025
2,8910670427,dota2-nemiga-ill-2026-07-23,2026-07-24T01:26:47.762000+00:00,-1.2454000000000178,3.26265588,2.0172558799999822
2,8910982575,dota2-aion-dan-2026-07-24-game2,2026-07-24T08:39:31.809000+00:00,0.0,0.0,0.0
2,8911277378,dota2-kw1-stx-2026-07-24-game2,2026-07-24T13:08:23.857000+00:00,-3.540906399999983,1.2164903229,-2.324416077099983
2,8911784562,dota2-z10-ill-2026-07-24-game1,2026-07-24T18:00:21.302000+00:00,-0.5,0.779131875,0.27913187500000003
2,8911916389,dota2-z10-ill-2026-07-24-game2,2026-07-24T19:32:36.981000+00:00,0.0,0.0,0.0
2,8912045230,dota2-nemiga-lvlup1-2026-07-24-game1,2026-07-24T21:05:49.488000+00:00,0.6207999999999885,2.6175186,3.2383185999999884
2,8912123729,dota2-nemiga-lvlup1-2026-07-24-game2,2026-07-24T22:15:39.296000+00:00,0.0,0.0,0.0
2,8912551235,dota2-ill-aion-2026-07-25-game1,2026-07-25T07:19:52.253000+00:00,0.0,0.0,0.0
2,8912622476,dota2-ill-aion-2026-07-25-game2,2026-07-25T08:27:06.996000+00:00,11.35536116000003,0.572744260953,11.92810542095303
2,8912758286,dota2-pckcp-jenz-2026-07-22-game1,2026-07-25T10:25:45.605000+00:00,0.0,0.0,0.0
2,8912831712,dota2-pckcp-jenz-2026-07-22-game2,2026-07-25T11:23:26.682000+00:00,-3.1574000000000098,1.321260195,-1.8361398050000097
2,8912974141,dota2-pckcp-jenz-2026-07-22,2026-07-25T13:02:19.241000+00:00,-13.789027710000013,1.49621501485275,-12.292812695147264
2,8913307206,dota2-kw1-pckcp-2026-07-25-game1,2026-07-25T16:28:48.834000+00:00,0.0,0.0,0.0
2,8913598312,dota2-lynx-kw1-2026-07-25-game1,2026-07-25T19:28:05.257000+00:00,-4.2675006400000015,1.496890010004,-2.7706106299960016
2,8913726962,dota2-lynx-kw1-2026-07-25-game2,2026-07-25T20:57:15.562000+00:00,-20.218400000000003,1.24483773,-18.973562270000002
2,8913824141,dota2-lynx-kw1-2026-07-25,2026-07-25T22:21:39.642000+00:00,-12.907200000000053,4.36982604,-8.537373960000053
2,8914414410,dota2-nemiga-ill-2026-07-26-game1,2026-07-26T09:26:59.644000+00:00,-66.16435560000002,1.0317892044,-65.13256639560002
2,8914520562,dota2-nemiga-ill-2026-07-26-game2,2026-07-26T10:41:21.923000+00:00,-12.053200000000002,1.3653998399999998,-10.687800160000002
2,8914637220,dota2-nemiga-ill-2026-07-26,2026-07-26T12:04:18.708000+00:00,52.500399999999985,1.34981859,53.85021858999998
2,8914749408,dota2-rearis-pckcp-2026-07-26-game1,2026-07-26T13:19:34.036000+00:00,13.328699999999998,0.7262345474999999,14.054934547499998
2,8914885598,dota2-rearis-pckcp-2026-07-26-game2,2026-07-26T14:24:02.001000+00:00,49.64150000000001,0.30260808749999996,49.944108087500005
2,8915002841,dota2-kw1-rearis-2026-07-26-game1,2026-07-26T15:32:54.677000+00:00,-31.513079819999973,0.7323919712324999,-30.780687848767474
2,8915137972,dota2-kw1-rearis-2026-07-26-game2,2026-07-26T16:47:26.165000+00:00,0.3000000000000007,0.024412499999999993,0.3244125000000007
2,8915271266,dota2-jenz-stx-2026-07-26-game1,2026-07-26T18:26:53.337000+00:00,6.687899999999999,0.2589889275,6.946888927499999
2,8915390117,dota2-jenz-stx-2026-07-26-game2,2026-07-26T19:37:39.362000+00:00,0.5386000000000024,0.07957815,0.6181781500000024
2,8915498965,dota2-jenz-stx-2026-07-26,2026-07-26T20:57:43.107000+00:00,3.0679990399999966,0.12868274683199998,3.1966817868319968
2,8916041863,dota2-lvlup1-pckcp-2026-07-27-game1,2026-07-27T09:21:33.291000+00:00,1.7598000000000003,0.03708778499999999,1.7968877850000002
2,8916102349,dota2-lvlup1-pckcp-2026-07-27-game2,2026-07-27T10:12:46.876000+00:00,-0.25,0.73617,0.48617
2,8916245727,dota2-stx-nemiga-2026-07-27-game1,2026-07-27T12:25:46.061000+00:00,-1.157699999999977,0.6893782875,-0.4683217124999771
2,8916384577,dota2-stx-nemiga-2026-07-27-game2,2026-07-27T13:48:29.618000+00:00,22.095700000000026,4.071865327499999,26.167565327500025
2,8916474664,dota2-stx-nemiga-2026-07-27,2026-07-27T14:44:54.132000+00:00,-8.510599999999982,1.584886485,-6.925713514999982
2,8917611319,dota2-pr1-nemiga-2026-07-28-game2,2026-07-28T10:17:02.190000+00:00,18.36850000000001,0.5025637125,18.87106371250001
2,8917675823,dota2-pr1-nemiga-2026-07-28,2026-07-28T11:19:25.327000+00:00,50.833,0.62788125,51.46088125
2,8917738415,dota2-nh-pckcp-2026-07-28-game1,2026-07-28T12:16:10.015000+00:00,0.0,0.0,0.0
2,8917853656,dota2-nh-pckcp-2026-07-28-game2,2026-07-28T13:23:44.955000+00:00,-2.864233920000032,0.937956940536,-1.9262769794640322
2,8918052500,dota2-pckcp-kw1-2026-07-28-game1,2026-07-28T15:24:46.769000+00:00,14.285499999999985,0.8517729375,15.137272937499985
2,8918176547,dota2-pckcp-kw1-2026-07-28-game2,2026-07-28T16:37:04.197000+00:00,0.0,0.0,0.0
2,8919264561,dota2-rearis-z10-2026-07-29-game1,2026-07-29T12:23:03.580000+00:00,15.80040000000001,2.09954553,17.89994553000001
2,8919404744,dota2-rearis-z10-2026-07-29-game2,2026-07-29T13:48:28.368000+00:00,1.7136992600000056,0.3373478445585,2.0510471045585055
2,8919546613,dota2-amaru-nemiga-2026-07-29-game1,2026-07-29T15:15:30.082000+00:00,0.0,0.0,0.0
2,8919685210,dota2-amaru-nemiga-2026-07-29-game2,2026-07-29T16:34:50.427000+00:00,-2.1558006200000044,0.2843802420705,-1.8714203779295044
2,8919803916,dota2-amaru-nemiga-2026-07-29,2026-07-29T18:02:17.532000+00:00,58.550660910000005,1.46136848838675,60.01202939838676
2,8920655724,dota2-pckcp-z10-2026-07-30-game2,2026-07-30T10:32:16.617000+00:00,0.0,0.0,0.0
2,8920897425,dota2-lvlup1-z10-2026-07-30-game2,2026-07-30T13:37:44.606000+00:00,-55.21440000000001,3.0239627249999996,-52.190437275000015
2,8921002620,dota2-lvlup1-z10-2026-07-30,2026-07-30T14:47:46.063000+00:00,42.19830000000002,2.7587311574999993,44.95703115750002
2,8921162227,dota2-amaru-pr1-2026-07-30-game1,2026-07-30T16:32:24.441000+00:00,28.20689999999999,1.0923122025,29.29921220249999
2,8921281044,dota2-amaru-pr1-2026-07-30-game2,2026-07-30T17:34:28.519000+00:00,0.0,0.0,0.0
2,8921949036,dota2-re-midas3-2026-07-31-game1,2026-07-31T06:23:42.906000+00:00,-7.031600000000001,1.021740225,-6.009859775000001
2,8922016200,dota2-re-midas3-2026-07-31-game2,2026-07-31T07:39:14.850000+00:00,0.0,1.1999879999999998,1.1999879999999998
2,8922074642,dota2-vg-amaru-2026-07-31-game1,2026-07-31T08:46:41.467000+00:00,-27.982799999999997,0.5450085,-27.437791499999996
2,8922137329,dota2-vg-amaru-2026-07-31-game2,2026-07-31T09:48:16.177000+00:00,0.3000000000000007,0.0291825,0.3291825000000007
2,8922133239,dota2-tr7-playti-2026-07-31-game1,2026-07-31T09:57:34.446000+00:00,-8.346183699999962,1.5845409672375,-6.761642732762462
2,8922186876,dota2-vg-amaru-2026-07-31,2026-07-31T10:40:33.810000+00:00,10.256399999999985,0.61384554,10.870245539999985
2,8922211678,dota2-tr7-playti-2026-07-31-game2,2026-07-31T11:00:53.806000+00:00,-7.6296000000000035,1.02982962,-6.599770380000003
2,8922300474,dota2-enjoy-glyph-2026-07-31-game1,2026-07-31T12:14:29.331000+00:00,-9.09099999999998,1.67047125,-7.4205287499999795
2,8922339160,dota2-l1ga-rnx-2026-07-31-game1,2026-07-31T12:44:09.822000+00:00,10.748000000000005,2.1637884,12.911788400000004
2,8922400300,dota2-enjoy-glyph-2026-07-31-game2,2026-07-31T13:24:39.311000+00:00,0.0,1.6199902800000001,1.6199902800000001
2,8922433138,dota2-l1ga-rnx-2026-07-31-game2,2026-07-31T13:42:06.325000+00:00,-25.69049999999997,0.9310437524999999,-24.759456247499973
2,8922552315,dota2-l1ga-rnx-2026-07-31,2026-07-31T14:55:23.609000+00:00,2.070449000000025,1.2876763918499998,3.3581253918500247
2,8922602122,dota2-yb1-z10-2026-07-31-game1,2026-07-31T15:28:08.646000+00:00,-3.678699999999992,1.1757080475000001,-2.502991952499992
2,8922722577,dota2-yb1-z10-2026-07-31-game2,2026-07-31T16:35:25.057000+00:00,-10.137200000000007,1.027425615,-9.109774385000007
2,8922818221,dota2-xtreme-lgd-2026-07-31-game1,2026-07-31T17:51:24.199000+00:00,-10.075120800000064,1.6681397667600002,-8.406981033240065
2,8922940920,dota2-xtreme-lgd-2026-07-31-game2,2026-07-31T19:09:48.720000+00:00,-5.201000500000003,0.17549474737499998,-5.025505752625003
2,8923040358,dota2-xtreme-lgd-2026-07-31,2026-07-31T20:28:40.570000+00:00,-8.147400000000005,1.152829875,-6.9945701250000045
2,8923506996,dota2-midas3-tr7-2026-08-01-game1,2026-08-01T05:43:01.223000+00:00,-0.15149999999999952,0.0547558875,-0.09674411249999952
2,8923579943,dota2-midas3-tr7-2026-08-01-game2,2026-08-01T07:02:32.143000+00:00,-51.179299999999984,1.3691433375,-49.810156662499985
2,8923643650,dota2-midas3-tr7-2026-08-01,2026-08-01T08:08:01.087000+00:00,-10.526400000000024,1.8394884,-8.686911600000023
2,8923704450,dota2-yes-vg-2026-08-01-game1,2026-08-01T09:01:56.739000+00:00,0.0,0.9600076799999999,0.9600076799999999
2,8923780137,dota2-re-playti-2026-08-01-game1,2026-08-01T10:09:39.721000+00:00,1.799999999999999,0.074205,1.874204999999999
2,8923790600,dota2-yes-vg-2026-08-01-game2,2026-08-01T10:14:11.317000+00:00,23.912384179999947,0.643430499711,24.555814679710945
2,8923874259,dota2-re-playti-2026-08-01-game2,2026-08-01T11:26:12.956000+00:00,2.0118999999999994,0.5278538175,2.5397538174999994
2,8923899787,dota2-enjoy-yb1-2026-08-01-game1,2026-08-01T11:45:49.553000+00:00,-32.000000000000014,0.64089,-31.359110000000015
2,8924057168,dota2-l1ga-lgd-2026-08-01-game1,2026-08-01T13:34:16.709000+00:00,0.0,0.0,0.0
2,8924222714,dota2-l1ga-lgd-2026-08-01-game2,2026-08-01T15:02:43.462000+00:00,0.0,0.0,0.0
2,8924328537,dota2-glyph-z10-2026-08-01-game1,2026-08-01T15:59:42.950000+00:00,26.00229999999997,2.0309930775,28.03329307749997
2,8924367779,dota2-l1ga-lgd-2026-08-01,2026-08-01T16:23:12.450000+00:00,-31.85314886000002,0.635369599089,-31.21777926091102
2,8924468754,dota2-glyph-z10-2026-08-01-game2,2026-08-01T17:25:49.795000+00:00,5.476799999999994,0.19353779999999998,5.670337799999993
2,8924530036,dota2-rnx-xtreme-2026-08-01-game1,2026-08-01T18:06:50.164000+00:00,2.810936510000019,1.6698827737297501,4.480819283729769
2,8924616191,dota2-rnx-xtreme-2026-08-01-game2,2026-08-01T19:06:22.446000+00:00,52.789500000000004,1.3291550175,54.118655017500004
2,8925210898,dota2-playti-xctn-2026-08-02-game1,2026-08-02T05:28:20.542000+00:00,0.0,0.0,0.0
2,8925308090,dota2-playti-xctn-2026-08-02-game2,2026-08-02T07:03:47.891000+00:00,-0.1599999999999966,0.9604156799999999,0.8004156800000033
2,8925543582,dota2-yes-tr7-2026-08-02-game1,2026-08-02T10:44:16.945000+00:00,0.2699999999999987,0.07554225,0.3455422499999987
2,8925703946,dota2-yes-tr7-2026-08-02-game2,2026-08-02T11:58:57.158000+00:00,0.0,0.0,0.0
2,8925847726,dota2-yes-tr7-2026-08-02,2026-08-02T13:17:43.701000+00:00,10.020199999999965,1.042991775,11.063191774999964
2,8926022375,dota2-rnx-yb1-2026-08-02-game1,2026-08-02T15:09:53.856000+00:00,54.67938168000002,2.6860994095439996,57.36548108954402
2,8926232913,dota2-rnx-yb1-2026-08-02-game2,2026-08-02T16:42:19.665000+00:00,7.017600000000016,1.2815892,8.299189200000015
2,8926381426,dota2-rnx-yb1-2026-08-02,2026-08-02T18:14:10.009000+00:00,0.4706000000000081,0.7126541249999999,1.183254125000008
2,8926523280,dota2-z10-lgd-2026-08-02-game1,2026-08-02T19:59:32.068000+00:00,0.0,0.0,0.0
2,8926636219,dota2-z10-lgd-2026-08-02-game2,2026-08-02T21:07:31.416000+00:00,0.0,0.0,0.0
2,8927063876,dota2-glyph-playti-2026-08-03-game2,2026-08-03T06:55:36.873000+00:00,110.22169999999997,3.4634113574999996,113.68511135749996
2,8927132943,dota2-glyph-playti-2026-08-03,2026-08-03T08:27:35.152000+00:00,-13.198244439999996,1.215821026488,-11.982423413511997
2,8927207054,dota2-xtreme-tr7-2026-08-03-game1,2026-08-03T10:00:05.212000+00:00,11.22359999999997,1.11122865,12.334828649999968
2,8927288399,dota2-xtreme-tr7-2026-08-03-game2,2026-08-03T11:00:48.642000+00:00,-1.78110000000002,2.6031861825,0.8220861824999801
2,8927380776,dota2-xtreme-tr7-2026-08-03,2026-08-03T12:15:30.661000+00:00,33.468599999999924,2.902525035,36.37112503499992
2,8927539264,dota2-vg-yb1-2026-08-03-game1,2026-08-03T14:05:56.825000+00:00,81.6901,0.7438497825000001,82.43394978250001
2,8927660975,dota2-vg-yb1-2026-08-03-game2,2026-08-03T15:05:20.968000+00:00,10.224799999999988,0.8035452,11.028345199999988
2,8927760296,dota2-vg-yb1-2026-08-03,2026-08-03T16:18:19.713000+00:00,49.58380000000005,3.3124043249999997,52.896204325000056
2,8927926397,dota2-re-lgd-2026-08-03-game1,2026-08-03T18:09:03.381000+00:00,12.855399999999989,1.0169643449999999,13.872364344999989
2,8928050264,dota2-re-lgd-2026-08-03-game2,2026-08-03T19:19:18.313000+00:00,0.2676000000000016,1.088573085,1.3561730850000016
2,8928163118,dota2-re-lgd-2026-08-03,2026-08-03T20:43:38.722000+00:00,-36.190200000000004,2.3504152049999996,-33.83978479500001
2,8928851109,dota2-playti-tr7-2026-08-04-game1,2026-08-04T11:30:07.829000+00:00,0.33999999999999986,0.059414999999999996,0.39941499999999985
2,8928953683,dota2-playti-tr7-2026-08-04-game2,2026-08-04T12:46:11.879000+00:00,15.329015599999991,3.4176441343199997,18.74665973431999
2,8929124210,dota2-yb1-re-2026-08-04-game1,2026-08-04T14:38:55.576000+00:00,1.651756480000003,0.607615734648,2.2593722146480033
2,8929276426,dota2-yb1-re-2026-08-04-game2,2026-08-04T15:54:25.550000+00:00,0.9999994300000001,0.00442499747775,1.00442442747775
2,8929365099,dota2-yb1-re-2026-08-04,2026-08-04T16:51:08.308000+00:00,16.21751820000003,1.9179671003999998,18.135485300400028
2,8930200713,dota2-tr7-re-2026-08-05-game1,2026-08-05T08:20:38.811000+00:00,0.0,0.0,0.0
2,8930258778,dota2-tr7-re-2026-08-05-game2,2026-08-05T09:25:42.941000+00:00,22.799999999999997,3.08543724,25.885437239999998
2,8930398938,dota2-playti-yb1-2026-08-05-game1,2026-08-05T12:24:04.133000+00:00,3.6560989999999975,3.8449324099499997,7.501031409949997
2,8930615242,dota2-playti-yb1-2026-08-05-game2,2026-08-05T14:02:56.166000+00:00,89.643,0.886708005,90.529708005
2,8930736914,dota2-playti-yb1-2026-08-05-game3,2026-08-05T15:09:49.519000+00:00,0.0,0.3526875,0.3526875
2,8931781241,dota2-lvlup1-rearis-2026-08-06-game1,2026-08-06T09:28:03.156000+00:00,-5.626400449999998,0.09260131267125,-5.5337991373287485
2,8931852727,dota2-lvlup1-rearis-2026-08-06-game2,2026-08-06T10:30:33.624000+00:00,-2.461846590000034,0.67152575546325,-1.790320834536784
2,8931981851,dota2-rearis-nh-2026-08-06-game1,2026-08-06T12:26:15.226000+00:00,0.0,0.0,0.0
2,8932085762,dota2-rearis-nh-2026-08-06-game2,2026-08-06T13:20:21.204000+00:00,6.958199999999999,0.15564305999999997,7.113843059999999
2,8932181345,dota2-rearis-nh-2026-08-06,2026-08-06T14:22:22.478000+00:00,1.4210854715202004e-14,0.26596674,0.2659667400000142
2,8932318084,dota2-nh-lvlup1-2026-08-06-game1,2026-08-06T15:34:15.395000+00:00,-0.6999999999999993,0.032182499999999996,-0.6678174999999993
2,8932413808,dota2-nh-lvlup1-2026-08-06-game2,2026-08-06T16:23:29.211000+00:00,0.0,0.0813618,0.0813618
2,8932523868,dota2-nh-lvlup1-2026-08-06,2026-08-06T17:36:18.454000+00:00,-14.19670000000005,1.4122099725,-12.78449002750005
2,8932657929,dota2-ill-pr1-2026-08-06-game1,2026-08-06T19:12:10.345000+00:00,-8.161404739999995,0.6829485222854998,-7.478456217714495
2,8932835800,dota2-ill-pr1-2026-08-06,2026-08-06T21:22:55.783000+00:00,-13.322400000000009,1.683558015,-11.63884198500001
2,8933374169,dota2-nh-z10-2026-08-07-game1,2026-08-07T09:29:47.916000+00:00,-7.518000000000001,0.10576215,-7.41223785
2,8933453728,dota2-nh-z10-2026-08-07-game2,2026-08-07T10:40:19.376000+00:00,0.0,0.0185625,0.0185625
2,8933575351,dota2-ill-stx-2026-08-07-game1,2026-08-07T12:33:02.695000+00:00,-64.06479999999996,1.70789343,-62.356906569999964
2,8933704579,dota2-ill-stx-2026-08-07-game2,2026-08-07T13:44:43.178000+00:00,-6.269999999999996,0.5859315,-5.684068499999996
2,8933879286,dota2-pr1-jenz-2026-08-07-game1,2026-08-07T15:25:51.002000+00:00,-46.02740000000004,1.561045605,-44.466354395000046
2,8933988979,dota2-pr1-jenz-2026-08-07-game2,2026-08-07T16:29:38.697000+00:00,16.33786363999999,1.397280731289,17.735144371288992
2,8934184387,dota2-jenz-nemiga-2026-08-07-game1,2026-08-07T18:35:03.983000+00:00,0.0,0.0,0.0
2,8934279386,dota2-jenz-nemiga-2026-08-07-game2,2026-08-07T19:33:30.612000+00:00,0.0,0.0,0.0
2,8936825643,dota2-pr1-yes-2026-08-09-game1,2026-08-09T09:22:32.992000+00:00,1.5913219200000004,0.19149881548799996,1.7828207354880004
2,8937080738,dota2-pr1-yes-2026-08-09,2026-08-09T12:20:23.208000+00:00,29.48462124,1.8595327476060002,31.344153987606
2,8937188618,dota2-lvlup1-mouz-2026-08-09-game1,2026-08-09T13:17:49.636000+00:00,-19.83830000000001,1.0324781025,-18.80582189750001
2,8937335830,dota2-lvlup1-mouz-2026-08-09-game2,2026-08-09T14:27:35.299000+00:00,-15.135999999999981,1.83420795,-13.301792049999982
2,8937484593,dota2-ill-re-2026-08-09-game1,2026-08-09T15:55:00.679000+00:00,-6.863399999999999,0.39953384999999997,-6.4638661499999985
2,8937631882,dota2-ill-re-2026-08-09-game2,2026-08-09T17:12:21.447000+00:00,1.5,0.030952499999999997,1.5309525
2,8937722788,dota2-z10-navi-2026-08-09-game1,2026-08-09T18:17:16.930000+00:00,-1.5846999999999998,0.0573540375,-1.5273459624999999
2,8938509987,dota2-pr1-mouz-2026-08-10-game1,2026-08-10T09:24:47.767000+00:00,-1.2000000000000028,0.108675,-1.0913250000000028
2,8938565057,dota2-pr1-mouz-2026-08-10-game2,2026-08-10T10:12:07.159000+00:00,-11.130699999999994,1.2730028625,-9.857697137499994
2,8938634026,dota2-pr1-mouz-2026-08-10,2026-08-10T11:15:54.851000+00:00,-9.940400760000017,1.1515477476059999,-8.788853012394018
2,8938716198,dota2-ill-z10-2026-08-10-game1,2026-08-10T12:25:50.383000+00:00,14.114172119999987,1.5429265470959999,15.657098667095987
2,8939023869,dota2-yes-lvlup1-2026-08-10-game1,2026-08-10T15:24:37.289000+00:00,19.99980000000008,1.1609883899999998,21.16078839000008
2,8940059913,dota2-lvlup1-navi-2026-08-11-game1,2026-08-11T09:16:02.605000+00:00,15.584399999999988,0.61986951,16.20426950999999
2,8940117837,dota2-lvlup1-navi-2026-08-11-game2,2026-08-11T10:12:11.551000+00:00,-8.79800062999999,0.45205334702324995,-8.34594728297674
2,8940266495,dota2-mouz-re-2026-08-11-game1,2026-08-11T12:16:13.042000+00:00,20.22979999999999,1.8908261549999998,22.12062615499999
2,8940365227,dota2-mouz-re-2026-08-11-game2,2026-08-11T13:12:04.281000+00:00,-7.614899999999999,0.7364162775,-6.878483722499999
2,8940487898,dota2-mouz-re-2026-08-11,2026-08-11T14:25:06.999000+00:00,0.19827343999999947,0.036718287647999996,0.23499172764799947
2,8940643574,dota2-yes-z10-2026-08-11-game1,2026-08-11T15:45:57.067000+00:00,-0.07840065000000074,0.029253207903750002,-0.049147442096250736
2,8940756672,dota2-yes-z10-2026-08-11-game2,2026-08-11T16:48:25.758000+00:00,-22.300001759999986,0.926857001172,-21.373144758827987
2,8941656460,dota2-lvlup1-re-2026-08-12-game1,2026-08-12T09:19:34.658000+00:00,23.709799999999973,1.72763193,25.437431929999974
2,8941733752,dota2-lvlup1-re-2026-08-12-game2,2026-08-12T10:35:42.245000+00:00,29.353470199999972,1.4143230231,30.76779322309997
2,8941817475,dota2-lvlup1-re-2026-08-12,2026-08-12T11:50:26.039000+00:00,13.559200000000004,1.20761625,14.766816250000005
2,8942003788,dota2-navi-lvlup1-2026-08-12-game1,2026-08-12T13:42:36.457000+00:00,5.816500000000019,0.665427765,6.4819277650000195
2,8942152024,dota2-navi-lvlup1-2026-08-12-game2,2026-08-12T14:50:30.897000+00:00,1.342543219999996,0.10915556033699997,1.451698780336996
2,8942262723,dota2-navi-lvlup1-2026-08-12-game3,2026-08-12T15:53:47.795000+00:00,21.899939039999992,0.3834828765480001,22.283421916547994
2,8962372120,dota2-ic-nemiga-2026-08-24-game1,2026-08-24T07:17:08.649000+00:00,0.0,0.0,0.0
2,8962458373,dota2-ic-nemiga-2026-08-24-game2,2026-08-24T08:26:45.454000+00:00,0.12236604000000018,0.045079725008999996,0.16744576500900016
2,8962592819,dota2-ks-lynx-2026-08-24-game1,2026-08-24T10:19:27.562000+00:00,-31.028054519999984,1.6603029530729998,-29.367751566926984
2,8962736746,dota2-ks-lynx-2026-08-24-game2,2026-08-24T11:33:18.452000+00:00,8.610311589999995,0.50633723236575,9.116648822365745
2,8962964580,dota2-sb5-stx-2026-08-24-game1,2026-08-24T13:25:23.881000+00:00,1.3244438399999998,0.006754663584,1.3311985035839997
2,8963508714,dota2-rearis-lynx-2026-08-24-game2,2026-08-24T17:37:20.349000+00:00,-8.653826560000006,0.932305325148,-7.7215212348520055
2,8963649188,dota2-dynast1-fts-2026-08-24-game1,2026-08-24T19:15:00.848000+00:00,53.83359999999999,0.67483194,54.50843193999999
2,8963790789,dota2-dynast1-fts-2026-08-24-game2,2026-08-24T20:20:45.642000+00:00,0.0,0.0,0.0
2,8964399842,dota2-pckcp-nemiga-2026-08-25-game1,2026-08-25T07:22:10.248000+00:00,0.003599439999998566,0.072272157984,0.07587159798399856
2,8964480771,dota2-pckcp-nemiga-2026-08-25-game2,2026-08-25T08:31:41.723000+00:00,-25.09019999999998,2.5772408849999997,-22.512959114999983
2,8964574076,dota2-pckcp-nemiga-2026-08-25,2026-08-25T09:52:05.670000+00:00,-0.5999999999999996,1.1113650000000002,0.5113650000000005
2,8964657335,dota2-fts-pckcp-2026-08-25-game1,2026-08-25T10:52:11.864000+00:00,-0.75,0.065446875,-0.684553125
2,8964837315,dota2-fts-pckcp-2026-08-25-game2,2026-08-25T12:34:06.314000+00:00,-5.783604799999992,0.8573516644799999,-4.9262531355199926
2,8964962329,dota2-ic-fts-2026-08-25-game1,2026-08-25T13:50:36.471000+00:00,27.91512766999999,0.5534917702987499,28.46861944029874
2,8965097316,dota2-ic-fts-2026-08-25-game2,2026-08-25T14:41:01.046000+00:00,-9.200000000000017,0.48333000000000004,-8.716670000000017
2,8964938940,dota2-rearis-spirit1-2026-08-25-game1,2026-08-25T16:23:39.394000+00:00,2.3180230400000057,0.423608006688,2.741631046688006
2,8965544741,dota2-rearis-spirit1-2026-08-25,2026-08-25T18:44:21.316000+00:00,-0.7051608000000007,0.17062601652,-0.5345347834800007
2,8969842778,dota2-pckcp-ic-2026-08-28-game2,2026-08-28T08:21:21.985000+00:00,0.6617143799999781,1.2583411292609998,1.920055509260978
2,8969978865,dota2-rearis-sb5-2026-08-28-game1,2026-08-28T10:27:01.322000+00:00,-5.836299999999994,0.22388499749999996,-5.612415002499994
2,8970089224,dota2-rearis-sb5-2026-08-28-game2,2026-08-28T11:41:09.553000+00:00,5.0,0.57675,5.57675
2,8970207176,dota2-rearis-sb5-2026-08-28,2026-08-28T12:56:49.576000+00:00,0.7500000000000071,0.29053124999999996,1.040531250000007
2,8970338180,dota2-synaps-nemiga-2026-08-28-game1,2026-08-28T14:09:13.367000+00:00,8.43940000000002,1.275808095,9.71520809500002
2,8970352005,dota2-dynast1-ic-2026-08-28-game1,2026-08-28T14:10:35.964000+00:00,1.4190000000000005,0.17322442500000002,1.5922244250000004
2,8970470057,dota2-synaps-nemiga-2026-08-28-game2,2026-08-28T15:09:53.245000+00:00,45.56781988000004,1.069366865139,46.63718674513904
2,8970485789,dota2-dynast1-ic-2026-08-28-game2,2026-08-28T15:14:26.848000+00:00,-18.215017280000055,0.970947425016,-17.244069854984055
2,8970575970,dota2-synaps-nemiga-2026-08-28,2026-08-28T16:02:11.965000+00:00,0.0,0.0,0.0
2,8970655100,dota2-dynast1-ic-2026-08-28,2026-08-28T16:43:34.585000+00:00,0.0,0.0,0.0
2,8970886632,dota2-dynast1-pckcp-2026-08-28-game2,2026-08-28T18:51:22.084000+00:00,-14.173085000000015,1.104882301125,-13.068202698875014
2,8971007454,dota2-ks-rearis-2026-08-28-game1,2026-08-28T20:11:41.712000+00:00,-13.282932799999994,0.36657815759999995,-12.916354642399995
2,8971016820,dota2-fts-nemiga-2026-08-28-game1,2026-08-28T20:17:43.711000+00:00,0.0,0.0,0.0
2,8971111987,dota2-ks-rearis-2026-08-28-game2,2026-08-28T21:24:47.695000+00:00,-1.4110161999999944,0.303266758275,-1.1077494417249945
2,8971423978,dota2-db2-satan-2026-08-28-game2,2026-08-29T03:20:55.120000+00:00,0.0,0.0,0.0
2,8971501630,dota2-nexus-cres-2026-08-28,2026-08-29T04:51:09.441000+00:00,-3.4538958000000335,1.929361736958,-1.5245340630420334
2,8971519375,dota2-nem-6seven-2026-08-29-game1,2026-08-29T05:14:15.579000+00:00,30.163100399999955,0.9483982550100001,31.111498655009957
2,8971586781,dota2-nem-6seven-2026-08-29-game2,2026-08-29T06:13:46.689000+00:00,-1.5,0.0914175,-1.4085825
2,8971664649,dota2-nem-6seven-2026-08-29,2026-08-29T07:24:10.704000+00:00,-0.00045899999999932106,0.17765726355,0.17719826355000068
2,8971753986,dota2-icecre-kineti-2026-08-29-game1,2026-08-29T08:38:12.829000+00:00,0.0,0.0,0.0
2,8971849697,dota2-icecre-kineti-2026-08-29-game2,2026-08-29T09:43:14.699000+00:00,0.0,0.0,0.0
2,8971891627,dota2-dynast1-nemiga-2026-08-29-game1,2026-08-29T10:17:49.464000+00:00,22.1554,0.84219975,22.99759975
2,8971964803,dota2-mouz-yes-2026-08-29-game1,2026-08-29T11:13:49.271000+00:00,-6.345747670000009,0.5521036619347499,-5.793644008065259
2,8971988345,dota2-sb5-lynx-2026-08-29-game1,2026-08-29T11:21:30.742000+00:00,0.6019992000000016,0.07442834688,0.6764275468800016
2,8972103119,dota2-sb5-lynx-2026-08-29-game2,2026-08-29T12:31:54.536000+00:00,-2.9912000000000027,0.2003286,-2.7908714000000026
2,8972115962,dota2-mouz-yes-2026-08-29-game2,2026-08-29T12:36:59.931000+00:00,-6.762400000000014,2.6440047,-4.118395300000014
2,8972289868,dota2-huliga-lynx-2026-08-29-game1,2026-08-29T14:15:10.550000+00:00,-3.965077339999997,0.209837881071,-3.755239458928997
2,8972502454,dota2-huliga-lynx-2026-08-29-game2,2026-08-29T15:52:19.963000+00:00,-103.096,1.71827655,-101.37772345
2,8972611918,dota2-huliga-lynx-2026-08-29,2026-08-29T16:49:36.587000+00:00,0.15000000000000036,0.01831125,0.16831125000000036
2,8972773416,dota2-pi-lvlup1-2026-08-29-game1,2026-08-29T18:17:23.637000+00:00,-44.320193919999994,1.464755560398,-42.855438359602
2,8972893200,dota2-pi-lvlup1-2026-08-29-game2,2026-08-29T19:20:53.860000+00:00,0.0,0.0,0.0
2,8973011673,dota2-pi-lvlup1-2026-08-29,2026-08-29T20:33:12.059000+00:00,27.903998270000002,2.09770185968025,30.001700129680252
2,8973010298,dota2-ks-spirit1-2026-08-29-game1,2026-08-29T20:38:42.759000+00:00,0.0,0.0,0.0
2,8973337131,dota2-icecre-xctn-2026-08-30-game1,2026-08-30T02:14:49.254000+00:00,-39.586700000000015,1.7660713575,-37.82062864250001
2,8973405568,dota2-icecre-xctn-2026-08-30-game2,2026-08-30T03:19:55.483000+00:00,4.248000000000005,0.39187800000000006,4.639878000000005
2,8973462028,dota2-icecre-xctn-2026-08-30,2026-08-30T04:30:11.988000+00:00,1.0651840000000021,0.3828768876,1.448060887600002
2,8973502629,dota2-clo-yb1-2026-08-30-game1,2026-08-30T05:13:07.837000+00:00,2.200000000000001,0.06519,2.265190000000001
2,8973568453,dota2-clo-yb1-2026-08-30-game2,2026-08-30T06:12:50.377000+00:00,0.15268528999999909,0.04962644358224999,0.20231173358224908
2,8973613420,dota2-clo-yb1-2026-08-30,2026-08-30T07:04:46.677000+00:00,1.365749649999998,0.33373996667624994,1.6994896166762479
2,8973707438,dota2-lynx-lvlup1-2026-08-30-game1,2026-08-30T08:16:36.050000+00:00,8.861399999999973,1.327888065,10.189288064999973
2,8973859403,dota2-lynx-lvlup1-2026-08-30-game2,2026-08-30T09:56:31.353000+00:00,4.903199999999998,0.47328682499999997,5.376486824999998
2,8973884000,dota2-nem-xctn-2026-08-30-game2,2026-08-30T10:12:32.710000+00:00,6.79901218000001,0.938223733731,7.73723591373101
2,8973944033,dota2-lynx-lvlup1-2026-08-30,2026-08-30T10:50:43.696000+00:00,-18.16160000000004,2.93133264,-15.230267360000038
2,8974185539,dota2-navi-mouz-2026-08-30-game2,2026-08-30T13:08:29.090000+00:00,1.9669944000000044,0.11417361479999999,2.0811680148000042
2,8974647733,dota2-lvlup1-pr1-2026-08-30-game1,2026-08-30T17:09:16.077000+00:00,1.5776324100000085,0.7625938090717499,2.3402262190717584
2,8974898633,dota2-lvlup1-pr1-2026-08-30,2026-08-30T19:25:58.777000+00:00,-21.99519794999999,2.9771139549937495,-19.01808399500624
2,8975110449,dota2-dynast1-ks-2026-08-30-game2,2026-08-30T21:54:27.706000+00:00,-11.696200000000003,1.6042037699999998,-10.091996230000003
2,8975871235,dota2-synaps-lynx-2026-08-31-game1,2026-08-31T12:26:44.788000+00:00,-32.49419254000003,1.0685259881084999,-31.425666551891528
2,8976012755,dota2-synaps-lynx-2026-08-31-game2,2026-08-31T13:41:35.303000+00:00,-18.26940000000003,1.213392915,-17.05600708500003
2,8976166971,dota2-synaps-lynx-2026-08-31,2026-08-31T15:09:07.826000+00:00,0.0002920000000017353,0.29455331399999996,0.2948453140000017
2,8976300473,dota2-4iki-ic-2026-08-31-game1,2026-08-31T16:25:39.940000+00:00,-6.479553319999991,1.1199744909359999,-5.359578829063992
2,8976441468,dota2-4iki-ic-2026-08-31-game2,2026-08-31T17:43:06.122000+00:00,74.61575108000001,0.87149890926,75.48724998926001
2,8976511215,dota2-4iki-ic-2026-08-31,2026-08-31T18:29:54.020000+00:00,3.7473319000000025,0.1771529938725,3.9244848938725023
2,8976665322,dota2-spirit1-pi-2026-08-31-game1,2026-08-31T20:26:57.494000+00:00,4.868093550000015,1.63870695556875,6.506800505568766
2,8976751962,dota2-spirit1-pi-2026-08-31-game2,2026-08-31T21:40:17.685000+00:00,-5.714199999999977,0.9162719699999999,-4.7979280299999765
2,8977325814,dota2-ks-pckcp-2026-09-01-game2,2026-09-01T10:26:27.059000+00:00,2.9798999999999936,0.221313195,3.2012131949999936
2,8977476867,dota2-ic-lynx-2026-09-01-game1,2026-09-01T12:26:04.131000+00:00,34.45159999999999,1.62822486,36.079824859999995
2,8977623650,dota2-ic-lynx-2026-09-01-game2,2026-09-01T13:53:28.128000+00:00,2.695599999999974,1.7902457999999999,4.485845799999974
2,8977913355,dota2-synaps-lvlup1-2026-09-01-game2,2026-09-01T16:37:59.217000+00:00,0.0,0.0,0.0
2,8978023576,dota2-synaps-lvlup1-2026-09-01,2026-09-01T17:45:54.185000+00:00,-39.42280000000001,1.0266338999999998,-38.39616610000001
2,8978832148,dota2-pr1-ic-2026-09-02-game1,2026-09-02T09:52:32.767000+00:00,38.40965094999995,0.81624794716125,39.2258988971612
2,8978916284,dota2-pr1-ic-2026-09-02-game2,2026-09-02T11:19:11.539000+00:00,0.0,0.0,0.0
2,8978986214,dota2-pr1-ic-2026-09-02,2026-09-02T12:20:55.440000+00:00,-0.6448,0.05336526,-0.5914347400000001
2,8979131280,dota2-dynast1-pckcp-2026-09-02-game1,2026-09-02T13:56:13.878000+00:00,0.0,0.0,0.0
2,8979241530,dota2-dynast1-pckcp-2026-09-02-game2,2026-09-02T14:56:18.245000+00:00,4.938773749999967,0.54628480340625,5.485058553406217
2,8979344496,dota2-synaps-4iki-2026-09-02-game1,2026-09-02T15:59:27.587000+00:00,-21.103800000000035,3.16712523,-17.936674770000035
2,8980293569,dota2-z10-ks-2026-09-03-game1,2026-09-03T09:18:42.909000+00:00,-5.633349879999997,0.8868986356290001,-4.746451244370997
2,8980358113,dota2-z10-ks-2026-09-03-game2,2026-09-03T10:27:20.250000+00:00,-2.6014348599999977,1.244731427901,-1.3567034320989977
2,8980463789,dota2-pckcp-spirit1-2026-09-03-game1,2026-09-03T12:14:02.762000+00:00,11.394252399999985,0.6082964027400001,12.002548802739986
2,8980769413,dota2-pi-dynast1-2026-09-03-game1,2026-09-03T15:17:23.998000+00:00,6.400000000000006,0.11441999999999997,6.514420000000006
3,8837869969,dota2-aur1-ty-2026-06-04-game1,2026-06-04T09:17:47.612000+00:00,2.9333811999999924,1.3146212365499998,4.248002436549992
3,8837957019,dota2-aur1-ty-2026-06-04-game2,2026-06-04T11:05:49.570000+00:00,-79.80239999999998,5.46964131,-74.33275868999998
3,8838056564,dota2-flc-liquid-2026-06-04-game1,2026-06-04T12:43:48.535000+00:00,0.05000000000001137,1.1131223549999998,1.1631223550000112
3,8838170936,dota2-flc-liquid-2026-06-04-game2,2026-06-04T14:05:12.636000+00:00,-17.609799999999954,1.3021140749999998,-16.307685924999955
3,8838396820,dota2-lgd-ty-2026-06-04-game2,2026-06-04T16:48:28.531000+00:00,0.0404000000000293,2.487541875,2.527941875000029
3,8838480778,dota2-lgd-ty-2026-06-04,2026-06-04T17:57:47.377000+00:00,-9.337772280000005,1.686733558602,-7.651038721398004
3,8839123109,dota2-flc-bb4-2026-06-05-game1,2026-06-05T09:16:39.267000+00:00,16.835699999999974,1.2566415375,18.092341537499973
3,8839193447,dota2-flc-bb4-2026-06-05-game2,2026-06-05T10:38:10.594000+00:00,5.333800000000008,1.7358224850000001,7.069622485000008
3,8839366504,dota2-lgd-liquid-2026-06-05-game2,2026-06-05T13:21:18.066000+00:00,-0.6100000000000021,0.15839474999999997,-0.4516052500000021
3,8839494962,dota2-flc-aur1-2026-06-05-game1,2026-06-05T14:52:18.684000+00:00,2.8000000000000043,0.13989,2.939890000000004
3,8839625815,dota2-flc-aur1-2026-06-05-game2,2026-06-05T16:13:53.150000+00:00,12.02709999999999,0.7074208274999999,12.73452082749999
3,8839717574,dota2-flc-aur1-2026-06-05,2026-06-05T17:21:15.591000+00:00,-14.842576680000008,2.046037556562,-12.796539123438007
3,8840635639,dota2-ty-bb4-2026-06-06-game1,2026-06-06T10:47:49.658000+00:00,5.125,0.82179375,5.94679375
3,8840704374,dota2-ty-bb4-2026-06-06-game2,2026-06-06T11:51:44.485000+00:00,19.569399999999945,3.447063075,23.016463074999944
3,8840821227,dota2-ty-bb4-2026-06-06,2026-06-06T13:12:37.368000+00:00,-51.480200510000046,3.64145227281975,-47.8387482371803
3,8840984097,dota2-aur1-lgd-2026-06-06-game1,2026-06-06T15:05:33.978000+00:00,1.3327302800000211,1.796348801259,3.1290790812590212
3,8841114801,dota2-aur1-lgd-2026-06-06-game2,2026-06-06T16:30:29.855000+00:00,-24.250601400000036,1.435543749627,-22.815057650373035
3,8842052142,dota2-bb4-lgd-2026-06-07-game1,2026-06-07T09:18:04.694000+00:00,56.0,1.4411999999999998,57.4412
3,8842134886,dota2-bb4-lgd-2026-06-07-game2,2026-06-07T10:28:41.168000+00:00,5.51362475999997,2.0189950284914997,7.53261978849147
3,8842245726,dota2-bb4-lgd-2026-06-07,2026-06-07T11:59:53.564000+00:00,-33.54510087,1.19841153417225,-32.34668933582775
3,8842468101,dota2-ty-lgd-2026-06-07-game1,2026-06-07T14:21:40.854000+00:00,-3.312741599999999,0.10806431472,-3.204677285279999
3,8842596730,dota2-ty-lgd-2026-06-07-game2,2026-06-07T15:49:20.066000+00:00,-8.404500000000013,0.8658292275,-7.538670772500013
3,8842722527,dota2-ty-lgd-2026-06-07-game3,2026-06-07T17:12:22.566000+00:00,-0.7086000000000467,0.5592915,-0.1493085000000467
3,8842845018,dota2-ty-lgd-2026-06-07-game4,2026-06-07T18:51:58.999000+00:00,2.739699999999999,0.8003348625,3.540034862499999
3,8843465364,dota2-4iki-nande4-2026-06-08-game1,2026-06-08T09:15:08.776000+00:00,0.08000000000000007,0.029322,0.10932200000000007
3,8843512570,dota2-4iki-nande4-2026-06-08-game2,2026-06-08T10:09:45.609000+00:00,-74.51079999999993,0.933021915,-73.57777808499993
3,8843560379,dota2-4iki-nande4-2026-06-08,2026-06-08T11:10:54.138000+00:00,-0.7999999999999998,0.028728,-0.7712719999999998
3,8843760302,dota2-vpp-balu-2026-06-08-game2,2026-06-08T13:42:26.324000+00:00,6.63030000000002,0.4124401425,7.04274014250002
3,8844054970,dota2-z10-sb5-2026-06-08-game2,2026-06-08T17:08:41.204000+00:00,32.36325112999998,0.5865272970547499,32.94977842705473
3,8844132483,dota2-vpp-z10-2026-06-08-game1,2026-06-08T18:23:01.210000+00:00,0.0,0.0,0.0
3,8844244719,dota2-vpp-z10-2026-06-08-game2,2026-06-08T19:45:42.908000+00:00,12.622900000000008,1.2071791875,13.830079187500008
3,8844308689,dota2-vpp-z10-2026-06-08,2026-06-08T20:50:38.757000+00:00,41.935400000000016,1.023626985,42.959026985000015
3,8850534819,dota2-ill-pr1-2026-06-13-game2,2026-06-13T17:10:42.502000+00:00,-1.0061999999999998,0.090331605,-0.9158683949999997
3,8850593633,dota2-ill-pr1-2026-06-13,2026-06-13T18:00:57.551000+00:00,0.0,0.0,0.0
3,8851984783,dota2-4iki-pr1-2026-06-14-game2,2026-06-14T16:46:25.798000+00:00,-2.8711,0.1260467025,-2.7450532975
3,8852055373,dota2-4iki-pr1-2026-06-14,2026-06-14T17:46:02.690000+00:00,0.0,0.0,0.0
3,8854443395,dota2-fla-spirit1-2026-06-16-game1,2026-06-16T16:31:44.570000+00:00,-18.549999999999997,0.4696875,-18.080312499999998
3,8885183102,dota2-flc-bb4-2026-07-07-game1,2026-07-07T09:47:24.433000+00:00,0.8894351900000146,0.83275620149925,1.7221913914992646
3,8885195986,dota2-re-xtreme-2026-07-07-game1,2026-07-07T09:55:03.037000+00:00,1.0399999999999991,0.029698499999999996,1.0696984999999992
3,8885252329,dota2-flc-bb4-2026-07-07-game2,2026-07-07T11:01:59.599000+00:00,21.126599999999968,4.078059285,25.20465928499997
3,8885275216,dota2-re-xtreme-2026-07-07-game2,2026-07-07T11:16:11.813000+00:00,-4.66719999999998,0.942276,-3.7249239999999797
3,8885365825,dota2-l1ga-ngx-2026-07-07-game1,2026-07-07T12:34:49.112000+00:00,-4.099999999999998,0.100491,-3.999508999999998
3,8885380529,dota2-liquid-playti-2026-07-07-game1,2026-07-07T12:43:07.045000+00:00,-1.0,0.37192500000000006,-0.6280749999999999
3,8885411801,dota2-lvlup1-aur1-2026-07-07-game1,2026-07-07T13:06:28.530000+00:00,0.0,0.0,0.0
3,8885470551,dota2-l1ga-ngx-2026-07-07-game2,2026-07-07T13:39:34.570000+00:00,-4.614299999999986,1.3435366725,-3.270763327499986
3,8885473599,dota2-liquid-playti-2026-07-07-game2,2026-07-07T13:52:27.923000+00:00,-43.62219999999999,5.0160042449999995,-38.606195754999995
3,8885529711,dota2-lvlup1-aur1-2026-07-07-game2,2026-07-07T14:23:52.590000+00:00,11.858918599999981,0.16024662718499996,12.019165227184981
3,8885633666,dota2-ts8-mouz-2026-07-07-game1,2026-07-07T15:33:28.678000+00:00,12.561999999999998,2.53723062,15.099230619999997
3,8885665054,dota2-nem-pari-2026-07-07-game1,2026-07-07T15:41:38.548000+00:00,35.82,0.5153715000000001,36.3353715
3,8885784652,dota2-ts8-mouz-2026-07-07-game2,2026-07-07T17:16:32.961000+00:00,-21.299601439999975,1.167711355248,-20.131890084751976
3,8885871759,dota2-ic-1win-2026-07-07-game1,2026-07-07T18:31:07.999000+00:00,0.25,0.038156249999999996,0.28815625
3,8885928262,dota2-ty-og-2026-07-07-game1,2026-07-07T19:03:44.444000+00:00,37.69840000000002,0.4531044749999999,38.15150447500002
3,8885974297,dota2-ic-1win-2026-07-07-game2,2026-07-07T19:32:14.446000+00:00,-26.45651472,1.0616955949079998,-25.394819125092003
3,8886005043,dota2-ty-og-2026-07-07-game2,2026-07-07T20:03:05.981000+00:00,0.0,0.0,0.0
3,8886576019,dota2-poorra-bb4-2026-07-08-game1,2026-07-08T09:20:01.472000+00:00,-20.0,0.6779999999999999,-19.322
3,8886572854,dota2-gl-xtreme-2026-07-08-game1,2026-07-08T09:27:27.007000+00:00,-36.383999999999986,3.42661338,-32.95738661999999
3,8886638110,dota2-poorra-bb4-2026-07-08-game2,2026-07-08T10:36:00.005000+00:00,0.8000000000000043,0.20200835999999997,1.0020083600000043
3,8886640910,dota2-flc-re-2026-07-08-game2,2026-07-08T10:39:41.623000+00:00,22.910833069999967,0.7617978642577499,23.672630934257718
3,8886641793,dota2-gl-xtreme-2026-07-08-game2,2026-07-08T10:45:04.782000+00:00,-2.9165999999999883,2.02504374,-0.8915562599999882
3,8886728756,dota2-l1ga-playti-2026-07-08-game1,2026-07-08T12:02:19.795000+00:00,0.56,1.161462,1.721462
3,8886736772,dota2-liquid-lvlup1-2026-07-08-game1,2026-07-08T12:08:59.488000+00:00,0.0,0.0,0.0
3,8886788497,dota2-ngx-aur1-2026-07-08-game1,2026-07-08T12:47:30.744000+00:00,18.658609670000004,0.86131954190325,19.519929211903253
3,8886815251,dota2-l1ga-playti-2026-07-08-game2,2026-07-08T13:04:20.712000+00:00,77.7784,0.42000335999999994,78.19840336
3,8886862310,dota2-liquid-lvlup1-2026-07-08-game2,2026-07-08T13:37:25.898000+00:00,7.391199999999998,0.053216640000000044,7.444416639999998
3,8886994890,dota2-ts8-nem-2026-07-08-game1,2026-07-08T14:59:11.781000+00:00,0.0,0.0,0.0
3,8887100676,dota2-vg-pari-2026-07-08-game1,2026-07-08T16:18:23.954000+00:00,0.0,0.0,0.0
3,8887114313,dota2-ts8-nem-2026-07-08-game2,2026-07-08T16:15:19.583000+00:00,-11.963999999999999,0.266981025,-11.697018974999999
3,8887197358,dota2-vg-pari-2026-07-08-game2,2026-07-08T17:23:00.102000+00:00,-2.785500000000013,0.7010434575,-2.084456542500013
3,8887218598,dota2-lgd-og-2026-07-08-game1,2026-07-08T17:27:41.870000+00:00,0.2599999999999998,0.0334425,0.2934424999999998
3,8887260104,dota2-ty-ic-2026-07-08-game1,2026-07-08T17:58:24.214000+00:00,0.0,0.0,0.0
3,8887314193,dota2-lgd-og-2026-07-08-game2,2026-07-08T18:40:30.736000+00:00,-37.89451371999997,1.1543440626239998,-36.74016965737597
3,8887325211,dota2-vp-1win-2026-07-08-game1,2026-07-08T18:51:24.334000+00:00,13.61160000000001,2.53442634,16.14602634000001
3,8887337672,dota2-ty-ic-2026-07-08-game2,2026-07-08T19:01:29.872000+00:00,0.0,0.0,0.0
3,8887432754,dota2-vp-1win-2026-07-08-game2,2026-07-08T20:20:02.742000+00:00,56.91269999999997,0.8574359625,57.77013596249997
3,8887986392,dota2-poorra-xtreme-2026-07-09-game1,2026-07-09T09:21:30.237000+00:00,-13.968199999999968,1.8838400549999998,-12.084359944999967
3,8887998750,dota2-bb4-re-2026-07-09-game1,2026-07-09T09:29:32.198000+00:00,-2.8000000000000043,0.11324999999999999,-2.6867500000000044
3,8888056358,dota2-poorra-xtreme-2026-07-09-game2,2026-07-09T10:34:44.979000+00:00,-11.941200000000038,1.47757833,-10.463621670000038
3,8888066684,dota2-bb4-re-2026-07-09-game2,2026-07-09T10:43:25.275000+00:00,-11.191797759999998,0.845136168408,-10.346661591591998
3,8888083694,dota2-gl-flc-2026-07-09-game2,2026-07-09T11:11:32.224000+00:00,44.61930000000004,1.9511402174999999,46.570440217500035
3,8888160657,dota2-l1ga-aur1-2026-07-09-game1,2026-07-09T12:09:38.901000+00:00,-9.390280000000033,0.43907488650000004,-8.951205113500032
3,8888173515,dota2-playti-lvlup1-2026-07-09-game1,2026-07-09T12:20:27.216000+00:00,32.76600000000005,0.96709086,33.73309086000005
3,8888217771,dota2-ngx-liquid-2026-07-09-game1,2026-07-09T12:52:14.212000+00:00,13.859700000000004,1.8539573625,15.713657362500005
3,8888260336,dota2-l1ga-aur1-2026-07-09-game2,2026-07-09T13:20:05.771000+00:00,-9.563199999999995,0.7580165999999999,-8.805183399999995
3,8888279558,dota2-playti-lvlup1-2026-07-09-game2,2026-07-09T13:33:23.111000+00:00,2.5973999999999933,0.6792850349999999,3.276685034999993
3,8888318197,dota2-ngx-liquid-2026-07-09-game2,2026-07-09T14:04:08.888000+00:00,41.57839999999996,5.3315011199999995,46.90990111999996
3,8888405761,dota2-mouz-nem-2026-07-09-game1,2026-07-09T14:48:45.816000+00:00,10.8108,0.7378370999999999,11.5486371
3,8888425887,dota2-rnx-pari-2026-07-09-game1,2026-07-09T15:02:02.148000+00:00,0.0,0.0,0.0
3,8888489297,dota2-vg-ts8-2026-07-09-game1,2026-07-09T15:42:43.149000+00:00,0.0,0.0,0.0
3,8888555097,dota2-mouz-nem-2026-07-09-game2,2026-07-09T16:24:34.308000+00:00,-25.755500000000012,2.3607577724999995,-23.39474222750001
3,8888554919,dota2-rnx-pari-2026-07-09-game2,2026-07-09T16:26:10.054000+00:00,0.0,0.0,0.0
3,8888592426,dota2-vg-ts8-2026-07-09-game2,2026-07-09T16:59:54.115000+00:00,-0.13000000000000078,0.04055025000000001,-0.08944975000000077
3,8888682602,dota2-og-ic-2026-07-09-game1,2026-07-09T17:53:01.981000+00:00,-19.27460000000002,2.618456535,-16.65614346500002
3,8888693655,dota2-vp-ty-2026-07-09-game1,2026-07-09T18:07:57.629000+00:00,4.651200000000017,0.3941892,5.045389200000017
3,8888731478,dota2-lgd-1win-2026-07-09-game1,2026-07-09T18:35:20.326000+00:00,-1.6574999999999704,2.1744592575,0.5169592575000297
3,8888771711,dota2-og-ic-2026-07-09-game2,2026-07-09T19:04:50.495000+00:00,0.0,0.0,0.0
3,8888819433,dota2-lgd-1win-2026-07-09-game2,2026-07-09T19:41:02.532000+00:00,26.02798131,1.8234993251002498,27.851480635100252
3,8889452921,dota2-re-gl-2026-07-10-game1,2026-07-10T09:17:34.068000+00:00,4.710000000000003,0.14651475,4.856514750000002
3,8889468264,dota2-xtreme-bb4-2026-07-10-game1,2026-07-10T09:26:30.741000+00:00,-1.5373000000000054,0.9445827975,-0.5927172025000055
3,8889513730,dota2-poorra-flc-2026-07-10-game2,2026-07-10T10:17:36.842000+00:00,0.0,0.0,0.0
3,8889524021,dota2-xtreme-bb4-2026-07-10-game2,2026-07-10T10:37:39.793000+00:00,-5.9702000000000055,1.6676368949999998,-4.302563105000006
3,8889538949,dota2-re-gl-2026-07-10-game2,2026-07-10T10:40:57.402000+00:00,-8.734199999999987,2.033916585,-6.700283414999987
3,8889615310,dota2-l1ga-liquid-2026-07-10-game1,2026-07-10T11:48:20.990000+00:00,-3.955999999999989,0.9888755999999999,-2.967124399999989
3,8889621582,dota2-aur1-playti-2026-07-10-game1,2026-07-10T11:57:42.116000+00:00,-47.028399999999976,2.3174110349999997,-44.71098896499998
3,8889699098,dota2-l1ga-liquid-2026-07-10-game2,2026-07-10T12:46:15.831000+00:00,-16.47030000000001,0.5278142925,-15.942485707500008
3,8889733840,dota2-aur1-playti-2026-07-10-game2,2026-07-10T13:14:22.837000+00:00,-39.4366,0.9528164250000001,-38.483783575
3,8889871314,dota2-nem-vg-2026-07-10-game1,2026-07-10T14:27:52.631000+00:00,13.158000000000015,0.66375531,13.821755310000015
3,8889914618,dota2-pari-mouz-2026-07-10-game1,2026-07-10T14:59:49.254000+00:00,-1.8641635200000053,0.45758540173199996,-1.4065781182680053
3,8889944251,dota2-rnx-ts8-2026-07-10-game1,2026-07-10T15:15:29.857000+00:00,6.593400000000003,0.22796680500000005,6.821366805000003
3,8890008812,dota2-nem-vg-2026-07-10-game2,2026-07-10T15:49:04.827000+00:00,9.478800000000017,1.0329333299999999,10.511733330000018
3,8890036748,dota2-pari-mouz-2026-07-10-game2,2026-07-10T16:15:07.698000+00:00,6.818099999999987,0.3195984375,7.137698437499987
3,8890074597,dota2-rnx-ts8-2026-07-10-game2,2026-07-10T16:28:42.555000+00:00,0.0,0.0,0.0
3,8890179830,dota2-lgd-ty-2026-07-10-game1,2026-07-10T17:38:53.401000+00:00,4.010488159999994,0.363764055876,4.374252215875995
3,8890270555,dota2-1win-og-2026-07-10-game2,2026-07-10T18:36:26.467000+00:00,0.0,0.0,0.0
3,8890268632,dota2-lgd-ty-2026-07-10-game2,2026-07-10T18:43:14.663000+00:00,-2.9416000000000224,0.789172485,-2.1524275150000225
3,8890301402,dota2-ic-vp-2026-07-10-game2,2026-07-10T18:52:09.717000+00:00,0.0,0.0,0.0
3,8891108843,dota2-poorra-re-2026-07-11-game1,2026-07-11T09:15:44.932000+00:00,42.316,2.05168566,44.36768566
3,8891108985,dota2-bb4-gl-2026-07-11-game1,2026-07-11T09:17:06.187000+00:00,0.2699999999999996,0.06978975,0.33978974999999956
3,8891145641,dota2-xtreme-flc-2026-07-11-game1,2026-07-11T09:30:07.111000+00:00,0.09971136000000413,0.17356299343200005,0.2732743534320042
3,8891217710,dota2-poorra-re-2026-07-11-game2,2026-07-11T10:44:50.172000+00:00,-36.197601500000005,1.4568221949375,-34.7407793050625
3,8891240327,dota2-xtreme-flc-2026-07-11-game2,2026-07-11T11:01:14.698000+00:00,10.89394296999999,2.8442115699442505,13.73815453994424
3,8891325877,dota2-l1ga-lvlup1-2026-07-11-game1,2026-07-11T12:09:46.181000+00:00,-17.554600000000022,0.6418640549999999,-16.912735945000023
3,8891349244,dota2-playti-ngx-2026-07-11-game1,2026-07-11T12:27:52.369000+00:00,5.0461999999999705,3.323023215,8.36922321499997
3,8891371442,dota2-aur1-liquid-2026-07-11-game1,2026-07-11T12:43:19.319000+00:00,-29.64300112,1.793002779456,-27.849998340544
3,8891438996,dota2-l1ga-lvlup1-2026-07-11-game2,2026-07-11T13:19:40.554000+00:00,21.001500000000014,1.7746076925,22.776107692500013
3,8891497910,dota2-aur1-liquid-2026-07-11-game2,2026-07-11T13:53:37.287000+00:00,1.950000000000001,0.03688424999999999,1.986884250000001
3,8891519142,dota2-playti-ngx-2026-07-11-game2,2026-07-11T14:08:43.754000+00:00,-43.32889999999999,1.7741408925,-41.55475910749999
3,8892829232,dota2-mouz-vg-2026-07-12-game1,2026-07-12T09:15:57.248000+00:00,-81.66895301999996,1.7609583932489998,-79.90799462675096
3,8892835652,dota2-rnx-nem-2026-07-12-game1,2026-07-12T09:19:01.546000+00:00,-45.988800000000026,2.8194638999999997,-43.169336100000024
3,8892836635,dota2-pari-ts8-2026-07-12-game1,2026-07-12T09:26:06.808000+00:00,-28.559499999999982,2.2674851025,-26.292014897499982
3,8892923329,dota2-mouz-vg-2026-07-12-game2,2026-07-12T10:25:59.512000+00:00,-1.4340010200000046,1.9235339367105,0.48953291671049537
3,8892914077,dota2-pari-ts8-2026-07-12-game2,2026-07-12T10:31:28.406000+00:00,-20.094799999999992,1.2228417,-18.871958299999992
3,8892958964,dota2-rnx-nem-2026-07-12-game2,2026-07-12T10:53:08.655000+00:00,-116.9896,2.756634105,-114.23296589499999
3,8893070561,dota2-1win-ty-2026-07-12-game1,2026-07-12T12:14:45.162000+00:00,-0.7429116800000202,1.3498574158080001,0.60694573580798
3,8893106015,dota2-og-vp-2026-07-12-game1,2026-07-12T12:36:42.440000+00:00,22.068900000000014,0.6262692974999999,22.695169297500012
3,8893165071,dota2-1win-ty-2026-07-12-game2,2026-07-12T13:18:20.777000+00:00,-5.245701800000006,3.45734704845,-1.7883547515500062
3,8893253595,dota2-og-vp-2026-07-12-game2,2026-07-12T13:56:28.498000+00:00,0.9700739999999985,0.1941887136,1.1642627135999986
3,8896139222,dota2-re-vp-2026-07-14-game1,2026-07-14T11:15:10.363000+00:00,4.2,1.5183900000000001,5.71839
3,8896140998,dota2-liquid-xtreme-2026-07-14-game1,2026-07-14T11:24:31.795000+00:00,-18.297699999999992,3.3709079324999998,-14.926792067499992
3,8896234088,dota2-re-vp-2026-07-14-game2,2026-07-14T12:30:48.003000+00:00,-4.379400000000022,0.888110325,-3.4912896750000217
3,8896267691,dota2-liquid-xtreme-2026-07-14-game2,2026-07-14T13:05:08.216000+00:00,16.862975120000016,1.135010322558,17.997985442558015
3,8896380183,dota2-re-vp-2026-07-14,2026-07-14T14:02:34.965000+00:00,-2.0000000000000018,0.17677500000000002,-1.8232250000000016
3,8896486914,dota2-liquid-xtreme-2026-07-14,2026-07-14T15:13:00.049000+00:00,-11.406238899999977,1.5809008312529997,-9.825338068746976
3,8896645659,dota2-lgd-mouz-2026-07-14-game1,2026-07-14T16:55:49.823000+00:00,0.08059999999999956,0.022964955,0.10356495499999956
3,8896731473,dota2-lgd-mouz-2026-07-14-game2,2026-07-14T18:02:11.857000+00:00,-15.992399999999996,0.8967546,-15.095645399999997
3,8897585705,dota2-aur1-re-2026-07-15-game1,2026-07-15T11:19:40.513000+00:00,-4.651199999999989,0.44442216000000007,-4.2067778399999884
3,8897588873,dota2-ts8-liquid-2026-07-15-game1,2026-07-15T11:25:30.473000+00:00,8.693214879999985,1.623893998032,10.317108878031984
3,8897695379,dota2-aur1-re-2026-07-15-game2,2026-07-15T12:41:48.340000+00:00,-31.61669999999999,0.6934681875,-30.923231812499992
3,8897696869,dota2-ts8-liquid-2026-07-15-game2,2026-07-15T12:54:25.976000+00:00,1.2567,0.0038643525000000003,1.2605643524999999
3,8897831774,dota2-ts8-liquid-2026-07-15,2026-07-15T14:13:24.528000+00:00,-4.363584900000035,0.8831815982250001,-3.4804033017750347
3,8897841991,dota2-1win-vg-2026-07-15-game1,2026-07-15T14:22:22.284000+00:00,0.0,0.0,0.0
3,8897971312,dota2-1win-vg-2026-07-15-game2,2026-07-15T15:33:39.656000+00:00,-6.976800000000026,0.4561083,-6.520691700000025
3,8898003442,dota2-bb4-lgd-2026-07-15-game1,2026-07-15T15:56:58.589000+00:00,10.248200000000026,1.464324015,11.712524015000026
3,8898084910,dota2-1win-vg-2026-07-15,2026-07-15T16:49:08.935000+00:00,-3.251900719999952,2.428277045124,-0.823623674875952
3,8898117600,dota2-bb4-lgd-2026-07-15-game2,2026-07-15T17:15:52.403000+00:00,16.88337334999997,0.90681795691125,17.790191306911222
3,8899028080,dota2-ty-ts8-2026-07-17-game1,2026-07-16T11:25:22.617000+00:00,-24.887400000000014,0.984685905,-23.902714095000015
3,8899120700,dota2-ty-ts8-2026-07-17-game2,2026-07-16T12:44:26.752000+00:00,-48.25170000000001,2.8191656325,-45.432534367500004
3,8899307453,dota2-pari-re-2026-07-17-game1,2026-07-16T14:36:23.407000+00:00,-8.48355278000001,0.6072071187629999,-7.876345661237011
3,8899420575,dota2-pari-re-2026-07-17-game2,2026-07-16T15:46:28.167000+00:00,-9.876400000000018,0.6129540749999999,-9.263445925000019
3,8900508749,dota2-flc-vg-2026-07-16-game1,2026-07-17T11:21:46.405000+00:00,-12.698899999999995,0.9056546925,-11.793245307499994
3,8900623530,dota2-flc-vg-2026-07-16-game2,2026-07-17T12:54:30.551000+00:00,10.437080109999982,1.3282612683607498,11.765341378360732
3,8900771154,dota2-ngx-bb4-2026-07-16-game1,2026-07-17T14:28:08.196000+00:00,7.378000000000014,0.9413191800000001,8.319319180000015
3,8900882416,dota2-ngx-bb4-2026-07-16-game2,2026-07-17T15:33:10.588000+00:00,0.0,0.0,0.0
3,8902107148,dota2-bb4-vg-2026-07-18-game1,2026-07-18T11:22:02.020000+00:00,-0.3328999999999951,0.5116147275,0.17871472750000494
3,8902173969,dota2-bb4-vg-2026-07-18-game2,2026-07-18T12:21:15.910000+00:00,17.02449999999999,0.8075627025000001,17.83206270249999
3,8902338515,dota2-ty-pari-2026-07-18-game1,2026-07-18T14:06:38.308000+00:00,16.410499420000036,3.0900155602815,19.500514980281537
3,8902431810,dota2-ty-pari-2026-07-18-game2,2026-07-18T15:09:37.865000+00:00,23.85209920000004,1.5899718795599997,25.44207107956004
3,8902610619,dota2-ty-pari-2026-07-18,2026-07-18T16:48:06.686000+00:00,11.538600000000002,1.433959515,12.972559515000002
3,8903705555,dota2-vg-ty-2026-07-19-game1,2026-07-19T10:24:33.152000+00:00,2.3529000000000053,0.4374629325,2.790362932500005
3,8903789784,dota2-vg-ty-2026-07-19-game2,2026-07-19T11:31:19.185000+00:00,10.666800000000023,0.7068088349999999,11.373608835000024
3,8904012666,dota2-bb4-pari-2026-07-19-game1,2026-07-19T13:57:51.853000+00:00,44.186199999999985,2.22950181,46.41570180999999
3,8904157676,dota2-bb4-pari-2026-07-19-game2,2026-07-19T15:17:11.337000+00:00,-5.843201750000034,4.67860757409375,-1.1645941759062843
3,8904322271,dota2-bb4-pari-2026-07-19-game3,2026-07-19T16:52:33.960000+00:00,7.724499999999949,4.5276010875,12.252101087499948
3,8904419709,dota2-bb4-pari-2026-07-19-game4,2026-07-19T18:05:14.511000+00:00,13.513499999999965,1.5087147074999998,15.022214707499964
3,8905035315,dota2-stx-lynx-2026-07-20-game1,2026-07-20T07:25:19.610000+00:00,0.9100000000000037,0.22077675000000002,1.1307767500000037
3,8905093611,dota2-stx-lynx-2026-07-20-game2,2026-07-20T08:36:36.644000+00:00,7.357749639999994,0.9882899190119999,8.346039559011995
3,8905164476,dota2-stx-lynx-2026-07-20,2026-07-20T10:04:24.370000+00:00,5.249417359999995,0.441171230004,5.690588590003995
3,8905233934,dota2-lynx-pckcp-2026-07-20-game1,2026-07-20T11:15:17.947000+00:00,84.12360632,1.585554697668,85.709161017668
3,8905359313,dota2-lynx-pckcp-2026-07-20-game2,2026-07-20T12:49:30.119000+00:00,-13.066801000000037,1.0719897347249998,-11.994811265275038
3,8905490238,dota2-z10-nemiga-2026-07-20-game1,2026-07-20T14:13:02.081000+00:00,-52.97400000000001,0.9383656199999999,-52.03563438000001
3,8905612460,dota2-z10-nemiga-2026-07-20-game2,2026-07-20T15:25:40.567000+00:00,0.1676000000000002,0.04649643,0.2140964300000002
3,8905741721,dota2-spirit1-jenz-2026-07-20-game1,2026-07-20T16:55:30.580000+00:00,-2.280000000000001,0.269667,-2.010333000000001
3,8905885788,dota2-spirit1-jenz-2026-07-20-game2,2026-07-20T18:35:45.253000+00:00,-2.664901660000001,0.0920979448635,-2.5728037151365006
3,8905975768,dota2-lvlup1-ill-2026-07-20-game1,2026-07-20T19:45:16.612000+00:00,-0.39000000000000057,0.09733424999999998,-0.2926657500000006
3,8906069414,dota2-lvlup1-ill-2026-07-20-game2,2026-07-20T20:59:36.536000+00:00,5.555599999999998,0.8208399,6.3764398999999985
3,8906479441,dota2-nemiga-dan-2026-07-21-game1,2026-07-21T07:24:02.590000+00:00,11.499708229999996,1.1100727525027498,12.609780982502746
3,8906547471,dota2-nemiga-dan-2026-07-21-game2,2026-07-21T08:48:51.736000+00:00,1.1999999999999993,0.12465000000000001,1.3246499999999992
3,8906626852,dota2-pckcp-stx-2026-07-21-game1,2026-07-21T10:17:03.931000+00:00,-1.0910747400000105,0.723945182229,-0.36712955777101053
3,8906706819,dota2-pckcp-stx-2026-07-21-game2,2026-07-21T11:28:10.072000+00:00,7.105427357601002e-15,1.0499921249999997,1.0499921250000068
3,8906814740,dota2-pckcp-stx-2026-07-21,2026-07-21T12:50:32.182000+00:00,-24.14240000000001,3.05863644,-21.08376356000001
3,8906911697,dota2-lynx-spirit1-2026-07-21-game1,2026-07-21T14:01:22.509000+00:00,-3.7402000000000015,1.08744693,-2.6527530700000015
3,8907021823,dota2-lynx-spirit1-2026-07-21-game2,2026-07-21T14:54:33.550000+00:00,-7.5,0.613935,-6.886065
3,8907114935,dota2-lynx-spirit1-2026-07-21,2026-07-21T15:55:17.448000+00:00,-34.95,1.54332375,-33.406676250000004
3,8907236730,dota2-jenz-lynx-2026-07-21-game1,2026-07-21T17:22:36.365000+00:00,0.0,0.0,0.0
3,8907319204,dota2-jenz-lynx-2026-07-21-game2,2026-07-21T18:19:16.673000+00:00,-39.842,0.852814605,-38.989185395
3,8907510684,dota2-z10-aion-2026-07-21-game2,2026-07-21T20:45:41.820000+00:00,0.0,0.0,0.0
3,8907942033,dota2-ill-dan-2026-07-22-game1,2026-07-22T07:18:07.776000+00:00,0.0,0.0,0.0
3,8907997366,dota2-ill-dan-2026-07-22-game2,2026-07-22T08:30:21.640000+00:00,-7.455852680000037,0.9753798770159999,-6.480472802984037
3,8908178087,dota2-nemiga-aion-2026-07-22-game2,2026-07-22T11:35:02.272000+00:00,-0.25,0.08021325,-0.16978675
3,8908313996,dota2-stx-spirit1-2026-07-22-game1,2026-07-22T13:26:43.307000+00:00,0.04526736000000753,0.19480160750400005,0.24006896750400758
3,8908486051,dota2-stx-spirit1-2026-07-22-game2,2026-07-22T15:03:55.390000+00:00,21.28468592999998,0.73413781187025,22.018823741870232
3,8908612824,dota2-stx-spirit1-2026-07-22,2026-07-22T16:27:56.948000+00:00,2.633500000000021,1.8061811774999998,4.439681177500021
3,8908710300,dota2-z10-lvlup1-2026-07-22-game1,2026-07-22T17:40:32.974000+00:00,-18.72590000000004,1.6071230625,-17.118776937500037
3,8908926344,dota2-z10-lvlup1-2026-07-22,2026-07-22T20:21:42.790000+00:00,23.077199999999976,1.4227093799999997,24.499909379999977
3,8909388284,dota2-dan-z10-2026-07-23-game1,2026-07-23T07:17:23.633000+00:00,0.35999999999999943,0.059049,0.41904899999999945
3,8909443684,dota2-dan-z10-2026-07-23-game2,2026-07-23T08:24:14.078000+00:00,-10.89130193000002,0.78476532359175,-10.10653660640827
3,8909498494,dota2-dan-z10-2026-07-23,2026-07-23T09:35:42.112000+00:00,-0.7999999999999972,0.1305,-0.6694999999999971
3,8909658828,dota2-spirit1-pckcp-2026-07-23-game2,2026-07-23T11:56:35.158000+00:00,-8.77680079999999,1.08557171676,-7.691229083239989
3,8909780227,dota2-spirit1-pckcp-2026-07-23,2026-07-23T13:29:29.880000+00:00,8.745999999999995,0.32351454,9.069514539999995
3,8910104556,dota2-jenz-kw1-2026-07-23-game2,2026-07-23T16:47:57.620000+00:00,-6.119999999999997,0.1149795,-6.005020499999998
3,8910216725,dota2-jenz-kw1-2026-07-23,2026-07-23T18:09:02.529000+00:00,-0.8599999999999977,0.166005,-0.6939949999999977
3,8910344715,dota2-lvlup1-aion-2026-07-23-game1,2026-07-23T19:45:58.831000+00:00,20.9384,0.8921138399999999,21.830513840000002
3,8910461593,dota2-lvlup1-aion-2026-07-23-game2,2026-07-23T21:18:59.726000+00:00,-4.4517999999999995,0.18788671499999998,-4.263913284999999
3,8910535715,dota2-lvlup1-aion-2026-07-23,2026-07-23T22:37:28.157000+00:00,3.919923299999997,0.232356515175,4.152279815174997
3,8910589445,dota2-nemiga-ill-2026-07-23-game1,2026-07-23T23:33:41.369000+00:00,-20.489799999999992,1.4664791699999997,-19.023320829999992
3,8910670427,dota2-nemiga-ill-2026-07-23,2026-07-24T01:26:47.762000+00:00,-8.433599999999998,1.5513047399999997,-6.8822952599999985
3,8910982575,dota2-aion-dan-2026-07-24-game2,2026-07-24T08:39:31.809000+00:00,0.0,0.0,0.0
3,8911277378,dota2-kw1-stx-2026-07-24-game2,2026-07-24T13:08:23.857000+00:00,57.13563245999996,1.051085660361,58.18671812036096
3,8911784562,dota2-z10-ill-2026-07-24-game1,2026-07-24T18:00:21.302000+00:00,-9.463199999999983,0.9360777600000001,-8.527122239999983
3,8911916389,dota2-z10-ill-2026-07-24-game2,2026-07-24T19:32:36.981000+00:00,4.049999999999983,2.60376897,6.653768969999983
3,8912045230,dota2-nemiga-lvlup1-2026-07-24-game1,2026-07-24T21:05:49.488000+00:00,-8.794023039999999,3.090340346688,-5.703682693311999
3,8912123729,dota2-nemiga-lvlup1-2026-07-24-game2,2026-07-24T22:15:39.296000+00:00,0.0,0.0,0.0
3,8912551235,dota2-ill-aion-2026-07-25-game1,2026-07-25T07:19:52.253000+00:00,2.34,0.0964665,2.4364665
3,8912622476,dota2-ill-aion-2026-07-25-game2,2026-07-25T08:27:06.996000+00:00,-12.271824679999948,0.588976451157,-11.682848228842948
3,8912758286,dota2-pckcp-jenz-2026-07-22-game1,2026-07-25T10:25:45.605000+00:00,-31.122899999999987,1.1975340375,-29.92536596249999
3,8912831712,dota2-pckcp-jenz-2026-07-22-game2,2026-07-25T11:23:26.682000+00:00,-18.056399999999986,1.3113746700000002,-16.745025329999986
3,8912974141,dota2-pckcp-jenz-2026-07-22,2026-07-25T13:02:19.241000+00:00,-1.7999999999999972,0.335205,-1.4647949999999972
3,8913307206,dota2-kw1-pckcp-2026-07-25-game1,2026-07-25T16:28:48.834000+00:00,0.0,0.0,0.0
3,8913598312,dota2-lynx-kw1-2026-07-25-game1,2026-07-25T19:28:05.257000+00:00,-5.6200000000000045,0.5616705,-5.058329500000005
3,8913726962,dota2-lynx-kw1-2026-07-25-game2,2026-07-25T20:57:15.562000+00:00,-0.16000000000000192,0.22237949999999998,0.06237949999999806
3,8913824141,dota2-lynx-kw1-2026-07-25,2026-07-25T22:21:39.642000+00:00,-35.032199999999975,1.7961927,-33.236007299999976
3,8914414410,dota2-nemiga-ill-2026-07-26-game1,2026-07-26T09:26:59.644000+00:00,-6.307178520000008,0.99234700104,-5.314831518960008
3,8914520562,dota2-nemiga-ill-2026-07-26-game2,2026-07-26T10:41:21.923000+00:00,-29.03219999999999,1.172658945,-27.85954105499999
3,8914637220,dota2-nemiga-ill-2026-07-26,2026-07-26T12:04:18.708000+00:00,0.0,0.0,0.0
3,8914749408,dota2-rearis-pckcp-2026-07-26-game1,2026-07-26T13:19:34.036000+00:00,-7.669199999999975,0.774742545,-6.8944574549999755
3,8914885598,dota2-rearis-pckcp-2026-07-26-game2,2026-07-26T14:24:02.001000+00:00,49.64150000000001,0.30260808749999996,49.944108087500005
3,8915002841,dota2-kw1-rearis-2026-07-26-game1,2026-07-26T15:32:54.677000+00:00,-39.92823289999998,0.7471051334834999,-39.18112776651648
3,8915137972,dota2-kw1-rearis-2026-07-26-game2,2026-07-26T16:47:26.165000+00:00,0.3000000000000007,0.024412499999999993,0.3244125000000007
3,8915271266,dota2-jenz-stx-2026-07-26-game1,2026-07-26T18:26:53.337000+00:00,13.22896608,0.237910675536,13.466876755536
3,8915390117,dota2-jenz-stx-2026-07-26-game2,2026-07-26T19:37:39.362000+00:00,0.5386000000000024,0.07957815,0.6181781500000024
3,8915498965,dota2-jenz-stx-2026-07-26,2026-07-26T20:57:43.107000+00:00,-0.20720084000002714,0.657387777606,0.45018693760597284
3,8916041863,dota2-lvlup1-pckcp-2026-07-27-game1,2026-07-27T09:21:33.291000+00:00,49.2304,0.8801472449999997,50.110547245
3,8916102349,dota2-lvlup1-pckcp-2026-07-27-game2,2026-07-27T10:12:46.876000+00:00,8.920000000000002,0.360831,9.280831000000001
3,8916245727,dota2-stx-nemiga-2026-07-27-game1,2026-07-27T12:25:46.061000+00:00,0.13400000000002876,0.5397779999999999,0.6737780000000286
3,8916384577,dota2-stx-nemiga-2026-07-27-game2,2026-07-27T13:48:29.618000+00:00,29.314100000000067,5.8879020375,35.202002037500066
3,8916474664,dota2-stx-nemiga-2026-07-27,2026-07-27T14:44:54.132000+00:00,4.401199999999989,1.73309985,6.134299849999989
3,8917611319,dota2-pr1-nemiga-2026-07-28-game2,2026-07-28T10:17:02.190000+00:00,-1.3879999999999981,0.4825035,-0.9054964999999982
3,8917675823,dota2-pr1-nemiga-2026-07-28,2026-07-28T11:19:25.327000+00:00,19.559399999999982,1.8253148849999998,21.384714884999983
3,8917738415,dota2-nh-pckcp-2026-07-28-game1,2026-07-28T12:16:10.015000+00:00,-0.25980077999999995,0.095499987309,-0.16430079269099995
3,8917853656,dota2-nh-pckcp-2026-07-28-game2,2026-07-28T13:23:44.955000+00:00,-0.657,1.03536576,0.3783657599999999
3,8918052500,dota2-pckcp-kw1-2026-07-28-game1,2026-07-28T15:24:46.769000+00:00,0.0,0.0,0.0
3,8918176547,dota2-pckcp-kw1-2026-07-28-game2,2026-07-28T16:37:04.197000+00:00,69.63784809999999,0.6743393483625,70.31218744836248
3,8919264561,dota2-rearis-z10-2026-07-29-game1,2026-07-29T12:23:03.580000+00:00,15.983365039999988,0.749713916832,16.73307895683199
3,8919404744,dota2-rearis-z10-2026-07-29-game2,2026-07-29T13:48:28.368000+00:00,1.4010000000000105,2.534191725,3.9351917250000104
3,8919546613,dota2-amaru-nemiga-2026-07-29-game1,2026-07-29T15:15:30.082000+00:00,-51.29830048000001,1.4965709901959998,-49.80172948980401
3,8919685210,dota2-amaru-nemiga-2026-07-29-game2,2026-07-29T16:34:50.427000+00:00,-2.504800620000003,0.1419457170705,-2.3628549029295027
3,8919803916,dota2-amaru-nemiga-2026-07-29,2026-07-29T18:02:17.532000+00:00,46.372278950000016,2.7654563001187498,49.137735250118766
3,8920655724,dota2-pckcp-z10-2026-07-30-game2,2026-07-30T10:32:16.617000+00:00,0.0,0.0,0.0
3,8920897425,dota2-lvlup1-z10-2026-07-30-game2,2026-07-30T13:37:44.606000+00:00,-14.600000000000023,1.164375,-13.435625000000023
3,8921002620,dota2-lvlup1-z10-2026-07-30,2026-07-30T14:47:46.063000+00:00,60.94369999999998,2.7262183875,63.669918387499976
3,8921162227,dota2-amaru-pr1-2026-07-30-game1,2026-07-30T16:32:24.441000+00:00,28.20689999999999,1.0923122025,29.29921220249999
3,8921281044,dota2-amaru-pr1-2026-07-30-game2,2026-07-30T17:34:28.519000+00:00,0.0,0.0,0.0
3,8921949036,dota2-re-midas3-2026-07-31-game1,2026-07-31T06:23:42.906000+00:00,0.0,0.0,0.0
3,8922016200,dota2-re-midas3-2026-07-31-game2,2026-07-31T07:39:14.850000+00:00,0.0,0.0,0.0
3,8922074642,dota2-vg-amaru-2026-07-31-game1,2026-07-31T08:46:41.467000+00:00,-9.620599999999996,0.17029608000000002,-9.450303919999996
3,8922137329,dota2-vg-amaru-2026-07-31-game2,2026-07-31T09:48:16.177000+00:00,0.3000000000000007,0.0291825,0.3291825000000007
3,8922133239,dota2-tr7-playti-2026-07-31-game1,2026-07-31T09:57:34.446000+00:00,-7.166083699999973,1.5857875347375,-5.580296165262473
3,8922186876,dota2-vg-amaru-2026-07-31,2026-07-31T10:40:33.810000+00:00,12.820499999999981,0.6013455525,13.421845552499981
3,8922211678,dota2-tr7-playti-2026-07-31-game2,2026-07-31T11:00:53.806000+00:00,6.459600000000023,0.7958443499999999,7.2554443500000225
3,8922300474,dota2-enjoy-glyph-2026-07-31-game1,2026-07-31T12:14:29.331000+00:00,6.281786200000006,0.6305203614,6.9123065614000065
3,8922339160,dota2-l1ga-rnx-2026-07-31-game1,2026-07-31T12:44:09.822000+00:00,16.2384,2.1646599,18.4030599
3,8922400300,dota2-enjoy-glyph-2026-07-31-game2,2026-07-31T13:24:39.311000+00:00,31.372799999999984,1.44648216,32.819282159999986
3,8922433138,dota2-l1ga-rnx-2026-07-31-game2,2026-07-31T13:42:06.325000+00:00,-8.54409006000003,0.980176742847,-7.56391331715303
3,8922552315,dota2-l1ga-rnx-2026-07-31,2026-07-31T14:55:23.609000+00:00,3.508800000000008,1.28606292,4.794862920000008
3,8922602122,dota2-yb1-z10-2026-07-31-game1,2026-07-31T15:28:08.646000+00:00,-12.866299999999995,3.7400219175,-9.126278082499995
3,8922722577,dota2-yb1-z10-2026-07-31-game2,2026-07-31T16:35:25.057000+00:00,-11.017200000000003,1.027491615,-9.989708385000002
3,8922818221,dota2-xtreme-lgd-2026-07-31-game1,2026-07-31T17:51:24.199000+00:00,-25.391999999999996,4.22237004,-21.169629959999995
3,8922940920,dota2-xtreme-lgd-2026-07-31-game2,2026-07-31T19:09:48.720000+00:00,37.087200000000024,2.7499986,39.83719860000002
3,8923040358,dota2-xtreme-lgd-2026-07-31,2026-07-31T20:28:40.570000+00:00,0.0,0.0,0.0
3,8923506996,dota2-midas3-tr7-2026-08-01-game1,2026-08-01T05:43:01.223000+00:00,0.0,0.0,0.0
3,8923579943,dota2-midas3-tr7-2026-08-01-game2,2026-08-01T07:02:32.143000+00:00,-62.33459999999997,1.263537855,-61.07106214499997
3,8923643650,dota2-midas3-tr7-2026-08-01,2026-08-01T08:08:01.087000+00:00,10.869499999999988,0.16744464749999996,11.036944647499988
3,8923704450,dota2-yes-vg-2026-08-01-game1,2026-08-01T09:01:56.739000+00:00,1.8566000000000145,1.843823715,3.7004237150000145
3,8923780137,dota2-re-playti-2026-08-01-game1,2026-08-01T10:09:39.721000+00:00,-13.543999999999954,1.3719325199999999,-12.172067479999955
3,8923790600,dota2-yes-vg-2026-08-01-game2,2026-08-01T10:14:11.317000+00:00,5.333400000000012,0.729209115,6.062609115000011
3,8923874259,dota2-re-playti-2026-08-01-game2,2026-08-01T11:26:12.956000+00:00,19.102800000000002,0.54482265,19.647622650000002
3,8923899787,dota2-enjoy-yb1-2026-08-01-game1,2026-08-01T11:45:49.553000+00:00,-29.280199999999997,0.443956785,-28.836243214999996
3,8924057168,dota2-l1ga-lgd-2026-08-01-game1,2026-08-01T13:34:16.709000+00:00,-1.8246000000000002,0.203032365,-1.6215676350000003
3,8924222714,dota2-l1ga-lgd-2026-08-01-game2,2026-08-01T15:02:43.462000+00:00,0.0,0.0,0.0
3,8924328537,dota2-glyph-z10-2026-08-01-game1,2026-08-01T15:59:42.950000+00:00,-84.36119999999995,1.22645817,-83.13474182999995
3,8924367779,dota2-l1ga-lgd-2026-08-01,2026-08-01T16:23:12.450000+00:00,-20.925471000000044,0.73482054525,-20.190650454750045
3,8924468754,dota2-glyph-z10-2026-08-01-game2,2026-08-01T17:25:49.795000+00:00,0.8835999999999977,0.20136495,1.0849649499999976
3,8924530036,dota2-rnx-xtreme-2026-08-01-game1,2026-08-01T18:06:50.164000+00:00,8.250699999999995,0.8421684525,9.092868452499994
3,8924616191,dota2-rnx-xtreme-2026-08-01-game2,2026-08-01T19:06:22.446000+00:00,-6.0,0.1035,-5.8965
3,8925210898,dota2-playti-xctn-2026-08-02-game1,2026-08-02T05:28:20.542000+00:00,-32.58734742999998,1.7825627527747498,-30.80478467722523
3,8925308090,dota2-playti-xctn-2026-08-02-game2,2026-08-02T07:03:47.891000+00:00,-1.6515999999999735,0.9642192599999999,-0.6873807399999736
3,8925543582,dota2-yes-tr7-2026-08-02-game1,2026-08-02T10:44:16.945000+00:00,-0.9090999999999951,1.6185817875,0.7094817875000048
3,8925703946,dota2-yes-tr7-2026-08-02-game2,2026-08-02T11:58:57.158000+00:00,10.714199999999977,1.307935965,12.022135964999977
3,8925847726,dota2-yes-tr7-2026-08-02,2026-08-02T13:17:43.701000+00:00,0.0,0.0,0.0
3,8926022375,dota2-rnx-yb1-2026-08-02-game1,2026-08-02T15:09:53.856000+00:00,53.08580000000006,4.602120794999999,57.68792079500006
3,8926232913,dota2-rnx-yb1-2026-08-02-game2,2026-08-02T16:42:19.665000+00:00,-9.698101699999995,1.1552509671450002,-8.542850732854994
3,8926381426,dota2-rnx-yb1-2026-08-02,2026-08-02T18:14:10.009000+00:00,-0.10000000000000009,0.0184725,-0.08152750000000009
3,8926523280,dota2-z10-lgd-2026-08-02-game1,2026-08-02T19:59:32.068000+00:00,0.0,0.0,0.0
3,8926636219,dota2-z10-lgd-2026-08-02-game2,2026-08-02T21:07:31.416000+00:00,-16.667,0.556261125,-16.110738875000003
3,8927063876,dota2-glyph-playti-2026-08-03-game2,2026-08-03T06:55:36.873000+00:00,38.05405822000003,1.560894566607,39.61495278660703
3,8927132943,dota2-glyph-playti-2026-08-03,2026-08-03T08:27:35.152000+00:00,12.359688360000035,1.172739963888,13.532428323888036
3,8927207054,dota2-xtreme-tr7-2026-08-03-game1,2026-08-03T10:00:05.212000+00:00,8.824908189999974,0.93419168388825,9.759099873888223
3,8927288399,dota2-xtreme-tr7-2026-08-03-game2,2026-08-03T11:00:48.642000+00:00,0.9795891000000427,2.0010294948675,2.9806185948675425
3,8927380776,dota2-xtreme-tr7-2026-08-03,2026-08-03T12:15:30.661000+00:00,-15.998202600000013,1.0257739885650001,-14.972428611435014
3,8927539264,dota2-vg-yb1-2026-08-03-game1,2026-08-03T14:05:56.825000+00:00,67.2644,0.48781866,67.75221866
3,8927660975,dota2-vg-yb1-2026-08-03-game2,2026-08-03T15:05:20.968000+00:00,0.4795972000000006,0.60381976746,1.0834169674600007
3,8927760296,dota2-vg-yb1-2026-08-03,2026-08-03T16:18:19.713000+00:00,-0.40300081,0.12716302311675,-0.27583778688325
3,8927926397,dota2-re-lgd-2026-08-03-game1,2026-08-03T18:09:03.381000+00:00,0.6823318,0.99997850514,1.6823103051400001
3,8928050264,dota2-re-lgd-2026-08-03-game2,2026-08-03T19:19:18.313000+00:00,9.071575700000011,0.554774645325,9.626350345325012
3,8928163118,dota2-re-lgd-2026-08-03,2026-08-03T20:43:38.722000+00:00,-41.81160000000003,2.3509103849999997,-39.46068961500003
3,8928851109,dota2-playti-tr7-2026-08-04-game1,2026-08-04T11:30:07.829000+00:00,0.0,0.0,0.0
3,8928953683,dota2-playti-tr7-2026-08-04-game2,2026-08-04T12:46:11.879000+00:00,5.773715599999974,1.22790805182,7.001623651819974
3,8929124210,dota2-yb1-re-2026-08-04-game1,2026-08-04T14:38:55.576000+00:00,0.0,0.0,0.0
3,8929276426,dota2-yb1-re-2026-08-04-game2,2026-08-04T15:54:25.550000+00:00,0.9999994300000001,0.00442499747775,1.00442442747775
3,8929365099,dota2-yb1-re-2026-08-04,2026-08-04T16:51:08.308000+00:00,38.24420358000006,3.8442203139915003,42.08842389399156
3,8930200713,dota2-tr7-re-2026-08-05-game1,2026-08-05T08:20:38.811000+00:00,-0.2965760999999958,0.3298669384874999,0.03329083848750414
3,8930258778,dota2-tr7-re-2026-08-05-game2,2026-08-05T09:25:42.941000+00:00,32.60149999999997,2.9672666775000005,35.56876667749997
3,8930398938,dota2-playti-yb1-2026-08-05-game1,2026-08-05T12:24:04.133000+00:00,-39.024100989999965,3.70376627019825,-35.320334719801714
3,8930615242,dota2-playti-yb1-2026-08-05-game2,2026-08-05T14:02:56.166000+00:00,57.534582599999965,1.724610755925,59.259193355924964
3,8930736914,dota2-playti-yb1-2026-08-05-game3,2026-08-05T15:09:49.519000+00:00,0.0,0.0,0.0
3,8931781241,dota2-lvlup1-rearis-2026-08-06-game1,2026-08-06T09:28:03.156000+00:00,0.0,0.0,0.0
3,8931852727,dota2-lvlup1-rearis-2026-08-06-game2,2026-08-06T10:30:33.624000+00:00,-35.189800000000005,0.87171921,-34.31808079
3,8931981851,dota2-rearis-nh-2026-08-06-game1,2026-08-06T12:26:15.226000+00:00,21.119999999999976,0.8090279999999999,21.929027999999978
3,8932085762,dota2-rearis-nh-2026-08-06-game2,2026-08-06T13:20:21.204000+00:00,0.0,0.0,0.0
3,8932181345,dota2-rearis-nh-2026-08-06,2026-08-06T14:22:22.478000+00:00,4.373183730000029,0.24918459365474996,4.622368323654779
3,8932318084,dota2-nh-lvlup1-2026-08-06-game1,2026-08-06T15:34:15.395000+00:00,-37.218299999999985,0.7933544775000001,-36.42494552249998
3,8932413808,dota2-nh-lvlup1-2026-08-06-game2,2026-08-06T16:23:29.211000+00:00,0.0,0.0,0.0
3,8932523868,dota2-nh-lvlup1-2026-08-06,2026-08-06T17:36:18.454000+00:00,-13.188900000000018,1.4682207375,-11.720679262500019
3,8932657929,dota2-ill-pr1-2026-08-06-game1,2026-08-06T19:12:10.345000+00:00,-36.126600000000025,0.6466467149999999,-35.47995328500002
3,8932835800,dota2-ill-pr1-2026-08-06,2026-08-06T21:22:55.783000+00:00,-23.800470800000042,1.0324152948599998,-22.76805550514004
3,8933374169,dota2-nh-z10-2026-08-07-game1,2026-08-07T09:29:47.916000+00:00,0.0,0.0,0.0
3,8933453728,dota2-nh-z10-2026-08-07-game2,2026-08-07T10:40:19.376000+00:00,0.0,0.0,0.0
3,8933575351,dota2-ill-stx-2026-08-07-game1,2026-08-07T12:33:02.695000+00:00,0.0,0.0,0.0
3,8933704579,dota2-ill-stx-2026-08-07-game2,2026-08-07T13:44:43.178000+00:00,2.022900000000007,0.8404221375,2.863322137500007
3,8933879286,dota2-pr1-jenz-2026-08-07-game1,2026-08-07T15:25:51.002000+00:00,-11.307599999999995,0.40855529999999995,-10.899044699999996
3,8933988979,dota2-pr1-jenz-2026-08-07-game2,2026-08-07T16:29:38.697000+00:00,-0.07637876000000077,0.095078247606,0.018699487605999238
3,8934184387,dota2-jenz-nemiga-2026-08-07-game1,2026-08-07T18:35:03.983000+00:00,0.0,0.0,0.0
3,8934279386,dota2-jenz-nemiga-2026-08-07-game2,2026-08-07T19:33:30.612000+00:00,0.0,0.0,0.0
3,8936825643,dota2-pr1-yes-2026-08-09-game1,2026-08-09T09:22:32.992000+00:00,7.355845500000001,0.6870588206249999,8.042904320625
3,8937080738,dota2-pr1-yes-2026-08-09,2026-08-09T12:20:23.208000+00:00,31.51022125,3.5023824126562504,35.012603662656254
3,8937188618,dota2-lvlup1-mouz-2026-08-09-game1,2026-08-09T13:17:49.636000+00:00,-3.8787999999999947,0.482990445,-3.3958095549999947
3,8937335830,dota2-lvlup1-mouz-2026-08-09-game2,2026-08-09T14:27:35.299000+00:00,-23.396000000000015,1.8073464899999998,-21.588653510000015
3,8937484593,dota2-ill-re-2026-08-09-game1,2026-08-09T15:55:00.679000+00:00,-1.517599999999999,0.10136556,-1.4162344399999989
3,8937631882,dota2-ill-re-2026-08-09-game2,2026-08-09T17:12:21.447000+00:00,1.5,0.030952499999999997,1.5309525
3,8937722788,dota2-z10-navi-2026-08-09-game1,2026-08-09T18:17:16.930000+00:00,-28.943099999999987,2.3488045875,-26.59429541249999
3,8938509987,dota2-pr1-mouz-2026-08-10-game1,2026-08-10T09:24:47.767000+00:00,3.6380834999999507,2.9019529680375,6.540036468037451
3,8938565057,dota2-pr1-mouz-2026-08-10-game2,2026-08-10T10:12:07.159000+00:00,-2.4506999999999834,1.3474178625,-1.1032821374999835
3,8938634026,dota2-pr1-mouz-2026-08-10,2026-08-10T11:15:54.851000+00:00,-6.000000000000014,0.7432499999999999,-5.2567500000000145
3,8938716198,dota2-ill-z10-2026-08-10-game1,2026-08-10T12:25:50.383000+00:00,1.8449990399999974,0.283526621328,2.1285256613279975
3,8939023869,dota2-yes-lvlup1-2026-08-10-game1,2026-08-10T15:24:37.289000+00:00,46.66620000000006,1.08098919,47.74718919000006
3,8940059913,dota2-lvlup1-navi-2026-08-11-game1,2026-08-11T09:16:02.605000+00:00,8.361000000000004,0.17382519,8.534825190000005
3,8940117837,dota2-lvlup1-navi-2026-08-11-game2,2026-08-11T10:12:11.551000+00:00,-8.79800062999999,0.45205334702324995,-8.34594728297674
3,8940266495,dota2-mouz-re-2026-08-11-game1,2026-08-11T12:16:13.042000+00:00,2.004400000000004,0.7519058399999999,2.756305840000004
3,8940365227,dota2-mouz-re-2026-08-11-game2,2026-08-11T13:12:04.281000+00:00,-17.298899999999996,0.8017674075,-16.497132592499995
3,8940487898,dota2-mouz-re-2026-08-11,2026-08-11T14:25:06.999000+00:00,14.676305299999955,1.5547183303875,16.231023630387455
3,8940643574,dota2-yes-z10-2026-08-11-game1,2026-08-11T15:45:57.067000+00:00,59.08399999999992,4.14447852,63.22847851999992
3,8940756672,dota2-yes-z10-2026-08-11-game2,2026-08-11T16:48:25.758000+00:00,-0.8258321599999991,0.053656376422500006,-0.7721757835774992
3,8941656460,dota2-lvlup1-re-2026-08-12-game1,2026-08-12T09:19:34.658000+00:00,16.53249999999997,1.7465993475,18.27909934749997
3,8941733752,dota2-lvlup1-re-2026-08-12-game2,2026-08-12T10:35:42.245000+00:00,12.01679999999996,2.69180052,14.708600519999962
3,8941817475,dota2-lvlup1-re-2026-08-12,2026-08-12T11:50:26.039000+00:00,9.999899999999997,1.1827381725,11.182638172499997
3,8942003788,dota2-navi-lvlup1-2026-08-12-game1,2026-08-12T13:42:36.457000+00:00,5.816500000000019,0.665427765,6.4819277650000195
3,8942152024,dota2-navi-lvlup1-2026-08-12-game2,2026-08-12T14:50:30.897000+00:00,0.8999999999999986,0.20999250000000003,1.1099924999999986
3,8942262723,dota2-navi-lvlup1-2026-08-12-game3,2026-08-12T15:53:47.795000+00:00,12.251339039999976,0.44426905654800003,12.695608096547977
3,8962372120,dota2-ic-nemiga-2026-08-24-game1,2026-08-24T07:17:08.649000+00:00,-3.1851265000000026,0.397094184375,-2.788032315625003
3,8962458373,dota2-ic-nemiga-2026-08-24-game2,2026-08-24T08:26:45.454000+00:00,-0.538461,1.3826236173750002,0.8441626173750002
3,8962592819,dota2-ks-lynx-2026-08-24-game1,2026-08-24T10:19:27.562000+00:00,3.3214000000000024,0.44433033,3.7657303300000025
3,8962736746,dota2-ks-lynx-2026-08-24-game2,2026-08-24T11:33:18.452000+00:00,5.893032319999982,0.40747534516799994,6.300507665167982
3,8962964580,dota2-sb5-stx-2026-08-24-game1,2026-08-24T13:25:23.881000+00:00,1.2002772300000002,0.006391476249750001,1.20666870624975
3,8963508714,dota2-rearis-lynx-2026-08-24-game2,2026-08-24T17:37:20.349000+00:00,-8.233826560000008,0.937786325148,-7.296040234852008
3,8963649188,dota2-dynast1-fts-2026-08-24-game1,2026-08-24T19:15:00.848000+00:00,51.28489999999999,0.6759758175,51.960875817499996
3,8963790789,dota2-dynast1-fts-2026-08-24-game2,2026-08-24T20:20:45.642000+00:00,8.050700000000012,0.8716584525000001,8.922358452500012
3,8964399842,dota2-pckcp-nemiga-2026-08-25-game1,2026-08-25T07:22:10.248000+00:00,-5.601900609999962,1.49098689470925,-4.110913715290712
3,8964480771,dota2-pckcp-nemiga-2026-08-25-game2,2026-08-25T08:31:41.723000+00:00,6.4307990000000075,1.5121697226,7.942968722600007
3,8964574076,dota2-pckcp-nemiga-2026-08-25,2026-08-25T09:52:05.670000+00:00,0.019999999999997797,0.24689249999999996,0.26689249999999776
3,8964657335,dota2-fts-pckcp-2026-08-25-game1,2026-08-25T10:52:11.864000+00:00,9.720999999999975,0.604694805,10.325694804999975
3,8964837315,dota2-fts-pckcp-2026-08-25-game2,2026-08-25T12:34:06.314000+00:00,-33.19693593999999,1.702573922979,-31.49436201702099
3,8964962329,dota2-ic-fts-2026-08-25-game1,2026-08-25T13:50:36.471000+00:00,1.4000000000000021,0.04815,1.448150000000002
3,8965097316,dota2-ic-fts-2026-08-25-game2,2026-08-25T14:41:01.046000+00:00,-1.4811849600000073,0.3241800927479999,-1.1570048672520075
3,8964938940,dota2-rearis-spirit1-2026-08-25-game1,2026-08-25T16:23:39.394000+00:00,-0.0013423200000008961,0.12289882072200001,0.12155650072199911
3,8965544741,dota2-rearis-spirit1-2026-08-25,2026-08-25T18:44:21.316000+00:00,-21.20330000000005,0.9107453325,-20.29255466750005
3,8969842778,dota2-pckcp-ic-2026-08-28-game2,2026-08-28T08:21:21.985000+00:00,14.818614379999985,1.333109581761,16.151723961760986
3,8969978865,dota2-rearis-sb5-2026-08-28-game1,2026-08-28T10:27:01.322000+00:00,2.137000000000011,0.507272625,2.6442726250000113
3,8970089224,dota2-rearis-sb5-2026-08-28-game2,2026-08-28T11:41:09.553000+00:00,0.9600000000000009,0.057456,1.0174560000000008
3,8970207176,dota2-rearis-sb5-2026-08-28,2026-08-28T12:56:49.576000+00:00,1.2138330399999973,0.5812847232839999,1.7951177632839972
3,8970338180,dota2-synaps-nemiga-2026-08-28-game1,2026-08-28T14:09:13.367000+00:00,0.5763784499999991,0.026028612731249998,0.6024070627312491
3,8970352005,dota2-dynast1-ic-2026-08-28-game1,2026-08-28T14:10:35.964000+00:00,0.14999999999999947,0.05529375,0.20529374999999947
3,8970470057,dota2-synaps-nemiga-2026-08-28-game2,2026-08-28T15:09:53.245000+00:00,-0.3675000000000006,0.027358537499999995,-0.3401414625000006
3,8970485789,dota2-dynast1-ic-2026-08-28-game2,2026-08-28T15:14:26.848000+00:00,-32.25105896,1.521128600634,-30.729930359366
3,8970575970,dota2-synaps-nemiga-2026-08-28,2026-08-28T16:02:11.965000+00:00,21.778317039999976,1.351348346232,23.129665386231977
3,8970655100,dota2-dynast1-ic-2026-08-28,2026-08-28T16:43:34.585000+00:00,-29.756658990000005,0.96573903168975,-28.790919958310255
3,8970886632,dota2-dynast1-pckcp-2026-08-28-game2,2026-08-28T18:51:22.084000+00:00,1.4957090000000095,1.227815473125,2.7235244731250097
3,8971007454,dota2-ks-rearis-2026-08-28-game1,2026-08-28T20:11:41.712000+00:00,-4.253499999999988,1.0521600375,-3.201339962499988
3,8971016820,dota2-fts-nemiga-2026-08-28-game1,2026-08-28T20:17:43.711000+00:00,0.0,0.0,0.0
3,8971111987,dota2-ks-rearis-2026-08-28-game2,2026-08-28T21:24:47.695000+00:00,-1.8844162000000013,0.065324173275,-1.8190920267250013
3,8971423978,dota2-db2-satan-2026-08-28-game2,2026-08-29T03:20:55.120000+00:00,0.0,0.0,0.0
3,8971501630,dota2-nexus-cres-2026-08-28,2026-08-29T04:51:09.441000+00:00,1.2453109999999992,0.07698803039999999,1.322299030399999
3,8971519375,dota2-nem-6seven-2026-08-29-game1,2026-08-29T05:14:15.579000+00:00,-3.6000000000000085,0.209682,-3.3903180000000086
3,8971586781,dota2-nem-6seven-2026-08-29-game2,2026-08-29T06:13:46.689000+00:00,0.5119999999999987,0.34782504000000003,0.8598250399999987
3,8971664649,dota2-nem-6seven-2026-08-29,2026-08-29T07:24:10.704000+00:00,0.20000000000000018,0.03735,0.23735000000000017
3,8971753986,dota2-icecre-kineti-2026-08-29-game1,2026-08-29T08:38:12.829000+00:00,0.0,0.0,0.0
3,8971849697,dota2-icecre-kineti-2026-08-29-game2,2026-08-29T09:43:14.699000+00:00,0.35519999999999996,0.040093199999999996,0.39529319999999996
3,8971891627,dota2-dynast1-nemiga-2026-08-29-game1,2026-08-29T10:17:49.464000+00:00,0.43714248000000033,0.04701619096199999,0.4841586709620003
3,8971964803,dota2-mouz-yes-2026-08-29-game1,2026-08-29T11:13:49.271000+00:00,4.780052329999982,0.57296453693475,5.353016866934732
3,8971988345,dota2-sb5-lynx-2026-08-29-game1,2026-08-29T11:21:30.742000+00:00,-3.780584280000003,0.130719195456,-3.649865084544003
3,8972103119,dota2-sb5-lynx-2026-08-29-game2,2026-08-29T12:31:54.536000+00:00,-8.660029800000004,0.49692975025499997,-8.163100049745005
3,8972115962,dota2-mouz-yes-2026-08-29-game2,2026-08-29T12:36:59.931000+00:00,5.067149120000007,1.284056700978,6.351205820978007
3,8972289868,dota2-huliga-lynx-2026-08-29-game1,2026-08-29T14:15:10.550000+00:00,-43.920199999999966,3.18503049,-40.73516950999996
3,8972502454,dota2-huliga-lynx-2026-08-29-game2,2026-08-29T15:52:19.963000+00:00,-1.9677999999999827,1.113750225,-0.8540497749999827
3,8972611918,dota2-huliga-lynx-2026-08-29,2026-08-29T16:49:36.587000+00:00,8.102400000000006,1.93600584,10.038405840000006
3,8972773416,dota2-pi-lvlup1-2026-08-29-game1,2026-08-29T18:17:23.637000+00:00,8.589651999999994,0.7743095339999999,9.363961533999994
3,8972893200,dota2-pi-lvlup1-2026-08-29-game2,2026-08-29T19:20:53.860000+00:00,-25.210999999999956,1.0635141299999997,-24.147485869999954
3,8973011673,dota2-pi-lvlup1-2026-08-29,2026-08-29T20:33:12.059000+00:00,-1.6643,0.054774382499999996,-1.6095256175
3,8973010298,dota2-ks-spirit1-2026-08-29-game1,2026-08-29T20:38:42.759000+00:00,-4.05,0.039723749999999995,-4.0102762499999995
3,8973337131,dota2-icecre-xctn-2026-08-30-game1,2026-08-30T02:14:49.254000+00:00,0.0,0.0,0.0
3,8973405568,dota2-icecre-xctn-2026-08-30-game2,2026-08-30T03:19:55.483000+00:00,4.863121289999995,0.59972070116025,5.4628419911602455
3,8973462028,dota2-icecre-xctn-2026-08-30,2026-08-30T04:30:11.988000+00:00,-0.34771599999999836,0.3870540201,0.03933802010000165
3,8973502629,dota2-clo-yb1-2026-08-30-game1,2026-08-30T05:13:07.837000+00:00,-10.099499999999999,0.3151547774999999,-9.784345222499999
3,8973568453,dota2-clo-yb1-2026-08-30-game2,2026-08-30T06:12:50.377000+00:00,-3.316375939999986,0.2700382454895,-3.0463376945104863
3,8973613420,dota2-clo-yb1-2026-08-30,2026-08-30T07:04:46.677000+00:00,5.1073233000000045,0.21580076103749998,5.323124061037505
3,8973707438,dota2-lynx-lvlup1-2026-08-30-game1,2026-08-30T08:16:36.050000+00:00,-0.0025694999999963386,1.6308375991875002,1.6282680991875038
3,8973859403,dota2-lynx-lvlup1-2026-08-30-game2,2026-08-30T09:56:31.353000+00:00,-0.8384674500000031,0.31479189188624995,-0.5236755581137531
3,8973884000,dota2-nem-xctn-2026-08-30-game2,2026-08-30T10:12:32.710000+00:00,6.79901218000001,0.938223733731,7.73723591373101
3,8973944033,dota2-lynx-lvlup1-2026-08-30,2026-08-30T10:50:43.696000+00:00,0.17999999999999972,1.156681935,1.3366819349999997
3,8974185539,dota2-navi-mouz-2026-08-30-game2,2026-08-30T13:08:29.090000+00:00,-4.531599999999987,1.48327353,-3.048326469999987
3,8974647733,dota2-lvlup1-pr1-2026-08-30-game1,2026-08-30T17:09:16.077000+00:00,-11.229551859999987,1.6618488583545,-9.567703001645487
3,8974898633,dota2-lvlup1-pr1-2026-08-30,2026-08-30T19:25:58.777000+00:00,-23.399622750000006,1.78254505839375,-21.617077691606255
3,8975110449,dota2-dynast1-ks-2026-08-30-game2,2026-08-30T21:54:27.706000+00:00,13.889000000000038,0.7889646449999999,14.677964645000039
3,8975871235,dota2-synaps-lynx-2026-08-31-game1,2026-08-31T12:26:44.788000+00:00,-18.827802390000027,1.43837766630075,-17.38942472369928
3,8976012755,dota2-synaps-lynx-2026-08-31-game2,2026-08-31T13:41:35.303000+00:00,8.555200000000013,1.12280427,9.678004270000013
3,8976166971,dota2-synaps-lynx-2026-08-31,2026-08-31T15:09:07.826000+00:00,-5.236233679999998,0.933949313388,-4.302284366611998
3,8976300473,dota2-4iki-ic-2026-08-31-game1,2026-08-31T16:25:39.940000+00:00,0.49116040000000005,0.0431897418,0.5343501418000001
3,8976441468,dota2-4iki-ic-2026-08-31-game2,2026-08-31T17:43:06.122000+00:00,48.758800000000015,1.16976258,49.92856258000001
3,8976511215,dota2-4iki-ic-2026-08-31,2026-08-31T18:29:54.020000+00:00,69.89279223999998,1.3045765544039998,71.19736879440397
3,8976665322,dota2-spirit1-pi-2026-08-31-game1,2026-08-31T20:26:57.494000+00:00,21.995368060000004,1.008764466471,23.004132526471004
3,8976751962,dota2-spirit1-pi-2026-08-31-game2,2026-08-31T21:40:17.685000+00:00,0.0,0.0,0.0
3,8977325814,dota2-ks-pckcp-2026-09-01-game2,2026-09-01T10:26:27.059000+00:00,1.8452996400000004,0.18748055039399997,2.0327801903940004
3,8977476867,dota2-ic-lynx-2026-09-01-game1,2026-09-01T12:26:04.131000+00:00,8.657999479999987,0.7895399978159998,9.447539477815987
3,8977623650,dota2-ic-lynx-2026-09-01-game2,2026-09-01T13:53:28.128000+00:00,14.797599999999985,2.14388064,16.941480639999984
3,8977913355,dota2-synaps-lvlup1-2026-09-01-game2,2026-09-01T16:37:59.217000+00:00,4.940000000000005,0.13708499999999998,5.077085000000005
3,8978023576,dota2-synaps-lvlup1-2026-09-01,2026-09-01T17:45:54.185000+00:00,-37.62358144000001,1.1780094098879998,-36.44557203011201
3,8978832148,dota2-pr1-ic-2026-09-02-game1,2026-09-02T09:52:32.767000+00:00,17.31338201,0.60319159681725,17.916573606817252
3,8978916284,dota2-pr1-ic-2026-09-02-game2,2026-09-02T11:19:11.539000+00:00,0.0,0.0,0.0
3,8978986214,dota2-pr1-ic-2026-09-02,2026-09-02T12:20:55.440000+00:00,-5.479400000000027,0.8280743250000001,-4.6513256750000265
3,8979131280,dota2-dynast1-pckcp-2026-09-02-game1,2026-09-02T13:56:13.878000+00:00,0.0,0.0,0.0
3,8979241530,dota2-dynast1-pckcp-2026-09-02-game2,2026-09-02T14:56:18.245000+00:00,12.327500229999982,0.60368492106825,12.931185151068233
3,8979344496,dota2-synaps-4iki-2026-09-02-game1,2026-09-02T15:59:27.587000+00:00,0.17300932000000024,0.065619448356,0.23862876835600025
3,8980293569,dota2-z10-ks-2026-09-03-game1,2026-09-03T09:18:42.909000+00:00,-2.856335850000022,0.90833956302375,-1.947996286976272
3,8980358113,dota2-z10-ks-2026-09-03-game2,2026-09-03T10:27:20.250000+00:00,-4.747005850000015,0.6983368476412499,-4.048669002358765
3,8980463789,dota2-pckcp-spirit1-2026-09-03-game1,2026-09-03T12:14:02.762000+00:00,10.031852399999991,0.65784317274,10.689695572739991
3,8980769413,dota2-pi-dynast1-2026-09-03-game1,2026-09-03T15:17:23.998000+00:00,6.305913800000003,0.11923566830999997,6.4251494683100026
4,8837869969,dota2-aur1-ty-2026-06-04-game1,2026-06-04T09:17:47.612000+00:00,9.309899329999975,2.77455341003775,12.084452740037726
4,8837957019,dota2-aur1-ty-2026-06-04-game2,2026-06-04T11:05:49.570000+00:00,-52.82759999999996,5.32673319,-47.50086680999996
4,8838056564,dota2-flc-liquid-2026-06-04-game1,2026-06-04T12:43:48.535000+00:00,-49.483899999999984,1.7890007325,-47.694899267499984
4,8838170936,dota2-flc-liquid-2026-06-04-game2,2026-06-04T14:05:12.636000+00:00,-1.739000879999935,4.208561247096,2.469560367096065
4,8838396820,dota2-lgd-ty-2026-06-04-game2,2026-06-04T16:48:28.531000+00:00,-16.784400859999977,3.436284627033,-13.348116232966976
4,8838480778,dota2-lgd-ty-2026-06-04,2026-06-04T17:57:47.377000+00:00,-27.165101080000014,2.1704698221705,-24.994631257829514
4,8839123109,dota2-flc-bb4-2026-06-05-game1,2026-06-05T09:16:39.267000+00:00,-3.1526000000000067,0.763116285,-2.389483715000007
4,8839193447,dota2-flc-bb4-2026-06-05-game2,2026-06-05T10:38:10.594000+00:00,20.95087911000001,1.57749451060575,22.52837362060576
4,8839366504,dota2-lgd-liquid-2026-06-05-game2,2026-06-05T13:21:18.066000+00:00,6.8440000000000145,0.79792215,7.641922150000014
4,8839494962,dota2-flc-aur1-2026-06-05-game1,2026-06-05T14:52:18.684000+00:00,28.66500000000002,2.2501881,30.91518810000002
4,8839625815,dota2-flc-aur1-2026-06-05-game2,2026-06-05T16:13:53.150000+00:00,-0.28296492000000484,0.10691612135399998,-0.17604879864600487
4,8839717574,dota2-flc-aur1-2026-06-05,2026-06-05T17:21:15.591000+00:00,-12.023877680000055,2.066284104237,-9.957593575763056
4,8840635639,dota2-ty-bb4-2026-06-06-game1,2026-06-06T10:47:49.658000+00:00,0.0,0.0,0.0
4,8840704374,dota2-ty-bb4-2026-06-06-game2,2026-06-06T11:51:44.485000+00:00,-15.256222339999994,3.6036611569934998,-11.652561183006494
4,8840821227,dota2-ty-bb4-2026-06-06,2026-06-06T13:12:37.368000+00:00,34.003600000000006,2.32976841,36.333368410000006
4,8840984097,dota2-aur1-lgd-2026-06-06-game1,2026-06-06T15:05:33.978000+00:00,4.149630280000011,0.9176872687590001,5.067317548759011
4,8841114801,dota2-aur1-lgd-2026-06-06-game2,2026-06-06T16:30:29.855000+00:00,26.397100000000023,1.6011885225,27.998288522500022
4,8842052142,dota2-bb4-lgd-2026-06-07-game1,2026-06-07T09:18:04.694000+00:00,90.90999999999997,1.6254708000000002,92.53547079999997
4,8842134886,dota2-bb4-lgd-2026-06-07-game2,2026-06-07T10:28:41.168000+00:00,-9.362738689999993,1.9787363653102499,-7.384002324689743
4,8842245726,dota2-bb4-lgd-2026-06-07,2026-06-07T11:59:53.564000+00:00,29.67049999999997,1.4306833574999998,31.10118335749997
4,8842468101,dota2-ty-lgd-2026-06-07-game1,2026-06-07T14:21:40.854000+00:00,-3.312741599999999,0.10806431472,-3.204677285279999
4,8842596730,dota2-ty-lgd-2026-06-07-game2,2026-06-07T15:49:20.066000+00:00,-11.111199999999968,0.8733403199999998,-10.237859679999968
4,8842722527,dota2-ty-lgd-2026-06-07-game3,2026-06-07T17:12:22.566000+00:00,26.19440000000003,0.87858633,27.07298633000003
4,8842845018,dota2-ty-lgd-2026-06-07-game4,2026-06-07T18:51:58.999000+00:00,1.6008662799999982,0.15931518794100002,1.7601814679409982
4,8843465364,dota2-4iki-nande4-2026-06-08-game1,2026-06-08T09:15:08.776000+00:00,0.0799999999999983,0.11874600000000002,0.1987459999999983
4,8843512570,dota2-4iki-nande4-2026-06-08-game2,2026-06-08T10:09:45.609000+00:00,-2.9468999999999994,0.8787897825000001,-2.0681102174999992
4,8843560379,dota2-4iki-nande4-2026-06-08,2026-06-08T11:10:54.138000+00:00,-0.5599999999999996,0.073044,-0.4869559999999996
4,8843760302,dota2-vpp-balu-2026-06-08-game2,2026-06-08T13:42:26.324000+00:00,-9.411599999999964,0.4965795449999999,-8.915020454999965
4,8844054970,dota2-z10-sb5-2026-06-08-game2,2026-06-08T17:08:41.204000+00:00,68.03999999999999,0.36741599999999996,68.407416
4,8844132483,dota2-vpp-z10-2026-06-08-game1,2026-06-08T18:23:01.210000+00:00,0.0,0.0,0.0
4,8844244719,dota2-vpp-z10-2026-06-08-game2,2026-06-08T19:45:42.908000+00:00,10.012799999999999,0.30845681999999996,10.321256819999999
4,8844308689,dota2-vpp-z10-2026-06-08,2026-06-08T20:50:38.757000+00:00,46.335400000000014,1.049366985,47.38476698500001
4,8850534819,dota2-ill-pr1-2026-06-13-game2,2026-06-13T17:10:42.502000+00:00,-8.5,0.6858074999999999,-7.8141925
4,8850593633,dota2-ill-pr1-2026-06-13,2026-06-13T18:00:57.551000+00:00,0.0,0.0,0.0
4,8851984783,dota2-4iki-pr1-2026-06-14-game2,2026-06-14T16:46:25.798000+00:00,17.827200000000005,1.2972181950000001,19.124418195000004
4,8852055373,dota2-4iki-pr1-2026-06-14,2026-06-14T17:46:02.690000+00:00,-1.556400000000001,0.051913259999999996,-1.5044867400000008
4,8854443395,dota2-fla-spirit1-2026-06-16-game1,2026-06-16T16:31:44.570000+00:00,-2.0,0.11019,-1.88981
4,8885183102,dota2-flc-bb4-2026-07-07-game1,2026-07-07T09:47:24.433000+00:00,-34.207562499999995,0.8200570528125,-33.38750544718749
4,8885195986,dota2-re-xtreme-2026-07-07-game1,2026-07-07T09:55:03.037000+00:00,26.138993040000003,1.2860007396239999,27.424993779624003
4,8885252329,dota2-flc-bb4-2026-07-07-game2,2026-07-07T11:01:59.599000+00:00,-4.466320799999949,1.26427027266,-3.2020505273399484
4,8885275216,dota2-re-xtreme-2026-07-07-game2,2026-07-07T11:16:11.813000+00:00,-10.357599999999962,0.899313975,-9.458286024999962
4,8885365825,dota2-l1ga-ngx-2026-07-07-game1,2026-07-07T12:34:49.112000+00:00,0.0,0.0,0.0
4,8885380529,dota2-liquid-playti-2026-07-07-game1,2026-07-07T12:43:07.045000+00:00,-17.312400000000004,1.832744025,-15.479655975000004
4,8885411801,dota2-lvlup1-aur1-2026-07-07-game1,2026-07-07T13:06:28.530000+00:00,0.0,0.0,0.0
4,8885470551,dota2-l1ga-ngx-2026-07-07-game2,2026-07-07T13:39:34.570000+00:00,11.893599999999982,1.4528143949999999,13.346414394999982
4,8885473599,dota2-liquid-playti-2026-07-07-game2,2026-07-07T13:52:27.923000+00:00,-10.834899999999976,3.2387017124999997,-7.596198287499977
4,8885529711,dota2-lvlup1-aur1-2026-07-07-game2,2026-07-07T14:23:52.590000+00:00,7.0,0.04987500000000004,7.049875
4,8885633666,dota2-ts8-mouz-2026-07-07-game1,2026-07-07T15:33:28.678000+00:00,26.777900000000017,3.1236749325,29.90157493250002
4,8885665054,dota2-nem-pari-2026-07-07-game1,2026-07-07T15:41:38.548000+00:00,20.253311039999943,0.629284018776,20.882595058775944
4,8885784652,dota2-ts8-mouz-2026-07-07-game2,2026-07-07T17:16:32.961000+00:00,-17.63880143999998,2.032518355248,-15.606283084751981
4,8885871759,dota2-ic-1win-2026-07-07-game1,2026-07-07T18:31:07.999000+00:00,0.6000000000000014,0.032744999999999996,0.6327450000000014
4,8885928262,dota2-ty-og-2026-07-07-game1,2026-07-07T19:03:44.444000+00:00,51.190200000000004,0.39637090499999994,51.586570905
4,8885974297,dota2-ic-1win-2026-07-07-game2,2026-07-07T19:32:14.446000+00:00,0.0,0.0,0.0
4,8886005043,dota2-ty-og-2026-07-07-game2,2026-07-07T20:03:05.981000+00:00,0.0,0.0,0.0
4,8886576019,dota2-poorra-bb4-2026-07-08-game1,2026-07-08T09:20:01.472000+00:00,0.0,0.0,0.0
4,8886572854,dota2-gl-xtreme-2026-07-08-game1,2026-07-08T09:27:27.007000+00:00,-55.318899999999985,1.5111634124999997,-53.80773658749999
4,8886638110,dota2-poorra-bb4-2026-07-08-game2,2026-07-08T10:36:00.005000+00:00,5.600000000000001,0.8303276999999999,6.430327700000001
4,8886640910,dota2-flc-re-2026-07-08-game2,2026-07-08T10:39:41.623000+00:00,22.910833069999967,0.7617978642577499,23.672630934257718
4,8886641793,dota2-gl-xtreme-2026-07-08-game2,2026-07-08T10:45:04.782000+00:00,14.126199120000033,1.6248285344639999,15.751027654464032
4,8886728756,dota2-l1ga-playti-2026-07-08-game1,2026-07-08T12:02:19.795000+00:00,-4.2456,0.8321317349999999,-3.4134682649999997
4,8886736772,dota2-liquid-lvlup1-2026-07-08-game1,2026-07-08T12:08:59.488000+00:00,5.8416,0.38714435999999997,6.228744359999999
4,8886788497,dota2-ngx-aur1-2026-07-08-game1,2026-07-08T12:47:30.744000+00:00,5.117527670000015,1.0717188602032497,6.189246530203265
4,8886815251,dota2-l1ga-playti-2026-07-08-game2,2026-07-08T13:04:20.712000+00:00,77.7784,0.42000335999999994,78.19840336
4,8886862310,dota2-liquid-lvlup1-2026-07-08-game2,2026-07-08T13:37:25.898000+00:00,0.0,0.0,0.0
4,8886994890,dota2-ts8-nem-2026-07-08-game1,2026-07-08T14:59:11.781000+00:00,-7.142999999999972,0.5148317249999999,-6.628168274999973
4,8887100676,dota2-vg-pari-2026-07-08-game1,2026-07-08T16:18:23.954000+00:00,2.330000000000016,0.3449332500000001,2.674933250000016
4,8887114313,dota2-ts8-nem-2026-07-08-game2,2026-07-08T16:15:19.583000+00:00,-12.44449999999999,0.27877443749999997,-12.165725562499992
4,8887197358,dota2-vg-pari-2026-07-08-game2,2026-07-08T17:23:00.102000+00:00,0.0,0.0,0.0
4,8887218598,dota2-lgd-og-2026-07-08-game1,2026-07-08T17:27:41.870000+00:00,8.899100000000011,0.6542270625,9.553327062500012
4,8887260104,dota2-ty-ic-2026-07-08-game1,2026-07-08T17:58:24.214000+00:00,0.0,0.0,0.0
4,8887314193,dota2-lgd-og-2026-07-08-game2,2026-07-08T18:40:30.736000+00:00,-6.73819999999999,1.966735275,-4.771464724999991
4,8887325211,dota2-vp-1win-2026-07-08-game1,2026-07-08T18:51:24.334000+00:00,-8.431308599999966,1.297266297975,-7.134042302024966
4,8887337672,dota2-ty-ic-2026-07-08-game2,2026-07-08T19:01:29.872000+00:00,0.0,0.0,0.0
4,8887432754,dota2-vp-1win-2026-07-08-game2,2026-07-08T20:20:02.742000+00:00,48.219600000000014,0.9280715399999999,49.14767154000001
4,8887986392,dota2-poorra-xtreme-2026-07-09-game1,2026-07-09T09:21:30.237000+00:00,-5.557100449999979,1.90792461530625,-3.649175834693729
4,8887998750,dota2-bb4-re-2026-07-09-game1,2026-07-09T09:29:32.198000+00:00,0.0,0.0,0.0
4,8888056358,dota2-poorra-xtreme-2026-07-09-game2,2026-07-09T10:34:44.979000+00:00,34.07689615999999,1.955743606164,36.03263976616399
4,8888066684,dota2-bb4-re-2026-07-09-game2,2026-07-09T10:43:25.275000+00:00,-12.703897759999991,0.9304150309079999,-11.773482729091992
4,8888083694,dota2-gl-flc-2026-07-09-game2,2026-07-09T11:11:32.224000+00:00,38.82215418000001,1.9772272964835,40.79938147648351
4,8888160657,dota2-l1ga-aur1-2026-07-09-game1,2026-07-09T12:09:38.901000+00:00,10.040699999999994,0.6390781725,10.679778172499994
4,8888173515,dota2-playti-lvlup1-2026-07-09-game1,2026-07-09T12:20:27.216000+00:00,2.842170943040401e-14,0.6599993399999999,0.6599993400000284
4,8888217771,dota2-ngx-liquid-2026-07-09-game1,2026-07-09T12:52:14.212000+00:00,11.16421819999998,1.0216908708149999,12.18590907081498
4,8888260336,dota2-l1ga-aur1-2026-07-09-game2,2026-07-09T13:20:05.771000+00:00,-2.549999999999997,0.19985625,-2.3501437499999973
4,8888279558,dota2-playti-lvlup1-2026-07-09-game2,2026-07-09T13:33:23.111000+00:00,9.482200000000008,0.667714905,10.149914905000008
4,8888318197,dota2-ngx-liquid-2026-07-09-game2,2026-07-09T14:04:08.888000+00:00,-20.326100000000025,3.9756504825,-16.350449517500024
4,8888405761,dota2-mouz-nem-2026-07-09-game1,2026-07-09T14:48:45.816000+00:00,0.0,0.0,0.0
4,8888425887,dota2-rnx-pari-2026-07-09-game1,2026-07-09T15:02:02.148000+00:00,6.493399999999969,0.22861180500000003,6.722011804999969
4,8888489297,dota2-vg-ts8-2026-07-09-game1,2026-07-09T15:42:43.149000+00:00,-23.94199999999998,1.0446292499999998,-22.89737074999998
4,8888555097,dota2-mouz-nem-2026-07-09-game2,2026-07-09T16:24:34.308000+00:00,-32.37920000000001,1.9149016799999998,-30.46429832000001
4,8888554919,dota2-rnx-pari-2026-07-09-game2,2026-07-09T16:26:10.054000+00:00,0.0,0.0,0.0
4,8888592426,dota2-vg-ts8-2026-07-09-game2,2026-07-09T16:59:54.115000+00:00,-4.960800000000006,1.583926935,-3.376873065000006
4,8888682602,dota2-og-ic-2026-07-09-game1,2026-07-09T17:53:01.981000+00:00,-15.585800000000019,0.9124347150000001,-14.673365285000019
4,8888693655,dota2-vp-ty-2026-07-09-game1,2026-07-09T18:07:57.629000+00:00,4.651200000000017,0.3941892,5.045389200000017
4,8888731478,dota2-lgd-1win-2026-07-09-game1,2026-07-09T18:35:20.326000+00:00,6.972438399999987,1.12401674508,8.096455145079988
4,8888771711,dota2-og-ic-2026-07-09-game2,2026-07-09T19:04:50.495000+00:00,0.0,0.0,0.0
4,8888819433,dota2-lgd-1win-2026-07-09-game2,2026-07-09T19:41:02.532000+00:00,3.895780170000016,1.77280732971375,5.668587499713766
4,8889452921,dota2-re-gl-2026-07-10-game1,2026-07-10T09:17:34.068000+00:00,18.87590000000006,2.2783735875,21.154273587500057
4,8889468264,dota2-xtreme-bb4-2026-07-10-game1,2026-07-10T09:26:30.741000+00:00,-15.368099999999998,1.3099105575,-14.058189442499998
4,8889513730,dota2-poorra-flc-2026-07-10-game2,2026-07-10T10:17:36.842000+00:00,3.75,0.21853124999999998,3.96853125
4,8889524021,dota2-xtreme-bb4-2026-07-10-game2,2026-07-10T10:37:39.793000+00:00,0.001971419999989621,0.9899985086145,0.9919699286144896
4,8889538949,dota2-re-gl-2026-07-10-game2,2026-07-10T10:40:57.402000+00:00,-39.83139999999996,0.928042725,-38.90335727499996
4,8889615310,dota2-l1ga-liquid-2026-07-10-game1,2026-07-10T11:48:20.990000+00:00,-5.783999999999992,0.9977946,-4.786205399999992
4,8889621582,dota2-aur1-playti-2026-07-10-game1,2026-07-10T11:57:42.116000+00:00,-19.693200000000026,2.4221448299999997,-17.271055170000025
4,8889699098,dota2-l1ga-liquid-2026-07-10-game2,2026-07-10T12:46:15.831000+00:00,0.0,0.0,0.0
4,8889733840,dota2-aur1-playti-2026-07-10-game2,2026-07-10T13:14:22.837000+00:00,-74.0445,4.2719053425,-69.7725946575
4,8889871314,dota2-nem-vg-2026-07-10-game1,2026-07-10T14:27:52.631000+00:00,13.158000000000015,0.66375531,13.821755310000015
4,8889914618,dota2-pari-mouz-2026-07-10-game1,2026-07-10T14:59:49.254000+00:00,0.0,0.0,0.0
4,8889944251,dota2-rnx-ts8-2026-07-10-game1,2026-07-10T15:15:29.857000+00:00,6.593400000000003,0.22796680500000005,6.821366805000003
4,8890008812,dota2-nem-vg-2026-07-10-game2,2026-07-10T15:49:04.827000+00:00,11.21246700000001,0.361274383125,11.57374138312501
4,8890036748,dota2-pari-mouz-2026-07-10-game2,2026-07-10T16:15:07.698000+00:00,3.3999999999999986,0.07850999999999998,3.4785099999999987
4,8890074597,dota2-rnx-ts8-2026-07-10-game2,2026-07-10T16:28:42.555000+00:00,0.0,0.0,0.0
4,8890179830,dota2-lgd-ty-2026-07-10-game1,2026-07-10T17:38:53.401000+00:00,10.262699999999995,0.9967849874999999,11.259484987499995
4,8890270555,dota2-1win-og-2026-07-10-game2,2026-07-10T18:36:26.467000+00:00,0.0,0.0,0.0
4,8890268632,dota2-lgd-ty-2026-07-10-game2,2026-07-10T18:43:14.663000+00:00,-2.6666999999999916,0.7598094975,-1.9068905024999916
4,8890301402,dota2-ic-vp-2026-07-10-game2,2026-07-10T18:52:09.717000+00:00,0.0,0.0,0.0
4,8891108843,dota2-poorra-re-2026-07-11-game1,2026-07-11T09:15:44.932000+00:00,0.7799999999999994,0.0478725,0.8278724999999993
4,8891108985,dota2-bb4-gl-2026-07-11-game1,2026-07-11T09:17:06.187000+00:00,0.4399999999999977,0.939266565,1.3792665649999978
4,8891145641,dota2-xtreme-flc-2026-07-11-game1,2026-07-11T09:30:07.111000+00:00,0.0,0.0,0.0
4,8891217710,dota2-poorra-re-2026-07-11-game2,2026-07-11T10:44:50.172000+00:00,-72.2702007,2.5216793826375,-69.7485213173625
4,8891240327,dota2-xtreme-flc-2026-07-11-game2,2026-07-11T11:01:14.698000+00:00,-0.08485702999998779,1.69322124994425,1.6083642199442623
4,8891325877,dota2-l1ga-lvlup1-2026-07-11-game1,2026-07-11T12:09:46.181000+00:00,0.0,0.036288,0.036288
4,8891349244,dota2-playti-ngx-2026-07-11-game1,2026-07-11T12:27:52.369000+00:00,4.9097999999999935,3.34496205,8.254762049999993
4,8891371442,dota2-aur1-liquid-2026-07-11-game1,2026-07-11T12:43:19.319000+00:00,22.03671463999998,1.0211051017380002,23.05781974173798
4,8891438996,dota2-l1ga-lvlup1-2026-07-11-game2,2026-07-11T13:19:40.554000+00:00,-1.7599999999999998,0.054888,-1.7051119999999997
4,8891497910,dota2-aur1-liquid-2026-07-11-game2,2026-07-11T13:53:37.287000+00:00,2.6700000000000017,0.09773925,2.7677392500000018
4,8891519142,dota2-playti-ngx-2026-07-11-game2,2026-07-11T14:08:43.754000+00:00,-25.76119999999996,1.02252033,-24.73867966999996
4,8892829232,dota2-mouz-vg-2026-07-12-game1,2026-07-12T09:15:57.248000+00:00,-81.87930063999998,1.787836985388,-80.09146365461199
4,8892835652,dota2-rnx-nem-2026-07-12-game1,2026-07-12T09:19:01.546000+00:00,-45.04880000000003,2.8196274,-42.22917260000003
4,8892836635,dota2-pari-ts8-2026-07-12-game1,2026-07-12T09:26:06.808000+00:00,-19.105999999999963,3.56089143,-15.545108569999963
4,8892923329,dota2-mouz-vg-2026-07-12-game2,2026-07-12T10:25:59.512000+00:00,-62.963401040000065,2.7312755665679997,-60.23212547343206
4,8892914077,dota2-pari-ts8-2026-07-12-game2,2026-07-12T10:31:28.406000+00:00,4.522188199999988,2.7194577398699997,7.241645939869988
4,8892958964,dota2-rnx-nem-2026-07-12-game2,2026-07-12T10:53:08.655000+00:00,-110.46339999999996,1.107682605,-109.35571739499997
4,8893070561,dota2-1win-ty-2026-07-12-game1,2026-07-12T12:14:45.162000+00:00,14.70439999999995,1.43155209,16.13595208999995
4,8893106015,dota2-og-vp-2026-07-12-game1,2026-07-12T12:36:42.440000+00:00,1.1999999999999993,0.09774,1.2977399999999992
4,8893165071,dota2-1win-ty-2026-07-12-game2,2026-07-12T13:18:20.777000+00:00,-49.574199999999976,2.292053055,-47.28214694499998
4,8893253595,dota2-og-vp-2026-07-12-game2,2026-07-12T13:56:28.498000+00:00,0.3569881699999966,0.19391840670075,0.5509065767007466
4,8896139222,dota2-re-vp-2026-07-14-game1,2026-07-14T11:15:10.363000+00:00,7.407400000000052,2.9942148299999998,10.401614830000053
4,8896140998,dota2-liquid-xtreme-2026-07-14-game1,2026-07-14T11:24:31.795000+00:00,-29.50825551999999,1.6130699782320002,-27.89518554176799
4,8896234088,dota2-re-vp-2026-07-14-game2,2026-07-14T12:30:48.003000+00:00,-9.246800000000004,0.802372335,-8.444427665000005
4,8896267691,dota2-liquid-xtreme-2026-07-14-game2,2026-07-14T13:05:08.216000+00:00,7.047864139999973,1.1526997780755002,8.200563918075474
4,8896380183,dota2-re-vp-2026-07-14,2026-07-14T14:02:34.965000+00:00,-60.0899,1.5886697625,-58.5012302375
4,8896486914,dota2-liquid-xtreme-2026-07-14,2026-07-14T15:13:00.049000+00:00,-5.690578559999999,1.615493520048,-4.075085039951999
4,8896645659,dota2-lgd-mouz-2026-07-14-game1,2026-07-14T16:55:49.823000+00:00,4.958600000000018,0.5388134550000001,5.497413455000018
4,8896731473,dota2-lgd-mouz-2026-07-14-game2,2026-07-14T18:02:11.857000+00:00,-6.442200000000028,1.1884907249999999,-5.253709275000029
4,8897585705,dota2-aur1-re-2026-07-15-game1,2026-07-15T11:19:40.513000+00:00,-4.651199999999989,0.44442216000000007,-4.2067778399999884
4,8897588873,dota2-ts8-liquid-2026-07-15-game1,2026-07-15T11:25:30.473000+00:00,-27.0,1.083375,-25.916625
4,8897695379,dota2-aur1-re-2026-07-15-game2,2026-07-15T12:41:48.340000+00:00,0.6826990100000003,0.16219884608924995,0.8448978560892503
4,8897696869,dota2-ts8-liquid-2026-07-15-game2,2026-07-15T12:54:25.976000+00:00,20.001679399999972,5.087310185115,25.088989585114973
4,8897831774,dota2-ts8-liquid-2026-07-15,2026-07-15T14:13:24.528000+00:00,5.970199999999977,0.9738888749999999,6.944088874999977
4,8897841991,dota2-1win-vg-2026-07-15-game1,2026-07-15T14:22:22.284000+00:00,8.000100000000032,0.7182089775,8.718308977500032
4,8897971312,dota2-1win-vg-2026-07-15-game2,2026-07-15T15:33:39.656000+00:00,27.971100000000007,1.1582038575,29.129303857500005
4,8898003442,dota2-bb4-lgd-2026-07-15-game1,2026-07-15T15:56:58.589000+00:00,10.248200000000026,1.464324015,11.712524015000026
4,8898084910,dota2-1win-vg-2026-07-15,2026-07-15T16:49:08.935000+00:00,15.123196709999974,3.14779767414975,18.270994384149724
4,8898117600,dota2-bb4-lgd-2026-07-15-game2,2026-07-15T17:15:52.403000+00:00,45.62919999999997,0.78259005,46.41179004999997
4,8899028080,dota2-ty-ts8-2026-07-17-game1,2026-07-16T11:25:22.617000+00:00,41.499000000000024,0.7640177850000001,42.263017785000024
4,8899120700,dota2-ty-ts8-2026-07-17-game2,2026-07-16T12:44:26.752000+00:00,2.0705000000000098,4.8228015375,6.89330153750001
4,8899307453,dota2-pari-re-2026-07-17-game1,2026-07-16T14:36:23.407000+00:00,19.391,0.56746014,19.95846014
4,8899420575,dota2-pari-re-2026-07-17-game2,2026-07-16T15:46:28.167000+00:00,-2.4690999999999974,0.5812878674999999,-1.8878121324999975
4,8900508749,dota2-flc-vg-2026-07-16-game1,2026-07-17T11:21:46.405000+00:00,-31.39590000000001,1.8125948475000002,-29.58330515250001
4,8900623530,dota2-flc-vg-2026-07-16-game2,2026-07-17T12:54:30.551000+00:00,0.04262335999999323,3.240808526928,3.283431886927993
4,8900771154,dota2-ngx-bb4-2026-07-16-game1,2026-07-17T14:28:08.196000+00:00,-10.489299999999957,1.8765185775,-8.612781422499957
4,8900882416,dota2-ngx-bb4-2026-07-16-game2,2026-07-17T15:33:10.588000+00:00,4.0,0.6045,4.6045
4,8902107148,dota2-bb4-vg-2026-07-18-game1,2026-07-18T11:22:02.020000+00:00,1.75,0.06283125,1.81283125
4,8902173969,dota2-bb4-vg-2026-07-18-game2,2026-07-18T12:21:15.910000+00:00,-3.1899999999999977,1.4061773850000001,-1.7838226149999976
4,8902338515,dota2-ty-pari-2026-07-18-game1,2026-07-18T14:06:38.308000+00:00,4.166699999999999,1.5609499875000001,5.727649987499999
4,8902431810,dota2-ty-pari-2026-07-18-game2,2026-07-18T15:09:37.865000+00:00,73.72979999999998,5.952382109999999,79.68218210999999
4,8902610619,dota2-ty-pari-2026-07-18,2026-07-18T16:48:06.686000+00:00,-10.409900000000022,3.9390704924999995,-6.470829507500023
4,8903705555,dota2-vg-ty-2026-07-19-game1,2026-07-19T10:24:33.152000+00:00,23.076899999999995,0.9974915775,24.074391577499995
4,8903789784,dota2-vg-ty-2026-07-19-game2,2026-07-19T11:31:19.185000+00:00,16.000200000000035,0.6828085349999999,16.683008535000035
4,8904012666,dota2-bb4-pari-2026-07-19-game1,2026-07-19T13:57:51.853000+00:00,44.54180000000005,3.246237285,47.78803728500005
4,8904157676,dota2-bb4-pari-2026-07-19-game2,2026-07-19T15:17:11.337000+00:00,-21.804601750000018,1.43644472409375,-20.368157025906267
4,8904322271,dota2-bb4-pari-2026-07-19-game3,2026-07-19T16:52:33.960000+00:00,-3.921600000000012,1.47030588,-2.4512941200000125
4,8904419709,dota2-bb4-pari-2026-07-19-game4,2026-07-19T18:05:14.511000+00:00,1.5503999999999678,1.37116638,2.921566379999968
4,8905035315,dota2-stx-lynx-2026-07-20-game1,2026-07-20T07:25:19.610000+00:00,0.0,0.0,0.0
4,8905093611,dota2-stx-lynx-2026-07-20-game2,2026-07-20T08:36:36.644000+00:00,-0.5183310500000111,0.7060478255812499,0.18771677558123878
4,8905164476,dota2-stx-lynx-2026-07-20,2026-07-20T10:04:24.370000+00:00,17.543500000000023,1.2999585075,18.843458507500024
4,8905233934,dota2-lynx-pckcp-2026-07-20-game1,2026-07-20T11:15:17.947000+00:00,29.285799999999995,1.084662705,30.370462704999994
4,8905359313,dota2-lynx-pckcp-2026-07-20-game2,2026-07-20T12:49:30.119000+00:00,-1.2521279099999738,1.04174404274775,-0.2103838672522238
4,8905490238,dota2-z10-nemiga-2026-07-20-game1,2026-07-20T14:13:02.081000+00:00,-3.0799999999999983,0.17613,-2.903869999999998
4,8905612460,dota2-z10-nemiga-2026-07-20-game2,2026-07-20T15:25:40.567000+00:00,1.1282000000000068,1.1342235600000001,2.262423560000007
4,8905741721,dota2-spirit1-jenz-2026-07-20-game1,2026-07-20T16:55:30.580000+00:00,-2.280000000000001,0.269667,-2.010333000000001
4,8905885788,dota2-spirit1-jenz-2026-07-20-game2,2026-07-20T18:35:45.253000+00:00,0.0,0.0,0.0
4,8905975768,dota2-lvlup1-ill-2026-07-20-game1,2026-07-20T19:45:16.612000+00:00,2.902577399999984,1.377819193845,4.280396593844984
4,8906069414,dota2-lvlup1-ill-2026-07-20-game2,2026-07-20T20:59:36.536000+00:00,-11.709810800000014,0.73341381582,-10.976396984180013
4,8906479441,dota2-nemiga-dan-2026-07-21-game1,2026-07-21T07:24:02.590000+00:00,15.670308230000074,0.6843165025027499,16.354624732502824
4,8906547471,dota2-nemiga-dan-2026-07-21-game2,2026-07-21T08:48:51.736000+00:00,21.212099999999992,0.9579535874999998,22.170053587499993
4,8906626852,dota2-pckcp-stx-2026-07-21-game1,2026-07-21T10:17:03.931000+00:00,4.89739999999999,1.111277535,6.008677534999991
4,8906706819,dota2-pckcp-stx-2026-07-21-game2,2026-07-21T11:28:10.072000+00:00,0.0,0.0,0.0
4,8906814740,dota2-pckcp-stx-2026-07-21,2026-07-21T12:50:32.182000+00:00,-10.342099999999967,1.0320482325,-9.310051767499967
4,8906911697,dota2-lynx-spirit1-2026-07-21-game1,2026-07-21T14:01:22.509000+00:00,-3.3849999999999794,1.206562305,-2.178437694999979
4,8907021823,dota2-lynx-spirit1-2026-07-21-game2,2026-07-21T14:54:33.550000+00:00,-49.10320000000003,2.18640885,-46.91679115000003
4,8907114935,dota2-lynx-spirit1-2026-07-21,2026-07-21T15:55:17.448000+00:00,-37.23400000000006,2.30690604,-34.92709396000006
4,8907236730,dota2-jenz-lynx-2026-07-21-game1,2026-07-21T17:22:36.365000+00:00,0.0,0.0,0.0
4,8907319204,dota2-jenz-lynx-2026-07-21-game2,2026-07-21T18:19:16.673000+00:00,-26.857755499999943,0.8174635982399999,-26.040291901759943
4,8907510684,dota2-z10-aion-2026-07-21-game2,2026-07-21T20:45:41.820000+00:00,0.0,0.0,0.0
4,8907942033,dota2-ill-dan-2026-07-22-game1,2026-07-22T07:18:07.776000+00:00,-11.607200649999996,0.33732398751375003,-11.269876662486245
4,8907997366,dota2-ill-dan-2026-07-22-game2,2026-07-22T08:30:21.640000+00:00,-8.35070267999997,0.951149503266,-7.399553176733969
4,8908178087,dota2-nemiga-aion-2026-07-22-game2,2026-07-22T11:35:02.272000+00:00,0.9388096599999756,0.5519521759890001,1.4907618359889758
4,8908313996,dota2-stx-spirit1-2026-07-22-game1,2026-07-22T13:26:43.307000+00:00,0.04526736000000753,0.19480160750400005,0.24006896750400758
4,8908486051,dota2-stx-spirit1-2026-07-22-game2,2026-07-22T15:03:55.390000+00:00,34.508885930000034,1.63955396687025,36.148439896870286
4,8908612824,dota2-stx-spirit1-2026-07-22,2026-07-22T16:27:56.948000+00:00,5.300537840000018,2.5157713362419996,7.816309176242018
4,8908710300,dota2-z10-lvlup1-2026-07-22-game1,2026-07-22T17:40:32.974000+00:00,-41.69199999999998,3.083595,-38.608404999999976
4,8908926344,dota2-z10-lvlup1-2026-07-22,2026-07-22T20:21:42.790000+00:00,5.060980669999987,1.25326692261675,6.314247592616737
4,8909388284,dota2-dan-z10-2026-07-23-game1,2026-07-23T07:17:23.633000+00:00,0.0,0.0,0.0
4,8909443684,dota2-dan-z10-2026-07-23-game2,2026-07-23T08:24:14.078000+00:00,6.399999999999999,0.33504,6.735039999999999
4,8909498494,dota2-dan-z10-2026-07-23,2026-07-23T09:35:42.112000+00:00,-1.0499999999999972,0.14635125,-0.9036487499999972
4,8909658828,dota2-spirit1-pckcp-2026-07-23-game2,2026-07-23T11:56:35.158000+00:00,0.0,0.0,0.0
4,8909780227,dota2-spirit1-pckcp-2026-07-23,2026-07-23T13:29:29.880000+00:00,-0.83329999999998,1.5594499875,0.7261499875000201
4,8910104556,dota2-jenz-kw1-2026-07-23-game2,2026-07-23T16:47:57.620000+00:00,-14.120100000000008,0.8931892275,-13.226910772500007
4,8910216725,dota2-jenz-kw1-2026-07-23,2026-07-23T18:09:02.529000+00:00,4.252399999999994,0.6028229700000001,4.8552229699999945
4,8910344715,dota2-lvlup1-aion-2026-07-23-game1,2026-07-23T19:45:58.831000+00:00,0.0,0.0,0.0
4,8910461593,dota2-lvlup1-aion-2026-07-23-game2,2026-07-23T21:18:59.726000+00:00,-4.4517999999999995,0.18788671499999998,-4.263913284999999
4,8910535715,dota2-lvlup1-aion-2026-07-23,2026-07-23T22:37:28.157000+00:00,0.9400000000000008,0.0550695,0.9950695000000008
4,8910589445,dota2-nemiga-ill-2026-07-23-game1,2026-07-23T23:33:41.369000+00:00,-5.027199999999979,1.27758975,-3.7496102499999795
4,8910670427,dota2-nemiga-ill-2026-07-23,2026-07-24T01:26:47.762000+00:00,-8.739200000000025,1.5517484849999998,-7.187451515000025
4,8910982575,dota2-aion-dan-2026-07-24-game2,2026-07-24T08:39:31.809000+00:00,0.0,0.0,0.0
4,8911277378,dota2-kw1-stx-2026-07-24-game2,2026-07-24T13:08:23.857000+00:00,55.50563245999999,1.055626910361,56.561259370360986
4,8911784562,dota2-z10-ill-2026-07-24-game1,2026-07-24T18:00:21.302000+00:00,-3.4666999999999906,0.7898094975000001,-2.6768905024999903
4,8911916389,dota2-z10-ill-2026-07-24-game2,2026-07-24T19:32:36.981000+00:00,1.1999999999999993,1.28732772,2.4873277199999992
4,8912045230,dota2-nemiga-lvlup1-2026-07-24-game1,2026-07-24T21:05:49.488000+00:00,-10.863741800000009,1.5052369000049999,-9.358504899995008
4,8912123729,dota2-nemiga-lvlup1-2026-07-24-game2,2026-07-24T22:15:39.296000+00:00,0.0,0.0,0.0
4,8912551235,dota2-ill-aion-2026-07-25-game1,2026-07-25T07:19:52.253000+00:00,0.0,0.0,0.0
4,8912622476,dota2-ill-aion-2026-07-25-game2,2026-07-25T08:27:06.996000+00:00,11.35536116000003,0.572744260953,11.92810542095303
4,8912758286,dota2-pckcp-jenz-2026-07-22-game1,2026-07-25T10:25:45.605000+00:00,-49.60581959999999,1.2450932568,-48.36072634319999
4,8912831712,dota2-pckcp-jenz-2026-07-22-game2,2026-07-25T11:23:26.682000+00:00,8.078700000000026,1.3049283375,9.383628337500026
4,8912974141,dota2-pckcp-jenz-2026-07-22,2026-07-25T13:02:19.241000+00:00,-14.514592639999975,0.771960687984,-13.742631952015975
4,8913307206,dota2-kw1-pckcp-2026-07-25-game1,2026-07-25T16:28:48.834000+00:00,0.0,0.0,0.0
4,8913598312,dota2-lynx-kw1-2026-07-25-game1,2026-07-25T19:28:05.257000+00:00,-6.354100640000013,0.561361700004,-5.7927389399960125
4,8913726962,dota2-lynx-kw1-2026-07-25-game2,2026-07-25T20:57:15.562000+00:00,-28.9997,1.3358577525,-27.6638422475
4,8913824141,dota2-lynx-kw1-2026-07-25,2026-07-25T22:21:39.642000+00:00,-19.437200000000047,4.520385419999999,-14.916814580000047
4,8914414410,dota2-nemiga-ill-2026-07-26-game1,2026-07-26T09:26:59.644000+00:00,-35.81292814,1.044762050865,-34.76816608913499
4,8914520562,dota2-nemiga-ill-2026-07-26-game2,2026-07-26T10:41:21.923000+00:00,-51.86200080000001,2.3891387368799997,-49.47286206312001
4,8914637220,dota2-nemiga-ill-2026-07-26,2026-07-26T12:04:18.708000+00:00,51.20139999999998,1.629079125,52.830479124999975
4,8914749408,dota2-rearis-pckcp-2026-07-26-game1,2026-07-26T13:19:34.036000+00:00,17.717700000000008,0.7013731725,18.419073172500006
4,8914885598,dota2-rearis-pckcp-2026-07-26-game2,2026-07-26T14:24:02.001000+00:00,17.5,0.5120625,18.0120625
4,8915002841,dota2-kw1-rearis-2026-07-26-game1,2026-07-26T15:32:54.677000+00:00,-5.963704960000001,1.077501316248,-4.886203643752001
4,8915137972,dota2-kw1-rearis-2026-07-26-game2,2026-07-26T16:47:26.165000+00:00,0.0,0.0,0.0
4,8915271266,dota2-jenz-stx-2026-07-26-game1,2026-07-26T18:26:53.337000+00:00,5.944800000000001,0.2608281,6.205628100000001
4,8915390117,dota2-jenz-stx-2026-07-26-game2,2026-07-26T19:37:39.362000+00:00,0.5386000000000024,0.07957815,0.6181781500000024
4,8915498965,dota2-jenz-stx-2026-07-26,2026-07-26T20:57:43.107000+00:00,-2.17080084,0.14285063760599997,-2.027950202394
4,8916041863,dota2-lvlup1-pckcp-2026-07-27-game1,2026-07-27T09:21:33.291000+00:00,14.0,0.3015,14.3015
4,8916102349,dota2-lvlup1-pckcp-2026-07-27-game2,2026-07-27T10:12:46.876000+00:00,-39.07939999999999,0.89746425,-38.181935749999994
4,8916245727,dota2-stx-nemiga-2026-07-27-game1,2026-07-27T12:25:46.061000+00:00,0.40830000000000055,0.1449975375,0.5532975375000005
4,8916384577,dota2-stx-nemiga-2026-07-27-game2,2026-07-27T13:48:29.618000+00:00,4.43419916000002,1.7143310814090003,6.14853024140902
4,8916474664,dota2-stx-nemiga-2026-07-27,2026-07-27T14:44:54.132000+00:00,-41.56669999999994,2.5496302575,-39.01706974249994
4,8917611319,dota2-pr1-nemiga-2026-07-28-game2,2026-07-28T10:17:02.190000+00:00,-1.3879999999999981,0.4825035,-0.9054964999999982
4,8917675823,dota2-pr1-nemiga-2026-07-28,2026-07-28T11:19:25.327000+00:00,11.573383039999996,0.204674236848,11.778057276847996
4,8917738415,dota2-nh-pckcp-2026-07-28-game1,2026-07-28T12:16:10.015000+00:00,0.7703999999999986,0.09458586,0.8649858599999987
4,8917853656,dota2-nh-pckcp-2026-07-28-game2,2026-07-28T13:23:44.955000+00:00,46.87086460000002,1.6553071374,48.52617173740002
4,8918052500,dota2-pckcp-kw1-2026-07-28-game1,2026-07-28T15:24:46.769000+00:00,0.0,0.0,0.0
4,8918176547,dota2-pckcp-kw1-2026-07-28-game2,2026-07-28T16:37:04.197000+00:00,9.168442559999988,0.929684864682,10.098127424681989
4,8919264561,dota2-rearis-z10-2026-07-29-game1,2026-07-29T12:23:03.580000+00:00,15.014800000000003,0.7520612699999999,15.766861270000003
4,8919404744,dota2-rearis-z10-2026-07-29-game2,2026-07-29T13:48:28.368000+00:00,2.5414992600000037,1.8365686845584999,4.378067944558504
4,8919546613,dota2-amaru-nemiga-2026-07-29-game1,2026-07-29T15:15:30.082000+00:00,-34.36970048000002,1.5181549551959999,-32.85154552480402
4,8919685210,dota2-amaru-nemiga-2026-07-29-game2,2026-07-29T16:34:50.427000+00:00,-2.2044289200000016,0.14248893684299999,-2.0619399831570018
4,8919803916,dota2-amaru-nemiga-2026-07-29,2026-07-29T18:02:17.532000+00:00,58.03066091000002,1.46148548838675,59.49214639838677
4,8920655724,dota2-pckcp-z10-2026-07-30-game2,2026-07-30T10:32:16.617000+00:00,0.0,0.0,0.0
4,8920897425,dota2-lvlup1-z10-2026-07-30-game2,2026-07-30T13:37:44.606000+00:00,-27.491500000000016,3.0503123624999997,-24.441187637500015
4,8921002620,dota2-lvlup1-z10-2026-07-30,2026-07-30T14:47:46.063000+00:00,0.25,0.017876249999999996,0.26787625
4,8921162227,dota2-amaru-pr1-2026-07-30-game1,2026-07-30T16:32:24.441000+00:00,26.366399999999995,1.211107275,27.577507274999995
4,8921281044,dota2-amaru-pr1-2026-07-30-game2,2026-07-30T17:34:28.519000+00:00,0.0,0.0,0.0
4,8921949036,dota2-re-midas3-2026-07-31-game1,2026-07-31T06:23:42.906000+00:00,7.0,0.34162499999999996,7.341625
4,8922016200,dota2-re-midas3-2026-07-31-game2,2026-07-31T07:39:14.850000+00:00,5.599999999999998,1.315308,6.915307999999998
4,8922074642,dota2-vg-amaru-2026-07-31-game1,2026-07-31T08:46:41.467000+00:00,0.8499999999999996,0.13839374999999998,0.9883937499999996
4,8922137329,dota2-vg-amaru-2026-07-31-game2,2026-07-31T09:48:16.177000+00:00,0.0,0.0,0.0
4,8922133239,dota2-tr7-playti-2026-07-31-game1,2026-07-31T09:57:34.446000+00:00,54.037616300000025,3.5188981122375003,57.556514412237526
4,8922186876,dota2-vg-amaru-2026-07-31,2026-07-31T10:40:33.810000+00:00,15.352100000000007,1.2201318825,16.572231882500006
4,8922211678,dota2-tr7-playti-2026-07-31-game2,2026-07-31T11:00:53.806000+00:00,-7.008416720000042,1.746484505232,-5.261932214768042
4,8922300474,dota2-enjoy-glyph-2026-07-31-game1,2026-07-31T12:14:29.331000+00:00,-3.600200000000001,1.70562213,-1.8945778700000009
4,8922339160,dota2-l1ga-rnx-2026-07-31-game1,2026-07-31T12:44:09.822000+00:00,-1.2319999999999993,2.1522834,0.9202834000000006
4,8922400300,dota2-enjoy-glyph-2026-07-31-game2,2026-07-31T13:24:39.311000+00:00,44.79439999999997,1.42308138,46.21748137999997
4,8922433138,dota2-l1ga-rnx-2026-07-31-game2,2026-07-31T13:42:06.325000+00:00,-28.455199999999977,0.937232325,-27.517967674999976
4,8922552315,dota2-l1ga-rnx-2026-07-31,2026-07-31T14:55:23.609000+00:00,3.571399999999983,1.316507325,4.887907324999983
4,8922602122,dota2-yb1-z10-2026-07-31-game1,2026-07-31T15:28:08.646000+00:00,-6.199700000000007,2.5310340074999997,-3.6686659925000074
4,8922722577,dota2-yb1-z10-2026-07-31-game2,2026-07-31T16:35:25.057000+00:00,-11.016400000000004,1.027417005,-9.988982995000004
4,8922818221,dota2-xtreme-lgd-2026-07-31-game1,2026-07-31T17:51:24.199000+00:00,-30.985900000000015,0.9420417825,-30.043858217500016
4,8922940920,dota2-xtreme-lgd-2026-07-31-game2,2026-07-31T19:09:48.720000+00:00,10.955999999999989,2.70810531,13.66410530999999
4,8923040358,dota2-xtreme-lgd-2026-07-31,2026-07-31T20:28:40.570000+00:00,-8.147400000000005,1.152829875,-6.9945701250000045
4,8923506996,dota2-midas3-tr7-2026-08-01-game1,2026-08-01T05:43:01.223000+00:00,0.0,0.0,0.0
4,8923579943,dota2-midas3-tr7-2026-08-01-game2,2026-08-01T07:02:32.143000+00:00,13.049499999999998,0.5874577125,13.6369577125
4,8923643650,dota2-midas3-tr7-2026-08-01,2026-08-01T08:08:01.087000+00:00,-145.21249999999998,3.2328201974999997,-141.9796798025
4,8923704450,dota2-yes-vg-2026-08-01-game1,2026-08-01T09:01:56.739000+00:00,-7.394399999999969,1.87951734,-5.514882659999969
4,8923780137,dota2-re-playti-2026-08-01-game1,2026-08-01T10:09:39.721000+00:00,-7.904533539999967,2.442891456849,-5.461642083150967
4,8923790600,dota2-yes-vg-2026-08-01-game2,2026-08-01T10:14:11.317000+00:00,0.0,0.0,0.0
4,8923874259,dota2-re-playti-2026-08-01-game2,2026-08-01T11:26:12.956000+00:00,-5.9123999999999945,0.36720186,-5.545198139999995
4,8923899787,dota2-enjoy-yb1-2026-08-01-game1,2026-08-01T11:45:49.553000+00:00,-44.36392888000003,0.9090571544639999,-43.45487172553603
4,8924057168,dota2-l1ga-lgd-2026-08-01-game1,2026-08-01T13:34:16.709000+00:00,-0.7130582400000058,0.36071129702399995,-0.3523469429760059
4,8924222714,dota2-l1ga-lgd-2026-08-01-game2,2026-08-01T15:02:43.462000+00:00,0.0,0.0,0.0
4,8924328537,dota2-glyph-z10-2026-08-01-game1,2026-08-01T15:59:42.950000+00:00,21.333077910000043,1.25737825856175,22.590456168561794
4,8924367779,dota2-l1ga-lgd-2026-08-01,2026-08-01T16:23:12.450000+00:00,-33.73440000000002,0.641556,-33.09284400000002
4,8924468754,dota2-glyph-z10-2026-08-01-game2,2026-08-01T17:25:49.795000+00:00,-9.545600000000011,0.82362936,-8.721970640000011
4,8924530036,dota2-rnx-xtreme-2026-08-01-game1,2026-08-01T18:06:50.164000+00:00,0.34299999999999997,0.08091825,0.42391824999999994
4,8924616191,dota2-rnx-xtreme-2026-08-01-game2,2026-08-01T19:06:22.446000+00:00,-57.6291382,1.7947785811905,-55.8343596188095
4,8925210898,dota2-playti-xctn-2026-08-02-game1,2026-08-02T05:28:20.542000+00:00,-21.179731039999936,1.8653605072094996,-19.314370532790438
4,8925308090,dota2-playti-xctn-2026-08-02-game2,2026-08-02T07:03:47.891000+00:00,1.947,0.014514884999999998,1.9615148850000002
4,8925543582,dota2-yes-tr7-2026-08-02-game1,2026-08-02T10:44:16.945000+00:00,13.487199119999985,2.059055186832,15.546254306831985
4,8925703946,dota2-yes-tr7-2026-08-02-game2,2026-08-02T11:58:57.158000+00:00,18.181999999999988,1.3295587500000001,19.51155874999999
4,8925847726,dota2-yes-tr7-2026-08-02,2026-08-02T13:17:43.701000+00:00,3.6380988399999694,1.3470063348719998,4.985105174871969
4,8926022375,dota2-rnx-yb1-2026-08-02-game1,2026-08-02T15:09:53.856000+00:00,79.41879999999998,6.10253085,85.52133084999997
4,8926232913,dota2-rnx-yb1-2026-08-02-game2,2026-08-02T16:42:19.665000+00:00,0.2666999999999895,1.3551279525,1.6218279524999895
4,8926381426,dota2-rnx-yb1-2026-08-02,2026-08-02T18:14:10.009000+00:00,-5.046546599999999,1.6447670557199998,-3.401779544279999
4,8926523280,dota2-z10-lgd-2026-08-02-game1,2026-08-02T19:59:32.068000+00:00,-12.5,0.6515624999999999,-11.8484375
4,8926636219,dota2-z10-lgd-2026-08-02-game2,2026-08-02T21:07:31.416000+00:00,-16.667,0.556261125,-16.110738875000003
4,8927063876,dota2-glyph-playti-2026-08-03-game2,2026-08-03T06:55:36.873000+00:00,131.32920000000004,2.577901215,133.90710121500004
4,8927132943,dota2-glyph-playti-2026-08-03,2026-08-03T08:27:35.152000+00:00,37.5536,1.49359824,39.04719824
4,8927207054,dota2-xtreme-tr7-2026-08-03-game1,2026-08-03T10:00:05.212000+00:00,11.766278119999981,0.924705298152,12.690983418151982
4,8927288399,dota2-xtreme-tr7-2026-08-03-game2,2026-08-03T11:00:48.642000+00:00,5.93379999999998,0.9390455249999999,6.87284552499998
4,8927380776,dota2-xtreme-tr7-2026-08-03,2026-08-03T12:15:30.661000+00:00,11.689598189999954,1.89042965579175,13.580027845791705
4,8927539264,dota2-vg-yb1-2026-08-03-game1,2026-08-03T14:05:56.825000+00:00,3.5,0.1256625,3.6256625
4,8927660975,dota2-vg-yb1-2026-08-03-game2,2026-08-03T15:05:20.968000+00:00,-0.3118017500000292,1.10487149593125,0.7930697459312208
4,8927760296,dota2-vg-yb1-2026-08-03,2026-08-03T16:18:19.713000+00:00,-2.842170943040401e-14,2.73001581,2.7300158099999714
4,8927926397,dota2-re-lgd-2026-08-03-game1,2026-08-03T18:09:03.381000+00:00,-0.09716820000000181,0.26918079263999994,0.17201259263999813
4,8928050264,dota2-re-lgd-2026-08-03-game2,2026-08-03T19:19:18.313000+00:00,12.799999999999997,0.27664799999999995,13.076647999999997
4,8928163118,dota2-re-lgd-2026-08-03,2026-08-03T20:43:38.722000+00:00,4.691180540000019,1.0976172718365,5.788797811836519
4,8928851109,dota2-playti-tr7-2026-08-04-game1,2026-08-04T11:30:07.829000+00:00,0.0,0.0,0.0
4,8928953683,dota2-playti-tr7-2026-08-04-game2,2026-08-04T12:46:11.879000+00:00,6.313715599999974,1.22752255182,7.541238151819974
4,8929124210,dota2-yb1-re-2026-08-04-game1,2026-08-04T14:38:55.576000+00:00,0.0,0.0,0.0
4,8929276426,dota2-yb1-re-2026-08-04-game2,2026-08-04T15:54:25.550000+00:00,12.207010000000016,0.8272499137500001,13.034259913750017
4,8929365099,dota2-yb1-re-2026-08-04,2026-08-04T16:51:08.308000+00:00,1.6801457299999996,0.53354955188025,2.2136952818802493
4,8930200713,dota2-tr7-re-2026-08-05-game1,2026-08-05T08:20:38.811000+00:00,-4.043699999999998,1.4456420625,-2.5980579374999975
4,8930258778,dota2-tr7-re-2026-08-05-game2,2026-08-05T09:25:42.941000+00:00,-33.45469999999999,3.2813456325000003,-30.17335436749999
4,8930398938,dota2-playti-yb1-2026-08-05-game1,2026-08-05T12:24:04.133000+00:00,-7.794600989999985,2.6599510026982496,-5.134649987301735
4,8930615242,dota2-playti-yb1-2026-08-05-game2,2026-08-05T14:02:56.166000+00:00,29.750399999999985,0.8374748399999999,30.587874839999984
4,8930736914,dota2-playti-yb1-2026-08-05-game3,2026-08-05T15:09:49.519000+00:00,0.9999999999999982,0.09266250000000001,1.0926624999999983
4,8931781241,dota2-lvlup1-rearis-2026-08-06-game1,2026-08-06T09:28:03.156000+00:00,1.0,0.366525,1.366525
4,8931852727,dota2-lvlup1-rearis-2026-08-06-game2,2026-08-06T10:30:33.624000+00:00,-26.74565235999996,0.852281191161,-25.893371168838957
4,8931981851,dota2-rearis-nh-2026-08-06-game1,2026-08-06T12:26:15.226000+00:00,21.119999999999976,0.8090279999999999,21.929027999999978
4,8932085762,dota2-rearis-nh-2026-08-06-game2,2026-08-06T13:20:21.204000+00:00,-29.25220600999998,0.9883688846107501,-28.26383712538923
4,8932181345,dota2-rearis-nh-2026-08-06,2026-08-06T14:22:22.478000+00:00,-0.05500000000000327,0.092922375,0.03792237499999673
4,8932318084,dota2-nh-lvlup1-2026-08-06-game1,2026-08-06T15:34:15.395000+00:00,-40.66829999999999,0.7993057275000001,-39.86899427249999
4,8932413808,dota2-nh-lvlup1-2026-08-06-game2,2026-08-06T16:23:29.211000+00:00,0.4560000000000013,0.080541,0.5365410000000013
4,8932523868,dota2-nh-lvlup1-2026-08-06,2026-08-06T17:36:18.454000+00:00,0.0,0.0,0.0
4,8932657929,dota2-ill-pr1-2026-08-06-game1,2026-08-06T19:12:10.345000+00:00,14.487398200000001,0.8832649614900001,15.37066316149
4,8932835800,dota2-ill-pr1-2026-08-06,2026-08-06T21:22:55.783000+00:00,-13.47240000000001,1.6642910400000002,-11.808108960000009
4,8933374169,dota2-nh-z10-2026-08-07-game1,2026-08-07T09:29:47.916000+00:00,0.0,0.0,0.0
4,8933453728,dota2-nh-z10-2026-08-07-game2,2026-08-07T10:40:19.376000+00:00,0.0,0.0,0.0
4,8933575351,dota2-ill-stx-2026-08-07-game1,2026-08-07T12:33:02.695000+00:00,0.0,0.0,0.0
4,8933704579,dota2-ill-stx-2026-08-07-game2,2026-08-07T13:44:43.178000+00:00,-9.608100000000002,1.1686825875,-8.439417412500003
4,8933879286,dota2-pr1-jenz-2026-08-07-game1,2026-08-07T15:25:51.002000+00:00,-56.275200000000055,1.52685972,-54.74834028000006
4,8933988979,dota2-pr1-jenz-2026-08-07-game2,2026-08-07T16:29:38.697000+00:00,-9.196937120000023,1.211829974595,-7.985107145405022
4,8934184387,dota2-jenz-nemiga-2026-08-07-game1,2026-08-07T18:35:03.983000+00:00,0.0,0.0,0.0
4,8934279386,dota2-jenz-nemiga-2026-08-07-game2,2026-08-07T19:33:30.612000+00:00,0.0,0.0,0.0
4,8936825643,dota2-pr1-yes-2026-08-09-game1,2026-08-09T09:22:32.992000+00:00,7.355845500000001,0.6870588206249999,8.042904320625
4,8937080738,dota2-pr1-yes-2026-08-09,2026-08-09T12:20:23.208000+00:00,25.932221250000026,1.72570816265625,27.657929412656276
4,8937188618,dota2-lvlup1-mouz-2026-08-09-game1,2026-08-09T13:17:49.636000+00:00,-17.0,0.34762499999999996,-16.652375
4,8937335830,dota2-lvlup1-mouz-2026-08-09-game2,2026-08-09T14:27:35.299000+00:00,-20.985999999999976,0.90384045,-20.082159549999975
4,8937484593,dota2-ill-re-2026-08-09-game1,2026-08-09T15:55:00.679000+00:00,-7.2402000000000015,0.39857300999999995,-6.841626990000002
4,8937631882,dota2-ill-re-2026-08-09-game2,2026-08-09T17:12:21.447000+00:00,1.6750000000000007,0.063748125,1.7387481250000008
4,8937722788,dota2-z10-navi-2026-08-09-game1,2026-08-09T18:17:16.930000+00:00,-46.41199999999997,1.64034708,-44.77165291999997
4,8938509987,dota2-pr1-mouz-2026-08-10-game1,2026-08-10T09:24:47.767000+00:00,14.812700000000007,3.1785184125,17.991218412500007
4,8938565057,dota2-pr1-mouz-2026-08-10-game2,2026-08-10T10:12:07.159000+00:00,3.24059999999999,1.2002224499999998,4.44082244999999
4,8938634026,dota2-pr1-mouz-2026-08-10,2026-08-10T11:15:54.851000+00:00,-9.878574659999984,0.7264792770795,-9.152095382920484
4,8938716198,dota2-ill-z10-2026-08-10-game1,2026-08-10T12:25:50.383000+00:00,-2.599999999999998,0.260685,-2.339314999999998
4,8939023869,dota2-yes-lvlup1-2026-08-10-game1,2026-08-10T15:24:37.289000+00:00,58.31960000000004,1.9929437099999996,60.312543710000035
4,8940059913,dota2-lvlup1-navi-2026-08-11-game1,2026-08-11T09:16:02.605000+00:00,34.68019999999997,0.59558565,35.27578564999997
4,8940117837,dota2-lvlup1-navi-2026-08-11-game2,2026-08-11T10:12:11.551000+00:00,-4.675024999999999,1.8163718006250003,-2.8586531993749986
4,8940266495,dota2-mouz-re-2026-08-11-game1,2026-08-11T12:16:13.042000+00:00,6.0284500000000065,0.7525094474999999,6.780959447500006
4,8940365227,dota2-mouz-re-2026-08-11-game2,2026-08-11T13:12:04.281000+00:00,0.04569926000000102,0.260732420613,0.306431680613001
4,8940487898,dota2-mouz-re-2026-08-11,2026-08-11T14:25:06.999000+00:00,13.207472319999994,0.6956402571479999,13.903112577147994
4,8940643574,dota2-yes-z10-2026-08-11-game1,2026-08-11T15:45:57.067000+00:00,36.50860000000003,3.42809775,39.93669775000003
4,8940756672,dota2-yes-z10-2026-08-11-game2,2026-08-11T16:48:25.758000+00:00,-0.6794321599999993,0.0533599164225,-0.6260722435774992
4,8941656460,dota2-lvlup1-re-2026-08-12-game1,2026-08-12T09:19:34.658000+00:00,-13.299999999999983,0.6114674999999999,-12.688532499999983
4,8941733752,dota2-lvlup1-re-2026-08-12-game2,2026-08-12T10:35:42.245000+00:00,-6.257399999999983,1.4640332249999999,-4.793366774999983
4,8941817475,dota2-lvlup1-re-2026-08-12,2026-08-12T11:50:26.039000+00:00,15.567999999999987,1.1944332,16.762433199999986
4,8942003788,dota2-navi-lvlup1-2026-08-12-game1,2026-08-12T13:42:36.457000+00:00,0.7344000000000008,0.04866318,0.7830631800000009
4,8942152024,dota2-navi-lvlup1-2026-08-12-game2,2026-08-12T14:50:30.897000+00:00,2.8999999999999986,0.20129250000000004,3.1012924999999987
4,8942262723,dota2-navi-lvlup1-2026-08-12-game3,2026-08-12T15:53:47.795000+00:00,38.016852020000016,0.240562793259,38.25741481325902
4,8962372120,dota2-ic-nemiga-2026-08-24-game1,2026-08-24T07:17:08.649000+00:00,0.0,0.0,0.0
4,8962458373,dota2-ic-nemiga-2026-08-24-game2,2026-08-24T08:26:45.454000+00:00,0.02236604000000053,0.082392225009,0.10475826500900053
4,8962592819,dota2-ks-lynx-2026-08-24-game1,2026-08-24T10:19:27.562000+00:00,-2.934003259999969,0.8197634665710001,-2.1142397934289687
4,8962736746,dota2-ks-lynx-2026-08-24-game2,2026-08-24T11:33:18.452000+00:00,-2.520669730000037,0.5050239749107499,-2.0156457550892872
4,8962964580,dota2-sb5-stx-2026-08-24-game1,2026-08-24T13:25:23.881000+00:00,1.2416661000000002,0.006518747025,1.2481848470250003
4,8963508714,dota2-rearis-lynx-2026-08-24-game2,2026-08-24T17:37:20.349000+00:00,-8.553826560000012,2.7324478251479998,-5.821378734852011
4,8963649188,dota2-dynast1-fts-2026-08-24-game1,2026-08-24T19:15:00.848000+00:00,15.54870000000001,0.22933112249999998,15.77803112250001
4,8963790789,dota2-dynast1-fts-2026-08-24-game2,2026-08-24T20:20:45.642000+00:00,2.3455000000000013,0.28989729750000004,2.6353972975000013
4,8964399842,dota2-pckcp-nemiga-2026-08-25-game1,2026-08-25T07:22:10.248000+00:00,-5.638799999999959,1.3653423299999998,-4.273457669999959
4,8964480771,dota2-pckcp-nemiga-2026-08-25-game2,2026-08-25T08:31:41.723000+00:00,5.389999999999997,0.35024175,5.740241749999997
4,8964574076,dota2-pckcp-nemiga-2026-08-25,2026-08-25T09:52:05.670000+00:00,-0.5999999999999996,1.1113650000000002,0.5113650000000005
4,8964657335,dota2-fts-pckcp-2026-08-25-game1,2026-08-25T10:52:11.864000+00:00,-21.748162500000003,0.8883104005035,-20.859852099496504
4,8964837315,dota2-fts-pckcp-2026-08-25-game2,2026-08-25T12:34:06.314000+00:00,-58.81464443999999,2.083507353354,-56.73113708664599
4,8964962329,dota2-ic-fts-2026-08-25-game1,2026-08-25T13:50:36.471000+00:00,24.91666062999999,1.42464890231475,26.34130953231474
4,8965097316,dota2-ic-fts-2026-08-25-game2,2026-08-25T14:41:01.046000+00:00,-6.637500000000003,0.34597968749999997,-6.291520312500003
4,8964938940,dota2-rearis-spirit1-2026-08-25-game1,2026-08-25T16:23:39.394000+00:00,2.400000000000002,0.441495,2.8414950000000023
4,8965544741,dota2-rearis-spirit1-2026-08-25,2026-08-25T18:44:21.316000+00:00,-21.20330000000005,0.9107453325,-20.29255466750005
4,8969842778,dota2-pckcp-ic-2026-08-28-game2,2026-08-28T08:21:21.985000+00:00,15.348148850000001,1.33275214599375,16.680900995993753
4,8969978865,dota2-rearis-sb5-2026-08-28-game1,2026-08-28T10:27:01.322000+00:00,0.0,0.0,0.0
4,8970089224,dota2-rearis-sb5-2026-08-28-game2,2026-08-28T11:41:09.553000+00:00,0.0,0.0,0.0
4,8970207176,dota2-rearis-sb5-2026-08-28,2026-08-28T12:56:49.576000+00:00,0.39000000000000057,0.13023224999999997,0.5202322500000005
4,8970338180,dota2-synaps-nemiga-2026-08-28-game1,2026-08-28T14:09:13.367000+00:00,1.3484999999999978,0.0567799875,1.4052799874999977
4,8970352005,dota2-dynast1-ic-2026-08-28-game1,2026-08-28T14:10:35.964000+00:00,-3.575242300000001,0.088831081755,-3.486411218245001
4,8970470057,dota2-synaps-nemiga-2026-08-28-game2,2026-08-28T15:09:53.245000+00:00,75.83977430000002,1.0422836551349999,76.88205795513501
4,8970485789,dota2-dynast1-ic-2026-08-28-game2,2026-08-28T15:14:26.848000+00:00,-3.865,0.130396125,-3.7346038750000004
4,8970575970,dota2-synaps-nemiga-2026-08-28,2026-08-28T16:02:11.965000+00:00,0.0,0.0,0.0
4,8970655100,dota2-dynast1-ic-2026-08-28,2026-08-28T16:43:34.585000+00:00,1.2922794399999997,0.116727127362,1.4090065673619998
4,8970886632,dota2-dynast1-pckcp-2026-08-28-game2,2026-08-28T18:51:22.084000+00:00,-14.173085000000015,1.104882301125,-13.068202698875014
4,8971007454,dota2-ks-rearis-2026-08-28-game1,2026-08-28T20:11:41.712000+00:00,-6.5099999999999945,0.29929724999999996,-6.210702749999994
4,8971016820,dota2-fts-nemiga-2026-08-28-game1,2026-08-28T20:17:43.711000+00:00,0.0,0.0,0.0
4,8971111987,dota2-ks-rearis-2026-08-28-game2,2026-08-28T21:24:47.695000+00:00,-2.271016200000001,0.04610525827499999,-2.224910941725001
4,8971423978,dota2-db2-satan-2026-08-28-game2,2026-08-29T03:20:55.120000+00:00,2.3999999999999986,0.05665499999999998,2.4566549999999987
4,8971501630,dota2-nexus-cres-2026-08-28,2026-08-29T04:51:09.441000+00:00,-47.8385,0.9679169025000001,-46.8705830975
4,8971519375,dota2-nem-6seven-2026-08-29-game1,2026-08-29T05:14:15.579000+00:00,-2.680000000000007,0.227526,-2.4524740000000067
4,8971586781,dota2-nem-6seven-2026-08-29-game2,2026-08-29T06:13:46.689000+00:00,-4.5,0.0977175,-4.4022825
4,8971664649,dota2-nem-6seven-2026-08-29,2026-08-29T07:24:10.704000+00:00,15.33815936000002,1.454617178496,16.79277653849602
4,8971753986,dota2-icecre-kineti-2026-08-29-game1,2026-08-29T08:38:12.829000+00:00,0.0,0.0,0.0
4,8971849697,dota2-icecre-kineti-2026-08-29-game2,2026-08-29T09:43:14.699000+00:00,0.0,0.0,0.0
4,8971891627,dota2-dynast1-nemiga-2026-08-29-game1,2026-08-29T10:17:49.464000+00:00,17.25873752000001,0.865491952392,18.12422947239201
4,8971964803,dota2-mouz-yes-2026-08-29-game1,2026-08-29T11:13:49.271000+00:00,-6.345747670000009,0.5521036619347499,-5.793644008065259
4,8971988345,dota2-sb5-lynx-2026-08-29-game1,2026-08-29T11:21:30.742000+00:00,-64.39608616000001,0.9476732614319999,-63.44841289856801
4,8972103119,dota2-sb5-lynx-2026-08-29-game2,2026-08-29T12:31:54.536000+00:00,-2.000700000000002,0.07747710749999999,-1.923222892500002
4,8972115962,dota2-mouz-yes-2026-08-29-game2,2026-08-29T12:36:59.931000+00:00,-15.759178849999998,2.64625624772625,-13.112922602273748
4,8972289868,dota2-huliga-lynx-2026-08-29-game1,2026-08-29T14:15:10.550000+00:00,-2.379349999999995,1.1206183575,-1.2587316424999953
4,8972502454,dota2-huliga-lynx-2026-08-29-game2,2026-08-29T15:52:19.963000+00:00,9.520599000000033,1.08927646245,10.609875462450033
4,8972611918,dota2-huliga-lynx-2026-08-29,2026-08-29T16:49:36.587000+00:00,-16.92640000000001,1.7411158800000002,-15.185284120000011
4,8972773416,dota2-pi-lvlup1-2026-08-29-game1,2026-08-29T18:17:23.637000+00:00,0.0,0.0,0.0
4,8972893200,dota2-pi-lvlup1-2026-08-29-game2,2026-08-29T19:20:53.860000+00:00,-24.74800000000002,1.8337861199999996,-22.91421388000002
4,8973011673,dota2-pi-lvlup1-2026-08-29,2026-08-29T20:33:12.059000+00:00,19.549498270000015,1.17579751718025,20.725295787180265
4,8973010298,dota2-ks-spirit1-2026-08-29-game1,2026-08-29T20:38:42.759000+00:00,0.0,0.0,0.0
4,8973337131,dota2-icecre-xctn-2026-08-30-game1,2026-08-30T02:14:49.254000+00:00,0.0,0.0,0.0
4,8973405568,dota2-icecre-xctn-2026-08-30-game2,2026-08-30T03:19:55.483000+00:00,4.248000000000005,0.39187800000000006,4.639878000000005
4,8973462028,dota2-icecre-xctn-2026-08-30,2026-08-30T04:30:11.988000+00:00,0.34148400000000123,0.38689895009999997,0.7283829501000012
4,8973502629,dota2-clo-yb1-2026-08-30-game1,2026-08-30T05:13:07.837000+00:00,-6.699500000000015,0.30436227749999994,-6.3951377225000146
4,8973568453,dota2-clo-yb1-2026-08-30-game2,2026-08-30T06:12:50.377000+00:00,-12.421800000000005,0.8196970499999999,-11.602102950000004
4,8973613420,dota2-clo-yb1-2026-08-30,2026-08-30T07:04:46.677000+00:00,5.1073233000000045,0.21580076103749998,5.323124061037505
4,8973707438,dota2-lynx-lvlup1-2026-08-30-game1,2026-08-30T08:16:36.050000+00:00,8.861399999999973,1.309325565,10.170725564999973
4,8973859403,dota2-lynx-lvlup1-2026-08-30-game2,2026-08-30T09:56:31.353000+00:00,0.00313254999999657,0.31447629188625,0.31760884188624655
4,8973884000,dota2-nem-xctn-2026-08-30-game2,2026-08-30T10:12:32.710000+00:00,7.880546079999981,0.47044936220699995,8.350995442206981
4,8973944033,dota2-lynx-lvlup1-2026-08-30,2026-08-30T10:50:43.696000+00:00,-5.943570669999959,3.17506577461425,-2.7685048953857088
4,8974185539,dota2-navi-mouz-2026-08-30-game2,2026-08-30T13:08:29.090000+00:00,71.47770000000001,4.1633340675,75.64103406750002
4,8974647733,dota2-lvlup1-pr1-2026-08-30-game1,2026-08-30T17:09:16.077000+00:00,1.0907971999999968,0.8978743926,1.9886715925999967
4,8974898633,dota2-lvlup1-pr1-2026-08-30,2026-08-30T19:25:58.777000+00:00,-23.399622750000006,1.78254505839375,-21.617077691606255
4,8975110449,dota2-dynast1-ks-2026-08-30-game2,2026-08-30T21:54:27.706000+00:00,13.88900000000001,0.7889646449999999,14.67796464500001
4,8975871235,dota2-synaps-lynx-2026-08-31-game1,2026-08-31T12:26:44.788000+00:00,-18.827802390000027,1.43837766630075,-17.38942472369928
4,8976012755,dota2-synaps-lynx-2026-08-31-game2,2026-08-31T13:41:35.303000+00:00,28.915288869999998,1.06325832898275,29.97854719898275
4,8976166971,dota2-synaps-lynx-2026-08-31,2026-08-31T15:09:07.826000+00:00,52.88848753999994,2.715154057143,55.603641597142946
4,8976300473,dota2-4iki-ic-2026-08-31-game1,2026-08-31T16:25:39.940000+00:00,-1.3041000000000018,0.17707457249999997,-1.1270254275000018
4,8976441468,dota2-4iki-ic-2026-08-31-game2,2026-08-31T17:43:06.122000+00:00,48.387,0.9984657449999998,49.385465745
4,8976511215,dota2-4iki-ic-2026-08-31,2026-08-31T18:29:54.020000+00:00,18.87609939000001,1.5031002048922497,20.37919959489226
4,8976665322,dota2-spirit1-pi-2026-08-31-game1,2026-08-31T20:26:57.494000+00:00,7.007500000000057,1.1339420625,8.141442062500058
4,8976751962,dota2-spirit1-pi-2026-08-31-game2,2026-08-31T21:40:17.685000+00:00,-4.103499999999997,0.8231256225,-3.2803743774999967
4,8977325814,dota2-ks-pckcp-2026-09-01-game2,2026-09-01T10:26:27.059000+00:00,4.801163349999996,0.57523499284875,5.376398342848746
4,8977476867,dota2-ic-lynx-2026-09-01-game1,2026-09-01T12:26:04.131000+00:00,32.8344,1.4795483999999999,34.3139484
4,8977623650,dota2-ic-lynx-2026-09-01-game2,2026-09-01T13:53:28.128000+00:00,-28.37480000000005,3.3245318999999998,-25.05026810000005
4,8977913355,dota2-synaps-lvlup1-2026-09-01-game2,2026-09-01T16:37:59.217000+00:00,0.0,0.0,0.0
4,8978023576,dota2-synaps-lvlup1-2026-09-01,2026-09-01T17:45:54.185000+00:00,-35.294399999999996,1.0235375999999998,-34.2708624
4,8978832148,dota2-pr1-ic-2026-09-02-game1,2026-09-02T09:52:32.767000+00:00,41.90507548999997,0.80150208029025,42.70657757029022
4,8978916284,dota2-pr1-ic-2026-09-02-game2,2026-09-02T11:19:11.539000+00:00,15.024193320000009,0.6738944164485,15.698087736448509
4,8978986214,dota2-pr1-ic-2026-09-02,2026-09-02T12:20:55.440000+00:00,-0.48360000000000003,0.053812589999999993,-0.42978741000000004
4,8979131280,dota2-dynast1-pckcp-2026-09-02-game1,2026-09-02T13:56:13.878000+00:00,0.0,0.0,0.0
4,8979241530,dota2-dynast1-pckcp-2026-09-02-game2,2026-09-02T14:56:18.245000+00:00,12.443200229999983,0.60315559356825,13.046355823568232
4,8979344496,dota2-synaps-4iki-2026-09-02-game1,2026-09-02T15:59:27.587000+00:00,-12.25,2.54629401,-9.70370599
4,8980293569,dota2-z10-ks-2026-09-03-game1,2026-09-03T09:18:42.909000+00:00,-2.7548358500000063,0.90804267552375,-1.8467931744762565
4,8980358113,dota2-z10-ks-2026-09-03-game2,2026-09-03T10:27:20.250000+00:00,-0.2004999999999999,0.3103792875,0.10987928750000009
4,8980463789,dota2-pckcp-spirit1-2026-09-03-game1,2026-09-03T12:14:02.762000+00:00,12.790452399999978,0.64351749774,13.433969897739978
4,8980769413,dota2-pi-dynast1-2026-09-03-game1,2026-09-03T15:17:23.998000+00:00,65.57437164000002,0.9634437372869998,66.53781537728702
5,8837869969,dota2-aur1-ty-2026-06-04-game1,2026-06-04T09:17:47.612000+00:00,9.107600000000005,1.0873951499999999,10.194995150000004
5,8837957019,dota2-aur1-ty-2026-06-04-game2,2026-06-04T11:05:49.570000+00:00,-1.8987999999999872,1.2917287199999998,-0.6070712799999873
5,8838056564,dota2-flc-liquid-2026-06-04-game1,2026-06-04T12:43:48.535000+00:00,-41.54349999999995,1.5565190924999999,-39.986980907499955
5,8838170936,dota2-flc-liquid-2026-06-04-game2,2026-06-04T14:05:12.636000+00:00,-15.801600879999981,2.847200682096,-12.954400197903981
5,8838396820,dota2-lgd-ty-2026-06-04-game2,2026-06-04T16:48:28.531000+00:00,13.235200000000031,2.4097896899999998,15.644989690000031
5,8838480778,dota2-lgd-ty-2026-06-04,2026-06-04T17:57:47.377000+00:00,-1.0,0.36862500000000004,-0.631375
5,8839123109,dota2-flc-bb4-2026-06-05-game1,2026-06-05T09:16:39.267000+00:00,-61.964,1.198991475,-60.765008525
5,8839193447,dota2-flc-bb4-2026-06-05-game2,2026-06-05T10:38:10.594000+00:00,19.068479110000055,2.84927278060575,21.917751890605807
5,8839366504,dota2-lgd-liquid-2026-06-05-game2,2026-06-05T13:21:18.066000+00:00,-42.4367,1.3881355574999998,-41.0485644425
5,8839494962,dota2-flc-aur1-2026-06-05-game1,2026-06-05T14:52:18.684000+00:00,30.00305,1.16780118375,31.170851183750003
5,8839625815,dota2-flc-aur1-2026-06-05-game2,2026-06-05T16:13:53.150000+00:00,3.128,0.28344945,3.41144945
5,8839717574,dota2-flc-aur1-2026-06-05,2026-06-05T17:21:15.591000+00:00,-11.042399999999986,2.06842122,-8.973978779999987
5,8840635639,dota2-ty-bb4-2026-06-06-game1,2026-06-06T10:47:49.658000+00:00,0.0,0.0,0.0
5,8840704374,dota2-ty-bb4-2026-06-06-game2,2026-06-06T11:51:44.485000+00:00,-5.0,3.32211276,-1.67788724
5,8840821227,dota2-ty-bb4-2026-06-06,2026-06-06T13:12:37.368000+00:00,15.931799999999996,1.13680644,17.068606439999996
5,8840984097,dota2-aur1-lgd-2026-06-06-game1,2026-06-06T15:05:33.978000+00:00,-4.304569719999989,0.8536567237589999,-3.4509129962409895
5,8841114801,dota2-aur1-lgd-2026-06-06-game2,2026-06-06T16:30:29.855000+00:00,-26.92540520000003,1.43395124355,-25.49145395645003
5,8842052142,dota2-bb4-lgd-2026-06-07-game1,2026-06-07T09:18:04.694000+00:00,80.30370000000002,3.1892334375,83.49293343750001
5,8842134886,dota2-bb4-lgd-2026-06-07-game2,2026-06-07T10:28:41.168000+00:00,-13.817185370000018,2.0859124563967497,-11.731272913603268
5,8842245726,dota2-bb4-lgd-2026-06-07,2026-06-07T11:59:53.564000+00:00,27.264799999999994,2.34996246,29.614762459999994
5,8842468101,dota2-ty-lgd-2026-06-07-game1,2026-06-07T14:21:40.854000+00:00,3.900000000000002,0.0934875,3.9934875000000023
5,8842596730,dota2-ty-lgd-2026-06-07-game2,2026-06-07T15:49:20.066000+00:00,0.0,0.0,0.0
5,8842722527,dota2-ty-lgd-2026-06-07-game3,2026-06-07T17:12:22.566000+00:00,-2.1987,0.0061013925,-2.1925986075
5,8842845018,dota2-ty-lgd-2026-06-07-game4,2026-06-07T18:51:58.999000+00:00,2.7500999999999993,0.8004027225,3.550502722499999
5,8843465364,dota2-4iki-nande4-2026-06-08-game1,2026-06-08T09:15:08.776000+00:00,-36.949465040000064,1.570466073753,-35.37899896624706
5,8843512570,dota2-4iki-nande4-2026-06-08-game2,2026-06-08T10:09:45.609000+00:00,-2.0968999999999767,0.8993525325,-1.1975474674999766
5,8843560379,dota2-4iki-nande4-2026-06-08,2026-06-08T11:10:54.138000+00:00,-12.65000072999996,1.2712967377552498,-11.37870399224471
5,8843760302,dota2-vpp-balu-2026-06-08-game2,2026-06-08T13:42:26.324000+00:00,2.3529000000000337,0.4374629325,2.7903629325000336
5,8844054970,dota2-z10-sb5-2026-06-08-game2,2026-06-08T17:08:41.204000+00:00,57.442400000000006,0.43656534,57.87896534000001
5,8844132483,dota2-vpp-z10-2026-06-08-game1,2026-06-08T18:23:01.210000+00:00,-0.5399999999999991,0.0571725,-0.48282749999999913
5,8844244719,dota2-vpp-z10-2026-06-08-game2,2026-06-08T19:45:42.908000+00:00,1.2799999999999994,0.021732,1.3017319999999994
5,8844308689,dota2-vpp-z10-2026-06-08,2026-06-08T20:50:38.757000+00:00,121.78039999999999,0.57539886,122.35579886
5,8850534819,dota2-ill-pr1-2026-06-13-game2,2026-06-13T17:10:42.502000+00:00,-1.0,0.053745,-0.946255
5,8850593633,dota2-ill-pr1-2026-06-13,2026-06-13T18:00:57.551000+00:00,0.0,0.0,0.0
5,8851984783,dota2-4iki-pr1-2026-06-14-game2,2026-06-14T16:46:25.798000+00:00,-2.7348,1.2327947099999998,-1.50200529
5,8852055373,dota2-4iki-pr1-2026-06-14,2026-06-14T17:46:02.690000+00:00,9.59,0.42259575,10.01259575
5,8854443395,dota2-fla-spirit1-2026-06-16-game1,2026-06-16T16:31:44.570000+00:00,-1.1384000000000007,0.13290312,-1.0054968800000008
5,8885183102,dota2-flc-bb4-2026-07-07-game1,2026-07-07T09:47:24.433000+00:00,-33.7925625,0.8430086278125,-32.9495538721875
5,8885195986,dota2-re-xtreme-2026-07-07-game1,2026-07-07T09:55:03.037000+00:00,18.72179999999996,0.602908575,19.32470857499996
5,8885252329,dota2-flc-bb4-2026-07-07-game2,2026-07-07T11:01:59.599000+00:00,-13.960999999999979,2.759890635,-11.20110936499998
5,8885275216,dota2-re-xtreme-2026-07-07-game2,2026-07-07T11:16:11.813000+00:00,-12.698199999999986,1.2250639049999998,-11.473136094999987
5,8885365825,dota2-l1ga-ngx-2026-07-07-game1,2026-07-07T12:34:49.112000+00:00,0.0,0.0,0.0
5,8885380529,dota2-liquid-playti-2026-07-07-game1,2026-07-07T12:43:07.045000+00:00,-0.129999999999999,0.04850625,-0.081493749999999
5,8885411801,dota2-lvlup1-aur1-2026-07-07-game1,2026-07-07T13:06:28.530000+00:00,0.0,0.0,0.0
5,8885470551,dota2-l1ga-ngx-2026-07-07-game2,2026-07-07T13:39:34.570000+00:00,7.849214999999987,0.937720569375,8.786935569374986
5,8885473599,dota2-liquid-playti-2026-07-07-game2,2026-07-07T13:52:27.923000+00:00,-27.39169999999994,5.600469682499999,-21.79123031749994
5,8885529711,dota2-lvlup1-aur1-2026-07-07-game2,2026-07-07T14:23:52.590000+00:00,7.402500000000003,0.05274281250000005,7.455242812500003
5,8885633666,dota2-ts8-mouz-2026-07-07-game1,2026-07-07T15:33:28.678000+00:00,2.473065160000033,0.722067553362,3.1951327133620326
5,8885665054,dota2-nem-pari-2026-07-07-game1,2026-07-07T15:41:38.548000+00:00,46.70492606000001,0.9649354146405,47.66986147464051
5,8885784652,dota2-ts8-mouz-2026-07-07-game2,2026-07-07T17:16:32.961000+00:00,-27.218300000000028,2.9876706525000003,-24.230629347500027
5,8885871759,dota2-ic-1win-2026-07-07-game1,2026-07-07T18:31:07.999000+00:00,0.0,0.0,0.0
5,8885928262,dota2-ty-og-2026-07-07-game1,2026-07-07T19:03:44.444000+00:00,0.0,0.0,0.0
5,8885974297,dota2-ic-1win-2026-07-07-game2,2026-07-07T19:32:14.446000+00:00,0.0,0.0,0.0
5,8886005043,dota2-ty-og-2026-07-07-game2,2026-07-07T20:03:05.981000+00:00,-9.273999999999972,0.52453605,-8.749463949999972
5,8886576019,dota2-poorra-bb4-2026-07-08-game1,2026-07-08T09:20:01.472000+00:00,-20.0,0.6779999999999999,-19.322
5,8886572854,dota2-gl-xtreme-2026-07-08-game1,2026-07-08T09:27:27.007000+00:00,-16.941199999999967,3.51776409,-13.423435909999966
5,8886638110,dota2-poorra-bb4-2026-07-08-game2,2026-07-08T10:36:00.005000+00:00,0.0,0.0,0.0
5,8886640910,dota2-flc-re-2026-07-08-game2,2026-07-08T10:39:41.623000+00:00,14.438933070000004,0.55004399675775,14.988977066757755
5,8886641793,dota2-gl-xtreme-2026-07-08-game2,2026-07-08T10:45:04.782000+00:00,45.732299109999985,1.73031454976325,47.462613659763235
5,8886728756,dota2-l1ga-playti-2026-07-08-game1,2026-07-08T12:02:19.795000+00:00,-14.495500000000023,1.0705336275,-13.424966372500023
5,8886736772,dota2-liquid-lvlup1-2026-07-08-game1,2026-07-08T12:08:59.488000+00:00,6.976799999999997,0.38075886000000003,7.3575588599999975
5,8886788497,dota2-ngx-aur1-2026-07-08-game1,2026-07-08T12:47:30.744000+00:00,5.532827669999989,0.57394806770325,6.106775737703239
5,8886815251,dota2-l1ga-playti-2026-07-08-game2,2026-07-08T13:04:20.712000+00:00,38.096000000000004,0.24000480000000002,38.336004800000005
5,8886862310,dota2-liquid-lvlup1-2026-07-08-game2,2026-07-08T13:37:25.898000+00:00,7.391199999999998,0.053216640000000044,7.444416639999998
5,8886994890,dota2-ts8-nem-2026-07-08-game1,2026-07-08T14:59:11.781000+00:00,0.0,0.0,0.0
5,8887100676,dota2-vg-pari-2026-07-08-game1,2026-07-08T16:18:23.954000+00:00,0.0,0.0,0.0
5,8887114313,dota2-ts8-nem-2026-07-08-game2,2026-07-08T16:15:19.583000+00:00,-13.563999999999993,0.272981025,-13.291018974999993
5,8887197358,dota2-vg-pari-2026-07-08-game2,2026-07-08T17:23:00.102000+00:00,-10.288100000000014,0.6430944824999999,-9.645005517500014
5,8887218598,dota2-lgd-og-2026-07-08-game1,2026-07-08T17:27:41.870000+00:00,-4.74,1.8255674999999998,-2.9144325
5,8887260104,dota2-ty-ic-2026-07-08-game1,2026-07-08T17:58:24.214000+00:00,0.0,0.0,0.0
5,8887314193,dota2-lgd-og-2026-07-08-game2,2026-07-08T18:40:30.736000+00:00,-28.449213719999904,2.027807405124,-26.421406314875902
5,8887325211,dota2-vp-1win-2026-07-08-game1,2026-07-08T18:51:24.334000+00:00,4.446799999999968,2.4468365399999996,6.893636539999967
5,8887337672,dota2-ty-ic-2026-07-08-game2,2026-07-08T19:01:29.872000+00:00,0.0,0.0,0.0
5,8887432754,dota2-vp-1win-2026-07-08-game2,2026-07-08T20:20:02.742000+00:00,30.685699999999997,0.3331841925,31.018884192499996
5,8887986392,dota2-poorra-xtreme-2026-07-09-game1,2026-07-09T09:21:30.237000+00:00,-19.35779999999997,4.4919002699999995,-14.86589972999997
5,8887998750,dota2-bb4-re-2026-07-09-game1,2026-07-09T09:29:32.198000+00:00,-3.200000000000003,0.9844795650000001,-2.215520435000003
5,8888056358,dota2-poorra-xtreme-2026-07-09-game2,2026-07-09T10:34:44.979000+00:00,5.668999999999983,0.9909518549999999,6.659951854999982
5,8888066684,dota2-bb4-re-2026-07-09-game2,2026-07-09T10:43:25.275000+00:00,-15.998806859999988,0.8028028255005,-15.196004034499488
5,8888083694,dota2-gl-flc-2026-07-09-game2,2026-07-09T11:11:32.224000+00:00,9.480400000000003,1.50874155,10.989141550000003
5,8888160657,dota2-l1ga-aur1-2026-07-09-game1,2026-07-09T12:09:38.901000+00:00,-11.179880000000026,0.5491280865,-10.630751913500026
5,8888173515,dota2-playti-lvlup1-2026-07-09-game1,2026-07-09T12:20:27.216000+00:00,22.536900000000003,0.5501319524999999,23.087031952500002
5,8888217771,dota2-ngx-liquid-2026-07-09-game1,2026-07-09T12:52:14.212000+00:00,11.16421819999998,1.0216908708149999,12.18590907081498
5,8888260336,dota2-l1ga-aur1-2026-07-09-game2,2026-07-09T13:20:05.771000+00:00,2.5973999999999933,0.6792850349999999,3.276685034999993
5,8888279558,dota2-playti-lvlup1-2026-07-09-game2,2026-07-09T13:33:23.111000+00:00,40.9632,0.25499592000000004,41.21819592
5,8888318197,dota2-ngx-liquid-2026-07-09-game2,2026-07-09T14:04:08.888000+00:00,-18.461400000000026,2.2832106449999996,-16.178189355000026
5,8888405761,dota2-mouz-nem-2026-07-09-game1,2026-07-09T14:48:45.816000+00:00,10.8108,0.7378370999999999,11.5486371
5,8888425887,dota2-rnx-pari-2026-07-09-game1,2026-07-09T15:02:02.148000+00:00,-12.90300000000002,0.28741432499999997,-12.61558567500002
5,8888489297,dota2-vg-ts8-2026-07-09-game1,2026-07-09T15:42:43.149000+00:00,0.0,0.0,0.0
5,8888555097,dota2-mouz-nem-2026-07-09-game2,2026-07-09T16:24:34.308000+00:00,-51.29429999999999,2.7046698974999996,-48.589630102499996
5,8888554919,dota2-rnx-pari-2026-07-09-game2,2026-07-09T16:26:10.054000+00:00,0.0,0.0,0.0
5,8888592426,dota2-vg-ts8-2026-07-09-game2,2026-07-09T16:59:54.115000+00:00,-15.919600000000003,0.81503013,-15.104569870000002
5,8888682602,dota2-og-ic-2026-07-09-game1,2026-07-09T17:53:01.981000+00:00,-32.16709999999998,2.0086433625,-30.158456637499977
5,8888693655,dota2-vp-ty-2026-07-09-game1,2026-07-09T18:07:57.629000+00:00,27.272400000000005,0.53999352,27.812393520000004
5,8888731478,dota2-lgd-1win-2026-07-09-game1,2026-07-09T18:35:20.326000+00:00,34.788875000000004,1.2262762425,36.0151512425
5,8888771711,dota2-og-ic-2026-07-09-game2,2026-07-09T19:04:50.495000+00:00,-18.918900000000008,0.8381748375,-18.08072516250001
5,8888819433,dota2-lgd-1win-2026-07-09-game2,2026-07-09T19:41:02.532000+00:00,-9.073122659999981,1.8983376804315002,-7.174784979568481
5,8889452921,dota2-re-gl-2026-07-10-game1,2026-07-10T09:17:34.068000+00:00,37.9084,0.8530551899999999,38.76145519
5,8889468264,dota2-xtreme-bb4-2026-07-10-game1,2026-07-10T09:26:30.741000+00:00,-29.9,1.9197967200000001,-27.980203279999998
5,8889513730,dota2-poorra-flc-2026-07-10-game2,2026-07-10T10:17:36.842000+00:00,0.0,0.0,0.0
5,8889524021,dota2-xtreme-bb4-2026-07-10-game2,2026-07-10T10:37:39.793000+00:00,-5.9702000000000055,1.0043368949999998,-4.965863105000006
5,8889538949,dota2-re-gl-2026-07-10-game2,2026-07-10T10:40:57.402000+00:00,-11.571599999999975,1.15671486,-10.414885139999976
5,8889615310,dota2-l1ga-liquid-2026-07-10-game1,2026-07-10T11:48:20.990000+00:00,-10.293999999999969,1.5585608999999998,-8.735439099999969
5,8889621582,dota2-aur1-playti-2026-07-10-game1,2026-07-10T11:57:42.116000+00:00,-31.959100000000035,2.5446416774999996,-29.414458322500035
5,8889699098,dota2-l1ga-liquid-2026-07-10-game2,2026-07-10T12:46:15.831000+00:00,0.0,0.0,0.0
5,8889733840,dota2-aur1-playti-2026-07-10-game2,2026-07-10T13:14:22.837000+00:00,-45.0,1.7021249999999997,-43.297875
5,8889871314,dota2-nem-vg-2026-07-10-game1,2026-07-10T14:27:52.631000+00:00,38.158000000000015,1.1325053099999998,39.290505310000015
5,8889914618,dota2-pari-mouz-2026-07-10-game1,2026-07-10T14:59:49.254000+00:00,-13.793399999999991,0.46035472499999985,-13.333045274999991
5,8889944251,dota2-rnx-ts8-2026-07-10-game1,2026-07-10T15:15:29.857000+00:00,16.092299999999966,0.29224766250000006,16.384547662499966
5,8890008812,dota2-nem-vg-2026-07-10-game2,2026-07-10T15:49:04.827000+00:00,32.321200000000005,0.8790252749999998,33.200225275
5,8890036748,dota2-pari-mouz-2026-07-10-game2,2026-07-10T16:15:07.698000+00:00,8.0,0.04799999999999999,8.048
5,8890074597,dota2-rnx-ts8-2026-07-10-game2,2026-07-10T16:28:42.555000+00:00,0.0,0.0,0.0
5,8890179830,dota2-lgd-ty-2026-07-10-game1,2026-07-10T17:38:53.401000+00:00,4.010488159999994,0.363764055876,4.374252215875995
5,8890270555,dota2-1win-og-2026-07-10-game2,2026-07-10T18:36:26.467000+00:00,0.0,0.0,0.0
5,8890268632,dota2-lgd-ty-2026-07-10-game2,2026-07-10T18:43:14.663000+00:00,-1.9724000000000217,0.786192195,-1.1862078050000218
5,8890301402,dota2-ic-vp-2026-07-10-game2,2026-07-10T18:52:09.717000+00:00,0.0,0.0,0.0
5,8891108843,dota2-poorra-re-2026-07-11-game1,2026-07-11T09:15:44.932000+00:00,4.800000000000001,0.1473,4.9473
5,8891108985,dota2-bb4-gl-2026-07-11-game1,2026-07-11T09:17:06.187000+00:00,-5.3595000000000255,1.8461249625,-3.513375037500025
5,8891145641,dota2-xtreme-flc-2026-07-11-game1,2026-07-11T09:30:07.111000+00:00,2.9411999999999523,0.95184585,3.893045849999952
5,8891217710,dota2-poorra-re-2026-07-11-game2,2026-07-11T10:44:50.172000+00:00,-60.11920069999999,1.4528284176375,-58.666372282362495
5,8891240327,dota2-xtreme-flc-2026-07-11-game2,2026-07-11T11:01:14.698000+00:00,8.758800000000003,3.40997571,12.168775710000002
5,8891325877,dota2-l1ga-lvlup1-2026-07-11-game1,2026-07-11T12:09:46.181000+00:00,-17.662600000000012,0.662546055,-17.000053945000012
5,8891349244,dota2-playti-ngx-2026-07-11-game1,2026-07-11T12:27:52.369000+00:00,25.608000000000004,1.60560756,27.213607560000003
5,8891371442,dota2-aur1-liquid-2026-07-11-game1,2026-07-11T12:43:19.319000+00:00,4.180000000000009,0.460242,4.640242000000009
5,8891438996,dota2-l1ga-lvlup1-2026-07-11-game2,2026-07-11T13:19:40.554000+00:00,-0.44000000000000306,0.171669,-0.2683310000000031
5,8891497910,dota2-aur1-liquid-2026-07-11-game2,2026-07-11T13:53:37.287000+00:00,1.6000000000000014,0.1002405,1.7002405000000014
5,8891519142,dota2-playti-ngx-2026-07-11-game2,2026-07-11T14:08:43.754000+00:00,-11.520178819999984,0.5062250613314999,-11.013953758668483
5,8892829232,dota2-mouz-vg-2026-07-12-game1,2026-07-12T09:15:57.248000+00:00,-67.45365237999994,1.312426047861,-66.14122633213894
5,8892835652,dota2-rnx-nem-2026-07-12-game1,2026-07-12T09:19:01.546000+00:00,-9.624800000000029,1.4694504,-8.15534960000003
5,8892836635,dota2-pari-ts8-2026-07-12-game1,2026-07-12T09:26:06.808000+00:00,-16.894699999999997,2.3933966175,-14.501303382499996
5,8892923329,dota2-mouz-vg-2026-07-12-game2,2026-07-12T10:25:59.512000+00:00,5.230799999999995,0.63362175,5.864421749999995
5,8892914077,dota2-pari-ts8-2026-07-12-game2,2026-07-12T10:31:28.406000+00:00,-17.133499999999998,2.6314780874999997,-14.502021912499998
5,8892958964,dota2-rnx-nem-2026-07-12-game2,2026-07-12T10:53:08.655000+00:00,-95.25059999999999,1.15783935,-94.09276064999999
5,8893070561,dota2-1win-ty-2026-07-12-game1,2026-07-12T12:14:45.162000+00:00,-0.39000000000000057,0.032867249999999994,-0.35713275000000055
5,8893106015,dota2-og-vp-2026-07-12-game1,2026-07-12T12:36:42.440000+00:00,17.66289999999997,2.0270732474999997,19.689973247499967
5,8893165071,dota2-1win-ty-2026-07-12-game2,2026-07-12T13:18:20.777000+00:00,2.9620000000000166,1.34052069,4.302520690000017
5,8893253595,dota2-og-vp-2026-07-12-game2,2026-07-12T13:56:28.498000+00:00,0.9700739999999985,0.1941887136,1.1642627135999986
5,8896139222,dota2-re-vp-2026-07-14-game1,2026-07-14T11:15:10.363000+00:00,2.0154000000000565,3.03009387,5.0454938700000564
5,8896140998,dota2-liquid-xtreme-2026-07-14-game1,2026-07-14T11:24:31.795000+00:00,-37.49779656,2.723430364938,-34.774366195062
5,8896234088,dota2-re-vp-2026-07-14-game2,2026-07-14T12:30:48.003000+00:00,1.7705999999999769,1.0376475749999998,2.8082475749999767
5,8896267691,dota2-liquid-xtreme-2026-07-14-game2,2026-07-14T13:05:08.216000+00:00,-0.5586999999999946,1.1694560475,0.6107560475000053
5,8896380183,dota2-re-vp-2026-07-14,2026-07-14T14:02:34.965000+00:00,-55.22383745999997,1.7141482329989999,-53.50968922700097
5,8896486914,dota2-liquid-xtreme-2026-07-14,2026-07-14T15:13:00.049000+00:00,-2.8770004299999954,1.84954328809725,-1.0274571419027454
5,8896645659,dota2-lgd-mouz-2026-07-14-game1,2026-07-14T16:55:49.823000+00:00,-10.666799999999995,0.7868098350000001,-9.879990164999995
5,8896731473,dota2-lgd-mouz-2026-07-14-game2,2026-07-14T18:02:11.857000+00:00,-39.86100000000002,1.534797045,-38.32620295500002
5,8897585705,dota2-aur1-re-2026-07-15-game1,2026-07-15T11:19:40.513000+00:00,-81.39599999999999,0.64587726,-80.75012273999998
5,8897588873,dota2-ts8-liquid-2026-07-15-game1,2026-07-15T11:25:30.473000+00:00,-7.9132000000000176,1.62082005,-6.292379950000018
5,8897695379,dota2-aur1-re-2026-07-15-game2,2026-07-15T12:41:48.340000+00:00,0.5,0.050362500000000004,0.5503625
5,8897696869,dota2-ts8-liquid-2026-07-15-game2,2026-07-15T12:54:25.976000+00:00,25.576041520000004,1.742930766615,27.318972286615004
5,8897831774,dota2-ts8-liquid-2026-07-15,2026-07-15T14:13:24.528000+00:00,0.0005400200000167388,0.9300130153965,0.9305530353965168
5,8897841991,dota2-1win-vg-2026-07-15-game1,2026-07-15T14:22:22.284000+00:00,3.8304121600000087,0.735168802512,4.5655809625120085
5,8897971312,dota2-1win-vg-2026-07-15-game2,2026-07-15T15:33:39.656000+00:00,20.861099999999965,1.4608300725,22.321930072499963
5,8898003442,dota2-bb4-lgd-2026-07-15-game1,2026-07-15T15:56:58.589000+00:00,-1.0,0.0912,-0.9088
5,8898084910,dota2-1win-vg-2026-07-15,2026-07-15T16:49:08.935000+00:00,-19.510699999999986,3.9952574324999994,-15.515442567499987
5,8898117600,dota2-bb4-lgd-2026-07-15-game2,2026-07-15T17:15:52.403000+00:00,30.555800000000005,0.713964045,31.269764045000006
5,8899028080,dota2-ty-ts8-2026-07-17-game1,2026-07-16T11:25:22.617000+00:00,54.10730000000001,1.4465888925,55.55388889250001
5,8899120700,dota2-ty-ts8-2026-07-17-game2,2026-07-16T12:44:26.752000+00:00,-64.42710000000002,5.8681776525,-58.55892234750002
5,8899307453,dota2-pari-re-2026-07-17-game1,2026-07-16T14:36:23.407000+00:00,9.956399999999974,0.65115054,10.607550539999973
5,8899420575,dota2-pari-re-2026-07-17-game2,2026-07-16T15:46:28.167000+00:00,2.501361160000016,0.5885542309529999,3.089915390953016
5,8900508749,dota2-flc-vg-2026-07-16-game1,2026-07-17T11:21:46.405000+00:00,-32.99359999999999,1.1858321099999998,-31.807767889999987
5,8900623530,dota2-flc-vg-2026-07-16-game2,2026-07-17T12:54:30.551000+00:00,-9.091399999999965,5.094709395,-3.996690604999965
5,8900771154,dota2-ngx-bb4-2026-07-16-game1,2026-07-17T14:28:08.196000+00:00,21.42291720000003,0.71625868704,22.13917588704003
5,8900882416,dota2-ngx-bb4-2026-07-16-game2,2026-07-17T15:33:10.588000+00:00,0.0,0.0,0.0
5,8902107148,dota2-bb4-vg-2026-07-18-game1,2026-07-18T11:22:02.020000+00:00,2.2197999999999922,0.23825875500000004,2.458058754999992
5,8902173969,dota2-bb4-vg-2026-07-18-game2,2026-07-18T12:21:15.910000+00:00,-16.867200000000025,0.5846292000000001,-16.282570800000027
5,8902338515,dota2-ty-pari-2026-07-18-game1,2026-07-18T14:06:38.308000+00:00,-18.868000000000023,2.9414085,-15.926591500000024
5,8902431810,dota2-ty-pari-2026-07-18-game2,2026-07-18T15:09:37.865000+00:00,-5.583399999999983,5.71572525,0.13232525000001694
5,8902610619,dota2-ty-pari-2026-07-18,2026-07-18T16:48:06.686000+00:00,12.099400000000003,2.4845149049999997,14.583914905000002
5,8903705555,dota2-vg-ty-2026-07-19-game1,2026-07-19T10:24:33.152000+00:00,5.333998000000044,0.72920566155,6.063203661550044
5,8903789784,dota2-vg-ty-2026-07-19-game2,2026-07-19T11:31:19.185000+00:00,2.0,0.0678,2.0678
5,8904012666,dota2-bb4-pari-2026-07-19-game1,2026-07-19T13:57:51.853000+00:00,50.016799999999975,1.95405834,51.97085833999998
5,8904157676,dota2-bb4-pari-2026-07-19-game2,2026-07-19T15:17:11.337000+00:00,-24.964500000000072,4.4138007375,-20.55069926250007
5,8904322271,dota2-bb4-pari-2026-07-19-game3,2026-07-19T16:52:33.960000+00:00,-1.2349000000000743,4.887879442499999,3.652979442499925
5,8904419709,dota2-bb4-pari-2026-07-19-game4,2026-07-19T18:05:14.511000+00:00,26.53509999999997,1.5220066875,28.05710668749997
5,8905035315,dota2-stx-lynx-2026-07-20-game1,2026-07-20T07:25:19.610000+00:00,0.0,0.040150500000000006,0.040150500000000006
5,8905093611,dota2-stx-lynx-2026-07-20-game2,2026-07-20T08:36:36.644000+00:00,11.166049639999985,0.508135651512,11.674185291511984
5,8905164476,dota2-stx-lynx-2026-07-20,2026-07-20T10:04:24.370000+00:00,65.97207288999998,1.72491675901575,67.69698964901573
5,8905233934,dota2-lynx-pckcp-2026-07-20-game1,2026-07-20T11:15:17.947000+00:00,27.7016,1.0905567,28.7921567
5,8905359313,dota2-lynx-pckcp-2026-07-20-game2,2026-07-20T12:49:30.119000+00:00,-6.117808770000014,1.0590984305047497,-5.058710339495264
5,8905490238,dota2-z10-nemiga-2026-07-20-game1,2026-07-20T14:13:02.081000+00:00,-4.887700519999996,0.851914790433,-4.035785729566996
5,8905612460,dota2-z10-nemiga-2026-07-20-game2,2026-07-20T15:25:40.567000+00:00,-48.26893724,1.549075531248,-46.719861708752
5,8905741721,dota2-spirit1-jenz-2026-07-20-game1,2026-07-20T16:55:30.580000+00:00,3.389800000000008,1.2251584649999998,4.614958465000008
5,8905885788,dota2-spirit1-jenz-2026-07-20-game2,2026-07-20T18:35:45.253000+00:00,0.0,0.0,0.0
5,8905975768,dota2-lvlup1-ill-2026-07-20-game1,2026-07-20T19:45:16.612000+00:00,0.605519000000001,1.379354644125,1.984873644125001
5,8906069414,dota2-lvlup1-ill-2026-07-20-game2,2026-07-20T20:59:36.536000+00:00,-38.79979999999999,1.860723945,-36.939076054999994
5,8906479441,dota2-nemiga-dan-2026-07-21-game1,2026-07-21T07:24:02.590000+00:00,32.29167069000003,0.59707678744425,32.888747477444284
5,8906547471,dota2-nemiga-dan-2026-07-21-game2,2026-07-21T08:48:51.736000+00:00,3.8203000000000107,1.0404492374999998,4.860749237500011
5,8906626852,dota2-pckcp-stx-2026-07-21-game1,2026-07-21T10:17:03.931000+00:00,-12.722400000000015,0.7864583399999999,-11.935941660000015
5,8906706819,dota2-pckcp-stx-2026-07-21-game2,2026-07-21T11:28:10.072000+00:00,0.0,0.0,0.0
5,8906814740,dota2-pckcp-stx-2026-07-21,2026-07-21T12:50:32.182000+00:00,-23.370463619999953,2.5409710098255,-20.82949261017445
5,8906911697,dota2-lynx-spirit1-2026-07-21-game1,2026-07-21T14:01:22.509000+00:00,0.0,0.0,0.0
5,8907021823,dota2-lynx-spirit1-2026-07-21-game2,2026-07-21T14:54:33.550000+00:00,-7.895,0.466608375,-7.428391625
5,8907114935,dota2-lynx-spirit1-2026-07-21,2026-07-21T15:55:17.448000+00:00,-27.254999999999995,2.799323625,-24.455676374999996
5,8907236730,dota2-jenz-lynx-2026-07-21-game1,2026-07-21T17:22:36.365000+00:00,0.0,0.0,0.0
5,8907319204,dota2-jenz-lynx-2026-07-21-game2,2026-07-21T18:19:16.673000+00:00,-26.64049954999995,0.8162492903062499,-25.824250259693702
5,8907510684,dota2-z10-aion-2026-07-21-game2,2026-07-21T20:45:41.820000+00:00,0.0,0.0,0.0
5,8907942033,dota2-ill-dan-2026-07-22-game1,2026-07-22T07:18:07.776000+00:00,0.0,0.0,0.0
5,8907997366,dota2-ill-dan-2026-07-22-game2,2026-07-22T08:30:21.640000+00:00,-13.706000000000017,0.9921741299999999,-12.713825870000017
5,8908178087,dota2-nemiga-aion-2026-07-22-game2,2026-07-22T11:35:02.272000+00:00,-0.3199999999999994,0.01842,-0.3015799999999994
5,8908313996,dota2-stx-spirit1-2026-07-22-game1,2026-07-22T13:26:43.307000+00:00,-0.9450000000000003,0.11772337499999999,-0.8272766250000003
5,8908486051,dota2-stx-spirit1-2026-07-22-game2,2026-07-22T15:03:55.390000+00:00,2.484685930000005,0.43659781187025,2.921283741870255
5,8908612824,dota2-stx-spirit1-2026-07-22,2026-07-22T16:27:56.948000+00:00,4.633031589999966,1.4039285032732498,6.0369600932732155
5,8908710300,dota2-z10-lvlup1-2026-07-22-game1,2026-07-22T17:40:32.974000+00:00,-36.2121,2.6985300524999998,-33.5135699475
5,8908926344,dota2-z10-lvlup1-2026-07-22,2026-07-22T20:21:42.790000+00:00,0.20803807999999435,1.229666421384,1.4377045013839944
5,8909388284,dota2-dan-z10-2026-07-23-game1,2026-07-23T07:17:23.633000+00:00,0.0,0.0,0.0
5,8909443684,dota2-dan-z10-2026-07-23-game2,2026-07-23T08:24:14.078000+00:00,-10.661409399999997,0.28873763757,-10.372671762429997
5,8909498494,dota2-dan-z10-2026-07-23,2026-07-23T09:35:42.112000+00:00,-0.24999999999999956,0.01585125,-0.23414874999999954
5,8909658828,dota2-spirit1-pckcp-2026-07-23-game2,2026-07-23T11:56:35.158000+00:00,0.0,0.0,0.0
5,8909780227,dota2-spirit1-pckcp-2026-07-23,2026-07-23T13:29:29.880000+00:00,6.9968000000000075,0.32535119999999995,7.3221512000000075
5,8910104556,dota2-jenz-kw1-2026-07-23-game2,2026-07-23T16:47:57.620000+00:00,11.689700000000002,0.4355541975,12.125254197500002
5,8910216725,dota2-jenz-kw1-2026-07-23,2026-07-23T18:09:02.529000+00:00,5.327399999999983,0.599134845,5.926534844999983
5,8910344715,dota2-lvlup1-aion-2026-07-23-game1,2026-07-23T19:45:58.831000+00:00,0.0,0.0,0.0
5,8910461593,dota2-lvlup1-aion-2026-07-23-game2,2026-07-23T21:18:59.726000+00:00,-4.4517999999999995,0.18788671499999998,-4.263913284999999
5,8910535715,dota2-lvlup1-aion-2026-07-23,2026-07-23T22:37:28.157000+00:00,7.200499999999998,0.1343506875,7.334850687499998
5,8910589445,dota2-nemiga-ill-2026-07-23-game1,2026-07-23T23:33:41.369000+00:00,-7.323199999999989,1.5679938,-5.755206199999989
5,8910670427,dota2-nemiga-ill-2026-07-23,2026-07-24T01:26:47.762000+00:00,-15.307800000000022,3.252984195,-12.054815805000022
5,8910982575,dota2-aion-dan-2026-07-24-game2,2026-07-24T08:39:31.809000+00:00,0.0,0.0,0.0
5,8911277378,dota2-kw1-stx-2026-07-24-game2,2026-07-24T13:08:23.857000+00:00,47.66017863000003,1.07996522954775,48.740143859547786
5,8911784562,dota2-z10-ill-2026-07-24-game1,2026-07-24T18:00:21.302000+00:00,-10.46669999999999,0.9749994975,-9.49170050249999
5,8911916389,dota2-z10-ill-2026-07-24-game2,2026-07-24T19:32:36.981000+00:00,-1.1999999999999993,0.14445,-1.0555499999999993
5,8912045230,dota2-nemiga-lvlup1-2026-07-24-game1,2026-07-24T21:05:49.488000+00:00,-10.329923039999997,3.089809384188,-7.240113655811998
5,8912123729,dota2-nemiga-lvlup1-2026-07-24-game2,2026-07-24T22:15:39.296000+00:00,0.0,0.0,0.0
5,8912551235,dota2-ill-aion-2026-07-25-game1,2026-07-25T07:19:52.253000+00:00,0.0,0.0,0.0
5,8912622476,dota2-ill-aion-2026-07-25-game2,2026-07-25T08:27:06.996000+00:00,9.803651590000044,0.5796578729647499,10.383309462964794
5,8912758286,dota2-pckcp-jenz-2026-07-22-game1,2026-07-25T10:25:45.605000+00:00,-6.747200959999998,0.37438223683199995,-6.372818723167998
5,8912831712,dota2-pckcp-jenz-2026-07-22-game2,2026-07-25T11:23:26.682000+00:00,0.0,0.0,0.0
5,8912974141,dota2-pckcp-jenz-2026-07-22,2026-07-25T13:02:19.241000+00:00,-13.85902771,1.49615726485275,-12.36287044514725
5,8913307206,dota2-kw1-pckcp-2026-07-25-game1,2026-07-25T16:28:48.834000+00:00,0.0,0.0,0.0
5,8913598312,dota2-lynx-kw1-2026-07-25-game1,2026-07-25T19:28:05.257000+00:00,-6.354100640000013,0.561361700004,-5.7927389399960125
5,8913726962,dota2-lynx-kw1-2026-07-25-game2,2026-07-25T20:57:15.562000+00:00,-57.51380000000003,2.713165005,-54.80063499500003
5,8913824141,dota2-lynx-kw1-2026-07-25,2026-07-25T22:21:39.642000+00:00,-27.85619999999999,3.01054311,-24.84565688999999
5,8914414410,dota2-nemiga-ill-2026-07-26-game1,2026-07-26T09:26:59.644000+00:00,-70.83182787999996,1.032936957096,-69.79889092290396
5,8914520562,dota2-nemiga-ill-2026-07-26-game2,2026-07-26T10:41:21.923000+00:00,-12.053200000000002,1.3653998399999998,-10.687800160000002
5,8914637220,dota2-nemiga-ill-2026-07-26,2026-07-26T12:04:18.708000+00:00,41.17679999999996,0.80559468,41.982394679999956
5,8914749408,dota2-rearis-pckcp-2026-07-26-game1,2026-07-26T13:19:34.036000+00:00,-16.216199999999986,0.83108025,-15.385119749999987
5,8914885598,dota2-rearis-pckcp-2026-07-26-game2,2026-07-26T14:24:02.001000+00:00,49.64150000000001,0.30260808749999996,49.944108087500005
5,8915002841,dota2-kw1-rearis-2026-07-26-game1,2026-07-26T15:32:54.677000+00:00,-18.159175880000024,0.923478327087,-17.235697552913024
5,8915137972,dota2-kw1-rearis-2026-07-26-game2,2026-07-26T16:47:26.165000+00:00,0.3000000000000007,0.024412499999999993,0.3244125000000007
5,8915271266,dota2-jenz-stx-2026-07-26-game1,2026-07-26T18:26:53.337000+00:00,56.004200000000054,2.122597725,58.12679772500005
5,8915390117,dota2-jenz-stx-2026-07-26-game2,2026-07-26T19:37:39.362000+00:00,0.5386000000000024,0.07957815,0.6181781500000024
5,8915498965,dota2-jenz-stx-2026-07-26,2026-07-26T20:57:43.107000+00:00,0.0,0.1311975,0.1311975
5,8916041863,dota2-lvlup1-pckcp-2026-07-27-game1,2026-07-27T09:21:33.291000+00:00,1.6341,0.037625152499999995,1.6717251525
5,8916102349,dota2-lvlup1-pckcp-2026-07-27-game2,2026-07-27T10:12:46.876000+00:00,12.662599999999983,0.45514784999999996,13.117747849999983
5,8916245727,dota2-stx-nemiga-2026-07-27-game1,2026-07-27T12:25:46.061000+00:00,0.8166000000000011,0.14423197499999998,0.9608319750000011
5,8916384577,dota2-stx-nemiga-2026-07-27-game2,2026-07-27T13:48:29.618000+00:00,17.15130000000002,3.2754985875,20.42679858750002
5,8916474664,dota2-stx-nemiga-2026-07-27,2026-07-27T14:44:54.132000+00:00,-51.66299999999998,4.083068025,-47.57993197499998
5,8917611319,dota2-pr1-nemiga-2026-07-28-game2,2026-07-28T10:17:02.190000+00:00,5.363890410000016,0.48291466274325,5.846805072743265
5,8917675823,dota2-pr1-nemiga-2026-07-28,2026-07-28T11:19:25.327000+00:00,16.660799999999995,0.9037774799999999,17.564577479999993
5,8917738415,dota2-nh-pckcp-2026-07-28-game1,2026-07-28T12:16:10.015000+00:00,0.0,0.0,0.0
5,8917853656,dota2-nh-pckcp-2026-07-28-game2,2026-07-28T13:23:44.955000+00:00,49.38516460000001,0.8416167998999998,50.22678139990001
5,8918052500,dota2-pckcp-kw1-2026-07-28-game1,2026-07-28T15:24:46.769000+00:00,-14.648942679999976,0.935633750049,-13.713308929950976
5,8918176547,dota2-pckcp-kw1-2026-07-28-game2,2026-07-28T16:37:04.197000+00:00,47.24513346000002,0.7699624892745,48.01509594927452
5,8919264561,dota2-rearis-z10-2026-07-29-game1,2026-07-29T12:23:03.580000+00:00,15.302565039999987,0.7515762568319999,16.054141296831986
5,8919404744,dota2-rearis-z10-2026-07-29-game2,2026-07-29T13:48:28.368000+00:00,-3.5989999999999966,0.6993317250000001,-2.8996682749999967
5,8919546613,dota2-amaru-nemiga-2026-07-29-game1,2026-07-29T15:15:30.082000+00:00,0.0,0.0,0.0
5,8919685210,dota2-amaru-nemiga-2026-07-29-game2,2026-07-29T16:34:50.427000+00:00,-66.38620061999995,1.6999514820705,-64.68624913792945
5,8919803916,dota2-amaru-nemiga-2026-07-29,2026-07-29T18:02:17.532000+00:00,65.20833043999997,1.704519886146,66.91285032614597
5,8920655724,dota2-pckcp-z10-2026-07-30-game2,2026-07-30T10:32:16.617000+00:00,0.0,0.0,0.0
5,8920897425,dota2-lvlup1-z10-2026-07-30-game2,2026-07-30T13:37:44.606000+00:00,-56.41440000000001,1.6689006,-54.74549940000001
5,8921002620,dota2-lvlup1-z10-2026-07-30,2026-07-30T14:47:46.063000+00:00,22.938099999999963,1.6223101125000001,24.560410112499962
5,8921162227,dota2-amaru-pr1-2026-07-30-game1,2026-07-30T16:32:24.441000+00:00,28.20690000000002,1.0923122025,29.29921220250002
5,8921281044,dota2-amaru-pr1-2026-07-30-game2,2026-07-30T17:34:28.519000+00:00,0.0,0.0,0.0
5,8921949036,dota2-re-midas3-2026-07-31-game1,2026-07-31T06:23:42.906000+00:00,-10.667599999999958,0.936942225,-9.730657774999958
5,8922016200,dota2-re-midas3-2026-07-31-game2,2026-07-31T07:39:14.850000+00:00,0.0,0.0,0.0
5,8922074642,dota2-vg-amaru-2026-07-31-game1,2026-07-31T08:46:41.467000+00:00,0.0,0.0,0.0
5,8922137329,dota2-vg-amaru-2026-07-31-game2,2026-07-31T09:48:16.177000+00:00,0.0,0.0,0.0
5,8922133239,dota2-tr7-playti-2026-07-31-game1,2026-07-31T09:57:34.446000+00:00,-8.234917249999953,1.5846214763437498,-6.650295773656203
5,8922186876,dota2-vg-amaru-2026-07-31,2026-07-31T10:40:33.810000+00:00,7.692300000000017,0.6259609124999999,8.318260912500017
5,8922211678,dota2-tr7-playti-2026-07-31-game2,2026-07-31T11:00:53.806000+00:00,3.760400000000004,1.00864998,4.769049980000004
5,8922300474,dota2-enjoy-glyph-2026-07-31-game1,2026-07-31T12:14:29.331000+00:00,-18.60299999999998,1.68315543,-16.91984456999998
5,8922339160,dota2-l1ga-rnx-2026-07-31-game1,2026-07-31T12:44:09.822000+00:00,9.600000000000001,1.8317625,11.431762500000001
5,8922400300,dota2-enjoy-glyph-2026-07-31-game2,2026-07-31T13:24:39.311000+00:00,41.196699999999964,1.4313006525,42.62800065249996
5,8922433138,dota2-l1ga-rnx-2026-07-31-game2,2026-07-31T13:42:06.325000+00:00,-9.076691060000016,0.9809959952219999,-8.095695064778017
5,8922552315,dota2-l1ga-rnx-2026-07-31,2026-07-31T14:55:23.609000+00:00,56.4234,1.1924406749999998,57.615840675
5,8922602122,dota2-yb1-z10-2026-07-31-game1,2026-07-31T15:28:08.646000+00:00,20.075800000000015,2.5061205749999997,22.581920575000016
5,8922722577,dota2-yb1-z10-2026-07-31-game2,2026-07-31T16:35:25.057000+00:00,-13.320399999999992,1.52354268,-11.796857319999992
5,8922818221,dota2-xtreme-lgd-2026-07-31-game1,2026-07-31T17:51:24.199000+00:00,-6.241520800000046,1.6730276067600003,-4.568493193240046
5,8922940920,dota2-xtreme-lgd-2026-07-31-game2,2026-07-31T19:09:48.720000+00:00,-5.201000500000003,0.17549474737499998,-5.025505752625003
5,8923040358,dota2-xtreme-lgd-2026-07-31,2026-07-31T20:28:40.570000+00:00,-43.45279999999998,1.1660694,-42.286730599999984
5,8923506996,dota2-midas3-tr7-2026-08-01-game1,2026-08-01T05:43:01.223000+00:00,0.0,0.0,0.0
5,8923579943,dota2-midas3-tr7-2026-08-01-game2,2026-08-01T07:02:32.143000+00:00,-60.235899999999965,1.2680157225,-58.96788427749996
5,8923643650,dota2-midas3-tr7-2026-08-01,2026-08-01T08:08:01.087000+00:00,9.799999999999997,0.314055,10.114054999999997
5,8923704450,dota2-yes-vg-2026-08-01-game1,2026-08-01T09:01:56.739000+00:00,0.0028764900000055604,0.93000092416425,0.9328774141642555
5,8923780137,dota2-re-playti-2026-08-01-game1,2026-08-01T10:09:39.721000+00:00,-17.543999999999954,1.30185252,-16.242147479999954
5,8923790600,dota2-yes-vg-2026-08-01-game2,2026-08-01T10:14:11.317000+00:00,26.412384179999947,0.631242999711,27.043627179710946
5,8923874259,dota2-re-playti-2026-08-01-game2,2026-08-01T11:26:12.956000+00:00,19.66369807999999,0.542606073324,20.206304153323988
5,8923899787,dota2-enjoy-yb1-2026-08-01-game1,2026-08-01T11:45:49.553000+00:00,-23.166199999999982,0.8042270549999999,-22.361972944999984
5,8924057168,dota2-l1ga-lgd-2026-08-01-game1,2026-08-01T13:34:16.709000+00:00,-1.8246000000000002,0.203032365,-1.6215676350000003
5,8924222714,dota2-l1ga-lgd-2026-08-01-game2,2026-08-01T15:02:43.462000+00:00,0.0,0.0,0.0
5,8924328537,dota2-glyph-z10-2026-08-01-game1,2026-08-01T15:59:42.950000+00:00,-81.37950000000001,2.1051375974999997,-79.2743624025
5,8924367779,dota2-l1ga-lgd-2026-08-01,2026-08-01T16:23:12.450000+00:00,-31.85314886000002,0.635369599089,-31.21777926091102
5,8924468754,dota2-glyph-z10-2026-08-01-game2,2026-08-01T17:25:49.795000+00:00,-0.4591011199999926,1.922552952648,1.4634518326480075
5,8924530036,dota2-rnx-xtreme-2026-08-01-game1,2026-08-01T18:06:50.164000+00:00,7.503858310000002,1.07658244677975,8.580440756779751
5,8924616191,dota2-rnx-xtreme-2026-08-01-game2,2026-08-01T19:06:22.446000+00:00,-15.124202920000009,1.576284199326,-13.547918720674009
5,8925210898,dota2-playti-xctn-2026-08-02-game1,2026-08-02T05:28:20.542000+00:00,0.0,0.0,0.0
5,8925308090,dota2-playti-xctn-2026-08-02-game2,2026-08-02T07:03:47.891000+00:00,3.214400000000026,0.5327868,3.7471868000000264
5,8925543582,dota2-yes-tr7-2026-08-02-game1,2026-08-02T10:44:16.945000+00:00,0.2699999999999987,0.07554225,0.3455422499999987
5,8925703946,dota2-yes-tr7-2026-08-02-game2,2026-08-02T11:58:57.158000+00:00,7.272799999999961,1.34346798,8.61626797999996
5,8925847726,dota2-yes-tr7-2026-08-02,2026-08-02T13:17:43.701000+00:00,11.014799999999939,1.40483319,12.419633189999939
5,8926022375,dota2-rnx-yb1-2026-08-02-game1,2026-08-02T15:09:53.856000+00:00,56.31009913000001,4.67505663482475,60.98515576482476
5,8926232913,dota2-rnx-yb1-2026-08-02-game2,2026-08-02T16:42:19.665000+00:00,-3.3540016999999978,1.204749294645,-2.1492524053549977
5,8926381426,dota2-rnx-yb1-2026-08-02,2026-08-02T18:14:10.009000+00:00,-3.7569415999999647,1.6782218572199998,-2.078719742779965
5,8926523280,dota2-z10-lgd-2026-08-02-game1,2026-08-02T19:59:32.068000+00:00,0.0,0.0,0.0
5,8926636219,dota2-z10-lgd-2026-08-02-game2,2026-08-02T21:07:31.416000+00:00,-14.286000000000001,0.5464395,-13.739560500000001
5,8927063876,dota2-glyph-playti-2026-08-03-game2,2026-08-03T06:55:36.873000+00:00,92.89179999999998,2.989241775,95.88104177499997
5,8927132943,dota2-glyph-playti-2026-08-03,2026-08-03T08:27:35.152000+00:00,6.4224883599999885,1.187827413888,7.610315773887988
5,8927207054,dota2-xtreme-tr7-2026-08-03-game1,2026-08-03T10:00:05.212000+00:00,3.4901999999999873,1.703408265,5.1936082649999875
5,8927288399,dota2-xtreme-tr7-2026-08-03-game2,2026-08-03T11:00:48.642000+00:00,2.200000000000003,0.33045,2.5304500000000028
5,8927380776,dota2-xtreme-tr7-2026-08-03,2026-08-03T12:15:30.661000+00:00,-18.81959999999995,0.9251823599999999,-17.89441763999995
5,8927539264,dota2-vg-yb1-2026-08-03-game1,2026-08-03T14:05:56.825000+00:00,-2.2300000000000004,0.50175075,-1.7282492500000004
5,8927660975,dota2-vg-yb1-2026-08-03-game2,2026-08-03T15:05:20.968000+00:00,2.771597190000051,1.03485410430975,3.806451294309801
5,8927760296,dota2-vg-yb1-2026-08-03,2026-08-03T16:18:19.713000+00:00,19.85529258999998,2.08378705306275,21.93907964306273
5,8927926397,dota2-re-lgd-2026-08-03-game1,2026-08-03T18:09:03.381000+00:00,0.6823318,0.99997850514,1.6823103051400001
5,8928050264,dota2-re-lgd-2026-08-03-game2,2026-08-03T19:19:18.313000+00:00,-0.09999999999999964,0.0311925,-0.06880749999999965
5,8928163118,dota2-re-lgd-2026-08-03,2026-08-03T20:43:38.722000+00:00,1.6035629200000017,1.074973585446,2.6785365054460017
5,8928851109,dota2-playti-tr7-2026-08-04-game1,2026-08-04T11:30:07.829000+00:00,-23.52000000000003,2.0117549999999995,-21.50824500000003
5,8928953683,dota2-playti-tr7-2026-08-04-game2,2026-08-04T12:46:11.879000+00:00,-6.2320000000000135,3.0672996,-3.1647004000000134
5,8929124210,dota2-yb1-re-2026-08-04-game1,2026-08-04T14:38:55.576000+00:00,12.085291520000027,1.114717987104,13.200009507104028
5,8929276426,dota2-yb1-re-2026-08-04-game2,2026-08-04T15:54:25.550000+00:00,0.9999994300000001,0.00442499747775,1.00442442747775
5,8929365099,dota2-yb1-re-2026-08-04,2026-08-04T16:51:08.308000+00:00,15.790549310000074,2.21788058087175,18.008429890871824
5,8930200713,dota2-tr7-re-2026-08-05-game1,2026-08-05T08:20:38.811000+00:00,-1.2365760999999988,0.1564924384875,-1.080083661512499
5,8930258778,dota2-tr7-re-2026-08-05-game2,2026-08-05T09:25:42.941000+00:00,0.11727344000004791,2.885163987648,3.002437427648048
5,8930398938,dota2-playti-yb1-2026-08-05-game1,2026-08-05T12:24:04.133000+00:00,-17.110928479999988,4.124834270604,-12.986094209395986
5,8930615242,dota2-playti-yb1-2026-08-05-game2,2026-08-05T14:02:56.166000+00:00,30.508200000000045,1.168209825,31.676409825000043
5,8930736914,dota2-playti-yb1-2026-08-05-game3,2026-08-05T15:09:49.519000+00:00,0.9999999999999982,0.09266250000000001,1.0926624999999983
5,8931781241,dota2-lvlup1-rearis-2026-08-06-game1,2026-08-06T09:28:03.156000+00:00,-5.626400449999998,0.09260131267125,-5.5337991373287485
5,8931852727,dota2-lvlup1-rearis-2026-08-06-game2,2026-08-06T10:30:33.624000+00:00,-1.9921465900000257,0.67066452296325,-1.3214820670367757
5,8931981851,dota2-rearis-nh-2026-08-06-game1,2026-08-06T12:26:15.226000+00:00,23.960999999999984,0.7969731749999999,24.757973174999986
5,8932085762,dota2-rearis-nh-2026-08-06-game2,2026-08-06T13:20:21.204000+00:00,-5.522001879999976,0.944920180629,-4.577081699370977
5,8932181345,dota2-rearis-nh-2026-08-06,2026-08-06T14:22:22.478000+00:00,6.406981379999998,0.9596425792769999,7.366623959276998
5,8932318084,dota2-nh-lvlup1-2026-08-06-game1,2026-08-06T15:34:15.395000+00:00,-1.93352497999998,0.9032787336075,-1.0302462463924802
5,8932413808,dota2-nh-lvlup1-2026-08-06-game2,2026-08-06T16:23:29.211000+00:00,0.0,0.0,0.0
5,8932523868,dota2-nh-lvlup1-2026-08-06,2026-08-06T17:36:18.454000+00:00,-0.09698079999999898,0.03748140444,-0.05949939555999898
5,8932657929,dota2-ill-pr1-2026-08-06-game1,2026-08-06T19:12:10.345000+00:00,20.686296060000032,0.6599511918854999,21.346247251885533
5,8932835800,dota2-ill-pr1-2026-08-06,2026-08-06T21:22:55.783000+00:00,-17.42915000000001,1.67785878375,-15.75129121625001
5,8933374169,dota2-nh-z10-2026-08-07-game1,2026-08-07T09:29:47.916000+00:00,0.0,0.0,0.0
5,8933453728,dota2-nh-z10-2026-08-07-game2,2026-08-07T10:40:19.376000+00:00,0.0,0.0,0.0
5,8933575351,dota2-ill-stx-2026-08-07-game1,2026-08-07T12:33:02.695000+00:00,0.0,0.0,0.0
5,8933704579,dota2-ill-stx-2026-08-07-game2,2026-08-07T13:44:43.178000+00:00,0.9202000000000012,0.17239947,1.0925994700000012
5,8933879286,dota2-pr1-jenz-2026-08-07-game1,2026-08-07T15:25:51.002000+00:00,-49.79560000000005,1.54918839,-48.24641161000005
5,8933988979,dota2-pr1-jenz-2026-08-07-game2,2026-08-07T16:29:38.697000+00:00,17.093847139999948,1.3963187792445,18.490165919244447
5,8934184387,dota2-jenz-nemiga-2026-08-07-game1,2026-08-07T18:35:03.983000+00:00,0.0,0.0,0.0
5,8934279386,dota2-jenz-nemiga-2026-08-07-game2,2026-08-07T19:33:30.612000+00:00,0.0,0.7019913599999998,0.7019913599999998
5,8936825643,dota2-pr1-yes-2026-08-09-game1,2026-08-09T09:22:32.992000+00:00,-0.08454007000000008,0.032412265242749996,-0.05212780475725008
5,8937080738,dota2-pr1-yes-2026-08-09,2026-08-09T12:20:23.208000+00:00,39.004921249999995,3.34043061515625,42.345351865156246
5,8937188618,dota2-lvlup1-mouz-2026-08-09-game1,2026-08-09T13:17:49.636000+00:00,-22.555200000000013,1.037874825,-21.517325175000014
5,8937335830,dota2-lvlup1-mouz-2026-08-09-game2,2026-08-09T14:27:35.299000+00:00,0.0,0.0,0.0
5,8937484593,dota2-ill-re-2026-08-09-game1,2026-08-09T15:55:00.679000+00:00,-0.049999999999998046,0.07651125,0.026511250000001957
5,8937631882,dota2-ill-re-2026-08-09-game2,2026-08-09T17:12:21.447000+00:00,1.5,0.030952499999999997,1.5309525
5,8937722788,dota2-z10-navi-2026-08-09-game1,2026-08-09T18:17:16.930000+00:00,-1.1499999999999986,0.20285625000000002,-0.9471437499999986
5,8938509987,dota2-pr1-mouz-2026-08-10-game1,2026-08-10T09:24:47.767000+00:00,2.311399999999992,2.9249595000000004,5.236359499999992
5,8938565057,dota2-pr1-mouz-2026-08-10-game2,2026-08-10T10:12:07.159000+00:00,-12.050699999999992,1.2323558625,-10.818344137499992
5,8938634026,dota2-pr1-mouz-2026-08-10,2026-08-10T11:15:54.851000+00:00,-25.627309079999993,1.148912928378,-24.478396151621993
5,8938716198,dota2-ill-z10-2026-08-10-game1,2026-08-10T12:25:50.383000+00:00,-10.551414580000024,1.4389172979554998,-9.112497282044524
5,8939023869,dota2-yes-lvlup1-2026-08-10-game1,2026-08-10T15:24:37.289000+00:00,61.73270000000005,1.0210398524999997,62.753739852500054
5,8940059913,dota2-lvlup1-navi-2026-08-11-game1,2026-08-11T09:16:02.605000+00:00,17.400699999999972,0.9901900274999998,18.39089002749997
5,8940117837,dota2-lvlup1-navi-2026-08-11-game2,2026-08-11T10:12:11.551000+00:00,-4.853199999999994,1.84331595,-3.009884049999994
5,8940266495,dota2-mouz-re-2026-08-11-game1,2026-08-11T12:16:13.042000+00:00,6.0284500000000065,0.7525094474999999,6.780959447500006
5,8940365227,dota2-mouz-re-2026-08-11-game2,2026-08-11T13:12:04.281000+00:00,1.0800000000000018,0.13000499999999998,1.2100050000000018
5,8940487898,dota2-mouz-re-2026-08-11,2026-08-11T14:25:06.999000+00:00,0.49386735999999987,0.026104887504,0.5199722475039998
5,8940643574,dota2-yes-z10-2026-08-11-game1,2026-08-11T15:45:57.067000+00:00,54.12549999999999,4.1654583375000005,58.29095833749999
5,8940756672,dota2-yes-z10-2026-08-11-game2,2026-08-11T16:48:25.758000+00:00,0.47736861000000097,0.05024843798175001,0.527617047981751
5,8941656460,dota2-lvlup1-re-2026-08-12-game1,2026-08-12T09:19:34.658000+00:00,32.95799999999997,1.145304375,34.10330437499997
5,8941733752,dota2-lvlup1-re-2026-08-12-game2,2026-08-12T10:35:42.245000+00:00,12.654399999999981,2.51447652,15.168876519999982
5,8941817475,dota2-lvlup1-re-2026-08-12,2026-08-12T11:50:26.039000+00:00,9.999899999999997,1.1827381725,11.182638172499997
5,8942003788,dota2-navi-lvlup1-2026-08-12-game1,2026-08-12T13:42:36.457000+00:00,0.7344000000000008,0.04866318,0.7830631800000009
5,8942152024,dota2-navi-lvlup1-2026-08-12-game2,2026-08-12T14:50:30.897000+00:00,0.6999999999999957,0.15156750000000002,0.8515674999999958
5,8942262723,dota2-navi-lvlup1-2026-08-12-game3,2026-08-12T15:53:47.795000+00:00,8.416731040000002,0.434451129792,8.851182169792002
5,8962372120,dota2-ic-nemiga-2026-08-24-game1,2026-08-24T07:17:08.649000+00:00,28.180799999999977,1.63895877,29.819758769999975
5,8962458373,dota2-ic-nemiga-2026-08-24-game2,2026-08-24T08:26:45.454000+00:00,4.366399999999999,0.20041776,4.566817759999998
5,8962592819,dota2-ks-lynx-2026-08-24-game1,2026-08-24T10:19:27.562000+00:00,-2.634003259999986,0.8188409665709999,-1.815162293428986
5,8962736746,dota2-ks-lynx-2026-08-24-game2,2026-08-24T11:33:18.452000+00:00,-1.2381843499999992,1.0184323477942498,-0.2197520022057493
5,8962964580,dota2-sb5-stx-2026-08-24-game1,2026-08-24T13:25:23.881000+00:00,0.0,0.0,0.0
5,8963508714,dota2-rearis-lynx-2026-08-24-game2,2026-08-24T17:37:20.349000+00:00,-5.001326560000006,0.9385136376479999,-4.062812922352006
5,8963649188,dota2-dynast1-fts-2026-08-24-game1,2026-08-24T19:15:00.848000+00:00,53.83359999999999,0.67483194,54.50843193999999
5,8963790789,dota2-dynast1-fts-2026-08-24-game2,2026-08-24T20:20:45.642000+00:00,1.031299999999998,0.1200838875,1.1513838874999982
5,8964399842,dota2-pckcp-nemiga-2026-08-25-game1,2026-08-25T07:22:10.248000+00:00,1.7628712799999988,0.220361037354,1.9832323173539987
5,8964480771,dota2-pckcp-nemiga-2026-08-25-game2,2026-08-25T08:31:41.723000+00:00,6.300070680000001,0.300215794632,6.600286474632001
5,8964574076,dota2-pckcp-nemiga-2026-08-25,2026-08-25T09:52:05.670000+00:00,-0.5999999999999996,1.1113650000000002,0.5113650000000005
5,8964657335,dota2-fts-pckcp-2026-08-25-game1,2026-08-25T10:52:11.864000+00:00,-17.088438259999972,0.9068743142295,-16.18156394577047
5,8964837315,dota2-fts-pckcp-2026-08-25-game2,2026-08-25T12:34:06.314000+00:00,-37.05133593999998,2.153704442979,-34.89763149702098
5,8964962329,dota2-ic-fts-2026-08-25-game1,2026-08-25T13:50:36.471000+00:00,22.35926062999997,1.4312360773147499,23.79049670731472
5,8965097316,dota2-ic-fts-2026-08-25-game2,2026-08-25T14:41:01.046000+00:00,-0.9000000000000021,0.026662499999999995,-0.8733375000000021
5,8964938940,dota2-rearis-spirit1-2026-08-25-game1,2026-08-25T16:23:39.394000+00:00,3.0491230400000067,0.42223317418800005,3.4713562141880066
5,8965544741,dota2-rearis-spirit1-2026-08-25,2026-08-25T18:44:21.316000+00:00,2.207399149999972,1.6611718323862499,3.868570982386222
5,8969842778,dota2-pckcp-ic-2026-08-28-game2,2026-08-28T08:21:21.985000+00:00,-19.444287099999997,0.8939639596125,-18.550323140387498
5,8969978865,dota2-rearis-sb5-2026-08-28-game1,2026-08-28T10:27:01.322000+00:00,0.7306999999999988,0.20271444749999998,0.9334144474999988
5,8970089224,dota2-rearis-sb5-2026-08-28-game2,2026-08-28T11:41:09.553000+00:00,0.0,0.0,0.0
5,8970207176,dota2-rearis-sb5-2026-08-28,2026-08-28T12:56:49.576000+00:00,1.3500000000000014,0.31267124999999996,1.6626712500000014
5,8970338180,dota2-synaps-nemiga-2026-08-28-game1,2026-08-28T14:09:13.367000+00:00,-3.9684000000000026,1.29198105,-2.6764189500000026
5,8970352005,dota2-dynast1-ic-2026-08-28-game1,2026-08-28T14:10:35.964000+00:00,-3.789842300000001,0.08867013175499999,-3.701172168245001
5,8970470057,dota2-synaps-nemiga-2026-08-28-game2,2026-08-28T15:09:53.245000+00:00,1.3229999999999995,0.024188849999999998,1.3471888499999995
5,8970485789,dota2-dynast1-ic-2026-08-28-game2,2026-08-28T15:14:26.848000+00:00,-4.015000000000002,0.112084875,-3.9029151250000025
5,8970575970,dota2-synaps-nemiga-2026-08-28,2026-08-28T16:02:11.965000+00:00,-56.50718083,0.8489926795927499,-55.658188150407256
5,8970655100,dota2-dynast1-ic-2026-08-28,2026-08-28T16:43:34.585000+00:00,-2.7229007599999946,1.410769070163,-1.3121316898369946
5,8970886632,dota2-dynast1-pckcp-2026-08-28-game2,2026-08-28T18:51:22.084000+00:00,1.7189090000000098,1.227530893125,2.9464398931250098
5,8971007454,dota2-ks-rearis-2026-08-28-game1,2026-08-28T20:11:41.712000+00:00,-17.81999999999997,1.8242639999999999,-15.995735999999969
5,8971016820,dota2-fts-nemiga-2026-08-28-game1,2026-08-28T20:17:43.711000+00:00,0.0,0.0,0.0
5,8971111987,dota2-ks-rearis-2026-08-28-game2,2026-08-28T21:24:47.695000+00:00,5.468983800000015,0.275402758275,5.744386558275015
5,8971423978,dota2-db2-satan-2026-08-28-game2,2026-08-29T03:20:55.120000+00:00,2.3999999999999986,0.05665499999999998,2.4566549999999987
5,8971501630,dota2-nexus-cres-2026-08-28,2026-08-29T04:51:09.441000+00:00,-4.23018948,0.072035935596,-4.158153544404
5,8971519375,dota2-nem-6seven-2026-08-29-game1,2026-08-29T05:14:15.579000+00:00,-8.090600000000002,0.22292500499999998,-7.8676749950000024
5,8971586781,dota2-nem-6seven-2026-08-29-game2,2026-08-29T06:13:46.689000+00:00,-0.0038277099999994846,0.035429693582249996,0.03160198358225051
5,8971664649,dota2-nem-6seven-2026-08-29,2026-08-29T07:24:10.704000+00:00,-0.00045899999999932106,0.17765726355,0.17719826355000068
5,8971753986,dota2-icecre-kineti-2026-08-29-game1,2026-08-29T08:38:12.829000+00:00,0.0,0.0,0.0
5,8971849697,dota2-icecre-kineti-2026-08-29-game2,2026-08-29T09:43:14.699000+00:00,0.0,0.0,0.0
5,8971891627,dota2-dynast1-nemiga-2026-08-29-game1,2026-08-29T10:17:49.464000+00:00,6.504000000000012,0.17551044,6.679510440000012
5,8971964803,dota2-mouz-yes-2026-08-29-game1,2026-08-29T11:13:49.271000+00:00,-29.25,1.82930625,-27.42069375
5,8971988345,dota2-sb5-lynx-2026-08-29-game1,2026-08-29T11:21:30.742000+00:00,-21.43462707999997,0.586179174336,-20.84844790566397
5,8972103119,dota2-sb5-lynx-2026-08-29-game2,2026-08-29T12:31:54.536000+00:00,-9.375,1.097578125,-8.277421875
5,8972115962,dota2-mouz-yes-2026-08-29-game2,2026-08-29T12:36:59.931000+00:00,1.5013001600000315,1.287794816778,2.7890949767780313
5,8972289868,dota2-huliga-lynx-2026-08-29-game1,2026-08-29T14:15:10.550000+00:00,-3.965077339999997,0.209837881071,-3.755239458928997
5,8972502454,dota2-huliga-lynx-2026-08-29-game2,2026-08-29T15:52:19.963000+00:00,-2.6900999999999997,0.007465027499999999,-2.6826349725
5,8972611918,dota2-huliga-lynx-2026-08-29,2026-08-29T16:49:36.587000+00:00,6.721499999999999,1.1173721625000002,7.8388721624999995
5,8972773416,dota2-pi-lvlup1-2026-08-29-game1,2026-08-29T18:17:23.637000+00:00,-6.913499999999999,0.7803613125,-6.133138687499999
5,8972893200,dota2-pi-lvlup1-2026-08-29-game2,2026-08-29T19:20:53.860000+00:00,0.0,0.0,0.0
5,8973011673,dota2-pi-lvlup1-2026-08-29,2026-08-29T20:33:12.059000+00:00,-6.855799999999999,1.95206505,-4.903734949999999
5,8973010298,dota2-ks-spirit1-2026-08-29-game1,2026-08-29T20:38:42.759000+00:00,-44.55000000000001,0.41098724999999997,-44.13901275000001
5,8973337131,dota2-icecre-xctn-2026-08-30-game1,2026-08-30T02:14:49.254000+00:00,-4.463399999999993,0.481042935,-3.982357064999993
5,8973405568,dota2-icecre-xctn-2026-08-30-game2,2026-08-30T03:19:55.483000+00:00,-14.684600000000003,0.9329250450000001,-13.751674955000004
5,8973462028,dota2-icecre-xctn-2026-08-30,2026-08-30T04:30:11.988000+00:00,-0.0030739999999980228,0.3825163408499999,0.3794423408500019
5,8973502629,dota2-clo-yb1-2026-08-30-game1,2026-08-30T05:13:07.837000+00:00,-6.699500000000015,0.30436227749999994,-6.3951377225000146
5,8973568453,dota2-clo-yb1-2026-08-30-game2,2026-08-30T06:12:50.377000+00:00,-3.3899999999999864,0.27024525,-3.1197547499999865
5,8973613420,dota2-clo-yb1-2026-08-30,2026-08-30T07:04:46.677000+00:00,1.2404996499999896,0.33429262292624995,1.5747922729262396
5,8973707438,dota2-lynx-lvlup1-2026-08-30-game1,2026-08-30T08:16:36.050000+00:00,-0.5311999999999912,0.6373268850000001,0.10612688500000889
5,8973859403,dota2-lynx-lvlup1-2026-08-30-game2,2026-08-30T09:56:31.353000+00:00,-3.000000000000007,0.371625,-2.6283750000000072
5,8973884000,dota2-nem-xctn-2026-08-30-game2,2026-08-30T10:12:32.710000+00:00,6.79901218000001,0.938223733731,7.73723591373101
5,8973944033,dota2-lynx-lvlup1-2026-08-30,2026-08-30T10:50:43.696000+00:00,-2.930556640000001,1.3104290453879999,-1.6201275946120013
5,8974185539,dota2-navi-mouz-2026-08-30-game2,2026-08-30T13:08:29.090000+00:00,-9.137106659999988,1.2799932034409998,-7.857113456558988
5,8974647733,dota2-lvlup1-pr1-2026-08-30-game1,2026-08-30T17:09:16.077000+00:00,-0.5712328000000024,0.2246544351,-0.34657836490000243
5,8974898633,dota2-lvlup1-pr1-2026-08-30,2026-08-30T19:25:58.777000+00:00,-16.342297949999995,1.9372058274937498,-14.405092122506245
5,8975110449,dota2-dynast1-ks-2026-08-30-game2,2026-08-30T21:54:27.706000+00:00,8.219099999999997,0.7797871125,8.998887112499997
5,8975871235,dota2-synaps-lynx-2026-08-31-game1,2026-08-31T12:26:44.788000+00:00,-6.767158420000013,1.425422604852,-5.341735815148013
5,8976012755,dota2-synaps-lynx-2026-08-31-game2,2026-08-31T13:41:35.303000+00:00,0.0,0.21503232,0.21503232
5,8976166971,dota2-synaps-lynx-2026-08-31,2026-08-31T15:09:07.826000+00:00,10.473160050000018,2.08411572921375,12.557275779213768
5,8976300473,dota2-4iki-ic-2026-08-31-game1,2026-08-31T16:25:39.940000+00:00,34.246538960000066,1.1437548466499998,35.390293806650064
5,8976441468,dota2-4iki-ic-2026-08-31-game2,2026-08-31T17:43:06.122000+00:00,0.0,0.0,0.0
5,8976511215,dota2-4iki-ic-2026-08-31,2026-08-31T18:29:54.020000+00:00,83.3789,1.2519835724999997,84.6308835725
5,8976665322,dota2-spirit1-pi-2026-08-31-game1,2026-08-31T20:26:57.494000+00:00,3.7250000000000583,1.144528125,4.869528125000058
5,8976751962,dota2-spirit1-pi-2026-08-31-game2,2026-08-31T21:40:17.685000+00:00,0.0,0.0,0.0
5,8977325814,dota2-ks-pckcp-2026-09-01-game2,2026-09-01T10:26:27.059000+00:00,2.639499999999998,0.36385448249999996,3.003354482499998
5,8977476867,dota2-ic-lynx-2026-09-01-game1,2026-09-01T12:26:04.131000+00:00,1.6238000000000028,0.29447612999999995,1.9182761300000029
5,8977623650,dota2-ic-lynx-2026-09-01-game2,2026-09-01T13:53:28.128000+00:00,2.5730769999999907,0.31962684487500004,2.892703844874991
5,8977913355,dota2-synaps-lvlup1-2026-09-01-game2,2026-09-01T16:37:59.217000+00:00,0.0,0.0,0.0
5,8978023576,dota2-synaps-lvlup1-2026-09-01,2026-09-01T17:45:54.185000+00:00,-37.83985368,1.031937597144,-36.807916082855996
5,8978832148,dota2-pr1-ic-2026-09-02-game1,2026-09-02T09:52:32.767000+00:00,1.7991958399999994,0.120171206232,1.9193670462319994
5,8978916284,dota2-pr1-ic-2026-09-02-game2,2026-09-02T11:19:11.539000+00:00,0.0,0.0,0.0
5,8978986214,dota2-pr1-ic-2026-09-02,2026-09-02T12:20:55.440000+00:00,-8.863900000000026,0.8898641625,-7.9740358375000255
5,8979131280,dota2-dynast1-pckcp-2026-09-02-game1,2026-09-02T13:56:13.878000+00:00,0.0,0.0,0.0
5,8979241530,dota2-dynast1-pckcp-2026-09-02-game2,2026-09-02T14:56:18.245000+00:00,10.783499999999975,1.1497972125,11.933297212499975
5,8979344496,dota2-synaps-4iki-2026-09-02-game1,2026-09-02T15:59:27.587000+00:00,-3.687215650000006,1.61749480044375,-2.069720849556256
5,8980293569,dota2-z10-ks-2026-09-03-game1,2026-09-03T09:18:42.909000+00:00,-13.513500000000022,0.8235802575,-12.689919742500022
5,8980358113,dota2-z10-ks-2026-09-03-game2,2026-09-03T10:27:20.250000+00:00,9.489818540000016,0.6720857770394999,10.161904317039516
5,8980463789,dota2-pckcp-spirit1-2026-09-03-game1,2026-09-03T12:14:02.762000+00:00,0.20899999999999963,0.05465872499999999,0.26365872499999965
5,8980769413,dota2-pi-dynast1-2026-09-03-game1,2026-09-03T15:17:23.998000+00:00,0.0,0.0,0.0
6,8837869969,dota2-aur1-ty-2026-06-04-game1,2026-06-04T09:17:47.612000+00:00,1.654800000000023,3.99704535,5.651845350000023
6,8837957019,dota2-aur1-ty-2026-06-04-game2,2026-06-04T11:05:49.570000+00:00,-76.87459999999999,3.741260385,-73.13333961499998
6,8838056564,dota2-flc-liquid-2026-06-04-game1,2026-06-04T12:43:48.535000+00:00,-78.77549999999997,2.5769791875,-76.19852081249996
6,8838170936,dota2-flc-liquid-2026-06-04-game2,2026-06-04T14:05:12.636000+00:00,6.663200000000046,2.08292526,8.746125260000046
6,8838396820,dota2-lgd-ty-2026-06-04-game2,2026-06-04T16:48:28.531000+00:00,12.985200000000031,1.39924155,14.38444155000003
6,8838480778,dota2-lgd-ty-2026-06-04,2026-06-04T17:57:47.377000+00:00,-38.28170043000003,2.11608125033925,-36.16561917966078
6,8839123109,dota2-flc-bb4-2026-06-05-game1,2026-06-05T09:16:39.267000+00:00,12.074399999999912,1.64485836,13.719258359999912
6,8839193447,dota2-flc-bb4-2026-06-05-game2,2026-06-05T10:38:10.594000+00:00,-0.10000000000000009,0.0157425,-0.0842575000000001
6,8839366504,dota2-lgd-liquid-2026-06-05-game2,2026-06-05T13:21:18.066000+00:00,6.494000000000017,0.7983159,7.292315900000016
6,8839494962,dota2-flc-aur1-2026-06-05-game1,2026-06-05T14:52:18.684000+00:00,11.574999999999989,1.199578125,12.774578124999989
6,8839625815,dota2-flc-aur1-2026-06-05-game2,2026-06-05T16:13:53.150000+00:00,9.034800000000004,0.6055669349999999,9.640366935000005
6,8839717574,dota2-flc-aur1-2026-06-05,2026-06-05T17:21:15.591000+00:00,-5.916300000000007,2.1433420125,-3.772957987500007
6,8840635639,dota2-ty-bb4-2026-06-06-game1,2026-06-06T10:47:49.658000+00:00,5.125,0.82179375,5.94679375
6,8840704374,dota2-ty-bb4-2026-06-06-game2,2026-06-06T11:51:44.485000+00:00,-15.580948979999981,3.6027934284195,-11.978155551580482
6,8840821227,dota2-ty-bb4-2026-06-06,2026-06-06T13:12:37.368000+00:00,25.20780000000002,2.128386525,27.33618652500002
6,8840984097,dota2-aur1-lgd-2026-06-06-game1,2026-06-06T15:05:33.978000+00:00,-2.360165920000018,0.8476162234679999,-1.5125496965320178
6,8841114801,dota2-aur1-lgd-2026-06-06-game2,2026-06-06T16:30:29.855000+00:00,-23.064508550000028,1.43634261263325,-21.628165937366777
6,8842052142,dota2-bb4-lgd-2026-06-07-game1,2026-06-07T09:18:04.694000+00:00,84.4436,1.59298407,86.03658407
6,8842134886,dota2-bb4-lgd-2026-06-07-game2,2026-06-07T10:28:41.168000+00:00,-3.585399999999993,4.243346969999999,0.6579469700000065
6,8842245726,dota2-bb4-lgd-2026-06-07,2026-06-07T11:59:53.564000+00:00,1.0666999999999973,1.1951679524999999,2.261867952499997
6,8842468101,dota2-ty-lgd-2026-06-07-game1,2026-06-07T14:21:40.854000+00:00,-13.81526019,0.81968533308225,-12.99557485691775
6,8842596730,dota2-ty-lgd-2026-06-07-game2,2026-06-07T15:49:20.066000+00:00,-2.084963840000057,0.9060658605840002,-1.178897979416057
6,8842722527,dota2-ty-lgd-2026-06-07-game3,2026-06-07T17:12:22.566000+00:00,13.322199149999989,0.9831149380237498,14.305314088023739
6,8842845018,dota2-ty-lgd-2026-06-07-game4,2026-06-07T18:51:58.999000+00:00,5.8672662799999955,0.14139630794100003,6.008662587940996
6,8843465364,dota2-4iki-nande4-2026-06-08-game1,2026-06-08T09:15:08.776000+00:00,-39.816082300000005,1.5402756077624997,-38.2758066922375
6,8843512570,dota2-4iki-nande4-2026-06-08-game2,2026-06-08T10:09:45.609000+00:00,-73.20960072999995,0.93659290275525,-72.2730078272447
6,8843560379,dota2-4iki-nande4-2026-06-08,2026-06-08T11:10:54.138000+00:00,-0.3199999999999994,0.02952,-0.2904799999999994
6,8843760302,dota2-vpp-balu-2026-06-08-game2,2026-06-08T13:42:26.324000+00:00,2.3529000000000337,0.4374629325,2.7903629325000336
6,8844054970,dota2-z10-sb5-2026-06-08-game2,2026-06-08T17:08:41.204000+00:00,6.894999999999996,0.11458012499999999,7.009580124999996
6,8844132483,dota2-vpp-z10-2026-06-08-game1,2026-06-08T18:23:01.210000+00:00,0.0,0.0,0.0
6,8844244719,dota2-vpp-z10-2026-06-08-game2,2026-06-08T19:45:42.908000+00:00,0.5600000000000165,0.37682249999999995,0.9368225000000164
6,8844308689,dota2-vpp-z10-2026-06-08,2026-06-08T20:50:38.757000+00:00,122.5804,0.56999886,123.15039886
6,8850534819,dota2-ill-pr1-2026-06-13-game2,2026-06-13T17:10:42.502000+00:00,-13.5,0.7053075,-12.7946925
6,8850593633,dota2-ill-pr1-2026-06-13,2026-06-13T18:00:57.551000+00:00,0.0,0.0,0.0
6,8851984783,dota2-4iki-pr1-2026-06-14-game2,2026-06-14T16:46:25.798000+00:00,13.932400000000001,1.73760378,15.670003780000002
6,8852055373,dota2-4iki-pr1-2026-06-14,2026-06-14T17:46:02.690000+00:00,-14.34999999999999,0.33841875,-14.01158124999999
6,8854443395,dota2-fla-spirit1-2026-06-16-game1,2026-06-16T16:31:44.570000+00:00,-2.0,0.11019,-1.88981
6,8885183102,dota2-flc-bb4-2026-07-07-game1,2026-07-07T09:47:24.433000+00:00,-33.9585625,0.8436809278125,-33.1148815721875
6,8885195986,dota2-re-xtreme-2026-07-07-game1,2026-07-07T09:55:03.037000+00:00,17.8818,0.6082350750000001,18.490035074999998
6,8885252329,dota2-flc-bb4-2026-07-07-game2,2026-07-07T11:01:59.599000+00:00,-3.2239999999999895,3.8643339,0.6403339000000106
6,8885275216,dota2-re-xtreme-2026-07-07-game2,2026-07-07T11:16:11.813000+00:00,0.0,0.0,0.0
6,8885365825,dota2-l1ga-ngx-2026-07-07-game1,2026-07-07T12:34:49.112000+00:00,0.0,0.0,0.0
6,8885380529,dota2-liquid-playti-2026-07-07-game1,2026-07-07T12:43:07.045000+00:00,0.050000000000000266,0.01859625,0.06859625000000028
6,8885411801,dota2-lvlup1-aur1-2026-07-07-game1,2026-07-07T13:06:28.530000+00:00,0.0,0.0,0.0
6,8885470551,dota2-l1ga-ngx-2026-07-07-game2,2026-07-07T13:39:34.570000+00:00,9.155399999999986,1.8463945949999998,11.001794594999986
6,8885473599,dota2-liquid-playti-2026-07-07-game2,2026-07-07T13:52:27.923000+00:00,2.864600000000081,4.155840225,7.0204402250000815
6,8885529711,dota2-lvlup1-aur1-2026-07-07-game2,2026-07-07T14:23:52.590000+00:00,7.402500000000003,0.05274281250000005,7.455242812500003
6,8885633666,dota2-ts8-mouz-2026-07-07-game1,2026-07-07T15:33:28.678000+00:00,15.890000000000015,2.1797097,18.069709700000015
6,8885665054,dota2-nem-pari-2026-07-07-game1,2026-07-07T15:41:38.548000+00:00,28.44010000000005,1.0618173975,29.50191739750005
6,8885784652,dota2-ts8-mouz-2026-07-07-game2,2026-07-07T17:16:32.961000+00:00,-18.019026439999962,1.2945764408729998,-16.72444999912696
6,8885871759,dota2-ic-1win-2026-07-07-game1,2026-07-07T18:31:07.999000+00:00,0.0,0.0,0.0
6,8885928262,dota2-ty-og-2026-07-07-game1,2026-07-07T19:03:44.444000+00:00,0.0,0.0,0.0
6,8885974297,dota2-ic-1win-2026-07-07-game2,2026-07-07T19:32:14.446000+00:00,0.0,0.0,0.0
6,8886005043,dota2-ty-og-2026-07-07-game2,2026-07-07T20:03:05.981000+00:00,0.0,0.0,0.0
6,8886576019,dota2-poorra-bb4-2026-07-08-game1,2026-07-08T09:20:01.472000+00:00,-20.0,0.6779999999999999,-19.322
6,8886572854,dota2-gl-xtreme-2026-07-08-game1,2026-07-08T09:27:27.007000+00:00,-13.973600000000005,4.53274146,-9.440858540000004
6,8886638110,dota2-poorra-bb4-2026-07-08-game2,2026-07-08T10:36:00.005000+00:00,2.9974000000000274,0.7902550349999999,3.7876550350000273
6,8886640910,dota2-flc-re-2026-07-08-game2,2026-07-08T10:39:41.623000+00:00,0.030900000000002592,0.8811003674999998,0.9120003675000024
6,8886641793,dota2-gl-xtreme-2026-07-08-game2,2026-07-08T10:45:04.782000+00:00,-28.6,1.9768875000000001,-26.6231125
6,8886728756,dota2-l1ga-playti-2026-07-08-game1,2026-07-08T12:02:19.795000+00:00,-15.254900910000018,1.02284191983825,-14.232058990161768
6,8886736772,dota2-liquid-lvlup1-2026-07-08-game1,2026-07-08T12:08:59.488000+00:00,6.976799999999997,0.38075886000000003,7.3575588599999975
6,8886788497,dota2-ngx-aur1-2026-07-08-game1,2026-07-08T12:47:30.744000+00:00,-7.32529033000003,0.9257121044032499,-6.39957822559678
6,8886815251,dota2-l1ga-playti-2026-07-08-game2,2026-07-08T13:04:20.712000+00:00,77.7784,0.42000335999999994,78.19840336
6,8886862310,dota2-liquid-lvlup1-2026-07-08-game2,2026-07-08T13:37:25.898000+00:00,7.391199999999998,0.053216640000000044,7.444416639999998
6,8886994890,dota2-ts8-nem-2026-07-08-game1,2026-07-08T14:59:11.781000+00:00,-0.09999999999999964,0.0196425,-0.08035749999999964
6,8887100676,dota2-vg-pari-2026-07-08-game1,2026-07-08T16:18:23.954000+00:00,0.0,0.0,0.0
6,8887114313,dota2-ts8-nem-2026-07-08-game2,2026-07-08T16:15:19.583000+00:00,-1.852000000000002,0.06632369999999999,-1.7856763000000022
6,8887197358,dota2-vg-pari-2026-07-08-game2,2026-07-08T17:23:00.102000+00:00,0.0,0.0,0.0
6,8887218598,dota2-lgd-og-2026-07-08-game1,2026-07-08T17:27:41.870000+00:00,0.8000000000000007,0.053009999999999995,0.8530100000000007
6,8887260104,dota2-ty-ic-2026-07-08-game1,2026-07-08T17:58:24.214000+00:00,0.0,0.0,0.0
6,8887314193,dota2-lgd-og-2026-07-08-game2,2026-07-08T18:40:30.736000+00:00,-21.41395052000002,3.393628516371,-18.020322003629023
6,8887325211,dota2-vp-1win-2026-07-08-game1,2026-07-08T18:51:24.334000+00:00,-8.431308599999966,1.297266297975,-7.134042302024966
6,8887337672,dota2-ty-ic-2026-07-08-game2,2026-07-08T19:01:29.872000+00:00,0.0,0.0,0.0
6,8887432754,dota2-vp-1win-2026-07-08-game2,2026-07-08T20:20:02.742000+00:00,73.9957,0.7947739425,74.7904739425
6,8887986392,dota2-poorra-xtreme-2026-07-09-game1,2026-07-09T09:21:30.237000+00:00,12.266800000000025,2.09007561,14.356875610000024
6,8887998750,dota2-bb4-re-2026-07-09-game1,2026-07-09T09:29:32.198000+00:00,0.0,0.0,0.0
6,8888056358,dota2-poorra-xtreme-2026-07-09-game2,2026-07-09T10:34:44.979000+00:00,-11.943000000000012,2.0086431299999994,-9.934356870000013
6,8888066684,dota2-bb4-re-2026-07-09-game2,2026-07-09T10:43:25.275000+00:00,-11.309397759999998,0.845427228408,-10.463970531591997
6,8888083694,dota2-gl-flc-2026-07-09-game2,2026-07-09T11:11:32.224000+00:00,41.34060000000002,1.957779585,43.29837958500002
6,8888160657,dota2-l1ga-aur1-2026-07-09-game1,2026-07-09T12:09:38.901000+00:00,-9.872403960000014,0.544427848854,-9.327976111146015
6,8888173515,dota2-playti-lvlup1-2026-07-09-game1,2026-07-09T12:20:27.216000+00:00,55.18020000000004,0.374465655,55.55466565500004
6,8888217771,dota2-ngx-liquid-2026-07-09-game1,2026-07-09T12:52:14.212000+00:00,1.3995315599999572,0.8324492495759999,2.231980809575957
6,8888260336,dota2-l1ga-aur1-2026-07-09-game2,2026-07-09T13:20:05.771000+00:00,-2.549999999999997,0.19985625,-2.3501437499999973
6,8888279558,dota2-playti-lvlup1-2026-07-09-game2,2026-07-09T13:33:23.111000+00:00,41.4992,0.28203444000000005,41.78123444
6,8888318197,dota2-ngx-liquid-2026-07-09-game2,2026-07-09T14:04:08.888000+00:00,2.591399999999993,2.3416537649999998,4.933053764999993
6,8888405761,dota2-mouz-nem-2026-07-09-game1,2026-07-09T14:48:45.816000+00:00,10.8108,0.7378370999999999,11.5486371
6,8888425887,dota2-rnx-pari-2026-07-09-game1,2026-07-09T15:02:02.148000+00:00,0.0,0.0,0.0
6,8888489297,dota2-vg-ts8-2026-07-09-game1,2026-07-09T15:42:43.149000+00:00,0.0,0.0,0.0
6,8888555097,dota2-mouz-nem-2026-07-09-game2,2026-07-09T16:24:34.308000+00:00,-27.197000000000017,1.8791165849999998,-25.31788341500002
6,8888554919,dota2-rnx-pari-2026-07-09-game2,2026-07-09T16:26:10.054000+00:00,0.0,0.0,0.0
6,8888592426,dota2-vg-ts8-2026-07-09-game2,2026-07-09T16:59:54.115000+00:00,8.108100000000007,0.7489857375,8.857085737500007
6,8888682602,dota2-og-ic-2026-07-09-game1,2026-07-09T17:53:01.981000+00:00,-55.23079999999996,2.5492388249999998,-52.681561174999956
6,8888693655,dota2-vp-ty-2026-07-09-game1,2026-07-09T18:07:57.629000+00:00,4.651200000000017,0.3941892,5.045389200000017
6,8888731478,dota2-lgd-1win-2026-07-09-game1,2026-07-09T18:35:20.326000+00:00,10.986199999999997,2.047079355,13.033279354999998
6,8888771711,dota2-og-ic-2026-07-09-game2,2026-07-09T19:04:50.495000+00:00,0.0,0.0,0.0
6,8888819433,dota2-lgd-1win-2026-07-09-game2,2026-07-09T19:41:02.532000+00:00,-9.873122659999993,1.7522376804315,-8.120884979568492
6,8889452921,dota2-re-gl-2026-07-10-game1,2026-07-10T09:17:34.068000+00:00,0.0,0.14945999999999998,0.14945999999999998
6,8889468264,dota2-xtreme-bb4-2026-07-10-game1,2026-07-10T09:26:30.741000+00:00,-10.205400000000019,0.9291478499999999,-9.276252150000019
6,8889513730,dota2-poorra-flc-2026-07-10-game2,2026-07-10T10:17:36.842000+00:00,0.5999999999999996,0.027000000000000003,0.6269999999999997
6,8889524021,dota2-xtreme-bb4-2026-07-10-game2,2026-07-10T10:37:39.793000+00:00,0.001971419999989621,0.9899985086145,0.9919699286144896
6,8889538949,dota2-re-gl-2026-07-10-game2,2026-07-10T10:40:57.402000+00:00,-4.7158000000000015,3.37190091,-1.3438990900000016
6,8889615310,dota2-l1ga-liquid-2026-07-10-game1,2026-07-10T11:48:20.990000+00:00,4.462000000000032,1.4884821000000001,5.950482100000032
6,8889621582,dota2-aur1-playti-2026-07-10-game1,2026-07-10T11:57:42.116000+00:00,-94.5712,3.25876764,-91.31243236
6,8889699098,dota2-l1ga-liquid-2026-07-10-game2,2026-07-10T12:46:15.831000+00:00,0.0,0.0,0.0
6,8889733840,dota2-aur1-playti-2026-07-10-game2,2026-07-10T13:14:22.837000+00:00,-94.1945,2.6504089725,-91.5440910275
6,8889871314,dota2-nem-vg-2026-07-10-game1,2026-07-10T14:27:52.631000+00:00,13.158000000000015,0.66375531,13.821755310000015
6,8889914618,dota2-pari-mouz-2026-07-10-game1,2026-07-10T14:59:49.254000+00:00,-13.793399999999991,0.46035472499999985,-13.333045274999991
6,8889944251,dota2-rnx-ts8-2026-07-10-game1,2026-07-10T15:15:29.857000+00:00,8.888799999999947,0.24399756000000006,9.132797559999947
6,8890008812,dota2-nem-vg-2026-07-10-game2,2026-07-10T15:49:04.827000+00:00,32.353200000000015,0.8459626499999999,33.19916265000001
6,8890036748,dota2-pari-mouz-2026-07-10-game2,2026-07-10T16:15:07.698000+00:00,24.598600000000005,0.19965027000000005,24.798250270000004
6,8890074597,dota2-rnx-ts8-2026-07-10-game2,2026-07-10T16:28:42.555000+00:00,0.0,0.0,0.0
6,8890179830,dota2-lgd-ty-2026-07-10-game1,2026-07-10T17:38:53.401000+00:00,23.276400000000024,0.9700878150000001,24.246487815000023
6,8890270555,dota2-1win-og-2026-07-10-game2,2026-07-10T18:36:26.467000+00:00,0.0,0.0,0.0
6,8890268632,dota2-lgd-ty-2026-07-10-game2,2026-07-10T18:43:14.663000+00:00,0.0,0.77999922,0.77999922
6,8890301402,dota2-ic-vp-2026-07-10-game2,2026-07-10T18:52:09.717000+00:00,0.0,0.0,0.0
6,8891108843,dota2-poorra-re-2026-07-11-game1,2026-07-11T09:15:44.932000+00:00,0.7799999999999994,0.0478725,0.8278724999999993
6,8891108985,dota2-bb4-gl-2026-07-11-game1,2026-07-11T09:17:06.187000+00:00,-7.595556799999997,0.9403468107,-6.655209989299997
6,8891145641,dota2-xtreme-flc-2026-07-11-game1,2026-07-11T09:30:07.111000+00:00,2.8419242499999484,0.95210988564375,3.7940341356436984
6,8891217710,dota2-poorra-re-2026-07-11-game2,2026-07-11T10:44:50.172000+00:00,14.420000000000016,1.494174,15.914174000000015
6,8891240327,dota2-xtreme-flc-2026-07-11-game2,2026-07-11T11:01:14.698000+00:00,0.9700000000000006,0.22853775,1.1985377500000007
6,8891325877,dota2-l1ga-lvlup1-2026-07-11-game1,2026-07-11T12:09:46.181000+00:00,0.0,0.0,0.0
6,8891349244,dota2-playti-ngx-2026-07-11-game1,2026-07-11T12:27:52.369000+00:00,17.94879999999992,6.76193499,24.71073498999992
6,8891371442,dota2-aur1-liquid-2026-07-11-game1,2026-07-11T12:43:19.319000+00:00,0.7999999999999972,0.17096250000000002,0.9709624999999972
6,8891438996,dota2-l1ga-lvlup1-2026-07-11-game2,2026-07-11T13:19:40.554000+00:00,-1.780000000000003,0.1752825,-1.604717500000003
6,8891497910,dota2-aur1-liquid-2026-07-11-game2,2026-07-11T13:53:37.287000+00:00,2.4700000000000006,0.037976249999999996,2.5079762500000005
6,8891519142,dota2-playti-ngx-2026-07-11-game2,2026-07-11T14:08:43.754000+00:00,-22.73359999999998,1.04214918,-21.691450819999982
6,8892829232,dota2-mouz-vg-2026-07-12-game1,2026-07-12T09:15:57.248000+00:00,-5.370599999999999,0.27259267499999995,-5.098007324999998
6,8892835652,dota2-rnx-nem-2026-07-12-game1,2026-07-12T09:19:01.546000+00:00,-22.222200000000015,1.38333195,-20.838868050000016
6,8892836635,dota2-pari-ts8-2026-07-12-game1,2026-07-12T09:26:06.808000+00:00,-12.889999999999976,2.2094800649999997,-10.680519934999976
6,8892923329,dota2-mouz-vg-2026-07-12-game2,2026-07-12T10:25:59.512000+00:00,5.37239999999999,2.30717202,7.6795720199999895
6,8892914077,dota2-pari-ts8-2026-07-12-game2,2026-07-12T10:31:28.406000+00:00,-16.24860000000001,2.605256655,-13.64334334500001
6,8892958964,dota2-rnx-nem-2026-07-12-game2,2026-07-12T10:53:08.655000+00:00,-89.8968,2.501253975,-87.395546025
6,8893070561,dota2-1win-ty-2026-07-12-game1,2026-07-12T12:14:45.162000+00:00,10.93079999999999,1.43523135,12.366031349999991
6,8893106015,dota2-og-vp-2026-07-12-game1,2026-07-12T12:36:42.440000+00:00,12.121199999999988,0.9872717399999998,13.108471739999988
6,8893165071,dota2-1win-ty-2026-07-12-game2,2026-07-12T13:18:20.777000+00:00,-0.7567999999999699,2.26253196,1.50573196000003
6,8893253595,dota2-og-vp-2026-07-12-game2,2026-07-12T13:56:28.498000+00:00,1.0412739999999983,0.1942154136,1.2354894135999983
6,8896139222,dota2-re-vp-2026-07-14-game1,2026-07-14T11:15:10.363000+00:00,4.800000000000001,3.4491,8.2491
6,8896140998,dota2-liquid-xtreme-2026-07-14-game1,2026-07-14T11:24:31.795000+00:00,-0.4274013600000046,1.2005808408179999,0.7731794808179953
6,8896234088,dota2-re-vp-2026-07-14-game2,2026-07-14T12:30:48.003000+00:00,-4.379400000000022,0.888110325,-3.4912896750000217
6,8896267691,dota2-liquid-xtreme-2026-07-14-game2,2026-07-14T13:05:08.216000+00:00,-6.451600000000013,1.15064286,-5.300957140000014
6,8896380183,dota2-re-vp-2026-07-14,2026-07-14T14:02:34.965000+00:00,-60.0899,3.2986834425,-56.7912165575
6,8896486914,dota2-liquid-xtreme-2026-07-14,2026-07-14T15:13:00.049000+00:00,-9.222638900000007,1.610629631253,-7.612009268747007
6,8896645659,dota2-lgd-mouz-2026-07-14-game1,2026-07-14T16:55:49.823000+00:00,-10.554299999999984,0.7864470225,-9.767852977499984
6,8896731473,dota2-lgd-mouz-2026-07-14-game2,2026-07-14T18:02:11.857000+00:00,-7.792200000000008,0.719804475,-7.072395525000008
6,8897585705,dota2-aur1-re-2026-07-15-game1,2026-07-15T11:19:40.513000+00:00,-0.00040591999999151085,0.420002933784,0.4195970137840085
6,8897588873,dota2-ts8-liquid-2026-07-15-game1,2026-07-15T11:25:30.473000+00:00,-12.142888539999953,2.703063010149,-9.439825529850953
6,8897695379,dota2-aur1-re-2026-07-15-game2,2026-07-15T12:41:48.340000+00:00,-44.076899999999995,0.5652140625,-43.5116859375
6,8897696869,dota2-ts8-liquid-2026-07-15-game2,2026-07-15T12:54:25.976000+00:00,11.121789500000006,5.081725520437501,16.203515020437507
6,8897831774,dota2-ts8-liquid-2026-07-15,2026-07-15T14:13:24.528000+00:00,-3.0000000000000284,1.24164081,-1.7583591900000284
6,8897841991,dota2-1win-vg-2026-07-15-game1,2026-07-15T14:22:22.284000+00:00,0.0,0.6899993099999999,0.6899993099999999
6,8897971312,dota2-1win-vg-2026-07-15-game2,2026-07-15T15:33:39.656000+00:00,15.584399999999988,0.61986951,16.20426950999999
6,8898003442,dota2-bb4-lgd-2026-07-15-game1,2026-07-15T15:56:58.589000+00:00,10.248200000000026,1.464324015,11.712524015000026
6,8898084910,dota2-1win-vg-2026-07-15,2026-07-15T16:49:08.935000+00:00,18.51172088000007,1.7896346835960002,20.30135556359607
6,8898117600,dota2-bb4-lgd-2026-07-15-game2,2026-07-15T17:15:52.403000+00:00,85.30216022999997,0.53242956472725,85.83458979472722
6,8899028080,dota2-ty-ts8-2026-07-17-game1,2026-07-16T11:25:22.617000+00:00,-0.9288999999999987,0.32987561249999997,-0.5990243874999988
6,8899120700,dota2-ty-ts8-2026-07-17-game2,2026-07-16T12:44:26.752000+00:00,-63.90240000000002,3.66350505,-60.238894950000024
6,8899307453,dota2-pari-re-2026-07-17-game1,2026-07-16T14:36:23.407000+00:00,17.9212,1.26886941,19.19006941
6,8899420575,dota2-pari-re-2026-07-17-game2,2026-07-16T15:46:28.167000+00:00,-2.4690999999999974,0.5812878674999999,-1.8878121324999975
6,8900508749,dota2-flc-vg-2026-07-16-game1,2026-07-17T11:21:46.405000+00:00,-3.3999999999999915,0.27693,-3.1230699999999914
6,8900623530,dota2-flc-vg-2026-07-16-game2,2026-07-17T12:54:30.551000+00:00,-25.17959999999998,2.87991675,-22.29968324999998
6,8900771154,dota2-ngx-bb4-2026-07-16-game1,2026-07-17T14:28:08.196000+00:00,5.537599999999998,0.9380415,6.475641499999997
6,8900882416,dota2-ngx-bb4-2026-07-16-game2,2026-07-17T15:33:10.588000+00:00,-2.5319999999999965,0.20271825,-2.3292817499999963
6,8902107148,dota2-bb4-vg-2026-07-18-game1,2026-07-18T11:22:02.020000+00:00,2.2197999999999922,0.23825875500000004,2.458058754999992
6,8902173969,dota2-bb4-vg-2026-07-18-game2,2026-07-18T12:21:15.910000+00:00,-0.33579999999996346,1.208688585,0.8728885850000365
6,8902338515,dota2-ty-pari-2026-07-18-game1,2026-07-18T14:06:38.308000+00:00,7.843199999999996,1.4676588000000002,9.310858799999997
6,8902431810,dota2-ty-pari-2026-07-18-game2,2026-07-18T15:09:37.865000+00:00,40.990099360000016,7.2814420855319995,48.271541445532016
6,8902610619,dota2-ty-pari-2026-07-18,2026-07-18T16:48:06.686000+00:00,38.088599999999985,3.6447300299999994,41.73333002999998
6,8903705555,dota2-vg-ty-2026-07-19-game1,2026-07-19T10:24:33.152000+00:00,16.948700000000002,0.5801417325,17.528841732500002
6,8903789784,dota2-vg-ty-2026-07-19-game2,2026-07-19T11:31:19.185000+00:00,10.666800000000023,0.7068088349999999,11.373608835000024
6,8904012666,dota2-bb4-pari-2026-07-19-game1,2026-07-19T13:57:51.853000+00:00,43.202399999999926,2.20922379,45.41162378999993
6,8904157676,dota2-bb4-pari-2026-07-19-game2,2026-07-19T15:17:11.337000+00:00,-22.079300000000053,3.0626301675,-19.016669832500053
6,8904322271,dota2-bb4-pari-2026-07-19-game3,2026-07-19T16:52:33.960000+00:00,-5.692500000000102,4.5043220775,-1.1881779225001017
6,8904419709,dota2-bb4-pari-2026-07-19-game4,2026-07-19T18:05:14.511000+00:00,-16.47229999999997,2.1718752224999998,-14.30042477749997
6,8905035315,dota2-stx-lynx-2026-07-20-game1,2026-07-20T07:25:19.610000+00:00,0.9200000000000035,0.24756150000000002,1.1675615000000035
6,8905093611,dota2-stx-lynx-2026-07-20-game2,2026-07-20T08:36:36.644000+00:00,19.31224768,0.435305082528,19.747552762528
6,8905164476,dota2-stx-lynx-2026-07-20,2026-07-20T10:04:24.370000+00:00,30.864550000000012,1.7507628075,32.61531280750001
6,8905233934,dota2-lynx-pckcp-2026-07-20-game1,2026-07-20T11:15:17.947000+00:00,14.912800000000004,0.719061135,15.631861135000005
6,8905359313,dota2-lynx-pckcp-2026-07-20-game2,2026-07-20T12:49:30.119000+00:00,-11.127812740000024,1.0682777578379998,-10.059534982162024
6,8905490238,dota2-z10-nemiga-2026-07-20-game1,2026-07-20T14:13:02.081000+00:00,-3.599999999999998,0.13245,-3.467549999999998
6,8905612460,dota2-z10-nemiga-2026-07-20-game2,2026-07-20T15:25:40.567000+00:00,11.419099999999986,1.0485871125,12.467687112499986
6,8905741721,dota2-spirit1-jenz-2026-07-20-game1,2026-07-20T16:55:30.580000+00:00,3.389800000000008,1.2251584649999998,4.614958465000008
6,8905885788,dota2-spirit1-jenz-2026-07-20-game2,2026-07-20T18:35:45.253000+00:00,-9.125800000000012,1.78468731,-7.3411126900000125
6,8905975768,dota2-lvlup1-ill-2026-07-20-game1,2026-07-20T19:45:16.612000+00:00,-4.407800000000009,0.5665115249999999,-3.8412884750000087
6,8906069414,dota2-lvlup1-ill-2026-07-20-game2,2026-07-20T20:59:36.536000+00:00,-6.559899999999995,0.7443136275,-5.815586372499995
6,8906479441,dota2-nemiga-dan-2026-07-21-game1,2026-07-21T07:24:02.590000+00:00,31.404808229999986,0.6041592700027499,32.00896750000273
6,8906547471,dota2-nemiga-dan-2026-07-21-game2,2026-07-21T08:48:51.736000+00:00,0.30000000000000027,0.14417249999999998,0.44417250000000025
6,8906626852,dota2-pckcp-stx-2026-07-21-game1,2026-07-21T10:17:03.931000+00:00,-10.12639999999999,0.67100058,-9.45539941999999
6,8906706819,dota2-pckcp-stx-2026-07-21-game2,2026-07-21T11:28:10.072000+00:00,3.076899999999995,1.0428383324999997,4.1197383324999945
6,8906814740,dota2-pckcp-stx-2026-07-21,2026-07-21T12:50:32.182000+00:00,1.352447319999996,0.487916224491,1.840363544490996
6,8906911697,dota2-lynx-spirit1-2026-07-21-game1,2026-07-21T14:01:22.509000+00:00,-5.743900000000007,1.0906117575,-4.6532882425000075
6,8907021823,dota2-lynx-spirit1-2026-07-21-game2,2026-07-21T14:54:33.550000+00:00,-11.675,0.621556875,-11.053443125000001
6,8907114935,dota2-lynx-spirit1-2026-07-21,2026-07-21T15:55:17.448000+00:00,-0.8800000000000097,1.129821,0.2498209999999903
6,8907236730,dota2-jenz-lynx-2026-07-21-game1,2026-07-21T17:22:36.365000+00:00,0.0,0.0,0.0
6,8907319204,dota2-jenz-lynx-2026-07-21-game2,2026-07-21T18:19:16.673000+00:00,-42.30799999999999,0.80586282,-41.50213717999999
6,8907510684,dota2-z10-aion-2026-07-21-game2,2026-07-21T20:45:41.820000+00:00,0.0,0.0,0.0
6,8907942033,dota2-ill-dan-2026-07-22-game1,2026-07-22T07:18:07.776000+00:00,4.854500000000002,0.36139325250000004,5.215893252500002
6,8907997366,dota2-ill-dan-2026-07-22-game2,2026-07-22T08:30:21.640000+00:00,7.405297319999988,0.741461788266,8.146759108265988
6,8908178087,dota2-nemiga-aion-2026-07-22-game2,2026-07-22T11:35:02.272000+00:00,-0.08000000000000007,0.017322000000000004,-0.06267800000000007
6,8908313996,dota2-stx-spirit1-2026-07-22-game1,2026-07-22T13:26:43.307000+00:00,0.04526736000000753,0.19480160750400005,0.24006896750400758
6,8908486051,dota2-stx-spirit1-2026-07-22-game2,2026-07-22T15:03:55.390000+00:00,23.584685929999978,0.7347453118702499,24.319431241870227
6,8908612824,dota2-stx-spirit1-2026-07-22,2026-07-22T16:27:56.948000+00:00,10.866562290000019,2.64497812032075,13.51154041032077
6,8908710300,dota2-z10-lvlup1-2026-07-22-game1,2026-07-22T17:40:32.974000+00:00,-30.43090000000008,2.8762228274999995,-27.554677172500078
6,8908926344,dota2-z10-lvlup1-2026-07-22,2026-07-22T20:21:42.790000+00:00,21.559423589999966,1.39088402382525,22.950307613825217
6,8909388284,dota2-dan-z10-2026-07-23-game1,2026-07-23T07:17:23.633000+00:00,4.68,0.030537,4.7105369999999995
6,8909443684,dota2-dan-z10-2026-07-23-game2,2026-07-23T08:24:14.078000+00:00,-10.89130193000002,0.78476532359175,-10.10653660640827
6,8909498494,dota2-dan-z10-2026-07-23,2026-07-23T09:35:42.112000+00:00,-1.8779999999999966,0.13052601,-1.7474739899999965
6,8909658828,dota2-spirit1-pckcp-2026-07-23-game2,2026-07-23T11:56:35.158000+00:00,-8.700600000000009,1.0856173649999998,-7.6149826350000085
6,8909780227,dota2-spirit1-pckcp-2026-07-23,2026-07-23T13:29:29.880000+00:00,6.9968000000000075,0.32535119999999995,7.3221512000000075
6,8910104556,dota2-jenz-kw1-2026-07-23-game2,2026-07-23T16:47:57.620000+00:00,-8.088200000000008,1.20540468,-6.882795320000008
6,8910216725,dota2-jenz-kw1-2026-07-23,2026-07-23T18:09:02.529000+00:00,1.0600000000000023,0.304011,1.3640110000000023
6,8910344715,dota2-lvlup1-aion-2026-07-23-game1,2026-07-23T19:45:58.831000+00:00,0.0,0.0,0.0
6,8910461593,dota2-lvlup1-aion-2026-07-23-game2,2026-07-23T21:18:59.726000+00:00,0.0,0.0,0.0
6,8910535715,dota2-lvlup1-aion-2026-07-23,2026-07-23T22:37:28.157000+00:00,-1.0875479200000058,0.35988792220800003,-0.7276599977920057
6,8910589445,dota2-nemiga-ill-2026-07-23-game1,2026-07-23T23:33:41.369000+00:00,-19.340099999999996,1.2916100775,-18.048489922499996
6,8910670427,dota2-nemiga-ill-2026-07-23,2026-07-24T01:26:47.762000+00:00,-5.819031810000027,1.8147806369017498,-4.004251173098277
6,8910982575,dota2-aion-dan-2026-07-24-game2,2026-07-24T08:39:31.809000+00:00,0.0,0.0,0.0
6,8911277378,dota2-kw1-stx-2026-07-24-game2,2026-07-24T13:08:23.857000+00:00,55.77367223000004,1.0599795124477498,56.833651742447785
6,8911784562,dota2-z10-ill-2026-07-24-game1,2026-07-24T18:00:21.302000+00:00,-9.799999999999997,0.9655443749999999,-8.834455624999997
6,8911916389,dota2-z10-ill-2026-07-24-game2,2026-07-24T19:32:36.981000+00:00,0.0,0.29178,0.29178
6,8912045230,dota2-nemiga-lvlup1-2026-07-24-game1,2026-07-24T21:05:49.488000+00:00,16.05630000000003,3.0484880625,19.104788062500027
6,8912123729,dota2-nemiga-lvlup1-2026-07-24-game2,2026-07-24T22:15:39.296000+00:00,0.0,0.06633,0.06633
6,8912551235,dota2-ill-aion-2026-07-25-game1,2026-07-25T07:19:52.253000+00:00,0.0,0.0,0.0
6,8912622476,dota2-ill-aion-2026-07-25-game2,2026-07-25T08:27:06.996000+00:00,10.854000000000013,0.5475300299999999,11.401530030000014
6,8912758286,dota2-pckcp-jenz-2026-07-22-game1,2026-07-25T10:25:45.605000+00:00,-22.643599999999992,1.2743364,-21.369263599999993
6,8912831712,dota2-pckcp-jenz-2026-07-22-game2,2026-07-25T11:23:26.682000+00:00,4.800000000000001,0.14057999999999998,4.940580000000001
6,8912974141,dota2-pckcp-jenz-2026-07-22,2026-07-25T13:02:19.241000+00:00,-14.449027710000015,1.57170251485275,-12.877325195147264
6,8913307206,dota2-kw1-pckcp-2026-07-25-game1,2026-07-25T16:28:48.834000+00:00,20.900000000000006,0.5185575,21.418557500000006
6,8913598312,dota2-lynx-kw1-2026-07-25-game1,2026-07-25T19:28:05.257000+00:00,-10.38320000000003,1.46922726,-8.91397274000003
6,8913726962,dota2-lynx-kw1-2026-07-25-game2,2026-07-25T20:57:15.562000+00:00,-0.09999999999999964,1.26748143,1.1674814300000003
6,8913824141,dota2-lynx-kw1-2026-07-25,2026-07-25T22:21:39.642000+00:00,-15.549999999999995,2.00691825,-13.543081749999995
6,8914414410,dota2-nemiga-ill-2026-07-26-game1,2026-07-26T09:26:59.644000+00:00,-3.9850999999999885,0.9997215374999999,-2.9853784624999884
6,8914520562,dota2-nemiga-ill-2026-07-26-game2,2026-07-26T10:41:21.923000+00:00,-1.2507999999999981,0.14983095,-1.1009690499999982
6,8914637220,dota2-nemiga-ill-2026-07-26,2026-07-26T12:04:18.708000+00:00,13.003200000000021,1.58253588,14.585735880000021
6,8914749408,dota2-rearis-pckcp-2026-07-26-game1,2026-07-26T13:19:34.036000+00:00,68.74877220000002,0.39798710595,69.14675930595001
6,8914885598,dota2-rearis-pckcp-2026-07-26-game2,2026-07-26T14:24:02.001000+00:00,50.0,0.29999999999999993,50.3
6,8915002841,dota2-kw1-rearis-2026-07-26-game1,2026-07-26T15:32:54.677000+00:00,-8.265575880000029,0.9103668420869999,-7.355209037913029
6,8915137972,dota2-kw1-rearis-2026-07-26-game2,2026-07-26T16:47:26.165000+00:00,0.0,0.0,0.0
6,8915271266,dota2-jenz-stx-2026-07-26-game1,2026-07-26T18:26:53.337000+00:00,6.687899999999999,0.2589889275,6.946888927499999
6,8915390117,dota2-jenz-stx-2026-07-26-game2,2026-07-26T19:37:39.362000+00:00,0.0,0.0,0.0
6,8915498965,dota2-jenz-stx-2026-07-26,2026-07-26T20:57:43.107000+00:00,14.461999999999989,0.8624637299999999,15.324463729999989
6,8916041863,dota2-lvlup1-pckcp-2026-07-27-game1,2026-07-27T09:21:33.291000+00:00,2.0112000000000005,0.035956484999999996,2.0471564850000004
6,8916102349,dota2-lvlup1-pckcp-2026-07-27-game2,2026-07-27T10:12:46.876000+00:00,8.038278919999996,0.37276224056099994,8.411041160560996
6,8916245727,dota2-stx-nemiga-2026-07-27-game1,2026-07-27T12:25:46.061000+00:00,-1.974299999999971,0.6907256774999999,-1.2835743224999712
6,8916384577,dota2-stx-nemiga-2026-07-27-game2,2026-07-27T13:48:29.618000+00:00,34.71770000000002,6.1780573875,40.89575738750002
6,8916474664,dota2-stx-nemiga-2026-07-27,2026-07-27T14:44:54.132000+00:00,45.14980000000003,2.894100525,48.043900525000026
6,8917611319,dota2-pr1-nemiga-2026-07-28-game2,2026-07-28T10:17:02.190000+00:00,0.0,0.0,0.0
6,8917675823,dota2-pr1-nemiga-2026-07-28,2026-07-28T11:19:25.327000+00:00,10.189699999999988,0.8625963074999999,11.052296307499988
6,8917738415,dota2-nh-pckcp-2026-07-28-game1,2026-07-28T12:16:10.015000+00:00,0.0,0.0,0.0
6,8917853656,dota2-nh-pckcp-2026-07-28-game2,2026-07-28T13:23:44.955000+00:00,0.0,1.03349331,1.03349331
6,8918052500,dota2-pckcp-kw1-2026-07-28-game1,2026-07-28T15:24:46.769000+00:00,0.0,0.0,0.0
6,8918176547,dota2-pckcp-kw1-2026-07-28-game2,2026-07-28T16:37:04.197000+00:00,60.07470000000002,0.7363423124999999,60.81104231250002
6,8919264561,dota2-rearis-z10-2026-07-29-game1,2026-07-29T12:23:03.580000+00:00,15.031765039999986,0.751941836832,15.783706876831985
6,8919404744,dota2-rearis-z10-2026-07-29-game2,2026-07-29T13:48:28.368000+00:00,-3.5189999999999984,0.699403725,-2.8195962749999985
6,8919546613,dota2-amaru-nemiga-2026-07-29-game1,2026-07-29T15:15:30.082000+00:00,-45.583800480000036,1.504714152696,-44.07908632730403
6,8919685210,dota2-amaru-nemiga-2026-07-29-game2,2026-07-29T16:34:50.427000+00:00,1.2000000000000028,0.13352999999999998,1.3335300000000028
6,8919803916,dota2-amaru-nemiga-2026-07-29,2026-07-29T18:02:17.532000+00:00,11.770378950000001,0.52301212261875,12.293391072618752
6,8920655724,dota2-pckcp-z10-2026-07-30-game2,2026-07-30T10:32:16.617000+00:00,0.0,0.0,0.0
6,8920897425,dota2-lvlup1-z10-2026-07-30-game2,2026-07-30T13:37:44.606000+00:00,-50.17999999999998,3.088831425,-47.091168574999976
6,8921002620,dota2-lvlup1-z10-2026-07-30,2026-07-30T14:47:46.063000+00:00,40.872300000000024,2.7518290574999997,43.62412905750002
6,8921162227,dota2-amaru-pr1-2026-07-30-game1,2026-07-30T16:32:24.441000+00:00,25.0728,1.1000691000000002,26.1728691
6,8921281044,dota2-amaru-pr1-2026-07-30-game2,2026-07-30T17:34:28.519000+00:00,0.0,0.0,0.0
6,8921949036,dota2-re-midas3-2026-07-31-game1,2026-07-31T06:23:42.906000+00:00,-8.549599999999998,1.026294225,-7.523305774999998
6,8922016200,dota2-re-midas3-2026-07-31-game2,2026-07-31T07:39:14.850000+00:00,5.970199999999977,0.9738888749999999,6.944088874999977
6,8922074642,dota2-vg-amaru-2026-07-31-game1,2026-07-31T08:46:41.467000+00:00,0.0,0.0,0.0
6,8922137329,dota2-vg-amaru-2026-07-31-game2,2026-07-31T09:48:16.177000+00:00,0.3000000000000007,0.0291825,0.3291825000000007
6,8922133239,dota2-tr7-playti-2026-07-31-game1,2026-07-31T09:57:34.446000+00:00,49.95008275,3.51566743134375,53.46575018134375
6,8922186876,dota2-vg-amaru-2026-07-31,2026-07-31T10:40:33.810000+00:00,15.384599999999978,0.58846095,15.973060949999978
6,8922211678,dota2-tr7-playti-2026-07-31-game2,2026-07-31T11:00:53.806000+00:00,3.2147999999999968,1.2611259449999999,4.475925944999997
6,8922300474,dota2-enjoy-glyph-2026-07-31-game1,2026-07-31T12:14:29.331000+00:00,0.0,0.107055,0.107055
6,8922339160,dota2-l1ga-rnx-2026-07-31-game1,2026-07-31T12:44:09.822000+00:00,-15.166400000000039,1.3735070999999999,-13.792892900000039
6,8922400300,dota2-enjoy-glyph-2026-07-31-game2,2026-07-31T13:24:39.311000+00:00,0.33300000000000196,0.078065025,0.41106502500000197
6,8922433138,dota2-l1ga-rnx-2026-07-31-game2,2026-07-31T13:42:06.325000+00:00,-14.485900999999942,0.908299879875,-13.57760112012494
6,8922552315,dota2-l1ga-rnx-2026-07-31,2026-07-31T14:55:23.609000+00:00,52.63200000000003,1.1755357199999998,53.80753572000003
6,8922602122,dota2-yb1-z10-2026-07-31-game1,2026-07-31T15:28:08.646000+00:00,7.630499999999984,2.5145450775000002,10.145045077499983
6,8922722577,dota2-yb1-z10-2026-07-31-game2,2026-07-31T16:35:25.057000+00:00,-11.017200000000003,1.027491615,-9.989708385000002
6,8922818221,dota2-xtreme-lgd-2026-07-31-game1,2026-07-31T17:51:24.199000+00:00,-30.985900000000015,0.9420417825,-30.043858217500016
6,8922940920,dota2-xtreme-lgd-2026-07-31-game2,2026-07-31T19:09:48.720000+00:00,13.29300000000002,1.023765885,14.31676588500002
6,8923040358,dota2-xtreme-lgd-2026-07-31,2026-07-31T20:28:40.570000+00:00,0.0,0.0,0.0
6,8923506996,dota2-midas3-tr7-2026-08-01-game1,2026-08-01T05:43:01.223000+00:00,0.0,0.0,0.0
6,8923579943,dota2-midas3-tr7-2026-08-01-game2,2026-08-01T07:02:32.143000+00:00,-53.34789999999996,1.2796935225,-52.06820647749996
6,8923643650,dota2-midas3-tr7-2026-08-01,2026-08-01T08:08:01.087000+00:00,7.422299999999979,2.4146801325,9.836980132499978
6,8923704450,dota2-yes-vg-2026-08-01-game1,2026-08-01T09:01:56.739000+00:00,2.944076489999958,0.95183096416425,3.895907454164208
6,8923780137,dota2-re-playti-2026-08-01-game1,2026-08-01T10:09:39.721000+00:00,-9.029999999999987,1.15798725,-7.872012749999987
6,8923790600,dota2-yes-vg-2026-08-01-game2,2026-08-01T10:14:11.317000+00:00,23.299384179999976,0.647127774711,23.946511954710974
6,8923874259,dota2-re-playti-2026-08-01-game2,2026-08-01T11:26:12.956000+00:00,-10.891301919999997,0.555650448324,-10.335651471675996
6,8923899787,dota2-enjoy-yb1-2026-08-01-game1,2026-08-01T11:45:49.553000+00:00,-0.3000000000000007,0.0261225,-0.2738775000000007
6,8924057168,dota2-l1ga-lgd-2026-08-01-game1,2026-08-01T13:34:16.709000+00:00,0.0,0.0,0.0
6,8924222714,dota2-l1ga-lgd-2026-08-01-game2,2026-08-01T15:02:43.462000+00:00,0.0,0.0,0.0
6,8924328537,dota2-glyph-z10-2026-08-01-game1,2026-08-01T15:59:42.950000+00:00,21.333077910000043,1.25737825856175,22.590456168561794
6,8924367779,dota2-l1ga-lgd-2026-08-01,2026-08-01T16:23:12.450000+00:00,-33.73440000000002,0.641556,-33.09284400000002
6,8924468754,dota2-glyph-z10-2026-08-01-game2,2026-08-01T17:25:49.795000+00:00,13.363298880000023,1.292161392648,14.655460272648023
6,8924530036,dota2-rnx-xtreme-2026-08-01-game1,2026-08-01T18:06:50.164000+00:00,7.4831999999999965,1.07673564,8.559935639999997
6,8924616191,dota2-rnx-xtreme-2026-08-01-game2,2026-08-01T19:06:22.446000+00:00,-4.27618642000003,1.7947534065135,-2.48143301348653
6,8925210898,dota2-playti-xctn-2026-08-02-game1,2026-08-02T05:28:20.542000+00:00,0.0,0.0,0.0
6,8925308090,dota2-playti-xctn-2026-08-02-game2,2026-08-02T07:03:47.891000+00:00,3.214400000000026,0.5327868,3.7471868000000264
6,8925543582,dota2-yes-tr7-2026-08-02-game1,2026-08-02T10:44:16.945000+00:00,-5.915501559999999,0.37203330188399997,-5.5434682581159995
6,8925703946,dota2-yes-tr7-2026-08-02-game2,2026-08-02T11:58:57.158000+00:00,16.59872517999996,1.3642338198555,17.96295899985546
6,8925847726,dota2-yes-tr7-2026-08-02,2026-08-02T13:17:43.701000+00:00,2.473698839999983,0.989933464872,3.4636323048719833
6,8926022375,dota2-rnx-yb1-2026-08-02-game1,2026-08-02T15:09:53.856000+00:00,64.9873,5.0319730725,70.0192730725
6,8926232913,dota2-rnx-yb1-2026-08-02-game2,2026-08-02T16:42:19.665000+00:00,10.617600000000014,1.4319791999999998,12.049579200000014
6,8926381426,dota2-rnx-yb1-2026-08-02,2026-08-02T18:14:10.009000+00:00,0.4706000000000081,0.7126541249999999,1.183254125000008
6,8926523280,dota2-z10-lgd-2026-08-02-game1,2026-08-02T19:59:32.068000+00:00,0.0,0.0,0.0
6,8926636219,dota2-z10-lgd-2026-08-02-game2,2026-08-02T21:07:31.416000+00:00,-14.286000000000001,0.5464395,-13.739560500000001
6,8927063876,dota2-glyph-playti-2026-08-03-game2,2026-08-03T06:55:36.873000+00:00,162.7921,3.4228178175,166.2149178175
6,8927132943,dota2-glyph-playti-2026-08-03,2026-08-03T08:27:35.152000+00:00,23.767200000000003,1.59985545,25.367055450000002
6,8927207054,dota2-xtreme-tr7-2026-08-03-game1,2026-08-03T10:00:05.212000+00:00,7.79989999999998,0.9368612775,8.73676127749998
6,8927288399,dota2-xtreme-tr7-2026-08-03-game2,2026-08-03T11:00:48.642000+00:00,1.6000000000000014,0.24180000000000001,1.8418000000000014
6,8927380776,dota2-xtreme-tr7-2026-08-03,2026-08-03T12:15:30.661000+00:00,0.22499805999999012,0.9319552454895,1.1569533054894903
6,8927539264,dota2-vg-yb1-2026-08-03-game1,2026-08-03T14:05:56.825000+00:00,52.9927744,0.52360851903,53.51638291903
6,8927660975,dota2-vg-yb1-2026-08-03-game2,2026-08-03T15:05:20.968000+00:00,12.754400000000004,2.233099995,14.987499995000004
6,8927760296,dota2-vg-yb1-2026-08-03,2026-08-03T16:18:19.713000+00:00,19.673100000000034,5.4132074475,25.086307447500033
6,8927926397,dota2-re-lgd-2026-08-03-game1,2026-08-03T18:09:03.381000+00:00,-0.09716820000000181,0.26918079263999994,0.17201259263999813
6,8928050264,dota2-re-lgd-2026-08-03-game2,2026-08-03T19:19:18.313000+00:00,9.500000000000028,0.5533275,10.053327500000028
6,8928163118,dota2-re-lgd-2026-08-03,2026-08-03T20:43:38.722000+00:00,-22.277200719999968,2.393187717624,-19.88401300237597
6,8928851109,dota2-playti-tr7-2026-08-04-game1,2026-08-04T11:30:07.829000+00:00,0.7399999999999984,0.2572425,0.9972424999999985
6,8928953683,dota2-playti-tr7-2026-08-04-game2,2026-08-04T12:46:11.879000+00:00,11.740315039999984,1.116213176832,12.856528216831984
6,8929124210,dota2-yb1-re-2026-08-04-game1,2026-08-04T14:38:55.576000+00:00,9.266091520000032,1.1212726271039999,10.387364147104032
6,8929276426,dota2-yb1-re-2026-08-04-game2,2026-08-04T15:54:25.550000+00:00,12.146300000000025,1.0243676474999999,13.170667647500025
6,8929365099,dota2-yb1-re-2026-08-04,2026-08-04T16:51:08.308000+00:00,15.789745730000021,2.21788305188025,18.00762878188027
6,8930200713,dota2-tr7-re-2026-08-05-game1,2026-08-05T08:20:38.811000+00:00,-0.33999999999999986,1.47370464,1.1337046400000002
6,8930258778,dota2-tr7-re-2026-08-05-game2,2026-08-05T09:25:42.941000+00:00,16.116199999999964,3.3951420900000002,19.511342089999964
6,8930398938,dota2-playti-yb1-2026-08-05-game1,2026-08-05T12:24:04.133000+00:00,10.290400000000005,3.823409505,14.113809505000006
6,8930615242,dota2-playti-yb1-2026-08-05-game2,2026-08-05T14:02:56.166000+00:00,59.11839999999998,0.65062884,59.76902883999998
6,8930736914,dota2-playti-yb1-2026-08-05-game3,2026-08-05T15:09:49.519000+00:00,10.924398639999964,1.532184100512,12.456582740511964
6,8931781241,dota2-lvlup1-rearis-2026-08-06-game1,2026-08-06T09:28:03.156000+00:00,-6.044999999999998,0.09100192500000001,-5.953998074999999
6,8931852727,dota2-lvlup1-rearis-2026-08-06-game2,2026-08-06T10:30:33.624000+00:00,-32.96700000000001,1.53556242,-31.43143758000001
6,8931981851,dota2-rearis-nh-2026-08-06-game1,2026-08-06T12:26:15.226000+00:00,0.5000000000000009,0.027652499999999997,0.5276525000000009
6,8932085762,dota2-rearis-nh-2026-08-06-game2,2026-08-06T13:20:21.204000+00:00,-0.3899037600000028,0.089526328758,-0.30037743124200283
6,8932181345,dota2-rearis-nh-2026-08-06,2026-08-06T14:22:22.478000+00:00,4.601183730000017,0.24829539365474995,4.849479123654767
6,8932318084,dota2-nh-lvlup1-2026-08-06-game1,2026-08-06T15:34:15.395000+00:00,-1.7511223199999648,0.9035847689759999,-0.8475375510239649
6,8932413808,dota2-nh-lvlup1-2026-08-06-game2,2026-08-06T16:23:29.211000+00:00,-0.6839999999999993,0.05968755,-0.6243124499999992
6,8932523868,dota2-nh-lvlup1-2026-08-06,2026-08-06T17:36:18.454000+00:00,2.9215999999999838,1.5625794000000002,4.484179399999984
6,8932657929,dota2-ill-pr1-2026-08-06-game1,2026-08-06T19:12:10.345000+00:00,14.487398200000001,0.8832649614900001,15.37066316149
6,8932835800,dota2-ill-pr1-2026-08-06,2026-08-06T21:22:55.783000+00:00,0.0,0.0,0.0
6,8933374169,dota2-nh-z10-2026-08-07-game1,2026-08-07T09:29:47.916000+00:00,0.0,0.0,0.0
6,8933453728,dota2-nh-z10-2026-08-07-game2,2026-08-07T10:40:19.376000+00:00,0.0,0.0,0.0
6,8933575351,dota2-ill-stx-2026-08-07-game1,2026-08-07T12:33:02.695000+00:00,-64.06479999999996,1.70789343,-62.356906569999964
6,8933704579,dota2-ill-stx-2026-08-07-game2,2026-08-07T13:44:43.178000+00:00,0.0,0.5878125,0.5878125
6,8933879286,dota2-pr1-jenz-2026-08-07-game1,2026-08-07T15:25:51.002000+00:00,-51.662,1.126218,-50.535782
6,8933988979,dota2-pr1-jenz-2026-08-07-game2,2026-08-07T16:29:38.697000+00:00,17.00766287999998,1.3964273545950001,18.40409023459498
6,8934184387,dota2-jenz-nemiga-2026-08-07-game1,2026-08-07T18:35:03.983000+00:00,0.0,0.0,0.0
6,8934279386,dota2-jenz-nemiga-2026-08-07-game2,2026-08-07T19:33:30.612000+00:00,0.0,0.7019913599999998,0.7019913599999998
6,8936825643,dota2-pr1-yes-2026-08-09-game1,2026-08-09T09:22:32.992000+00:00,8.495845500000016,0.686203820625,9.182049320625016
6,8937080738,dota2-pr1-yes-2026-08-09,2026-08-09T12:20:23.208000+00:00,26.632221250000043,2.16160066265625,28.79382191265629
6,8937188618,dota2-lvlup1-mouz-2026-08-09-game1,2026-08-09T13:17:49.636000+00:00,5.460297199999982,0.42423210161999997,5.884529301619982
6,8937335830,dota2-lvlup1-mouz-2026-08-09-game2,2026-08-09T14:27:35.299000+00:00,7.42083624,1.4519554803059997,8.872791720306
6,8937484593,dota2-ill-re-2026-08-09-game1,2026-08-09T15:55:00.679000+00:00,-7.2402000000000015,0.39857300999999995,-6.841626990000002
6,8937631882,dota2-ill-re-2026-08-09-game2,2026-08-09T17:12:21.447000+00:00,2.0999999999999988,0.0282525,2.1282524999999985
6,8937722788,dota2-z10-navi-2026-08-09-game1,2026-08-09T18:17:16.930000+00:00,-2.5,0.0874125,-2.4125875
6,8938509987,dota2-pr1-mouz-2026-08-10-game1,2026-08-10T09:24:47.767000+00:00,3.839100000000002,2.4586108725,6.2977108725000015
6,8938565057,dota2-pr1-mouz-2026-08-10-game2,2026-08-10T10:12:07.159000+00:00,-3.6000000000000014,0.13437,-3.4656300000000013
6,8938634026,dota2-pr1-mouz-2026-08-10,2026-08-10T11:15:54.851000+00:00,-13.829774659999984,0.7282573170794999,-13.101517342920484
6,8938716198,dota2-ill-z10-2026-08-10-game1,2026-08-10T12:25:50.383000+00:00,-1.5454278800000107,1.432397517096,-0.1130303629040108
6,8939023869,dota2-yes-lvlup1-2026-08-10-game1,2026-08-10T15:24:37.289000+00:00,19.99980000000008,1.1609883899999998,21.16078839000008
6,8940059913,dota2-lvlup1-navi-2026-08-11-game1,2026-08-11T09:16:02.605000+00:00,5.678200000000018,0.6900829199999999,6.368282920000018
6,8940117837,dota2-lvlup1-navi-2026-08-11-game2,2026-08-11T10:12:11.551000+00:00,-31.020400629999983,2.3187349470232497,-28.701665682976735
6,8940266495,dota2-mouz-re-2026-08-11-game1,2026-08-11T12:16:13.042000+00:00,0.36444999999999883,1.4698123387500002,1.834262338749999
6,8940365227,dota2-mouz-re-2026-08-11-game2,2026-08-11T13:12:04.281000+00:00,0.6486629300000004,0.09217937463075,0.7408423046307504
6,8940487898,dota2-mouz-re-2026-08-11,2026-08-11T14:25:06.999000+00:00,0.19827343999999947,0.036718287647999996,0.23499172764799947
6,8940643574,dota2-yes-z10-2026-08-11-game1,2026-08-11T15:45:57.067000+00:00,12.04019600999999,3.1105878650497503,15.15078387504974
6,8940756672,dota2-yes-z10-2026-08-11-game2,2026-08-11T16:48:25.758000+00:00,-15.405265999999992,2.3084127727499997,-13.096853227249992
6,8941656460,dota2-lvlup1-re-2026-08-12-game1,2026-08-12T09:19:34.658000+00:00,1.9081383999999986,0.0668387403,1.9749771402999985
6,8941733752,dota2-lvlup1-re-2026-08-12-game2,2026-08-12T10:35:42.245000+00:00,-21.42149999999998,2.4780628575,-18.94343714249998
6,8941817475,dota2-lvlup1-re-2026-08-12,2026-08-12T11:50:26.039000+00:00,33.49060000000002,1.2297502949999999,34.720350295000024
6,8942003788,dota2-navi-lvlup1-2026-08-12-game1,2026-08-12T13:42:36.457000+00:00,0.20000000000000018,0.025724999999999998,0.22572500000000018
6,8942152024,dota2-navi-lvlup1-2026-08-12-game2,2026-08-12T14:50:30.897000+00:00,1.6000000000000014,0.20647500000000002,1.8064750000000014
6,8942262723,dota2-navi-lvlup1-2026-08-12-game3,2026-08-12T15:53:47.795000+00:00,28.915200000000027,0.3408379200000001,29.256037920000026
6,8962372120,dota2-ic-nemiga-2026-08-24-game1,2026-08-24T07:17:08.649000+00:00,28.180799999999977,1.63895877,29.819758769999975
6,8962458373,dota2-ic-nemiga-2026-08-24-game2,2026-08-24T08:26:45.454000+00:00,5.887240159999976,1.0989227766240002,6.986162936623977
6,8962592819,dota2-ks-lynx-2026-08-24-game1,2026-08-24T10:19:27.562000+00:00,0.10569673999999196,0.147022174071,0.25271891407099195
6,8962736746,dota2-ks-lynx-2026-08-24-game2,2026-08-24T11:33:18.452000+00:00,13.792711589999996,0.41514587236574996,14.207857462365746
6,8962964580,dota2-sb5-stx-2026-08-24-game1,2026-08-24T13:25:23.881000+00:00,0.0,0.0,0.0
6,8963508714,dota2-rearis-lynx-2026-08-24-game2,2026-08-24T17:37:20.349000+00:00,-10.793826560000014,1.5134053251479997,-9.280421234852014
6,8963649188,dota2-dynast1-fts-2026-08-24-game1,2026-08-24T19:15:00.848000+00:00,53.897699999999986,0.6744329175,54.572132917499985
6,8963790789,dota2-dynast1-fts-2026-08-24-game2,2026-08-24T20:20:45.642000+00:00,-0.29999999999999893,0.0614325,-0.23856749999999893
6,8964399842,dota2-pckcp-nemiga-2026-08-25-game1,2026-08-25T07:22:10.248000+00:00,1.2787550599999946,0.343033866471,1.6217889264709946
6,8964480771,dota2-pckcp-nemiga-2026-08-25-game2,2026-08-25T08:31:41.723000+00:00,-24.989701440000005,1.4134785927479998,-23.576222847252005
6,8964574076,dota2-pckcp-nemiga-2026-08-25,2026-08-25T09:52:05.670000+00:00,-0.5999999999999996,0.031365000000000004,-0.5686349999999997
6,8964657335,dota2-fts-pckcp-2026-08-25-game1,2026-08-25T10:52:11.864000+00:00,-24.518032879999964,0.876826205778,-23.641206674221966
6,8964837315,dota2-fts-pckcp-2026-08-25-game2,2026-08-25T12:34:06.314000+00:00,-55.16543593999998,1.9003568654789997,-53.26507907452098
6,8964962329,dota2-ic-fts-2026-08-25-game1,2026-08-25T13:50:36.471000+00:00,0.10000000000002274,0.6895868099999999,0.7895868100000226
6,8965097316,dota2-ic-fts-2026-08-25-game2,2026-08-25T14:41:01.046000+00:00,-0.6000000000000014,0.025604999999999996,-0.5743950000000014
6,8964938940,dota2-rearis-spirit1-2026-08-25-game1,2026-08-25T16:23:39.394000+00:00,-3.780000000000001,0.47164949999999994,-3.3083505000000013
6,8965544741,dota2-rearis-spirit1-2026-08-25,2026-08-25T18:44:21.316000+00:00,-21.20330000000005,0.9107453325,-20.29255466750005
6,8969842778,dota2-pckcp-ic-2026-08-28-game2,2026-08-28T08:21:21.985000+00:00,-2.5274870999999663,0.4252376296125,-2.1022494703874663
6,8969978865,dota2-rearis-sb5-2026-08-28-game1,2026-08-28T10:27:01.322000+00:00,2.2824000000000115,0.50671647,2.7891164700000113
6,8970089224,dota2-rearis-sb5-2026-08-28-game2,2026-08-28T11:41:09.553000+00:00,0.0,0.0,0.0
6,8970207176,dota2-rearis-sb5-2026-08-28,2026-08-28T12:56:49.576000+00:00,0.974750000000002,0.31445015624999995,1.289200156250002
6,8970338180,dota2-synaps-nemiga-2026-08-28-game1,2026-08-28T14:09:13.367000+00:00,-3.9684000000000026,1.29198105,-2.6764189500000026
6,8970352005,dota2-dynast1-ic-2026-08-28-game1,2026-08-28T14:10:35.964000+00:00,-1.6889000000000016,0.12009879749999998,-1.5688012025000015
6,8970470057,dota2-synaps-nemiga-2026-08-28-game2,2026-08-28T15:09:53.245000+00:00,34.56124740000001,0.2849807406,34.84622814060001
6,8970485789,dota2-dynast1-ic-2026-08-28-game2,2026-08-28T15:14:26.848000+00:00,-3.709999999999999,0.11224500000000001,-3.597754999999999
6,8970575970,dota2-synaps-nemiga-2026-08-28,2026-08-28T16:02:11.965000+00:00,20.510817039999964,1.354295283732,21.865112323731964
6,8970655100,dota2-dynast1-ic-2026-08-28,2026-08-28T16:43:34.585000+00:00,0.5762784100000147,2.53746013712775,3.1137385471277645
6,8970886632,dota2-dynast1-pckcp-2026-08-28-game2,2026-08-28T18:51:22.084000+00:00,46.49624632999999,1.34500830609075,47.84125463609074
6,8971007454,dota2-ks-rearis-2026-08-28-game1,2026-08-28T20:11:41.712000+00:00,-28.16293279999996,1.7035461576,-26.459386642399963
6,8971016820,dota2-fts-nemiga-2026-08-28-game1,2026-08-28T20:17:43.711000+00:00,-0.10000000000000009,0.018135,-0.08186500000000009
6,8971111987,dota2-ks-rearis-2026-08-28-game2,2026-08-28T21:24:47.695000+00:00,8.9089838,0.258374758275,9.167358558275
6,8971423978,dota2-db2-satan-2026-08-28-game2,2026-08-29T03:20:55.120000+00:00,0.0,0.0,0.0
6,8971501630,dota2-nexus-cres-2026-08-28,2026-08-29T04:51:09.441000+00:00,-86.14130024999999,0.83515791590625,-85.30614233409374
6,8971519375,dota2-nem-6seven-2026-08-29-game1,2026-08-29T05:14:15.579000+00:00,-12.280000000000015,0.36744299999999996,-11.912557000000016
6,8971586781,dota2-nem-6seven-2026-08-29-game2,2026-08-29T06:13:46.689000+00:00,-1.5,0.3940905,-1.1059095
6,8971664649,dota2-nem-6seven-2026-08-29,2026-08-29T07:24:10.704000+00:00,11.352759360000022,1.418118893496,12.770878253496022
6,8971753986,dota2-icecre-kineti-2026-08-29-game1,2026-08-29T08:38:12.829000+00:00,0.0,0.0,0.0
6,8971849697,dota2-icecre-kineti-2026-08-29-game2,2026-08-29T09:43:14.699000+00:00,0.0,0.0,0.0
6,8971891627,dota2-dynast1-nemiga-2026-08-29-game1,2026-08-29T10:17:49.464000+00:00,-0.2999999999999998,0.0323325,-0.26766749999999984
6,8971964803,dota2-mouz-yes-2026-08-29-game1,2026-08-29T11:13:49.271000+00:00,0.23355148000000048,0.022585022076,0.25613650207600047
6,8971988345,dota2-sb5-lynx-2026-08-29-game1,2026-08-29T11:21:30.742000+00:00,-30.020711399999982,0.613841134005,-29.406870265994982
6,8972103119,dota2-sb5-lynx-2026-08-29-game2,2026-08-29T12:31:54.536000+00:00,-12.590529799999999,0.502500712755,-12.088029087245
6,8972115962,dota2-mouz-yes-2026-08-29-game2,2026-08-29T12:36:59.931000+00:00,-14.632286959999956,1.298116895532,-13.334170064467955
6,8972289868,dota2-huliga-lynx-2026-08-29-game1,2026-08-29T14:15:10.550000+00:00,-3.965077339999997,0.209837881071,-3.755239458928997
6,8972502454,dota2-huliga-lynx-2026-08-29-game2,2026-08-29T15:52:19.963000+00:00,-2.6900999999999997,0.007465027499999999,-2.6826349725
6,8972611918,dota2-huliga-lynx-2026-08-29,2026-08-29T16:49:36.587000+00:00,11.752167360000016,0.901431297504,12.653598657504016
6,8972773416,dota2-pi-lvlup1-2026-08-29-game1,2026-08-29T18:17:23.637000+00:00,3.3362519999999876,0.395001234,3.7312532339999875
6,8972893200,dota2-pi-lvlup1-2026-08-29-game2,2026-08-29T19:20:53.860000+00:00,0.0,0.0,0.0
6,8973011673,dota2-pi-lvlup1-2026-08-29,2026-08-29T20:33:12.059000+00:00,-2.958799999999993,2.19181887,-0.7669811299999929
6,8973010298,dota2-ks-spirit1-2026-08-29-game1,2026-08-29T20:38:42.759000+00:00,-44.55000000000001,0.41098724999999997,-44.13901275000001
6,8973337131,dota2-icecre-xctn-2026-08-30-game1,2026-08-30T02:14:49.254000+00:00,-0.6499999999999995,0.01726125,-0.6327387499999995
6,8973405568,dota2-icecre-xctn-2026-08-30-game2,2026-08-30T03:19:55.483000+00:00,4.248000000000005,0.39187800000000006,4.639878000000005
6,8973462028,dota2-icecre-xctn-2026-08-30,2026-08-30T04:30:11.988000+00:00,-7.824424360000022,1.383097488021,-6.441326871979022
6,8973502629,dota2-clo-yb1-2026-08-30-game1,2026-08-30T05:13:07.837000+00:00,0.0,0.0,0.0
6,8973568453,dota2-clo-yb1-2026-08-30-game2,2026-08-30T06:12:50.377000+00:00,0.15268528999999909,0.04962644358224999,0.20231173358224908
6,8973613420,dota2-clo-yb1-2026-08-30,2026-08-30T07:04:46.677000+00:00,1.365749649999998,0.33373996667624994,1.6994896166762479
6,8973707438,dota2-lynx-lvlup1-2026-08-30-game1,2026-08-30T08:16:36.050000+00:00,-2.753200000000021,1.396627515,-1.356572485000021
6,8973859403,dota2-lynx-lvlup1-2026-08-30-game2,2026-08-30T09:56:31.353000+00:00,0.33123832999999436,0.47670664263824997,0.8079449726382444
6,8973884000,dota2-nem-xctn-2026-08-30-game2,2026-08-30T10:12:32.710000+00:00,8.339690579999996,0.4693068727695,8.808997452769496
6,8973944033,dota2-lynx-lvlup1-2026-08-30,2026-08-30T10:50:43.696000+00:00,-7.2648706699999455,1.30974411211425,-5.955126557885696
6,8974185539,dota2-navi-mouz-2026-08-30-game2,2026-08-30T13:08:29.090000+00:00,-19.33330000000002,2.1133033574999995,-17.21999664250002
6,8974647733,dota2-lvlup1-pr1-2026-08-30-game1,2026-08-30T17:09:16.077000+00:00,-13.145351859999986,1.6576670533545,-11.487684806645486
6,8974898633,dota2-lvlup1-pr1-2026-08-30,2026-08-30T19:25:58.777000+00:00,-14.31202274999998,1.8798192183937499,-12.432203531606229
6,8975110449,dota2-dynast1-ks-2026-08-30-game2,2026-08-30T21:54:27.706000+00:00,-28.57140000000001,0.7821420749999999,-27.789257925000012
6,8975871235,dota2-synaps-lynx-2026-08-31-game1,2026-08-31T12:26:44.788000+00:00,-22.892534049999995,1.07062511693625,-21.821908933063746
6,8976012755,dota2-synaps-lynx-2026-08-31-game2,2026-08-31T13:41:35.303000+00:00,8.60850000000001,1.2408251774999999,9.84932517750001
6,8976166971,dota2-synaps-lynx-2026-08-31,2026-08-31T15:09:07.826000+00:00,3.5389237900000126,1.22485495730925,4.763778747309263
6,8976300473,dota2-4iki-ic-2026-08-31-game1,2026-08-31T16:25:39.940000+00:00,22.096746680000024,1.5887214834359997,23.685468163436024
6,8976441468,dota2-4iki-ic-2026-08-31-game2,2026-08-31T17:43:06.122000+00:00,78.98147291999996,0.6698650623209998,79.65133798232095
6,8976511215,dota2-4iki-ic-2026-08-31,2026-08-31T18:29:54.020000+00:00,86.83352466,2.5760492624864995,89.40957392248649
6,8976665322,dota2-spirit1-pi-2026-08-31-game1,2026-08-31T20:26:57.494000+00:00,-7.582506450000011,0.77273154556875,-6.809774904431261
6,8976751962,dota2-spirit1-pi-2026-08-31-game2,2026-08-31T21:40:17.685000+00:00,0.0,0.0,0.0
6,8977325814,dota2-ks-pckcp-2026-09-01-game2,2026-09-01T10:26:27.059000+00:00,3.696599699999993,0.2384086481775,3.935008348177493
6,8977476867,dota2-ic-lynx-2026-09-01-game1,2026-09-01T12:26:04.131000+00:00,5.929399479999972,0.9449036078159999,6.8743030878159725
6,8977623650,dota2-ic-lynx-2026-09-01-game2,2026-09-01T13:53:28.128000+00:00,9.728326339999995,1.2810587258730002,11.009385065872996
6,8977913355,dota2-synaps-lvlup1-2026-09-01-game2,2026-09-01T16:37:59.217000+00:00,2.9639999999999986,0.1453842,3.1093841999999987
6,8978023576,dota2-synaps-lvlup1-2026-09-01,2026-09-01T17:45:54.185000+00:00,-2.5454536800000005,0.008399997143999999,-2.5370536828560004
6,8978832148,dota2-pr1-ic-2026-09-02-game1,2026-09-02T09:52:32.767000+00:00,38.91238201000002,0.99492381181725,39.907305821817275
6,8978916284,dota2-pr1-ic-2026-09-02-game2,2026-09-02T11:19:11.539000+00:00,16.783193320000017,0.6517183414485,17.434911661448517
6,8978986214,dota2-pr1-ic-2026-09-02,2026-09-02T12:20:55.440000+00:00,0.0,0.0,0.0
6,8979131280,dota2-dynast1-pckcp-2026-09-02-game1,2026-09-02T13:56:13.878000+00:00,0.0,0.0,0.0
6,8979241530,dota2-dynast1-pckcp-2026-09-02-game2,2026-09-02T14:56:18.245000+00:00,3.1577999999999946,0.227598435,3.3853984349999946
6,8979344496,dota2-synaps-4iki-2026-09-02-game1,2026-09-02T15:59:27.587000+00:00,-3.0252451499999893,1.58788715375625,-1.4373579962437393
6,8980293569,dota2-z10-ks-2026-09-03-game1,2026-09-03T09:18:42.909000+00:00,-5.633349879999997,0.8868986356290001,-4.746451244370997
6,8980358113,dota2-z10-ks-2026-09-03-game2,2026-09-03T10:27:20.250000+00:00,-0.6675058499999995,0.32995899514125,-0.3375468548587495
6,8980463789,dota2-pckcp-spirit1-2026-09-03-game1,2026-09-03T12:14:02.762000+00:00,12.530452399999987,0.60258699774,13.133039397739987
6,8980769413,dota2-pi-dynast1-2026-09-03-game1,2026-09-03T15:17:23.998000+00:00,6.400000000000006,0.11441999999999997,6.514420000000006
7,8837869969,dota2-aur1-ty-2026-06-04-game1,2026-06-04T09:17:47.612000+00:00,-23.064769779999992,1.3293585960585,-21.73541118394149
7,8837957019,dota2-aur1-ty-2026-06-04-game2,2026-06-04T11:05:49.570000+00:00,-4.023199999999996,2.8804968,-1.1427031999999957
7,8838056564,dota2-flc-liquid-2026-06-04-game1,2026-06-04T12:43:48.535000+00:00,-41.59349999999995,1.5379228425,-40.05557715749995
7,8838170936,dota2-flc-liquid-2026-06-04-game2,2026-06-04T14:05:12.636000+00:00,-0.06580000000000001,0.00026155499999999996,-0.06553844500000001
7,8838396820,dota2-lgd-ty-2026-06-04-game2,2026-06-04T16:48:28.531000+00:00,-1.6809999999999974,0.158848095,-1.5221519049999974
7,8838480778,dota2-lgd-ty-2026-06-04,2026-06-04T17:57:47.377000+00:00,-42.55610043,2.0797956803392497,-40.47630474966075
7,8839123109,dota2-flc-bb4-2026-06-05-game1,2026-06-05T09:16:39.267000+00:00,-1.1432000000000215,0.74250126,-0.4006987400000215
7,8839193447,dota2-flc-bb4-2026-06-05-game2,2026-06-05T10:38:10.594000+00:00,-5.552099999999996,1.8162552675,-3.735844732499996
7,8839366504,dota2-lgd-liquid-2026-06-05-game2,2026-06-05T13:21:18.066000+00:00,6.494000000000017,0.7983159,7.292315900000016
7,8839494962,dota2-flc-aur1-2026-06-05-game1,2026-06-05T14:52:18.684000+00:00,4.060600000000022,1.0096444499999997,5.070244450000022
7,8839625815,dota2-flc-aur1-2026-06-05-game2,2026-06-05T16:13:53.150000+00:00,4.415499999999996,0.5636715975,4.979171597499996
7,8839717574,dota2-flc-aur1-2026-06-05,2026-06-05T17:21:15.591000+00:00,-5.235277679999953,2.054178069237,-3.1810996107629532
7,8840635639,dota2-ty-bb4-2026-06-06-game1,2026-06-06T10:47:49.658000+00:00,0.0,0.5099918400000001,0.5099918400000001
7,8840704374,dota2-ty-bb4-2026-06-06-game2,2026-06-06T11:51:44.485000+00:00,-14.997104519999965,1.774116965043,-13.222987554956966
7,8840821227,dota2-ty-bb4-2026-06-06,2026-06-06T13:12:37.368000+00:00,21.93480000000004,3.77013945,25.704939450000037
7,8840984097,dota2-aur1-lgd-2026-06-06-game1,2026-06-06T15:05:33.978000+00:00,-5.273613770000026,0.85663910832525,-4.416974661674775
7,8841114801,dota2-aur1-lgd-2026-06-06-game2,2026-06-06T16:30:29.855000+00:00,-23.458107910000024,1.4362485349852498,-22.021859375014774
7,8842052142,dota2-bb4-lgd-2026-06-07-game1,2026-06-07T09:18:04.694000+00:00,68.1825,1.6646757375,69.84717573750001
7,8842134886,dota2-bb4-lgd-2026-06-07-game2,2026-06-07T10:28:41.168000+00:00,6.958515709999997,3.12781262669025,10.086328336690247
7,8842245726,dota2-bb4-lgd-2026-06-07,2026-06-07T11:59:53.564000+00:00,35.29439999999997,1.44089388,36.735293879999965
7,8842468101,dota2-ty-lgd-2026-06-07-game1,2026-06-07T14:21:40.854000+00:00,11.898399999999993,1.09822749,12.996627489999993
7,8842596730,dota2-ty-lgd-2026-06-07-game2,2026-06-07T15:49:20.066000+00:00,-8.404500000000013,0.8658292275,-7.538670772500013
7,8842722527,dota2-ty-lgd-2026-06-07-game3,2026-06-07T17:12:22.566000+00:00,-4.150799999999975,0.9849348900000001,-3.1658651099999755
7,8842845018,dota2-ty-lgd-2026-06-07-game4,2026-06-07T18:51:58.999000+00:00,24.89869999999999,0.7273817175,25.62608171749999
7,8843465364,dota2-4iki-nande4-2026-06-08-game1,2026-06-08T09:15:08.776000+00:00,0.7199999999999998,0.088998,0.8089979999999998
7,8843512570,dota2-4iki-nande4-2026-06-08-game2,2026-06-08T10:09:45.609000+00:00,0.0,0.8999865,0.8999865
7,8843560379,dota2-4iki-nande4-2026-06-08,2026-06-08T11:10:54.138000+00:00,-0.5600000000000005,0.02853,-0.5314700000000006
7,8843760302,dota2-vpp-balu-2026-06-08-game2,2026-06-08T13:42:26.324000+00:00,2.3529000000000337,0.4374629325,2.7903629325000336
7,8844054970,dota2-z10-sb5-2026-06-08-game2,2026-06-08T17:08:41.204000+00:00,57.442400000000006,0.43656534,57.87896534000001
7,8844132483,dota2-vpp-z10-2026-06-08-game1,2026-06-08T18:23:01.210000+00:00,0.0,0.0,0.0
7,8844244719,dota2-vpp-z10-2026-06-08-game2,2026-06-08T19:45:42.908000+00:00,1.1999999999999993,0.021522,1.2215219999999993
7,8844308689,dota2-vpp-z10-2026-06-08,2026-06-08T20:50:38.757000+00:00,6.799999999999999,0.08882999999999999,6.888829999999999
7,8850534819,dota2-ill-pr1-2026-06-13-game2,2026-06-13T17:10:42.502000+00:00,-11.333000000000006,0.8563055249999999,-10.476694475000006
7,8850593633,dota2-ill-pr1-2026-06-13,2026-06-13T18:00:57.551000+00:00,0.0,0.0,0.0
7,8851984783,dota2-4iki-pr1-2026-06-14-game2,2026-06-14T16:46:25.798000+00:00,-6.145300000000002,0.6973040624999999,-5.447995937500003
7,8852055373,dota2-4iki-pr1-2026-06-14,2026-06-14T17:46:02.690000+00:00,0.19999999999999973,0.0185325,0.21853249999999974
7,8854443395,dota2-fla-spirit1-2026-06-16-game1,2026-06-16T16:31:44.570000+00:00,-1.8038000000000007,0.133160115,-1.6706398850000008
7,8885183102,dota2-flc-bb4-2026-07-07-game1,2026-07-07T09:47:24.433000+00:00,-33.8755625,0.8427160528125,-33.0328464471875
7,8885195986,dota2-re-xtreme-2026-07-07-game1,2026-07-07T09:55:03.037000+00:00,21.830897039999996,0.6169913907239999,22.447888430723996
7,8885252329,dota2-flc-bb4-2026-07-07-game2,2026-07-07T11:01:59.599000+00:00,-25.55420000000001,2.6814467849999994,-22.87275321500001
7,8885275216,dota2-re-xtreme-2026-07-07-game2,2026-07-07T11:16:11.813000+00:00,14.492999999999995,0.883275885,15.376275884999995
7,8885365825,dota2-l1ga-ngx-2026-07-07-game1,2026-07-07T12:34:49.112000+00:00,0.0,0.0,0.0
7,8885380529,dota2-liquid-playti-2026-07-07-game1,2026-07-07T12:43:07.045000+00:00,-15.04252575000002,1.43085916213125,-13.61166658786877
7,8885411801,dota2-lvlup1-aur1-2026-07-07-game1,2026-07-07T13:06:28.530000+00:00,0.0,0.0,0.0
7,8885470551,dota2-l1ga-ngx-2026-07-07-game2,2026-07-07T13:39:34.570000+00:00,21.33359999999996,0.657208215,21.990808214999962
7,8885473599,dota2-liquid-playti-2026-07-07-game2,2026-07-07T13:52:27.923000+00:00,-17.170999999999907,2.504395875,-14.666604124999907
7,8885529711,dota2-lvlup1-aur1-2026-07-07-game2,2026-07-07T14:23:52.590000+00:00,7.402500000000003,0.05274281250000005,7.455242812500003
7,8885633666,dota2-ts8-mouz-2026-07-07-game1,2026-07-07T15:33:28.678000+00:00,32.38600000000001,2.86410912,35.25010912000001
7,8885665054,dota2-nem-pari-2026-07-07-game1,2026-07-07T15:41:38.548000+00:00,29.72051103999999,0.5671098587760001,30.28762089877599
7,8885784652,dota2-ts8-mouz-2026-07-07-game2,2026-07-07T17:16:32.961000+00:00,-11.25922647999996,1.3446733451159998,-9.91455313488396
7,8885871759,dota2-ic-1win-2026-07-07-game1,2026-07-07T18:31:07.999000+00:00,0.25,0.038156249999999996,0.28815625
7,8885928262,dota2-ty-og-2026-07-07-game1,2026-07-07T19:03:44.444000+00:00,58.7902,0.35077090499999997,59.140970904999996
7,8885974297,dota2-ic-1win-2026-07-07-game2,2026-07-07T19:32:14.446000+00:00,0.0,0.0,0.0
7,8886005043,dota2-ty-og-2026-07-07-game2,2026-07-07T20:03:05.981000+00:00,0.0,0.0,0.0
7,8886576019,dota2-poorra-bb4-2026-07-08-game1,2026-07-08T09:20:01.472000+00:00,-20.0,0.6779999999999999,-19.322
7,8886572854,dota2-gl-xtreme-2026-07-08-game1,2026-07-08T09:27:27.007000+00:00,-23.35759999999999,3.44487006,-19.91272993999999
7,8886638110,dota2-poorra-bb4-2026-07-08-game2,2026-07-08T10:36:00.005000+00:00,0.0,0.6599993399999999,0.6599993399999999
7,8886640910,dota2-flc-re-2026-07-08-game2,2026-07-08T10:39:41.623000+00:00,6.25,0.8395229849999998,7.0895229849999994
7,8886641793,dota2-gl-xtreme-2026-07-08-game2,2026-07-08T10:45:04.782000+00:00,45.081199109999964,1.7326428872632498,46.81384199726321
7,8886728756,dota2-l1ga-playti-2026-07-08-game1,2026-07-08T12:02:19.795000+00:00,1.9150999999999954,2.0646790125,3.9797790124999954
7,8886736772,dota2-liquid-lvlup1-2026-07-08-game1,2026-07-08T12:08:59.488000+00:00,0.0,0.0,0.0
7,8886788497,dota2-ngx-aur1-2026-07-08-game1,2026-07-08T12:47:30.744000+00:00,6.502827669999959,0.46509681770325007,6.967924487703209
7,8886815251,dota2-l1ga-playti-2026-07-08-game2,2026-07-08T13:04:20.712000+00:00,66.12440000000004,1.02333666,67.14773666000004
7,8886862310,dota2-liquid-lvlup1-2026-07-08-game2,2026-07-08T13:37:25.898000+00:00,12.454400000000021,0.6604209,13.114820900000021
7,8886994890,dota2-ts8-nem-2026-07-08-game1,2026-07-08T14:59:11.781000+00:00,0.0,0.0,0.0
7,8887100676,dota2-vg-pari-2026-07-08-game1,2026-07-08T16:18:23.954000+00:00,-0.11899999999999977,0.48043792500000004,0.36143792500000027
7,8887114313,dota2-ts8-nem-2026-07-08-game2,2026-07-08T16:15:19.583000+00:00,-10.844499999999996,0.27277443749999997,-10.571725562499996
7,8887197358,dota2-vg-pari-2026-07-08-game2,2026-07-08T17:23:00.102000+00:00,-10.338099999999997,0.6432707324999999,-9.694829267499998
7,8887218598,dota2-lgd-og-2026-07-08-game1,2026-07-08T17:27:41.870000+00:00,0.8000000000000007,0.053009999999999995,0.8530100000000007
7,8887260104,dota2-ty-ic-2026-07-08-game1,2026-07-08T17:58:24.214000+00:00,0.0,0.0,0.0
7,8887314193,dota2-lgd-og-2026-07-08-game2,2026-07-08T18:40:30.736000+00:00,-31.491313719999987,1.8505411776239997,-29.640772542375988
7,8887325211,dota2-vp-1win-2026-07-08-game1,2026-07-08T18:51:24.334000+00:00,-24.961208599999992,1.170380780475,-23.790827819524992
7,8887337672,dota2-ty-ic-2026-07-08-game2,2026-07-08T19:01:29.872000+00:00,0.0,0.0,0.0
7,8887432754,dota2-vp-1win-2026-07-08-game2,2026-07-08T20:20:02.742000+00:00,2.9000000000000012,0.143475,3.0434750000000013
7,8887986392,dota2-poorra-xtreme-2026-07-09-game1,2026-07-09T09:21:30.237000+00:00,-14.68059999999997,4.229923185,-10.45067681499997
7,8887998750,dota2-bb4-re-2026-07-09-game1,2026-07-09T09:29:32.198000+00:00,-2.8000000000000043,0.983249565,-1.8167504350000043
7,8888056358,dota2-poorra-xtreme-2026-07-09-game2,2026-07-09T10:34:44.979000+00:00,-5.832200000000029,2.131251495,-3.700948505000029
7,8888066684,dota2-bb4-re-2026-07-09-game2,2026-07-09T10:43:25.275000+00:00,0.0,0.0,0.0
7,8888083694,dota2-gl-flc-2026-07-09-game2,2026-07-09T11:11:32.224000+00:00,65.57400000000001,0.9634459949999999,66.53744599500001
7,8888160657,dota2-l1ga-aur1-2026-07-09-game1,2026-07-09T12:09:38.901000+00:00,-16.391199999999998,0.574854825,-15.816345174999999
7,8888173515,dota2-playti-lvlup1-2026-07-09-game1,2026-07-09T12:20:27.216000+00:00,14.815200000000033,1.09918278,15.914382780000032
7,8888217771,dota2-ngx-liquid-2026-07-09-game1,2026-07-09T12:52:14.212000+00:00,8.893499999999989,1.8355578675,10.72905786749999
7,8888260336,dota2-l1ga-aur1-2026-07-09-game2,2026-07-09T13:20:05.771000+00:00,-9.63839999999999,0.5548104,-9.08358959999999
7,8888279558,dota2-playti-lvlup1-2026-07-09-game2,2026-07-09T13:33:23.111000+00:00,0.0,0.0,0.0
7,8888318197,dota2-ngx-liquid-2026-07-09-game2,2026-07-09T14:04:08.888000+00:00,-24.260800000000017,4.03708458,-20.22371542000002
7,8888405761,dota2-mouz-nem-2026-07-09-game1,2026-07-09T14:48:45.816000+00:00,0.0,0.0,0.0
7,8888425887,dota2-rnx-pari-2026-07-09-game1,2026-07-09T15:02:02.148000+00:00,0.0,0.0,0.0
7,8888489297,dota2-vg-ts8-2026-07-09-game1,2026-07-09T15:42:43.149000+00:00,-38.53699999999998,0.9909926249999998,-37.54600737499998
7,8888555097,dota2-mouz-nem-2026-07-09-game2,2026-07-09T16:24:34.308000+00:00,-15.468200000000007,2.7156325649999995,-12.752567435000007
7,8888554919,dota2-rnx-pari-2026-07-09-game2,2026-07-09T16:26:10.054000+00:00,0.0,0.0,0.0
7,8888592426,dota2-vg-ts8-2026-07-09-game2,2026-07-09T16:59:54.115000+00:00,-0.13000000000000078,0.04055025000000001,-0.08944975000000077
7,8888682602,dota2-og-ic-2026-07-09-game1,2026-07-09T17:53:01.981000+00:00,-74.02294343999999,2.489846124972,-71.53309731502799
7,8888693655,dota2-vp-ty-2026-07-09-game1,2026-07-09T18:07:57.629000+00:00,0.0,0.35999568000000004,0.35999568000000004
7,8888731478,dota2-lgd-1win-2026-07-09-game1,2026-07-09T18:35:20.326000+00:00,13.278992350000024,1.24371790885125,14.522710258851275
7,8888771711,dota2-og-ic-2026-07-09-game2,2026-07-09T19:04:50.495000+00:00,-18.918900000000008,0.8381748375,-18.08072516250001
7,8888819433,dota2-lgd-1win-2026-07-09-game2,2026-07-09T19:41:02.532000+00:00,5.065277810000012,4.59396070928025,9.659238519280262
7,8889452921,dota2-re-gl-2026-07-10-game1,2026-07-10T09:17:34.068000+00:00,7.832300000000004,1.4205436875,9.252843687500004
7,8889468264,dota2-xtreme-bb4-2026-07-10-game1,2026-07-10T09:26:30.741000+00:00,1.2229999999999954,1.79142063,3.0144206299999956
7,8889513730,dota2-poorra-flc-2026-07-10-game2,2026-07-10T10:17:36.842000+00:00,4.78305005,0.21256534091624998,4.9956153909162495
7,8889524021,dota2-xtreme-bb4-2026-07-10-game2,2026-07-10T10:37:39.793000+00:00,0.0019714200000180426,0.6632900936145,0.665261513614518
7,8889538949,dota2-re-gl-2026-07-10-game2,2026-07-10T10:40:57.402000+00:00,-42.851,2.0749829849999997,-40.776017015
7,8889615310,dota2-l1ga-liquid-2026-07-10-game1,2026-07-10T11:48:20.990000+00:00,-2.5615538400000446,1.178349342654,-1.3832044973460447
7,8889621582,dota2-aur1-playti-2026-07-10-game1,2026-07-10T11:57:42.116000+00:00,-10.445799999999991,2.350329225,-8.095470774999992
7,8889699098,dota2-l1ga-liquid-2026-07-10-game2,2026-07-10T12:46:15.831000+00:00,0.0,0.0,0.0
7,8889733840,dota2-aur1-playti-2026-07-10-game2,2026-07-10T13:14:22.837000+00:00,-91.49180000000001,2.6473684349999997,-88.84443156500001
7,8889871314,dota2-nem-vg-2026-07-10-game1,2026-07-10T14:27:52.631000+00:00,-6.8419999999999845,1.34175531,-5.500244689999985
7,8889914618,dota2-pari-mouz-2026-07-10-game1,2026-07-10T14:59:49.254000+00:00,-13.793399999999991,0.46035472499999985,-13.333045274999991
7,8889944251,dota2-rnx-ts8-2026-07-10-game1,2026-07-10T15:15:29.857000+00:00,16.092299999999966,0.29224766250000006,16.384547662499966
7,8890008812,dota2-nem-vg-2026-07-10-game2,2026-07-10T15:49:04.827000+00:00,12.500000000000028,1.3160701799999999,13.816070180000029
7,8890036748,dota2-pari-mouz-2026-07-10-game2,2026-07-10T16:15:07.698000+00:00,0.0,0.0,0.0
7,8890074597,dota2-rnx-ts8-2026-07-10-game2,2026-07-10T16:28:42.555000+00:00,0.0,0.0,0.0
7,8890179830,dota2-lgd-ty-2026-07-10-game1,2026-07-10T17:38:53.401000+00:00,73.9719,0.4049961525,74.37689615250001
7,8890270555,dota2-1win-og-2026-07-10-game2,2026-07-10T18:36:26.467000+00:00,0.0,0.0,0.0
7,8890268632,dota2-lgd-ty-2026-07-10-game2,2026-07-10T18:43:14.663000+00:00,-3.11230000000002,0.7896868875,-2.3226131125000196
7,8890301402,dota2-ic-vp-2026-07-10-game2,2026-07-10T18:52:09.717000+00:00,-1.8200000000000216,0.4284734999999999,-1.3915265000000216
7,8891108843,dota2-poorra-re-2026-07-11-game1,2026-07-11T09:15:44.932000+00:00,2.34,0.047170500000000004,2.3871705
7,8891108985,dota2-bb4-gl-2026-07-11-game1,2026-07-11T09:17:06.187000+00:00,5.882399999999961,1.813242405,7.695642404999962
7,8891145641,dota2-xtreme-flc-2026-07-11-game1,2026-07-11T09:30:07.111000+00:00,5.970199999999977,0.9738888749999999,6.944088874999977
7,8891217710,dota2-poorra-re-2026-07-11-game2,2026-07-11T10:44:50.172000+00:00,-54.860201499999974,1.4307365049374998,-53.429464995062474
7,8891240327,dota2-xtreme-flc-2026-07-11-game2,2026-07-11T11:01:14.698000+00:00,23.023442970000005,3.4185263424442502,26.441969312444254
7,8891325877,dota2-l1ga-lvlup1-2026-07-11-game1,2026-07-11T12:09:46.181000+00:00,-18.977800000000002,1.191322185,-17.786477815
7,8891349244,dota2-playti-ngx-2026-07-11-game1,2026-07-11T12:27:52.369000+00:00,7.896199999999993,3.183129465,11.079329464999994
7,8891371442,dota2-aur1-liquid-2026-07-11-game1,2026-07-11T12:43:19.319000+00:00,1.359999999999998,0.11835449999999999,1.478354499999998
7,8891438996,dota2-l1ga-lvlup1-2026-07-11-game2,2026-07-11T13:19:40.554000+00:00,-0.5400000000000049,0.1531575,-0.3868425000000049
7,8891497910,dota2-aur1-liquid-2026-07-11-game2,2026-07-11T13:53:37.287000+00:00,31.072798119999995,0.9148617413339999,31.987659861333995
7,8891519142,dota2-playti-ngx-2026-07-11-game2,2026-07-11T14:08:43.754000+00:00,-19.43079999999999,1.36852236,-18.06227763999999
7,8892829232,dota2-mouz-vg-2026-07-12-game1,2026-07-12T09:15:57.248000+00:00,-63.917799999999986,1.1618431949999999,-62.75595680499998
7,8892835652,dota2-rnx-nem-2026-07-12-game1,2026-07-12T09:19:01.546000+00:00,-45.63540000000003,2.819654925,-42.81574507500003
7,8892836635,dota2-pari-ts8-2026-07-12-game1,2026-07-12T09:26:06.808000+00:00,-12.493599999999976,3.43707927,-9.056520729999976
7,8892923329,dota2-mouz-vg-2026-07-12-game2,2026-07-12T10:25:59.512000+00:00,-1.5976010400000114,0.6678821665679999,-0.9297188734320114
7,8892914077,dota2-pari-ts8-2026-07-12-game2,2026-07-12T10:31:28.406000+00:00,6.744788200000016,0.95414936487,7.6989375648700165
7,8892958964,dota2-rnx-nem-2026-07-12-game2,2026-07-12T10:53:08.655000+00:00,-86.10400000000003,2.533034505,-83.57096549500002
7,8893070561,dota2-1win-ty-2026-07-12-game1,2026-07-12T12:14:45.162000+00:00,-3.1876999999999924,2.7084396675,-0.47926033249999245
7,8893106015,dota2-og-vp-2026-07-12-game1,2026-07-12T12:36:42.440000+00:00,0.0,0.0,0.0
7,8893165071,dota2-1win-ty-2026-07-12-game2,2026-07-12T13:18:20.777000+00:00,20.988839500000047,2.5785184340625,23.567357934062546
7,8893253595,dota2-og-vp-2026-07-12-game2,2026-07-12T13:56:28.498000+00:00,1.0412739999999983,0.1942154136,1.2354894135999983
7,8896139222,dota2-re-vp-2026-07-14-game1,2026-07-14T11:15:10.363000+00:00,1.2654000000000565,3.03043512,4.295835120000056
7,8896140998,dota2-liquid-xtreme-2026-07-14-game1,2026-07-14T11:24:31.795000+00:00,-26.04239999999998,3.4922363249999995,-22.55016367499998
7,8896234088,dota2-re-vp-2026-07-14-game2,2026-07-14T12:30:48.003000+00:00,-11.678000000000026,0.76161471,-10.916385290000026
7,8896267691,dota2-liquid-xtreme-2026-07-14-game2,2026-07-14T13:05:08.216000+00:00,-14.856899999999968,2.0469589275,-12.809941072499967
7,8896380183,dota2-re-vp-2026-07-14,2026-07-14T14:02:34.965000+00:00,-59.5899,1.6799822625,-57.9099177375
7,8896486914,dota2-liquid-xtreme-2026-07-14,2026-07-14T15:13:00.049000+00:00,-2.622400430000013,1.75523308309725,-0.8671673469027632
7,8896645659,dota2-lgd-mouz-2026-07-14-game1,2026-07-14T16:55:49.823000+00:00,0.1612,0.022656660000000002,0.18385666
7,8896731473,dota2-lgd-mouz-2026-07-14-game2,2026-07-14T18:02:11.857000+00:00,-13.116699999999994,0.9204782475,-12.196221752499994
7,8897585705,dota2-aur1-re-2026-07-15-game1,2026-07-15T11:19:40.513000+00:00,-0.00040591999999151085,0.420002933784,0.4195970137840085
7,8897588873,dota2-ts8-liquid-2026-07-15-game1,2026-07-15T11:25:30.473000+00:00,-28.5,1.2329249999999998,-27.267075
7,8897695379,dota2-aur1-re-2026-07-15-game2,2026-07-15T12:41:48.340000+00:00,6.89670000000001,0.35017994249999995,7.246879942500009
7,8897696869,dota2-ts8-liquid-2026-07-15-game2,2026-07-15T12:54:25.976000+00:00,-5.468747619999988,3.7010899517895,-1.7676576682104876
7,8897831774,dota2-ts8-liquid-2026-07-15,2026-07-15T14:13:24.528000+00:00,0.0016870200000056457,0.9300070796715001,0.9316940996715057
7,8897841991,dota2-1win-vg-2026-07-15-game1,2026-07-15T14:22:22.284000+00:00,7.250100000000032,0.7211902275,7.971290227500032
7,8897971312,dota2-1win-vg-2026-07-15-game2,2026-07-15T15:33:39.656000+00:00,13.106500000000011,1.0465487025,14.153048702500012
7,8898003442,dota2-bb4-lgd-2026-07-15-game1,2026-07-15T15:56:58.589000+00:00,-1.0,0.0912,-0.9088
7,8898084910,dota2-1win-vg-2026-07-15,2026-07-15T16:49:08.935000+00:00,-17.398600000000016,2.0169700049999997,-15.381629995000017
7,8898117600,dota2-bb4-lgd-2026-07-15-game2,2026-07-15T17:15:52.403000+00:00,21.05279999999999,0.6252681600000001,21.67806815999999
7,8899028080,dota2-ty-ts8-2026-07-17-game1,2026-07-16T11:25:22.617000+00:00,-45.00300048999999,1.7021094724642496,-43.30089101753574
7,8899120700,dota2-ty-ts8-2026-07-17-game2,2026-07-16T12:44:26.752000+00:00,-21.580600000000004,1.167962985,-20.412637015000005
7,8899307453,dota2-pari-re-2026-07-17-game1,2026-07-16T14:36:23.407000+00:00,15.069600000000008,1.35045909,16.42005909000001
7,8899420575,dota2-pari-re-2026-07-17-game2,2026-07-16T15:46:28.167000+00:00,-7.407299999999992,0.6027690374999999,-6.804530962499992
7,8900508749,dota2-flc-vg-2026-07-16-game1,2026-07-17T11:21:46.405000+00:00,-32.04060000000001,0.96103389,-31.079566110000012
7,8900623530,dota2-flc-vg-2026-07-16-game2,2026-07-17T12:54:30.551000+00:00,-13.086499999999976,2.9154132225,-10.171086777499976
7,8900771154,dota2-ngx-bb4-2026-07-16-game1,2026-07-17T14:28:08.196000+00:00,21.6184,1.3719786,22.9903786
7,8900882416,dota2-ngx-bb4-2026-07-16-game2,2026-07-17T15:33:10.588000+00:00,0.0,0.0,0.0
7,8902107148,dota2-bb4-vg-2026-07-18-game1,2026-07-18T11:22:02.020000+00:00,0.0,0.0,0.0
7,8902173969,dota2-bb4-vg-2026-07-18-game2,2026-07-18T12:21:15.910000+00:00,-16.867200000000025,0.5846292000000001,-16.282570800000027
7,8902338515,dota2-ty-pari-2026-07-18-game1,2026-07-18T14:06:38.308000+00:00,-38.57476456000001,2.827749342732,-35.747015217268014
7,8902431810,dota2-ty-pari-2026-07-18-game2,2026-07-18T15:09:37.865000+00:00,123.52660000000006,6.15565161,129.68225161000007
7,8902610619,dota2-ty-pari-2026-07-18,2026-07-18T16:48:06.686000+00:00,-3.2700000000000102,3.7117623149999996,0.4417623149999894
7,8903705555,dota2-vg-ty-2026-07-19-game1,2026-07-19T10:24:33.152000+00:00,42.5,0.3545625,42.8545625
7,8903789784,dota2-vg-ty-2026-07-19-game2,2026-07-19T11:31:19.185000+00:00,0.0,0.0,0.0
7,8904012666,dota2-bb4-pari-2026-07-19-game1,2026-07-19T13:57:51.853000+00:00,42.651199999999974,1.7154222,44.36662219999997
7,8904157676,dota2-bb4-pari-2026-07-19-game2,2026-07-19T15:17:11.337000+00:00,1.6386999999999965,0.0866462625,1.7253462624999965
7,8904322271,dota2-bb4-pari-2026-07-19-game3,2026-07-19T16:52:33.960000+00:00,8.583499999999958,4.472917102499999,13.056417102499957
7,8904419709,dota2-bb4-pari-2026-07-19-game4,2026-07-19T18:05:14.511000+00:00,2.555399999999988,1.0768627199999998,3.632262719999988
7,8905035315,dota2-stx-lynx-2026-07-20-game1,2026-07-20T07:25:19.610000+00:00,0.0,0.33390000000000003,0.33390000000000003
7,8905093611,dota2-stx-lynx-2026-07-20-game2,2026-07-20T08:36:36.644000+00:00,48.15860000000002,2.06350194,50.22210194000002
7,8905164476,dota2-stx-lynx-2026-07-20,2026-07-20T10:04:24.370000+00:00,79.85469752,1.70544211476,81.56013963476
7,8905233934,dota2-lynx-pckcp-2026-07-20-game1,2026-07-20T11:15:17.947000+00:00,29.67399935,1.08388148761125,30.75788083761125
7,8905359313,dota2-lynx-pckcp-2026-07-20-game2,2026-07-20T12:49:30.119000+00:00,-1.0999999999999996,0.0535425,-1.0464574999999996
7,8905490238,dota2-z10-nemiga-2026-07-20-game1,2026-07-20T14:13:02.081000+00:00,-1.0847999999999995,0.10658505,-0.9782149499999996
7,8905612460,dota2-z10-nemiga-2026-07-20-game2,2026-07-20T15:25:40.567000+00:00,-50.66383723999999,1.541351978748,-49.122485261251995
7,8905741721,dota2-spirit1-jenz-2026-07-20-game1,2026-07-20T16:55:30.580000+00:00,3.4399999999999977,1.339725,4.779724999999997
7,8905885788,dota2-spirit1-jenz-2026-07-20-game2,2026-07-20T18:35:45.253000+00:00,-4.264901660000001,0.1321359448635,-4.132765715136501
7,8905975768,dota2-lvlup1-ill-2026-07-20-game1,2026-07-20T19:45:16.612000+00:00,2.3055189999999826,1.378334644125,3.6838536441249827
7,8906069414,dota2-lvlup1-ill-2026-07-20-game2,2026-07-20T20:59:36.536000+00:00,5.555599999999998,0.8208399,6.3764398999999985
7,8906479441,dota2-nemiga-dan-2026-07-21-game1,2026-07-21T07:24:02.590000+00:00,12.84636654999997,0.33656252009475,13.18292907009472
7,8906547471,dota2-nemiga-dan-2026-07-21-game2,2026-07-21T08:48:51.736000+00:00,21.212099999999992,0.9579535874999998,22.170053587499993
7,8906626852,dota2-pckcp-stx-2026-07-21-game1,2026-07-21T10:17:03.931000+00:00,0.20454700000001935,1.21383081435,1.4183778143500194
7,8906706819,dota2-pckcp-stx-2026-07-21-game2,2026-07-21T11:28:10.072000+00:00,3.076899999999995,1.0428383324999997,4.1197383324999945
7,8906814740,dota2-pckcp-stx-2026-07-21,2026-07-21T12:50:32.182000+00:00,-29.29789999999997,2.5331126625,-26.76478733749997
7,8906911697,dota2-lynx-spirit1-2026-07-21-game1,2026-07-21T14:01:22.509000+00:00,-0.29000000000000004,0.07412624999999999,-0.21587375000000003
7,8907021823,dota2-lynx-spirit1-2026-07-21-game2,2026-07-21T14:54:33.550000+00:00,-50.50888388000003,3.7441049288309998,-46.76477895116903
7,8907114935,dota2-lynx-spirit1-2026-07-21,2026-07-21T15:55:17.448000+00:00,8.507999999999988,2.17058295,10.678582949999988
7,8907236730,dota2-jenz-lynx-2026-07-21-game1,2026-07-21T17:22:36.365000+00:00,0.0,0.0,0.0
7,8907319204,dota2-jenz-lynx-2026-07-21-game2,2026-07-21T18:19:16.673000+00:00,-40.189255949999946,0.85293616293375,-39.336319787066195
7,8907510684,dota2-z10-aion-2026-07-21-game2,2026-07-21T20:45:41.820000+00:00,0.0,0.0,0.0
7,8907942033,dota2-ill-dan-2026-07-22-game1,2026-07-22T07:18:07.776000+00:00,2.912699999999994,0.3608107125,3.273510712499994
7,8907997366,dota2-ill-dan-2026-07-22-game2,2026-07-22T08:30:21.640000+00:00,0.0,0.0,0.0
7,8908178087,dota2-nemiga-aion-2026-07-22-game2,2026-07-22T11:35:02.272000+00:00,-0.08000000000000007,0.017322000000000004,-0.06267800000000007
7,8908313996,dota2-stx-spirit1-2026-07-22-game1,2026-07-22T13:26:43.307000+00:00,-0.7704624800000026,0.117676450386,-0.6527860296140027
7,8908486051,dota2-stx-spirit1-2026-07-22-game2,2026-07-22T15:03:55.390000+00:00,20.984685929999984,0.7346778118702499,21.719363741870232
7,8908612824,dota2-stx-spirit1-2026-07-22,2026-07-22T16:27:56.948000+00:00,21.59217500000006,1.4010323025,22.99320730250006
7,8908710300,dota2-z10-lvlup1-2026-07-22-game1,2026-07-22T17:40:32.974000+00:00,-17.10560000000001,1.6362992399999998,-15.46930076000001
7,8908926344,dota2-z10-lvlup1-2026-07-22,2026-07-22T20:21:42.790000+00:00,27.435424369999964,2.64701939628225,30.082443766282214
7,8909388284,dota2-dan-z10-2026-07-23-game1,2026-07-23T07:17:23.633000+00:00,6.959999999999994,0.076914,7.036913999999994
7,8909443684,dota2-dan-z10-2026-07-23-game2,2026-07-23T08:24:14.078000+00:00,-10.892711330000022,0.78476046116175,-10.107950868838273
7,8909498494,dota2-dan-z10-2026-07-23,2026-07-23T09:35:42.112000+00:00,-0.24999999999999956,0.01585125,-0.23414874999999954
7,8909658828,dota2-spirit1-pckcp-2026-07-23-game2,2026-07-23T11:56:35.158000+00:00,-0.5,0.0373725,-0.46262749999999997
7,8909780227,dota2-spirit1-pckcp-2026-07-23,2026-07-23T13:29:29.880000+00:00,-3.3489999999999824,0.6961651649999999,-2.6528348349999824
7,8910104556,dota2-jenz-kw1-2026-07-23-game2,2026-07-23T16:47:57.620000+00:00,-1.6499999999999986,0.14812874999999998,-1.5018712499999987
7,8910216725,dota2-jenz-kw1-2026-07-23,2026-07-23T18:09:02.529000+00:00,1.0600000000000023,0.304011,1.3640110000000023
7,8910344715,dota2-lvlup1-aion-2026-07-23-game1,2026-07-23T19:45:58.831000+00:00,0.0,0.0,0.0
7,8910461593,dota2-lvlup1-aion-2026-07-23-game2,2026-07-23T21:18:59.726000+00:00,-4.4517999999999995,0.18788671499999998,-4.263913284999999
7,8910535715,dota2-lvlup1-aion-2026-07-23,2026-07-23T22:37:28.157000+00:00,-46.970938560000015,0.607595875998,-46.36334268400201
7,8910589445,dota2-nemiga-ill-2026-07-23-game1,2026-07-23T23:33:41.369000+00:00,22.792299999999983,2.6155895774999998,25.407889577499983
7,8910670427,dota2-nemiga-ill-2026-07-23,2026-07-24T01:26:47.762000+00:00,-14.73920000000004,1.545793485,-13.193406515000039
7,8910982575,dota2-aion-dan-2026-07-24-game2,2026-07-24T08:39:31.809000+00:00,0.0,0.0,0.0
7,8911277378,dota2-kw1-stx-2026-07-24-game2,2026-07-24T13:08:23.857000+00:00,-0.8278014800000051,1.216282992891,0.38848151289099486
7,8911784562,dota2-z10-ill-2026-07-24-game1,2026-07-24T18:00:21.302000+00:00,-12.416400799999998,0.76355651832,-11.652844281679998
7,8911916389,dota2-z10-ill-2026-07-24-game2,2026-07-24T19:32:36.981000+00:00,12.149999999999977,1.4504062500000001,13.600406249999978
7,8912045230,dota2-nemiga-lvlup1-2026-07-24-game1,2026-07-24T21:05:49.488000+00:00,-4.703699999999969,1.3823180625,-3.3213819374999694
7,8912123729,dota2-nemiga-lvlup1-2026-07-24-game2,2026-07-24T22:15:39.296000+00:00,0.0,0.0,0.0
7,8912551235,dota2-ill-aion-2026-07-25-game1,2026-07-25T07:19:52.253000+00:00,0.0,0.0,0.0
7,8912622476,dota2-ill-aion-2026-07-25-game2,2026-07-25T08:27:06.996000+00:00,-0.5598437600000041,0.07929399936599998,-0.4805497606340041
7,8912758286,dota2-pckcp-jenz-2026-07-22-game1,2026-07-25T10:25:45.605000+00:00,-28.939596759999986,1.196320442562,-27.743276317437985
7,8912831712,dota2-pckcp-jenz-2026-07-22-game2,2026-07-25T11:23:26.682000+00:00,7.578700000000026,1.3057008375,8.884400837500026
7,8912974141,dota2-pckcp-jenz-2026-07-22,2026-07-25T13:02:19.241000+00:00,-51.04902770999999,2.94734801485275,-48.10167969514724
7,8913307206,dota2-kw1-pckcp-2026-07-25-game1,2026-07-25T16:28:48.834000+00:00,0.0,0.0,0.0
7,8913598312,dota2-lynx-kw1-2026-07-25-game1,2026-07-25T19:28:05.257000+00:00,0.6008993599999997,1.499112350004,2.100011710004
7,8913726962,dota2-lynx-kw1-2026-07-25-game2,2026-07-25T20:57:15.562000+00:00,-27.31839999999998,1.28779773,-26.030602269999978
7,8913824141,dota2-lynx-kw1-2026-07-25,2026-07-25T22:21:39.642000+00:00,-17.363800000000015,4.44730881,-12.916491190000016
7,8914414410,dota2-nemiga-ill-2026-07-26-game1,2026-07-26T09:26:59.644000+00:00,-24.02627190000004,1.0597346736524997,-22.96653722634754
7,8914520562,dota2-nemiga-ill-2026-07-26-game2,2026-07-26T10:41:21.923000+00:00,-13.733199999999975,1.2534278399999998,-12.479772159999975
7,8914637220,dota2-nemiga-ill-2026-07-26,2026-07-26T12:04:18.708000+00:00,0.0,0.0,0.0
7,8914749408,dota2-rearis-pckcp-2026-07-26-game1,2026-07-26T13:19:34.036000+00:00,-10.468899999999962,0.7850012774999999,-9.683898722499963
7,8914885598,dota2-rearis-pckcp-2026-07-26-game2,2026-07-26T14:24:02.001000+00:00,49.64150000000001,0.30260808749999996,49.944108087500005
7,8915002841,dota2-kw1-rearis-2026-07-26-game1,2026-07-26T15:32:54.677000+00:00,-5.872404959999987,1.072312223748,-4.800092736251987
7,8915137972,dota2-kw1-rearis-2026-07-26-game2,2026-07-26T16:47:26.165000+00:00,0.0,0.0,0.0
7,8915271266,dota2-jenz-stx-2026-07-26-game1,2026-07-26T18:26:53.337000+00:00,19.853067179999982,0.665557436997,20.51862461699698
7,8915390117,dota2-jenz-stx-2026-07-26-game2,2026-07-26T19:37:39.362000+00:00,0.5386000000000024,0.07957815,0.6181781500000024
7,8915498965,dota2-jenz-stx-2026-07-26,2026-07-26T20:57:43.107000+00:00,7.254000000000035,0.7126357499999999,7.966635750000035
7,8916041863,dota2-lvlup1-pckcp-2026-07-27-game1,2026-07-27T09:21:33.291000+00:00,2.5139999999999993,0.033467624999999994,2.5474676249999995
7,8916102349,dota2-lvlup1-pckcp-2026-07-27-game2,2026-07-27T10:12:46.876000+00:00,-49.599399999999974,0.58049325,-49.01890674999997
7,8916245727,dota2-stx-nemiga-2026-07-27-game1,2026-07-27T12:25:46.061000+00:00,15.508600000000015,1.203376305,16.711976305000015
7,8916384577,dota2-stx-nemiga-2026-07-27-game2,2026-07-27T13:48:29.618000+00:00,17.927799999999962,6.15018885,24.07798884999996
7,8916474664,dota2-stx-nemiga-2026-07-27,2026-07-27T14:44:54.132000+00:00,9.131800000000041,1.587532845,10.719332845000041
7,8917611319,dota2-pr1-nemiga-2026-07-28-game2,2026-07-28T10:17:02.190000+00:00,0.0,0.0,0.0
7,8917675823,dota2-pr1-nemiga-2026-07-28,2026-07-28T11:19:25.327000+00:00,8.933200000000028,0.8670254699999999,9.800225470000028
7,8917738415,dota2-nh-pckcp-2026-07-28-game1,2026-07-28T12:16:10.015000+00:00,0.0,0.0,0.0
7,8917853656,dota2-nh-pckcp-2026-07-28-game2,2026-07-28T13:23:44.955000+00:00,6.155666999999994,0.911383873125,7.067050873124994
7,8918052500,dota2-pckcp-kw1-2026-07-28-game1,2026-07-28T15:24:46.769000+00:00,0.0,0.0,0.0
7,8918176547,dota2-pckcp-kw1-2026-07-28-game2,2026-07-28T16:37:04.197000+00:00,5.431889200000008,0.9419360983199999,6.373825298320008
7,8919264561,dota2-rearis-z10-2026-07-29-game1,2026-07-29T12:23:03.580000+00:00,15.167165039999986,0.7517793568319999,15.918944396831986
7,8919404744,dota2-rearis-z10-2026-07-29-game2,2026-07-29T13:48:28.368000+00:00,-5.369499999999988,0.6983947875000001,-4.671105212499988
7,8919546613,dota2-amaru-nemiga-2026-07-29-game1,2026-07-29T15:15:30.082000+00:00,0.0,0.0,0.0
7,8919685210,dota2-amaru-nemiga-2026-07-29-game2,2026-07-29T16:34:50.427000+00:00,-56.38270061999996,1.7367143445704998,-54.64598627542946
7,8919803916,dota2-amaru-nemiga-2026-07-29,2026-07-29T18:02:17.532000+00:00,54.59011828000004,1.46772525813,56.057843538130044
7,8920655724,dota2-pckcp-z10-2026-07-30-game2,2026-07-30T10:32:16.617000+00:00,0.0,0.0,0.0
7,8920897425,dota2-lvlup1-z10-2026-07-30-game2,2026-07-30T13:37:44.606000+00:00,-14.6,0.413775,-14.186225
7,8921002620,dota2-lvlup1-z10-2026-07-30,2026-07-30T14:47:46.063000+00:00,28.142799999999994,2.7756853199999996,30.918485319999995
7,8921162227,dota2-amaru-pr1-2026-07-30-game1,2026-07-30T16:32:24.441000+00:00,0.0,0.0,0.0
7,8921281044,dota2-amaru-pr1-2026-07-30-game2,2026-07-30T17:34:28.519000+00:00,0.0,0.0,0.0
7,8921949036,dota2-re-midas3-2026-07-31-game1,2026-07-31T06:23:42.906000+00:00,9.619692949999994,0.33073698109875,9.950429931098745
7,8922016200,dota2-re-midas3-2026-07-31-game2,2026-07-31T07:39:14.850000+00:00,38.178200000000004,0.8555244749999998,39.03372447500001
7,8922074642,dota2-vg-amaru-2026-07-31-game1,2026-07-31T08:46:41.467000+00:00,-11.311099999999996,0.1760629425,-11.135037057499996
7,8922137329,dota2-vg-amaru-2026-07-31-game2,2026-07-31T09:48:16.177000+00:00,0.3000000000000007,0.0291825,0.3291825000000007
7,8922133239,dota2-tr7-playti-2026-07-31-game1,2026-07-31T09:57:34.446000+00:00,-6.734917249999967,1.5860839763437498,-5.1488332736562175
7,8922186876,dota2-vg-amaru-2026-07-31,2026-07-31T10:40:33.810000+00:00,12.788000000000011,1.23263187,14.020631870000011
7,8922211678,dota2-tr7-playti-2026-07-31-game2,2026-07-31T11:00:53.806000+00:00,-10.134299999999989,1.9943354624999998,-8.139964537499988
7,8922300474,dota2-enjoy-glyph-2026-07-31-game1,2026-07-31T12:14:29.331000+00:00,-15.0,1.7741249999999997,-13.225875
7,8922339160,dota2-l1ga-rnx-2026-07-31-game1,2026-07-31T12:44:09.822000+00:00,5.25,1.82582625,7.07582625
7,8922400300,dota2-enjoy-glyph-2026-07-31-game2,2026-07-31T13:24:39.311000+00:00,-0.1834999999999818,1.6981337925,1.5146337925000182
7,8922433138,dota2-l1ga-rnx-2026-07-31-game2,2026-07-31T13:42:06.325000+00:00,-4.234900999999979,0.46270431487499997,-3.7721966851249795
7,8922552315,dota2-l1ga-rnx-2026-07-31,2026-07-31T14:55:23.609000+00:00,-3.508799999999951,1.2934313999999998,-2.2153685999999513
7,8922602122,dota2-yb1-z10-2026-07-31-game1,2026-07-31T15:28:08.646000+00:00,-9.836100000000016,1.2565905375,-8.579509462500017
7,8922722577,dota2-yb1-z10-2026-07-31-game2,2026-07-31T16:35:25.057000+00:00,-29.65550000000001,3.1954475175,-26.46005248250001
7,8922818221,dota2-xtreme-lgd-2026-07-31-game1,2026-07-31T17:51:24.199000+00:00,-35.53140000000002,2.61762672,-32.91377328000002
7,8922940920,dota2-xtreme-lgd-2026-07-31-game2,2026-07-31T19:09:48.720000+00:00,-6.549199999999985,4.49417331,-2.055026689999985
7,8923040358,dota2-xtreme-lgd-2026-07-31,2026-07-31T20:28:40.570000+00:00,-11.261400000000009,2.3175437249999997,-8.943856275000009
7,8923506996,dota2-midas3-tr7-2026-08-01-game1,2026-08-01T05:43:01.223000+00:00,0.8000000000000007,0.14267999999999997,0.9426800000000006
7,8923579943,dota2-midas3-tr7-2026-08-01-game2,2026-08-01T07:02:32.143000+00:00,-53.74080000000001,1.5157671449999999,-52.22503285500001
7,8923643650,dota2-midas3-tr7-2026-08-01,2026-08-01T08:08:01.087000+00:00,0.0,0.0,0.0
7,8923704450,dota2-yes-vg-2026-08-01-game1,2026-08-01T09:01:56.739000+00:00,-0.6304999999999978,1.1406816225,0.5101816225000022
7,8923780137,dota2-re-playti-2026-08-01-game1,2026-08-01T10:09:39.721000+00:00,0.0,0.0,0.0
7,8923790600,dota2-yes-vg-2026-08-01-game2,2026-08-01T10:14:11.317000+00:00,0.0,0.0,0.0
7,8923874259,dota2-re-playti-2026-08-01-game2,2026-08-01T11:26:12.956000+00:00,2.238898079999999,0.06874587332399999,2.307643953323999
7,8923899787,dota2-enjoy-yb1-2026-08-01-game1,2026-08-01T11:45:49.553000+00:00,-31.140000000000015,0.639774,-30.500226000000016
7,8924057168,dota2-l1ga-lgd-2026-08-01-game1,2026-08-01T13:34:16.709000+00:00,0.0,0.0,0.0
7,8924222714,dota2-l1ga-lgd-2026-08-01-game2,2026-08-01T15:02:43.462000+00:00,0.0,0.0,0.0
7,8924328537,dota2-glyph-z10-2026-08-01-game1,2026-08-01T15:59:42.950000+00:00,-12.792700000000044,0.8745163575,-11.918183642500045
7,8924367779,dota2-l1ga-lgd-2026-08-01,2026-08-01T16:23:12.450000+00:00,-32.97817786000002,0.6386613063390001,-32.339516553661014
7,8924468754,dota2-glyph-z10-2026-08-01-game2,2026-08-01T17:25:49.795000+00:00,-20.54440000000001,0.8343531900000001,-19.71004681000001
7,8924530036,dota2-rnx-xtreme-2026-08-01-game1,2026-08-01T18:06:50.164000+00:00,2.810936510000019,1.6698827737297501,4.480819283729769
7,8924616191,dota2-rnx-xtreme-2026-08-01-game2,2026-08-01T19:06:22.446000+00:00,-55.36633162,1.677767348061,-53.68856427193899
7,8925210898,dota2-playti-xctn-2026-08-02-game1,2026-08-02T05:28:20.542000+00:00,-32.96333103999997,1.7816554372095,-31.18167560279047
7,8925308090,dota2-playti-xctn-2026-08-02-game2,2026-08-02T07:03:47.891000+00:00,1.6224999999999996,0.0164862225,1.6389862224999996
7,8925543582,dota2-yes-tr7-2026-08-02-game1,2026-08-02T10:44:16.945000+00:00,0.3099999999999987,0.08002725000000001,0.3900272499999987
7,8925703946,dota2-yes-tr7-2026-08-02-game2,2026-08-02T11:58:57.158000+00:00,0.0,0.0,0.0
7,8925847726,dota2-yes-tr7-2026-08-02,2026-08-02T13:17:43.701000+00:00,2.7382602299999803,0.98970551751675,3.7279657475167305
7,8926022375,dota2-rnx-yb1-2026-08-02-game1,2026-08-02T15:09:53.856000+00:00,20.704500000000024,0.8697062624999998,21.574206262500024
7,8926232913,dota2-rnx-yb1-2026-08-02-game2,2026-08-02T16:42:19.665000+00:00,4.166,2.58262206,6.748622060000001
7,8926381426,dota2-rnx-yb1-2026-08-02,2026-08-02T18:14:10.009000+00:00,0.04817738000008376,1.5209034983969998,1.5690808783970835
7,8926523280,dota2-z10-lgd-2026-08-02-game1,2026-08-02T19:59:32.068000+00:00,0.0,0.0,0.0
7,8926636219,dota2-z10-lgd-2026-08-02-game2,2026-08-02T21:07:31.416000+00:00,-16.667,0.556261125,-16.110738875000003
7,8927063876,dota2-glyph-playti-2026-08-03-game2,2026-08-03T06:55:36.873000+00:00,78.0119,1.6019590125,79.6138590125
7,8927132943,dota2-glyph-playti-2026-08-03,2026-08-03T08:27:35.152000+00:00,14.719200000000026,1.3606828499999999,16.079882850000025
7,8927207054,dota2-xtreme-tr7-2026-08-03-game1,2026-08-03T10:00:05.212000+00:00,17.398599999999988,1.776121305,19.174721304999988
7,8927288399,dota2-xtreme-tr7-2026-08-03-game2,2026-08-03T11:00:48.642000+00:00,7.6007981200000145,0.844456278834,8.445254398834015
7,8927380776,dota2-xtreme-tr7-2026-08-03,2026-08-03T12:15:30.661000+00:00,6.134899999999982,3.7674325425,9.902332542499982
7,8927539264,dota2-vg-yb1-2026-08-03-game1,2026-08-03T14:05:56.825000+00:00,13.0,0.25522500000000004,13.255225
7,8927660975,dota2-vg-yb1-2026-08-03-game2,2026-08-03T15:05:20.968000+00:00,-2.264200899999963,0.8460442632449999,-1.4181566367549632
7,8927760296,dota2-vg-yb1-2026-08-03,2026-08-03T16:18:19.713000+00:00,29.599999999999998,1.9586700000000001,31.55867
7,8927926397,dota2-re-lgd-2026-08-03-game1,2026-08-03T18:09:03.381000+00:00,3.0845999999999805,0.49461561,3.5792156099999803
7,8928050264,dota2-re-lgd-2026-08-03-game2,2026-08-03T19:19:18.313000+00:00,9.500000000000028,0.5533275,10.053327500000028
7,8928163118,dota2-re-lgd-2026-08-03,2026-08-03T20:43:38.722000+00:00,-44.287700720000004,2.3286887751239997,-41.959011944876
7,8928851109,dota2-playti-tr7-2026-08-04-game1,2026-08-04T11:30:07.829000+00:00,-3.5612220899999976,0.74853337106175,-2.8126887189382477
7,8928953683,dota2-playti-tr7-2026-08-04-game2,2026-08-04T12:46:11.879000+00:00,12.00063007999995,1.115997353664,13.11662743366395
7,8929124210,dota2-yb1-re-2026-08-04-game1,2026-08-04T14:38:55.576000+00:00,0.0,0.0,0.0
7,8929276426,dota2-yb1-re-2026-08-04-game2,2026-08-04T15:54:25.550000+00:00,9.771900000000016,1.0329154875,10.804815487500017
7,8929365099,dota2-yb1-re-2026-08-04,2026-08-04T16:51:08.308000+00:00,-23.524399999999996,1.746909105,-21.777490894999996
7,8930200713,dota2-tr7-re-2026-08-05-game1,2026-08-05T08:20:38.811000+00:00,-3.7036999999999978,1.3819430625,-2.321756937499998
7,8930258778,dota2-tr7-re-2026-08-05-game2,2026-08-05T09:25:42.941000+00:00,41.359696379999974,1.659353172489,43.01904955248897
7,8930398938,dota2-playti-yb1-2026-08-05-game1,2026-08-05T12:24:04.133000+00:00,4.511097820000003,2.1827281974315,6.693826017431503
7,8930615242,dota2-playti-yb1-2026-08-05-game2,2026-08-05T14:02:56.166000+00:00,93.11839999999998,0.48600383999999996,93.60440383999997
7,8930736914,dota2-playti-yb1-2026-08-05-game3,2026-08-05T15:09:49.519000+00:00,0.8030992800000014,0.167074745124,0.9701740251240014
7,8931781241,dota2-lvlup1-rearis-2026-08-06-game1,2026-08-06T09:28:03.156000+00:00,0.5,0.10592249999999999,0.6059225
7,8931852727,dota2-lvlup1-rearis-2026-08-06-game2,2026-08-06T10:30:33.624000+00:00,-8.932048759999986,0.613122440391,-8.318926319608986
7,8931981851,dota2-rearis-nh-2026-08-06-game1,2026-08-06T12:26:15.226000+00:00,29.04000000000002,0.7775459999999998,29.81754600000002
7,8932085762,dota2-rearis-nh-2026-08-06-game2,2026-08-06T13:20:21.204000+00:00,-0.4601018800000034,0.089720898129,-0.37038098187100343
7,8932181345,dota2-rearis-nh-2026-08-06,2026-08-06T14:22:22.478000+00:00,5.57118373000003,0.53629329365475,6.10747702365478
7,8932318084,dota2-nh-lvlup1-2026-08-06-game1,2026-08-06T15:34:15.395000+00:00,-1.932,0.005796,-1.926204
7,8932413808,dota2-nh-lvlup1-2026-08-06-game2,2026-08-06T16:23:29.211000+00:00,0.0,0.0813618,0.0813618
7,8932523868,dota2-nh-lvlup1-2026-08-06,2026-08-06T17:36:18.454000+00:00,-0.09698079999999898,0.03748140444,-0.05949939555999898
7,8932657929,dota2-ill-pr1-2026-08-06-game1,2026-08-06T19:12:10.345000+00:00,9.389596060000002,0.6168696693854999,10.006465729385502
7,8932835800,dota2-ill-pr1-2026-08-06,2026-08-06T21:22:55.783000+00:00,-15.0475,1.6618572375,-13.3856427625
7,8933374169,dota2-nh-z10-2026-08-07-game1,2026-08-07T09:29:47.916000+00:00,-7.518000000000001,0.10576215,-7.41223785
7,8933453728,dota2-nh-z10-2026-08-07-game2,2026-08-07T10:40:19.376000+00:00,0.0,0.0185625,0.0185625
7,8933575351,dota2-ill-stx-2026-08-07-game1,2026-08-07T12:33:02.695000+00:00,0.0,0.0,0.0
7,8933704579,dota2-ill-stx-2026-08-07-game2,2026-08-07T13:44:43.178000+00:00,0.051600000000000534,0.25903696499999995,0.3106369650000005
7,8933879286,dota2-pr1-jenz-2026-08-07-game1,2026-08-07T15:25:51.002000+00:00,-40.57159999999999,1.1604260100000001,-39.41117398999999
7,8933988979,dota2-pr1-jenz-2026-08-07-game2,2026-08-07T16:29:38.697000+00:00,17.123847139999956,1.3962805292445,18.520127669244456
7,8934184387,dota2-jenz-nemiga-2026-08-07-game1,2026-08-07T18:35:03.983000+00:00,0.0,0.0,0.0
7,8934279386,dota2-jenz-nemiga-2026-08-07-game2,2026-08-07T19:33:30.612000+00:00,0.0,0.0,0.0
7,8936825643,dota2-pr1-yes-2026-08-09-game1,2026-08-09T09:22:32.992000+00:00,0.6074599300000001,0.03220466524275,0.6396645952427501
7,8937080738,dota2-pr1-yes-2026-08-09,2026-08-09T12:20:23.208000+00:00,35.238921250000004,1.62892299515625,36.867844245156256
7,8937188618,dota2-lvlup1-mouz-2026-08-09-game1,2026-08-09T13:17:49.636000+00:00,-2.100000000000005,1.5859563899999998,-0.5140436100000052
7,8937335830,dota2-lvlup1-mouz-2026-08-09-game2,2026-08-09T14:27:35.299000+00:00,-0.32806346999999647,0.10438199756774999,-0.22368147243224648
7,8937484593,dota2-ill-re-2026-08-09-game1,2026-08-09T15:55:00.679000+00:00,-6.863399999999999,0.39953384999999997,-6.4638661499999985
7,8937631882,dota2-ill-re-2026-08-09-game2,2026-08-09T17:12:21.447000+00:00,1.4000000000000004,0.03243,1.4324300000000003
7,8937722788,dota2-z10-navi-2026-08-09-game1,2026-08-09T18:17:16.930000+00:00,-46.56199999999997,1.64089833,-44.92110166999997
7,8938509987,dota2-pr1-mouz-2026-08-10-game1,2026-08-10T09:24:47.767000+00:00,-0.9000000000000021,0.1083375,-0.7916625000000022
7,8938565057,dota2-pr1-mouz-2026-08-10-game2,2026-08-10T10:12:07.159000+00:00,-72.36189999999999,2.8014531975,-69.5604468025
7,8938634026,dota2-pr1-mouz-2026-08-10,2026-08-10T11:15:54.851000+00:00,-71.96600000000001,3.3650725649999997,-68.600927435
7,8938716198,dota2-ill-z10-2026-08-10-game1,2026-08-10T12:25:50.383000+00:00,-0.002957999999999572,0.07621787564999999,0.07325987565000042
7,8939023869,dota2-yes-lvlup1-2026-08-10-game1,2026-08-10T15:24:37.289000+00:00,19.99980000000008,1.1609883899999998,21.16078839000008
7,8940059913,dota2-lvlup1-navi-2026-08-11-game1,2026-08-11T09:16:02.605000+00:00,15.584399999999988,0.61986951,16.20426950999999
7,8940117837,dota2-lvlup1-navi-2026-08-11-game2,2026-08-11T10:12:11.551000+00:00,17.963999999999995,1.98879852,19.952798519999995
7,8940266495,dota2-mouz-re-2026-08-11-game1,2026-08-11T12:16:13.042000+00:00,0.14724999999999877,1.46995894875,1.6172089487499988
7,8940365227,dota2-mouz-re-2026-08-11-game2,2026-08-11T13:12:04.281000+00:00,0.2400000000000002,0.020942999999999996,0.2609430000000002
7,8940487898,dota2-mouz-re-2026-08-11,2026-08-11T14:25:06.999000+00:00,0.6840380000000046,0.12860392035,0.8126419203500046
7,8940643574,dota2-yes-z10-2026-08-11-game1,2026-08-11T15:45:57.067000+00:00,2.8854999999999933,1.6823973375000003,4.567897337499994
7,8940756672,dota2-yes-z10-2026-08-11-game2,2026-08-11T16:48:25.758000+00:00,0.9970075199999968,0.317899932516,1.314907452515997
7,8941656460,dota2-lvlup1-re-2026-08-12-game1,2026-08-12T09:19:34.658000+00:00,-13.299999999999983,0.6114674999999999,-12.688532499999983
7,8941733752,dota2-lvlup1-re-2026-08-12-game2,2026-08-12T10:35:42.245000+00:00,3.4480702000000103,1.2250464231,4.67311662310001
7,8941817475,dota2-lvlup1-re-2026-08-12,2026-08-12T11:50:26.039000+00:00,13.559200000000004,1.20761625,14.766816250000005
7,8942003788,dota2-navi-lvlup1-2026-08-12-game1,2026-08-12T13:42:36.457000+00:00,0.20000000000000018,0.025724999999999998,0.22572500000000018
7,8942152024,dota2-navi-lvlup1-2026-08-12-game2,2026-08-12T14:50:30.897000+00:00,0.6999999999999957,0.15156750000000002,0.8515674999999958
7,8942262723,dota2-navi-lvlup1-2026-08-12-game3,2026-08-12T15:53:47.795000+00:00,2.842170943040401e-14,0.5099918400000001,0.5099918400000285
7,8962372120,dota2-ic-nemiga-2026-08-24-game1,2026-08-24T07:17:08.649000+00:00,0.0,0.0,0.0
7,8962458373,dota2-ic-nemiga-2026-08-24-game2,2026-08-24T08:26:45.454000+00:00,0.9916000000000036,0.24116880000000002,1.2327688000000037
7,8962592819,dota2-ks-lynx-2026-08-24-game1,2026-08-24T10:19:27.562000+00:00,-31.228054519999972,1.590777953073,-29.63727656692697
7,8962736746,dota2-ks-lynx-2026-08-24-game2,2026-08-24T11:33:18.452000+00:00,8.522403849999993,0.43583369608125,8.958237546081243
7,8962964580,dota2-sb5-stx-2026-08-24-game1,2026-08-24T13:25:23.881000+00:00,1.3244438399999998,0.006754663584,1.3311985035839997
7,8963508714,dota2-rearis-lynx-2026-08-24-game2,2026-08-24T17:37:20.349000+00:00,-5.003826560000011,1.131104075148,-3.872722484852011
7,8963649188,dota2-dynast1-fts-2026-08-24-game1,2026-08-24T19:15:00.848000+00:00,17.1,0.20783249999999998,17.3078325
7,8963790789,dota2-dynast1-fts-2026-08-24-game2,2026-08-24T20:20:45.642000+00:00,0.6541999999999994,0.119037435,0.7732374349999994
7,8964399842,dota2-pckcp-nemiga-2026-08-25-game1,2026-08-25T07:22:10.248000+00:00,-29.80350198999999,1.34763110871075,-28.45587088128924
7,8964480771,dota2-pckcp-nemiga-2026-08-25-game2,2026-08-25T08:31:41.723000+00:00,9.569570680000009,0.39198463213199997,9.96155531213201
7,8964574076,dota2-pckcp-nemiga-2026-08-25,2026-08-25T09:52:05.670000+00:00,1.452054910000001,0.50667854762475,1.958733457624751
7,8964657335,dota2-fts-pckcp-2026-08-25-game1,2026-08-25T10:52:11.864000+00:00,0.0,0.0,0.0
7,8964837315,dota2-fts-pckcp-2026-08-25-game2,2026-08-25T12:34:06.314000+00:00,-3.721491499999985,2.049718859625,-1.6717726403749849
7,8964962329,dota2-ic-fts-2026-08-25-game1,2026-08-25T13:50:36.471000+00:00,13.292722239999994,2.3093885642415,15.602110804241494
7,8965097316,dota2-ic-fts-2026-08-25-game2,2026-08-25T14:41:01.046000+00:00,-20.0,0.5238,-19.4762
7,8964938940,dota2-rearis-spirit1-2026-08-25-game1,2026-08-25T16:23:39.394000+00:00,0.30000000000000426,0.8535375,1.153537500000004
7,8965544741,dota2-rearis-spirit1-2026-08-25,2026-08-25T18:44:21.316000+00:00,-23.253388880000013,1.066320827472,-22.187068052528012
7,8969842778,dota2-pckcp-ic-2026-08-28-game2,2026-08-28T08:21:21.985000+00:00,7.839999999999996,0.359856,8.199855999999997
7,8969978865,dota2-rearis-sb5-2026-08-28-game1,2026-08-28T10:27:01.322000+00:00,0.0,0.0,0.0
7,8970089224,dota2-rearis-sb5-2026-08-28-game2,2026-08-28T11:41:09.553000+00:00,5.0,0.57675,5.57675
7,8970207176,dota2-rearis-sb5-2026-08-28,2026-08-28T12:56:49.576000+00:00,4.759916360000005,0.3704788169789999,5.130395176979006
7,8970338180,dota2-synaps-nemiga-2026-08-28-game1,2026-08-28T14:09:13.367000+00:00,-3.9684000000000026,1.29198105,-2.6764189500000026
7,8970352005,dota2-dynast1-ic-2026-08-28-game1,2026-08-28T14:10:35.964000+00:00,-2.3254423000000024,0.086131756755,-2.2393105432450024
7,8970470057,dota2-synaps-nemiga-2026-08-28-game2,2026-08-28T15:09:53.245000+00:00,26.55988485000001,0.32580453044625,26.88568938044626
7,8970485789,dota2-dynast1-ic-2026-08-28-game2,2026-08-28T15:14:26.848000+00:00,-1.83,0.11396325,-1.71603675
7,8970575970,dota2-synaps-nemiga-2026-08-28,2026-08-28T16:02:11.965000+00:00,14.726199439999975,0.8704240224705,15.596623462470475
7,8970655100,dota2-dynast1-ic-2026-08-28,2026-08-28T16:43:34.585000+00:00,-18.179999999999993,0.7112925,-17.468707499999994
7,8970886632,dota2-dynast1-pckcp-2026-08-28-game2,2026-08-28T18:51:22.084000+00:00,1.7189090000000098,1.227530893125,2.9464398931250098
7,8971007454,dota2-ks-rearis-2026-08-28-game1,2026-08-28T20:11:41.712000+00:00,-32.220000399999996,1.96731377772,-30.252686622279995
7,8971016820,dota2-fts-nemiga-2026-08-28-game1,2026-08-28T20:17:43.711000+00:00,-0.050000000000000266,0.018071249999999997,-0.03192875000000027
7,8971111987,dota2-ks-rearis-2026-08-28-game2,2026-08-28T21:24:47.695000+00:00,8.640000000000015,0.25654499999999997,8.896545000000014
7,8971423978,dota2-db2-satan-2026-08-28-game2,2026-08-29T03:20:55.120000+00:00,0.0,0.0,0.0
7,8971501630,dota2-nexus-cres-2026-08-28,2026-08-29T04:51:09.441000+00:00,-16.963901240000034,1.771773872802,-15.192127367198033
7,8971519375,dota2-nem-6seven-2026-08-29-game1,2026-08-29T05:14:15.579000+00:00,-8.2406,0.23935375499999997,-8.001246245
7,8971586781,dota2-nem-6seven-2026-08-29-game2,2026-08-29T06:13:46.689000+00:00,-1.5,0.0914175,-1.4085825
7,8971664649,dota2-nem-6seven-2026-08-29,2026-08-29T07:24:10.704000+00:00,-0.00045899999999932106,0.17765726355,0.17719826355000068
7,8971753986,dota2-icecre-kineti-2026-08-29-game1,2026-08-29T08:38:12.829000+00:00,0.0,0.0,0.0
7,8971849697,dota2-icecre-kineti-2026-08-29-game2,2026-08-29T09:43:14.699000+00:00,-1.7956428799999955,0.297859671312,-1.4977832086879954
7,8971891627,dota2-dynast1-nemiga-2026-08-29-game1,2026-08-29T10:17:49.464000+00:00,8.979800000000012,0.1947741,9.174574100000012
7,8971964803,dota2-mouz-yes-2026-08-29-game1,2026-08-29T11:13:49.271000+00:00,-11.387499999999989,1.6041714375,-9.783328562499989
7,8971988345,dota2-sb5-lynx-2026-08-29-game1,2026-08-29T11:21:30.742000+00:00,4.424999999999995,0.102283875,4.527283874999996
7,8972103119,dota2-sb5-lynx-2026-08-29-game2,2026-08-29T12:31:54.536000+00:00,-12.05757539999999,0.501559591635,-11.55601580836499
7,8972115962,dota2-mouz-yes-2026-08-29-game2,2026-08-29T12:36:59.931000+00:00,-11.810000000000002,0.6266998275,-11.183300172500003
7,8972289868,dota2-huliga-lynx-2026-08-29-game1,2026-08-29T14:15:10.550000+00:00,-3.965077339999997,0.209837881071,-3.755239458928997
7,8972502454,dota2-huliga-lynx-2026-08-29-game2,2026-08-29T15:52:19.963000+00:00,-10.673664800000001,1.8113805244799999,-8.86228427552
7,8972611918,dota2-huliga-lynx-2026-08-29,2026-08-29T16:49:36.587000+00:00,7.3215,0.8988971625000001,8.220397162500001
7,8972773416,dota2-pi-lvlup1-2026-08-29-game1,2026-08-29T18:17:23.637000+00:00,2.911200000000001,0.34082873999999996,3.252028740000001
7,8972893200,dota2-pi-lvlup1-2026-08-29-game2,2026-08-29T19:20:53.860000+00:00,0.532,0.0948822,0.6268822000000001
7,8973011673,dota2-pi-lvlup1-2026-08-29,2026-08-29T20:33:12.059000+00:00,1.2975000000000065,0.3327220125,1.6302220125000066
7,8973010298,dota2-ks-spirit1-2026-08-29-game1,2026-08-29T20:38:42.759000+00:00,-44.55000000000001,0.41098724999999997,-44.13901275000001
7,8973337131,dota2-icecre-xctn-2026-08-30-game1,2026-08-30T02:14:49.254000+00:00,-29.48820000000002,1.792619955,-27.69558004500002
7,8973405568,dota2-icecre-xctn-2026-08-30-game2,2026-08-30T03:19:55.483000+00:00,-14.091304749999999,0.41764928716875,-13.673655462831249
7,8973462028,dota2-icecre-xctn-2026-08-30,2026-08-30T04:30:11.988000+00:00,6.360600000000005,1.1902272749999998,7.550827275000005
7,8973502629,dota2-clo-yb1-2026-08-30-game1,2026-08-30T05:13:07.837000+00:00,2.200000000000001,0.06519,2.265190000000001
7,8973568453,dota2-clo-yb1-2026-08-30-game2,2026-08-30T06:12:50.377000+00:00,0.15268528999999909,0.04962644358224999,0.20231173358224908
7,8973613420,dota2-clo-yb1-2026-08-30,2026-08-30T07:04:46.677000+00:00,4.512323299999991,0.2190583860375,4.7313816860374915
7,8973707438,dota2-lynx-lvlup1-2026-08-30-game1,2026-08-30T08:16:36.050000+00:00,17.01849999999999,1.3635555825,18.382055582499987
7,8973859403,dota2-lynx-lvlup1-2026-08-30-game2,2026-08-30T09:56:31.353000+00:00,0.7971999999999966,0.36877709999999997,1.1659770999999965
7,8973884000,dota2-nem-xctn-2026-08-30-game2,2026-08-30T10:12:32.710000+00:00,7.880546079999981,0.47044936220699995,8.350995442206981
7,8973944033,dota2-lynx-lvlup1-2026-08-30,2026-08-30T10:50:43.696000+00:00,4.894685440000009,1.7365600980480003,6.6312455380480095
7,8974185539,dota2-navi-mouz-2026-08-30-game2,2026-08-30T13:08:29.090000+00:00,4.065093339999992,1.121759403441,5.1868527434409915
7,8974647733,dota2-lvlup1-pr1-2026-08-30-game1,2026-08-30T17:09:16.077000+00:00,-9.357400000000002,1.2252418800000002,-8.132158120000001
7,8974898633,dota2-lvlup1-pr1-2026-08-30,2026-08-30T19:25:58.777000+00:00,-6.349199999999996,1.1214274499999999,-5.2277725499999965
7,8975110449,dota2-dynast1-ks-2026-08-30-game2,2026-08-30T21:54:27.706000+00:00,0.0,0.0,0.0
7,8975871235,dota2-synaps-lynx-2026-08-31-game1,2026-08-31T12:26:44.788000+00:00,-0.12440000000000007,0.02218674,-0.10221326000000007
7,8976012755,dota2-synaps-lynx-2026-08-31-game2,2026-08-31T13:41:35.303000+00:00,9.230700000000013,1.2421784625,10.472878462500013
7,8976166971,dota2-synaps-lynx-2026-08-31,2026-08-31T15:09:07.826000+00:00,21.087799999999987,2.19104895,23.278848949999986
7,8976300473,dota2-4iki-ic-2026-08-31-game1,2026-08-31T16:25:39.940000+00:00,1.5614999999999881,1.2259051874999998,2.7874051874999877
7,8976441468,dota2-4iki-ic-2026-08-31-game2,2026-08-31T17:43:06.122000+00:00,29.856688199999944,0.9102953123699999,30.766983512369944
7,8976511215,dota2-4iki-ic-2026-08-31,2026-08-31T18:29:54.020000+00:00,87.51992465999999,2.4693265424865,89.98925120248649
7,8976665322,dota2-spirit1-pi-2026-08-31-game1,2026-08-31T20:26:57.494000+00:00,8.95260000000006,1.435450485,10.388050485000061
7,8976751962,dota2-spirit1-pi-2026-08-31-game2,2026-08-31T21:40:17.685000+00:00,0.0,0.0,0.0
7,8977325814,dota2-ks-pckcp-2026-09-01-game2,2026-09-01T10:26:27.059000+00:00,0.0959996599999986,0.03674399793449999,0.1327436579344986
7,8977476867,dota2-ic-lynx-2026-09-01-game1,2026-09-01T12:26:04.131000+00:00,-0.9155790399999999,0.172235834544,-0.7433432054559999
7,8977623650,dota2-ic-lynx-2026-09-01-game2,2026-09-01T13:53:28.128000+00:00,3.134199999999982,1.7654883749999999,4.899688374999982
7,8977913355,dota2-synaps-lvlup1-2026-09-01-game2,2026-09-01T16:37:59.217000+00:00,6.974841440000006,0.519923610612,7.494765050612006
7,8978023576,dota2-synaps-lvlup1-2026-09-01,2026-09-01T17:45:54.185000+00:00,0.5761261399999995,0.09560631834299999,0.6717324583429995
7,8978832148,dota2-pr1-ic-2026-09-02-game1,2026-09-02T09:52:32.767000+00:00,48.05822395,0.9549551084362501,49.01317905843625
7,8978916284,dota2-pr1-ic-2026-09-02-game2,2026-09-02T11:19:11.539000+00:00,4.518000000000001,0.6973533000000001,5.2153533
7,8978986214,dota2-pr1-ic-2026-09-02,2026-09-02T12:20:55.440000+00:00,-3.72829999999999,0.8221643625,-2.90613563749999
7,8979131280,dota2-dynast1-pckcp-2026-09-02-game1,2026-09-02T13:56:13.878000+00:00,0.0,0.0,0.0
7,8979241530,dota2-dynast1-pckcp-2026-09-02-game2,2026-09-02T14:56:18.245000+00:00,12.443200229999983,0.60315559356825,13.046355823568232
7,8979344496,dota2-synaps-4iki-2026-09-02-game1,2026-09-02T15:59:27.587000+00:00,3.6066800000000114,2.5426331909999997,6.149313191000012
7,8980293569,dota2-z10-ks-2026-09-03-game1,2026-09-03T09:18:42.909000+00:00,-5.633349879999997,0.8868986356290001,-4.746451244370997
7,8980358113,dota2-z10-ks-2026-09-03-game2,2026-09-03T10:27:20.250000+00:00,8.458321200000015,0.8798671853999999,9.338188385400015
7,8980463789,dota2-pckcp-spirit1-2026-09-03-game1,2026-09-03T12:14:02.762000+00:00,12.530452399999987,0.60258699774,13.133039397739987
7,8980769413,dota2-pi-dynast1-2026-09-03-game1,2026-09-03T15:17:23.998000+00:00,6.800000000000004,0.11528999999999998,6.915290000000004
8,8837869969,dota2-aur1-ty-2026-06-04-game1,2026-06-04T09:17:47.612000+00:00,31.194981199999965,2.91629696655,34.111278166549965
8,8837957019,dota2-aur1-ty-2026-06-04-game2,2026-06-04T11:05:49.570000+00:00,-83.11619999999998,5.39149293,-77.72470706999998
8,8838056564,dota2-flc-liquid-2026-06-04-game1,2026-06-04T12:43:48.535000+00:00,-41.59349999999995,1.5379228425,-40.05557715749995
8,8838170936,dota2-flc-liquid-2026-06-04-game2,2026-06-04T14:05:12.636000+00:00,-27.347399999999993,2.7836529299999997,-24.563747069999994
8,8838396820,dota2-lgd-ty-2026-06-04-game2,2026-06-04T16:48:28.531000+00:00,-9.393700000000024,2.5622057925,-6.831494207500024
8,8838480778,dota2-lgd-ty-2026-06-04,2026-06-04T17:57:47.377000+00:00,-35.09850043000003,2.15162198033925,-32.94687844966078
8,8839123109,dota2-flc-bb4-2026-06-05-game1,2026-06-05T09:16:39.267000+00:00,4.658000000000058,1.6262456699999999,6.2842456700000575
8,8839193447,dota2-flc-bb4-2026-06-05-game2,2026-06-05T10:38:10.594000+00:00,-2.5305000000000177,2.3327595975,-0.1977404025000178
8,8839366504,dota2-lgd-liquid-2026-06-05-game2,2026-06-05T13:21:18.066000+00:00,-20.319699999999955,1.2565655924999999,-19.063134407499955
8,8839494962,dota2-flc-aur1-2026-06-05-game1,2026-06-05T14:52:18.684000+00:00,3.200000000000003,0.1389,3.338900000000003
8,8839625815,dota2-flc-aur1-2026-06-05-game2,2026-06-05T16:13:53.150000+00:00,5.3922000000000025,1.0042048350000001,6.396404835000003
8,8839717574,dota2-flc-aur1-2026-06-05,2026-06-05T17:21:15.591000+00:00,8.269249000000059,1.15436792745,9.423616927450059
8,8840635639,dota2-ty-bb4-2026-06-06-game1,2026-06-06T10:47:49.658000+00:00,0.0,0.0,0.0
8,8840704374,dota2-ty-bb4-2026-06-06-game2,2026-06-06T11:51:44.485000+00:00,13.363199999999887,3.73684437,17.100044369999885
8,8840821227,dota2-ty-bb4-2026-06-06,2026-06-06T13:12:37.368000+00:00,6.130000000000024,1.4688183749999997,7.5988183750000236
8,8840984097,dota2-aur1-lgd-2026-06-06-game1,2026-06-06T15:05:33.978000+00:00,-1.797965920000017,0.845760963468,-0.9522049565320171
8,8841114801,dota2-aur1-lgd-2026-06-06-game2,2026-06-06T16:30:29.855000+00:00,-24.250601400000036,1.435543749627,-22.815057650373035
8,8842052142,dota2-bb4-lgd-2026-06-07-game1,2026-06-07T09:18:04.694000+00:00,75.03699999999995,2.760469665,77.79746966499995
8,8842134886,dota2-bb4-lgd-2026-06-07-game2,2026-06-07T10:28:41.168000+00:00,-13.363036550000016,1.83461045818125,-11.528426091818766
8,8842245726,dota2-bb4-lgd-2026-06-07,2026-06-07T11:59:53.564000+00:00,10.499999999999986,0.5394375,11.039437499999986
8,8842468101,dota2-ty-lgd-2026-06-07-game1,2026-06-07T14:21:40.854000+00:00,-59.31355522999999,1.05540115481025,-58.25815407518974
8,8842596730,dota2-ty-lgd-2026-06-07-game2,2026-06-07T15:49:20.066000+00:00,-9.393200000000007,0.86844402,-8.524755980000007
8,8842722527,dota2-ty-lgd-2026-06-07-game3,2026-06-07T17:12:22.566000+00:00,42.69209425000001,1.16862297199875,43.86071722199876
8,8842845018,dota2-ty-lgd-2026-06-07-game4,2026-06-07T18:51:58.999000+00:00,0.0,0.0,0.0
8,8843465364,dota2-4iki-nande4-2026-06-08-game1,2026-06-08T09:15:08.776000+00:00,-41.92518444000001,1.5369039138179998,-40.38828052618201
8,8843512570,dota2-4iki-nande4-2026-06-08-game2,2026-06-08T10:09:45.609000+00:00,-0.34000000000000163,0.052479,-0.28752100000000164
8,8843560379,dota2-4iki-nande4-2026-06-08,2026-06-08T11:10:54.138000+00:00,-12.833200000000005,1.2714026999999999,-11.561797300000006
8,8843760302,dota2-vpp-balu-2026-06-08-game2,2026-06-08T13:42:26.324000+00:00,0.0,0.0,0.0
8,8844054970,dota2-z10-sb5-2026-06-08-game2,2026-06-08T17:08:41.204000+00:00,0.0,0.0,0.0
8,8844132483,dota2-vpp-z10-2026-06-08-game1,2026-06-08T18:23:01.210000+00:00,-0.5399999999999991,0.0571725,-0.48282749999999913
8,8844244719,dota2-vpp-z10-2026-06-08-game2,2026-06-08T19:45:42.908000+00:00,10.116000000000005,0.3076905,10.423690500000005
8,8844308689,dota2-vpp-z10-2026-06-08,2026-06-08T20:50:38.757000+00:00,122.5804,0.56999886,123.15039886
8,8850534819,dota2-ill-pr1-2026-06-13-game2,2026-06-13T17:10:42.502000+00:00,-20.37700000000001,1.2851235749999999,-19.09187642500001
8,8850593633,dota2-ill-pr1-2026-06-13,2026-06-13T18:00:57.551000+00:00,0.0,0.0,0.0
8,8851984783,dota2-4iki-pr1-2026-06-14-game2,2026-06-14T16:46:25.798000+00:00,-33.80899999999997,1.727361675,-32.08163832499997
8,8852055373,dota2-4iki-pr1-2026-06-14,2026-06-14T17:46:02.690000+00:00,-1.1711326000000102,1.579655232525,0.40852263252498977
8,8854443395,dota2-fla-spirit1-2026-06-16-game1,2026-06-16T16:31:44.570000+00:00,-2.0,0.11019,-1.88981
8,8885183102,dota2-flc-bb4-2026-07-07-game1,2026-07-07T09:47:24.433000+00:00,-8.254999999999995,0.197881875,-8.057118124999995
8,8885195986,dota2-re-xtreme-2026-07-07-game1,2026-07-07T09:55:03.037000+00:00,39.6156,0.5192059499999999,40.13480595
8,8885252329,dota2-flc-bb4-2026-07-07-game2,2026-07-07T11:01:59.599000+00:00,-21.340199999999985,2.672038575,-18.668161424999987
8,8885275216,dota2-re-xtreme-2026-07-07-game2,2026-07-07T11:16:11.813000+00:00,-10.140432999999973,0.8986567706249999,-9.241776229374974
8,8885365825,dota2-l1ga-ngx-2026-07-07-game1,2026-07-07T12:34:49.112000+00:00,-4.919999999999998,0.10332,-4.816679999999998
8,8885380529,dota2-liquid-playti-2026-07-07-game1,2026-07-07T12:43:07.045000+00:00,-17.310525750000032,1.8327371371312502,-15.477788612868782
8,8885411801,dota2-lvlup1-aur1-2026-07-07-game1,2026-07-07T13:06:28.530000+00:00,0.0,0.0,0.0
8,8885470551,dota2-l1ga-ngx-2026-07-07-game2,2026-07-07T13:39:34.570000+00:00,15.234015,0.685756254375,15.919771254375
8,8885473599,dota2-liquid-playti-2026-07-07-game2,2026-07-07T13:52:27.923000+00:00,-8.364817439999982,1.700023673628,-6.664793766371981
8,8885529711,dota2-lvlup1-aur1-2026-07-07-game2,2026-07-07T14:23:52.590000+00:00,0.9879999999999995,0.017450549999999995,1.0054505499999995
8,8885633666,dota2-ts8-mouz-2026-07-07-game1,2026-07-07T15:33:28.678000+00:00,-8.66360000000003,2.62609227,-6.037507730000031
8,8885665054,dota2-nem-pari-2026-07-07-game1,2026-07-07T15:41:38.548000+00:00,20.253311039999943,0.629284018776,20.882595058775944
8,8885784652,dota2-ts8-mouz-2026-07-07-game2,2026-07-07T17:16:32.961000+00:00,-3.760426479999971,3.2166766151159996,-0.5437498648839716
8,8885871759,dota2-ic-1win-2026-07-07-game1,2026-07-07T18:31:07.999000+00:00,0.0,0.0,0.0
8,8885928262,dota2-ty-og-2026-07-07-game1,2026-07-07T19:03:44.444000+00:00,45.298400000000015,0.4075044749999999,45.70590447500002
8,8885974297,dota2-ic-1win-2026-07-07-game2,2026-07-07T19:32:14.446000+00:00,0.0,0.0,0.0
8,8886005043,dota2-ty-og-2026-07-07-game2,2026-07-07T20:03:05.981000+00:00,-0.24080000000000013,0.06860994,-0.17219006000000014
8,8886576019,dota2-poorra-bb4-2026-07-08-game1,2026-07-08T09:20:01.472000+00:00,-20.0,0.6779999999999999,-19.322
8,8886572854,dota2-gl-xtreme-2026-07-08-game1,2026-07-08T09:27:27.007000+00:00,-52.17359999999999,1.54172988,-50.631870119999995
8,8886638110,dota2-poorra-bb4-2026-07-08-game2,2026-07-08T10:36:00.005000+00:00,3.7974000000000316,0.8580550349999999,4.655455035000031
8,8886640910,dota2-flc-re-2026-07-08-game2,2026-07-08T10:39:41.623000+00:00,31.458133070000002,0.8274576117577499,32.28559068175775
8,8886641793,dota2-gl-xtreme-2026-07-08-game2,2026-07-08T10:45:04.782000+00:00,56.620598359999995,1.7286767197319999,58.349275079731996
8,8886728756,dota2-l1ga-playti-2026-07-08-game1,2026-07-08T12:02:19.795000+00:00,-0.0900000000000003,0.09291225,0.0029122499999997
8,8886736772,dota2-liquid-lvlup1-2026-07-08-game1,2026-07-08T12:08:59.488000+00:00,0.0,0.0,0.0
8,8886788497,dota2-ngx-aur1-2026-07-08-game1,2026-07-08T12:47:30.744000+00:00,21.890001000000012,0.38193074325,22.27193174325001
8,8886815251,dota2-l1ga-playti-2026-07-08-game2,2026-07-08T13:04:20.712000+00:00,77.7784,0.42000335999999994,78.19840336
8,8886862310,dota2-liquid-lvlup1-2026-07-08-game2,2026-07-08T13:37:25.898000+00:00,7.391199999999998,0.053216640000000044,7.444416639999998
8,8886994890,dota2-ts8-nem-2026-07-08-game1,2026-07-08T14:59:11.781000+00:00,-0.09999999999999964,0.0196425,-0.08035749999999964
8,8887100676,dota2-vg-pari-2026-07-08-game1,2026-07-08T16:18:23.954000+00:00,2.3195240000000297,0.34498574880000005,2.6645097488000298
8,8887114313,dota2-ts8-nem-2026-07-08-game2,2026-07-08T16:15:19.583000+00:00,-0.7380000000000031,0.062194949999999985,-0.6758050500000031
8,8887197358,dota2-vg-pari-2026-07-08-game2,2026-07-08T17:23:00.102000+00:00,0.0,0.0,0.0
8,8887218598,dota2-lgd-og-2026-07-08-game1,2026-07-08T17:27:41.870000+00:00,17.027800000000013,0.61947687,17.647276870000013
8,8887260104,dota2-ty-ic-2026-07-08-game1,2026-07-08T17:58:24.214000+00:00,-4.0839969499999995,0.55904428147125,-3.5249526685287496
8,8887314193,dota2-lgd-og-2026-07-08-game2,2026-07-08T18:40:30.736000+00:00,-38.88091371999997,1.1564776026239998,-37.724436117375966
8,8887325211,dota2-vp-1win-2026-07-08-game1,2026-07-08T18:51:24.334000+00:00,-31.330400000000026,3.78592455,-27.544475450000025
8,8887337672,dota2-ty-ic-2026-07-08-game2,2026-07-08T19:01:29.872000+00:00,0.0,0.0,0.0
8,8887432754,dota2-vp-1win-2026-07-08-game2,2026-07-08T20:20:02.742000+00:00,58.11269999999996,0.9946859625,59.10738596249996
8,8887986392,dota2-poorra-xtreme-2026-07-09-game1,2026-07-09T09:21:30.237000+00:00,-46.331999999999994,3.5294559299999997,-42.802544069999996
8,8887998750,dota2-bb4-re-2026-07-09-game1,2026-07-09T09:29:32.198000+00:00,-3.200000000000003,0.11448,-3.085520000000003
8,8888056358,dota2-poorra-xtreme-2026-07-09-game2,2026-07-09T10:34:44.979000+00:00,2.795599999999979,2.0898401399999997,4.885440139999979
8,8888066684,dota2-bb4-re-2026-07-09-game2,2026-07-09T10:43:25.275000+00:00,-22.566297759999955,0.901367665908,-21.664930094091954
8,8888083694,dota2-gl-flc-2026-07-09-game2,2026-07-09T11:11:32.224000+00:00,42.615124239999986,2.641404348369,45.25652858836899
8,8888160657,dota2-l1ga-aur1-2026-07-09-game1,2026-07-09T12:09:38.901000+00:00,2.286699999999996,0.37492319249999995,2.661623192499996
8,8888173515,dota2-playti-lvlup1-2026-07-09-game1,2026-07-09T12:20:27.216000+00:00,22.272200000000012,0.51297753,22.785177530000013
8,8888217771,dota2-ngx-liquid-2026-07-09-game1,2026-07-09T12:52:14.212000+00:00,9.232277600000009,1.0271380967399997,10.259415696740009
8,8888260336,dota2-l1ga-aur1-2026-07-09-game2,2026-07-09T13:20:05.771000+00:00,-12.048000000000002,0.5651114399999999,-11.482888560000003
8,8888279558,dota2-playti-lvlup1-2026-07-09-game2,2026-07-09T13:33:23.111000+00:00,0.0,0.0,0.0
8,8888318197,dota2-ngx-liquid-2026-07-09-game2,2026-07-09T14:04:08.888000+00:00,-24.87160000000003,2.2918836449999995,-22.57971635500003
8,8888405761,dota2-mouz-nem-2026-07-09-game1,2026-07-09T14:48:45.816000+00:00,0.0,0.0,0.0
8,8888425887,dota2-rnx-pari-2026-07-09-game1,2026-07-09T15:02:02.148000+00:00,8.788799999999998,0.24464256000000004,9.03344256
8,8888489297,dota2-vg-ts8-2026-07-09-game1,2026-07-09T15:42:43.149000+00:00,-30.93090056999997,1.0160911996357498,-29.91480937036422
8,8888555097,dota2-mouz-nem-2026-07-09-game2,2026-07-09T16:24:34.308000+00:00,-27.027000000000015,1.8271603349999999,-25.199839665000017
8,8888554919,dota2-rnx-pari-2026-07-09-game2,2026-07-09T16:26:10.054000+00:00,0.0,0.0,0.0
8,8888592426,dota2-vg-ts8-2026-07-09-game2,2026-07-09T16:59:54.115000+00:00,-18.34650000000002,1.6906399125,-16.65586008750002
8,8888682602,dota2-og-ic-2026-07-09-game1,2026-07-09T17:53:01.981000+00:00,-54.00030083999995,3.361589688972,-50.63871115102795
8,8888693655,dota2-vp-ty-2026-07-09-game1,2026-07-09T18:07:57.629000+00:00,26.472399999999993,0.18503784,26.657437839999993
8,8888731478,dota2-lgd-1win-2026-07-09-game1,2026-07-09T18:35:20.326000+00:00,9.50370000000001,1.9564382625,11.46013826250001
8,8888771711,dota2-og-ic-2026-07-09-game2,2026-07-09T19:04:50.495000+00:00,0.0,0.0,0.0
8,8888819433,dota2-lgd-1win-2026-07-09-game2,2026-07-09T19:41:02.532000+00:00,40.86023234999999,1.8408216244762499,42.70105397447624
8,8889452921,dota2-re-gl-2026-07-10-game1,2026-07-10T09:17:34.068000+00:00,38.80039999999997,1.4390828699999998,40.23948286999997
8,8889468264,dota2-xtreme-bb4-2026-07-10-game1,2026-07-10T09:26:30.741000+00:00,-1.862700000000018,0.8325762374999999,-1.0301237625000181
8,8889513730,dota2-poorra-flc-2026-07-10-game2,2026-07-10T10:17:36.842000+00:00,0.0,0.23906249999999998,0.23906249999999998
8,8889524021,dota2-xtreme-bb4-2026-07-10-game2,2026-07-10T10:37:39.793000+00:00,-2.9850999999999885,0.9973965374999998,-1.9877034624999887
8,8889538949,dota2-re-gl-2026-07-10-game2,2026-07-10T10:40:57.402000+00:00,-9.226600000000005,2.381626005,-6.844973995000005
8,8889615310,dota2-l1ga-liquid-2026-07-10-game1,2026-07-10T11:48:20.990000+00:00,-10.293999999999969,0.9585608999999999,-9.335439099999968
8,8889621582,dota2-aur1-playti-2026-07-10-game1,2026-07-10T11:57:42.116000+00:00,-1.6951999999999998,0.51526827,-1.1799317299999998
8,8889699098,dota2-l1ga-liquid-2026-07-10-game2,2026-07-10T12:46:15.831000+00:00,-2.3529000000000053,0.46216838250000003,-1.8907316175000053
8,8889733840,dota2-aur1-playti-2026-07-10-game2,2026-07-10T13:14:22.837000+00:00,-70.04180000000002,3.5473512749999996,-66.49444872500003
8,8889871314,dota2-nem-vg-2026-07-10-game1,2026-07-10T14:27:52.631000+00:00,32.79219999999998,1.1254376549999998,33.91763765499998
8,8889914618,dota2-pari-mouz-2026-07-10-game1,2026-07-10T14:59:49.254000+00:00,-7.431599999999982,1.1175412049999998,-6.314058794999982
8,8889944251,dota2-rnx-ts8-2026-07-10-game1,2026-07-10T15:15:29.857000+00:00,2.0,0.05490000000000002,2.0549
8,8890008812,dota2-nem-vg-2026-07-10-game2,2026-07-10T15:49:04.827000+00:00,32.621200000000016,0.9279627749999999,33.54916277500001
8,8890036748,dota2-pari-mouz-2026-07-10-game2,2026-07-10T16:15:07.698000+00:00,3.5660100399999948,0.07756620123599998,3.6435762412359947
8,8890074597,dota2-rnx-ts8-2026-07-10-game2,2026-07-10T16:28:42.555000+00:00,0.0,0.0,0.0
8,8890179830,dota2-lgd-ty-2026-07-10-game1,2026-07-10T17:38:53.401000+00:00,68.15789999999998,0.6580980675,68.81599806749999
8,8890270555,dota2-1win-og-2026-07-10-game2,2026-07-10T18:36:26.467000+00:00,0.0,0.0,0.0
8,8890268632,dota2-lgd-ty-2026-07-10-game2,2026-07-10T18:43:14.663000+00:00,-10.8108,0.81567486,-9.99512514
8,8890301402,dota2-ic-vp-2026-07-10-game2,2026-07-10T18:52:09.717000+00:00,0.0,0.0,0.0
8,8891108843,dota2-poorra-re-2026-07-11-game1,2026-07-11T09:15:44.932000+00:00,2.34,0.047170500000000004,2.3871705
8,8891108985,dota2-bb4-gl-2026-07-11-game1,2026-07-11T09:17:06.187000+00:00,0.21999999999999886,0.939943065,1.1599430649999989
8,8891145641,dota2-xtreme-flc-2026-07-11-game1,2026-07-11T09:30:07.111000+00:00,2.9411999999999523,0.95184585,3.893045849999952
8,8891217710,dota2-poorra-re-2026-07-11-game2,2026-07-11T10:44:50.172000+00:00,-54.860201499999974,1.4307365049374998,-53.429464995062474
8,8891240327,dota2-xtreme-flc-2026-07-11-game2,2026-07-11T11:01:14.698000+00:00,9.408800000000003,1.74667428,11.155474280000004
8,8891325877,dota2-l1ga-lvlup1-2026-07-11-game1,2026-07-11T12:09:46.181000+00:00,-22.778999999999996,0.5788146750000001,-22.200185324999996
8,8891349244,dota2-playti-ngx-2026-07-11-game1,2026-07-11T12:27:52.369000+00:00,0.3999999999999986,0.29055,0.6905499999999986
8,8891371442,dota2-aur1-liquid-2026-07-11-game1,2026-07-11T12:43:19.319000+00:00,-45.43400000000005,1.827955575,-43.60604442500005
8,8891438996,dota2-l1ga-lvlup1-2026-07-11-game2,2026-07-11T13:19:40.554000+00:00,-1.0000000000000036,0.07012499999999999,-0.9298750000000036
8,8891497910,dota2-aur1-liquid-2026-07-11-game2,2026-07-11T13:53:37.287000+00:00,2.1200000000000028,0.0964965,2.216496500000003
8,8891519142,dota2-playti-ngx-2026-07-11-game2,2026-07-11T14:08:43.754000+00:00,-11.962964949999986,0.47987077207124995,-11.483094177928736
8,8892829232,dota2-mouz-vg-2026-07-12-game1,2026-07-12T09:15:57.248000+00:00,-69.92145301999996,0.936387955749,-68.98506506425096
8,8892835652,dota2-rnx-nem-2026-07-12-game1,2026-07-12T09:19:01.546000+00:00,-9.724800000000021,1.5092139,-8.21558610000002
8,8892836635,dota2-pari-ts8-2026-07-12-game1,2026-07-12T09:26:06.808000+00:00,-16.48629999999994,4.6112001225,-11.87509987749994
8,8892923329,dota2-mouz-vg-2026-07-12-game2,2026-07-12T10:25:59.512000+00:00,-14.188000000000033,1.8913871699999998,-12.296612830000033
8,8892914077,dota2-pari-ts8-2026-07-12-game2,2026-07-12T10:31:28.406000+00:00,9.281626409999998,0.91494288005925,10.196569290059248
8,8892958964,dota2-rnx-nem-2026-07-12-game2,2026-07-12T10:53:08.655000+00:00,-86.104,2.533034505,-83.570965495
8,8893070561,dota2-1win-ty-2026-07-12-game1,2026-07-12T12:14:45.162000+00:00,17.786074720000016,2.095814045388,19.881888765388016
8,8893106015,dota2-og-vp-2026-07-12-game1,2026-07-12T12:36:42.440000+00:00,0.3899999999999988,0.04273425,0.43273424999999877
8,8893165071,dota2-1win-ty-2026-07-12-game2,2026-07-12T13:18:20.777000+00:00,26.39389999999998,2.3793910425,28.77329104249998
8,8893253595,dota2-og-vp-2026-07-12-game2,2026-07-12T13:56:28.498000+00:00,0.7318673599999972,0.194090667504,0.9259580275039971
8,8896139222,dota2-re-vp-2026-07-14-game1,2026-07-14T11:15:10.363000+00:00,8.197400000000044,1.67039682,9.867796820000045
8,8896140998,dota2-liquid-xtreme-2026-07-14-game1,2026-07-14T11:24:31.795000+00:00,-2.9035000000000313,4.3932077025,1.4897077024999685
8,8896234088,dota2-re-vp-2026-07-14-game2,2026-07-14T12:30:48.003000+00:00,-4.379400000000022,0.888110325,-3.4912896750000217
8,8896267691,dota2-liquid-xtreme-2026-07-14-game2,2026-07-14T13:05:08.216000+00:00,11.047864139999987,1.1436997780755,12.191563918075488
8,8896380183,dota2-re-vp-2026-07-14,2026-07-14T14:02:34.965000+00:00,0.0,0.0,0.0
8,8896486914,dota2-liquid-xtreme-2026-07-14,2026-07-14T15:13:00.049000+00:00,0.35650000000003956,2.9329022325,3.2894022325000396
8,8896645659,dota2-lgd-mouz-2026-07-14-game1,2026-07-14T16:55:49.823000+00:00,0.0,0.0,0.0
8,8896731473,dota2-lgd-mouz-2026-07-14-game2,2026-07-14T18:02:11.857000+00:00,-11.000000000000007,0.8902343099999999,-10.109765690000007
8,8897585705,dota2-aur1-re-2026-07-15-game1,2026-07-15T11:19:40.513000+00:00,0.0,0.0,0.0
8,8897588873,dota2-ts8-liquid-2026-07-15-game1,2026-07-15T11:25:30.473000+00:00,15.891199999999998,1.77475764,17.66595764
8,8897695379,dota2-aur1-re-2026-07-15-game2,2026-07-15T12:41:48.340000+00:00,-34.47650094999996,0.74646963643125,-33.73003131356871
8,8897696869,dota2-ts8-liquid-2026-07-15-game2,2026-07-15T12:54:25.976000+00:00,13.246483350000034,3.3731962536937505,16.619679603693783
8,8897831774,dota2-ts8-liquid-2026-07-15,2026-07-15T14:13:24.528000+00:00,19.04759999999999,1.0642846499999998,20.11188464999999
8,8897841991,dota2-1win-vg-2026-07-15-game1,2026-07-15T14:22:22.284000+00:00,5.237912160000008,0.729573990012,5.967486150012007
8,8897971312,dota2-1win-vg-2026-07-15-game2,2026-07-15T15:33:39.656000+00:00,20.49029999999999,1.1070419175,21.59734191749999
8,8898003442,dota2-bb4-lgd-2026-07-15-game1,2026-07-15T15:56:58.589000+00:00,-1.0,0.0912,-0.9088
8,8898084910,dota2-1win-vg-2026-07-15,2026-07-15T16:49:08.935000+00:00,-10.887801639999964,3.763098744834,-7.124702895165964
8,8898117600,dota2-bb4-lgd-2026-07-15-game2,2026-07-15T17:15:52.403000+00:00,74.43723250999994,0.60042019807725,75.03765270807719
8,8899028080,dota2-ty-ts8-2026-07-17-game1,2026-07-16T11:25:22.617000+00:00,-15.151500000000027,1.0506807674999998,-14.100819232500028
8,8899120700,dota2-ty-ts8-2026-07-17-game2,2026-07-16T12:44:26.752000+00:00,-19.71610000000002,2.0790242325,-17.63707576750002
8,8899307453,dota2-pari-re-2026-07-17-game1,2026-07-16T14:36:23.407000+00:00,-0.30000000000001137,0.6672936599999999,0.36729365999998853
8,8899420575,dota2-pari-re-2026-07-17-game2,2026-07-16T15:46:28.167000+00:00,-4.848599999999976,1.073257515,-3.7753424849999764
8,8900508749,dota2-flc-vg-2026-07-16-game1,2026-07-17T11:21:46.405000+00:00,-3.3999999999999915,0.27693,-3.1230699999999914
8,8900623530,dota2-flc-vg-2026-07-16-game2,2026-07-17T12:54:30.551000+00:00,-16.216200000000008,3.1619201249999995,-13.054279875000008
8,8900771154,dota2-ngx-bb4-2026-07-16-game1,2026-07-17T14:28:08.196000+00:00,19.48660000000001,0.8911326750000002,20.37773267500001
8,8900882416,dota2-ngx-bb4-2026-07-16-game2,2026-07-17T15:33:10.588000+00:00,1.0,0.299025,1.2990249999999999
8,8902107148,dota2-bb4-vg-2026-07-18-game1,2026-07-18T11:22:02.020000+00:00,0.9171000000000049,0.5767709775000001,1.493870977500005
8,8902173969,dota2-bb4-vg-2026-07-18-game2,2026-07-18T12:21:15.910000+00:00,-16.867200000000025,0.5846292000000001,-16.282570800000027
8,8902338515,dota2-ty-pari-2026-07-18-game1,2026-07-18T14:06:38.308000+00:00,-14.786400000000015,2.94171462,-11.844685380000016
8,8902431810,dota2-ty-pari-2026-07-18-game2,2026-07-18T15:09:37.865000+00:00,23.914000000000016,7.436457915,31.350457915000014
8,8902610619,dota2-ty-pari-2026-07-18,2026-07-18T16:48:06.686000+00:00,15.31770000000002,2.7986359125,18.11633591250002
8,8903705555,dota2-vg-ty-2026-07-19-game1,2026-07-19T10:24:33.152000+00:00,12.5,0.5390625,13.0390625
8,8903789784,dota2-vg-ty-2026-07-19-game2,2026-07-19T11:31:19.185000+00:00,8.000100000000032,0.7182089775,8.718308977500032
8,8904012666,dota2-bb4-pari-2026-07-19-game1,2026-07-19T13:57:51.853000+00:00,50.34560000000002,2.8916952,53.23729520000002
8,8904157676,dota2-bb4-pari-2026-07-19-game2,2026-07-19T15:17:11.337000+00:00,-19.749101750000023,4.38407208159375,-15.365029668406272
8,8904322271,dota2-bb4-pari-2026-07-19-game3,2026-07-19T16:52:33.960000+00:00,13.448099999999954,3.4217786775,16.869878677499955
8,8904419709,dota2-bb4-pari-2026-07-19-game4,2026-07-19T18:05:14.511000+00:00,2.011800000000001,0.19086952499999998,2.202669525000001
8,8905035315,dota2-stx-lynx-2026-07-20-game1,2026-07-20T07:25:19.610000+00:00,5.797199999999975,0.91262421,6.709824209999975
8,8905093611,dota2-stx-lynx-2026-07-20-game2,2026-07-20T08:36:36.644000+00:00,17.991000000000007,0.882691935,18.873691935000007
8,8905164476,dota2-stx-lynx-2026-07-20,2026-07-20T10:04:24.370000+00:00,1.0129499999999894,1.6202838375000002,2.6332338374999895
8,8905233934,dota2-lynx-pckcp-2026-07-20-game1,2026-07-20T11:15:17.947000+00:00,23.490799999999986,1.091223165,24.582023164999985
8,8905359313,dota2-lynx-pckcp-2026-07-20-game2,2026-07-20T12:49:30.119000+00:00,0.0,0.0,0.0
8,8905490238,dota2-z10-nemiga-2026-07-20-game1,2026-07-20T14:13:02.081000+00:00,-46.84106293999999,0.9749419923914999,-45.86612094760849
8,8905612460,dota2-z10-nemiga-2026-07-20-game2,2026-07-20T15:25:40.567000+00:00,-48.26893724,1.549075531248,-46.719861708752
8,8905741721,dota2-spirit1-jenz-2026-07-20-game1,2026-07-20T16:55:30.580000+00:00,1.508499999999998,0.1103090625,1.618809062499998
8,8905885788,dota2-spirit1-jenz-2026-07-20-game2,2026-07-20T18:35:45.253000+00:00,0.0,0.14274,0.14274
8,8905975768,dota2-lvlup1-ill-2026-07-20-game1,2026-07-20T19:45:16.612000+00:00,-4.407800000000009,0.5665115249999999,-3.8412884750000087
8,8906069414,dota2-lvlup1-ill-2026-07-20-game2,2026-07-20T20:59:36.536000+00:00,0.0,0.0,0.0
8,8906479441,dota2-nemiga-dan-2026-07-21-game1,2026-07-21T07:24:02.590000+00:00,13.33530823000001,1.2649894375027497,14.60029766750276
8,8906547471,dota2-nemiga-dan-2026-07-21-game2,2026-07-21T08:48:51.736000+00:00,18.14190616999994,0.9676194205702499,19.109525590570193
8,8906626852,dota2-pckcp-stx-2026-07-21-game1,2026-07-21T10:17:03.931000+00:00,-8.725874740000052,0.6653781322289999,-8.060496607771052
8,8906706819,dota2-pckcp-stx-2026-07-21-game2,2026-07-21T11:28:10.072000+00:00,3.076899999999995,1.0428383324999997,4.1197383324999945
8,8906814740,dota2-pckcp-stx-2026-07-21,2026-07-21T12:50:32.182000+00:00,-23.34209999999996,1.4006732325,-21.94142676749996
8,8906911697,dota2-lynx-spirit1-2026-07-21-game1,2026-07-21T14:01:22.509000+00:00,-10.863900000000015,1.0990597575,-9.764840242500014
8,8907021823,dota2-lynx-spirit1-2026-07-21-game2,2026-07-21T14:54:33.550000+00:00,-9.720000000000002,0.495153,-9.224847000000002
8,8907114935,dota2-lynx-spirit1-2026-07-21,2026-07-21T15:55:17.448000+00:00,-33.04999999999999,1.54297875,-31.50702124999999
8,8907236730,dota2-jenz-lynx-2026-07-21-game1,2026-07-21T17:22:36.365000+00:00,0.0,0.0,0.0
8,8907319204,dota2-jenz-lynx-2026-07-21-game2,2026-07-21T18:19:16.673000+00:00,-29.614955499999965,0.77099229324,-28.843963206759966
8,8907510684,dota2-z10-aion-2026-07-21-game2,2026-07-21T20:45:41.820000+00:00,0.0,0.0,0.0
8,8907942033,dota2-ill-dan-2026-07-22-game1,2026-07-22T07:18:07.776000+00:00,0.0,0.0,0.0
8,8907997366,dota2-ill-dan-2026-07-22-game2,2026-07-22T08:30:21.640000+00:00,25.882397319999967,0.684947990766,26.567345310765965
8,8908178087,dota2-nemiga-aion-2026-07-22-game2,2026-07-22T11:35:02.272000+00:00,-0.08000000000000007,0.017322000000000004,-0.06267800000000007
8,8908313996,dota2-stx-spirit1-2026-07-22-game1,2026-07-22T13:26:43.307000+00:00,-0.7704624800000026,0.117676450386,-0.6527860296140027
8,8908486051,dota2-stx-spirit1-2026-07-22-game2,2026-07-22T15:03:55.390000+00:00,0.6579999999999999,0.0026155499999999995,0.6606155499999999
8,8908612824,dota2-stx-spirit1-2026-07-22,2026-07-22T16:27:56.948000+00:00,9.239262289999983,1.02989899782075,10.269161287820733
8,8908710300,dota2-z10-lvlup1-2026-07-22-game1,2026-07-22T17:40:32.974000+00:00,-11.880800000000022,1.79347482,-10.087325180000022
8,8908926344,dota2-z10-lvlup1-2026-07-22,2026-07-22T20:21:42.790000+00:00,-15.384800000000041,2.67000621,-12.71479379000004
8,8909388284,dota2-dan-z10-2026-07-23-game1,2026-07-23T07:17:23.633000+00:00,0.0,0.0,0.0
8,8909443684,dota2-dan-z10-2026-07-23-game2,2026-07-23T08:24:14.078000+00:00,1.5999999999999979,0.3372,1.9371999999999978
8,8909498494,dota2-dan-z10-2026-07-23,2026-07-23T09:35:42.112000+00:00,-1.8779999999999966,0.13052601,-1.7474739899999965
8,8909658828,dota2-spirit1-pckcp-2026-07-23-game2,2026-07-23T11:56:35.158000+00:00,-8.77680079999999,1.08557171676,-7.691229083239989
8,8909780227,dota2-spirit1-pckcp-2026-07-23,2026-07-23T13:29:29.880000+00:00,-7.000000000000007,0.7389749999999999,-6.261025000000007
8,8910104556,dota2-jenz-kw1-2026-07-23-game2,2026-07-23T16:47:57.620000+00:00,16.6216,0.84191715,17.46351715
8,8910216725,dota2-jenz-kw1-2026-07-23,2026-07-23T18:09:02.529000+00:00,0.5400000000000063,0.1614735,0.7014735000000063
8,8910344715,dota2-lvlup1-aion-2026-07-23-game1,2026-07-23T19:45:58.831000+00:00,0.0,0.0,0.0
8,8910461593,dota2-lvlup1-aion-2026-07-23-game2,2026-07-23T21:18:59.726000+00:00,-4.4517999999999995,0.18788671499999998,-4.263913284999999
8,8910535715,dota2-lvlup1-aion-2026-07-23,2026-07-23T22:37:28.157000+00:00,83.22342330000001,1.091481912675,84.314905212675
8,8910589445,dota2-nemiga-ill-2026-07-23-game1,2026-07-23T23:33:41.369000+00:00,-15.791999999999994,2.938875795,-12.853124204999995
8,8910670427,dota2-nemiga-ill-2026-07-23,2026-07-24T01:26:47.762000+00:00,-27.071200000000005,1.6482900600000001,-25.422909940000004
8,8910982575,dota2-aion-dan-2026-07-24-game2,2026-07-24T08:39:31.809000+00:00,0.0,0.0,0.0
8,8911277378,dota2-kw1-stx-2026-07-24-game2,2026-07-24T13:08:23.857000+00:00,19.523232459999925,0.726297560361,20.249530020360925
8,8911784562,dota2-z10-ill-2026-07-24-game1,2026-07-24T18:00:21.302000+00:00,-6.894165399999995,0.18691556021999997,-6.707249839779995
8,8911916389,dota2-z10-ill-2026-07-24-game2,2026-07-24T19:32:36.981000+00:00,-1.1999999999999993,0.14445,-1.0555499999999993
8,8912045230,dota2-nemiga-lvlup1-2026-07-24-game1,2026-07-24T21:05:49.488000+00:00,-24.10820000000003,3.114831375,-20.993368625000027
8,8912123729,dota2-nemiga-lvlup1-2026-07-24-game2,2026-07-24T22:15:39.296000+00:00,-94.07423407999995,1.5746459235239998,-92.49958815647595
8,8912551235,dota2-ill-aion-2026-07-25-game1,2026-07-25T07:19:52.253000+00:00,0.0,0.0,0.0
8,8912622476,dota2-ill-aion-2026-07-25-game2,2026-07-25T08:27:06.996000+00:00,6.744036120000079,0.590742899022,7.334779019022078
8,8912758286,dota2-pckcp-jenz-2026-07-22-game1,2026-07-25T10:25:45.605000+00:00,-27.660200959999983,1.2224229868319998,-26.437777973167982
8,8912831712,dota2-pckcp-jenz-2026-07-22-game2,2026-07-25T11:23:26.682000+00:00,4.800000000000001,0.14057999999999998,4.940580000000001
8,8912974141,dota2-pckcp-jenz-2026-07-22,2026-07-25T13:02:19.241000+00:00,-16.513828550000014,1.49457021223125,-15.019258337768763
8,8913307206,dota2-kw1-pckcp-2026-07-25-game1,2026-07-25T16:28:48.834000+00:00,0.0,0.0,0.0
8,8913598312,dota2-lynx-kw1-2026-07-25-game1,2026-07-25T19:28:05.257000+00:00,4.700899360000008,1.5294076100040002,6.230306970004008
8,8913726962,dota2-lynx-kw1-2026-07-25-game2,2026-07-25T20:57:15.562000+00:00,-19.907999999999976,1.52106246,-18.386937539999977
8,8913824141,dota2-lynx-kw1-2026-07-25,2026-07-25T22:21:39.642000+00:00,4.408698539999953,2.978860352451,7.387558892450953
8,8914414410,dota2-nemiga-ill-2026-07-26-game1,2026-07-26T09:26:59.644000+00:00,-29.851000000000028,1.043740215,-28.807259785000028
8,8914520562,dota2-nemiga-ill-2026-07-26-game2,2026-07-26T10:41:21.923000+00:00,-13.337202319999982,1.215974632344,-12.121227687655981
8,8914637220,dota2-nemiga-ill-2026-07-26,2026-07-26T12:04:18.708000+00:00,25.811999999999983,0.8712262799999999,26.68322627999998
8,8914749408,dota2-rearis-pckcp-2026-07-26-game1,2026-07-26T13:19:34.036000+00:00,-15.832027799999963,0.82997918595,-15.002048614049963
8,8914885598,dota2-rearis-pckcp-2026-07-26-game2,2026-07-26T14:24:02.001000+00:00,49.64150000000001,0.30260808749999996,49.944108087500005
8,8915002841,dota2-kw1-rearis-2026-07-26-game1,2026-07-26T15:32:54.677000+00:00,-38.30047981999999,0.7411855712325,-37.55929424876749
8,8915137972,dota2-kw1-rearis-2026-07-26-game2,2026-07-26T16:47:26.165000+00:00,0.0,0.0,0.0
8,8915271266,dota2-jenz-stx-2026-07-26-game1,2026-07-26T18:26:53.337000+00:00,66.66720000000007,1.125009,67.79220900000007
8,8915390117,dota2-jenz-stx-2026-07-26-game2,2026-07-26T19:37:39.362000+00:00,0.5386000000000024,0.07957815,0.6181781500000024
8,8915498965,dota2-jenz-stx-2026-07-26,2026-07-26T20:57:43.107000+00:00,14.565399999999968,2.067899415,16.633299414999968
8,8916041863,dota2-lvlup1-pckcp-2026-07-27-game1,2026-07-27T09:21:33.291000+00:00,17.0,0.28822499999999995,17.288225
8,8916102349,dota2-lvlup1-pckcp-2026-07-27-game2,2026-07-27T10:12:46.876000+00:00,-40.27690000000001,0.9523700625,-39.32452993750001
8,8916245727,dota2-stx-nemiga-2026-07-27-game1,2026-07-27T12:25:46.061000+00:00,-1.565999999999974,0.54438075,-1.021619249999974
8,8916384577,dota2-stx-nemiga-2026-07-27-game2,2026-07-27T13:48:29.618000+00:00,12.41500000000002,3.09155637,15.50655637000002
8,8916474664,dota2-stx-nemiga-2026-07-27,2026-07-27T14:44:54.132000+00:00,-20.29019999999997,2.777190525,-17.51300947499997
8,8917611319,dota2-pr1-nemiga-2026-07-28-game2,2026-07-28T10:17:02.190000+00:00,-1.3879999999999981,0.4825035,-0.9054964999999982
8,8917675823,dota2-pr1-nemiga-2026-07-28,2026-07-28T11:19:25.327000+00:00,17.189383039999996,0.168872236848,17.358255276847995
8,8917738415,dota2-nh-pckcp-2026-07-28-game1,2026-07-28T12:16:10.015000+00:00,0.0,0.0,0.0
8,8917853656,dota2-nh-pckcp-2026-07-28-game2,2026-07-28T13:23:44.955000+00:00,-1.1529000000000025,1.0563448275,-0.09655517250000245
8,8918052500,dota2-pckcp-kw1-2026-07-28-game1,2026-07-28T15:24:46.769000+00:00,-3.1523569599999917,0.146725734672,-3.0056312253279915
8,8918176547,dota2-pckcp-kw1-2026-07-28-game2,2026-07-28T16:37:04.197000+00:00,37.952909099999985,0.8052808704074998,38.758189970407486
8,8919264561,dota2-rearis-z10-2026-07-29-game1,2026-07-29T12:23:03.580000+00:00,-12.665399999999991,0.7630903499999999,-11.90230964999999
8,8919404744,dota2-rearis-z10-2026-07-29-game2,2026-07-29T13:48:28.368000+00:00,-5.698999999999984,0.6982292250000001,-5.0007707749999835
8,8919546613,dota2-amaru-nemiga-2026-07-29-game1,2026-07-29T15:15:30.082000+00:00,-45.583800480000015,3.064726632696,-42.519073847304014
8,8919685210,dota2-amaru-nemiga-2026-07-29-game2,2026-07-29T16:34:50.427000+00:00,-1.5438006200000034,0.28571134207050003,-1.2580892779295034
8,8919803916,dota2-amaru-nemiga-2026-07-29,2026-07-29T18:02:17.532000+00:00,71.00536090999998,1.69704095088675,72.70240186088672
8,8920655724,dota2-pckcp-z10-2026-07-30-game2,2026-07-30T10:32:16.617000+00:00,0.0,0.0,0.0
8,8920897425,dota2-lvlup1-z10-2026-07-30-game2,2026-07-30T13:37:44.606000+00:00,-27.614400000000003,2.705662725,-24.908737275000004
8,8921002620,dota2-lvlup1-z10-2026-07-30,2026-07-30T14:47:46.063000+00:00,41.172300000000035,2.7518290574999997,43.92412905750003
8,8921162227,dota2-amaru-pr1-2026-07-30-game1,2026-07-30T16:32:24.441000+00:00,28.20689999999999,1.0923122025,29.29921220249999
8,8921281044,dota2-amaru-pr1-2026-07-30-game2,2026-07-30T17:34:28.519000+00:00,0.0,0.0,0.0
8,8921949036,dota2-re-midas3-2026-07-31-game1,2026-07-31T06:23:42.906000+00:00,-11.267599999999959,0.9021122250000001,-10.36548777499996
8,8922016200,dota2-re-midas3-2026-07-31-game2,2026-07-31T07:39:14.850000+00:00,62.916,1.0154587499999999,63.93145875
8,8922074642,dota2-vg-amaru-2026-07-31-game1,2026-07-31T08:46:41.467000+00:00,9.302400000000006,0.36697968,9.669379680000006
8,8922137329,dota2-vg-amaru-2026-07-31-game2,2026-07-31T09:48:16.177000+00:00,0.6000000000000014,0.027989999999999998,0.6279900000000014
8,8922133239,dota2-tr7-playti-2026-07-31-game1,2026-07-31T09:57:34.446000+00:00,9.530898680000007,1.37922909189,10.910127771890007
8,8922186876,dota2-vg-amaru-2026-07-31,2026-07-31T10:40:33.810000+00:00,0.9016000000000304,0.7991050799999999,1.7007050800000303
8,8922211678,dota2-tr7-playti-2026-07-31-game2,2026-07-31T11:00:53.806000+00:00,0.8006000000000011,0.173258625,0.9738586250000011
8,8922300474,dota2-enjoy-glyph-2026-07-31-game1,2026-07-31T12:14:29.331000+00:00,0.8999999999999986,0.1083375,1.0083374999999986
8,8922339160,dota2-l1ga-rnx-2026-07-31-game1,2026-07-31T12:44:09.822000+00:00,-0.5735916799999998,0.14654775505200002,-0.4270439249479998
8,8922400300,dota2-enjoy-glyph-2026-07-31-game2,2026-07-31T13:24:39.311000+00:00,0.20000000000000018,0.035985,0.23598500000000017
8,8922433138,dota2-l1ga-rnx-2026-07-31-game2,2026-07-31T13:42:06.325000+00:00,-8.444999999999993,0.471864375,-7.973135624999993
8,8922552315,dota2-l1ga-rnx-2026-07-31,2026-07-31T14:55:23.609000+00:00,3.571399999999983,1.316507325,4.887907324999983
8,8922602122,dota2-yb1-z10-2026-07-31-game1,2026-07-31T15:28:08.646000+00:00,13.876100000000008,3.8715767325,17.747676732500008
8,8922722577,dota2-yb1-z10-2026-07-31-game2,2026-07-31T16:35:25.057000+00:00,-11.017200000000003,1.027491615,-9.989708385000002
8,8922818221,dota2-xtreme-lgd-2026-07-31-game1,2026-07-31T17:51:24.199000+00:00,-10.075120800000064,1.6681397667600002,-8.406981033240065
8,8922940920,dota2-xtreme-lgd-2026-07-31-game2,2026-07-31T19:09:48.720000+00:00,-43.86140049999999,1.7773731123749998,-42.084027387624985
8,8923040358,dota2-xtreme-lgd-2026-07-31,2026-07-31T20:28:40.570000+00:00,-17.39999999999999,0.53505,-16.864949999999993
8,8923506996,dota2-midas3-tr7-2026-08-01-game1,2026-08-01T05:43:01.223000+00:00,0.0,0.0,0.0
8,8923579943,dota2-midas3-tr7-2026-08-01-game2,2026-08-01T07:02:32.143000+00:00,-59.420199999999966,1.267465125,-58.152734874999965
8,8923643650,dota2-midas3-tr7-2026-08-01,2026-08-01T08:08:01.087000+00:00,-138.29600000000002,1.32343608,-136.97256392000003
8,8923704450,dota2-yes-vg-2026-08-01-game1,2026-08-01T09:01:56.739000+00:00,-5.812155739999973,0.9455853109545,-4.866570429045473
8,8923780137,dota2-re-playti-2026-08-01-game1,2026-08-01T10:09:39.721000+00:00,-17.543999999999954,1.30185252,-16.242147479999954
8,8923790600,dota2-yes-vg-2026-08-01-game2,2026-08-01T10:14:11.317000+00:00,0.0,0.0,0.0
8,8923874259,dota2-re-playti-2026-08-01-game2,2026-08-01T11:26:12.956000+00:00,18.88269807999999,0.344024448324,19.22672252832399
8,8923899787,dota2-enjoy-yb1-2026-08-01-game1,2026-08-01T11:45:49.553000+00:00,-33.15872888000001,0.640774399464,-32.51795448053601
8,8924057168,dota2-l1ga-lgd-2026-08-01-game1,2026-08-01T13:34:16.709000+00:00,0.0,0.0,0.0
8,8924222714,dota2-l1ga-lgd-2026-08-01-game2,2026-08-01T15:02:43.462000+00:00,0.0,0.0,0.0
8,8924328537,dota2-glyph-z10-2026-08-01-game1,2026-08-01T15:59:42.950000+00:00,14.320477910000022,1.26842310356175,15.588901013561772
8,8924367779,dota2-l1ga-lgd-2026-08-01,2026-08-01T16:23:12.450000+00:00,-33.73440000000002,0.641556,-33.09284400000002
8,8924468754,dota2-glyph-z10-2026-08-01-game2,2026-08-01T17:25:49.795000+00:00,-10.593600000000006,0.8219835000000001,-9.771616500000006
8,8924530036,dota2-rnx-xtreme-2026-08-01-game1,2026-08-01T18:06:50.164000+00:00,7.291618129999996,1.07723720073825,8.368855330738246
8,8924616191,dota2-rnx-xtreme-2026-08-01-game2,2026-08-01T19:06:22.446000+00:00,-0.6141999999999754,0.9889694699999999,0.3747694700000245
8,8925210898,dota2-playti-xctn-2026-08-02-game1,2026-08-02T05:28:20.542000+00:00,-29.22800000000001,0.7011261,-28.52687390000001
8,8925308090,dota2-playti-xctn-2026-08-02-game2,2026-08-02T07:03:47.891000+00:00,0.0,0.0,0.0
8,8925543582,dota2-yes-tr7-2026-08-02-game1,2026-08-02T10:44:16.945000+00:00,-6.215501559999996,0.366625456884,-5.848876103115996
8,8925703946,dota2-yes-tr7-2026-08-02-game2,2026-08-02T11:58:57.158000+00:00,24.993399999999937,2.733684915,27.72708491499994
8,8925847726,dota2-yes-tr7-2026-08-02,2026-08-02T13:17:43.701000+00:00,11.08479999999996,1.40476494,12.48956493999996
8,8926022375,dota2-rnx-yb1-2026-08-02-game1,2026-08-02T15:09:53.856000+00:00,20.618399999999994,2.69964555,23.318045549999994
8,8926232913,dota2-rnx-yb1-2026-08-02-game2,2026-08-02T16:42:19.665000+00:00,0.5660000000000025,2.4322320599999996,2.998232060000002
8,8926381426,dota2-rnx-yb1-2026-08-02,2026-08-02T18:14:10.009000+00:00,23.24995339999998,1.3867325182199999,24.63668591821998
8,8926523280,dota2-z10-lgd-2026-08-02-game1,2026-08-02T19:59:32.068000+00:00,-12.5,0.6515624999999999,-11.8484375
8,8926636219,dota2-z10-lgd-2026-08-02-game2,2026-08-02T21:07:31.416000+00:00,-14.286000000000001,0.5464395,-13.739560500000001
8,8927063876,dota2-glyph-playti-2026-08-03-game2,2026-08-03T06:55:36.873000+00:00,122.30919999999996,1.9496660549999998,124.25886605499996
8,8927132943,dota2-glyph-playti-2026-08-03,2026-08-03T08:27:35.152000+00:00,13.202267199999994,1.1762167176,14.378483917599993
8,8927207054,dota2-xtreme-tr7-2026-08-03-game1,2026-08-03T10:00:05.212000+00:00,8.824908189999974,0.93419168388825,9.759099873888223
8,8927288399,dota2-xtreme-tr7-2026-08-03-game2,2026-08-03T11:00:48.642000+00:00,-0.6977999999999867,0.467769825,-0.23003017499998668
8,8927380776,dota2-xtreme-tr7-2026-08-03,2026-08-03T12:15:30.661000+00:00,-18.54140259999997,0.923269073565,-17.61813352643497
8,8927539264,dota2-vg-yb1-2026-08-03-game1,2026-08-03T14:05:56.825000+00:00,30.985899999999987,1.5868373325,32.57273733249998
8,8927660975,dota2-vg-yb1-2026-08-03-game2,2026-08-03T15:05:20.968000+00:00,28.186400000000077,1.36870356,29.555103560000077
8,8927760296,dota2-vg-yb1-2026-08-03,2026-08-03T16:18:19.713000+00:00,0.14760000000001128,1.8513094499999998,1.998909450000011
8,8927926397,dota2-re-lgd-2026-08-03-game1,2026-08-03T18:09:03.381000+00:00,8.955299999999994,0.9651574574999999,9.920457457499994
8,8928050264,dota2-re-lgd-2026-08-03-game2,2026-08-03T19:19:18.313000+00:00,0.0,0.0,0.0
8,8928163118,dota2-re-lgd-2026-08-03,2026-08-03T20:43:38.722000+00:00,4.5797629200000145,1.0989010304459998,5.678663950446015
8,8928851109,dota2-playti-tr7-2026-08-04-game1,2026-08-04T11:30:07.829000+00:00,-18.544682940000026,1.2239138894505,-17.320769050549526
8,8928953683,dota2-playti-tr7-2026-08-04-game2,2026-08-04T12:46:11.879000+00:00,27.31610000000004,2.7448998375,30.06099983750004
8,8929124210,dota2-yb1-re-2026-08-04-game1,2026-08-04T14:38:55.576000+00:00,12.669400000000024,1.11340131,13.782801310000025
8,8929276426,dota2-yb1-re-2026-08-04-game2,2026-08-04T15:54:25.550000+00:00,-3.297300000000007,0.7912167975,-2.5060832025000073
8,8929365099,dota2-yb1-re-2026-08-04,2026-08-04T16:51:08.308000+00:00,10.260574250000076,1.8453699341812502,12.105944184181325
8,8930200713,dota2-tr7-re-2026-08-05-game1,2026-08-05T08:20:38.811000+00:00,-13.751000000000033,1.3843632750000001,-12.366636725000033
8,8930258778,dota2-tr7-re-2026-08-05-game2,2026-08-05T09:25:42.941000+00:00,36.212599999999995,2.9708824950000006,39.18348249499999
8,8930398938,dota2-playti-yb1-2026-08-05-game1,2026-08-05T12:24:04.133000+00:00,6.447599999999966,2.34337707,8.790977069999965
8,8930615242,dota2-playti-yb1-2026-08-05-game2,2026-08-05T14:02:56.166000+00:00,102.98180000000002,0.7916194649999999,103.77341946500002
8,8930736914,dota2-playti-yb1-2026-08-05-game3,2026-08-05T15:09:49.519000+00:00,1.5889991499999887,0.31508234713124994,1.9040814971312385
8,8931781241,dota2-lvlup1-rearis-2026-08-06-game1,2026-08-06T09:28:03.156000+00:00,0.0,0.0,0.0
8,8931852727,dota2-lvlup1-rearis-2026-08-06-game2,2026-08-06T10:30:33.624000+00:00,-10.900499999999996,0.6170266125,-10.283473387499996
8,8931981851,dota2-rearis-nh-2026-08-06-game1,2026-08-06T12:26:15.226000+00:00,-2.63160000000002,0.7300716300000001,-1.90152837000002
8,8932085762,dota2-rearis-nh-2026-08-06-game2,2026-08-06T13:20:21.204000+00:00,8.063999999999997,0.15431099999999998,8.218310999999996
8,8932181345,dota2-rearis-nh-2026-08-06,2026-08-06T14:22:22.478000+00:00,4.498000000000019,0.24876188999999996,4.746761890000019
8,8932318084,dota2-nh-lvlup1-2026-08-06-game1,2026-08-06T15:34:15.395000+00:00,-35.0673,0.9930304125,-34.074269587500005
8,8932413808,dota2-nh-lvlup1-2026-08-06-game2,2026-08-06T16:23:29.211000+00:00,0.0,0.0813618,0.0813618
8,8932523868,dota2-nh-lvlup1-2026-08-06,2026-08-06T17:36:18.454000+00:00,3.9215999999999838,1.4691294,5.390729399999984
8,8932657929,dota2-ill-pr1-2026-08-06-game1,2026-08-06T19:12:10.345000+00:00,9.089596060000005,0.6183321693855,9.707928229385505
8,8932835800,dota2-ill-pr1-2026-08-06,2026-08-06T21:22:55.783000+00:00,-6.528999999999982,0.39747105,-6.131528949999982
8,8933374169,dota2-nh-z10-2026-08-07-game1,2026-08-07T09:29:47.916000+00:00,0.0,0.0,0.0
8,8933453728,dota2-nh-z10-2026-08-07-game2,2026-08-07T10:40:19.376000+00:00,0.0,0.0,0.0
8,8933575351,dota2-ill-stx-2026-08-07-game1,2026-08-07T12:33:02.695000+00:00,-64.86479999999997,1.70513343,-63.15966656999997
8,8933704579,dota2-ill-stx-2026-08-07-game2,2026-08-07T13:44:43.178000+00:00,-16.225300000000004,2.0547841275,-14.170515872500005
8,8933879286,dota2-pr1-jenz-2026-08-07-game1,2026-08-07T15:25:51.002000+00:00,-56.84520000000004,1.5255159,-55.31968410000004
8,8933988979,dota2-pr1-jenz-2026-08-07-game2,2026-08-07T16:29:38.697000+00:00,1.3113444899999962,0.54237257222475,1.8537170622247463
8,8934184387,dota2-jenz-nemiga-2026-08-07-game1,2026-08-07T18:35:03.983000+00:00,0.0,0.0,0.0
8,8934279386,dota2-jenz-nemiga-2026-08-07-game2,2026-08-07T19:33:30.612000+00:00,0.0,0.0,0.0
8,8936825643,dota2-pr1-yes-2026-08-09-game1,2026-08-09T09:22:32.992000+00:00,-1.651478080000004,0.192261235488,-1.459216844512004
8,8937080738,dota2-pr1-yes-2026-08-09,2026-08-09T12:20:23.208000+00:00,30.164921249999992,3.32982261515625,33.494743865156245
8,8937188618,dota2-lvlup1-mouz-2026-08-09-game1,2026-08-09T13:17:49.636000+00:00,-4.674999999999994,0.368995125,-4.306004874999994
8,8937335830,dota2-lvlup1-mouz-2026-08-09-game2,2026-08-09T14:27:35.299000+00:00,2.842170943040401e-14,1.01999898,1.0199989800000284
8,8937484593,dota2-ill-re-2026-08-09-game1,2026-08-09T15:55:00.679000+00:00,-7.5902,0.44450675999999995,-7.14569324
8,8937631882,dota2-ill-re-2026-08-09-game2,2026-08-09T17:12:21.447000+00:00,102.30392399999997,0.6975494088,103.00147340879997
8,8937722788,dota2-z10-navi-2026-08-09-game1,2026-08-09T18:17:16.930000+00:00,-2.0,0.08940000000000001,-1.9106
8,8938509987,dota2-pr1-mouz-2026-08-10-game1,2026-08-10T09:24:47.767000+00:00,-6.779600000000016,1.23812445,-5.541475550000016
8,8938565057,dota2-pr1-mouz-2026-08-10-game2,2026-08-10T10:12:07.159000+00:00,-7.400699999999988,1.0971016125,-6.303598387499989
8,8938634026,dota2-pr1-mouz-2026-08-10,2026-08-10T11:15:54.851000+00:00,-1.5084090799999466,2.5290403458779998,1.0206312658780532
8,8938716198,dota2-ill-z10-2026-08-10-game1,2026-08-10T12:25:50.383000+00:00,5.433385419999976,1.4374392579554998,6.870824677955476
8,8939023869,dota2-yes-lvlup1-2026-08-10-game1,2026-08-10T15:24:37.289000+00:00,19.033700000000017,0.6676326974999999,19.701332697500018
8,8940059913,dota2-lvlup1-navi-2026-08-11-game1,2026-08-11T09:16:02.605000+00:00,14.323499999999981,0.3034442475,14.626944247499981
8,8940117837,dota2-lvlup1-navi-2026-08-11-game2,2026-08-11T10:12:11.551000+00:00,-19.909200629999958,2.3470685070232498,-17.56213212297671
8,8940266495,dota2-mouz-re-2026-08-11-game1,2026-08-11T12:16:13.042000+00:00,-0.9181000000000239,0.7530126075,-0.1650873925000239
8,8940365227,dota2-mouz-re-2026-08-11-game2,2026-08-11T13:12:04.281000+00:00,0.4470629300000013,0.07549445463075,0.5225573846307513
8,8940487898,dota2-mouz-re-2026-08-11,2026-08-11T14:25:06.999000+00:00,2.11694412,0.157269254787,2.2742133747869997
8,8940643574,dota2-yes-z10-2026-08-11-game1,2026-08-11T15:45:57.067000+00:00,7.864377460000071,1.7170752126915,9.58145267269157
8,8940756672,dota2-yes-z10-2026-08-11-game2,2026-08-11T16:48:25.758000+00:00,0.4603235599999991,0.14848649772300002,0.6088100577229991
8,8941656460,dota2-lvlup1-re-2026-08-12-game1,2026-08-12T09:19:34.658000+00:00,19.963700000000017,1.7366277675,21.700327767500017
8,8941733752,dota2-lvlup1-re-2026-08-12-game2,2026-08-12T10:35:42.245000+00:00,22.564200000000028,2.73480363,25.29900363000003
8,8941817475,dota2-lvlup1-re-2026-08-12,2026-08-12T11:50:26.039000+00:00,13.559200000000004,1.52895525,15.088155250000003
8,8942003788,dota2-navi-lvlup1-2026-08-12-game1,2026-08-12T13:42:36.457000+00:00,5.1947999999999865,0.6681811499999999,5.862981149999986
8,8942152024,dota2-navi-lvlup1-2026-08-12-game2,2026-08-12T14:50:30.897000+00:00,0.6999999999999957,0.15156750000000002,0.8515674999999958
8,8942262723,dota2-navi-lvlup1-2026-08-12-game3,2026-08-12T15:53:47.795000+00:00,22.754683059999984,0.44144885555099994,23.196131915550982
8,8962372120,dota2-ic-nemiga-2026-08-24-game1,2026-08-24T07:17:08.649000+00:00,0.0,0.0,0.0
8,8962458373,dota2-ic-nemiga-2026-08-24-game2,2026-08-24T08:26:45.454000+00:00,0.5160000000000018,0.133623,0.6496230000000018
8,8962592819,dota2-ks-lynx-2026-08-24-game1,2026-08-24T10:19:27.562000+00:00,0.0,0.0,0.0
8,8962736746,dota2-ks-lynx-2026-08-24-game2,2026-08-24T11:33:18.452000+00:00,5.684692260000002,0.21138881366549997,5.896081073665502
8,8962964580,dota2-sb5-stx-2026-08-24-game1,2026-08-24T13:25:23.881000+00:00,-3.947228039999999,0.129459088584,-3.817768951415999
8,8963508714,dota2-rearis-lynx-2026-08-24-game2,2026-08-24T17:37:20.349000+00:00,5.600000000000001,0.2853,5.885300000000002
8,8963649188,dota2-dynast1-fts-2026-08-24-game1,2026-08-24T19:15:00.848000+00:00,0.44870000000000054,0.0103986225,0.45909862250000055
8,8963790789,dota2-dynast1-fts-2026-08-24-game2,2026-08-24T20:20:45.642000+00:00,-0.29999999999999893,0.0614325,-0.23856749999999893
8,8964399842,dota2-pckcp-nemiga-2026-08-25-game1,2026-08-25T07:22:10.248000+00:00,-30.501401449999996,1.3463432186812498,-29.155058231318748
8,8964480771,dota2-pckcp-nemiga-2026-08-25-game2,2026-08-25T08:31:41.723000+00:00,-21.949601440000066,2.3243990352479997,-19.625202404752066
8,8964574076,dota2-pckcp-nemiga-2026-08-25,2026-08-25T09:52:05.670000+00:00,-0.8999999999999995,1.1120625000000002,0.2120625000000007
8,8964657335,dota2-fts-pckcp-2026-08-25-game1,2026-08-25T10:52:11.864000+00:00,0.0,0.0,0.0
8,8964837315,dota2-fts-pckcp-2026-08-25-game2,2026-08-25T12:34:06.314000+00:00,-55.64532593999999,2.093064557979,-53.552261382020994
8,8964962329,dota2-ic-fts-2026-08-25-game1,2026-08-25T13:50:36.471000+00:00,26.83432767,0.55890839029875,27.39323606029875
8,8965097316,dota2-ic-fts-2026-08-25-game2,2026-08-25T14:41:01.046000+00:00,-3.9825000000000017,0.3356251874999999,-3.646874812500002
8,8964938940,dota2-rearis-spirit1-2026-08-25-game1,2026-08-25T16:23:39.394000+00:00,0.29610000000000625,0.49075320749999995,0.7868532075000062
8,8965544741,dota2-rearis-spirit1-2026-08-25,2026-08-25T18:44:21.316000+00:00,10.636399999999966,1.5800713499999999,12.216471349999967
8,8969842778,dota2-pckcp-ic-2026-08-28-game2,2026-08-28T08:21:21.985000+00:00,3.2807143800000063,1.254609054261,4.535323434261006
8,8969978865,dota2-rearis-sb5-2026-08-28-game1,2026-08-28T10:27:01.322000+00:00,-2.216000000000008,0.294174,-1.9218260000000082
8,8970089224,dota2-rearis-sb5-2026-08-28-game2,2026-08-28T11:41:09.553000+00:00,5.0,0.57675,5.57675
8,8970207176,dota2-rearis-sb5-2026-08-28,2026-08-28T12:56:49.576000+00:00,0.7538330400000035,0.341958223284,1.0957912632840034
8,8970338180,dota2-synaps-nemiga-2026-08-28-game1,2026-08-28T14:09:13.367000+00:00,-3.9684000000000026,1.29198105,-2.6764189500000026
8,8970352005,dota2-dynast1-ic-2026-08-28-game1,2026-08-28T14:10:35.964000+00:00,0.08770000000000033,0.0323284125,0.12002841250000033
8,8970470057,dota2-synaps-nemiga-2026-08-28-game2,2026-08-28T15:09:53.245000+00:00,111.00460933000001,1.01019473732775,112.01480406732776
8,8970485789,dota2-dynast1-ic-2026-08-28-game2,2026-08-28T15:14:26.848000+00:00,-3.3099999999999987,0.1306875,-3.1793124999999987
8,8970575970,dota2-synaps-nemiga-2026-08-28,2026-08-28T16:02:11.965000+00:00,32.63468994999998,1.31672158858125,33.95141153858123
8,8970655100,dota2-dynast1-ic-2026-08-28,2026-08-28T16:43:34.585000+00:00,0.0,0.09227275500000001,0.09227275500000001
8,8970886632,dota2-dynast1-pckcp-2026-08-28-game2,2026-08-28T18:51:22.084000+00:00,1.7189090000000098,1.227530893125,2.9464398931250098
8,8971007454,dota2-ks-rearis-2026-08-28-game1,2026-08-28T20:11:41.712000+00:00,-77.02541704999999,3.38606574653625,-73.63935130346374
8,8971016820,dota2-fts-nemiga-2026-08-28-game1,2026-08-28T20:17:43.711000+00:00,0.0,0.0,0.0
8,8971111987,dota2-ks-rearis-2026-08-28-game2,2026-08-28T21:24:47.695000+00:00,5.870783800000015,0.273263173275,6.144046973275015
8,8971423978,dota2-db2-satan-2026-08-28-game2,2026-08-29T03:20:55.120000+00:00,0.0,0.0,0.0
8,8971501630,dota2-nexus-cres-2026-08-28,2026-08-29T04:51:09.441000+00:00,28.230398719999997,1.465847965296,29.696246685295996
8,8971519375,dota2-nem-6seven-2026-08-29-game1,2026-08-29T05:14:15.579000+00:00,-6.073396140000013,0.27205593729149996,-5.801340202708513
8,8971586781,dota2-nem-6seven-2026-08-29-game2,2026-08-29T06:13:46.689000+00:00,-1.9121000000000095,0.3923421525,-1.5197578475000095
8,8971664649,dota2-nem-6seven-2026-08-29,2026-08-29T07:24:10.704000+00:00,-0.00045899999999932106,0.17765726355,0.17719826355000068
8,8971753986,dota2-icecre-kineti-2026-08-29-game1,2026-08-29T08:38:12.829000+00:00,0.0,0.0,0.0
8,8971849697,dota2-icecre-kineti-2026-08-29-game2,2026-08-29T09:43:14.699000+00:00,0.0,0.0,0.0
8,8971891627,dota2-dynast1-nemiga-2026-08-29-game1,2026-08-29T10:17:49.464000+00:00,1.8285327999999978,0.29287411728,2.121406917279998
8,8971964803,dota2-mouz-yes-2026-08-29-game1,2026-08-29T11:13:49.271000+00:00,-9.496399999999987,2.37635565,-7.120044349999987
8,8971988345,dota2-sb5-lynx-2026-08-29-game1,2026-08-29T11:21:30.742000+00:00,0.9439991999999999,0.0036815968799999996,0.94768079688
8,8972103119,dota2-sb5-lynx-2026-08-29-game2,2026-08-29T12:31:54.536000+00:00,-12.590529799999999,0.502500712755,-12.088029087245
8,8972115962,dota2-mouz-yes-2026-08-29-game2,2026-08-29T12:36:59.931000+00:00,4.956049120000008,1.284165023478,6.240214143478008
8,8972289868,dota2-huliga-lynx-2026-08-29-game1,2026-08-29T14:15:10.550000+00:00,-3.965077339999997,0.209837881071,-3.755239458928997
8,8972502454,dota2-huliga-lynx-2026-08-29-game2,2026-08-29T15:52:19.963000+00:00,19.52299708000004,1.0248436443059998,20.547840724306038
8,8972611918,dota2-huliga-lynx-2026-08-29,2026-08-29T16:49:36.587000+00:00,13.953600000000023,2.0455254,15.999125400000022
8,8972773416,dota2-pi-lvlup1-2026-08-29-game1,2026-08-29T18:17:23.637000+00:00,-45.617399439999964,1.500426733026,-44.11697270697397
8,8972893200,dota2-pi-lvlup1-2026-08-29-game2,2026-08-29T19:20:53.860000+00:00,-25.210999999999956,1.8145273649999998,-23.396472634999956
8,8973011673,dota2-pi-lvlup1-2026-08-29,2026-08-29T20:33:12.059000+00:00,17.21730000000002,0.9860469825,18.20334698250002
8,8973010298,dota2-ks-spirit1-2026-08-29-game1,2026-08-29T20:38:42.759000+00:00,0.5999999999999996,0.026429999999999995,0.6264299999999996
8,8973337131,dota2-icecre-xctn-2026-08-30-game1,2026-08-30T02:14:49.254000+00:00,4.872999999999999,1.1275395449999999,6.000539544999999
8,8973405568,dota2-icecre-xctn-2026-08-30-game2,2026-08-30T03:19:55.483000+00:00,-2.570004749999999,0.05618023966875001,-2.513824510331249
8,8973462028,dota2-icecre-xctn-2026-08-30,2026-08-30T04:30:11.988000+00:00,-7.407400000000024,1.3833319499999999,-6.024068050000024
8,8973502629,dota2-clo-yb1-2026-08-30-game1,2026-08-30T05:13:07.837000+00:00,-6.699500000000015,0.30436227749999994,-6.3951377225000146
8,8973568453,dota2-clo-yb1-2026-08-30-game2,2026-08-30T06:12:50.377000+00:00,0.0,0.0,0.0
8,8973613420,dota2-clo-yb1-2026-08-30,2026-08-30T07:04:46.677000+00:00,8.625000000000014,0.27895360500000005,8.903953605000014
8,8973707438,dota2-lynx-lvlup1-2026-08-30-game1,2026-08-30T08:16:36.050000+00:00,-1.4860000000000184,1.33442079,-0.1515792100000184
8,8973859403,dota2-lynx-lvlup1-2026-08-30-game2,2026-08-30T09:56:31.353000+00:00,3.166732549999999,0.31210359188625003,3.478836141886249
8,8973884000,dota2-nem-xctn-2026-08-30-game2,2026-08-30T10:12:32.710000+00:00,7.880546079999981,0.47044936220699995,8.350995442206981
8,8973944033,dota2-lynx-lvlup1-2026-08-30,2026-08-30T10:50:43.696000+00:00,-7.64129999999998,1.3098153375,-6.33148466249998
8,8974185539,dota2-navi-mouz-2026-08-30-game2,2026-08-30T13:08:29.090000+00:00,118.03549999999997,2.8445207475000003,120.88002074749997
8,8974647733,dota2-lvlup1-pr1-2026-08-30-game1,2026-08-30T17:09:16.077000+00:00,-11.017899999999983,1.7431781625,-9.274721837499984
8,8974898633,dota2-lvlup1-pr1-2026-08-30,2026-08-30T19:25:58.777000+00:00,-23.399622750000006,1.78254505839375,-21.617077691606255
8,8975110449,dota2-dynast1-ks-2026-08-30-game2,2026-08-30T21:54:27.706000+00:00,2.0930999999999997,0.0835932375,2.1766932375
8,8975871235,dota2-synaps-lynx-2026-08-31-game1,2026-08-31T12:26:44.788000+00:00,-30.342,0.83212515,-29.50987485
8,8976012755,dota2-synaps-lynx-2026-08-31-game2,2026-08-31T13:41:35.303000+00:00,0.0,0.21503232,0.21503232
8,8976166971,dota2-synaps-lynx-2026-08-31,2026-08-31T15:09:07.826000+00:00,-8.25154015999997,1.498677095304,-6.752863064695969
8,8976300473,dota2-4iki-ic-2026-08-31-game1,2026-08-31T16:25:39.940000+00:00,-1.5,0.17741249999999997,-1.3225875
8,8976441468,dota2-4iki-ic-2026-08-31-game2,2026-08-31T17:43:06.122000+00:00,98.53167292,0.729864432321,99.261537352321
8,8976511215,dota2-4iki-ic-2026-08-31,2026-08-31T18:29:54.020000+00:00,85.40412092,1.089768307032,86.493889227032
8,8976665322,dota2-spirit1-pi-2026-08-31-game1,2026-08-31T20:26:57.494000+00:00,21.7175,1.0926245625,22.8101245625
8,8976751962,dota2-spirit1-pi-2026-08-31-game2,2026-08-31T21:40:17.685000+00:00,0.0,0.0,0.0
8,8977325814,dota2-ks-pckcp-2026-09-01-game2,2026-09-01T10:26:27.059000+00:00,5.218536019999995,0.2802042709185,5.498740290918494
8,8977476867,dota2-ic-lynx-2026-09-01-game1,2026-09-01T12:26:04.131000+00:00,-6.396179040000021,1.648306244544,-4.747872795456021
8,8977623650,dota2-ic-lynx-2026-09-01-game2,2026-09-01T13:53:28.128000+00:00,4.211199999999991,2.0027651399999997,6.21396513999999
8,8977913355,dota2-synaps-lvlup1-2026-09-01-game2,2026-09-01T16:37:59.217000+00:00,0.120000000000001,0.014921999999999998,0.13492200000000099
8,8978023576,dota2-synaps-lvlup1-2026-09-01,2026-09-01T17:45:54.185000+00:00,-28.84159999999997,1.3094369699999997,-27.53216302999997
8,8978832148,dota2-pr1-ic-2026-09-02-game1,2026-09-02T09:52:32.767000+00:00,13.532309009999977,0.91382505804225,14.446134068042227
8,8978916284,dota2-pr1-ic-2026-09-02-game2,2026-09-02T11:19:11.539000+00:00,0.0,0.0,0.0
8,8978986214,dota2-pr1-ic-2026-09-02,2026-09-02T12:20:55.440000+00:00,-8.219100000000026,0.8364989025,-7.382601097500026
8,8979131280,dota2-dynast1-pckcp-2026-09-02-game1,2026-09-02T13:56:13.878000+00:00,0.0,0.0,0.0
8,8979241530,dota2-dynast1-pckcp-2026-09-02-game2,2026-09-02T14:56:18.245000+00:00,3.1577999999999946,0.227598435,3.3853984349999946
8,8979344496,dota2-synaps-4iki-2026-09-02-game1,2026-09-02T15:59:27.587000+00:00,-0.3582906800000005,0.06510143085600001,-0.2931892491440005
8,8980293569,dota2-z10-ks-2026-09-03-game1,2026-09-03T09:18:42.909000+00:00,25.93534329999997,0.7876455234224999,26.722988823422472
8,8980358113,dota2-z10-ks-2026-09-03-game2,2026-09-03T10:27:20.250000+00:00,3.863221199999998,1.2491766429,5.112397842899998
8,8980463789,dota2-pckcp-spirit1-2026-09-03-game1,2026-09-03T12:14:02.762000+00:00,12.530452399999987,0.60258699774,13.133039397739987
8,8980769413,dota2-pi-dynast1-2026-09-03-game1,2026-09-03T15:17:23.998000+00:00,61.29057164000001,0.9423345672869998,62.23290620728701
9,8837869969,dota2-aur1-ty-2026-06-04-game1,2026-06-04T09:17:47.612000+00:00,15.349699999999999,1.1364014775000002,16.4861014775
9,8837957019,dota2-aur1-ty-2026-06-04-game2,2026-06-04T11:05:49.570000+00:00,10.559199999999972,1.4676607799999999,12.026860779999971
9,8838056564,dota2-flc-liquid-2026-06-04-game1,2026-06-04T12:43:48.535000+00:00,-5.125099999999977,2.8445847224999996,-2.280515277499977
9,8838170936,dota2-flc-liquid-2026-06-04-game2,2026-06-04T14:05:12.636000+00:00,-21.729900879999988,4.1982834495959995,-17.53161743040399
9,8838396820,dota2-lgd-ty-2026-06-04-game2,2026-06-04T16:48:28.531000+00:00,-1.0499999999999972,1.41818907,0.3681890700000028
9,8838480778,dota2-lgd-ty-2026-06-04,2026-06-04T17:57:47.377000+00:00,-35.27230098,2.0434624379055,-33.22883854209449
9,8839123109,dota2-flc-bb4-2026-06-05-game1,2026-06-05T09:16:39.267000+00:00,-7.2919999999999945,0.33743730000000005,-6.954562699999994
9,8839193447,dota2-flc-bb4-2026-06-05-game2,2026-06-05T10:38:10.594000+00:00,-0.10000000000000009,0.0157425,-0.0842575000000001
9,8839366504,dota2-lgd-liquid-2026-06-05-game2,2026-06-05T13:21:18.066000+00:00,-1.0772000000000013,0.12612705,-0.9510729500000012
9,8839494962,dota2-flc-aur1-2026-06-05-game1,2026-06-05T14:52:18.684000+00:00,2.594374720000001,0.139859406912,2.734234126912001
9,8839625815,dota2-flc-aur1-2026-06-05-game2,2026-06-05T16:13:53.150000+00:00,-0.7180000000000035,0.30008144999999997,-0.41791855000000355
9,8839717574,dota2-flc-aur1-2026-06-05,2026-06-05T17:21:15.591000+00:00,7.5505111799999725,2.0519694151245,9.602480595124472
9,8840635639,dota2-ty-bb4-2026-06-06-game1,2026-06-06T10:47:49.658000+00:00,12.423599999999993,1.14076395,13.564363949999994
9,8840704374,dota2-ty-bb4-2026-06-06-game2,2026-06-06T11:51:44.485000+00:00,-28.86120000000003,3.56464953,-25.296550470000028
9,8840821227,dota2-ty-bb4-2026-06-06,2026-06-06T13:12:37.368000+00:00,23.455599209999974,2.19992387804475,25.655523088044724
9,8840984097,dota2-aur1-lgd-2026-06-06-game1,2026-06-06T15:05:33.978000+00:00,-1.2472356399999995,1.7435938947270002,0.4963582547270007
9,8841114801,dota2-aur1-lgd-2026-06-06-game2,2026-06-06T16:30:29.855000+00:00,9.097399999999995,1.41335532,10.510755319999994
9,8842052142,dota2-bb4-lgd-2026-06-07-game1,2026-06-07T09:18:04.694000+00:00,36.95239999999998,2.57977029,39.53217028999998
9,8842134886,dota2-bb4-lgd-2026-06-07-game2,2026-06-07T10:28:41.168000+00:00,-13.579139770000012,2.47680113751675,-11.102338632483262
9,8842245726,dota2-bb4-lgd-2026-06-07,2026-06-07T11:59:53.564000+00:00,13.09899999999999,0.53179755,13.63079754999999
9,8842468101,dota2-ty-lgd-2026-06-07-game1,2026-06-07T14:21:40.854000+00:00,0.9000000000000021,0.10293749999999999,1.002937500000002
9,8842596730,dota2-ty-lgd-2026-06-07-game2,2026-06-07T15:49:20.066000+00:00,0.0,0.0,0.0
9,8842722527,dota2-ty-lgd-2026-06-07-game3,2026-06-07T17:12:22.566000+00:00,23.667099149999984,2.22838227552375,25.895481425523734
9,8842845018,dota2-ty-lgd-2026-06-07-game4,2026-06-07T18:51:58.999000+00:00,1.5691000000000006,0.010238377500000001,1.5793383775000005
9,8843465364,dota2-4iki-nande4-2026-06-08-game1,2026-06-08T09:15:08.776000+00:00,-0.9700000000000002,0.06500625,-0.9049937500000002
9,8843512570,dota2-4iki-nande4-2026-06-08-game2,2026-06-08T10:09:45.609000+00:00,-103.81200073000002,0.87254053275525,-102.93946019724477
9,8843560379,dota2-4iki-nande4-2026-06-08,2026-06-08T11:10:54.138000+00:00,0.3200000000000003,0.028752,0.3487520000000003
9,8843760302,dota2-vpp-balu-2026-06-08-game2,2026-06-08T13:42:26.324000+00:00,32.91080000000002,0.4547386499999999,33.365538650000026
9,8844054970,dota2-z10-sb5-2026-06-08-game2,2026-06-08T17:08:41.204000+00:00,19.57020000000001,0.658420335,20.22862033500001
9,8844132483,dota2-vpp-z10-2026-06-08-game1,2026-06-08T18:23:01.210000+00:00,0.0,0.0,0.0
9,8844244719,dota2-vpp-z10-2026-06-08-game2,2026-06-08T19:45:42.908000+00:00,37.883513570000005,0.7485581428957501,38.63207171289576
9,8844308689,dota2-vpp-z10-2026-06-08,2026-06-08T20:50:38.757000+00:00,46.335400000000014,1.049366985,47.38476698500001
9,8850534819,dota2-ill-pr1-2026-06-13-game2,2026-06-13T17:10:42.502000+00:00,-7.5,0.6320624999999999,-6.8679375
9,8850593633,dota2-ill-pr1-2026-06-13,2026-06-13T18:00:57.551000+00:00,0.0,0.0,0.0
9,8851984783,dota2-4iki-pr1-2026-06-14-game2,2026-06-14T16:46:25.798000+00:00,-3.4629000000000083,1.5345899175,-1.9283100825000083
9,8852055373,dota2-4iki-pr1-2026-06-14,2026-06-14T17:46:02.690000+00:00,0.050000000000000266,0.018431250000000003,0.06843125000000028
9,8854443395,dota2-fla-spirit1-2026-06-16-game1,2026-06-16T16:31:44.570000+00:00,-1.8000000000000007,0.073485,-1.7265150000000007
9,8885183102,dota2-flc-bb4-2026-07-07-game1,2026-07-07T09:47:24.433000+00:00,2.696135190000007,0.82747160399925,3.5236067939992566
9,8885195986,dota2-re-xtreme-2026-07-07-game1,2026-07-07T09:55:03.037000+00:00,7.792200000000008,0.6566876549999998,8.448887655000007
9,8885252329,dota2-flc-bb4-2026-07-07-game2,2026-07-07T11:01:59.599000+00:00,0.47999999999998977,1.22926893,1.7092689299999897
9,8885275216,dota2-re-xtreme-2026-07-07-game2,2026-07-07T11:16:11.813000+00:00,-10.247599999999949,0.899088225,-9.348511774999949
9,8885365825,dota2-l1ga-ngx-2026-07-07-game1,2026-07-07T12:34:49.112000+00:00,0.0,0.0,0.0
9,8885380529,dota2-liquid-playti-2026-07-07-game1,2026-07-07T12:43:07.045000+00:00,2.4122000000000057,0.4475837100000001,2.8597837100000056
9,8885411801,dota2-lvlup1-aur1-2026-07-07-game1,2026-07-07T13:06:28.530000+00:00,0.0,0.0,0.0
9,8885470551,dota2-l1ga-ngx-2026-07-07-game2,2026-07-07T13:39:34.570000+00:00,11.82501499999997,0.7331343243749999,12.55814932437497
9,8885473599,dota2-liquid-playti-2026-07-07-game2,2026-07-07T13:52:27.923000+00:00,-21.859455319999967,4.509369082344,-17.350086237655965
9,8885529711,dota2-lvlup1-aur1-2026-07-07-game2,2026-07-07T14:23:52.590000+00:00,7.799199999999999,0.056645759999999976,7.855845759999999
9,8885633666,dota2-ts8-mouz-2026-07-07-game1,2026-07-07T15:33:28.678000+00:00,36.8845,2.6536621274999996,39.5381621275
9,8885665054,dota2-nem-pari-2026-07-07-game1,2026-07-07T15:41:38.548000+00:00,32.135491000000016,0.5358996989250001,32.671390698925016
9,8885784652,dota2-ts8-mouz-2026-07-07-game2,2026-07-07T17:16:32.961000+00:00,-22.022026439999962,1.166256525873,-20.855769914126963
9,8885871759,dota2-ic-1win-2026-07-07-game1,2026-07-07T18:31:07.999000+00:00,0.25,0.038156249999999996,0.28815625
9,8885928262,dota2-ty-og-2026-07-07-game1,2026-07-07T19:03:44.444000+00:00,47.67840000000001,0.4282757099999999,48.10667571000001
9,8885974297,dota2-ic-1win-2026-07-07-game2,2026-07-07T19:32:14.446000+00:00,0.0,0.0,0.0
9,8886005043,dota2-ty-og-2026-07-07-game2,2026-07-07T20:03:05.981000+00:00,0.0,0.0,0.0
9,8886576019,dota2-poorra-bb4-2026-07-08-game1,2026-07-08T09:20:01.472000+00:00,0.0,0.0,0.0
9,8886572854,dota2-gl-xtreme-2026-07-08-game1,2026-07-08T09:27:27.007000+00:00,-22.174199999999985,3.334944015,-18.839255984999983
9,8886638110,dota2-poorra-bb4-2026-07-08-game2,2026-07-08T10:36:00.005000+00:00,4.597400000000022,0.739975035,5.337375035000021
9,8886640910,dota2-flc-re-2026-07-08-game2,2026-07-08T10:39:41.623000+00:00,14.45000000000001,1.1199704849999996,15.56997048500001
9,8886641793,dota2-gl-xtreme-2026-07-08-game2,2026-07-08T10:45:04.782000+00:00,-7.0395999999998935,2.84301465,-4.196585349999893
9,8886728756,dota2-l1ga-playti-2026-07-08-game1,2026-07-08T12:02:19.795000+00:00,-26.002000000000038,3.41804082,-22.583959180000036
9,8886736772,dota2-liquid-lvlup1-2026-07-08-game1,2026-07-08T12:08:59.488000+00:00,6.976799999999997,0.38075886000000003,7.3575588599999975
9,8886788497,dota2-ngx-aur1-2026-07-08-game1,2026-07-08T12:47:30.744000+00:00,12.887942279999976,0.42992142007799994,13.317863700077975
9,8886815251,dota2-l1ga-playti-2026-07-08-game2,2026-07-08T13:04:20.712000+00:00,8.333400000000012,0.8106314849999998,9.144031485000012
9,8886862310,dota2-liquid-lvlup1-2026-07-08-game2,2026-07-08T13:37:25.898000+00:00,7.391199999999998,0.053216640000000044,7.444416639999998
9,8886994890,dota2-ts8-nem-2026-07-08-game1,2026-07-08T14:59:11.781000+00:00,0.0,0.0,0.0
9,8887100676,dota2-vg-pari-2026-07-08-game1,2026-07-08T16:18:23.954000+00:00,0.0,0.0,0.0
9,8887114313,dota2-ts8-nem-2026-07-08-game2,2026-07-08T16:15:19.583000+00:00,-0.7380000000000031,0.062194949999999985,-0.6758050500000031
9,8887197358,dota2-vg-pari-2026-07-08-game2,2026-07-08T17:23:00.102000+00:00,0.0,0.0,0.0
9,8887218598,dota2-lgd-og-2026-07-08-game1,2026-07-08T17:27:41.870000+00:00,0.8000000000000007,0.053009999999999995,0.8530100000000007
9,8887260104,dota2-ty-ic-2026-07-08-game1,2026-07-08T17:58:24.214000+00:00,0.0,0.0,0.0
9,8887314193,dota2-lgd-og-2026-07-08-game2,2026-07-08T18:40:30.736000+00:00,-25.712013719999987,1.8297503451239998,-23.882263374875986
9,8887325211,dota2-vp-1win-2026-07-08-game1,2026-07-08T18:51:24.334000+00:00,-26.163599999999995,1.2140715599999998,-24.949528439999995
9,8887337672,dota2-ty-ic-2026-07-08-game2,2026-07-08T19:01:29.872000+00:00,2.3810000000000002,0.467687925,2.848687925
9,8887432754,dota2-vp-1win-2026-07-08-game2,2026-07-08T20:20:02.742000+00:00,49.31100803999999,0.304620054951,49.61562809495099
9,8887986392,dota2-poorra-xtreme-2026-07-09-game1,2026-07-09T09:21:30.237000+00:00,-24.41379999999998,4.595172209999999,-19.81862778999998
9,8887998750,dota2-bb4-re-2026-07-09-game1,2026-07-09T09:29:32.198000+00:00,0.0,0.0,0.0
9,8888056358,dota2-poorra-xtreme-2026-07-09-game2,2026-07-09T10:34:44.979000+00:00,-3.3578000000000543,2.089519275,-1.2682807250000545
9,8888066684,dota2-bb4-re-2026-07-09-game2,2026-07-09T10:43:25.275000+00:00,-15.998806859999988,0.8028028255005,-15.196004034499488
9,8888083694,dota2-gl-flc-2026-07-09-game2,2026-07-09T11:11:32.224000+00:00,7.594799999999992,0.59524245,8.190042449999993
9,8888160657,dota2-l1ga-aur1-2026-07-09-game1,2026-07-09T12:09:38.901000+00:00,1.0989000000000075,0.46356707249999995,1.5624670725000076
9,8888173515,dota2-playti-lvlup1-2026-07-09-game1,2026-07-09T12:20:27.216000+00:00,0.060000000000030695,0.68975181,0.7497518100000307
9,8888217771,dota2-ngx-liquid-2026-07-09-game1,2026-07-09T12:52:14.212000+00:00,5.555599999999998,0.8208399,6.3764398999999985
9,8888260336,dota2-l1ga-aur1-2026-07-09-game2,2026-07-09T13:20:05.771000+00:00,0.0,0.0,0.0
9,8888279558,dota2-playti-lvlup1-2026-07-09-game2,2026-07-09T13:33:23.111000+00:00,0.0,0.0,0.0
9,8888318197,dota2-ngx-liquid-2026-07-09-game2,2026-07-09T14:04:08.888000+00:00,3.1810292000000118,1.2559109823599999,4.436940182360011
9,8888405761,dota2-mouz-nem-2026-07-09-game1,2026-07-09T14:48:45.816000+00:00,10.8108,0.7378370999999999,11.5486371
9,8888425887,dota2-rnx-pari-2026-07-09-game1,2026-07-09T15:02:02.148000+00:00,0.0,0.0,0.0
9,8888489297,dota2-vg-ts8-2026-07-09-game1,2026-07-09T15:42:43.149000+00:00,-38.53699999999998,0.9909926249999998,-37.54600737499998
9,8888555097,dota2-mouz-nem-2026-07-09-game2,2026-07-09T16:24:34.308000+00:00,-36.747900000000016,2.8884029774999993,-33.859497022500015
9,8888554919,dota2-rnx-pari-2026-07-09-game2,2026-07-09T16:26:10.054000+00:00,0.0,0.0,0.0
9,8888592426,dota2-vg-ts8-2026-07-09-game2,2026-07-09T16:59:54.115000+00:00,-15.789600000000007,0.7744798800000001,-15.015120120000008
9,8888682602,dota2-og-ic-2026-07-09-game1,2026-07-09T17:53:01.981000+00:00,-56.01079999999996,2.551052325,-53.45974767499996
9,8888693655,dota2-vp-ty-2026-07-09-game1,2026-07-09T18:07:57.629000+00:00,4.651200000000017,0.3941892,5.045389200000017
9,8888731478,dota2-lgd-1win-2026-07-09-game1,2026-07-09T18:35:20.326000+00:00,7.874599999999958,2.081696955,9.956296954999958
9,8888771711,dota2-og-ic-2026-07-09-game2,2026-07-09T19:04:50.495000+00:00,0.0,0.0,0.0
9,8888819433,dota2-lgd-1win-2026-07-09-game2,2026-07-09T19:41:02.532000+00:00,19.62058130999999,1.56536252510025,21.185943835100243
9,8889452921,dota2-re-gl-2026-07-10-game1,2026-07-10T09:17:34.068000+00:00,9.253200000000021,0.38940074999999996,9.642600750000021
9,8889468264,dota2-xtreme-bb4-2026-07-10-game1,2026-07-10T09:26:30.741000+00:00,0.5754999999999946,1.0126621875000001,1.5881621874999947
9,8889513730,dota2-poorra-flc-2026-07-10-game2,2026-07-10T10:17:36.842000+00:00,5.0,0.2113125,5.2113125
9,8889524021,dota2-xtreme-bb4-2026-07-10-game2,2026-07-10T10:37:39.793000+00:00,0.001971419999989621,1.6532985086145,1.6552699286144896
9,8889538949,dota2-re-gl-2026-07-10-game2,2026-07-10T10:40:57.402000+00:00,-5.9616008599999475,1.149816357549,-4.811784502450948
9,8889615310,dota2-l1ga-liquid-2026-07-10-game1,2026-07-10T11:48:20.990000+00:00,3.5829999999999984,1.4932500750000002,5.076250074999999
9,8889621582,dota2-aur1-playti-2026-07-10-game1,2026-07-10T11:57:42.116000+00:00,-43.67530000000002,1.0459899675,-42.62931003250002
9,8889699098,dota2-l1ga-liquid-2026-07-10-game2,2026-07-10T12:46:15.831000+00:00,0.0,0.0,0.0
9,8889733840,dota2-aur1-playti-2026-07-10-game2,2026-07-10T13:14:22.837000+00:00,0.0,0.0,0.0
9,8889871314,dota2-nem-vg-2026-07-10-game1,2026-07-10T14:27:52.631000+00:00,36.8424,0.53763588,37.38003588
9,8889914618,dota2-pari-mouz-2026-07-10-game1,2026-07-10T14:59:49.254000+00:00,-24.341943100000023,0.501367868775,-23.840575231225024
9,8889944251,dota2-rnx-ts8-2026-07-10-game1,2026-07-10T15:15:29.857000+00:00,6.593400000000003,0.22796680500000005,6.821366805000003
9,8890008812,dota2-nem-vg-2026-07-10-game2,2026-07-10T15:49:04.827000+00:00,29.76600000000002,0.87301971,30.63901971000002
9,8890036748,dota2-pari-mouz-2026-07-10-game2,2026-07-10T16:15:07.698000+00:00,27.272400000000005,0.17999784000000002,27.452397840000003
9,8890074597,dota2-rnx-ts8-2026-07-10-game2,2026-07-10T16:28:42.555000+00:00,0.0,0.0,0.0
9,8890179830,dota2-lgd-ty-2026-07-10-game1,2026-07-10T17:38:53.401000+00:00,4.010488159999994,0.363764055876,4.374252215875995
9,8890270555,dota2-1win-og-2026-07-10-game2,2026-07-10T18:36:26.467000+00:00,0.0,0.0,0.0
9,8890268632,dota2-lgd-ty-2026-07-10-game2,2026-07-10T18:43:14.663000+00:00,-4.310799999999986,0.793207395,-3.517592604999986
9,8890301402,dota2-ic-vp-2026-07-10-game2,2026-07-10T18:52:09.717000+00:00,0.0,0.0,0.0
9,8891108843,dota2-poorra-re-2026-07-11-game1,2026-07-11T09:15:44.932000+00:00,2.34,0.047170500000000004,2.3871705
9,8891108985,dota2-bb4-gl-2026-07-11-game1,2026-07-11T09:17:06.187000+00:00,0.15000000000000568,0.917688315,1.0676883150000056
9,8891145641,dota2-xtreme-flc-2026-07-11-game1,2026-07-11T09:30:07.111000+00:00,3.2289113599999926,0.18929985343200004,3.4182112134319924
9,8891217710,dota2-poorra-re-2026-07-11-game2,2026-07-11T10:44:50.172000+00:00,-62.895200700000004,1.4241012576375,-61.4710994423625
9,8891240327,dota2-xtreme-flc-2026-07-11-game2,2026-07-11T11:01:14.698000+00:00,10.23794297000002,1.8668367999442501,12.10477976994427
9,8891325877,dota2-l1ga-lvlup1-2026-07-11-game1,2026-07-11T12:09:46.181000+00:00,-15.302102000000026,0.6614533687499999,-14.640648631250027
9,8891349244,dota2-playti-ngx-2026-07-11-game1,2026-07-11T12:27:52.369000+00:00,75.11920000000002,3.6100886699999997,78.72928867000002
9,8891371442,dota2-aur1-liquid-2026-07-11-game1,2026-07-11T12:43:19.319000+00:00,1.4599999999999973,0.179067,1.6390669999999974
9,8891438996,dota2-l1ga-lvlup1-2026-07-11-game2,2026-07-11T13:19:40.554000+00:00,-0.8200000000000003,0.0973005,-0.7226995000000003
9,8891497910,dota2-aur1-liquid-2026-07-11-game2,2026-07-11T13:53:37.287000+00:00,2.4700000000000006,0.037976249999999996,2.5079762500000005
9,8891519142,dota2-playti-ngx-2026-07-11-game2,2026-07-11T14:08:43.754000+00:00,-11.029543769999975,0.5039791534027499,-10.525564616597226
9,8892829232,dota2-mouz-vg-2026-07-12-game1,2026-07-12T09:15:57.248000+00:00,-18.46329999999996,0.8853565274999999,-17.57794347249996
9,8892835652,dota2-rnx-nem-2026-07-12-game1,2026-07-12T09:19:01.546000+00:00,-39.061200000000056,2.7287097,-36.33249030000005
9,8892836635,dota2-pari-ts8-2026-07-12-game1,2026-07-12T09:26:06.808000+00:00,-34.87229999999997,2.3482803074999996,-32.52401969249997
9,8892923329,dota2-mouz-vg-2026-07-12-game2,2026-07-12T10:25:59.512000+00:00,-1.1465010200000059,1.9234163742105,0.7769153542104941
9,8892914077,dota2-pari-ts8-2026-07-12-game2,2026-07-12T10:31:28.406000+00:00,-7.469999999999985,0.90624525,-6.563754749999985
9,8892958964,dota2-rnx-nem-2026-07-12-game2,2026-07-12T10:53:08.655000+00:00,-110.46339999999996,1.107682605,-109.35571739499997
9,8893070561,dota2-1win-ty-2026-07-12-game1,2026-07-12T12:14:45.162000+00:00,-0.2528000000000219,2.79335982,2.540559819999978
9,8893106015,dota2-og-vp-2026-07-12-game1,2026-07-12T12:36:42.440000+00:00,1.1199999999999974,0.27898049999999996,1.3989804999999973
9,8893165071,dota2-1win-ty-2026-07-12-game2,2026-07-12T13:18:20.777000+00:00,-26.856600639999996,1.156511833176,-25.700088806823995
9,8893253595,dota2-og-vp-2026-07-12-game2,2026-07-12T13:56:28.498000+00:00,7.842799999999961,1.4742447300000001,9.317044729999962
9,8896139222,dota2-re-vp-2026-07-14-game1,2026-07-14T11:15:10.363000+00:00,-9.622999999999962,1.5318667499999998,-8.091133249999963
9,8896140998,dota2-liquid-xtreme-2026-07-14-game1,2026-07-14T11:24:31.795000+00:00,-14.285700000000013,4.5396194175,-9.746080582500014
9,8896234088,dota2-re-vp-2026-07-14-game2,2026-07-14T12:30:48.003000+00:00,-0.379999999999999,0.06480899999999999,-0.315190999999999
9,8896267691,dota2-liquid-xtreme-2026-07-14-game2,2026-07-14T13:05:08.216000+00:00,1.4904000000000224,2.184145965,3.6745459650000223
9,8896380183,dota2-re-vp-2026-07-14,2026-07-14T14:02:34.965000+00:00,-69.39230000000003,3.2875205625,-66.10477943750003
9,8896486914,dota2-liquid-xtreme-2026-07-14,2026-07-14T15:13:00.049000+00:00,-9.544402689999977,1.6751639139127499,-7.8692387760872275
9,8896645659,dota2-lgd-mouz-2026-07-14-game1,2026-07-14T16:55:49.823000+00:00,0.1612,0.022656660000000002,0.18385666
9,8896731473,dota2-lgd-mouz-2026-07-14-game2,2026-07-14T18:02:11.857000+00:00,-14.428200000000018,0.9253868850000001,-13.502813115000018
9,8897585705,dota2-aur1-re-2026-07-15-game1,2026-07-15T11:19:40.513000+00:00,-4.588805919999999,0.4440920337840001,-4.144713886215999
9,8897588873,dota2-ts8-liquid-2026-07-15-game1,2026-07-15T11:25:30.473000+00:00,-1.1999999999999993,0.14973,-1.0502699999999994
9,8897695379,dota2-aur1-re-2026-07-15-game2,2026-07-15T12:41:48.340000+00:00,-0.231899999999996,0.5581882874999999,0.32628828750000394
9,8897696869,dota2-ts8-liquid-2026-07-15-game2,2026-07-15T12:54:25.976000+00:00,-0.48682380999994734,8.08647895964475,7.5996551496448035
9,8897831774,dota2-ts8-liquid-2026-07-15,2026-07-15T14:13:24.528000+00:00,-1.0202227199999925,0.932846050872,-0.08737666912799247
9,8897841991,dota2-1win-vg-2026-07-15-game1,2026-07-15T14:22:22.284000+00:00,-4.894799999999975,0.7535265299999999,-4.141273469999975
9,8897971312,dota2-1win-vg-2026-07-15-game2,2026-07-15T15:33:39.656000+00:00,21.101699999999994,1.5240744225,22.625774422499994
9,8898003442,dota2-bb4-lgd-2026-07-15-game1,2026-07-15T15:56:58.589000+00:00,-1.0,0.0912,-0.9088
9,8898084910,dota2-1win-vg-2026-07-15,2026-07-15T16:49:08.935000+00:00,-16.68369999999996,3.0796421025,-13.60405789749996
9,8898117600,dota2-bb4-lgd-2026-07-15-game2,2026-07-15T17:15:52.403000+00:00,8.054999999999978,0.761750625,8.816750624999978
9,8899028080,dota2-ty-ts8-2026-07-17-game1,2026-07-16T11:25:22.617000+00:00,-23.188799999999986,0.98219061,-22.206609389999986
9,8899120700,dota2-ty-ts8-2026-07-17-game2,2026-07-16T12:44:26.752000+00:00,-11.801566000000008,1.1293272945,-10.672238705500009
9,8899307453,dota2-pari-re-2026-07-17-game1,2026-07-16T14:36:23.407000+00:00,10.256399999999985,0.61384554,10.870245539999985
9,8899420575,dota2-pari-re-2026-07-17-game2,2026-07-16T15:46:28.167000+00:00,3.0,0.21622499999999995,3.216225
9,8900508749,dota2-flc-vg-2026-07-16-game1,2026-07-17T11:21:46.405000+00:00,-30.64590000000001,1.2078665325,-29.438033467500013
9,8900623530,dota2-flc-vg-2026-07-16-game2,2026-07-17T12:54:30.551000+00:00,-14.889776640000008,3.1646102369279996,-11.72516640307201
9,8900771154,dota2-ngx-bb4-2026-07-16-game1,2026-07-17T14:28:08.196000+00:00,6.084800000000001,0.8952972,6.980097200000001
9,8900882416,dota2-ngx-bb4-2026-07-16-game2,2026-07-17T15:33:10.588000+00:00,4.369099999999975,0.8537232525,5.222823252499975
9,8902107148,dota2-bb4-vg-2026-07-18-game1,2026-07-18T11:22:02.020000+00:00,2.0,0.0616125,2.0616125
9,8902173969,dota2-bb4-vg-2026-07-18-game2,2026-07-18T12:21:15.910000+00:00,-14.457599999999985,0.5750510400000001,-13.882548959999985
9,8902338515,dota2-ty-pari-2026-07-18-game1,2026-07-18T14:06:38.308000+00:00,-5.702199999999948,4.4700634500000005,-1.2321365499999475
9,8902431810,dota2-ty-pari-2026-07-18-game2,2026-07-18T15:09:37.865000+00:00,-0.531800000000004,2.695464345,2.163664344999996
9,8902610619,dota2-ty-pari-2026-07-18,2026-07-18T16:48:06.686000+00:00,-9.821400000000011,3.7340413649999995,-6.087358635000012
9,8903705555,dota2-vg-ty-2026-07-19-game1,2026-07-19T10:24:33.152000+00:00,4.6521999999999935,0.970492755,5.622692754999994
9,8903789784,dota2-vg-ty-2026-07-19-game2,2026-07-19T11:31:19.185000+00:00,10.666800000000023,0.7068088349999999,11.373608835000024
9,8904012666,dota2-bb4-pari-2026-07-19-game1,2026-07-19T13:57:51.853000+00:00,69.60079999999999,3.6931171799999998,73.29391718
9,8904157676,dota2-bb4-pari-2026-07-19-game2,2026-07-19T15:17:11.337000+00:00,3.3908000000000045,2.92853715,6.319337150000004
9,8904322271,dota2-bb4-pari-2026-07-19-game3,2026-07-19T16:52:33.960000+00:00,3.846199999999982,2.848580595,6.6947805949999815
9,8904419709,dota2-bb4-pari-2026-07-19-game4,2026-07-19T18:05:14.511000+00:00,5.477999999999986,0.780414525,6.258414524999987
9,8905035315,dota2-stx-lynx-2026-07-20-game1,2026-07-20T07:25:19.610000+00:00,0.0025721999999959166,0.20788649595000003,0.21045869594999594
9,8905093611,dota2-stx-lynx-2026-07-20-game2,2026-07-20T08:36:36.644000+00:00,57.99633032999997,2.39745254783925,60.39378287783922
9,8905164476,dota2-stx-lynx-2026-07-20,2026-07-20T10:04:24.370000+00:00,50.41821735999994,1.720473680004,52.13869104000394
9,8905233934,dota2-lynx-pckcp-2026-07-20-game1,2026-07-20T11:15:17.947000+00:00,27.767297799999987,0.6950122816095,28.462310081609488
9,8905359313,dota2-lynx-pckcp-2026-07-20-game2,2026-07-20T12:49:30.119000+00:00,-0.9300000000000006,0.04593525,-0.8840647500000006
9,8905490238,dota2-z10-nemiga-2026-07-20-game1,2026-07-20T14:13:02.081000+00:00,-6.559999999999999,0.135666,-6.424333999999999
9,8905612460,dota2-z10-nemiga-2026-07-20-game2,2026-07-20T15:25:40.567000+00:00,-6.523900000000019,1.1307520575,-5.393147942500018
9,8905741721,dota2-spirit1-jenz-2026-07-20-game1,2026-07-20T16:55:30.580000+00:00,11.58849999999999,1.3614410625,12.949941062499988
9,8905885788,dota2-spirit1-jenz-2026-07-20-game2,2026-07-20T18:35:45.253000+00:00,0.0,0.14274,0.14274
9,8905975768,dota2-lvlup1-ill-2026-07-20-game1,2026-07-20T19:45:16.612000+00:00,-1.9499999999999993,0.09608625,-1.8539137499999994
9,8906069414,dota2-lvlup1-ill-2026-07-20-game2,2026-07-20T20:59:36.536000+00:00,-18.626899999999992,0.8791729875,-17.747727012499993
9,8906479441,dota2-nemiga-dan-2026-07-21-game1,2026-07-21T07:24:02.590000+00:00,32.29167069000003,0.59707678744425,32.888747477444284
9,8906547471,dota2-nemiga-dan-2026-07-21-game2,2026-07-21T08:48:51.736000+00:00,0.30000000000000027,0.1419525,0.4419525000000003
9,8906626852,dota2-pckcp-stx-2026-07-21-game1,2026-07-21T10:17:03.931000+00:00,-2.0940000000000145,0.72747561,-1.3665243900000146
9,8906706819,dota2-pckcp-stx-2026-07-21-game2,2026-07-21T11:28:10.072000+00:00,0.8701000000000079,1.0479691424999997,1.9180691425000076
9,8906814740,dota2-pckcp-stx-2026-07-21,2026-07-21T12:50:32.182000+00:00,-3.0122041000000195,1.233818852085,-1.7783852479150195
9,8906911697,dota2-lynx-spirit1-2026-07-21-game1,2026-07-21T14:01:22.509000+00:00,-3.7402000000000015,1.08744693,-2.6527530700000015
9,8907021823,dota2-lynx-spirit1-2026-07-21-game2,2026-07-21T14:54:33.550000+00:00,-48.508883880000035,1.886334948831,-46.622548931169035
9,8907114935,dota2-lynx-spirit1-2026-07-21,2026-07-21T15:55:17.448000+00:00,-7.52000000000001,1.789677,-5.73032300000001
9,8907236730,dota2-jenz-lynx-2026-07-21-game1,2026-07-21T17:22:36.365000+00:00,0.0,0.0,0.0
9,8907319204,dota2-jenz-lynx-2026-07-21-game2,2026-07-21T18:19:16.673000+00:00,-35.457755499999955,0.8431735982399999,-34.614581901759955
9,8907510684,dota2-z10-aion-2026-07-21-game2,2026-07-21T20:45:41.820000+00:00,0.0,0.0,0.0
9,8907942033,dota2-ill-dan-2026-07-22-game1,2026-07-22T07:18:07.776000+00:00,-0.9709000000000003,0.35789801250000003,-0.6130019875000003
9,8907997366,dota2-ill-dan-2026-07-22-game2,2026-07-22T08:30:21.640000+00:00,10.656997319999988,0.724492490766,11.381489810765988
9,8908178087,dota2-nemiga-aion-2026-07-22-game2,2026-07-22T11:35:02.272000+00:00,0.0,0.016932000000000003,0.016932000000000003
9,8908313996,dota2-stx-spirit1-2026-07-22-game1,2026-07-22T13:26:43.307000+00:00,0.04526736000000753,0.19480160750400005,0.24006896750400758
9,8908486051,dota2-stx-spirit1-2026-07-22-game2,2026-07-22T15:03:55.390000+00:00,23.564678020000002,0.7348218722069999,24.299499892207002
9,8908612824,dota2-stx-spirit1-2026-07-22,2026-07-22T16:27:56.948000+00:00,1.0450979100000382,1.7861407341922497,2.831238644192288
9,8908710300,dota2-z10-lvlup1-2026-07-22-game1,2026-07-22T17:40:32.974000+00:00,-15.44160000000005,1.63518564,-13.806414360000051
9,8908926344,dota2-z10-lvlup1-2026-07-22,2026-07-22T20:21:42.790000+00:00,-14.986713710000032,2.68752806739825,-12.299185642601781
9,8909388284,dota2-dan-z10-2026-07-23-game1,2026-07-23T07:17:23.633000+00:00,0.0,0.0,0.0
9,8909443684,dota2-dan-z10-2026-07-23-game2,2026-07-23T08:24:14.078000+00:00,0.0,0.02625,0.02625
9,8909498494,dota2-dan-z10-2026-07-23,2026-07-23T09:35:42.112000+00:00,0.0,0.01512,0.01512
9,8909658828,dota2-spirit1-pckcp-2026-07-23-game2,2026-07-23T11:56:35.158000+00:00,0.0,0.0,0.0
9,8909780227,dota2-spirit1-pckcp-2026-07-23,2026-07-23T13:29:29.880000+00:00,-0.3382999999999754,1.5591901125,1.2208901125000247
9,8910104556,dota2-jenz-kw1-2026-07-23-game2,2026-07-23T16:47:57.620000+00:00,-6.119999999999997,0.1149795,-6.005020499999998
9,8910216725,dota2-jenz-kw1-2026-07-23,2026-07-23T18:09:02.529000+00:00,-0.2643999999999984,0.14556608999999998,-0.11883390999999843
9,8910344715,dota2-lvlup1-aion-2026-07-23-game1,2026-07-23T19:45:58.831000+00:00,0.0,0.0,0.0
9,8910461593,dota2-lvlup1-aion-2026-07-23-game2,2026-07-23T21:18:59.726000+00:00,-4.4517999999999995,0.18788671499999998,-4.263913284999999
9,8910535715,dota2-lvlup1-aion-2026-07-23,2026-07-23T22:37:28.157000+00:00,1.1700000000000004,0.03381975,1.2038197500000003
9,8910589445,dota2-nemiga-ill-2026-07-23-game1,2026-07-23T23:33:41.369000+00:00,19.0762,1.20493737,20.28113737
9,8910670427,dota2-nemiga-ill-2026-07-23,2026-07-24T01:26:47.762000+00:00,-19.8378,3.250025445,-16.587774555000003
9,8910982575,dota2-aion-dan-2026-07-24-game2,2026-07-24T08:39:31.809000+00:00,0.0,0.0,0.0
9,8911277378,dota2-kw1-stx-2026-07-24-game2,2026-07-24T13:08:23.857000+00:00,-169.80237194999998,0.49762763060774995,-169.30474431939223
9,8911784562,dota2-z10-ill-2026-07-24-game1,2026-07-24T18:00:21.302000+00:00,-60.639700000000005,1.7506869374999998,-58.889013062500005
9,8911916389,dota2-z10-ill-2026-07-24-game2,2026-07-24T19:32:36.981000+00:00,-0.7999999999999972,0.2901,-0.5098999999999971
9,8912045230,dota2-nemiga-lvlup1-2026-07-24-game1,2026-07-24T21:05:49.488000+00:00,-19.608000000000004,1.46559996,-18.142400040000005
9,8912123729,dota2-nemiga-lvlup1-2026-07-24-game2,2026-07-24T22:15:39.296000+00:00,0.0,0.0,0.0
9,8912551235,dota2-ill-aion-2026-07-25-game1,2026-07-25T07:19:52.253000+00:00,0.0,0.0,0.0
9,8912622476,dota2-ill-aion-2026-07-25-game2,2026-07-25T08:27:06.996000+00:00,11.354000000000013,0.5727525299999999,11.926752530000014
9,8912758286,dota2-pckcp-jenz-2026-07-22-game1,2026-07-25T10:25:45.605000+00:00,-27.660200959999983,1.2224229868319998,-26.437777973167982
9,8912831712,dota2-pckcp-jenz-2026-07-22-game2,2026-07-25T11:23:26.682000+00:00,0.0,0.0,0.0
9,8912974141,dota2-pckcp-jenz-2026-07-22,2026-07-25T13:02:19.241000+00:00,-9.450000000000003,1.15829325,-8.291706750000003
9,8913307206,dota2-kw1-pckcp-2026-07-25-game1,2026-07-25T16:28:48.834000+00:00,0.0,0.0,0.0
9,8913598312,dota2-lynx-kw1-2026-07-25-game1,2026-07-25T19:28:05.257000+00:00,-11.037900640000046,1.469033780004,-9.568866859996046
9,8913726962,dota2-lynx-kw1-2026-07-25-game2,2026-07-25T20:57:15.562000+00:00,-18.45039999999995,2.74915683,-15.701243169999948
9,8913824141,dota2-lynx-kw1-2026-07-25,2026-07-25T22:21:39.642000+00:00,-28.02960000000001,1.51799862,-26.51160138000001
9,8914414410,dota2-nemiga-ill-2026-07-26-game1,2026-07-26T09:26:59.644000+00:00,-75.08855560000003,1.0357769994,-74.05277860060004
9,8914520562,dota2-nemiga-ill-2026-07-26-game2,2026-07-26T10:41:21.923000+00:00,0.8000000000000043,0.1497,0.9497000000000042
9,8914637220,dota2-nemiga-ill-2026-07-26,2026-07-26T12:04:18.708000+00:00,29.411999999999978,0.8585362799999999,30.270536279999977
9,8914749408,dota2-rearis-pckcp-2026-07-26-game1,2026-07-26T13:19:34.036000+00:00,-7.669199999999975,0.774742545,-6.8944574549999755
9,8914885598,dota2-rearis-pckcp-2026-07-26-game2,2026-07-26T14:24:02.001000+00:00,49.64150000000001,0.30260808749999996,49.944108087500005
9,8915002841,dota2-kw1-rearis-2026-07-26-game1,2026-07-26T15:32:54.677000+00:00,0.0,0.0,0.0
9,8915137972,dota2-kw1-rearis-2026-07-26-game2,2026-07-26T16:47:26.165000+00:00,0.3000000000000007,0.024412499999999993,0.3244125000000007
9,8915271266,dota2-jenz-stx-2026-07-26-game1,2026-07-26T18:26:53.337000+00:00,0.0,0.0,0.0
9,8915390117,dota2-jenz-stx-2026-07-26-game2,2026-07-26T19:37:39.362000+00:00,0.5386000000000024,0.07957815,0.6181781500000024
9,8915498965,dota2-jenz-stx-2026-07-26,2026-07-26T20:57:43.107000+00:00,-17.412713339999975,1.4941809387255,-15.918532401274476
9,8916041863,dota2-lvlup1-pckcp-2026-07-27-game1,2026-07-27T09:21:33.291000+00:00,2.6396999999999995,0.032798272499999996,2.6724982724999995
9,8916102349,dota2-lvlup1-pckcp-2026-07-27-game2,2026-07-27T10:12:46.876000+00:00,7.250178919999996,0.37707708806099993,7.627256008060996
9,8916245727,dota2-stx-nemiga-2026-07-27-game1,2026-07-27T12:25:46.061000+00:00,4.19740000000002,1.131908985,5.3293089850000195
9,8916384577,dota2-stx-nemiga-2026-07-27-game2,2026-07-27T13:48:29.618000+00:00,34.40620000000003,4.891446075,39.297646075000024
9,8916474664,dota2-stx-nemiga-2026-07-27,2026-07-27T14:44:54.132000+00:00,-21.639999999999965,1.48204947,-20.157950529999965
9,8917611319,dota2-pr1-nemiga-2026-07-28-game2,2026-07-28T10:17:02.190000+00:00,-2.6142284799999835,0.466248350124,-2.1479801298759833
9,8917675823,dota2-pr1-nemiga-2026-07-28,2026-07-28T11:19:25.327000+00:00,8.933200000000028,0.8670254699999999,9.800225470000028
9,8917738415,dota2-nh-pckcp-2026-07-28-game1,2026-07-28T12:16:10.015000+00:00,0.7703999999999986,0.09458586,0.8649858599999987
9,8917853656,dota2-nh-pckcp-2026-07-28-game2,2026-07-28T13:23:44.955000+00:00,-0.3843000000000032,0.1243690875,-0.2599309125000032
9,8918052500,dota2-pckcp-kw1-2026-07-28-game1,2026-07-28T15:24:46.769000+00:00,17.144117039999998,0.840835882872,17.984952922871997
9,8918176547,dota2-pckcp-kw1-2026-07-28-game2,2026-07-28T16:37:04.197000+00:00,30.87395336,0.8513189263619999,31.725272286362003
9,8919264561,dota2-rearis-z10-2026-07-29-game1,2026-07-29T12:23:03.580000+00:00,15.047765039999986,0.7519584568319999,15.799723496831986
9,8919404744,dota2-rearis-z10-2026-07-29-game2,2026-07-29T13:48:28.368000+00:00,-1.3995999999999924,2.198019045,0.7984190450000077
9,8919546613,dota2-amaru-nemiga-2026-07-29-game1,2026-07-29T15:15:30.082000+00:00,0.0,0.0,0.0
9,8919685210,dota2-amaru-nemiga-2026-07-29-game2,2026-07-29T16:34:50.427000+00:00,-56.38270061999996,1.7367143445704998,-54.64598627542946
9,8919803916,dota2-amaru-nemiga-2026-07-29,2026-07-29T18:02:17.532000+00:00,52.88376091000002,1.50474875088675,54.38850966088677
9,8920655724,dota2-pckcp-z10-2026-07-30-game2,2026-07-30T10:32:16.617000+00:00,0.0,0.0,0.0
9,8920897425,dota2-lvlup1-z10-2026-07-30-game2,2026-07-30T13:37:44.606000+00:00,-4.534799999999999,0.60031575,-3.934484249999999
9,8921002620,dota2-lvlup1-z10-2026-07-30,2026-07-30T14:47:46.063000+00:00,25.18810000000002,1.3856468475,26.57374684750002
9,8921162227,dota2-amaru-pr1-2026-07-30-game1,2026-07-30T16:32:24.441000+00:00,28.20689999999999,1.0923122025,29.29921220249999
9,8921281044,dota2-amaru-pr1-2026-07-30-game2,2026-07-30T17:34:28.519000+00:00,0.0,0.0,0.0
9,8921949036,dota2-re-midas3-2026-07-31-game1,2026-07-31T06:23:42.906000+00:00,0.8000000000000007,0.13457999999999998,0.9345800000000006
9,8922016200,dota2-re-midas3-2026-07-31-game2,2026-07-31T07:39:14.850000+00:00,47.7268,1.02373974,48.750539739999994
9,8922074642,dota2-vg-amaru-2026-07-31-game1,2026-07-31T08:46:41.467000+00:00,4.3688971199999855,0.49228381969199997,4.861180939691986
9,8922137329,dota2-vg-amaru-2026-07-31-game2,2026-07-31T09:48:16.177000+00:00,0.3000000000000007,0.0291825,0.3291825000000007
9,8922133239,dota2-tr7-playti-2026-07-31-game1,2026-07-31T09:57:34.446000+00:00,-6.415017249999963,1.58629990884375,-4.828717341156213
9,8922186876,dota2-vg-amaru-2026-07-31,2026-07-31T10:40:33.810000+00:00,12.788000000000011,1.23263187,14.020631870000011
9,8922211678,dota2-tr7-playti-2026-07-31-game2,2026-07-31T11:00:53.806000+00:00,-0.4499999999999993,0.39157875,-0.058421249999999314
9,8922300474,dota2-enjoy-glyph-2026-07-31-game1,2026-07-31T12:14:29.331000+00:00,-1.7574999999999932,0.6178051875,-1.139694812499993
9,8922339160,dota2-l1ga-rnx-2026-07-31-game1,2026-07-31T12:44:09.822000+00:00,9.75,1.8319762499999999,11.58197625
9,8922400300,dota2-enjoy-glyph-2026-07-31-game2,2026-07-31T13:24:39.311000+00:00,2.0874000000000024,0.14336094,2.2307609400000024
9,8922433138,dota2-l1ga-rnx-2026-07-31-game2,2026-07-31T13:42:06.325000+00:00,-14.03399105999998,0.935727562722,-13.09826349727798
9,8922552315,dota2-l1ga-rnx-2026-07-31,2026-07-31T14:55:23.609000+00:00,3.508800000000008,1.28606292,4.794862920000008
9,8922602122,dota2-yb1-z10-2026-07-31-game1,2026-07-31T15:28:08.646000+00:00,3.636400000000009,1.3470134699999998,4.983413470000009
9,8922722577,dota2-yb1-z10-2026-07-31-game2,2026-07-31T16:35:25.057000+00:00,-11.017200000000003,1.027491615,-9.989708385000002
9,8922818221,dota2-xtreme-lgd-2026-07-31-game1,2026-07-31T17:51:24.199000+00:00,2.0793000000000035,1.5121759275,3.5914759275000034
9,8922940920,dota2-xtreme-lgd-2026-07-31-game2,2026-07-31T19:09:48.720000+00:00,-6.794000000000011,2.42135325,-4.372646750000011
9,8923040358,dota2-xtreme-lgd-2026-07-31,2026-07-31T20:28:40.570000+00:00,1.917898319999992,0.855156167838,2.773054487837992
9,8923506996,dota2-midas3-tr7-2026-08-01-game1,2026-08-01T05:43:01.223000+00:00,1.4299999999999962,0.4033305,1.8333304999999962
9,8923579943,dota2-midas3-tr7-2026-08-01-game2,2026-08-01T07:02:32.143000+00:00,-85.5564,2.36730357,-83.18909642999999
9,8923643650,dota2-midas3-tr7-2026-08-01,2026-08-01T08:08:01.087000+00:00,4.858199999999954,2.42794935,7.286149349999954
9,8923704450,dota2-yes-vg-2026-08-01-game1,2026-08-01T09:01:56.739000+00:00,1.8566000000000145,1.843823715,3.7004237150000145
9,8923780137,dota2-re-playti-2026-08-01-game1,2026-08-01T10:09:39.721000+00:00,-23.108999999999945,2.531091645,-20.577908354999945
9,8923790600,dota2-yes-vg-2026-08-01-game2,2026-08-01T10:14:11.317000+00:00,0.0,0.0,0.0
9,8923874259,dota2-re-playti-2026-08-01-game2,2026-08-01T11:26:12.956000+00:00,14.143999999999998,0.504138,14.648137999999998
9,8923899787,dota2-enjoy-yb1-2026-08-01-game1,2026-08-01T11:45:49.553000+00:00,-23.480200000000007,0.698775945,-22.781424055000006
9,8924057168,dota2-l1ga-lgd-2026-08-01-game1,2026-08-01T13:34:16.709000+00:00,-3.599999999999998,0.12824999999999998,-3.471749999999998
9,8924222714,dota2-l1ga-lgd-2026-08-01-game2,2026-08-01T15:02:43.462000+00:00,0.0,0.0,0.0
9,8924328537,dota2-glyph-z10-2026-08-01-game1,2026-08-01T15:59:42.950000+00:00,26.198077910000052,1.24643200856175,27.444509918561803
9,8924367779,dota2-l1ga-lgd-2026-08-01,2026-08-01T16:23:12.450000+00:00,-32.609370999999996,0.6382642927500001,-31.971106707249994
9,8924468754,dota2-glyph-z10-2026-08-01-game2,2026-08-01T17:25:49.795000+00:00,-22.44720000000001,0.83192712,-21.61527288000001
9,8924530036,dota2-rnx-xtreme-2026-08-01-game1,2026-08-01T18:06:50.164000+00:00,-0.08416348999996615,1.64924422122975,1.5650807312297839
9,8924616191,dota2-rnx-xtreme-2026-08-01-game2,2026-08-01T19:06:22.446000+00:00,16.771667839999985,1.704529585812,18.476197425811986
9,8925210898,dota2-playti-xctn-2026-08-02-game1,2026-08-02T05:28:20.542000+00:00,0.0,0.0,0.0
9,8925308090,dota2-playti-xctn-2026-08-02-game2,2026-08-02T07:03:47.891000+00:00,3.214400000000026,0.5327868,3.7471868000000264
9,8925543582,dota2-yes-tr7-2026-08-02-game1,2026-08-02T10:44:16.945000+00:00,0.029999999999998472,0.07586625,0.10586624999999847
9,8925703946,dota2-yes-tr7-2026-08-02-game2,2026-08-02T11:58:57.158000+00:00,7.272799999999961,1.34346798,8.61626797999996
9,8925847726,dota2-yes-tr7-2026-08-02,2026-08-02T13:17:43.701000+00:00,2.0600000000000014,0.169209,2.2292090000000013
9,8926022375,dota2-rnx-yb1-2026-08-02-game1,2026-08-02T15:09:53.856000+00:00,93.30799999999999,3.39328887,96.70128887
9,8926232913,dota2-rnx-yb1-2026-08-02-game2,2026-08-02T16:42:19.665000+00:00,-9.677400000000006,1.155239625,-8.522160375000006
9,8926381426,dota2-rnx-yb1-2026-08-02,2026-08-02T18:14:10.009000+00:00,3.845377380000059,2.6988495683969997,6.544226948397059
9,8926523280,dota2-z10-lgd-2026-08-02-game1,2026-08-02T19:59:32.068000+00:00,0.0,0.0,0.0
9,8926636219,dota2-z10-lgd-2026-08-02-game2,2026-08-02T21:07:31.416000+00:00,-16.667,0.556261125,-16.110738875000003
9,8927063876,dota2-glyph-playti-2026-08-03-game2,2026-08-03T06:55:36.873000+00:00,46.92885821999999,0.954666116607,47.88352433660699
9,8927132943,dota2-glyph-playti-2026-08-03,2026-08-03T08:27:35.152000+00:00,-11.530111639999959,1.213949868888,-10.31616177111196
9,8927207054,dota2-xtreme-tr7-2026-08-03-game1,2026-08-03T10:00:05.212000+00:00,8.053000000000026,1.102702425,9.155702425000026
9,8927288399,dota2-xtreme-tr7-2026-08-03-game2,2026-08-03T11:00:48.642000+00:00,5.93379999999998,0.941115525,6.87491552499998
9,8927380776,dota2-xtreme-tr7-2026-08-03,2026-08-03T12:15:30.661000+00:00,-17.830600000000032,4.5127094549999995,-13.317890545000033
9,8927539264,dota2-vg-yb1-2026-08-03-game1,2026-08-03T14:05:56.825000+00:00,42.64,0.236652,42.876652
9,8927660975,dota2-vg-yb1-2026-08-03-game2,2026-08-03T15:05:20.968000+00:00,-0.2990999999999815,2.7573155925,2.4582155925000184
9,8927760296,dota2-vg-yb1-2026-08-03,2026-08-03T16:18:19.713000+00:00,20.455292589999974,2.0848220530627497,22.540114643062722
9,8927926397,dota2-re-lgd-2026-08-03-game1,2026-08-03T18:09:03.381000+00:00,0.0,0.0,0.0
9,8928050264,dota2-re-lgd-2026-08-03-game2,2026-08-03T19:19:18.313000+00:00,6.2856000000000165,0.3009231,6.586523100000017
9,8928163118,dota2-re-lgd-2026-08-03,2026-08-03T20:43:38.722000+00:00,-29.23779999999994,1.8142123049999999,-27.423587694999938
9,8928851109,dota2-playti-tr7-2026-08-04-game1,2026-08-04T11:30:07.829000+00:00,1.4800000000000004,1.3086221249999999,2.7886221250000003
9,8928953683,dota2-playti-tr7-2026-08-04-game2,2026-08-04T12:46:11.879000+00:00,6.04211503999997,1.1204673268320002,7.162582366831971
9,8929124210,dota2-yb1-re-2026-08-04-game1,2026-08-04T14:38:55.576000+00:00,9.266091520000032,1.1212726271039999,10.387364147104032
9,8929276426,dota2-yb1-re-2026-08-04-game2,2026-08-04T15:54:25.550000+00:00,0.9999994300000001,0.00442499747775,1.00442442747775
9,8929365099,dota2-yb1-re-2026-08-04,2026-08-04T16:51:08.308000+00:00,-13.609199999999934,3.146970285,-10.462229714999934
9,8930200713,dota2-tr7-re-2026-08-05-game1,2026-08-05T08:20:38.811000+00:00,0.24850071000000096,0.046595959890749994,0.29509666989075095
9,8930258778,dota2-tr7-re-2026-08-05-game2,2026-08-05T09:25:42.941000+00:00,41.16295635000004,3.30921086731875,44.472167217318784
9,8930398938,dota2-playti-yb1-2026-08-05-game1,2026-08-05T12:24:04.133000+00:00,-11.065302179999975,3.9831878274315002,-7.082114352568475
9,8930615242,dota2-playti-yb1-2026-08-05-game2,2026-08-05T14:02:56.166000+00:00,118.64300000000003,0.7583830050000001,119.40138300500003
9,8930736914,dota2-playti-yb1-2026-08-05-game3,2026-08-05T15:09:49.519000+00:00,1.176399399999994,0.37461176779499994,1.5510111677949938
9,8931781241,dota2-lvlup1-rearis-2026-08-06-game1,2026-08-06T09:28:03.156000+00:00,0.0,0.0,0.0
9,8931852727,dota2-lvlup1-rearis-2026-08-06-game2,2026-08-06T10:30:33.624000+00:00,6.811233999999985,0.64885566375,7.460089663749985
9,8931981851,dota2-rearis-nh-2026-08-06-game1,2026-08-06T12:26:15.226000+00:00,-0.35999999999999943,0.051920999999999995,-0.30807899999999944
9,8932085762,dota2-rearis-nh-2026-08-06-game2,2026-08-06T13:20:21.204000+00:00,0.0,0.0,0.0
9,8932181345,dota2-rearis-nh-2026-08-06,2026-08-06T14:22:22.478000+00:00,5.681190400000027,0.24350155415999997,5.924691954160027
9,8932318084,dota2-nh-lvlup1-2026-08-06-game1,2026-08-06T15:34:15.395000+00:00,-40.66829999999999,0.7993057275000001,-39.86899427249999
9,8932413808,dota2-nh-lvlup1-2026-08-06-game2,2026-08-06T16:23:29.211000+00:00,-15.365000000000023,0.910118625,-14.454881375000024
9,8932523868,dota2-nh-lvlup1-2026-08-06,2026-08-06T17:36:18.454000+00:00,0.0,0.0,0.0
9,8932657929,dota2-ill-pr1-2026-08-06-game1,2026-08-06T19:12:10.345000+00:00,-9.546503939999994,0.6858548718854999,-8.860649068114494
9,8932835800,dota2-ill-pr1-2026-08-06,2026-08-06T21:22:55.783000+00:00,0.0,0.0,0.0
9,8933374169,dota2-nh-z10-2026-08-07-game1,2026-08-07T09:29:47.916000+00:00,-7.518000000000001,0.10576215,-7.41223785
9,8933453728,dota2-nh-z10-2026-08-07-game2,2026-08-07T10:40:19.376000+00:00,0.0,0.0,0.0
9,8933575351,dota2-ill-stx-2026-08-07-game1,2026-08-07T12:33:02.695000+00:00,0.0,0.0,0.0
9,8933704579,dota2-ill-stx-2026-08-07-game2,2026-08-07T13:44:43.178000+00:00,-12.0,1.7092125,-10.2907875
9,8933879286,dota2-pr1-jenz-2026-08-07-game1,2026-08-07T15:25:51.002000+00:00,11.9314,1.276104915,13.207504915
9,8933988979,dota2-pr1-jenz-2026-08-07-game2,2026-08-07T16:29:38.697000+00:00,17.579625899999954,1.3956976316385,18.975323531638452
9,8934184387,dota2-jenz-nemiga-2026-08-07-game1,2026-08-07T18:35:03.983000+00:00,0.0,0.0,0.0
9,8934279386,dota2-jenz-nemiga-2026-08-07-game2,2026-08-07T19:33:30.612000+00:00,0.0,0.7019913599999998,0.7019913599999998
9,8936825643,dota2-pr1-yes-2026-08-09-game1,2026-08-09T09:22:32.992000+00:00,8.225845500000005,0.686354570625,8.912200070625005
9,8937080738,dota2-pr1-yes-2026-08-09,2026-08-09T12:20:23.208000+00:00,27.2072,3.4962678000000005,30.703467800000002
9,8937188618,dota2-lvlup1-mouz-2026-08-09-game1,2026-08-09T13:17:49.636000+00:00,-27.135000000000016,1.1687354699999999,-25.966264530000014
9,8937335830,dota2-lvlup1-mouz-2026-08-09-game2,2026-08-09T14:27:35.299000+00:00,0.0,0.0,0.0
9,8937484593,dota2-ill-re-2026-08-09-game1,2026-08-09T15:55:00.679000+00:00,-7.2402000000000015,0.45163700999999995,-6.788562990000002
9,8937631882,dota2-ill-re-2026-08-09-game2,2026-08-09T17:12:21.447000+00:00,66.73392399999999,0.9028311588,67.63675515879999
9,8937722788,dota2-z10-navi-2026-08-09-game1,2026-08-09T18:17:16.930000+00:00,0.45000000000000284,0.19613624999999998,0.6461362500000029
9,8938509987,dota2-pr1-mouz-2026-08-10-game1,2026-08-10T09:24:47.767000+00:00,26.372999999999998,2.0221621499999998,28.395162149999997
9,8938565057,dota2-pr1-mouz-2026-08-10-game2,2026-08-10T10:12:07.159000+00:00,-3.1500000000000075,0.37943175,-2.7705682500000073
9,8938634026,dota2-pr1-mouz-2026-08-10,2026-08-10T11:15:54.851000+00:00,-11.854174659999984,0.7275164670795,-11.126658192920484
9,8938716198,dota2-ill-z10-2026-08-10-game1,2026-08-10T12:25:50.383000+00:00,-0.002957999999999572,0.07621787564999999,0.07325987565000042
9,8939023869,dota2-yes-lvlup1-2026-08-10-game1,2026-08-10T15:24:37.289000+00:00,57.333000000000084,1.7877980249999998,59.120798025000084
9,8940059913,dota2-lvlup1-navi-2026-08-11-game1,2026-08-11T09:16:02.605000+00:00,22.01579999999997,0.9294051599999998,22.94520515999997
9,8940117837,dota2-lvlup1-navi-2026-08-11-game2,2026-08-11T10:12:11.551000+00:00,54.619229199999985,1.67027299731,56.289502197309986
9,8940266495,dota2-mouz-re-2026-08-11-game1,2026-08-11T12:16:13.042000+00:00,58.57760000000003,2.769621615,61.34722161500003
9,8940365227,dota2-mouz-re-2026-08-11-game2,2026-08-11T13:12:04.281000+00:00,1.4670629299999973,0.13033595463074998,1.5973988846307474
9,8940487898,dota2-mouz-re-2026-08-11,2026-08-11T14:25:06.999000+00:00,-5.3632959799999895,0.7179439259714999,-4.645352054028489
9,8940643574,dota2-yes-z10-2026-08-11-game1,2026-08-11T15:45:57.067000+00:00,9.410299999999978,4.4513935575,13.86169355749998
9,8940756672,dota2-yes-z10-2026-08-11-game2,2026-08-11T16:48:25.758000+00:00,1.3943235600000037,0.145544397723,1.5398679577230037
9,8941656460,dota2-lvlup1-re-2026-08-12-game1,2026-08-12T09:19:34.658000+00:00,1.9774383999999987,0.0666672228,2.0441056227999987
9,8941733752,dota2-lvlup1-re-2026-08-12-game2,2026-08-12T10:35:42.245000+00:00,-17.068399999999983,1.15871061,-15.909689389999983
9,8941817475,dota2-lvlup1-re-2026-08-12,2026-08-12T11:50:26.039000+00:00,3.206999999999951,2.1571559999999996,5.364155999999951
9,8942003788,dota2-navi-lvlup1-2026-08-12-game1,2026-08-12T13:42:36.457000+00:00,5.1947999999999865,0.6681811499999999,5.862981149999986
9,8942152024,dota2-navi-lvlup1-2026-08-12-game2,2026-08-12T14:50:30.897000+00:00,0.4731999999999914,0.21448749000000003,0.6876874899999914
9,8942262723,dota2-navi-lvlup1-2026-08-12-game3,2026-08-12T15:53:47.795000+00:00,39.112899999999996,0.33589086749999997,39.448790867499994
9,8962372120,dota2-ic-nemiga-2026-08-24-game1,2026-08-24T07:17:08.649000+00:00,0.0,0.0,0.0
9,8962458373,dota2-ic-nemiga-2026-08-24-game2,2026-08-24T08:26:45.454000+00:00,0.5531390000000033,0.206481297375,0.7596202973750033
9,8962592819,dota2-ks-lynx-2026-08-24-game1,2026-08-24T10:19:27.562000+00:00,-2.2443032600000024,0.153895924071,-2.0904073359290023
9,8962736746,dota2-ks-lynx-2026-08-24-game2,2026-08-24T11:33:18.452000+00:00,8.081338869999989,0.43736945768924995,8.51870832768924
9,8962964580,dota2-sb5-stx-2026-08-24-game1,2026-08-24T13:25:23.881000+00:00,0.0,0.0,0.0
9,8963508714,dota2-rearis-lynx-2026-08-24-game2,2026-08-24T17:37:20.349000+00:00,-0.10000000000000053,0.07241249999999999,-0.027587500000000542
9,8963649188,dota2-dynast1-fts-2026-08-24-game1,2026-08-24T19:15:00.848000+00:00,53.83359999999999,0.67483194,54.50843193999999
9,8963790789,dota2-dynast1-fts-2026-08-24-game2,2026-08-24T20:20:45.642000+00:00,0.6541999999999994,0.119037435,0.7732374349999994
9,8964399842,dota2-pckcp-nemiga-2026-08-25-game1,2026-08-25T07:22:10.248000+00:00,-2.042728720000003,0.21915185735400003,-1.823576862646003
9,8964480771,dota2-pckcp-nemiga-2026-08-25-game2,2026-08-25T08:31:41.723000+00:00,-2.4571627500000304,0.9664446621937499,-1.4907180878062805
9,8964574076,dota2-pckcp-nemiga-2026-08-25,2026-08-25T09:52:05.670000+00:00,1.452054910000001,0.50667854762475,1.958733457624751
9,8964657335,dota2-fts-pckcp-2026-08-25-game1,2026-08-25T10:52:11.864000+00:00,-0.10000000000000053,0.0317925,-0.06820750000000053
9,8964837315,dota2-fts-pckcp-2026-08-25-game2,2026-08-25T12:34:06.314000+00:00,-1.497891499999989,0.504821909625,-0.9930695903749891
9,8964962329,dota2-ic-fts-2026-08-25-game1,2026-08-25T13:50:36.471000+00:00,51.66910853,0.68491392433725,52.354022454337255
9,8965097316,dota2-ic-fts-2026-08-25-game2,2026-08-25T14:41:01.046000+00:00,-0.6000000000000014,0.03723749999999999,-0.5627625000000014
9,8964938940,dota2-rearis-spirit1-2026-08-25-game1,2026-08-25T16:23:39.394000+00:00,0.9056847799999996,0.122799845691,1.0284846256909996
9,8965544741,dota2-rearis-spirit1-2026-08-25,2026-08-25T18:44:21.316000+00:00,-7.786888880000016,0.41556737497199997,-7.371321505028016
9,8969842778,dota2-pckcp-ic-2026-08-28-game2,2026-08-28T08:21:21.985000+00:00,27.93574884999998,1.4155180359937498,29.35126688599373
9,8969978865,dota2-rearis-sb5-2026-08-28-game1,2026-08-28T10:27:01.322000+00:00,0.7306999999999988,0.20271444749999998,0.9334144474999988
9,8970089224,dota2-rearis-sb5-2026-08-28-game2,2026-08-28T11:41:09.553000+00:00,4.9640970000000095,0.576918025725,5.5410150257250095
9,8970207176,dota2-rearis-sb5-2026-08-28,2026-08-28T12:56:49.576000+00:00,-0.38000000000000256,0.32007149999999995,-0.059928500000002605
9,8970338180,dota2-synaps-nemiga-2026-08-28-game1,2026-08-28T14:09:13.367000+00:00,1.4202075499999864,1.15019119951875,2.5703987495187364
9,8970352005,dota2-dynast1-ic-2026-08-28-game1,2026-08-28T14:10:35.964000+00:00,-1.6266000000000025,0.14306413499999998,-1.4835358650000026
9,8970470057,dota2-synaps-nemiga-2026-08-28-game2,2026-08-28T15:09:53.245000+00:00,22.982474300000007,0.340537582635,23.323011882635008
9,8970485789,dota2-dynast1-ic-2026-08-28-game2,2026-08-28T15:14:26.848000+00:00,-3.709999999999999,0.11224500000000001,-3.597754999999999
9,8970575970,dota2-synaps-nemiga-2026-08-28,2026-08-28T16:02:11.965000+00:00,19.744717039999983,1.355923946232,21.100640986231983
9,8970655100,dota2-dynast1-ic-2026-08-28,2026-08-28T16:43:34.585000+00:00,-2.6015589900000435,2.12558867418975,-0.4759703158102937
9,8970886632,dota2-dynast1-pckcp-2026-08-28-game2,2026-08-28T18:51:22.084000+00:00,-14.173085000000015,1.104882301125,-13.068202698875014
9,8971007454,dota2-ks-rearis-2026-08-28-game1,2026-08-28T20:11:41.712000+00:00,-10.859999999999996,0.2832885,-10.576711499999996
9,8971016820,dota2-fts-nemiga-2026-08-28-game1,2026-08-28T20:17:43.711000+00:00,0.0,0.0,0.0
9,8971111987,dota2-ks-rearis-2026-08-28-game2,2026-08-28T21:24:47.695000+00:00,5.468983800000015,0.275402758275,5.744386558275015
9,8971423978,dota2-db2-satan-2026-08-28-game2,2026-08-29T03:20:55.120000+00:00,0.3125,0.0108890625,0.3233890625
9,8971501630,dota2-nexus-cres-2026-08-28,2026-08-29T04:51:09.441000+00:00,-26.253700480000017,0.973180790196,-25.280519689804017
9,8971519375,dota2-nem-6seven-2026-08-29-game1,2026-08-29T05:14:15.579000+00:00,-13.400000000000013,0.384216,-13.015784000000012
9,8971586781,dota2-nem-6seven-2026-08-29-game2,2026-08-29T06:13:46.689000+00:00,-1.5,0.3940905,-1.1059095
9,8971664649,dota2-nem-6seven-2026-08-29,2026-08-29T07:24:10.704000+00:00,7.837699070000002,0.65801782894275,8.495716898942751
9,8971753986,dota2-icecre-kineti-2026-08-29-game1,2026-08-29T08:38:12.829000+00:00,0.0,0.0,0.0
9,8971849697,dota2-icecre-kineti-2026-08-29-game2,2026-08-29T09:43:14.699000+00:00,0.0,0.0,0.0
9,8971891627,dota2-dynast1-nemiga-2026-08-29-game1,2026-08-29T10:17:49.464000+00:00,20.586299999999994,1.0388513025000001,21.625151302499994
9,8971964803,dota2-mouz-yes-2026-08-29-game1,2026-08-29T11:13:49.271000+00:00,-8.187499999999986,1.6084914375000001,-6.579008562499986
9,8971988345,dota2-sb5-lynx-2026-08-29-game1,2026-08-29T11:21:30.742000+00:00,-1.4037842800000035,0.168182460456,-1.2356018195440035
9,8972103119,dota2-sb5-lynx-2026-08-29-game2,2026-08-29T12:31:54.536000+00:00,-0.4260000000000006,0.058463129999999995,-0.3675368700000006
9,8972115962,dota2-mouz-yes-2026-08-29-game2,2026-08-29T12:36:59.931000+00:00,-9.823378849999997,2.6449206927262496,-7.178458157273748
9,8972289868,dota2-huliga-lynx-2026-08-29-game1,2026-08-29T14:15:10.550000+00:00,-3.965077339999997,0.209837881071,-3.755239458928997
9,8972502454,dota2-huliga-lynx-2026-08-29-game2,2026-08-29T15:52:19.963000+00:00,-2.6900999999999997,0.007465027499999999,-2.6826349725
9,8972611918,dota2-huliga-lynx-2026-08-29,2026-08-29T16:49:36.587000+00:00,-0.14000000000000057,0.0509775,-0.08902250000000056
9,8972773416,dota2-pi-lvlup1-2026-08-29-game1,2026-08-29T18:17:23.637000+00:00,3.334996200000006,0.390990386115,3.725986586115006
9,8972893200,dota2-pi-lvlup1-2026-08-29-game2,2026-08-29T19:20:53.860000+00:00,0.0,0.0,0.0
9,8973011673,dota2-pi-lvlup1-2026-08-29,2026-08-29T20:33:12.059000+00:00,-1.6643,0.054774382499999996,-1.6095256175
9,8973010298,dota2-ks-spirit1-2026-08-29-game1,2026-08-29T20:38:42.759000+00:00,0.0,0.0,0.0
9,8973337131,dota2-icecre-xctn-2026-08-30-game1,2026-08-30T02:14:49.254000+00:00,0.0,0.0,0.0
9,8973405568,dota2-icecre-xctn-2026-08-30-game2,2026-08-30T03:19:55.483000+00:00,-16.891304750000003,0.42352928716875,-16.467775462831252
9,8973462028,dota2-icecre-xctn-2026-08-30,2026-08-30T04:30:11.988000+00:00,-1.026773999999996,0.3829002283499999,-0.6438737716499962
9,8973502629,dota2-clo-yb1-2026-08-30-game1,2026-08-30T05:13:07.837000+00:00,0.0,0.0,0.0
9,8973568453,dota2-clo-yb1-2026-08-30-game2,2026-08-30T06:12:50.377000+00:00,0.15268528999999909,0.04962644358224999,0.20231173358224908
9,8973613420,dota2-clo-yb1-2026-08-30,2026-08-30T07:04:46.677000+00:00,5.787699780000021,0.22411047608100002,6.011810256081021
9,8973707438,dota2-lynx-lvlup1-2026-08-30-game1,2026-08-30T08:16:36.050000+00:00,9.324599999999974,1.3091866049999998,10.633786604999973
9,8973859403,dota2-lynx-lvlup1-2026-08-30-game2,2026-08-30T09:56:31.353000+00:00,4.903199999999998,0.47328682499999997,5.376486824999998
9,8973884000,dota2-nem-xctn-2026-08-30-game2,2026-08-30T10:12:32.710000+00:00,-0.58078382,0.0027442035495,-0.5780396164505
9,8973944033,dota2-lynx-lvlup1-2026-08-30,2026-08-30T10:50:43.696000+00:00,17.26120000000002,1.6145690249999998,18.875769025000018
9,8974185539,dota2-navi-mouz-2026-08-30-game2,2026-08-30T13:08:29.090000+00:00,88.95040000000003,3.11172468,92.06212468000003
9,8974647733,dota2-lvlup1-pr1-2026-08-30-game1,2026-08-30T17:09:16.077000+00:00,2.8004324100000106,0.7649407690717499,3.5653731790717607
9,8974898633,dota2-lvlup1-pr1-2026-08-30,2026-08-30T19:25:58.777000+00:00,-6.649199999999996,1.15615995,-5.493040049999996
9,8975110449,dota2-dynast1-ks-2026-08-30-game2,2026-08-30T21:54:27.706000+00:00,8.219099999999997,0.7797871125,8.998887112499997
9,8975871235,dota2-synaps-lynx-2026-08-31-game1,2026-08-31T12:26:44.788000+00:00,-51.425400000000025,1.0753996499999996,-50.35000035000002
9,8976012755,dota2-synaps-lynx-2026-08-31-game2,2026-08-31T13:41:35.303000+00:00,-5.694800000000015,2.04961752,-3.645182480000015
9,8976166971,dota2-synaps-lynx-2026-08-31,2026-08-31T15:09:07.826000+00:00,-5.236233679999998,0.933949313388,-4.302284366611998
9,8976300473,dota2-4iki-ic-2026-08-31-game1,2026-08-31T16:25:39.940000+00:00,-1.3041000000000018,0.17707457249999997,-1.1270254275000018
9,8976441468,dota2-4iki-ic-2026-08-31-game2,2026-08-31T17:43:06.122000+00:00,43.03838819999997,1.00496459487,44.043352794869975
9,8976511215,dota2-4iki-ic-2026-08-31,2026-08-31T18:29:54.020000+00:00,109.05810000000001,1.1729696625,110.2310696625
9,8976665322,dota2-spirit1-pi-2026-08-31-game1,2026-08-31T20:26:57.494000+00:00,25.2525,1.0825498125,26.335049812500003
9,8976751962,dota2-spirit1-pi-2026-08-31-game2,2026-08-31T21:40:17.685000+00:00,-5.714199999999977,0.9162719699999999,-4.7979280299999765
9,8977325814,dota2-ks-pckcp-2026-09-01-game2,2026-09-01T10:26:27.059000+00:00,0.5326360200000053,0.18745591841849998,0.7200919384185053
9,8977476867,dota2-ic-lynx-2026-09-01-game1,2026-09-01T12:26:04.131000+00:00,-3.632179039999997,0.753371744544,-2.8788072954559967
9,8977623650,dota2-ic-lynx-2026-09-01-game2,2026-09-01T13:53:28.128000+00:00,1.8350263399999847,1.279282733373,3.1143090733729846
9,8977913355,dota2-synaps-lvlup1-2026-09-01-game2,2026-09-01T16:37:59.217000+00:00,2.9639999999999986,0.1453842,3.1093841999999987
9,8978023576,dota2-synaps-lvlup1-2026-09-01,2026-09-01T17:45:54.185000+00:00,-24.60227386000002,1.094758598343,-23.507515261657023
9,8978832148,dota2-pr1-ic-2026-09-02-game1,2026-09-02T09:52:32.767000+00:00,32.82310900999997,0.84080127804225,33.66391028804222
9,8978916284,dota2-pr1-ic-2026-09-02-game2,2026-09-02T11:19:11.539000+00:00,0.0,0.030885000000000003,0.030885000000000003
9,8978986214,dota2-pr1-ic-2026-09-02,2026-09-02T12:20:55.440000+00:00,0.0,0.0,0.0
9,8979131280,dota2-dynast1-pckcp-2026-09-02-game1,2026-09-02T13:56:13.878000+00:00,0.0,0.0,0.0
9,8979241530,dota2-dynast1-pckcp-2026-09-02-game2,2026-09-02T14:56:18.245000+00:00,11.377761159999977,0.5399925109529999,11.917753670952978
9,8979344496,dota2-synaps-4iki-2026-09-02-game1,2026-09-02T15:59:27.587000+00:00,-0.3582906800000005,0.06510143085600001,-0.2931892491440005
9,8980293569,dota2-z10-ks-2026-09-03-game1,2026-09-03T09:18:42.909000+00:00,-8.490456699999982,1.7952421884225,-6.695214511577482
9,8980358113,dota2-z10-ks-2026-09-03-game2,2026-09-03T10:27:20.250000+00:00,1.6152000000000015,0.31004736,1.9252473600000015
9,8980463789,dota2-pckcp-spirit1-2026-09-03-game1,2026-09-03T12:14:02.762000+00:00,-1.3200000000000074,0.231165,-1.0888350000000073
9,8980769413,dota2-pi-dynast1-2026-09-03-game1,2026-09-03T15:17:23.998000+00:00,41.27019999999999,1.024919325,42.29511932499999
10,8837869969,dota2-aur1-ty-2026-06-04-game1,2026-06-04T09:17:47.612000+00:00,13.498997150000037,1.0717906300837499,14.570787780083787
10,8837957019,dota2-aur1-ty-2026-06-04-game2,2026-06-04T11:05:49.570000+00:00,-78.69129999999993,5.0866708874999995,-73.60462911249992
10,8838056564,dota2-flc-liquid-2026-06-04-game1,2026-06-04T12:43:48.535000+00:00,3.007516299999992,1.0125496680375,4.020065968037492
10,8838170936,dota2-flc-liquid-2026-06-04-game2,2026-06-04T14:05:12.636000+00:00,-10.012396199999955,1.29732778404,-8.715068415959955
10,8838396820,dota2-lgd-ty-2026-06-04-game2,2026-06-04T16:48:28.531000+00:00,-19.488500000000005,1.2105249525,-18.277975047500007
10,8838480778,dota2-lgd-ty-2026-06-04,2026-06-04T17:57:47.377000+00:00,-48.63700043,3.35370629783925,-45.28329413216075
10,8839123109,dota2-flc-bb4-2026-06-05-game1,2026-06-05T09:16:39.267000+00:00,-2.4114999999999966,0.3559406625,-2.0555593374999965
10,8839193447,dota2-flc-bb4-2026-06-05-game2,2026-06-05T10:38:10.594000+00:00,-13.007020890000064,1.77786189310575,-11.229158996894313
10,8839366504,dota2-lgd-liquid-2026-06-05-game2,2026-06-05T13:21:18.066000+00:00,-0.9867000000000008,0.0493295025,-0.9373704975000008
10,8839494962,dota2-flc-aur1-2026-06-05-game1,2026-06-05T14:52:18.684000+00:00,-13.121200000000016,2.0656547549999997,-11.055545245000015
10,8839625815,dota2-flc-aur1-2026-06-05-game2,2026-06-05T16:13:53.150000+00:00,16.390425719999996,0.875256566112,17.265682286111996
10,8839717574,dota2-flc-aur1-2026-06-05,2026-06-05T17:21:15.591000+00:00,12.554828240000006,1.14477424566,13.699602485660007
10,8840635639,dota2-ty-bb4-2026-06-06-game1,2026-06-06T10:47:49.658000+00:00,0.0,0.0,0.0
10,8840704374,dota2-ty-bb4-2026-06-06-game2,2026-06-06T11:51:44.485000+00:00,-4.597422339999994,1.8210522169935,-2.7763701230064943
10,8840821227,dota2-ty-bb4-2026-06-06,2026-06-06T13:12:37.368000+00:00,-0.0008008000000074844,1.6800134366400004,1.6792126366399929
10,8840984097,dota2-aur1-lgd-2026-06-06-game1,2026-06-06T15:05:33.978000+00:00,1.0,0.317925,1.317925
10,8841114801,dota2-aur1-lgd-2026-06-06-game2,2026-06-06T16:30:29.855000+00:00,-23.11440361000001,1.4364874502227498,-21.67791615977726
10,8842052142,dota2-bb4-lgd-2026-06-07-game1,2026-06-07T09:18:04.694000+00:00,142.23580044,3.1612329126240004,145.397033352624
10,8842134886,dota2-bb4-lgd-2026-06-07-game2,2026-06-07T10:28:41.168000+00:00,-24.028339769999988,2.00130790251675,-22.027031867483238
10,8842245726,dota2-bb4-lgd-2026-06-07,2026-06-07T11:59:53.564000+00:00,-23.38750087000001,1.18327506417225,-22.20422580582776
10,8842468101,dota2-ty-lgd-2026-06-07-game1,2026-06-07T14:21:40.854000+00:00,-58.24581362999997,1.9983458000902499,-56.24746782990972
10,8842596730,dota2-ty-lgd-2026-06-07-game2,2026-06-07T15:49:20.066000+00:00,-2.780999999999999,0.28168816500000005,-2.4993118349999985
10,8842722527,dota2-ty-lgd-2026-06-07-game3,2026-06-07T17:12:22.566000+00:00,4.272099999999997,0.3981950175,4.670295017499997
10,8842845018,dota2-ty-lgd-2026-06-07-game4,2026-06-07T18:51:58.999000+00:00,2.2727000000000146,0.34687083750000003,2.6195708375000146
10,8843465364,dota2-4iki-nande4-2026-06-08-game1,2026-06-08T09:15:08.776000+00:00,-41.92518444000001,1.5369039138179998,-40.38828052618201
10,8843512570,dota2-4iki-nande4-2026-06-08-game2,2026-06-08T10:09:45.609000+00:00,-66.92000073000001,0.8427896227552499,-66.07721110724476
10,8843560379,dota2-4iki-nande4-2026-06-08,2026-06-08T11:10:54.138000+00:00,-0.3199999999999994,0.02952,-0.2904799999999994
10,8843760302,dota2-vpp-balu-2026-06-08-game2,2026-06-08T13:42:26.324000+00:00,15.880300000000034,0.35854889249999994,16.238848892500034
10,8844054970,dota2-z10-sb5-2026-06-08-game2,2026-06-08T17:08:41.204000+00:00,18.472400000000007,0.26810784,18.740507840000006
10,8844132483,dota2-vpp-z10-2026-06-08-game1,2026-06-08T18:23:01.210000+00:00,0.0,0.0,0.0
10,8844244719,dota2-vpp-z10-2026-06-08-game2,2026-06-08T19:45:42.908000+00:00,1.04,0.022865999999999997,1.062866
10,8844308689,dota2-vpp-z10-2026-06-08,2026-06-08T20:50:38.757000+00:00,31.672699999999985,0.9618754274999999,32.63457542749998
10,8850534819,dota2-ill-pr1-2026-06-13-game2,2026-06-13T17:10:42.502000+00:00,-2.956000000000003,0.19587195,-2.760128050000003
10,8850593633,dota2-ill-pr1-2026-06-13,2026-06-13T18:00:57.551000+00:00,0.0,0.0,0.0
10,8851984783,dota2-4iki-pr1-2026-06-14-game2,2026-06-14T16:46:25.798000+00:00,15.587299999999985,1.4801166825,17.067416682499985
10,8852055373,dota2-4iki-pr1-2026-06-14,2026-06-14T17:46:02.690000+00:00,-12.649999999999995,0.33585375,-12.314146249999995
10,8854443395,dota2-fla-spirit1-2026-06-16-game1,2026-06-16T16:31:44.570000+00:00,-2.0,0.11019,-1.88981
10,8885183102,dota2-flc-bb4-2026-07-07-game1,2026-07-07T09:47:24.433000+00:00,-18.496362500000004,1.8830968828125,-16.613265617187505
10,8885195986,dota2-re-xtreme-2026-07-07-game1,2026-07-07T09:55:03.037000+00:00,25.15039704000001,0.601639828224,25.752036868224007
10,8885252329,dota2-flc-bb4-2026-07-07-game2,2026-07-07T11:01:59.599000+00:00,4.201600000000011,1.6329988800000002,5.83459888000001
10,8885275216,dota2-re-xtreme-2026-07-07-game2,2026-07-07T11:16:11.813000+00:00,-4.557199999999966,0.94205025,-3.6151497499999663
10,8885365825,dota2-l1ga-ngx-2026-07-07-game1,2026-07-07T12:34:49.112000+00:00,-2.049999999999997,0.09234225,-1.9576577499999972
10,8885380529,dota2-liquid-playti-2026-07-07-game1,2026-07-07T12:43:07.045000+00:00,-0.3899999999999997,1.6686915300000003,1.2786915300000006
10,8885411801,dota2-lvlup1-aur1-2026-07-07-game1,2026-07-07T13:06:28.530000+00:00,0.0,0.0,0.0
10,8885470551,dota2-l1ga-ngx-2026-07-07-game2,2026-07-07T13:39:34.570000+00:00,55.86181499999995,0.4914315543750001,56.35324655437495
10,8885473599,dota2-liquid-playti-2026-07-07-game2,2026-07-07T13:52:27.923000+00:00,-26.83995532000003,4.694418794844,-22.14553652515603
10,8885529711,dota2-lvlup1-aur1-2026-07-07-game2,2026-07-07T14:23:52.590000+00:00,8.0,0.05519999999999997,8.0552
10,8885633666,dota2-ts8-mouz-2026-07-07-game1,2026-07-07T15:33:28.678000+00:00,84.64070000000001,2.2871837025,86.92788370250001
10,8885665054,dota2-nem-pari-2026-07-07-game1,2026-07-07T15:41:38.548000+00:00,10.116140020000016,0.48816119687100007,10.604301216871015
10,8885784652,dota2-ts8-mouz-2026-07-07-game2,2026-07-07T17:16:32.961000+00:00,-22.18960000000002,2.06040219,-20.12919781000002
10,8885871759,dota2-ic-1win-2026-07-07-game1,2026-07-07T18:31:07.999000+00:00,0.0,0.0,0.0
10,8885928262,dota2-ty-og-2026-07-07-game1,2026-07-07T19:03:44.444000+00:00,48.6284,0.4225044599999999,49.05090446
10,8885974297,dota2-ic-1win-2026-07-07-game2,2026-07-07T19:32:14.446000+00:00,-43.27570000000002,1.0772077875,-42.19849221250002
10,8886005043,dota2-ty-og-2026-07-07-game2,2026-07-07T20:03:05.981000+00:00,0.0,0.0,0.0
10,8886576019,dota2-poorra-bb4-2026-07-08-game1,2026-07-08T09:20:01.472000+00:00,-20.0,0.6779999999999999,-19.322
10,8886572854,dota2-gl-xtreme-2026-07-08-game1,2026-07-08T09:27:27.007000+00:00,-49.67359999999999,1.5473548799999999,-48.12624511999999
10,8886638110,dota2-poorra-bb4-2026-07-08-game2,2026-07-08T10:36:00.005000+00:00,0.8000000000000043,0.0678,0.8678000000000042
10,8886640910,dota2-flc-re-2026-07-08-game2,2026-07-08T10:39:41.623000+00:00,1.2500000000000142,0.30553125,1.5555312500000142
10,8886641793,dota2-gl-xtreme-2026-07-08-game2,2026-07-08T10:45:04.782000+00:00,30.734699300000006,1.7447535050325,32.47945280503251
10,8886728756,dota2-l1ga-playti-2026-07-08-game1,2026-07-08T12:02:19.795000+00:00,-12.273000000000039,2.8258038450000003,-9.44719615500004
10,8886736772,dota2-liquid-lvlup1-2026-07-08-game1,2026-07-08T12:08:59.488000+00:00,5.691945000000004,0.38798538974999996,6.079930389750004
10,8886788497,dota2-ngx-aur1-2026-07-08-game1,2026-07-08T12:47:30.744000+00:00,11.385046810000006,1.1040432657067498,12.489090075706756
10,8886815251,dota2-l1ga-playti-2026-07-08-game2,2026-07-08T13:04:20.712000+00:00,63.09620000000004,0.9806357249999997,64.07683572500004
10,8886862310,dota2-liquid-lvlup1-2026-07-08-game2,2026-07-08T13:37:25.898000+00:00,7.391199999999998,0.053216640000000044,7.444416639999998
10,8886994890,dota2-ts8-nem-2026-07-08-game1,2026-07-08T14:59:11.781000+00:00,-0.4227899600000029,0.45006229623599997,0.027272336235997063
10,8887100676,dota2-vg-pari-2026-07-08-game1,2026-07-08T16:18:23.954000+00:00,2.330000000000016,0.3449332500000001,2.674933250000016
10,8887114313,dota2-ts8-nem-2026-07-08-game2,2026-07-08T16:15:19.583000+00:00,0.0,0.0,0.0
10,8887197358,dota2-vg-pari-2026-07-08-game2,2026-07-08T17:23:00.102000+00:00,-10.18810000000002,0.6427194824999999,-9.54538051750002
10,8887218598,dota2-lgd-og-2026-07-08-game1,2026-07-08T17:27:41.870000+00:00,9.877800000000022,0.6506431199999999,10.528443120000022
10,8887260104,dota2-ty-ic-2026-07-08-game1,2026-07-08T17:58:24.214000+00:00,0.0,0.0,0.0
10,8887314193,dota2-lgd-og-2026-07-08-game2,2026-07-08T18:40:30.736000+00:00,-35.36541371999998,1.1480703351239998,-34.21734338487598
10,8887325211,dota2-vp-1win-2026-07-08-game1,2026-07-08T18:51:24.334000+00:00,10.98899999999989,2.751064455,13.74006445499989
10,8887337672,dota2-ty-ic-2026-07-08-game2,2026-07-08T19:01:29.872000+00:00,0.0,0.0,0.0
10,8887432754,dota2-vp-1win-2026-07-08-game2,2026-07-08T20:20:02.742000+00:00,71.47019999999998,0.5272496099999999,71.99744960999998
10,8887986392,dota2-poorra-xtreme-2026-07-09-game1,2026-07-09T09:21:30.237000+00:00,-15.640799999999956,4.52583981,-11.114960189999955
10,8887998750,dota2-bb4-re-2026-07-09-game1,2026-07-09T09:29:32.198000+00:00,0.0,0.0,0.0
10,8888056358,dota2-poorra-xtreme-2026-07-09-game2,2026-07-09T10:34:44.979000+00:00,-15.062400000000025,2.0131818299999997,-13.049218170000024
10,8888066684,dota2-bb4-re-2026-07-09-game2,2026-07-09T10:43:25.275000+00:00,-15.998806859999988,0.8028028255005,-15.196004034499488
10,8888083694,dota2-gl-flc-2026-07-09-game2,2026-07-09T11:11:32.224000+00:00,54.28090000000003,1.7915665275,56.07246652750003
10,8888160657,dota2-l1ga-aur1-2026-07-09-game1,2026-07-09T12:09:38.901000+00:00,21.768200000000004,0.5306231699999999,22.298823170000002
10,8888173515,dota2-playti-lvlup1-2026-07-09-game1,2026-07-09T12:20:27.216000+00:00,30.512200000000036,0.45197253000000004,30.964172530000035
10,8888217771,dota2-ngx-liquid-2026-07-09-game1,2026-07-09T12:52:14.212000+00:00,12.309218199999975,1.0185993708149998,13.327817570814975
10,8888260336,dota2-l1ga-aur1-2026-07-09-game2,2026-07-09T13:20:05.771000+00:00,-14.457599999999985,0.57505104,-13.882548959999985
10,8888279558,dota2-playti-lvlup1-2026-07-09-game2,2026-07-09T13:33:23.111000+00:00,25.1584,0.5908528799999999,25.74925288
10,8888318197,dota2-ngx-liquid-2026-07-09-game2,2026-07-09T14:04:08.888000+00:00,3.448299999999989,1.7128032375,5.161103237499989
10,8888405761,dota2-mouz-nem-2026-07-09-game1,2026-07-09T14:48:45.816000+00:00,10.8108,0.7378370999999999,11.5486371
10,8888425887,dota2-rnx-pari-2026-07-09-game1,2026-07-09T15:02:02.148000+00:00,8.788799999999998,0.24464256000000004,9.03344256
10,8888489297,dota2-vg-ts8-2026-07-09-game1,2026-07-09T15:42:43.149000+00:00,0.0,0.0,0.0
10,8888555097,dota2-mouz-nem-2026-07-09-game2,2026-07-09T16:24:34.308000+00:00,-14.525500000000022,1.0217213774999998,-13.503778622500022
10,8888554919,dota2-rnx-pari-2026-07-09-game2,2026-07-09T16:26:10.054000+00:00,0.0,0.0,0.0
10,8888592426,dota2-vg-ts8-2026-07-09-game2,2026-07-09T16:59:54.115000+00:00,-15.789600000000007,0.8146303800000001,-14.974969620000007
10,8888682602,dota2-og-ic-2026-07-09-game1,2026-07-09T17:53:01.981000+00:00,-31.989099460000006,0.8655845299485,-31.123514930051506
10,8888693655,dota2-vp-ty-2026-07-09-game1,2026-07-09T18:07:57.629000+00:00,0.0,0.35999568000000004,0.35999568000000004
10,8888731478,dota2-lgd-1win-2026-07-09-game1,2026-07-09T18:35:20.326000+00:00,28.610599999999977,1.7771790749999998,30.387779074999976
10,8888771711,dota2-og-ic-2026-07-09-game2,2026-07-09T19:04:50.495000+00:00,0.0,0.0,0.0
10,8888819433,dota2-lgd-1win-2026-07-09-game2,2026-07-09T19:41:02.532000+00:00,20.741600000000005,1.4209139400000002,22.162513940000004
10,8889452921,dota2-re-gl-2026-07-10-game1,2026-07-10T09:17:34.068000+00:00,7.200000000000003,0.14298,7.3429800000000025
10,8889468264,dota2-xtreme-bb4-2026-07-10-game1,2026-07-10T09:26:30.741000+00:00,0.5999999999999996,0.037322999999999995,0.6373229999999996
10,8889513730,dota2-poorra-flc-2026-07-10-game2,2026-07-10T10:17:36.842000+00:00,0.0,0.0,0.0
10,8889524021,dota2-xtreme-bb4-2026-07-10-game2,2026-07-10T10:37:39.793000+00:00,-2.9850999999999885,0.9973965374999998,-1.9877034624999887
10,8889538949,dota2-re-gl-2026-07-10-game2,2026-07-10T10:40:57.402000+00:00,-53.486399999999975,3.2867217899999996,-50.19967820999997
10,8889615310,dota2-l1ga-liquid-2026-07-10-game1,2026-07-10T11:48:20.990000+00:00,-5.315999999999988,0.39540359999999997,-4.920596399999988
10,8889621582,dota2-aur1-playti-2026-07-10-game1,2026-07-10T11:57:42.116000+00:00,-22.12960000000001,2.3766343799999996,-19.752965620000012
10,8889699098,dota2-l1ga-liquid-2026-07-10-game2,2026-07-10T12:46:15.831000+00:00,0.0,0.0,0.0
10,8889733840,dota2-aur1-playti-2026-07-10-game2,2026-07-10T13:14:22.837000+00:00,-36.18850000000002,0.896569245,-35.29193075500002
10,8889871314,dota2-nem-vg-2026-07-10-game1,2026-07-10T14:27:52.631000+00:00,14.896199999999997,0.6206606549999999,15.516860654999997
10,8889914618,dota2-pari-mouz-2026-07-10-game1,2026-07-10T14:59:49.254000+00:00,-6.055363520000014,0.4197464617319999,-5.635617058268014
10,8889944251,dota2-rnx-ts8-2026-07-10-game1,2026-07-10T15:15:29.857000+00:00,16.092299999999966,0.29224766250000006,16.384547662499966
10,8890008812,dota2-nem-vg-2026-07-10-game2,2026-07-10T15:49:04.827000+00:00,38.06239999999997,1.820791125,39.88319112499997
10,8890036748,dota2-pari-mouz-2026-07-10-game2,2026-07-10T16:15:07.698000+00:00,27.272400000000005,0.17999784000000002,27.452397840000003
10,8890074597,dota2-rnx-ts8-2026-07-10-game2,2026-07-10T16:28:42.555000+00:00,0.0,0.0,0.0
10,8890179830,dota2-lgd-ty-2026-07-10-game1,2026-07-10T17:38:53.401000+00:00,23.420699999999982,0.9365871375000001,24.35728713749998
10,8890270555,dota2-1win-og-2026-07-10-game2,2026-07-10T18:36:26.467000+00:00,0.0,0.0,0.0
10,8890268632,dota2-lgd-ty-2026-07-10-game2,2026-07-10T18:43:14.663000+00:00,0.7783999999999871,0.776557485,1.5549574849999872
10,8890301402,dota2-ic-vp-2026-07-10-game2,2026-07-10T18:52:09.717000+00:00,0.0,0.0,0.0
10,8891108843,dota2-poorra-re-2026-07-11-game1,2026-07-11T09:15:44.932000+00:00,1.5999999999999979,0.14682,1.7468199999999978
10,8891108985,dota2-bb4-gl-2026-07-11-game1,2026-07-11T09:17:06.187000+00:00,5.882399999999961,1.813242405,7.695642404999962
10,8891145641,dota2-xtreme-flc-2026-07-11-game1,2026-07-11T09:30:07.111000+00:00,2.941199999999924,1.5218375849999997,4.463037584999924
10,8891217710,dota2-poorra-re-2026-07-11-game2,2026-07-11T10:44:50.172000+00:00,-7.345200700000003,0.24989150763749998,-7.095309192362503
10,8891240327,dota2-xtreme-flc-2026-07-11-game2,2026-07-11T11:01:14.698000+00:00,-12.26319999999997,1.7833078800000002,-10.479892119999969
10,8891325877,dota2-l1ga-lvlup1-2026-07-11-game1,2026-07-11T12:09:46.181000+00:00,-0.8000000000000007,0.041639999999999996,-0.7583600000000007
10,8891349244,dota2-playti-ngx-2026-07-11-game1,2026-07-11T12:27:52.369000+00:00,34.35899999999995,5.109765405,39.46876540499995
10,8891371442,dota2-aur1-liquid-2026-07-11-game1,2026-07-11T12:43:19.319000+00:00,-40.25400000000005,2.188267575,-38.06573242500005
10,8891438996,dota2-l1ga-lvlup1-2026-07-11-game2,2026-07-11T13:19:40.554000+00:00,0.0,0.051336,0.051336
10,8891497910,dota2-aur1-liquid-2026-07-11-game2,2026-07-11T13:53:37.287000+00:00,30.600498120000026,0.7477689788340001,31.348267098834025
10,8891519142,dota2-playti-ngx-2026-07-11-game2,2026-07-11T14:08:43.754000+00:00,-31.25439999999999,1.31142258,-29.94297741999999
10,8892829232,dota2-mouz-vg-2026-07-12-game1,2026-07-12T09:15:57.248000+00:00,4.434998040000011,1.250079746031,5.685077786031011
10,8892835652,dota2-rnx-nem-2026-07-12-game1,2026-07-12T09:19:01.546000+00:00,-28.083800000000068,2.81515215,-25.268647850000068
10,8892836635,dota2-pari-ts8-2026-07-12-game1,2026-07-12T09:26:06.808000+00:00,15.19739722,4.650612936242999,19.848010156243
10,8892923329,dota2-mouz-vg-2026-07-12-game2,2026-07-12T10:25:59.512000+00:00,-83.41340104000002,2.738646236568,-80.67475480343202
10,8892914077,dota2-pari-ts8-2026-07-12-game2,2026-07-12T10:31:28.406000+00:00,4.004788200000016,1.04303936487,5.047827564870016
10,8892958964,dota2-rnx-nem-2026-07-12-game2,2026-07-12T10:53:08.655000+00:00,-82.1426,2.56555677,-79.57704323
10,8893070561,dota2-1win-ty-2026-07-12-game1,2026-07-12T12:14:45.162000+00:00,14.841599999999957,2.77977486,17.621374859999957
10,8893106015,dota2-og-vp-2026-07-12-game1,2026-07-12T12:36:42.440000+00:00,0.5199999999999996,0.042354,0.5623539999999996
10,8893165071,dota2-1win-ty-2026-07-12-game2,2026-07-12T13:18:20.777000+00:00,-29.21496049999999,4.6815570890625,-24.53340341093749
10,8893253595,dota2-og-vp-2026-07-12-game2,2026-07-12T13:56:28.498000+00:00,0.8889991800000061,0.355229622171,1.2442288021710062
10,8896139222,dota2-re-vp-2026-07-14-game1,2026-07-14T11:15:10.363000+00:00,0.6920999999999999,0.028531822499999998,0.7206318224999999
10,8896140998,dota2-liquid-xtreme-2026-07-14-game1,2026-07-14T11:24:31.795000+00:00,-5.215599999999974,3.23771499,-1.9778850099999734
10,8896234088,dota2-re-vp-2026-07-14-game2,2026-07-14T12:30:48.003000+00:00,-18.4212,0.78217731,-17.639022689999997
10,8896267691,dota2-liquid-xtreme-2026-07-14-game2,2026-07-14T13:05:08.216000+00:00,18.04820000000003,1.198362075,19.24656207500003
10,8896380183,dota2-re-vp-2026-07-14,2026-07-14T14:02:34.965000+00:00,-69.39230000000003,3.2875205625,-66.10477943750003
10,8896486914,dota2-liquid-xtreme-2026-07-14,2026-07-14T15:13:00.049000+00:00,-7.7639014599999925,1.6126399964745,-6.1512614635254925
10,8896645659,dota2-lgd-mouz-2026-07-14-game1,2026-07-14T16:55:49.823000+00:00,0.08059999999999956,0.022964955,0.10356495499999956
10,8896731473,dota2-lgd-mouz-2026-07-14-game2,2026-07-14T18:02:11.857000+00:00,-32.47900000000001,2.043844365,-30.435155635000015
10,8897585705,dota2-aur1-re-2026-07-15-game1,2026-07-15T11:19:40.513000+00:00,0.0,0.0,0.0
10,8897588873,dota2-ts8-liquid-2026-07-15-game1,2026-07-15T11:25:30.473000+00:00,11.805815679999995,1.624366891152,13.430182571151995
10,8897695379,dota2-aur1-re-2026-07-15-game2,2026-07-15T12:41:48.340000+00:00,-6.89670000000001,0.4267333125,-6.46996668750001
10,8897696869,dota2-ts8-liquid-2026-07-15-game2,2026-07-15T12:54:25.976000+00:00,-6.747800000000012,2.066695515,-4.681104485000012
10,8897831774,dota2-ts8-liquid-2026-07-15,2026-07-15T14:13:24.528000+00:00,19.04759999999999,1.0642846499999998,20.11188464999999
10,8897841991,dota2-1win-vg-2026-07-15-game1,2026-07-15T14:22:22.284000+00:00,-0.9888628199999943,0.7525994380275,-0.2362633819724943
10,8897971312,dota2-1win-vg-2026-07-15-game2,2026-07-15T15:33:39.656000+00:00,3.690000000000026,1.162917135,4.852917135000026
10,8898003442,dota2-bb4-lgd-2026-07-15-game1,2026-07-15T15:56:58.589000+00:00,16.52393324000004,1.753988152122,18.27792139212204
10,8898084910,dota2-1win-vg-2026-07-15,2026-07-15T16:49:08.935000+00:00,-18.245000000000005,1.6350710549999998,-16.609928945000004
10,8898117600,dota2-bb4-lgd-2026-07-15-game2,2026-07-15T17:15:52.403000+00:00,37.63637334999996,0.82056548191125,38.45693883191121
10,8899028080,dota2-ty-ts8-2026-07-17-game1,2026-07-16T11:25:22.617000+00:00,-53.99459999999997,2.9423695199999997,-51.05223047999997
10,8899120700,dota2-ty-ts8-2026-07-17-game2,2026-07-16T12:44:26.752000+00:00,-20.681899999999978,1.6613008875,-19.020599112499976
10,8899307453,dota2-pari-re-2026-07-17-game1,2026-07-16T14:36:23.407000+00:00,7.842300000000023,0.6612746624999999,8.503574662500023
10,8899420575,dota2-pari-re-2026-07-17-game2,2026-07-16T15:46:28.167000+00:00,-1.3639999999999972,0.06643362,-1.2975663799999972
10,8900508749,dota2-flc-vg-2026-07-16-game1,2026-07-17T11:21:46.405000+00:00,-31.39590000000001,0.9425952825,-30.45330471750001
10,8900623530,dota2-flc-vg-2026-07-16-game2,2026-07-17T12:54:30.551000+00:00,19.102795560000004,1.3430201229869998,20.445815682987003
10,8900771154,dota2-ngx-bb4-2026-07-16-game1,2026-07-17T14:28:08.196000+00:00,-6.521199999999993,1.55830527,-4.962894729999993
10,8900882416,dota2-ngx-bb4-2026-07-16-game2,2026-07-17T15:33:10.588000+00:00,-0.5684000000000253,0.78200283,0.2136028299999747
10,8902107148,dota2-bb4-vg-2026-07-18-game1,2026-07-18T11:22:02.020000+00:00,1.75,0.06283125,1.81283125
10,8902173969,dota2-bb4-vg-2026-07-18-game2,2026-07-18T12:21:15.910000+00:00,28.17071323000002,0.76013005712775,28.930843287127768
10,8902338515,dota2-ty-pari-2026-07-18-game1,2026-07-18T14:06:38.308000+00:00,8.165219780000044,1.5299800343415002,9.695199814341544
10,8902431810,dota2-ty-pari-2026-07-18-game2,2026-07-18T15:09:37.865000+00:00,77.02380000000002,7.554919965,84.57871996500002
10,8902610619,dota2-ty-pari-2026-07-18,2026-07-18T16:48:06.686000+00:00,-19.78490000000002,5.036648617499999,-14.748251382500023
10,8903705555,dota2-vg-ty-2026-07-19-game1,2026-07-19T10:24:33.152000+00:00,21.290999999999997,0.55617264,21.847172639999997
10,8903789784,dota2-vg-ty-2026-07-19-game2,2026-07-19T11:31:19.185000+00:00,4.0,0.5145,4.5145
10,8904012666,dota2-bb4-pari-2026-07-19-game1,2026-07-19T13:57:51.853000+00:00,49.782032580000006,1.412472145887,51.19450472588701
10,8904157676,dota2-bb4-pari-2026-07-19-game2,2026-07-19T15:17:11.337000+00:00,-4.079701750000002,3.1816140765937497,-0.898087673406252
10,8904322271,dota2-bb4-pari-2026-07-19-game3,2026-07-19T16:52:33.960000+00:00,-1.1161999999999992,2.00848413,0.8922841300000006
10,8904419709,dota2-bb4-pari-2026-07-19-game4,2026-07-19T18:05:14.511000+00:00,2.555399999999988,1.0768627199999998,3.632262719999988
10,8905035315,dota2-stx-lynx-2026-07-20-game1,2026-07-20T07:25:19.610000+00:00,1.1999999998124622e-06,0.2078999937,0.20790119369999982
10,8905093611,dota2-stx-lynx-2026-07-20-game2,2026-07-20T08:36:36.644000+00:00,42.21180000000003,1.722382575,43.93418257500003
10,8905164476,dota2-stx-lynx-2026-07-20,2026-07-20T10:04:24.370000+00:00,18.05877804999995,1.61086804179375,19.6696460917937
10,8905233934,dota2-lynx-pckcp-2026-07-20-game1,2026-07-20T11:15:17.947000+00:00,34.21749934999999,1.9614645651112501,36.17896391511124
10,8905359313,dota2-lynx-pckcp-2026-07-20-game2,2026-07-20T12:49:30.119000+00:00,-10.249999999999979,1.05942825,-9.190571749999979
10,8905490238,dota2-z10-nemiga-2026-07-20-game1,2026-07-20T14:13:02.081000+00:00,-1.0847999999999995,0.10658505,-0.9782149499999996
10,8905612460,dota2-z10-nemiga-2026-07-20-game2,2026-07-20T15:25:40.567000+00:00,-50.66383723999999,1.541351978748,-49.122485261251995
10,8905741721,dota2-spirit1-jenz-2026-07-20-game1,2026-07-20T16:55:30.580000+00:00,-8.40000000000002,0.4977,-7.90230000000002
10,8905885788,dota2-spirit1-jenz-2026-07-20-game2,2026-07-20T18:35:45.253000+00:00,0.0,0.0,0.0
10,8905975768,dota2-lvlup1-ill-2026-07-20-game1,2026-07-20T19:45:16.612000+00:00,-4.407800000000009,0.5665115249999999,-3.8412884750000087
10,8906069414,dota2-lvlup1-ill-2026-07-20-game2,2026-07-20T20:59:36.536000+00:00,-13.234400000000008,0.7658388899999999,-12.468561110000008
10,8906479441,dota2-nemiga-dan-2026-07-21-game1,2026-07-21T07:24:02.590000+00:00,35.211570690000045,0.58122681994425,35.79279750994429
10,8906547471,dota2-nemiga-dan-2026-07-21-game2,2026-07-21T08:48:51.736000+00:00,21.61209999999999,1.0719235874999997,22.68402358749999
10,8906626852,dota2-pckcp-stx-2026-07-21-game1,2026-07-21T10:17:03.931000+00:00,-1.0524000000000004,0.72272835,-0.3296716500000004
10,8906706819,dota2-pckcp-stx-2026-07-21-game2,2026-07-21T11:28:10.072000+00:00,3.076899999999995,1.0428383324999997,4.1197383324999945
10,8906814740,dota2-pckcp-stx-2026-07-21,2026-07-21T12:50:32.182000+00:00,-18.599000719999978,2.505314787624,-16.093685932375976
10,8906911697,dota2-lynx-spirit1-2026-07-21-game1,2026-07-21T14:01:22.509000+00:00,0.9099999999999993,0.41175225,1.3217522499999992
10,8907021823,dota2-lynx-spirit1-2026-07-21-game2,2026-07-21T14:54:33.550000+00:00,-24.8898,2.03941617,-22.850383830000002
10,8907114935,dota2-lynx-spirit1-2026-07-21,2026-07-21T15:55:17.448000+00:00,-34.52846452000002,3.361800531306,-31.166663988694022
10,8907236730,dota2-jenz-lynx-2026-07-21-game1,2026-07-21T17:22:36.365000+00:00,0.0,0.0,0.0
10,8907319204,dota2-jenz-lynx-2026-07-21-game2,2026-07-21T18:19:16.673000+00:00,-36.94821714999994,0.8475325233337498,-36.100684626666194
10,8907510684,dota2-z10-aion-2026-07-21-game2,2026-07-21T20:45:41.820000+00:00,0.0,0.0,0.0
10,8907942033,dota2-ill-dan-2026-07-22-game1,2026-07-22T07:18:07.776000+00:00,0.0,0.0,0.0
10,8907997366,dota2-ill-dan-2026-07-22-game2,2026-07-22T08:30:21.640000+00:00,-8.692502679999961,0.952825963266,-7.739676716733961
10,8908178087,dota2-nemiga-aion-2026-07-22-game2,2026-07-22T11:35:02.272000+00:00,11.325509659999994,0.453198558489,11.778708218488994
10,8908313996,dota2-stx-spirit1-2026-07-22-game1,2026-07-22T13:26:43.307000+00:00,0.04526736000000753,0.19480160750400005,0.24006896750400758
10,8908486051,dota2-stx-spirit1-2026-07-22-game2,2026-07-22T15:03:55.390000+00:00,23.134685929999975,0.73560406187025,23.870289991870226
10,8908612824,dota2-stx-spirit1-2026-07-22,2026-07-22T16:27:56.948000+00:00,-2.0722621600000366,2.261683171242,0.1894210112419632
10,8908710300,dota2-z10-lvlup1-2026-07-22-game1,2026-07-22T17:40:32.974000+00:00,-25.09430000000006,2.6250076724999998,-22.46929232750006
10,8908926344,dota2-z10-lvlup1-2026-07-22,2026-07-22T20:21:42.790000+00:00,-18.643513710000022,1.86591749739825,-16.77759621260177
10,8909388284,dota2-dan-z10-2026-07-23-game1,2026-07-23T07:17:23.633000+00:00,0.0,0.0,0.0
10,8909443684,dota2-dan-z10-2026-07-23-game2,2026-07-23T08:24:14.078000+00:00,-10.89130193000002,0.78476532359175,-10.10653660640827
10,8909498494,dota2-dan-z10-2026-07-23,2026-07-23T09:35:42.112000+00:00,-0.09999999999999964,0.015435,-0.08456499999999964
10,8909658828,dota2-spirit1-pckcp-2026-07-23-game2,2026-07-23T11:56:35.158000+00:00,0.0,0.0,0.0
10,8909780227,dota2-spirit1-pckcp-2026-07-23,2026-07-23T13:29:29.880000+00:00,0.0,0.0,0.0
10,8910104556,dota2-jenz-kw1-2026-07-23-game2,2026-07-23T16:47:57.620000+00:00,-7.633399789999984,3.06232971804225,-4.571070071957735
10,8910216725,dota2-jenz-kw1-2026-07-23,2026-07-23T18:09:02.529000+00:00,0.0,0.163296,0.163296
10,8910344715,dota2-lvlup1-aion-2026-07-23-game1,2026-07-23T19:45:58.831000+00:00,0.0,0.0,0.0
10,8910461593,dota2-lvlup1-aion-2026-07-23-game2,2026-07-23T21:18:59.726000+00:00,-4.4517999999999995,0.18788671499999998,-4.263913284999999
10,8910535715,dota2-lvlup1-aion-2026-07-23,2026-07-23T22:37:28.157000+00:00,0.6224520799999991,0.036775172208,0.659227252207999
10,8910589445,dota2-nemiga-ill-2026-07-23-game1,2026-07-23T23:33:41.369000+00:00,-20.43979999999999,1.2926524199999998,-19.14714757999999
10,8910670427,dota2-nemiga-ill-2026-07-23,2026-07-24T01:26:47.762000+00:00,-5.235000000000014,1.5557807099999998,-3.679219290000014
10,8910982575,dota2-aion-dan-2026-07-24-game2,2026-07-24T08:39:31.809000+00:00,0.0,0.0,0.0
10,8911277378,dota2-kw1-stx-2026-07-24-game2,2026-07-24T13:08:23.857000+00:00,-2.4127014800000097,1.2163810253910001,-1.1963204546090096
10,8911784562,dota2-z10-ill-2026-07-24-game1,2026-07-24T18:00:21.302000+00:00,-0.7999999999999705,0.7500057600000001,-0.049994239999970436
10,8911916389,dota2-z10-ill-2026-07-24-game2,2026-07-24T19:32:36.981000+00:00,0.0,0.29178,0.29178
10,8912045230,dota2-nemiga-lvlup1-2026-07-24-game1,2026-07-24T21:05:49.488000+00:00,-11.564800000000009,1.5063744,-10.058425600000009
10,8912123729,dota2-nemiga-lvlup1-2026-07-24-game2,2026-07-24T22:15:39.296000+00:00,0.0,0.0,0.0
10,8912551235,dota2-ill-aion-2026-07-25-game1,2026-07-25T07:19:52.253000+00:00,2.05319948,0.096504432894,2.149703912894
10,8912622476,dota2-ill-aion-2026-07-25-game2,2026-07-25T08:27:06.996000+00:00,0.3204999999999991,0.07545371249999998,0.3959537124999991
10,8912758286,dota2-pckcp-jenz-2026-07-22-game1,2026-07-25T10:25:45.605000+00:00,-3.8100000000000023,0.3709124999999999,-3.4390875000000025
10,8912831712,dota2-pckcp-jenz-2026-07-22-game2,2026-07-25T11:23:26.682000+00:00,4.800000000000001,0.14057999999999998,4.940580000000001
10,8912974141,dota2-pckcp-jenz-2026-07-22,2026-07-25T13:02:19.241000+00:00,-24.393792639999987,1.431647247984,-22.962145392015987
10,8913307206,dota2-kw1-pckcp-2026-07-25-game1,2026-07-25T16:28:48.834000+00:00,20.900000000000006,0.5185575,21.418557500000006
10,8913598312,dota2-lynx-kw1-2026-07-25-game1,2026-07-25T19:28:05.257000+00:00,-1.0843999999999951,1.4985063299999999,0.41410633000000474
10,8913726962,dota2-lynx-kw1-2026-07-25-game2,2026-07-25T20:57:15.562000+00:00,-30.554200000000016,2.492011845,-28.062188155000015
10,8913824141,dota2-lynx-kw1-2026-07-25,2026-07-25T22:21:39.642000+00:00,-32.58959999999999,2.8784806200000004,-29.71111937999999
10,8914414410,dota2-nemiga-ill-2026-07-26-game1,2026-07-26T09:26:59.644000+00:00,-19.659555599999976,1.1106844344,-18.548871165599977
10,8914520562,dota2-nemiga-ill-2026-07-26-game2,2026-07-26T10:41:21.923000+00:00,20.00000000000003,1.4925,21.492500000000028
10,8914637220,dota2-nemiga-ill-2026-07-26,2026-07-26T12:04:18.708000+00:00,0.0,0.0,0.0
10,8914749408,dota2-rearis-pckcp-2026-07-26-game1,2026-07-26T13:19:34.036000+00:00,-5.114327800000012,0.7953096034499999,-4.3190181965500125
10,8914885598,dota2-rearis-pckcp-2026-07-26-game2,2026-07-26T14:24:02.001000+00:00,49.64150000000001,0.30260808749999996,49.944108087500005
10,8915002841,dota2-kw1-rearis-2026-07-26-game1,2026-07-26T15:32:54.677000+00:00,0.0,0.0,0.0
10,8915137972,dota2-kw1-rearis-2026-07-26-game2,2026-07-26T16:47:26.165000+00:00,0.3000000000000007,0.024412499999999993,0.3244125000000007
10,8915271266,dota2-jenz-stx-2026-07-26-game1,2026-07-26T18:26:53.337000+00:00,0.3452000000000002,0.05630099999999999,0.40150100000000016
10,8915390117,dota2-jenz-stx-2026-07-26-game2,2026-07-26T19:37:39.362000+00:00,0.5386000000000024,0.07957815,0.6181781500000024
10,8915498965,dota2-jenz-stx-2026-07-26,2026-07-26T20:57:43.107000+00:00,13.025000000000006,0.8804519249999999,13.905451925000005
10,8916041863,dota2-lvlup1-pckcp-2026-07-27-game1,2026-07-27T09:21:33.291000+00:00,1.8855000000000004,0.03653156249999999,1.9220315625000004
10,8916102349,dota2-lvlup1-pckcp-2026-07-27-game2,2026-07-27T10:12:46.876000+00:00,-33.384600000000034,0.9188473499999998,-32.465752650000034
10,8916245727,dota2-stx-nemiga-2026-07-27-game1,2026-07-27T12:25:46.061000+00:00,16.49095460000001,2.34084998604,18.831804586040008
10,8916384577,dota2-stx-nemiga-2026-07-27-game2,2026-07-27T13:48:29.618000+00:00,14.227100000000025,4.6761145275,18.903214527500026
10,8916474664,dota2-stx-nemiga-2026-07-27,2026-07-27T14:44:54.132000+00:00,26.841099480000025,1.673954450433,28.515053930433027
10,8917611319,dota2-pr1-nemiga-2026-07-28-game2,2026-07-28T10:17:02.190000+00:00,0.0,0.0,0.0
10,8917675823,dota2-pr1-nemiga-2026-07-28,2026-07-28T11:19:25.327000+00:00,45.44800000000001,0.6561524999999999,46.104152500000005
10,8917738415,dota2-nh-pckcp-2026-07-28-game1,2026-07-28T12:16:10.015000+00:00,0.0,0.0,0.0
10,8917853656,dota2-nh-pckcp-2026-07-28-game2,2026-07-28T13:23:44.955000+00:00,0.37959999999999994,0.12489788999999998,0.5044978899999999
10,8918052500,dota2-pckcp-kw1-2026-07-28-game1,2026-07-28T15:24:46.769000+00:00,-2.3999999999999986,0.11771999999999999,-2.2822799999999988
10,8918176547,dota2-pckcp-kw1-2026-07-28-game2,2026-07-28T16:37:04.197000+00:00,0.0,0.0,0.0
10,8919264561,dota2-rearis-z10-2026-07-29-game1,2026-07-29T12:23:03.580000+00:00,-14.776299999999992,0.7648318425,-14.011468157499992
10,8919404744,dota2-rearis-z10-2026-07-29-game2,2026-07-29T13:48:28.368000+00:00,0.40100000000000335,2.1990317249999998,2.600031725000003
10,8919546613,dota2-amaru-nemiga-2026-07-29-game1,2026-07-29T15:15:30.082000+00:00,0.0,0.0,0.0
10,8919685210,dota2-amaru-nemiga-2026-07-29-game2,2026-07-29T16:34:50.427000+00:00,-66.38620061999995,1.6999514820705,-64.68624913792945
10,8919803916,dota2-amaru-nemiga-2026-07-29,2026-07-29T18:02:17.532000+00:00,58.904681190000026,1.6698056180107501,60.574486808010775
10,8920655724,dota2-pckcp-z10-2026-07-30-game2,2026-07-30T10:32:16.617000+00:00,0.0,0.0,0.0
10,8920897425,dota2-lvlup1-z10-2026-07-30-game2,2026-07-30T13:37:44.606000+00:00,-49.17999999999997,1.7357643,-47.44423569999997
10,8921002620,dota2-lvlup1-z10-2026-07-30,2026-07-30T14:47:46.063000+00:00,13.626399999999961,1.6766763,15.303076299999962
10,8921162227,dota2-amaru-pr1-2026-07-30-game1,2026-07-30T16:32:24.441000+00:00,27.80689999999999,1.2259622025,29.03286220249999
10,8921281044,dota2-amaru-pr1-2026-07-30-game2,2026-07-30T17:34:28.519000+00:00,0.0,0.0,0.0
10,8921949036,dota2-re-midas3-2026-07-31-game1,2026-07-31T06:23:42.906000+00:00,0.0,0.0,0.0
10,8922016200,dota2-re-midas3-2026-07-31-game2,2026-07-31T07:39:14.850000+00:00,47.7268,1.02373974,48.750539739999994
10,8922074642,dota2-vg-amaru-2026-07-31-game1,2026-07-31T08:46:41.467000+00:00,2.25,0.11424374999999999,2.36424375
10,8922137329,dota2-vg-amaru-2026-07-31-game2,2026-07-31T09:48:16.177000+00:00,0.0,0.0,0.0
10,8922133239,dota2-tr7-playti-2026-07-31-game1,2026-07-31T09:57:34.446000+00:00,2.2689980799999887,1.7686075414650002,4.037605621464989
10,8922186876,dota2-vg-amaru-2026-07-31,2026-07-31T10:40:33.810000+00:00,5.063200000000023,0.6072042599999998,5.670404260000023
10,8922211678,dota2-tr7-playti-2026-07-31-game2,2026-07-31T11:00:53.806000+00:00,0.38690000000000424,0.8610340125,1.2479340125000042
10,8922300474,dota2-enjoy-glyph-2026-07-31-game1,2026-07-31T12:14:29.331000+00:00,0.0,0.107055,0.107055
10,8922339160,dota2-l1ga-rnx-2026-07-31-game1,2026-07-31T12:44:09.822000+00:00,-34.0,3.2771999999999997,-30.7228
10,8922400300,dota2-enjoy-glyph-2026-07-31-game2,2026-07-31T13:24:39.311000+00:00,0.33300000000000196,1.698055305,2.031055305000002
10,8922433138,dota2-l1ga-rnx-2026-07-31-game2,2026-07-31T13:42:06.325000+00:00,-0.7000000000000011,0.0349725,-0.6650275000000011
10,8922552315,dota2-l1ga-rnx-2026-07-31,2026-07-31T14:55:23.609000+00:00,52.63200000000003,1.1755357199999998,53.80753572000003
10,8922602122,dota2-yb1-z10-2026-07-31-game1,2026-07-31T15:28:08.646000+00:00,11.397400000000033,3.877580685,15.274980685000033
10,8922722577,dota2-yb1-z10-2026-07-31-game2,2026-07-31T16:35:25.057000+00:00,-21.483600000000013,1.46356668,-20.020033320000014
10,8922818221,dota2-xtreme-lgd-2026-07-31-game1,2026-07-31T17:51:24.199000+00:00,-1.178699999999992,1.4052755475,0.22657554750000797
10,8922940920,dota2-xtreme-lgd-2026-07-31-game2,2026-07-31T19:09:48.720000+00:00,-5.201000500000003,0.17549474737499998,-5.025505752625003
10,8923040358,dota2-xtreme-lgd-2026-07-31,2026-07-31T20:28:40.570000+00:00,-40.736999999999995,1.1674951949999999,-39.569504804999994
10,8923506996,dota2-midas3-tr7-2026-08-01-game1,2026-08-01T05:43:01.223000+00:00,0.8000000000000007,0.14267999999999997,0.9426800000000006
10,8923579943,dota2-midas3-tr7-2026-08-01-game2,2026-08-01T07:02:32.143000+00:00,-74.0939,1.5040481325,-72.5898518675
10,8923643650,dota2-midas3-tr7-2026-08-01,2026-08-01T08:08:01.087000+00:00,-119.79600000000002,1.40529858,-118.39070142000003
10,8923704450,dota2-yes-vg-2026-08-01-game1,2026-08-01T09:01:56.739000+00:00,0.0012582899999813435,0.9300092983492501,0.9312675883492314
10,8923780137,dota2-re-playti-2026-08-01-game1,2026-08-01T10:09:39.721000+00:00,-14.343999999999955,1.3738525199999998,-12.970147479999955
10,8923790600,dota2-yes-vg-2026-08-01-game2,2026-08-01T10:14:11.317000+00:00,0.0,0.0,0.0
10,8923874259,dota2-re-playti-2026-08-01-game2,2026-08-01T11:26:12.956000+00:00,-5.659301920000001,0.5682072483239999,-5.091094671676001
10,8923899787,dota2-enjoy-yb1-2026-08-01-game1,2026-08-01T11:45:49.553000+00:00,-41.635200000000026,0.903559005,-40.73164099500003
10,8924057168,dota2-l1ga-lgd-2026-08-01-game1,2026-08-01T13:34:16.709000+00:00,-2.751795119999997,0.5765479734239999,-2.1752471465759973
10,8924222714,dota2-l1ga-lgd-2026-08-01-game2,2026-08-01T15:02:43.462000+00:00,0.0,0.0,0.0
10,8924328537,dota2-glyph-z10-2026-08-01-game1,2026-08-01T15:59:42.950000+00:00,26.198077910000052,1.24643200856175,27.444509918561803
10,8924367779,dota2-l1ga-lgd-2026-08-01,2026-08-01T16:23:12.450000+00:00,-33.73440000000002,0.641556,-33.09284400000002
10,8924468754,dota2-glyph-z10-2026-08-01-game2,2026-08-01T17:25:49.795000+00:00,-49.42319999999998,1.32738282,-48.09581717999998
10,8924530036,dota2-rnx-xtreme-2026-08-01-game1,2026-08-01T18:06:50.164000+00:00,8.250699999999995,0.8421684525,9.092868452499994
10,8924616191,dota2-rnx-xtreme-2026-08-01-game2,2026-08-01T19:06:22.446000+00:00,-43.800681,1.781508514125,-42.019172485874996
10,8925210898,dota2-playti-xctn-2026-08-02-game1,2026-08-02T05:28:20.542000+00:00,-22.729331040000016,1.8615464272094997,-20.867784612790516
10,8925308090,dota2-playti-xctn-2026-08-02-game2,2026-08-02T07:03:47.891000+00:00,3.214400000000026,0.5327868,3.7471868000000264
10,8925543582,dota2-yes-tr7-2026-08-02-game1,2026-08-02T10:44:16.945000+00:00,-3.3333000000000084,1.2047379525,-2.1285620475000084
10,8925703946,dota2-yes-tr7-2026-08-02-game2,2026-08-02T11:58:57.158000+00:00,11.115325179999928,1.3708138998555002,12.486139079855429
10,8925847726,dota2-yes-tr7-2026-08-02,2026-08-02T13:17:43.701000+00:00,5.9086,0.05139052499999999,5.959990525
10,8926022375,dota2-rnx-yb1-2026-08-02-game1,2026-08-02T15:09:53.856000+00:00,52.141899129999985,4.01420508482475,56.15610421482474
10,8926232913,dota2-rnx-yb1-2026-08-02-game2,2026-08-02T16:42:19.665000+00:00,-2.9574000000000034,1.330230195,-1.6271698050000034
10,8926381426,dota2-rnx-yb1-2026-08-02,2026-08-02T18:14:10.009000+00:00,-2.0256642199999284,1.291807848117,-0.7338563718829285
10,8926523280,dota2-z10-lgd-2026-08-02-game1,2026-08-02T19:59:32.068000+00:00,-11.449999999999989,0.64738875,-10.80261124999999
10,8926636219,dota2-z10-lgd-2026-08-02-game2,2026-08-02T21:07:31.416000+00:00,-14.286000000000001,0.5464395,-13.739560500000001
10,8927063876,dota2-glyph-playti-2026-08-03-game2,2026-08-03T06:55:36.873000+00:00,22.244929300000003,0.9789046467975,23.2238339467975
10,8927132943,dota2-glyph-playti-2026-08-03,2026-08-03T08:27:35.152000+00:00,7.502367200000009,1.1864990150999999,8.68886621510001
10,8927207054,dota2-xtreme-tr7-2026-08-03-game1,2026-08-03T10:00:05.212000+00:00,8.053000000000026,1.102702425,9.155702425000026
10,8927288399,dota2-xtreme-tr7-2026-08-03-game2,2026-08-03T11:00:48.642000+00:00,0.0,0.0,0.0
10,8927380776,dota2-xtreme-tr7-2026-08-03,2026-08-03T12:15:30.661000+00:00,-15.572699999999998,2.2258279424999996,-13.346872057499997
10,8927539264,dota2-vg-yb1-2026-08-03-game1,2026-08-03T14:05:56.825000+00:00,-0.7097000000000273,0.8300485424999999,0.12034854249997262
10,8927660975,dota2-vg-yb1-2026-08-03-game2,2026-08-03T15:05:20.968000+00:00,-3.0689017500000375,0.93959262343125,-2.1293091265687876
10,8927760296,dota2-vg-yb1-2026-08-03,2026-08-03T16:18:19.713000+00:00,14.304000000000006,1.4681748,15.772174800000005
10,8927926397,dota2-re-lgd-2026-08-03-game1,2026-08-03T18:09:03.381000+00:00,9.211199999999991,0.75025224,9.961452239999991
10,8928050264,dota2-re-lgd-2026-08-03-game2,2026-08-03T19:19:18.313000+00:00,0.0,0.0,0.0
10,8928163118,dota2-re-lgd-2026-08-03,2026-08-03T20:43:38.722000+00:00,-41.961600000000004,2.3511466349999997,-39.610453365000005
10,8928851109,dota2-playti-tr7-2026-08-04-game1,2026-08-04T11:30:07.829000+00:00,1.4800000000000004,1.3086221249999999,2.7886221250000003
10,8928953683,dota2-playti-tr7-2026-08-04-game2,2026-08-04T12:46:11.879000+00:00,6.8003150400000045,0.895888676832,7.696203716832004
10,8929124210,dota2-yb1-re-2026-08-04-game1,2026-08-04T14:38:55.576000+00:00,15.71393778000003,1.1058811160055,16.81981889600553
10,8929276426,dota2-yb1-re-2026-08-04-game2,2026-08-04T15:54:25.550000+00:00,37.15494160000003,0.96873907536,38.12368067536003
10,8929365099,dota2-yb1-re-2026-08-04,2026-08-04T16:51:08.308000+00:00,10.256545730000028,2.17838232188025,12.434928051880277
10,8930200713,dota2-tr7-re-2026-08-05-game1,2026-08-05T08:20:38.811000+00:00,-1.4465760999999997,1.5927218284875,0.1461457284875003
10,8930258778,dota2-tr7-re-2026-08-05-game2,2026-08-05T09:25:42.941000+00:00,12.34479999999998,1.46302839,13.80782838999998
10,8930398938,dota2-playti-yb1-2026-08-05-game1,2026-08-05T12:24:04.133000+00:00,5.587599999999981,3.7344693299999996,9.32206932999998
10,8930615242,dota2-playti-yb1-2026-08-05-game2,2026-08-05T14:02:56.166000+00:00,138.98180000000002,0.614994465,139.59679446500002
10,8930736914,dota2-playti-yb1-2026-08-05-game3,2026-08-05T15:09:49.519000+00:00,0.9999999999999982,0.09266250000000001,1.0926624999999983
10,8931781241,dota2-lvlup1-rearis-2026-08-06-game1,2026-08-06T09:28:03.156000+00:00,0.5999999999999979,0.105795,0.7057949999999978
10,8931852727,dota2-lvlup1-rearis-2026-08-06-game2,2026-08-06T10:30:33.624000+00:00,4.02,0.41822550000000003,4.4382255
10,8931981851,dota2-rearis-nh-2026-08-06-game1,2026-08-06T12:26:15.226000+00:00,23.960999999999984,0.7969731749999999,24.757973174999986
10,8932085762,dota2-rearis-nh-2026-08-06-game2,2026-08-06T13:20:21.204000+00:00,0.0,0.0,0.0
10,8932181345,dota2-rearis-nh-2026-08-06,2026-08-06T14:22:22.478000+00:00,5.681190400000027,0.24350155415999997,5.924691954160027
10,8932318084,dota2-nh-lvlup1-2026-08-06-game1,2026-08-06T15:34:15.395000+00:00,-40.66829999999999,0.7993057275000001,-39.86899427249999
10,8932413808,dota2-nh-lvlup1-2026-08-06-game2,2026-08-06T16:23:29.211000+00:00,0.4560000000000013,0.080541,0.5365410000000013
10,8932523868,dota2-nh-lvlup1-2026-08-06,2026-08-06T17:36:18.454000+00:00,0.0,0.0,0.0
10,8932657929,dota2-ill-pr1-2026-08-06-game1,2026-08-06T19:12:10.345000+00:00,14.487398200000001,0.8832649614900001,15.37066316149
10,8932835800,dota2-ill-pr1-2026-08-06,2026-08-06T21:22:55.783000+00:00,-13.127150000000054,1.69254058875,-11.434609411250054
10,8933374169,dota2-nh-z10-2026-08-07-game1,2026-08-07T09:29:47.916000+00:00,0.0,0.0,0.0
10,8933453728,dota2-nh-z10-2026-08-07-game2,2026-08-07T10:40:19.376000+00:00,0.0,0.0185625,0.0185625
10,8933575351,dota2-ill-stx-2026-08-07-game1,2026-08-07T12:33:02.695000+00:00,-64.06479999999996,1.70789343,-62.356906569999964
10,8933704579,dota2-ill-stx-2026-08-07-game2,2026-08-07T13:44:43.178000+00:00,-16.610300000000024,2.0549862525,-14.555313747500023
10,8933879286,dota2-pr1-jenz-2026-08-07-game1,2026-08-07T15:25:51.002000+00:00,-17.24520000000004,1.6126359000000001,-15.632564100000039
10,8933988979,dota2-pr1-jenz-2026-08-07-game2,2026-08-07T16:29:38.697000+00:00,16.801479809999975,1.39658530325775,18.198065113257726
10,8934184387,dota2-jenz-nemiga-2026-08-07-game1,2026-08-07T18:35:03.983000+00:00,5.479399999999998,0.790266465,6.2696664649999985
10,8934279386,dota2-jenz-nemiga-2026-08-07-game2,2026-08-07T19:33:30.612000+00:00,0.0,0.7019913599999998,0.7019913599999998
10,8936825643,dota2-pr1-yes-2026-08-09-game1,2026-08-09T09:22:32.992000+00:00,-3.672154500000005,0.688713020625,-2.983441479375005
10,8937080738,dota2-pr1-yes-2026-08-09,2026-08-09T12:20:23.208000+00:00,2.260000000000005,1.6031145,3.8631145000000053
10,8937188618,dota2-lvlup1-mouz-2026-08-09-game1,2026-08-09T13:17:49.636000+00:00,-10.137999999999998,0.43468797000000003,-9.703312029999998
10,8937335830,dota2-lvlup1-mouz-2026-08-09-game2,2026-08-09T14:27:35.299000+00:00,-12.150899999999965,2.8163804774999996,-9.334519522499965
10,8937484593,dota2-ill-re-2026-08-09-game1,2026-08-09T15:55:00.679000+00:00,-7.2402000000000015,0.39857300999999995,-6.841626990000002
10,8937631882,dota2-ill-re-2026-08-09-game2,2026-08-09T17:12:21.447000+00:00,60.25732399999998,0.8979465738,61.15527057379998
10,8937722788,dota2-z10-navi-2026-08-09-game1,2026-08-09T18:17:16.930000+00:00,-19.94879999999997,1.5517898999999997,-18.39701009999997
10,8938509987,dota2-pr1-mouz-2026-08-10-game1,2026-08-10T09:24:47.767000+00:00,7.0703999999999745,2.589045075,9.659445074999974
10,8938565057,dota2-pr1-mouz-2026-08-10-game2,2026-08-10T10:12:07.159000+00:00,-2.4300000000000033,0.1943325,-2.2356675000000035
10,8938634026,dota2-pr1-mouz-2026-08-10,2026-08-10T11:15:54.851000+00:00,-49.92151412000001,1.1226342391679998,-48.79887988083201
10,8938716198,dota2-ill-z10-2026-08-10-game1,2026-08-10T12:25:50.383000+00:00,-1.5454278800000107,1.432397517096,-0.1130303629040108
10,8939023869,dota2-yes-lvlup1-2026-08-10-game1,2026-08-10T15:24:37.289000+00:00,71.84330000000006,2.6072858775,74.45058587750006
10,8940059913,dota2-lvlup1-navi-2026-08-11-game1,2026-08-11T09:16:02.605000+00:00,30.499699999999976,0.39949929749999996,30.899199297499976
10,8940117837,dota2-lvlup1-navi-2026-08-11-game2,2026-08-11T10:12:11.551000+00:00,35.58632920000001,1.69042964481,37.27675884481001
10,8940266495,dota2-mouz-re-2026-08-11-game1,2026-08-11T12:16:13.042000+00:00,0.36444999999999883,1.4698123387500002,1.834262338749999
10,8940365227,dota2-mouz-re-2026-08-11-game2,2026-08-11T13:12:04.281000+00:00,0.1499999999999999,0.01805625,0.1680562499999999
10,8940487898,dota2-mouz-re-2026-08-11,2026-08-11T14:25:06.999000+00:00,41.96139999999997,2.754568845,44.71596884499997
10,8940643574,dota2-yes-z10-2026-08-11-game1,2026-08-11T15:45:57.067000+00:00,28.69689999999997,2.9320170225,31.62891702249997
10,8940756672,dota2-yes-z10-2026-08-11-game2,2026-08-11T16:48:25.758000+00:00,-1.1999999999999993,0.9070567199999999,-0.29294327999999936
10,8941656460,dota2-lvlup1-re-2026-08-12-game1,2026-08-12T09:19:34.658000+00:00,19.84049999999999,1.7369234474999997,21.577423447499992
10,8941733752,dota2-lvlup1-re-2026-08-12-game2,2026-08-12T10:35:42.245000+00:00,-12.814799999999984,1.41388449,-11.400915509999983
10,8941817475,dota2-lvlup1-re-2026-08-12,2026-08-12T11:50:26.039000+00:00,9.999899999999997,1.5040771725,11.503977172499997
10,8942003788,dota2-navi-lvlup1-2026-08-12-game1,2026-08-12T13:42:36.457000+00:00,0.3000000000000007,0.0261225,0.3261225000000007
10,8942152024,dota2-navi-lvlup1-2026-08-12-game2,2026-08-12T14:50:30.897000+00:00,0.6999999999999957,0.15156750000000002,0.8515674999999958
10,8942262723,dota2-navi-lvlup1-2026-08-12-game3,2026-08-12T15:53:47.795000+00:00,8.763070080000013,0.46389046134000006,9.226960541340013
10,8962372120,dota2-ic-nemiga-2026-08-24-game1,2026-08-24T07:17:08.649000+00:00,42.0038,1.640242845,43.644042845
10,8962458373,dota2-ic-nemiga-2026-08-24-game2,2026-08-24T08:26:45.454000+00:00,0.8471660399999994,0.044318685009,0.8914847250089994
10,8962592819,dota2-ks-lynx-2026-08-24-game1,2026-08-24T10:19:27.562000+00:00,-2.2443032600000024,0.153895924071,-2.0904073359290023
10,8962736746,dota2-ks-lynx-2026-08-24-game2,2026-08-24T11:33:18.452000+00:00,10.983531840000003,1.053549404526,12.037081244526004
10,8962964580,dota2-sb5-stx-2026-08-24-game1,2026-08-24T13:25:23.881000+00:00,1.2416661000000002,0.006518747025,1.2481848470250003
10,8963508714,dota2-rearis-lynx-2026-08-24-game2,2026-08-24T17:37:20.349000+00:00,-8.203826560000007,0.8773940751479999,-7.326432484852007
10,8963649188,dota2-dynast1-fts-2026-08-24-game1,2026-08-24T19:15:00.848000+00:00,15.100000000000009,0.2189325,15.318932500000008
10,8963790789,dota2-dynast1-fts-2026-08-24-game2,2026-08-24T20:20:45.642000+00:00,-0.29999999999999893,0.0614325,-0.23856749999999893
10,8964399842,dota2-pckcp-nemiga-2026-08-25-game1,2026-08-25T07:22:10.248000+00:00,-1.8627287199999998,0.21927335735400003,-1.6434553626459998
10,8964480771,dota2-pckcp-nemiga-2026-08-25-game2,2026-08-25T08:31:41.723000+00:00,-1.6563627500000493,1.27622322219375,-0.38013952780629934
10,8964574076,dota2-pckcp-nemiga-2026-08-25,2026-08-25T09:52:05.670000+00:00,-0.5999999999999996,1.1113650000000002,0.5113650000000005
10,8964657335,dota2-fts-pckcp-2026-08-25-game1,2026-08-25T10:52:11.864000+00:00,-0.8599999999999994,0.07504575,-0.7849542499999994
10,8964837315,dota2-fts-pckcp-2026-08-25-game2,2026-08-25T12:34:06.314000+00:00,-0.737891499999991,0.502826909625,-0.23506459037499106
10,8964962329,dota2-ic-fts-2026-08-25-game1,2026-08-25T13:50:36.471000+00:00,21.82526704,0.5818923879839999,22.407159427984
10,8965097316,dota2-ic-fts-2026-08-25-game2,2026-08-25T14:41:01.046000+00:00,-0.40000000000000124,0.024824999999999993,-0.37517500000000126
10,8964938940,dota2-rearis-spirit1-2026-08-25-game1,2026-08-25T16:23:39.394000+00:00,3.6565148000000054,0.5250591064500001,4.181573906450005
10,8965544741,dota2-rearis-spirit1-2026-08-25,2026-08-25T18:44:21.316000+00:00,-3.1119999999999983,1.31880288,-1.7931971199999983
10,8969842778,dota2-pckcp-ic-2026-08-28-game2,2026-08-28T08:21:21.985000+00:00,8.314999999999998,0.35907,8.674069999999997
10,8969978865,dota2-rearis-sb5-2026-08-28-game1,2026-08-28T10:27:01.322000+00:00,0.7306999999999988,0.20271444749999998,0.9334144474999988
10,8970089224,dota2-rearis-sb5-2026-08-28-game2,2026-08-28T11:41:09.553000+00:00,5.0,0.57675,5.57675
10,8970207176,dota2-rearis-sb5-2026-08-28,2026-08-28T12:56:49.576000+00:00,1.224750000000002,0.31326890625,1.538018906250002
10,8970338180,dota2-synaps-nemiga-2026-08-28-game1,2026-08-28T14:09:13.367000+00:00,-3.9684000000000026,1.29198105,-2.6764189500000026
10,8970352005,dota2-dynast1-ic-2026-08-28-game1,2026-08-28T14:10:35.964000+00:00,0.29515769999999986,0.053809426755,0.34896712675499986
10,8970470057,dota2-synaps-nemiga-2026-08-28-game2,2026-08-28T15:09:53.245000+00:00,26.32567430000001,0.327050122635,26.65272442263501
10,8970485789,dota2-dynast1-ic-2026-08-28-game2,2026-08-28T15:14:26.848000+00:00,-31.06059999999996,1.645174035,-29.415425964999958
10,8970575970,dota2-synaps-nemiga-2026-08-28,2026-08-28T16:02:11.965000+00:00,79.74510000000001,1.1974472624999999,80.94254726250001
10,8970655100,dota2-dynast1-ic-2026-08-28,2026-08-28T16:43:34.585000+00:00,1.2922794399999997,0.116727127362,1.4090065673619998
10,8970886632,dota2-dynast1-pckcp-2026-08-28-game2,2026-08-28T18:51:22.084000+00:00,1.7189090000000098,1.227530893125,2.9464398931250098
10,8971007454,dota2-ks-rearis-2026-08-28-game1,2026-08-28T20:11:41.712000+00:00,-2.842170943040401e-14,1.1732879999999999,1.1732879999999715
10,8971016820,dota2-fts-nemiga-2026-08-28-game1,2026-08-28T20:17:43.711000+00:00,-0.10000000000000009,0.018135,-0.08186500000000009
10,8971111987,dota2-ks-rearis-2026-08-28-game2,2026-08-28T21:24:47.695000+00:00,-0.9670161999999953,0.322214458275,-0.6448017417249954
10,8971423978,dota2-db2-satan-2026-08-28-game2,2026-08-29T03:20:55.120000+00:00,0.0,0.0,0.0
10,8971501630,dota2-nexus-cres-2026-08-28,2026-08-29T04:51:09.441000+00:00,-69.54350000000002,1.8776438925,-67.66585610750002
10,8971519375,dota2-nem-6seven-2026-08-29-game1,2026-08-29T05:14:15.579000+00:00,-13.400000000000013,0.384216,-13.015784000000012
10,8971586781,dota2-nem-6seven-2026-08-29-game2,2026-08-29T06:13:46.689000+00:00,2.312000000000001,0.34418004,2.656180040000001
10,8971664649,dota2-nem-6seven-2026-08-29,2026-08-29T07:24:10.704000+00:00,18.923559360000013,1.4158476534959998,20.339407013496015
10,8971753986,dota2-icecre-kineti-2026-08-29-game1,2026-08-29T08:38:12.829000+00:00,0.0,0.0,0.0
10,8971849697,dota2-icecre-kineti-2026-08-29-game2,2026-08-29T09:43:14.699000+00:00,-1.7956428799999955,0.297859671312,-1.4977832086879954
10,8971891627,dota2-dynast1-nemiga-2026-08-29-game1,2026-08-29T10:17:49.464000+00:00,17.701936220000032,1.6241754874635,19.326111707463532
10,8971964803,dota2-mouz-yes-2026-08-29-game1,2026-08-29T11:13:49.271000+00:00,-33.291,2.705828895,-30.585171104999997
10,8971988345,dota2-sb5-lynx-2026-08-29-game1,2026-08-29T11:21:30.742000+00:00,-1.6887842800000001,0.13332058545599998,-1.5554636945440001
10,8972103119,dota2-sb5-lynx-2026-08-29-game2,2026-08-29T12:31:54.536000+00:00,-12.99052979999999,0.503100712755,-12.48742908724499
10,8972115962,dota2-mouz-yes-2026-08-29-game2,2026-08-29T12:36:59.931000+00:00,-43.75917885,4.13155624772625,-39.627622602273746
10,8972289868,dota2-huliga-lynx-2026-08-29-game1,2026-08-29T14:15:10.550000+00:00,-3.965077339999997,0.209837881071,-3.755239458928997
10,8972502454,dota2-huliga-lynx-2026-08-29-game2,2026-08-29T15:52:19.963000+00:00,8.740200000000016,0.42655297499999995,9.166752975000016
10,8972611918,dota2-huliga-lynx-2026-08-29,2026-08-29T16:49:36.587000+00:00,8.562000000000001,1.1181645,9.680164500000002
10,8972773416,dota2-pi-lvlup1-2026-08-29-game1,2026-08-29T18:17:23.637000+00:00,9.702851999999986,0.7722222839999999,10.475074283999986
10,8972893200,dota2-pi-lvlup1-2026-08-29-game2,2026-08-29T19:20:53.860000+00:00,-0.17369999999999952,0.7506354375,0.5769354375000004
10,8973011673,dota2-pi-lvlup1-2026-08-29,2026-08-29T20:33:12.059000+00:00,2.036298269999998,0.24176631218025002,2.2780645821802477
10,8973010298,dota2-ks-spirit1-2026-08-29-game1,2026-08-29T20:38:42.759000+00:00,0.0,0.0,0.0
10,8973337131,dota2-icecre-xctn-2026-08-30-game1,2026-08-30T02:14:49.254000+00:00,-10.93918099999999,0.654824171625,-10.28435682837499
10,8973405568,dota2-icecre-xctn-2026-08-30-game2,2026-08-30T03:19:55.483000+00:00,-16.891304750000003,0.42352928716875,-16.467775462831252
10,8973462028,dota2-icecre-xctn-2026-08-30,2026-08-30T04:30:11.988000+00:00,0.08598400000000339,0.3832440876,0.4692280876000034
10,8973502629,dota2-clo-yb1-2026-08-30-game1,2026-08-30T05:13:07.837000+00:00,0.0,0.0,0.0
10,8973568453,dota2-clo-yb1-2026-08-30-game2,2026-08-30T06:12:50.377000+00:00,0.15268528999999909,0.04962644358224999,0.20231173358224908
10,8973613420,dota2-clo-yb1-2026-08-30,2026-08-30T07:04:46.677000+00:00,4.569911519999991,0.212080205076,4.781991725075991
10,8973707438,dota2-lynx-lvlup1-2026-08-30-game1,2026-08-30T08:16:36.050000+00:00,0.0,0.0185625,0.0185625
10,8973859403,dota2-lynx-lvlup1-2026-08-30-game2,2026-08-30T09:56:31.353000+00:00,-4.000000000000007,0.37199999999999994,-3.628000000000007
10,8973884000,dota2-nem-xctn-2026-08-30-game2,2026-08-30T10:12:32.710000+00:00,6.79901218000001,0.938223733731,7.73723591373101
10,8973944033,dota2-lynx-lvlup1-2026-08-30,2026-08-30T10:50:43.696000+00:00,-3.8212999999999795,2.7875418375,-1.0337581624999794
10,8974185539,dota2-navi-mouz-2026-08-30-game2,2026-08-30T13:08:29.090000+00:00,5.564548429999997,0.13928464466025,5.703833074660246
10,8974647733,dota2-lvlup1-pr1-2026-08-30-game1,2026-08-30T17:09:16.077000+00:00,-20.5053007,2.4665855892975,-18.038715110702498
10,8974898633,dota2-lvlup1-pr1-2026-08-30,2026-08-30T19:25:58.777000+00:00,2.7442752000000077,1.2703199408999999,4.014595140900008
10,8975110449,dota2-dynast1-ks-2026-08-30-game2,2026-08-30T21:54:27.706000+00:00,-13.939381709999996,0.7347099743752499,-13.204671735624746
10,8975871235,dota2-synaps-lynx-2026-08-31-game1,2026-08-31T12:26:44.788000+00:00,-9.743444159999994,0.5618230888469999,-9.181621071152994
10,8976012755,dota2-synaps-lynx-2026-08-31-game2,2026-08-31T13:41:35.303000+00:00,9.230700000000013,1.0271461425,10.257846142500012
10,8976166971,dota2-synaps-lynx-2026-08-31,2026-08-31T15:09:07.826000+00:00,3.5343223300000375,2.54700307631025,6.081325406310287
10,8976300473,dota2-4iki-ic-2026-08-31-game1,2026-08-31T16:25:39.940000+00:00,-3.516741920000019,1.7890547724659998,-1.7276871475340192
10,8976441468,dota2-4iki-ic-2026-08-31-game2,2026-08-31T17:43:06.122000+00:00,48.387,0.9984657449999998,49.385465745
10,8976511215,dota2-4iki-ic-2026-08-31,2026-08-31T18:29:54.020000+00:00,1.2000000000000028,0.26929499999999995,1.469295000000003
10,8976665322,dota2-spirit1-pi-2026-08-31-game1,2026-08-31T20:26:57.494000+00:00,25.0,1.762509375,26.762509375
10,8976751962,dota2-spirit1-pi-2026-08-31-game2,2026-08-31T21:40:17.685000+00:00,3.299999999999997,0.161865,3.4618649999999973
10,8977325814,dota2-ks-pckcp-2026-09-01-game2,2026-09-01T10:26:27.059000+00:00,13.173799999999986,0.579145605,13.752945604999987
10,8977476867,dota2-ic-lynx-2026-09-01-game1,2026-09-01T12:26:04.131000+00:00,-4.83217904,0.6038817445439999,-4.228297295456
10,8977623650,dota2-ic-lynx-2026-09-01-game2,2026-09-01T13:53:28.128000+00:00,4.187676999999994,0.357076534875,4.544753534874994
10,8977913355,dota2-synaps-lvlup1-2026-09-01-game2,2026-09-01T16:37:59.217000+00:00,4.940000000000005,0.13708499999999998,5.077085000000005
10,8978023576,dota2-synaps-lvlup1-2026-09-01,2026-09-01T17:45:54.185000+00:00,1.5139261399999988,0.132641603343,1.6465677433429988
10,8978832148,dota2-pr1-ic-2026-09-02-game1,2026-09-02T09:52:32.767000+00:00,14.82708201,0.61453025431725,15.44161226431725
10,8978916284,dota2-pr1-ic-2026-09-02-game2,2026-09-02T11:19:11.539000+00:00,0.0,0.0,0.0
10,8978986214,dota2-pr1-ic-2026-09-02,2026-09-02T12:20:55.440000+00:00,0.0,0.0,0.0
10,8979131280,dota2-dynast1-pckcp-2026-09-02-game1,2026-09-02T13:56:13.878000+00:00,0.0,0.0,0.0
10,8979241530,dota2-dynast1-pckcp-2026-09-02-game2,2026-09-02T14:56:18.245000+00:00,0.48194740000000547,0.11322216689999996,0.5951695669000054
10,8979344496,dota2-synaps-4iki-2026-09-02-game1,2026-09-02T15:59:27.587000+00:00,-17.59979068000001,1.3393344883559999,-16.26045619164401
10,8980293569,dota2-z10-ks-2026-09-03-game1,2026-09-03T09:18:42.909000+00:00,45.64089999999996,0.7019267174999999,46.34282671749996
10,8980358113,dota2-z10-ks-2026-09-03-game2,2026-09-03T10:27:20.250000+00:00,10.080000000000013,1.0081725,11.088172500000013
10,8980463789,dota2-pckcp-spirit1-2026-09-03-game1,2026-09-03T12:14:02.762000+00:00,0.0,0.0,0.0
10,8980769413,dota2-pi-dynast1-2026-09-03-game1,2026-09-03T15:17:23.998000+00:00,6.305913800000003,0.11923566830999997,6.4251494683100026
11,8837869969,dota2-aur1-ty-2026-06-04-game1,2026-06-04T09:17:47.612000+00:00,6.420000000000016,1.540679595,7.960679595000016
11,8837957019,dota2-aur1-ty-2026-06-04-game2,2026-06-04T11:05:49.570000+00:00,-88.5011999999999,5.41622322,-83.08497677999989
11,8838056564,dota2-flc-liquid-2026-06-04-game1,2026-06-04T12:43:48.535000+00:00,3.2446999999999946,2.6406920325,5.885392032499995
11,8838170936,dota2-flc-liquid-2026-06-04-game2,2026-06-04T14:05:12.636000+00:00,-18.443999999999956,1.4702650199999998,-16.973734979999957
11,8838396820,dota2-lgd-ty-2026-06-04-game2,2026-06-04T16:48:28.531000+00:00,14.735200000000034,1.5261078,16.261307800000033
11,8838480778,dota2-lgd-ty-2026-06-04,2026-06-04T17:57:47.377000+00:00,-27.165101080000014,2.1704698221705,-24.994631257829514
11,8839123109,dota2-flc-bb4-2026-06-05-game1,2026-06-05T09:16:39.267000+00:00,5.7834,0.7466353649999999,6.530035365
11,8839193447,dota2-flc-bb4-2026-06-05-game2,2026-06-05T10:38:10.594000+00:00,2.748599999999988,0.9374186550000001,3.6860186549999883
11,8839366504,dota2-lgd-liquid-2026-06-05-game2,2026-06-05T13:21:18.066000+00:00,-43.25959999999998,1.91706399,-41.342536009999975
11,8839494962,dota2-flc-aur1-2026-06-05-game1,2026-06-05T14:52:18.684000+00:00,3.200000000000003,0.1389,3.338900000000003
11,8839625815,dota2-flc-aur1-2026-06-05-game2,2026-06-05T16:13:53.150000+00:00,11.156299999999995,0.5857704974999999,11.742070497499995
11,8839717574,dota2-flc-aur1-2026-06-05,2026-06-05T17:21:15.591000+00:00,-11.057581839999955,2.068440478056,-8.989141361943954
11,8840635639,dota2-ty-bb4-2026-06-06-game1,2026-06-06T10:47:49.658000+00:00,0.0,0.0,0.0
11,8840704374,dota2-ty-bb4-2026-06-06-game2,2026-06-06T11:51:44.485000+00:00,-15.256222340000022,3.6036611569934998,-11.652561183006522
11,8840821227,dota2-ty-bb4-2026-06-06,2026-06-06T13:12:37.368000+00:00,9.491398240000024,1.3448297959079998,10.836228035908023
11,8840984097,dota2-aur1-lgd-2026-06-06-game1,2026-06-06T15:05:33.978000+00:00,-1.9825659199999563,0.8760312784680001,-1.1065346415319564
11,8841114801,dota2-aur1-lgd-2026-06-06-game2,2026-06-06T16:30:29.855000+00:00,-24.250601400000036,1.435543749627,-22.815057650373035
11,8842052142,dota2-bb4-lgd-2026-06-07-game1,2026-06-07T09:18:04.694000+00:00,-19.01660074,1.1385202627245001,-17.8780804772755
11,8842134886,dota2-bb4-lgd-2026-06-07-game2,2026-06-07T10:28:41.168000+00:00,-11.810645120000032,2.082444886098,-9.728200233902033
11,8842245726,dota2-bb4-lgd-2026-06-07,2026-06-07T11:59:53.564000+00:00,-6.799999999999997,0.38073749999999995,-6.419262499999997
11,8842468101,dota2-ty-lgd-2026-06-07-game1,2026-06-07T14:21:40.854000+00:00,-50.99545523,1.1466465373102501,-49.848808692689744
11,8842596730,dota2-ty-lgd-2026-06-07-game2,2026-06-07T15:49:20.066000+00:00,-7.5455000000000325,0.8633166525,-6.6821833475000325
11,8842722527,dota2-ty-lgd-2026-06-07-game3,2026-06-07T17:12:22.566000+00:00,1.4797999999999933,0.1233348,1.6031347999999934
11,8842845018,dota2-ty-lgd-2026-06-07-game4,2026-06-07T18:51:58.999000+00:00,0.0,0.0,0.0
11,8843465364,dota2-4iki-nande4-2026-06-08-game1,2026-06-08T09:15:08.776000+00:00,1.6799999999999997,0.15498000000000003,1.8349799999999998
11,8843512570,dota2-4iki-nande4-2026-06-08-game2,2026-06-08T10:09:45.609000+00:00,0.0,0.0,0.0
11,8843560379,dota2-4iki-nande4-2026-06-08,2026-06-08T11:10:54.138000+00:00,-19.38499999999999,1.2744497099999998,-18.110550289999992
11,8843760302,dota2-vpp-balu-2026-06-08-game2,2026-06-08T13:42:26.324000+00:00,2.3529000000000337,0.4374629325,2.7903629325000336
11,8844054970,dota2-z10-sb5-2026-06-08-game2,2026-06-08T17:08:41.204000+00:00,20.35140000000001,0.6544362149999999,21.00583621500001
11,8844132483,dota2-vpp-z10-2026-06-08-game1,2026-06-08T18:23:01.210000+00:00,0.0,0.0,0.0
11,8844244719,dota2-vpp-z10-2026-06-08-game2,2026-06-08T19:45:42.908000+00:00,9.772800000000004,0.30959082,10.082390820000004
11,8844308689,dota2-vpp-z10-2026-06-08,2026-06-08T20:50:38.757000+00:00,122.5804,0.56999886,123.15039886
11,8850534819,dota2-ill-pr1-2026-06-13-game2,2026-06-13T17:10:42.502000+00:00,-0.6707999999999998,0.0890487,-0.5817512999999999
11,8850593633,dota2-ill-pr1-2026-06-13,2026-06-13T18:00:57.551000+00:00,0.0,0.0,0.0
11,8851984783,dota2-4iki-pr1-2026-06-14-game2,2026-06-14T16:46:25.798000+00:00,-25.868899999999982,2.8492074675,-23.01969253249998
11,8852055373,dota2-4iki-pr1-2026-06-14,2026-06-14T17:46:02.690000+00:00,-2.3499999999999983,0.11869125,-2.2313087499999984
11,8854443395,dota2-fla-spirit1-2026-06-16-game1,2026-06-16T16:31:44.570000+00:00,-2.0,0.11019,-1.88981
11,8885183102,dota2-flc-bb4-2026-07-07-game1,2026-07-07T09:47:24.433000+00:00,5.721100000000007,2.7366036524999995,8.457703652500006
11,8885195986,dota2-re-xtreme-2026-07-07-game1,2026-07-07T09:55:03.037000+00:00,1.4900000000000002,0.7171815599999999,2.20718156
11,8885252329,dota2-flc-bb4-2026-07-07-game2,2026-07-07T11:01:59.599000+00:00,4.201600000000011,1.6329988800000002,5.83459888000001
11,8885275216,dota2-re-xtreme-2026-07-07-game2,2026-07-07T11:16:11.813000+00:00,-14.822599999999994,0.873761175,-13.948838824999994
11,8885365825,dota2-l1ga-ngx-2026-07-07-game1,2026-07-07T12:34:49.112000+00:00,0.0,0.0,0.0
11,8885380529,dota2-liquid-playti-2026-07-07-game1,2026-07-07T12:43:07.045000+00:00,-0.3899999999999997,0.04870125,-0.34129874999999965
11,8885411801,dota2-lvlup1-aur1-2026-07-07-game1,2026-07-07T13:06:28.530000+00:00,-11.764499999999998,0.5073440624999999,-11.257155937499999
11,8885470551,dota2-l1ga-ngx-2026-07-07-game2,2026-07-07T13:39:34.570000+00:00,0.0,0.750009375,0.750009375
11,8885473599,dota2-liquid-playti-2026-07-07-game2,2026-07-07T13:52:27.923000+00:00,28.03545226,3.1901618901689996,31.225614150169
11,8885529711,dota2-lvlup1-aur1-2026-07-07-game2,2026-07-07T14:23:52.590000+00:00,0.3999999999999986,0.01149000000000001,0.4114899999999986
11,8885633666,dota2-ts8-mouz-2026-07-07-game1,2026-07-07T15:33:28.678000+00:00,31.718499999999977,1.6919487375000002,33.410448737499976
11,8885665054,dota2-nem-pari-2026-07-07-game1,2026-07-07T15:41:38.548000+00:00,31.799999999999983,0.589854,32.389853999999985
11,8885784652,dota2-ts8-mouz-2026-07-07-game2,2026-07-07T17:16:32.961000+00:00,-62.71889999999999,3.3612901575,-59.35760984249999
11,8885871759,dota2-ic-1win-2026-07-07-game1,2026-07-07T18:31:07.999000+00:00,0.0,0.0,0.0
11,8885928262,dota2-ty-og-2026-07-07-game1,2026-07-07T19:03:44.444000+00:00,5.852400000000003,0.08544503999999999,5.937845040000003
11,8885974297,dota2-ic-1win-2026-07-07-game2,2026-07-07T19:32:14.446000+00:00,0.0,0.0,0.0
11,8886005043,dota2-ty-og-2026-07-07-game2,2026-07-07T20:03:05.981000+00:00,0.0,0.0,0.0
11,8886576019,dota2-poorra-bb4-2026-07-08-game1,2026-07-08T09:20:01.472000+00:00,-15.0,0.66075,-14.33925
11,8886572854,dota2-gl-xtreme-2026-07-08-game1,2026-07-08T09:27:27.007000+00:00,-33.51460000000003,2.5609943250000002,-30.95360567500003
11,8886638110,dota2-poorra-bb4-2026-07-08-game2,2026-07-08T10:36:00.005000+00:00,1.7800000000000011,0.197895,1.977895000000001
11,8886640910,dota2-flc-re-2026-07-08-game2,2026-07-08T10:39:41.623000+00:00,21.660833069999967,0.7675166142577499,22.428349684257718
11,8886641793,dota2-gl-xtreme-2026-07-08-game2,2026-07-08T10:45:04.782000+00:00,-12.799999999999994,0.5189024999999999,-12.281097499999994
11,8886728756,dota2-l1ga-playti-2026-07-08-game1,2026-07-08T12:02:19.795000+00:00,-17.97660091000003,1.00008442233825,-16.97651648766178
11,8886736772,dota2-liquid-lvlup1-2026-07-08-game1,2026-07-08T12:08:59.488000+00:00,6.976799999999997,0.38075886000000003,7.3575588599999975
11,8886788497,dota2-ngx-aur1-2026-07-08-game1,2026-07-08T12:47:30.744000+00:00,4.607527669999996,0.47405211020324994,5.081579780203246
11,8886815251,dota2-l1ga-playti-2026-07-08-game2,2026-07-08T13:04:20.712000+00:00,71.91310000000001,1.0256267924999998,72.93872679250002
11,8886862310,dota2-liquid-lvlup1-2026-07-08-game2,2026-07-08T13:37:25.898000+00:00,7.391199999999998,0.053216640000000044,7.444416639999998
11,8886994890,dota2-ts8-nem-2026-07-08-game1,2026-07-08T14:59:11.781000+00:00,-0.09999999999999964,0.0196425,-0.08035749999999964
11,8887100676,dota2-vg-pari-2026-07-08-game1,2026-07-08T16:18:23.954000+00:00,0.0,0.0,0.0
11,8887114313,dota2-ts8-nem-2026-07-08-game2,2026-07-08T16:15:19.583000+00:00,0.0,0.0,0.0
11,8887197358,dota2-vg-pari-2026-07-08-game2,2026-07-08T17:23:00.102000+00:00,-10.338099999999997,0.6432707324999999,-9.694829267499998
11,8887218598,dota2-lgd-og-2026-07-08-game1,2026-07-08T17:27:41.870000+00:00,0.2599999999999998,0.0334425,0.2934424999999998
11,8887260104,dota2-ty-ic-2026-07-08-game1,2026-07-08T17:58:24.214000+00:00,-11.480221269999987,0.5306213042152499,-10.949599965784737
11,8887314193,dota2-lgd-og-2026-07-08-game2,2026-07-08T18:40:30.736000+00:00,0.5965092999999797,1.0485359307674997,1.6450452307674794
11,8887325211,dota2-vp-1win-2026-07-08-game1,2026-07-08T18:51:24.334000+00:00,-0.8281000000000063,3.9306385274999998,3.1025385274999935
11,8887337672,dota2-ty-ic-2026-07-08-game2,2026-07-08T19:01:29.872000+00:00,0.0,0.0,0.0
11,8887432754,dota2-vp-1win-2026-07-08-game2,2026-07-08T20:20:02.742000+00:00,57.569500000000005,0.6427853925,58.21228539250001
11,8887986392,dota2-poorra-xtreme-2026-07-09-game1,2026-07-09T09:21:30.237000+00:00,-30.952199999999976,3.59840682,-27.353793179999975
11,8887998750,dota2-bb4-re-2026-07-09-game1,2026-07-09T09:29:32.198000+00:00,-2.4000000000000057,0.11195999999999999,-2.288040000000006
11,8888056358,dota2-poorra-xtreme-2026-07-09-game2,2026-07-09T10:34:44.979000+00:00,-18.003600000000034,2.0204612999999996,-15.983138700000035
11,8888066684,dota2-bb4-re-2026-07-09-game2,2026-07-09T10:43:25.275000+00:00,-10.192797759999992,0.951834468408,-9.240963291591992
11,8888083694,dota2-gl-flc-2026-07-09-game2,2026-07-09T11:11:32.224000+00:00,5.063200000000023,0.6072042599999999,5.670404260000023
11,8888160657,dota2-l1ga-aur1-2026-07-09-game1,2026-07-09T12:09:38.901000+00:00,-2.244400000000013,1.00860516,-1.2357948400000132
11,8888173515,dota2-playti-lvlup1-2026-07-09-game1,2026-07-09T12:20:27.216000+00:00,0.6300000000000026,0.18384074999999997,0.8138407500000026
11,8888217771,dota2-ngx-liquid-2026-07-09-game1,2026-07-09T12:52:14.212000+00:00,9.232277600000009,1.0271380967399997,10.259415696740009
11,8888260336,dota2-l1ga-aur1-2026-07-09-game2,2026-07-09T13:20:05.771000+00:00,-12.048000000000002,1.2251107799999998,-10.822889220000002
11,8888279558,dota2-playti-lvlup1-2026-07-09-game2,2026-07-09T13:33:23.111000+00:00,23.377199999999988,0.15428952,23.531489519999987
11,8888318197,dota2-ngx-liquid-2026-07-09-game2,2026-07-09T14:04:08.888000+00:00,-12.703700000000026,3.9747956474999997,-8.728904352500027
11,8888405761,dota2-mouz-nem-2026-07-09-game1,2026-07-09T14:48:45.816000+00:00,10.8108,0.7378370999999999,11.5486371
11,8888425887,dota2-rnx-pari-2026-07-09-game1,2026-07-09T15:02:02.148000+00:00,2.0504999999999747,0.19660931250000002,2.247109312499975
11,8888489297,dota2-vg-ts8-2026-07-09-game1,2026-07-09T15:42:43.149000+00:00,-38.53699999999998,0.9909926249999998,-37.54600737499998
11,8888555097,dota2-mouz-nem-2026-07-09-game2,2026-07-09T16:24:34.308000+00:00,-44.40250000000003,3.0261659624999995,-41.37633403750003
11,8888554919,dota2-rnx-pari-2026-07-09-game2,2026-07-09T16:26:10.054000+00:00,0.0,0.0,0.0
11,8888592426,dota2-vg-ts8-2026-07-09-game2,2026-07-09T16:59:54.115000+00:00,-15.659600000000012,0.8525286300000001,-14.807071370000012
11,8888682602,dota2-og-ic-2026-07-09-game1,2026-07-09T17:53:01.981000+00:00,-34.89579945999998,0.8458718074485,-34.049927652551474
11,8888693655,dota2-vp-ty-2026-07-09-game1,2026-07-09T18:07:57.629000+00:00,26.472399999999993,0.18503784,26.657437839999993
11,8888731478,dota2-lgd-1win-2026-07-09-game1,2026-07-09T18:35:20.326000+00:00,-9.677400000000006,1.1552396249999999,-8.522160375000006
11,8888771711,dota2-og-ic-2026-07-09-game2,2026-07-09T19:04:50.495000+00:00,0.0,0.0,0.0
11,8888819433,dota2-lgd-1win-2026-07-09-game2,2026-07-09T19:41:02.532000+00:00,12.268581310000016,1.7841276551002503,14.052708965100265
11,8889452921,dota2-re-gl-2026-07-10-game1,2026-07-10T09:17:34.068000+00:00,34.32759999999999,1.4530766699999997,35.78067666999999
11,8889468264,dota2-xtreme-bb4-2026-07-10-game1,2026-07-10T09:26:30.741000+00:00,-2.7027000000000214,0.7895262375,-1.9131737625000214
11,8889513730,dota2-poorra-flc-2026-07-10-game2,2026-07-10T10:17:36.842000+00:00,0.0,0.0,0.0
11,8889524021,dota2-xtreme-bb4-2026-07-10-game2,2026-07-10T10:37:39.793000+00:00,-2.9850999999999885,0.9973965374999998,-1.9877034624999887
11,8889538949,dota2-re-gl-2026-07-10-game2,2026-07-10T10:40:57.402000+00:00,-63.96429999999992,3.2821168574999997,-60.68218314249992
11,8889615310,dota2-l1ga-liquid-2026-07-10-game1,2026-07-10T11:48:20.990000+00:00,-3.8559999999999945,0.38839560000000006,-3.4676043999999946
11,8889621582,dota2-aur1-playti-2026-07-10-game1,2026-07-10T11:57:42.116000+00:00,-27.7209,3.4715716574999997,-24.2493283425
11,8889699098,dota2-l1ga-liquid-2026-07-10-game2,2026-07-10T12:46:15.831000+00:00,0.0,0.0,0.0
11,8889733840,dota2-aur1-playti-2026-07-10-game2,2026-07-10T13:14:22.837000+00:00,-83.80280000000002,3.498062475,-80.30473752500002
11,8889871314,dota2-nem-vg-2026-07-10-game1,2026-07-10T14:27:52.631000+00:00,22.8476,0.51437733,23.36197733
11,8889914618,dota2-pari-mouz-2026-07-10-game1,2026-07-10T14:59:49.254000+00:00,1.4139364800000038,1.016198444232,2.4301349242320036
11,8889944251,dota2-rnx-ts8-2026-07-10-game1,2026-07-10T15:15:29.857000+00:00,6.593400000000003,0.22796680500000005,6.821366805000003
11,8890008812,dota2-nem-vg-2026-07-10-game2,2026-07-10T15:49:04.827000+00:00,34.53366699999995,0.8716371581249999,35.40530415812495
11,8890036748,dota2-pari-mouz-2026-07-10-game2,2026-07-10T16:15:07.698000+00:00,6.399999999999999,0.059519999999999997,6.459519999999999
11,8890074597,dota2-rnx-ts8-2026-07-10-game2,2026-07-10T16:28:42.555000+00:00,0.0,0.0,0.0
11,8890179830,dota2-lgd-ty-2026-07-10-game1,2026-07-10T17:38:53.401000+00:00,42.8211,1.2067866674999999,44.0278866675
11,8890270555,dota2-1win-og-2026-07-10-game2,2026-07-10T18:36:26.467000+00:00,0.0,0.0,0.0
11,8890268632,dota2-lgd-ty-2026-07-10-game2,2026-07-10T18:43:14.663000+00:00,-2.9723000000000184,0.7892668875,-2.183033112500018
11,8890301402,dota2-ic-vp-2026-07-10-game2,2026-07-10T18:52:09.717000+00:00,0.0,0.0,0.0
11,8891108843,dota2-poorra-re-2026-07-11-game1,2026-07-11T09:15:44.932000+00:00,2.4000000000000057,0.14945999999999998,2.5494600000000056
11,8891108985,dota2-bb4-gl-2026-07-11-game1,2026-07-11T09:17:06.187000+00:00,0.4399999999999995,0.069267,0.5092669999999995
11,8891145641,dota2-xtreme-flc-2026-07-11-game1,2026-07-11T09:30:07.111000+00:00,3.2289113599999926,0.18929985343200004,3.4182112134319924
11,8891217710,dota2-poorra-re-2026-07-11-game2,2026-07-11T10:44:50.172000+00:00,-40.910201499999985,1.4485227549375002,-39.461678745062486
11,8891240327,dota2-xtreme-flc-2026-07-11-game2,2026-07-11T11:01:14.698000+00:00,-0.2668005000000164,1.9038680076374999,1.6370675076374834
11,8891325877,dota2-l1ga-lvlup1-2026-07-11-game1,2026-07-11T12:09:46.181000+00:00,0.0,0.0,0.0
11,8891349244,dota2-playti-ngx-2026-07-11-game1,2026-07-11T12:27:52.369000+00:00,26.41980000000001,5.019655185,31.43945518500001
11,8891371442,dota2-aur1-liquid-2026-07-11-game1,2026-07-11T12:43:19.319000+00:00,4.790000000000006,0.56687775,5.356877750000006
11,8891438996,dota2-l1ga-lvlup1-2026-07-11-game2,2026-07-11T13:19:40.554000+00:00,-1.470000000000006,0.19739475,-1.272605250000006
11,8891497910,dota2-aur1-liquid-2026-07-11-game2,2026-07-11T13:53:37.287000+00:00,1.4700000000000024,0.054542249999999994,1.5245422500000023
11,8891519142,dota2-playti-ngx-2026-07-11-game2,2026-07-11T14:08:43.754000+00:00,-9.769543769999984,0.49812015340274995,-9.271423616597234
11,8892829232,dota2-mouz-vg-2026-07-12-game1,2026-07-12T09:15:57.248000+00:00,-91.88369999999995,1.7624886675,-90.12121133249995
11,8892835652,dota2-rnx-nem-2026-07-12-game1,2026-07-12T09:19:01.546000+00:00,-45.988800000000026,2.8194638999999997,-43.169336100000024
11,8892836635,dota2-pari-ts8-2026-07-12-game1,2026-07-12T09:26:06.808000+00:00,5.713400000000036,2.15178141,7.8651814100000355
11,8892923329,dota2-mouz-vg-2026-07-12-game2,2026-07-12T10:25:59.512000+00:00,0.0,0.0,0.0
11,8892914077,dota2-pari-ts8-2026-07-12-game2,2026-07-12T10:31:28.406000+00:00,1.3498999999999972,0.1357789125,1.4856789124999972
11,8892958964,dota2-rnx-nem-2026-07-12-game2,2026-07-12T10:53:08.655000+00:00,-21.099000000000004,1.658482755,-19.440517245000002
11,8893070561,dota2-1win-ty-2026-07-12-game1,2026-07-12T12:14:45.162000+00:00,7.157199999999975,2.84891625,10.006116249999975
11,8893106015,dota2-og-vp-2026-07-12-game1,2026-07-12T12:36:42.440000+00:00,0.8999999999999986,0.0986175,0.9986174999999986
11,8893165071,dota2-1win-ty-2026-07-12-game2,2026-07-12T13:18:20.777000+00:00,21.792800000000007,1.432768395,23.225568395000007
11,8893253595,dota2-og-vp-2026-07-12-game2,2026-07-12T13:56:28.498000+00:00,1.0412739999999983,0.1942154136,1.2354894135999983
11,8896139222,dota2-re-vp-2026-07-14-game1,2026-07-14T11:15:10.363000+00:00,7.407400000000052,1.52420307,8.931603070000053
11,8896140998,dota2-liquid-xtreme-2026-07-14-game1,2026-07-14T11:24:31.795000+00:00,-14.042399999999986,3.442040325,-10.600359674999986
11,8896234088,dota2-re-vp-2026-07-14-game2,2026-07-14T12:30:48.003000+00:00,0.0,0.0,0.0
11,8896267691,dota2-liquid-xtreme-2026-07-14-game2,2026-07-14T13:05:08.216000+00:00,-0.5586999999999946,1.1694560475,0.6107560475000053
11,8896380183,dota2-re-vp-2026-07-14,2026-07-14T14:02:34.965000+00:00,-60.0899,3.2986834425,-56.7912165575
11,8896486914,dota2-liquid-xtreme-2026-07-14,2026-07-14T15:13:00.049000+00:00,-1.3683000000000023,1.5266582925,0.15835829249999778
11,8896645659,dota2-lgd-mouz-2026-07-14-game1,2026-07-14T16:55:49.823000+00:00,0.1612,0.022656660000000002,0.18385666
11,8896731473,dota2-lgd-mouz-2026-07-14-game2,2026-07-14T18:02:11.857000+00:00,-37.03320000000005,1.8640116899999999,-35.16918831000005
11,8897585705,dota2-aur1-re-2026-07-15-game1,2026-07-15T11:19:40.513000+00:00,2.3256000000000085,0.4072707,2.7328707000000083
11,8897588873,dota2-ts8-liquid-2026-07-15-game1,2026-07-15T11:25:30.473000+00:00,19.098415679999988,1.657815271152,20.756230951151988
11,8897695379,dota2-aur1-re-2026-07-15-game2,2026-07-15T12:41:48.340000+00:00,-2.0989000000000146,0.40149986249999997,-1.6974001375000147
11,8897696869,dota2-ts8-liquid-2026-07-15-game2,2026-07-15T12:54:25.976000+00:00,5.436336250000053,4.902508498406251,10.338844748406304
11,8897831774,dota2-ts8-liquid-2026-07-15,2026-07-15T14:13:24.528000+00:00,-5.63325998000002,0.8868981703965,-4.74636180960352
11,8897841991,dota2-1win-vg-2026-07-15-game1,2026-07-15T14:22:22.284000+00:00,5.237912160000008,0.729573990012,5.967486150012007
11,8897971312,dota2-1win-vg-2026-07-15-game2,2026-07-15T15:33:39.656000+00:00,-5.477400000000024,0.5009028750000001,-4.976497125000024
11,8898003442,dota2-bb4-lgd-2026-07-15-game1,2026-07-15T15:56:58.589000+00:00,10.248200000000026,1.464324015,11.712524015000026
11,8898084910,dota2-1win-vg-2026-07-15,2026-07-15T16:49:08.935000+00:00,-18.636200000000002,1.788354345,-16.847845655000004
11,8898117600,dota2-bb4-lgd-2026-07-15-game2,2026-07-15T17:15:52.403000+00:00,28.762,0.8610225299999998,29.62302253
11,8899028080,dota2-ty-ts8-2026-07-17-game1,2026-07-16T11:25:22.617000+00:00,-16.753299999999975,0.9701840475,-15.783115952499974
11,8899120700,dota2-ty-ts8-2026-07-17-game2,2026-07-16T12:44:26.752000+00:00,-2.842170943040401e-14,1.6199902800000001,1.6199902799999717
11,8899307453,dota2-pari-re-2026-07-17-game1,2026-07-16T14:36:23.407000+00:00,-0.19749598000000113,0.0368343874755,-0.16066159252450113
11,8899420575,dota2-pari-re-2026-07-17-game2,2026-07-16T15:46:28.167000+00:00,-7.407300000000021,0.6027690374999999,-6.804530962500021
11,8900508749,dota2-flc-vg-2026-07-16-game1,2026-07-17T11:21:46.405000+00:00,-33.743600000000015,0.9205608599999998,-32.82303914000001
11,8900623530,dota2-flc-vg-2026-07-16-game2,2026-07-17T12:54:30.551000+00:00,-7.352304439999983,1.2894485454869997,-6.062855894512984
11,8900771154,dota2-ngx-bb4-2026-07-16-game1,2026-07-17T14:28:08.196000+00:00,1.5211999999999932,0.76342923,2.284629229999993
11,8900882416,dota2-ngx-bb4-2026-07-16-game2,2026-07-17T15:33:10.588000+00:00,-5.0,0.317025,-4.682975
11,8902107148,dota2-bb4-vg-2026-07-18-game1,2026-07-18T11:22:02.020000+00:00,1.75,0.06283125,1.81283125
11,8902173969,dota2-bb4-vg-2026-07-18-game2,2026-07-18T12:21:15.910000+00:00,14.084499999999991,0.8203517025,14.904851702499991
11,8902338515,dota2-ty-pari-2026-07-18-game1,2026-07-18T14:06:38.308000+00:00,12.244800000000026,1.5290694,13.773869400000027
11,8902431810,dota2-ty-pari-2026-07-18-game2,2026-07-18T15:09:37.865000+00:00,26.37939935999995,2.681502463032,29.06090182303195
11,8902610619,dota2-ty-pari-2026-07-18,2026-07-18T16:48:06.686000+00:00,-21.015100000000018,2.6856537974999997,-18.32944620250002
11,8903705555,dota2-vg-ty-2026-07-19-game1,2026-07-19T10:24:33.152000+00:00,-2.5635019999999784,0.67057279905,-1.8929292009499785
11,8903789784,dota2-vg-ty-2026-07-19-game2,2026-07-19T11:31:19.185000+00:00,10.666800000000023,0.7068088349999999,11.373608835000024
11,8904012666,dota2-bb4-pari-2026-07-19-game1,2026-07-19T13:57:51.853000+00:00,25.464993139999994,3.0189430405005,28.483936180500493
11,8904157676,dota2-bb4-pari-2026-07-19-game2,2026-07-19T15:17:11.337000+00:00,-35.97100000000002,2.1270074549999998,-33.84399254500002
11,8904322271,dota2-bb4-pari-2026-07-19-game3,2026-07-19T16:52:33.960000+00:00,-3.8462000000000103,1.440882675,-2.40531732500001
11,8904419709,dota2-bb4-pari-2026-07-19-game4,2026-07-19T18:05:14.511000+00:00,-3.854600000000035,0.8142063900000001,-3.0403936100000353
11,8905035315,dota2-stx-lynx-2026-07-20-game1,2026-07-20T07:25:19.610000+00:00,2.901172200000019,0.92152390095,3.822696100950019
11,8905093611,dota2-stx-lynx-2026-07-20-game2,2026-07-20T08:36:36.644000+00:00,24.858299999999993,0.9035319825,25.76183198249999
11,8905164476,dota2-stx-lynx-2026-07-20,2026-07-20T10:04:24.370000+00:00,38.518549999999934,1.7457870075,40.26433700749993
11,8905233934,dota2-lynx-pckcp-2026-07-20-game1,2026-07-20T11:15:17.947000+00:00,28.24139934999999,1.0875469026112499,29.328946252611242
11,8905359313,dota2-lynx-pckcp-2026-07-20-game2,2026-07-20T12:49:30.119000+00:00,-1.0999999999999996,0.0535425,-1.0464574999999996
11,8905490238,dota2-z10-nemiga-2026-07-20-game1,2026-07-20T14:13:02.081000+00:00,0.6520670799999984,0.043308552861,0.6953756328609983
11,8905612460,dota2-z10-nemiga-2026-07-20-game2,2026-07-20T15:25:40.567000+00:00,9.155399999999986,1.12451022,10.279910219999985
11,8905741721,dota2-spirit1-jenz-2026-07-20-game1,2026-07-20T16:55:30.580000+00:00,3.389800000000008,1.2251584649999998,4.614958465000008
11,8905885788,dota2-spirit1-jenz-2026-07-20-game2,2026-07-20T18:35:45.253000+00:00,-1.7964,0.00862272,-1.78777728
11,8905975768,dota2-lvlup1-ill-2026-07-20-game1,2026-07-20T19:45:16.612000+00:00,-8.103200000000015,1.5185667600000001,-6.584633240000015
11,8906069414,dota2-lvlup1-ill-2026-07-20-game2,2026-07-20T20:59:36.536000+00:00,-6.559899999999995,0.7443136275,-5.815586372499995
11,8906479441,dota2-nemiga-dan-2026-07-21-game1,2026-07-21T07:24:02.590000+00:00,11.473286240000007,1.1101933927935,12.583479632793507
11,8906547471,dota2-nemiga-dan-2026-07-21-game2,2026-07-21T08:48:51.736000+00:00,0.30000000000000027,0.0136125,0.3136125000000003
11,8906626852,dota2-pckcp-stx-2026-07-21-game1,2026-07-21T10:17:03.931000+00:00,-2.1000000000000014,0.4203825,-1.6796175000000013
11,8906706819,dota2-pckcp-stx-2026-07-21-game2,2026-07-21T11:28:10.072000+00:00,3.076899999999995,1.0428383324999997,4.1197383324999945
11,8906814740,dota2-pckcp-stx-2026-07-21,2026-07-21T12:50:32.182000+00:00,-8.250899999999987,2.5264685625,-5.724431437499987
11,8906911697,dota2-lynx-spirit1-2026-07-21-game1,2026-07-21T14:01:22.509000+00:00,-0.12439999999999918,0.3363165,0.21191650000000084
11,8907021823,dota2-lynx-spirit1-2026-07-21-game2,2026-07-21T14:54:33.550000+00:00,0.0,0.0,0.0
11,8907114935,dota2-lynx-spirit1-2026-07-21,2026-07-21T15:55:17.448000+00:00,-0.8860000000000099,1.2440943,0.3580942999999901
11,8907236730,dota2-jenz-lynx-2026-07-21-game1,2026-07-21T17:22:36.365000+00:00,0.0,0.0,0.0
11,8907319204,dota2-jenz-lynx-2026-07-21-game2,2026-07-21T18:19:16.673000+00:00,-32.34649954999999,0.7780455053062499,-31.56845404469374
11,8907510684,dota2-z10-aion-2026-07-21-game2,2026-07-21T20:45:41.820000+00:00,0.0,0.0,0.0
11,8907942033,dota2-ill-dan-2026-07-22-game1,2026-07-22T07:18:07.776000+00:00,0.0,0.0,0.0
11,8907997366,dota2-ill-dan-2026-07-22-game2,2026-07-22T08:30:21.640000+00:00,0.0,0.0,0.0
11,8908178087,dota2-nemiga-aion-2026-07-22-game2,2026-07-22T11:35:02.272000+00:00,8.799999999999983,0.514722,9.314721999999984
11,8908313996,dota2-stx-spirit1-2026-07-22-game1,2026-07-22T13:26:43.307000+00:00,0.04526736000000753,0.19480160750400005,0.24006896750400758
11,8908486051,dota2-stx-spirit1-2026-07-22-game2,2026-07-22T15:03:55.390000+00:00,83.18020000000001,1.590993615,84.77119361500002
11,8908612824,dota2-stx-spirit1-2026-07-22,2026-07-22T16:27:56.948000+00:00,15.208562289999941,2.43876250032075,17.647324790320692
11,8908710300,dota2-z10-lvlup1-2026-07-22-game1,2026-07-22T17:40:32.974000+00:00,-14.241600000000048,1.41027564,-12.831324360000048
11,8908926344,dota2-z10-lvlup1-2026-07-22,2026-07-22T20:21:42.790000+00:00,17.62188550999997,2.62592490994125,20.24781041994122
11,8909388284,dota2-dan-z10-2026-07-23-game1,2026-07-23T07:17:23.633000+00:00,0.0,0.0,0.0
11,8909443684,dota2-dan-z10-2026-07-23-game2,2026-07-23T08:24:14.078000+00:00,-10.892711330000022,0.78476046116175,-10.107950868838273
11,8909498494,dota2-dan-z10-2026-07-23,2026-07-23T09:35:42.112000+00:00,-1.2262218799999935,0.128666458152,-1.0975554218479935
11,8909658828,dota2-spirit1-pckcp-2026-07-23-game2,2026-07-23T11:56:35.158000+00:00,-8.77680079999999,1.08557171676,-7.691229083239989
11,8909780227,dota2-spirit1-pckcp-2026-07-23,2026-07-23T13:29:29.880000+00:00,8.745999999999995,0.32351454,9.069514539999995
11,8910104556,dota2-jenz-kw1-2026-07-23-game2,2026-07-23T16:47:57.620000+00:00,3.6895999999999987,1.157513925,4.847113924999999
11,8910216725,dota2-jenz-kw1-2026-07-23,2026-07-23T18:09:02.529000+00:00,6.5394000000000005,0.930981465,7.470381465000001
11,8910344715,dota2-lvlup1-aion-2026-07-23-game1,2026-07-23T19:45:58.831000+00:00,0.0,0.0,0.0
11,8910461593,dota2-lvlup1-aion-2026-07-23-game2,2026-07-23T21:18:59.726000+00:00,0.0,0.0,0.0
11,8910535715,dota2-lvlup1-aion-2026-07-23,2026-07-23T22:37:28.157000+00:00,10.970000000000002,0.18557625,11.155576250000003
11,8910589445,dota2-nemiga-ill-2026-07-23-game1,2026-07-23T23:33:41.369000+00:00,-20.08979999999999,1.3166291699999997,-18.77317082999999
11,8910670427,dota2-nemiga-ill-2026-07-23,2026-07-24T01:26:47.762000+00:00,-0.4805999999999955,2.79454047,2.3139404700000044
11,8910982575,dota2-aion-dan-2026-07-24-game2,2026-07-24T08:39:31.809000+00:00,0.0,0.0,0.0
11,8911277378,dota2-kw1-stx-2026-07-24-game2,2026-07-24T13:08:23.857000+00:00,-192.08054151000002,0.65045242540275,-191.43008908459726
11,8911784562,dota2-z10-ill-2026-07-24-game1,2026-07-24T18:00:21.302000+00:00,-6.063199999999982,0.7697427600000001,-5.293457239999983
11,8911916389,dota2-z10-ill-2026-07-24-game2,2026-07-24T19:32:36.981000+00:00,-0.8499999999999979,0.60080625,-0.24919374999999788
11,8912045230,dota2-nemiga-lvlup1-2026-07-24-game1,2026-07-24T21:05:49.488000+00:00,-28.68600000000003,3.083668845,-25.60233115500003
11,8912123729,dota2-nemiga-lvlup1-2026-07-24-game2,2026-07-24T22:15:39.296000+00:00,0.0,0.0,0.0
11,8912551235,dota2-ill-aion-2026-07-25-game1,2026-07-25T07:19:52.253000+00:00,-0.5199999999999996,0.09496500000000001,-0.42503499999999955
11,8912622476,dota2-ill-aion-2026-07-25-game2,2026-07-25T08:27:06.996000+00:00,11.35536116000003,0.5727442609529999,11.92810542095303
11,8912758286,dota2-pckcp-jenz-2026-07-22-game1,2026-07-25T10:25:45.605000+00:00,-86.55271937999996,1.101268011405,-85.45145136859496
11,8912831712,dota2-pckcp-jenz-2026-07-22-game2,2026-07-25T11:23:26.682000+00:00,5.200000000000003,0.13953,5.3395300000000026
11,8912974141,dota2-pckcp-jenz-2026-07-22,2026-07-25T13:02:19.241000+00:00,8.836843000000004,0.66561039765,9.502453397650003
11,8913307206,dota2-kw1-pckcp-2026-07-25-game1,2026-07-25T16:28:48.834000+00:00,20.900000000000006,0.5185575,21.418557500000006
11,8913598312,dota2-lynx-kw1-2026-07-25-game1,2026-07-25T19:28:05.257000+00:00,-0.40000000000000213,0.14984999999999998,-0.25015000000000215
11,8913726962,dota2-lynx-kw1-2026-07-25-game2,2026-07-25T20:57:15.562000+00:00,-32.721300000000014,2.7686936325,-29.952606367500014
11,8913824141,dota2-lynx-kw1-2026-07-25,2026-07-25T22:21:39.642000+00:00,-12.55859999999998,1.4771512649999998,-11.08144873499998
11,8914414410,dota2-nemiga-ill-2026-07-26-game1,2026-07-26T09:26:59.644000+00:00,-43.32675560000004,1.0114316844000002,-42.31532391560004
11,8914520562,dota2-nemiga-ill-2026-07-26-game2,2026-07-26T10:41:21.923000+00:00,-17.035999999999973,2.7002094000000003,-14.335790599999973
11,8914637220,dota2-nemiga-ill-2026-07-26,2026-07-26T12:04:18.708000+00:00,29.411999999999978,0.8585362799999999,30.270536279999977
11,8914749408,dota2-rearis-pckcp-2026-07-26-game1,2026-07-26T13:19:34.036000+00:00,-0.29999999999999893,0.0317625,-0.2682374999999989
11,8914885598,dota2-rearis-pckcp-2026-07-26-game2,2026-07-26T14:24:02.001000+00:00,49.64150000000001,0.30260808749999996,49.944108087500005
11,8915002841,dota2-kw1-rearis-2026-07-26-game1,2026-07-26T15:32:54.677000+00:00,-7.278507760000039,1.081988635968,-6.196519124032039
11,8915137972,dota2-kw1-rearis-2026-07-26-game2,2026-07-26T16:47:26.165000+00:00,0.0,0.0,0.0
11,8915271266,dota2-jenz-stx-2026-07-26-game1,2026-07-26T18:26:53.337000+00:00,37.5,0.9675,38.4675
11,8915390117,dota2-jenz-stx-2026-07-26-game2,2026-07-26T19:37:39.362000+00:00,0.0,0.0,0.0
11,8915498965,dota2-jenz-stx-2026-07-26,2026-07-26T20:57:43.107000+00:00,6.402200000000022,1.334100315,7.736300315000022
11,8916041863,dota2-lvlup1-pckcp-2026-07-27-game1,2026-07-27T09:21:33.291000+00:00,43.81160000000001,0.9248729699999999,44.736472970000015
11,8916102349,dota2-lvlup1-pckcp-2026-07-27-game2,2026-07-27T10:12:46.876000+00:00,-42.1259,1.0052230574999999,-41.120676942500005
11,8916245727,dota2-stx-nemiga-2026-07-27-game1,2026-07-27T12:25:46.061000+00:00,13.663498050000008,1.3199721929662498,14.983470242966257
11,8916384577,dota2-stx-nemiga-2026-07-27-game2,2026-07-27T13:48:29.618000+00:00,17.92880000000002,3.386831025,21.31563102500002
11,8916474664,dota2-stx-nemiga-2026-07-27,2026-07-27T14:44:54.132000+00:00,9.587800000000044,4.581517275,14.169317275000044
11,8917611319,dota2-pr1-nemiga-2026-07-28-game2,2026-07-28T10:17:02.190000+00:00,-2.7760000000000034,0.4794846,-2.296515400000003
11,8917675823,dota2-pr1-nemiga-2026-07-28,2026-07-28T11:19:25.327000+00:00,8.422599999999989,0.86962053,9.29222052999999
11,8917738415,dota2-nh-pckcp-2026-07-28-game1,2026-07-28T12:16:10.015000+00:00,0.0,0.0,0.0
11,8917853656,dota2-nh-pckcp-2026-07-28-game2,2026-07-28T13:23:44.955000+00:00,-1.314,0.10702529999999999,-1.2069747
11,8918052500,dota2-pckcp-kw1-2026-07-28-game1,2026-07-28T15:24:46.769000+00:00,0.001643040000004703,0.136790634672,0.1384336746720047
11,8918176547,dota2-pckcp-kw1-2026-07-28-game2,2026-07-28T16:37:04.197000+00:00,57.10640000000002,0.7198448399999999,57.82624484000002
11,8919264561,dota2-rearis-z10-2026-07-29-game1,2026-07-29T12:23:03.580000+00:00,15.167165039999986,0.7517793568319999,15.918944396831986
11,8919404744,dota2-rearis-z10-2026-07-29-game2,2026-07-29T13:48:28.368000+00:00,-4.419000000000004,1.036566225,-3.382433775000004
11,8919546613,dota2-amaru-nemiga-2026-07-29-game1,2026-07-29T15:15:30.082000+00:00,0.0,0.0,0.0
11,8919685210,dota2-amaru-nemiga-2026-07-29-game2,2026-07-29T16:34:50.427000+00:00,0.0,0.0,0.0
11,8919803916,dota2-amaru-nemiga-2026-07-29,2026-07-29T18:02:17.532000+00:00,28.470223010000005,1.22931937937475,29.699542389374756
11,8920655724,dota2-pckcp-z10-2026-07-30-game2,2026-07-30T10:32:16.617000+00:00,0.0,0.0,0.0
11,8920897425,dota2-lvlup1-z10-2026-07-30-game2,2026-07-30T13:37:44.606000+00:00,2.0444000000000018,1.7554934700000002,3.799893470000002
11,8921002620,dota2-lvlup1-z10-2026-07-30,2026-07-30T14:47:46.063000+00:00,16.32639999999998,1.5275387999999999,17.853938799999977
11,8921162227,dota2-amaru-pr1-2026-07-30-game1,2026-07-30T16:32:24.441000+00:00,28.20689999999999,1.0923122025,29.29921220249999
11,8921281044,dota2-amaru-pr1-2026-07-30-game2,2026-07-30T17:34:28.519000+00:00,0.0,0.0,0.0
11,8921949036,dota2-re-midas3-2026-07-31-game1,2026-07-31T06:23:42.906000+00:00,0.0,0.35685,0.35685
11,8922016200,dota2-re-midas3-2026-07-31-game2,2026-07-31T07:39:14.850000+00:00,39.926799999999986,1.0594247399999999,40.98622473999998
11,8922074642,dota2-vg-amaru-2026-07-31-game1,2026-07-31T08:46:41.467000+00:00,0.9400000000000013,0.037083,0.9770830000000013
11,8922137329,dota2-vg-amaru-2026-07-31-game2,2026-07-31T09:48:16.177000+00:00,0.0,0.0,0.0
11,8922133239,dota2-tr7-playti-2026-07-31-game1,2026-07-31T09:57:34.446000+00:00,-11.2441837,1.5542911722375001,-9.6898925277625
11,8922186876,dota2-vg-amaru-2026-07-31,2026-07-31T10:40:33.810000+00:00,0.9016000000000304,0.7991050799999999,1.7007050800000303
11,8922211678,dota2-tr7-playti-2026-07-31-game2,2026-07-31T11:00:53.806000+00:00,8.870400000000032,1.001159775,9.871559775000032
11,8922300474,dota2-enjoy-glyph-2026-07-31-game1,2026-07-31T12:14:29.331000+00:00,-23.398300000000063,1.0358884124999999,-22.362411587500063
11,8922339160,dota2-l1ga-rnx-2026-07-31-game1,2026-07-31T12:44:09.822000+00:00,0.0,0.0,0.0
11,8922400300,dota2-enjoy-glyph-2026-07-31-game2,2026-07-31T13:24:39.311000+00:00,0.11650000000000116,0.0783910125,0.19489101250000115
11,8922433138,dota2-l1ga-rnx-2026-07-31-game2,2026-07-31T13:42:06.325000+00:00,-9.600000000000009,0.41669999999999996,-9.183300000000008
11,8922552315,dota2-l1ga-rnx-2026-07-31,2026-07-31T14:55:23.609000+00:00,0.0,0.0,0.0
11,8922602122,dota2-yb1-z10-2026-07-31-game1,2026-07-31T15:28:08.646000+00:00,4.039999999999992,3.885593175,7.925593174999992
11,8922722577,dota2-yb1-z10-2026-07-31-game2,2026-07-31T16:35:25.057000+00:00,-21.483600000000013,1.46356668,-20.020033320000014
11,8922818221,dota2-xtreme-lgd-2026-07-31-game1,2026-07-31T17:51:24.199000+00:00,-18.18180000000001,1.0554534899999997,-17.126346510000012
11,8922940920,dota2-xtreme-lgd-2026-07-31-game2,2026-07-31T19:09:48.720000+00:00,34.146000000000015,1.7981527500000003,35.944152750000015
11,8923040358,dota2-xtreme-lgd-2026-07-31,2026-07-31T20:28:40.570000+00:00,-27.175900000000013,2.5378749075,-24.638025092500012
11,8923506996,dota2-midas3-tr7-2026-08-01-game1,2026-08-01T05:43:01.223000+00:00,0.0,0.0,0.0
11,8923579943,dota2-midas3-tr7-2026-08-01-game2,2026-08-01T07:02:32.143000+00:00,-99.11599999999999,2.39443962,-96.72156037999999
11,8923643650,dota2-midas3-tr7-2026-08-01,2026-08-01T08:08:01.087000+00:00,-10.526400000000024,1.8394884,-8.686911600000023
11,8923704450,dota2-yes-vg-2026-08-01-game1,2026-08-01T09:01:56.739000+00:00,1.8566000000000145,1.843823715,3.7004237150000145
11,8923780137,dota2-re-playti-2026-08-01-game1,2026-08-01T10:09:39.721000+00:00,3.492099999999999,0.0712646325,3.563364632499999
11,8923790600,dota2-yes-vg-2026-08-01-game2,2026-08-01T10:14:11.317000+00:00,2.16670000000002,0.7417217475,2.90842174750002
11,8923874259,dota2-re-playti-2026-08-01-game2,2026-08-01T11:26:12.956000+00:00,7.202399999999992,0.6013311,7.803731099999992
11,8923899787,dota2-enjoy-yb1-2026-08-01-game1,2026-08-01T11:45:49.553000+00:00,-1.8000000000000007,0.030285,-1.7697150000000008
11,8924057168,dota2-l1ga-lgd-2026-08-01-game1,2026-08-01T13:34:16.709000+00:00,-6.409699999999987,1.9059461475,-4.503753852499987
11,8924222714,dota2-l1ga-lgd-2026-08-01-game2,2026-08-01T15:02:43.462000+00:00,0.0,0.0,0.0
11,8924328537,dota2-glyph-z10-2026-08-01-game1,2026-08-01T15:59:42.950000+00:00,21.333077910000043,1.25737825856175,22.590456168561794
11,8924367779,dota2-l1ga-lgd-2026-08-01,2026-08-01T16:23:12.450000+00:00,0.0,0.0,0.0
11,8924468754,dota2-glyph-z10-2026-08-01-game2,2026-08-01T17:25:49.795000+00:00,-9.545600000000011,0.82362936,-8.721970640000011
11,8924530036,dota2-rnx-xtreme-2026-08-01-game1,2026-08-01T18:06:50.164000+00:00,-0.08416348999996615,1.64924422122975,1.5650807312297839
11,8924616191,dota2-rnx-xtreme-2026-08-01-game2,2026-08-01T19:06:22.446000+00:00,-10.511302919999977,1.0194002368259998,-9.491902683173977
11,8925210898,dota2-playti-xctn-2026-08-02-game1,2026-08-02T05:28:20.542000+00:00,-34.07003103999996,1.7784523597095,-32.29157868029046
11,8925308090,dota2-playti-xctn-2026-08-02-game2,2026-08-02T07:03:47.891000+00:00,1.4210854715202004e-14,0.9600076799999999,0.9600076800000141
11,8925543582,dota2-yes-tr7-2026-08-02-game1,2026-08-02T10:44:16.945000+00:00,-6.415501559999999,0.36692545688399997,-6.048576103115999
11,8925703946,dota2-yes-tr7-2026-08-02-game2,2026-08-02T11:58:57.158000+00:00,0.5999999999999996,0.043586999999999994,0.6435869999999997
11,8925847726,dota2-yes-tr7-2026-08-02,2026-08-02T13:17:43.701000+00:00,2.473698839999983,0.989933464872,3.4636323048719833
11,8926022375,dota2-rnx-yb1-2026-08-02-game1,2026-08-02T15:09:53.856000+00:00,73.09679913000004,3.8845199073247496,76.98131903732478
11,8926232913,dota2-rnx-yb1-2026-08-02-game2,2026-08-02T16:42:19.665000+00:00,-9.677400000000006,1.155239625,-8.522160375000006
11,8926381426,dota2-rnx-yb1-2026-08-02,2026-08-02T18:14:10.009000+00:00,10.343199999999996,1.69706505,12.040265049999995
11,8926523280,dota2-z10-lgd-2026-08-02-game1,2026-08-02T19:59:32.068000+00:00,0.0,0.0,0.0
11,8926636219,dota2-z10-lgd-2026-08-02-game2,2026-08-02T21:07:31.416000+00:00,-13.685999999999979,0.5436494999999999,-13.142350499999978
11,8927063876,dota2-glyph-playti-2026-08-03-game2,2026-08-03T06:55:36.873000+00:00,87.66600000000003,1.6520861249999998,89.31808612500002
11,8927132943,dota2-glyph-playti-2026-08-03,2026-08-03T08:27:35.152000+00:00,58.95160000000003,2.9008449,61.85244490000003
11,8927207054,dota2-xtreme-tr7-2026-08-03-game1,2026-08-03T10:00:05.212000+00:00,9.474899999999991,1.8535934475,11.32849344749999
11,8927288399,dota2-xtreme-tr7-2026-08-03-game2,2026-08-03T11:00:48.642000+00:00,5.333799999999979,0.9430955249999999,6.276895524999979
11,8927380776,dota2-xtreme-tr7-2026-08-03,2026-08-03T12:15:30.661000+00:00,1.369305380000032,3.6394788659565,5.008784245956532
11,8927539264,dota2-vg-yb1-2026-08-03-game1,2026-08-03T14:05:56.825000+00:00,78.44260000000003,0.538358205,78.98095820500002
11,8927660975,dota2-vg-yb1-2026-08-03-game2,2026-08-03T15:05:20.968000+00:00,0.3795972000000063,0.20282739245999998,0.5824245924600062
11,8927760296,dota2-vg-yb1-2026-08-03,2026-08-03T16:18:19.713000+00:00,42.350700000000046,3.3191044875,45.669804487500045
11,8927926397,dota2-re-lgd-2026-08-03-game1,2026-08-03T18:09:03.381000+00:00,37.39399999999996,0.8930214299999998,38.28702142999996
11,8928050264,dota2-re-lgd-2026-08-03-game2,2026-08-03T19:19:18.313000+00:00,7.600000000000023,0.560595,8.160595000000022
11,8928163118,dota2-re-lgd-2026-08-03,2026-08-03T20:43:38.722000+00:00,7.454280539999999,1.0924148893365,8.546695429336499
11,8928851109,dota2-playti-tr7-2026-08-04-game1,2026-08-04T11:30:07.829000+00:00,0.0,0.0,0.0
11,8928953683,dota2-playti-tr7-2026-08-04-game2,2026-08-04T12:46:11.879000+00:00,12.347799999999992,2.368372875,14.716172874999993
11,8929124210,dota2-yb1-re-2026-08-04-game1,2026-08-04T14:38:55.576000+00:00,-1.8237942899999666,0.63640595330775,-1.1873883366922167
11,8929276426,dota2-yb1-re-2026-08-04-game2,2026-08-04T15:54:25.550000+00:00,0.9999994300000001,0.00442499747775,1.00442442747775
11,8929365099,dota2-yb1-re-2026-08-04,2026-08-04T16:51:08.308000+00:00,0.6404532400000029,0.11372409173399999,0.7541773317340029
11,8930200713,dota2-tr7-re-2026-08-05-game1,2026-08-05T08:20:38.811000+00:00,0.0,1.41000564,1.41000564
11,8930258778,dota2-tr7-re-2026-08-05-game2,2026-08-05T09:25:42.941000+00:00,33.240000000000016,3.38188725,36.621887250000015
11,8930398938,dota2-playti-yb1-2026-08-05-game1,2026-08-05T12:24:04.133000+00:00,-2.5473840500000193,2.83911487399125,0.2917308239912306
11,8930615242,dota2-playti-yb1-2026-08-05-game2,2026-08-05T14:02:56.166000+00:00,50.000399999999985,0.7612560899999999,50.76165608999999
11,8930736914,dota2-playti-yb1-2026-08-05-game3,2026-08-05T15:09:49.519000+00:00,0.06119919999999901,0.3526244073,0.413823607299999
11,8931781241,dota2-lvlup1-rearis-2026-08-06-game1,2026-08-06T09:28:03.156000+00:00,-1.0,0.36412500000000003,-0.635875
11,8931852727,dota2-lvlup1-rearis-2026-08-06-game2,2026-08-06T10:30:33.624000+00:00,-15.549046590000014,1.29337175546325,-14.255674834536764
11,8931981851,dota2-rearis-nh-2026-08-06-game1,2026-08-06T12:26:15.226000+00:00,0.0,0.0,0.0
11,8932085762,dota2-rearis-nh-2026-08-06-game2,2026-08-06T13:20:21.204000+00:00,7.5048999999999975,0.1549225275,7.659822527499998
11,8932181345,dota2-rearis-nh-2026-08-06,2026-08-06T14:22:22.478000+00:00,4.601183730000017,0.24829539365474995,4.849479123654767
11,8932318084,dota2-nh-lvlup1-2026-08-06-game1,2026-08-06T15:34:15.395000+00:00,-38.68830000000001,0.7964842275,-37.89181577250001
11,8932413808,dota2-nh-lvlup1-2026-08-06-game2,2026-08-06T16:23:29.211000+00:00,-0.5803297299999999,0.059499567974249996,-0.5208301620257498
11,8932523868,dota2-nh-lvlup1-2026-08-06,2026-08-06T17:36:18.454000+00:00,0.0,0.0,0.0
11,8932657929,dota2-ill-pr1-2026-08-06-game1,2026-08-06T19:12:10.345000+00:00,-12.872999999999998,0.27413437500000004,-12.598865624999998
11,8932835800,dota2-ill-pr1-2026-08-06,2026-08-06T21:22:55.783000+00:00,-0.17099999999999937,0.018737325,-0.15226267499999938
11,8933374169,dota2-nh-z10-2026-08-07-game1,2026-08-07T09:29:47.916000+00:00,0.0,0.0,0.0
11,8933453728,dota2-nh-z10-2026-08-07-game2,2026-08-07T10:40:19.376000+00:00,0.0,0.0,0.0
11,8933575351,dota2-ill-stx-2026-08-07-game1,2026-08-07T12:33:02.695000+00:00,0.0,0.0,0.0
11,8933704579,dota2-ill-stx-2026-08-07-game2,2026-08-07T13:44:43.178000+00:00,-16.610300000000024,1.4671737525,-15.143126247500025
11,8933879286,dota2-pr1-jenz-2026-08-07-game1,2026-08-07T15:25:51.002000+00:00,-13.16,0.28154925,-12.87845075
11,8933988979,dota2-pr1-jenz-2026-08-07-game2,2026-08-07T16:29:38.697000+00:00,0.6702212399999965,0.104254497606,0.7744757376059965
11,8934184387,dota2-jenz-nemiga-2026-08-07-game1,2026-08-07T18:35:03.983000+00:00,0.0,0.0,0.0
11,8934279386,dota2-jenz-nemiga-2026-08-07-game2,2026-08-07T19:33:30.612000+00:00,0.0,0.7019913599999998,0.7019913599999998
11,8936825643,dota2-pr1-yes-2026-08-09-game1,2026-08-09T09:22:32.992000+00:00,7.355845500000001,0.6870588206249999,8.042904320625
11,8937080738,dota2-pr1-yes-2026-08-09,2026-08-09T12:20:23.208000+00:00,25.932221250000026,3.4956904626562504,29.427911712656275
11,8937188618,dota2-lvlup1-mouz-2026-08-09-game1,2026-08-09T13:17:49.636000+00:00,5.399197199999982,0.42443831412,5.823635514119982
11,8937335830,dota2-lvlup1-mouz-2026-08-09-game2,2026-08-09T14:27:35.299000+00:00,6.838612749999996,1.2598667834437498,8.098479533443745
11,8937484593,dota2-ill-re-2026-08-09-game1,2026-08-09T15:55:00.679000+00:00,1.2066999999999979,0.41947908749999996,1.626179087499998
11,8937631882,dota2-ill-re-2026-08-09-game2,2026-08-09T17:12:21.447000+00:00,1.5,0.030952499999999997,1.5309525
11,8937722788,dota2-z10-navi-2026-08-09-game1,2026-08-09T18:17:16.930000+00:00,-2.459999999999999,0.16018500000000002,-2.299814999999999
11,8938509987,dota2-pr1-mouz-2026-08-10-game1,2026-08-10T09:24:47.767000+00:00,0.40000000000000213,0.10460999999999998,0.5046100000000021
11,8938565057,dota2-pr1-mouz-2026-08-10-game2,2026-08-10T10:12:07.159000+00:00,-5.345300000000009,1.6932893325,-3.652010667500009
11,8938634026,dota2-pr1-mouz-2026-08-10,2026-08-10T11:15:54.851000+00:00,-9.878574659999984,0.7264792770795,-9.152095382920484
11,8938716198,dota2-ill-z10-2026-08-10-game1,2026-08-10T12:25:50.383000+00:00,-0.002957999999999572,0.07621787564999999,0.07325987565000042
11,8939023869,dota2-yes-lvlup1-2026-08-10-game1,2026-08-10T15:24:37.289000+00:00,37.19280000000009,1.8197834399999997,39.01258344000009
11,8940059913,dota2-lvlup1-navi-2026-08-11-game1,2026-08-11T09:16:02.605000+00:00,25.917746599999973,0.5959608074399999,26.513707407439973
11,8940117837,dota2-lvlup1-navi-2026-08-11-game2,2026-08-11T10:12:11.551000+00:00,-4.761024999999995,1.8433521806250002,-2.9176728193749946
11,8940266495,dota2-mouz-re-2026-08-11-game1,2026-08-11T12:16:13.042000+00:00,50.11659999999998,1.374202035,51.49080203499998
11,8940365227,dota2-mouz-re-2026-08-11-game2,2026-08-11T13:12:04.281000+00:00,-20.73840000000004,1.4875360199999998,-19.25086398000004
11,8940487898,dota2-mouz-re-2026-08-11,2026-08-11T14:25:06.999000+00:00,0.49386735999999987,0.026104887504,0.5199722475039998
11,8940643574,dota2-yes-z10-2026-08-11-game1,2026-08-11T15:45:57.067000+00:00,54.68650000000002,4.8121508925,59.49865089250002
11,8940756672,dota2-yes-z10-2026-08-11-game2,2026-08-11T16:48:25.758000+00:00,1.3943235600000037,0.145544397723,1.5398679577230037
11,8941656460,dota2-lvlup1-re-2026-08-12-game1,2026-08-12T09:19:34.658000+00:00,29.516899999999964,1.1553049125,30.672204912499964
11,8941733752,dota2-lvlup1-re-2026-08-12-game2,2026-08-12T10:35:42.245000+00:00,28.750470199999985,1.4452947531,30.195764953099985
11,8941817475,dota2-lvlup1-re-2026-08-12,2026-08-12T11:50:26.039000+00:00,10.099599999999967,2.1757841399999998,12.275384139999966
11,8942003788,dota2-navi-lvlup1-2026-08-12-game1,2026-08-12T13:42:36.457000+00:00,10.666800000000023,0.7068088349999999,11.373608835000024
11,8942152024,dota2-navi-lvlup1-2026-08-12-game2,2026-08-12T14:50:30.897000+00:00,-2.9030429200000096,0.7310658882059999,-2.1719770317940097
11,8942262723,dota2-navi-lvlup1-2026-08-12-game3,2026-08-12T15:53:47.795000+00:00,46.91289999999998,0.28499586749999994,47.19789586749998
11,8962372120,dota2-ic-nemiga-2026-08-24-game1,2026-08-24T07:17:08.649000+00:00,0.0,0.0,0.0
11,8962458373,dota2-ic-nemiga-2026-08-24-game2,2026-08-24T08:26:45.454000+00:00,0.12236604000000018,0.045079725008999996,0.16744576500900016
11,8962592819,dota2-ks-lynx-2026-08-24-game1,2026-08-24T10:19:27.562000+00:00,-2.934003259999969,0.8197634665710001,-2.1142397934289687
11,8962736746,dota2-ks-lynx-2026-08-24-game2,2026-08-24T11:33:18.452000+00:00,9.108795279999995,0.41800018600799993,9.526795466007995
11,8962964580,dota2-sb5-stx-2026-08-24-game1,2026-08-24T13:25:23.881000+00:00,0.0,0.0,0.0
11,8963508714,dota2-rearis-lynx-2026-08-24-game2,2026-08-24T17:37:20.349000+00:00,-2.17386559,0.87249523652775,-1.30137035347225
11,8963649188,dota2-dynast1-fts-2026-08-24-game1,2026-08-24T19:15:00.848000+00:00,53.38489999999999,0.6644333175,54.049333317499986
11,8963790789,dota2-dynast1-fts-2026-08-24-game2,2026-08-24T20:20:45.642000+00:00,1.2539941899999985,0.11934400680974999,1.3733381968097484
11,8964399842,dota2-pckcp-nemiga-2026-08-25-game1,2026-08-25T07:22:10.248000+00:00,0.19659943999999996,0.072315582984,0.26891502298399994
11,8964480771,dota2-pckcp-nemiga-2026-08-25-game2,2026-08-25T08:31:41.723000+00:00,3.907737250000004,1.32500264469375,5.232739894693754
11,8964574076,dota2-pckcp-nemiga-2026-08-25,2026-08-25T09:52:05.670000+00:00,-0.5999999999999996,1.1113650000000002,0.5113650000000005
11,8964657335,dota2-fts-pckcp-2026-08-25-game1,2026-08-25T10:52:11.864000+00:00,-25.098601459999987,0.8783434874295,-24.220257972570487
11,8964837315,dota2-fts-pckcp-2026-08-25-game2,2026-08-25T12:34:06.314000+00:00,-9.583604800000003,0.8684666644799999,-8.715138135520004
11,8964962329,dota2-ic-fts-2026-08-25-game1,2026-08-25T13:50:36.471000+00:00,46.493260629999945,0.71627856731475,47.2095391973147
11,8965097316,dota2-ic-fts-2026-08-25-game2,2026-08-25T14:41:01.046000+00:00,-13.4589,1.4236077825,-12.0352922175
11,8964938940,dota2-rearis-spirit1-2026-08-25-game1,2026-08-25T16:23:39.394000+00:00,0.10182303999999975,0.019697936688000003,0.12152097668799976
11,8965544741,dota2-rearis-spirit1-2026-08-25,2026-08-25T18:44:21.316000+00:00,-24.90926080000004,1.07327397402,-23.83598682598004
11,8969842778,dota2-pckcp-ic-2026-08-28-game2,2026-08-28T08:21:21.985000+00:00,27.93574884999998,1.4155180359937498,29.35126688599373
11,8969978865,dota2-rearis-sb5-2026-08-28-game1,2026-08-28T10:27:01.322000+00:00,-5.754299999999997,0.22368335249999996,-5.530616647499997
11,8970089224,dota2-rearis-sb5-2026-08-28-game2,2026-08-28T11:41:09.553000+00:00,0.9600000000000009,0.057456,1.0174560000000008
11,8970207176,dota2-rearis-sb5-2026-08-28,2026-08-28T12:56:49.576000+00:00,1.123833040000008,0.31812697328399997,1.441960013284008
11,8970338180,dota2-synaps-nemiga-2026-08-28-game1,2026-08-28T14:09:13.367000+00:00,0.8451075499999945,1.12754191201875,1.9726494620187445
11,8970352005,dota2-dynast1-ic-2026-08-28-game1,2026-08-28T14:10:35.964000+00:00,0.08770000000000033,0.0323284125,0.12002841250000033
11,8970470057,dota2-synaps-nemiga-2026-08-28-game2,2026-08-28T15:09:53.245000+00:00,-1.5312151500000102,0.78478131794625,-0.7464338320537602
11,8970485789,dota2-dynast1-ic-2026-08-28-game2,2026-08-28T15:14:26.848000+00:00,-33.5604,1.47274122,-32.08765878
11,8970575970,dota2-synaps-nemiga-2026-08-28,2026-08-28T16:02:11.965000+00:00,-76.04357883,1.26378727834275,-74.77979155165725
11,8970655100,dota2-dynast1-ic-2026-08-28,2026-08-28T16:43:34.585000+00:00,0.3229341399999992,0.05377303794299999,0.3767071779429992
11,8970886632,dota2-dynast1-pckcp-2026-08-28-game2,2026-08-28T18:51:22.084000+00:00,-14.173085000000015,1.104882301125,-13.068202698875014
11,8971007454,dota2-ks-rearis-2026-08-28-game1,2026-08-28T20:11:41.712000+00:00,-52.02999999999999,1.24226925,-50.78773074999999
11,8971016820,dota2-fts-nemiga-2026-08-28-game1,2026-08-28T20:17:43.711000+00:00,0.0,0.0,0.0
11,8971111987,dota2-ks-rearis-2026-08-28-game2,2026-08-28T21:24:47.695000+00:00,0.44399999999999995,0.018947699999999998,0.46294769999999996
11,8971423978,dota2-db2-satan-2026-08-28-game2,2026-08-29T03:20:55.120000+00:00,2.3999999999999986,0.05665499999999998,2.4566549999999987
11,8971501630,dota2-nexus-cres-2026-08-28,2026-08-29T04:51:09.441000+00:00,-33.02580000000003,1.760577345,-31.26522265500003
11,8971519375,dota2-nem-6seven-2026-08-29-game1,2026-08-29T05:14:15.579000+00:00,-12.280000000000015,0.36744299999999996,-11.912557000000016
11,8971586781,dota2-nem-6seven-2026-08-29-game2,2026-08-29T06:13:46.689000+00:00,5.169200000000007,0.33448899,5.503688990000007
11,8971664649,dota2-nem-6seven-2026-08-29,2026-08-29T07:24:10.704000+00:00,0.6121574200000026,0.2309684978685,0.8431259178685027
11,8971753986,dota2-icecre-kineti-2026-08-29-game1,2026-08-29T08:38:12.829000+00:00,0.0,0.0,0.0
11,8971849697,dota2-icecre-kineti-2026-08-29-game2,2026-08-29T09:43:14.699000+00:00,0.0,0.0,0.0
11,8971891627,dota2-dynast1-nemiga-2026-08-29-game1,2026-08-29T10:17:49.464000+00:00,0.0,0.0,0.0
11,8971964803,dota2-mouz-yes-2026-08-29-game1,2026-08-29T11:13:49.271000+00:00,-33.295199999999966,2.2444268999999997,-31.050773099999965
11,8971988345,dota2-sb5-lynx-2026-08-29-game1,2026-08-29T11:21:30.742000+00:00,-4.384284280000001,0.10097214795599999,-4.283312132044001
11,8972103119,dota2-sb5-lynx-2026-08-29-game2,2026-08-29T12:31:54.536000+00:00,-1.1561000000000012,0.0779441475,-1.0781558525000012
11,8972115962,dota2-mouz-yes-2026-08-29-game2,2026-08-29T12:36:59.931000+00:00,-22.176778849999998,2.94407299772625,-19.23270585227375
11,8972289868,dota2-huliga-lynx-2026-08-29-game1,2026-08-29T14:15:10.550000+00:00,2.1667993200000026,0.42721241739899996,2.5940117373990024
11,8972502454,dota2-huliga-lynx-2026-08-29-game2,2026-08-29T15:52:19.963000+00:00,-6.0945029199999965,2.2329600618059997,-3.861542858193997
11,8972611918,dota2-huliga-lynx-2026-08-29,2026-08-29T16:49:36.587000+00:00,-8.510599999999982,1.584886485,-6.925713514999982
11,8972773416,dota2-pi-lvlup1-2026-08-29-game1,2026-08-29T18:17:23.637000+00:00,-0.4559999999999995,0.05147099999999999,-0.40452899999999953
11,8972893200,dota2-pi-lvlup1-2026-08-29-game2,2026-08-29T19:20:53.860000+00:00,-25.210999999999956,1.0635141299999997,-24.147485869999954
11,8973011673,dota2-pi-lvlup1-2026-08-29,2026-08-29T20:33:12.059000+00:00,-4.024499999999992,1.9470060075,-2.077493992499992
11,8973010298,dota2-ks-spirit1-2026-08-29-game1,2026-08-29T20:38:42.759000+00:00,-4.05,0.039723749999999995,-4.0102762499999995
11,8973337131,dota2-icecre-xctn-2026-08-30-game1,2026-08-30T02:14:49.254000+00:00,0.0,0.0,0.0
11,8973405568,dota2-icecre-xctn-2026-08-30-game2,2026-08-30T03:19:55.483000+00:00,4.248000000000005,0.39187800000000006,4.639878000000005
11,8973462028,dota2-icecre-xctn-2026-08-30,2026-08-30T04:30:11.988000+00:00,-1.026773999999996,0.3829002283499999,-0.6438737716499962
11,8973502629,dota2-clo-yb1-2026-08-30-game1,2026-08-30T05:13:07.837000+00:00,-5.999600000000001,0.31176432,-5.687835680000001
11,8973568453,dota2-clo-yb1-2026-08-30-game2,2026-08-30T06:12:50.377000+00:00,0.15268528999999909,0.04962644358224999,0.20231173358224908
11,8973613420,dota2-clo-yb1-2026-08-30,2026-08-30T07:04:46.677000+00:00,17.169600000000017,0.4047048,17.574304800000018
11,8973707438,dota2-lynx-lvlup1-2026-08-30-game1,2026-08-30T08:16:36.050000+00:00,-16.153800000000004,1.3288534049999998,-14.824946595000004
11,8973859403,dota2-lynx-lvlup1-2026-08-30-game2,2026-08-30T09:56:31.353000+00:00,3.166732549999999,0.31210359188625003,3.478836141886249
11,8973884000,dota2-nem-xctn-2026-08-30-game2,2026-08-30T10:12:32.710000+00:00,7.880546079999981,0.47044936220699995,8.350995442206981
11,8973944033,dota2-lynx-lvlup1-2026-08-30,2026-08-30T10:50:43.696000+00:00,28.140329330000014,1.63776022711425,29.778089557114264
11,8974185539,dota2-navi-mouz-2026-08-30-game2,2026-08-30T13:08:29.090000+00:00,-19.10300000000001,2.0731979099999998,-17.029802090000008
11,8974647733,dota2-lvlup1-pr1-2026-08-30-game1,2026-08-30T17:09:16.077000+00:00,-12.178758300000009,1.6657737684975,-10.512984531502509
11,8974898633,dota2-lvlup1-pr1-2026-08-30,2026-08-30T19:25:58.777000+00:00,-1.0390248,0.0763243884,-0.9627004116
11,8975110449,dota2-dynast1-ks-2026-08-30-game2,2026-08-30T21:54:27.706000+00:00,0.0,0.0,0.0
11,8975871235,dota2-synaps-lynx-2026-08-31-game1,2026-08-31T12:26:44.788000+00:00,-29.263000000000005,1.0687509299999998,-28.194249070000005
11,8976012755,dota2-synaps-lynx-2026-08-31-game2,2026-08-31T13:41:35.303000+00:00,8.60850000000001,1.2408251774999999,9.84932517750001
11,8976166971,dota2-synaps-lynx-2026-08-31,2026-08-31T15:09:07.826000+00:00,4.382965600000006,1.2235858472999999,5.6065514473000055
11,8976300473,dota2-4iki-ic-2026-08-31-game1,2026-08-31T16:25:39.940000+00:00,0.49116040000000005,0.0431897418,0.5343501418000001
11,8976441468,dota2-4iki-ic-2026-08-31-game2,2026-08-31T17:43:06.122000+00:00,69.12443952999999,0.89938771611225,70.02382724611223
11,8976511215,dota2-4iki-ic-2026-08-31,2026-08-31T18:29:54.020000+00:00,1.4942319000000008,0.0309490663725,1.525180966372501
11,8976665322,dota2-spirit1-pi-2026-08-31-game1,2026-08-31T20:26:57.494000+00:00,0.504999999999999,0.06904612499999999,0.574046124999999
11,8976751962,dota2-spirit1-pi-2026-08-31-game2,2026-08-31T21:40:17.685000+00:00,12.939638400000007,0.305878007862,13.245516407862008
11,8977325814,dota2-ks-pckcp-2026-09-01-game2,2026-09-01T10:26:27.059000+00:00,0.6219996599999984,0.034179747934499995,0.6561794079344984
11,8977476867,dota2-ic-lynx-2026-09-01-game1,2026-09-01T12:26:04.131000+00:00,-6.800000000000011,1.6482899999999998,-5.151710000000012
11,8977623650,dota2-ic-lynx-2026-09-01-game2,2026-09-01T13:53:28.128000+00:00,23.392959999999952,3.6550526459999997,27.048012645999954
11,8977913355,dota2-synaps-lvlup1-2026-09-01-game2,2026-09-01T16:37:59.217000+00:00,6.974841440000006,0.519923610612,7.494765050612006
11,8978023576,dota2-synaps-lvlup1-2026-09-01,2026-09-01T17:45:54.185000+00:00,0.8645261399999988,0.094806008343,0.9593321483429988
11,8978832148,dota2-pr1-ic-2026-09-02-game1,2026-09-02T09:52:32.767000+00:00,46.24598201000002,0.9635630718172501,47.20954508181727
11,8978916284,dota2-pr1-ic-2026-09-02-game2,2026-09-02T11:19:11.539000+00:00,0.0,0.0,0.0
11,8978986214,dota2-pr1-ic-2026-09-02,2026-09-02T12:20:55.440000+00:00,-0.48360000000000003,0.053812589999999993,-0.42978741000000004
11,8979131280,dota2-dynast1-pckcp-2026-09-02-game1,2026-09-02T13:56:13.878000+00:00,0.0,0.0,0.0
11,8979241530,dota2-dynast1-pckcp-2026-09-02-game2,2026-09-02T14:56:18.245000+00:00,2.610261159999993,0.5875021534529998,3.197763313452993
11,8979344496,dota2-synaps-4iki-2026-09-02-game1,2026-09-02T15:59:27.587000+00:00,-9.897400000000005,2.6351718,-7.2622282000000045
11,8980293569,dota2-z10-ks-2026-09-03-game1,2026-09-03T09:18:42.909000+00:00,-2.8548853600000186,0.908332056738,-1.9465533032620186
11,8980358113,dota2-z10-ks-2026-09-03-game2,2026-09-03T10:27:20.250000+00:00,8.458321200000015,0.8798671853999999,9.338188385400015
11,8980463789,dota2-pckcp-spirit1-2026-09-03-game1,2026-09-03T12:14:02.762000+00:00,-1.5383999999999958,0.26941230000000005,-1.2689876999999958
11,8980769413,dota2-pi-dynast1-2026-09-03-game1,2026-09-03T15:17:23.998000+00:00,65.89257164,0.9188643672869998,66.811436007287
