match_id,slug,horn,delta,delta_engine,net_a,net_b,series
116295727286716930,lol-koia-ucam1-2026-06-04-game1,2026-06-04T15:12:46+00:00,5.117254887045597,5.00287677916666,8.244365785460177,3.12711089841458,lol-koia-ucam1-2026-06-04
116295727286716931,lol-koia-ucam1-2026-06-04-game2,2026-06-04T16:07:56+00:00,19.91504950074444,19.599769072500003,9.588954375260586,-10.326095125483855,lol-koia-ucam1-2026-06-04
116295727286716932,lol-koia-ucam1-2026-06-04-game3,2026-06-04T17:13:21+00:00,4.9864944700000065,4.365100000000006,-1.9345122731443414,-6.921006743144347,lol-koia-ucam1-2026-06-04
116295727286716933,lol-koia-ucam1-2026-06-04-game4,2026-06-04T18:07:18+00:00,0.6675222222431598,-0.10204772333334033,0.8990844704452536,0.2315622482020938,lol-koia-ucam1-2026-06-04
116295727286716934,lol-koia-ucam1-2026-06-04,2026-06-04T19:00:00+00:00,-10.100696654939169,-9.900547766666671,7.3545632149531555,17.455259869892327,lol-koia-ucam1-2026-06-04
116170292916656914,lol-wu-ccg-2026-06-04-game1,2026-06-04T20:21:53+00:00,8.742205540443772,7.883401030833333,7.614707419948917,-1.1274981204948549,lol-wu-ccg-2026-06-04
116170292916656915,lol-wu-ccg-2026-06-04-game2,2026-06-04T21:16:43+00:00,-2.708394337808713,-3.3775444283333376,-14.520363135174845,-11.811968797366129,lol-wu-ccg-2026-06-04
116170292916656916,lol-wu-ccg-2026-06-04-game3,2026-06-04T22:29:10+00:00,22.650109198138356,21.973765458333357,69.92419510299455,47.2740859048562,lol-wu-ccg-2026-06-04
116170292916656917,lol-wu-ccg-2026-06-04-game4,2026-06-04T23:19:31+00:00,-0.2582677738109404,-1.9692654575000015,2.4340185185133922,2.6922862923243325,lol-wu-ccg-2026-06-04
116170292916656918,lol-wu-ccg-2026-06-04,2026-06-05T00:17:51+00:00,5.42679123529624,4.764611430833303,6.254875313714415,0.828084078418175,lol-wu-ccg-2026-06-04
115616219464607498,lol-al-lgd-2026-06-05-game1,2026-06-05T09:14:04+00:00,0.0,0.0,0.0,0.0,lol-al-lgd-2026-06-05
115570683341512218,lol-mvk-gam-2026-06-05-game1,2026-06-05T09:16:17+00:00,-2.043380586041668,-2.100641666666668,-4.0752332839220005,-2.0318526978803324,lol-mvk-gam-2026-06-05
115570683341512219,lol-mvk-gam-2026-06-05-game2,2026-06-05T10:05:02+00:00,-28.089858002043922,-29.094645210833352,-31.425786375372258,-3.335928373328338,lol-mvk-gam-2026-06-05
115616219464607499,lol-al-lgd-2026-06-05-game2,2026-06-05T10:12:18+00:00,9.541514707017457,9.200442371666707,16.915873239179586,7.374358532162127,lol-al-lgd-2026-06-05
115570683341512220,lol-mvk-gam-2026-06-05-game3,2026-06-05T10:56:15+00:00,1.542924870177823,1.6171345125000103,1.6692546148992529,0.12632974472142988,lol-mvk-gam-2026-06-05
115616219464607500,lol-al-lgd-2026-06-05-game3,2026-06-05T11:09:57+00:00,0.0,0.0,0.0,0.0,lol-al-lgd-2026-06-05
116566603146451432,lol-bar-koia-2026-06-05-game1,2026-06-05T13:11:22+00:00,6.05189124570578,5.7049884308333425,7.327967493828175,1.2760762481223946,lol-bar-koia-2026-06-05
116566603146713577,lol-bar-koia-2026-06-05-game2,2026-06-05T14:08:42+00:00,-15.83938557216765,-15.924156686666649,-30.956346588855173,-15.116961016687519,lol-bar-koia-2026-06-05
116566603146713578,lol-bar-koia-2026-06-05,2026-06-05T15:06:14+00:00,-0.04255716796406293,-0.0003998875000004176,1.372643315805271,1.4152004837693344,lol-bar-koia-2026-06-05
116295727286716936,lol-hrts-ucam1-2026-06-05-game1,2026-06-05T15:54:38+00:00,0.9119092102780773,0.5283427983333274,0.373414199771725,-0.5384950105063524,lol-hrts-ucam1-2026-06-05
116295727286716937,lol-hrts-ucam1-2026-06-05-game2,2026-06-05T16:49:51+00:00,-0.06313491416070767,-0.05454991833333267,0.7449017249673306,0.8080366391280384,lol-hrts-ucam1-2026-06-05
116295727286716938,lol-hrts-ucam1-2026-06-05-game3,2026-06-05T17:53:30+00:00,-3.0647582888708675,-3.4763349108333053,-6.504407001262794,-3.4396487123919264,lol-hrts-ucam1-2026-06-05
116295727286716939,lol-hrts-ucam1-2026-06-05-game4,2026-06-05T18:44:10+00:00,21.597009506634965,20.706127679166652,26.787881352421653,5.190871845786688,lol-hrts-ucam1-2026-06-05
116170292916656920,lol-cnv-ccg-2026-06-05-game1,2026-06-05T20:09:22+00:00,1.316937107916664,1.598716666666664,-1.6976050870833301,-3.014542194999994,lol-cnv-ccg-2026-06-05
116170292916656921,lol-cnv-ccg-2026-06-05-game2,2026-06-05T21:09:09+00:00,8.198139192323348,8.187145608333347,-0.38224063006793835,-8.580379822391286,lol-cnv-ccg-2026-06-05
116170292916656922,lol-cnv-ccg-2026-06-05-game3,2026-06-05T21:57:24+00:00,9.374511160174832,8.563601463333333,14.289755737049113,4.91524457687428,lol-cnv-ccg-2026-06-05
115548128963037564,lol-dk-bro2-2026-06-06-game1,2026-06-06T08:12:39+00:00,-4.256843584925242,-4.039354079999993,4.520261971821046,8.777105556746289,lol-dk-bro2-2026-06-06
115548128963037565,lol-dk-bro2-2026-06-06-game2,2026-06-06T09:12:05+00:00,-4.413019466458334,-4.186458333333334,10.518901350008333,14.931920816466667,lol-dk-bro2-2026-06-06
115570683341512224,lol-dcg-gam-2026-06-06-game1,2026-06-06T09:13:36+00:00,0.38788316306504517,0.15303392333329432,80.92385380653506,80.53597064347001,lol-dcg-gam-2026-06-06
115616219464607504,lol-jdg-blg-2026-06-06-game1,2026-06-06T09:16:17+00:00,-13.614407567532174,-14.485438260833362,-17.68593010242807,-4.071522534895894,lol-jdg-blg-2026-06-06
115548128963037566,lol-dk-bro2-2026-06-06-game3,2026-06-06T09:57:30+00:00,-3.2699208489583333,-3.0754583333333336,3.3410504739583335,6.610971322916668,lol-dk-bro2-2026-06-06
115570683341512225,lol-dcg-gam-2026-06-06-game2,2026-06-06T10:06:25+00:00,26.23637458554511,25.496950994166678,39.07312352266774,12.836748937122628,lol-dcg-gam-2026-06-06
115616219464607505,lol-jdg-blg-2026-06-06-game2,2026-06-06T10:19:38+00:00,-8.905018739369282,-9.800208766666659,-11.858814582691073,-2.953795843321789,lol-jdg-blg-2026-06-06
115570683341512226,lol-dcg-gam-2026-06-06-game3,2026-06-06T10:54:37+00:00,9.092198032962324,8.096721888333324,16.438599983413308,7.346401950450982,lol-dcg-gam-2026-06-06
115616219464607506,lol-jdg-blg-2026-06-06-game3,2026-06-06T11:14:30+00:00,-1.2260380804234376,-1.5824869175,4.570309058172495,5.796347138595933,lol-jdg-blg-2026-06-06
115570683341512227,lol-dcg-gam-2026-06-06-game4,2026-06-06T11:41:34+00:00,-3.208456871258228,-3.5637240841666666,-3.8149275995811487,-0.6064707283229201,lol-dcg-gam-2026-06-06
115616219464607507,lol-jdg-blg-2026-06-06-game4,2026-06-06T12:14:41+00:00,8.162283048410407,7.674939766666657,8.46487428656353,0.3025912381531248,lol-jdg-blg-2026-06-06
115570683341512228,lol-dcg-gam-2026-06-06,2026-06-06T12:33:50+00:00,22.937843123326008,21.167349745833324,26.080229542349844,3.1423864190238313,lol-dcg-gam-2026-06-06
115548668059589389,lol-mkoi-kc-2026-06-06-game1,2026-06-06T15:13:24+00:00,-4.428961433108652,-3.5521021366666523,9.738635771308049,14.167597204416701,lol-mkoi-kc-2026-06-06
115548668059589390,lol-mkoi-kc-2026-06-06-game2,2026-06-06T16:15:34+00:00,40.55181441413825,40.288794149999994,62.288543797202344,21.736729383064088,lol-mkoi-kc-2026-06-06
115565670260181877,lol-fur-los-2026-06-06-game2,2026-06-06T17:01:28+00:00,-11.516449575733,-11.61389567,0.1210958503783192,11.637545426111318,lol-fur-los-2026-06-06
115548668059589391,lol-mkoi-kc-2026-06-06-game3,2026-06-06T17:10:44+00:00,3.74533602046341,3.9170183516666603,14.302830579556295,10.557494559092886,lol-mkoi-kc-2026-06-06
115565670260181878,lol-fur-los-2026-06-06-game3,2026-06-06T17:58:58+00:00,12.016951326120653,11.899038285000026,22.860850854439438,10.843899528318788,lol-fur-los-2026-06-06
115565670260181879,lol-fur-los-2026-06-06-game4,2026-06-06T18:50:13+00:00,8.963037214454081,8.445945843333332,10.45445620707931,1.4914189926252284,lol-fur-los-2026-06-06
115548128963037570,lol-kt-dk-2026-06-07-game1,2026-06-07T08:09:40+00:00,16.89932326727884,16.244823868333345,31.239337648235093,14.34001438095625,lol-kt-dk-2026-06-07
115548128963037571,lol-kt-dk-2026-06-07-game2,2026-06-07T08:58:14+00:00,7.773270310527447,6.984164829166635,14.381360295126905,6.6080899845994585,lol-kt-dk-2026-06-07
115570683341512230,lol-tsw-dcg-2026-06-07-game1,2026-06-07T09:13:37+00:00,-0.5914554208110205,-0.5974983808333331,0.23574409703110386,0.8271995178421245,lol-tsw-dcg-2026-06-07
115616219464607492,lol-tes-we-2026-06-07-game1,2026-06-07T09:15:35+00:00,0.939056096754236,0.7362998441666734,2.008743519915275,1.0696874231610394,lol-tes-we-2026-06-07
115548128963037572,lol-kt-dk-2026-06-07-game3,2026-06-07T09:56:10+00:00,-3.8947723968664625,-4.099524308333337,-47.290486304122446,-43.39571390725598,lol-kt-dk-2026-06-07
115570683341512231,lol-tsw-dcg-2026-06-07-game2,2026-06-07T10:10:34+00:00,4.22810867055633,3.82627761333333,10.426487505275494,6.198378834719164,lol-tsw-dcg-2026-06-07
115616219464607493,lol-tes-we-2026-06-07-game2,2026-06-07T10:11:53+00:00,0.11414095170235372,0.07260857333335362,43.94680545393087,43.83266450222852,lol-tes-we-2026-06-07
115548128963037573,lol-kt-dk-2026-06-07-game4,2026-06-07T10:58:23+00:00,9.02874767866794,8.365769962500005,16.311348827212257,7.282601148544315,lol-kt-dk-2026-06-07
115616219464607494,lol-tes-we-2026-06-07-game3,2026-06-07T11:05:11+00:00,7.335679779628829,7.15954306333333,41.48250509952554,34.14682531989671,lol-tes-we-2026-06-07
115570683341512233,lol-tsw-dcg-2026-06-07-game4,2026-06-07T11:47:32+00:00,0.18870215296579274,0.15758332666666774,0.9306511651792934,0.7419490122135005,lol-tsw-dcg-2026-06-07
115548128963037574,lol-kt-dk-2026-06-07,2026-06-07T12:08:48+00:00,-15.942482633313412,-15.514839076666663,33.62478303852307,49.56726567183648,lol-kt-dk-2026-06-07
115548668059589395,lol-g2-kc-2026-06-07-game1,2026-06-07T15:35:18+00:00,12.457625724013418,11.251402742499982,16.951968960983578,4.494343236970161,lol-g2-kc-2026-06-07
115548668059589396,lol-g2-kc-2026-06-07-game2,2026-06-07T16:26:20+00:00,7.410126172235482,7.554665939166671,-58.55022292085348,-65.96034909308896,lol-g2-kc-2026-06-07
115548668059589397,lol-g2-kc-2026-06-07-game3,2026-06-07T17:10:04+00:00,2.3815357071576337,2.120155140000009,3.1737992387003593,0.7922635315427251,lol-g2-kc-2026-06-07
115548668059589398,lol-g2-kc-2026-06-07-game4,2026-06-07T18:07:25+00:00,0.5360633162499987,0.6944499999999986,-0.7336176974999978,-1.2696810137499963,lol-g2-kc-2026-06-07
115548668059589399,lol-g2-kc-2026-06-07,2026-06-07T18:59:29+00:00,-4.54332131836421,-5.2956058283333345,-8.58880467708259,-4.045483358718381,lol-g2-kc-2026-06-07
115564793879469301,lol-c9-ly-2026-06-07-game1,2026-06-07T20:11:02+00:00,29.274120438587673,29.33969019666667,14.586497652755542,-14.687622785832131,lol-c9-ly-2026-06-07
115564793879469302,lol-c9-ly-2026-06-07-game2,2026-06-07T21:13:16+00:00,-26.126227695040495,-25.543270514166682,-14.335564514207148,11.790663180833347,lol-c9-ly-2026-06-07
115564793879469303,lol-c9-ly-2026-06-07-game3,2026-06-07T22:08:38+00:00,2.1301447883934976,1.2382036099999973,2.3609742276099936,0.23082943921649615,lol-c9-ly-2026-06-07
115616219464607510,lol-al-blg-2026-06-08-game1,2026-06-08T09:25:23+00:00,-1.7426891412500032,-1.473300000000003,3.334297351891754,5.0769864931417565,lol-al-blg-2026-06-08
115616219464607511,lol-al-blg-2026-06-08-game2,2026-06-08T10:30:28+00:00,2.9415608114204397,2.4645657933333154,-5.2677047991160215,-8.209265610536463,lol-al-blg-2026-06-08
115616219464607512,lol-al-blg-2026-06-08-game3,2026-06-08T11:29:50+00:00,0.033831069460582563,0.05414480333333257,-0.25271191817312694,-0.2865429876337095,lol-al-blg-2026-06-08
116634529526960310,lol-kcb-ps1-2026-06-08,2026-06-08T15:12:34+00:00,-8.581780715084562,-8.9811757725,-15.179663282166226,-6.597882567081665,lol-kcb-ps1-2026-06-08
116634529527025862,lol-kcb-ckz-2026-06-08,2026-06-08T16:35:03+00:00,0.0,0.0,0.0,0.0,lol-kcb-ckz-2026-06-08
116634529527025916,lol-ewi-goal-2026-06-09-game1,2026-06-09T15:05:52+00:00,12.642793286041984,12.292001919999983,20.67715490272477,8.034361616682787,lol-ewi-goal-2026-06-09
116634529527025917,lol-ewi-goal-2026-06-09-game2,2026-06-09T15:58:50+00:00,0.9481776466666689,0.8758666666666689,1.623190160364585,0.6750125136979163,lol-ewi-goal-2026-06-09
116634529527025924,lol-fec-bombat-2026-06-09-game1,2026-06-09T16:52:13+00:00,0.20454797999999993,0.1910999999999999,4.1059834312382915,3.901435451238292,lol-fec-bombat-2026-06-09
116634529527025912,lol-kcb-vdn-2026-06-09-game1,2026-06-09T16:55:45+00:00,-0.7841783688423388,-0.893291853333339,-0.4750831178638393,0.3090952509784996,lol-kcb-vdn-2026-06-09
116634529527025913,lol-kcb-vdn-2026-06-09-game2,2026-06-09T17:42:57+00:00,0.0,0.0,0.021945500000000017,0.021945500000000017,lol-kcb-vdn-2026-06-09
116634529527025925,lol-fec-bombat-2026-06-09-game2,2026-06-09T17:47:14+00:00,7.557828796267192,7.831547503333316,40.08512125818541,32.527292461918215,lol-fec-bombat-2026-06-09
116634566270405056,lol-g2nord-ps1-2026-06-10-game1,2026-06-10T15:04:01+00:00,-1.3055336420416666,-1.2963221666666667,2.9946164680416665,4.300150110083333,lol-g2nord-ps1-2026-06-10
116634566270405080,lol-sly-bombat-2026-06-10-game1,2026-06-10T15:04:35+00:00,0.0,0.0,0.0,0.0,lol-sly-bombat-2026-06-10
116634529527025932,lol-ucam1-hmble-2026-06-10-game1,2026-06-10T15:05:23+00:00,0.2585694660874193,0.1521295766666694,-1.6313577637499987,-1.889927229837418,lol-ucam1-hmble-2026-06-10
116634529527025928,lol-me1-ewi-2026-06-10-game1,2026-06-10T15:07:43+00:00,-7.719098774460421,-7.77218889166667,-2.195249678545006,5.523849095915415,lol-me1-ewi-2026-06-10
116634566270405057,lol-g2nord-ps1-2026-06-10-game2,2026-06-10T15:51:17+00:00,-3.996692351249989,-3.3958499999999887,5.241748428750004,9.238440779999992,lol-g2nord-ps1-2026-06-10
116634529527025929,lol-me1-ewi-2026-06-10-game2,2026-06-10T15:53:29+00:00,-2.131308536091833,-2.426021323333333,-0.6403303056226656,1.4909782304691674,lol-me1-ewi-2026-06-10
116634566270405081,lol-sly-bombat-2026-06-10-game2,2026-06-10T15:57:25+00:00,14.752471667729537,14.95307325166666,-10.682800710928547,-25.435272378658084,lol-sly-bombat-2026-06-10
116634529527025933,lol-ucam1-hmble-2026-06-10-game2,2026-06-10T16:02:51+00:00,4.174297992076911,3.852451976666661,5.848362473823269,1.6740644817463586,lol-ucam1-hmble-2026-06-10
116634566270405032,lol-hrts-kcb-2026-06-10-game1,2026-06-10T16:46:03+00:00,0.6974324557489444,0.3675296125000074,8.186134737832324,7.488702282083378,lol-hrts-kcb-2026-06-10
116634566270405084,lol-es1-anb-2026-06-10-game1,2026-06-10T16:47:09+00:00,-0.49548154999999844,-0.44044999999999845,0.2034169468749987,0.698898496874997,lol-es1-anb-2026-06-10
116634529527025934,lol-ucam1-hmble-2026-06-10,2026-06-10T16:51:06+00:00,7.005530641511332,6.690639793333332,8.667560216128917,1.6620295746175844,lol-ucam1-hmble-2026-06-10
116634566270405036,lol-pcific-fsk-2026-06-10-game1,2026-06-10T16:57:57+00:00,0.15446236749999953,0.1495999999999995,0.2848902746250402,0.13042790712504068,lol-pcific-fsk-2026-06-10
116634566270405033,lol-hrts-kcb-2026-06-10-game2,2026-06-10T17:42:08+00:00,0.0,0.0,0.0,0.0,lol-hrts-kcb-2026-06-10
116634566270405085,lol-es1-anb-2026-06-10-game2,2026-06-10T17:54:39+00:00,0.0,0.0,-0.9364421708333334,-0.9364421708333334,lol-es1-anb-2026-06-10
116634566270405061,lol-gal-wlg-2026-06-10-game2,2026-06-10T18:22:58+00:00,0.8163876693749996,0.8333249999999998,-0.8162962995062916,-1.632683968881291,lol-gal-wlg-2026-06-10
116634566270405038,lol-pcific-fsk-2026-06-10,2026-06-10T18:58:26+00:00,-30.1884321849209,-30.98815023583334,-27.350166109904006,2.838266075016899,lol-pcific-fsk-2026-06-10
116634529527025936,lol-me1-ucam1-2026-06-11-game1,2026-06-11T15:02:37+00:00,0.6634877676834104,0.7217574916666604,6.583763069466175,5.920275301782765,lol-me1-ucam1-2026-06-11
116634566270405064,lol-g2nord-gal-2026-06-11-game1,2026-06-11T15:02:59+00:00,-9.383041470522981,-9.422040354166667,6.469531400837948,15.852572871360927,lol-g2nord-gal-2026-06-11
116634566270405088,lol-sly-es1-2026-06-11-game1,2026-06-11T15:13:24+00:00,-0.37194821348743873,-0.3641205925000013,0.6825874434433329,1.0545356569307716,lol-sly-es1-2026-06-11
116634566270405065,lol-g2nord-gal-2026-06-11-game2,2026-06-11T15:56:15+00:00,-9.917352020208357,-10.442208333333356,-36.75875141484139,-26.841399394633033,lol-g2nord-gal-2026-06-11
116634529527025937,lol-me1-ucam1-2026-06-11-game2,2026-06-11T16:01:41+00:00,0.0,0.0,0.0,0.0,lol-me1-ucam1-2026-06-11
116634566270405066,lol-g2nord-gal-2026-06-11,2026-06-11T16:43:15+00:00,4.429898059789797,4.146619431666672,13.32567896311653,8.895780903326735,lol-g2nord-gal-2026-06-11
116634566270405040,lol-hrts-fsk-2026-06-11-game1,2026-06-11T17:06:26+00:00,0.19094319959916406,0.129969486666664,-1.22163283870867,-1.4125760383078338,lol-hrts-fsk-2026-06-11
116634529527025940,lol-ewi-hmble-2026-06-11-game1,2026-06-11T17:37:42+00:00,-3.969388731249998,-4.119249999999997,-14.87202528747656,-10.902636556226563,lol-ewi-hmble-2026-06-11
116634566270405041,lol-hrts-fsk-2026-06-11-game2,2026-06-11T17:51:37+00:00,0.0,0.0,0.0,0.0,lol-hrts-fsk-2026-06-11
116634566270405045,lol-kcb-pcific-2026-06-11-game2,2026-06-11T18:13:31+00:00,0.0,0.0,0.0,0.0,lol-kcb-pcific-2026-06-11
116634566270405069,lol-ps1-wlg-2026-06-11-game2,2026-06-11T18:31:07+00:00,7.366845249430585,7.556830358333336,-4.207733590943335,-11.574578840373922,lol-ps1-wlg-2026-06-11
115548128963037576,lol-hle1-t1-2026-06-12-game1,2026-06-12T08:25:06+00:00,-0.040120775987604336,-0.13382922916666687,-0.09706004531260413,-0.05693926932499977,lol-hle1-t1-2026-06-12
115548128963037577,lol-hle1-t1-2026-06-12-game2,2026-06-12T09:28:35+00:00,-14.734667095645364,-15.17312528499999,-12.92260786089678,1.8120592347485838,lol-hle1-t1-2026-06-12
115548128963037578,lol-hle1-t1-2026-06-12-game3,2026-06-12T10:26:38+00:00,32.93366623576787,32.254410174166686,34.655454118442975,1.7217878826751054,lol-hle1-t1-2026-06-12
115548128963037579,lol-hle1-t1-2026-06-12-game4,2026-06-12T11:22:24+00:00,-4.0297670158799965,-4.2120947449999955,-2.492304747089848,1.5374622687901478,lol-hle1-t1-2026-06-12
116634529527091480,lol-me1-ewi-2026-06-12-game1,2026-06-12T15:04:38+00:00,0.0,0.0,-0.42898970416666665,-0.42898970416666665,lol-me1-ewi-2026-06-12
116634529527091481,lol-me1-ewi-2026-06-12-game2,2026-06-12T16:00:27+00:00,0.0,0.0,0.0,0.0,lol-me1-ewi-2026-06-12
116634566270405073,lol-g2nord-wlg-2026-06-12-game2,2026-06-12T16:26:19+00:00,0.45817900208333145,0.3733833333333314,0.13441670624999816,-0.32376229583333327,lol-g2nord-wlg-2026-06-12
116634566270405096,lol-es1-anb-2026-06-12-game1,2026-06-12T16:53:47+00:00,20.03582905225248,18.62331198999998,35.908841371620305,15.873012319367822,lol-es1-anb-2026-06-12
116634566270405074,lol-g2nord-wlg-2026-06-12,2026-06-12T17:20:52+00:00,13.081926822653914,12.522133506666664,17.972560543656417,4.890633721002504,lol-g2nord-wlg-2026-06-12
116634566270405097,lol-es1-anb-2026-06-12-game2,2026-06-12T17:46:06+00:00,18.09450526208961,18.08088048416667,-3.1845875530524896,-21.279092815142096,lol-es1-anb-2026-06-12
116634566270405048,lol-fsk-kcb-2026-06-12-game1,2026-06-12T18:13:56+00:00,0.0,0.0,0.0,0.0,lol-fsk-kcb-2026-06-12
116634566270405098,lol-es1-anb-2026-06-12,2026-06-12T18:55:08+00:00,37.59512181038671,35.81294835750003,37.58328899875521,-0.011832811631501461,lol-es1-anb-2026-06-12
116634566270405049,lol-fsk-kcb-2026-06-12-game2,2026-06-12T19:14:18+00:00,0.0,0.0,0.0,0.0,lol-fsk-kcb-2026-06-12
115548128963037582,lol-gen-kt-2026-06-13-game1,2026-06-13T06:22:43+00:00,0.6375459374939387,0.6258657325000011,-1.807338441054502,-2.4448843785484407,lol-gen-kt-2026-06-13
115548128963037583,lol-gen-kt-2026-06-13-game2,2026-06-13T07:26:33+00:00,2.2756661574999852,2.2163499999999847,1.660758116512824,-0.6149080409871609,lol-gen-kt-2026-06-13
115548128963037584,lol-gen-kt-2026-06-13-game3,2026-06-13T08:25:04+00:00,0.8370158779001317,1.0583247150000066,-0.4304543177417042,-1.2674701956418357,lol-gen-kt-2026-06-13
115616219464607516,lol-we-blg-2026-06-13-game1,2026-06-13T08:30:26+00:00,-2.9790307705624817,-2.839182499999982,2.570866579583334,5.549897350145816,lol-we-blg-2026-06-13
115616219464607517,lol-we-blg-2026-06-13-game2,2026-06-13T09:24:14+00:00,0.3716823972134187,0.3584418366666687,-0.8116902064478816,-1.1833726036613004,lol-we-blg-2026-06-13
115616219464607518,lol-we-blg-2026-06-13-game3,2026-06-13T10:21:41+00:00,10.746394307820069,9.997700657500006,16.790066393972403,6.043672086152334,lol-we-blg-2026-06-13
115616219464607519,lol-we-blg-2026-06-13-game4,2026-06-13T11:20:51+00:00,-3.319114415674724,-3.2436294241666612,6.122630194602898,9.441744610277622,lol-we-blg-2026-06-13
115616219464607520,lol-we-blg-2026-06-13,2026-06-13T12:26:09+00:00,2.346195025865389,2.8637424650000143,-1.721486387349529,-4.067681413214918,lol-we-blg-2026-06-13
116634566264113535,lol-sly-g2nord-2026-06-13-game1,2026-06-13T15:02:01+00:00,-10.703107845761503,-11.013388660000002,-34.55152858458708,-23.84842073882557,lol-sly-g2nord-2026-06-13
116634566263916921,lol-ucam1-kcb-2026-06-13-game1,2026-06-13T15:02:04+00:00,0.0,0.0,0.413165625,0.413165625,lol-ucam1-kcb-2026-06-13
116634566264113541,lol-hrts-es1-2026-06-13-game1,2026-06-13T15:02:14+00:00,6.0470256931669,5.852528561666651,21.80834886531348,15.76132317214658,lol-hrts-es1-2026-06-13
116634566264113547,lol-gal-me1-2026-06-13-game1,2026-06-13T15:02:21+00:00,-0.21618908313749993,-0.20600909999999995,-0.7059459998208332,-0.48975691668333327,lol-gal-me1-2026-06-13
116634566264113536,lol-sly-g2nord-2026-06-13-game2,2026-06-13T15:47:28+00:00,-1.149125782081253,-1.071403625000003,0.6122649350000025,1.7613907170812555,lol-sly-g2nord-2026-06-13
116634566264113548,lol-gal-me1-2026-06-13-game2,2026-06-13T15:48:37+00:00,0.37992313458332755,0.3856083333333271,5.126757458997078,4.746834324413751,lol-gal-me1-2026-06-13
116634566264113542,lol-hrts-es1-2026-06-13-game2,2026-06-13T15:56:47+00:00,3.0485394915496666,2.8462867066666675,-11.455548463477706,-14.504087955027373,lol-hrts-es1-2026-06-13
116634566264113530,lol-ucam1-kcb-2026-06-13-game2,2026-06-13T15:58:26+00:00,22.01000891343041,21.031900780000036,24.742900073653498,2.7328911602230863,lol-ucam1-kcb-2026-06-13
116634566264113549,lol-gal-me1-2026-06-13-game3,2026-06-13T16:33:07+00:00,3.6176391640174974,3.848286019166686,-1.149107136849395,-4.766746300866893,lol-gal-me1-2026-06-13
116634566264113537,lol-sly-g2nord-2026-06-13-game3,2026-06-13T16:35:00+00:00,0.20517640159944076,-0.16638617249999665,1.1652280769879175,0.960051675388477,lol-sly-g2nord-2026-06-13
116634566264113531,lol-ucam1-kcb-2026-06-13-game3,2026-06-13T16:47:55+00:00,1.371302608958336,1.3729083333333356,10.234601440625012,8.863298831666677,lol-ucam1-kcb-2026-06-13
116634566264113543,lol-hrts-es1-2026-06-13-game3,2026-06-13T17:03:48+00:00,4.635664991874989,4.476124999999988,13.064214287499999,8.428549295625011,lol-hrts-es1-2026-06-13
116634566264113532,lol-ucam1-kcb-2026-06-13-game4,2026-06-13T17:33:11+00:00,0.15538255773100176,0.009866740000001761,0.3009865161140019,0.14560395838300014,lol-ucam1-kcb-2026-06-13
116634566264113544,lol-hrts-es1-2026-06-13-game4,2026-06-13T17:53:45+00:00,-5.119549295833331,-4.6815333333333315,1.7218067041666671,6.841355999999998,lol-hrts-es1-2026-06-13
116634566264113545,lol-hrts-es1-2026-06-13,2026-06-13T18:39:50+00:00,21.137514792135402,19.81243128083334,26.619766260628797,5.482251468493394,lol-hrts-es1-2026-06-13
115548128963037588,lol-t1-gen-2026-06-14-game1,2026-06-14T06:27:33+00:00,24.06089708847909,23.585273423333337,33.12289426062631,9.061997172147219,lol-t1-gen-2026-06-14
115548128963037589,lol-t1-gen-2026-06-14-game2,2026-06-14T07:24:08+00:00,-2.728718875179229,-2.9309023491666664,-5.40675542032692,-2.6780365451476924,lol-t1-gen-2026-06-14
115616219464607522,lol-tes-blg-2026-06-14-game1,2026-06-14T08:19:52+00:00,-1.0057173404053594,-0.16036252833335926,4.481405823967723,5.487123164373082,lol-tes-blg-2026-06-14
115548128963037590,lol-t1-gen-2026-06-14-game3,2026-06-14T08:27:11+00:00,0.4251768875610347,0.579192760833347,2.4452472421682523,2.0200703546072183,lol-t1-gen-2026-06-14
115616219464607523,lol-tes-blg-2026-06-14-game2,2026-06-14T09:14:27+00:00,-0.3652702341361868,-0.2821848683333119,4.80621888331902,5.171489117455207,lol-tes-blg-2026-06-14
115548128963037591,lol-t1-gen-2026-06-14-game4,2026-06-14T09:36:19+00:00,4.280265994521081,4.334092603333331,25.37242602069333,21.092160026172248,lol-t1-gen-2026-06-14
115616219464607524,lol-tes-blg-2026-06-14-game3,2026-06-14T10:20:00+00:00,-1.2751921646810132,-2.2714569700000133,6.658621489923642,7.933813654604655,lol-tes-blg-2026-06-14
115548128963037592,lol-t1-gen-2026-06-14,2026-06-14T10:35:43+00:00,-1.4904502830071518,-1.123707395000026,-10.118207422735859,-8.627757139728708,lol-t1-gen-2026-06-14
116634566264113559,lol-gal-es1-2026-06-14-game1,2026-06-14T15:00:48+00:00,-2.4700963401780047,-2.522835180000005,-11.78502609021684,-9.314929750038836,lol-gal-es1-2026-06-14
116634566264113553,lol-sly-ucam1-2026-06-14-game1,2026-06-14T15:01:48+00:00,0.0,0.0,0.0015870937499999993,0.0015870937499999993,lol-sly-ucam1-2026-06-14
116634566264113554,lol-sly-ucam1-2026-06-14-game2,2026-06-14T15:44:11+00:00,-0.46018218303899694,-0.480108319999997,-0.05307490181233102,0.407107281226666,lol-sly-ucam1-2026-06-14
116634566264113560,lol-gal-es1-2026-06-14-game2,2026-06-14T15:48:54+00:00,-12.26706260520165,-12.722624476666647,-36.30403634475609,-24.03697373955444,lol-gal-es1-2026-06-14
116634566264113555,lol-sly-ucam1-2026-06-14-game3,2026-06-14T16:24:44+00:00,0.0,0.0,1.8222753499503168,1.8222753499503168,lol-sly-ucam1-2026-06-14
116634566264113561,lol-gal-es1-2026-06-14-game3,2026-06-14T16:36:36+00:00,14.476852414954516,13.944229540000016,40.21033799972037,25.73348558476586,lol-gal-es1-2026-06-14
116634566264113565,lol-sly-gal-2026-06-15-game1,2026-06-15T15:01:32+00:00,-5.707270422445787,-5.390608041666661,-22.883315923627702,-17.176045501181918,lol-sly-gal-2026-06-15
116634566264113566,lol-sly-gal-2026-06-15-game2,2026-06-15T15:46:17+00:00,7.989457378993111,8.183882174999987,10.059273309184976,2.0698159301918637,lol-sly-gal-2026-06-15
116634566264113567,lol-sly-gal-2026-06-15-game3,2026-06-15T16:40:49+00:00,0.6022271472916734,1.0633416666666735,-3.379247668437504,-3.981474815729177,lol-sly-gal-2026-06-15
115570934355614504,lol-kc-dcg-2026-06-27-game1,2026-06-28T06:02:35+00:00,24.47886512818879,23.698064276666667,23.371507303381392,-1.107357824807398,lol-kc-dcg-2026-06-27
115570934355614505,lol-kc-dcg-2026-06-27-game2,2026-06-28T07:00:22+00:00,-2.5746567674289564,-2.3392000583333314,5.116597149481548,7.6912539169105045,lol-kc-dcg-2026-06-27
115570934355614506,lol-kc-dcg-2026-06-27-game3,2026-06-28T07:47:27+00:00,0.3141021393749954,0.3119249999999951,2.2103454206249955,1.89624328125,lol-kc-dcg-2026-06-27
115570934355614510,lol-t1-kc-2026-06-28-game1,2026-06-29T03:09:19+00:00,-1.9467522171853575,-1.86929164916667,15.324605796874984,17.27135801406034,lol-t1-kc-2026-06-28
115570934355614511,lol-t1-kc-2026-06-28-game2,2026-06-29T04:00:13+00:00,0.0,0.0,0.0,0.0,lol-t1-kc-2026-06-28
115570934355614512,lol-t1-kc-2026-06-28-game3,2026-06-29T04:54:58+00:00,3.27187715270833,3.40400833333333,-4.814183720100009,-8.08606087280834,lol-t1-kc-2026-06-28
116713163972558999,lol-ewi-big1-2026-06-30,2026-06-30T15:12:06+00:00,5.614972941379475,5.3045784091666635,1.4581523553622142,-4.156820586017262,lol-ewi-big1-2026-06-30
116713163972559035,lol-sge-use1-2026-06-30,2026-06-30T16:18:45+00:00,-6.2452196656836625,-6.488469146666662,-0.9283355714213218,5.316884094262341,lol-sge-use1-2026-06-30
116713163972559061,lol-g2nord-ross-2026-06-30,2026-06-30T17:13:39+00:00,0.0,0.0,0.0,0.0,lol-g2nord-ross-2026-06-30
116713163972559067,lol-khk-es1-2026-06-30,2026-06-30T18:17:24+00:00,-2.880183414069062,-2.8150430124999986,-0.2779698079648938,2.602213606104168,lol-khk-es1-2026-06-30
116713163972559051,lol-g2nord-ewi-2026-07-01,2026-07-01T16:21:00+00:00,12.395809772950694,11.756979028333319,21.7895462244517,9.393736451501008,lol-g2nord-ewi-2026-07-01
116713163972559055,lol-es1-ross-2026-07-01,2026-07-01T17:13:43+00:00,-1.2391243945703174,-1.245151562500005,2.1649193100331625,3.4040437046034797,lol-es1-ross-2026-07-01
116713163972559041,lol-vfb-use1-2026-07-01,2026-07-01T18:14:33+00:00,2.316518636826649,2.2153013866666496,14.709978944752487,12.393460307925837,lol-vfb-use1-2026-07-01
116713163972559007,lol-khk-big1-2026-07-01,2026-07-01T19:27:10+00:00,3.212900237916664,3.051866666666664,1.2706806310416692,-1.9422196068749946,lol-khk-big1-2026-07-01
116713163972559057,lol-sge-ross-2026-07-02,2026-07-02T15:08:13+00:00,6.538187032758189,6.787015167500002,-6.09300696244379,-12.631193995201977,lol-sge-ross-2026-07-02
116713163972559049,lol-khk-ewi-2026-07-02,2026-07-02T16:13:41+00:00,-47.07790437488359,-48.44018005750002,-57.20168560671604,-10.123781231832448,lol-khk-ewi-2026-07-02
116713163972559083,lol-vfb-g2nord-2026-07-02,2026-07-02T18:25:43+00:00,0.0,0.0,0.0,0.0,lol-vfb-g2nord-2026-07-02
116713163972558997,lol-use1-big1-2026-07-02,2026-07-02T19:30:28+00:00,-0.08892532333332943,-0.1292333333333294,-0.9550428621031214,-0.8661175387697919,lol-use1-big1-2026-07-02
115570934355614540,lol-hle1-tsw-2026-07-02-game1,2026-07-03T03:13:32+00:00,-1.755587073958328,-1.7342083333333278,2.4910784056250024,4.2466654795833305,lol-hle1-tsw-2026-07-02
115570934355614541,lol-hle1-tsw-2026-07-02-game2,2026-07-03T03:59:26+00:00,0.0,0.0,0.0,0.0,lol-hle1-tsw-2026-07-02
115570934355614542,lol-hle1-tsw-2026-07-02-game3,2026-07-03T04:46:50+00:00,18.291727784166685,18.420466666666684,-24.705898420833325,-42.99762620500001,lol-hle1-tsw-2026-07-02
115570934355614546,lol-g2-tes-2026-07-04-game1,2026-07-03T05:45:14+00:00,3.1588681928000217,3.3200748558333344,0.2586735029930898,-2.9001946898069324,lol-g2-tes-2026-07-04
115570934355614547,lol-g2-tes-2026-07-04-game2,2026-07-03T06:38:16+00:00,3.016543751257968,2.744552279999968,4.868315500298574,1.8517717490406056,lol-g2-tes-2026-07-04
115570934355614548,lol-g2-tes-2026-07-04-game3,2026-07-03T07:29:43+00:00,-7.907731296166095,-9.007801763333346,-10.487869781164974,-2.5801384849988778,lol-g2-tes-2026-07-04
115570934355614549,lol-g2-tes-2026-07-04-game4,2026-07-03T08:16:56+00:00,1.7082419565092024,1.187311158333327,-1.9219404803237712,-3.6301824368329734,lol-g2-tes-2026-07-04
115570934355614550,lol-g2-tes-2026-07-04,2026-07-03T09:30:50+00:00,16.349008571311824,16.500291625833388,53.94213689169373,37.59312832038191,lol-g2-tes-2026-07-04
115570934355614534,lol-ly-fur-2026-07-03-game1,2026-07-04T03:14:21+00:00,-8.409506825833326,-7.783283333333326,8.085253967308796,16.494760793142124,lol-ly-fur-2026-07-03
115570934355614535,lol-ly-fur-2026-07-03-game2,2026-07-04T04:23:06+00:00,2.131419738174065,2.724018887500003,2.0633370647100064,-0.06808267346405901,lol-ly-fur-2026-07-03
115570934355614536,lol-ly-fur-2026-07-03-game3,2026-07-04T05:20:08+00:00,1.7326346391358394,2.270920917500027,2.363023947776108,0.6303893086402682,lol-ly-fur-2026-07-03
115570934355614528,lol-blg-t1-2026-07-04-game1,2026-07-04T06:21:26+00:00,-3.528030673671037,-3.5557970316666623,-8.154197512888365,-4.626166839217326,lol-blg-t1-2026-07-04
115570934355614529,lol-blg-t1-2026-07-04-game2,2026-07-04T07:24:22+00:00,3.038890573925124,3.5963765541666866,-1.7846008033198493,-4.823491377244974,lol-blg-t1-2026-07-04
115570934355614530,lol-blg-t1-2026-07-04-game3,2026-07-04T08:14:02+00:00,-0.7224802961242999,-0.5358971266666748,8.875739100331902,9.598219396456201,lol-blg-t1-2026-07-04
115570934355614531,lol-blg-t1-2026-07-04-game4,2026-07-04T09:18:40+00:00,17.922152897022276,16.222898502499962,24.633201825991936,6.71104892896966,lol-blg-t1-2026-07-04
115570934355614532,lol-blg-t1-2026-07-04,2026-07-04T10:13:04+00:00,26.393789002610088,25.711104203333335,30.791222164397038,4.3974331617869495,lol-blg-t1-2026-07-04
115570934355614570,lol-tsw-tes-2026-07-04-game1,2026-07-05T03:11:29+00:00,1.0904165581797087,1.1492915991666461,9.346477566565556,8.256061008385847,lol-tsw-tes-2026-07-04
115570934355614571,lol-tsw-tes-2026-07-04-game2,2026-07-05T04:02:20+00:00,6.320097689073093,6.302979394166656,17.225244048696663,10.90514635962357,lol-tsw-tes-2026-07-04
115570934355614572,lol-tsw-tes-2026-07-04-game3,2026-07-05T04:49:55+00:00,6.687451483688483,6.812058699999983,-5.330485895441822,-12.017937379130304,lol-tsw-tes-2026-07-04
115570934355614573,lol-tsw-tes-2026-07-04-game4,2026-07-05T05:41:03+00:00,-18.562653002215804,-20.05276844083336,-51.71083540495388,-33.14818240273808,lol-tsw-tes-2026-07-04
115570934355614558,lol-hle1-g2-2026-07-05-game1,2026-07-05T06:48:59+00:00,6.042350462672616,6.185959704999989,-47.51763169089117,-53.55998215356379,lol-hle1-g2-2026-07-05
115570934355614559,lol-hle1-g2-2026-07-05-game2,2026-07-05T07:41:10+00:00,0.013155479687496799,0.23276649999999677,0.35374817625000005,0.34059269656250324,lol-hle1-g2-2026-07-05
115570934355614560,lol-hle1-g2-2026-07-05-game3,2026-07-05T08:24:26+00:00,0.0,0.0,0.0,0.0,lol-hle1-g2-2026-07-05
115570934355614552,lol-blg-ly-2026-07-05-game1,2026-07-06T03:13:26+00:00,0.07659583623827608,0.12974907666665106,0.028366181676373576,-0.04822965456190242,lol-blg-ly-2026-07-05
115570934355614553,lol-blg-ly-2026-07-05-game2,2026-07-06T04:05:42+00:00,-0.7670121849999999,-0.7017999999999999,0.7669431433333309,1.533955328333331,lol-blg-ly-2026-07-05
115570934355614554,lol-blg-ly-2026-07-05-game3,2026-07-06T04:54:34+00:00,10.364168464583317,10.252683333333318,16.569569127813946,6.2054006632306296,lol-blg-ly-2026-07-05
115570934355614564,lol-t1-fur-2026-07-06-game1,2026-07-06T06:00:00+00:00,0.9427118970833464,0.9158833333333464,0.48405121049622,-0.45866068658712633,lol-t1-fur-2026-07-06
115570934355614565,lol-t1-fur-2026-07-06-game2,2026-07-06T06:53:00+00:00,-0.0005759997916469269,0.07750833333335312,0.00048241625000329985,0.0010584160416502268,lol-t1-fur-2026-07-06
115570934355614566,lol-t1-fur-2026-07-06-game3,2026-07-06T07:42:40+00:00,-1.2305557833666654,-1.243448666666665,0.8846055951243198,2.115161378490985,lol-t1-fur-2026-07-06
116713163972559033,lol-es1-use1-2026-07-07,2026-07-07T16:10:10+00:00,2.5499119484449824,2.349861199999982,9.315480090992986,6.7655681425480045,lol-es1-use1-2026-07-07
116713163972559075,lol-g2nord-sge-2026-07-07,2026-07-07T17:10:35+00:00,3.138981906198314,3.0199261925000016,4.31810047151973,1.1791185653214165,lol-g2nord-sge-2026-07-07
116713163972559001,lol-ross-big1-2026-07-07,2026-07-07T18:07:05+00:00,4.240760963174509,4.1124653800000095,11.87151134761426,7.630750384439753,lol-ross-big1-2026-07-07
116713163972559079,lol-g2nord-khk-2026-07-07,2026-07-07T19:09:18+00:00,8.35980389375,8.5145,-21.203443733749996,-29.563247627499994,lol-g2nord-khk-2026-07-07
115570934355614588,lol-ly-tsw-2026-07-08-game1,2026-07-08T03:14:29+00:00,-1.391357190513945,-2.2403572075000056,7.974900360559698,9.366257551073645,lol-ly-tsw-2026-07-08
115570934355614589,lol-ly-tsw-2026-07-08-game2,2026-07-08T04:03:08+00:00,20.633733748647163,18.86408722749998,28.963342581800237,8.329608833153072,lol-ly-tsw-2026-07-08
115570934355614590,lol-ly-tsw-2026-07-08-game3,2026-07-08T04:52:56+00:00,2.2676572969631774,2.3373994866666767,-2.263596088387481,-4.531253385350658,lol-ly-tsw-2026-07-08
115570934355614582,lol-g2-t1-2026-07-08-game1,2026-07-08T05:52:48+00:00,-0.7966719704166602,-0.67101666666666,0.41954534235266133,1.2162173127693212,lol-g2-t1-2026-07-08
115570934355614583,lol-g2-t1-2026-07-08-game2,2026-07-08T07:02:51+00:00,0.41493993065833207,0.441155633333332,0.05858283315833146,-0.3563570975000006,lol-g2-t1-2026-07-08
115570934355614584,lol-g2-t1-2026-07-08-game3,2026-07-08T08:02:11+00:00,-0.11750047000000001,0.0,0.11750047000000001,0.23500094000000002,lol-g2-t1-2026-07-08
115570934355614585,lol-g2-t1-2026-07-08-game4,2026-07-08T08:52:11+00:00,-1.0920090557220947,-1.0115849833333452,7.29932937041665,8.391338426138745,lol-g2-t1-2026-07-08
116713163972559043,lol-ross-ewi-2026-07-08,2026-07-08T15:05:27+00:00,9.303932216198925,7.586790594166614,10.056339427777992,0.7524072115790649,lol-ross-ewi-2026-07-08
116713163972559039,lol-g2nord-use1-2026-07-08,2026-07-08T16:01:54+00:00,4.600888285208334,4.6616583333333335,-14.488067483084548,-19.08895576829288,lol-g2nord-use1-2026-07-08
116713163972559071,lol-vfb-es1-2026-07-08,2026-07-08T18:09:58+00:00,3.056668537102253,3.3084686350000023,-38.64346303857328,-41.700131575675535,lol-vfb-es1-2026-07-08
116713163972559005,lol-sge-big1-2026-07-08,2026-07-08T19:07:18+00:00,0.2657354089202724,0.08603679083333511,7.099108178138818,6.8333727692185455,lol-sge-big1-2026-07-08
115570934355614576,lol-blg-hle1-2026-07-09-game1,2026-07-09T08:12:29+00:00,4.467042034140254,4.403716765000003,-3.0462507028502337,-7.513292736990487,lol-blg-hle1-2026-07-09
115570934355614577,lol-blg-hle1-2026-07-09-game2,2026-07-09T08:57:16+00:00,-11.916187491666669,-11.15961666666667,12.946692862856713,24.86288035452338,lol-blg-hle1-2026-07-09
115570934355614578,lol-blg-hle1-2026-07-09-game3,2026-07-09T09:45:53+00:00,4.000220646579613,2.9800369091666745,18.89931175849802,14.899091111918409,lol-blg-hle1-2026-07-09
115570934355614579,lol-blg-hle1-2026-07-09-game4,2026-07-09T10:57:27+00:00,-3.672070792129208,-3.3912087383333334,2.1245687627347487,5.796639554863957,lol-blg-hle1-2026-07-09
116713163972559037,lol-khk-use1-2026-07-09,2026-07-09T15:06:05+00:00,-12.538905363726025,-12.69461594166665,-91.22500100755576,-78.68609564382973,lol-khk-use1-2026-07-09
116713163972559045,lol-es1-ewi-2026-07-09,2026-07-09T16:00:09+00:00,7.786608924466628,7.442430155000003,14.482292716861961,6.695683792395332,lol-es1-ewi-2026-07-09
116713163972559063,lol-vfb-ross-2026-07-09,2026-07-09T17:00:09+00:00,-9.35622739395833,-10.31930833333333,-19.948733481783496,-10.592506087825164,lol-vfb-ross-2026-07-09
116713163972559077,lol-vfb-sge-2026-07-09,2026-07-09T19:04:38+00:00,10.197774390662019,10.054668360000017,-33.036086257835315,-43.233860648497334,lol-vfb-sge-2026-07-09
115570934355614594,lol-g2-ly-2026-07-10-game1,2026-07-10T08:12:57+00:00,0.0,0.0,0.0,0.0,lol-g2-ly-2026-07-10
115570934355614595,lol-g2-ly-2026-07-10-game2,2026-07-10T09:08:54+00:00,-27.008167675715526,-27.56937728166665,-44.39655274310568,-17.388385067390153,lol-g2-ly-2026-07-10
115570934355614596,lol-g2-ly-2026-07-10-game3,2026-07-10T09:58:36+00:00,-1.233632086984023,-0.014120110833336419,6.3464037211020425,7.580035808086066,lol-g2-ly-2026-07-10
115570934355614600,lol-hle1-ly-2026-07-11-game1,2026-07-11T08:12:02+00:00,-3.248058222601752,-2.781290585000002,3.561748973851753,6.809807196453505,lol-hle1-ly-2026-07-11
115570934355614601,lol-hle1-ly-2026-07-11-game2,2026-07-11T09:10:48+00:00,-2.484919943823862,-2.5325344541666737,28.73603392387501,31.220953867698867,lol-hle1-ly-2026-07-11
115570934355614602,lol-hle1-ly-2026-07-11-game3,2026-07-11T10:03:27+00:00,3.3360101693643216,2.94361983250001,7.518126537708361,4.1821163683440385,lol-hle1-ly-2026-07-11
115570934355614603,lol-hle1-ly-2026-07-11-game4,2026-07-11T10:54:36+00:00,14.634021396233479,15.858060554166668,-4.287426238850908,-18.921447635084387,lol-hle1-ly-2026-07-11
115570934355614604,lol-hle1-ly-2026-07-11,2026-07-11T11:44:33+00:00,4.674817810300836,4.812464008333337,34.53280245020833,29.85798463990749,lol-hle1-ly-2026-07-11
115570934355614606,lol-blg-hle1-2026-07-12-game1,2026-07-12T07:27:34+00:00,3.4085223011727686,3.165783905833331,5.656307092320677,2.2477847911479087,lol-blg-hle1-2026-07-12
115570934355614607,lol-blg-hle1-2026-07-12-game2,2026-07-12T08:32:49+00:00,-7.977216431566348,-6.639392713333348,1.8039671527256012,9.78118358429195,lol-blg-hle1-2026-07-12
115570934355614608,lol-blg-hle1-2026-07-12-game3,2026-07-12T09:24:47+00:00,-2.3861517222645463,-2.511531137499984,23.350625075373358,25.736776797637905,lol-blg-hle1-2026-07-12
115570934355614609,lol-blg-hle1-2026-07-12-game4,2026-07-12T10:17:52+00:00,4.58321425740299,4.209503904166678,13.111009216269847,8.527794958866854,lol-blg-hle1-2026-07-12
115570934355614610,lol-blg-hle1-2026-07-12,2026-07-12T11:11:27+00:00,8.261645417784663,8.195482466666663,7.175823987984555,-1.0858214298001085,lol-blg-hle1-2026-07-12
116713163972559029,lol-ewi-use1-2026-07-13,2026-07-13T15:06:18+00:00,-7.170753874252363,-7.866691968333363,5.7054489601843805,12.876202834436745,lol-ewi-use1-2026-07-13
116713163972559073,lol-khk-sge-2026-07-13,2026-07-13T16:06:29+00:00,-0.5663876329166677,-0.4629666666666677,0.5663876329166677,1.1327752658333354,lol-khk-sge-2026-07-13
116713163972559047,lol-sge-ewi-2026-07-13,2026-07-13T18:03:01+00:00,2.7064299831695795,2.5235144583333295,5.131904262189495,2.425474279019915,lol-sge-ewi-2026-07-13
116713163972559011,lol-vfb-big1-2026-07-13,2026-07-13T19:00:31+00:00,1.4762159443849967,1.540449899999997,5.8343083916766645,4.358092447291669,lol-vfb-big1-2026-07-13
116833506932259272,lol-lua-flk-2026-07-14-game1,2026-07-14T15:10:45+00:00,0.6729931154368295,0.6360015933333294,2.7652494006653394,2.09225628522851,lol-lua-flk-2026-07-14
116833506932259273,lol-lua-flk-2026-07-14-game2,2026-07-14T16:04:22+00:00,-6.597297964179134,-6.996827930000009,-3.9162145978709613,2.6810833663081723,lol-lua-flk-2026-07-14
116833506932259274,lol-lua-flk-2026-07-14,2026-07-14T16:50:59+00:00,6.505042771595498,6.596980799999998,26.907700503612343,20.40265773201684,lol-lua-flk-2026-07-14
116833506932128108,lol-ucam1-hrts-2026-07-14-game1,2026-07-14T17:55:56+00:00,3.5355614948126557,3.869833586666656,-7.976380118333346,-11.511941613146002,lol-ucam1-hrts-2026-07-14
116793933806001282,lol-mcn-dyn1-2026-07-14-game2,2026-07-14T17:56:34+00:00,0.391743053125003,0.39867500000000317,1.875902702500003,1.484159649375,lol-mcn-dyn1-2026-07-14
116833506932128109,lol-ucam1-hrts-2026-07-14-game2,2026-07-14T18:48:33+00:00,2.0809634833333366,2.1210333333333367,-4.905834868743166,-6.9867983520765025,lol-ucam1-hrts-2026-07-14
116793933806066927,lol-znt-sec-2026-07-16,2026-07-14T20:10:51+00:00,7.195873898138749,7.311609424999998,5.2549801029166705,-1.9408937952220777,lol-znt-sec-2026-07-16
116855104460702317,lol-gen-kc-2026-07-15,2026-07-15T09:41:36+00:00,0.0,0.0,0.0,0.0,lol-gen-kc-2026-07-15
116855104460702315,lol-ts-sen-2026-07-15,2026-07-15T09:51:52+00:00,-3.0373889185294796,-2.8363311291666666,11.060862593281078,14.098251511810558,lol-ts-sen-2026-07-15
116855104460702331,lol-t1-gam-2026-07-15,2026-07-15T10:46:56+00:00,0.0,0.0,0.0,0.0,lol-t1-gam-2026-07-15
116855104460702329,lol-blg-mkoi-2026-07-15,2026-07-15T11:02:37+00:00,0.0,0.0,0.0,0.0,lol-blg-mkoi-2026-07-15
116855104460702303,lol-agal-dk-2026-07-15,2026-07-15T11:59:02+00:00,-0.887263813884117,-1.3930439449999925,-15.504076745848153,-14.616812931964036,lol-agal-dk-2026-07-15
116855104460702301,lol-g2-fur-2026-07-15,2026-07-15T12:07:06+00:00,0.0,0.0,0.0,0.0,lol-g2-fur-2026-07-15
116855104460702345,lol-ly-jdg-2026-07-15,2026-07-15T13:04:29+00:00,-1.1332287887010073,-0.6894489700000074,3.3996500893198327,4.532878878020839,lol-ly-jdg-2026-07-15
116855104460702343,lol-hle1-milo-2026-07-15,2026-07-15T13:13:47+00:00,0.0,0.0,0.0,0.0,lol-hle1-milo-2026-07-15
116855104460702321,lol-ts-kc-2026-07-15-game1,2026-07-15T14:09:52+00:00,10.803181758510279,10.150244211666655,53.760907841089384,42.95772608257911,lol-ts-kc-2026-07-15
116855104460702335,lol-mkoi-gam-2026-07-15-game1,2026-07-15T14:10:06+00:00,0.35475820546068726,0.7963834774999997,1.238167445625005,0.8834092401643175,lol-mkoi-gam-2026-07-15
116855104460702322,lol-ts-kc-2026-07-15-game2,2026-07-15T15:04:58+00:00,43.19970342475799,41.15490957416669,44.69512283896242,1.4954194142044184,lol-ts-kc-2026-07-15
116855104460702336,lol-mkoi-gam-2026-07-15-game2,2026-07-15T15:09:48+00:00,2.241985374244235,1.4688405741666717,24.64700418030616,22.40501880606192,lol-mkoi-gam-2026-07-15
116855104460702337,lol-mkoi-gam-2026-07-15,2026-07-15T16:10:44+00:00,19.336310244324338,18.736416737500026,44.35834597307936,25.022035728755018,lol-mkoi-gam-2026-07-15
116855104460702323,lol-ts-kc-2026-07-15,2026-07-15T16:11:05+00:00,-0.5891339328852174,-0.9834906183333416,-8.192638843384769,-7.603504910499552,lol-ts-kc-2026-07-15
116855104460702349,lol-milo-ly-2026-07-15-game1,2026-07-15T17:15:32+00:00,11.385192942592633,11.06024748083332,18.080128556898632,6.694935614305998,lol-milo-ly-2026-07-15
116855104460702307,lol-fur-dk-2026-07-15-game1,2026-07-15T17:26:11+00:00,0.0,0.0,0.0,0.0,lol-fur-dk-2026-07-15
116833506932193661,lol-koia-bar-2026-07-15-game2,2026-07-15T18:13:48+00:00,0.0,0.0,0.0,0.0,lol-koia-bar-2026-07-15
116855104460702350,lol-milo-ly-2026-07-15-game2,2026-07-15T18:17:49+00:00,0.15367371312500203,0.1706750000000022,0.962024426076753,0.808350712951751,lol-milo-ly-2026-07-15
116855104460702319,lol-sen-gen-2026-07-16,2026-07-16T09:08:53+00:00,0.9915812861334411,0.9602044325000034,-0.30050019791225396,-1.292081484045695,lol-sen-gen-2026-07-16
116855104460702333,lol-blg-t1-2026-07-16,2026-07-16T09:16:11+00:00,2.3771980762988236,2.326734623333325,-4.761132476850308,-7.138330553149133,lol-blg-t1-2026-07-16
116855104460702347,lol-hle1-jdg-2026-07-16,2026-07-16T10:08:57+00:00,0.3123960670833356,0.4617333333333356,-0.6736287920833313,-0.9860248591666668,lol-hle1-jdg-2026-07-16
116855104460702305,lol-g2-agal-2026-07-16,2026-07-16T10:22:39+00:00,-7.281553812901979,-6.5820542741666666,-5.5601107838739265,1.7214430290280527,lol-g2-agal-2026-07-16
116855104460702325,lol-kc-sen-2026-07-16-game1,2026-07-16T11:07:59+00:00,-2.7370850732179814,-2.5142090399999812,10.128831081179316,12.865916154397297,lol-kc-sen-2026-07-16
116855104460702339,lol-gam-t1-2026-07-16-game1,2026-07-16T11:31:44+00:00,0.0,0.0,0.0,0.0,lol-gam-t1-2026-07-16
116855104460702326,lol-kc-sen-2026-07-16-game2,2026-07-16T12:04:16+00:00,4.393717054366949,4.263390728333324,8.476534259956226,4.082817205589277,lol-kc-sen-2026-07-16
116855104460702340,lol-gam-t1-2026-07-16-game2,2026-07-16T12:35:29+00:00,-0.3349212062499944,-0.32329999999999437,-1.219756821041662,-0.8848356147916677,lol-gam-t1-2026-07-16
116855104460702353,lol-jdg-milo-2026-07-16-game1,2026-07-16T13:05:33+00:00,11.24470301875001,11.440150000000008,-19.00107276437329,-30.245775783123303,lol-jdg-milo-2026-07-16
116855104460702311,lol-g2-dk-2026-07-16-game1,2026-07-16T13:47:19+00:00,-2.3295503825326223,-1.933447779999998,21.157822024012027,23.48737240654465,lol-g2-dk-2026-07-16
116855104460702354,lol-jdg-milo-2026-07-16-game2,2026-07-16T14:00:52+00:00,-3.0682885724999847,-2.9534999999999845,2.073466757284043,5.141755329784027,lol-jdg-milo-2026-07-16
116855104460702312,lol-g2-dk-2026-07-16-game2,2026-07-16T14:36:26+00:00,-0.020428248540600286,0.059233465833337405,-1.9539416390364988,-1.9335133904958983,lol-g2-dk-2026-07-16
116713163972559059,lol-khk-ross-2026-07-16,2026-07-16T15:08:40+00:00,1.2585855350545758,1.2021126833333275,37.60652383277324,36.34793829771866,lol-khk-ross-2026-07-16
116833506932259269,lol-flk-ucam1-2026-07-16-game2,2026-07-16T15:56:36+00:00,0.0,0.0,0.0,0.0,lol-flk-ucam1-2026-07-16
116833506932128092,lol-bar-hrts-2026-07-16-game1,2026-07-16T16:50:18+00:00,-2.7173980906073356,-2.6649330933333353,1.7190720179610006,4.436470108568336,lol-bar-hrts-2026-07-16
116713163972559081,lol-vfb-khk-2026-07-16,2026-07-16T17:05:53+00:00,2.0900744489583403,2.23250833333334,-2.8976945937499976,-4.987769042708337,lol-vfb-khk-2026-07-16
116793933806066905,lol-fec-ban2-2026-07-16-game1,2026-07-16T17:24:02+00:00,-0.9827216541666681,-0.9259166666666682,1.029085195833335,2.0118068500000033,lol-fec-ban2-2026-07-16
116833506932128093,lol-bar-hrts-2026-07-16-game2,2026-07-16T17:45:21+00:00,12.379089876458325,12.787908333333325,-18.111111432291676,-30.49020130875,lol-bar-hrts-2026-07-16
116713163972559065,lol-sge-es1-2026-07-16,2026-07-16T17:58:44+00:00,0.0,0.0,0.0,0.0,lol-sge-es1-2026-07-16
116833506932128094,lol-bar-hrts-2026-07-16,2026-07-16T18:45:09+00:00,0.09003769958333319,0.08918333333333332,-2.4044376714437505,-2.4944753710270837,lol-bar-hrts-2026-07-16
116793933806066907,lol-fec-ban2-2026-07-16,2026-07-16T19:14:32+00:00,-4.946123302029069,-4.738053512500007,3.5126948069897956,8.458818109018866,lol-fec-ban2-2026-07-16
116793933806066871,lol-ouat-myth-2026-07-14,2026-07-16T20:12:44+00:00,-0.1919168333333335,-0.17333333333333348,0.7450792937499996,0.936996127083333,lol-ouat-myth-2026-07-14
116884625201897756,lol-mvu-dog-2026-07-16-game1,2026-07-16T23:05:48+00:00,1.0660734499999858,0.9492499999999856,1.5122687992341586,0.44619534923417287,lol-mvu-dog-2026-07-16
116884625201897757,lol-mvu-dog-2026-07-16-game2,2026-07-16T23:48:43+00:00,-4.38955265838322,-4.264515254166658,3.4569592847821955,7.846511943165415,lol-mvu-dog-2026-07-16
116884625201897758,lol-mvu-dog-2026-07-16,2026-07-17T00:37:55+00:00,-1.5962925120349896,-1.8276741641666767,-0.2060391286281603,1.3902533834068291,lol-mvu-dog-2026-07-16
116855104460702365,lol-gen-jdg-2026-07-17-game1,2026-07-17T11:08:19+00:00,0.0,0.0,0.0,0.0,lol-gen-jdg-2026-07-17
116855104460702357,lol-hle1-t1-2026-07-17-game1,2026-07-17T11:12:26+00:00,-9.747216953823795,-9.84249837166667,-16.09159485156705,-6.344377897743254,lol-hle1-t1-2026-07-17
116855104460702366,lol-gen-jdg-2026-07-17-game2,2026-07-17T11:58:54+00:00,-10.952797069785392,-11.250279096666643,-12.875870011656142,-1.9230729418707504,lol-gen-jdg-2026-07-17
116855104460702358,lol-hle1-t1-2026-07-17-game2,2026-07-17T12:04:58+00:00,-0.5081495912268423,-0.45575474333334237,4.285625086018165,4.793774677245007,lol-hle1-t1-2026-07-17
116855104460702369,lol-blg-dk-2026-07-17-game1,2026-07-17T13:10:22+00:00,-1.8599328874999934,-1.6435079999999935,1.686043240416667,3.5459761279166604,lol-blg-dk-2026-07-17
116855104460702370,lol-blg-dk-2026-07-17-game2,2026-07-17T14:14:08+00:00,1.4270773579585854,1.9871206183333354,-1.9114216603747491,-3.338499018333335,lol-blg-dk-2026-07-17
116855104460702371,lol-blg-dk-2026-07-17,2026-07-17T15:09:06+00:00,-0.5239493383333108,-0.09803333333331092,2.2049517750000063,2.728901113333317,lol-blg-dk-2026-07-17
116713163972559009,lol-g2nord-big1-2026-07-17,2026-07-17T15:15:32+00:00,-3.644546709076663,-3.2354590666666625,3.629286220403331,7.273832929479994,lol-g2nord-big1-2026-07-17
116713163972559003,lol-es1-big1-2026-07-17,2026-07-17T16:25:31+00:00,15.063234109200232,14.664228474999982,16.71857597657024,1.6553418673700069,lol-es1-big1-2026-07-17
116713163972559069,lol-g2nord-es1-2026-07-17,2026-07-17T17:28:34+00:00,1.4852260815756662,1.380445746666666,12.522564057161672,11.037337975586006,lol-g2nord-es1-2026-07-17
116713163972559053,lol-vfb-ewi-2026-07-17,2026-07-17T18:21:59+00:00,1.0340488149999898,1.09959999999999,-1.4052482961583255,-2.4392971111583153,lol-vfb-ewi-2026-07-17
116713163972559031,lol-ross-use1-2026-07-17,2026-07-17T19:22:54+00:00,-2.0516917090947175,-1.979791519166655,3.944130208589751,5.995821917684469,lol-ross-use1-2026-07-17
116884625219920161,lol-blue-ccg-2026-07-17-game1,2026-07-17T21:09:36+00:00,-7.777295723868568,-7.427948191666693,3.4768068402922907,11.25410256416086,lol-blue-ccg-2026-07-17
116884625219920162,lol-blue-ccg-2026-07-17-game2,2026-07-17T22:01:25+00:00,0.051919275000000986,0.438600000000001,0.8510404500000002,0.7991211749999992,lol-blue-ccg-2026-07-17
116855104460702373,lol-t1-kc-2026-07-18-game1,2026-07-18T11:12:46+00:00,-0.7295500719640184,-0.685554200833331,-3.6856933566701273,-2.956143284706109,lol-t1-kc-2026-07-18
116855104460702374,lol-t1-kc-2026-07-18-game2,2026-07-18T12:04:35+00:00,-2.019226153043588,-2.6616893733333375,14.174804203984671,16.194030357028257,lol-t1-kc-2026-07-18
116855104460702375,lol-t1-kc-2026-07-18,2026-07-18T12:55:11+00:00,-4.341042277247058,-4.3405625333333075,-1.3752547416491456,2.965787535597912,lol-t1-kc-2026-07-18
116855104460702377,lol-gen-dk-2026-07-18-game1,2026-07-18T14:18:10+00:00,1.2969564733779169,1.2896038166666681,21.191372234140616,19.894415760762698,lol-gen-dk-2026-07-18
116855104460702378,lol-gen-dk-2026-07-18-game2,2026-07-18T15:31:33+00:00,6.550879879230634,6.3951589891666965,21.29893182033012,14.748051941099488,lol-gen-dk-2026-07-18
116520885021717717,lol-3v-fue-2026-07-18-game1,2026-07-18T23:29:13+00:00,-0.6203338868749994,-0.6080749999999995,2.4480093576083357,3.068343244483335,lol-3v-fue-2026-07-18
116520885021783270,lol-sdm-z5-2026-07-18-game2,2026-07-19T00:04:49+00:00,0.0,0.0,0.0,0.0,lol-sdm-z5-2026-07-18
116520885021783346,lol-pls1-kits-2026-07-18-game2,2026-07-19T02:09:29+00:00,0.0,0.0,-1.066359375,-1.066359375,lol-pls1-kits-2026-07-18
116855104460702387,lol-t1-gen-2026-07-19-game1,2026-07-19T10:13:01+00:00,4.7955617800434185,4.298907576666669,13.068548357886385,8.272986577842966,lol-t1-gen-2026-07-19
116855104460702388,lol-t1-gen-2026-07-19-game2,2026-07-19T11:01:38+00:00,-31.094070742871267,-31.351952555000015,-18.670068528520503,12.424002214350764,lol-t1-gen-2026-07-19
116855104460702389,lol-t1-gen-2026-07-19,2026-07-19T12:02:55+00:00,-13.734721264835015,-13.278982380000016,-40.2281687788545,-26.493447514019493,lol-t1-gen-2026-07-19
116855104460702381,lol-kc-dk-2026-07-19-game1,2026-07-19T13:24:24+00:00,0.092609433268243,-0.16310206000000727,2.1899761299806157,2.097366696712373,lol-kc-dk-2026-07-19
116855104460702382,lol-kc-dk-2026-07-19-game2,2026-07-19T14:19:33+00:00,4.493215398271182,2.622118090833371,8.934821337471314,4.441605939200131,lol-kc-dk-2026-07-19
116855104460702383,lol-kc-dk-2026-07-19-game3,2026-07-19T15:15:37+00:00,-7.673743243019159,-6.861316366666659,17.127857712500013,24.801600955519174,lol-kc-dk-2026-07-19
116520885021717725,lol-pls1-fue-2026-07-19-game1,2026-07-19T23:06:59+00:00,0.0,0.0,0.0,0.0,lol-pls1-fue-2026-07-19
116520885021783317,lol-kits-sdm-2026-07-19-game1,2026-07-19T23:12:12+00:00,4.735931321250004,4.550950000000004,4.514675487916671,-0.2212558333333334,lol-kits-sdm-2026-07-19
116520885021783318,lol-kits-sdm-2026-07-19-game2,2026-07-20T00:36:49+00:00,0.0,0.0,0.0,0.0,lol-kits-sdm-2026-07-19
116520885021783267,lol-lyna-z5-2026-07-19,2026-07-20T02:19:57+00:00,8.839239814827716,8.649732433333341,15.135688789785545,6.296448974957829,lol-lyna-z5-2026-07-19
116929405329586421,lol-ns-bro2-2026-07-20,2026-07-20T06:16:50+00:00,-0.23679533143924925,-0.7815298199999998,1.4495562736802328,1.6863516051194825,lol-ns-bro2-2026-07-20
116929404958783670,lol-dnf-fox1-2026-07-20,2026-07-20T07:11:15+00:00,4.300479569376262,4.305586885833325,4.197806027858422,-0.10267354151784003,lol-dnf-fox1-2026-07-20
116929405380376827,lol-ns-kt-2026-07-20,2026-07-20T07:59:51+00:00,11.554847763107455,10.86554394250002,21.981735931521712,10.426888168414257,lol-ns-kt-2026-07-20
116929404978837689,lol-dnf-bro2-2026-07-20,2026-07-20T08:54:49+00:00,1.0769925012917103,0.14191584333333415,-9.605689771962915,-10.682682273254626,lol-dnf-bro2-2026-07-20
116929405206706403,lol-drx-fox1-2026-07-20,2026-07-20T09:43:44+00:00,-2.7354514949999964,-2.1905999999999963,3.940268456250004,6.67571995125,lol-drx-fox1-2026-07-20
116929405001709759,lol-dnf-kt-2026-07-20,2026-07-20T10:43:59+00:00,-1.1778367339100744,-1.3394071641666365,0.26638159994522465,1.444218333855299,lol-dnf-kt-2026-07-20
116929405232265446,lol-drx-bro2-2026-07-20,2026-07-20T11:43:33+00:00,5.641469118267254,3.9767311741666913,7.785067315627743,2.14359819736049,lol-drx-bro2-2026-07-20
116929405306255602,lol-ns-fox1-2026-07-20,2026-07-20T12:39:37+00:00,-9.663525739374995,-9.548724999999996,11.893601464583336,21.55712720395833,lol-ns-fox1-2026-07-20
116929405267392748,lol-drx-kt-2026-07-20,2026-07-20T13:29:12+00:00,0.11330243999999956,0.11249999999999953,0.6018842024999984,0.48858176249999885,lol-drx-kt-2026-07-20
116809240490152390,lol-itz-7rex-2026-07-20,2026-07-20T20:53:36+00:00,-0.3628031719205798,-0.31958329833332993,2.056406195416671,2.419209367337251,lol-itz-7rex-2026-07-20
116809240490152416,lol-reda-nerd-2026-07-20,2026-07-20T21:38:53+00:00,-0.1524248270833337,-0.0558333333333337,0.052658059195000266,0.20508288627833396,lol-reda-nerd-2026-07-20
116809240490217970,lol-ts3-rmd-2026-07-20,2026-07-20T22:25:10+00:00,-0.48987383362178827,-0.7611708466666633,-1.1767218541647877,-0.6868480205429995,lol-ts3-rmd-2026-07-20
116809240490217980,lol-est-pnga-2026-07-20,2026-07-20T23:22:07+00:00,4.461486958350275,4.332924025833338,11.385600384942157,6.92411342659188,lol-est-pnga-2026-07-20
116929405156047066,lol-gen-hle1-2026-07-21,2026-07-21T06:14:14+00:00,1.4789505270813266,1.9265786533333265,0.1085281152082655,-1.3704224118730608,lol-gen-hle1-2026-07-21
116929405026285765,lol-fox1-dk-2026-07-21,2026-07-21T07:07:57+00:00,-7.158567311802098,-6.852779783333347,7.273629908148746,14.432197219950842,lol-fox1-dk-2026-07-21
116929405190125792,lol-gen-t1-2026-07-21,2026-07-21T08:18:36+00:00,0.3843176146407885,0.40181943166666323,-2.347704720537003,-2.732022335177792,lol-gen-t1-2026-07-21
116929405140121815,lol-bro2-gen-2026-07-21,2026-07-21T09:55:43+00:00,-1.340797526874988,-1.2474749999999881,1.8870412102083236,3.227838737083312,lol-bro2-gen-2026-07-21
116929405348526328,lol-hle1-ns-2026-07-21,2026-07-21T10:44:09+00:00,-3.5231112412569967,-3.904754229999997,-2.50622365724883,1.0168875840081668,lol-hle1-ns-2026-07-21
116929405286725871,lol-t1-drx-2026-07-21,2026-07-21T11:43:03+00:00,-37.32371447911408,-38.50741387333333,-77.06644103740807,-39.74272655829399,lol-t1-drx-2026-07-21
116929404990699708,lol-hle1-dnf-2026-07-21,2026-07-21T12:38:01+00:00,-4.5606934862817265,-4.365120633333352,10.461018063690144,15.02171154997187,lol-hle1-dnf-2026-07-21
116713163972559121,lol-sge-es1-2026-07-21-game1,2026-07-21T15:09:44+00:00,0.0,0.0,0.939900268932582,0.939900268932582,lol-sge-es1-2026-07-21
116833506932259256,lol-lua-ub-2026-07-21-game1,2026-07-21T15:13:07+00:00,0.3308801012499965,0.3609999999999965,-0.6218161537500019,-0.9526962549999984,lol-lua-ub-2026-07-21
116713163972559122,lol-sge-es1-2026-07-21-game2,2026-07-21T15:57:59+00:00,-2.288042859999997,-2.247199999999997,1.4865186933333348,3.7745615533333314,lol-sge-es1-2026-07-21
116833506932259257,lol-lua-ub-2026-07-21-game2,2026-07-21T16:01:36+00:00,-0.6860912662708412,-0.607484833333341,1.4536218965000007,2.139713162770842,lol-lua-ub-2026-07-21
116912368900055709,lol-tlnpir-ijc-2026-07-21,2026-07-21T16:06:49+00:00,-2.612272143653335,-2.6707877333333356,-6.639871993366437,-4.027599849713103,lol-tlnpir-ijc-2026-07-21
116912368899990127,lol-vitb-es-2026-07-21,2026-07-21T17:00:06+00:00,0.3925506151100002,0.40588335000000014,0.025224099473326527,-0.3673265156366737,lol-vitb-es-2026-07-21
116713163972559085,lol-ewi-big1-2026-07-21-game1,2026-07-21T17:01:31+00:00,1.0782128051666635,1.3254966666666637,5.161828580041657,4.083615774874994,lol-ewi-big1-2026-07-21
116833506932193680,lol-gxp-koia-2026-07-21-game1,2026-07-21T17:01:52+00:00,-1.559066645064213,-1.277610678333338,2.3642759212499915,3.9233425663142047,lol-gxp-koia-2026-07-21
116912368900055725,lol-kcb-zybesp-2026-07-21,2026-07-21T17:55:52+00:00,4.655980994584514,3.8934740708333266,11.551072510619292,6.895091516034777,lol-kcb-zybesp-2026-07-21
116713163972559086,lol-ewi-big1-2026-07-21-game2,2026-07-21T18:07:28+00:00,-0.7734017285416653,-0.48429166666666507,-1.2097749197916672,-0.436373191250002,lol-ewi-big1-2026-07-21
116912368900055681,lol-gal-jl-2026-07-21,2026-07-21T18:56:45+00:00,0.0,0.0,0.0,0.0,lol-gal-jl-2026-07-21
116713163972559087,lol-ewi-big1-2026-07-21,2026-07-21T19:00:37+00:00,-1.5785660123456886,-1.6137227983333136,2.7456258382491368,4.324191850594826,lol-ewi-big1-2026-07-21
116912368899990119,lol-sly-sc-2026-07-21,2026-07-21T20:00:41+00:00,-2.242078568238023,-2.147170895833335,2.1037062999999976,4.345784868238021,lol-sly-sc-2026-07-21
116809240490217978,lol-pnga-rmd-2026-07-21,2026-07-21T20:41:23+00:00,-1.129573619187913,-1.358458216666663,-3.6251558569212623,-2.4955822377333496,lol-pnga-rmd-2026-07-21
116809240490217962,lol-ts3-nerd-2026-07-21,2026-07-21T22:06:16+00:00,0.12890722924799994,0.00035693999999993525,0.17691054163200015,0.04800331238400021,lol-ts3-nerd-2026-07-21
116809240490152360,lol-vksa-7rex-2026-07-21,2026-07-21T22:52:15+00:00,1.1629408644777708,1.1137969916666457,7.683283673060699,6.520342808582928,lol-vksa-7rex-2026-07-21
116566854547769645,lol-lgd-edg-2026-07-22-game1,2026-07-22T09:13:58+00:00,0.13863833442239862,-0.0720417791666647,-10.318887119826327,-10.457525454248726,lol-lgd-edg-2026-07-22
116566854547769646,lol-lgd-edg-2026-07-22-game2,2026-07-22T10:20:17+00:00,16.197466530701714,15.837574529166657,44.30842586463467,28.110959333932957,lol-lgd-edg-2026-07-22
116566854547769573,lol-tes-we-2026-07-22-game1,2026-07-22T11:54:52+00:00,-6.664590951004846,-6.774008134166658,5.039582421670213,11.704173372675058,lol-tes-we-2026-07-22
116566854547769574,lol-tes-we-2026-07-22-game2,2026-07-22T12:50:51+00:00,6.2315425946237895,6.044233421666665,6.6274631305036245,0.3959205358798348,lol-tes-we-2026-07-22
116833506932259260,lol-ub-flk-2026-07-22-game1,2026-07-22T15:16:32+00:00,0.0,0.0,0.1965463333333335,0.1965463333333335,lol-ub-flk-2026-07-22
116912368899990137,lol-tlnpir-vitb-2026-07-22,2026-07-22T16:05:59+00:00,-17.097516297565544,-17.98181723249998,-17.645171673190546,-0.5476553756250014,lol-tlnpir-vitb-2026-07-22
116833506932259261,lol-ub-flk-2026-07-22-game2,2026-07-22T16:12:19+00:00,-7.411566176202672,-7.578094026666672,-11.357120689921002,-3.94555451371833,lol-ub-flk-2026-07-22
116912368899990117,lol-zybesp-sc-2026-07-22,2026-07-22T17:00:48+00:00,-1.9192893565686615,-2.034801106666661,-4.835456326795078,-2.9161669702264157,lol-zybesp-sc-2026-07-22
116833506932193668,lol-bar-ucam1-2026-07-22-game1,2026-07-22T17:03:30+00:00,-7.409582573858747,-7.679490849999996,-8.162445980449162,-0.7528634065904166,lol-bar-ucam1-2026-07-22
116713163972559129,lol-khk-use1-2026-07-22-game1,2026-07-22T17:14:59+00:00,-7.420583718874138,-7.849858086666636,-26.366263571997152,-18.945679853123014,lol-khk-use1-2026-07-22
116833506932193669,lol-bar-ucam1-2026-07-22-game2,2026-07-22T17:46:56+00:00,0.0,0.0,-0.33043245833333107,-0.33043245833333107,lol-bar-ucam1-2026-07-22
116912368900055703,lol-gal-ijc-2026-07-22,2026-07-22T17:55:27+00:00,4.2440276891666535,4.3835666666666535,-8.327166511666668,-12.571194200833324,lol-gal-ijc-2026-07-22
116713163972559130,lol-khk-use1-2026-07-22-game2,2026-07-22T18:22:48+00:00,-0.884736604999993,-0.9715499999999927,-5.65364139682707,-4.768904791827078,lol-khk-use1-2026-07-22
116912368900055685,lol-sly-jl-2026-07-22,2026-07-22T18:53:28+00:00,0.0,0.0,0.0,0.0,lol-sly-jl-2026-07-22
116912368900055701,lol-kcb-es-2026-07-22,2026-07-22T20:02:39+00:00,0.0,0.0,0.0,0.0,lol-kcb-es-2026-07-22
116809240490217972,lol-est-ts3-2026-07-22,2026-07-22T20:53:53+00:00,0.5231470579166674,0.45111666666666733,1.2472592662499997,0.7241122083333323,lol-est-ts3-2026-07-22
116884625072070895,lol-nrg-ccg-2026-07-22-game1,2026-07-22T21:10:00+00:00,-3.493982906444074,-3.7015000375000113,-15.08372996316092,-11.589747056716845,lol-nrg-ccg-2026-07-22
116809240490152368,lol-rmd-vksa-2026-07-22,2026-07-22T21:29:26+00:00,0.0,0.0,0.0,0.0,lol-rmd-vksa-2026-07-22
116884625072070896,lol-nrg-ccg-2026-07-22-game2,2026-07-22T22:00:49+00:00,-1.906959789484014,-2.2002155408333266,0.36851271160327664,2.275472501087291,lol-nrg-ccg-2026-07-22
116809240490152406,lol-nerd-7rex-2026-07-22,2026-07-22T22:24:25+00:00,28.600133345051493,28.82942871,-47.059560024512585,-75.65969336956407,lol-nerd-7rex-2026-07-22
116809240490217960,lol-reda-pnga-2026-07-22,2026-07-22T23:11:24+00:00,0.1329040719800215,0.128216650833334,0.2761737689600422,0.1432696969800207,lol-reda-pnga-2026-07-22
116566854547769617,lol-jdg-al-2026-07-23-game1,2026-07-23T09:14:40+00:00,10.779318497809077,9.855434057500014,17.518221586612253,6.738903088803178,lol-jdg-al-2026-07-23
116566854547769618,lol-jdg-al-2026-07-23-game2,2026-07-23T10:07:40+00:00,7.400075856130183,7.940833506666682,7.553780095628998,0.15370423949881515,lol-jdg-al-2026-07-23
116566854547769619,lol-jdg-al-2026-07-23,2026-07-23T11:07:36+00:00,4.81254900589271,3.5553660575000223,6.056722843086567,1.244173837193857,lol-jdg-al-2026-07-23
116566854547769569,lol-blg-tt-2026-07-23-game1,2026-07-23T12:51:10+00:00,3.9420458392361533,3.8391585608333414,11.660646614040333,7.71860077480418,lol-blg-tt-2026-07-23
116566854547769570,lol-blg-tt-2026-07-23-game2,2026-07-23T13:45:34+00:00,0.0,0.0,0.0,0.0,lol-blg-tt-2026-07-23
116566854547769571,lol-blg-tt-2026-07-23,2026-07-23T14:38:24+00:00,0.027607417724730743,0.03942439416666824,-0.08002213770833344,-0.10762955543306418,lol-blg-tt-2026-07-23
116713163972559097,lol-sge-big1-2026-07-23-game1,2026-07-23T15:06:50+00:00,0.0,0.0,0.0,0.0,lol-sge-big1-2026-07-23
116833506932193708,lol-koia-lua-2026-07-23-game1,2026-07-23T15:16:16+00:00,-0.7924636332083334,-0.7596318333333333,-1.8605474637083355,-1.068083830500002,lol-koia-lua-2026-07-23
116713163972559098,lol-sge-big1-2026-07-23-game2,2026-07-23T16:00:09+00:00,-0.024709831249996966,-0.04474999999999696,-0.09050587291666318,-0.06579604166666621,lol-sge-big1-2026-07-23
116912368899990111,lol-sc-es-2026-07-23,2026-07-23T16:06:04+00:00,-0.16250325000000002,0.0,0.22353437937500045,0.38603762937500047,lol-sc-es-2026-07-23
116833506932193709,lol-koia-lua-2026-07-23-game2,2026-07-23T16:07:51+00:00,0.0,0.0,0.0022499999999999994,0.0022499999999999994,lol-koia-lua-2026-07-23
116713163972559099,lol-sge-big1-2026-07-23,2026-07-23T16:48:45+00:00,-0.23734453422154334,-0.12135834666666796,-3.9628048859529517,-3.7254603517314084,lol-sge-big1-2026-07-23
116912368900055679,lol-jl-ijc-2026-07-23,2026-07-23T17:00:53+00:00,3.0137620888456986,3.1900116725000114,0.707932332884773,-2.3058297559609264,lol-jl-ijc-2026-07-23
116713163972559101,lol-ross-ewi-2026-07-23-game1,2026-07-23T17:47:45+00:00,11.851114882080582,11.558797143333331,22.280829264160257,10.429714382079672,lol-ross-ewi-2026-07-23
116912368899990131,lol-gal-vitb-2026-07-23,2026-07-23T17:51:01+00:00,2.622682167500009,2.6315000000000084,-14.510702562499995,-17.133384730000003,lol-gal-vitb-2026-07-23
116793933806066917,lol-ban2-znt-2026-07-23-game1,2026-07-23T18:14:31+00:00,0.0,0.0,0.0,0.0,lol-ban2-znt-2026-07-23
116713163972559102,lol-ross-ewi-2026-07-23-game2,2026-07-23T18:37:36+00:00,0.013808520833333948,0.005833333333333949,-0.1810014195541865,-0.19480994038752045,lol-ross-ewi-2026-07-23
116912368900055721,lol-sly-zybesp-2026-07-23,2026-07-23T18:51:16+00:00,-1.9518961218750093,-2.1093750000000093,-8.801520530208347,-6.849624408333337,lol-sly-zybesp-2026-07-23
116793933806066918,lol-ban2-znt-2026-07-23-game2,2026-07-23T19:18:40+00:00,-0.06498063874999288,7.105427357601002e-15,0.04425384493399903,0.10923448368399191,lol-ban2-znt-2026-07-23
116713163972559103,lol-ross-ewi-2026-07-23,2026-07-23T19:33:04+00:00,1.0120169588562404,0.27852074999999044,0.7423471932524931,-0.2696697656037473,lol-ross-ewi-2026-07-23
116912368900055731,lol-kcb-tlnpir-2026-07-23,2026-07-23T19:47:46+00:00,0.8369982527911369,0.8336907458333244,10.126847039373445,9.289848786582308,lol-kcb-tlnpir-2026-07-23
116884625236435238,lol-blue-cpd-2026-07-23-game1,2026-07-23T21:09:48+00:00,0.16366916666666514,0.12666666666666515,-4.636203936575794,-4.799873103242459,lol-blue-cpd-2026-07-23
116884625236435239,lol-blue-cpd-2026-07-23-game2,2026-07-23T22:03:59+00:00,-0.3246848767083979,-0.3126836550000238,13.207374265499874,13.532059142208274,lol-blue-cpd-2026-07-23
116884625236435240,lol-blue-cpd-2026-07-23,2026-07-23T22:52:36+00:00,4.133445910090327,4.310098418333327,-0.1983195973969926,-4.33176550748732,lol-blue-cpd-2026-07-23
116884625039565024,lol-cnv-wu-2026-07-23-game1,2026-07-23T23:49:33+00:00,-0.8354404034431656,-0.8922072566666657,1.3804795965568324,2.215919999999998,lol-cnv-wu-2026-07-23
116884625039565025,lol-cnv-wu-2026-07-23-game2,2026-07-24T00:47:41+00:00,0.9596118199999982,1.1019999999999979,-1.5934561865078338,-2.553068006507832,lol-cnv-wu-2026-07-23
116566854547769621,lol-al-lgd-2026-07-24-game1,2026-07-24T07:13:27+00:00,-1.2638232835592278,-1.158282344166665,0.7558216258886062,2.019644909447834,lol-al-lgd-2026-07-24
116566854547769622,lol-al-lgd-2026-07-24-game2,2026-07-24T08:08:47+00:00,4.979448567275909,5.866771962499972,1.217463427065672,-3.761985140210237,lol-al-lgd-2026-07-24
116566854547769601,lol-we-jdg-2026-07-24-game1,2026-07-24T09:20:09+00:00,29.20004575173668,29.701842838333306,-32.961682977231526,-62.16172872896821,lol-we-jdg-2026-07-24
116566854547769602,lol-we-jdg-2026-07-24-game2,2026-07-24T10:19:54+00:00,-7.718422939639562,-8.433314451666687,-10.581364855579709,-2.8629419159401475,lol-we-jdg-2026-07-24
116566854547769603,lol-we-jdg-2026-07-24,2026-07-24T11:13:17+00:00,-0.4142514011557706,-0.3047109808333334,6.08806110241418,6.502312503569951,lol-we-jdg-2026-07-24
116566854547769565,lol-edg-blg-2026-07-24-game1,2026-07-24T12:22:10+00:00,-3.652212985809326,-3.3075291533333266,3.2237627616666713,6.875975747475998,lol-edg-blg-2026-07-24
116566854547769566,lol-edg-blg-2026-07-24-game2,2026-07-24T13:23:22+00:00,12.4652837025708,12.247655171666674,-1.2873951326505637,-13.752678835221362,lol-edg-blg-2026-07-24
116566854547769567,lol-edg-blg-2026-07-24,2026-07-24T14:21:21+00:00,3.641289691250003,3.9426500000000027,-2.7383470975,-6.379636788750003,lol-edg-blg-2026-07-24
115548681803406276,lol-g2-mkoi-2026-07-24-game1,2026-07-24T14:46:10+00:00,5.3538248305712814,4.994467351666657,14.095125921931428,8.741301091360148,lol-g2-mkoi-2026-07-24
115548681803406277,lol-g2-mkoi-2026-07-24-game2,2026-07-24T15:53:22+00:00,4.602994446155097,4.691255963333348,20.548269877152844,15.945275430997746,lol-g2-mkoi-2026-07-24
115548681803406278,lol-g2-mkoi-2026-07-24,2026-07-24T16:50:00+00:00,17.399518262244673,16.590143006666672,35.98272721120299,18.583208948958326,lol-g2-mkoi-2026-07-24
115548681803406200,lol-vit-kc-2026-07-24-game1,2026-07-24T18:05:01+00:00,-3.577262693124993,-3.5639249999999927,20.94081100406301,24.518073697188,lol-vit-kc-2026-07-24
115548681803406201,lol-vit-kc-2026-07-24-game2,2026-07-24T19:05:07+00:00,-1.1281000838106354,-0.4467254866666354,-5.902508815678989,-4.774408731868355,lol-vit-kc-2026-07-24
116566854547769605,lol-lgd-we-2026-07-25-game1,2026-07-25T07:14:06+00:00,-2.2732285241041157,-2.0973834449999913,-1.4583647815905136,0.8148637425136016,lol-lgd-we-2026-07-25
116566854547769606,lol-lgd-we-2026-07-25-game2,2026-07-25T08:05:40+00:00,25.32475968667744,24.908223962500003,52.830568255579585,27.50580856890215,lol-lgd-we-2026-07-25
115570814727838286,lol-gz-mvk-2026-07-25-game1,2026-07-25T09:19:00+00:00,-3.8746499695833294,-4.17113333333333,-7.083577520435786,-3.2089275508524566,lol-gz-mvk-2026-07-25
115570814727838287,lol-gz-mvk-2026-07-25-game2,2026-07-25T10:12:01+00:00,0.0,0.0,0.29415625,0.29415625,lol-gz-mvk-2026-07-25
115570814727903826,lol-shg-tsw-2026-07-25-game1,2026-07-25T11:20:41+00:00,0.8954090825036908,0.5493835525000031,9.22167359536571,8.32626451286202,lol-shg-tsw-2026-07-25
115570814727903827,lol-shg-tsw-2026-07-25-game2,2026-07-25T12:11:37+00:00,-1.134579547500004,-1.197600000000004,-1.1636860058333374,-0.029106458333333363,lol-shg-tsw-2026-07-25
116566854547769593,lol-tes-tt-2026-07-25-game1,2026-07-25T12:16:56+00:00,7.641244151883452,6.7685575383333285,9.054895427841997,1.4136512759585431,lol-tes-tt-2026-07-25
116566854547769594,lol-tes-tt-2026-07-25-game2,2026-07-25T13:18:43+00:00,-13.273015373297506,-14.540163890000004,7.473748879034133,20.74676425233164,lol-tes-tt-2026-07-25
116566854547769595,lol-tes-tt-2026-07-25,2026-07-25T14:09:13+00:00,-2.0737840346361547,-1.703248295833342,-0.4788329489791896,1.5949510856569649,lol-tes-tt-2026-07-25
115548681803406204,lol-vit-g2-2026-07-25-game1,2026-07-25T14:52:57+00:00,-5.065767284123708,-4.350560838333332,9.113598313750005,14.179365597873712,lol-vit-g2-2026-07-25
115548681803406205,lol-vit-g2-2026-07-25-game2,2026-07-25T15:40:58+00:00,-23.95098686125361,-24.34538361499999,-67.1968971500499,-43.24591028879629,lol-vit-g2-2026-07-25
115548681803406272,lol-kc-mkoi-2026-07-25-game1,2026-07-25T16:38:59+00:00,-10.646303721825904,-10.614070216666656,-3.1944031634374848,7.451900558388421,lol-kc-mkoi-2026-07-25
115548681803406273,lol-kc-mkoi-2026-07-25-game2,2026-07-25T17:35:53+00:00,-2.0989984479166632,-1.8104166666666632,-5.0714844375000006,-2.972485989583338,lol-kc-mkoi-2026-07-25
115565671526402946,lol-fur-los-2026-07-25-game1,2026-07-25T17:39:01+00:00,6.069880222083335,6.804433333333335,1.831047692501554,-4.2388325295817815,lol-fur-los-2026-07-25
115565671526402947,lol-fur-los-2026-07-25-game2,2026-07-25T18:27:57+00:00,8.310718952134474,8.103663954166661,6.442645595624992,-1.8680733565094834,lol-fur-los-2026-07-25
115565671526402998,lol-lll-png1-2026-07-25-game1,2026-07-25T19:31:44+00:00,4.490227340685514,4.466943475000016,-72.96290494424967,-77.45313228493518,lol-lll-png1-2026-07-25
115564797164345552,lol-fly-ly-2026-07-25-game1,2026-07-25T20:13:35+00:00,0.12349053270834191,0.2058083333333419,2.4332918354166653,2.309801302708323,lol-fly-ly-2026-07-25
115565671526402999,lol-lll-png1-2026-07-25-game2,2026-07-25T20:18:49+00:00,-6.700887695956738,-7.38577399999999,-7.368730200051739,-0.6678425040949993,lol-lll-png1-2026-07-25
115564797164345553,lol-fly-ly-2026-07-25-game2,2026-07-25T21:01:13+00:00,7.091819040574982,6.355033689999982,11.247468114850397,4.155649074275416,lol-fly-ly-2026-07-25
115565671526403000,lol-lll-png1-2026-07-25,2026-07-25T21:16:27+00:00,12.474776523547286,12.52876624166666,-1.553749112291676,-14.02852563583896,lol-lll-png1-2026-07-25
115564797163821180,lol-dig-sen-2026-07-25-game1,2026-07-25T22:03:56+00:00,0.0,0.0,0.0,0.0,lol-dig-sen-2026-07-25
115564797163821181,lol-dig-sen-2026-07-25-game2,2026-07-25T22:59:25+00:00,0.0,0.0,-0.17598479166666614,-0.17598479166666614,lol-dig-sen-2026-07-25
115564797163821182,lol-dig-sen-2026-07-25,2026-07-25T23:45:09+00:00,-0.8619343762453306,-0.789818553333331,5.490382274860913,6.352316651106244,lol-dig-sen-2026-07-25
116566854547835317,lol-lng-nip-2026-07-26-game1,2026-07-26T07:12:20+00:00,-22.537926144902567,-22.9612248825,-38.93196562715675,-16.394039482254183,lol-lng-nip-2026-07-26
116566854547835318,lol-lng-nip-2026-07-26-game2,2026-07-26T08:03:26+00:00,9.031949056032145,9.451875825833332,-5.925250808125,-14.957199864157145,lol-lng-nip-2026-07-26
115570814727903830,lol-dfm-gam-2026-07-26-game1,2026-07-26T09:18:49+00:00,-1.1813948737500095,-0.9493500000000097,1.1813948737500095,2.362789747500019,lol-dfm-gam-2026-07-26
116566854547769653,lol-tt-edg-2026-07-26-game1,2026-07-26T09:21:19+00:00,-31.320885642136343,-31.200304874166658,-68.61602128959689,-37.29513564746055,lol-tt-edg-2026-07-26
116566854547769654,lol-tt-edg-2026-07-26-game2,2026-07-26T10:16:24+00:00,-1.3209582415376584,-0.9101428566666582,2.849330587670759,4.170288829208418,lol-tt-edg-2026-07-26
115570814727903834,lol-cfo-dcg-2026-07-26-game1,2026-07-26T11:17:56+00:00,0.7030530898846585,0.6442332066666586,4.50152167055409,3.798468580669432,lol-cfo-dcg-2026-07-26
116566854547769553,lol-al-blg-2026-07-26-game1,2026-07-26T11:33:37+00:00,-0.05428623600445004,-0.3383719225000134,24.567295993373808,24.621582229378262,lol-al-blg-2026-07-26
115570814727903835,lol-cfo-dcg-2026-07-26-game2,2026-07-26T12:18:06+00:00,-8.564411849701926,-8.933521181666675,-42.985447032618595,-34.42103518291667,lol-cfo-dcg-2026-07-26
116566854547769554,lol-al-blg-2026-07-26-game2,2026-07-26T12:35:54+00:00,8.541521211749917,8.767037016666668,-5.691314855317189,-14.232836067067106,lol-al-blg-2026-07-26
116566854547769555,lol-al-blg-2026-07-26,2026-07-26T13:35:31+00:00,-5.453269479522743,-5.317830154999992,0.8480778452003213,6.301347324723064,lol-al-blg-2026-07-26
115548681803406192,lol-mkoi-vit-2026-07-26-game1,2026-07-26T14:44:58+00:00,-1.034495264583322,-0.8581833333333222,0.9948234196903383,2.0293186842736604,lol-mkoi-vit-2026-07-26
115548681803406193,lol-mkoi-vit-2026-07-26-game2,2026-07-26T15:32:47+00:00,-1.58076030340028,-1.5731227016666551,10.844165752699212,12.424926056099492,lol-mkoi-vit-2026-07-26
115565671526403034,lol-fxw7-lev-2026-07-26-game1,2026-07-26T16:09:59+00:00,3.3721902872916925,3.3428416666666934,18.06763558875001,14.695445301458319,lol-fxw7-lev-2026-07-26
115548681803406194,lol-mkoi-vit-2026-07-26,2026-07-26T16:27:21+00:00,-12.823296906801659,-12.275914466666658,3.511193589029988,16.33449049583165,lol-mkoi-vit-2026-07-26
115565671526403035,lol-fxw7-lev-2026-07-26-game2,2026-07-26T16:59:44+00:00,0.15293767447067438,0.3447393124999866,-2.8991497579689205,-3.052087432439595,lol-fxw7-lev-2026-07-26
115548681803406288,lol-g2-kc-2026-07-26-game1,2026-07-26T17:38:50+00:00,2.007264844970265,1.0211706450000146,4.017177737440082,2.009912892469817,lol-g2-kc-2026-07-26
115548681803406289,lol-g2-kc-2026-07-26-game2,2026-07-26T18:38:16+00:00,4.295817310627069,4.599406762500007,-26.187891030620836,-30.483708341247905,lol-g2-kc-2026-07-26
115548681803406290,lol-g2-kc-2026-07-26,2026-07-26T19:35:18+00:00,-1.7512300698264147,-2.629243056666664,-14.476244172281595,-12.725014102455182,lol-g2-kc-2026-07-26
115564797164214472,lol-sr-dsg-2026-07-26-game1,2026-07-26T22:15:42+00:00,-14.281520407283322,-13.33935183333332,-26.49267669872151,-12.211156291438192,lol-sr-dsg-2026-07-26
115564797164280009,lol-sr-dsg-2026-07-26-game2,2026-07-26T23:12:32+00:00,13.092041382205915,13.550812921666667,-11.020289908296498,-24.112331290502414,lol-sr-dsg-2026-07-26
116929405111089364,lol-fox1-gen-2026-07-27,2026-07-27T06:15:03+00:00,0.8281993424374979,0.7637407499999981,11.196713324292046,10.368513981854548,lol-fox1-gen-2026-07-27
116929405062330571,lol-dk-hle1-2026-07-27,2026-07-27T07:02:23+00:00,1.0223312588800633,0.9805289225000008,1.2462030640883965,0.2238718052083332,lol-dk-hle1-2026-07-27
116929405173020893,lol-kt-gen-2026-07-27,2026-07-27T07:56:25+00:00,-0.2076889410416692,-0.19684166666666916,0.22916832916666605,0.43685727020833526,lol-kt-gen-2026-07-27
116929405094115537,lol-dk-t1-2026-07-27,2026-07-27T08:44:37+00:00,-0.30513256913628917,-0.23913925166666417,0.24949608750000007,0.5546286566362892,lol-dk-t1-2026-07-27
116929405249894633,lol-hle1-drx-2026-07-27,2026-07-27T09:32:50+00:00,-2.3516549238304036,-2.3391461108333407,-7.79348074260817,-5.441825818777768,lol-hle1-drx-2026-07-27
116929405398989054,lol-t1-ns-2026-07-27,2026-07-27T10:27:34+00:00,0.13755262578697683,0.12611032916666418,3.73930618118133,3.6017535553943527,lol-t1-ns-2026-07-27
116889604984222878,lol-genga-foxy-2026-07-27-game1,2026-07-27T11:01:44+00:00,0.0,0.0,0.0,0.0,lol-genga-foxy-2026-07-27
116929405047650504,lol-bro2-dk-2026-07-27,2026-07-27T11:27:11+00:00,4.065385408186227,3.9631954941666634,25.16136783016707,21.095982421980846,lol-bro2-dk-2026-07-27
116889604984222879,lol-genga-foxy-2026-07-27-game2,2026-07-27T11:49:21+00:00,0.0,0.0,0.0,0.0,lol-genga-foxy-2026-07-27
116929405012523202,lol-t1-dnf-2026-07-27,2026-07-27T12:16:21+00:00,19.594255399045874,17.88279620916668,35.83008377474771,16.235828375701843,lol-t1-dnf-2026-07-27
116889604984222880,lol-genga-foxy-2026-07-27,2026-07-27T12:38:50+00:00,4.6217112750423,4.297028686666675,17.422276338187373,12.800565063145072,lol-genga-foxy-2026-07-27
116809240490152404,lol-7rex-reda-2026-07-27,2026-07-27T20:04:42+00:00,-14.010440887793479,-14.54470268999998,-21.285443041674338,-7.275002153880856,lol-7rex-reda-2026-07-27
116809240490217968,lol-pnga-nerd-2026-07-27,2026-07-27T20:52:05+00:00,1.0643185783333238,0.8252833333333238,-0.16608788000000974,-1.2304064583333336,lol-pnga-nerd-2026-07-27
116809240490152370,lol-vksa-est-2026-07-27,2026-07-27T22:38:08+00:00,-13.982392529166658,-13.440966666666656,12.670741735416668,26.653134264583326,lol-vksa-est-2026-07-27
116520885021783349,lol-fue-kits-2026-07-27-game1,2026-07-27T23:15:01+00:00,0.0,0.0,0.0,0.0,lol-fue-kits-2026-07-27
116809240490152398,lol-itz-rmd-2026-07-27,2026-07-27T23:30:59+00:00,0.623876063040503,0.592575110000003,1.733992570432423,1.1101165073919201,lol-itz-rmd-2026-07-27
116520885021783350,lol-fue-kits-2026-07-27-game2,2026-07-28T00:17:51+00:00,0.09777441666666693,0.09166666666666694,0.11890450000000032,0.021130083333333386,lol-fue-kits-2026-07-27
116520885021783351,lol-fue-kits-2026-07-27-game3,2026-07-28T01:17:41+00:00,0.0,0.0,0.0,0.0,lol-fue-kits-2026-07-27
116929376557102165,lol-dnf-bro2-2026-07-28-game1,2026-07-28T10:45:19+00:00,2.9633011585649016,3.0679151508333384,17.057699405813548,14.094398247248648,lol-dnf-bro2-2026-07-28
116929376557102166,lol-dnf-bro2-2026-07-28-game2,2026-07-28T11:45:36+00:00,-3.260986371606507,-3.9966584900000064,1.1473091200158483,4.408295491622356,lol-dnf-bro2-2026-07-28
116929376557102167,lol-dnf-bro2-2026-07-28,2026-07-28T12:43:42+00:00,0.7590920729968899,0.10760650583332716,6.648331973236424,5.8892399002395335,lol-dnf-bro2-2026-07-28
116833506932259252,lol-ub-ucam1-2026-07-28-game1,2026-07-28T15:09:20+00:00,0.0,0.0,0.0,0.0,lol-ub-ucam1-2026-07-28
116833506932259253,lol-ub-ucam1-2026-07-28-game2,2026-07-28T15:49:51+00:00,0.0,0.0,0.14687041539200005,0.14687041539200005,lol-ub-ucam1-2026-07-28
116912368899990121,lol-tlnpir-sc-2026-07-28,2026-07-28T16:07:33+00:00,0.2651335469960017,0.5329513550000018,-0.7273068894180342,-0.9924404364140361,lol-tlnpir-sc-2026-07-28
116833506932128120,lol-bar-gxp-2026-07-28-game1,2026-07-28T16:42:33+00:00,4.487908608541654,4.336691666666655,12.39994118626831,7.912032577726656,lol-bar-gxp-2026-07-28
116912368900055695,lol-zybesp-es-2026-07-28,2026-07-28T17:05:26+00:00,-0.8342770014097608,-1.6149916558333233,-1.4518593952001142,-0.6175823937903534,lol-zybesp-es-2026-07-28
116793933806066861,lol-znt-dyn1-2026-07-28-game1,2026-07-28T17:06:34+00:00,1.1702850370427507,1.006925370000001,2.1618799726217515,0.991594935579001,lol-znt-dyn1-2026-07-28
116833506932128121,lol-bar-gxp-2026-07-28-game2,2026-07-28T17:33:23+00:00,1.7843224983333341,1.7616833333333328,49.29884664479167,47.514524146458335,lol-bar-gxp-2026-07-28
116912368900055719,lol-kcb-gal-2026-07-28,2026-07-28T18:02:59+00:00,11.737348804166666,11.993566666666666,-15.796020343909026,-27.533369148075693,lol-kcb-gal-2026-07-28
116837891489321420,lol-tos-wd-2026-07-28,2026-07-28T18:09:54+00:00,0.0,0.0,0.1519858333333333,0.1519858333333333,lol-tos-wd-2026-07-28
116793933806066862,lol-znt-dyn1-2026-07-28-game2,2026-07-28T18:19:11+00:00,0.0,0.0,-0.353418,-0.353418,lol-znt-dyn1-2026-07-28
116833506932193658,lol-bar-gxp-2026-07-28,2026-07-28T18:37:36+00:00,-28.913243117106717,-30.095355986666707,-30.360854369805264,-1.4476112526985447,lol-bar-gxp-2026-07-28
116912368899990125,lol-jl-vitb-2026-07-28,2026-07-28T18:55:16+00:00,13.785541701123913,14.049003151666662,-6.9566026991666705,-20.742144400290588,lol-jl-vitb-2026-07-28
116837891489321422,lol-nort-gde-2026-07-28,2026-07-28T19:07:03+00:00,5.849200122902002,5.740902260000002,9.150203550059876,3.3010034271578754,lol-nort-gde-2026-07-28
116912368900055707,lol-sly-ijc-2026-07-28,2026-07-28T19:51:41+00:00,0.0,0.0,0.0,0.0,lol-sly-ijc-2026-07-28
116809240490217974,lol-pnga-ts3-2026-07-28,2026-07-28T20:04:43+00:00,-2.121856456819272,-2.176388195833334,-3.771787352075,-1.6499308952557283,lol-pnga-ts3-2026-07-28
116520721101367254,lol-9zg-maz-2026-07-28-game2,2026-07-28T21:04:00+00:00,4.285990095416667,4.345516666666667,-5.661463715226749,-9.947453810643417,lol-9zg-maz-2026-07-28
116809240490152364,lol-nerd-vksa-2026-07-28,2026-07-28T21:19:46+00:00,0.9079616256376065,0.628977719166669,4.552357712749718,3.6443960871121113,lol-nerd-vksa-2026-07-28
116837891489321426,lol-hype-fcn2-2026-07-28,2026-07-28T21:21:16+00:00,3.2492433502083338,3.0321083333333334,22.23259639837286,18.98335304816452,lol-hype-fcn2-2026-07-28
116809240490152400,lol-est-itz-2026-07-28,2026-07-28T22:06:52+00:00,-0.8238819752083382,-0.8781083333333383,-6.319332174600755,-5.495450199392416,lol-est-itz-2026-07-28
116520721101367255,lol-9zg-maz-2026-07-28-game3,2026-07-28T22:09:47+00:00,0.23573528895832704,0.13010833333332705,0.18591953895832394,-0.04981575000000308,lol-9zg-maz-2026-07-28
116520721101367256,lol-9zg-maz-2026-07-28-game4,2026-07-28T23:03:09+00:00,0.0,0.0,-0.41238217770833296,-0.41238217770833296,lol-9zg-maz-2026-07-28
116809240490152420,lol-rmd-reda-2026-07-28,2026-07-28T23:45:27+00:00,6.832193291249962,8.111749999999963,-0.8099331882905085,-7.6421264795404715,lol-rmd-reda-2026-07-28
116889604984222866,lol-drxc-genga-2026-07-29-game1,2026-07-29T05:08:12+00:00,0.0,0.0,0.0,0.0,lol-drxc-genga-2026-07-29
115548147900684662,lol-drx-ns-2026-07-29-game1,2026-07-29T08:05:48+00:00,-4.734240500585413,-4.499809491666664,8.92995440608127,13.664194906666681,lol-drx-ns-2026-07-29
115548147900684663,lol-drx-ns-2026-07-29-game2,2026-07-29T08:53:59+00:00,-6.929357926668385,-7.471803881666638,-49.20621574803159,-42.2768578213632,lol-drx-ns-2026-07-29
116566854547769577,lol-tes-al-2026-07-29-game1,2026-07-29T09:12:39+00:00,21.11353692473426,18.63006299000001,24.529861766155296,3.416324841421039,lol-tes-al-2026-07-29
115548147900553462,lol-t1-kt-2026-07-29-game1,2026-07-29T10:14:19+00:00,-3.192930296722993,-3.1628806399999925,-3.5455968944723595,-0.3526665977493666,lol-t1-kt-2026-07-29
116566854547769578,lol-tes-al-2026-07-29-game2,2026-07-29T10:15:01+00:00,1.471602545410095,1.0237432091666574,8.058187061311559,6.586584515901464,lol-tes-al-2026-07-29
115548147900553463,lol-t1-kt-2026-07-29-game2,2026-07-29T11:12:11+00:00,-10.377194802392147,-10.500486945000025,-68.11820121625003,-57.74100641385788,lol-t1-kt-2026-07-29
116566854547769561,lol-blg-lgd-2026-07-29-game1,2026-07-29T11:30:22+00:00,-4.670408880844907,-4.5616593774999705,11.639306847280084,16.309715728124992,lol-blg-lgd-2026-07-29
116917034792783746,lol-lguide-arb1-2026-07-29,2026-07-29T12:04:08+00:00,-0.10815945840387083,-0.11771703499999557,-8.179309954051204,-8.071150495647332,lol-lguide-arb1-2026-07-29
116566854547769562,lol-blg-lgd-2026-07-29-game2,2026-07-29T12:34:08+00:00,-0.11960386020833054,-0.0900583333333304,3.50034200062917,3.6199458608375004,lol-blg-lgd-2026-07-29
116566854547769563,lol-blg-lgd-2026-07-29,2026-07-29T13:31:12+00:00,21.058922535730076,20.197295272500014,28.01891805108205,6.959995515351974,lol-blg-lgd-2026-07-29
116838220144573080,lol-sha-dp-2026-07-29-game1,2026-07-29T14:36:47+00:00,0.0,0.0,0.0,0.0,lol-sha-dp-2026-07-29
116833506932128112,lol-lua-hrts-2026-07-29-game1,2026-07-29T15:11:03+00:00,0.0,0.0,0.0,0.0,lol-lua-hrts-2026-07-29
116833506932128113,lol-lua-hrts-2026-07-29-game2,2026-07-29T16:03:14+00:00,0.0,0.0,0.0,0.0,lol-lua-hrts-2026-07-29
116912368900055723,lol-tlnpir-zybesp-2026-07-29,2026-07-29T16:11:08+00:00,2.4635783781249976,2.7723249999999973,-1.119533474789539,-3.5831118529145365,lol-tlnpir-zybesp-2026-07-29
116838220144573082,lol-sha-dp-2026-07-29,2026-07-29T16:33:12+00:00,0.0,0.0,0.22999757453333358,0.22999757453333358,lol-sha-dp-2026-07-29
116912368899990129,lol-ijc-vitb-2026-07-29,2026-07-29T17:17:06+00:00,-6.157742966958588,-5.796488763333339,-2.354623067821091,3.803119899137497,lol-ijc-vitb-2026-07-29
116878159559794446,lol-leo-rg-2026-07-29,2026-07-29T17:54:12+00:00,0.03007951718600113,0.002488460000001136,-0.14467002676447158,-0.1747495439504727,lol-leo-rg-2026-07-29
116912368900055697,lol-sly-es-2026-07-29,2026-07-29T18:10:55+00:00,0.0,0.0,-1.1876587055625007,-1.1876587055625007,lol-sly-es-2026-07-29
116912368900055689,lol-kcb-jl-2026-07-29,2026-07-29T19:09:36+00:00,-0.3736589649570344,-0.5064917116666585,-19.229025548196237,-18.855366583239203,lol-kcb-jl-2026-07-29
116912368899990115,lol-gal-sc-2026-07-29,2026-07-29T20:02:49+00:00,-1.7837582915131662,-1.6864198374999788,8.26401451712121,10.047772808634376,lol-gal-sc-2026-07-29
116809240490152394,lol-nerd-itz-2026-07-29,2026-07-29T20:06:29+00:00,2.674908314843762,2.685906250000013,9.557763375,6.882855060156238,lol-nerd-itz-2026-07-29
116809240490152414,lol-pnga-7rex-2026-07-29,2026-07-29T21:56:46+00:00,0.0,0.0,-0.43520499999999984,-0.43520499999999984,lol-pnga-7rex-2026-07-29
116809240490152422,lol-reda-est-2026-07-29,2026-07-29T22:49:08+00:00,-3.915166112916673,-3.830016666666673,6.510235209585583,10.425401322502255,lol-reda-est-2026-07-29
116884625277067568,lol-blue-cont-2026-07-29-game1,2026-07-30T00:20:09+00:00,-20.193899342184196,-20.08273836833332,-12.697326935808304,7.496572406375891,lol-blue-cont-2026-07-29
116884625277067569,lol-blue-cont-2026-07-29-game2,2026-07-30T01:16:40+00:00,2.5130046922916693,2.258541666666669,0.42407132479167137,-2.088933367499998,lol-blue-cont-2026-07-29
116884625277067570,lol-blue-cont-2026-07-29,2026-07-30T02:11:44+00:00,1.275102297549749,1.2719995049999993,0.7565960970100817,-0.5185062005396676,lol-blue-cont-2026-07-29
116889604984222870,lol-foxy-hle-2026-07-30-game1,2026-07-30T05:09:13+00:00,0.0,0.0,0.0,0.0,lol-foxy-hle-2026-07-30
116889604984157238,lol-dkc-t1a-2026-07-30-game1,2026-07-30T05:12:24+00:00,2.3957040070507136,2.2688965183333383,11.702989196998622,9.30728518994791,lol-dkc-t1a-2026-07-30
116889604984222871,lol-foxy-hle-2026-07-30-game2,2026-07-30T05:58:16+00:00,0.0,0.0,0.27365062978541643,0.27365062978541643,lol-foxy-hle-2026-07-30
116889604984157239,lol-dkc-t1a-2026-07-30-game2,2026-07-30T06:09:26+00:00,6.093018990899456,5.731346598333331,8.412531741861873,2.319512750962418,lol-dkc-t1a-2026-07-30
116889604984157240,lol-dkc-t1a-2026-07-30,2026-07-30T07:01:45+00:00,2.0860441548808097,2.100852177499997,0.4711505777142091,-1.6148935771666009,lol-dkc-t1a-2026-07-30
115548147900684658,lol-dnf-fox1-2026-07-30-game1,2026-07-30T08:07:19+00:00,1.6353003416521805,1.9388290974999933,12.33039920199394,10.695098860341758,lol-dnf-fox1-2026-07-30
115548147900684659,lol-dnf-fox1-2026-07-30-game2,2026-07-30T09:02:32+00:00,5.413017672916701,5.7235666666666996,16.332536113125006,10.919518440208307,lol-dnf-fox1-2026-07-30
115570814727903846,lol-shg-dfm-2026-07-30-game1,2026-07-30T09:18:22+00:00,0.0,0.0,0.0,0.0,lol-shg-dfm-2026-07-30
116566854547769609,lol-edg-we-2026-07-30-game1,2026-07-30T09:20:01+00:00,-2.034759214797918,-1.9554837166666676,-2.150305662708331,-0.11554644791041334,lol-edg-we-2026-07-30
116566854547769610,lol-edg-we-2026-07-30-game2,2026-07-30T10:13:34+00:00,2.2773172723401593,1.9985415858333468,1.2078804280004858,-1.0694368443396736,lol-edg-we-2026-07-30
115548147900553454,lol-hle1-dk-2026-07-30-game1,2026-07-30T10:17:46+00:00,1.2202843202829106,1.9420759666666605,-1.0968299632699179,-2.317114283552828,lol-hle1-dk-2026-07-30
115570814727903847,lol-shg-dfm-2026-07-30-game2,2026-07-30T10:18:41+00:00,4.062872326475106,4.138580034166669,6.715305997289415,2.6524336708143093,lol-shg-dfm-2026-07-30
115548147900553455,lol-hle1-dk-2026-07-30-game2,2026-07-30T11:12:43+00:00,-4.379327896871492,-4.217458040833304,1.1364820308425234,5.515809927714014,lol-hle1-dk-2026-07-30
115570814727903848,lol-shg-dfm-2026-07-30,2026-07-30T11:15:43+00:00,2.636199043333337,2.9710333333333367,-1.6692109685416732,-4.30541001187501,lol-shg-dfm-2026-07-30
116566854547769641,lol-tt-jdg-2026-07-30-game1,2026-07-30T11:32:58+00:00,-3.6909964767046564,-3.493607146666657,7.990354285053333,11.68135076175799,lol-tt-jdg-2026-07-30
115548147900553456,lol-hle1-dk-2026-07-30,2026-07-30T12:07:28+00:00,4.017999361912172,3.583800506666672,4.056841167006669,0.03884180509449745,lol-hle1-dk-2026-07-30
115570814727903850,lol-dcg-gz-2026-07-30-game1,2026-07-30T12:30:02+00:00,0.0,0.0,0.0,0.0,lol-dcg-gz-2026-07-30
116566854547769642,lol-tt-jdg-2026-07-30-game2,2026-07-30T12:30:48+00:00,5.9620218678725685,5.822769077500006,12.044728429838814,6.082706561966247,lol-tt-jdg-2026-07-30
116566854547769643,lol-tt-jdg-2026-07-30,2026-07-30T13:22:34+00:00,25.48812453527296,24.787114558333332,38.48826352967858,13.000138994405631,lol-tt-jdg-2026-07-30
115570814727903851,lol-dcg-gz-2026-07-30-game2,2026-07-30T13:30:59+00:00,-0.6919593007395459,-0.6570713616666711,2.8510713624511665,3.5430306631907125,lol-dcg-gz-2026-07-30
115570814727903852,lol-dcg-gz-2026-07-30,2026-07-30T14:34:28+00:00,-5.164281890368334,-4.799100153333334,9.170318465375297,14.334600355743632,lol-dcg-gz-2026-07-30
116713163972559113,lol-es1-ross-2026-07-30-game1,2026-07-30T15:07:25+00:00,0.7126975874999907,1.0064999999999908,-1.044727809497708,-1.7574253969976985,lol-es1-ross-2026-07-30
116838220144573089,lol-pcific-bgt-2026-07-30-game2,2026-07-30T15:40:16+00:00,0.0,0.0,0.0,0.0,lol-pcific-bgt-2026-07-30
116713163972559114,lol-es1-ross-2026-07-30-game2,2026-07-30T16:02:48+00:00,-2.1226415267476084,-2.431479694166671,-15.346718070833338,-13.224076544085731,lol-es1-ross-2026-07-30
116912368900055711,lol-kcb-ijc-2026-07-30,2026-07-30T16:03:39+00:00,1.3993137628575212,1.4592633216666464,-6.529182230343962,-7.928495993201483,lol-kcb-ijc-2026-07-30
116838220144638628,lol-su-bw-2026-07-30-game1,2026-07-30T16:46:07+00:00,3.509684023283999,3.6548157599999986,-5.248261662127839,-8.757945685411839,lol-su-bw-2026-07-30
116713163972559115,lol-es1-ross-2026-07-30,2026-07-30T16:56:49+00:00,-1.60027566375,-1.66665,-1.6556551052562503,-0.0553794415062501,lol-es1-ross-2026-07-30
116912368899990135,lol-sly-vitb-2026-07-30,2026-07-30T16:58:36+00:00,-1.6812686931583112,-1.7059595574999988,-5.921442240759539,-4.240173547601228,lol-sly-vitb-2026-07-30
116838220144638629,lol-su-bw-2026-07-30-game2,2026-07-30T17:44:39+00:00,0.0,0.0,-4.814674999999995,-4.814674999999995,lol-su-bw-2026-07-30
116912368899990109,lol-jl-sc-2026-07-30,2026-07-30T18:01:36+00:00,2.635741807499988,2.8976999999999884,-0.5789464054166685,-3.214688212916657,lol-jl-sc-2026-07-30
116713163972624694,lol-vfb-khk-2026-07-30-game2,2026-07-30T18:41:57+00:00,-0.7040739712499958,-0.649349999999996,0.7326613410416685,1.4367353122916644,lol-vfb-khk-2026-07-30
116912368900055713,lol-zybesp-gal-2026-07-30,2026-07-30T19:04:00+00:00,0.747737832083331,0.742583333333331,1.600660182083332,0.8529223500000009,lol-zybesp-gal-2026-07-30
116713163972624695,lol-vfb-khk-2026-07-30,2026-07-30T19:28:20+00:00,11.844930516014736,12.039787314999986,4.124044783098071,-7.720885732916664,lol-vfb-khk-2026-07-30
116793933806066843,lol-mcn-sec-2026-07-30,2026-07-30T19:49:39+00:00,1.1126607914567623,1.086881105000012,4.387922224490086,3.275261433033324,lol-mcn-sec-2026-07-30
116912368900055699,lol-tlnpir-es-2026-07-30,2026-07-30T19:52:33+00:00,0.956241005416699,0.9135666666666987,-11.442349151822322,-12.39859015723902,lol-tlnpir-es-2026-07-30
116884625094680825,lol-nrg-wu-2026-07-30-game1,2026-07-30T21:08:48+00:00,3.072320291666593,2.9315477633333433,1.2714809868749217,-1.8008393047916715,lol-nrg-wu-2026-07-30
116884625094680826,lol-nrg-wu-2026-07-30-game2,2026-07-30T22:09:32+00:00,11.884530053125017,11.152375000000015,19.485585307291682,7.601055254166666,lol-nrg-wu-2026-07-30
116884625094680827,lol-nrg-wu-2026-07-30,2026-07-30T23:07:25+00:00,-1.877445982685689,-1.8080832866666892,3.2160098645833224,5.093455847269012,lol-nrg-wu-2026-07-30
116884625060929770,lol-cnv-dog-2026-07-30-game1,2026-07-31T00:05:44+00:00,10.284579007197534,10.442238061666657,-17.508562936810044,-27.793141944007576,lol-cnv-dog-2026-07-30
116884625060929771,lol-cnv-dog-2026-07-30-game2,2026-07-31T01:02:09+00:00,2.6980945140686665,2.6527679466666663,48.934712391623,46.23661787755433,lol-cnv-dog-2026-07-30
116884625060929772,lol-cnv-dog-2026-07-30,2026-07-31T02:17:06+00:00,-7.51630462687499,-7.937274999999988,-15.864521462883985,-8.348216836008996,lol-cnv-dog-2026-07-30
116566854547769625,lol-al-edg-2026-07-31-game1,2026-07-31T07:12:16+00:00,-1.8817114387499976,-1.7242499999999978,1.8815552437499996,3.7632666824999976,lol-al-edg-2026-07-31
116566854547769626,lol-al-edg-2026-07-31-game2,2026-07-31T08:02:06+00:00,2.3765546972391527,1.8888669666666527,3.877450149712191,1.5008954524730391,lol-al-edg-2026-07-31
115548147900553458,lol-gen-t1-2026-07-31-game1,2026-07-31T08:15:42+00:00,0.9771837824000396,0.8092929500000411,25.803104640401575,24.82592085800154,lol-gen-t1-2026-07-31
115548147900553459,lol-gen-t1-2026-07-31-game2,2026-07-31T09:08:51+00:00,8.312597221678411,7.317372211666662,4.248526862470889,-4.0640703592075225,lol-gen-t1-2026-07-31
116566854547769549,lol-we-blg-2026-07-31-game1,2026-07-31T09:09:46+00:00,19.83588746096422,19.33972422916666,6.979363963230127,-12.856523497734095,lol-we-blg-2026-07-31
116566854547769550,lol-we-blg-2026-07-31-game2,2026-07-31T10:06:56+00:00,-0.9954392728964327,-1.2195890866666828,0.7278936488264839,1.7233329217229167,lol-we-blg-2026-07-31
115570814727903839,lol-tsw-mvk-2026-07-31-game2,2026-07-31T10:10:34+00:00,-0.44805543477600024,-0.37065018000000016,0.6190419193906668,1.0670973541666668,lol-tsw-mvk-2026-07-31
115548147900684638,lol-bro2-drx-2026-07-31-game1,2026-07-31T10:28:37+00:00,2.3859636161810083,2.6708084500000084,-0.5886501371916631,-2.974613753372671,lol-bro2-drx-2026-07-31
115548147900684639,lol-bro2-drx-2026-07-31-game2,2026-07-31T11:31:18+00:00,-24.927986121074653,-25.12915238333328,-20.283534231967945,4.644451889106709,lol-bro2-drx-2026-07-31
115570814727903842,lol-cfo-gam-2026-07-31-game1,2026-07-31T11:33:26+00:00,5.426068629336424,5.382473996666673,-7.199262109188627,-12.62533073852505,lol-cfo-gam-2026-07-31
115548147900684640,lol-bro2-drx-2026-07-31,2026-07-31T12:30:38+00:00,-8.124220771636892,-7.087182255000017,20.244053716629455,28.368274488266348,lol-bro2-drx-2026-07-31
115570814727903843,lol-cfo-gam-2026-07-31-game2,2026-07-31T12:36:22+00:00,-17.064719467291635,-16.502841666666637,16.855602932708326,33.92032239999996,lol-cfo-gam-2026-07-31
115570814727903844,lol-cfo-gam-2026-07-31,2026-07-31T13:30:57+00:00,1.296813376786007,1.4375790000000068,-18.69164584948556,-19.988459226271566,lol-cfo-gam-2026-07-31
115548681803406116,lol-vit-th-2026-07-31-game1,2026-07-31T15:09:01+00:00,15.437995009335005,15.772126150000005,-28.49190967541665,-43.929904684751655,lol-vit-th-2026-07-31
116696189685662260,lol-eko-gmb-2026-07-31,2026-07-31T16:07:17+00:00,-1.1129559149383332,-1.1472627333333332,-3.184103811327206,-2.0711478963888728,lol-eko-gmb-2026-07-31
115548681803406117,lol-vit-th-2026-07-31-game2,2026-07-31T16:07:44+00:00,0.21183168221157866,0.20579206833332866,1.1425206892980797,0.9306890070865012,lol-vit-th-2026-07-31
115548681803406216,lol-mkoi-shft-2026-07-31-game1,2026-07-31T16:58:42+00:00,7.6638548887859015,6.99695567083334,13.448700586223945,5.784845697438043,lol-mkoi-shft-2026-07-31
115548681803406217,lol-mkoi-shft-2026-07-31-game2,2026-07-31T18:01:42+00:00,9.646045684886262,8.348506559166701,11.756878754326662,2.110833069440399,lol-mkoi-shft-2026-07-31
116696189685662240,lol-ae2-cg-2026-07-31,2026-07-31T18:36:14+00:00,1.4545755868859775,1.4828834341666652,-0.6239413777169177,-2.0785169646028954,lol-ae2-cg-2026-07-31
115548681803406218,lol-mkoi-shft-2026-07-31,2026-07-31T18:52:03+00:00,9.025489077291668,9.258841666666669,-19.03943231604167,-28.064921393333336,lol-mkoi-shft-2026-07-31
116884625146454286,lol-mvu-cpd-2026-07-31-game2,2026-07-31T21:54:21+00:00,-3.9084775514203365,-3.6918570233333363,5.548162084966994,9.45663963638733,lol-mvu-cpd-2026-07-31
116884625123188995,lol-nrg-dog-2026-07-31-game1,2026-07-31T22:59:22+00:00,2.3270971616666647,2.4050666666666647,-2.814023553635586,-5.141120715302251,lol-nrg-dog-2026-07-31
116884625123188996,lol-nrg-dog-2026-07-31-game2,2026-07-31T23:56:48+00:00,-3.571326510595334,-3.5040583933333345,5.829915271266337,9.401241781861671,lol-nrg-dog-2026-07-31
116566854547769629,lol-al-tt-2026-08-01-game1,2026-08-01T07:13:04+00:00,-7.461831658124983,-7.163174999999984,7.316944499999998,14.778776158124982,lol-al-tt-2026-08-01
116566854547769630,lol-al-tt-2026-08-01-game2,2026-08-01T08:02:32+00:00,0.0,0.0,0.0,0.0,lol-al-tt-2026-08-01
115548147900684654,lol-ns-fox1-2026-08-01-game1,2026-08-01T08:05:34+00:00,8.735347793109696,8.13979728750001,27.874522944798652,19.139175151688956,lol-ns-fox1-2026-08-01
115548147900684655,lol-ns-fox1-2026-08-01-game2,2026-08-01T08:59:48+00:00,21.52931996312235,21.48493783416667,-24.682968322784873,-46.21228828590723,lol-ns-fox1-2026-08-01
116566854547769585,lol-lgd-tes-2026-08-01-game1,2026-08-01T09:11:40+00:00,-0.32369305613159566,-0.31456635916665804,5.24274541962366,5.566438475755255,lol-lgd-tes-2026-08-01
115570814727903860,lol-dcg-dfm-2026-08-01-game1,2026-08-01T09:25:38+00:00,5.297119833124999,5.720824999999999,-4.220848392499994,-9.517968225624992,lol-dcg-dfm-2026-08-01
115548147900684656,lol-ns-fox1-2026-08-01,2026-08-01T09:52:18+00:00,20.38648216932877,19.313115420000017,43.57736115970605,23.190878990377286,lol-ns-fox1-2026-08-01
116566854547769586,lol-lgd-tes-2026-08-01-game2,2026-08-01T10:00:18+00:00,-0.479290469715733,-0.7432346183333581,-0.2214127209396989,0.25787774877603437,lol-lgd-tes-2026-08-01
115570814727903861,lol-dcg-dfm-2026-08-01-game2,2026-08-01T10:24:35+00:00,-0.4725178658333365,-0.42193333333333644,0.4954252408333339,0.9679431066666703,lol-dcg-dfm-2026-08-01
116566854547769587,lol-lgd-tes-2026-08-01,2026-08-01T10:53:47+00:00,-2.562872390701415,-2.472641596666665,21.57573310103483,24.138605491736246,lol-lgd-tes-2026-08-01
115548147900553474,lol-gen-dk-2026-08-01-game1,2026-08-01T11:10:23+00:00,1.5933571831250093,1.129875000000009,14.975231191731247,13.381874008606239,lol-gen-dk-2026-08-01
115570814727903864,lol-mvk-gam-2026-08-01-game1,2026-08-01T11:28:31+00:00,-7.034069288480667,-6.897433646666667,3.6520529903125802,10.686122278793247,lol-mvk-gam-2026-08-01
116566854547769557,lol-jdg-blg-2026-08-01-game1,2026-08-01T12:04:15+00:00,2.4370355110301243,1.9818556349999994,4.774703715234498,2.3376682042043737,lol-jdg-blg-2026-08-01
115570814727903865,lol-mvk-gam-2026-08-01-game2,2026-08-01T12:28:22+00:00,-8.044502665859575,-7.914720993333325,-21.79482329585515,-13.750320629995576,lol-mvk-gam-2026-08-01
116566854547769558,lol-jdg-blg-2026-08-01-game2,2026-08-01T13:05:20+00:00,3.062959903496163,3.3844902566666626,1.2889808729499999,-1.7739790305461636,lol-jdg-blg-2026-08-01
115548681803406232,lol-gx-sk-2026-08-01-game1,2026-08-01T15:08:31+00:00,3.7433127244335545,5.309969221666679,24.755340153006518,21.012027428572964,lol-gx-sk-2026-08-01
115548681803406233,lol-gx-sk-2026-08-01-game2,2026-08-01T16:10:01+00:00,-8.890815176058322,-7.785586333333321,9.602687060002966,18.49350223606129,lol-gx-sk-2026-08-01
115565671526402970,lol-vks-fur-2026-08-01-game1,2026-08-01T16:11:54+00:00,-2.2723185251690823,-2.356356003333332,-5.449647581372726,-3.1773290562036425,lol-vks-fur-2026-08-01
115565671526402971,lol-vks-fur-2026-08-01-game2,2026-08-01T16:57:39+00:00,6.184869483660442,5.895452822500005,4.776222638691271,-1.4086468449691714,lol-vks-fur-2026-08-01
115548681803406234,lol-gx-sk-2026-08-01,2026-08-01T17:17:56+00:00,-15.435569382064976,-15.353322514999975,18.551280678511173,33.986850060576145,lol-gx-sk-2026-08-01
115565671526403022,lol-lev-png1-2026-08-01-game1,2026-08-01T17:53:38+00:00,3.5930711878924435,3.508251832500006,7.181758361783331,3.5886871738908863,lol-lev-png1-2026-08-01
115548681803406172,lol-kc-navi-2026-08-01-game1,2026-08-01T18:36:41+00:00,5.829124547398533,5.095488241666659,9.948097780788222,4.118973233389689,lol-kc-navi-2026-08-01
115548681803406173,lol-kc-navi-2026-08-01-game2,2026-08-01T19:41:32+00:00,4.537466478749997,4.921949999999997,-3.336668277711737,-7.874134756461735,lol-kc-navi-2026-08-01
115564797163821204,lol-c9-dig-2026-08-01-game1,2026-08-01T20:11:24+00:00,0.0,0.0,-0.07233123576666674,-0.07233123576666674,lol-c9-dig-2026-08-01
115564797163821205,lol-c9-dig-2026-08-01-game2,2026-08-01T21:11:13+00:00,-0.057505403125006405,0.3402749999999936,2.0557482285416584,2.1132536316666646,lol-c9-dig-2026-08-01
115564797163886742,lol-c9-dig-2026-08-01,2026-08-01T22:15:05+00:00,1.1919208825223355,1.1222801533333353,4.665842304414919,3.4739214218925825,lol-c9-dig-2026-08-01
115564797163886784,lol-fly-dsg-2026-08-01-game1,2026-08-01T23:13:18+00:00,-8.981470822083336,-8.581033333333336,10.47723036208334,19.458701184166674,lol-fly-dsg-2026-08-01
115564797163886785,lol-fly-dsg-2026-08-01-game2,2026-08-02T00:18:28+00:00,5.081119814009996,5.023112099999995,5.369733602159246,0.2886137881492506,lol-fly-dsg-2026-08-01
116566854547769613,lol-tt-we-2026-08-02-game1,2026-08-02T07:14:14+00:00,9.072271711476677,9.360811216666677,-16.264592570625855,-25.33686428210253,lol-tt-we-2026-08-02
115548147900684646,lol-dnf-bro2-2026-08-02-game1,2026-08-02T08:07:16+00:00,8.520218277993374,8.653264189166686,-31.0644559307695,-39.58467420876287,lol-dnf-bro2-2026-08-02
116566854547769614,lol-tt-we-2026-08-02-game2,2026-08-02T08:07:20+00:00,-2.7400848782603844,-3.247208645000009,0.9682981994745328,3.7083830777349167,lol-tt-we-2026-08-02
116566854547769615,lol-tt-we-2026-08-02,2026-08-02T09:00:50+00:00,2.219288878254666,1.959966726666666,6.271854882463521,4.052566004208855,lol-tt-we-2026-08-02
115548147900684647,lol-dnf-bro2-2026-08-02-game2,2026-08-02T09:02:46+00:00,-8.456517377442912,-7.379879836666663,5.24891234397541,13.705429721418321,lol-dnf-bro2-2026-08-02
115570814727903854,lol-tsw-cfo-2026-08-02-game1,2026-08-02T09:25:06+00:00,0.17165348416666945,0.15911666666666946,-0.6158096970833326,-0.787463181250002,lol-tsw-cfo-2026-08-02
115548147900684648,lol-dnf-bro2-2026-08-02,2026-08-02T10:02:33+00:00,13.801592932388365,14.427266433333363,-21.707650913444997,-35.50924384583336,lol-dnf-bro2-2026-08-02
115570814727903855,lol-tsw-cfo-2026-08-02-game2,2026-08-02T10:14:31+00:00,-5.049252420416641,-4.878216666666641,8.50826651487027,13.55751893528691,lol-tsw-cfo-2026-08-02
116566854547835305,lol-lng-ig1-2026-08-02-game1,2026-08-02T10:15:31+00:00,-12.364210098089771,-13.442959285833334,-17.103557613966515,-4.739347515876744,lol-lng-ig1-2026-08-02
115570814727903856,lol-tsw-cfo-2026-08-02-game3,2026-08-02T11:04:46+00:00,1.8745095752083376,2.0622583333333373,17.656776234816903,15.782266659608565,lol-tsw-cfo-2026-08-02
116566854547835306,lol-lng-ig1-2026-08-02-game2,2026-08-02T11:10:23+00:00,-2.2847244005941802,-2.2406623666666796,18.228745627395824,20.513470027990003,lol-lng-ig1-2026-08-02
115548147900553450,lol-kt-hle1-2026-08-02-game1,2026-08-02T11:28:03+00:00,-2.503321160739366,-2.8442920749999914,-10.876328129962701,-8.373006969223335,lol-kt-hle1-2026-08-02
116566854547769581,lol-tes-jdg-2026-08-02-game1,2026-08-02T12:13:49+00:00,-14.631272482984244,-14.436384299999993,-6.4555689983252025,8.17570348465904,lol-tes-jdg-2026-08-02
115548147900553451,lol-kt-hle1-2026-08-02-game2,2026-08-02T12:26:41+00:00,-7.662315435760834,-7.130291273333334,14.928774557083342,22.591089992844175,lol-kt-hle1-2026-08-02
116566854547769582,lol-tes-jdg-2026-08-02-game2,2026-08-02T13:10:17+00:00,-5.983174774791661,-5.29354166666666,14.491665403124992,20.474840177916654,lol-tes-jdg-2026-08-02
115548147900553452,lol-kt-hle1-2026-08-02,2026-08-02T13:18:09+00:00,-1.9470278509212726,-2.4546793508333358,-16.57203799188584,-14.625010140964564,lol-kt-hle1-2026-08-02
115548681803406264,lol-sk-g2-2026-08-02-game1,2026-08-02T15:08:34+00:00,-1.4881550556249967,-1.2726249999999968,2.008759522291672,3.496914577916669,lol-sk-g2-2026-08-02
115548681803406265,lol-sk-g2-2026-08-02-game2,2026-08-02T16:10:13+00:00,7.648290769166664,7.224216666666663,3.014598311310579,-4.633692457856085,lol-sk-g2-2026-08-02
115565671526403002,lol-fxw7-lll-2026-08-02-game1,2026-08-02T16:10:49+00:00,4.347750906780583,3.8319159533333327,10.678346707919474,6.330595801138891,lol-fxw7-lll-2026-08-02
115565671526403003,lol-fxw7-lll-2026-08-02-game2,2026-08-02T17:00:03+00:00,5.273853833541669,5.05614166666667,6.074210677707232,0.8003568441655643,lol-fxw7-lll-2026-08-02
115548681803406268,lol-fnc-mkoi-2026-08-02-game1,2026-08-02T17:19:26+00:00,-8.062754307744887,-7.747024685000013,5.245508229871956,13.308262537616843,lol-fnc-mkoi-2026-08-02
115548681803406269,lol-fnc-mkoi-2026-08-02-game2,2026-08-02T18:09:29+00:00,-7.202587328239852,-6.841161543333352,17.69499615134557,24.89758347958542,lol-fnc-mkoi-2026-08-02
115548681803406270,lol-fnc-mkoi-2026-08-02,2026-08-02T19:00:45+00:00,-0.3864199303758671,-0.6648479949999923,-3.2988556801901097,-2.9124357498142426,lol-fnc-mkoi-2026-08-02
115564797164345564,lol-ly-sr-2026-08-02-game1,2026-08-02T20:08:26+00:00,32.77067729444152,31.06054171916671,31.379957418840217,-1.390719875601307,lol-ly-sr-2026-08-02
115564797164345565,lol-ly-sr-2026-08-02-game2,2026-08-02T21:12:41+00:00,-0.7612296188615625,-0.7930333183333126,1.881211787017438,2.6424414058790004,lol-ly-sr-2026-08-02
116889604984222874,lol-bro1-foxy-2026-08-03-game1,2026-08-03T08:05:40+00:00,12.459959970245214,11.611883008333336,12.51421630500563,0.05425633476041732,lol-bro1-foxy-2026-08-03
116929376557102161,lol-gen-hle1-2026-08-03-game1,2026-08-03T08:17:08+00:00,-19.345482222056557,-19.018696723333306,25.10146622493289,44.44694844698944,lol-gen-hle1-2026-08-03
116889604984222875,lol-bro1-foxy-2026-08-03-game2,2026-08-03T08:57:27+00:00,4.223298933695916,4.254620396666667,-1.870876477916663,-6.094175411612579,lol-bro1-foxy-2026-08-03
116929376557102162,lol-gen-hle1-2026-08-03-game2,2026-08-03T09:01:51+00:00,-0.13555859998108122,-0.17704092833333118,0.37454953473958197,0.5101081347206632,lol-gen-hle1-2026-08-03
116889604984222876,lol-bro1-foxy-2026-08-03,2026-08-03T10:00:45+00:00,10.898699059683482,9.915061664999982,19.670221129740813,8.771522070057332,lol-bro1-foxy-2026-08-03
116929376557102157,lol-ns-t1-2026-08-03-game1,2026-08-03T10:32:20+00:00,6.119663551691958,6.193750168333334,12.350066766014983,6.230403214323023,lol-ns-t1-2026-08-03
116929376557102158,lol-ns-t1-2026-08-03-game2,2026-08-03T11:27:36+00:00,3.1510578855043447,3.386063144166657,-7.145484994686407,-10.296542880190751,lol-ns-t1-2026-08-03
116929376557102159,lol-ns-t1-2026-08-03,2026-08-03T12:14:51+00:00,-5.597629871543337,-5.947925973333336,-11.896416805354997,-6.2987869338116615,lol-ns-t1-2026-08-03
115548681803406152,lol-navi-shft-2026-08-03-game1,2026-08-03T15:09:08+00:00,5.902311794436714,6.45399564833334,-7.702564360728417,-13.604876155165131,lol-navi-shft-2026-08-03
115548681803406153,lol-navi-shft-2026-08-03-game2,2026-08-03T16:10:10+00:00,1.7672635103655019,1.7340160300000023,6.503624913582507,4.736361403217005,lol-navi-shft-2026-08-03
115548681803406140,lol-kc-th-2026-08-03-game1,2026-08-03T17:12:14+00:00,0.3773536208614569,0.30955320833333183,1.4815499272096184,1.1041963063481612,lol-kc-th-2026-08-03
115548681803406141,lol-kc-th-2026-08-03-game2,2026-08-03T18:12:24+00:00,4.14300630666667,4.3134666666666694,-4.143222467181887,-8.286228773848556,lol-kc-th-2026-08-03
116809240490152366,lol-ts3-vksa-2026-07-29,2026-08-03T19:05:11+00:00,-2.8966961526071557,-2.762453276666656,2.4673142937500026,5.364010446357159,lol-ts3-vksa-2026-07-29
116878159559860006,lol-leo-ll-2026-08-03,2026-08-03T19:48:11+00:00,-0.08955931250000003,-0.08750000000000002,-0.02208152039062501,0.06747779210937502,lol-leo-ll-2026-08-03
116809240490217964,lol-rmd-nerd-2026-08-03,2026-08-03T19:57:20+00:00,1.0431248978782839,0.3347468158333464,0.22273645461370192,-0.8203884432645819,lol-rmd-nerd-2026-08-03
116809240490152396,lol-ts3-itz-2026-08-03,2026-08-03T20:42:39+00:00,2.8900841762500122,2.381050000000013,5.753329828125017,2.8632456518750047,lol-ts3-itz-2026-08-03
116809240490152372,lol-pnga-vksa-2026-08-03,2026-08-03T21:28:24+00:00,4.7090874587903135,5.2982691375,-4.056144462048741,-8.765231920839055,lol-pnga-vksa-2026-08-03
116809240490152412,lol-7rex-est-2026-08-03,2026-08-03T22:17:39+00:00,0.0,0.0,0.0,0.0,lol-7rex-est-2026-08-03
116929376557102173,lol-t1-hle1-2026-08-04-game1,2026-08-04T06:15:08+00:00,2.373450974413322,2.611859483333322,5.87774587568133,3.5042949012680076,lol-t1-hle1-2026-08-04
116929376557102174,lol-t1-hle1-2026-08-04-game2,2026-08-04T07:19:24+00:00,14.318373130275534,13.149485022499972,20.00241874643166,5.6840456161561255,lol-t1-hle1-2026-08-04
116889604984222886,lol-genga-hle-2026-08-04-game1,2026-08-04T08:13:29+00:00,0.0,0.0,0.0,0.0,lol-genga-hle-2026-08-04
116929376557102175,lol-t1-hle1-2026-08-04,2026-08-04T08:26:04+00:00,10.052017559805721,9.769259202500034,19.099839571270547,9.047822011464824,lol-t1-hle1-2026-08-04
116889604984222887,lol-genga-hle-2026-08-04-game2,2026-08-04T09:07:23+00:00,-1.2844964885987546,-1.275924850000005,8.85848450791667,10.142980996515425,lol-genga-hle-2026-08-04
116929376557102177,lol-gen-dnf-2026-08-04-game1,2026-08-04T09:25:53+00:00,0.0,0.0,0.0,0.0,lol-gen-dnf-2026-08-04
116889604984222888,lol-genga-hle-2026-08-04,2026-08-04T09:57:09+00:00,0.4943549358234401,0.3950499125000026,0.5678007609179193,0.07344582509447926,lol-genga-hle-2026-08-04
116929376557102178,lol-gen-dnf-2026-08-04-game2,2026-08-04T10:18:35+00:00,-0.38433043395833505,-0.3564583333333351,0.48223845979166535,0.8665688937500006,lol-gen-dnf-2026-08-04
116889604984157246,lol-t1a-ktc-2026-08-04-game1,2026-08-04T11:03:02+00:00,4.269915290942504,4.159146660000004,13.195291472761872,8.925376181819368,lol-t1a-ktc-2026-08-04
116929376557102181,lol-bro2-drx-2026-08-04-game1,2026-08-04T11:20:59+00:00,7.81002531743832,7.064792733333319,10.833635439558035,3.0236101221197162,lol-bro2-drx-2026-08-04
116889604984157247,lol-t1a-ktc-2026-08-04-game2,2026-08-04T11:56:51+00:00,-1.5788535099363408,-1.4530732933333408,0.18950594375000118,1.768359453686342,lol-t1a-ktc-2026-08-04
116929376557102182,lol-bro2-drx-2026-08-04-game2,2026-08-04T12:16:48+00:00,5.876377361933641,5.866304490000016,-23.175748238593144,-29.05212560052679,lol-bro2-drx-2026-08-04
116929376557102183,lol-bro2-drx-2026-08-04,2026-08-04T13:13:13+00:00,1.2151128669644897,1.095261479166677,9.840744772292096,8.625631905327605,lol-bro2-drx-2026-08-04
116713163972559093,lol-es1-big1-2026-08-04-game1,2026-08-04T15:07:17+00:00,-1.2172937052116188,-1.361806759999994,-7.315109999844747,-6.097816294633128,lol-es1-big1-2026-08-04
117009042046526507,lol-lds-bce-2026-08-04-game1,2026-08-04T15:17:10+00:00,0.1993704556249997,0.19977500000000012,-6.269816574516501,-6.469187030141501,lol-lds-bce-2026-08-04
116713163972559094,lol-es1-big1-2026-08-04-game2,2026-08-04T16:03:08+00:00,0.0,0.0,0.46551039889925067,0.46551039889925067,lol-es1-big1-2026-08-04
116912368899990113,lol-ijc-sc-2026-08-04,2026-08-04T16:03:44+00:00,-67.29316952805031,-68.3687211325,-82.31762171326956,-15.024452185219252,lol-ijc-sc-2026-08-04
116793933806066833,lol-mcn-ban2-2026-08-04-game1,2026-08-04T17:13:15+00:00,0.0,0.0,0.0,0.0,lol-mcn-ban2-2026-08-04
116923238535448369,lol-mgz-tsc-2026-08-04,2026-08-04T17:49:47+00:00,0.0,0.0,2.298795124495333,2.298795124495333,lol-mgz-tsc-2026-08-04
116912368900055683,lol-zybesp-jl-2026-08-04,2026-08-04T17:59:56+00:00,-1.1532658820751471,-2.1375825508333346,-2.9257884304772723,-1.7725225484021252,lol-zybesp-jl-2026-08-04
116793933806066881,lol-ouat-znt-2026-08-04-game1,2026-08-04T18:09:58+00:00,0.0,0.0,0.0,0.0,lol-ouat-znt-2026-08-04
116912368900055727,lol-tlnpir-sly-2026-08-04,2026-08-04T19:14:13+00:00,16.671871710257054,16.260952481666678,25.687811029427056,9.015939319170004,lol-tlnpir-sly-2026-08-04
116793933806066883,lol-ouat-znt-2026-08-04,2026-08-04T19:49:51+00:00,6.022009200289026,5.974797750833338,10.754785319847379,4.732776119558353,lol-ouat-znt-2026-08-04
116809240490152358,lol-vksa-itz-2026-08-04,2026-08-04T20:04:46+00:00,-1.756860887500001,-1.774000000000001,-0.4333857275436477,1.3234751599563532,lol-vksa-itz-2026-08-04
116520721101367271,lol-maz-mg1-2026-08-04-game1,2026-08-04T20:07:20+00:00,9.51755632625,9.68135,0.14117124999999964,-9.376385076250001,lol-maz-mg1-2026-08-04
116923238535448313,lol-rlx-lps-2026-08-04,2026-08-04T20:14:49+00:00,0.0,0.0,0.0,0.0,lol-rlx-lps-2026-08-04
116912368899990139,lol-kcb-vitb-2026-08-04,2026-08-04T20:20:40+00:00,1.4662477979446622,2.015514006666662,-1.9560281275835107,-3.4222759255281727,lol-kcb-vitb-2026-08-04
116809240490152418,lol-reda-ts3-2026-08-04,2026-08-04T20:58:12+00:00,2.474822210120825,2.5267500833333245,-1.5818078266792497,-4.056630036800075,lol-reda-ts3-2026-08-04
116520721101367272,lol-maz-mg1-2026-08-04-game2,2026-08-04T21:09:34+00:00,0.650617841647396,0.7924250458333336,3.1260167308486495,2.4753988892012537,lol-maz-mg1-2026-08-04
116809240490152410,lol-7rex-rmd-2026-08-04,2026-08-04T22:14:52+00:00,1.1184283365156646,1.0468243066666647,-0.42698390827600896,-1.5454122447916736,lol-7rex-rmd-2026-08-04
116520721101367275,lol-maz-mg1-2026-08-04,2026-08-04T23:55:20+00:00,0.029934199808000172,0.027599960000000163,0.1073123723330001,0.07737817252499993,lol-maz-mg1-2026-08-04
116809240490217966,lol-est-nerd-2026-08-04,2026-08-04T23:56:40+00:00,-0.0200004,0.0,0.0200004,0.0400008,lol-est-nerd-2026-08-04
116889604984222854,lol-foxy-drxc-2026-08-05-game1,2026-08-05T05:06:39+00:00,17.78158496233637,16.691042824166686,24.746596952856013,6.965011990519643,lol-foxy-drxc-2026-08-05
116889604984222855,lol-foxy-drxc-2026-08-05-game2,2026-08-05T05:54:04+00:00,0.0,0.0,0.0,0.0,lol-foxy-drxc-2026-08-05
116889604984222856,lol-foxy-drxc-2026-08-05,2026-08-05T06:48:04+00:00,5.435586454519691,5.210470077500005,16.24338011498,10.807793660460307,lol-foxy-drxc-2026-08-05
115548147900684642,lol-bro2-ns-2026-08-05-game1,2026-08-05T08:04:59+00:00,2.764918095841839,3.388229228333339,-3.4023601449485334,-6.167278240790373,lol-bro2-ns-2026-08-05
115548147900684643,lol-bro2-ns-2026-08-05-game2,2026-08-05T09:07:24+00:00,-5.647576742611762,-5.482517760833325,-1.6283484606250003,4.019228281986762,lol-bro2-ns-2026-08-05
116566854547769633,lol-jdg-lgd-2026-08-05-game1,2026-08-05T09:12:56+00:00,4.062118442573655,3.557906870833342,-1.1296173397608846,-5.19173578233454,lol-jdg-lgd-2026-08-05
115548147900684644,lol-bro2-ns-2026-08-05,2026-08-05T09:59:31+00:00,-7.444143039933462,-8.036847399166652,-20.322795149232658,-12.878652109299194,lol-bro2-ns-2026-08-05
116566854547769634,lol-jdg-lgd-2026-08-05-game2,2026-08-05T10:15:14+00:00,3.176709528893758,2.824735975000008,-1.146822637491239,-4.3235321663849975,lol-jdg-lgd-2026-08-05
116566854547769635,lol-jdg-lgd-2026-08-05,2026-08-05T11:17:06+00:00,-5.868181945246545,-5.43730564666667,8.75889683651308,14.627078781759623,lol-jdg-lgd-2026-08-05
115548147900553446,lol-hle1-gen-2026-08-05-game1,2026-08-05T11:19:11+00:00,1.59761284870787,2.1373513549999945,-6.569072638896544,-8.166685487604415,lol-hle1-gen-2026-08-05
115548147900553447,lol-hle1-gen-2026-08-05-game2,2026-08-05T12:23:08+00:00,-10.311358650257999,-9.13423847,15.334256942431276,25.64561559268928,lol-hle1-gen-2026-08-05
115548147900553448,lol-hle1-gen-2026-08-05,2026-08-05T13:15:31+00:00,1.7539829331500354,1.4282143408333479,14.587654951813667,12.833672018663632,lol-hle1-gen-2026-08-05
116566854547769590,lol-edg-tes-2026-08-05-game2,2026-08-05T13:29:18+00:00,2.257910273124983,1.826274999999983,-38.45660416974089,-40.71451444286587,lol-edg-tes-2026-08-05
116713163972559109,lol-sge-ewi-2026-08-05-game1,2026-08-05T15:04:38+00:00,0.5067516022137547,0.4880598500000047,1.730330904844167,1.2235793026304123,lol-sge-ewi-2026-08-05
116833506932193692,lol-gxp-lua-2026-08-05-game1,2026-08-05T15:15:12+00:00,-1.810918066250007,-1.912100000000007,-7.201762061171391,-5.3908439949213856,lol-gxp-lua-2026-08-05
116912368900055717,lol-tlnpir-gal-2026-08-05,2026-08-05T16:06:17+00:00,-0.07878286458333382,-0.10548333333333382,0.06802771885133382,0.14681058343466766,lol-tlnpir-gal-2026-08-05
116838220144638636,lol-pcific-bw-2026-08-05-game1,2026-08-05T16:32:26+00:00,0.0,0.0,0.0,0.0,lol-pcific-bw-2026-08-05
116833506932193694,lol-gxp-lua-2026-08-05,2026-08-05T16:53:21+00:00,1.495457580208332,1.4620083333333322,3.7730495727083277,2.2775919924999957,lol-gxp-lua-2026-08-05
116713163972559111,lol-sge-ewi-2026-08-05,2026-08-05T16:57:01+00:00,-0.8201764732256703,-0.6314038766666702,1.6547359241675237,2.474912397393194,lol-sge-ewi-2026-08-05
116912368900055677,lol-es-jl-2026-08-05,2026-08-05T17:08:19+00:00,-0.22801496729166792,-0.1421916666666679,3.503644493333331,3.7316594606249995,lol-es-jl-2026-08-05
116838220144638637,lol-pcific-bw-2026-08-05-game2,2026-08-05T17:40:07+00:00,-1.1728480106250012,-1.0402750000000012,0.9830921977083343,2.1559402083333357,lol-pcific-bw-2026-08-05
116833506932193704,lol-ucam1-koia-2026-08-05-game1,2026-08-05T17:56:11+00:00,2.760257372124162,3.3362343566666617,-3.628174108330898,-6.388431480455061,lol-ucam1-koia-2026-08-05
116912368900055729,lol-kcb-sly-2026-08-05,2026-08-05T18:15:17+00:00,0.0,0.0,0.0,0.0,lol-kcb-sly-2026-08-05
116838220144638638,lol-pcific-bw-2026-08-05,2026-08-05T18:48:25+00:00,-0.014763394530316868,-0.07968478750000448,-7.9732712495303195,-7.9585078550000015,lol-pcific-bw-2026-08-05
116833506932193705,lol-ucam1-koia-2026-08-05-game2,2026-08-05T18:54:28+00:00,1.198226725416667,1.2607166666666672,-1.9901632375000051,-3.188389962916672,lol-ucam1-koia-2026-08-05
116912368900055705,lol-zybesp-ijc-2026-08-05,2026-08-05T19:11:04+00:00,-13.851687426068585,-13.11439767750002,-13.050655160975301,0.8010322650932816,lol-zybesp-ijc-2026-08-05
116837891489386974,lol-domi-hype-2026-08-05,2026-08-05T19:44:50+00:00,0.0,0.0,0.037288125,0.037288125,lol-domi-hype-2026-08-05
116912368899924571,lol-vitb-sc-2026-08-05,2026-08-05T20:09:20+00:00,-15.367261225757181,-15.374540447499994,15.740696807870938,31.10795803362812,lol-vitb-sc-2026-08-05
116809240490217976,lol-est-rmd-2026-08-05,2026-08-05T20:50:57+00:00,0.0,0.0,0.0,0.0,lol-est-rmd-2026-08-05
116884625259372843,lol-blue-wu-2026-08-05-game1,2026-08-05T21:08:26+00:00,-9.384507081522036,-8.117759105833349,12.994209821150006,22.378716902672043,lol-blue-wu-2026-08-05
116837891489386977,lol-nort-wd-2026-08-05-game2,2026-08-05T21:34:31+00:00,0.0,0.0,0.014545208333333231,0.014545208333333231,lol-nort-wd-2026-08-05
116884625259372844,lol-blue-wu-2026-08-05-game2,2026-08-05T22:03:25+00:00,3.030486420625001,3.665225000000001,-4.6538183604750065,-7.684304781100007,lol-blue-wu-2026-08-05
116809240490152362,lol-reda-vksa-2026-08-05,2026-08-05T22:24:56+00:00,0.0,0.0,0.07363733333333339,0.07363733333333339,lol-reda-vksa-2026-08-05
116884625259372845,lol-blue-wu-2026-08-05,2026-08-05T22:56:42+00:00,18.602389195073027,17.309367021666656,16.175749511641975,-2.426639683431054,lol-blue-wu-2026-08-05
116809240490152402,lol-itz-pnga-2026-08-05,2026-08-05T23:09:14+00:00,-6.732119484018331,-6.835687883333331,-4.316122289626875,2.4159971943914553,lol-itz-pnga-2026-08-05
116884625082949876,lol-nrg-cpd-2026-08-05-game1,2026-08-05T23:59:40+00:00,2.717730502594378,2.8935360250000017,-10.622929737770209,-13.340660240364585,lol-nrg-cpd-2026-08-05
116884625082949877,lol-nrg-cpd-2026-08-05-game2,2026-08-06T00:48:12+00:00,-0.395783333333331,-0.333333333333331,0.3972155122738139,0.792998845607145,lol-nrg-cpd-2026-08-05
116889604984157250,lol-dnsc-t1a-2026-08-06-game1,2026-08-06T05:07:55+00:00,0.28004611041666744,0.30381666666666735,3.710554459375006,3.4305083489583392,lol-dnsc-t1a-2026-08-06
116889604984222890,lol-bro1-genga-2026-08-06-game1,2026-08-06T05:08:27+00:00,-14.062434258374202,-13.622188368333328,0.09116966228933236,14.153603920663533,lol-bro1-genga-2026-08-06
116889604984157251,lol-dnsc-t1a-2026-08-06-game2,2026-08-06T05:57:24+00:00,13.918835424721246,13.178258019999996,29.309211388399863,15.390375963678617,lol-dnsc-t1a-2026-08-06
116889604984222891,lol-bro1-genga-2026-08-06-game2,2026-08-06T06:11:10+00:00,3.38810587346267,3.46156028666667,-3.5473987572816665,-6.935504630744337,lol-bro1-genga-2026-08-06
116889604984157252,lol-dnsc-t1a-2026-08-06,2026-08-06T07:02:07+00:00,0.29743941974998434,0.2497987441666718,-0.5365478318896849,-0.8339872516396692,lol-dnsc-t1a-2026-08-06
116889604984222892,lol-bro1-genga-2026-08-06,2026-08-06T07:06:03+00:00,0.0,0.0,0.0,0.0,lol-bro1-genga-2026-08-06
116566854547769649,lol-lgd-tt-2026-08-06-game1,2026-08-06T07:13:37+00:00,10.542317254806317,10.681679773333316,-1.5535600142030435,-12.095877269009362,lol-lgd-tt-2026-08-06
115548147900684666,lol-drx-dnf-2026-08-06-game1,2026-08-06T08:07:44+00:00,-0.42307250969481264,-0.2998196825000002,1.98812798604167,2.411200495736483,lol-drx-dnf-2026-08-06
116566854547769650,lol-lgd-tt-2026-08-06-game2,2026-08-06T08:11:45+00:00,2.0739074802047286,1.8021675791666663,11.777896824287147,9.703989344082418,lol-lgd-tt-2026-08-06
115548147900684667,lol-drx-dnf-2026-08-06-game2,2026-08-06T08:57:35+00:00,42.4162382296131,41.22016641416666,49.14130008378251,6.725061854169411,lol-drx-dnf-2026-08-06
116566854547769651,lol-lgd-tt-2026-08-06,2026-08-06T09:06:55+00:00,3.832110029140269,4.545927100000018,17.61258980046082,13.780479771320552,lol-lgd-tt-2026-08-06
115570814727903868,lol-shg-gz-2026-08-06-game1,2026-08-06T09:18:22+00:00,1.0328250675969917,1.4262384399999917,-5.331683649752006,-6.364508717348997,lol-shg-gz-2026-08-06
115548147900553466,lol-dk-t1-2026-08-06-game1,2026-08-06T10:15:41+00:00,14.477657112604819,13.856813517500006,46.508731924239235,32.03107481163442,lol-dk-t1-2026-08-06
116566854547835309,lol-ig1-nip-2026-08-06-game1,2026-08-06T10:22:31+00:00,3.243628034170401,2.8103631208333386,-0.22336034781340539,-3.466988381983807,lol-ig1-nip-2026-08-06
115570814727903869,lol-shg-gz-2026-08-06-game2,2026-08-06T10:31:27+00:00,0.0,0.0,0.0,0.0,lol-shg-gz-2026-08-06
115548147900553467,lol-dk-t1-2026-08-06-game2,2026-08-06T11:06:54+00:00,2.014917488243557,2.1435825974999947,9.096665788124232,7.081748299880676,lol-dk-t1-2026-08-06
116566854547835310,lol-ig1-nip-2026-08-06-game2,2026-08-06T11:21:38+00:00,12.272367908536209,11.171149478333334,17.175324506836766,4.902956598300558,lol-ig1-nip-2026-08-06
115570814727903870,lol-shg-gz-2026-08-06-game3,2026-08-06T11:22:02+00:00,-0.7575781153485025,-0.8894981800000026,0.3144859565114077,1.0720640718599104,lol-shg-gz-2026-08-06
116566854547835311,lol-ig1-nip-2026-08-06,2026-08-06T12:20:03+00:00,7.126580558974166,5.853199412499979,17.39521076161296,10.268630202638793,lol-ig1-nip-2026-08-06
116566854547769597,lol-we-al-2026-08-06-game1,2026-08-06T13:49:40+00:00,-2.388156414580615,-2.01321742499999,12.584924867445801,14.973081282026415,lol-we-al-2026-08-06
116566854547769598,lol-we-al-2026-08-06-game2,2026-08-06T14:50:21+00:00,4.256570280729743,4.162647700833305,29.500909629453616,25.244339348723873,lol-we-al-2026-08-06
116713163972559125,lol-g2nord-use1-2026-08-06-game1,2026-08-06T15:06:14+00:00,2.3974288231922087,2.034139787500021,3.4121205489733732,1.0146917257811647,lol-g2nord-use1-2026-08-06
116713163972559126,lol-g2nord-use1-2026-08-06-game2,2026-08-06T15:56:57+00:00,1.0686015504992703,1.1439956358333327,-0.41081794374049824,-1.4794194942397685,lol-g2nord-use1-2026-08-06
116912368900055687,lol-tlnpir-jl-2026-08-06,2026-08-06T16:06:14+00:00,7.40813222650625,7.4035002500000004,-31.979956437103997,-39.388088663610255,lol-tlnpir-jl-2026-08-06
116696189685662248,lol-hmble-ae2-2026-08-06,2026-08-06T16:08:14+00:00,0.0,0.0,0.0,0.0,lol-hmble-ae2-2026-08-06
116838220144638642,lol-dp-phx2-2026-08-06,2026-08-06T16:32:51+00:00,0.0,0.0,0.0,0.0,lol-dp-phx2-2026-08-06
116713163972559127,lol-g2nord-use1-2026-08-06,2026-08-06T16:55:25+00:00,-5.756552022255498,-5.611992619999999,0.0,5.756552022255498,lol-g2nord-use1-2026-08-06
116833506932128106,lol-hrts-ub-2026-08-06,2026-08-06T17:01:42+00:00,0.0,0.0,0.0,0.0,lol-hrts-ub-2026-08-06
116912368899990123,lol-kcb-sc-2026-08-06,2026-08-06T17:04:52+00:00,-12.704643156642396,-12.999855605833334,-55.619768745339684,-42.915125588697286,lol-kcb-sc-2026-08-06
116696189685662264,lol-gmb-zena-2026-08-06,2026-08-06T17:53:29+00:00,0.0,0.0,0.0,0.0,lol-gmb-zena-2026-08-06
116713163972559089,lol-ross-big1-2026-08-06-game1,2026-08-06T17:53:31+00:00,-3.9646989822916563,-3.8503416666666563,4.762710014048965,8.727408996340621,lol-ross-big1-2026-08-06
116912368900055691,lol-ijc-es-2026-08-06,2026-08-06T18:20:41+00:00,-3.4019659290166744,-3.2844769166666747,1.3484316375000012,4.750397566516676,lol-ijc-es-2026-08-06
116713163972559090,lol-ross-big1-2026-08-06-game2,2026-08-06T18:42:16+00:00,0.0,0.0,0.0,0.0,lol-ross-big1-2026-08-06
116912368900055715,lol-sly-gal-2026-08-06,2026-08-06T19:04:28+00:00,5.877817533809605,6.010670858333356,22.298393489096412,16.420575955286807,lol-sly-gal-2026-08-06
116912368899990133,lol-zybesp-vitb-2026-08-06,2026-08-06T19:56:47+00:00,-2.945940139583309,-2.7446833333333096,5.314163250833336,8.260103390416644,lol-zybesp-vitb-2026-08-06
116837891489386990,lol-zzg-exg-2026-08-06,2026-08-06T20:18:47+00:00,0.0,0.0,-1.4648792187500002,-1.4648792187500002,lol-zzg-exg-2026-08-06
116884625134461192,lol-mvu-ccg-2026-08-06-game1,2026-08-06T21:13:05+00:00,47.520967435283694,45.5193810266667,49.75230045878228,2.2313330234985815,lol-mvu-ccg-2026-08-06
116884625134461193,lol-mvu-ccg-2026-08-06-game2,2026-08-06T22:06:29+00:00,0.7270053126220105,0.7010428400000106,-8.635213504552722,-9.362218817174734,lol-mvu-ccg-2026-08-06
116884625134461194,lol-mvu-ccg-2026-08-06,2026-08-06T22:53:12+00:00,2.268830555016344,1.4920505475000307,-7.310208701347643,-9.579039256363986,lol-mvu-ccg-2026-08-06
116837891489386994,lol-tung-pane-2026-08-06,2026-08-06T23:12:31+00:00,-0.9368517531249966,-0.9253749999999966,1.0690438002083325,2.005895553333329,lol-tung-pane-2026-08-06
116884625050247397,lol-cnv-cont-2026-08-06-game1,2026-08-06T23:55:58+00:00,9.325017991394114,9.142287944166677,34.90491319609412,25.579895204700005,lol-cnv-cont-2026-08-06
116884625050247398,lol-cnv-cont-2026-08-06-game2,2026-08-07T00:53:04+00:00,-6.297039942826484,-6.020127169999985,3.3499306038499914,9.646970546676476,lol-cnv-cont-2026-08-06
116566854547769637,lol-jdg-edg-2026-08-07-game1,2026-08-07T07:20:16+00:00,-0.26568499583333327,-0.23148333333333326,0.9730245791666666,1.238709575,lol-jdg-edg-2026-08-07
115548147900553470,lol-kt-gen-2026-08-07-game1,2026-08-07T08:07:47+00:00,-1.2187292404928292,-0.7301077275000161,24.571347891073458,25.79007713156629,lol-kt-gen-2026-08-07
116566854547769638,lol-jdg-edg-2026-08-07-game2,2026-08-07T08:33:14+00:00,-4.635075616060034,-4.484117971666659,13.232815729843397,17.86789134590343,lol-jdg-edg-2026-08-07
115548147900553471,lol-kt-gen-2026-08-07-game2,2026-08-07T08:59:48+00:00,6.590683312297339,5.646550967500026,6.632537492746532,0.04185418044919221,lol-kt-gen-2026-08-07
115570814727903886,lol-dfm-gam-2026-08-07-game1,2026-08-07T09:16:28+00:00,0.0,0.0,0.30007572718749825,0.30007572718749825,lol-dfm-gam-2026-08-07
116566854547769725,lol-we-tt-2026-08-07-game1,2026-08-07T09:43:42+00:00,0.8838445150129575,0.8826699283333342,-38.18803111264219,-39.07187562765515,lol-we-tt-2026-08-07
115548147900684634,lol-fox1-bro2-2026-08-07-game1,2026-08-07T10:11:36+00:00,2.401223197054428,2.4046871716666787,8.997497066195727,6.5962738691412985,lol-fox1-bro2-2026-08-07
115570814727903887,lol-dfm-gam-2026-08-07-game2,2026-08-07T10:20:40+00:00,6.631088369231871,6.281508524999995,8.6583071068901,2.0272187376582287,lol-dfm-gam-2026-08-07
116566854547769726,lol-we-tt-2026-08-07-game2,2026-08-07T10:33:33+00:00,-7.2705567543495055,-8.280776090000005,-5.771497237266176,1.499059517083329,lol-we-tt-2026-08-07
115570814727903888,lol-dfm-gam-2026-08-07-game3,2026-08-07T11:12:02+00:00,-6.824722597551421,-6.954180426666672,-19.41775469520267,-12.593032097651252,lol-dfm-gam-2026-08-07
115548147900684635,lol-fox1-bro2-2026-08-07-game2,2026-08-07T11:12:18+00:00,0.8554902970695761,1.307000358333326,1.3963106072916567,0.5408203102220809,lol-fox1-bro2-2026-08-07
116566854547704009,lol-blg-tes-2026-08-07-game1,2026-08-07T12:49:11+00:00,-1.4496562614828719,-0.5867805449999969,1.645363403595381,3.095019665078253,lol-blg-tes-2026-08-07
115548681803406208,lol-shft-gx-2026-08-07-game1,2026-08-07T15:10:06+00:00,-0.5819426308054295,-0.4593789366666794,3.14610096599745,3.72804359680288,lol-shft-gx-2026-08-07
115548681803406209,lol-shft-gx-2026-08-07-game2,2026-08-07T16:06:15+00:00,66.88608561935276,65.17872855833338,68.52056953714764,1.6344839177948767,lol-shft-gx-2026-08-07
115548681803406210,lol-shft-gx-2026-08-07,2026-08-07T17:03:46+00:00,6.108429657161682,5.9690742966666805,39.28114499558951,33.17271533842783,lol-shft-gx-2026-08-07
115548681803406136,lol-th-fnc-2026-08-07-game1,2026-08-07T17:56:45+00:00,0.9092523529166389,0.9024166666666389,-0.1332200069050549,-1.0424723598216936,lol-th-fnc-2026-08-07
115548681803406137,lol-th-fnc-2026-08-07-game2,2026-08-07T18:48:27+00:00,1.4782602130853497,1.9759921483333498,0.2413480776063446,-1.2369121354790051,lol-th-fnc-2026-08-07
115548681803406138,lol-th-fnc-2026-08-07,2026-08-07T19:40:33+00:00,-2.7805757358418894,-3.0794397508333273,-3.8406446277624706,-1.0600688919205805,lol-th-fnc-2026-08-07
116884625292665141,lol-blue-dog-2026-08-07-game1,2026-08-07T21:09:25+00:00,-0.04727999999999997,-0.04999999999999997,-0.02651968750000001,0.02076031249999996,lol-blue-dog-2026-08-07
115565671526403042,lol-vks-fxw7-2026-08-07-game1,2026-08-07T21:10:07+00:00,0.36630037445834457,0.06645833333334483,4.645730027765347,4.279429653307003,lol-vks-fxw7-2026-08-07
115565671526403043,lol-vks-fxw7-2026-08-07-game2,2026-08-07T22:01:40+00:00,-0.3996951412535948,0.23616619666665514,6.5220984001194156,6.9217935413730105,lol-vks-fxw7-2026-08-07
116884625292665142,lol-blue-dog-2026-08-07-game2,2026-08-07T22:05:33+00:00,-13.99467518291032,-14.545801853333321,-12.708674141547192,1.2860010413631282,lol-blue-dog-2026-08-07
115565671526403044,lol-vks-fxw7-2026-08-07,2026-08-07T22:50:50+00:00,1.2155284685568668,1.1788525291666794,3.1144207294212194,1.8988922608643526,lol-vks-fxw7-2026-08-07
116884625182630167,lol-mvu-cont-2026-08-07-game1,2026-08-07T23:05:16+00:00,9.740544409721545,10.13066803166667,-7.674769276204579,-17.415313685926122,lol-mvu-cont-2026-08-07
115565671526402950,lol-fur-lll-2026-08-07-game1,2026-08-07T23:48:50+00:00,2.770168587283227,2.6381130699999766,-4.416818129320151,-7.186986716603378,lol-fur-lll-2026-08-07
116884625182630168,lol-mvu-cont-2026-08-07-game2,2026-08-08T00:10:14+00:00,-0.009503237985205951,-0.12388590833333095,0.2967228423736689,0.3062260803588749,lol-mvu-cont-2026-08-07
115565671526402951,lol-fur-lll-2026-08-07-game2,2026-08-08T00:46:19+00:00,-11.343115944494357,-11.641596469166672,-20.133577866406636,-8.790461921912277,lol-fur-lll-2026-08-07
115548147900553442,lol-t1-hle1-2026-08-08-game1,2026-08-08T08:08:18+00:00,19.864341340190983,19.51397483416667,35.725272626955835,15.86093128676485,lol-t1-hle1-2026-08-08
115548147900553443,lol-t1-hle1-2026-08-08-game2,2026-08-08T08:59:12+00:00,8.310226014878827,7.893870443333326,-5.2834861626398375,-13.593712177518663,lol-t1-hle1-2026-08-08
115570814727903874,lol-dcg-mvk-2026-08-07-game1,2026-08-08T09:18:48+00:00,20.192893035833322,20.52043333333332,-44.615499004560455,-64.80839204039377,lol-dcg-mvk-2026-08-07
116566854547769733,lol-lgd-al-2026-08-08-game1,2026-08-08T09:37:30+00:00,15.739494200463383,15.043271791666632,56.55283355581173,40.81333935534834,lol-lgd-al-2026-08-08
115548147900553444,lol-t1-hle1-2026-08-08,2026-08-08T09:56:52+00:00,-17.147317899001035,-17.52666836249997,-34.62401605671423,-17.476698157713194,lol-t1-hle1-2026-08-08
115570814727903875,lol-dcg-mvk-2026-08-07-game2,2026-08-08T10:15:24+00:00,-1.3450032866666628,-1.3960166666666627,-5.110553074583329,-3.7655497879166666,lol-dcg-mvk-2026-08-07
116566854547769734,lol-lgd-al-2026-08-08-game2,2026-08-08T10:40:13+00:00,-0.9289786545477496,-0.9458796399999997,-0.8310706517603833,0.0979080027873664,lol-lgd-al-2026-08-08
115570814727903876,lol-dcg-mvk-2026-08-07-game3,2026-08-08T11:10:58+00:00,16.93492271861912,15.321875344999995,19.157486267839317,2.2225635492201974,lol-dcg-mvk-2026-08-07
115548147900684670,lol-ns-dnf-2026-08-08-game1,2026-08-08T11:16:41+00:00,-0.941962092754325,-0.7678550883333249,5.989661233932295,6.931623326686619,lol-ns-dnf-2026-08-08
116566854547769677,lol-blg-edg-2026-08-08-game1,2026-08-08T11:57:15+00:00,1.3979633249111434,1.478655380833331,5.421188568541673,4.02322524363053,lol-blg-edg-2026-08-08
115570814727903877,lol-dcg-mvk-2026-08-07-game4,2026-08-08T12:06:02+00:00,2.1140255712914793,1.8437736899999801,21.753163766906795,19.639138195615317,lol-dcg-mvk-2026-08-07
115548147900684671,lol-ns-dnf-2026-08-08-game2,2026-08-08T12:14:03+00:00,15.146988004917377,13.095941975000002,18.50635647586654,3.3593684709491605,lol-ns-dnf-2026-08-08
116566854547769678,lol-blg-edg-2026-08-08-game2,2026-08-08T12:53:59+00:00,0.0,0.0,0.0,0.0,lol-blg-edg-2026-08-08
115570814727903878,lol-dcg-mvk-2026-08-07,2026-08-08T12:57:29+00:00,8.915294083403312,8.513209772499998,10.713591261413248,1.7982971780099353,lol-dcg-mvk-2026-08-07
115548681803406160,lol-sk-navi-2026-08-08-game1,2026-08-08T15:12:31+00:00,8.72695659090189,8.591060090833327,18.96492932859253,10.237972737690638,lol-sk-navi-2026-08-08
115548681803406161,lol-sk-navi-2026-08-08-game2,2026-08-08T16:03:21+00:00,-7.290775772828109,-7.067894674999984,-6.44947182460071,0.8413039482273987,lol-sk-navi-2026-08-08
115548681803406162,lol-sk-navi-2026-08-08,2026-08-08T16:55:47+00:00,-0.8503344025000154,-0.3545000000000149,-0.3173004798377214,0.5330339226622938,lol-sk-navi-2026-08-08
115565671526402986,lol-los-lev-2026-08-08-game1,2026-08-08T17:56:50+00:00,0.3440087900000028,0.35375000000000273,-0.8409456868749988,-1.1849544768750018,lol-los-lev-2026-08-08
115548681803406236,lol-mkoi-gx-2026-08-08-game1,2026-08-08T18:02:45+00:00,1.2318956382497794,0.910104270833342,-3.4737064284219916,-4.705602066671772,lol-mkoi-gx-2026-08-08
115548681803406237,lol-mkoi-gx-2026-08-08-game2,2026-08-08T18:54:48+00:00,5.167858234319399,5.0385775300000235,4.719451671556202,-0.44840656276319785,lol-mkoi-gx-2026-08-08
115564797163886744,lol-c9-dsg-2026-08-08-game1,2026-08-08T20:07:06+00:00,2.390576697836496,2.274914284999996,7.967529841804953,5.576953143968456,lol-c9-dsg-2026-08-08
115564797163886745,lol-c9-dsg-2026-08-08-game2,2026-08-08T20:47:53+00:00,-0.13499865000000003,0.0,0.13499865000000003,0.26999730000000005,lol-c9-dsg-2026-08-08
115564797163886746,lol-c9-dsg-2026-08-08,2026-08-08T21:50:51+00:00,0.0,0.0,0.04407198449012517,0.04407198449012517,lol-c9-dsg-2026-08-08
115564797163821196,lol-sen-sr-2026-08-08-game1,2026-08-08T22:36:26+00:00,1.4111264577326377,1.5222335066666377,-0.7849928752083245,-2.1961193329409627,lol-sen-sr-2026-08-08
115564797163821197,lol-sen-sr-2026-08-08-game2,2026-08-08T23:25:36+00:00,-0.5647312692031242,-0.5433926249999997,16.067372753154178,16.6321040223573,lol-sen-sr-2026-08-08
115564797163821198,lol-sen-sr-2026-08-08,2026-08-09T00:22:06+00:00,3.163959473080921,3.503670571666671,3.7787559936659147,0.614796520584994,lol-sen-sr-2026-08-08
116566854547835329,lol-ig1-lng-2026-08-09-game1,2026-08-09T07:15:30+00:00,-0.6634683330967905,-0.6222352016666655,1.2321331394032133,1.8956014725000039,lol-ig1-lng-2026-08-09
115548147900553478,lol-dk-kt-2026-08-09-game1,2026-08-09T08:07:13+00:00,-20.65025277123251,-22.971626130833318,-26.193512314242323,-5.543259543009813,lol-dk-kt-2026-08-09
116566854547835330,lol-ig1-lng-2026-08-09-game2,2026-08-09T08:16:44+00:00,11.239153811895962,11.103651887500023,37.45377204007908,26.214618228183124,lol-ig1-lng-2026-08-09
115548147900553479,lol-dk-kt-2026-08-09-game2,2026-08-09T08:57:23+00:00,15.713016859098582,13.997892906666706,24.961604298956132,9.248587439857552,lol-dk-kt-2026-08-09
115570814727903880,lol-cfo-gz-2026-08-09-game1,2026-08-09T09:23:54+00:00,19.03327461833202,18.841977970000016,14.335480668920114,-4.697793949411902,lol-cfo-gz-2026-08-09
116566854547769705,lol-tt-tes-2026-08-09-game1,2026-08-09T09:29:08+00:00,-1.0889395555527923,-0.7165451816666674,3.7239095728537106,4.812849128406502,lol-tt-tes-2026-08-09
115548147900553480,lol-dk-kt-2026-08-09,2026-08-09T09:51:37+00:00,-3.5809133824905484,-3.7362017616666736,-0.20402414661596838,3.37688923587458,lol-dk-kt-2026-08-09
115570814727903881,lol-cfo-gz-2026-08-09-game2,2026-08-09T10:23:49+00:00,-6.011251924618253,-6.6765462350000035,-5.861293188605401,0.14995873601285098,lol-cfo-gz-2026-08-09
116566854547769706,lol-tt-tes-2026-08-09-game2,2026-08-09T10:25:12+00:00,22.123173384757013,20.98768104083333,29.148244888827165,7.025071504070149,lol-tt-tes-2026-08-09
115548147900684650,lol-fox1-drx-2026-08-09-game1,2026-08-09T11:01:15+00:00,24.885689762220295,23.388400027499983,38.354865360332,13.469175598111702,lol-fox1-drx-2026-08-09
115570814727903882,lol-cfo-gz-2026-08-09-game3,2026-08-09T11:19:32+00:00,2.573084394557815,2.9865250625000024,9.413544490858838,6.840460096301023,lol-cfo-gz-2026-08-09
116566854547769713,lol-jdg-we-2026-08-09-game1,2026-08-09T11:33:03+00:00,-11.79480065127398,-12.099829308333353,5.563118470626255,17.357919121900235,lol-jdg-we-2026-08-09
115548147900684651,lol-fox1-drx-2026-08-09-game2,2026-08-09T11:52:21+00:00,2.5383833680124304,3.1959265566666804,0.2340358703052913,-2.304347497707139,lol-fox1-drx-2026-08-09
115570814727903883,lol-cfo-gz-2026-08-09-game4,2026-08-09T12:10:59+00:00,5.745865086030747,5.706034174999998,2.081602980629509,-3.6642621054012388,lol-cfo-gz-2026-08-09
116566854547769714,lol-jdg-we-2026-08-09-game2,2026-08-09T12:28:14+00:00,-1.7328997629597083,-2.986411027500021,2.255880376170642,3.9887801391303506,lol-jdg-we-2026-08-09
115548681803406144,lol-th-g2-2026-08-09-game1,2026-08-09T15:08:51+00:00,-3.8846630433951286,-3.750338425000003,5.057284618818662,8.94194766221379,lol-th-g2-2026-08-09
115548681803406145,lol-th-g2-2026-08-09-game2,2026-08-09T16:05:26+00:00,0.45488957374828787,0.47052965166666255,8.041886391601773,7.586996817853485,lol-th-g2-2026-08-09
115565671526403014,lol-lll-vks-2026-08-09-game1,2026-08-09T16:08:17+00:00,3.8384723879812834,3.6049379308333456,15.585862348902443,11.74738996092116,lol-lll-vks-2026-08-09
115548681803406280,lol-fnc-kc-2026-08-09-game1,2026-08-09T16:56:08+00:00,0.6418845046891436,0.46040831666664356,4.000408422235883,3.358523917546739,lol-fnc-kc-2026-08-09
115565671526403015,lol-lll-vks-2026-08-09-game2,2026-08-09T17:01:36+00:00,8.060088276074877,7.967674615000004,18.338444304824844,10.278356028749966,lol-lll-vks-2026-08-09
115548681803406281,lol-fnc-kc-2026-08-09-game2,2026-08-09T17:50:04+00:00,0.08840756824866024,0.16760095166666034,2.5259722066113306,2.437564638362671,lol-fnc-kc-2026-08-09
115565671526402958,lol-fxw7-fur-2026-08-09-game1,2026-08-09T17:55:24+00:00,3.937887051219871,4.060180734999996,12.672273320194874,8.734386268975001,lol-fxw7-fur-2026-08-09
115565671526402959,lol-fxw7-fur-2026-08-09-game2,2026-08-09T18:41:03+00:00,-12.861500060104143,-12.796672416666645,-27.780833854270814,-14.919333794166674,lol-fxw7-fur-2026-08-09
115564797163886772,lol-dig-ly-2026-08-09-game1,2026-08-09T20:08:36+00:00,0.0,0.0,0.0,0.0,lol-dig-ly-2026-08-09
115564797163886773,lol-dig-ly-2026-08-09-game2,2026-08-09T20:57:23+00:00,-1.5186350356037701,-1.4721166308333327,2.5511394252838575,4.069774460887627,lol-dig-ly-2026-08-09
116929376557102185,lol-hle1-gen-2026-08-10-game1,2026-08-10T06:15:27+00:00,3.583094828152149,3.144856610833337,5.7722689330890224,2.189174104936873,lol-hle1-gen-2026-08-10
116929376557102186,lol-hle1-gen-2026-08-10-game2,2026-08-10T07:08:43+00:00,-8.753233371171229,-9.430248599166667,-2.2235095504018383,6.529723820769391,lol-hle1-gen-2026-08-10
116929376557102187,lol-hle1-gen-2026-08-10,2026-08-10T08:06:55+00:00,21.77931307197579,20.361717257499972,36.285818627550164,14.506505555574378,lol-hle1-gen-2026-08-10
116929376557102189,lol-dnf-drx-2026-08-10-game1,2026-08-10T09:07:38+00:00,-41.31028002416664,-41.78266666666664,-71.74034656178863,-30.43006653762198,lol-dnf-drx-2026-08-10
116929376557102190,lol-dnf-drx-2026-08-10-game2,2026-08-10T10:01:05+00:00,-6.306394038317349,-4.076884853333349,6.895877239391003,13.20227127770835,lol-dnf-drx-2026-08-10
116929376557102191,lol-dnf-drx-2026-08-10,2026-08-10T10:59:49+00:00,-3.364521734892642,-3.8615926358333295,17.339790167878707,20.70431190277135,lol-dnf-drx-2026-08-10
116889604984222926,lol-hle-genga-2026-08-10-game1,2026-08-10T11:00:54+00:00,6.0904907992934545,6.3784836933333295,-2.123930359378625,-8.21442115867208,lol-hle-genga-2026-08-10
116889604984222927,lol-hle-genga-2026-08-10-game2,2026-08-10T11:54:47+00:00,0.0,0.0,0.0,0.0,lol-hle-genga-2026-08-10
116929376557102193,lol-gen-dnf-2026-08-10-game1,2026-08-10T12:00:27+00:00,-0.11230235436220519,-0.4007029783333304,1.400353762139379,1.512656116501584,lol-gen-dnf-2026-08-10
116929376557102194,lol-gen-dnf-2026-08-10-game2,2026-08-10T12:52:24+00:00,-0.4943178788010412,-0.4688810916666662,0.0,0.4943178788010412,lol-gen-dnf-2026-08-10
115548681803406188,lol-sk-vit-2026-08-10-game1,2026-08-10T15:07:42+00:00,-5.363019304841015,-4.559010230000016,-2.8268875861403635,2.5361317187006516,lol-sk-vit-2026-08-10
115548681803406189,lol-sk-vit-2026-08-10-game2,2026-08-10T16:03:27+00:00,12.97265673231596,12.685102724166647,20.799291557359187,7.826634825043229,lol-sk-vit-2026-08-10
115548681803406176,lol-navi-g2-2026-08-10-game1,2026-08-10T16:52:55+00:00,6.8898679818993225,7.205525473333323,-11.285752919012426,-18.17562090091175,lol-navi-g2-2026-08-10
115548681803406177,lol-navi-g2-2026-08-10-game2,2026-08-10T17:55:10+00:00,-1.0425476562893379,-1.4278975441666502,4.388981618027558,5.431529274316897,lol-navi-g2-2026-08-10
116878159559860029,lol-bld-b2u-2026-08-10-game2,2026-08-10T17:59:39+00:00,0.0,0.0,-0.03719665625,-0.03719665625,lol-bld-b2u-2026-08-10
116878159559860034,lol-ap-brodnf-2026-08-10,2026-08-10T20:13:50+00:00,-0.6291484130208365,-0.6196458333333362,10.415433283133336,11.044581696154173,lol-ap-brodnf-2026-08-10
115565671526402978,lol-los-png1-2026-08-10-game1,2026-08-10T23:18:39+00:00,-1.2058613762499963,-1.1640999999999966,2.9170845154817737,4.12294589173177,lol-los-png1-2026-08-10
115565671526402979,lol-los-png1-2026-08-10-game2,2026-08-11T00:12:37+00:00,-4.322837369368748,-4.236928424999998,7.271190472818749,11.594027842187499,lol-los-png1-2026-08-10
116889604984222894,lol-drxc-foxy-2026-08-11-game1,2026-08-11T08:06:52+00:00,3.825965653638519,3.4334267608333313,11.518809737708631,7.692844084070111,lol-drxc-foxy-2026-08-11
116889604984222895,lol-drxc-foxy-2026-08-11-game2,2026-08-11T08:55:10+00:00,3.280515993323858,3.094315574166671,8.091150635002036,4.810634641678177,lol-drxc-foxy-2026-08-11
116929376557102197,lol-hle1-dnf-2026-08-11-game1,2026-08-11T09:17:26+00:00,1.6299466540569707,0.38473491916665825,-12.432678922399939,-14.06262557645691,lol-hle1-dnf-2026-08-11
116889604984222896,lol-drxc-foxy-2026-08-11,2026-08-11T09:46:44+00:00,21.42021377639325,18.667934911666624,26.283176459689457,4.862962683296209,lol-drxc-foxy-2026-08-11
116929376557102198,lol-hle1-dnf-2026-08-11-game2,2026-08-11T10:03:20+00:00,0.5417561149539386,0.2811921183333137,-1.5974100758963097,-2.1391661908502484,lol-hle1-dnf-2026-08-11
116929376557102199,lol-hle1-dnf-2026-08-11-game3,2026-08-11T10:50:48+00:00,2.1648058064284093,2.1865302266666595,13.490551985464455,11.325746179036045,lol-hle1-dnf-2026-08-11
116713163972559141,lol-khk-g2nord-2026-08-11-game1,2026-08-11T15:13:23+00:00,4.236832490746838,4.4502196033333385,2.349874636050581,-1.8869578546962578,lol-khk-g2nord-2026-08-11
116713163972559142,lol-khk-g2nord-2026-08-11-game2,2026-08-11T16:02:12+00:00,0.0,0.0,0.0612726472666666,0.0612726472666666,lol-khk-g2nord-2026-08-11
116713163972559143,lol-khk-g2nord-2026-08-11,2026-08-11T17:03:50+00:00,0.15202962312500024,0.15097500000000016,1.1006439668749999,0.9486143437499996,lol-khk-g2nord-2026-08-11
116793933806066829,lol-fec-mcn-2026-08-11-game1,2026-08-11T17:08:24+00:00,0.0,0.0,0.0,0.0,lol-fec-mcn-2026-08-11
116793933806066830,lol-fec-mcn-2026-08-11-game2,2026-08-11T18:07:19+00:00,0.0,0.0,0.0,0.0,lol-fec-mcn-2026-08-11
117009042046592064,lol-lds-fsk-2026-08-11-game2,2026-08-11T19:38:28+00:00,0.0,0.0,0.0,0.0,lol-lds-fsk-2026-08-11
116793933806066867,lol-dyn1-sec-2026-08-11,2026-08-11T19:57:17+00:00,0.35539936562500746,0.37062500000000753,9.843233922998861,9.487834557373853,lol-dyn1-sec-2026-08-11
116809554933343327,lol-ts3-7rex-2026-08-11-game1,2026-08-11T20:11:18+00:00,2.459495280816894,1.9531280658333314,3.1070374303256894,0.6475421495087952,lol-ts3-7rex-2026-08-11
117009042046592065,lol-lds-fsk-2026-08-11,2026-08-11T20:40:05+00:00,0.0,0.0,0.0,0.0,lol-lds-fsk-2026-08-11
116809554933343328,lol-ts3-7rex-2026-08-11-game2,2026-08-11T21:03:57+00:00,-0.5094244227083338,-0.48125833333333373,2.2882110197916674,2.797635442500001,lol-ts3-7rex-2026-08-11
116809554933343331,lol-rmd-reda-2026-08-11-game1,2026-08-11T21:46:06+00:00,3.1292636333484083,3.7195783116666585,-11.854508153185341,-14.98377178653375,lol-rmd-reda-2026-08-11
116809554933343332,lol-rmd-reda-2026-08-11-game2,2026-08-11T22:44:29+00:00,1.9757482264580044,1.905615840000004,4.245716573958003,2.2699683474999985,lol-rmd-reda-2026-08-11
116520885021783367,lol-kits-sdm-2026-08-11-game1,2026-08-11T23:08:18+00:00,-3.7836889674999976,-3.905049999999998,-15.449091515520832,-11.665402548020834,lol-kits-sdm-2026-08-11
116520885021783368,lol-kits-sdm-2026-08-11-game2,2026-08-12T00:10:30+00:00,3.55157348312502,3.354975000000019,15.534702939090657,11.983129455965638,lol-kits-sdm-2026-08-11
116520885021783369,lol-kits-sdm-2026-08-11-game3,2026-08-12T01:02:37+00:00,46.02219059201773,45.21681360333336,58.51104289584689,12.488852303829157,lol-kits-sdm-2026-08-11
116520885021783370,lol-kits-sdm-2026-08-11-game4,2026-08-12T01:47:33+00:00,-6.664075877270629,-6.458979295833317,22.546503844392863,29.210579721663493,lol-kits-sdm-2026-08-11
116520885021783371,lol-kits-sdm-2026-08-11,2026-08-12T02:44:40+00:00,-4.136953624130222,-4.492441708333348,-47.56707560161871,-43.43012197748848,lol-kits-sdm-2026-08-11
115548147900750246,lol-dnf-ns-2026-08-12-game1,2026-08-12T08:07:25+00:00,10.066692732803832,9.638183798333332,36.34423969087208,26.277546958068246,lol-dnf-ns-2026-08-12
115548147900750247,lol-dnf-ns-2026-08-12-game2,2026-08-12T08:54:14+00:00,23.330970573073888,22.433177515000015,12.60300982429836,-10.72796074877553,lol-dnf-ns-2026-08-12
116566854547769737,lol-edg-al-2026-08-12-game1,2026-08-12T09:18:29+00:00,0.06731016425399848,0.10453783999999848,-1.7024563191243196,-1.7697664833783182,lol-edg-al-2026-08-12
115548147900750248,lol-dnf-ns-2026-08-12,2026-08-12T09:46:41+00:00,9.61486165714998,8.842638939999981,19.827128389322365,10.212266732172385,lol-dnf-ns-2026-08-12
116566854547769738,lol-edg-al-2026-08-12-game2,2026-08-12T10:30:55+00:00,-3.7703981591666866,-3.4690666666666865,3.7704172295833374,7.5408153887500236,lol-edg-al-2026-08-12
115548147900684590,lol-kt-dk-2026-08-12-game1,2026-08-12T11:02:15+00:00,11.039112238195015,11.298010400000015,2.858549240208349,-8.180562997986664,lol-kt-dk-2026-08-12
116566854547769739,lol-edg-al-2026-08-12,2026-08-12T11:21:58+00:00,1.6786718035063881,1.4205928008333257,3.7578154921174334,2.0791436886110453,lol-edg-al-2026-08-12
115548147900684591,lol-kt-dk-2026-08-12-game2,2026-08-12T11:48:51+00:00,1.824714053013843,1.6127657091666556,6.8089403972943705,4.984226344280527,lol-kt-dk-2026-08-12
116566854547769669,lol-blg-jdg-2026-08-12-game1,2026-08-12T12:48:07+00:00,-6.588920984720647,-5.941547586666648,30.40496104176864,36.99388202648928,lol-blg-jdg-2026-08-12
116566854547769670,lol-blg-jdg-2026-08-12-game2,2026-08-12T13:41:48+00:00,4.855252741395652,4.54543842666665,11.90803653089395,7.052783789498299,lol-blg-jdg-2026-08-12
116566854547769671,lol-blg-jdg-2026-08-12,2026-08-12T14:34:32+00:00,3.3467103957850575,3.7050398924999945,7.0260268358912645,3.679316440106207,lol-blg-jdg-2026-08-12
116912368900121273,lol-ijc-tlnpir-2026-08-12-game1,2026-08-12T16:06:46+00:00,-9.827108509682459,-9.410474264166645,1.8237057165130774,11.650814226195536,lol-ijc-tlnpir-2026-08-12
116912368900121274,lol-ijc-tlnpir-2026-08-12-game2,2026-08-12T17:11:02+00:00,0.24496641770833452,0.30250833333333443,-2.7874101268241684,-3.0323765445325024,lol-ijc-tlnpir-2026-08-12
116838220144638653,lol-bw-dp-2026-08-12-game2,2026-08-12T18:01:56+00:00,-1.187341094583344,-1.1387833333333441,0.7035202767393264,1.8908613713226705,lol-bw-dp-2026-08-12
116878159559860041,lol-leo-ea-2026-08-12-game2,2026-08-12T18:04:27+00:00,0.0,0.0,0.0,0.0,lol-leo-ea-2026-08-12
116912368900121277,lol-gal-jl-2026-08-13-game1,2026-08-12T18:08:15+00:00,14.435235157662134,13.637005925000011,8.555806272687947,-5.879428884974188,lol-gal-jl-2026-08-13
116878159559860044,lol-dmg-absolv-2026-08-12-game1,2026-08-12T18:08:42+00:00,-7.321981304375014,-6.800975000000014,5.988716251250001,13.310697555625014,lol-dmg-absolv-2026-08-12
116837891489386996,lol-drm-capy-2026-08-12-game1,2026-08-12T18:13:44+00:00,0.0,0.0,0.0,0.0,lol-drm-capy-2026-08-12
116713163972559117,lol-sge-ross-2026-08-12-game1,2026-08-12T18:27:48+00:00,0.0,0.0,0.24379363991966665,0.24379363991966665,lol-sge-ross-2026-08-12
116837891489386997,lol-drm-capy-2026-08-12-game2,2026-08-12T19:12:31+00:00,0.0,0.0,0.0,0.0,lol-drm-capy-2026-08-12
116838220144638654,lol-bw-dp-2026-08-12,2026-08-12T19:16:54+00:00,5.71612861937501,5.85047500000001,-15.633937395208322,-21.350066014583334,lol-bw-dp-2026-08-12
116713163972559118,lol-sge-ross-2026-08-12-game2,2026-08-12T19:25:54+00:00,1.1806245895833312,1.190583333333331,-0.5407762502083336,-1.7214008397916647,lol-sge-ross-2026-08-12
116837891489386998,lol-drm-capy-2026-08-12,2026-08-12T19:58:38+00:00,0.0,0.0,-0.12642061208333347,-0.12642061208333347,lol-drm-capy-2026-08-12
116809554933343335,lol-ts3-rmd-2026-08-12-game1,2026-08-12T20:04:52+00:00,0.0,0.0,-0.021893124999999986,-0.021893124999999986,lol-ts3-rmd-2026-08-12
116809554933343336,lol-ts3-rmd-2026-08-12-game2,2026-08-12T20:55:51+00:00,22.98354160522317,22.65692658249998,36.59704054654632,13.613498941323146,lol-ts3-rmd-2026-08-12
116884624995197142,lol-cnv-ccg-2026-08-12-game1,2026-08-12T23:12:33+00:00,-0.08911713336837607,-0.015185555000001016,0.660282094706249,0.749399228074625,lol-cnv-ccg-2026-08-12
116884624995262679,lol-cnv-ccg-2026-08-12-game2,2026-08-12T23:58:54+00:00,3.7768147198564876,3.541071859999987,6.996396350196595,3.2195816303401075,lol-cnv-ccg-2026-08-12
115548147900750226,lol-drx-fox1-2026-08-13-game1,2026-08-13T08:06:56+00:00,-13.027251529707867,-13.081019334166676,-82.59081241391041,-69.56356088420254,lol-drx-fox1-2026-08-13
115548147900750227,lol-drx-fox1-2026-08-13-game2,2026-08-13T09:01:32+00:00,17.236944556344323,16.46361902333332,25.641498179747217,8.404553623402895,lol-drx-fox1-2026-08-13
115570814727903892,lol-dcg-gam-2026-08-13-game1,2026-08-13T09:19:37+00:00,-1.1206227399999986,-1.0621499999999993,-7.985790380416677,-6.865167640416678,lol-dcg-gam-2026-08-13
115548147900750228,lol-drx-fox1-2026-08-13,2026-08-13T09:49:53+00:00,5.918628327425137,5.154415740833325,24.259262906830426,18.340634579405286,lol-drx-fox1-2026-08-13
115570814727903893,lol-dcg-gam-2026-08-13-game2,2026-08-13T10:26:02+00:00,-4.768274923208874,-4.521140654166685,18.649774560735278,23.41804948394415,lol-dcg-gam-2026-08-13
116566854547769697,lol-tes-lgd-2026-08-13-game1,2026-08-13T10:30:13+00:00,-0.20401303708333643,0.10631666666666344,-0.539075755966659,-0.3350627188833227,lol-tes-lgd-2026-08-13
115548147900619022,lol-gen-hle1-2026-08-13-game1,2026-08-13T11:04:55+00:00,-0.6217543739012718,0.11149198416666699,26.49245464704561,27.114209020946884,lol-gen-hle1-2026-08-13
115570814727903894,lol-dcg-gam-2026-08-13-game3,2026-08-13T11:10:20+00:00,-2.310448346036998,-1.9622177599999986,9.404075598427164,11.714523944464162,lol-dcg-gam-2026-08-13
116566854547769698,lol-tes-lgd-2026-08-13-game2,2026-08-13T11:27:46+00:00,-6.6465128145991486,-6.278538600833336,14.539348386959084,21.185861201558232,lol-tes-lgd-2026-08-13
115548147900619023,lol-gen-hle1-2026-08-13-game2,2026-08-13T12:06:02+00:00,-0.25799083172269227,0.09171242166668254,30.531272676319706,30.789263508042396,lol-gen-hle1-2026-08-13
115570814727903895,lol-dcg-gam-2026-08-13-game4,2026-08-13T12:22:39+00:00,-2.3362172874999936,-2.315649999999994,13.813666774375,16.149884061874992,lol-dcg-gam-2026-08-13
116566854547769681,lol-tt-blg-2026-08-13-game1,2026-08-13T13:04:05+00:00,-1.845186196039397,-1.727276236666647,-3.08254980984826,-1.2373636138088633,lol-tt-blg-2026-08-13
116566854547769682,lol-tt-blg-2026-08-13-game2,2026-08-13T13:58:05+00:00,-2.705784703743898,-2.634614276666648,10.770880155937322,13.47666485968122,lol-tt-blg-2026-08-13
116838220144638656,lol-sha-phx2-2026-08-13-game1,2026-08-13T14:31:09+00:00,1.5497916666666667,1.6666666666666667,0.0,-1.5497916666666667,lol-sha-phx2-2026-08-13
117087860288882438,lol-ewi-ross-2026-08-13-game1,2026-08-13T15:04:12+00:00,0.0,0.0,0.0,0.0,lol-ewi-ross-2026-08-13
116838220144638657,lol-sha-phx2-2026-08-13-game2,2026-08-13T15:20:30+00:00,-1.2504550235416672,-1.2356916666666675,4.054393498149525,5.304848521691193,lol-sha-phx2-2026-08-13
117087860288882439,lol-ewi-ross-2026-08-13-game2,2026-08-13T15:58:28+00:00,1.6472461674999954,1.785299999999996,-3.419042034375026,-5.066288201875022,lol-ewi-ross-2026-08-13
116833506932193697,lol-flk-gxp-2026-08-13-game2,2026-08-13T16:00:03+00:00,0.0,0.0,0.1520250889789791,0.1520250889789791,lol-flk-gxp-2026-08-13
116912368900121281,lol-sc-kcb-2026-08-13-game1,2026-08-13T16:05:26+00:00,0.35959051124352054,0.5844921708333333,-1.4339508816693105,-1.7935413929128312,lol-sc-kcb-2026-08-13
117087860288882440,lol-ewi-ross-2026-08-13,2026-08-13T16:44:04+00:00,0.3886534485579332,0.19828518166668405,-5.885186297838616,-6.27383974639655,lol-ewi-ross-2026-08-13
116833506932128100,lol-hrts-koia-2026-08-13-game1,2026-08-13T17:06:38+00:00,-10.815975213713344,-10.585482533333343,21.77326544865491,32.589240662368255,lol-hrts-koia-2026-08-13
116838220144638661,lol-dp-bgt-2026-08-13-game2,2026-08-13T17:14:28+00:00,0.0,0.0,0.0,0.0,lol-dp-bgt-2026-08-13
116833506932128101,lol-hrts-koia-2026-08-13-game2,2026-08-13T18:08:42+00:00,6.202356790688657,5.962454061666656,12.977409096671119,6.775052305982463,lol-hrts-koia-2026-08-13
116912368900055733,lol-sly-vitb-2026-08-12-game1,2026-08-13T18:10:30+00:00,0.0,0.0,0.0,0.0,lol-sly-vitb-2026-08-12
116837891489387004,lol-tos-nort-2026-08-13-game1,2026-08-13T18:43:08+00:00,0.0012892045833333328,0.001283333333333303,0.4978390546161457,0.4965498500328123,lol-tos-nort-2026-08-13
116912368900055734,lol-sly-vitb-2026-08-12-game2,2026-08-13T18:59:05+00:00,4.953934985028655,4.826790696666655,4.309684553978318,-0.6442504310503369,lol-sly-vitb-2026-08-12
116833506932128102,lol-hrts-koia-2026-08-13,2026-08-13T18:59:36+00:00,24.942770836346085,24.421888473333336,7.810614948743293,-17.132155887602792,lol-hrts-koia-2026-08-13
116912368900055735,lol-sly-vitb-2026-08-12,2026-08-13T19:53:38+00:00,-1.388348779583339,-1.5779833333333386,-1.2868429327083384,0.10150584687500026,lol-sly-vitb-2026-08-12
116793933806066899,lol-myth-znt-2026-08-13,2026-08-13T20:08:36+00:00,0.12282522502854294,0.11394909166666796,0.6941482449847921,0.5713230199562491,lol-myth-znt-2026-08-13
116837891489387006,lol-tos-nort-2026-08-13,2026-08-13T20:28:42+00:00,0.0,0.0,0.17287119718125032,0.17287119718125032,lol-tos-nort-2026-08-13
116884625160413458,lol-mvu-wu-2026-08-13-game1,2026-08-13T21:08:55+00:00,-1.1061002581250015,-1.0309750000000022,24.896114560625023,26.002214818750023,lol-mvu-wu-2026-08-13
116884625160413459,lol-mvu-wu-2026-08-13-game2,2026-08-13T22:00:37+00:00,-17.54056467526116,-18.443806100833346,-35.872669607374746,-18.332104932113584,lol-mvu-wu-2026-08-13
116884625160413460,lol-mvu-wu-2026-08-13,2026-08-13T22:50:08+00:00,4.765661995000709,4.314877624166646,8.380510956772866,3.6148489617721573,lol-mvu-wu-2026-08-13
116884625111982334,lol-nrg-cont-2026-08-13-game1,2026-08-14T02:48:46+00:00,0.2721851364583284,0.24945833333332837,0.8030105518749923,0.5308254154166638,lol-nrg-cont-2026-08-13
116889604984222914,lol-foxy-bro1-2026-08-14-game1,2026-08-14T05:07:08+00:00,0.41217296739993864,0.34676599250000123,3.5299307117380203,3.117757744338082,lol-foxy-bro1-2026-08-14
116889604984222915,lol-foxy-bro1-2026-08-14-game2,2026-08-14T05:56:11+00:00,4.7839398854745845,4.755740823333334,6.572416556941892,1.7884766714673077,lol-foxy-bro1-2026-08-14
116566854547835293,lol-edg-lgd-2026-08-14-game1,2026-08-14T07:13:20+00:00,-1.5716944927083312,-1.2756083333333312,0.9510445945833297,2.522739087291661,lol-edg-lgd-2026-08-14
116566854547835294,lol-edg-lgd-2026-08-14-game2,2026-08-14T08:06:29+00:00,0.6375821661393107,0.7831396074999982,4.237581215414018,3.599999049274707,lol-edg-lgd-2026-08-14
115548147900619042,lol-t1-dk-2026-08-14-game1,2026-08-14T08:08:05+00:00,-7.46643753818546,-8.05654819250002,23.563916996090587,31.030354534276047,lol-t1-dk-2026-08-14
115548147900619043,lol-t1-dk-2026-08-14-game2,2026-08-14T09:03:28+00:00,9.500107420597333,9.745440723333333,6.04534004753184,-3.454767373065493,lol-t1-dk-2026-08-14
116566854547769685,lol-we-tes-2026-08-14-game1,2026-08-14T09:09:44+00:00,15.116386800261166,13.717966976666666,21.75956677821526,6.643179977954091,lol-we-tes-2026-08-14
116769725389404174,lol-mvk-cfo-2026-08-14-game1,2026-08-14T09:23:05+00:00,0.0,0.0,0.0,0.0,lol-mvk-cfo-2026-08-14
116566854547769686,lol-we-tes-2026-08-14-game2,2026-08-14T10:12:36+00:00,4.304052757572529,4.255640591666652,12.540192882825254,8.236140125252726,lol-we-tes-2026-08-14
116769725389404175,lol-mvk-cfo-2026-08-14-game2,2026-08-14T10:17:32+00:00,-21.318085346240125,-21.615462865,-37.992297033744514,-16.674211687504393,lol-mvk-cfo-2026-08-14
116769725389404176,lol-mvk-cfo-2026-08-14-game3,2026-08-14T11:08:02+00:00,17.132992449703767,16.46701087666664,22.39964389649991,5.266651446796144,lol-mvk-cfo-2026-08-14
116566854547769729,lol-al-jdg-2026-08-14-game1,2026-08-14T11:16:17+00:00,0.2119743407341533,-0.3248159841666592,2.431359157568672,2.2193848168345185,lol-al-jdg-2026-08-14
115548147900684682,lol-ns-bro2-2026-08-14-game1,2026-08-14T11:28:54+00:00,-11.668110622757107,-11.747076093333355,8.618019836629104,20.28613045938621,lol-ns-bro2-2026-08-14
116769725389404177,lol-mvk-cfo-2026-08-14-game4,2026-08-14T12:00:15+00:00,-3.272703061951671,-3.552502866666671,-3.2607841544153366,0.011918907536334447,lol-mvk-cfo-2026-08-14
115548147900684683,lol-ns-bro2-2026-08-14-game2,2026-08-14T12:17:43+00:00,-8.560180830300096,-8.190597759166659,9.58628260025007,18.146463430550167,lol-ns-bro2-2026-08-14
116566854547769730,lol-al-jdg-2026-08-14-game2,2026-08-14T12:34:45+00:00,5.741646213114528,5.03257241083334,7.205229185322793,1.463582972208264,lol-al-jdg-2026-08-14
116769725389404178,lol-mvk-cfo-2026-08-14,2026-08-14T12:50:26+00:00,-16.25848570188127,-16.538106745833332,-5.540211716378245,10.718273985503025,lol-mvk-cfo-2026-08-14
116566854547769731,lol-al-jdg-2026-08-14,2026-08-14T13:29:40+00:00,6.545442776078855,5.996159209166668,7.813337423952789,1.267894647873935,lol-al-jdg-2026-08-14
115548681803406212,lol-shft-sk-2026-08-14-game1,2026-08-14T15:08:00+00:00,0.20749415267866467,0.19343327666666474,0.8690927937953336,0.6615986411166689,lol-shft-sk-2026-08-14
115548681803406213,lol-shft-sk-2026-08-14-game2,2026-08-14T15:54:59+00:00,10.1643758759111,9.438792609166661,28.442180855866955,18.277804979955857,lol-shft-sk-2026-08-14
115548681803406184,lol-gx-vit-2026-08-14-game1,2026-08-14T17:02:08+00:00,1.705881326110922,2.3177532266666714,26.31500335415532,24.609122028044396,lol-gx-vit-2026-08-14
115548681803406185,lol-gx-vit-2026-08-14-game2,2026-08-14T17:48:18+00:00,10.367590122231494,9.977126209166682,18.768317151626476,8.40072702939498,lol-gx-vit-2026-08-14
115548681803406186,lol-gx-vit-2026-08-14,2026-08-14T18:42:41+00:00,-2.024461634716156,-1.892166895833343,-6.803180453155394,-4.778718818439239,lol-gx-vit-2026-08-14
116792888905382772,lol-cnv-blue-2026-08-14-game2,2026-08-14T22:14:30+00:00,-1.1663378458333138,-1.1922333333333144,-16.38315080499999,-15.216812959166674,lol-cnv-blue-2026-08-14
116792888905382773,lol-cnv-blue-2026-08-14,2026-08-14T23:05:22+00:00,24.68121040367856,24.16926655166668,33.094374844234,8.413164440555443,lol-cnv-blue-2026-08-14
116792888905448311,lol-ccg-cont-2026-08-14-game1,2026-08-15T00:05:30+00:00,9.304015901041662,9.609191666666662,-14.855562609374987,-24.15957851041665,lol-ccg-cont-2026-08-14
116792888905448312,lol-ccg-cont-2026-08-14-game2,2026-08-15T01:01:05+00:00,0.8955216900262039,0.7040520883333289,-0.608059479446839,-1.503581169473043,lol-ccg-cont-2026-08-14
116792888905448313,lol-ccg-cont-2026-08-14,2026-08-15T01:55:55+00:00,19.477367024600042,19.719273686666668,-14.15489355236825,-33.63226057696829,lol-ccg-cont-2026-08-14
116566854547835341,lol-nip-lng-2026-08-15-game1,2026-08-15T07:13:13+00:00,-2.2924755265973964,-2.338115820833334,-2.267059985777726,0.025415540819670384,lol-nip-lng-2026-08-15
116566854547835342,lol-nip-lng-2026-08-15-game2,2026-08-15T08:07:48+00:00,0.13113557499999803,0.22749999999999795,0.6391742249999989,0.5080386500000008,lol-nip-lng-2026-08-15
115548147900619026,lol-hle1-kt-2026-08-15-game1,2026-08-15T08:08:09+00:00,4.5244923447804934,4.430718459999993,18.928118271193796,14.4036259264133,lol-hle1-kt-2026-08-15
116566854547835343,lol-nip-lng-2026-08-15,2026-08-15T09:01:22+00:00,-3.296544369330203,-3.264198889999953,-16.6239706211305,-13.327426251800299,lol-nip-lng-2026-08-15
115548147900619027,lol-hle1-kt-2026-08-15-game2,2026-08-15T09:08:45+00:00,0.943579631250001,1.006950000000001,0.3395335979166658,-0.6040460333333352,lol-hle1-kt-2026-08-15
116769725389404180,lol-dfm-gz-2026-08-15-game1,2026-08-15T09:23:02+00:00,0.09722396041666521,0.0964166666666652,-1.0880851086936694,-1.1853090691103345,lol-dfm-gz-2026-08-15
115548147900619028,lol-hle1-kt-2026-08-15,2026-08-15T09:55:05+00:00,-0.8779804344099412,-0.8125978375000035,4.052533993975084,4.930514428385025,lol-hle1-kt-2026-08-15
116566854547769741,lol-tt-al-2026-08-15-game1,2026-08-15T10:04:27+00:00,21.509918649992684,20.894080281666685,55.05906251240915,33.54914386241646,lol-tt-al-2026-08-15
116769725389404181,lol-dfm-gz-2026-08-15-game2,2026-08-15T10:24:53+00:00,-0.7527221778844354,-0.8366420724999976,1.5844591874335425,2.337181365317978,lol-dfm-gz-2026-08-15
116566854547769742,lol-tt-al-2026-08-15-game2,2026-08-15T11:02:09+00:00,-1.1343226611572443,-1.0170548649999946,3.49477170194767,4.629094363104914,lol-tt-al-2026-08-15
115548147900750234,lol-fox1-dnf-2026-08-15-game1,2026-08-15T11:08:50+00:00,0.40153964359033445,0.3555108733333345,0.921743687974668,0.5202040443843335,lol-fox1-dnf-2026-08-15
116769725389404182,lol-dfm-gz-2026-08-15-game3,2026-08-15T11:12:14+00:00,-13.466587923437473,-13.650530499999974,-22.24387682972518,-8.777288906287708,lol-dfm-gz-2026-08-15
115548147900750235,lol-fox1-dnf-2026-08-15-game2,2026-08-15T11:59:18+00:00,-9.023019000506425,-10.032497752499985,-20.09291605341394,-11.06989705290752,lol-fox1-dnf-2026-08-15
116566854547769743,lol-tt-al-2026-08-15,2026-08-15T12:00:04+00:00,15.081032134781315,14.809833373333314,40.98676020354164,25.90572806876033,lol-tt-al-2026-08-15
116566854547769661,lol-blg-we-2026-08-15-game1,2026-08-15T13:09:39+00:00,-4.333151741041666,-3.8422391666666655,4.362330855833346,8.695482596875012,lol-blg-we-2026-08-15
116566854547769662,lol-blg-we-2026-08-15-game2,2026-08-15T14:10:49+00:00,12.392820475585552,12.49013199249999,24.391591642079998,11.998771166494448,lol-blg-we-2026-08-15
115548681803406256,lol-sk-fnc-2026-08-15-game1,2026-08-15T15:07:19+00:00,1.3828848323932545,1.3101825950000048,5.123686721529373,3.7408018891361188,lol-sk-fnc-2026-08-15
115548681803406257,lol-sk-fnc-2026-08-15-game2,2026-08-15T15:59:02+00:00,2.813048668751477,2.9250991433333517,0.7321611900672905,-2.080887478684186,lol-sk-fnc-2026-08-15
115548681803406228,lol-g2-shft-2026-08-15-game1,2026-08-15T17:02:28+00:00,0.21202374217899977,0.23072097999999977,0.01750014,-0.19452360217899978,lol-g2-shft-2026-08-15
115548681803406229,lol-g2-shft-2026-08-15-game2,2026-08-15T18:11:38+00:00,0.11176027689801489,-0.23506655999998483,-0.8892128400981529,-1.000973116996168,lol-g2-shft-2026-08-15
115565671526402994,lol-vks-los-2026-08-15-game1,2026-08-15T18:54:14+00:00,-10.167809878749994,-10.182999999999995,-6.090488631722491,4.077321247027503,lol-vks-los-2026-08-15
115565671526402995,lol-vks-los-2026-08-15-game2,2026-08-15T19:48:09+00:00,-4.127926584861336,-4.278333173333336,-9.272937329398006,-5.1450107445366715,lol-vks-los-2026-08-15
115564797163886776,lol-sr-dig-2026-08-15-game1,2026-08-15T21:49:07+00:00,-1.8544225091632727,-4.384455641666648,-2.862584187966771,-1.0081616788034988,lol-sr-dig-2026-08-15
115564797163886777,lol-sr-dig-2026-08-15-game2,2026-08-15T22:38:41+00:00,0.11793724829124234,0.26971797499999245,3.348386726458333,3.2304494781670914,lol-sr-dig-2026-08-15
115564797163886778,lol-sr-dig-2026-08-15,2026-08-15T23:28:22+00:00,-2.0908654997668563,-1.5423903491666688,2.8546611760168576,4.9455266757837135,lol-sr-dig-2026-08-15
116889604984157290,lol-t1a-dnsc-2026-08-15-game1,2026-08-16T03:12:37+00:00,-2.187599801458333,-2.205108333333334,-5.800657832522421,-3.6130580310640874,lol-t1a-dnsc-2026-08-15
116889604984157291,lol-t1a-dnsc-2026-08-15-game2,2026-08-16T04:10:31+00:00,6.049752031707459,4.395589103333333,25.30209255068759,19.252340518980134,lol-t1a-dnsc-2026-08-15
116889604984157292,lol-t1a-dnsc-2026-08-15,2026-08-16T05:06:47+00:00,13.993091356664854,13.428959918333353,27.13729527607615,13.144203919411295,lol-t1a-dnsc-2026-08-15
116566854547769745,lol-lgd-jdg-2026-08-16-game1,2026-08-16T07:13:19+00:00,3.567067499241739,3.235434684166677,8.077100684737504,4.510033185495764,lol-lgd-jdg-2026-08-16
115548147900619034,lol-t1-gen-2026-08-16-game1,2026-08-16T08:07:32+00:00,0.5553029852083338,0.5505083333333332,-9.358729893541659,-9.914032878749994,lol-t1-gen-2026-08-16
116566854547769746,lol-lgd-jdg-2026-08-16-game2,2026-08-16T08:15:49+00:00,1.6577763429960164,1.9775777400000163,-6.922970127041995,-8.58074647003801,lol-lgd-jdg-2026-08-16
116566854547769747,lol-lgd-jdg-2026-08-16,2026-08-16T09:03:54+00:00,17.79360788897837,17.662244719999997,67.17977571953952,49.38616783056114,lol-lgd-jdg-2026-08-16
115548147900619035,lol-t1-gen-2026-08-16-game2,2026-08-16T09:15:39+00:00,-6.297465727291677,-5.513241666666677,8.948989000833334,15.246454728125011,lol-t1-gen-2026-08-16
116769725389404186,lol-tsw-cfo-2026-08-16-game1,2026-08-16T09:17:30+00:00,12.186054712500017,12.556500000000016,-12.353323502083322,-24.53937821458334,lol-tsw-cfo-2026-08-16
116769725389404187,lol-tsw-cfo-2026-08-16-game2,2026-08-16T10:07:54+00:00,-23.291365589221076,-23.474383263333326,-77.83570897895832,-54.54434338973724,lol-tsw-cfo-2026-08-16
115548147900684678,lol-drx-bro2-2026-08-16-game1,2026-08-16T10:44:08+00:00,0.1949532555783502,-0.01772499083333745,6.583623450982373,6.388670195404022,lol-drx-bro2-2026-08-16
116769725389404188,lol-tsw-cfo-2026-08-16-game3,2026-08-16T10:54:16+00:00,2.754612513932171,3.009650436666671,-1.5671237532053375,-4.321736267137508,lol-tsw-cfo-2026-08-16
115548147900684679,lol-drx-bro2-2026-08-16-game2,2026-08-16T11:45:30+00:00,-6.98164553425421,-6.331327509166648,17.072457678514454,24.054103212768663,lol-drx-bro2-2026-08-16
116769725389404189,lol-tsw-cfo-2026-08-16-game4,2026-08-16T11:47:48+00:00,-7.025303120913005,-6.792525080000004,2.1824983371825013,9.207801458095508,lol-tsw-cfo-2026-08-16
115548147900684680,lol-drx-bro2-2026-08-16,2026-08-16T12:38:41+00:00,0.8869784520510607,1.657033051666686,18.002755549009393,17.115777096958332,lol-drx-bro2-2026-08-16
116769725389404190,lol-tsw-cfo-2026-08-16,2026-08-16T12:40:27+00:00,0.3461942106070384,-0.3400894233333363,7.907591407448133,7.561397196841095,lol-tsw-cfo-2026-08-16
116566854547769701,lol-tes-edg-2026-08-16-game1,2026-08-16T13:32:10+00:00,-2.5824939483333216,-2.500233333333322,1.377471910468742,3.959965858802064,lol-tes-edg-2026-08-16
116566854547769702,lol-tes-edg-2026-08-16-game2,2026-08-16T14:21:26+00:00,1.0617303250000023,1.176400000000002,-0.9768501462500008,-2.038580471250003,lol-tes-edg-2026-08-16
115548681803406164,lol-mkoi-navi-2026-08-16-game1,2026-08-16T15:08:38+00:00,6.2884656907517185,5.692474609166656,11.964828523506549,5.676362832754832,lol-mkoi-navi-2026-08-16
115548681803406165,lol-mkoi-navi-2026-08-16-game2,2026-08-16T16:03:42+00:00,8.379037741047698,7.842792583333323,21.521064341015787,13.14202659996809,lol-mkoi-navi-2026-08-16
115565671526403006,lol-lll-lev-2026-08-16-game1,2026-08-16T16:11:02+00:00,0.0,0.0,0.0,0.0,lol-lll-lev-2026-08-16
115565671526403007,lol-lll-lev-2026-08-16-game2,2026-08-16T16:59:22+00:00,-1.1737374018749938,-1.163024999999994,9.159886273385412,10.333623675260405,lol-lll-lev-2026-08-16
115548681803406284,lol-g2-fnc-2026-08-16-game1,2026-08-16T17:11:33+00:00,3.857168020665462,3.9217961383333364,0.36225273299758354,-3.4949152876678777,lol-g2-fnc-2026-08-16
115565671526403018,lol-png1-fxw7-2026-08-16-game1,2026-08-16T17:51:44+00:00,-19.255155590756036,-20.613404680000034,-18.549842181000034,0.7053134097559991,lol-png1-fxw7-2026-08-16
115548681803406285,lol-g2-fnc-2026-08-16-game2,2026-08-16T18:11:33+00:00,2.4648205667770005,2.5204952000000005,-4.758360625881237,-7.223181192658237,lol-g2-fnc-2026-08-16
115565671526403019,lol-png1-fxw7-2026-08-16-game2,2026-08-16T18:46:42+00:00,7.169362828254665,6.810932990833353,29.842056594963697,22.67269376670903,lol-png1-fxw7-2026-08-16
115564797163886748,lol-fly-c9-2026-08-16-game1,2026-08-16T20:08:41+00:00,3.621165718533464,5.105679644166651,3.6336121237578864,0.012446405224422493,lol-fly-c9-2026-08-16
115564797163886749,lol-fly-c9-2026-08-16-game2,2026-08-16T21:07:44+00:00,-6.169601566008381,-5.973748125000005,7.96606191843266,14.135663484441041,lol-fly-c9-2026-08-16
115564797163821192,lol-ly-sen-2026-08-16-game1,2026-08-16T22:05:17+00:00,2.472799987994395,2.5012751658333325,7.671891249346248,5.199091261351852,lol-ly-sen-2026-08-16
115564797163821193,lol-ly-sen-2026-08-16-game2,2026-08-16T23:14:51+00:00,-4.152422539421898,-3.9783839958333354,16.97387951149399,21.126302050915886,lol-ly-sen-2026-08-16
115564797163821194,lol-ly-sen-2026-08-16,2026-08-17T00:02:50+00:00,0.4327532939519955,0.34670383999999554,1.5261465742033973,1.0933932802514017,lol-ly-sen-2026-08-16
116929376557102203,lol-t1-dnf-2026-08-17-game1,2026-08-17T09:19:40+00:00,4.927223201262753,4.598656520000002,28.519036586365075,23.591813385102324,lol-t1-dnf-2026-08-17
116929376557102206,lol-t1-dnf-2026-08-17-game4,2026-08-17T13:02:48+00:00,-0.21259157708142165,-0.03696379249998379,3.7217731329913613,3.9343647100727828,lol-t1-dnf-2026-08-17
115548681803340576,lol-navi-th-2026-08-17-game1,2026-08-17T15:09:54+00:00,2.567694141206394,2.016487605833331,5.943263174096135,3.375569032889741,lol-navi-th-2026-08-17
115548681803340577,lol-navi-th-2026-08-17-game2,2026-08-17T15:56:41+00:00,-1.3011001380845657,-1.5982576716666907,2.9560823242284786,4.257182462313044,lol-navi-th-2026-08-17
115548681803406244,lol-gx-kc-2026-08-17-game1,2026-08-17T16:49:46+00:00,1.5644782949249965,1.500828899999996,4.686573695010002,3.1220954000850054,lol-gx-kc-2026-08-17
116878159559860049,lol-brodnf-dmg-2026-08-17-game2,2026-08-17T17:04:34+00:00,0.0,0.0,-4.187924711555414,-4.187924711555414,lol-brodnf-dmg-2026-08-17
115548681803406245,lol-gx-kc-2026-08-17-game2,2026-08-17T17:40:16+00:00,-6.6601989793749725,-6.504024999999973,15.197018552083351,21.85721753145832,lol-gx-kc-2026-08-17
116878159559860053,lol-bld-leo-2026-08-17-game2,2026-08-17T18:01:57+00:00,-0.5554844679166674,-0.5403166666666674,0.041046632500000006,0.5965311004166675,lol-bld-leo-2026-08-17
116809554933343342,lol-est-rmd-2026-08-17-game2,2026-08-17T20:53:18+00:00,0.061869790625000066,0.060575000000000045,0.20230885312500055,0.14043906250000046,lol-est-rmd-2026-08-17
116809554933343345,lol-pnga-nerd-2026-08-17-game1,2026-08-17T21:39:29+00:00,4.024482661572001,3.83179882,1.9810803853283312,-2.0434022762436688,lol-pnga-nerd-2026-08-17
116809554933343346,lol-pnga-nerd-2026-08-17-game2,2026-08-17T22:29:37+00:00,-1.3821504391387531,-1.7280014400000032,13.120929078086576,14.503079517225329,lol-pnga-nerd-2026-08-17
116520885021783373,lol-3v-lyna-2026-08-17-game1,2026-08-17T23:34:44+00:00,2.0295812925000027,2.0619000000000027,0.0,-2.0295812925000027,lol-3v-lyna-2026-08-17
116520885021783374,lol-3v-lyna-2026-08-17-game2,2026-08-18T00:25:38+00:00,-5.4597814959154105,-5.369573596666661,7.762463486200919,13.222244982116328,lol-3v-lyna-2026-08-17
116520885021783375,lol-3v-lyna-2026-08-17-game3,2026-08-18T01:22:23+00:00,0.6967665774999999,0.7243999999999998,-0.2673835566253335,-0.9641501341253335,lol-3v-lyna-2026-08-17
116929376557102209,lol-ns-dnf-2026-08-18-game1,2026-08-18T09:12:27+00:00,31.04181613619217,28.330226768333294,33.045598311670375,2.003782175478205,lol-ns-dnf-2026-08-18
116929376557102210,lol-ns-dnf-2026-08-18-game2,2026-08-18T10:03:00+00:00,2.2656077605816844,2.4384415666666843,10.530699829677848,8.265092069096164,lol-ns-dnf-2026-08-18
116929376557102211,lol-ns-dnf-2026-08-18-game3,2026-08-18T11:06:57+00:00,1.9030051411822326,2.3678464241666712,-13.315407933934855,-15.21841307511709,lol-ns-dnf-2026-08-18
116889604984222930,lol-genga-bro1-2026-08-18-game1,2026-08-18T11:25:10+00:00,1.44747056,1.5152,-1.6809041650000005,-3.128374725,lol-genga-bro1-2026-08-18
116889604984222931,lol-genga-bro1-2026-08-18-game2,2026-08-18T12:18:35+00:00,15.38274779930684,14.340431634999964,18.04056673047334,2.6578189311665015,lol-genga-bro1-2026-08-18
116889604984222932,lol-genga-bro1-2026-08-18,2026-08-18T13:07:03+00:00,-1.0412369974236773,-1.1552773874999904,3.0856635240286656,4.126900521452343,lol-genga-bro1-2026-08-18
117054582581341053,lol-nbs-ckz-2026-08-18-game1,2026-08-18T14:09:59+00:00,0.3559080028893333,0.3385832533333333,0.35660609720083314,0.0006980943114999009,lol-nbs-ckz-2026-08-18
117054582581341054,lol-nbs-ckz-2026-08-18-game2,2026-08-18T15:00:47+00:00,0.0,0.0,0.0,0.0,lol-nbs-ckz-2026-08-18
116833506932259276,lol-koia-bar-2026-08-18-game1,2026-08-18T15:13:25+00:00,0.0,0.0,0.0,0.0,lol-koia-bar-2026-08-18
116833506932259277,lol-koia-bar-2026-08-18-game2,2026-08-18T16:06:47+00:00,17.231560200297825,16.934499627500013,4.2694036163298,-12.962156583968024,lol-koia-bar-2026-08-18
116912368900121285,lol-sly-tlnpir-2026-08-18-game1,2026-08-18T16:07:21+00:00,0.18820019166666743,0.18666666666666742,-2.097293479354228,-2.2854936710208955,lol-sly-tlnpir-2026-08-18
116833506932259278,lol-koia-bar-2026-08-18-game3,2026-08-18T16:56:54+00:00,-4.127060891249989,-4.029299999999989,3.9844972287499854,8.111558119999973,lol-koia-bar-2026-08-18
116912368900121286,lol-sly-tlnpir-2026-08-18-game2,2026-08-18T17:00:29+00:00,2.678071125001668,3.0877568666666684,-3.8567285396376625,-6.534799664639331,lol-sly-tlnpir-2026-08-18
117009042046592091,lol-bombat-lds-2026-08-18-game1,2026-08-18T17:13:58+00:00,1.4320344583333326,1.2783333333333324,4.003534958333331,2.5715004999999986,lol-bombat-lds-2026-08-18
116912368900121289,lol-gal-kcb-2026-08-18-game1,2026-08-18T17:57:57+00:00,6.710035676054446,6.232374923333321,-2.842660514892586,-9.552696190947032,lol-gal-kcb-2026-08-18
116793933806066826,lol-mcn-myth-2026-08-18-game2,2026-08-18T18:11:03+00:00,-3.2429404436508134,-3.3358885125000004,-7.082258364496397,-3.839317920845584,lol-mcn-myth-2026-08-18
117009042046592092,lol-bombat-lds-2026-08-18-game2,2026-08-18T18:20:20+00:00,-6.7995905817653615,-7.38086001333336,-13.774056427912761,-6.9744658461474,lol-bombat-lds-2026-08-18
116912368900121290,lol-gal-kcb-2026-08-18-game2,2026-08-18T18:48:21+00:00,0.29976046583333843,0.30023333333333824,-7.356186037083333,-7.65594650291667,lol-gal-kcb-2026-08-18
116793933806066846,lol-ouat-dyn1-2026-08-18-game2,2026-08-18T19:06:08+00:00,0.9813682187500302,0.8528500000000298,20.183950587083356,19.202582368333328,lol-ouat-dyn1-2026-08-18
117009042046592093,lol-bombat-lds-2026-08-18,2026-08-18T19:26:58+00:00,-8.073330126928196,-8.73366060833332,-19.656065221577503,-11.58273509464931,lol-bombat-lds-2026-08-18
116809554933343349,lol-itz-7rex-2026-08-18-game1,2026-08-18T20:04:31+00:00,-21.63627738204433,-21.836515763333335,-59.7498832821151,-38.11360590007077,lol-itz-7rex-2026-08-18
116809554933343350,lol-itz-7rex-2026-08-18-game2,2026-08-18T20:59:04+00:00,-3.312997421666662,-3.464716666666662,-4.3572498058333275,-1.0442523841666664,lol-itz-7rex-2026-08-18
116520885021783379,lol-kits-3v-2026-08-18-game1,2026-08-18T23:18:55+00:00,0.2224480151583339,0.1698113333333339,0.8849098943621686,0.6624618792038347,lol-kits-3v-2026-08-18
116520885021783380,lol-kits-3v-2026-08-18-game2,2026-08-19T00:11:59+00:00,-1.4939541666666676,-1.5416666666666676,-2.5765059166666675,-1.0825517499999997,lol-kits-3v-2026-08-18
116520885021783381,lol-kits-3v-2026-08-18-game3,2026-08-19T00:59:33+00:00,0.0,0.0,-1.2034240533333311,-1.2034240533333311,lol-kits-3v-2026-08-18
116520885021783382,lol-kits-3v-2026-08-18-game4,2026-08-19T01:51:36+00:00,-0.04613932174818469,-0.0517344274999972,-1.4848845912499968,-1.4387452695018126,lol-kits-3v-2026-08-18
116520885021783383,lol-kits-3v-2026-08-18,2026-08-19T02:42:31+00:00,1.282780962083372,1.272783333333372,-5.989120279249968,-7.27190124133334,lol-kits-3v-2026-08-18
116889604984157287,lol-ktc-t1a-2026-08-19-game2,2026-08-19T05:55:01+00:00,13.822250180612485,13.214019069999985,19.50839761033959,5.686147429727104,lol-ktc-t1a-2026-08-19
116889604984222911,lol-hle-foxy-2026-08-19-game2,2026-08-19T06:09:04+00:00,-1.3022930850918184,-1.2659186816666936,1.328202977338236,2.6304960624300544,lol-hle-foxy-2026-08-19
116889604984157288,lol-ktc-t1a-2026-08-19,2026-08-19T06:43:48+00:00,17.492342478257207,16.32964021833333,22.767416992971103,5.275074514713896,lol-ktc-t1a-2026-08-19
115548147900619046,lol-gen-kt-2026-08-19-game1,2026-08-19T08:05:55+00:00,1.8414218139291705,1.6828411666666707,2.6767081014291687,0.8352862874999979,lol-gen-kt-2026-08-19
116566854547769690,lol-al-tes-2026-08-19-game2,2026-08-19T11:21:31+00:00,15.552309371485748,14.858360990833312,23.515232669775724,7.962923298289976,lol-al-tes-2026-08-19
115548147900684686,lol-bro2-dnf-2026-08-19-game1,2026-08-19T11:22:20+00:00,5.866057181720328,5.243674763333328,9.944031764103412,4.077974582383086,lol-bro2-dnf-2026-08-19
116566854547769691,lol-al-tes-2026-08-19,2026-08-19T12:13:56+00:00,13.198131033013091,13.42946470750003,5.319870676543656,-7.878260356469436,lol-al-tes-2026-08-19
115548147900684687,lol-bro2-dnf-2026-08-19-game2,2026-08-19T12:16:06+00:00,-12.097903605290595,-11.685754674999968,6.864239588405131,18.962143193695724,lol-bro2-dnf-2026-08-19
116833506932259282,lol-ucam1-hrts-2026-08-19-game1,2026-08-19T15:10:41+00:00,0.9164348818463562,0.836110229166669,-3.2146888619270833,-4.13112374377344,lol-ucam1-hrts-2026-08-19
116996464901636920,lol-ot-brt-2026-08-19-game2,2026-08-19T15:14:35+00:00,4.633820159791671,4.70989166666667,-4.330633695963666,-8.964453855755337,lol-ot-brt-2026-08-19
116713193618227866,lol-big1-use1-2026-08-19-game1,2026-08-19T15:41:50+00:00,1.6639868061420848,1.6101911975000227,13.087668673332365,11.42368186719028,lol-big1-use1-2026-08-19
116833506932324819,lol-ucam1-hrts-2026-08-19-game2,2026-08-19T16:02:43+00:00,0.5409976323437475,0.5494173749999979,11.154990998177086,10.61399336583334,lol-ucam1-hrts-2026-08-19
116912368900121293,lol-vitb-ijc-2026-08-19-game1,2026-08-19T16:06:06+00:00,-14.93693114285072,-14.623508728333343,10.93127974391323,25.86821088676395,lol-vitb-ijc-2026-08-19
116996464901636921,lol-ot-brt-2026-08-19,2026-08-19T16:13:27+00:00,0.23705749934101025,-0.028645219999989608,0.9581784877559314,0.7211209884149211,lol-ot-brt-2026-08-19
116713193618227867,lol-big1-use1-2026-08-19-game2,2026-08-19T16:42:28+00:00,11.998883568124976,12.028387499999974,31.800882088749976,19.801998520625002,lol-big1-use1-2026-08-19
116833506932324820,lol-ucam1-hrts-2026-08-19-game3,2026-08-19T16:55:01+00:00,4.8173441162659865,4.652363064166674,20.867113886075344,16.04976976980936,lol-ucam1-hrts-2026-08-19
116912368900121294,lol-vitb-ijc-2026-08-19-game2,2026-08-19T16:56:12+00:00,-1.3066760417311818,-1.2651399458333692,-16.755115404068547,-15.448439362337366,lol-vitb-ijc-2026-08-19
116713193618227868,lol-big1-use1-2026-08-19-game3,2026-08-19T17:28:53+00:00,-0.1279141828072711,0.033604224166666384,-4.316729989173754,-4.188815806366482,lol-big1-use1-2026-08-19
116838284885208336,lol-su-dp-2026-08-19-game4,2026-08-19T17:33:09+00:00,-14.34775551575981,-14.55253927333331,-19.619063705229788,-5.271308189469978,lol-su-dp-2026-08-19
116912368900121297,lol-jl-sc-2026-08-19-game1,2026-08-19T17:48:53+00:00,0.0,0.0,0.0,0.0,lol-jl-sc-2026-08-19
117009042046592052,lol-doc-bce-2026-08-19-game2,2026-08-19T18:31:08+00:00,0.0,0.0,-5.490291666666664,-5.490291666666664,lol-doc-bce-2026-08-19
116838284885208337,lol-su-dp-2026-08-19,2026-08-19T18:32:22+00:00,0.17625708333333312,0.1633333333333331,1.1210921498763327,0.9448350665429995,lol-su-dp-2026-08-19
116912368900121298,lol-jl-sc-2026-08-19-game2,2026-08-19T18:33:01+00:00,-0.4038723434367506,0.208813418333374,5.659642096285513,6.0635144397222644,lol-jl-sc-2026-08-19
116713193618227869,lol-big1-use1-2026-08-19-game4,2026-08-19T18:34:04+00:00,-3.3566018666937505,-3.3038257000000004,4.034553485748636,7.391155352442387,lol-big1-use1-2026-08-19
116713193618227870,lol-big1-use1-2026-08-19,2026-08-19T19:26:53+00:00,3.203632533833542,1.401371315833355,0.25359504419174717,-2.950037489641795,lol-big1-use1-2026-08-19
116520721101367278,lol-doh-maz-2026-08-19-game2,2026-08-19T21:11:09+00:00,15.443133253333317,15.615483333333316,-5.324539646458345,-20.767672899791663,lol-doh-maz-2026-08-19
116520721101367279,lol-doh-maz-2026-08-19-game3,2026-08-19T22:06:37+00:00,2.0698507740070573,2.110338733333307,-9.642238279459173,-11.71208905346623,lol-doh-maz-2026-08-19
115548147900619030,lol-dk-hle1-2026-08-20-game1,2026-08-20T08:07:48+00:00,1.4409239941014258,1.3124781774999879,-17.825099659033757,-19.266023653135186,lol-dk-hle1-2026-08-20
115548147900619031,lol-dk-hle1-2026-08-20-game2,2026-08-20T09:05:48+00:00,-0.4643946644409788,-0.39290006416666623,0.48739006763337495,0.9517847320743537,lol-dk-hle1-2026-08-20
116769742220520926,lol-cfo-mvk-2026-08-20-game1,2026-08-20T09:12:13+00:00,19.469891204166675,20.05206666666668,-18.206392421562516,-37.67628362572919,lol-cfo-mvk-2026-08-20
116566854547769753,lol-jdg-tt-2026-08-20-game1,2026-08-20T09:14:25+00:00,1.9770118749925387,1.2515954866666643,6.561913935058627,4.584902060066087,lol-jdg-tt-2026-08-20
116566854547769754,lol-jdg-tt-2026-08-20-game2,2026-08-20T10:07:31+00:00,0.34372594912871307,0.486415453333338,-2.395876712922008,-2.739602662050721,lol-jdg-tt-2026-08-20
116769742220520927,lol-cfo-mvk-2026-08-20-game2,2026-08-20T10:07:37+00:00,-3.617334465258596,-3.4448336841666585,-12.818421366672874,-9.201086901414278,lol-cfo-mvk-2026-08-20
115548147900750238,lol-ns-drx-2026-08-20-game1,2026-08-20T10:33:24+00:00,5.848064837396976,5.733992924166664,11.547205412740913,5.699140575343937,lol-ns-drx-2026-08-20
116769742220520928,lol-cfo-mvk-2026-08-20-game3,2026-08-20T11:03:35+00:00,-7.297583524766658,-6.857781766666657,10.70659859900791,18.004182123774566,lol-cfo-mvk-2026-08-20
116566854547835291,lol-jdg-tt-2026-08-20,2026-08-20T11:07:45+00:00,2.8708683790103424,2.518223284166655,16.132856672113014,13.261988293102673,lol-jdg-tt-2026-08-20
115548147900750239,lol-ns-drx-2026-08-20-game2,2026-08-20T11:31:44+00:00,4.082187290991612,4.144101199166674,23.420538604661047,19.338351313669435,lol-ns-drx-2026-08-20
116566854547769673,lol-lgd-blg-2026-08-20-game1,2026-08-20T12:18:24+00:00,-2.269428929268111,-2.3430530841666735,1.542615449349622,3.812044378617733,lol-lgd-blg-2026-08-20
116566854547769674,lol-lgd-blg-2026-08-20-game2,2026-08-20T13:15:32+00:00,16.43776262422084,14.770469369166653,25.834842133792222,9.397079509571382,lol-lgd-blg-2026-08-20
116833506932324831,lol-bar-ucam1-2026-08-20-game2,2026-08-20T14:00:24+00:00,-0.0539340431578322,-0.02836980333333224,0.8341271553360841,0.8880611984939163,lol-bar-ucam1-2026-08-20
116566854547769675,lol-lgd-blg-2026-08-20,2026-08-20T14:13:33+00:00,-1.9036540483866702,-1.7735974666666703,1.6497471869196794,3.5534012353063495,lol-lgd-blg-2026-08-20
116833506932324832,lol-bar-ucam1-2026-08-20,2026-08-20T14:45:34+00:00,0.0,0.0,0.0,0.0,lol-bar-ucam1-2026-08-20
116713193618227872,lol-g2nord-es1-2026-08-20-game1,2026-08-20T15:06:33+00:00,-8.038616600287744,-8.315769254999992,-13.790130943097997,-5.751514342810253,lol-g2nord-es1-2026-08-20
116833506932324824,lol-koia-hrts-2026-08-20-game1,2026-08-20T15:46:45+00:00,0.0,0.0,0.0,0.0,lol-koia-hrts-2026-08-20
116837891489387022,lol-capy-bublik-2026-08-20,2026-08-20T15:59:51+00:00,0.0,0.0,0.0,0.0,lol-capy-bublik-2026-08-20
116713193618227873,lol-g2nord-es1-2026-08-20-game2,2026-08-20T16:01:11+00:00,-3.423378516043151,-3.7445106750000257,-6.29240775121504,-2.869029235171889,lol-g2nord-es1-2026-08-20
116912368900121307,lol-kcb-ijc-2026-08-20-game1,2026-08-20T16:03:53+00:00,7.375740547157194,6.709122112500006,12.859434073344103,5.483693526186908,lol-kcb-ijc-2026-08-20
116838284885273876,lol-dia3-bw-2026-08-20-game2,2026-08-20T16:06:07+00:00,0.0,0.0,0.0,0.0,lol-dia3-bw-2026-08-20
116833506932324825,lol-koia-hrts-2026-08-20-game2,2026-08-20T16:48:10+00:00,-0.3873898394217936,-0.4133858716666685,-7.1267437035971914,-6.739353864175398,lol-koia-hrts-2026-08-20
116713193618227874,lol-g2nord-es1-2026-08-20-game3,2026-08-20T16:54:38+00:00,-3.972433934490613,-3.7717829249999877,1.682506933685833,5.654940868176446,lol-g2nord-es1-2026-08-20
116833506932324826,lol-koia-hrts-2026-08-20-game3,2026-08-20T17:40:13+00:00,10.770161767572256,10.228625920000006,17.589389237147007,6.819227469574752,lol-koia-hrts-2026-08-20
116713193618227875,lol-g2nord-es1-2026-08-20-game4,2026-08-20T17:52:28+00:00,-0.24298465786457424,-0.3122270833333243,7.841304792246895,8.08428945011147,lol-g2nord-es1-2026-08-20
116793933806066922,lol-ban2-sec-2026-08-20-game2,2026-08-20T18:19:25+00:00,-0.7139676520833292,-0.7430333333333294,-3.3763335837499953,-2.6623659316666664,lol-ban2-sec-2026-08-20
116833506932324827,lol-koia-hrts-2026-08-20-game4,2026-08-20T18:31:32+00:00,-0.6236094779411924,-0.6163478425000047,1.1810996417774593,1.8047091197186518,lol-koia-hrts-2026-08-20
116912368900121312,lol-sly-sc-2026-08-20-game2,2026-08-20T18:40:04+00:00,5.320273425873236,5.092750119999985,15.836212433850383,10.515939007977147,lol-sly-sc-2026-08-20
116793933806066923,lol-ban2-sec-2026-08-20,2026-08-20T19:03:45+00:00,13.125272913755902,12.769086337499964,23.774937903644645,10.649664989888747,lol-ban2-sec-2026-08-20
116833506932324828,lol-koia-hrts-2026-08-20,2026-08-20T19:21:22+00:00,-0.8637784510416672,-0.9510416666666672,0.6760671381406266,1.5398455891822938,lol-koia-hrts-2026-08-20
116912368900121313,lol-sly-sc-2026-08-20,2026-08-20T19:56:45+00:00,-0.7742056398181488,-0.8028306908333365,3.2314270261560254,4.005632665974175,lol-sly-sc-2026-08-20
116792888905448315,lol-cpd-cnv-2026-08-20-game1,2026-08-20T21:07:08+00:00,4.072685585796569,4.179913492500007,7.659937634166632,3.5872520483700634,lol-cpd-cnv-2026-08-20
116792888905448319,lol-dog-mvu-2026-08-20-game1,2026-08-20T23:24:21+00:00,0.019938042708336046,0.07670833333333604,0.6053454191973755,0.5854073764890395,lol-dog-mvu-2026-08-20
116792888905448320,lol-dog-mvu-2026-08-20-game2,2026-08-21T00:23:58+00:00,13.43814671103282,13.012918937500006,24.11636163166895,10.678214920636131,lol-dog-mvu-2026-08-20
116889604984222918,lol-foxy-genga-2026-08-21-game1,2026-08-21T05:06:57+00:00,0.12115049437500088,0.12042500000000089,1.9824867552563366,1.8613362608813357,lol-foxy-genga-2026-08-21
116889604984222919,lol-foxy-genga-2026-08-21-game2,2026-08-21T05:51:13+00:00,0.0,0.0,0.0,0.0,lol-foxy-genga-2026-08-21
116566854547835301,lol-edg-tt-2026-08-21-game1,2026-08-21T07:12:49+00:00,-1.1831581278321772,-1.1189526774999898,-2.8579167699490804,-1.6747586421169032,lol-edg-tt-2026-08-21
115548147900684674,lol-bro2-fox1-2026-08-21-game1,2026-08-21T08:07:33+00:00,-8.024978177749716,-8.021965583333342,-1.8227613210877622,6.202216856661955,lol-bro2-fox1-2026-08-21
116566854547835302,lol-edg-tt-2026-08-21-game2,2026-08-21T08:13:04+00:00,-0.20407873316433456,-1.7718052433333344,-3.4993249023783775,-3.2952461692140425,lol-edg-tt-2026-08-21
115548147900684675,lol-bro2-fox1-2026-08-21-game2,2026-08-21T09:09:40+00:00,12.704894211074594,12.335130038333341,26.610386056454246,13.905491845379652,lol-bro2-fox1-2026-08-21
116769742220520932,lol-tsw-gam-2026-08-21-game1,2026-08-21T09:12:00+00:00,1.9951625018749937,1.7362749999999938,-0.08851151500002213,-2.083674016875016,lol-tsw-gam-2026-08-21
116566854547769709,lol-al-we-2026-08-21-game1,2026-08-21T09:25:54+00:00,-1.5066691843348343,-0.6989924633333341,18.457284296170542,19.963953480505378,lol-al-we-2026-08-21
116769742220520933,lol-tsw-gam-2026-08-21-game2,2026-08-21T10:02:58+00:00,-0.4457181643750015,-0.4052250000000015,-0.6208080473119971,-0.17508988293699554,lol-tsw-gam-2026-08-21
115548147900684676,lol-bro2-fox1-2026-08-21,2026-08-21T10:08:19+00:00,-1.0282177863392923,-0.9654696516666675,0.671797785996567,1.7000155723358592,lol-bro2-fox1-2026-08-21
116566854547769710,lol-al-we-2026-08-21-game2,2026-08-21T10:23:18+00:00,0.0,0.0,0.0,0.0,lol-al-we-2026-08-21
116769742220520934,lol-tsw-gam-2026-08-21-game3,2026-08-21T10:50:02+00:00,-0.23117202570250286,-0.1640771500000032,-6.787930354241163,-6.55675832853866,lol-tsw-gam-2026-08-21
116566854547769711,lol-al-we-2026-08-21,2026-08-21T11:22:55+00:00,4.119749982680885,4.319351645000009,-7.360343149086881,-11.480093131767767,lol-al-we-2026-08-21
115548147900619038,lol-kt-t1-2026-08-21-game1,2026-08-21T11:24:17+00:00,0.35135756479167113,0.4504416666666711,-0.1269358758333342,-0.4782934406250054,lol-kt-t1-2026-08-21
116769742220520935,lol-tsw-gam-2026-08-21-game4,2026-08-21T11:52:33+00:00,-0.7245196012780415,-0.9019136016666666,0.8276723210267526,1.5521919223047942,lol-tsw-gam-2026-08-21
115548147900619039,lol-kt-t1-2026-08-21-game2,2026-08-21T12:21:11+00:00,-80.25432641625395,-81.29084278750001,-79.88722868986126,0.3670977263926858,lol-kt-t1-2026-08-21
116566854547769657,lol-tes-blg-2026-08-21-game1,2026-08-21T12:34:16+00:00,-8.83304270458629,-10.341729626666664,-10.401227384184525,-1.5681846795982357,lol-tes-blg-2026-08-21
115548147900619040,lol-kt-t1-2026-08-21,2026-08-21T13:16:10+00:00,0.0,0.0,0.029160944999999997,0.029160944999999997,lol-kt-t1-2026-08-21
116566854547769658,lol-tes-blg-2026-08-21-game2,2026-08-21T13:23:38+00:00,-1.4128277907861564,-1.669658286666656,-7.491561009796977,-6.078733219010821,lol-tes-blg-2026-08-21
115548681803406128,lol-th-sk-2026-08-21-game1,2026-08-21T15:08:50+00:00,-1.8417359727793396,-1.5179322233333394,3.223404781620119,5.065140754399459,lol-th-sk-2026-08-21
115548681803406129,lol-th-sk-2026-08-21-game2,2026-08-21T16:01:39+00:00,-5.51857113314827,-5.747331750833332,-0.29397560114366367,5.2245955320046065,lol-th-sk-2026-08-21
115548681803406148,lol-vit-navi-2026-08-21-game1,2026-08-21T17:00:49+00:00,5.270340107549,4.671636669999999,11.152351580849746,5.882011473300747,lol-vit-navi-2026-08-21
115548681803406149,lol-vit-navi-2026-08-21-game2,2026-08-21T17:54:09+00:00,-14.496956783551989,-14.229657784999988,49.032095448986205,63.52905223253819,lol-vit-navi-2026-08-21
115548681803406150,lol-vit-navi-2026-08-21,2026-08-21T18:48:41+00:00,4.504347211019099,4.11540395333335,0.15866339703858698,-4.3456838139805125,lol-vit-navi-2026-08-21
116792888905448323,lol-nrg-cont-2026-08-21-game1,2026-08-21T21:11:07+00:00,0.0,0.0,-0.7120531249999996,-0.7120531249999996,lol-nrg-cont-2026-08-21
116566854547769717,lol-we-lgd-2026-08-22-game1,2026-08-22T07:11:49+00:00,19.401195667279325,18.983592213333324,31.762569089515395,12.361373422236069,lol-we-lgd-2026-08-22
116566854547769718,lol-we-lgd-2026-08-22-game2,2026-08-22T08:06:50+00:00,4.451318676466521,4.37310993000002,-12.153074027405125,-16.604392703871646,lol-we-lgd-2026-08-22
115548147900684586,lol-dk-gen-2026-08-22-game1,2026-08-22T08:08:23+00:00,1.7977369053969374,1.825199891666687,14.470552466553178,12.67281556115624,lol-dk-gen-2026-08-22
116566854547769719,lol-we-lgd-2026-08-22,2026-08-22T09:01:43+00:00,1.8508481972852457,1.5376164799999958,6.509157919151505,4.65830972186626,lol-we-lgd-2026-08-22
115548147900684587,lol-dk-gen-2026-08-22-game2,2026-08-22T09:02:42+00:00,0.05944845122583035,-0.21476722666667003,-0.9077033904166646,-0.967151841642495,lol-dk-gen-2026-08-22
116769742220520944,lol-mvk-gam-2026-08-22-game1,2026-08-22T09:14:17+00:00,0.0,0.0,0.5505879166666666,0.5505879166666666,lol-mvk-gam-2026-08-22
115548147900684588,lol-dk-gen-2026-08-22,2026-08-22T09:58:05+00:00,20.095015644703654,18.59057809583334,42.23726480806955,22.14224916336589,lol-dk-gen-2026-08-22
116769742220520945,lol-mvk-gam-2026-08-22-game2,2026-08-22T10:04:59+00:00,6.051688977834293,6.377579851666668,5.0150198184527035,-1.0366691593815898,lol-mvk-gam-2026-08-22
116566854547835333,lol-nip-ig1-2026-08-22-game1,2026-08-22T10:08:15+00:00,10.016107663960508,9.548364939166696,-0.05776068115264247,-10.07386834511315,lol-nip-ig1-2026-08-22
116769742220520946,lol-mvk-gam-2026-08-22-game3,2026-08-22T11:04:36+00:00,22.376645884519295,21.99702495166667,47.422762195073254,25.04611631055396,lol-mvk-gam-2026-08-22
116566854547835334,lol-nip-ig1-2026-08-22-game2,2026-08-22T11:08:39+00:00,3.604230217686867,3.4292884991666788,23.067717899199838,19.46348768151297,lol-nip-ig1-2026-08-22
115548147900750242,lol-dnf-drx-2026-08-22-game1,2026-08-22T11:31:08+00:00,3.4107216659878685,3.299047534999994,18.847733645351585,15.437011979363717,lol-dnf-drx-2026-08-22
116769742220520947,lol-mvk-gam-2026-08-22-game4,2026-08-22T11:53:34+00:00,0.9740195586054231,0.22033111583336082,4.966202291502099,3.992182732896676,lol-mvk-gam-2026-08-22
116566854547769693,lol-jdg-tes-2026-08-22-game1,2026-08-22T12:10:59+00:00,0.7862513530806362,0.6744644150000111,-1.0836728856117919,-1.869924238692428,lol-jdg-tes-2026-08-22
115548147900750243,lol-dnf-drx-2026-08-22-game2,2026-08-22T12:30:07+00:00,-1.9911775458176795,-1.6639582866666796,3.189000545416672,5.180178091234351,lol-dnf-drx-2026-08-22
115548681803406220,lol-fnc-shft-2026-08-22-game1,2026-08-22T15:07:29+00:00,5.808517919120567,6.565097867500005,-8.676439168589846,-14.484957087710413,lol-fnc-shft-2026-08-22
115548681803406221,lol-fnc-shft-2026-08-22-game2,2026-08-22T16:02:02+00:00,1.7212782704166625,1.8978166666666627,-2.1853134901876303,-3.906591760604293,lol-fnc-shft-2026-08-22
115565671526403051,lol-lev-vks-2026-08-22-game2,2026-08-22T16:59:02+00:00,0.0,0.0,0.0,0.0,lol-lev-vks-2026-08-22
115548681803406252,lol-sk-mkoi-2026-08-22-game1,2026-08-22T17:04:36+00:00,-0.22593476712199842,-0.19685017999999843,0.2654511323537502,0.49138589947574857,lol-sk-mkoi-2026-08-22
115548681803406253,lol-sk-mkoi-2026-08-22-game2,2026-08-22T17:54:17+00:00,0.04884515187499231,0.053324999999992,3.1694521786183336,3.120607026743341,lol-sk-mkoi-2026-08-22
115565671526402954,lol-png1-fur-2026-08-22-game1,2026-08-22T17:57:42+00:00,-0.3145171174999997,-0.24459999999999957,5.964949322500001,6.27946644,lol-png1-fur-2026-08-22
115565671526402955,lol-png1-fur-2026-08-22-game2,2026-08-22T18:48:21+00:00,8.383589559583358,7.830433333333358,7.851692284143901,-0.5318972754394559,lol-png1-fur-2026-08-22
115564797163821188,lol-sen-fly-2026-08-22-game1,2026-08-22T20:08:16+00:00,1.628339791321894,1.4532570708333317,-7.191151800051268,-8.819491591373161,lol-sen-fly-2026-08-22
115564797163821189,lol-sen-fly-2026-08-22-game2,2026-08-22T21:00:10+00:00,11.138936297714787,10.485051490000039,12.290673386502426,1.1517370887876373,lol-sen-fly-2026-08-22
115564797163886764,lol-dsg-dig-2026-08-22-game1,2026-08-22T21:49:49+00:00,-2.1204049095696944,-2.392552432500007,-3.5480508997113698,-1.4276459901416751,lol-dsg-dig-2026-08-22
115564797163886765,lol-dsg-dig-2026-08-22-game2,2026-08-22T22:43:31+00:00,0.49236583780778753,-0.4362835183333373,-3.26191799654763,-3.7542838343554177,lol-dsg-dig-2026-08-22
116566854547835297,lol-tt-lgd-2026-08-23-game1,2026-08-23T07:12:51+00:00,1.5960985464355806,1.5817285433333301,4.007796970603915,2.411698424168335,lol-tt-lgd-2026-08-23
115548147900553482,lol-hle1-t1-2026-08-23-game1,2026-08-23T08:07:49+00:00,-2.842101314375004,-1.8102750000000043,4.348376167916656,7.190477482291659,lol-hle1-t1-2026-08-23
116566854547835298,lol-tt-lgd-2026-08-23-game2,2026-08-23T08:16:56+00:00,-6.419303697500001,-6.5146500000000005,-24.935253509166667,-18.515949811666665,lol-tt-lgd-2026-08-23
115548147900619019,lol-hle1-t1-2026-08-23-game2,2026-08-23T08:59:52+00:00,-15.132524197020516,-16.336765430833328,-0.17684466917122185,14.955679527849293,lol-hle1-t1-2026-08-23
116769742220520938,lol-cfo-tsw-2026-08-23-game1,2026-08-23T09:12:39+00:00,-2.559847596692752,-2.6197249700000023,-3.2021780588797526,-0.6423304621870004,lol-cfo-tsw-2026-08-23
116566854547769749,lol-edg-jdg-2026-08-23-game1,2026-08-23T09:33:11+00:00,6.6235013423764,6.33933885666665,15.160763180443839,8.537261838067439,lol-edg-jdg-2026-08-23
116769742220520939,lol-cfo-tsw-2026-08-23-game2,2026-08-23T09:58:59+00:00,3.012277847249153,2.6802470216666534,12.459190229762742,9.44691238251359,lol-cfo-tsw-2026-08-23
115548147900750230,lol-fox1-ns-2026-08-23-game1,2026-08-23T10:20:29+00:00,-3.9216261771324916,-3.3910998999999915,8.19779740544896,12.119423582581453,lol-fox1-ns-2026-08-23
116566854547769750,lol-edg-jdg-2026-08-23-game2,2026-08-23T10:22:43+00:00,-0.19482512990652393,-0.03028465583333621,-9.942006780319424,-9.7471816504129,lol-edg-jdg-2026-08-23
116769742220520940,lol-cfo-tsw-2026-08-23-game3,2026-08-23T10:49:00+00:00,-1.85161532458332,-1.7826833333333205,10.453253377291682,12.304868701875003,lol-cfo-tsw-2026-08-23
115548147900750231,lol-fox1-ns-2026-08-23-game2,2026-08-23T11:11:22+00:00,2.326038997035418,2.8417321166666683,-19.54717131860503,-21.87321031564045,lol-fox1-ns-2026-08-23
116566854547769751,lol-edg-jdg-2026-08-23,2026-08-23T11:24:45+00:00,-0.33848659958333394,-0.31008333333333393,-1.2419734946458332,-0.9034868950624991,lol-edg-jdg-2026-08-23
115548147900750232,lol-fox1-ns-2026-08-23,2026-08-23T11:57:39+00:00,-12.8318172201158,-13.7011994983333,-9.860699515025573,2.9711177050902275,lol-fox1-ns-2026-08-23
116566854547769665,lol-blg-al-2026-08-23-game1,2026-08-23T12:28:51+00:00,2.417825158248124,1.4105475658333113,0.8449985207642351,-1.5728266374838895,lol-blg-al-2026-08-23
116566854547769666,lol-blg-al-2026-08-23-game2,2026-08-23T13:36:38+00:00,19.562640714444495,18.944951974999995,54.63406038664869,35.0714196722042,lol-blg-al-2026-08-23
116566854547769667,lol-blg-al-2026-08-23,2026-08-23T14:45:43+00:00,-4.278522807842484,-3.8946451058332965,13.05762379491908,17.336146602761563,lol-blg-al-2026-08-23
115548681803406124,lol-th-gx-2026-08-23-game1,2026-08-23T15:08:10+00:00,-4.0354662108333255,-3.2430833333333253,-31.60033359333332,-27.564867382499997,lol-th-gx-2026-08-23
115548681803406125,lol-th-gx-2026-08-23-game2,2026-08-23T16:18:09+00:00,-11.36312509728341,-11.969652571666657,-10.934277172746738,0.4288479245366726,lol-th-gx-2026-08-23
115548681803406224,lol-shft-kc-2026-08-23-game1,2026-08-23T17:21:13+00:00,-0.4616879943750003,-0.4458750000000003,0.8953762381943119,1.3570642325693123,lol-shft-kc-2026-08-23
115565671526402974,lol-los-lll-2026-08-23-game1,2026-08-23T17:53:30+00:00,6.837002391340341,6.952247233333341,-2.855157917639073,-9.692160308979412,lol-los-lll-2026-08-23
115548681803406225,lol-shft-kc-2026-08-23-game2,2026-08-23T18:20:53+00:00,-7.841635994022678,-8.342922811666677,-8.303755195388677,-0.46211920136599877,lol-shft-kc-2026-08-23
115565671526402975,lol-los-lll-2026-08-23-game2,2026-08-23T18:44:44+00:00,8.848276296986324,9.327758493333324,-11.084394515208333,-19.932670812194655,lol-los-lll-2026-08-23
115548681803406226,lol-shft-kc-2026-08-23,2026-08-23T19:17:09+00:00,2.250946331874997,2.1789249999999973,3.5640097239583324,1.3130633920833354,lol-shft-kc-2026-08-23
115564797163821184,lol-dsg-sen-2026-08-23-game1,2026-08-23T20:06:36+00:00,0.35892015812500216,0.35642500000000216,2.539986683027166,2.1810665249021635,lol-dsg-sen-2026-08-23
115564797163821185,lol-dsg-sen-2026-08-23-game2,2026-08-23T20:56:20+00:00,-0.9599913532570751,-0.9319308383333252,5.303390482854936,6.263381836112011,lol-dsg-sen-2026-08-23
115564797163886768,lol-dig-fly-2026-08-23-game1,2026-08-23T21:43:29+00:00,0.510386394375001,0.541125000000001,-3.1187399500904394,-3.62912634446544,lol-dig-fly-2026-08-23
115564797163886769,lol-dig-fly-2026-08-23-game2,2026-08-23T23:12:44+00:00,13.95399764730535,13.227309044166661,19.001984514598742,5.047986867293395,lol-dig-fly-2026-08-23
116889604984222940,lol-foxy-hle-2026-08-24-game1,2026-08-24T09:27:22+00:00,-13.39281308476121,-14.124480549999959,-22.52000526900244,-9.127192184241231,lol-foxy-hle-2026-08-24
116889604984222941,lol-foxy-hle-2026-08-24-game2,2026-08-24T10:27:20+00:00,-0.6906558496246727,-0.5626899466666727,1.234572947806558,1.9252287974312303,lol-foxy-hle-2026-08-24
116889604984222942,lol-foxy-hle-2026-08-24-game3,2026-08-24T11:26:04+00:00,-19.1690382041869,-19.79896576666665,-36.62149397569371,-17.45245577150681,lol-foxy-hle-2026-08-24
115548681803406168,lol-navi-fnc-2026-08-24-game1,2026-08-24T15:07:45+00:00,-0.8219242711611946,-0.40108688250000757,5.500190020436084,6.322114291597278,lol-navi-fnc-2026-08-24
115548681803406169,lol-navi-fnc-2026-08-24-game2,2026-08-24T16:14:44+00:00,3.4004743853562354,3.0727998541666732,0.6925929522740321,-2.7078814330822034,lol-navi-fnc-2026-08-24
116878159559860069,lol-deer-dmg-2026-08-24-game2,2026-08-24T16:58:08+00:00,-0.8420271627083279,-0.8354583333333281,-1.38106416604166,-0.5390370033333323,lol-deer-dmg-2026-08-24
115548681803406248,lol-gx-g2-2026-08-24-game1,2026-08-24T17:12:23+00:00,-2.2883664566149418,-2.1843661075000047,14.142979790550454,16.431346247165393,lol-gx-g2-2026-08-24
115548681803406249,lol-gx-g2-2026-08-24-game2,2026-08-24T18:00:34+00:00,-0.02143620287841813,-0.022514836666668092,4.124448509334422,4.1458847122128395,lol-gx-g2-2026-08-24
115548681803406250,lol-gx-g2-2026-08-24,2026-08-24T18:57:57+00:00,11.138365928378654,10.93595488500003,25.663097429512376,14.524731501133724,lol-gx-g2-2026-08-24
116809554933343357,lol-est-nerd-2026-08-24-game1,2026-08-24T20:05:17+00:00,0.3374278810994795,0.31911560416666696,0.3960474810994808,0.05861960000000136,lol-est-nerd-2026-08-24
116809554933343358,lol-est-nerd-2026-08-24-game2,2026-08-24T20:55:31+00:00,0.0,0.0,0.0,0.0,lol-est-nerd-2026-08-24
116809554933343361,lol-itz-vksa-2026-08-24-game1,2026-08-24T21:29:22+00:00,1.8969736733437756,1.9246552716666507,5.867898853747988,3.9709251804042123,lol-itz-vksa-2026-08-24
116809554933343362,lol-itz-vksa-2026-08-24-game2,2026-08-24T22:21:06+00:00,-1.2072919762916499,-1.0513176666666497,3.9511570750000033,5.158449051291654,lol-itz-vksa-2026-08-24
116520885021783361,lol-fue-z5-2026-08-24-game1,2026-08-24T23:08:47+00:00,0.3411066854498313,0.34109171333333127,4.364285984495161,4.023179299045329,lol-fue-z5-2026-08-24
116520885021783362,lol-fue-z5-2026-08-24-game2,2026-08-24T23:58:33+00:00,0.37258069208332106,0.46798333333332093,1.965182209791661,1.5926015177083397,lol-fue-z5-2026-08-24
116520885021783363,lol-fue-z5-2026-08-24-game3,2026-08-25T00:56:43+00:00,0.5262147597921101,0.40118903416667245,0.1750784656849864,-0.35113629410712366,lol-fue-z5-2026-08-24
116520885021783364,lol-fue-z5-2026-08-24-game4,2026-08-25T01:59:27+00:00,19.8286725043215,19.17691841,24.277163682270054,4.448491177948555,lol-fue-z5-2026-08-24
116520885021783365,lol-fue-z5-2026-08-24,2026-08-25T02:46:33+00:00,-14.25747517437499,-13.803524999999993,14.616718110671464,28.874193285046456,lol-fue-z5-2026-08-24
116889604984222946,lol-drxc-foxy-2026-08-25-game1,2026-08-25T08:05:37+00:00,-1.3824498466666688,-1.2740166666666686,-6.248669196390679,-4.86621934972401,lol-drxc-foxy-2026-08-25
116889604984222947,lol-drxc-foxy-2026-08-25-game2,2026-08-25T09:10:01+00:00,13.253775497590354,12.665088959999979,25.11023383189473,11.856458334304373,lol-drxc-foxy-2026-08-25
116889604984222948,lol-drxc-foxy-2026-08-25-game3,2026-08-25T10:07:21+00:00,10.365804705532026,9.558207320833338,16.251870437182045,5.88606573165002,lol-drxc-foxy-2026-08-25
116889604984222949,lol-drxc-foxy-2026-08-25-game4,2026-08-25T10:58:56+00:00,-8.827921767056433,-9.149176102499997,-5.7911861563849,3.0367356106715344,lol-drxc-foxy-2026-08-25
116838284885273881,lol-pcific-su-2026-08-25-game1,2026-08-25T14:58:43+00:00,0.0,0.0,0.013978437499999991,0.013978437499999991,lol-pcific-su-2026-08-25
116713193618227884,lol-use1-ross-2026-08-25-game1,2026-08-25T15:07:52+00:00,54.42164303502082,55.118820833333324,-34.618854583333345,-89.04049761835417,lol-use1-ross-2026-08-25
116838284885273882,lol-pcific-su-2026-08-25-game2,2026-08-25T15:52:52+00:00,-1.1443006975000014,-1.2047000000000014,-9.98011098902634,-8.835810291526338,lol-pcific-su-2026-08-25
116923257568665153,lol-mgz-llh-2026-08-25-game1,2026-08-25T16:10:21+00:00,0.0,0.0,0.0,0.0,lol-mgz-llh-2026-08-25
116713193618227885,lol-use1-ross-2026-08-25-game2,2026-08-25T16:13:51+00:00,0.9944385621593753,0.2927091350000007,3.3047726634130945,2.310334101253719,lol-use1-ross-2026-08-25
116838284885273883,lol-pcific-su-2026-08-25-game3,2026-08-25T16:48:16+00:00,0.03046616674225283,-0.06933868999999711,1.604159989059961,1.573693822317708,lol-pcific-su-2026-08-25
116713193618227886,lol-use1-ross-2026-08-25-game3,2026-08-25T17:02:18+00:00,-4.0338748648942415,-4.243444049999991,-8.771936959310494,-4.738062094416254,lol-use1-ross-2026-08-25
116838284885273884,lol-pcific-su-2026-08-25-game4,2026-08-25T17:41:21+00:00,1.0365695080209685,1.0242345883333441,20.74723098083359,19.710661472812617,lol-pcific-su-2026-08-25
116713193618227887,lol-use1-ross-2026-08-25-game4,2026-08-25T17:58:31+00:00,3.1119606668338076,3.2610950674999946,4.554031890031623,1.4420712231978152,lol-use1-ross-2026-08-25
116793933806066857,lol-ban2-dyn1-2026-08-25-game1,2026-08-25T18:09:53+00:00,-6.585193672181002,-6.79113326,-25.782887903053336,-19.197694230872333,lol-ban2-dyn1-2026-08-25
116793933806066858,lol-ban2-dyn1-2026-08-25-game2,2026-08-25T19:00:07+00:00,0.0,0.0,-0.08622416666666667,-0.08622416666666667,lol-ban2-dyn1-2026-08-25
117009042046592072,lol-doc-fsk-2026-08-25-game2,2026-08-25T19:31:05+00:00,0.19852517020833646,0.22930833333333642,-0.2977408687500001,-0.4962660389583366,lol-doc-fsk-2026-08-25
116793933806066859,lol-ban2-dyn1-2026-08-25,2026-08-25T19:56:27+00:00,0.0,0.0,0.0,0.0,lol-ban2-dyn1-2026-08-25
116809554933343365,lol-rmd-pnga-2026-08-25-game1,2026-08-25T20:03:07+00:00,5.927477672181578,6.156429063333327,-5.606340909443816,-11.533818581625395,lol-rmd-pnga-2026-08-25
117009042046592073,lol-doc-fsk-2026-08-25,2026-08-25T20:34:00+00:00,-0.933516240000002,-0.877200000000002,1.0770419795958353,2.010558219595837,lol-doc-fsk-2026-08-25
116809554933343366,lol-rmd-pnga-2026-08-25-game2,2026-08-25T20:55:25+00:00,4.775408764166655,5.2577666666666545,-5.791008924059319,-10.566417688225973,lol-rmd-pnga-2026-08-25
116520721101367260,lol-gl-9zg-2026-08-25-game2,2026-08-25T20:59:24+00:00,-0.8440789908563406,-0.8535204733333409,-8.026751855621319,-7.182672864764978,lol-gl-9zg-2026-08-25
116520721101367261,lol-gl-9zg-2026-08-25-game3,2026-08-25T21:58:52+00:00,0.25202702760885387,0.24760857916666637,0.2778008270078123,0.025773799398958405,lol-gl-9zg-2026-08-25
116809554933343367,lol-rmd-pnga-2026-08-25-game3,2026-08-25T21:59:23+00:00,0.45015347739165273,0.38723506666665247,4.272340369149993,3.822186891758341,lol-rmd-pnga-2026-08-25
116809554933343368,lol-rmd-pnga-2026-08-25-game4,2026-08-25T22:53:02+00:00,-3.629661003094966,-4.446088719166654,-11.663567309896484,-8.03390630680152,lol-rmd-pnga-2026-08-25
117030752644841572,lol-kt-bro2-2026-08-26-game1,2026-08-26T08:08:27+00:00,-9.533313165283914,-8.709338608333288,11.889793997177582,21.423107162461495,lol-kt-bro2-2026-08-26
117030752644841573,lol-kt-bro2-2026-08-26-game2,2026-08-26T09:10:37+00:00,-2.9924251529778325,-2.7433629933333328,-0.2943351135571317,2.6980900394207006,lol-kt-bro2-2026-08-26
117030752644841574,lol-kt-bro2-2026-08-26-game3,2026-08-26T10:04:20+00:00,-0.29156904262492117,-0.4529334766666713,-2.8142307500052777,-2.5226617073803568,lol-kt-bro2-2026-08-26
117030752644841575,lol-kt-bro2-2026-08-26-game4,2026-08-26T11:01:36+00:00,3.7805476189583556,4.049933333333356,-1.665110617291667,-5.445658236250023,lol-kt-bro2-2026-08-26
117030752644841576,lol-kt-bro2-2026-08-26,2026-08-26T12:00:19+00:00,3.946915790486406,3.8109019108333437,-14.680143494627567,-18.627059285113972,lol-kt-bro2-2026-08-26
116996464901636915,lol-exe-brt-2026-08-26-game1,2026-08-26T14:25:59+00:00,2.909740614572293,2.651281506666668,3.6071012111515626,0.6973605965792696,lol-exe-brt-2026-08-26
116838284885273893,lol-pcific-phx2-2026-08-26-game1,2026-08-26T14:58:27+00:00,-8.921068752242396,-8.817877355000022,6.744414140307,15.665482892549397,lol-pcific-phx2-2026-08-26
116713193618227890,lol-es1-khk-2026-08-26-game1,2026-08-26T15:05:43+00:00,-0.12960273114186846,-0.561342159999994,-0.7645876149005132,-0.6349848837586446,lol-es1-khk-2026-08-26
117009042046526503,lol-fsk-bce-2026-08-26-game1,2026-08-26T15:14:02+00:00,0.0,0.0,0.0,0.0,lol-fsk-bce-2026-08-26
116996464901636916,lol-exe-brt-2026-08-26-game2,2026-08-26T15:19:52+00:00,1.9571394268833364,1.7978389333333367,11.356468946690326,9.399329519806988,lol-exe-brt-2026-08-26
116838284885536038,lol-pcific-phx2-2026-08-26-game2,2026-08-26T15:55:46+00:00,11.251941135833341,11.51563333333334,-11.256245714366669,-22.50818685020001,lol-pcific-phx2-2026-08-26
116713193618227891,lol-es1-khk-2026-08-26-game2,2026-08-26T15:58:13+00:00,-16.837575063726884,-17.61343225000001,-18.657912780640427,-1.820337716913541,lol-es1-khk-2026-08-26
116912368900121301,lol-tlnpir-gal-2026-08-26-game1,2026-08-26T16:05:39+00:00,8.731293121875023,8.756375000000023,0.9140040149745005,-7.817289106900522,lol-tlnpir-gal-2026-08-26
117009042046526504,lol-fsk-bce-2026-08-26-game2,2026-08-26T16:11:05+00:00,0.0,0.0,0.0,0.0,lol-fsk-bce-2026-08-26
116713193618227892,lol-es1-khk-2026-08-26-game3,2026-08-26T16:47:24+00:00,2.7183933279718406,2.953107013333341,17.60710816281734,14.888714834845501,lol-es1-khk-2026-08-26
117009042046526505,lol-fsk-bce-2026-08-26,2026-08-26T17:07:19+00:00,0.0,0.0,-0.11415416666666663,-0.11415416666666663,lol-fsk-bce-2026-08-26
116912368900121302,lol-tlnpir-gal-2026-08-26-game2,2026-08-26T17:11:25+00:00,2.2645676883333343,2.2452833333333344,-1.611801254847844,-3.8763689431811783,lol-tlnpir-gal-2026-08-26
116713193618227893,lol-es1-khk-2026-08-26-game4,2026-08-26T17:57:43+00:00,-0.1831064925000022,-0.16160000000000205,3.2758200796555257,3.458926572155528,lol-es1-khk-2026-08-26
116912368900121303,lol-tlnpir-gal-2026-08-26-game3,2026-08-26T18:01:40+00:00,-4.244362532556887,-4.104696325000012,18.94188912943884,23.18625166199573,lol-tlnpir-gal-2026-08-26
116837902961537568,lol-hype-bublik-2026-08-26-game1,2026-08-26T18:10:06+00:00,0.0,0.0,0.0,0.0,lol-hype-bublik-2026-08-26
117009042046592112,lol-bombat-doc-2026-08-26-game2,2026-08-26T19:12:54+00:00,0.0,0.0,0.0,0.0,lol-bombat-doc-2026-08-26
116792888905448339,lol-cnv-dog-2026-08-26-game1,2026-08-26T21:08:36+00:00,-5.609946780833348,-5.2047333333333485,2.029729536041668,7.6396763168750175,lol-cnv-dog-2026-08-26
116792888905448340,lol-cnv-dog-2026-08-26-game2,2026-08-26T21:53:31+00:00,8.607966869286459,9.045453458333336,-12.37041667248019,-20.97838354176665,lol-cnv-dog-2026-08-26
116792888905448341,lol-cnv-dog-2026-08-26-game3,2026-08-26T22:41:06+00:00,1.257985946874993,1.2445249999999928,-1.8892254703044227,-3.1472114171794154,lol-cnv-dog-2026-08-26
117030752644841578,lol-ns-fox1-2026-08-27-game1,2026-08-27T08:07:22+00:00,3.711781500866722,2.840064939166662,23.76627938501498,20.054497884148258,lol-ns-fox1-2026-08-27
117030752644841579,lol-ns-fox1-2026-08-27-game2,2026-08-27T08:57:35+00:00,-4.886224514202106,-5.144086784999984,-35.02846124712898,-30.142236732926875,lol-ns-fox1-2026-08-27
