match_id,game,feed_source,joined_at_utc,tournament,teams_radiant,teams_dire,map_number,yes_is_radiant,fills,buy_fills,sell_fills,buy_notional,sell_notional,net,net_source,pnl_per_buy_notional,fill_outcomes,unknown_token_fills,first_entry_second,clip_buy_quote_median,clip_buy_quote_p90,clip_quote_count,hold_seconds_weighted_mean,hold_seconds_median_allocation,sell_matched_buy_shares,first_model_second,signal_rows,signal_gap_median_s,signal_gap_p90_s,signal_gap_gt5_s,signal_gap_gt10_s,signal_wall_offset_s,fill_offset_range_s,fill_offset_mad_s
8975647643,dota,grid,2026-08-31T09:21:13.808951+00:00,<missing>,Zero Tenacity,PuckChamp,1,False,0,0,0,0,0,0.0,session_end cash+inventory,,<none>,0,,,,0,,,0.0,,391,6.0,19.0,170,92,900.0,[],
8975732660,dota,grid,2026-08-31T10:32:23.079592+00:00,<missing>,Zero Tenacity,PuckChamp,2,False,0,0,0,0,0,0.0,session_end cash+inventory,,<none>,0,,49.99739999999999,49.99739999999999,1,,,0.0,357,251,5.0,16.0,101,50,900.0,[],
8975871235,dota,grid,2026-08-31T12:25:29.905726+00:00,<missing>,Team Synapse,Team Lynx,1,True,4,2,2,99.9901,92.44919999999999,-7.540900000000001,session_end cash+inventory,-0.0754164662301568,no,0,59,49.998599999999996,49.9996,3,163.45107319657285,183.32959949999997,174.49,24,659,4.0,10.0,167,52,9.125206999999996,"[7.60191199999997, 19.30770100000001]",0.7991805000000127
8976012755,dota,grid,2026-08-31T13:40:19.551124+00:00,<missing>,Team Lynx,Team Synapse,2,False,4,2,2,73.93005000000001,87.4647,-28.341450000000005,session_end cash+inventory,-0.38335494159682026,"no,yes",0,113,50.000400000000006,50.000400000000006,3,790.5832104830715,828.7910235,140.0,59,575,4.0,13.0,169,78,45.88663050000001,"[43.35530800000001, 1830.0]",2.095827
8976166971,dota,grid,2026-08-31T15:07:52.381553+00:00,<missing>,Team Synapse,Team Lynx,3,True,0,0,0,0,0,0.0,session_end cash+inventory,,<none>,0,,,,0,,,0.0,18,596,4.0,13.0,177,74,900.0,[],
8976300473,dota,grid,2026-08-31T16:23:12.540862+00:00,<missing>,4ikibamboni,Inner Circle x Insanity,1,True,0,0,0,0,0,0.0,session_end cash+inventory,,<none>,0,,50.001799999999996,50.0031,9,,,0.0,50,782,3.0,9.0,145,45,900.0,[],
8976441468,dota,grid,2026-08-31T17:41:49.295145+00:00,<missing>,Inner Circle x Insanity,4ikibamboni,2,False,2,1,1,50.003,70.16550000000001,20.16250000000001,session_end cash+inventory,0.4032258064516131,no,0,277,50.001799999999996,50.003,4,456.8683290000001,456.868329,80.65,7,217,4.0,13.0,81,34,73.39281550000001,"[13.458650999999975, 133.32698000000005]",59.93416450000004
8976511215,dota,grid,2026-08-31T18:28:38.257306+00:00,<missing>,Inner Circle x Insanity,4ikibamboni,3,False,4,1,3,40.297673999999994,40.254798,-0.042875999999989034,session_end cash+inventory,-0.0010639820055120064,no,0,108,200.00159999999997,200.00159999999997,1,622.675106232622,579.72647,70.68901,-33,800,5.0,18.0,299,158,10.84364400000004,"[8.190391000000005, 15.27773000000002]",2.2900180000000177
8976665322,dota,grid,2026-08-31T20:23:46.413482+00:00,<missing>,Pipsqueak + 4,Team Spirit Academy,1,False,10,6,4,400.0025,385.813097,-14.189402999999992,session_end cash+inventory,-0.03547328579196378,no,0,326,200.00035,200.0025,8,345.9505349043746,418.196939,579.158855,72,443,5.0,17.0,171,90,122.51224500000001,"[121.207989, 140.91906100000006]",0.720247999999998
8976751962,dota,grid,2026-08-31T21:39:01.316956+00:00,<missing>,Team Spirit Academy,Pipsqueak + 4,2,True,7,2,5,199.98999999999998,196.09519500000002,-3.8948049999999625,session_end cash+inventory,-0.01947499874993731,no,0,189,200.00160000000002,200.0017,4,425.7005085378067,417.0540555,285.697138,68,382,5.0,19.0,148,75,304.57104200000003,"[56.75304600000001, 308.136609]",2.964505000000031
8976806033,dota,grid,2026-08-31T22:52:35.306784+00:00,<missing>,Team Spirit Academy,Pipsqueak + 4,3,True,3,1,2,199.99439999999998,197.229798,-2.7646019999999965,session_end cash+inventory,-0.013823397055117526,no,0,121,200.00159999999997,200.00159999999997,2,340.6550129544076,267.16493049999997,277.768887,98,323,5.0,18.0,132,67,30.274808000000007,"[29.809949000000017, 43.87744799999999]",0.4648589999999899
8977252978,dota,grid,2026-09-01T09:17:04.064320+00:00,<missing>,PuckChamp,Klim Sani4,1,False,5,1,4,179.512,206.471994,26.959993999999995,session_end cash+inventory,0.1501849124292526,yes,0,111,200.0,200.0,2,483.6385110657546,509.12079100000005,224.380304,93,435,4.0,15.0,144,59,12.156953000000044,"[7.6082210000000146, 14.761796000000004]",2.60484299999996
8977325814,dota,grid,2026-09-01T11:02:26.087957+00:00,<missing>,Klim Sani4,PuckChamp,2,True,0,0,0,0,0,0.0,session_end cash+inventory,,<none>,0,,,,0,,,0.0,2091,108,3.0,13.0,28,14,900.0,[],
9007118998,dota,oddin,2026-09-19T21:19:43.344317+00:00,<missing>,MOUZ,Team Yandex,2,False,0,0,0,0,0,-5.3793,session_end cash+inventory,,<none>,0,,,,0,,,0.0,1817,1402,1.0,1.0,0,0,900.0,[],
9007118998.pgl-detached,dota,oddin,2026-09-19T20:48:13.058677+00:00,<missing>,MOUZ,Team Yandex,2,False,5,3,2,14.9968,9.6175,,unknown,,no,0,365,4.997999999999999,5.0,29,200.0943964127892,229.985,38.47,-42,651,1.0,2.0,2,2,23.045999999999992,"[22.043000000000006, 26.033999999999992]",0.9849999999999568
9007208887,dota,oddin,2026-09-19T21:45:13.654280+00:00,<missing>,MOUZ,Team Yandex,3,False,4,3,1,14.986,13.741200000000001,-1.244799999999998,session_end cash+inventory,-0.08306419324703042,no,0,384,4.997999999999999,5.0,46,30.27679122638489,32.021,31.23,-60,5197,1.0,1.0,0,0,832.5415,"[830.1669999999999, 833.0350000000001]",0.4895000000000209
9007618656,dota,oddin,2026-09-20T07:04:13.176052+00:00,<missing>,Conventus Stellarum,Xtreme Gaming,1,True,4,2,2,9.994,9.1215,-0.8725000000000005,session_end cash+inventory,-0.08730238142885736,"no,yes",0,91,4.9979000000000005,4.9995,45,468.76782538832356,420.495,18.669999999999998,-60,4682,1.0,1.0,0,0,1482.5345,"[826.048, 1566.0349999999999]",83.4994999999999
9007618767,dota,oddin,2026-09-20T07:02:19.331839+00:00,<missing>,Team Cobra,PlayTime,1,False,4,3,1,14.990600000000002,15.142000000000001,0.1513999999999971,session_end cash+inventory,0.010099662455138358,yes,0,104,4.998,4.998500000000001,42,233.3719517699115,151.97,22.6,-60,7819,1.0,1.0,0,0,879.058,"[819.035, 881.028]",0.9850000000000136
9007700576,dota,oddin,2026-09-20T08:21:55.577521+00:00,<missing>,Xtreme Gaming,Conventus Stellarum,2,False,0,0,0,0,0,0.0,session_end cash+inventory,,<none>,0,,,,0,,,0.0,-60,4760,1.0,1.0,0,0,900.0,[],
9007720090,dota,oddin,2026-09-20T08:39:49.944699+00:00,<missing>,PlayTime,Team Cobra,2,True,0,0,0,0,0,,unknown,,<none>,0,,,,0,,,0.0,-60,4919,1.0,1.0,0,0,900.0,[],
9007784381,dota,oddin,2026-09-20T09:35:21.790562+00:00,<missing>,Xtreme Gaming,Conventus Stellarum,3,False,0,0,0,0,0,0.0,session_end cash+inventory,,<none>,0,,,,0,,,0.0,-60,8318,1.0,1.0,1,1,900.0,[],
9007800408,dota,oddin,2026-09-20T09:46:30.877879+00:00,<missing>,Team Cobra,PlayTime,3,False,0,0,0,0,0,0.0,session_end cash+inventory,,<none>,0,,,,0,,,0.0,-60,3992,1.0,1.0,0,0,900.0,[],
9007918871,dota,oddin,2026-09-20T11:18:32.353745+00:00,<missing>,LGD Gaming,GamerLegion,1,False,0,0,0,0,0,0.0,session_end cash+inventory,,<none>,0,,4.9968,4.9984,38,,,0.0,-60,5629,1.0,1.0,0,0,900.0,[],
9008041645,dota,oddin,2026-09-20T12:31:38.016557+00:00,<missing>,GamerLegion,LGD Gaming,2,True,6,3,3,10.603165,9.4129,-1.1902650000000015,session_end cash+inventory,-0.11225563310577562,yes,0,307,4.99745,4.9998000000000005,60,44.95126336101167,29.011,25.700000000000003,-60,4316,1.0,1.0,0,0,8.402000000000015,"[8.026999999999987, 9.031000000000006]",0.3750000000000284
9008125103,dota,oddin,2026-09-20T13:18:08.596058+00:00,<missing>,Yakult Brothers, Pipsqueak+4,1,False,12,7,5,34.9901,33.2567,-1.7333999999999965,session_end cash+inventory,-0.049539726951337563,no,0,123,4.997999999999999,4.9998000000000005,46,49.635595802522836,95.949,91.96000000000001,-60,7043,1.0,1.0,0,0,8.083000000000027,"[4.0, 9.046999999999997]",0.4975000000000023
9008160103,dota,oddin,2026-09-20T13:39:09.244350+00:00,<missing>,Aurora,Natus Vincere,1,True,8,4,4,19.750303000000002,19.586399999999998,-0.16390300000000063,session_end cash+inventory,-0.008298758758283386,yes,0,109,4.997999999999999,4.9998000000000005,27,76.69003794539707,130.995,54.5575,-60,5456,1.0,1.0,0,0,8.534500000000008,"[8.029999999999973, 9.036000000000001]",0.5
9008292090,dota,oddin,2026-09-20T14:48:42.843467+00:00,<missing>, Pipsqueak+4,Yakult Brothers,2,True,3,2,1,9.9952,10.4814,0.4862000000000002,session_end cash+inventory,0.04864334880742758,no,0,174,4.998,5.0,39,71.9670211231324,71.9965,19.41,-60,5892,1.0,1.0,0,0,16.029999999999973,"[16.02199999999999, 20.044999999999987]",0.007999999999981355
9008297395,dota,oddin,2026-09-20T14:51:07.461073+00:00,<missing>,Aurora,Natus Vincere,2,True,0,0,0,0,0,0.0,session_end cash+inventory,,<none>,0,,4.9961,4.9995,15,,,0.0,-60,4379,1.0,1.0,0,0,900.0,[],
9008413867,dota,oddin,2026-09-20T15:53:44.322144+00:00,<missing>,Team Nemesis,Team Yandex,1,False,4,2,2,9.9968,11.4619,1.4650999999999996,session_end cash+inventory,0.14655689820742634,yes,0,162,4.9977,4.9984,51,451.5187346474602,475.5045,13.190000000000001,-58,2740,1.0,1.0,67,0,9.539499999999961,"[9.026999999999987, 10.043000000000006]",0.5030000000000001
9008436237,dota,oddin,2026-09-20T16:07:34.991289+00:00,<missing>, Pipsqueak+4,Yakult Brothers,3,True,0,0,0,0,0,0.0,session_end cash+inventory,,<none>,0,,4.997999999999999,5.0,11,,,0.0,-60,9657,1.0,1.0,22,0,900.0,[],
9008510292,dota,oddin,2026-09-20T16:46:50.125512+00:00,<missing>,Team Nemesis,Team Yandex,2,False,4,3,1,14.9905,18.1681,3.187525,session_end cash+inventory,0.21263633634635268,yes,0,40,4.995,5.0,6,370.081,370.081,18.73,-60,3888,1.0,1.0,0,0,9.045000000000002,"[7.125999999999976, 9.045000000000002]",0.0
9009267022,dota,oddin,2026-09-21T07:01:54.342690+00:00,<missing>,Aurora,Team Cobra,1,True,0,0,0,0,0,0.0,session_end cash+inventory,,<none>,0,,4.996599999999999,4.998,6,,,0.0,-60,4772,1.0,1.0,0,0,900.0,[],
9009267070,dota,oddin,2026-09-21T07:01:36.657823+00:00,<missing>,GamerLegion, Pipsqueak+4,1,True,9,6,3,29.9837,28.801099999999998,-1.1826000000000025,session_end cash+inventory,-0.03944142984354841,yes,0,126,4.998,4.999599999999999,60,111.98795704503009,104.007,48.190000000000005,-60,5000,1.0,1.0,0,0,10.024999999999977,"[8.032000000000039, 12.027999999999992]",0.020000000000038654
9009315261,dota,oddin,2026-09-21T08:07:19.146854+00:00,<missing>,Team Cobra,Aurora,2,False,0,0,0,0,0,0.0,session_end cash+inventory,,<none>,0,,4.996599999999999,4.998,3,,,0.0,-60,5191,1.0,1.0,0,0,900.0,[],
9009316435,dota,oddin,2026-09-21T08:10:48.773613+00:00,<missing>,GamerLegion, Pipsqueak+4,2,True,3,2,1,9.9944,10.602,0.6075999999999997,session_end cash+inventory,0.06079404466501237,yes,0,157,4.9972,4.9995,43,163.97145614035082,173.0065,17.67,-60,4439,1.0,1.0,0,0,9.029999999999973,"[8.031000000000006, 10.036999999999978]",0.9989999999999668
9009368871,dota,oddin,2026-09-21T09:21:33.622387+00:00,<missing>,Conventus Stellarum,1win,1,True,8,6,2,28.460252,29.8898,1.4295480000000005,session_end cash+inventory,0.050229632541553056,"no,yes",0,122,4.997999999999999,5.0,44,44.809765898934344,49.9675,58.18,-60,4721,1.0,1.0,0,0,11.044999999999987,"[8.057000000000016, 14.019000000000005]",1.4980000000000047
9009369303,dota,oddin,2026-09-21T09:15:20.860935+00:00,<missing>, Pipsqueak+4,GamerLegion,3,False,6,4,2,19.9862,20.0694,0.08319999999999972,session_end cash+inventory,0.004162872381943527,yes,0,90,4.9972,4.998,80,161.5079637096774,196.508,32.24,-60,5036,1.0,1.0,0,0,9.077500000000015,"[8.037000000000006, 53.04000000000002]",0.5430000000000206
9009429875,dota,oddin,2026-09-21T10:25:38.478958+00:00,<missing>,MOUZ,Team Nemesis,1,False,3,2,1,9.994499999999999,9.762099999999998,-0.23240000000000016,session_end cash+inventory,-0.023252789033968702,yes,0,366,4.9979,4.9995,34,40.468921461570766,40.479,23.81,-60,6056,1.0,1.0,0,0,10.084000000000003,"[9.184000000000026, 11.02600000000001]",0.8999999999999773
9009436210,dota,oddin,2026-09-21T10:29:07.054740+00:00,<missing>,1win,Conventus Stellarum,2,False,2,1,1,4.9959,5.4054,,unknown,,no,0,383,4.9973,4.999599999999999,28,223.973,223.973,8.19,-60,7877,1.0,1.0,0,0,8.532499999999999,"[8.045999999999992, 9.019000000000005]",0.4865000000000066
9009517003,dota,oddin,2026-09-21T11:43:23.750077+00:00,<missing>,Team Nemesis,MOUZ,2,True,0,0,0,0,0,,unknown,,<none>,0,,,,0,,,0.0,,403,,,0,0,900.0,[],
9009540955,dota,oddin,2026-09-21T12:05:10.151870+00:00,<missing>,Conventus Stellarum,1win,3,True,13,7,6,119.9631,128.523,8.559899999999999,session_end cash+inventory,0.0713544414907584,yes,0,24,19.992500000000003,19.999200000000002,29,207.85857590257248,23.984,217.84588399999996,-60,7263,1.0,1.0,0,0,9.021999999999998,"[8.021, 14.033000000000001]",0.9810000000000016
9009607812,dota,oddin,2026-09-21T12:57:11.354085+00:00,<missing>,PlayTime,Yakult Brothers,1,False,14,9,5,159.974595,180.35810000000004,20.38350500000002,session_end cash+inventory,0.12741713770239593,"no,yes",0,76,19.998,20.0,64,54.326166386889405,46.019,326.645556,-60,5907,1.0,1.0,0,0,10.02600000000001,"[7.0660000000000025, 21.0]",0.9820000000000135
9009679500,dota,oddin,2026-09-21T13:40:43.933254+00:00,<missing>,Xtreme Gaming,LGD Gaming,1,False,16,11,5,205.6715,213.1123,7.44080000000001,session_end cash+inventory,0.036178080093741766,yes,0,15,19.996199999999998,19.998399999999997,119,158.67812691140963,150.99,323.06,-60,5764,1.0,1.0,0,0,9.062999999999999,"[7.0750000000000455, 13.043000000000006]",1.0049999999999955
9009747865,dota,oddin,2026-09-21T14:17:51.556662+00:00,<missing>,Yakult Brothers,PlayTime,2,True,5,2,3,39.997299999999996,38.7055,-1.2917999999999974,session_end cash+inventory,-0.032297180059653964,no,0,18,19.999299999999998,19.9998,18,52.673818361737226,55.029,90.95,-60,5475,1.0,1.0,1,1,9.036999999999999,"[8.066000000000003, 12.03200000000001]",0.9709999999999965
9009814362,dota,oddin,2026-09-21T15:00:01.758873+00:00,<missing>,LGD Gaming,Xtreme Gaming,2,True,7,5,2,79.97837100000001,75.1368,-4.8415710000000125,session_end cash+inventory,-0.06053600416542632,yes,0,134,19.9971,19.999200000000002,57,165.77824967247923,185.053,150.25,-60,5066,1.0,1.0,0,0,10.023000000000025,"[8.033000000000015, 11.089999999999975]",1.0669999999999504
9009924057,dota,oddin,2026-09-21T16:08:21.227581+00:00,<missing>,Team Yandex,Natus Vincere,1,True,13,8,5,139.9807,142.4826,2.501899999999999,session_end cash+inventory,0.01787317823099898,yes,0,-39,19.9971,19.999200000000002,49,102.66476750516902,108.98349999999999,258.203848,-60,3865,1.0,1.0,0,0,9.043000000000006,"[8.036000000000001, 13.062000000000012]",0.9969999999999857
9010014985,dota,oddin,2026-09-21T17:04:49.108107+00:00,<missing>,Natus Vincere,Team Yandex,2,False,6,4,2,79.98740000000001,85.717,5.729599999999991,session_end cash+inventory,0.07163128192690336,yes,0,177,19.9956,19.9998,18,46.61716782154723,28.528,105.35,-60,2898,1.0,1.0,0,0,37.053,"[8.046999999999997, 39.047000000000025]",1.5095000000000027
9010695250,dota,oddin,2026-09-22T07:02:56.145275+00:00,<missing>,GamerLegion,Team Nemesis,1,False,8,4,4,119.99601399999997,104.913,-15.083013999999988,session_end cash+inventory,-0.12569595853408924,"no,yes",0,185,59.9982,59.999500000000005,17,85.00213711441013,125.49799999999999,248.01999999999998,-60,5163,1.0,1.0,0,0,10.55850000000001,"[9.052999999999997, 12.158999999999992]",1.0020000000000095
9010695310,dota,oddin,2026-09-22T07:05:28.837050+00:00,<missing>,Conventus Stellarum,Yakult Brothers,1,True,12,8,4,419.978715,428.8909,8.912185000000008,session_end cash+inventory,0.021220563523082374,yes,0,49,59.998400000000004,60.0,42,54.25481700391568,56.013,566.95,-60,4105,1.0,1.0,1,0,10.542500000000004,"[7.087999999999994, 11.063999999999993]",0.5194999999999936
9010740459,dota,oddin,2026-09-22T08:06:14.424143+00:00,<missing>,Yakult Brothers,Conventus Stellarum,2,False,16,13,3,299.979209,309.9132,9.93399100000002,session_end cash+inventory,0.03311559835468471,yes,0,230,59.995,60.0,52,136.01313223408977,139.232,412.1173980000001,-60,5245,1.0,1.0,0,0,9.073499999999996,"[8.048999999999978, 10.120000000000005]",0.5420000000000016
9010744805,dota,oddin,2026-09-22T08:09:57.999378+00:00,<missing>,Team Nemesis,GamerLegion,2,True,6,4,2,239.992,235.2416,-4.750399999999985,session_end cash+inventory,-0.019793993133104374,yes,0,308,59.99745,60.0,20,129.73295767372105,139.979,480.08,-60,5333,1.0,1.0,0,0,9.560500000000019,"[7.052999999999997, 10.071000000000026]",0.5105000000000075
9010793762,dota,oddin,2026-09-22T09:17:28.829230+00:00,<missing>, Pipsqueak+4,Team Cobra,1,True,8,5,3,278.0056,297.0908,19.085199999999986,session_end cash+inventory,0.06865041567507987,yes,0,74,59.995999999999995,59.999199999999995,26,401.9884717359767,403.999,373.828537,-60,4510,1.0,1.0,0,0,10.046999999999997,"[8.050000000000011, 43.04899999999998]",0.9819999999999993
9010797995,dota,oddin,2026-09-22T09:20:04.974670+00:00,<missing>,GamerLegion,Team Nemesis,3,False,10,4,6,239.9907,246.46090000000004,6.470200000000052,session_end cash+inventory,0.026960211374857657,"no,yes",0,57,59.9979,60.0,36,93.61013183598325,64.975,456.93896700000005,-60,4058,1.0,1.0,0,0,8.060999999999979,"[5.0, 12.043999999999983]",0.6805000000000234
9010847796,dota,oddin,2026-09-22T10:21:31.620438+00:00,<missing>,Natus Vincere,1win,1,True,8,6,2,269.9817,390.73650000000004,120.75480000000005,session_end cash+inventory,0.44727031498801606,no,0,212,59.9982,59.999500000000005,37,772.1256128039204,1151.713,477.51,-60,3832,1.0,1.0,0,0,8.662999999999997,"[7.044000000000011, 86.0]",1.6174999999999926
9010850705,dota,oddin,2026-09-22T10:21:01.216593+00:00,<missing>,Team Cobra, Pipsqueak+4,2,False,7,5,2,239.98441,283.16970000000003,43.18529000000004,session_end cash+inventory,0.17995039761124498,yes,0,60,59.995,59.9987,13,407.96900455004095,543.998,317.74,-60,6940,1.0,1.0,0,0,9.049999999999997,"[8.077999999999975, 12.046999999999997]",0.9720000000000226
9010913001,dota,oddin,2026-09-22T11:22:57.583489+00:00,<missing>,1win,Natus Vincere,2,False,9,5,4,299.9903,328.0086,28.01830000000001,session_end cash+inventory,0.09339735318108623,"no,yes",0,10,59.9976,60.0,48,135.9046626477237,188.01,544.09,-60,4877,1.0,1.0,0,0,9.056999999999988,"[8.049999999999997, 13.056999999999988]",0.015999999999991132
9010940591,dota,oddin,2026-09-22T11:46:51.003034+00:00,<missing>,Team Cobra, Pipsqueak+4,3,False,11,6,5,359.9798,378.89922,18.919420000000017,session_end cash+inventory,0.05255689347013365,yes,0,88,59.997600000000006,60.0,97,193.89868097697885,244.514,474.691671,-60,4641,1.0,1.0,0,0,8.053999999999974,"[7.043000000000006, 12.044999999999959]",0.025000000000034106
9010993339,dota,oddin,2026-09-22T12:30:32.024704+00:00,<missing>,1win,Natus Vincere,3,False,16,10,6,365.3591,401.0789,35.719799999999964,session_end cash+inventory,0.09776627980526546,yes,0,351,59.9982,59.999500000000005,51,43.77652572480905,48.004000000000005,647.570385,-60,4829,1.0,1.0,0,0,9.047000000000025,"[7.050999999999988, 13.045000000000016]",0.9989999999999952
9011102813,dota,oddin,2026-09-22T13:43:30.649094+00:00,<missing>,Aurora,LGD Gaming,1,False,17,12,5,499.97880399999997,492.11330000000004,-7.865503999999916,session_end cash+inventory,-0.015731674897162075,"no,yes",0,68,99.99600000000001,99.9992,46,133.50933276112875,96.311,858.699834,-60,4960,1.0,1.0,0,0,24.045000000000016,"[11.045000000000002, 302.11300000000006]",1.002999999999986
9011229961,dota,oddin,2026-09-22T14:56:17.450152+00:00,<missing>,LGD Gaming,Aurora,2,True,20,11,9,544.93287,577.7174,,unknown,,yes,0,91,99.99699999999999,99.9999,42,72.55266238545096,68.995,1381.4534010000002,-60,4771,1.0,1.0,0,0,9.06499999999999,"[8.052000000000021, 13.064999999999998]",0.8034999999999926
9012123019,dota,oddin,2026-09-23T07:03:37.028754+00:00,<missing>, Pipsqueak+4,1win,1,False,6,2,4,155.85025399999998,135.5752,-20.275037802999975,session_end cash+inventory,-0.13009306871581985,no,0,433,99.99499999999999,99.99849999999999,13,78.93352179877449,80.998,437.339356,-60,4589,1.0,1.0,0,0,10.029999999999973,"[9.027000000000044, 12.047000000000025]",1.0024999999999409
9012167647,dota,oddin,2026-09-23T08:07:16.229224+00:00,<missing>, Pipsqueak+4,1win,2,False,14,9,5,799.9532,791.1256,-8.827599999999961,session_end cash+inventory,-0.011035145556014979,yes,0,-29,99.9965,99.9999,56,177.9926948542299,265.515,1164.2693749999999,-60,7586,1.0,1.0,0,0,8.043000000000006,"[8.027999999999992, 12.073999999999955]",0.01500000000001478
9012243731,dota,oddin,2026-09-23T09:46:03.050346+00:00,<missing>,Conventus Stellarum,Team Nemesis,1,False,9,7,2,399.98556700000006,384.7505,-13.1559,shared summary net fallback (includes rebate),-0.03289093678722662,no,0,-48,99.9973,100.0,31,302.74601766294427,372.00699999999995,607.7600000000001,-60,2215,1.0,1.0,0,0,10.036000000000001,"[8.027999999999999, 67.02700000000004]",2.0020000000000095
grid-2964617-m1,lol,grid,2026-09-05T20:11:52.664624+00:00,LCS - Split 3 2026 (Regular Season: Regular Season),Cloud9 Kia,Sentinels,1,False,6,3,3,29.9945,32.5863,2.5918000000000028,session_end cash+inventory,0.08640917501541959,no,0,104,10.0002,10.0016,5,95.87274727420667,66.815,61.45,76,338,4.0,12.0,105,40,52.20700000000002,"[48.153999999999996, 55.339]",2.4395000000000095
grid-2964617-m2,lol,grid,2026-09-05T20:56:50.291386+00:00,LCS - Split 3 2026 (Regular Season: Regular Season),Cloud9 Kia,Sentinels,2,False,9,5,4,41.629778,40.9578,-0.6719779999999993,session_end cash+inventory,-0.01614176275453593,no,0,136,9.998099999999999,10.0031,9,53.18769375827685,52.072,66.39,81,403,3.0,15.0,119,53,8.181999999999988,"[2.2509999999999764, 19.168999999999983]",5.019999999999953
grid-2964619-m1,lol,grid,2026-09-06T20:07:55.222746+00:00,LCS - Split 3 2026 (Regular Season: Regular Season),Shopify Rebellion,FlyQuest,1,True,8,3,5,30.0019,29.459198999999998,-0.5427009999999992,session_end cash+inventory,-0.018088887703778735,no,0,127,9.998099999999999,10.002999999999998,15,48.030249410783036,66.77449999999999,44.035562,73,439,3.0,13.0,120,52,6.728499999999997,"[-0.7990000000000066, 13.127999999999986]",3.9664999999999964
grid-2964619-m2,lol,grid,2026-09-06T20:58:03.667177+00:00,LCS - Split 3 2026 (Regular Season: Regular Season),Shopify Rebellion,FlyQuest,2,True,8,4,4,28.691935,26.0128,-2.6791350000000005,session_end cash+inventory,-0.09337589116941748,no,0,128,9.999099999999999,10.0016,8,37.41315999931122,57.995,47.910000000000004,80,495,2.0,11.0,94,44,1.6549999999999727,"[1.11099999999999, 6.181000000000012]",0.5114999999999839
grid-2964620-m1,lol,grid,2026-09-06T21:52:13.885924+00:00,LCS - Split 3 2026 (Regular Season: Regular Season),Disguised,LYON,1,False,0,0,0,0,0,0.0,session_end cash+inventory,,<none>,0,,,,0,,,0.0,74,530,2.0,6.0,68,16,8.0,[],
grid-2964620-m2,lol,grid,2026-09-06T22:34:44.050584+00:00,LCS - Split 3 2026 (Regular Season: Regular Season),LYON,Disguised,2,True,0,0,0,0,0,0.0,session_end cash+inventory,,<none>,0,,10.0016,10.0032,3,,,0.0,79,359,3.0,9.0,98,24,8.0,[],
grid-2965523-m1,lol,grid,2026-09-01T16:25:24.040603+00:00,Road of Legends - Summer 2026 (Playoffs: Playoffs),Senshi eSports,Frites Esports Club,1,False,3,2,1,11.473809,12.7776,1.3037910000000004,session_end cash+inventory,0.1136319246729661,yes,0,398,99.999,100.0026,12,68.03015829752066,68.260287,14.52,80,611,3.0,13.0,166,80,169.719331,"[168.24080500000002, 173.24035500000002]",1.478525999999988
grid-2965523-m2,lol,grid,2026-09-01T17:44:48.450130+00:00,Road of Legends - Summer 2026 (Playoffs: Playoffs),Frites Esports Club,Senshi eSports,2,True,0,0,0,0,0,0.0,session_end cash+inventory,,<none>,0,,100.00059999999999,100.0032,8,,,0.0,396,335,3.0,11.0,82,28,8.0,[],
grid-2965523-m3,lol,grid,2026-09-01T18:35:48.583451+00:00,Road of Legends - Summer 2026 (Playoffs: Playoffs),Frites Esports Club,Senshi eSports,3,True,3,1,2,99.9982,87.899997,-12.098202999999998,session_end cash+inventory,-0.12098420771573887,yes,0,221,99.99905000000001,99.99990000000001,2,184.89879885307184,126.86613399999999,126.48550399999999,77,340,3.0,11.0,86,31,14.713040999999976,"[12.794654999999977, 15.387713999999988]",0.6746730000000127
grid-2965524-m1,lol,grid,2026-09-01T18:17:40.119413+00:00,Road of Legends - Summer 2026 (Playoffs: Playoffs),mCon esports,The Bandits,1,False,5,3,2,29.957705,27.0987,-2.859005,session_end cash+inventory,-0.0954347137072082,yes,0,424,100.0025,100.00359999999999,3,75.087101202511,84.08744899999999,46.53,80,360,4.0,15.0,106,49,11.050542999999948,"[8.755235999999968, 12.999087999999972]",1.8795909999998912
grid-2965524-m2,lol,grid,2026-09-01T19:19:11.788098+00:00,Road of Legends - Summer 2026 (Playoffs: Playoffs),The Bandits,mCon esports,2,True,3,1,2,9.971612,9.502799999999999,-0.4688120000000007,session_end cash+inventory,-0.0470146652316597,yes,0,141,100.00040000000001,100.002,6,43.90604334626039,41.204359,14.44,80,429,3.0,13.0,112,54,9.368655999999987,"[9.35957400000001, 14.786455999999987]",0.009081999999978052
grid-2965524-m3,lol,grid,2026-09-01T20:17:53.106632+00:00,Road of Legends - Summer 2026 (Playoffs: Playoffs),mCon esports,The Bandits,3,False,8,3,5,22.463808999999998,23.667599,1.1087900000000008,session_end cash+inventory,0.04935894887639051,"no,yes",0,181,100.00079999999998,100.00349999999999,11,173.20237779320976,154.036017,33.167141,115,428,3.0,10.0,78,34,91.70291649999999,"[31.564238999999986, 626.0]",57.778114500000015
grid-2965525-m1,lol,grid,2026-09-03T16:13:02.182589+00:00,Road of Legends - Summer 2026 (Playoffs: Playoffs),Senshi eSports,Myth eSports,1,True,3,1,2,10.0012,8.2101,-1.791100000000001,session_end cash+inventory,-0.17908850937887463,yes,0,422,10.0006,10.0012,2,68.55780862296524,67.9565,22.73,80,320,4.0,13.0,94,35,89.12099999999998,"[89.08399999999995, 90.07100000000003]",0.03700000000003456
grid-2965525-m2,lol,grid,2026-09-03T17:01:20.149219+00:00,Road of Legends - Summer 2026 (Playoffs: Playoffs),Myth eSports,Senshi eSports,2,False,0,0,0,0,0,0.0,session_end cash+inventory,,<none>,0,,,,0,,,0.0,72,313,4.0,13.0,102,38,8.0,[],
grid-2965526-m1,lol,grid,2026-09-03T18:02:49.067178+00:00,Road of Legends - Summer 2026 (Playoffs: Playoffs),ZennIT,The Bandits,1,False,0,0,0,0,0,0.0,session_end cash+inventory,,<none>,0,,,,0,,,0.0,,320,4.0,13.0,94,42,8.0,[],
grid-2965526-m2,lol,grid,2026-09-03T18:53:43.529960+00:00,Road of Legends - Summer 2026 (Playoffs: Playoffs),ZennIT,The Bandits,2,False,0,0,0,0,0,0.0,session_end cash+inventory,,<none>,0,,,,0,,,0.0,,372,3.0,12.0,92,35,8.0,[],
grid-2965526-m3,lol,grid,2026-09-03T19:44:13.757356+00:00,Road of Legends - Summer 2026 (Playoffs: Playoffs),The Bandits,ZennIT,3,True,9,4,5,24.6968,25.113594,2.3031859999999997,session_end cash+inventory,0.09325847883126558,yes,0,143,9.999300000000002,10.0036,18,71.0252688139166,73.929,30.573152999999998,81,473,3.0,13.0,106,55,3.0749999999999886,"[2.031000000000006, 17.048999999999978]",1.016999999999996
grid-2965527-m1,lol,grid,2026-09-08T16:09:00.656444+00:00,Road of Legends - Summer 2026 (Playoffs: Playoffs),mCon esports,Frites Esports Club,1,False,6,4,2,15.0027,14.2533,,unknown,,yes,0,319,5.0008,5.0024999999999995,22,250.12553581882602,348.968,17.045715,80,342,3.5,14.0,94,42,88.05499999999998,"[88.03500000000003, 97.11599999999999]",0.01999999999995339
grid-2965527-m2,lol,grid,2026-09-08T17:02:53.971749+00:00,Road of Legends - Summer 2026 (Playoffs: Playoffs),Frites Esports Club,mCon esports,2,True,4,3,1,4.9987,4.7284999999999995,-0.2702000000000009,session_end cash+inventory,-0.054054054054054224,yes,0,497,5.0004,5.001499999999999,11,23.448091043671354,22.971,13.51,82,391,3.0,11.0,107,39,4.200500000000005,"[3.045000000000016, 5.164999999999964]",0.4854999999999734
grid-2965527-m3,lol,grid,2026-09-08T17:55:24.726441+00:00,Road of Legends - Summer 2026 (Playoffs: Playoffs),Frites Esports Club,mCon esports,3,True,6,4,2,14.9963,14.342300000000002,-0.653999999999999,session_end cash+inventory,-0.0436107573201389,yes,0,170,4.9977,5.002,7,35.903945910849274,18.103,18.28925,80,357,3.0,11.0,78,30,1.1030000000000086,"[-12.0, 1.2059999999999889]",0.03650000000000375
grid-2965528-m1,lol,grid,2026-09-10T16:08:05.691535+00:00,Road of Legends - Summer 2026 (Playoffs: Playoffs),Senshi Esports Club,The Bandits,1,True,0,0,0,0,0,0.0,session_end cash+inventory,,<none>,0,,29.999599999999997,30.0024,132,,,0.0,76,406,3.0,11.0,97,35,8.0,[],
grid-2965528-m2,lol,grid,2026-09-10T16:57:59.883497+00:00,Road of Legends - Summer 2026 (Playoffs: Playoffs),Senshi Esports Club,The Bandits,2,True,13,7,6,155.6257,172.44400000000002,16.8183,session_end cash+inventory,0.10806891149726557,yes,0,179,29.999200000000002,30.0024,45,254.71379301401925,323.4955,206.551356,81,409,3.0,9.0,75,26,3.035000000000025,"[0.04800000000000182, 13.15100000000001]",2.987000000000023
grid-2965528-m3,lol,grid,2026-09-10T17:47:13.190273+00:00,Road of Legends - Summer 2026 (Playoffs: Playoffs),Senshi Esports Club,The Bandits,3,True,13,11,2,121.64914499999999,55.5755,-66.073645,session_end cash+inventory,-0.5431492757306269,no,0,131,29.99915,30.0025,8,512.1845969280469,539.94,208.33,44,299,3.0,12.0,86,31,145.06099999999998,"[143.02999999999997, 284.0]",2.031000000000006
grid-2965529-m1,lol,grid,2026-09-15T16:21:58.137154+00:00,Road of Legends - Summer 2026 (Playoffs: Playoffs),Senshi Esports Club,mCon esports,1,False,23,15,8,179.973135,188.19770000000003,8.23240921000001,session_end cash+inventory,0.04574243378046401,no,0,139,29.9976,29.999200000000002,27,79.80732630266543,32.503,317.34272799999997,81,403,3.0,13.0,127,53,5.025000000000006,"[1.024000000000001, 2146.0]",3.9899999999999807
grid-2965529-m2,lol,grid,2026-09-15T17:17:38.732204+00:00,Road of Legends - Summer 2026 (Playoffs: Playoffs),Senshi Esports Club,mCon esports,2,False,23,16,7,269.97924900000004,249.96189999999999,-19.952867855000033,session_end cash+inventory,-0.07390519059855608,yes,0,330,29.997000000000003,30.0,65,49.69253498342808,68.97749999999999,497.993706,78,401,3.0,11.0,97,33,2.0570000000000164,"[1.0260000000000105, 9.028999999999996]",0.9849999999999568
grid-2965529-m3,lol,grid,2026-09-15T18:03:56.558322+00:00,Road of Legends - Summer 2026 (Playoffs: Playoffs),Senshi Esports Club,mCon esports,3,False,0,0,0,0,0,0.0,session_end cash+inventory,,<none>,0,,29.998800000000003,30.0,14,,,0.0,77,330,3.0,11.0,86,33,8.0,[],
grid-2965530-m1,lol,grid,2026-09-17T16:06:17.060373+00:00,Road of Legends - Summer 2026 (Playoffs: Playoffs),Frites Esports Club,Senshi Esports Club,1,True,0,0,0,0,0,0.0,session_end cash+inventory,,<none>,0,,4.9968,4.9984,3,,,0.0,79,330,4.0,14.0,110,49,8.0,[],
grid-2965530-m2,lol,grid,2026-09-17T16:58:02.549559+00:00,Road of Legends - Summer 2026 (Playoffs: Playoffs),Senshi Esports Club,Frites Esports Club,2,False,0,0,0,0,0,0.0,session_end cash+inventory,,<none>,0,,4.9977,5.0,39,,,0.0,77,387,4.0,12.0,112,37,8.0,[],
grid-2965530-m3,lol,grid,2026-09-17T17:48:21.810372+00:00,Road of Legends - Summer 2026 (Playoffs: Playoffs),Senshi Esports Club,Frites Esports Club,3,False,2,1,1,3.1666670000000003,3.2864000000000004,0.11973300000000009,session_end cash+inventory,0.0378104170725877,yes,0,509,4.995,4.9973,6,13.961,13.961,4.16,74,483,3.0,9.0,104,24,145.0195,"[140.0, 150.039]",5.019499999999994
grid-2967260-m1,lol,grid,2026-08-31T23:13:13.888247+00:00,LRN - Split 2 2026 (Playoffs: Playoffs),3V TEAM,Fuego,1,False,0,0,0,0,0,0.0,session_end cash+inventory,,<none>,0,,,,0,,,0.0,82,586,3.0,9.0,120,37,8.0,[],
grid-2967260-m2,lol,grid,2026-09-01T00:08:02.567235+00:00,LRN - Split 2 2026 (Playoffs: Playoffs),3V TEAM,Fuego,2,False,0,0,0,0,0,0.0,session_end cash+inventory,,<none>,0,,,,0,,,0.0,83,415,3.0,9.0,91,28,8.0,[],
grid-2967260-m3,lol,grid,2026-09-01T00:53:11.720781+00:00,LRN - Split 2 2026 (Playoffs: Playoffs),3V TEAM,Fuego,3,False,0,0,0,0,0,0.0,session_end cash+inventory,,<none>,0,,,,0,,,0.0,80,343,3.0,12.0,75,37,8.0,[],
grid-2967261-m2,lol,grid,2026-09-01T21:06:40.538637+00:00,LRS - Split 2 2026 (Playoffs: Playoffs),Golden Lions,Maze Gaming,2,True,2,1,1,6.3,8.0,1.7000000000000002,session_end cash+inventory,0.2698412698412699,yes,0,296,99.9999,99.9999,1,411.48757399999994,411.487574,10.0,98,463,3.0,11.0,117,45,168.220766,"[166.96455300000002, 169.47697899999997]",1.256212999999974
grid-2967261-m4,lol,grid,2026-09-01T22:47:50.585712+00:00,LRS - Split 2 2026 (Playoffs: Playoffs),Golden Lions,Maze Gaming,4,True,0,0,0,0,0,0.0,session_end cash+inventory,,<none>,0,,,,0,,,0.0,75,508,2.5,9.0,82,31,8.0,[],
grid-2967262-m1,lol,grid,2026-09-07T23:09:07.687049+00:00,LRN - Split 2 2026 (Playoffs: Playoffs),Zeu5 Esports,Fuego,1,True,8,6,2,58.5638,45.562,-13.001799999999996,session_end cash+inventory,-0.22201086678118556,yes,0,285,10.0008,10.0016,49,124.94799284469315,142.99149999999997,109.00999999999999,78,331,4.0,15.0,100,52,114.60249999999996,"[114.07600000000002, 129.07000000000005]",0.5104999999999507
grid-2967262-m2,lol,grid,2026-09-07T23:56:41.603168+00:00,LRN - Split 2 2026 (Playoffs: Playoffs),Zeu5 Esports,Fuego,2,True,6,4,2,39.9975,38.1607,-1.8367999999999984,session_end cash+inventory,-0.04592287017938617,"no,yes",0,362,10.0008,10.0016,16,54.58073305688739,28.993,77.17000000000002,81,581,3.0,13.0,135,67,4.1270000000000095,"[0.08100000000001728, 7.1200000000000045]",0.5150000000000148
grid-2967262-m3,lol,grid,2026-09-08T01:07:01.072795+00:00,LRN - Split 2 2026 (Playoffs: Playoffs),Zeu5 Esports,Fuego,3,True,3,2,1,19.9998,19.084000000000003,-0.9157999999999973,session_end cash+inventory,-0.04579045790457891,no,0,175,10.0008,10.0023,41,10.913999999999998,10.914,36.7,83,364,4.0,11.0,89,33,15.151999999999987,"[1.0660000000000025, 15.151999999999987]",0.0
grid-2968611-m1,lol,grid,2026-09-03T18:14:46.546810+00:00,Liga Portuguesa - Summer 2026 (Playoffs: Playoffs),Dominion Goblins,Dream Esports,1,True,0,0,0,0,0,0.0,session_end cash+inventory,,<none>,0,,,,0,,,0.0,,465,3.0,12.0,120,55,8.0,[],
grid-2968611-m2,lol,grid,2026-09-03T19:18:38.786588+00:00,Liga Portuguesa - Summer 2026 (Playoffs: Playoffs),Dominion Goblins,Dream Esports,2,True,0,0,0,0,0,0.0,session_end cash+inventory,,<none>,0,,,,0,,,0.0,1340,545,3.0,13.0,139,68,8.0,[],
grid-2968611-m3,lol,grid,2026-09-03T20:30:55.904559+00:00,Liga Portuguesa - Summer 2026 (Playoffs: Playoffs),Dream Esports,Dominion Goblins,3,False,2,1,1,2.654961,3.1,0.44503899999999996,session_end cash+inventory,0.16762543781245748,no,0,440,10.001100000000001,10.001100000000001,2,103.069,103.069,5.0,43,487,3.0,9.0,96,29,5.579500000000024,"[0.045000000000015916, 11.114000000000033]",5.534500000000008
grid-2968611-m4,lol,grid,2026-09-03T21:29:45.155951+00:00,Liga Portuguesa - Summer 2026 (Playoffs: Playoffs),Dream Esports,Dominion Goblins,4,False,0,0,0,0,0,0.0,session_end cash+inventory,,<none>,0,,,,0,,,0.0,79,435,3.0,12.0,115,44,8.0,[],
grid-2968612-m1,lol,grid,2026-09-07T18:17:13.818194+00:00,Liga Portuguesa - Summer 2026 (Playoffs: Playoffs),Otter Side,Bubliki,1,False,10,5,5,63.150783,67.497996,4.347213000000006,session_end cash+inventory,0.06883862390114794,yes,0,437,35.000099999999996,35.003,54,48.92926921132775,50.951,74.507604,92,360,3.0,13.0,93,46,2.1425000000000125,"[-4.0, 11.098000000000013]",3.5175000000000125
grid-2968612-m2,lol,grid,2026-09-07T19:09:55.077331+00:00,Liga Portuguesa - Summer 2026 (Playoffs: Playoffs),Bubliki,Otter Side,2,True,5,3,2,70.0001,39.2054,-30.794700000000002,session_end cash+inventory,-0.43992365725191823,yes,0,118,34.999199999999995,35.0018,13,145.67635469001812,145.57150000000001,186.692381,82,535,3.0,8.0,102,20,3.0420000000000016,"[-0.9230000000000018, 10.105000000000018]",3.9650000000000034
grid-2968612-m3,lol,grid,2026-09-07T20:01:02.224495+00:00,Liga Portuguesa - Summer 2026 (Playoffs: Playoffs),Otter Side,Bubliki,3,False,15,8,7,46.788177,36.379599999999996,-10.408577000000003,session_end cash+inventory,-0.2224616915508378,yes,0,175,10.000399999999999,10.0016,30,71.89200427312021,30.811,100.823047,79,329,3.0,11.0,87,31,85.06400000000002,"[78.07900000000001, 90.07799999999997]",2.9639999999999986
grid-2968612-m4,lol,grid,2026-09-07T20:49:01.907677+00:00,Liga Portuguesa - Summer 2026 (Playoffs: Playoffs),Otter Side,Bubliki,4,False,3,2,1,19.9938,23.56,3.5661999999999985,session_end cash+inventory,0.1783652932409046,no,0,461,9.999,10.0031,18,139.03013225806453,139.03050000000002,31.0,81,353,3.0,11.0,77,31,73.12,"[73.02499999999998, 77.10299999999995]",0.09500000000002728
grid-2968613-m1,lol,grid,2026-09-08T18:21:52.170938+00:00,Liga Portuguesa - Summer 2026 (Playoffs: Playoffs),White Dragons,Dominion Goblins,1,True,2,1,1,5.0,5.75,0.75,session_end cash+inventory,0.15,yes,0,190,4.9998000000000005,5.0008,304,547.978,547.978,6.25,76,352,3.0,12.0,91,37,31.62100000000001,"[29.110000000000014, 34.132000000000005]",2.5109999999999957
grid-2968613-m2,lol,grid,2026-09-08T19:10:33.035675+00:00,Liga Portuguesa - Summer 2026 (Playoffs: Playoffs),White Dragons,Dominion Goblins,2,True,5,3,2,14.9926,16.044900000000002,1.0523000000000007,session_end cash+inventory,0.07018795939330075,yes,0,347,4.998,5.0,35,54.86829393539237,73.574,17.631759,80,346,3.0,12.0,87,36,2.130999999999972,"[-1.8589999999999804, 3.1899999999999977]",1.059000000000026
grid-2968613-m3,lol,grid,2026-09-08T19:56:54.656612+00:00,Liga Portuguesa - Summer 2026 (Playoffs: Playoffs),White Dragons,Dominion Goblins,3,True,5,3,2,15.0027,14.663,-0.33970000000000056,session_end cash+inventory,-0.02264259100028665,yes,0,214,4.998200000000001,5.002,14,19.993903812316717,19.9135,17.05,82,369,3.0,10.0,80,27,23.111999999999995,"[23.057999999999993, 25.048000000000002]",0.054000000000002046
grid-2968614-m1,lol,grid,2026-09-13T18:13:55.579852+00:00,Liga Portuguesa - Summer 2026 (Playoffs: Playoffs),White Dragons,The Otter Side,1,False,7,6,1,89.994686,82.8925,-7.102186000000003,session_end cash+inventory,-0.07891783743764608,no,0,314,29.998800000000003,30.0,33,42.265955998783724,31.5045,116.75,78,440,4.0,13.0,135,59,46.031000000000006,"[41.04599999999999, 52.05799999999999]",1.997000000000014
grid-2968614-m2,lol,grid,2026-09-13T19:25:34.706702+00:00,Liga Portuguesa - Summer 2026 (Playoffs: Playoffs),The Otter Side,White Dragons,2,True,0,0,0,0,0,0.0,session_end cash+inventory,,<none>,0,,29.9976,29.999200000000002,3,,,0.0,75,624,3.0,11.0,145,56,8.0,[],
grid-2968614-m3,lol,grid,2026-09-13T20:35:37.741818+00:00,Liga Portuguesa - Summer 2026 (Playoffs: Playoffs),The Otter Side,White Dragons,3,True,0,0,0,0,0,0.0,session_end cash+inventory,,<none>,0,,29.9968,29.9975,3,,,0.0,92,354,4.0,17.0,118,57,8.0,[],
grid-2971821-m1,lol,grid,2026-08-31T16:06:27.043667+00:00,NLC - Summer 2026 (Playoffs: Playoffs),Arctic Pandas,Verdant,1,False,0,0,0,0,0,,unknown,,<none>,0,,,,0,,,0.0,,0,,,0,0,0.0,[],
grid-2971822-m2,lol,grid,2026-08-31T18:57:30.610207+00:00,NLC - Summer 2026 (Playoffs: Playoffs),Deer Gaming,Ruddy Corporation,2,True,0,0,0,0,0,0.0,session_end cash+inventory,,<none>,0,,20.0016,20.003600000000002,17,,,0.0,130,519,3.0,8.0,81,23,8.0,[],
grid-2971823-m1,lol,grid,2026-09-02T16:09:55.613058+00:00,NLC - Summer 2026 (Playoffs: Playoffs),Bulldog Esports,Deer Gaming,1,False,0,0,0,0,0,0.0,session_end cash+inventory,,<none>,0,,,,0,,,0.0,85,451,3.0,13.0,120,46,8.0,[],
grid-2971823-m2,lol,grid,2026-09-02T17:05:31.627319+00:00,NLC - Summer 2026 (Playoffs: Playoffs),Deer Gaming,Bulldog Esports,2,True,9,3,6,32.87505,31.343597,-4.316653,session_end cash+inventory,-0.13130483451736194,"no,yes",0,144,99.9991,100.002,27,117.30980621862335,106.925,52.214997,78,443,3.0,9.0,91,26,43.066,"[42.05500000000001, 830.0]",1.0109999999999957
grid-2971824-m1,lol,grid,2026-09-02T18:07:24.518203+00:00,NLC - Summer 2026 (Playoffs: Playoffs),Verdant,DMG Esports,1,True,2,1,1,29.996499999999997,27.1733,-2.8231999999999964,session_end cash+inventory,-0.09411764705882342,yes,0,258,29.99645,29.996499999999997,2,930.7109999999999,930.711,35.29,80,320,3.0,12.0,76,34,3.7595000000000027,"[0.1150000000000091, 7.403999999999996]",3.6444999999999936
grid-2971824-m2,lol,grid,2026-09-02T18:55:27.490132+00:00,NLC - Summer 2026 (Playoffs: Playoffs),DMG Esports,Verdant,2,False,3,1,2,12.243000000000002,9.555599,-2.6874010000000013,session_end cash+inventory,-0.2195051049579352,yes,0,114,30.0024,30.0025,3,534.3784760429178,536.0725,22.259472000000002,75,521,3.0,11.0,127,48,9.046999999999997,"[4.086999999999989, 11.152000000000044]",2.1050000000000466
grid-2971825-m1,lol,grid,2026-09-07T16:03:42.686429+00:00,NLC - Summer 2026 (Playoffs: Playoffs),Ruddy Corporation,Arctic Pandas,1,False,5,1,4,9.998099999999999,9.666965,-0.30872330850000107,session_end cash+inventory,-0.030878197707564548,no,0,177,9.999,10.0031,160,67.5364167025977,69.94,15.847487000000001,79,349,4.0,15.0,115,48,52.072,"[46.166, 52.170000000000016]",0.09800000000001319
grid-2971825-m2,lol,grid,2026-09-07T16:58:58.266806+00:00,NLC - Summer 2026 (Playoffs: Playoffs),Arctic Pandas,Ruddy Corporation,2,True,6,4,2,40.0022,38.525000000000006,-1.477199999999998,session_end cash+inventory,-0.03692796896170705,"no,yes",0,176,10.0001,10.001800000000001,28,57.069585638610945,57.962,84.95,88,452,3.0,13.0,115,50,4.1200000000000045,"[4.081999999999994, 12.211999999999989]",0.019000000000005457
grid-2971825-m3,lol,grid,2026-09-07T17:52:55.395675+00:00,NLC - Summer 2026 (Playoffs: Playoffs),Ruddy Corporation,Arctic Pandas,3,False,0,0,0,0,0,0.0,session_end cash+inventory,,<none>,0,,35.001599999999996,35.0028,19,,,0.0,80,295,3.0,13.0,80,33,8.0,[],
grid-2972362-m2,lol,grid,2026-09-01T16:03:29.942497+00:00,LES - Summer 2026 (Regional Finals: Regional Finals),Barça eSports,UCAM Esports Club,2,False,3,1,2,6.800000000000001,8.42,1.6199999999999992,session_end cash+inventory,0.2382352941176469,yes,0,158,100.00080000000001,100.00080000000001,1,311.5103123,229.0619125,10.0,100,363,4.0,12.0,100,35,9.914275000000004,"[9.855187999999998, 14.097186999999963]",0.05908700000000522
grid-2972362-m3,lol,grid,2026-09-01T16:51:01.883323+00:00,LES - Summer 2026 (Regional Finals: Regional Finals),Barça eSports,UCAM Esports Club,3,False,9,2,7,114.2895,128.015396,13.725896000000002,session_end cash+inventory,0.12009761176661024,yes,0,123,99.99945,100.0032,8,87.52340671100006,86.62906000000001,169.09526,82,539,3.0,8.0,107,30,10.11800199999999,"[8.658938000000006, 13.730579999999975]",1.062815999999998
grid-2972363-m1,lol,grid,2026-09-02T15:13:34.184466+00:00,LES - Summer 2026 (Regional Finals: Regional Finals),Movistar KOI Fénix,UCAM Esports Club,1,True,22,4,18,297.837128,292.500292,-5.336835999999941,session_end cash+inventory,-0.017918639075783532,yes,0,140,199.99815,199.9998,10,52.574843994742956,48.0,418.15017800000004,77,357,4.0,15.0,99,51,86.63349999999997,"[84.05799999999999, 113.58800000000002]",2.5244999999999607
grid-2972363-m2,lol,grid,2026-09-02T16:13:24.310363+00:00,LES - Summer 2026 (Regional Finals: Regional Finals),Movistar KOI Fénix,UCAM Esports Club,2,True,0,0,0,0,0,0.0,session_end cash+inventory,,<none>,0,,,,0,,,0.0,91,335,3.0,17.0,103,53,8.0,[],
grid-2972363-m3,lol,grid,2026-09-02T17:02:52.994176+00:00,LES - Summer 2026 (Regional Finals: Regional Finals),Movistar KOI Fénix,UCAM Esports Club,3,True,2,1,1,6.648292,7.2064,0.5581080000000007,session_end cash+inventory,0.08394757630982526,yes,0,232,99.9992,100.001,8,191.951,191.951,11.26,81,434,3.0,14.0,116,54,94.07849999999999,"[93.05399999999997, 95.10300000000001]",1.0245000000000175
grid-2973272-m1,lol,grid,2026-09-05T16:12:57.843644+00:00,CBLOL - Split 2 2026 (Playoffs: Playoffs),Pain Gaming,Vivo Keyd Stars,1,False,2,1,1,9.9975,9.7309,-0.2666000000000004,session_end cash+inventory,-0.026666666666666703,yes,0,247,10.001249999999999,10.004,10,15.920000000000002,15.92,13.33,75,453,3.0,10.0,118,38,35.14700000000002,"[34.10700000000003, 36.18700000000001]",1.039999999999992
grid-2973272-m2,lol,grid,2026-09-05T17:07:03.191068+00:00,CBLOL - Split 2 2026 (Playoffs: Playoffs),Vivo Keyd Stars,Pain Gaming,2,True,4,2,2,19.999699999999997,14.3809,-5.618799999999999,session_end cash+inventory,-0.28094421416321247,no,0,152,9.999849999999999,10.0002,2,103.57638736158839,110.54050000000001,52.379999999999995,74,378,4.0,12.0,107,39,39.589,"[36.17500000000001, 45.083999999999946]",2.9124999999999943
grid-2973272-m3,lol,grid,2026-09-05T17:56:01.860690+00:00,CBLOL - Split 2 2026 (Playoffs: Playoffs),Pain Gaming,Vivo Keyd Stars,3,False,6,3,3,29.995000000000005,31.817399,1.856000259999998,session_end cash+inventory,0.061876988164694044,"no,yes",0,128,9.9985,10.0016,6,30.53650974669058,24.103,53.695713,76,403,4.0,15.0,121,56,41.71849999999999,"[34.26999999999998, 55.101]",3.8400000000000034
grid-2973272-m4,lol,grid,2026-09-05T18:55:05.265709+00:00,CBLOL - Split 2 2026 (Playoffs: Playoffs),Pain Gaming,Vivo Keyd Stars,4,False,12,5,7,27.8037,26.944998,-0.8446833689999991,session_end cash+inventory,-0.030380250434294685,"no,yes",0,239,10.000799999999998,10.0023,8,49.43337073561375,31.9215,40.635918000000004,82,360,4.0,13.0,111,49,40.12950000000001,"[37.182000000000016, 44.20400000000001]",0.9770000000000039
grid-2973273-m1,lol,grid,2026-09-12T16:12:48.891863+00:00,CBLOL - Split 2 2026 (Playoffs: Playoffs),FURIA Esports,LOS,1,False,0,0,0,0,0,,unknown,,<none>,0,,,,0,,,0.0,,0,,,0,0,8.0,[],
grid-2973273-m2,lol,grid,2026-09-12T17:10:18.212745+00:00,CBLOL - Split 2 2026 (Playoffs: Playoffs),LOS,FURIA Esports,2,True,14,7,7,143.883862,136.2759,-7.607962000000002,session_end cash+inventory,-0.05287571444252728,yes,0,202,30.001199999999997,30.003200000000003,50,91.01757937814781,105.044,209.94333400000002,63,425,4.0,10.0,99,29,40.53600000000003,"[31.0, 48.03200000000001]",5.491499999999974
grid-2973273-m3,lol,grid,2026-09-12T17:57:06.303780+00:00,CBLOL - Split 2 2026 (Playoffs: Playoffs),LOS,FURIA Esports,3,True,11,8,3,209.9985,202.9107,-7.087800000000001,session_end cash+inventory,-0.03375166965478325,"no,yes",0,283,30.001199999999997,30.0024,30,38.419757427525354,40.968999999999994,333.21999999999997,83,363,3.0,15.0,101,48,29.043999999999983,"[27.059000000000026, 36.02999999999997]",1.974999999999966
grid-2973273-m4,lol,grid,2026-09-12T18:45:41.746200+00:00,CBLOL - Split 2 2026 (Playoffs: Playoffs),FURIA Esports,LOS,4,False,5,3,2,59.9998,67.4916,7.491799999999998,session_end cash+inventory,0.12486374954583178,yes,0,402,29.9998,30.0025,28,173.32250715870134,44.993,99.18,78,340,4.0,15.0,120,63,29.029999999999973,"[26.029999999999973, 40.03699999999998]",3.0
grid-2973274-m1,lol,grid,2026-09-13T16:11:51.381282+00:00,CBLOL - Split 2 2026 (Playoffs: Playoffs),paiN Gaming,LOUD,1,False,2,1,1,29.997000000000003,33.8148,3.8177999999999948,session_end cash+inventory,0.1272727272727271,no,0,234,29.9976,29.999200000000002,48,160.99799999999996,160.998,54.54,79,314,4.0,13.0,101,37,101.037,"[99.036, 103.03800000000001]",2.0010000000000048
grid-2973274-m2,lol,grid,2026-09-13T16:59:53.328379+00:00,CBLOL - Split 2 2026 (Playoffs: Playoffs),paiN Gaming,LOUD,2,False,0,0,0,0,0,0.0,session_end cash+inventory,,<none>,0,,,,0,,,0.0,74,410,4.0,14.0,117,50,8.0,[],
grid-2973274-m3,lol,grid,2026-09-13T17:54:05.854664+00:00,CBLOL - Split 2 2026 (Playoffs: Playoffs),LOUD,paiN Gaming,3,True,6,4,2,91.410967,98.322,6.911032999999988,session_end cash+inventory,0.07560398086588438,yes,0,297,29.99635,29.998800000000003,14,92.05581392567278,93.208,117.05000000000001,79,418,4.0,15.0,130,64,35.028999999999996,"[24.0, 37.035000000000025]",0.8959999999999866
grid-2973274-m4,lol,grid,2026-09-13T18:46:24.719223+00:00,CBLOL - Split 2 2026 (Playoffs: Playoffs),LOUD,paiN Gaming,4,True,11,6,5,149.979857,145.544,-4.435857000000006,session_end cash+inventory,-0.029576351709683292,yes,0,245,29.997349999999997,30.0,30,56.07395005434217,66.003,188.27,73,567,3.0,9.0,152,29,29.057000000000016,"[25.043000000000006, 32.02800000000002]",1.978999999999985
grid-2974335-m1,lol,grid,2026-08-31T20:04:47.157146+00:00,Circuito Desafiante - Split 2 2026 (Playoffs: Playoffs),RMD Gaming,INTZ,1,False,2,1,1,7.1,7.199999999999999,0.09999999999999964,session_end cash+inventory,0.014084507042253471,yes,0,178,20.000100000000003,20.003099999999996,6,68.210937,68.210937,10.0,79,340,4.0,12.0,96,32,149.2049155,"[148.310384, 150.099447]",0.8945314999999994
grid-2974335-m2,lol,grid,2026-08-31T20:51:34.126119+00:00,Circuito Desafiante - Split 2 2026 (Playoffs: Playoffs),INTZ,RMD Gaming,2,True,3,2,1,20.000700000000002,19.155600000000003,-0.8450999999999986,session_end cash+inventory,-0.04225352112676049,yes,0,253,20.000700000000002,20.0025,8,157.52203910685125,157.4755625,28.17,82,341,4.0,14.0,97,48,9.958280000000002,"[9.509139000000005, 13.209271999999999]",0.44914099999999735
grid-2974335-m3,lol,grid,2026-08-31T21:43:28.384128+00:00,Circuito Desafiante - Split 2 2026 (Playoffs: Playoffs),INTZ,RMD Gaming,3,True,2,1,1,20.0,18.0,-2.0,session_end cash+inventory,-0.1,no,0,572,19.9997,20.000700000000002,8,320.008324,320.008324,50.0,91,380,4.0,13.0,120,53,14.724027000000035,"[11.228189000000043, 18.219865000000027]",3.495837999999992
grid-2974337-m1,lol,grid,2026-09-02T20:05:09.196143+00:00,Circuito Desafiante - Split 2 2026 (Playoffs: Playoffs),Vivo Keyd Stars Academy,Estral Esports,1,False,2,1,1,10.497058,10.4912,-0.005858000000001695,session_end cash+inventory,-0.0005580611253173693,yes,0,251,30.0,30.003800000000002,20,83.046,83.046,12.64,94,381,4.0,14.0,112,54,11.554999999999993,"[2.0320000000000107, 21.077999999999975]",9.522999999999982
grid-2974337-m2,lol,grid,2026-09-02T20:52:45.112273+00:00,Circuito Desafiante - Split 2 2026 (Playoffs: Playoffs),Estral Esports,Vivo Keyd Stars Academy,2,True,5,2,3,33.2264,30.827198,-2.3992020000000025,session_end cash+inventory,-0.07220770230900737,yes,0,303,29.996499999999997,30.0016,4,60.333713806251495,59.5135,39.505821,81,468,3.0,11.0,118,44,1.052000000000021,"[0.16199999999997772, 16.086000000000013]",0.03899999999998727
grid-2974337-m3,lol,grid,2026-09-02T21:42:45.552551+00:00,Circuito Desafiante - Split 2 2026 (Playoffs: Playoffs),Estral Esports,Vivo Keyd Stars Academy,3,True,2,1,1,29.996199999999998,32.526,2.529800000000005,session_end cash+inventory,0.08433734939759054,yes,0,297,29.999200000000002,30.003800000000002,19,230.87799999999996,230.878,36.14,83,444,3.0,9.0,96,21,6.138999999999982,"[5.0779999999999745, 7.199999999999989]",1.061000000000007
grid-2975624-m1,lol,grid,2026-09-07T17:08:36.786400+00:00,NACL - Summer 2026 (Playoffs: Playoffs),ConViction,NRG,1,False,0,0,0,0,0,0.0,session_end cash+inventory,,<none>,0,,,,0,,,0.0,78,563,3.0,10.0,139,40,8.0,[],
grid-2975624-m2,lol,grid,2026-09-07T18:06:08.715797+00:00,NACL - Summer 2026 (Playoffs: Playoffs),NRG,ConViction,2,True,0,0,0,0,0,0.0,session_end cash+inventory,,<none>,0,,,,0,,,0.0,84,408,3.0,13.0,104,46,8.0,[],
grid-2975624-m3,lol,grid,2026-09-07T18:57:09.333427+00:00,NACL - Summer 2026 (Playoffs: Playoffs),ConViction,NRG,3,False,0,0,0,0,0,0.0,session_end cash+inventory,,<none>,0,,,,0,,,0.0,58,725,2.0,5.0,50,15,8.0,[],
grid-2975624-m4,lol,grid,2026-09-07T19:49:20.334936+00:00,NACL - Summer 2026 (Playoffs: Playoffs),ConViction,NRG,4,False,0,0,0,0,0,0.0,session_end cash+inventory,,<none>,0,,,,0,,,0.0,76,475,3.0,10.0,100,32,8.0,[],
grid-2975624-m5,lol,grid,2026-09-07T20:41:24.325023+00:00,NACL - Summer 2026 (Playoffs: Playoffs),ConViction,NRG,5,False,0,0,0,0,0,0.0,session_end cash+inventory,,<none>,0,,9.999849999999999,10.0016,8,,,0.0,80,385,4.0,16.0,141,72,8.0,[],
grid-2975625-m1,lol,grid,2026-09-03T21:15:55.739121+00:00,NACL - Summer 2026 (Playoffs: Playoffs),Maryville University,Contingent Esports,1,True,3,2,1,9.997399999999999,9.997399999999999,0.0,session_end cash+inventory,0.0,yes,0,136,9.999600000000001,10.001,3,47.940215396002955,47.938,13.51,95,328,4.0,13.0,100,44,8.052999999999997,"[2.0320000000000107, 8.134999999999991]",0.08199999999999363
grid-2975625-m2,lol,grid,2026-09-03T22:07:48.307533+00:00,NACL - Summer 2026 (Playoffs: Playoffs),Contingent Esports,Maryville University,2,False,4,2,2,20.0038,20.9401,0.936300000000001,session_end cash+inventory,0.04680610683970051,yes,0,218,10.002999999999998,10.0031,7,139.96413165365507,139.5035,28.18,81,582,3.0,8.0,103,33,4.623999999999995,"[-0.8229999999999791, 9.077999999999975]",3.477499999999992
grid-2975625-m3,lol,grid,2026-09-03T22:59:42.570849+00:00,NACL - Summer 2026 (Playoffs: Playoffs),Contingent Esports,Maryville University,3,False,4,2,2,16.930822,16.5362,-0.3824498840000007,session_end cash+inventory,-0.022588973175667472,yes,0,245,10.0015,10.004,12,108.77748042024834,107.34,20.939999999999998,89,438,3.0,10.0,104,28,4.791499999999985,"[0.06900000000001683, 22.194000000000017]",4.036999999999978
grid-2975625-m4,lol,grid,2026-09-03T23:47:04.552301+00:00,NACL - Summer 2026 (Playoffs: Playoffs),Contingent Esports,Maryville University,4,False,4,2,2,20.000500000000002,21.512,1.5114999999999998,session_end cash+inventory,0.07557311067223317,yes,0,179,9.999,10.004,6,109.75851102941176,103.547,27.200000000000003,75,530,3.0,8.0,109,25,1.0745000000000005,"[1.0249999999999773, 6.030000000000001]",0.026499999999998636
grid-2975625-m5,lol,grid,2026-09-04T00:36:32.686233+00:00,NACL - Summer 2026 (Playoffs: Playoffs),Contingent Esports,Maryville University,5,False,3,2,1,12.0068,11.7306,-0.27619999999999933,session_end cash+inventory,-0.02300363127561043,no,0,332,9.99935,10.0008,10,233.79828571428573,239.928,18.619999999999997,76,493,2.0,12.0,106,48,309.202,"[304.11400000000003, 454.086]",5.087999999999965
grid-2975627-m1,lol,grid,2026-09-09T21:08:31.101709+00:00,NACL - Summer 2026 (Playoffs: Playoffs),NRG Esports,Maryville University,1,False,6,2,4,15.002399999999998,15.524799999999999,0.5224000000000022,session_end cash+inventory,0.03482109529142019,no,0,176,15.0018,15.002400000000002,4,19.898862964558273,20.033,26.313221999999996,74,575,3.0,10.0,153,40,6.036000000000001,"[2.040999999999997, 8.066000000000003]",2.0130000000000052
grid-2975627-m2,lol,grid,2026-09-09T22:07:33.331431+00:00,NACL - Summer 2026 (Playoffs: Playoffs),NRG Esports,Maryville University,2,False,4,2,2,29.9896,30.4563,0.4666999999999977,session_end cash+inventory,0.015562061514658337,no,0,210,15.0015,15.0024,5,68.4078109726728,55.015,39.451026,89,384,4.0,14.0,117,59,13.541499999999985,"[2.0459999999999923, 15.038000000000011]",1.0020000000000095
grid-2975627-m3,lol,grid,2026-09-09T22:58:36.071189+00:00,NACL - Summer 2026 (Playoffs: Playoffs),NRG Esports,Maryville University,3,False,21,15,6,312.194133,306.9203,-5.273832999999984,session_end cash+inventory,-0.01689279984002769,no,0,126,50.000400000000006,50.00240000000001,31,118.27143297646882,156.002,557.43,79,424,3.0,12.0,99,42,67.05999999999995,"[3.0279999999999916, 84.03500000000003]",10.994000000000028
grid-2975627-m4,lol,grid,2026-09-09T23:50:09.667344+00:00,NACL - Summer 2026 (Playoffs: Playoffs),NRG Esports,Maryville University,4,False,12,5,7,150.0005,118.64779999999999,-31.35269999999999,session_end cash+inventory,-0.2090173032756557,yes,0,127,50.000699999999995,50.001900000000006,26,84.70625886294984,102.986,389.807097,77,476,3.0,11.0,88,40,6.061499999999995,"[1.0629999999999882, 14.037000000000006]",1.4990000000000094
grid-2975628-m1,lol,grid,2026-09-10T21:08:07.896678+00:00,NACL - Summer 2026 (Playoffs: Playoffs),Winthrop University,Maryville University,1,True,5,3,2,30.0012,30.7838,0.7826000000000004,session_end cash+inventory,0.02608562324173701,no,0,284,10.000399999999999,10.0016,11,53.99990371621621,53.999,76.96000000000001,79,486,3.0,12.0,113,47,8.045999999999992,"[1.045000000000016, 8.045999999999992]",0.0
grid-2975628-m2,lol,grid,2026-09-10T22:00:39.966552+00:00,NACL - Summer 2026 (Playoffs: Playoffs),Winthrop University,Maryville University,2,True,2,1,1,4.692308,4.8447000000000005,0.15239200000000075,session_end cash+inventory,0.03247698147691941,no,0,281,10.000499999999999,10.002,27,14.999,14.999,7.69,79,358,4.0,13.0,105,51,5.5364999999999895,"[5.036000000000001, 6.036999999999978]",0.5004999999999882
grid-2975628-m3,lol,grid,2026-09-10T22:48:42.468055+00:00,NACL - Summer 2026 (Playoffs: Playoffs),Winthrop University,Maryville University,3,True,30,17,13,107.385742,102.32809999999999,-5.057642000000003,session_end cash+inventory,-0.04709789126381418,no,0,193,10.0,10.0016,46,29.658595185748567,36.993,239.04372600000005,79,407,4.0,14.0,124,55,5.032000000000011,"[1.0349999999999966, 16.043000000000006]",2.004499999999993
grid-2975628-m4,lol,grid,2026-09-10T23:41:59.480942+00:00,NACL - Summer 2026 (Playoffs: Playoffs),Winthrop University,Maryville University,4,True,7,4,3,39.996700000000004,41.7026,1.7058999999999962,session_end cash+inventory,0.0426510187090434,no,0,136,9.9999,10.001100000000001,52,88.26750021334092,87.997,70.31,73,649,2.0,7.0,104,25,5.031999999999982,"[3.045000000000016, 13.052999999999997]",1.9869999999999663
grid-2975628-m5,lol,grid,2026-09-11T00:33:03.271038+00:00,NACL - Summer 2026 (Playoffs: Playoffs),Winthrop University,Maryville University,5,True,12,7,5,69.9945,65.0485,-4.946000000000005,session_end cash+inventory,-0.07066269492602997,no,0,134,10.000549999999999,10.0035,24,89.67827902345687,76.99199999999999,99.323334,91,474,4.0,15.0,147,72,5.041000000000011,"[1.05499999999995, 17.049000000000007]",3.986000000000061
grid-2975629-m1,lol,grid,2026-09-11T21:05:14.943524+00:00,NACL - Summer 2026 (Playoffs: Playoffs),Cupid Esports,Maryville University,1,True,11,7,4,49.997,57.066599999999994,7.069600000000001,session_end cash+inventory,0.14140048402904176,yes,0,340,10.0008,10.002999999999998,27,197.26388835656212,219.816,68.88,82,473,3.0,15.0,129,71,3.2350000000000136,"[1.0409999999999968, 19.024]",0.20600000000001728
grid-2975629-m2,lol,grid,2026-09-11T22:03:35.538622+00:00,NACL - Summer 2026 (Playoffs: Playoffs),Cupid Esports,Maryville University,2,True,18,10,8,88.49235,91.0969,2.604549999999994,session_end cash+inventory,0.029432487667012956,yes,0,116,10.000599999999999,10.0031,37,18.229947839376006,17.019,122.96494,78,574,3.0,10.0,123,45,31.033999999999992,"[1.0460000000000065, 41.05099999999999]",7.255500000000012
grid-2975629-m3,lol,grid,2026-09-11T23:01:00.168074+00:00,NACL - Summer 2026 (Playoffs: Playoffs),Cupid Esports,Maryville University,3,True,9,6,3,30.0003,35.9953,5.995000000000001,session_end cash+inventory,0.19983133501998318,no,0,341,5.0004,5.001499999999999,32,30.059523364485983,20.969,75.97,83,433,3.0,11.0,98,40,3.0369999999999777,"[2.0400000000000205, 15.031000000000006]",0.9969999999999573
grid-2976630-m1,lol,grid,2026-09-05T05:19:10.132444+00:00,LJL - Summer 2026 (Regional Championship: Regional Championship),L Guide Gaming,New Meta,1,False,5,2,3,19.992156,19.849999,-0.08186299999999921,session_end cash+inventory,-0.004094755963288762,no,0,192,10.0,10.0016,17,17.036488454324836,12.999,41.372547999999995,72,445,3.0,9.0,87,24,516.168,"[515.114, 526.115]",1.0539999999999736
grid-2976630-m2,lol,grid,2026-09-05T06:26:27.037279+00:00,LJL - Summer 2026 (Regional Championship: Regional Championship),New Meta,L Guide Gaming,2,True,0,0,0,0,0,0.0,session_end cash+inventory,,<none>,0,,10.0035,10.0035,1,,,0.0,79,381,4.0,13.0,108,42,8.0,[],
grid-2976630-m3,lol,grid,2026-09-05T07:30:37.377038+00:00,LJL - Summer 2026 (Regional Championship: Regional Championship),New Meta,L Guide Gaming,3,True,2,1,1,4.56,4.56,0.0,session_end cash+inventory,0.0,yes,0,200,9.999600000000001,9.999600000000001,5,58.956,58.956,8.0,79,367,3.0,14.0,94,50,9.64100000000002,"[7.119000000000028, 12.163000000000011]",2.5219999999999914
grid-2976631-m1,lol,grid,2026-09-06T05:43:30.703948+00:00,LJL - Summer 2026 (Regional Championship: Regional Championship),FENNEL,New Meta,1,True,7,3,4,30.0076,30.670999,0.6633989999999992,session_end cash+inventory,0.02210769938282299,yes,0,151,10.0009,10.0036,11,58.75672051122006,140.48149999999998,33.345954,91,363,3.0,13.0,87,42,3.1270000000000095,"[0.28199999999998226, 9.178999999999974]",2.8450000000000273
grid-2976631-m2,lol,grid,2026-09-06T06:39:12.696050+00:00,LJL - Summer 2026 (Regional Championship: Regional Championship),FENNEL,New Meta,2,True,0,0,0,0,0,0.0,session_end cash+inventory,,<none>,0,,10.0015,10.004,5,,,0.0,78,650,3.0,9.0,125,29,8.0,[],
grid-2976631-m3,lol,grid,2026-09-06T07:48:53.173283+00:00,LJL - Summer 2026 (Regional Championship: Regional Championship),New Meta,FENNEL,3,False,0,0,0,0,0,0.0,session_end cash+inventory,,<none>,0,,10.0031,10.0031,1,,,0.0,77,393,3.0,15.0,102,51,8.0,[],
grid-2976631-m4,lol,grid,2026-09-06T08:51:24.104786+00:00,LJL - Summer 2026 (Regional Championship: Regional Championship),FENNEL,New Meta,4,True,2,1,1,10.0035,6.422,-3.581500000000001,session_end cash+inventory,-0.3580246913580248,yes,0,477,10.0035,10.0035,3,82.054,82.054,12.35,61,873,2.0,5.0,62,13,4.651999999999987,"[1.1789999999999736, 8.125]",3.473000000000013
grid-2976631-m5,lol,grid,2026-09-06T09:52:40.329090+00:00,LJL - Summer 2026 (Regional Championship: Regional Championship),New Meta,FENNEL,5,False,0,0,0,0,0,0.0,session_end cash+inventory,,<none>,0,,10.0014,10.0035,5,,,0.0,83,295,4.0,15.0,90,41,8.0,[],
grid-2977835-m1,lol,grid,2026-09-02T16:16:18.945202+00:00,LoL Italian Tournament - Summer 2026 (Playoffs: Playoffs),TITANS,Zena Esports,1,False,0,0,0,0,0,0.0,session_end cash+inventory,,<none>,0,,,,0,,,0.0,82,441,3.0,11.0,106,39,8.0,[],
grid-2977835-m2,lol,grid,2026-09-02T17:15:32.135492+00:00,LoL Italian Tournament - Summer 2026 (Playoffs: Playoffs),Zena Esports,TITANS,2,True,0,0,0,0,0,0.0,session_end cash+inventory,,<none>,0,,,,0,,,0.0,86,313,3.0,15.0,87,41,8.0,[],
grid-2977835-m3,lol,grid,2026-09-02T18:03:51.389175+00:00,LoL Italian Tournament - Summer 2026 (Playoffs: Playoffs),Zena Esports,TITANS,3,True,3,1,2,29.996520999999998,25.430498999999998,-4.551450920000003,session_end cash+inventory,-0.15173262659359743,yes,0,465,29.997100000000003,30.003200000000003,10,198.27938786899318,167.4415,38.940148,79,463,3.0,10.0,101,36,2.1499999999999773,"[0.11599999999998545, 3.0670000000000073]",0.91700000000003
grid-2977837-m1,lol,grid,2026-09-03T16:09:19.053008+00:00,LoL Italian Tournament - Summer 2026 (Playoffs: Playoffs),Colossal Gaming,HMBLE,1,False,6,2,4,15.853179,16.287594,1.5002837999999985,session_end cash+inventory,0.09463614837125087,yes,0,297,9.9968,10.001800000000001,8,110.82919351821884,158.088,18.788169,79,361,4.0,13.0,104,43,3.17349999999999,"[1.103999999999985, 9.225000000000023]",1.498500000000007
grid-2977837-m2,lol,grid,2026-09-03T17:00:13.245238+00:00,LoL Italian Tournament - Summer 2026 (Playoffs: Playoffs),Colossal Gaming,HMBLE,2,False,2,1,1,7.9,7.800000000000001,-0.09999999999999964,session_end cash+inventory,-0.01265822784810122,yes,0,138,10.0014,10.001800000000001,3,47.009,47.009,10.0,84,456,3.0,8.0,106,19,115.57650000000001,"[115.072, 116.08100000000002]",0.5045000000000073
grid-2977837-m3,lol,grid,2026-09-03T17:53:24.521301+00:00,LoL Italian Tournament - Summer 2026 (Playoffs: Playoffs),Colossal Gaming,HMBLE,3,False,0,0,0,0,0,0.0,session_end cash+inventory,,<none>,0,,,,0,,,0.0,81,637,3.0,10.0,135,51,8.0,[],
grid-2978288-m1,lol,grid,2026-09-01T15:06:04.782186+00:00,Prime League - Summer 2026 (Playoffs: Playoffs),Kaufland Hangry Knights,Unicorns Of Love Sexy Edition,1,False,10,2,8,78.9804,82.469597,3.489196999999997,session_end cash+inventory,0.04417801125342486,yes,0,138,100.00045,100.002,4,421.8657028668396,505.7486045,175.12838,89,463,4.0,15.0,135,74,10.04063499999998,"[8.510418999999956, 19.201488000000012]",0.7514945000000068
grid-2978288-m2,lol,grid,2026-09-01T16:06:45.497058+00:00,Prime League - Summer 2026 (Playoffs: Playoffs),Kaufland Hangry Knights,Unicorns Of Love Sexy Edition,2,False,4,1,3,100.00200000000001,80.6898,-19.31220000000002,session_end cash+inventory,-0.19311813763724742,yes,0,260,100.00200000000001,100.0025,4,786.7993625833683,763.292555,142.86,79,393,4.0,13.0,132,58,9.95238699999993,"[9.095268999999973, 11.150442000000112]",0.6462774999999681
grid-2978288-m3,lol,grid,2026-09-01T17:00:17.184755+00:00,Prime League - Summer 2026 (Playoffs: Playoffs),Unicorns Of Love Sexy Edition,Kaufland Hangry Knights,3,True,9,3,6,17.7866,17.656898,-1.547302000000001,session_end cash+inventory,-0.08699256743840875,"no,yes",0,123,99.99995,100.0032,4,196.73911436572894,235.410809,28.642808,85,358,4.0,13.0,99,41,13.408690999999976,"[8.997882000000004, 727.0]",4.302890999999988
grid-2980509-m1,lol,grid,2026-09-12T20:11:37.703447+00:00,LCS - Split 3 2026 (Playoffs: Playoffs),Shopify Rebellion,Cloud9,1,False,13,8,5,166.064029,165.8137,-0.2503289999999865,session_end cash+inventory,-0.001507424585007428,yes,0,152,29.9972,30.0024,45,20.659075066587747,22.9935,202.74,79,405,3.0,15.0,121,59,5.0400000000000205,"[1.0389999999999873, 10.036999999999978]",4.001000000000033
grid-2980509-m2,lol,grid,2026-09-12T21:04:57.414589+00:00,LCS - Split 3 2026 (Playoffs: Playoffs),Cloud9,Shopify Rebellion,2,True,13,6,7,120.0036,114.7532,-5.250399999999999,session_end cash+inventory,-0.04375202077271014,"no,yes",0,125,30.000500000000002,30.003,22,64.1767629994726,56.988,241.12959,77,330,4.0,14.0,104,44,5.024999999999977,"[1.0270000000000437, 31.028999999999996]",3.9979999999999336
grid-2980509-m3,lol,grid,2026-09-12T21:52:16.519690+00:00,LCS - Split 3 2026 (Playoffs: Playoffs),Cloud9,Shopify Rebellion,3,True,18,8,10,105.76929000000001,109.8587,4.096243099999985,session_end cash+inventory,0.038728094894084894,yes,0,126,30.0,30.003,42,86.81478068838527,88.50399999999999,130.347474,78,658,3.0,9.0,141,36,2.548500000000004,"[1.0269999999999868, 2458.0]",1.5050000000000097
grid-2984640-m1,lol,grid,2026-09-01T17:18:48.611467+00:00,Rift Legends - Summer 2026 (Round 2: Round 2),LODIS,BOMBA Team,1,True,4,1,3,56.157999999999994,37.317799,-18.84020099999999,session_end cash+inventory,-0.33548561202322,no,0,484,100.0001,100.002,12,333.676280967636,331.572954,65.295805,81,297,3.0,12.0,86,30,90.10467900000003,"[87.74598200000003, 93.08768499999996]",1.8225869999999986
grid-2984640-m2,lol,grid,2026-09-01T18:09:45.647758+00:00,Rift Legends - Summer 2026 (Round 2: Round 2),LODIS,BOMBA Team,2,True,4,1,3,100.00040000000001,75.6148,-24.450400000000002,session_end cash+inventory,-0.24450302198791204,yes,0,401,100.0,100.00079999999998,5,557.537433759805,565.736248,188.68,93,354,4.5,13.0,118,46,206.84977600000008,"[147.43958999999995, 1177.0]",29.86812400000008
grid-2984640-m3,lol,grid,2026-09-01T19:07:01.713926+00:00,Rift Legends - Summer 2026 (Round 2: Round 2),LODIS,BOMBA Team,3,True,3,1,2,100.00040000000001,89.95579899999998,-10.044601000000021,session_end cash+inventory,-0.10044560821756733,yes,0,331,100.00080000000001,100.00359999999999,12,74.82871167242197,72.4105165,188.67574299999998,81,391,3.0,15.0,101,45,171.61075400000004,"[171.38682999999997, 172.98393899999996]",0.22392400000006774
grid-2984645-m1,lol,grid,2026-09-03T15:11:02.472911+00:00,Rift Legends - Summer 2026 (Round 2: Round 2),Barcząca Esports,Docisk,1,False,3,2,1,11.177026999999999,10.197400000000002,-0.9796269999999971,session_end cash+inventory,-0.08764647343161981,yes,0,154,9.998,10.001100000000001,14,72.19668686622866,193.615,15.219999999999999,78,519,3.0,10.0,112,40,85.08000000000004,"[77.19299999999998, 90.076]",4.9959999999999525
grid-2984645-m2,lol,grid,2026-09-03T16:09:16.653256+00:00,Rift Legends - Summer 2026 (Round 2: Round 2),Docisk,Barcząca Esports,2,True,4,2,2,9.999718000000001,9.903,-0.09671800000000141,session_end cash+inventory,-0.00967207275245176,yes,0,112,10.0008,10.001100000000001,7,32.19524221003221,11.954,21.73,78,381,2.5,11.0,74,33,66.155,"[64.10900000000001, 66.227]",0.036000000000001364
grid-2984646-m1,lol,grid,2026-09-04T15:09:19.020819+00:00,Rift Legends - Summer 2026 (Round 2: Round 2),LODIS,Docisk,1,True,2,1,1,9.991111,5.7757,-4.2154110000000005,session_end cash+inventory,-0.42191614125796423,yes,0,120,9.9968,9.9968,1,523.017,523.017,15.61,73,470,3.0,10.0,105,30,101.10849999999998,"[101.1, 101.11699999999996]",0.008499999999983743
grid-2984646-m2,lol,grid,2026-09-04T16:03:31.406824+00:00,Rift Legends - Summer 2026 (Round 2: Round 2),LODIS,Docisk,2,True,4,2,2,11.1621,10.3794,-0.7826999999999993,session_end cash+inventory,-0.07012121375010072,"no,yes",0,125,10.00095,10.002,6,54.03741970103488,59.9465,26.09,76,350,3.0,11.0,77,30,81.0575,"[70.19300000000001, 85.029]",3.469999999999999
grid-2987004-m1,lol,grid,2026-09-06T08:09:55.409647+00:00,LCK - Split 3 2026 (Regional Championship: Regional Championship),Dplus KIA,T1,1,False,10,5,5,49.997699999999995,47.653,-2.344699999999998,session_end cash+inventory,-0.04689615722323223,"no,yes",0,128,9.999,10.0031,5,66.81014030612245,58.131,90.16,82,409,5.0,15.0,152,73,3.244499999999988,"[-0.742999999999995, 20.247000000000014]",2.579499999999996
grid-2987004-m2,lol,grid,2026-09-06T09:16:04.945745+00:00,LCK - Split 3 2026 (Regional Championship: Regional Championship),Dplus KIA,T1,2,False,9,5,4,41.25338,42.060199999999995,0.8068199999999983,session_end cash+inventory,0.019557670183630974,"no,yes",0,128,10.001,10.002,11,82.03385936805495,30.866,69.14999999999999,76,596,3.0,7.0,91,20,1.197999999999979,"[-0.9639999999999986, 10.141999999999996]",0.9820000000000277
grid-2987004-m3,lol,grid,2026-09-06T10:09:10.733600+00:00,LCK - Split 3 2026 (Regional Championship: Regional Championship),Dplus KIA,T1,3,False,0,0,0,0,0,0.0,session_end cash+inventory,,<none>,0,,10.0015,10.001800000000001,2,,,0.0,73,498,3.0,13.0,139,59,8.0,[],
grid-2987004-m4,lol,grid,2026-09-06T11:13:17.254708+00:00,LCK - Split 3 2026 (Regional Championship: Regional Championship),Dplus KIA,T1,4,False,4,2,2,14.977377,17.28,2.302622999999998,session_end cash+inventory,0.1537400707747423,no,0,181,9.998099999999999,9.999600000000001,3,259.80602999999996,219.91949999999997,27.0,94,396,3.0,14.0,109,55,3.667500000000004,"[2.156000000000006, 10.125999999999976]",0.9579999999999984
grid-2987005-m1,lol,grid,2026-09-12T05:21:34.546304+00:00,LCK - Split 3 2026 (Regional Championship: Regional Championship),Hanwha Life Esports,T1,1,True,15,10,5,49.995,51.9358,1.9407999999999976,session_end cash+inventory,0.03881988198819877,yes,0,120,4.999599999999999,5.0024,22,120.07794754961391,72.5085,84.98069,86,795,4.0,8.0,176,29,3.040999999999997,"[0.03899999999998727, 18.024]",1.9939999999999714
grid-2987005-m2,lol,grid,2026-09-12T06:33:58.239178+00:00,LCK - Split 3 2026 (Regional Championship: Regional Championship),T1,Hanwha Life Esports,2,False,21,13,8,59.984234,60.8628,0.8785659999999993,session_end cash+inventory,0.014646615308949337,"no,yes",0,103,4.9995,5.0022,64,60.56718422951644,81.0015,103.4,75,366,4.0,13.0,105,45,7.038000000000011,"[1.0370000000000346, 22.036]",2.9950000000000045
grid-2987005-m3,lol,grid,2026-09-12T07:28:05.758624+00:00,LCK - Split 3 2026 (Regional Championship: Regional Championship),Hanwha Life Esports,T1,3,True,10,6,4,29.9952,29.6603,-0.3349000000000028,session_end cash+inventory,-0.011165119752493825,yes,0,80,4.9998000000000005,5.0024999999999995,55,124.31797387807634,142.963,41.855455,48,408,3.0,14.0,109,49,7.0575000000000045,"[-13.0, 11.238]",2.0135000000000076
grid-2987005-m4,lol,grid,2026-09-12T08:21:40.242218+00:00,LCK - Split 3 2026 (Regional Championship: Regional Championship),T1,Hanwha Life Esports,4,False,5,3,2,14.9949,16.727999999999998,1.7330999999999985,session_end cash+inventory,0.11557929696096664,yes,0,168,4.9984,5.0008,57,228.9141116318705,297.03,23.47,78,337,4.0,14.0,115,55,9.033999999999992,"[2.031000000000006, 11.086000000000013]",2.052000000000021
grid-2987006-m1,lol,grid,2026-09-13T05:30:22.768538+00:00,LCK - Split 3 2026 (Regional Championship: Regional Championship),Gen.G,Hanwha Life Esports,1,True,6,4,2,118.088734,119.3865,1.2977659999999958,session_end cash+inventory,0.01098975284128286,no,0,189,29.997799999999998,30.0,45,61.902411652498444,60.015499999999996,241.15,83,390,4.0,15.0,143,72,5.052500000000023,"[1.046999999999997, 14.055000000000007]",3.502000000000038
grid-2987006-m2,lol,grid,2026-09-13T06:34:14.741520+00:00,LCK - Split 3 2026 (Regional Championship: Regional Championship),Hanwha Life Esports,Gen.G,2,False,0,0,0,0,0,0.0,session_end cash+inventory,,<none>,0,,29.996599999999997,29.997,3,,,0.0,78,484,3.0,10.0,102,36,8.0,[],
grid-2987006-m3,lol,grid,2026-09-13T07:29:38.189530+00:00,LCK - Split 3 2026 (Regional Championship: Regional Championship),Hanwha Life Esports,Gen.G,3,False,2,1,1,30.0,28.499999999999996,-1.5000000000000036,session_end cash+inventory,-0.05000000000000012,no,0,404,29.9991,30.0,11,98.994,98.994,50.0,78,327,4.0,14.0,86,46,5.040999999999997,"[4.038000000000011, 6.043999999999983]",1.002999999999986
grid-2987006-m4,lol,grid,2026-09-13T08:19:23.259004+00:00,LCK - Split 3 2026 (Regional Championship: Regional Championship),Gen.G,Hanwha Life Esports,4,True,12,9,3,239.982863,242.6346,2.651736999999997,session_end cash+inventory,0.011049693160798723,no,0,231,29.997,29.999200000000002,98,81.50955455835253,87.01,494.94,75,430,2.0,11.0,95,38,7.045500000000004,"[1.0360000000000014, 11.037000000000035]",2.0045000000000073
grid-2987017-m1,lol,grid,2026-09-01T08:11:31.834467+00:00,LCK - Split 3 2026 (Regional Championship: Regional Championship),Gen.G Esports,KT Rolster,1,True,2,1,1,20.002200000000002,17.8398,-2.1624000000000017,session_end cash+inventory,-0.10810810810810818,yes,0,123,20.002200000000002,20.002200000000002,1,33.720535,33.720535,27.03,82,394,4.0,15.0,121,68,150.8261605,"[148.965893, 152.68642799999998]",1.860267499999992
grid-2987017-m2,lol,grid,2026-09-01T09:13:24.429576+00:00,LCK - Split 3 2026 (Regional Championship: Regional Championship),Gen.G Esports,KT Rolster,2,True,4,2,2,40.0028,40.7592,0.7563999999999993,session_end cash+inventory,0.018908676392652497,yes,0,380,20.00125,20.0028,8,111.85383448171702,112.111881,50.32,72,486,3.0,10.0,117,36,9.994619999999998,"[8.055113000000006, 14.589179000000001]",1.1421775000000025
grid-2987017-m3,lol,grid,2026-09-01T10:09:07.233185+00:00,LCK - Split 3 2026 (Regional Championship: Regional Championship),Gen.G Esports,KT Rolster,3,True,2,1,1,50.0038,47.4062,-2.5976,session_end cash+inventory,-0.05194805194805195,yes,0,126,49.997499999999995,50.0038,4,47.98914,47.98914,64.94,74,329,4.0,14.0,96,45,10.804749999999999,"[9.799319999999994, 11.810180000000003]",1.005430000000004
grid-2987018-m1,lol,grid,2026-09-02T08:11:28.216502+00:00,LCK - Split 3 2026 (Regional Championship: Regional Championship),T1,Hanwha Life Esports,1,False,4,2,2,199.9968,209.23200000000003,9.235200000000006,session_end cash+inventory,0.04617673882782127,yes,0,267,100.002,100.0025,11,46.48396028880867,46.9485,310.24,18,510,3.0,9.0,100,30,0.19350000000000023,"[0.031999999999982265, 3.1000000000000227]",0.08950000000001523
grid-2987018-m2,lol,grid,2026-09-02T09:05:18.974871+00:00,LCK - Split 3 2026 (Regional Championship: Regional Championship),T1,Hanwha Life Esports,2,False,8,4,4,244.898638,247.2977,2.3990619999999936,session_end cash+inventory,0.009796142680058488,"no,yes",0,164,100.00150000000001,100.0026,6,26.75888042365396,51.4865,450.58000000000004,90,311,3.0,8.0,48,17,2.5464999999999804,"[0.08400000000000318, 7.326999999999998]",1.4274999999999949
grid-2987018-m4,lol,grid,2026-09-02T10:48:14.009470+00:00,LCK - Split 3 2026 (Regional Championship: Regional Championship),T1,Hanwha Life Esports,4,False,11,3,8,298.904703,293.168495,,unknown,,"no,yes",0,127,100.0009,100.002,6,92.70940476519455,75.49549999999999,539.8129680000001,96,332,3.0,12.0,97,35,2.2079999999999984,"[1.0320000000000107, 14.254999999999995]",1.1759999999999877
grid-2987018-m5,lol,grid,2026-09-02T11:38:50.155675+00:00,LCK - Split 3 2026 (Regional Championship: Regional Championship),T1,Hanwha Life Esports,5,False,5,2,3,200.0032,212.4592,12.456,session_end cash+inventory,0.06227900353594343,yes,0,206,100.00080000000001,100.0032,7,105.40869240016897,174.888,307.77,76,334,3.0,15.0,88,42,3.1129999999999995,"[0.08800000000002228, 7.195999999999998]",3.0249999999999773
grid-2987019-m1,lol,grid,2026-09-03T08:08:15.532316+00:00,LCK - Split 3 2026 (Regional Championship: Regional Championship),BNK FearX,Dplus KIA,1,True,6,3,3,90.0037,78.8035,-11.200199999999999,session_end cash+inventory,-0.1244415507362475,no,0,200,30.0016,30.0024,5,69.46542758959254,44.157,142.59,46,562,4.0,12.0,148,57,1.6330000000000098,"[-0.6699999999999591, 19.287000000000006]",1.4514999999999816
grid-2987019-m2,lol,grid,2026-09-03T09:15:06.721955+00:00,LCK - Split 3 2026 (Regional Championship: Regional Championship),BNK FearX,Dplus KIA,2,True,2,1,1,10.0,10.600000000000001,0.6000000000000014,session_end cash+inventory,0.060000000000000143,yes,0,497,10.0,10.0,1,45.04,45.04,20.0,468,427,3.0,13.0,111,52,3.1629999999999825,"[3.1429999999999723, 3.1829999999999927]",0.020000000000010232
grid-2987019-m3,lol,grid,2026-09-03T10:17:33.071212+00:00,LCK - Split 3 2026 (Regional Championship: Regional Championship),Dplus KIA,BNK FearX,3,False,4,2,2,19.9915,21.9927,2.0012000000000008,session_end cash+inventory,0.10010254358102198,no,0,131,9.998099999999999,9.9999,6,138.99412894073143,149.50050000000002,31.72,97,454,3.0,13.0,96,46,1.6195000000000022,"[1.0819999999999936, 6.1580000000000155]",0.47350000000000136
grid-2987019-m4,lol,grid,2026-09-03T11:12:01.210610+00:00,LCK - Split 3 2026 (Regional Championship: Regional Championship),BNK FearX,Dplus KIA,4,True,11,5,6,39.990899999999996,40.156799,0.16589899999999957,session_end cash+inventory,0.004148418765269089,"no,yes",0,96,9.999699999999999,10.000499999999999,6,57.222725282613,56.997,73.60454399999999,50,253,4.0,16.0,81,38,4.0919999999999845,"[1.1650000000000205, 14.060999999999979]",1.0120000000000005
grid-2987019-m5,lol,grid,2026-09-03T12:00:07.921278+00:00,LCK - Split 3 2026 (Regional Championship: Regional Championship),Dplus KIA,BNK FearX,5,False,6,3,3,29.999299999999998,30.654200000000003,0.6549000000000014,session_end cash+inventory,0.021830509378552212,no,0,127,10.0017,10.0031,6,87.07786409216983,109.938,46.870000000000005,82,263,4.0,14.0,89,38,4.212999999999994,"[-1.7250000000000227, 12.02600000000001]",3.9879999999999853
grid-2987020-m1,lol,grid,2026-09-04T08:08:10.660521+00:00,LCK - Split 3 2026 (Regional Championship: Regional Championship),KT Rolster,Dplus KIA,1,True,7,3,4,30.004600000000003,28.0838,-1.9208000000000016,session_end cash+inventory,-0.06401685074955178,"no,yes",0,255,10.0014,10.001800000000001,4,44.57690806577917,49.495000000000005,63.85,42,392,4.0,11.0,102,38,2.1970000000000027,"[0.19500000000005002, 8.163000000000011]",1.9879999999999995
grid-2987020-m2,lol,grid,2026-09-04T09:02:33.667957+00:00,LCK - Split 3 2026 (Regional Championship: Regional Championship),Dplus KIA,KT Rolster,2,False,7,4,3,21.870599,22.074399,0.2038000000000011,session_end cash+inventory,0.009318446193449074,no,0,156,9.999,10.0016,7,77.93385533695542,137.895,36.115713,82,406,4.0,16.0,152,79,4.082999999999998,"[1.0620000000000118, 6.149000000000001]",1.9970000000000425
grid-2987020-m3,lol,grid,2026-09-04T10:07:46.328666+00:00,LCK - Split 3 2026 (Regional Championship: Regional Championship),KT Rolster,Dplus KIA,3,True,9,4,5,40.0007,38.6008,-1.3999000000000006,session_end cash+inventory,-0.03499688755446781,"no,yes",0,125,10.00085,10.002,8,52.85332159821179,24.514,71.58,82,319,4.0,16.0,96,39,7.091000000000008,"[1.093999999999994, 20.17500000000001]",3.037000000000006
grid-2987020-m4,lol,grid,2026-09-04T10:58:18.157931+00:00,LCK - Split 3 2026 (Regional Championship: Regional Championship),Dplus KIA,KT Rolster,4,False,9,4,5,40.0025,41.328599,1.3260989999999975,session_end cash+inventory,0.0331504030998062,no,0,160,10.0008,10.0016,7,50.49279219416434,67.5315,75.97111,81,403,3.0,13.0,104,47,3.1970000000000027,"[-0.7580000000000098, 19.187999999999988]",3.954999999999984
grid-2987021-m1,lol,grid,2026-09-05T08:08:34.064503+00:00,LCK - Split 3 2026 (Regional Championship: Regional Championship),Hanwha Life Esports,Gen.G Esports,1,False,2,1,1,10.0009,10.0009,0.0,session_end cash+inventory,0.0,no,0,200,10.00045,10.0016,8,11.98,11.98,20.41,74,707,3.0,7.0,111,27,3.1850000000000023,"[2.194999999999993, 4.175000000000011]",0.9900000000000091
grid-2987021-m2,lol,grid,2026-09-05T09:11:42.772502+00:00,LCK - Split 3 2026 (Regional Championship: Regional Championship),Gen.G Esports,Hanwha Life Esports,2,True,11,5,6,50.0045,54.8834,5.2711,shared summary net fallback (includes rebate),0.10541251287384135,"no,yes",0,114,10.0008,10.0016,7,49.78517736802696,50.0245,106.84,78,552,3.0,14.0,149,77,2.367999999999995,"[-0.7459999999999809, 327.233]",2.1399999999999864
grid-2987021-m3,lol,grid,2026-09-05T10:19:47.046070+00:00,LCK - Split 3 2026 (Regional Championship: Regional Championship),Hanwha Life Esports,Gen.G Esports,3,False,11,5,6,49.997,48.179899,-1.8171009999999992,session_end cash+inventory,-0.0363442006520391,"no,yes",0,157,9.999,10.000599999999999,6,53.254404825829305,51.014,93.31461399999999,80,394,3.0,13.0,104,48,8.183999999999997,"[0.1449999999999818, 19.122000000000014]",5.99199999999999
grid-2987021-m4,lol,grid,2026-09-05T11:13:13.000073+00:00,LCK - Split 3 2026 (Regional Championship: Regional Championship),Gen.G Esports,Hanwha Life Esports,4,True,6,2,4,19.997999999999998,22.235198,,unknown,,"no,yes",0,125,10.00065,10.0016,4,112.83246643120378,28.072000000000003,41.337869,79,325,3.0,13.0,95,38,4.146999999999991,"[-0.7110000000000127, 8.155000000000001]",2.5534999999999997
grid-2991209-m2,lol,grid,2026-09-01T15:11:24.893478+00:00,Hitpoint Masters - Summer 2026 (Regular Season: Regular Season),CITA Kaizen,EXILE esports,2,False,0,0,0,0,0,0.0,session_end cash+inventory,,<none>,0,,100.00080000000001,100.004,8,,,0.0,82,378,3.0,10.0,86,25,8.0,[],
grid-2991210-m1,lol,grid,2026-09-01T16:09:49.323543+00:00,Hitpoint Masters - Summer 2026 (Regular Season: Regular Season),BRUTE,UP2U Meavedron,1,False,4,1,3,15.862039999999999,13.540398000000001,-2.321641999999997,session_end cash+inventory,-0.14636465423110756,yes,0,375,100.00080000000001,100.00120000000001,7,1112.7457459627235,717.449592,31.100554000000002,86,458,4.0,16.0,136,59,46.317388999999935,"[43.95106400000009, 47.50147199999998]",1.0894825000000594
grid-2991210-m2,lol,grid,2026-09-01T17:10:58.183837+00:00,Hitpoint Masters - Summer 2026 (Regular Season: Regular Season),BRUTE,UP2U Meavedron,2,False,8,4,4,66.63095200000001,87.768597,21.13764499999999,session_end cash+inventory,0.31723462393273305,yes,0,290,99.999,99.999,5,748.4688892043268,784.6073120000001,114.87033,76,469,3.0,9.0,110,30,12.265059000000008,"[8.776172999999972, 152.20287299999995]",2.88436200000001
grid-2991210-m3,lol,grid,2026-09-01T18:06:47.359159+00:00,Hitpoint Masters - Summer 2026 (Regular Season: Regular Season),BRUTE,UP2U Meavedron,3,False,0,0,0,0,0,0.0,session_end cash+inventory,,<none>,0,,100.0025,100.0032,20,,,0.0,77,343,3.0,13.0,85,38,8.0,[],
grid-2991212-m1,lol,grid,2026-09-02T16:14:01.149830+00:00,Hitpoint Masters - Summer 2026 (Regular Season: Regular Season),Onion Team,UP2U Meavedron,1,False,0,0,0,0,0,0.0,session_end cash+inventory,,<none>,0,,,,0,,,0.0,94,451,3.0,11.0,100,38,8.0,[],
grid-2991212-m2,lol,grid,2026-09-02T17:03:13.017053+00:00,Hitpoint Masters - Summer 2026 (Regular Season: Regular Season),Onion Team,UP2U Meavedron,2,False,3,1,2,100.00200000000001,91.43039999999999,-8.571600000000018,session_end cash+inventory,-0.08571428571428588,yes,0,255,100.00200000000001,100.00200000000001,1,156.00810877782442,155.9805,142.85999999999999,95,348,4.0,10.0,96,27,1.259999999999991,"[0.20400000000000773, 3.276999999999987]",1.0559999999999832
grid-2991212-m3,lol,grid,2026-09-02T17:49:14.777051+00:00,Hitpoint Masters - Summer 2026 (Regular Season: Regular Season),UP2U Meavedron,Onion Team,3,True,0,0,0,0,0,0.0,session_end cash+inventory,,<none>,0,,99.9978,100.0026,17,,,0.0,91,338,3.0,10.0,79,25,8.0,[],
grid-2991213-m1,lol,grid,2026-09-03T14:16:00.582619+00:00,Hitpoint Masters - Summer 2026 (Regular Season: Regular Season),NightBirds,BRUTE,1,True,0,0,0,0,0,0.0,session_end cash+inventory,,<none>,0,,,,0,,,0.0,91,316,3.0,12.0,65,30,8.0,[],
grid-2991213-m2,lol,grid,2026-09-03T14:51:27.831720+00:00,Hitpoint Masters - Summer 2026 (Regular Season: Regular Season),NightBirds,BRUTE,2,True,0,0,0,0,0,0.0,session_end cash+inventory,,<none>,0,,10.0007,10.0007,5,,,0.0,76,252,4.0,10.0,62,20,8.0,[],
grid-2991214-m1,lol,grid,2026-09-03T15:55:34.474854+00:00,Hitpoint Masters - Summer 2026 (Regular Season: Regular Season),EXILE esports,eSuba,1,True,0,0,0,0,0,0.0,session_end cash+inventory,,<none>,0,,10.001,10.001,4,,,0.0,77,794,2.0,8.0,121,29,8.0,[],
grid-2991214-m2,lol,grid,2026-09-03T16:57:15.758483+00:00,Hitpoint Masters - Summer 2026 (Regular Season: Regular Season),EXILE esports,eSuba,2,True,2,1,1,3.75,3.1,-0.6499999999999999,session_end cash+inventory,-0.1733333333333333,no,0,229,9.9975,9.9975,3,121.138,121.138,5.0,77,323,3.0,11.0,79,30,7.125000000000014,"[2.0560000000000116, 12.194000000000017]",5.069000000000003
grid-2991214-m3,lol,grid,2026-09-03T17:42:38.276737+00:00,Hitpoint Masters - Summer 2026 (Regular Season: Regular Season),eSuba,EXILE esports,3,False,0,0,0,0,0,0.0,session_end cash+inventory,,<none>,0,,,,0,,,0.0,78,372,3.0,13.0,102,43,8.0,[],
grid-2991216-m1,lol,grid,2026-09-04T15:11:16.753941+00:00,Hitpoint Masters - Summer 2026 (Regular Season: Regular Season),Bohemian Guardians,eSuba,1,False,0,0,0,0,0,0.0,session_end cash+inventory,,<none>,0,,,,0,,,0.0,77,567,3.0,15.0,151,77,8.0,[],
grid-2991216-m2,lol,grid,2026-09-04T16:22:56.132448+00:00,Hitpoint Masters - Summer 2026 (Regular Season: Regular Season),Bohemian Guardians,eSuba,2,False,0,0,0,0,0,0.0,session_end cash+inventory,,<none>,0,,10.0028,10.002999999999998,5,,,0.0,80,369,3.0,13.0,101,48,8.0,[],
grid-2991216-m3,lol,grid,2026-09-04T17:14:41.971843+00:00,Hitpoint Masters - Summer 2026 (Regular Season: Regular Season),eSuba,Bohemian Guardians,3,True,4,2,2,19.997,16.737599,-0.40713399999999966,session_end cash+inventory,-0.020359753963094446,yes,0,195,10.001249999999999,10.0015,4,144.83982300724833,145.988,22.593332,81,426,3.0,12.0,95,40,2.079999999999984,"[0.060000000000002274, 4.124000000000024]",1.9969999999999857
grid-2991217-m1,lol,grid,2026-09-06T10:27:50.085834+00:00,Hitpoint Masters - Summer 2026 (Regular Season: Regular Season),BRUTE,CITA Kaizen,1,False,0,0,0,0,0,0.0,session_end cash+inventory,,<none>,0,,,,0,,,0.0,82,314,3.0,12.0,86,33,8.0,[],
grid-2991217-m2,lol,grid,2026-09-06T11:13:20.072687+00:00,Hitpoint Masters - Summer 2026 (Regular Season: Regular Season),CITA Kaizen,BRUTE,2,True,0,0,0,0,0,0.0,session_end cash+inventory,,<none>,0,,,,0,,,0.0,82,339,4.0,12.0,92,32,8.0,[],
grid-2991218-m1,lol,grid,2026-09-06T12:07:35.437000+00:00,Hitpoint Masters - Summer 2026 (Regular Season: Regular Season),eSuba,UP2U Meavedron,1,False,0,0,0,0,0,0.0,session_end cash+inventory,,<none>,0,,9.9979,10.002,3,,,0.0,82,495,3.0,12.0,120,49,8.0,[],
grid-2991218-m2,lol,grid,2026-09-06T13:11:03.589901+00:00,Hitpoint Masters - Summer 2026 (Regular Season: Regular Season),eSuba,UP2U Meavedron,2,False,3,2,1,9.9978,9.4716,-0.5261999999999993,session_end cash+inventory,-0.052631578947368356,yes,0,454,10.0008,10.0016,3,36.26923603192702,36.266000000000005,17.54,76,424,4.0,15.0,123,63,1.4119999999999777,"[0.5489999999999782, 2.1539999999999964]",0.7420000000000186
grid-2994622-m1,lol,grid,2026-09-01T15:38:51.557018+00:00,TCL - Summer 2026 (Playoffs: Playoffs),Dark Passage,PCIFIC Esports,1,False,5,1,4,99.97058799999998,133.114396,33.143808000000035,session_end cash+inventory,0.33153559124809834,yes,0,208,100.0032,100.0032,2,1016.5260348474362,1049.167064,151.467568,78,390,4.0,13.0,110,49,14.44942100000003,"[10.664264000000003, 24.997059000000007]",3.146451999999954
grid-2994622-m2,lol,grid,2026-09-01T16:35:23.259860+00:00,TCL - Summer 2026 (Playoffs: Playoffs),PCIFIC Esports,Dark Passage,2,True,0,0,0,0,0,0.0,session_end cash+inventory,,<none>,0,,100.00174999999999,100.00380000000001,8,,,0.0,81,429,3.0,13.0,121,52,8.0,[],
grid-2996002-m1,dota,grid,2026-09-01T12:23:44.065246+00:00,<missing>,Inner Circle x Insanity,Team Lynx,1,True,2,1,1,35.175579,42.7125,7.5369209999999995,session_end cash+inventory,0.21426572679869746,no,0,522,199.9984,200.0014,6,85.325694,85.325694,83.75,19,729,4.0,10.0,156,53,320.932787,"[315.595634, 326.26994]",5.337153000000001
grid-2996002-m2,dota,grid,2026-09-01T13:52:13.571702+00:00,<missing>,Inner Circle x Insanity,Team Lynx,2,True,4,2,2,206.59879999999998,196.94319999999996,-3.0212,shared summary net fallback (includes rebate),-0.014623511850020426,yes,0,119,200.002,200.002,5,124.1380030971843,131.852172,446.78,-7,418,4.0,14.0,149,66,11.810317499999996,"[7.1565440000000535, 23.768250999999992]",4.4978739999999675
grid-2996003-m2,dota,grid,2026-09-01T16:36:42.840140+00:00,<missing>,Team Synapse,Level UP esports,2,True,3,1,2,11.860005,16.193598,4.3833,shared summary net fallback (includes rebate),0.3695866907307375,no,0,137,199.9998,199.9998,1,468.9617575258579,450.699428,18.817559000000003,65,525,4.0,13.0,146,57,12.299771999999962,"[11.492458, 651.084]",0.8073139999999626
grid-2996004-m1,dota,grid,2026-09-01T19:08:40.524675+00:00,<missing>,Zero Tenacity,Team Spirit Academy,1,True,4,1,3,200.00160000000002,214.378399,14.376798999999984,session_end cash+inventory,0.07188341993264045,yes,0,178,200.00160000000002,200.00160000000002,1,833.2568034103599,914.870834,294.113622,20,482,3.0,13.0,134,53,51.90530049999995,"[48.82159899999999, 61.318678999999975]",1.6482844999999884
grid-2996004-m2,dota,grid,2026-09-01T20:13:37.465923+00:00,<missing>,Zero Tenacity,Team Spirit Academy,2,True,8,3,5,399.99789999999996,418.851996,18.854096000000013,session_end cash+inventory,0.04713548746130921,yes,0,109,199.99984999999998,200.0007,8,141.44502450861984,163.208041,615.011392,68,222,5.0,15.0,92,43,87.183033,"[79.84151599999996, 99.64240899999999]",4.136624499999982
grid-2996004-m3,dota,grid,2026-09-01T21:03:24.557317+00:00,<missing>,Zero Tenacity,Team Spirit Academy,3,True,5,1,4,199.9985,286.937098,86.938598,session_end cash+inventory,0.43469625022187663,yes,0,200,199.9985,199.9985,3,1059.397632335394,1061.9680035000001,307.68463800000006,67,376,5.0,16.0,141,61,139.20142299999998,"[137.040929, 148.597853]",2.1604939999999715
grid-2996005-m3,dota,grid,2026-09-02T12:19:40.693681+00:00,<missing>,_PowerRangers,Inner Circle x Insanity,3,True,0,0,0,0,0,0.0,session_end cash+inventory,,<none>,0,,,,0,,,0.0,34,306,4.0,16.0,104,51,900.0,[],
grid-2996006-m1,dota,grid,2026-09-02T13:54:58.702930+00:00,<missing>,DYNASTY,PuckChamp,1,True,8,3,5,447.623,432.13239699999997,-15.490603000000023,session_end cash+inventory,-0.03460636070979378,yes,0,406,199.9999,200.0025,7,42.056984627330586,93.684,579.9590010000002,64,371,4.0,13.0,114,49,2.0764999999999816,"[-0.6140000000000327, 6.156999999999982]",1.5445000000000277
grid-2996006-m2,dota,grid,2026-09-02T14:55:02.288304+00:00,<missing>,PuckChamp,DYNASTY,2,False,3,1,2,85.26060000000001,87.36299799999999,2.1023979999999796,session_end cash+inventory,0.024658494075809684,yes,0,338,199.99980000000002,200.004,9,122.81775821593178,120.5395,105.256625,52,306,4.0,15.0,107,54,0.10899999999998045,"[-1.8840000000000146, 4.072999999999979]",1.992999999999995
grid-2996007-m1,dota,grid,2026-09-02T15:58:10.165147+00:00,<missing>,Team Synapse,4ikibamboni,1,True,4,2,2,5.523562,4.9175,-1.4686620000000001,session_end cash+inventory,-0.26589038015686256,no,0,223,199.99909999999997,200.0016,9,253.1876232509402,539.793,11.7,62,411,5.0,18.0,166,73,7.168999999999997,"[0.23799999999999955, 977.0]",5.484499999999997
grid-2996007-m2,dota,grid,2026-09-02T17:20:21.798981+00:00,<missing>,Team Synapse,4ikibamboni,2,True,4,2,2,80.085017,82.3353,2.250283000000003,session_end cash+inventory,0.028098676685053378,no,0,154,199.9998,200.00049999999996,5,51.59877072145607,105.961,124.72,72,194,5.0,19.0,84,52,11.626000000000005,"[-0.8940000000000055, 17.14500000000001]",4.472500000000011
grid-2996008-m1,dota,grid,2026-09-06T18:16:47.006800+00:00,<missing>,Team Lynx,Level UP esports,1,False,2,1,1,4.2722,4.168,-0.10419999999999963,session_end cash+inventory,-0.02439024390243894,no,0,111,199.99915,200.0,4,123.92999999999999,123.93,10.42,74,317,4.0,14.0,103,49,30.619,"[29.153999999999996, 32.084]",1.4650000000000034
grid-2996008-m2,dota,grid,2026-09-06T19:12:28.713641+00:00,<missing>,Team Lynx,Level UP esports,2,False,8,4,4,245.34369999999998,255.17969999999997,9.852049999999995,session_end cash+inventory,0.0401561156858725,"no,yes",0,85,199.99944999999997,200.002,8,28.64095947662113,45.393,519.7,65,639,5.0,14.0,237,99,3.447499999999991,"[-0.8249999999999886, 22.126000000000005]",3.2979999999999734
grid-2996008-m3,dota,grid,2026-09-06T20:36:00.562934+00:00,<missing>,Team Lynx,Level UP esports,3,False,4,2,2,247.36180000000002,272.72850000000005,25.366700000000023,session_end cash+inventory,0.10254897886415777,no,0,186,200.00159999999997,200.00240000000002,16,115.71048740597335,101.322,495.87,18,274,4.0,14.0,81,37,49.653999999999996,"[3.5889999999999986, 60.07499999999999]",5.4495000000000005
grid-2996009-m1,dota,grid,2026-09-03T09:17:27.109909+00:00,<missing>,Zero Tenacity,Klim Sani4,1,True,2,1,1,184.3818,181.70960000000002,-2.6721999999999753,session_end cash+inventory,-0.014492753623188272,no,0,425,200.00165,200.0034,8,126.038,126.038,267.22,58,461,4.0,14.0,153,59,2.0460000000000207,"[1.0650000000000546, 3.026999999999987]",0.9809999999999661
grid-2996009-m2,dota,grid,2026-09-03T10:26:04.223927+00:00,<missing>,Klim Sani4,Zero Tenacity,2,False,2,1,1,0.6784,0.6466000000000001,-0.6784,session_end cash+inventory,-1.0,no,0,372,199.9998,200.0007,13,152.93,152.93,1.06,22,832,3.0,12.0,214,84,272.53499999999997,"[10.069999999999993, 535.0]",262.46500000000003
grid-2996010-m1,dota,grid,2026-09-03T12:12:09.476796+00:00,<missing>,PuckChamp,Team Spirit Academy,1,True,6,3,3,451.170609,474.97319999999996,23.802590999999936,session_end cash+inventory,0.05275740601267742,no,0,167,199.99980000000002,200.0016,5,107.26302229302762,129.5645,565.23,61,286,6.0,16.0,124,56,48.132000000000005,"[43.190000000000055, 59.099000000000046]",3.033999999999992
grid-2996010-m2,dota,grid,2026-09-03T13:11:09.769983+00:00,<missing>,PuckChamp,Team Spirit Academy,2,True,0,0,0,0,0,0.0,session_end cash+inventory,,<none>,0,,,,0,,,0.0,60,520,5.0,20.0,196,109,900.0,[],
grid-2996011-m1,dota,grid,2026-09-03T15:16:07.568674+00:00,<missing>,Pipsqueak + 4,DYNASTY,1,True,2,1,1,6.6000000000000005,7.3,0.6999999999999993,session_end cash+inventory,0.10606060606060594,yes,0,197,199.9998,200.0,8,121.071,121.071,10.0,2,223,5.0,19.0,86,48,10.611499999999992,"[5.146999999999991, 16.075999999999993]",5.464500000000001
grid-2996011-m2,dota,grid,2026-09-03T16:09:12.365476+00:00,<missing>,DYNASTY,Pipsqueak + 4,2,False,0,0,0,0,0,0.0,session_end cash+inventory,,<none>,0,,,,0,,,0.0,,449,5.0,16.0,157,82,900.0,[],
grid-2996011-m3,dota,grid,2026-09-03T17:23:30.119498+00:00,<missing>,Pipsqueak + 4,DYNASTY,3,True,0,0,0,0,0,0.0,session_end cash+inventory,,<none>,0,,,,0,,,0.0,18,457,4.0,16.0,161,75,900.0,[],
grid-2996013-m1,dota,grid,2026-09-04T09:18:07.341998+00:00,<missing>,Zero Tenacity,Pipsqueak + 4,1,True,5,2,3,297.072833,317.8623,20.78946700000002,session_end cash+inventory,0.06998104400882736,no,0,181,199.9996,200.0007,9,61.28995234928511,93.102,390.97,16,373,4.0,16.0,129,63,0.1139999999999759,"[-0.7869999999999777, 8.11099999999999]",0.9009999999999536
grid-2996013-m2,dota,grid,2026-09-04T10:19:24.528193+00:00,<missing>,Pipsqueak + 4,Zero Tenacity,2,False,11,4,7,569.4557,624.474697,55.01899700000004,session_end cash+inventory,0.09661681672516412,no,0,121,200.0,200.00160000000002,4,178.55674320314486,165.01,874.0434180000001,-24,439,4.0,18.0,154,74,1.1340000000000146,"[-1.9279999999999973, 22.123999999999995]",2.9329999999999927
grid-2996014-m1,dota,grid,2026-09-04T12:16:44.106095+00:00,<missing>,Klim Sani4,Team Spirit Academy,1,False,4,2,2,400.00210000000004,364.6458,-35.356299999999976,session_end cash+inventory,-0.08839028595099868,no,0,333,199.99810000000002,200.004,8,70.1555161599,74.53399999999999,512.07,45,301,4.0,12.0,100,42,94.58600000000001,"[92.08100000000002, 98.12099999999998]",2.0095000000000027
grid-2996014-m2,dota,grid,2026-09-04T13:09:46.634937+00:00,<missing>,Klim Sani4,Team Spirit Academy,2,False,9,4,5,524.944748,537.3869,12.452121999999983,session_end cash+inventory,0.023720824043752472,no,0,105,199.9999,200.00160000000002,12,43.97218524640043,56.024,670.0799999999999,55,542,4.0,13.0,159,70,189.079,"[184.2, 191.07600000000002]",1.997000000000014
grid-2996015-m1,dota,grid,2026-09-04T16:02:01.398181+00:00,<missing>,_PowerRangers,Team Synapse,1,True,0,0,0,0,0,,unknown,,<none>,0,,,,0,,,0.0,,0,,,0,0,900.0,[],
grid-2996015-m2,dota,grid,2026-09-04T16:26:02.839488+00:00,<missing>,Team Synapse,_PowerRangers,2,False,6,1,5,200.0014,137.93200000000002,-62.06939999999998,session_end cash+inventory,-0.3103448275862068,no,0,425,200.0024,200.0034,2,108.71112797610415,110.951,344.83,13,287,5.0,17.0,119,62,2.311999999999955,"[0.09100000000000819, 14.265999999999963]",1.2454999999999359
grid-2996016-m1,dota,grid,2026-09-04T18:19:40.868642+00:00,<missing>,Inner Circle x Insanity,Level UP esports,1,True,2,1,1,8.471,7.092,-1.3790000000000004,session_end cash+inventory,-0.16279069767441864,yes,0,182,199.9999,200.0016,4,425.118,425.118,19.7,17,930,3.0,8.0,151,48,53.61599999999997,"[45.05699999999999, 62.174999999999955]",8.558999999999983
grid-2996016-m2,dota,grid,2026-09-04T19:40:43.906174+00:00,<missing>,Inner Circle x Insanity,Level UP esports,2,True,3,1,2,199.99980000000002,215.9575,15.957699999999988,session_end cash+inventory,0.07978857978857973,no,0,109,200.0018,200.00240000000002,8,17.73570121770122,20.492,370.37,32,728,3.0,11.0,204,66,0.07500000000000284,"[-0.894999999999996, 8.119]",0.9699999999999989
grid-2996017-m1,dota,grid,2026-09-05T09:17:05.999192+00:00,<missing>,Team Lynx,_PowerRangers,1,True,18,7,11,535.365928,565.173299,29.80737099999999,session_end cash+inventory,0.05567663058303551,yes,0,140,200.00014999999996,200.002,12,29.34555033997278,25.03,1125.9673449999998,17,342,5.0,19.0,137,73,1.816500000000019,"[-0.8179999999999836, 28.339999999999975]",2.0145000000000124
grid-2996017-m2,dota,grid,2026-09-05T10:32:36.475999+00:00,<missing>,_PowerRangers,Team Lynx,2,False,5,2,3,287.50679199999996,260.143199,-27.363592999999952,session_end cash+inventory,-0.09517546632428758,no,0,355,199.99980000000002,200.0016,13,36.57623344283642,38.49550000000001,607.829472,58,480,3.0,9.0,113,33,6.398000000000025,"[0.2039999999999509, 14.064000000000021]",2.2410000000000423
grid-2996018-m1,dota,grid,2026-09-05T12:24:30.715646+00:00,<missing>,Pipsqueak + 4,PuckChamp,1,True,4,1,3,196.56,191.88,-4.680000000000007,session_end cash+inventory,-0.023809523809523843,yes,0,352,200.004,200.004,1,104.22770615384616,104.237,234.0,76,406,5.0,14.0,174,72,1.38900000000001,"[1.1510000000000105, 2.0679999999999836]",0.16100000000000136
grid-2996018-m2,dota,grid,2026-09-05T13:32:03.636553+00:00,<missing>,PuckChamp,Pipsqueak + 4,2,False,0,0,0,0,0,0.0,session_end cash+inventory,,<none>,0,,199.9988,200.0008,9,,,0.0,75,269,4.0,12.0,89,36,900.0,[],
grid-2996020-m1,dota,grid,2026-09-05T18:19:56.915832+00:00,<missing>,DYNASTY,Team Spirit Academy,1,True,10,4,6,313.718083,336.408098,22.690014999999995,session_end cash+inventory,0.07232613046408293,no,0,145,199.9988,200.0016,7,96.21148845457616,215.951,666.8440770000001,61,522,5.0,17.0,190,103,11.190500000000014,"[8.153999999999996, 122.18200000000002]",2.0325000000000273
grid-2996020-m2,dota,grid,2026-09-05T19:46:11.211969+00:00,<missing>,DYNASTY,Team Spirit Academy,2,True,0,0,0,0,0,0.0,session_end cash+inventory,,<none>,0,,,,0,,,0.0,2128,346,6.0,2226.0,2,1,900.0,[],
grid-2996020-m3,dota,grid,2026-09-05T21:01:58.135964+00:00,<missing>,DYNASTY,Team Spirit Academy,3,True,8,3,5,501.513281,459.83729900000003,,unknown,,no,0,105,200.00159999999997,200.00160000000002,4,107.41172938178694,182.904,896.473845,23,504,4.0,10.0,137,37,105.7035,"[101.12400000000002, 108.44000000000005]",1.4425000000000097
grid-2996021-m1,dota,grid,2026-09-06T09:17:28.254895+00:00,<missing>,Pipsqueak + 4,Klim Sani4,1,False,9,1,8,151.89574400000004,131.265798,-20.629946000000054,session_end cash+inventory,-0.13581648475944164,yes,0,221,199.9995,200.002,4,173.53949738811028,83.007,286.595371,51,438,5.0,14.0,151,74,18.166999999999973,"[-1.884999999999991, 60.40899999999999]",14.133999999999958
grid-2996021-m2,dota,grid,2026-09-06T10:29:50.765681+00:00,<missing>,Klim Sani4,Pipsqueak + 4,2,True,4,2,2,19.438065,18.3577,-1.0803650000000022,session_end cash+inventory,-0.05557986353065504,no,0,113,200.00080000000003,200.00240000000002,9,65.21464990019278,67.115,36.31,73,396,4.0,15.0,132,58,2.6920000000000073,"[0.15500000000000114, 8.209000000000003]",2.4795000000000016
grid-2996021-m3,dota,grid,2026-09-06T11:29:05.034278+00:00,<missing>,Klim Sani4,Pipsqueak + 4,3,True,4,2,2,78.45162,80.772,2.32038,session_end cash+inventory,0.029577209495482693,yes,0,174,200.00080000000003,200.002,8,110.04488484444974,186.238,189.45,37,312,5.0,16.0,122,55,55.2945,"[48.17399999999998, 65.17500000000001]",5.501000000000005
grid-2996023-m1,dota,grid,2026-09-06T12:51:08.673541+00:00,<missing>,DYNASTY,Zero Tenacity,1,True,6,2,4,235.553755,252.992898,17.451552030000006,session_end cash+inventory,0.07408734379971997,no,0,257,199.999,200.00159999999997,12,26.685873965285815,121.0395,394.522956,65,337,6.0,18.0,150,76,4.1910000000000025,"[-0.7810000000000059, 13.156000000000006]",4.521000000000015
grid-2996023-m2,dota,grid,2026-09-06T14:01:44.926379+00:00,<missing>,Zero Tenacity,DYNASTY,2,False,8,2,6,399.99969999999996,363.092098,-36.907602,session_end cash+inventory,-0.09226907420180565,"no,yes",0,120,200.00160000000002,200.0034,7,88.39291360005572,79.98750000000001,786.3061319999999,93,261,4.5,16.0,91,45,5.14500000000001,"[1.1310000000000002, 15.177999999999997]",2.521500000000003
grid-2996026-m1,dota,grid,2026-09-07T09:16:27.274863+00:00,<missing>,_PowerRangers,Natus Vincere,1,False,6,2,4,114.771123,117.190995,2.4298333049999914,session_end cash+inventory,0.021171120761796426,yes,0,199,199.99710000000002,200.004,9,215.2188428157839,286.111,135.849887,65,395,5.0,17.0,160,81,6.072000000000003,"[4.106999999999999, 28.089999999999975]",1.924500000000009
grid-2996026-m2,dota,grid,2026-09-07T10:24:17.628724+00:00,<missing>,_PowerRangers,Natus Vincere,2,False,0,0,0,0,0,0.0,session_end cash+inventory,,<none>,0,,199.998,200.0,7,,,0.0,53,441,4.0,13.0,128,62,900.0,[],
grid-2996027-m1,dota,grid,2026-09-07T12:14:04.600892+00:00,<missing>,Klim Sani4,HULIGANI,1,False,2,1,1,10.001100000000001,10.812000000000001,0.8109000000000002,session_end cash+inventory,0.08108108108108109,yes,0,179,10.0008,10.001100000000001,12,632.921,632.921,27.03,80,329,6.0,16.0,152,65,13.039500000000004,"[7.079000000000008, 19.0]",5.960499999999996
grid-2996027-m2,dota,grid,2026-09-07T13:17:41.746316+00:00,<missing>,HULIGANI,Klim Sani4,2,True,4,3,1,23.746393,18.2869,-5.459493000000002,session_end cash+inventory,-0.22990830649522231,yes,0,240,10.0,10.0016,12,602.852,602.852,58.99,51,517,4.0,14.0,162,70,-0.8520000000000039,"[-0.8520000000000039, 42.0]",0.0
grid-2996028-m2,dota,grid,2026-09-07T17:02:27.644809+00:00,<missing>,Team Synapse,MOUZ,2,False,4,2,2,20.0009,22.6157,2.6148000000000007,session_end cash+inventory,0.1307341169647366,yes,0,128,10.0008,10.0031,51,93.95237773972602,94.4685,29.200000000000003,60,449,4.0,12.0,110,47,5.117500000000007,"[0.08800000000002228, 16.084000000000003]",2.5154999999999887
grid-2996028-m3,dota,grid,2026-09-07T18:06:38.245798+00:00,<missing>,Team Synapse,MOUZ,3,False,9,5,4,211.5965,238.0288,26.432299999999998,session_end cash+inventory,0.12491841783772416,yes,0,177,69.99889999999999,70.0,35,396.1743231574366,441.9995,284.674272,-33,516,6.0,18.0,212,111,57.15699999999998,"[53.096000000000004, 70.055]",4.060999999999979
grid-2996029-m1,dota,grid,2026-09-07T19:34:09.403421+00:00,<missing>,GamerLegion,Pipsqueak + 4,1,True,7,4,3,144.55100000000002,149.8344,5.283399999999986,session_end cash+inventory,0.036550421650490036,yes,0,120,69.9996,70.00160000000001,45,114.60610100692074,90.0035,212.56986,42,411,5.0,18.0,163,80,189.05200000000002,"[184.11599999999999, 194.07100000000003]",3.9460000000000264
grid-2996030-m1,dota,grid,2026-09-08T09:17:15.630816+00:00,<missing>,_PowerRangers,HULIGANI,1,True,7,2,5,139.9981,131.7118,-8.286299999999994,session_end cash+inventory,-0.05918866041753419,no,0,287,70.0005,70.00160000000001,46,64.87593712676744,82.949,201.52230899999998,63,502,4.5,17.0,181,92,97.18400000000003,"[96.11300000000006, 104.03300000000002]",1.0709999999999695
grid-2996030-m2,dota,grid,2026-09-08T10:40:24.070317+00:00,<missing>,HULIGANI,_PowerRangers,2,False,3,1,2,70.0,66.99510000000001,-3.004899999999992,session_end cash+inventory,-0.04292714285714275,no,0,113,70.0,70.00160000000001,65,349.8911382856528,349.03700000000003,99.992687,61,354,5.0,17.0,126,64,68.09799999999996,"[66.05699999999999, 74.09000000000003]",2.0409999999999684
grid-2996031-m1,dota,grid,2026-09-08T12:51:27.383225+00:00,<missing>,Pipsqueak + 4,Team Synapse,1,False,7,2,5,139.9985,152.822,12.82350000000001,session_end cash+inventory,0.09159740997224977,no,0,176,70.0002,70.00240000000001,33,258.2886887674328,240.89100000000002,252.263125,20,370,5.0,17.0,151,77,120.19099999999997,"[118.09000000000003, 128.176]",2.1009999999999422
grid-2996031-m2,dota,grid,2026-09-08T14:06:12.326393+00:00,<missing>,Team Synapse,Pipsqueak + 4,2,True,12,7,5,319.350855,345.2948,25.943945,session_end cash+inventory,0.08123962905939298,yes,0,186,70.0,70.00240000000001,60,53.802091100535534,68.931,606.178182,40,546,5.0,15.0,197,93,5.075500000000005,"[0.08699999999998909, 8.048999999999978]",1.1085000000000207
grid-2996031-m3,dota,grid,2026-09-08T15:34:24.199549+00:00,<missing>,Team Synapse,Pipsqueak + 4,3,True,4,3,1,185.876778,201.4532,15.576422000000008,session_end cash+inventory,0.08379972026414191,no,0,120,69.99965,70.00160000000001,16,108.86799999999998,108.868,265.07,66,600,3.0,11.0,166,54,1.2219999999999942,"[1.2219999999999942, 3.0900000000000034]",0.0
grid-2996032-m1,dota,grid,2026-09-08T16:49:17.583786+00:00,<missing>,Klim Sani4,Natus Vincere,1,False,15,8,7,379.28450000000004,433.9787,54.6942,session_end cash+inventory,0.14420362551066546,yes,0,184,69.99955,70.00240000000001,48,610.7347864378635,1407.098,645.6965230000001,49,348,5.0,17.0,138,70,21.30000000000001,"[15.927999999999997, 1194.249]",3.136000000000024
grid-2996032-m2,dota,grid,2026-09-08T18:15:41.346975+00:00,<missing>,Klim Sani4,Natus Vincere,2,False,8,4,4,174.440125,173.4666,-0.9735250000000001,session_end cash+inventory,-0.0055808547488715695,yes,0,135,70.00025,70.00160000000001,26,61.34657393321671,62.285,242.95,78,563,4.0,13.0,187,76,11.089500000000001,"[-4.0, 22.24600000000001]",6.077500000000001
grid-2996033-m1,dota,grid,2026-09-08T20:46:55.836816+00:00,<missing>,MOUZ,GamerLegion,1,True,5,3,2,90.1428,98.4198,8.277000000000001,session_end cash+inventory,0.09182097738255303,no,0,134,69.9989,70.002,42,103.00056609381056,237.239,154.78,61,401,6.0,20.0,176,96,69.167,"[66.75799999999998, 75.34300000000002]",0.8920000000000243
grid-2996033-m2,dota,grid,2026-09-08T22:49:37.122758+00:00,<missing>,GamerLegion,MOUZ,2,False,0,0,0,0,0,0.0,session_end cash+inventory,,<none>,0,,,,0,,,0.0,2510,169,6.0,25.0,76,44,900.0,[],
grid-2996033-m3,dota,grid,2026-09-08T23:41:09.357835+00:00,<missing>,MOUZ,GamerLegion,3,True,28,14,14,580.198811,507.2922,-72.90661099999991,session_end cash+inventory,-0.12565798070896067,yes,0,184,99.9999,100.00080000000001,27,170.80134309859932,183.998,1501.800089,-19,605,3.0,10.0,140,44,60.054,"[56.01999999999998, 78.19100000000003]",2.0579999999999643
grid-2996035-m1,dota,grid,2026-09-09T12:16:50.798677+00:00,<missing>,MOUZ,HULIGANI,1,True,25,18,7,365.34567000000004,368.83619999999996,3.490529999999975,session_end cash+inventory,0.009554047814498456,yes,0,111,100.00080000000001,100.00120000000001,19,28.29697547456361,61.9845,711.671088,67,261,5.0,19.0,103,53,1.1749999999999972,"[-1.9549999999999983, 8.12700000000001]",1.9549999999999983
grid-2996035-m2,dota,grid,2026-09-09T13:17:05.679085+00:00,<missing>,HULIGANI,MOUZ,2,False,23,10,13,470.3041,586.3494,116.04529999999997,session_end cash+inventory,0.2467452441941288,yes,0,280,99.9998,100.0025,52,303.9858932386506,234.997,728.3427609999999,53,344,3.0,9.0,77,25,5.124000000000024,"[2.1100000000000136, 21.134000000000015]",2.8170000000000073
grid-2996035-m3,dota,grid,2026-09-09T14:05:58.637843+00:00,<missing>,MOUZ,HULIGANI,3,True,13,9,4,443.364827,465.6178,22.252973000000033,session_end cash+inventory,0.05019111044638648,"no,yes",0,93,100.0002,100.002,54,37.285167542391164,33.096,904.753334,41,1053,3.0,9.0,249,69,74.13300000000001,"[70.15899999999999, 84.17399999999998]",3.0349999999999966
grid-2996036-m1,dota,grid,2026-09-09T17:37:34.534591+00:00,<missing>,Team Synapse,Klim Sani4,1,False,12,8,4,364.806041,373.36099999999993,8.554958999999982,session_end cash+inventory,0.0234507054119753,no,0,436,99.9994,100.0019,22,31.105180943604793,34.987,771.7499999999998,55,543,3.0,10.0,138,43,120.04050000000001,"[110.0, 136.034]",1.9984999999999786
grid-2996036-m2,dota,grid,2026-09-09T18:47:41.471757+00:00,<missing>,Team Synapse,Klim Sani4,2,False,6,1,5,100.00200000000001,99.99499999999999,-0.00700000000001566,session_end cash+inventory,-6.999860002815603e-05,yes,0,239,100.00125,100.0032,8,12.624209073187195,13.001,142.850001,97,573,3.0,10.0,147,43,60.047000000000025,"[59.06400000000002, 62.03399999999999]",0.016999999999995907
grid-2996036-m3,dota,grid,2026-09-09T19:52:32.699025+00:00,<missing>,Team Synapse,Klim Sani4,3,False,13,6,7,400.006767,457.09749999999997,57.090732999999986,session_end cash+inventory,0.14272441795965912,yes,0,132,100.00200000000001,100.00349999999999,46,274.22583831903836,330.997,561.7642119999999,50,536,4.0,12.0,157,59,5.043999999999983,"[2.0330000000000155, 16.050999999999988]",2.9750000000000227
grid-2996037-m1,dota,grid,2026-09-09T21:02:34.027686+00:00,EPL Masters II (Playoffs),MOUZ,Klim Sani4,1,True,6,2,4,200.00080000000003,205.4816,5.4807999999999595,session_end cash+inventory,0.027403890384438256,yes,0,53,100.0,100.0019,19,133.73544906572963,29.052,396.070197,49,359,4.0,15.0,116,54,76.0365,"[63.03800000000001, 85.088]",9.013000000000005
grid-2996037-m2,dota,grid,2026-09-09T22:18:37.776029+00:00,<missing>,MOUZ,Klim Sani4,2,True,17,9,8,416.30453900000003,404.04729999999995,-12.25723900000012,session_end cash+inventory,-0.029442962667289387,yes,0,160,99.99990000000001,100.002,35,93.62115997030007,92.965,908.040911,47,454,4.0,19.0,156,85,232.07999999999998,"[231.031, 250.084]",1.0459999999999923
grid-2996037-m3,dota,grid,2026-09-09T23:35:35.722109+00:00,<missing>,MOUZ,Klim Sani4,3,True,11,7,4,393.926803,377.91239999999993,-16.014403000000055,session_end cash+inventory,-0.04065324542031747,yes,0,222,100.0,100.001,34,226.82322716259443,231.974,713.0418870000001,64,731,5.0,17.0,286,142,83.03500000000003,"[66.0, 88.04700000000003]",5.0120000000000005
grid-2996948-m1,lol,grid,2026-09-01T16:08:25.604527+00:00,La Ligue Française - Summer 2026 (Playoffs: Playoffs),Karmine Corp Blue,TLN Pirates,1,False,8,5,3,34.479396,27.2086,-7.270796000000001,session_end cash+inventory,-0.21087364755461493,"no,yes",0,101,100.0017,100.00200000000001,3,240.39473846371146,258.50292,69.03,80,426,3.0,14.0,120,55,257.603299,"[256.15482699999995, 258.06037000000003]",0.30632749999998055
grid-2996948-m2,lol,grid,2026-09-01T17:08:52.349324+00:00,La Ligue Française - Summer 2026 (Playoffs: Playoffs),Karmine Corp Blue,TLN Pirates,2,False,14,3,11,124.4268,115.48369799999999,-8.943101999999993,session_end cash+inventory,-0.07187440326360553,"no,yes",0,233,100.001,100.002,10,65.77043748976077,59.435142,270.957671,83,528,3.0,10.0,101,38,11.377136000000007,"[8.493950999999981, 17.19307500000002]",1.7930959999999914
grid-2996948-m3,lol,grid,2026-09-01T18:02:45.733213+00:00,La Ligue Française - Summer 2026 (Playoffs: Playoffs),Karmine Corp Blue,TLN Pirates,3,False,15,3,12,299.9971,271.950996,-28.04610400000002,session_end cash+inventory,-0.0934879170498649,"no,yes",0,190,99.99950000000001,100.0008,6,158.1295485136666,59.438505,640.383593,94,370,4.0,14.0,105,48,11.757210999999984,"[8.57187799999997, 21.865683999999987]",2.476951999999983
grid-2996948-m4,lol,grid,2026-09-01T18:57:58.381831+00:00,La Ligue Française - Summer 2026 (Playoffs: Playoffs),TLN Pirates,Karmine Corp Blue,4,True,13,3,10,211.05020000000002,215.063699,4.013499000000012,session_end cash+inventory,0.019016797899267624,"no,yes",0,131,100.001,100.00359999999999,7,64.63231311337417,94.9800515,430.778094,87,364,4.0,13.0,102,51,13.639340000000004,"[8.69524100000001, 23.37742400000002]",2.3571090000000083
grid-2996948-m5,lol,grid,2026-09-01T19:50:12.407008+00:00,La Ligue Française - Summer 2026 (Playoffs: Playoffs),Karmine Corp Blue,TLN Pirates,5,False,15,2,13,200.0014,161.679191,-38.32220899999999,session_end cash+inventory,-0.1916097037320738,"no,yes",0,128,100.0007,100.002,2,190.37848946166028,198.783657,384.05333399999995,76,383,4.0,14.0,113,54,16.795695999999992,"[8.38270799999998, 25.744080999999994]",3.0727179999999805
grid-2996949-m1,lol,grid,2026-09-02T16:08:53.491087+00:00,La Ligue Française - Summer 2026 (Playoffs: Playoffs),TLN Pirates,Galions,1,False,0,0,0,0,0,0.0,session_end cash+inventory,,<none>,0,,,,0,,,0.0,80,393,3.0,13.0,100,42,8.0,[],
grid-2996949-m2,lol,grid,2026-09-02T17:00:32.419370+00:00,La Ligue Française - Summer 2026 (Playoffs: Playoffs),Galions,TLN Pirates,2,True,8,4,4,238.366771,196.917299,-41.449471999999986,session_end cash+inventory,-0.17388947220332143,yes,0,129,100.00299999999999,100.00380000000001,8,162.02741361269128,177.042,326.20515000000006,79,592,3.0,12.0,124,57,1.680499999999995,"[0.06999999999999318, 17.105000000000018]",1.1239999999999952
grid-2996949-m4,lol,grid,2026-09-02T18:50:19.795537+00:00,La Ligue Française - Summer 2026 (Playoffs: Playoffs),TLN Pirates,Galions,4,False,7,3,4,48.151447,47.524100000000004,-0.6273469999999968,session_end cash+inventory,-0.01302862196436167,yes,0,165,30.0024,30.0025,7,61.005121713852375,55.06,79.12,81,462,2.0,9.0,73,27,737.105,"[736.148, 749.079]",0.9569999999999936
grid-2998724-m1,lol,grid,2026-09-02T13:17:08.983373+00:00,Hellenic Legends League - Summer 2026 (Playoffs: Playoffs),Team Phantasma,WLGaming,1,False,5,2,3,200.9017,198.39639800000003,-3.885301999999985,session_end cash+inventory,-0.019339318681723377,no,0,178,199.99984999999998,200.0017,16,132.65894275362731,146.9,300.50969499999997,78,294,4.0,16.0,94,42,627.03,"[338.12800000000004, 746.0]",89.89999999999998
grid-2998724-m3,lol,grid,2026-09-02T15:20:48.918380+00:00,Hellenic Legends League - Summer 2026 (Playoffs: Playoffs),WLGaming,Team Phantasma,3,True,8,3,5,400.59700000000004,363.48289800000003,-37.69910200000001,session_end cash+inventory,-0.09410729985496648,no,0,199,200.0016,200.0025,12,151.19104301666758,141.973,530.594704,50,509,3.0,8.0,94,27,133.58050000000003,"[130.149, 619.0]",2.9555000000000007
grid-2998724-m4,lol,grid,2026-09-02T16:12:52.667206+00:00,Hellenic Legends League - Summer 2026 (Playoffs: Playoffs),Team Phantasma,WLGaming,4,False,0,0,0,0,0,0.0,session_end cash+inventory,,<none>,0,,,,0,,,0.0,82,455,3.0,11.0,101,44,8.0,[],
grid-2999024-m1,lol,grid,2026-09-10T18:16:29.661881+00:00,Liga Portuguesa - Summer 2026 (Playoffs: Playoffs),Bubliki,Dominion Goblins,1,True,12,10,2,42.244218000000004,45.165,2.9207819999999955,session_end cash+inventory,0.06914039691775085,no,0,188,30.0,30.0024,40,17.18525309696694,16.982,55.06,83,350,3.0,12.0,92,38,4.587500000000006,"[1.1370000000000005, 14.044000000000011]",1.5100000000000193
grid-2999024-m2,lol,grid,2026-09-10T19:06:30.531222+00:00,Liga Portuguesa - Summer 2026 (Playoffs: Playoffs),Dominion Goblins,Bubliki,2,False,4,1,3,9.9968,10.5588,0.562,session_end cash+inventory,0.05621798975672215,yes,0,181,9.99615,10.001800000000001,24,140.3874662092884,140.757,11.353549000000001,20,527,3.0,7.0,74,10,3.0649999999999977,"[2.0330000000000155, 4.2760000000000105]",0.5339999999999918
grid-2999024-m3,lol,grid,2026-09-10T19:52:49.935877+00:00,Liga Portuguesa - Summer 2026 (Playoffs: Playoffs),Bubliki,Dominion Goblins,3,True,7,4,3,22.6436,21.707,-0.9366000000000021,session_end cash+inventory,-0.041362680845802,"no,yes",0,296,9.999,10.0031,37,88.61519451041788,30.998,46.484194,74,531,3.0,12.0,129,57,396.04100000000005,"[394.039, 400.03200000000004]",2.0020000000000664
grid-2999024-m4,lol,grid,2026-09-10T21:01:24.830624+00:00,Liga Portuguesa - Summer 2026 (Playoffs: Playoffs),Dominion Goblins,Bubliki,4,False,5,3,2,26.316200000000002,26.714100000000002,0.3978999999999982,session_end cash+inventory,0.015119964128559525,yes,0,462,10.0008,10.0035,41,15.94614008489994,16.9985,32.98,79,325,3.0,11.0,85,27,10.033999999999992,"[-13.0, 13.033000000000015]",2.9990000000000236
grid-2999024-m5,lol,grid,2026-09-10T21:47:08.568499+00:00,Liga Portuguesa - Summer 2026 (Playoffs: Playoffs),Bubliki,Dominion Goblins,5,True,6,3,3,29.9996,30.0667,0.06709999999999951,session_end cash+inventory,0.0022366964892865074,yes,0,203,10.0015,10.004,30,144.39156367789838,123.996,35.019999999999996,87,326,3.0,13.0,75,33,4.518000000000001,"[2.0439999999999827, 25.04000000000002]",2.474000000000018
grid-3000371-m1,lol,grid,2026-09-13T20:13:32.720558+00:00,LCS - Split 3 2026 (Playoffs: Playoffs),FlyQuest,Sentinels,1,False,7,4,3,119.9838,112.2824,-7.7014,session_end cash+inventory,-0.06418699857814138,no,0,184,29.998800000000003,30.0,36,97.7496277467096,136.996,177.03,80,363,3.0,16.0,120,56,124.03599999999994,"[119.03300000000002, 130.05]",1.0020000000000664
grid-3000371-m2,lol,grid,2026-09-13T21:07:01.691755+00:00,LCS - Split 3 2026 (Playoffs: Playoffs),FlyQuest,Sentinels,2,False,13,8,5,149.985838,162.7877,12.80186200000001,session_end cash+inventory,0.08535380520392873,no,0,182,29.997799999999998,30.0,37,22.66248040697207,23.742,318.70000000000005,79,548,4.0,9.0,137,22,4.053999999999974,"[1.3549999999999898, 25.09700000000001]",2.698999999999984
grid-3000371-m3,lol,grid,2026-09-13T22:00:16.361598+00:00,LCS - Split 3 2026 (Playoffs: Playoffs),FlyQuest,Sentinels,3,False,9,5,4,119.989309,105.815,-14.174309000000015,session_end cash+inventory,-0.11812976604440663,"no,yes",0,172,29.998,30.0,23,20.20120291498235,18.96,231.16517299999998,84,387,3.5,14.0,105,46,2.0689999999999884,"[1.0389999999999873, 16.797000000000025]",1.0300000000000011
grid-3000372-m1,lol,grid,2026-09-19T20:09:48.301589+00:00,LCS - Split 3 2026 (Playoffs: Playoffs),LYON,Cloud9,1,True,0,0,0,0,0,0.0,session_end cash+inventory,,<none>,0,,4.9968,4.9984,6,,,0.0,78,442,4.0,15.0,147,71,8.0,[],
grid-3000372-m2,lol,grid,2026-09-19T21:09:10.794147+00:00,LCS - Split 3 2026 (Playoffs: Playoffs),Cloud9,LYON,2,False,4,3,1,14.993500000000001,15.998399999999998,1.0048999999999975,session_end cash+inventory,0.0670223763630905,no,0,187,4.9984,4.9995,3,36.978,36.978,33.33,80,486,4.0,14.0,151,65,9.054000000000002,"[9.054000000000002, 26.03200000000001]",0.0
grid-3000372-m3,lol,grid,2026-09-19T22:09:56.673651+00:00,LCS - Split 3 2026 (Playoffs: Playoffs),LYON,Cloud9,3,True,3,1,2,4.9972,4.5942,-0.40300000000000047,session_end cash+inventory,-0.08064516129032268,yes,0,458,4.9973,4.999599999999999,19,260.60690818858563,259.4825,8.059999999999999,78,552,4.0,11.0,167,58,7.022000000000048,"[4.030999999999949, 12.043999999999983]",2.991000000000099
grid-3000372-m4,lol,grid,2026-09-19T23:14:59.329258+00:00,LCS - Split 3 2026 (Playoffs: Playoffs),Cloud9,LYON,4,False,2,1,1,4.998,4.1160000000000005,-0.8819999999999997,session_end cash+inventory,-0.17647058823529405,yes,0,401,4.998,4.998200000000001,7,100.02799999999999,100.028,7.35,83,314,3.0,12.0,88,27,1.546999999999997,"[-0.9390000000000214, 4.0330000000000155]",2.4860000000000184
grid-3000375-m1,lol,grid,2026-09-18T20:11:19.598040+00:00,LCS - Split 3 2026 (Playoffs: Playoffs),Shopify Rebellion,Sentinels,1,True,4,3,1,14.991399999999999,19.0463,4.054899999999998,session_end cash+inventory,0.2704817428659097,no,0,396,4.997999999999999,4.9984,11,355.1424099378882,349.973,20.93,78,300,4.0,13.0,97,37,9.54249999999999,"[8.026999999999987, 11.055999999999983]",1.5134999999999934
grid-3000375-m2,lol,grid,2026-09-18T20:56:41.302884+00:00,LCS - Split 3 2026 (Playoffs: Playoffs),Sentinels,Shopify Rebellion,2,False,6,3,3,14.9863,16.0029,1.0166000000000013,session_end cash+inventory,0.06783528956446896,no,0,163,4.9959,4.998,30,138.52782690622263,123.023,22.82,88,361,3.0,15.0,101,52,3.089000000000027,"[0.03499999999996817, 17.153999999999996]",3.0425000000000466
grid-3000375-m3,lol,grid,2026-09-18T21:44:30.359626+00:00,LCS - Split 3 2026 (Playoffs: Playoffs),Sentinels,Shopify Rebellion,3,False,0,0,0,0,0,0.0,session_end cash+inventory,,<none>,0,,4.998200000000001,4.998500000000001,3,,,0.0,87,432,2.5,13.0,95,46,8.0,[],
grid-3000375-m4,lol,grid,2026-09-18T22:30:51.915800+00:00,LCS - Split 3 2026 (Playoffs: Playoffs),Shopify Rebellion,Sentinels,4,True,4,3,1,14.9879,17.621000000000002,2.6331000000000024,session_end cash+inventory,0.17568171658471182,no,0,332,4.998200000000001,4.999599999999999,9,137.67332243346007,138.023,26.299999999999997,69,742,2.0,5.0,53,17,68.5515,"[68.036, 81.05899999999997]",0.515500000000003
grid-3000375-m5,lol,grid,2026-09-18T23:20:46.807661+00:00,LCS - Split 3 2026 (Playoffs: Playoffs),Shopify Rebellion,Sentinels,5,True,2,1,1,4.998200000000001,4.849,-0.14920000000000044,session_end cash+inventory,-0.029850746268656803,no,0,429,4.998200000000001,4.998500000000001,31,282.003,282.003,7.46,83,338,5.0,15.0,128,59,15.535500000000013,"[8.033999999999992, 23.037000000000035]",7.501500000000021
grid-3002520-m1,dota,grid,2026-09-02T06:54:26.589531+00:00,<missing>,Yangon Galacticos,InterActive Philippines,1,True,0,0,0,0,0,0.0,session_end cash+inventory,,<none>,0,,199.99909999999997,200.0016,25,,,0.0,16,641,5.0,18.0,234,117,300.0,[],
grid-3002520-m2,dota,grid,2026-09-02T08:25:49.222535+00:00,<missing>,InterActive Philippines,Yangon Galacticos,2,False,7,1,6,152.39,164.26039600000001,11.870396000000035,session_end cash+inventory,0.0778948487433561,no,0,250,199.9984,199.9984,4,262.21140826872784,208.1725,310.993839,58,419,5.0,15.0,147,72,16.583999999999946,"[13.036000000000001, 26.420999999999992]",3.4279999999999404
grid-3002523-m1,dota,grid,2026-09-03T06:31:18.386962+00:00,<missing>,Yangon Galacticos,Team Nemesis,1,False,0,0,0,0,0,0.0,session_end cash+inventory,,<none>,0,,199.9982,200.0,2,,,0.0,80,491,5.0,12.0,169,66,300.0,[],
grid-3002523-m2,dota,grid,2026-09-03T07:36:23.468557+00:00,<missing>,Yangon Galacticos,Team Nemesis,2,False,3,1,2,162.66400000000002,173.47819799999996,10.814197999999962,session_end cash+inventory,0.06648181527566002,yes,0,112,200.0,200.0,1,237.2545296071616,336.935,203.323138,64,596,3.0,11.0,161,64,104.029,"[95.12, 187.08100000000002]",8.908999999999992
grid-3002523-m3,dota,grid,2026-09-03T09:03:19.807466+00:00,<missing>,Yangon Galacticos,Team Nemesis,3,False,8,3,5,399.9996,376.6459,,unknown,,yes,0,141,199.9998,200.0017,13,60.09166455349897,61.005,530.01,38,102,5.0,13.0,43,18,1.137500000000017,"[0.025000000000005684, 2.1539999999999964]",0.0665000000000191
grid-3002533-m1,dota,grid,2026-09-06T09:14:37.564041+00:00,<missing>,Team Nemesis,D Family,1,True,0,0,0,0,0,0.0,session_end cash+inventory,,<none>,0,,199.99720000000002,199.9976,4,,,0.0,59,199,5.0,14.0,74,34,300.0,[],
grid-3002533-m2,dota,grid,2026-09-06T09:58:36.335892+00:00,<missing>,D Family,Team Nemesis,2,False,9,2,7,200.814228,110.813288,9.036541399999962,session_end cash+inventory,0.04499950770420491,yes,0,109,199.9988,200.0038,7,105.65448181170822,45.425,114.05620300000001,5,368,4.0,12.0,100,37,17.15299999999999,"[-0.8290000000000077, 19.056999999999988]",1.9039999999999964
grid-3002542-m1,dota,grid,2026-09-12T06:33:20.816776+00:00,<missing>,Team Kinetix,D family,1,False,0,0,0,0,0,0.0,session_end cash+inventory,,<none>,0,,,,0,,,0.0,53,652,3.0,10.0,158,54,300.0,[],
grid-3002542-m2,dota,grid,2026-09-12T07:45:12.501119+00:00,<missing>,Team Kinetix,D family,2,False,0,0,0,0,0,0.0,session_end cash+inventory,,<none>,0,,,,0,,,0.0,44,243,4.0,16.0,81,41,300.0,[],
grid-3002597-m1,lol,grid,2026-09-05T10:20:16.768732+00:00,LEC - Summer 2026 (Playoffs: Playoffs),G2 Esports,Team Vitality,1,False,3,1,2,7.800000000000001,7.793799000000001,-0.006200999999999901,session_end cash+inventory,-0.0007949999999999872,no,0,187,10.0006,10.0016,2,42.420063000085065,40.965999999999994,9.99205,82,523,3.0,11.0,126,48,3.156000000000006,"[0.14599999999998658, 4.068000000000012]",0.9120000000000061
grid-3002597-m2,lol,grid,2026-09-05T11:23:46.869541+00:00,LEC - Summer 2026 (Playoffs: Playoffs),G2 Esports,Team Vitality,2,False,0,0,0,0,0,0.0,session_end cash+inventory,,<none>,0,,,,0,,,0.0,82,285,4.0,15.0,79,40,8.0,[],
grid-3002597-m3,lol,grid,2026-09-05T12:19:36.848053+00:00,LEC - Summer 2026 (Playoffs: Playoffs),G2 Esports,Team Vitality,3,False,2,1,1,10.0028,10.297,0.2942,session_end cash+inventory,0.029411764705882353,no,0,352,10.0029,10.002999999999998,4,11.023,11.023,14.71,80,368,4.0,14.0,92,40,6.270499999999998,"[5.281999999999982, 7.2590000000000146]",0.9885000000000161
grid-3002598-m1,lol,grid,2026-09-05T13:24:32.429134+00:00,LEC - Summer 2026 (Playoffs: Playoffs),Karmine Corp,GIANTX,1,True,4,2,2,20.001,20.4195,0.41849999999999987,session_end cash+inventory,0.020923953802309877,yes,0,196,10.0009,10.0036,7,223.55087445887446,238.61200000000002,23.1,79,671,3.0,7.0,102,25,6.792500000000018,"[1.1450000000000102, 332.33000000000004]",4.583500000000001
grid-3002598-m2,lol,grid,2026-09-05T14:26:20.912518+00:00,LEC - Summer 2026 (Playoffs: Playoffs),Karmine Corp,GIANTX,2,True,4,2,2,20.0016,18.7486,-1.2529999999999992,session_end cash+inventory,-0.06264498840092789,yes,0,143,10.00045,10.0036,8,227.26305185825413,242.056,23.14,78,437,3.0,14.0,124,58,5.653500000000008,"[1.20799999999997, 10.173000000000002]",3.4535000000000196
grid-3002598-m3,lol,grid,2026-09-05T15:25:46.062075+00:00,LEC - Summer 2026 (Playoffs: Playoffs),GIANTX,Karmine Corp,3,False,2,1,1,10.001100000000001,10.2714,0.2702999999999989,session_end cash+inventory,0.02702702702702691,no,0,261,10.00095,10.001100000000001,4,20.117,20.117,27.03,78,301,3.0,14.0,93,40,0.17949999999999022,"[-1.7620000000000005, 2.120999999999981]",1.9414999999999907
grid-3002598-m4,lol,grid,2026-09-05T16:15:32.131941+00:00,LEC - Summer 2026 (Playoffs: Playoffs),Karmine Corp,GIANTX,4,True,4,2,2,20.0004,21.4515,1.4511000000000003,session_end cash+inventory,0.07255354892902144,yes,0,250,10.0002,10.0014,4,165.3321048352589,167.0035,23.369999999999997,81,309,4.0,13.0,92,41,7.676500000000004,"[1.2110000000000127, 10.214999999999975]",1.5219999999999914
grid-3002599-m1,lol,grid,2026-09-06T15:17:41.840192+00:00,LEC - Summer 2026 (Playoffs: Playoffs),Karmine Corp,G2 Esports,1,False,8,4,4,40.0064,41.078,1.0716,session_end cash+inventory,0.026785714285714288,no,0,97,10.0016,10.0016,10,17.86975,17.7565,71.44,39,651,3.0,8.0,115,25,3.1925000000000097,"[-1.7629999999999768, 6.149000000000001]",2.6979999999999933
grid-3002599-m2,lol,grid,2026-09-06T16:17:05.031376+00:00,LEC - Summer 2026 (Playoffs: Playoffs),G2 Esports,Karmine Corp,2,True,8,4,4,33.131105,34.1992,1.068094999999997,session_end cash+inventory,0.032238435753953784,yes,0,130,9.999199999999998,10.002,13,32.94728871928518,37.164,53.72,90,385,4.0,13.0,119,55,5.697500000000019,"[1.1589999999999918, 12.44500000000005]",3.433499999999995
grid-3002599-m3,lol,grid,2026-09-06T17:14:24.718809+00:00,LEC - Summer 2026 (Playoffs: Playoffs),G2 Esports,Karmine Corp,3,True,7,3,4,30.000499999999995,32.9347,2.9342000000000024,session_end cash+inventory,0.09780503658272371,no,0,134,10.000399999999999,10.0016,7,208.4821280164299,336.0165,58.43,86,293,5.0,14.0,106,44,2.4279999999999973,"[1.1550000000000011, 14.156000000000006]",0.9410000000000025
grid-3002599-m4,lol,grid,2026-09-06T18:05:18.200673+00:00,LEC - Summer 2026 (Playoffs: Playoffs),Karmine Corp,G2 Esports,4,False,2,1,1,10.000499999999999,11.0175,1.0170000000000012,session_end cash+inventory,0.10169491525423742,no,0,128,9.998850000000001,10.0016,6,37.967,37.967,16.95,78,294,4.0,14.0,103,41,1.640500000000003,"[1.1570000000000107, 2.1239999999999952]",0.48349999999999227
grid-3002600-m1,lol,grid,2026-09-11T15:11:39.732035+00:00,LEC - Summer 2026 (Playoffs: Playoffs),GIANTX,Natus Vincere,1,True,6,3,3,28.005740000000003,29.3479,1.3421599999999927,session_end cash+inventory,0.047924461199739504,"no,yes",0,175,10.0002,10.0031,60,102.0495435069538,85.505,46.563522,92,473,3.0,9.0,89,27,4.033999999999992,"[1.0339999999999918, 14.029999999999973]",2.9954999999999927
grid-3002600-m2,lol,grid,2026-09-11T15:57:27.527666+00:00,LEC - Summer 2026 (Playoffs: Playoffs),GIANTX,Natus Vincere,2,True,17,11,6,110.0094,109.652,-0.3574000000000135,session_end cash+inventory,-0.003248813283228647,"no,yes",0,126,9.99995,10.001800000000001,40,45.30162384446028,52.606500000000004,202.97333400000002,80,406,4.0,17.0,123,62,3.048000000000002,"[0.036000000000001364, 13.038999999999987]",3.0
grid-3002600-m3,lol,grid,2026-09-11T16:54:17.534870+00:00,LEC - Summer 2026 (Playoffs: Playoffs),Natus Vincere,GIANTX,3,False,13,8,5,80.00099999999999,81.2709,1.269900000000007,session_end cash+inventory,0.01587355158060533,no,0,232,10.000399999999999,10.0016,46,40.230329295704294,32.999,160.16,78,460,4.0,14.0,133,53,8.035000000000025,"[4.024000000000001, 13.044999999999987]",1.9879999999999995
grid-3002600-m4,lol,grid,2026-09-11T17:53:44.784047+00:00,LEC - Summer 2026 (Playoffs: Playoffs),GIANTX,Natus Vincere,4,True,11,5,6,50.001400000000004,48.8949,-1.1065000000000065,session_end cash+inventory,-0.022129380377349562,yes,0,124,10.0002,10.001800000000001,33,37.54212908977445,17.488500000000002,112.17,92,479,3.0,14.0,120,57,5.0260000000000105,"[2.0319999999999965, 18.031999999999982]",2.959000000000003
grid-3002600-m5,lol,grid,2026-09-11T18:53:01.152585+00:00,LEC - Summer 2026 (Playoffs: Playoffs),Natus Vincere,GIANTX,5,False,7,4,3,30.0015,29.8829,-0.11859999999999893,session_end cash+inventory,-0.00395313567654947,no,0,145,10.000499999999999,10.0016,32,35.7248583011583,39.808,51.800000000000004,86,427,4.0,16.0,124,59,4.185000000000002,"[1.4259999999999877, 8.124000000000024]",2.1610000000000014
grid-3002601-m1,lol,grid,2026-09-12T15:07:37.882371+00:00,LEC - Summer 2026 (Playoffs: Playoffs),Team Vitality,Movistar KOI,1,True,15,5,10,149.9999,147.004,-2.995900000000006,session_end cash+inventory,-0.019972679981786694,"no,yes",0,120,30.0015,30.0025,47,44.21583440703952,82.505,259.135291,81,353,4.0,14.0,118,56,294.033,"[291.041, 316.049]",2.0009999999999764
grid-3002601-m2,lol,grid,2026-09-12T16:05:08.537903+00:00,LEC - Summer 2026 (Playoffs: Playoffs),Movistar KOI,Team Vitality,2,False,11,5,6,149.9986,153.9196,3.9209999999999936,session_end cash+inventory,0.026140243975610395,yes,0,183,29.999200000000002,30.0024,60,101.0845220817298,94.482,296.311614,90,402,4.0,16.0,123,61,245.03700000000003,"[242.038, 247.043]",0.9919999999999618
grid-3002601-m3,lol,grid,2026-09-12T17:05:04.933066+00:00,LEC - Summer 2026 (Playoffs: Playoffs),Team Vitality,Movistar KOI,3,True,16,7,9,180.58939999999998,157.7351,-22.854299999999988,session_end cash+inventory,-0.12655393948925014,"no,yes",0,97,30.0,30.0015,28,101.64917375005743,33.638,336.470001,46,558,3.0,10.0,143,40,3.5345000000000084,"[-7.0, 7.680999999999983]",1.5249999999999915
grid-3002601-m4,lol,grid,2026-09-12T18:01:10.346301+00:00,LEC - Summer 2026 (Playoffs: Playoffs),Team Vitality,Movistar KOI,4,True,15,13,2,195.278236,167.059,-28.219236000000024,session_end cash+inventory,-0.1445078395730696,yes,0,175,30.001199999999997,30.0026,19,145.24995178899076,167.00900000000001,280.947261,81,351,3.0,13.0,96,46,6.068999999999988,"[1.032999999999987, 30.040999999999997]",4.961000000000013
grid-3002601-m5,lol,grid,2026-09-12T18:48:47.668484+00:00,LEC - Summer 2026 (Playoffs: Playoffs),Movistar KOI,Team Vitality,5,False,28,19,9,513.057631,516.0197,2.96206899999998,session_end cash+inventory,0.005773365058866028,"no,yes",0,167,30.0,30.0025,70,51.03880015760425,50.994,910.6823370000001,79,557,3.0,10.0,114,43,5.040500000000009,"[1.0749999999999886, 17.226999999999975]",1.9884999999999877
grid-3002602-m1,lol,grid,2026-09-18T15:18:05.971240+00:00,LEC - Summer 2026 (Playoffs: Playoffs),Movistar KOI,Natus Vincere,1,False,0,0,0,0,0,0.0,session_end cash+inventory,,<none>,0,,4.997999999999999,4.997999999999999,2,,,0.0,92,419,4.0,16.0,143,67,8.0,[],
grid-3002602-m2,lol,grid,2026-09-18T16:24:22.714151+00:00,LEC - Summer 2026 (Playoffs: Playoffs),Movistar KOI,Natus Vincere,2,False,5,3,2,14.9885,14.7447,-0.24380000000000024,session_end cash+inventory,-0.01626580378290024,no,0,101,4.9973,4.998899999999999,41,189.59429311082582,191.989,23.37,37,480,3.0,8.0,98,18,3.040999999999997,"[0.029999999999972715, 9.040999999999997]",1.997000000000014
grid-3002602-m3,lol,grid,2026-09-18T17:16:15.743949+00:00,LEC - Summer 2026 (Playoffs: Playoffs),Movistar KOI,Natus Vincere,3,False,12,8,4,39.9769,40.1985,0.22160000000000046,session_end cash+inventory,0.005543201198692256,yes,0,352,4.998,5.0,33,44.31583488007412,29.963,88.29512199999998,77,477,3.0,11.0,111,47,2.5470000000000255,"[0.08199999999999363, 15.055000000000007]",1.519500000000022
grid-3002602-m4,lol,grid,2026-09-18T18:12:24.767144+00:00,LEC - Summer 2026 (Playoffs: Playoffs),Movistar KOI,Natus Vincere,4,False,4,3,1,14.9915,15.232000000000001,0.2405000000000026,session_end cash+inventory,0.01604242404028967,no,0,180,4.9959,4.998,23,156.26655336134453,133.927,23.799999999999997,75,526,3.0,9.0,117,37,6.0715,"[3.0369999999999777, 6.110000000000014]",0.0385000000000133
grid-3002603-m1,lol,grid,2026-09-19T15:15:12.428643+00:00,LEC - Summer 2026 (Playoffs: Playoffs),Karmine Corp,Movistar KOI,1,True,0,0,0,0,0,0.0,session_end cash+inventory,,<none>,0,,,,0,,,0.0,79,667,3.0,10.0,162,50,8.0,[],
grid-3002603-m2,lol,grid,2026-09-19T16:21:08.847510+00:00,LEC - Summer 2026 (Playoffs: Playoffs),Movistar KOI,Karmine Corp,2,False,2,1,1,4.9959,6.661199999999999,,unknown,,yes,0,398,4.998,4.998500000000001,24,530.047,530.047,7.93,78,465,3.0,10.0,97,38,0.06949999999997658,"[0.04599999999999227, 0.09299999999996089]",0.02349999999998431
grid-3002603-m3,lol,grid,2026-09-19T17:17:22.710902+00:00,LEC - Summer 2026 (Playoffs: Playoffs),Movistar KOI,Karmine Corp,3,False,0,0,0,0,0,0.0,session_end cash+inventory,,<none>,0,,,,0,,,0.0,78,328,4.0,12.0,102,37,8.0,[],
grid-3002604-m1,lol,grid,2026-09-20T15:14:10.217214+00:00,LEC - Summer 2026 (Playoffs: Playoffs),G2 Esports,Movistar KOI,1,True,6,3,3,14.9941,16.1762,1.1821000000000002,session_end cash+inventory,0.07883767615262004,"no,yes",0,139,4.998,4.9995,20,21.778614069179948,19.0,25.729999999999997,82,323,4.0,13.0,108,45,5.58250000000001,"[1.0500000000000114, 10.042000000000002]",3.9965000000000117
grid-3002604-m2,lol,grid,2026-09-20T16:18:07.612153+00:00,LEC - Summer 2026 (Playoffs: Playoffs),G2 Esports,Movistar KOI,2,True,6,4,2,19.988599999999998,20.9508,0.9621999999999993,session_end cash+inventory,0.048137438339853685,yes,0,114,4.9975000000000005,5.0,48,183.738779394416,184.9995,25.43,71,365,4.0,14.0,113,59,5.067,"[1.065999999999974, 8.113]",3.0034999999999954
grid-3002604-m3,lol,grid,2026-09-20T17:13:30.326264+00:00,LEC - Summer 2026 (Playoffs: Playoffs),G2 Esports,Movistar KOI,3,True,5,3,2,14.988700000000001,17.0598,2.0710999999999977,session_end cash+inventory,0.13817742699500274,yes,0,143,4.997999999999999,4.9998000000000005,59,199.66031979949878,191.084,19.950000000000003,81,307,4.0,14.0,103,48,6.045000000000016,"[0.13700000000000045, 16.052999999999997]",3.9869999999999663
grid-3002920-m1,dota,grid,2026-09-14T03:16:02.838926+00:00,<missing>,Yangon Galacticos,Team Nemesis,1,False,0,0,0,0,0,0.0,session_end cash+inventory,,<none>,0,,29.995199999999997,29.9975,7,,,0.0,58,460,4.0,15.0,163,87,300.0,[],
grid-3002920-m2,dota,grid,2026-09-14T04:30:12.501049+00:00,<missing>,Yangon Galacticos,Team Nemesis,2,False,6,4,2,59.9943,61.109399999999994,1.115099999999984,session_end cash+inventory,0.018586765742745294,yes,0,542,29.997349999999997,30.0,38,114.66921553492159,136.959,74.523659,70,393,4.0,16.0,134,70,3.0439999999999827,"[0.025999999999953616, 7.0359999999999445]",1.9879999999999995
grid-3002922-m1,dota,grid,2026-09-14T09:11:31.624471+00:00,<missing>,Yangon Galacticos,InterActive Philippines,1,True,0,0,0,0,0,0.0,session_end cash+inventory,,<none>,0,,29.9991,29.9998,15,,,0.0,3,623,4.0,13.0,193,76,300.0,[],
grid-3002922-m2,dota,grid,2026-09-14T10:24:43.577466+00:00,<missing>,InterActive Philippines,Yangon Galacticos,2,False,5,4,1,37.8069,40.150000000000006,2.3430999999999997,session_end cash+inventory,0.061975459506068996,no,0,540,29.9982,30.0,25,62.949465753424654,62.9405,73.0,56,532,4.0,11.0,140,48,0.10199999999997544,"[0.028999999999996362, 6.028999999999996]",0.07299999999997908
grid-3002922-m3,dota,grid,2026-09-14T11:27:44.917880+00:00,<missing>,InterActive Philippines,Yangon Galacticos,3,False,0,0,0,0,0,0.0,session_end cash+inventory,,<none>,0,,29.995900000000002,29.997000000000003,3,,,0.0,21,469,3.0,13.0,138,58,300.0,[],
grid-3002924-m1,dota,grid,2026-09-16T06:21:38.183341+00:00,<missing>,Direborn,Team Nemesis,1,True,0,0,0,0,0,0.0,session_end cash+inventory,,<none>,0,,,,0,,,0.0,-15,645,3.0,10.0,165,51,300.0,[],
grid-3002924-m2,dota,grid,2026-09-16T07:36:39.827279+00:00,<missing>,Team Nemesis,Direborn,2,False,9,5,4,109.868758,123.7295,13.860741999999995,session_end cash+inventory,0.1261572648341032,no,0,106,19.884100000000004,29.9968,12,508.9354649944809,589.981,171.69209800000002,60,510,4.0,16.0,164,81,6.029999999999973,"[4.037000000000006, 16.028999999999996]",1.9929999999999666
grid-3002924-m3,dota,grid,2026-09-16T08:56:26.284965+00:00,<missing>,Team Nemesis,Direborn,3,False,6,3,3,132.268696,138.672,6.4033039999999914,session_end cash+inventory,0.04841133385030114,no,0,154,59.9975,59.9996,36,27.825696371501067,25.026,238.949388,51,749,3.0,8.0,130,34,82.042,"[79.029, 90.029]",3.0130000000000052
grid-3002924-m4,dota,grid,2026-09-16T10:08:11.962882+00:00,<missing>,Direborn,Team Nemesis,4,True,0,0,0,0,0,0.0,session_end cash+inventory,,<none>,0,,,,0,,,0.0,71,539,3.0,13.0,144,63,300.0,[],
grid-3003763-m1,dota,grid,2026-09-08T03:19:36.574395+00:00,<missing>,D Family,InterActive Philippines,1,True,0,0,0,0,0,0.0,session_end cash+inventory,,<none>,0,,69.99925,70.00319999999999,20,,,0.0,87,218,4.0,15.0,77,41,300.0,[],
grid-3003935-m1,dota,grid,2026-09-12T08:18:55.520471+00:00,<missing>,Natus Vincere,Zero Tenacity,1,True,3,2,1,9.9952,9.9258,-0.0693999999999999,session_end cash+inventory,-0.0069433327997438675,yes,0,469,4.9982,5.0024,6,19.003,19.003,13.98,26,406,5.0,18.0,165,89,71.03399999999999,"[71.03399999999999, 86.03700000000003]",0.0
grid-3003935-m2,dota,grid,2026-09-12T09:32:12.730265+00:00,<missing>,Zero Tenacity,Natus Vincere,2,False,5,3,2,11.339631,11.5241,0.184469,session_end cash+inventory,0.016267636927515542,yes,0,123,5.0008,5.0024999999999995,10,309.5210952677263,350.046,14.47,3,273,5.0,16.0,106,47,71.031,"[59.077, 75.02699999999999]",3.995999999999981
grid-3003938-m1,dota,grid,2026-09-12T08:12:11.301987+00:00,<missing>,Execration,Yangon Galacticos,1,True,1,1,0,4.998,0,0.92225,session_end cash+inventory,0.1845238095238095,yes,0,321,4.998200000000001,5.004,44,,,0.0,76,314,4.0,16.0,112,60,71.04500000000002,"[71.04500000000002, 71.04500000000002]",0.0
grid-3003938-m2,dota,grid,2026-09-12T09:09:43.858745+00:00,<missing>,Yangon Galacticos,Execration,2,False,4,2,2,6.683556,6.5604,-0.12315600000000071,session_end cash+inventory,-0.01842671775324404,"no,yes",0,393,4.999599999999999,5.0008,29,48.019652173913045,40.975,12.879999999999999,21,431,4.0,13.0,145,55,34.03450000000001,"[19.0, 36.028999999999996]",1.9919999999999902
grid-3003938-m3,dota,grid,2026-09-12T10:09:50.580936+00:00,<missing>,Yangon Galacticos,Execration,3,False,4,3,1,14.997900000000001,16.9476,,unknown,,yes,0,295,5.0008,5.0024999999999995,25,317.982,317.982,19.48,5,208,4.0,12.0,59,23,5.052000000000021,"[5.052000000000021, 113.03399999999999]",0.0
grid-3004386-m1,lol,grid,2026-09-08T16:10:05.549147+00:00,Esports Balkan League - Summer 2026 (Regional Finals: Regional Finals),Lenovo Legion Honvéd,MAGAZA,1,True,0,0,0,0,0,0.0,session_end cash+inventory,,<none>,0,,4.9984,5.0024999999999995,15,,,0.0,74,320,3.0,12.0,83,35,8.0,[],
grid-3004386-m2,lol,grid,2026-09-08T16:51:51.165608+00:00,Esports Balkan League - Summer 2026 (Regional Finals: Regional Finals),Lenovo Legion Honvéd,MAGAZA,2,True,17,7,10,29.9969,39.7292,9.731907079999996,session_end cash+inventory,0.32443042714413806,yes,0,128,5.000900000000001,5.002,39,314.6879666265578,366.028,72.30983200000001,90,436,3.0,14.0,114,55,4.067000000000007,"[0.04499999999995907, 2016.0]",1.9880000000000564
grid-3004386-m3,lol,grid,2026-09-08T17:40:32.104235+00:00,Esports Balkan League - Summer 2026 (Regional Finals: Regional Finals),Lenovo Legion Honvéd,MAGAZA,3,True,3,2,1,5.000800000000001,5.0008,-8.881784197001252e-16,session_end cash+inventory,-1.7760726677734064e-16,no,0,374,5.0001999999999995,5.0022,23,50.17919484882418,50.5,8.93,82,323,3.0,12.0,84,32,55.19499999999999,"[47.028999999999996, 56.11200000000002]",0.91700000000003
grid-3004386-m4,lol,grid,2026-09-08T18:22:35.034620+00:00,Esports Balkan League - Summer 2026 (Regional Finals: Regional Finals),MAGAZA,Lenovo Legion Honvéd,4,False,0,0,0,0,0,0.0,session_end cash+inventory,,<none>,0,,4.9977,5.002,62,,,0.0,77,333,3.0,13.0,82,36,8.0,[],
grid-3004388-m1,lol,grid,2026-09-10T16:08:01.693568+00:00,Esports Balkan League - Summer 2026 (Regional Finals: Regional Finals),MAGAZA,The Secret Club Esport,1,False,0,0,0,0,0,0.0,session_end cash+inventory,,<none>,0,,29.9991,30.0024,26,,,0.0,82,399,3.0,15.0,116,59,8.0,[],
grid-3004388-m2,lol,grid,2026-09-10T17:01:37.856787+00:00,Esports Balkan League - Summer 2026 (Regional Finals: Regional Finals),The Secret Club Esport,MAGAZA,2,True,5,3,2,75.3983,59.1832,-16.215100000000007,session_end cash+inventory,-0.21505922547325346,yes,0,407,30.0,30.002,17,80.77237676730142,80.001,134.192728,77,381,4.0,13.0,103,43,5.0330000000000155,"[1.0430000000000064, 12.033000000000015]",2.0009999999999764
grid-3004388-m3,lol,grid,2026-09-10T17:46:52.755534+00:00,Esports Balkan League - Summer 2026 (Regional Finals: Regional Finals),MAGAZA,The Secret Club Esport,3,False,11,5,6,118.4388,104.40209999999999,,unknown,,no,0,193,29.999200000000002,30.0015,35,245.42060326803772,228.0085,204.71,90,388,3.0,13.0,107,48,9.032000000000039,"[2.0529999999999973, 11.110000000000014]",0.9960000000000377
grid-3004388-m4,lol,grid,2026-09-10T18:30:47.850631+00:00,Esports Balkan League - Summer 2026 (Regional Finals: Regional Finals),The Secret Club Esport,MAGAZA,4,True,0,0,0,0,0,0.0,session_end cash+inventory,,<none>,0,,,,0,,,0.0,283,379,3.0,14.0,101,54,8.0,[],
grid-3004388-m5,lol,grid,2026-09-10T19:22:45.768553+00:00,Esports Balkan League - Summer 2026 (Regional Finals: Regional Finals),The Secret Club Esport,MAGAZA,5,True,19,13,6,44.416032,48.3771,3.9675540000000042,session_end cash+inventory,0.08932707000931565,no,0,160,10.0,10.0016,23,54.53492463147918,52.534,120.27,83,521,3.0,10.0,131,40,5.034999999999997,"[1.0420000000000016, 2162.0]",3.992999999999995
grid-3004460-m1,dota,grid,2026-09-06T15:16:12.344716+00:00,<missing>,4ikibamboni,Level UP esports,1,False,6,3,3,110.521829,112.8547,2.33287099999999,session_end cash+inventory,0.021107784960742827,yes,0,220,199.998,200.0008,7,92.14676502431455,121.09,130.20999999999998,65,706,4.0,10.0,203,61,20.170000000000016,"[15.225000000000023, 28.07299999999998]",3.4429999999999836
grid-3004460-m2,dota,grid,2026-09-06T16:43:08.982485+00:00,<missing>,4ikibamboni,Level UP esports,2,False,13,3,10,556.7959999999999,561.314196,4.537499860000049,session_end cash+inventory,0.008149303982068926,no,0,111,200.00025,200.002,6,127.2373066356737,219.387,1279.9614579999998,51,480,4.0,13.0,159,60,-4.909999999999968,"[-10.834000000000003, 5.166000000000054]",3.034999999999968
grid-3004577-m2,dota,grid,2026-09-05T07:36:16.664431+00:00,<missing>,Team Nemesis,Carstensz Esports,2,True,0,0,0,0,0,0.0,session_end cash+inventory,,<none>,0,,199.99980000000002,199.99980000000002,3,,,0.0,66,359,4.0,14.0,121,57,300.0,[],
grid-3004578-m1,dota,grid,2026-09-07T09:12:27.711078+00:00,<missing>,Carstensz Esports,Yangon Galacticos,1,False,4,1,3,49.32000000000001,52.9519,3.631899999999998,session_end cash+inventory,0.07363949716139492,yes,0,131,199.99945000000002,200.0025,6,165.69248133835413,105.11,65.759875,-40,374,4.0,14.0,131,56,35.12299999999999,"[32.170000000000016, 49.06100000000001]",2.9524999999999864
grid-3004578-m2,dota,grid,2026-09-07T10:08:32.443388+00:00,<missing>,Carstensz Esports,Yangon Galacticos,2,False,2,1,1,35.6,36.4,0.7999999999999972,session_end cash+inventory,0.02247191011235947,yes,0,231,200.0024,200.0043,4,50.912,50.912,40.0,59,452,3.0,11.0,126,40,7.572000000000017,"[-0.8839999999999861, 16.02800000000002]",8.456000000000003
grid-3004579-m1,dota,grid,2026-09-07T06:23:52.334623+00:00,<missing>,Carstensz Esports,InterActive Philippines,1,True,0,0,0,0,0,0.0,session_end cash+inventory,,<none>,0,,199.99810000000002,199.99810000000002,1,,,0.0,-24,454,4.0,12.0,131,48,300.0,[],
grid-3004579-m2,dota,grid,2026-09-07T07:39:46.422797+00:00,<missing>,Carstensz Esports,InterActive Philippines,2,True,0,0,0,0,0,0.0,session_end cash+inventory,,<none>,0,,199.9965,200.0043,8,,,0.0,20,347,4.0,14.0,103,52,300.0,[],
grid-3004582-m1,dota,grid,2026-09-08T09:19:56.272786+00:00,<missing>,Team Nemesis,Team Kinetix,1,True,0,0,0,0,0,0.0,session_end cash+inventory,,<none>,0,,69.99889999999999,69.9997,3,,,0.0,52,704,3.0,8.0,122,37,300.0,[],
grid-3004582-m2,dota,grid,2026-09-08T10:31:53.681456+00:00,<missing>,Team Kinetix,Team Nemesis,2,False,0,0,0,0,0,0.0,session_end cash+inventory,,<none>,0,,69.99985,70.0034,6,,,0.0,23,409,4.0,13.0,118,52,300.0,[],
grid-3004583-m1,dota,grid,2026-09-11T03:24:44.547221+00:00,<missing>,InterActive Philippines,Team Nemesis,1,False,4,2,2,197.740682,204.98860000000002,7.247918000000013,session_end cash+inventory,0.036653651270404805,yes,0,465,100.0004,100.0032,62,139.0615146822914,207.989,227.45999999999998,59,494,4.0,14.0,179,72,170.5335,"[169.038, 179.05200000000002]",1.0004999999999882
grid-3004583-m2,dota,grid,2026-09-11T04:41:50.420098+00:00,<missing>,Team Nemesis,InterActive Philippines,2,True,8,7,1,44.7825,42.3941,-2.388399999999997,session_end cash+inventory,-0.053333333333333274,yes,0,188,100.00184999999999,100.00359999999999,12,31.710450343326077,31.978,59.709999999999994,12,542,3.0,12.0,143,56,1.0529999999999973,"[1.038000000000011, 17.026999999999987]",0.010499999999993292
grid-3004583-m3,dota,grid,2026-09-11T05:53:28.188470+00:00,<missing>,InterActive Philippines,Team Nemesis,3,False,5,3,2,103.785871,99.3878,-4.398071000000016,session_end cash+inventory,-0.042376394374529225,yes,0,142,99.9999,100.0026,35,73.59532843249967,73.622,148.34,4,354,5.0,15.0,138,63,18.037000000000006,"[8.050000000000011, 19.156000000000006]",1.0060000000000002
grid-3005559-m1,lol,grid,2026-09-08T14:18:01.242279+00:00,Hitpoint Masters - Summer 2026 (Playoffs: Playoffs),EXILE esports,NightBirds,1,False,3,1,2,5.0016,4.5327,-0.46889999999999965,session_end cash+inventory,-0.09374999999999993,yes,0,355,5.0008,5.0034,34,266.1001190019194,266.065,5.21,80,398,3.0,8.0,77,16,274.05499999999995,"[102.04700000000003, 274.169]",0.11400000000003274
grid-3005559-m2,lol,grid,2026-09-08T15:19:56.501972+00:00,Hitpoint Masters - Summer 2026 (Playoffs: Playoffs),EXILE esports,NightBirds,2,False,0,0,0,0,0,0.0,session_end cash+inventory,,<none>,0,,,,0,,,0.0,814,123,2.0,7.0,13,3,8.0,[],
grid-3005559-m3,lol,grid,2026-09-08T15:45:14.313948+00:00,Hitpoint Masters - Summer 2026 (Playoffs: Playoffs),EXILE esports,NightBirds,3,False,0,0,0,0,0,0.0,session_end cash+inventory,,<none>,0,,5.0008,5.0016,42,,,0.0,80,318,3.0,11.0,77,29,8.0,[],
grid-3005560-m1,lol,grid,2026-09-09T14:16:27.984356+00:00,Hitpoint Masters - Summer 2026 (Playoffs: Playoffs),CITA Kaizen,Meavedron,1,True,0,0,0,0,0,0.0,session_end cash+inventory,,<none>,0,,15.0015,15.002299999999998,9,,,0.0,78,437,3.0,8.0,72,17,8.0,[],
grid-3005560-m2,lol,grid,2026-09-09T15:09:13.264194+00:00,Hitpoint Masters - Summer 2026 (Playoffs: Playoffs),CITA Kaizen,Meavedron,2,True,6,4,2,35.3439,36.3412,0.9973000000000027,session_end cash+inventory,0.028217033207993538,yes,0,318,14.9988,15.004000000000001,35,50.453090463917526,50.9495,38.8,83,370,3.0,10.0,96,27,2.1340000000000146,"[1.1159999999999854, 6.137999999999977]",0.9785000000000252
grid-3005560-m3,lol,grid,2026-09-09T15:59:11.225088+00:00,Hitpoint Masters - Summer 2026 (Playoffs: Playoffs),CITA Kaizen,Meavedron,3,True,0,0,0,0,0,0.0,session_end cash+inventory,,<none>,0,,15.000599999999999,15.002299999999998,60,,,0.0,92,348,3.0,12.0,85,31,8.0,[],
grid-3005562-m1,lol,grid,2026-09-13T11:16:31.212636+00:00,Hitpoint Masters - Summer 2026 (Playoffs: Playoffs),BRUTE,Meavedron,1,False,0,0,0,0,0,0.0,session_end cash+inventory,,<none>,0,,29.995700000000003,29.999599999999997,3,,,0.0,78,394,4.0,14.0,110,55,8.0,[],
grid-3005562-m2,lol,grid,2026-09-13T12:14:29.654633+00:00,Hitpoint Masters - Summer 2026 (Playoffs: Playoffs),BRUTE,Meavedron,2,False,15,4,11,49.51737,31.7845,-17.732869999999988,session_end cash+inventory,-0.3581141324751292,no,0,472,29.998800000000003,30.0,7,34.45624459755037,34.485,126.55000000000001,95,478,3.0,13.0,129,57,4.027000000000044,"[2.024000000000001, 13.033999999999992]",1.016999999999939
grid-3005562-m3,lol,grid,2026-09-13T13:13:00.435143+00:00,Hitpoint Masters - Summer 2026 (Playoffs: Playoffs),BRUTE,Meavedron,3,False,0,0,0,0,0,0.0,session_end cash+inventory,,<none>,0,,29.996499999999997,29.9968,3,,,0.0,79,439,3.0,11.0,100,42,8.0,[],
grid-3005563-m1,lol,grid,2026-09-14T14:30:47.580593+00:00,Hitpoint Masters - Summer 2026 (Playoffs: Playoffs),EXILE esports,eSuba,1,True,4,2,2,19.378700000000002,20.1104,0.7316999999999965,session_end cash+inventory,0.03775795073972952,no,0,267,29.9963,29.999599999999997,25,132.00412133862105,137.003,24.524879,74,408,4.0,11.0,92,37,8.037000000000006,"[2.0439999999999827, 15.029999999999973]",2.998500000000007
grid-3005563-m2,lol,grid,2026-09-14T15:20:17.589115+00:00,Hitpoint Masters - Summer 2026 (Playoffs: Playoffs),eSuba,EXILE esports,2,False,20,15,5,305.626192,300.5152,-5.110991999999996,session_end cash+inventory,-0.01672301698540286,no,0,124,29.997,29.9991,82,51.18029715894135,45.895,545.351539,75,615,3.0,11.0,125,57,98.28050000000002,"[75.035, 105.03200000000004]",4.7584999999999695
grid-3005563-m3,lol,grid,2026-09-14T16:16:23.793020+00:00,Hitpoint Masters - Summer 2026 (Playoffs: Playoffs),EXILE esports,eSuba,3,True,0,0,0,0,0,0.0,session_end cash+inventory,,<none>,0,,29.995199999999997,29.9975,8,,,0.0,80,399,3.0,11.0,93,36,8.0,[],
grid-3005563-m4,lol,grid,2026-09-14T17:00:45.628840+00:00,Hitpoint Masters - Summer 2026 (Playoffs: Playoffs),eSuba,EXILE esports,4,False,4,2,2,44.310624999999995,46.7337,2.4230750000000034,session_end cash+inventory,0.05468383711581599,no,0,342,29.991000000000003,29.997000000000003,35,126.74650678387157,123.99,52.33,18,448,3.0,7.0,67,19,14.05850000000001,"[6.038000000000011, 16.048000000000002]",1.9894999999999925
grid-3005569-m1,lol,grid,2026-09-15T14:54:37.325194+00:00,Hitpoint Masters - Summer 2026 (Playoffs: Playoffs),CITA Kaizen,NightBirds,1,False,0,0,0,0,0,0.0,session_end cash+inventory,,<none>,0,,29.9976,29.9991,3,,,0.0,80,401,4.0,14.0,132,55,8.0,[],
grid-3005569-m2,lol,grid,2026-09-15T15:49:52.035011+00:00,Hitpoint Masters - Summer 2026 (Playoffs: Playoffs),CITA Kaizen,NightBirds,2,False,0,0,0,0,0,0.0,session_end cash+inventory,,<none>,0,,29.9956,29.9975,11,,,0.0,76,338,3.0,12.0,84,35,8.0,[],
grid-3005569-m3,lol,grid,2026-09-15T16:35:28.140427+00:00,Hitpoint Masters - Summer 2026 (Playoffs: Playoffs),CITA Kaizen,NightBirds,3,False,0,0,0,0,0,0.0,session_end cash+inventory,,<none>,0,,,,0,,,0.0,82,460,3.0,8.0,70,21,8.0,[],
grid-3005570-m1,lol,grid,2026-09-16T14:30:11.050863+00:00,Hitpoint Masters - Summer 2026 (Playoffs: Playoffs),eSuba,Meavedron,1,False,10,7,3,80.51729999999999,73.91990000000001,-6.597399999999993,session_end cash+inventory,-0.08193767053788432,yes,0,252,29.9977,30.0,36,56.311238247811126,58.501000000000005,129.526722,91,322,4.0,11.0,85,26,3.0330000000000013,"[1.0369999999999777, 7.038999999999987]",1.965999999999994
grid-3005570-m2,lol,grid,2026-09-16T15:06:59.882447+00:00,Hitpoint Masters - Summer 2026 (Playoffs: Playoffs),eSuba,Meavedron,2,False,13,9,4,149.983826,136.4126,-13.571225999999992,session_end cash+inventory,-0.09048459665244166,no,0,125,29.997000000000003,29.999200000000002,35,78.37907650613126,102.978,233.716667,84,299,3.0,13.0,86,38,146.02300000000002,"[138.058, 155.04700000000003]",4.003999999999962
grid-3005570-m3,lol,grid,2026-09-16T15:51:09.409281+00:00,Hitpoint Masters - Summer 2026 (Playoffs: Playoffs),eSuba,Meavedron,3,False,8,6,2,29.9816,27.9066,-2.0749999999999993,session_end cash+inventory,-0.06920911492381993,no,0,247,4.997999999999999,4.9984,19,36.95350214592275,33.9985,41.94,76,635,3.0,9.0,108,42,2.033999999999992,"[1.0299999999999727, 22.031000000000006]",0.9989999999999952
grid-3005570-m4,lol,grid,2026-09-16T16:53:30.490617+00:00,Hitpoint Masters - Summer 2026 (Playoffs: Playoffs),eSuba,Meavedron,4,False,5,4,1,14.9945,12.272400000000001,-2.7220999999999993,session_end cash+inventory,-0.18153989796258624,yes,0,358,4.9973,4.9998000000000005,13,10.995256673511294,10.995,34.089999999999996,78,437,3.0,8.0,91,20,5.0330000000000155,"[3.02800000000002, 5.0330000000000155]",0.0
grid-3005572-m1,lol,grid,2026-09-20T11:50:21.133874+00:00,Hitpoint Masters - Summer 2026 (Playoffs: Playoffs),eSuba,NightBirds,1,False,0,0,0,0,0,0.0,session_end cash+inventory,,<none>,0,,,,0,,,0.0,86,388,3.0,13.0,106,43,8.0,[],
grid-3005572-m2,lol,grid,2026-09-20T12:40:38.452220+00:00,Hitpoint Masters - Summer 2026 (Playoffs: Playoffs),eSuba,NightBirds,2,False,0,0,0,0,0,0.0,session_end cash+inventory,,<none>,0,,,,0,,,0.0,78,449,3.0,9.0,71,21,8.0,[],
grid-3005572-m3,lol,grid,2026-09-20T13:24:44.047288+00:00,Hitpoint Masters - Summer 2026 (Playoffs: Playoffs),NightBirds,eSuba,3,True,0,0,0,0,0,0.0,session_end cash+inventory,,<none>,0,,,,0,,,0.0,79,383,3.0,7.0,61,14,8.0,[],
grid-3005912-m1,dota,grid,2026-09-13T03:17:59.681747+00:00,<missing>,Team Kinetix,Carstensz,1,False,0,0,0,0,0,0.0,session_end cash+inventory,,<none>,0,,,,0,,,0.0,97,274,5.0,15.0,114,47,300.0,[],
grid-3005912-m2,dota,grid,2026-09-13T05:59:16.435995+00:00,<missing>,Carstensz,Team Kinetix,2,True,0,0,0,0,0,,unknown,,<none>,0,,,,0,,,0.0,,0,,,0,0,300.0,[],
grid-3005966-m1,dota,grid,2026-09-12T11:18:24.477680+00:00,<missing>, Pipsqueak+4,GamerLegion,1,True,0,0,0,0,0,0.0,session_end cash+inventory,,<none>,0,,29.9998,30.0018,45,,,0.0,53,399,4.0,11.0,112,40,900.0,[],
grid-3005966-m2,dota,grid,2026-09-12T12:24:22.169116+00:00,<missing>,GamerLegion, Pipsqueak+4,2,False,15,7,8,210.0032,215.75459999999998,5.751399999999998,session_end cash+inventory,0.02738720171883094,yes,0,121,29.999200000000002,30.0024,29,66.15859082078416,101.483,375.24983199999997,73,444,5.0,19.0,174,93,6.039999999999992,"[0.04399999999998272, 16.048000000000002]",4.039999999999992
grid-3005967-m1,dota,grid,2026-09-12T14:18:59.474664+00:00,BLAST Slam IX: Europe Closed Qualifier (Qualifiers),Dawn Bulls,MOUZ,1,False,5,2,3,60.002399999999994,60.4841,,unknown,,yes,0,235,29.9998,30.003200000000003,30,67.6800359646869,66.988,96.006508,62,364,5.0,20.0,145,80,237.03199999999998,"[207.03300000000002, 241.03300000000002]",4.001000000000033
grid-3005967-m2,dota,grid,2026-09-12T15:40:15.318974+00:00,<missing>,Dawn Bulls,MOUZ,2,False,5,3,2,89.99690000000001,91.8332,1.8363000000000014,session_end cash+inventory,0.02040403613902258,yes,0,133,30.0,30.003,29,57.855873738182986,40.025,124.82,50,360,6.0,19.0,160,87,15.037000000000006,"[5.035000000000025, 45.06]",10.001999999999981
grid-3005968-m1,dota,grid,2026-09-12T17:09:33.876752+00:00,<missing>,Klim Sani4,HULIGANI,1,False,5,1,4,30.0018,32.3093,2.3074999999999974,session_end cash+inventory,0.07691205194354997,no,0,179,30.000899999999998,30.0026,38,122.86498528979894,91.9975,48.380303999999995,60,389,4.0,14.0,137,57,2.0519999999999925,"[1.038000000000011, 6.028999999999996]",0.9939999999999998
grid-3005968-m2,dota,grid,2026-09-12T18:10:51.630018+00:00,<missing>,Klim Sani4,HULIGANI,2,False,0,0,0,0,0,0.0,session_end cash+inventory,,<none>,0,,29.9976,30.001900000000003,26,,,0.0,52,375,4.0,13.0,118,55,900.0,[],
grid-3005969-m1,dota,grid,2026-09-13T08:15:31.048185+00:00,<missing>, Pipsqueak+4,Natus Vincere,1,False,3,2,1,44.694,46.001999999999995,1.3079999999999927,session_end cash+inventory,0.029265673244730672,yes,0,295,29.995700000000003,30.0,56,215.996,215.996,56.1,68,316,4.0,14.0,105,47,57.03199999999998,"[51.02800000000002, 57.03199999999998]",0.0
grid-3005969-m2,dota,grid,2026-09-13T09:16:37.430178+00:00,BLAST Slam IX: Europe Closed Qualifier (Qualifiers),Natus Vincere, Pipsqueak+4,2,True,6,3,3,89.99260000000001,96.13080000000001,6.138199999999998,session_end cash+inventory,0.06820783042161241,yes,0,300,29.9963,29.999200000000002,39,444.09056681833505,383.993,118.68,62,448,4.0,16.0,161,92,8.03449999999998,"[0.03500000000002501, 15.02800000000002]",6.500500000000045
grid-3005970-m1,dota,grid,2026-09-13T11:11:18.420589+00:00,<missing>,Klim Sani4,Dawn Bulls,1,False,0,0,0,0,0,0.0,session_end cash+inventory,,<none>,0,,29.995900000000002,29.999599999999997,36,,,0.0,68,479,4.0,13.0,165,78,900.0,[],
grid-3005970-m2,dota,grid,2026-09-13T12:22:32.026259+00:00,<missing>,Dawn Bulls,Klim Sani4,2,True,5,3,2,89.9768,99.68700000000001,9.710200000000007,session_end cash+inventory,0.1079189302131217,yes,0,123,29.9982,30.0,45,47.40768347953216,46.002,177.84,50,606,4.0,15.0,213,93,7.054000000000002,"[3.031000000000006, 12.028999999999996]",3.024000000000001
grid-3005971-m1,dota,grid,2026-09-12T02:18:10.287089+00:00,<missing>,Team Nemesis,InterActive Philippines,1,True,6,4,2,15.0006,16.1874,1.186799999999999,session_end cash+inventory,0.07911683532658687,yes,0,212,4.9984,5.0025,19,79.04585916919959,78.995,19.740000000000002,86,409,5.0,19.0,167,92,26.034999999999997,"[19.029999999999973, 26.036]",0.0005000000000023874
grid-3005971-m2,dota,grid,2026-09-12T03:31:19.037066+00:00,<missing>,InterActive Philippines,Team Nemesis,2,False,7,5,2,23.9908,21.7155,-2.275299999999998,session_end cash+inventory,-0.09484052220017665,yes,0,214,5.0005,5.0024999999999995,32,156.27427808641977,190.005,32.4,61,492,4.0,11.0,146,43,9.038000000000011,"[1.0289999999999964, 10.033000000000015]",0.9950000000000045
grid-3005973-m1,dota,grid,2026-09-12T11:21:24.741958+00:00,<missing>,Xipto Esports,Team Bored,1,True,4,2,2,60.0007,40.453,-19.547700000000003,session_end cash+inventory,-0.3257911991026772,yes,0,266,30.0,30.001,90,487.8022154101292,487.732,134.843334,56,520,5.0,20.0,206,113,5.038999999999987,"[-10.0, 13.770999999999958]",4.3659999999999854
grid-3005973-m2,dota,grid,2026-09-12T12:47:51.885629+00:00,<missing>,Xipto Esports,Team Bored,2,True,10,4,6,90.0007,96.106,6.105300000000014,session_end cash+inventory,0.06783613905225197,no,0,498,29.999649999999995,30.0024,36,123.87611872471983,122.989,161.758276,62,344,5.0,18.0,135,76,10.532500000000027,"[1.038000000000011, 15.025999999999954]",3.9850000000000136
grid-3005974-m1,dota,grid,2026-09-13T02:13:24.542199+00:00,<missing>,Team Nemesis,Direborn,1,True,3,1,2,29.995900000000002,28.4714,-1.5245000000000033,session_end cash+inventory,-0.050823612560383355,yes,0,167,29.995900000000002,29.9975,47,621.1881639157746,559.4945,44.762208,70,418,5.0,19.0,160,77,225.024,"[171.03199999999998, 225.029]",0.0049999999999954525
grid-3005974-m2,dota,grid,2026-09-13T03:32:49.085283+00:00,<missing>,Direborn,Team Nemesis,2,False,0,0,0,0,0,0.0,session_end cash+inventory,,<none>,0,,29.999200000000002,30.0,3,,,0.0,75,711,3.0,12.0,181,75,900.0,[],
grid-3005974-m3,dota,grid,2026-09-13T04:49:29.860763+00:00,<missing>,Direborn,Team Nemesis,3,False,2,1,1,29.34,28.932499999999997,-0.4075000000000024,session_end cash+inventory,-0.013888888888888971,yes,0,112,29.995199999999997,29.999599999999997,12,12.023,12.023,40.75,68,444,4.0,12.0,126,44,57.03949999999999,"[51.02799999999999, 63.05099999999999]",6.011499999999998
grid-3005975-m1,dota,grid,2026-09-13T05:56:30.094284+00:00,<missing>,Execration,Team Bored,1,True,0,0,0,0,0,0.0,session_end cash+inventory,,<none>,0,,29.998499999999996,30.0,17,,,0.0,49,682,6.0,21.0,304,176,900.0,[],
grid-3005975-m2,dota,grid,2026-09-13T07:47:09.144069+00:00,<missing>,Execration,Team Bored,2,True,13,9,4,244.8978,264.9814,20.08360000000001,session_end cash+inventory,0.0820080866385897,yes,0,154,25.092000000000002,29.9991,42,152.27273248136316,233.003,422.54999999999995,72,376,5.0,17.0,139,71,7.040999999999997,"[2.0349999999999966, 19.062999999999988]",3.007000000000005
grid-3005975-m3,dota,grid,2026-09-13T08:52:18.844670+00:00,<missing>,Execration,Team Bored,3,True,15,8,7,179.73604500000002,187.6513,7.915255000000004,session_end cash+inventory,0.044038217264656086,yes,0,182,29.9968,29.999200000000002,20,34.83317276097224,46.989,410.17511700000006,63,427,4.0,16.0,142,73,7.041999999999973,"[-0.9470000000000027, 12.031000000000006]",3.011999999999972
grid-3005976-m1,dota,grid,2026-09-13T10:26:56.679100+00:00,<missing>,Team Nemesis,Team Bored,1,True,7,2,5,59.99209999999999,59.2158,-0.7762999999999916,session_end cash+inventory,-0.012940037104885338,yes,0,118,29.9976,30.0,47,107.12799784949812,21.004,104.68254,68,507,4.0,14.0,181,83,226.03500000000003,"[217.02800000000002, 236.039]",6.989999999999952
grid-3005976-m2,dota,grid,2026-09-13T11:46:23.542138+00:00,<missing>,Team Nemesis,Team Bored,2,True,0,0,0,0,0,0.0,session_end cash+inventory,,<none>,0,,29.9981,29.999200000000002,26,,,0.0,-11,751,4.0,16.0,241,107,900.0,[],
grid-3006421-m1,dota,grid,2026-09-13T09:20:10.126933+00:00,<missing>,ЯЧЁ123,Carstensz,1,True,0,0,0,0,0,0.0,session_end cash+inventory,,<none>,0,,,,0,,,0.0,,2,1.0,1.0,0,0,300.0,[],
grid-3006421-m2,dota,grid,2026-09-13T10:34:00.266023+00:00,<missing>,ЯЧЁ123,Carstensz,2,True,0,0,0,0,0,0.0,session_end cash+inventory,,<none>,0,,,,0,,,0.0,,176,10.0,29.0,78,57,300.0,[],
grid-3006423-m1,dota,grid,2026-09-10T12:55:00.417115+00:00,<missing>,GamerLegion,Klim Sani4,1,True,0,0,0,0,0,0.0,session_end cash+inventory,,<none>,0,,,,0,,,0.0,2195,574,4.0,10.0,149,49,900.0,[],
grid-3006423-m2,dota,grid,2026-09-10T14:05:37.000511+00:00,<missing>,GamerLegion,Klim Sani4,2,True,13,9,4,483.253394,400.9087,-82.34469400000012,session_end cash+inventory,-0.170396514587128,no,0,340,100.0002,100.00120000000001,30,154.98444606285855,174.5,926.2700000000002,60,748,4.0,13.0,220,96,4.038999999999987,"[1.035000000000025, 14.036999999999978]",1.0670000000000073
grid-3006669-m1,dota,grid,2026-09-10T16:18:35.369095+00:00,<missing>,Natus Vincere,Klim Sani4,1,True,7,3,4,299.9993,259.1753,-40.823999999999984,session_end cash+inventory,-0.13608031752074082,yes,0,105,99.9998,100.001,236,126.94841006775059,66.974,529.87149,63,454,5.0,16.0,187,100,454.047,"[451.03099999999995, 461.057]",2.9969999999999573
grid-3006669-m2,dota,grid,2026-09-10T17:43:02.217431+00:00,<missing>,Natus Vincere,Klim Sani4,2,True,17,12,5,611.359183,589.1479999999999,-22.21118299999999,session_end cash+inventory,-0.03633082419897174,"no,yes",0,96,100.00080000000001,100.0026,29,72.63865251144213,52.006,1105.3636739999997,48,317,4.0,15.0,114,53,28.031999999999996,"[19.0, 36.05500000000001]",4.000999999999991
grid-3006669-m3,dota,grid,2026-09-10T18:39:11.020761+00:00,<missing>,Natus Vincere,Klim Sani4,3,True,0,0,0,0,0,0.0,session_end cash+inventory,,<none>,0,,,,0,,,0.0,108,286,4.0,16.0,101,58,900.0,[],
grid-3007236-m1,dota,grid,2026-09-20T09:10:48.961609+00:00,<missing>,Yellow Submarine,Inner Circle,1,False,3,1,2,59.99640000000001,59.1141,-0.8823000000000061,session_end cash+inventory,-0.014705882352941275,no,0,105,59.9976,60.0,9,128.1334763685821,128.49450000000002,88.23,63,281,5.0,16.0,114,50,114.02499999999998,"[108.03, 115.024]",0.9990000000000236
grid-3007236-m2,dota,grid,2026-09-20T10:09:23.788595+00:00,<missing>,Inner Circle,Yellow Submarine,2,True,0,0,0,0,0,0.0,session_end cash+inventory,,<none>,0,,59.9996,60.0,15,,,0.0,71,387,5.0,14.0,152,60,900.0,[],
grid-3007237-m1,dota,grid,2026-09-20T12:15:53.442166+00:00,<missing>,PuckChamp,Team Lynx,1,False,0,0,0,0,0,0.0,session_end cash+inventory,,<none>,0,,,,0,,,0.0,65,724,3.0,10.0,152,60,900.0,[],
grid-3007237-m2,dota,grid,2026-09-20T13:40:36.663198+00:00,<missing>,Team Lynx,PuckChamp,2,True,0,0,0,0,0,0.0,session_end cash+inventory,,<none>,0,,59.997600000000006,59.998400000000004,9,,,0.0,44,487,3.0,12.0,116,53,900.0,[],
grid-3007237-m3,dota,grid,2026-09-20T15:19:48.941744+00:00,<missing>,Team Lynx,PuckChamp,3,True,0,0,0,0,0,,unknown,,<none>,0,,,,0,,,0.0,,0,,,0,0,900.0,[],
grid-3007239-m1,dota,grid,2026-09-13T18:18:06.618084+00:00,<missing>,Kalmychata,Spirit Academy,1,True,0,0,0,0,0,0.0,session_end cash+inventory,,<none>,0,,29.9968,29.9998,18,,,0.0,69,646,4.0,14.0,200,92,900.0,[],
grid-3007239-m2,dota,grid,2026-09-13T19:44:45.271461+00:00,<missing>,Kalmychata,Spirit Academy,2,True,6,3,3,89.9954,94.9959,5.000499999999995,session_end cash+inventory,0.05556395104638676,yes,0,471,29.9982,30.0,53,136.75080042504337,42.998,147.555763,66,567,3.0,15.0,163,84,71.03099999999995,"[64.03700000000003, 125.02999999999997]",2.5009999999999764
grid-3007240-m1,dota,grid,2026-09-14T09:13:27.775183+00:00,<missing>,Zero Tenacity,Team Lynx,1,True,2,1,1,29.9956,29.9956,0.0,session_end cash+inventory,0.0,yes,0,496,29.99855,29.999200000000002,18,30.008,30.008,50.84,61,544,4.0,13.0,147,57,3.0319999999999823,"[0.02800000000002001, 6.0359999999999445]",3.0039999999999623
grid-3007240-m2,dota,grid,2026-09-14T10:22:05.749119+00:00,<missing>,Zero Tenacity,Team Lynx,2,True,5,4,1,89.98913399999999,96.495,6.5058659999999975,session_end cash+inventory,0.07229612855258723,yes,0,165,29.995199999999997,29.9988,20,133.43362908448626,118.502,128.66,62,392,4.0,15.0,143,69,9.045999999999992,"[8.033999999999992, 42.04200000000003]",1.0120000000000005
grid-3007240-m3,dota,grid,2026-09-14T11:27:50.935476+00:00,<missing>,Zero Tenacity,Team Lynx,3,True,2,1,1,1.02,1.04,0.020000000000000018,session_end cash+inventory,0.01960784313725492,yes,0,134,29.9982,30.0,13,27.968,27.968,2.0,18,445,4.0,13.0,152,64,47.016000000000005,"[44.0, 50.03200000000001]",3.0160000000000053
grid-3007243-m1,dota,grid,2026-09-14T18:21:19.105244+00:00,<missing>,uralan,Spirit Academy,1,False,0,0,0,0,0,0.0,session_end cash+inventory,,<none>,0,,29.9972,29.999599999999997,15,,,0.0,57,412,5.0,15.0,162,68,900.0,[],
grid-3007243-m2,dota,grid,2026-09-14T19:28:25.275768+00:00,<missing>,uralan,Spirit Academy,2,False,0,0,0,0,0,0.0,session_end cash+inventory,,<none>,0,,29.995199999999997,29.9975,18,,,0.0,51,526,4.0,12.0,166,62,900.0,[],
grid-3007245-m1,dota,grid,2026-09-15T12:20:15.927533+00:00,<missing>,Team Synapse,PuckChamp,1,True,0,0,0,0,0,0.0,session_end cash+inventory,,<none>,0,,,,0,,,0.0,73,397,4.0,12.0,131,49,900.0,[],
grid-3007245-m2,dota,grid,2026-09-15T13:19:42.912770+00:00,<missing>,Team Synapse,PuckChamp,2,True,2,1,1,29.9963,32.654199999999996,2.6578999999999944,session_end cash+inventory,0.08860759493670867,yes,0,513,29.998800000000003,29.999200000000002,3,154.32,154.32,37.97,58,432,4.0,14.0,142,57,5.197000000000003,"[1.356999999999971, 9.037000000000035]",3.840000000000032
grid-3007246-m1,dota,grid,2026-09-15T15:20:08.487437+00:00,<missing>,Zero Tenacity,Nemiga Gaming,1,False,10,7,3,89.997,91.782,1.7849999999999966,session_end cash+inventory,0.01983399446648218,no,0,308,29.997799999999998,30.0,16,116.91214908221801,116.0,176.503847,58,355,3.0,13.0,98,43,1800.528,"[1790.0230000000001, 1802.056]",1.52800000000002
grid-3007246-m2,dota,grid,2026-09-15T16:46:06.713214+00:00,European Pro League Season 40 - Dota 2 (Group Stage),Nemiga Gaming,Zero Tenacity,2,True,20,8,12,209.9881,207.34189999999998,-2.6462000000000074,session_end cash+inventory,-0.012601666475386021,yes,0,112,29.997000000000003,29.999200000000002,60,45.452900030457215,38.024,388.311919,19,614,4.0,13.0,196,81,5.026999999999994,"[0.028000000000005798, 12.074000000000012]",2.9990000000000023
grid-3007246-m3,dota,grid,2026-09-15T18:02:54.825322+00:00,<missing>,Nemiga Gaming,Zero Tenacity,3,True,0,0,0,0,0,,unknown,,<none>,0,,,,0,,,0.0,64,355,4.0,13.0,111,41,900.0,[],
grid-3007247-m1,dota,grid,2026-09-15T19:34:47.960164+00:00,<missing>,Yellow Submarine,uralan,1,True,0,0,0,0,0,0.0,session_end cash+inventory,,<none>,0,,29.9936,29.997,9,,,0.0,52,466,5.0,17.0,199,92,900.0,[],
grid-3007247-m2,dota,grid,2026-09-15T20:55:17.641660+00:00,<missing>,uralan,Yellow Submarine,2,False,0,0,0,0,0,0.0,session_end cash+inventory,,<none>,0,,29.99595,29.999599999999997,12,,,0.0,64,677,3.0,10.0,153,50,900.0,[],
grid-3007249-m1,dota,grid,2026-09-16T12:16:44.985341+00:00,<missing>,Zero Tenacity,PuckChamp,1,True,0,0,0,0,0,0.0,session_end cash+inventory,,<none>,0,,,,0,,,0.0,67,611,4.0,14.0,190,90,900.0,[],
grid-3007249-m2,dota,grid,2026-09-16T13:42:43.618150+00:00,<missing>,PuckChamp,Zero Tenacity,2,False,0,0,0,0,0,0.0,session_end cash+inventory,,<none>,0,,59.9987,59.999199999999995,3,,,0.0,21,353,5.0,18.0,138,63,900.0,[],
grid-3007249-m3,dota,grid,2026-09-16T14:48:18.842090+00:00,<missing>,Zero Tenacity,PuckChamp,3,True,6,4,2,115.6097,121.82400000000001,6.2143000000000015,session_end cash+inventory,0.053752410048637796,yes,0,439,55.617599999999996,59.999199999999995,24,37.95895449172577,38.015,152.28,52,324,5.0,14.0,125,53,2.0400000000000205,"[1.0319999999999823, 2.6089999999999804]",0.31049999999996203
grid-3007250-m1,dota,grid,2026-09-16T15:48:09.969830+00:00,<missing>,Inner Circle,uralan,1,True,0,0,0,0,0,0.0,session_end cash+inventory,,<none>,0,,,,0,,,0.0,61,761,3.0,10.0,174,58,900.0,[],
grid-3007250-m2,dota,grid,2026-09-16T17:08:05.622914+00:00,<missing>,uralan,Inner Circle,2,False,9,5,4,179.99790000000002,177.58710000000002,-2.410799999999984,session_end cash+inventory,-0.013393489590711802,yes,0,213,59.998400000000004,60.0,22,111.99972947753525,112.0,243.26999999999998,62,569,4.0,14.0,181,82,71.04599999999999,"[69.03699999999998, 85.077]",2.0090000000000146
grid-3007250-m3,dota,grid,2026-09-16T18:28:28.540101+00:00,<missing>,Inner Circle,uralan,3,True,0,0,0,0,0,0.0,session_end cash+inventory,,<none>,0,,59.997099999999996,59.9987,9,,,0.0,7,451,3.0,11.0,118,46,900.0,[],
grid-3007254-m1,dota,grid,2026-09-17T15:12:41.963558+00:00,<missing>,Team Lynx,Nemiga Gaming,1,False,11,5,6,239.9839,240.1779,0.19399999999998907,session_end cash+inventory,0.0008083875626656166,no,0,226,59.9974,60.0,61,252.6037257737058,27.016,360.977846,67,337,5.0,15.0,131,66,5.036000000000001,"[-8.0, 15.04000000000002]",4.973000000000013
grid-3007254-m2,dota,grid,2026-09-17T16:15:46.775193+00:00,<missing>,Nemiga Gaming,Team Lynx,2,True,0,0,0,0,0,0.0,session_end cash+inventory,,<none>,0,,59.9996,60.0,7,,,0.0,11,686,5.0,18.0,292,143,900.0,[],
grid-3007254-m3,dota,grid,2026-09-17T18:04:39.180103+00:00,<missing>,Nemiga Gaming,Team Lynx,3,True,11,3,8,179.9936,160.09580000000003,-19.89779999999998,session_end cash+inventory,-0.11054726390271644,no,0,406,59.995,60.0,9,81.76389313390551,82.251,240.01999999999998,63,967,4.0,13.0,284,112,6.538000000000011,"[3.040999999999997, 8.045999999999992]",1.3070000000000164
grid-3007261-m1,dota,grid,2026-09-18T09:22:59.392364+00:00,<missing>,Team Lynx,Team Synapse,1,True,0,0,0,0,0,0.0,session_end cash+inventory,,<none>,0,,,,0,,,0.0,8,446,5.0,16.0,186,95,900.0,[],
grid-3007261-m2,dota,grid,2026-09-18T10:42:28.020707+00:00,<missing>,Team Synapse,Team Lynx,2,False,2,1,1,59.9926,61.5114,1.5187999999999988,session_end cash+inventory,0.02531645569620251,no,0,113,59.9955,60.0,49,98.973,98.973,75.94,-43,337,5.0,13.0,132,53,3.539500000000004,"[2.0529999999999973, 5.0260000000000105]",1.4865000000000066
grid-3007262-m1,dota,grid,2026-09-18T12:16:38.894687+00:00,<missing>,Yellow Submarine,Spirit Academy,1,False,0,0,0,0,0,0.0,session_end cash+inventory,,<none>,0,,59.992999999999995,59.9936,3,,,0.0,55,491,4.0,13.0,170,70,900.0,[],
grid-3007262-m2,dota,grid,2026-09-18T13:26:14.489373+00:00,<missing>,Yellow Submarine,Spirit Academy,2,False,0,0,0,0,0,0.0,session_end cash+inventory,,<none>,0,,,,0,,,0.0,54,391,3.0,10.0,112,30,900.0,[],
grid-3007263-m1,dota,grid,2026-09-18T15:21:09.542305+00:00,<missing>,Inner Circle,Kalmychata,1,True,4,2,2,62.4197,64.3393,1.919599999999996,session_end cash+inventory,0.030753111597780766,yes,0,336,59.997800000000005,60.0,32,28.498388728188857,21.981,107.17,64,457,5.0,16.0,186,92,138.0325,"[136.0, 146.027]",2.0120000000000005
grid-3007263-m2,dota,grid,2026-09-18T16:41:45.648966+00:00,<missing>,Kalmychata,Inner Circle,2,False,16,5,11,258.7912,303.14300000000003,44.35179999999998,session_end cash+inventory,0.17138063427195355,no,0,159,59.99785,59.999500000000005,30,195.3305612144726,227.983,540.3263900000001,58,445,4.0,15.0,153,77,81.03550000000001,"[78.02599999999995, 98.02999999999997]",2.9905000000000257
grid-3007265-m1,dota,grid,2026-09-19T09:42:04.091454+00:00,<missing>,Team Synapse,Nemiga Gaming,1,True,0,0,0,0,0,0.0,session_end cash+inventory,,<none>,0,,,,0,,,0.0,62,359,5.0,15.0,132,60,900.0,[],
grid-3007265-m2,dota,grid,2026-09-19T10:44:30.159299+00:00,<missing>,Nemiga Gaming,Team Synapse,2,False,0,0,0,0,0,0.0,session_end cash+inventory,,<none>,0,,59.9982,59.999399999999994,43,,,0.0,56,708,4.0,12.0,198,81,900.0,[],
grid-3007265-m3,dota,grid,2026-09-19T12:13:01.264007+00:00,<missing>,Nemiga Gaming,Team Synapse,3,False,4,3,1,179.9918,214.5995,34.60770000000002,session_end cash+inventory,0.1922737591379164,yes,0,152,59.99640000000001,59.9985,21,453.182900146552,469.03,252.46999999999997,30,430,4.0,14.0,141,65,255.02800000000002,"[254.058, 260.042]",0.48500000000001364
grid-3007266-m1,dota,grid,2026-09-19T13:38:48.614901+00:00,<missing>,Inner Circle,Spirit Academy,1,False,2,1,1,20.1056,18.7872,-1.3184000000000005,session_end cash+inventory,-0.06557377049180331,no,0,155,59.998400000000004,60.0,18,33.006,33.006,32.96,37,1019,3.0,8.0,191,51,1.5290000000000106,"[-1.9679999999999893, 5.0260000000000105]",3.497
grid-3007266-m2,dota,grid,2026-09-19T15:12:19.364467+00:00,<missing>,Inner Circle,Spirit Academy,2,False,0,0,0,0,0,0.0,session_end cash+inventory,,<none>,0,,59.99699999999999,60.0,42,,,0.0,53,376,6.0,20.0,168,84,900.0,[],
grid-3007266-m3,dota,grid,2026-09-19T16:27:11.709249+00:00,<missing>,Inner Circle,Spirit Academy,3,False,5,4,1,177.64466,218.39219999999997,,unknown,,no,0,309,59.997800000000005,60.0,26,515.8653790102676,527.932,358.02,74,688,4.0,13.0,213,90,2.1019999999999754,"[2.0330000000000155, 6.035000000000025]",0.06899999999995998
grid-3007267-m1,dota,grid,2026-09-17T19:53:58.887987+00:00,<missing>,uralan,Kalmychata,1,False,0,0,0,0,0,0.0,session_end cash+inventory,,<none>,0,,,,0,,,0.0,20,617,5.0,16.0,231,112,900.0,[],
grid-3007267-m2,dota,grid,2026-09-17T21:27:42.940160+00:00,<missing>,Kalmychata,uralan,2,True,4,3,1,119.994823,133.5257,13.530877000000004,session_end cash+inventory,0.11276217308141706,yes,0,245,59.9955,59.9987,43,224.92244515940834,202.008,173.41,62,247,5.0,17.0,84,45,67.53050000000002,"[65.02600000000001, 74.03399999999999]",2.5045000000000073
grid-3007267-m3,dota,grid,2026-09-17T22:33:43.672431+00:00,<missing>,uralan,Kalmychata,3,False,11,7,4,179.982981,180.6155,0.6325189999999807,session_end cash+inventory,0.0035143267240360953,yes,0,98,59.9927,59.998400000000004,20,127.1138469569984,131.99099999999999,221.35864199999997,55,560,2.0,8.0,76,22,195.06100000000004,"[194.01999999999998, 238.02499999999998]",0.9689999999999372
grid-3007273-m1,dota,grid,2026-09-21T09:18:42.536543+00:00,<missing>,Kalmychata,Nemiga Gaming,1,False,4,3,1,21.651519,23.470200000000002,1.8186810000000015,session_end cash+inventory,0.08399784791080947,no,0,451,49.0068,59.99699999999999,11,99.42641785802593,95.01,60.18,28,427,5.0,18.0,153,75,7.024000000000001,"[3.032000000000039, 23.028999999999996]",1.9969999999999857
grid-3007273-m2,dota,grid,2026-09-21T10:28:52.520002+00:00,<missing>,Kalmychata,Nemiga Gaming,2,False,10,2,8,106.10569999999998,120.59740000000001,14.491700000000014,session_end cash+inventory,0.136577959525266,no,0,224,59.998400000000004,59.999500000000005,28,165.31488975732495,244.0,212.484394,65,470,4.0,15.0,159,74,3.024499999999989,"[2.0219999999999914, 20.024999999999977]",0.998500000000007
grid-3007274-m1,dota,grid,2026-09-21T12:14:39.056677+00:00,<missing>,Zero Tenacity,Two Move,1,False,4,1,3,59.13,57.67,-1.4600000000000009,session_end cash+inventory,-0.02469135802469137,yes,0,312,59.9987,60.0,25,57.03100424657535,57.025,73.0,72,448,5.0,15.0,180,81,57.54050000000001,"[57.02499999999998, 58.08699999999999]",0.5030000000000143
grid-3007274-m2,dota,grid,2026-09-21T13:26:44.858066+00:00,<missing>,Zero Tenacity,Two Move,2,False,3,1,2,59.99699999999999,59.997,7.105427357601002e-15,session_end cash+inventory,1.18429710778889e-16,yes,0,196,59.9974,60.0,22,48.359136856842845,40.016999999999996,85.71,74,599,4.0,16.0,210,93,14.045999999999992,"[5.024000000000001, 17.036]",2.990000000000009
grid-3007275-m1,dota,grid,2026-09-21T15:20:42.203467+00:00,<missing>,Team Synapse,Spirit Academy,1,True,0,0,0,0,0,0.0,session_end cash+inventory,,<none>,0,,59.998400000000004,59.9996,25,,,0.0,77,236,4.0,17.0,93,42,900.0,[],
grid-3007275-m2,dota,grid,2026-09-21T16:15:56.464862+00:00,<missing>,Team Synapse,Spirit Academy,2,True,0,0,0,0,0,0.0,session_end cash+inventory,,<none>,0,,,,0,,,0.0,55,905,4.0,10.0,258,76,900.0,[],
grid-3007276-m1,dota,grid,2026-09-21T18:14:15.294115+00:00,<missing>,Team Lynx,Yellow Submarine,1,False,3,2,1,41.205,47.235,6.030000000000001,session_end cash+inventory,0.1463414634146342,no,0,379,59.996700000000004,59.999399999999994,18,14.075666666666665,20.509999999999998,100.5,54,523,5.0,18.0,227,132,24.038999999999987,"[17.036999999999978, 25.048000000000002]",1.0090000000000146
grid-3007276-m2,dota,grid,2026-09-21T19:53:15.909954+00:00,<missing>,Yellow Submarine,Team Lynx,2,True,18,13,5,376.780854,377.6868,0.9059459999999966,session_end cash+inventory,0.0024044374611455087,"no,yes",0,51,59.9955,60.0,83,112.7039618393463,87.00800000000001,709.3975439999999,18,528,4.0,18.0,184,107,10.043,"[-0.9540000000000077, 19.059000000000026]",3.498499999999993
grid-3007276-m3,dota,grid,2026-09-21T21:17:26.269689+00:00,<missing>,Yellow Submarine,Team Lynx,3,True,19,12,7,479.970383,520.84157,40.873380150000045,session_end cash+inventory,0.08515812974651822,yes,0,174,59.9976,60.0,31,185.7564062792947,465.972,797.9135,76,395,5.0,17.0,161,78,8.041999999999973,"[1.059000000000026, 2665.0]",1.9419999999999504
grid-3007921-m1,dota,grid,2026-09-14T12:34:23.079281+00:00,<missing>,BALU,Nemiga Gaming,1,True,11,6,5,149.974312,162.7865,12.812188000000006,session_end cash+inventory,0.08542921670479146,no,0,225,29.9963,30.0,39,49.33912310496059,50.009,188.042528,62,198,4.0,14.0,66,29,39.041,"[26.476, 50.045000000000016]",1.0120000000000005
grid-3007921-m2,dota,grid,2026-09-14T13:22:37.180133+00:00,<missing>,Nemiga Gaming,BALU,2,False,0,0,0,0,0,0.0,session_end cash+inventory,,<none>,0,,,,0,,,0.0,24,491,4.0,11.0,135,43,900.0,[],
grid-3007922-m1,dota,grid,2026-09-14T15:22:05.297336+00:00,<missing>,Inner Circle,Two Move,1,False,7,3,4,27.605046,27.952099999999998,0.34705400000000036,session_end cash+inventory,0.012572121778025667,yes,0,186,29.995900000000002,29.9998,17,44.66973608536196,72.52950000000001,41.66211499999999,26,387,5.0,17.0,159,87,6.048999999999978,"[0.057999999999992724, 14.031999999999982]",1.997000000000071
grid-3007922-m2,dota,grid,2026-09-14T16:30:28.765515+00:00,<missing>,Inner Circle,Two Move,2,False,0,0,0,0,0,0.0,session_end cash+inventory,,<none>,0,,29.9991,30.0,15,,,0.0,74,642,3.0,8.0,125,28,900.0,[],
grid-3007986-m1,dota,grid,2026-09-20T18:34:58.770744+00:00,<missing>,Kalmychata,Two Move,1,True,0,0,0,0,0,0.0,session_end cash+inventory,,<none>,0,,,,0,,,0.0,70,404,5.0,17.0,150,78,900.0,[],
grid-3007986-m2,dota,grid,2026-09-20T19:46:30.113092+00:00,<missing>,Kalmychata,Two Move,2,True,2,1,1,59.99699999999999,55.7115,-4.285499999999992,session_end cash+inventory,-0.0714285714285713,no,0,223,59.99699999999999,59.9985,9,71.03,71.03,85.71,67,600,3.0,8.0,119,30,12.540000000000006,"[12.025000000000006, 13.055000000000007]",0.5150000000000006
grid-3007986-m3,dota,grid,2026-09-20T20:49:12.549073+00:00,<missing>,Kalmychata,Two Move,3,True,9,3,6,125.563342,107.6183,-17.945041999999987,session_end cash+inventory,-0.14291625019028234,"no,yes",0,125,59.9955,59.9987,34,154.348202787881,209.008,207.23624999999998,43,694,3.0,10.0,174,53,10.024000000000001,"[1.0260000000000105, 31.02600000000001]",5.975000000000023
grid-3007987-m1,dota,grid,2026-09-16T09:19:28.336030+00:00,<missing>,BALU,Team Synapse,1,True,5,3,2,119.97189999999999,120.66,0.6881000000000057,session_end cash+inventory,0.005735509731862259,no,0,189,59.993399999999994,59.996300000000005,36,83.35400444132772,84.003,128.33999999999997,11,309,5.0,13.0,112,40,5.082999999999998,"[1.0250000000000057, 9.040999999999997]",3.950000000000017
grid-3007987-m2,dota,grid,2026-09-16T10:11:38.265326+00:00,<missing>,Team Synapse,BALU,2,False,0,0,0,0,0,0.0,session_end cash+inventory,,<none>,0,,,,0,,,0.0,56,258,5.0,16.0,100,49,900.0,[],
grid-3007988-m1,dota,grid,2026-09-16T19:42:24.209361+00:00,<missing>,Yellow Submarine,Two Move,1,True,24,15,9,357.227739,422.3011,65.073361,session_end cash+inventory,0.18216211647550698,yes,0,123,42.4704,59.9996,102,122.03335579859338,96.002,544.090875,64,241,4.0,15.0,73,41,5.5294999999999845,"[0.04099999999999682, 21.04600000000005]",2.501999999999981
grid-3007988-m2,dota,grid,2026-09-16T20:30:59.094931+00:00,European Pro League Season 40 - Dota 2 (Group Stage),Yellow Submarine,Two Move,2,True,2,1,1,59.9949,62.851800000000004,2.856900000000003,session_end cash+inventory,0.04761904761904767,no,0,345,59.997600000000006,60.0,9,13.008,13.008,95.23,23,300,5.0,17.0,115,57,2.0430000000000064,"[1.0389999999999873, 3.0470000000000255]",1.004000000000019
grid-3007988-m3,dota,grid,2026-09-16T21:30:17.772592+00:00,<missing>,Yellow Submarine,Two Move,3,True,14,11,3,216.515425,227.1735,10.658074999999982,session_end cash+inventory,0.04922547666061198,yes,0,405,59.99575,59.999500000000005,32,45.030889920579625,31.025,357.44152600000007,54,617,4.0,15.0,194,107,2.0529999999999973,"[2.0299999999999727, 13.028999999999996]",0.019000000000005457
grid-3007990-m1,dota,grid,2026-09-17T12:26:57.206650+00:00,<missing>,Spirit Academy,Two Move,1,False,11,8,3,179.978014,155.98729999999998,-23.990668286000012,session_end cash+inventory,-0.1332977720600918,"no,yes",0,310,59.9976,59.999199999999995,24,45.552016252520694,48.96,415.226667,71,556,4.0,11.0,150,55,371.024,"[364.02700000000004, 380.03]",2.9840000000000373
grid-3007990-m2,dota,grid,2026-09-17T13:41:19.997852+00:00,<missing>,Two Move,Spirit Academy,2,True,11,9,2,141.691753,141.22200000000004,-0.469752999999983,session_end cash+inventory,-0.0033153164531741163,yes,0,104,59.998400000000004,60.0,23,33.39875358188771,46.991,237.96,76,388,4.0,17.0,133,66,3.032999999999987,"[0.03499999999999659, 7.091000000000008]",0.9949999999999761
grid-3008205-m1,lol,grid,2026-09-21T15:03:36.804122+00:00,EMEA Masters - Summer 2026 (Play-Ins: Group A),Skillcamp Esport,Arctic Pandas,1,True,0,0,0,0,0,0.0,session_end cash+inventory,,<none>,0,,19.994699999999998,19.9998,3,,,0.0,84,428,3.0,10.0,112,35,8.0,[],
grid-3008205-m2,lol,grid,2026-09-21T15:55:09.020055+00:00,EMEA Masters - Summer 2026 (Play-Ins: Group A),Skillcamp Esport,Arctic Pandas,2,True,0,0,0,0,0,0.0,session_end cash+inventory,,<none>,0,,,,0,,,0.0,76,338,3.0,13.0,100,34,8.0,[],
grid-3008205-m3,lol,grid,2026-09-21T16:46:51.204221+00:00,EMEA Masters - Summer 2026 (Play-Ins: Group A),Skillcamp Esport,Arctic Pandas,3,True,3,2,1,39.9987,36.81,-3.188699999999997,session_end cash+inventory,-0.07972009090295427,yes,0,215,19.9969,20.0,27,176.00361369193155,176.022,49.08,90,343,4.0,16.0,105,53,8.069000000000017,"[1.0550000000000068, 14.038999999999987]",5.96999999999997
grid-3008206-m1,lol,grid,2026-09-21T15:05:07.365117+00:00,EMEA Masters - Summer 2026 (Play-Ins: Group B),Unicorns Of Love Sexy Edition,The Otter Side,1,True,0,0,0,0,0,0.0,session_end cash+inventory,,<none>,0,,,,0,,,0.0,84,296,4.0,14.0,89,32,8.0,[],
grid-3008206-m2,lol,grid,2026-09-21T15:50:13.015633+00:00,EMEA Masters - Summer 2026 (Play-Ins: Group B),Unicorns Of Love Sexy Edition,The Otter Side,2,True,0,0,0,0,0,0.0,session_end cash+inventory,,<none>,0,,,,0,,,0.0,73,490,3.0,9.0,93,36,8.0,[],
grid-3008208-m1,lol,grid,2026-09-21T15:04:30.921715+00:00,EMEA Masters - Summer 2026 (Play-Ins: Group D),Bubliki,Barça eSports,1,False,0,0,0,0,0,0.0,session_end cash+inventory,,<none>,0,,19.998900000000003,19.9998,3,,,0.0,82,400,3.0,12.0,103,44,8.0,[],
grid-3008208-m2,lol,grid,2026-09-21T15:55:53.095844+00:00,EMEA Masters - Summer 2026 (Play-Ins: Group D),Bubliki,Barça eSports,2,False,0,0,0,0,0,0.0,session_end cash+inventory,,<none>,0,,19.998800000000003,19.9995,3,,,0.0,74,489,3.0,11.0,107,41,8.0,[],
grid-3008208-m3,lol,grid,2026-09-21T16:54:27.508238+00:00,EMEA Masters - Summer 2026 (Play-Ins: Group D),Barça eSports,Bubliki,3,True,5,3,2,59.9911,57.919799999999995,-2.0713000000000044,session_end cash+inventory,-0.03452678814024087,yes,0,253,19.99625,19.9998,10,163.64551347898305,163.4865,78.27,79,334,3.0,10.0,71,24,5.048999999999978,"[1.0620000000000118, 66.04500000000002]",3.9869999999999663
grid-3008209-m1,lol,grid,2026-09-21T17:40:23.621159+00:00,EMEA Masters - Summer 2026 (Play-Ins: Group A),Pyramid IV Esports,Lodis,1,True,2,1,1,20.0,21.0,1.0,session_end cash+inventory,0.05,no,0,336,19.99625,19.999200000000002,22,245.0,245.0,25.0,75,502,3.0,12.0,134,54,47.543000000000006,"[44.043000000000006, 51.043000000000006]",3.5
grid-3008209-m2,lol,grid,2026-09-21T18:38:56.904005+00:00,EMEA Masters - Summer 2026 (Play-Ins: Group A),Lodis,Pyramid IV Esports,2,False,0,0,0,0,0,0.0,session_end cash+inventory,,<none>,0,,,,0,,,0.0,78,576,2.0,11.0,107,47,8.0,[],
grid-3008211-m1,lol,grid,2026-09-21T16:55:06.758567+00:00,EMEA Masters - Summer 2026 (Play-Ins: Group C),UCAM Esports Club,mCon esports,1,True,0,0,0,0,0,0.0,session_end cash+inventory,,<none>,0,,,,0,,,0.0,93,480,3.0,9.0,102,23,8.0,[],
grid-3008211-m2,lol,grid,2026-09-21T17:43:03.873581+00:00,EMEA Masters - Summer 2026 (Play-Ins: Group C),UCAM Esports Club,mCon esports,2,True,0,0,0,0,0,0.0,session_end cash+inventory,,<none>,0,,,,0,,,0.0,74,348,4.0,13.0,104,45,8.0,[],
grid-3008213-m1,lol,grid,2026-09-22T15:14:46.132419+00:00,EMEA Masters - Summer 2026 (Play-Ins: Group A),Lodis,Skillcamp Esport,1,False,5,3,2,26.226367,25.276899999999998,-0.9494670000000025,session_end cash+inventory,-0.036202764950250356,yes,0,325,19.995,19.999200000000002,16,35.2157450234192,34.9975,34.16,90,370,4.0,13.0,107,43,9.047000000000025,"[-7.0, 9.048999999999978]",0.0019999999999527063
grid-3008213-m2,lol,grid,2026-09-22T16:06:29.896515+00:00,EMEA Masters - Summer 2026 (Play-Ins: Group A),Lodis,Skillcamp Esport,2,False,3,2,1,19.999000000000002,18.168499999999998,-1.8305000000000042,session_end cash+inventory,-0.09152957647882415,no,0,243,19.997999999999998,19.9994,5,106.57483278751685,94.4975,51.91,79,540,3.0,10.0,133,33,141.04399999999998,"[138.03500000000003, 143.03699999999998]",1.992999999999995
grid-3008213-m3,lol,grid,2026-09-22T17:23:39.095647+00:00,EMEA Masters - Summer 2026 (Play-Ins: Group A),Skillcamp Esport,Lodis,3,True,2,1,1,19.9962,24.7779,4.781699999999997,session_end cash+inventory,0.23913043478260854,no,0,209,19.998,20.0,32,51.022,51.022,43.47,80,383,4.0,16.0,120,55,213.057,"[213.046, 213.06799999999998]",0.01099999999999568
grid-3008214-m1,lol,grid,2026-09-22T15:04:50.067802+00:00,EMEA Masters - Summer 2026 (Play-Ins: Group B),CITA Kaizen,Unicorns Of Love Sexy Edition,1,False,0,0,0,0,0,0.0,session_end cash+inventory,,<none>,0,,19.9969,19.999200000000002,3,,,0.0,91,342,3.0,13.0,93,40,8.0,[],
grid-3008214-m2,lol,grid,2026-09-22T15:51:50.674673+00:00,EMEA Masters - Summer 2026 (Play-Ins: Group B),Unicorns Of Love Sexy Edition,CITA Kaizen,2,True,0,0,0,0,0,0.0,session_end cash+inventory,,<none>,0,,,,0,,,0.0,83,505,2.0,12.0,104,50,8.0,[],
grid-3008217-m1,lol,grid,2026-09-22T18:22:16.744769+00:00,EMEA Masters - Summer 2026 (Play-Ins: Group A),Arctic Pandas,Pyramid IV Esports,1,True,11,7,4,139.9672,139.9196,-0.04760000000000275,session_end cash+inventory,-0.0003400796758097808,yes,0,179,19.995,19.9995,39,80.6850858943778,47.014,188.963334,79,585,3.0,10.0,146,38,1106.047,"[1102.045, 1122.08]",1.9839999999999236
grid-3008217-m2,lol,grid,2026-09-22T19:38:16.815796+00:00,EMEA Masters - Summer 2026 (Play-Ins: Group A),Arctic Pandas,Pyramid IV Esports,2,True,5,3,2,59.9862,51.00679999999999,-8.979400000000005,session_end cash+inventory,-0.14969109561865906,yes,0,189,19.996199999999998,19.999299999999998,28,77.43147955716528,70.551,96.239246,81,346,3.0,14.0,88,44,143.14600000000002,"[141.06599999999997, 158.04500000000002]",2.080000000000041
grid-3008217-m3,lol,grid,2026-09-22T20:26:10.806045+00:00,EMEA Masters - Summer 2026 (Play-Ins: Group A),Pyramid IV Esports,Arctic Pandas,3,False,4,3,1,59.9902,59.0625,-0.9277000000000015,session_end cash+inventory,-0.015464192484772538,yes,0,374,19.996,20.0,6,22.961,22.961,93.75,80,546,3.0,12.0,120,57,12.077999999999975,"[3.0389999999999873, 12.077999999999975]",0.0
grid-3008219-m1,lol,grid,2026-09-22T16:46:08.991184+00:00,EMEA Masters - Summer 2026 (Play-Ins: Group C),mCon esports,Verdant,1,False,4,2,2,39.989399999999996,39.5076,-0.48179999999999623,session_end cash+inventory,-0.012048192771084244,yes,0,239,19.998900000000003,20.0,37,179.4985,179.4985,48.18,74,564,3.0,10.0,112,40,126.0455,"[122.05000000000001, 127.04399999999998]",0.5014999999999645
grid-3008219-m2,lol,grid,2026-09-22T17:54:43.481967+00:00,EMEA Masters - Summer 2026 (Play-Ins: Group C),mCon esports,Verdant,2,False,0,0,0,0,0,0.0,session_end cash+inventory,,<none>,0,,,,0,,,0.0,82,363,3.0,10.0,68,26,8.0,[],
grid-3008657-m1,dota,oddin,2026-09-22T09:28:42.227373+00:00,<missing>,Zero Tenacity,Team Lynx,1,True,15,9,6,257.589,252.369,-5.220000000000027,session_end cash+inventory,-0.020264840501729605,yes,0,186,59.997249999999994,60.0,84,226.03436476769633,230.01299999999998,393.02,-59,382,2.0,2.0,2,0,5.100000000000023,"[3.045000000000016, 47.035999999999945]",1.94399999999996
grid-3008657-m2,dota,grid,2026-09-22T10:46:54.469836+00:00,<missing>,Zero Tenacity,Team Lynx,2,True,3,2,1,32.403,33.946000000000005,1.5430000000000064,session_end cash+inventory,0.04761904761904782,no,0,224,59.999399999999994,60.0,17,429.8337694102398,430.50149999999996,77.15,9,476,4.0,18.0,160,83,3.046999999999997,"[3.0360000000000014, 261.043]",0.01099999999999568
grid-3008657-m3,dota,grid,2026-09-22T12:07:43.370364+00:00,<missing>,Zero Tenacity,Team Lynx,3,True,5,4,1,145.7545,149.43120000000002,3.676700000000011,session_end cash+inventory,0.025225293215646934,yes,0,145,34.236999999999995,59.9976,81,749.7456496287255,700.9995,196.61999999999998,20,581,4.0,12.0,175,66,2.136000000000024,"[2.045000000000016, 6.06899999999996]",0.09100000000000819
grid-3008658-m1,dota,grid,2026-09-22T13:25:02.172397+00:00,<missing>,Nemiga Gaming,Spirit Academy,1,False,15,9,6,120.325138,130.9315,10.606361999999997,session_end cash+inventory,0.08814751577513252,no,0,163,59.995599999999996,60.0,55,233.7668375661121,284.001,191.655894,55,500,3.0,11.0,145,47,5.0470000000000255,"[-0.5240000000000009, 9.048999999999978]",3.004000000000019
grid-3008658-m2,dota,grid,2026-09-22T14:29:17.636374+00:00,<missing>,Nemiga Gaming,Spirit Academy,2,False,15,6,9,189.05792399999999,186.3968,-2.6611240000000085,session_end cash+inventory,-0.01407570729487122,yes,0,275,59.997099999999996,59.999500000000005,34,69.71699203268726,37.4675,291.24500000000006,57,666,3.0,12.0,178,76,6.108000000000004,"[0.04800000000000182, 14.089999999999975]",2.0649999999999977
grid-3008659-m1,dota,grid,2026-09-22T16:00:24.753780+00:00,<missing>,Yellow Submarine,Two Move,1,False,0,0,0,0,0,0.0,session_end cash+inventory,,<none>,0,,59.9974,60.0,11,,,0.0,76,488,3.0,10.0,105,40,900.0,[],
grid-3008659-m2,dota,grid,2026-09-22T16:56:21.064273+00:00,<missing>,Yellow Submarine,Two Move,2,False,8,2,6,119.99419999999999,124.36500000000001,4.370800000000009,session_end cash+inventory,0.03642509387953759,no,0,215,59.9976,59.999199999999995,41,38.77167593911544,46.987,165.57352199999997,52,417,5.0,19.0,168,100,9.049500000000009,"[-6.0, 18.045999999999992]",6.501999999999995
grid-3008660-m1,dota,grid,2026-09-22T18:20:55.960718+00:00,<missing>,Kalmychata,Team Synapse,1,False,19,14,5,348.529628,381.3154,32.78577200000003,session_end cash+inventory,0.09406882332540185,no,0,119,59.995599999999996,59.9996,61,95.6200301572637,137.0,646.588702,69,359,5.0,16.0,131,70,8.046000000000006,"[1.0360000000000014, 66.06]",3.9849999999999994
grid-3008660-m2,dota,grid,2026-09-22T19:26:35.550482+00:00,<missing>,Team Synapse,Kalmychata,2,True,0,0,0,0,0,0.0,session_end cash+inventory,,<none>,0,,59.9964,60.0,9,,,0.0,23,342,5.0,18.0,139,74,900.0,[],
grid-3008660-m3,dota,grid,2026-09-22T20:37:44.044430+00:00,<missing>,Kalmychata,Team Synapse,3,False,0,0,0,0,0,0.0,session_end cash+inventory,,<none>,0,,59.997749999999996,59.9994,6,,,0.0,89,431,4.0,12.0,152,55,900.0,[],
grid-3008839-m1,dota,grid,2026-09-19T18:14:15.743268+00:00,<missing>,Kalmychata,Yellow Submarine,1,True,0,0,0,0,0,0.0,session_end cash+inventory,,<none>,0,,,,0,,,0.0,,335,4.0,14.0,121,52,900.0,[],
grid-3008839-m2,dota,grid,2026-09-19T19:15:40.943855+00:00,<missing>,Yellow Submarine,Kalmychata,2,False,0,0,0,0,0,0.0,session_end cash+inventory,,<none>,0,,59.99699999999999,59.998400000000004,13,,,0.0,70,202,6.0,15.0,87,41,900.0,[],
grid-3009247-m1,dota,grid,2026-09-18T18:14:09.707034+00:00,<missing>,uralan,Two Move,1,True,0,0,0,0,0,0.0,session_end cash+inventory,,<none>,0,,59.99855,60.0,12,,,0.0,59,180,4.0,16.0,66,30,900.0,[],
grid-3009247-m2,dota,grid,2026-09-18T18:57:32.055176+00:00,<missing>,uralan,Two Move,2,True,16,8,8,179.990472,84.02900000000001,-95.961472,session_end cash+inventory,-0.5331475101637602,yes,0,454,59.9979,59.999399999999994,28,322.518970795904,265.005,418.726366,62,571,4.0,15.0,174,82,5.541999999999973,"[-0.9759999999999991, 20.029999999999973]",4.521000000000015
grid-3009714-m1,dota,grid,2026-09-19T20:08:39.869944+00:00,<missing>,BALU,Team Lynx,1,False,0,0,0,0,0,0.0,session_end cash+inventory,,<none>,0,,59.9928,59.999399999999994,3,,,0.0,68,345,4.0,12.0,105,37,900.0,[],
grid-3009714-m2,dota,grid,2026-09-19T21:02:24.987069+00:00,<missing>,Team Lynx,BALU,2,True,0,0,0,0,0,0.0,session_end cash+inventory,,<none>,0,,,,0,,,0.0,60,361,3.0,10.0,85,25,900.0,[],
grid-3010154-m1,dota,grid,2026-09-20T16:01:51.780136+00:00,<missing>,BALU,PuckChamp,1,False,0,0,0,0,0,0.0,session_end cash+inventory,,<none>,0,,59.994749999999996,59.999399999999994,32,,,0.0,75,626,3.0,9.0,123,37,900.0,[],
grid-3010154-m2,dota,grid,2026-09-20T17:09:07.485918+00:00,<missing>,BALU,PuckChamp,2,False,0,0,0,0,0,0.0,session_end cash+inventory,,<none>,0,,59.9928,59.999399999999994,12,,,0.0,60,469,3.0,12.0,120,47,900.0,[],
