match,feature,pairing,n,mean_diff,med_abs,p90_abs,corr
grid-2964617-m1,radiant_nw_adv,aligned,361,6.581717451523546,31.0,110.0,0.9913663186676678
grid-2964617-m1,radiant_nw_adv,nominal,359,-6.459610027855153,60.0,170.2,0.9787810995173313
grid-2964617-m1,radiant_nw,aligned,361,99.18836565096953,56.0,574.0,0.9996471869196111
grid-2964617-m1,radiant_nw,nominal,359,-0.3565459610027855,73.0,480.59999999999997,0.9995088873947345
grid-2964617-m1,dire_nw,aligned,361,92.60664819944598,75.0,530.0,0.999707674629869
grid-2964617-m1,dire_nw,nominal,359,6.103064066852368,85.0,490.59999999999985,0.9995908202798057
grid-2964617-m1,radiant_xp_adv,aligned,361,14.515235457063712,0.0,680.0,0.9605357043388558
grid-2964617-m1,radiant_xp_adv,nominal,359,36.211699164345404,0.0,880.0,0.9176541821022328
grid-2964617-m1,deaths_radiant,aligned,361,0.0,0.0,0.0,0.9999999999999998
grid-2964617-m1,deaths_radiant,nominal,359,-0.016713091922005572,0.0,0.0,0.9803684526910499
grid-2964617-m1,deaths_dire,aligned,361,0.0,0.0,0.0,0.9957897449960895
grid-2964617-m1,deaths_dire,nominal,359,-0.027855153203342618,0.0,0.0,0.9900876656287186
grid-2964617-m1,top1_nw_adv,aligned,361,17.041551246537395,20.0,55.0,0.9463673715775655
grid-2964617-m1,top1_nw_adv,nominal,359,14.37325905292479,26.0,76.39999999999998,0.8915529954537557
grid-2964617-m1,radiant_top1_nw_ratio,aligned,361,-0.0010070283808408594,0.0013276251004629425,0.006721425631615596,0.8770264514826137
grid-2964617-m1,radiant_top1_nw_ratio,nominal,359,-0.0011704988135263726,0.0014147722032935017,0.007147735540952591,0.8547575195945897
grid-2964617-m1,dire_top1_nw_ratio,aligned,361,-0.0035302305801803565,0.0027449657544690864,0.008291535077256024,0.8616488878972415
grid-2964617-m1,dire_top1_nw_ratio,nominal,359,-0.003629230382790584,0.0025419853293000283,0.00889544449056343,0.8142851146914531
grid-2964617-m2,radiant_nw_adv,aligned,344,-35.7093023255814,50.0,139.79999999999995,0.8225155711268954
grid-2964617-m2,radiant_nw_adv,nominal,342,-43.78362573099415,52.5,169.0,0.8164904768918849
grid-2964617-m2,radiant_nw,aligned,344,-43.06395348837209,83.0,248.89999999999992,0.9994635487293756
grid-2964617-m2,radiant_nw,nominal,342,-106.60526315789474,139.5,271.60000000000014,0.9994154169182836
grid-2964617-m2,dire_nw,aligned,344,-7.354651162790698,45.0,276.09999999999997,0.9996905749496536
grid-2964617-m2,dire_nw,nominal,342,-62.82163742690059,87.5,268.0,0.9996613192235796
grid-2964617-m2,radiant_xp_adv,aligned,344,-1.8604651162790697,0.0,580.0,0.9316203718763594
grid-2964617-m2,radiant_xp_adv,nominal,342,-16.31578947368421,0.0,680.0,0.911360642351475
grid-2964617-m2,deaths_radiant,aligned,344,0.00872093023255814,0.0,0.0,0.9942619981707591
grid-2964617-m2,deaths_radiant,nominal,342,-0.005847953216374269,0.0,0.0,0.9961231378342635
grid-2964617-m2,deaths_dire,aligned,344,0.0,0.0,0.0,0.9798527018150096
grid-2964617-m2,deaths_dire,nominal,342,-0.005847953216374269,0.0,0.0,0.9796878117519678
grid-2964617-m2,top1_nw_adv,aligned,344,39.30523255813954,10.0,289.39999999999975,0.7035738314444174
grid-2964617-m2,top1_nw_adv,nominal,342,36.6578947368421,21.5,296.0,0.6812417055066862
grid-2964617-m2,radiant_top1_nw_ratio,aligned,344,0.0009161867083798747,0.0012625694064031107,0.005521770237580124,0.7994848580383039
grid-2964617-m2,radiant_top1_nw_ratio,nominal,342,0.0005618821528590439,0.0015565284480762998,0.006243827243802649,0.7857221007440883
grid-2964617-m2,dire_top1_nw_ratio,aligned,344,-0.0017941512090656007,0.002100090478146993,0.011241035391944477,0.7798707144605033
grid-2964617-m2,dire_top1_nw_ratio,nominal,342,-0.0019779281737286884,0.0019967673614702114,0.01087036328413324,0.762626087455944
grid-2964619-m1,radiant_nw_adv,aligned,373,79.6514745308311,55.0,254.4000000000002,0.8754671140765812
grid-2964619-m1,radiant_nw_adv,nominal,373,85.36997319034853,73.0,298.8000000000003,0.8538149322932803
grid-2964619-m1,radiant_nw,aligned,373,121.7828418230563,47.0,570.8,0.9991883889511052
grid-2964619-m1,radiant_nw,nominal,373,62.07238605898123,69.0,533.8,0.9991101868647417
grid-2964619-m1,dire_nw,aligned,373,42.1313672922252,69.0,484.0000000000001,0.9997053842751817
grid-2964619-m1,dire_nw,nominal,373,-23.297587131367294,120.0,373.20000000000005,0.9996784482504797
grid-2964619-m1,radiant_xp_adv,aligned,373,-2.7882037533512065,0.0,680.0,0.9342148461729216
grid-2964619-m1,radiant_xp_adv,nominal,373,3.53887399463807,0.0,780.0,0.9329904603869305
grid-2964619-m1,deaths_radiant,aligned,373,0.0,0.0,0.0,0.9999999999999999
grid-2964619-m1,deaths_radiant,nominal,373,-0.021447721179624665,0.0,0.0,0.9953186823906691
grid-2964619-m1,deaths_dire,aligned,373,-0.005361930294906166,0.0,0.0,0.9984347595842653
grid-2964619-m1,deaths_dire,nominal,373,-0.03753351206434316,0.0,0.0,0.9949974768677331
grid-2964619-m1,top1_nw_adv,aligned,373,-9.479892761394101,10.0,109.60000000000014,0.7955461869657922
grid-2964619-m1,top1_nw_adv,nominal,373,-10.337801608579088,15.0,142.0,0.7451823172225944
grid-2964619-m1,radiant_top1_nw_ratio,aligned,373,-0.0011932418100260118,0.0015930302531431684,0.007793058529748493,0.833115822693617
grid-2964619-m1,radiant_top1_nw_ratio,nominal,373,-0.0013440002605957793,0.001480845244602208,0.007839927671499746,0.8098321862607405
grid-2964619-m1,dire_top1_nw_ratio,aligned,373,0.0010545355431287701,0.0017572088497983807,0.006615979353412999,0.7967986865821659
grid-2964619-m1,dire_top1_nw_ratio,nominal,373,0.0010527784867083488,0.0019415760119277647,0.007534052572528468,0.7521750502165974
grid-2964619-m2,radiant_nw_adv,aligned,351,156.67806267806267,95.0,380.0,0.9102262139297491
grid-2964619-m2,radiant_nw_adv,nominal,350,146.6942857142857,98.0,423.3000000000003,0.8689306669976071
grid-2964619-m2,radiant_nw,aligned,351,122.26210826210826,78.0,584.0,0.9994757760075426
grid-2964619-m2,radiant_nw,nominal,350,27.542857142857144,80.0,500.0,0.9994101310116188
grid-2964619-m2,dire_nw,aligned,351,-34.41595441595442,56.0,255.0,0.9996906995492914
grid-2964619-m2,dire_nw,nominal,350,-119.15142857142857,125.5,319.1,0.9995706185231646
grid-2964619-m2,radiant_xp_adv,aligned,351,30.883190883190885,0.0,780.0,0.9269235031797236
grid-2964619-m2,radiant_xp_adv,nominal,350,4.171428571428572,0.0,880.0,0.8935323687495738
grid-2964619-m2,deaths_radiant,aligned,351,0.002849002849002849,0.0,0.0,0.9965299148108973
grid-2964619-m2,deaths_radiant,nominal,350,-0.03142857142857143,0.0,0.0,0.9830615487071914
grid-2964619-m2,deaths_dire,aligned,351,0.005698005698005698,0.0,0.0,0.9992892474480312
grid-2964619-m2,deaths_dire,nominal,350,-0.037142857142857144,0.0,0.0,0.9947728717715173
grid-2964619-m2,top1_nw_adv,aligned,351,54.364672364672366,10.0,309.0,0.7384906702549999
grid-2964619-m2,top1_nw_adv,nominal,350,50.98285714285714,25.0,309.0,0.71409408897369
grid-2964619-m2,radiant_top1_nw_ratio,aligned,351,0.0005389285255409898,0.002383937893728205,0.007090253751734277,0.8819357538232738
grid-2964619-m2,radiant_top1_nw_ratio,nominal,350,0.00025079386974063056,0.0021003200046341014,0.008346332757248862,0.8750082947033753
grid-2964619-m2,dire_top1_nw_ratio,aligned,351,0.00041507339341235013,0.0006667937381443778,0.006025259551546425,0.7897113977202639
grid-2964619-m2,dire_top1_nw_ratio,nominal,350,0.00029731689928327756,0.0013968870441613823,0.00746524890672792,0.7719349841947895
grid-2964620-m1,radiant_nw_adv,aligned,596,-57.647651006711406,73.0,354.5,0.9617729903099391
grid-2964620-m1,radiant_nw_adv,nominal,514,-57.784046692607006,86.0,386.7,0.9547472789095695
grid-2964620-m1,radiant_nw,aligned,596,-8.98993288590604,51.0,245.0,0.9996877001257832
grid-2964620-m1,radiant_nw,nominal,514,-75.83657587548637,101.0,223.7,0.9996329251548823
grid-2964620-m1,dire_nw,aligned,596,48.65771812080537,90.0,314.0,0.999728366370699
grid-2964620-m1,dire_nw,nominal,514,-18.05252918287938,121.5,282.7,0.9996844658770732
grid-2964620-m1,radiant_xp_adv,aligned,596,-4.6644295302013425,0.0,480.0,0.9719480370629057
grid-2964620-m1,radiant_xp_adv,nominal,514,5.175097276264592,0.0,780.0,0.94841464738867
grid-2964620-m1,deaths_radiant,aligned,596,0.0,0.0,0.0,0.9987126112076731
grid-2964620-m1,deaths_radiant,nominal,514,-0.02529182879377432,0.0,0.0,0.9953298463883544
grid-2964620-m1,deaths_dire,aligned,596,-0.0016778523489932886,0.0,0.0,0.9965804804224013
grid-2964620-m1,deaths_dire,nominal,514,-0.005836575875486381,0.0,0.0,0.9880543242176074
grid-2964620-m1,top1_nw_adv,aligned,596,-57.33389261744966,43.0,297.0,0.9605970644189934
grid-2964620-m1,top1_nw_adv,nominal,514,-57.17120622568093,50.0,297.7,0.9511860958874307
grid-2964620-m1,radiant_top1_nw_ratio,aligned,596,-0.0015717779575708808,0.002415524480325504,0.00750126741908258,0.8847586111095644
grid-2964620-m1,radiant_top1_nw_ratio,nominal,514,-0.001857988084096844,0.003658213420779363,0.008090304447669271,0.8652188449189646
grid-2964620-m1,dire_top1_nw_ratio,aligned,596,0.0009790161991603476,0.0016836954437254026,0.007347280606037218,0.8916177093041003
grid-2964620-m1,dire_top1_nw_ratio,nominal,514,0.0009165152538957079,0.002136484422315982,0.009022776341379596,0.8523360885824036
grid-2964620-m2,radiant_nw_adv,aligned,429,34.90909090909091,65.0,405.2,0.9969928177776352
grid-2964620-m2,radiant_nw_adv,nominal,427,10.21311475409836,86.0,393.4000000000007,0.9967004836247542
grid-2964620-m2,radiant_nw,aligned,429,121.3006993006993,111.0,514.0,0.9996962708082906
grid-2964620-m2,radiant_nw,nominal,427,48.433255269320846,159.0,464.80000000000007,0.9996709412563408
grid-2964620-m2,dire_nw,aligned,429,86.39160839160839,55.0,314.0,0.9998699613656411
grid-2964620-m2,dire_nw,nominal,427,38.22014051522248,98.0,292.0,0.9998361931306757
grid-2964620-m2,radiant_xp_adv,aligned,429,-8.624708624708624,0.0,480.0,0.9899466591859333
grid-2964620-m2,radiant_xp_adv,nominal,427,-45.058548009367684,0.0,580.0,0.9851882558601576
grid-2964620-m2,deaths_radiant,aligned,429,-0.002331002331002331,0.0,0.0,0.9979461573330791
grid-2964620-m2,deaths_radiant,nominal,427,-0.02107728337236534,0.0,0.0,0.9963431858026566
grid-2964620-m2,deaths_dire,aligned,429,0.002331002331002331,0.0,0.0,0.9994366277960014
grid-2964620-m2,deaths_dire,nominal,427,-0.053864168618266976,0.0,0.0,0.998774025589107
grid-2964620-m2,top1_nw_adv,aligned,429,-15.825174825174825,15.0,75.19999999999999,0.9970905969721833
grid-2964620-m2,top1_nw_adv,nominal,427,-20.646370023419205,30.0,96.0,0.9949417635166816
grid-2964620-m2,radiant_top1_nw_ratio,aligned,429,-0.0022709366081747526,0.002645050806165561,0.007533216011944954,0.9564371655621323
grid-2964620-m2,radiant_top1_nw_ratio,nominal,427,-0.002399382487678599,0.0030323611305411446,0.007852287752831045,0.9540383198129619
grid-2964620-m2,dire_top1_nw_ratio,aligned,429,-0.0016037015609229447,0.0011499497379258705,0.004447591812032536,0.9633919367492921
grid-2964620-m2,dire_top1_nw_ratio,nominal,427,-0.0018215326624956008,0.0018118095178311089,0.005386475153552951,0.8882737368063999
grid-2965523-m1,radiant_nw_adv,aligned,379,-79.42480211081794,108.0,331.2,0.9842147953577075
grid-2965523-m1,radiant_nw_adv,nominal,379,-59.26912928759894,122.0,358.79999999999995,0.9826673164615813
grid-2965523-m1,radiant_nw,aligned,379,-81.08970976253298,84.0,236.0,0.9994854109467142
grid-2965523-m1,radiant_nw,nominal,379,-137.0448548812665,141.0,297.59999999999997,0.9994661258367369
grid-2965523-m1,dire_nw,aligned,379,-1.6649076517150396,70.0,341.0,0.9997073481200115
grid-2965523-m1,dire_nw,nominal,379,-77.77572559366754,94.0,407.2,0.9996574326756755
grid-2965523-m1,radiant_xp_adv,aligned,379,-30.026385224274406,0.0,680.0,0.9174440672225408
grid-2965523-m1,radiant_xp_adv,nominal,379,-31.29287598944591,0.0,680.0,0.9035041218857363
grid-2965523-m1,deaths_radiant,aligned,379,-0.013192612137203167,0.0,0.0,0.9995226980905034
grid-2965523-m1,deaths_radiant,nominal,379,-0.0633245382585752,0.0,0.0,0.9984516644428774
grid-2965523-m1,deaths_dire,aligned,379,0.0,0.0,0.0,0.9992793477066525
grid-2965523-m1,deaths_dire,nominal,379,-0.0158311345646438,0.0,0.0,0.997875801443018
grid-2965523-m1,top1_nw_adv,aligned,379,-7.1688654353562,25.0,63.0,0.9213220525246705
grid-2965523-m1,top1_nw_adv,nominal,379,-2.8311345646437993,30.0,90.0,0.9140143867899242
grid-2965523-m1,radiant_top1_nw_ratio,aligned,379,0.0010736078821891755,0.0015114099329052721,0.007109630849808997,0.8266130276744893
grid-2965523-m1,radiant_top1_nw_ratio,nominal,379,0.001127110380457778,0.0017933909616235089,0.00789368353769515,0.7950644313822318
grid-2965523-m1,dire_top1_nw_ratio,aligned,379,0.0002423242695384001,0.002301884200423321,0.004937473059461339,0.8950155076218795
grid-2965523-m1,dire_top1_nw_ratio,nominal,379,0.00021123081227115376,0.002411394700099656,0.007396980317297452,0.8626261201900041
grid-2965523-m2,radiant_nw_adv,aligned,242,-38.47933884297521,48.5,181.8,0.9768307728032946
grid-2965523-m2,radiant_nw_adv,nominal,241,-26.79253112033195,60.0,257.0,0.9697282452088332
grid-2965523-m2,radiant_nw,aligned,242,-94.58677685950413,100.0,239.0,0.9996452246988268
grid-2965523-m2,radiant_nw,nominal,241,-125.97095435684648,132.0,259.0,0.9995997051183919
grid-2965523-m2,dire_nw,aligned,242,-56.107438016528924,101.5,242.8,0.9993821115053719
grid-2965523-m2,dire_nw,nominal,241,-99.17842323651452,126.0,274.0,0.9992426604047089
grid-2965523-m2,radiant_xp_adv,aligned,242,-12.148760330578513,0.0,670.0000000000006,0.9371413562236179
grid-2965523-m2,radiant_xp_adv,nominal,241,-15.435684647302905,0.0,580.0,0.9401561623522477
grid-2965523-m2,deaths_radiant,aligned,242,0.004132231404958678,0.0,0.0,0.997675792318873
grid-2965523-m2,deaths_radiant,nominal,241,-0.016597510373443983,0.0,0.0,0.9969229285298988
grid-2965523-m2,deaths_dire,aligned,242,0.0,0.0,0.0,0.9880235200593537
grid-2965523-m2,deaths_dire,nominal,241,-0.008298755186721992,0.0,0.0,0.9879789471471049
grid-2965523-m2,top1_nw_adv,aligned,242,6.024793388429752,10.0,244.70000000000007,0.9679613112691536
grid-2965523-m2,top1_nw_adv,nominal,241,11.589211618257261,20.0,260.0,0.9656047834983253
grid-2965523-m2,radiant_top1_nw_ratio,aligned,242,0.0006687943335698767,0.0011092428740088478,0.0028909481776657007,0.9849152628702205
grid-2965523-m2,radiant_top1_nw_ratio,nominal,241,0.0006588245363861987,0.0014003018400401412,0.0032010416251515017,0.987655593372069
grid-2965523-m2,dire_top1_nw_ratio,aligned,242,7.125533002488011e-05,0.0007948828479233672,0.010603209518553442,0.852954761552943
grid-2965523-m2,dire_top1_nw_ratio,nominal,241,-9.417185076413638e-05,0.0009650350900139715,0.010424056275940868,0.8440336707353837
grid-2965523-m3,radiant_nw_adv,aligned,387,162.640826873385,91.0,540.4000000000001,0.9871412703991284
grid-2965523-m3,radiant_nw_adv,nominal,386,147.55181347150258,119.0,554.0,0.9850612763379369
grid-2965523-m3,radiant_nw,aligned,387,9.609819121447028,85.0,428.80000000000007,0.9997108851993377
grid-2965523-m3,radiant_nw,nominal,386,-56.60621761658031,126.5,384.0,0.99965527260369
grid-2965523-m3,dire_nw,aligned,387,-153.03100775193798,57.0,492.40000000000003,0.9996158363460167
grid-2965523-m3,dire_nw,nominal,386,-204.1580310880829,110.5,546.5,0.9995950049650854
grid-2965523-m3,radiant_xp_adv,aligned,387,-37.674418604651166,0.0,580.0,0.9439481225011638
grid-2965523-m3,radiant_xp_adv,nominal,386,-41.60621761658031,0.0,680.0,0.9244547725762958
grid-2965523-m3,deaths_radiant,aligned,387,0.002583979328165375,0.0,0.0,0.9948867136131011
grid-2965523-m3,deaths_radiant,nominal,386,0.0,0.0,0.0,1.0
grid-2965523-m3,deaths_dire,aligned,387,0.00516795865633075,0.0,0.0,0.9987876623347364
grid-2965523-m3,deaths_dire,nominal,386,-0.018134715025906734,0.0,0.0,0.9979239950028188
grid-2965523-m3,top1_nw_adv,aligned,387,1.6459948320413436,5.0,43.80000000000007,0.9874463099939181
grid-2965523-m3,top1_nw_adv,nominal,386,1.2720207253886011,9.0,70.0,0.9778524109482051
grid-2965523-m3,radiant_top1_nw_ratio,aligned,387,-0.0005212715478857274,0.001215232677841821,0.00659210251859499,0.8947908844045556
grid-2965523-m3,radiant_top1_nw_ratio,nominal,386,-0.0006807969932810053,0.0015987173413663236,0.00674509219812236,0.8678391585918492
grid-2965523-m3,dire_top1_nw_ratio,aligned,387,0.0015257115053415322,0.0011438116422647915,0.005550979656490168,0.965683041726094
grid-2965523-m3,dire_top1_nw_ratio,nominal,386,0.0012738795449972638,0.0017319015211809674,0.006207666632119718,0.9523906755784431
grid-2965524-m1,radiant_nw_adv,aligned,357,-115.5798319327731,80.0,349.40000000000003,0.9705934575943095
grid-2965524-m1,radiant_nw_adv,nominal,356,-108.22752808988764,103.5,384.0,0.9598310121438584
grid-2965524-m1,radiant_nw,aligned,357,-150.36694677871148,72.0,576.0,0.999651639767056
grid-2965524-m1,radiant_nw,nominal,356,-214.3623595505618,121.0,627.0,0.9995365260316972
grid-2965524-m1,dire_nw,aligned,357,-34.787114845938376,140.0,310.0,0.999582664028204
grid-2965524-m1,dire_nw,nominal,356,-106.13483146067416,173.0,335.5,0.9995842896473732
grid-2965524-m1,radiant_xp_adv,aligned,357,2.3529411764705883,0.0,680.0,0.920993976180899
grid-2965524-m1,radiant_xp_adv,nominal,356,-9.775280898876405,0.0,720.0,0.8876014167221483
grid-2965524-m1,deaths_radiant,aligned,357,0.0028011204481792717,0.0,0.0,0.9973650025451163
grid-2965524-m1,deaths_radiant,nominal,356,-0.016853932584269662,0.0,0.0,0.9968754382319979
grid-2965524-m1,deaths_dire,aligned,357,-0.011204481792717087,0.0,0.0,0.9983497758541802
grid-2965524-m1,deaths_dire,nominal,356,-0.047752808988764044,0.0,0.0,0.9957013324263047
grid-2965524-m1,top1_nw_adv,aligned,357,-82.68067226890756,40.0,295.0,0.9485101966206081
grid-2965524-m1,top1_nw_adv,nominal,356,-78.19101123595506,50.0,295.0,0.9459569804409637
grid-2965524-m1,radiant_top1_nw_ratio,aligned,357,0.00044542792387090613,0.0012746458039957498,0.006759117016889966,0.9128071197229103
grid-2965524-m1,radiant_top1_nw_ratio,nominal,356,0.00029429108166761274,0.0015583377893158834,0.007515111527434656,0.8753124331684855
grid-2965524-m1,dire_top1_nw_ratio,aligned,357,0.0030444492502822375,0.0029661173017547504,0.010103549918413885,0.9233605555610671
grid-2965524-m1,dire_top1_nw_ratio,nominal,356,0.0028525420540367304,0.003399052605748007,0.010739072484826459,0.9155833115273149
grid-2965524-m2,radiant_nw_adv,aligned,340,-90.73529411764706,110.0,254.0,0.9839487590110448
grid-2965524-m2,radiant_nw_adv,nominal,338,-81.60059171597634,124.5,291.0,0.9697447226902395
grid-2965524-m2,radiant_nw,aligned,340,-22.873529411764707,116.0,268.1,0.9997159300754483
grid-2965524-m2,radiant_nw,nominal,338,-79.08875739644971,129.5,271.0,0.9996812834792387
grid-2965524-m2,dire_nw,aligned,340,67.86176470588235,85.0,388.1,0.9997152879333707
grid-2965524-m2,dire_nw,nominal,338,2.5118343195266273,110.0,367.0,0.999603578270614
grid-2965524-m2,radiant_xp_adv,aligned,340,-0.7647058823529411,0.0,480.0,0.9711868560575376
grid-2965524-m2,radiant_xp_adv,nominal,338,7.396449704142012,0.0,880.0,0.9290524755599039
grid-2965524-m2,deaths_radiant,aligned,340,-0.01764705882352941,0.0,0.0,0.9987884851448251
grid-2965524-m2,deaths_radiant,nominal,338,-0.05325443786982249,0.0,0.0,0.995607717640198
grid-2965524-m2,deaths_dire,aligned,340,0.0029411764705882353,0.0,0.0,0.9955551652082183
grid-2965524-m2,deaths_dire,nominal,338,-0.008875739644970414,0.0,0.0,0.9955153186523382
grid-2965524-m2,top1_nw_adv,aligned,340,-16.794117647058822,27.0,91.0,0.9724363165144685
grid-2965524-m2,top1_nw_adv,nominal,338,-15.251479289940828,33.0,122.90000000000003,0.9494708083604028
grid-2965524-m2,radiant_top1_nw_ratio,aligned,340,-0.000342575367402681,0.0029081421989000517,0.007218485621998338,0.9051198047610957
grid-2965524-m2,radiant_top1_nw_ratio,nominal,338,-0.0006252984735913538,0.003043023576689896,0.0074470957792689444,0.8890676560299073
grid-2965524-m2,dire_top1_nw_ratio,aligned,340,-0.0010840904440607316,0.0026260094027887176,0.006375915999630803,0.9637834308617902
grid-2965524-m2,dire_top1_nw_ratio,nominal,338,-0.0014017567344804408,0.003119949808381317,0.007924461587601989,0.9272244164517924
grid-2965524-m3,radiant_nw_adv,aligned,452,-41.4358407079646,205.0,444.5000000000005,0.9904600860386034
grid-2965524-m3,radiant_nw_adv,nominal,452,-83.60398230088495,191.5,483.1000000000003,0.9887511995559548
grid-2965524-m3,radiant_nw,aligned,452,77.76106194690266,187.0,365.0,0.9995949809093756
grid-2965524-m3,radiant_nw,nominal,452,-48.78982300884956,171.0,360.5000000000005,0.9995353256753252
grid-2965524-m3,dire_nw,aligned,452,119.19690265486726,50.0,565.0,0.9989681764477099
grid-2965524-m3,dire_nw,nominal,452,34.8141592920354,92.0,502.90000000000003,0.9988777611524967
grid-2965524-m3,radiant_xp_adv,aligned,452,5.04424778761062,0.0,580.0,0.9904302209802883
grid-2965524-m3,radiant_xp_adv,nominal,452,-18.097345132743364,0.0,880.0,0.9780148721408076
grid-2965524-m3,deaths_radiant,aligned,452,0.004424778761061947,0.0,0.0,0.9901208678356166
grid-2965524-m3,deaths_radiant,nominal,452,-0.008849557522123894,0.0,0.0,0.9804810969823897
grid-2965524-m3,deaths_dire,aligned,452,0.01991150442477876,0.0,0.0,0.9992779343420538
grid-2965524-m3,deaths_dire,nominal,452,-0.06415929203539823,0.0,0.0,0.9985072528733882
grid-2965524-m3,top1_nw_adv,aligned,452,68.77212389380531,36.0,300.0,0.941268087344446
grid-2965524-m3,top1_nw_adv,nominal,452,55.91150442477876,55.0,300.0,0.935631385114903
grid-2965524-m3,radiant_top1_nw_ratio,aligned,452,0.0033342786169051264,0.0016557258101156935,0.011764858450973335,0.9266804928512093
grid-2965524-m3,radiant_top1_nw_ratio,nominal,452,0.002954285207063626,0.0028676922807453764,0.012378164198797701,0.9227823781481652
grid-2965524-m3,dire_top1_nw_ratio,aligned,452,-0.001082806264738291,0.0010845604455339691,0.007096282550639485,0.7190686175337728
grid-2965524-m3,dire_top1_nw_ratio,nominal,452,-0.001286178761836339,0.0015108155016087949,0.007383889076708208,0.6953862587476455
grid-2965525-m1,radiant_nw_adv,aligned,330,-143.3030303030303,60.5,433.0,0.9597671659701491
grid-2965525-m1,radiant_nw_adv,nominal,329,-148.8145896656535,64.0,442.5999999999999,0.9482407140211436
grid-2965525-m1,radiant_nw,aligned,330,-101.83030303030303,55.5,355.0,0.9997528437728694
grid-2965525-m1,radiant_nw,nominal,329,-138.93617021276594,71.0,367.2,0.9996465239064328
grid-2965525-m1,dire_nw,aligned,330,41.472727272727276,50.0,300.5000000000001,0.9997538546500643
grid-2965525-m1,dire_nw,nominal,329,9.878419452887538,42.0,274.19999999999993,0.9997695917172876
grid-2965525-m1,radiant_xp_adv,aligned,330,-29.03030303030303,0.0,680.0,0.9495305675660846
grid-2965525-m1,radiant_xp_adv,nominal,329,-48.753799392097264,0.0,580.0,0.9521168275364269
grid-2965525-m1,deaths_radiant,aligned,330,0.015151515151515152,0.0,0.0,0.9987423981895616
grid-2965525-m1,deaths_radiant,nominal,329,0.0,0.0,0.0,0.9989728914501356
grid-2965525-m1,deaths_dire,aligned,330,-0.0030303030303030303,0.0,0.0,0.9987266050334249
grid-2965525-m1,deaths_dire,nominal,329,-0.02127659574468085,0.0,0.0,0.9970536964808204
grid-2965525-m1,top1_nw_adv,aligned,330,-22.490909090909092,14.0,135.5000000000001,0.9908139248896908
grid-2965525-m1,top1_nw_adv,nominal,329,-22.319148936170212,20.0,140.0,0.9869586478572802
grid-2965525-m1,radiant_top1_nw_ratio,aligned,330,-0.0002664605329681172,0.0008977934031849794,0.004695717862544278,0.9256346878415709
grid-2965525-m1,radiant_top1_nw_ratio,nominal,329,-0.00036019612357679156,0.0011094252299331808,0.004743327384067769,0.9278840459316099
grid-2965525-m1,dire_top1_nw_ratio,aligned,330,-0.001369552735099907,0.0015953692193843017,0.004656387450001815,0.9849336012242585
grid-2965525-m1,dire_top1_nw_ratio,nominal,329,-0.0015658380061588134,0.0014976627018486455,0.004655972126690332,0.9793148848951883
grid-2965525-m2,radiant_nw_adv,aligned,351,34.925925925925924,35.0,380.0,0.8917206958067851
grid-2965525-m2,radiant_nw_adv,nominal,349,37.99426934097421,61.0,402.39999999999986,0.8616070485686205
grid-2965525-m2,radiant_nw,aligned,351,127.53276353276354,60.0,543.0,0.9996932026571077
grid-2965525-m2,radiant_nw,nominal,349,40.22922636103152,101.0,484.2,0.9997098928284831
grid-2965525-m2,dire_nw,aligned,351,92.6068376068376,68.0,549.0,0.9996975913151109
grid-2965525-m2,dire_nw,nominal,349,2.2349570200573066,113.0,483.59999999999997,0.9996092013633848
grid-2965525-m2,radiant_xp_adv,aligned,351,19.943019943019944,0.0,780.0,0.8718520570394909
grid-2965525-m2,radiant_xp_adv,nominal,349,46.13180515759312,0.0,780.0,0.8624628689565988
grid-2965525-m2,deaths_radiant,aligned,351,0.0,0.0,0.0,0.9984790206668759
grid-2965525-m2,deaths_radiant,nominal,349,-0.02865329512893983,0.0,0.0,0.9925471596550319
grid-2965525-m2,deaths_dire,aligned,351,0.014245014245014245,0.0,0.0,0.9941140749930888
grid-2965525-m2,deaths_dire,nominal,349,-0.0057306590257879654,0.0,0.0,0.9975831243108895
grid-2965525-m2,top1_nw_adv,aligned,351,11.202279202279202,5.0,75.0,0.9164734855641681
grid-2965525-m2,top1_nw_adv,nominal,349,14.343839541547277,10.0,86.0,0.9157110023664968
grid-2965525-m2,radiant_top1_nw_ratio,aligned,351,-0.0009684362826101996,0.002156944655043791,0.007774336323831232,0.9254396206776909
grid-2965525-m2,radiant_top1_nw_ratio,nominal,349,-0.000987231158206513,0.0018495582967725244,0.009145907328464731,0.9552622307836446
grid-2965525-m2,dire_top1_nw_ratio,aligned,351,-0.0010827806622084994,0.0011371577615700845,0.007335112779081582,0.9196448467632757
grid-2965525-m2,dire_top1_nw_ratio,nominal,349,-0.0012367303341581084,0.002301570686946919,0.008358354699692117,0.8712677339519445
grid-2965526-m1,radiant_nw_adv,aligned,300,-11.826666666666666,62.0,313.40000000000055,0.7673591711168887
grid-2965526-m1,radiant_nw_adv,nominal,300,-26.343333333333334,77.0,359.60000000000014,0.7355892674734075
grid-2965526-m1,radiant_nw,aligned,300,52.91,55.0,324.0,0.999649650955844
grid-2965526-m1,radiant_nw,nominal,300,-43.79333333333334,130.0,292.1,0.9995382283169578
grid-2965526-m1,dire_nw,aligned,300,64.73666666666666,32.0,456.50000000000034,0.9991271536400045
grid-2965526-m1,dire_nw,nominal,300,-17.45,106.5,304.40000000000055,0.9991110837120338
grid-2965526-m1,radiant_xp_adv,aligned,300,-3.8666666666666667,0.0,762.0000000000005,0.8960827646044763
grid-2965526-m1,radiant_xp_adv,nominal,300,15.133333333333333,0.0,680.0,0.8856815809413053
grid-2965526-m1,deaths_radiant,aligned,300,0.006666666666666667,0.0,0.0,0.9973467595320844
grid-2965526-m1,deaths_radiant,nominal,300,-0.006666666666666667,0.0,0.0,0.9973418894933983
grid-2965526-m1,deaths_dire,aligned,300,-0.0033333333333333335,0.0,0.0,0.9982292723578158
grid-2965526-m1,deaths_dire,nominal,300,-0.05333333333333334,0.0,0.0,0.9911360491989311
grid-2965526-m1,top1_nw_adv,aligned,300,-32.31333333333333,20.0,295.0,0.7923796815847534
grid-2965526-m1,top1_nw_adv,nominal,300,-38.513333333333335,41.0,293.0,0.757652603403122
grid-2965526-m1,radiant_top1_nw_ratio,aligned,300,-0.0015865623102958087,0.001518849948273726,0.004852620828075111,0.9305308112652675
grid-2965526-m1,radiant_top1_nw_ratio,nominal,300,-0.0018151626781354136,0.00204619201006509,0.00664278996780199,0.883019464868748
grid-2965526-m1,dire_top1_nw_ratio,aligned,300,0.0005074380158339472,0.001535709977414687,0.008514399647520054,0.7162409279554117
grid-2965526-m1,dire_top1_nw_ratio,nominal,300,0.0003595691727136468,0.00269973115081909,0.011081295470948454,0.6935441585600092
grid-2965526-m2,radiant_nw_adv,aligned,370,81.83783783783784,72.5,405.0,0.9081394040020598
grid-2965526-m2,radiant_nw_adv,nominal,368,66.65760869565217,103.0,436.3,0.9020929021081296
grid-2965526-m2,radiant_nw,aligned,370,185.23513513513512,75.5,525.0,0.9997057029383739
grid-2965526-m2,radiant_nw,nominal,368,76.42391304347827,135.5,469.90000000000003,0.9996224690916197
grid-2965526-m2,dire_nw,aligned,370,103.3972972972973,80.5,572.8000000000004,0.999522173867513
grid-2965526-m2,dire_nw,nominal,368,9.766304347826088,124.0,434.7000000000001,0.9995279749108258
grid-2965526-m2,radiant_xp_adv,aligned,370,-10.64864864864865,0.0,680.0,0.9472502747827161
grid-2965526-m2,radiant_xp_adv,nominal,368,-55.43478260869565,0.0,880.0,0.9094173762285441
grid-2965526-m2,deaths_radiant,aligned,370,0.010810810810810811,0.0,0.0,0.9965782778327289
grid-2965526-m2,deaths_radiant,nominal,368,-0.016304347826086956,0.0,0.0,0.9948277518235124
grid-2965526-m2,deaths_dire,aligned,370,0.005405405405405406,0.0,0.0,0.999302627845006
grid-2965526-m2,deaths_dire,nominal,368,-0.05434782608695652,0.0,0.0,0.9966301369699073
grid-2965526-m2,top1_nw_adv,aligned,370,44.22702702702703,23.0,315.0,0.8214826871462328
grid-2965526-m2,top1_nw_adv,nominal,368,34.32065217391305,44.5,319.3,0.7989914438396158
grid-2965526-m2,radiant_top1_nw_ratio,aligned,370,0.0032023260684072067,0.0017898171034698984,0.0092172107205652,0.9347263125721826
grid-2965526-m2,radiant_top1_nw_ratio,nominal,368,0.002621907578626357,0.0029798663874458786,0.010709141642402765,0.8395153363887194
grid-2965526-m2,dire_top1_nw_ratio,aligned,370,0.001830743016701666,0.0012729154372567164,0.006894358061709841,0.8918059417093666
grid-2965526-m2,dire_top1_nw_ratio,nominal,368,0.0016718824130639509,0.0016513021220936758,0.007308606447802646,0.8592392087383113
grid-2965526-m3,radiant_nw_adv,aligned,385,147.53766233766234,72.0,620.0,0.9944052474399823
grid-2965526-m3,radiant_nw_adv,nominal,383,122.88772845953002,117.0,621.0,0.9893418231857265
grid-2965526-m3,radiant_nw,aligned,385,154.5194805194805,91.0,475.0,0.9996860824645498
grid-2965526-m3,radiant_nw,nominal,383,36.866840731070496,175.0,438.8,0.9995609441916704
grid-2965526-m3,dire_nw,aligned,385,6.9818181818181815,44.0,312.4000000000001,0.9996328808195123
grid-2965526-m3,dire_nw,nominal,383,-86.02088772845953,115.0,294.6,0.9994424340681406
grid-2965526-m3,radiant_xp_adv,aligned,385,-21.974025974025974,0.0,780.0,0.9177388430265891
grid-2965526-m3,radiant_xp_adv,nominal,383,-17.963446475195823,0.0,780.0,0.8969694081999017
grid-2965526-m3,deaths_radiant,aligned,385,0.005194805194805195,0.0,0.0,0.9977085572472337
grid-2965526-m3,deaths_radiant,nominal,383,-0.02610966057441253,0.0,0.0,0.9887716534185769
grid-2965526-m3,deaths_dire,aligned,385,0.0,0.0,0.0,0.9975235988632924
grid-2965526-m3,deaths_dire,nominal,383,-0.05483028720626632,0.0,0.0,0.993879820454906
grid-2965526-m3,top1_nw_adv,aligned,385,-57.08831168831169,50.0,355.0,0.9760792042773122
grid-2965526-m3,top1_nw_adv,nominal,383,-63.007832898172325,55.0,360.0,0.9674372415201481
grid-2965526-m3,radiant_top1_nw_ratio,aligned,385,-0.0012598904857854156,0.0028865243428946585,0.008134913196081815,0.9773691602238611
grid-2965526-m3,radiant_top1_nw_ratio,nominal,383,-0.0017577711965344699,0.003670285103156312,0.00964187519189102,0.9629535964494997
grid-2965526-m3,dire_top1_nw_ratio,aligned,385,0.004536740781442518,0.003985323727871304,0.014696497212036643,0.7437280596362007
grid-2965526-m3,dire_top1_nw_ratio,nominal,383,0.004029083701966635,0.004043691700896468,0.014855885739947224,0.7107199217484309
grid-2965527-m1,radiant_nw_adv,aligned,323,-113.71517027863777,64.0,298.2000000000001,0.7534526006984011
grid-2965527-m1,radiant_nw_adv,nominal,322,-108.09937888198758,89.5,336.00000000000034,0.73619049898238
grid-2965527-m1,radiant_nw,aligned,323,-47.89473684210526,134.0,284.0,0.9997619396707779
grid-2965527-m1,radiant_nw,nominal,322,-106.84782608695652,171.0,271.80000000000007,0.9997667920907862
grid-2965527-m1,dire_nw,aligned,323,65.82043343653251,85.0,566.8,0.999064701500486
grid-2965527-m1,dire_nw,nominal,322,1.2515527950310559,123.5,505.90000000000003,0.9990263106320232
grid-2965527-m1,radiant_xp_adv,aligned,323,-17.647058823529413,0.0,580.0,0.9308574870832504
grid-2965527-m1,radiant_xp_adv,nominal,322,-35.77639751552795,0.0,880.0,0.8845083883685605
grid-2965527-m1,deaths_radiant,aligned,323,-0.006191950464396285,0.0,0.0,0.9968230127508589
grid-2965527-m1,deaths_radiant,nominal,322,-0.027950310559006212,0.0,0.0,0.9932262764816278
grid-2965527-m1,deaths_dire,aligned,323,0.0,0.0,0.0,0.9981360747967708
grid-2965527-m1,deaths_dire,nominal,322,-0.018633540372670808,0.0,0.0,0.9972818210550256
grid-2965527-m1,top1_nw_adv,aligned,323,-14.142414860681114,5.0,51.60000000000002,0.6165317340862047
grid-2965527-m1,top1_nw_adv,nominal,322,-11.857142857142858,14.5,69.0,0.60993538771984
grid-2965527-m1,radiant_top1_nw_ratio,aligned,323,0.0009734609249214828,0.0017486408127762865,0.005467131286163941,0.8332361479887268
grid-2965527-m1,radiant_top1_nw_ratio,nominal,322,0.0008869072685647377,0.0022224549741568372,0.0060236380310514336,0.7966624529677884
grid-2965527-m1,dire_top1_nw_ratio,aligned,323,-0.00023722863290956745,0.001500198220740545,0.007609181484630491,0.7551842043293356
grid-2965527-m1,dire_top1_nw_ratio,nominal,322,-0.00040727622959527566,0.001515236740822254,0.008217020850330414,0.7454559157027821
grid-2965527-m2,radiant_nw_adv,aligned,387,-38.064599483204134,86.0,354.40000000000003,0.9688051389627557
grid-2965527-m2,radiant_nw_adv,nominal,386,-34.538860103626945,101.5,376.0,0.9682156146811912
grid-2965527-m2,radiant_nw,aligned,387,-112.21963824289406,136.0,289.40000000000003,0.9994608496612465
grid-2965527-m2,radiant_nw,nominal,386,-183.62435233160622,185.5,364.5,0.9994632598775554
grid-2965527-m2,dire_nw,aligned,387,-74.15503875968992,125.0,295.60000000000014,0.9997846700699234
grid-2965527-m2,dire_nw,nominal,386,-149.08549222797927,145.5,422.5,0.9997118556421914
grid-2965527-m2,radiant_xp_adv,aligned,387,18.34625322997416,0.0,480.0,0.9748067299067831
grid-2965527-m2,radiant_xp_adv,nominal,386,24.145077720207254,0.0,680.0,0.9607598102405367
grid-2965527-m2,deaths_radiant,aligned,387,-0.007751937984496124,0.0,0.0,0.9993969802480483
grid-2965527-m2,deaths_radiant,nominal,386,-0.06217616580310881,0.0,0.0,0.9984801880460047
grid-2965527-m2,deaths_dire,aligned,387,-0.002583979328165375,0.0,0.0,0.9989813793880802
grid-2965527-m2,deaths_dire,nominal,386,-0.03367875647668394,0.0,0.0,0.9956999277990807
grid-2965527-m2,top1_nw_adv,aligned,387,-56.14987080103359,46.0,290.80000000000024,0.8075267882904739
grid-2965527-m2,top1_nw_adv,nominal,386,-56.57772020725388,46.5,280.0,0.8200386398536745
grid-2965527-m2,radiant_top1_nw_ratio,aligned,387,0.0009652314922698312,0.0026506727055617685,0.010157439056418364,0.8176207454794966
grid-2965527-m2,radiant_top1_nw_ratio,nominal,386,0.0009554524566562784,0.0029072034349432174,0.010717319941430756,0.7914112960962557
grid-2965527-m2,dire_top1_nw_ratio,aligned,387,0.004123167880433439,0.002924449935553075,0.012334459197725479,0.8984124942811053
grid-2965527-m2,dire_top1_nw_ratio,nominal,386,0.004049831258093449,0.0032515931708194945,0.012927370839581592,0.8749687781582886
grid-2965527-m3,radiant_nw_adv,aligned,373,-6.241286863270777,87.0,385.8,0.9938740245755225
grid-2965527-m3,radiant_nw_adv,nominal,371,-23.89487870619946,103.0,381.0,0.9918634055815062
grid-2965527-m3,radiant_nw,aligned,373,43.943699731903486,100.0,280.0,0.9996917645067745
grid-2965527-m3,radiant_nw,nominal,371,-70.39083557951483,144.0,258.0,0.9996800958213035
grid-2965527-m3,dire_nw,aligned,373,50.184986595174266,80.0,310.0,0.9996210676503415
grid-2965527-m3,dire_nw,nominal,371,-46.495956873315365,114.0,273.0,0.999450896902985
grid-2965527-m3,radiant_xp_adv,aligned,373,4.879356568364611,0.0,780.0,0.940180772692135
grid-2965527-m3,radiant_xp_adv,nominal,371,-31.37466307277628,0.0,680.0,0.9402072221764952
grid-2965527-m3,deaths_radiant,aligned,373,0.005361930294906166,0.0,0.0,0.9985239880853936
grid-2965527-m3,deaths_radiant,nominal,371,-0.03234501347708895,0.0,0.0,0.9956735385764347
grid-2965527-m3,deaths_dire,aligned,373,0.021447721179624665,0.0,0.0,0.9989267855504433
grid-2965527-m3,deaths_dire,nominal,371,-0.04851752021563342,0.0,0.0,0.9982866148605275
grid-2965527-m3,top1_nw_adv,aligned,373,-68.53887399463807,11.0,315.0,0.9832464317561327
grid-2965527-m3,top1_nw_adv,nominal,371,-77.05121293800539,26.0,335.0,0.9763817272302427
grid-2965527-m3,radiant_top1_nw_ratio,aligned,373,-0.0002698181446249465,0.002987589745407415,0.0058352936005781845,0.9772083312748712
grid-2965527-m3,radiant_top1_nw_ratio,nominal,371,-0.0006927776336666981,0.0032003399899296348,0.006684770304937193,0.9683418629012522
grid-2965527-m3,dire_top1_nw_ratio,aligned,373,0.0025770333592046654,0.0018272187658064099,0.01148319605846449,0.7936180427428273
grid-2965527-m3,dire_top1_nw_ratio,nominal,371,0.002316491588213359,0.0019387938236666846,0.011950799000837564,0.7557892056933058
grid-2965528-m1,radiant_nw_adv,aligned,408,-102.21323529411765,86.0,461.3,0.980021528948617
grid-2965528-m1,radiant_nw_adv,nominal,408,-124.26225490196079,111.0,574.3,0.9746681881023096
grid-2965528-m1,radiant_nw,aligned,408,-118.99509803921569,154.0,371.0,0.9997324234611797
grid-2965528-m1,radiant_nw,nominal,408,-194.7058823529412,166.5,455.6,0.9996461917077287
grid-2965528-m1,dire_nw,aligned,408,-16.78186274509804,85.5,201.3,0.999733661184849
grid-2965528-m1,dire_nw,nominal,408,-70.44362745098039,128.0,249.60000000000002,0.999687105812705
grid-2965528-m1,radiant_xp_adv,aligned,408,-7.794117647058823,0.0,380.0,0.9776417735130795
grid-2965528-m1,radiant_xp_adv,nominal,408,-22.15686274509804,0.0,880.0,0.9628140182132494
grid-2965528-m1,deaths_radiant,aligned,408,0.0024509803921568627,0.0,0.0,0.9992958363312104
grid-2965528-m1,deaths_radiant,nominal,408,0.0,0.0,0.0,1.0
grid-2965528-m1,deaths_dire,aligned,408,0.0,0.0,0.0,0.9991543650495216
grid-2965528-m1,deaths_dire,nominal,408,-0.0392156862745098,0.0,0.0,0.9978544803681301
grid-2965528-m1,top1_nw_adv,aligned,408,33.154411764705884,50.0,360.0,0.782426319207813
grid-2965528-m1,top1_nw_adv,nominal,408,31.477941176470587,51.5,343.6,0.7680684384814768
grid-2965528-m1,radiant_top1_nw_ratio,aligned,408,0.0007087836429022001,0.0027443109127359144,0.011844646577635226,0.7305097112957144
grid-2965528-m1,radiant_top1_nw_ratio,nominal,408,0.0008070194937737605,0.002739093866733544,0.011704162088696306,0.7079863050606893
grid-2965528-m1,dire_top1_nw_ratio,aligned,408,-0.0018685698002826835,0.004289492989404481,0.008539615621280106,0.95213423042995
grid-2965528-m1,dire_top1_nw_ratio,nominal,408,-0.002069636549334852,0.004203307797903816,0.009234658761011373,0.9458532353494215
grid-2965528-m2,radiant_nw_adv,aligned,410,226.6560975609756,121.0,617.1,0.9369709286494974
grid-2965528-m2,radiant_nw_adv,nominal,407,216.61916461916462,145.0,655.8000000000001,0.9338755431633337
grid-2965528-m2,radiant_nw,aligned,410,152.12439024390244,100.0,585.0,0.9994978072385937
grid-2965528-m2,radiant_nw,nominal,407,58.287469287469285,89.0,508.60000000000014,0.9994884854145747
grid-2965528-m2,dire_nw,aligned,410,-74.53170731707317,104.5,396.4000000000001,0.9992147878800121
grid-2965528-m2,dire_nw,nominal,407,-158.33169533169533,145.0,465.0,0.9991933966856079
grid-2965528-m2,radiant_xp_adv,aligned,410,-11.75609756097561,0.0,580.0,0.939291823171375
grid-2965528-m2,radiant_xp_adv,nominal,407,-14.742014742014742,0.0,980.0,0.8683575048694173
grid-2965528-m2,deaths_radiant,aligned,410,0.0024390243902439024,0.0,0.0,0.992942344228484
grid-2965528-m2,deaths_radiant,nominal,407,-0.012285012285012284,0.0,0.0,0.9882485600244068
grid-2965528-m2,deaths_dire,aligned,410,0.007317073170731708,0.0,0.0,0.9976200647919136
grid-2965528-m2,deaths_dire,nominal,407,-0.022113022113022112,0.0,0.0,0.9969004677267566
grid-2965528-m2,top1_nw_adv,aligned,410,46.05853658536585,50.0,300.0,0.7829433590484031
grid-2965528-m2,top1_nw_adv,nominal,407,46.14250614250614,50.0,272.0,0.7810232999696168
grid-2965528-m2,radiant_top1_nw_ratio,aligned,410,0.002794051457248048,0.0029360338450120926,0.008219997940141985,0.9279646858710121
grid-2965528-m2,radiant_top1_nw_ratio,nominal,407,0.002821290520213828,0.003562982331039577,0.008631478909463502,0.9114089973365356
grid-2965528-m2,dire_top1_nw_ratio,aligned,410,0.0035099321715933987,0.0021572206586699116,0.013590482484452077,0.7416663839967393
grid-2965528-m2,dire_top1_nw_ratio,nominal,407,0.0031979645237371246,0.0025100883861716716,0.013819706240157737,0.7196565231863996
grid-2965528-m3,radiant_nw_adv,aligned,371,-70.44204851752022,68.0,248.0,0.9792428004156098
grid-2965528-m3,radiant_nw_adv,nominal,371,-81.60377358490567,79.0,326.0,0.9771887192475114
grid-2965528-m3,radiant_nw,aligned,371,-77.14285714285714,96.0,301.0,0.9995202221241825
grid-2965528-m3,radiant_nw,nominal,371,-116.64420485175202,121.0,357.0,0.9995161367050507
grid-2965528-m3,dire_nw,aligned,371,-6.7008086253369274,100.0,300.0,0.9997354738773596
grid-2965528-m3,dire_nw,nominal,371,-35.04043126684636,123.0,277.0,0.9997280800566838
grid-2965528-m3,radiant_xp_adv,aligned,371,-6.684636118598383,0.0,580.0,0.9764916488963494
grid-2965528-m3,radiant_xp_adv,nominal,371,-20.431266846361186,0.0,480.0,0.9805053799744088
grid-2965528-m3,deaths_radiant,aligned,371,-0.0026954177897574125,0.0,0.0,0.9986539220358078
grid-2965528-m3,deaths_radiant,nominal,371,-0.01078167115902965,0.0,0.0,0.9946550027595733
grid-2965528-m3,deaths_dire,aligned,371,-0.008086253369272238,0.0,0.0,0.9988204234547601
grid-2965528-m3,deaths_dire,nominal,371,-0.026954177897574125,0.0,0.0,0.9977076062718133
grid-2965528-m3,top1_nw_adv,aligned,371,-25.644204851752022,50.0,116.0,0.749073653003326
grid-2965528-m3,top1_nw_adv,nominal,371,-28.059299191374663,50.0,124.0,0.7396093934884315
grid-2965528-m3,radiant_top1_nw_ratio,aligned,371,0.0016295985068691204,0.0013825691844358834,0.007198774221717469,0.8535737073257358
grid-2965528-m3,radiant_top1_nw_ratio,nominal,371,0.0016604985750427706,0.0018178560482334516,0.007750564147237543,0.8389995092775898
grid-2965528-m3,dire_top1_nw_ratio,aligned,371,0.0016953472841960426,0.0024401546562410337,0.0053291414376649415,0.9823380646174469
grid-2965528-m3,dire_top1_nw_ratio,nominal,371,0.0018634586673360889,0.0025469418296921176,0.0063477086138483685,0.9780405528315189
grid-2965529-m1,radiant_nw_adv,aligned,357,-129.49859943977592,85.0,554.4000000000001,0.7924255185561927
grid-2965529-m1,radiant_nw_adv,nominal,355,-121.16056338028169,97.0,554.6,0.7902453097011066
grid-2965529-m1,radiant_nw,aligned,357,-63.51820728291317,100.0,353.4000000000004,0.999448392596737
grid-2965529-m1,radiant_nw,nominal,355,-150.92394366197183,135.0,415.60000000000025,0.9994614715420198
grid-2965529-m1,dire_nw,aligned,357,65.98039215686275,68.0,287.00000000000017,0.9998415241770976
grid-2965529-m1,dire_nw,nominal,355,-29.76338028169014,114.0,228.60000000000002,0.9997993604489227
grid-2965529-m1,radiant_xp_adv,aligned,357,0.0,0.0,880.0,0.8688492866086125
grid-2965529-m1,radiant_xp_adv,nominal,355,-34.028169014084504,0.0,680.0,0.9120697654240796
grid-2965529-m1,deaths_radiant,aligned,357,0.014005602240896359,0.0,0.0,0.9977369922697689
grid-2965529-m1,deaths_radiant,nominal,355,-0.028169014084507043,0.0,0.0,0.9967640153245005
grid-2965529-m1,deaths_dire,aligned,357,0.011204481792717087,0.0,0.0,0.9990729157133528
grid-2965529-m1,deaths_dire,nominal,355,-0.022535211267605635,0.0,0.0,0.9981397576835603
grid-2965529-m1,top1_nw_adv,aligned,357,20.285714285714285,28.0,89.0,0.963601212413958
grid-2965529-m1,top1_nw_adv,nominal,355,21.816901408450704,37.0,96.60000000000014,0.9524515156477246
grid-2965529-m1,radiant_top1_nw_ratio,aligned,357,0.0014130733792862892,0.0024570639190452936,0.006277857358564245,0.9268443227426076
grid-2965529-m1,radiant_top1_nw_ratio,nominal,355,0.0012291541505218984,0.0024669618689835415,0.006929698812126722,0.9357909568035484
grid-2965529-m1,dire_top1_nw_ratio,aligned,357,-0.001281065209283805,0.004195064114239422,0.0074249184959369885,0.9449763684780815
grid-2965529-m1,dire_top1_nw_ratio,nominal,355,-0.0016480653236754942,0.004091482908458011,0.008164398847080874,0.9334718132698288
grid-2965529-m2,radiant_nw_adv,aligned,401,223.27680798004988,96.0,591.0,0.9004857091074202
grid-2965529-m2,radiant_nw_adv,nominal,398,212.71356783919597,137.0,642.8000000000001,0.8709659779109244
grid-2965529-m2,radiant_nw,aligned,401,112.0922693266833,75.0,575.0,0.9988846347384405
grid-2965529-m2,radiant_nw,nominal,398,7.530150753768845,140.5,514.6,0.9987235577068933
grid-2965529-m2,dire_nw,aligned,401,-111.18453865336659,50.0,475.0,0.9997482310819868
grid-2965529-m2,dire_nw,nominal,398,-205.18341708542712,115.0,533.0,0.9996685170884798
grid-2965529-m2,radiant_xp_adv,aligned,401,-4.089775561097257,0.0,680.0,0.9556164124207349
grid-2965529-m2,radiant_xp_adv,nominal,398,-16.934673366834172,0.0,880.0,0.9268595519365295
grid-2965529-m2,deaths_radiant,aligned,401,0.00997506234413965,0.0,0.0,0.9983284953799944
grid-2965529-m2,deaths_radiant,nominal,398,-0.022613065326633167,0.0,0.0,0.9962307426936583
grid-2965529-m2,deaths_dire,aligned,401,0.004987531172069825,0.0,0.0,0.9989073936997263
grid-2965529-m2,deaths_dire,nominal,398,-0.06281407035175879,0.0,0.0,0.9959803256153662
grid-2965529-m2,top1_nw_adv,aligned,401,214.82543640897757,41.0,750.0,0.9344479560794936
grid-2965529-m2,top1_nw_adv,nominal,398,207.55527638190955,64.5,750.0,0.9206349363603478
grid-2965529-m2,radiant_top1_nw_ratio,aligned,401,0.004441587780800806,0.0024847507099587385,0.011462996754723842,0.9461717989087418
grid-2965529-m2,radiant_top1_nw_ratio,nominal,398,0.004118646105492573,0.003995986113584191,0.01159436196353919,0.9375497372614261
grid-2965529-m2,dire_top1_nw_ratio,aligned,401,-0.0023890644538890325,0.0013620119801058816,0.01416155992866458,0.867982488622008
grid-2965529-m2,dire_top1_nw_ratio,nominal,398,-0.002547691204730147,0.002478391404185848,0.014132613943623471,0.8526913164606288
grid-2965529-m3,radiant_nw_adv,aligned,408,3.0220588235294117,60.5,239.5000000000004,0.9892529256115496
grid-2965529-m3,radiant_nw_adv,nominal,407,-10.57002457002457,72.0,311.2000000000003,0.9864956667164974
grid-2965529-m3,radiant_nw,aligned,408,44.34803921568628,93.5,350.0,0.9996797384130177
grid-2965529-m3,radiant_nw,nominal,407,-37.96068796068796,111.0,389.60000000000014,0.999596160717798
grid-2965529-m3,dire_nw,aligned,408,41.325980392156865,100.0,365.3,0.9990433255280736
grid-2965529-m3,dire_nw,nominal,407,-27.39066339066339,123.0,402.40000000000003,0.9989511187028126
grid-2965529-m3,radiant_xp_adv,aligned,408,9.950980392156863,0.0,780.0,0.9593903099402594
grid-2965529-m3,radiant_xp_adv,nominal,407,-13.464373464373464,0.0,680.0,0.967436140001488
grid-2965529-m3,deaths_radiant,aligned,408,0.0196078431372549,0.0,0.0,0.9989441500860835
grid-2965529-m3,deaths_radiant,nominal,407,-0.0171990171990172,0.0,0.0,0.9990292537883388
grid-2965529-m3,deaths_dire,aligned,408,0.00980392156862745,0.0,0.0,0.9997596577417878
grid-2965529-m3,deaths_dire,nominal,407,-0.05896805896805897,0.0,0.0,0.9990885949429593
grid-2965529-m3,top1_nw_adv,aligned,408,-62.154411764705884,5.0,165.0,0.9224884258316792
grid-2965529-m3,top1_nw_adv,nominal,407,-63.825552825552826,22.0,188.80000000000024,0.9164731107108585
grid-2965529-m3,radiant_top1_nw_ratio,aligned,408,-0.00123257703378609,0.0022927573565911658,0.00426920272290067,0.934888032366492
grid-2965529-m3,radiant_top1_nw_ratio,nominal,407,-0.0013161608813410414,0.002304068739798548,0.005462267960380057,0.9098642782428606
grid-2965529-m3,dire_top1_nw_ratio,aligned,408,0.0028209268422786414,0.0018135067980396824,0.006613767640440142,0.8853298561058515
grid-2965529-m3,dire_top1_nw_ratio,nominal,407,0.0025523656200725393,0.0020224687687075416,0.00716447203840947,0.9003408508587666
grid-2965530-m1,radiant_nw_adv,aligned,331,-129.5740181268882,91.0,485.0,0.8473154588449022
grid-2965530-m1,radiant_nw_adv,nominal,328,-128.0030487804878,115.0,578.9000000000001,0.8412888507143806
grid-2965530-m1,radiant_nw,aligned,331,-62.37764350453172,56.0,287.0,0.9998260901023205
grid-2965530-m1,radiant_nw,nominal,328,-152.234756097561,129.0,346.90000000000003,0.9997904372031187
grid-2965530-m1,dire_nw,aligned,331,67.1963746223565,50.0,444.0,0.9994355871649722
grid-2965530-m1,dire_nw,nominal,328,-24.23170731707317,118.5,373.20000000000005,0.9994482432321868
grid-2965530-m1,radiant_xp_adv,aligned,331,9.607250755287009,0.0,780.0,0.8979456236256498
grid-2965530-m1,radiant_xp_adv,nominal,328,0.6707317073170732,0.0,780.0,0.8868078678131421
grid-2965530-m1,deaths_radiant,aligned,331,0.00906344410876133,0.0,0.0,0.989564632099804
grid-2965530-m1,deaths_radiant,nominal,328,-0.006097560975609756,0.0,0.0,0.992878378131826
grid-2965530-m1,deaths_dire,aligned,331,0.0030211480362537764,0.0,0.0,0.9982033413718534
grid-2965530-m1,deaths_dire,nominal,328,-0.018292682926829267,0.0,0.0,0.988848551484699
grid-2965530-m1,top1_nw_adv,aligned,331,-18.063444108761328,10.0,101.0,0.9363594378090806
grid-2965530-m1,top1_nw_adv,nominal,328,-21.774390243902438,28.5,125.0,0.932598579762245
grid-2965530-m1,radiant_top1_nw_ratio,aligned,331,0.00031314173981856054,0.0012045127822750967,0.004447334228309507,0.9228265822060077
grid-2965530-m1,radiant_top1_nw_ratio,nominal,328,-5.9446539088199394e-05,0.0018957838988383768,0.00515954529760297,0.9099829294914693
grid-2965530-m1,dire_top1_nw_ratio,aligned,331,1.9713210207230863e-05,0.001068974903965958,0.006608537823369481,0.9373309986761421
grid-2965530-m1,dire_top1_nw_ratio,nominal,328,-0.00017940302687561232,0.0017543832554539618,0.006203016443438553,0.971334522576156
grid-2965530-m2,radiant_nw_adv,aligned,352,-174.61079545454547,100.0,417.90000000000003,0.9905818811109155
grid-2965530-m2,radiant_nw_adv,nominal,350,-145.89142857142858,124.0,434.1,0.9861159417461002
grid-2965530-m2,radiant_nw,aligned,352,31.454545454545453,47.0,260.0,0.9997489081621517
grid-2965530-m2,radiant_nw,nominal,350,-54.714285714285715,113.0,228.0,0.9996984592386334
grid-2965530-m2,dire_nw,aligned,352,206.0653409090909,90.0,600.0,0.9996139270110401
grid-2965530-m2,dire_nw,nominal,350,91.17714285714285,63.0,536.0,0.9995616803342865
grid-2965530-m2,radiant_xp_adv,aligned,352,3.409090909090909,0.0,780.0,0.9264622732824945
grid-2965530-m2,radiant_xp_adv,nominal,350,72.74285714285715,0.0,780.0,0.8890570430594109
grid-2965530-m2,deaths_radiant,aligned,352,0.019886363636363636,0.0,0.0,0.9988692138883497
grid-2965530-m2,deaths_radiant,nominal,350,-0.045714285714285714,0.0,0.0,0.9975578624242301
grid-2965530-m2,deaths_dire,aligned,352,0.0,0.0,0.0,1.0
grid-2965530-m2,deaths_dire,nominal,350,-0.017142857142857144,0.0,0.0,0.9906182892452889
grid-2965530-m2,top1_nw_adv,aligned,352,-44.375,20.0,293.5000000000005,0.8241656650937249
grid-2965530-m2,top1_nw_adv,nominal,350,-44.40571428571429,34.0,304.20000000000005,0.7974071543421172
grid-2965530-m2,radiant_top1_nw_ratio,aligned,352,-0.00013037098150894553,0.0007484206280355121,0.0037125054735106665,0.9746370072606585
grid-2965530-m2,radiant_top1_nw_ratio,nominal,350,-0.0008058485206077816,0.0018118016753036204,0.005013713942870958,0.9505489712643228
grid-2965530-m2,dire_top1_nw_ratio,aligned,352,0.00030684911549769386,0.0035264925027481964,0.009774642942931878,0.7305168206421416
grid-2965530-m2,dire_top1_nw_ratio,nominal,350,0.00010066773724960818,0.0035103722509736146,0.009093750736189458,0.7560407482012999
grid-2965530-m3,radiant_nw_adv,aligned,482,-47.71369294605809,70.0,421.6000000000008,0.9292877427706615
grid-2965530-m3,radiant_nw_adv,nominal,480,-49.90833333333333,89.5,511.8000000000004,0.8865275251125457
grid-2965530-m3,radiant_nw,aligned,482,-28.101659751037346,110.5,356.0,0.9995827743725264
grid-2965530-m3,radiant_nw,nominal,480,-120.82083333333334,133.5,425.1,0.9995172690562703
grid-2965530-m3,dire_nw,aligned,482,19.612033195020746,113.0,275.0,0.9997081807340203
grid-2965530-m3,dire_nw,nominal,480,-70.9125,149.0,312.20000000000005,0.9995949443190474
grid-2965530-m3,radiant_xp_adv,aligned,482,8.132780082987551,0.0,480.0,0.9691233074885689
grid-2965530-m3,radiant_xp_adv,nominal,480,28.875,0.0,880.0,0.9229371971136746
grid-2965530-m3,deaths_radiant,aligned,482,0.008298755186721992,0.0,0.0,0.9988376368821946
grid-2965530-m3,deaths_radiant,nominal,480,-0.03125,0.0,0.0,0.9971118579379212
grid-2965530-m3,deaths_dire,aligned,482,0.006224066390041493,0.0,0.0,0.9993907055392693
grid-2965530-m3,deaths_dire,nominal,480,-0.029166666666666667,0.0,0.0,0.9983241182043412
grid-2965530-m3,top1_nw_adv,aligned,482,-60.12240663900415,33.5,298.7000000000001,0.8466217454756033
grid-2965530-m3,top1_nw_adv,nominal,480,-60.50833333333333,51.0,305.0,0.7909580662409502
grid-2965530-m3,radiant_top1_nw_ratio,aligned,482,-0.00015968544888381463,0.0012161541284441274,0.006348095773414609,0.9247049318133687
grid-2965530-m3,radiant_top1_nw_ratio,nominal,480,-0.000360456441085465,0.0013745266801636208,0.008070677021290532,0.8865469337097969
grid-2965530-m3,dire_top1_nw_ratio,aligned,482,0.0027374407826671076,0.0027236777495074638,0.012443595919333831,0.91289746659951
grid-2965530-m3,dire_top1_nw_ratio,nominal,480,0.0024898474631250027,0.0036284476759556455,0.013201684248240782,0.880556885443787
grid-2967260-m1,radiant_nw_adv,aligned,432,117.7175925925926,93.5,329.80000000000007,0.9832484037919423
grid-2967260-m1,radiant_nw_adv,nominal,432,119.37962962962963,106.0,376.30000000000024,0.974000441571847
grid-2967260-m1,radiant_nw,aligned,432,-13.324074074074074,150.0,298.60000000000014,0.9996473275569607
grid-2967260-m1,radiant_nw,nominal,432,-79.88425925925925,181.5,310.50000000000017,0.9996166727884261
grid-2967260-m1,dire_nw,aligned,432,-131.04166666666666,92.0,475.0,0.9995925493253517
grid-2967260-m1,dire_nw,nominal,432,-199.26388888888889,143.5,519.0,0.9995061283311735
grid-2967260-m1,radiant_xp_adv,aligned,432,7.916666666666667,0.0,580.0,0.9591634713915402
grid-2967260-m1,radiant_xp_adv,nominal,432,-9.768518518518519,0.0,680.0,0.9473298347419961
grid-2967260-m1,deaths_radiant,aligned,432,0.0023148148148148147,0.0,0.0,0.9981862443506657
grid-2967260-m1,deaths_radiant,nominal,432,-0.016203703703703703,0.0,0.0,0.9958993296033529
grid-2967260-m1,deaths_dire,aligned,432,0.004629629629629629,0.0,0.0,0.9997173405776524
grid-2967260-m1,deaths_dire,nominal,432,-0.03009259259259259,0.0,0.0,0.9991072025513221
grid-2967260-m1,top1_nw_adv,aligned,432,52.6712962962963,35.0,295.0,0.9525669213236364
grid-2967260-m1,top1_nw_adv,nominal,432,57.69675925925926,55.0,295.0,0.9402777357051993
grid-2967260-m1,radiant_top1_nw_ratio,aligned,432,0.0038632808648348597,0.004193760274151415,0.011936159335403592,0.899031875604948
grid-2967260-m1,radiant_top1_nw_ratio,nominal,432,0.0038804945882528717,0.004594958037157926,0.012761301214488539,0.8815892888588559
grid-2967260-m1,dire_top1_nw_ratio,aligned,432,0.0021597925952788846,0.0014329002164229915,0.0068632155608385524,0.9813454123278827
grid-2967260-m1,dire_top1_nw_ratio,nominal,432,0.0017851173084228538,0.0019566388807658597,0.0075136516121402635,0.9737431199755534
grid-2967260-m2,radiant_nw_adv,aligned,395,132.35443037974684,55.0,494.20000000000005,0.9191487254885966
grid-2967260-m2,radiant_nw_adv,nominal,393,136.59796437659034,82.0,522.6,0.9130005162148387
grid-2967260-m2,radiant_nw,aligned,395,148.83291139240507,80.0,569.0,0.9992242539333935
grid-2967260-m2,radiant_nw,nominal,393,92.92620865139949,131.0,538.0,0.999176305730135
grid-2967260-m2,dire_nw,aligned,395,16.47848101265823,55.0,246.60000000000014,0.9997842460725146
grid-2967260-m2,dire_nw,nominal,393,-43.67175572519084,76.0,252.8,0.9997800857179463
grid-2967260-m2,radiant_xp_adv,aligned,395,-10.126582278481013,0.0,580.0,0.9574331138837893
grid-2967260-m2,radiant_xp_adv,nominal,393,-4.325699745547074,0.0,780.0,0.9259619837948708
grid-2967260-m2,deaths_radiant,aligned,395,0.002531645569620253,0.0,0.0,0.9973977181139517
grid-2967260-m2,deaths_radiant,nominal,393,-0.017811704834605598,0.0,0.0,0.9974576043749434
grid-2967260-m2,deaths_dire,aligned,395,-0.005063291139240506,0.0,0.0,0.9978133326817447
grid-2967260-m2,deaths_dire,nominal,393,-0.020356234096692113,0.0,0.0,0.9956355888475767
grid-2967260-m2,top1_nw_adv,aligned,395,99.65316455696203,40.0,320.0,0.4831755218904637
grid-2967260-m2,top1_nw_adv,nominal,393,99.37150127226464,55.0,320.0,0.4640030336862166
grid-2967260-m2,radiant_top1_nw_ratio,aligned,395,0.003247354128436342,0.0027789415035160414,0.009213859680918386,0.8498847439965235
grid-2967260-m2,radiant_top1_nw_ratio,nominal,393,0.0031091223643062264,0.003725204982469643,0.009506943010069447,0.8541925193049751
grid-2967260-m2,dire_top1_nw_ratio,aligned,395,-0.0001380518498537383,0.0016405931340428004,0.004538391827713092,0.9024793971663642
grid-2967260-m2,dire_top1_nw_ratio,nominal,393,-0.00021407952099603304,0.0016653074713918747,0.004964190710270573,0.8729853141903429
grid-2967260-m3,radiant_nw_adv,aligned,379,-263.7704485488127,111.0,618.4,0.9977747712677328
grid-2967260-m3,radiant_nw_adv,nominal,379,-204.155672823219,113.0,597.8,0.9973400392320048
grid-2967260-m3,radiant_nw,aligned,379,-91.61213720316623,30.0,476.0,0.9996365239201775
grid-2967260-m3,radiant_nw,nominal,379,-167.0580474934037,93.0,520.0,0.9996315060194437
grid-2967260-m3,dire_nw,aligned,379,172.15831134564644,65.0,586.4,0.9996367022419995
grid-2967260-m3,dire_nw,nominal,379,37.0976253298153,92.0,487.0,0.9996328513387186
grid-2967260-m3,radiant_xp_adv,aligned,379,27.598944591029024,0.0,780.0,0.9804657153729405
grid-2967260-m3,radiant_xp_adv,nominal,379,53.66754617414248,0.0,980.0,0.9664046881376127
grid-2967260-m3,deaths_radiant,aligned,379,0.018469656992084433,0.0,0.0,0.9994595234140965
grid-2967260-m3,deaths_radiant,nominal,379,-0.079155672823219,0.0,0.0,0.9984282283376538
grid-2967260-m3,deaths_dire,aligned,379,0.010554089709762533,0.0,0.0,0.9937114536382058
grid-2967260-m3,deaths_dire,nominal,379,-0.005277044854881266,0.0,0.0,0.9968424989958042
grid-2967260-m3,top1_nw_adv,aligned,379,18.015831134564642,6.0,95.0,0.995838176345992
grid-2967260-m3,top1_nw_adv,nominal,379,24.883905013192614,26.0,108.0,0.990631732624697
grid-2967260-m3,radiant_top1_nw_ratio,aligned,379,0.0008888520381388297,0.0003467518191332397,0.005481937103410578,0.9716746530926776
grid-2967260-m3,radiant_top1_nw_ratio,nominal,379,0.0005842757713621733,0.0011482454447570012,0.006277555816666497,0.9558757270150513
grid-2967260-m3,dire_top1_nw_ratio,aligned,379,-0.0027037516430773395,0.003114004598418263,0.008085550915904937,0.8894890782726876
grid-2967260-m3,dire_top1_nw_ratio,nominal,379,-0.002530171492258976,0.0032273808633657697,0.008336841118285638,0.8848200723148113
grid-2967261-m2,radiant_nw_adv,aligned,367,119.3732970027248,60.0,336.40000000000003,0.9872729940343571
grid-2967261-m2,radiant_nw_adv,nominal,364,101.37087912087912,84.0,367.19999999999993,0.9830721648966977
grid-2967261-m2,radiant_nw,aligned,367,139.99727520435968,56.0,544.4000000000001,0.9995904085761752
grid-2967261-m2,radiant_nw,nominal,364,41.45054945054945,107.0,469.19999999999993,0.9996038305923471
grid-2967261-m2,dire_nw,aligned,367,20.623978201634877,54.0,255.0,0.9997088295807867
grid-2967261-m2,dire_nw,nominal,364,-59.92032967032967,102.0,232.7,0.9997084840815716
grid-2967261-m2,radiant_xp_adv,aligned,367,19.78201634877384,0.0,780.0,0.8969262800877289
grid-2967261-m2,radiant_xp_adv,nominal,364,4.670329670329671,0.0,821.9999999999993,0.9196952217966907
grid-2967261-m2,deaths_radiant,aligned,367,0.0027247956403269754,0.0,0.0,0.9856725135958289
grid-2967261-m2,deaths_radiant,nominal,364,-0.01098901098901099,0.0,0.0,0.9805642896384479
grid-2967261-m2,deaths_dire,aligned,367,0.0,0.0,0.0,0.9970627835251041
grid-2967261-m2,deaths_dire,nominal,364,-0.019230769230769232,0.0,0.0,0.9898316709186471
grid-2967261-m2,top1_nw_adv,aligned,367,-31.46866485013624,50.0,315.0,0.9264774019115973
grid-2967261-m2,top1_nw_adv,nominal,364,-40.62637362637363,51.0,316.0,0.912955836302478
grid-2967261-m2,radiant_top1_nw_ratio,aligned,367,-0.0006026374468165148,0.0027513752533631086,0.007581208789446548,0.9397721642360184
grid-2967261-m2,radiant_top1_nw_ratio,nominal,364,-0.0009657415301826414,0.003180345914748736,0.007444527185913674,0.9242193045937942
grid-2967261-m2,dire_top1_nw_ratio,aligned,367,0.0023940875166993635,0.0011431982151894338,0.012471280582811987,0.7746378347259744
grid-2967261-m2,dire_top1_nw_ratio,nominal,364,0.002191691743492275,0.0020406884786599577,0.01228347142181645,0.7951939263100797
grid-2967261-m4,radiant_nw_adv,aligned,397,-31.41309823677582,90.0,408.6000000000003,0.985640957995821
grid-2967261-m4,radiant_nw_adv,nominal,394,-60.934010152284266,90.5,431.09999999999985,0.9854632960444403
grid-2967261-m4,radiant_nw,aligned,397,-32.03778337531486,36.0,141.60000000000014,0.9999275411070707
grid-2967261-m4,radiant_nw,nominal,394,-131.8020304568528,105.0,239.39999999999998,0.9998672966955949
grid-2967261-m4,dire_nw,aligned,397,-0.6246851385390428,66.0,402.00000000000017,0.9995151967632092
grid-2967261-m4,dire_nw,nominal,394,-70.86802030456853,149.5,342.09999999999997,0.9995431644846262
grid-2967261-m4,radiant_xp_adv,aligned,397,2.468513853904282,0.0,780.0,0.9399797818981301
grid-2967261-m4,radiant_xp_adv,nominal,394,3.7563451776649748,0.0,780.0,0.9382914573058158
grid-2967261-m4,deaths_radiant,aligned,397,0.0,0.0,0.0,0.9999999999999999
grid-2967261-m4,deaths_radiant,nominal,394,-0.007614213197969543,0.0,0.0,0.9774609272259398
grid-2967261-m4,deaths_dire,aligned,397,0.015113350125944584,0.0,0.0,0.9987423103475155
grid-2967261-m4,deaths_dire,nominal,394,-0.04314720812182741,0.0,0.0,0.9973526956918423
grid-2967261-m4,top1_nw_adv,aligned,397,17.634760705289672,5.0,100.0,0.9838869521201071
grid-2967261-m4,top1_nw_adv,nominal,394,8.862944162436548,20.0,100.0,0.9794508832444423
grid-2967261-m4,radiant_top1_nw_ratio,aligned,397,0.0016827504921209638,0.0004323281404691459,0.0050632894947545476,0.9519976659066935
grid-2967261-m4,radiant_top1_nw_ratio,nominal,394,0.0012706286424880623,0.0009096766655195404,0.007347055653486027,0.9657435643435173
grid-2967261-m4,dire_top1_nw_ratio,aligned,397,-0.0006034064551065317,0.0010763934635502348,0.008079638558538261,0.8575919209735311
grid-2967261-m4,dire_top1_nw_ratio,nominal,394,-0.0008925886885846302,0.0016627000433865058,0.008126071556768142,0.8343336282000084
grid-2967262-m1,radiant_nw_adv,aligned,385,-12.690909090909091,70.0,300.0,0.9075192338457146
grid-2967262-m1,radiant_nw_adv,nominal,312,-9.426282051282051,68.0,324.80000000000007,0.8980034070515325
grid-2967262-m1,radiant_nw,aligned,385,56.85454545454545,89.0,340.6,0.9997051480564235
grid-2967262-m1,radiant_nw,nominal,312,76.23076923076923,89.0,361.80000000000007,0.999686739435129
grid-2967262-m1,dire_nw,aligned,385,69.54545454545455,62.0,532.8000000000001,0.99963316802081
grid-2967262-m1,dire_nw,nominal,312,85.65705128205128,55.0,558.6000000000001,0.9996554672115513
grid-2967262-m1,radiant_xp_adv,aligned,385,-33.506493506493506,0.0,880.0,0.9300999252420883
grid-2967262-m1,radiant_xp_adv,nominal,312,-34.93589743589744,0.0,970.0000000000034,0.9105243588091542
grid-2967262-m1,deaths_radiant,aligned,385,0.01038961038961039,0.0,0.0,0.9872308920503404
grid-2967262-m1,deaths_radiant,nominal,312,0.01282051282051282,0.0,0.0,0.9846960302152986
grid-2967262-m1,deaths_dire,aligned,385,0.0025974025974025974,0.0,0.0,0.9961034865365194
grid-2967262-m1,deaths_dire,nominal,312,0.009615384615384616,0.0,0.0,0.9923045953948387
grid-2967262-m1,top1_nw_adv,aligned,385,65.0051948051948,30.0,300.0,0.9347593056261723
grid-2967262-m1,top1_nw_adv,nominal,312,63.49038461538461,30.5,300.0,0.9371087323948474
grid-2967262-m1,radiant_top1_nw_ratio,aligned,385,0.0034299333556536784,0.0029544432029541545,0.011674794888965462,0.9184068220183427
grid-2967262-m1,radiant_top1_nw_ratio,nominal,312,0.003513302944889334,0.0030445147862860483,0.011668303541925627,0.911914530893268
grid-2967262-m1,dire_top1_nw_ratio,aligned,385,-0.000348607883111252,0.001277859259411429,0.007166755500715222,0.9467881529316959
grid-2967262-m1,dire_top1_nw_ratio,nominal,312,-0.0002066823896892899,0.001301226283831225,0.0071473045765191616,0.9446845216877167
grid-2967262-m2,radiant_nw_adv,aligned,361,178.86426592797784,110.0,435.0,0.7588907372374918
grid-2967262-m2,radiant_nw_adv,nominal,359,175.15041782729804,113.0,410.0,0.7507737024836071
grid-2967262-m2,radiant_nw,aligned,361,123.38227146814404,54.0,514.0,0.9986887260243339
grid-2967262-m2,radiant_nw,nominal,359,66.74373259052925,76.0,469.2,0.9986366904311534
grid-2967262-m2,dire_nw,aligned,361,-55.48199445983379,79.0,215.0,0.999863079597656
grid-2967262-m2,dire_nw,nominal,359,-108.40668523676881,127.0,253.59999999999997,0.9998365005541336
grid-2967262-m2,radiant_xp_adv,aligned,361,-4.930747922437673,0.0,580.0,0.9342577825285139
grid-2967262-m2,radiant_xp_adv,nominal,359,0.3342618384401114,0.0,780.0,0.886288649344713
grid-2967262-m2,deaths_radiant,aligned,361,0.002770083102493075,0.0,0.0,0.9939554227824468
grid-2967262-m2,deaths_radiant,nominal,359,0.0,0.0,0.0,1.0
grid-2967262-m2,deaths_dire,aligned,361,0.002770083102493075,0.0,0.0,0.9984644507390306
grid-2967262-m2,deaths_dire,nominal,359,-0.002785515320334262,0.0,0.0,0.998454114950932
grid-2967262-m2,top1_nw_adv,aligned,361,57.146814404432135,50.0,99.0,0.45696283919271885
grid-2967262-m2,top1_nw_adv,nominal,359,59.02785515320334,50.0,128.0,0.44578079283933547
grid-2967262-m2,radiant_top1_nw_ratio,aligned,361,0.0026677993647631496,0.003998345783533225,0.009660898955873493,0.7744608174871733
grid-2967262-m2,radiant_top1_nw_ratio,nominal,359,0.0027554135306706064,0.0043576146590307285,0.010376739257197015,0.7743993411000452
grid-2967262-m2,dire_top1_nw_ratio,aligned,361,0.0004288248149435957,0.0012742712407758372,0.006338742205692471,0.8746652091332676
grid-2967262-m2,dire_top1_nw_ratio,nominal,359,0.0002807259222589325,0.0016488915164993845,0.007041391169841021,0.8504492418908756
grid-2967262-m3,radiant_nw_adv,aligned,389,68.0051413881748,116.0,297.4,0.989962287200678
grid-2967262-m3,radiant_nw_adv,nominal,390,85.33333333333333,123.0,335.0,0.9890191284917773
grid-2967262-m3,radiant_nw,aligned,389,6.884318766066838,75.0,295.0,0.9995704092602308
grid-2967262-m3,radiant_nw,nominal,390,-52.274358974358975,122.0,271.1,0.9994775194091354
grid-2967262-m3,dire_nw,aligned,389,-61.12082262210797,87.0,411.2,0.9994872165034132
grid-2967262-m3,dire_nw,nominal,390,-137.6076923076923,91.0,488.30000000000007,0.9993804975005742
grid-2967262-m3,radiant_xp_adv,aligned,389,21.388174807197945,0.0,680.0,0.9660940416996676
grid-2967262-m3,radiant_xp_adv,nominal,390,22.82051282051282,0.0,580.0,0.9701578258067266
grid-2967262-m3,deaths_radiant,aligned,389,0.002570694087403599,0.0,0.0,0.9990731227376266
grid-2967262-m3,deaths_radiant,nominal,390,-0.05384615384615385,0.0,0.0,0.9971421565110129
grid-2967262-m3,deaths_dire,aligned,389,0.010282776349614395,0.0,0.0,0.9948613382405714
grid-2967262-m3,deaths_dire,nominal,390,-0.01282051282051282,0.0,0.0,0.9959177745416828
grid-2967262-m3,top1_nw_adv,aligned,389,22.203084832904885,30.0,297.2,0.9698308806233883
grid-2967262-m3,top1_nw_adv,nominal,390,30.05897435897436,45.0,298.1,0.9696034837335599
grid-2967262-m3,radiant_top1_nw_ratio,aligned,389,0.0018372250313780586,0.0013938616122519953,0.01213178587904502,0.8179548835235189
grid-2967262-m3,radiant_top1_nw_ratio,nominal,390,0.0016881935738190113,0.00167431341144611,0.012210622957793994,0.830896875325078
grid-2967262-m3,dire_top1_nw_ratio,aligned,389,0.0020049599790858876,0.002118586476384632,0.009031415367265917,0.9839019853523515
grid-2967262-m3,dire_top1_nw_ratio,nominal,390,0.001541016439149032,0.002404631823320541,0.009301711059347208,0.9806542442512114
grid-2968611-m1,radiant_nw_adv,aligned,368,269.1032608695652,114.0,576.3,0.9925107930640045
grid-2968611-m1,radiant_nw_adv,nominal,366,241.79508196721312,140.0,571.5,0.9904584134842683
grid-2968611-m1,radiant_nw,aligned,368,194.36141304347825,84.5,585.0,0.9996862463318339
grid-2968611-m1,radiant_nw,nominal,366,86.19945355191257,117.5,528.5,0.9996449576898367
grid-2968611-m1,dire_nw,aligned,368,-74.74184782608695,51.0,303.7000000000001,0.999705984657029
grid-2968611-m1,dire_nw,nominal,366,-155.59562841530055,111.5,380.0,0.9996761507747769
grid-2968611-m1,radiant_xp_adv,aligned,368,16.25,0.0,780.0,0.9617784130062232
grid-2968611-m1,radiant_xp_adv,nominal,366,11.530054644808743,0.0,630.0,0.95896487480963
grid-2968611-m1,deaths_radiant,aligned,368,0.005434782608695652,0.0,0.0,0.9989288760891964
grid-2968611-m1,deaths_radiant,nominal,366,-0.01912568306010929,0.0,0.0,0.9962887368477946
grid-2968611-m1,deaths_dire,aligned,368,0.005434782608695652,0.0,0.0,0.9991256008261188
grid-2968611-m1,deaths_dire,nominal,366,-0.05737704918032787,0.0,0.0,0.9971054993552612
grid-2968611-m1,top1_nw_adv,aligned,368,-32.69836956521739,33.0,300.0,0.9589304417817028
grid-2968611-m1,top1_nw_adv,nominal,366,-40.23497267759563,51.5,299.0,0.9527833911581315
grid-2968611-m1,radiant_top1_nw_ratio,aligned,368,-0.0016737581086608618,0.00384402137200035,0.009727751405948882,0.7771486276378354
grid-2968611-m1,radiant_top1_nw_ratio,nominal,366,-0.0018410519140198086,0.004665525192861161,0.010718918634663746,0.7340600442399232
grid-2968611-m1,dire_top1_nw_ratio,aligned,368,0.004636307967478847,0.0025491725593956016,0.015459048875247664,0.7861255510699691
grid-2968611-m1,dire_top1_nw_ratio,nominal,366,0.004591780293348931,0.003372160118341891,0.015601715372537406,0.7942142039716347
grid-2968611-m2,radiant_nw_adv,aligned,352,225.1846590909091,55.0,780.0,0.9617393876700033
grid-2968611-m2,radiant_nw_adv,nominal,350,211.4857142857143,82.0,757.2,0.9648123358360993
grid-2968611-m2,radiant_nw,aligned,352,103.5909090909091,41.0,553.6000000000001,0.9994981257475622
grid-2968611-m2,radiant_nw,nominal,350,12.102857142857143,99.5,513.0,0.9994305304459672
grid-2968611-m2,dire_nw,aligned,352,-121.59375,44.5,601.3000000000027,0.9995327692923136
grid-2968611-m2,dire_nw,nominal,350,-199.38285714285715,108.0,731.0000000000007,0.9994991005339786
grid-2968611-m2,radiant_xp_adv,aligned,352,-10.568181818181818,0.0,680.0,0.9638275007113938
grid-2968611-m2,radiant_xp_adv,nominal,350,-5.6571428571428575,0.0,790.0000000000023,0.9446214726206833
grid-2968611-m2,deaths_radiant,aligned,352,0.008522727272727272,0.0,0.0,0.9980652376616366
grid-2968611-m2,deaths_radiant,nominal,350,-0.014285714285714285,0.0,0.0,0.9968095885645715
grid-2968611-m2,deaths_dire,aligned,352,0.008522727272727272,0.0,0.0,0.9977641078509021
grid-2968611-m2,deaths_dire,nominal,350,-0.02,0.0,0.0,0.9947991107296795
grid-2968611-m2,top1_nw_adv,aligned,352,95.22727272727273,22.0,365.0,0.9054282861551343
grid-2968611-m2,top1_nw_adv,nominal,350,92.72,32.5,366.1,0.9042196261957126
grid-2968611-m2,radiant_top1_nw_ratio,aligned,352,0.0011451476329978289,0.0016979568539715606,0.007790118797777735,0.7819510717362687
grid-2968611-m2,radiant_top1_nw_ratio,nominal,350,0.0011408655150559708,0.0021888211593024814,0.008251654515546096,0.7670762310084681
grid-2968611-m2,dire_top1_nw_ratio,aligned,352,-0.001377502403625807,0.0012082057004300512,0.005219227212900647,0.961743832474875
grid-2968611-m2,dire_top1_nw_ratio,nominal,350,-0.001387515453385036,0.00189692564915038,0.008420719934081682,0.9216231223736969
grid-2968611-m3,radiant_nw_adv,aligned,438,-65.93607305936074,46.0,255.0,0.94186832563514
grid-2968611-m3,radiant_nw_adv,nominal,435,-67.05057471264368,74.0,416.60000000000014,0.9098059514742415
grid-2968611-m3,radiant_nw,aligned,438,69.1027397260274,45.5,490.3,0.9995095246716479
grid-2968611-m3,radiant_nw,nominal,435,-18.326436781609196,118.0,437.20000000000005,0.9994223261690572
grid-2968611-m3,dire_nw,aligned,438,135.03881278538813,48.5,556.3,0.999613244258409
grid-2968611-m3,dire_nw,nominal,435,48.724137931034484,86.0,506.0,0.9995197976492513
grid-2968611-m3,radiant_xp_adv,aligned,438,1.917808219178082,0.0,680.0,0.9552586808728486
grid-2968611-m3,radiant_xp_adv,nominal,435,-32.91954022988506,0.0,980.0,0.8905850473397489
grid-2968611-m3,deaths_radiant,aligned,438,0.0,0.0,0.0,0.9987057108127931
grid-2968611-m3,deaths_radiant,nominal,435,-0.03218390804597701,0.0,0.0,0.9942473447395955
grid-2968611-m3,deaths_dire,aligned,438,-0.00684931506849315,0.0,0.0,0.9983198337131126
grid-2968611-m3,deaths_dire,nominal,435,-0.0367816091954023,0.0,0.0,0.9947687820552751
grid-2968611-m3,top1_nw_adv,aligned,438,-42.602739726027394,14.5,222.0,0.7683450961460471
grid-2968611-m3,top1_nw_adv,nominal,435,-45.9816091954023,34.0,269.6,0.7129885535503667
grid-2968611-m3,radiant_top1_nw_ratio,aligned,438,-0.0015423603100668069,0.001066348577355422,0.007630558793852691,0.7975371023271074
grid-2968611-m3,radiant_top1_nw_ratio,nominal,435,-0.001793804171186152,0.0019513057977221526,0.009514869277501238,0.7641899580349026
grid-2968611-m3,dire_top1_nw_ratio,aligned,438,-0.0002689824555655234,0.0014218254844495515,0.00696575014473157,0.9158902052191806
grid-2968611-m3,dire_top1_nw_ratio,nominal,435,-0.0002252508293804809,0.00176338325763023,0.008453023028298019,0.8844712461828171
grid-2968611-m4,radiant_nw_adv,aligned,377,-61.790450928381965,41.0,425.0,0.9184202575538681
grid-2968611-m4,radiant_nw_adv,nominal,377,-48.80636604774536,65.0,377.80000000000007,0.9067905298744583
grid-2968611-m4,radiant_nw,aligned,377,-10.450928381962864,100.0,276.00000000000017,0.999613215340037
grid-2968611-m4,radiant_nw,nominal,377,-63.742705570291776,139.0,271.80000000000007,0.9995777792221319
grid-2968611-m4,dire_nw,aligned,377,51.3395225464191,93.0,285.0,0.9996464188048428
grid-2968611-m4,dire_nw,nominal,377,-14.936339522546419,122.0,275.2000000000001,0.999623222504328
grid-2968611-m4,radiant_xp_adv,aligned,377,-25.623342175066313,0.0,620.0000000000034,0.9489617866088172
grid-2968611-m4,radiant_xp_adv,nominal,377,-25.72944297082228,0.0,680.0,0.9343834779445198
grid-2968611-m4,deaths_radiant,aligned,377,0.005305039787798408,0.0,0.0,0.9994221013514624
grid-2968611-m4,deaths_radiant,nominal,377,-0.050397877984084884,0.0,0.0,0.9989598710354964
grid-2968611-m4,deaths_dire,aligned,377,0.0,0.0,0.0,0.9992110815637247
grid-2968611-m4,deaths_dire,nominal,377,-0.013262599469496022,0.0,0.0,0.9980532780584914
grid-2968611-m4,top1_nw_adv,aligned,377,-79.94429708222812,1.0,445.0,0.9198108110653885
grid-2968611-m4,top1_nw_adv,nominal,377,-72.63395225464191,19.0,421.0,0.9201877770680088
grid-2968611-m4,radiant_top1_nw_ratio,aligned,377,-0.003266319274103605,0.002930294462193006,0.017798918976107015,0.892688734172727
grid-2968611-m4,radiant_top1_nw_ratio,nominal,377,-0.003185990215301877,0.0033014651186855093,0.017779497658555327,0.89611284485611
grid-2968611-m4,dire_top1_nw_ratio,aligned,377,-0.0005637030725799693,0.0021022581836410703,0.005528925036637888,0.975966275222347
grid-2968611-m4,dire_top1_nw_ratio,nominal,377,-0.0006847058537606233,0.002501904144861289,0.006630405966288945,0.9722952583265426
grid-2968612-m1,radiant_nw_adv,aligned,424,-167.71462264150944,96.5,535.0,0.9769821447153549
grid-2968612-m1,radiant_nw_adv,nominal,348,-151.63505747126436,98.0,519.6,0.9785977921817882
grid-2968612-m1,radiant_nw,aligned,424,59.49764150943396,43.5,294.0,0.999426006337853
grid-2968612-m1,radiant_nw,nominal,348,7.767241379310345,84.0,238.10000000000008,0.9993718512846815
grid-2968612-m1,dire_nw,aligned,424,227.21226415094338,111.0,563.7,0.9994614235581349
grid-2968612-m1,dire_nw,nominal,348,159.4022988505747,153.0,512.3,0.9993946522344699
grid-2968612-m1,radiant_xp_adv,aligned,424,1.320754716981132,0.0,680.0,0.9289268947516779
grid-2968612-m1,radiant_xp_adv,nominal,348,-1.4942528735632183,0.0,660.0,0.9334463717673352
grid-2968612-m1,deaths_radiant,aligned,424,0.014150943396226415,0.0,0.0,0.998304387658961
grid-2968612-m1,deaths_radiant,nominal,348,-0.028735632183908046,0.0,0.0,0.9965802813258169
grid-2968612-m1,deaths_dire,aligned,424,0.007075471698113208,0.0,0.0,0.9929485170816427
grid-2968612-m1,deaths_dire,nominal,348,0.0,0.0,0.0,1.0
grid-2968612-m1,top1_nw_adv,aligned,424,-5.566037735849057,20.0,119.0,0.8777831241999791
grid-2968612-m1,top1_nw_adv,nominal,348,-0.4109195402298851,28.0,119.0,0.8566760002976574
grid-2968612-m1,radiant_top1_nw_ratio,aligned,424,2.5281979841018758e-05,0.0012685983611645524,0.005569542377805389,0.8147752734593737
grid-2968612-m1,radiant_top1_nw_ratio,nominal,348,-4.4499348246919856e-05,0.0014590396117245968,0.006902669836301002,0.7064700285844265
grid-2968612-m1,dire_top1_nw_ratio,aligned,424,-0.0010061409022334373,0.00185313160594186,0.008391186458264532,0.9764175278247529
grid-2968612-m1,dire_top1_nw_ratio,nominal,348,-0.0011266717184151953,0.0026729511927821303,0.008518109213069756,0.9816301247112381
grid-2968612-m2,radiant_nw_adv,aligned,469,-71.68656716417911,65.0,206.19999999999993,0.9819291464145731
grid-2968612-m2,radiant_nw_adv,nominal,469,-64.33475479744136,83.0,429.4,0.9630340316856467
grid-2968612-m2,radiant_nw,aligned,469,-69.9317697228145,115.0,296.19999999999993,0.999687530234218
grid-2968612-m2,radiant_nw,nominal,469,-168.60341151385927,150.0,393.79999999999995,0.9995755574080948
grid-2968612-m2,dire_nw,aligned,469,1.7547974413646055,50.0,316.59999999999997,0.99970003947064
grid-2968612-m2,dire_nw,nominal,469,-104.26865671641791,127.0,407.19999999999993,0.9995937758406893
grid-2968612-m2,radiant_xp_adv,aligned,469,-13.646055437100213,0.0,480.0,0.963562115093371
grid-2968612-m2,radiant_xp_adv,nominal,469,-11.130063965884862,0.0,880.0,0.9028332960120138
grid-2968612-m2,deaths_radiant,aligned,469,0.0042643923240938165,0.0,0.0,0.9996384030054858
grid-2968612-m2,deaths_radiant,nominal,469,-0.06396588486140725,0.0,0.0,0.9980698085104303
grid-2968612-m2,deaths_dire,aligned,469,0.010660980810234541,0.0,0.0,0.9988927604728961
grid-2968612-m2,deaths_dire,nominal,469,-0.021321961620469083,0.0,0.0,0.997827337237503
grid-2968612-m2,top1_nw_adv,aligned,469,-29.722814498933904,6.0,117.0,0.982205561833877
grid-2968612-m2,top1_nw_adv,nominal,469,-19.759061833688698,30.0,146.19999999999993,0.974977195237944
grid-2968612-m2,radiant_top1_nw_ratio,aligned,469,0.00043216061074588806,0.0019617722049927455,0.009760855194846397,0.7771766711738949
grid-2968612-m2,radiant_top1_nw_ratio,nominal,469,0.0004039176737945633,0.0020663152361667103,0.009592358447226999,0.7742711350814295
grid-2968612-m2,dire_top1_nw_ratio,aligned,469,-4.091273806124003e-05,0.0020423610867532083,0.0046918975266621145,0.9852857865202695
grid-2968612-m2,dire_top1_nw_ratio,nominal,469,-0.0004897878275180879,0.002275689870552988,0.006178130827149807,0.9788263804079533
grid-2968612-m3,radiant_nw_adv,aligned,360,-43.98888888888889,69.0,769.4000000000003,0.9827001391276485
grid-2968612-m3,radiant_nw_adv,nominal,360,-56.86666666666667,75.5,717.8000000000004,0.9836696197581328
grid-2968612-m3,radiant_nw,aligned,360,34.55277777777778,119.5,296.0,0.9996523728869464
grid-2968612-m3,radiant_nw,nominal,360,-37.577777777777776,123.5,319.0,0.9996453086763954
grid-2968612-m3,dire_nw,aligned,360,78.54166666666667,60.5,534.6000000000001,0.9996699662463391
grid-2968612-m3,dire_nw,nominal,360,19.288888888888888,110.0,470.60000000000014,0.9996528542687722
grid-2968612-m3,radiant_xp_adv,aligned,360,30.5,0.0,780.0,0.9725732581795
grid-2968612-m3,radiant_xp_adv,nominal,360,1.9444444444444444,0.0,780.0,0.9673740583034046
grid-2968612-m3,deaths_radiant,aligned,360,0.002777777777777778,0.0,0.0,0.9812871932903876
grid-2968612-m3,deaths_radiant,nominal,360,-0.013888888888888888,0.0,0.0,0.982757303297549
grid-2968612-m3,deaths_dire,aligned,360,0.011111111111111112,0.0,0.0,0.9988226788185638
grid-2968612-m3,deaths_dire,nominal,360,-0.044444444444444446,0.0,0.0,0.9985249549988741
grid-2968612-m3,top1_nw_adv,aligned,360,-5.258333333333334,5.0,85.10000000000002,0.9918798289527588
grid-2968612-m3,top1_nw_adv,nominal,360,-4.819444444444445,20.0,86.0,0.993372923140368
grid-2968612-m3,radiant_top1_nw_ratio,aligned,360,-0.00042844071299941514,0.0016795229230698733,0.005801671438225934,0.9210606797921381
grid-2968612-m3,radiant_top1_nw_ratio,nominal,360,-0.0003539279889413227,0.0016368028089391584,0.006061454594064415,0.9304440581276068
grid-2968612-m3,dire_top1_nw_ratio,aligned,360,-0.0010635644640596032,0.001046526609456963,0.006596151424265978,0.9483563838359114
grid-2968612-m3,dire_top1_nw_ratio,nominal,360,-0.0013310081027440351,0.001551900811915627,0.006391438714843301,0.9845160537852097
grid-2968612-m4,radiant_nw_adv,aligned,364,-99.64835164835165,125.0,525.7,0.9850090016241886
grid-2968612-m4,radiant_nw_adv,nominal,364,-138.13736263736263,134.0,706.4,0.9830039288782325
grid-2968612-m4,radiant_nw,aligned,364,31.475274725274726,100.0,481.7,0.999033363552716
grid-2968612-m4,radiant_nw,nominal,364,-85.01923076923077,107.5,553.1999999999999,0.9989590263368328
grid-2968612-m4,dire_nw,aligned,364,131.12362637362637,51.0,538.0999999999999,0.9995114898933842
grid-2968612-m4,dire_nw,nominal,364,53.11813186813187,113.0,484.0,0.9993606483472958
grid-2968612-m4,radiant_xp_adv,aligned,364,-38.46153846153846,0.0,680.0,0.9630219928469067
grid-2968612-m4,radiant_xp_adv,nominal,364,-69.72527472527473,0.0,780.0,0.9516806839724893
grid-2968612-m4,deaths_radiant,aligned,364,0.0,0.0,0.0,0.9926413203822072
grid-2968612-m4,deaths_radiant,nominal,364,-0.02197802197802198,0.0,0.0,0.9867982860145754
grid-2968612-m4,deaths_dire,aligned,364,0.013736263736263736,0.0,0.0,0.9980823789309683
grid-2968612-m4,deaths_dire,nominal,364,-0.0521978021978022,0.0,0.0,0.9957934244792395
grid-2968612-m4,top1_nw_adv,aligned,364,-109.18406593406593,45.0,370.0,0.9028512729444592
grid-2968612-m4,top1_nw_adv,nominal,364,-123.98351648351648,70.5,423.29999999999967,0.9023308052480756
grid-2968612-m4,radiant_top1_nw_ratio,aligned,364,-0.0017490279417529103,0.0022023664206833327,0.00845378880203224,0.728758483239415
grid-2968612-m4,radiant_top1_nw_ratio,nominal,364,-0.0020289208854919476,0.0024219238570953594,0.009007580143639208,0.7001870066688288
grid-2968612-m4,dire_top1_nw_ratio,aligned,364,0.0029671537492119617,0.0013841486388167373,0.010073732399666418,0.8882752809770444
grid-2968612-m4,dire_top1_nw_ratio,nominal,364,0.003055858671979384,0.002059572834453946,0.01081396809348023,0.8787100095843622
grid-2968613-m1,radiant_nw_adv,aligned,368,-123.69021739130434,125.0,384.3,0.9840066418775739
grid-2968613-m1,radiant_nw_adv,nominal,368,-130.53804347826087,136.0,398.3000000000001,0.981814109619256
grid-2968613-m1,radiant_nw,aligned,368,-68.23641304347827,110.0,256.50000000000006,0.9997785839016899
grid-2968613-m1,radiant_nw,nominal,368,-135.3695652173913,163.5,269.6,0.9997811577321913
grid-2968613-m1,dire_nw,aligned,368,55.453804347826086,100.0,228.00000000000034,0.9996502784072572
grid-2968613-m1,dire_nw,nominal,368,-4.831521739130435,120.5,294.3,0.9995999708477078
grid-2968613-m1,radiant_xp_adv,aligned,368,-3.75,0.0,680.0,0.9352581276527293
grid-2968613-m1,radiant_xp_adv,nominal,368,1.1956521739130435,0.0,780.0,0.9195881263885651
grid-2968613-m1,deaths_radiant,aligned,368,0.005434782608695652,0.0,0.0,0.9934564184865817
grid-2968613-m1,deaths_radiant,nominal,368,-0.010869565217391304,0.0,0.0,0.993729140730365
grid-2968613-m1,deaths_dire,aligned,368,0.008152173913043478,0.0,0.0,0.9980191729283691
grid-2968613-m1,deaths_dire,nominal,368,-0.008152173913043478,0.0,0.0,0.9980543152045921
grid-2968613-m1,top1_nw_adv,aligned,368,-20.277173913043477,49.0,142.10000000000008,0.9691331763684723
grid-2968613-m1,top1_nw_adv,nominal,368,-22.160326086956523,50.0,165.0,0.96388764035802
grid-2968613-m1,radiant_top1_nw_ratio,aligned,368,0.0011672655843153333,0.0016432771531659646,0.004865319515175418,0.9617025151604626
grid-2968613-m1,radiant_top1_nw_ratio,nominal,368,0.0010455975610263151,0.002008306684282174,0.004867238859036147,0.9463255080172753
grid-2968613-m1,dire_top1_nw_ratio,aligned,368,0.0008291145004762442,0.0035382555312053615,0.008151313158083073,0.3791625371894114
grid-2968613-m1,dire_top1_nw_ratio,nominal,368,0.0007360191632399519,0.003759649503268875,0.008452725877060991,0.30600156246114824
grid-2968613-m2,radiant_nw_adv,aligned,378,361.8888888888889,268.0,796.6,0.9936873138780877
grid-2968613-m2,radiant_nw_adv,nominal,376,341.97074468085106,276.0,800.0,0.9920587833895734
grid-2968613-m2,radiant_nw,aligned,378,249.44973544973544,192.5,709.0,0.9996719240559112
grid-2968613-m2,radiant_nw,nominal,376,174.80585106382978,217.0,656.5,0.9995948786495581
grid-2968613-m2,dire_nw,aligned,378,-112.43915343915344,80.0,301.3,0.9997236853838456
grid-2968613-m2,dire_nw,nominal,376,-167.16489361702128,131.5,395.5,0.9996850938460542
grid-2968613-m2,radiant_xp_adv,aligned,378,-11.798941798941799,0.0,580.0,0.9858261272692868
grid-2968613-m2,radiant_xp_adv,nominal,376,-20.69148936170213,0.0,970.0,0.9710610067870008
grid-2968613-m2,deaths_radiant,aligned,378,-0.005291005291005291,0.0,0.0,0.9960484096870833
grid-2968613-m2,deaths_radiant,nominal,376,-0.015957446808510637,0.0,0.0,0.9881777499583156
grid-2968613-m2,deaths_dire,aligned,378,-0.005291005291005291,0.0,0.0,0.9993936039620445
grid-2968613-m2,deaths_dire,nominal,376,-0.05319148936170213,0.0,0.0,0.9982382948291109
grid-2968613-m2,top1_nw_adv,aligned,378,98.47883597883597,43.0,370.0,0.9575582444978635
grid-2968613-m2,top1_nw_adv,nominal,376,92.59840425531915,50.0,370.0,0.9532555975860849
grid-2968613-m2,radiant_top1_nw_ratio,aligned,378,0.0003614557105724578,0.005022229223214672,0.009923891398654346,0.7742579139541556
grid-2968613-m2,radiant_top1_nw_ratio,nominal,376,0.00028932634729118817,0.005092866948552974,0.009889907005926027,0.7689761139998375
grid-2968613-m2,dire_top1_nw_ratio,aligned,378,-0.0001897021526685822,0.0012486122247527265,0.011045217402737027,0.8314304347100292
grid-2968613-m2,dire_top1_nw_ratio,nominal,376,-0.00028511833238145846,0.0017583587329016437,0.012600087534897345,0.8233375290145696
grid-2968613-m3,radiant_nw_adv,aligned,383,279.3916449086162,154.0,678.8,0.995198395266046
grid-2968613-m3,radiant_nw_adv,nominal,383,248.04960835509138,157.0,676.8,0.9949145226813677
grid-2968613-m3,radiant_nw,aligned,383,365.9895561357702,215.0,890.0,0.9996526217243723
grid-2968613-m3,radiant_nw,nominal,383,279.1436031331593,252.0,847.0,0.9996453121834223
grid-2968613-m3,dire_nw,aligned,383,86.59791122715404,200.0,319.0,0.9993422068276644
grid-2968613-m3,dire_nw,nominal,383,31.093994778067884,171.0,306.6,0.9993318352397264
grid-2968613-m3,radiant_xp_adv,aligned,383,-41.20104438642298,0.0,660.0000000000011,0.9889685139765849
grid-2968613-m3,radiant_xp_adv,nominal,383,-71.17493472584856,0.0,780.0,0.9841965124781954
grid-2968613-m3,deaths_radiant,aligned,383,0.005221932114882507,0.0,0.0,0.999029651261931
grid-2968613-m3,deaths_radiant,nominal,383,-0.020887728459530026,0.0,0.0,0.998109239652484
grid-2968613-m3,deaths_dire,aligned,383,0.015665796344647518,0.0,0.0,0.9995168762382158
grid-2968613-m3,deaths_dire,nominal,383,-0.04960835509138381,0.0,0.0,0.999453886024093
grid-2968613-m3,top1_nw_adv,aligned,383,31.98172323759791,30.0,108.60000000000002,0.9898699933020172
grid-2968613-m3,top1_nw_adv,nominal,383,20.409921671018278,42.0,156.0,0.9889423622096108
grid-2968613-m3,radiant_top1_nw_ratio,aligned,383,0.002979686862345865,0.0025613074334108754,0.008239144833969016,0.9730865021857985
grid-2968613-m3,radiant_top1_nw_ratio,nominal,383,0.002784021106916104,0.002724374803618701,0.008857491995312423,0.9729601165465281
grid-2968613-m3,dire_top1_nw_ratio,aligned,383,0.005409120084323878,0.0045388915351524395,0.012717050257911767,0.9016240594317866
grid-2968613-m3,dire_top1_nw_ratio,nominal,383,0.005259294775989554,0.006108761457722961,0.012814260359517405,0.8853247308148136
grid-2968614-m1,radiant_nw_adv,aligned,338,5.890532544378698,51.5,460.0,0.9857408318719512
grid-2968614-m1,radiant_nw_adv,nominal,337,-26.26706231454006,62.0,495.40000000000003,0.9822524138067296
grid-2968614-m1,radiant_nw,aligned,338,134.5473372781065,80.5,599.3,0.9995937898220326
grid-2968614-m1,radiant_nw,nominal,337,30.61127596439169,111.0,511.0,0.9995251063300934
grid-2968614-m1,dire_nw,aligned,338,128.65680473372782,80.0,615.0,0.9995213817722436
grid-2968614-m1,dire_nw,nominal,337,56.87833827893175,108.0,561.8000000000001,0.9995426777981482
grid-2968614-m1,radiant_xp_adv,aligned,338,15.029585798816568,0.0,880.0,0.9658411902575618
grid-2968614-m1,radiant_xp_adv,nominal,337,-26.765578635014837,0.0,780.0,0.9723506673785492
grid-2968614-m1,deaths_radiant,aligned,338,0.005917159763313609,0.0,0.0,0.9870641319555572
grid-2968614-m1,deaths_radiant,nominal,337,0.0,0.0,0.0,0.9999999999999999
grid-2968614-m1,deaths_dire,aligned,338,0.0029585798816568047,0.0,0.0,0.9985655309834223
grid-2968614-m1,deaths_dire,nominal,337,-0.05341246290801187,0.0,0.0,0.9952591028621823
grid-2968614-m1,top1_nw_adv,aligned,338,37.281065088757394,64.5,300.0,0.6933179416885217
grid-2968614-m1,top1_nw_adv,nominal,337,29.940652818991097,79.0,300.0,0.6865529079861024
grid-2968614-m1,radiant_top1_nw_ratio,aligned,338,0.0011205985846064598,0.003831148355590591,0.010673479395136696,0.809093954317252
grid-2968614-m1,radiant_top1_nw_ratio,nominal,337,0.0008219030283262924,0.004791136964285431,0.011458212769837247,0.7919903643171657
grid-2968614-m1,dire_top1_nw_ratio,aligned,338,-0.001506759209432415,0.0033385079769306103,0.009014401240613512,0.9699648131691845
grid-2968614-m1,dire_top1_nw_ratio,nominal,337,-0.0018565196339712278,0.0036388696869046333,0.009078787526635568,0.9685946521930836
grid-2968614-m2,radiant_nw_adv,aligned,388,-192.0721649484536,119.5,819.0,0.9261119285809108
grid-2968614-m2,radiant_nw_adv,nominal,387,-192.62532299741602,134.0,820.4000000000001,0.9240509719863239
grid-2968614-m2,radiant_nw,aligned,388,-113.67525773195877,70.5,576.3,0.9996948135523896
grid-2968614-m2,radiant_nw,nominal,387,-210.3049095607235,136.0,637.8000000000002,0.9997024267882489
grid-2968614-m2,dire_nw,aligned,388,78.39690721649484,125.5,464.80000000000007,0.9997161092046067
grid-2968614-m2,dire_nw,nominal,387,-17.679586563307492,156.0,412.80000000000024,0.9996343359883451
grid-2968614-m2,radiant_xp_adv,aligned,388,8.350515463917526,0.0,780.0,0.9397130088008245
grid-2968614-m2,radiant_xp_adv,nominal,387,22.27390180878553,0.0,760.0,0.9292572129546341
grid-2968614-m2,deaths_radiant,aligned,388,0.002577319587628866,0.0,0.0,0.9976558772397751
grid-2968614-m2,deaths_radiant,nominal,387,-0.041343669250646,0.0,0.0,0.9929432150608191
grid-2968614-m2,deaths_dire,aligned,388,0.007731958762886598,0.0,0.0,0.9981666315928153
grid-2968614-m2,deaths_dire,nominal,387,-0.020671834625323,0.0,0.0,0.9971261316118106
grid-2968614-m2,top1_nw_adv,aligned,388,-70.22680412371135,5.0,455.3,0.9581515726727498
grid-2968614-m2,top1_nw_adv,nominal,387,-79.20930232558139,20.0,454.40000000000003,0.9581746966251766
grid-2968614-m2,radiant_top1_nw_ratio,aligned,388,-0.0011331265456174689,0.0012012191737638955,0.012170114947205758,0.9671551544646496
grid-2968614-m2,radiant_top1_nw_ratio,nominal,387,-0.001696287357336666,0.0017815657027718812,0.011871362904909111,0.9678731765353005
grid-2968614-m2,dire_top1_nw_ratio,aligned,388,5.228803661544234e-05,0.0025121130410005466,0.0069497263736367,0.892415019088058
grid-2968614-m2,dire_top1_nw_ratio,nominal,387,-7.295303642380259e-05,0.0025227921694102318,0.0070382377726996405,0.8827921732276672
grid-2968614-m3,radiant_nw_adv,aligned,355,-38.309859154929576,60.0,485.0,0.8073779455640803
grid-2968614-m3,radiant_nw_adv,nominal,288,-39.15972222222222,80.0,518.0000000000001,0.766952826262925
grid-2968614-m3,radiant_nw,aligned,355,58.66197183098591,50.0,435.20000000000005,0.999199110275016
grid-2968614-m3,radiant_nw,nominal,288,-10.586805555555555,88.0,375.90000000000003,0.9989185765192125
grid-2968614-m3,dire_nw,aligned,355,96.97183098591549,90.0,521.2,0.999590161616032
grid-2968614-m3,dire_nw,nominal,288,28.572916666666668,99.5,474.4000000000001,0.9996103799460851
grid-2968614-m3,radiant_xp_adv,aligned,355,18.309859154929576,0.0,780.0,0.8538621485866326
grid-2968614-m3,radiant_xp_adv,nominal,288,26.319444444444443,0.0,780.0,0.8614706431767718
grid-2968614-m3,deaths_radiant,aligned,355,0.008450704225352112,0.0,0.0,0.9878607448498298
grid-2968614-m3,deaths_radiant,nominal,288,0.0,0.0,0.0,1.0
grid-2968614-m3,deaths_dire,aligned,355,0.0028169014084507044,0.0,0.0,0.9987108974511361
grid-2968614-m3,deaths_dire,nominal,288,-0.020833333333333332,0.0,0.0,0.9844770812491984
grid-2968614-m3,top1_nw_adv,aligned,355,7.7126760563380286,55.0,149.60000000000002,0.9527047070062505
grid-2968614-m3,top1_nw_adv,nominal,288,8.878472222222221,55.0,143.4000000000001,0.9481247022496299
grid-2968614-m3,radiant_top1_nw_ratio,aligned,355,-0.001137817243809798,0.0010598945671186077,0.003073836826063859,0.9650527474669398
grid-2968614-m3,radiant_top1_nw_ratio,nominal,288,-0.0013149251223660728,0.001148173661074739,0.005287158707685195,0.9500630497704222
grid-2968614-m3,dire_top1_nw_ratio,aligned,355,-0.00033541753200878784,0.003816650875474392,0.009631896313821409,0.573831717125057
grid-2968614-m3,dire_top1_nw_ratio,nominal,288,-0.00043471521682286046,0.0037851215775151215,0.0094674507046998,0.5520587126496629
grid-2971822-m2,radiant_nw_adv,aligned,422,211.8649289099526,113.5,659.9000000000001,0.958658186692216
grid-2971822-m2,radiant_nw_adv,nominal,419,231.85918854415274,129.0,694.4,0.9556989053499122
grid-2971822-m2,radiant_nw,aligned,422,80.23696682464455,54.0,109.50000000000017,0.9995100341738101
grid-2971822-m2,radiant_nw,nominal,419,6.498806682577565,38.0,163.0,0.999518648672518
grid-2971822-m2,dire_nw,aligned,422,-131.62796208530807,80.0,564.3000000000002,0.9996348613330948
grid-2971822-m2,dire_nw,nominal,419,-225.36038186157518,162.0,627.5999999999999,0.9995710277769385
grid-2971822-m2,radiant_xp_adv,aligned,422,12.369668246445498,0.0,570.0000000000034,0.9444659719560079
grid-2971822-m2,radiant_xp_adv,nominal,419,23.53221957040573,0.0,799.9999999999989,0.874770413012872
grid-2971822-m2,deaths_radiant,aligned,422,-0.002369668246445498,0.0,0.0,0.9985080444794343
grid-2971822-m2,deaths_radiant,nominal,419,-0.03341288782816229,0.0,0.0,0.9930968137227073
grid-2971822-m2,deaths_dire,aligned,422,0.0,0.0,0.0,
grid-2971822-m2,deaths_dire,nominal,419,0.0,0.0,0.0,
grid-2971822-m2,top1_nw_adv,aligned,422,47.7654028436019,33.5,120.0,0.8840065712739955
grid-2971822-m2,top1_nw_adv,nominal,419,50.52505966587112,56.0,146.39999999999998,0.8815939103054158
grid-2971822-m2,radiant_top1_nw_ratio,aligned,422,0.00036647115268097425,0.002633063346694192,0.0055201920398305964,0.8476914268266552
grid-2971822-m2,radiant_top1_nw_ratio,nominal,419,0.0002576623538141974,0.002519965559774795,0.006471273353241264,0.8334761133731953
grid-2971822-m2,dire_top1_nw_ratio,aligned,422,0.0010389899903985168,0.0012102288726088956,0.004966117531322632,0.9648149395485325
grid-2971822-m2,dire_top1_nw_ratio,nominal,419,0.0008540802298787941,0.0018298837373345589,0.005490781521052518,0.9495683480695011
grid-2971823-m1,radiant_nw_adv,aligned,351,43.97435897435897,80.0,463.0,0.9598271667776559
grid-2971823-m1,radiant_nw_adv,nominal,349,41.438395415472776,88.0,466.3999999999998,0.9561105848907802
grid-2971823-m1,radiant_nw,aligned,351,35.44159544159544,83.0,450.0,0.999795103152614
grid-2971823-m1,radiant_nw,nominal,349,-26.911174785100286,111.0,393.19999999999965,0.9997707066342995
grid-2971823-m1,dire_nw,aligned,351,-8.532763532763532,100.0,300.0,0.9996241747026372
grid-2971823-m1,dire_nw,nominal,349,-68.34957020057307,139.0,356.3999999999999,0.9995926653504585
grid-2971823-m1,radiant_xp_adv,aligned,351,0.17094017094017094,0.0,680.0,0.9520971753269765
grid-2971823-m1,radiant_xp_adv,nominal,349,-26.017191977077363,0.0,680.0,0.9343014411063355
grid-2971823-m1,deaths_radiant,aligned,351,0.014245014245014245,0.0,0.0,0.998736620075938
grid-2971823-m1,deaths_radiant,nominal,349,-0.014326647564469915,0.0,0.0,0.9990811375433404
grid-2971823-m1,deaths_dire,aligned,351,0.005698005698005698,0.0,0.0,0.999268115829981
grid-2971823-m1,deaths_dire,nominal,349,-0.017191977077363897,0.0,0.0,0.9978498428616203
grid-2971823-m1,top1_nw_adv,aligned,351,-44.458689458689456,46.0,300.0,0.8373950647269983
grid-2971823-m1,top1_nw_adv,nominal,349,-43.17765042979943,46.0,303.2,0.811195845448916
grid-2971823-m1,radiant_top1_nw_ratio,aligned,351,4.061387075363211e-05,0.00118478589560006,0.005650882120888878,0.8704759332309155
grid-2971823-m1,radiant_top1_nw_ratio,nominal,349,4.109291836863231e-05,0.001658512578551874,0.006134615780690283,0.8274668892535761
grid-2971823-m1,dire_top1_nw_ratio,aligned,351,0.002810371326712462,0.003029345188515248,0.01409134013239935,0.8706169514020266
grid-2971823-m1,dire_top1_nw_ratio,nominal,349,0.0025692088965404555,0.0029397257748703387,0.014338318069711609,0.8451938177383258
grid-2971823-m2,radiant_nw_adv,aligned,461,74.10845986984816,78.0,489.0,0.9214425698438967
grid-2971823-m2,radiant_nw_adv,nominal,459,81.77777777777777,102.0,500.2,0.8993746007394104
grid-2971823-m2,radiant_nw,aligned,461,118.8937093275488,40.0,579.0,0.9996344473101636
grid-2971823-m2,radiant_nw,nominal,459,64.19825708061002,52.0,521.2,0.9995867150978393
grid-2971823-m2,dire_nw,aligned,461,44.78524945770065,50.0,374.0,0.999740496555858
grid-2971823-m2,dire_nw,nominal,459,-17.579520697167755,72.0,364.2,0.9996807198731569
grid-2971823-m2,radiant_xp_adv,aligned,461,-5.206073752711497,0.0,480.0,0.9615354703770972
grid-2971823-m2,radiant_xp_adv,nominal,459,-2.570806100217865,0.0,580.0,0.944444736123313
grid-2971823-m2,deaths_radiant,aligned,461,0.006507592190889371,0.0,0.0,0.9982945209943332
grid-2971823-m2,deaths_radiant,nominal,459,-0.017429193899782137,0.0,0.0,0.9972709461052041
grid-2971823-m2,deaths_dire,aligned,461,0.0021691973969631237,0.0,0.0,0.9990568031349679
grid-2971823-m2,deaths_dire,nominal,459,-0.010893246187363835,0.0,0.0,0.9953494003052792
grid-2971823-m2,top1_nw_adv,aligned,461,-30.28633405639913,20.0,149.0,0.9690399564649522
grid-2971823-m2,top1_nw_adv,nominal,459,-32.28104575163399,35.0,150.7999999999999,0.9507809181483572
grid-2971823-m2,radiant_top1_nw_ratio,aligned,461,-0.003994832779540364,0.002005874373785549,0.0106359807659826,0.982771291370711
grid-2971823-m2,radiant_top1_nw_ratio,nominal,459,-0.004176475939742243,0.002289713216283601,0.010622275534605251,0.9796564481409817
grid-2971823-m2,dire_top1_nw_ratio,aligned,461,-0.0011071509521545962,0.0030281436099856007,0.0067528852227158875,0.9527780982353582
grid-2971823-m2,dire_top1_nw_ratio,nominal,459,-0.001163613009450592,0.0028393000015712877,0.007221643657681175,0.944829807540048
grid-2971824-m1,radiant_nw_adv,aligned,339,60.57817109144543,60.0,305.0,0.9938270367564861
grid-2971824-m1,radiant_nw_adv,nominal,337,21.10979228486647,76.0,294.0000000000005,0.9921410987880542
grid-2971824-m1,radiant_nw,aligned,339,89.12094395280236,60.0,282.4,0.999548311893682
grid-2971824-m1,radiant_nw,nominal,337,-57.81305637982196,91.0,244.20000000000027,0.9995295367716991
grid-2971824-m1,dire_nw,aligned,339,28.542772861356934,31.0,195.0,0.9998443142134268
grid-2971824-m1,dire_nw,nominal,337,-78.92284866468843,93.0,191.0,0.9996692483777486
grid-2971824-m1,radiant_xp_adv,aligned,339,-14.867256637168142,0.0,780.0,0.9843443208723789
grid-2971824-m1,radiant_xp_adv,nominal,337,-30.445103857566764,0.0,980.0,0.97888239703784
grid-2971824-m1,deaths_radiant,aligned,339,0.0,0.0,0.0,0.9862593530469083
grid-2971824-m1,deaths_radiant,nominal,337,-0.01483679525222552,0.0,0.0,0.9652164132049394
grid-2971824-m1,deaths_dire,aligned,339,0.04129793510324484,0.0,0.0,0.9979798490482182
grid-2971824-m1,deaths_dire,nominal,337,-0.05637982195845697,0.0,0.0,0.9973462348055603
grid-2971824-m1,top1_nw_adv,aligned,339,-2.6106194690265485,30.0,201.9999999999996,0.7859014410582085
grid-2971824-m1,top1_nw_adv,nominal,337,-10.252225519287833,55.0,185.60000000000048,0.7875206058572108
grid-2971824-m1,radiant_top1_nw_ratio,aligned,339,-0.0003688300968794017,0.0022609189005387,0.009126754288882133,0.9335903585800344
grid-2971824-m1,radiant_top1_nw_ratio,nominal,337,-0.0005140489686352974,0.004134278078648579,0.008948203835524122,0.9429768387309401
grid-2971824-m1,dire_top1_nw_ratio,aligned,339,-6.755252617509585e-05,0.0005685662404355252,0.004073325438995905,0.9816244531731055
grid-2971824-m1,dire_top1_nw_ratio,nominal,337,-0.0002819921281926328,0.0018321243448936042,0.005948715291233115,0.9658051874910745
grid-2971824-m2,radiant_nw_adv,aligned,371,-15.8544474393531,70.0,275.0,0.9099784432834037
grid-2971824-m2,radiant_nw_adv,nominal,368,-1.6929347826086956,97.0,319.90000000000003,0.8852135329364718
grid-2971824-m2,radiant_nw,aligned,371,-55.43126684636118,113.0,276.0,0.999575182673296
grid-2971824-m2,radiant_nw,nominal,368,-139.1576086956522,172.5,347.20000000000005,0.9995321156262248
grid-2971824-m2,dire_nw,aligned,371,-39.57681940700809,53.0,287.0,0.9996357857357451
grid-2971824-m2,dire_nw,nominal,368,-137.46467391304347,110.5,361.20000000000005,0.9996301486380895
grid-2971824-m2,radiant_xp_adv,aligned,371,24.90566037735849,0.0,780.0,0.9546646232603695
grid-2971824-m2,radiant_xp_adv,nominal,368,37.5,0.0,780.0,0.9479401767566211
grid-2971824-m2,deaths_radiant,aligned,371,0.0,0.0,0.0,0.9971591716163184
grid-2971824-m2,deaths_radiant,nominal,368,-0.043478260869565216,0.0,0.0,0.9943702153907753
grid-2971824-m2,deaths_dire,aligned,371,0.016172506738544475,0.0,0.0,0.9973560425326511
grid-2971824-m2,deaths_dire,nominal,368,-0.010869565217391304,0.0,0.0,0.9981945033440209
grid-2971824-m2,top1_nw_adv,aligned,371,-15.878706199460916,15.0,89.0,0.8937883503577762
grid-2971824-m2,top1_nw_adv,nominal,368,-12.671195652173912,25.0,135.90000000000003,0.9100354891763508
grid-2971824-m2,radiant_top1_nw_ratio,aligned,371,-0.0002631400934217169,0.0019587616636334293,0.005849424832501782,0.9789356858754943
grid-2971824-m2,radiant_top1_nw_ratio,nominal,368,-0.000467899250623258,0.002951177371446345,0.006367639087499303,0.9693559987976951
grid-2971824-m2,dire_top1_nw_ratio,aligned,371,-0.00023490090333648655,0.0008177481323261571,0.006153845538440533,0.8088947690007305
grid-2971824-m2,dire_top1_nw_ratio,nominal,368,-0.0004316602161897192,0.0016971382676554542,0.006799919898730773,0.7744485829228877
grid-2971825-m1,radiant_nw_adv,aligned,329,47.66869300911854,47.0,149.2,0.8659782085029586
grid-2971825-m1,radiant_nw_adv,nominal,330,50.54545454545455,52.0,136.4000000000001,0.8754945616566486
grid-2971825-m1,radiant_nw,aligned,329,178.65349544072947,66.0,624.2,0.9989422403911612
grid-2971825-m1,radiant_nw,nominal,330,147.4060606060606,55.0,603.0,0.9989642186619264
grid-2971825-m1,dire_nw,aligned,329,130.98480243161094,81.0,609.2,0.9995586878638397
grid-2971825-m1,dire_nw,nominal,330,96.86060606060606,74.5,586.0,0.9995938703134347
grid-2971825-m1,radiant_xp_adv,aligned,329,9.240121580547113,0.0,780.0,0.917013110766686
grid-2971825-m1,radiant_xp_adv,nominal,330,13.636363636363637,0.0,680.0,0.9295737155300599
grid-2971825-m1,deaths_radiant,aligned,329,0.02127659574468085,0.0,0.0,0.9960224537529933
grid-2971825-m1,deaths_radiant,nominal,330,0.00909090909090909,0.0,0.0,0.9982841465623034
grid-2971825-m1,deaths_dire,aligned,329,0.00303951367781155,0.0,0.0,0.9984333465830856
grid-2971825-m1,deaths_dire,nominal,330,-0.0030303030303030303,0.0,0.0,0.9984440417082895
grid-2971825-m1,top1_nw_adv,aligned,329,31.382978723404257,38.0,202.0,0.7689170270731757
grid-2971825-m1,top1_nw_adv,nominal,330,33.06060606060606,37.5,179.50000000000057,0.7751054354878067
grid-2971825-m1,radiant_top1_nw_ratio,aligned,329,0.0005481697884379378,0.002341759478095423,0.010233987793775772,0.8201618404639542
grid-2971825-m1,radiant_top1_nw_ratio,nominal,330,0.0004999532331328115,0.0021577167964119126,0.010223336753261055,0.8445374091505802
grid-2971825-m1,dire_top1_nw_ratio,aligned,329,-0.0005258777843606348,0.0027752373196704982,0.009272860613835863,0.6945991799696171
grid-2971825-m1,dire_top1_nw_ratio,nominal,330,-0.0006429030049599386,0.0027689248616803164,0.009262586846052719,0.7096296990362364
grid-2971825-m2,radiant_nw_adv,aligned,350,-171.5742857142857,117.5,566.4000000000001,0.9693291365146537
grid-2971825-m2,radiant_nw_adv,nominal,348,-152.1293103448276,124.5,595.3,0.9633157898826458
grid-2971825-m2,radiant_nw,aligned,350,-11.554285714285715,110.0,262.20000000000005,0.9996932278700759
grid-2971825-m2,radiant_nw,nominal,348,-70.04597701149426,109.0,291.0,0.9996407800152385
grid-2971825-m2,dire_nw,aligned,350,160.02,121.0,612.3000000000005,0.9993180393753236
grid-2971825-m2,dire_nw,nominal,348,82.08333333333333,152.5,551.4000000000005,0.9992116034636592
grid-2971825-m2,radiant_xp_adv,aligned,350,0.22857142857142856,0.0,680.0,0.966437647179173
grid-2971825-m2,radiant_xp_adv,nominal,348,23.620689655172413,0.0,780.0,0.9328047302948436
grid-2971825-m2,deaths_radiant,aligned,350,-0.017142857142857144,0.0,0.0,0.998258677650511
grid-2971825-m2,deaths_radiant,nominal,348,-0.06321839080459771,0.0,0.0,0.9941418164477888
grid-2971825-m2,deaths_dire,aligned,350,-0.005714285714285714,0.0,0.0,0.9961847298502393
grid-2971825-m2,deaths_dire,nominal,348,-0.014367816091954023,0.0,0.0,0.9904150975882696
grid-2971825-m2,top1_nw_adv,aligned,350,-76.52,50.0,177.0,0.9029649837628212
grid-2971825-m2,top1_nw_adv,nominal,348,-71.04597701149426,55.0,268.60000000000014,0.8861429151483567
grid-2971825-m2,radiant_top1_nw_ratio,aligned,350,0.0006408952583133255,0.004039737167722879,0.011910738373640309,0.8645001069437357
grid-2971825-m2,radiant_top1_nw_ratio,nominal,348,0.0004101881922155814,0.004011186297482386,0.012619143564184147,0.8343212143955943
grid-2971825-m2,dire_top1_nw_ratio,aligned,350,0.004918048780231326,0.0070992380749433925,0.013557308766261655,0.8623404185098346
grid-2971825-m2,dire_top1_nw_ratio,nominal,348,0.004699455884728272,0.007112580248573572,0.01422841325933428,0.8478397415427031
grid-2971825-m3,radiant_nw_adv,aligned,312,-74.75320512820512,65.0,248.60000000000048,0.9882866237685871
grid-2971825-m3,radiant_nw_adv,nominal,312,-87.45192307692308,69.0,235.4000000000002,0.9907980572856395
grid-2971825-m3,radiant_nw,aligned,312,-60.166666666666664,50.0,305.0,0.999837758430426
grid-2971825-m3,radiant_nw,nominal,312,-99.92307692307692,72.5,329.4000000000002,0.9998660996417975
grid-2971825-m3,dire_nw,aligned,312,14.586538461538462,60.0,203.90000000000038,0.9997921019447126
grid-2971825-m3,dire_nw,nominal,312,-12.471153846153847,61.0,204.60000000000014,0.9998105181126278
grid-2971825-m3,radiant_xp_adv,aligned,312,17.371794871794872,0.0,880.0,0.950217902782679
grid-2971825-m3,radiant_xp_adv,nominal,312,2.051282051282051,0.0,780.0,0.9629410541953815
grid-2971825-m3,deaths_radiant,aligned,312,0.003205128205128205,0.0,0.0,0.993591257622362
grid-2971825-m3,deaths_radiant,nominal,312,0.0,0.0,0.0,1.0
grid-2971825-m3,deaths_dire,aligned,312,0.01282051282051282,0.0,0.0,0.9980893018480618
grid-2971825-m3,deaths_dire,nominal,312,-0.009615384615384616,0.0,0.0,0.9984127342810583
grid-2971825-m3,top1_nw_adv,aligned,312,-11.628205128205128,10.0,100.0,0.9960107928675754
grid-2971825-m3,top1_nw_adv,nominal,312,-17.509615384615383,12.0,100.0,0.9971201989820928
grid-2971825-m3,radiant_top1_nw_ratio,aligned,312,0.00029374011773992335,0.0006848555127264289,0.0035100715901696415,0.9897754258760667
grid-2971825-m3,radiant_top1_nw_ratio,nominal,312,0.00010140742478816488,0.0008295082318258845,0.0035100715901696415,0.9904273084011643
grid-2971825-m3,dire_top1_nw_ratio,aligned,312,-0.00036171092196208193,0.0014346895245524321,0.004604726098381057,0.8775460701436159
grid-2971825-m3,dire_top1_nw_ratio,nominal,312,-0.00041788522115383765,0.0013221309962913874,0.005188232300291765,0.8786197931749046
grid-2972362-m2,radiant_nw_adv,aligned,370,-31.2,55.0,327.1000000000005,0.9791779350114272
grid-2972362-m2,radiant_nw_adv,nominal,368,-32.95923913043478,66.5,380.0,0.9763901122180612
grid-2972362-m2,radiant_nw,aligned,370,23.91891891891892,110.0,255.20000000000005,0.9996491322242886
grid-2972362-m2,radiant_nw,nominal,368,-43.75271739130435,153.5,245.3,0.9995516312880751
grid-2972362-m2,dire_nw,aligned,370,55.11891891891892,77.5,269.0,0.9995853215906602
grid-2972362-m2,dire_nw,nominal,368,-10.793478260869565,114.5,237.0,0.9995586753398776
grid-2972362-m2,radiant_xp_adv,aligned,370,14.594594594594595,0.0,480.0,0.9730422889971334
grid-2972362-m2,radiant_xp_adv,nominal,368,3.152173913043478,0.0,780.0,0.9445137512686946
grid-2972362-m2,deaths_radiant,aligned,370,0.0,0.0,0.0,0.9993132240345824
grid-2972362-m2,deaths_radiant,nominal,368,-0.029891304347826088,0.0,0.0,0.9985397601444264
grid-2972362-m2,deaths_dire,aligned,370,0.005405405405405406,0.0,0.0,0.9979183811162129
grid-2972362-m2,deaths_dire,nominal,368,-0.02717391304347826,0.0,0.0,0.9966876139711861
grid-2972362-m2,top1_nw_adv,aligned,370,-38.26216216216216,20.0,99.0,0.7833146640146583
grid-2972362-m2,top1_nw_adv,nominal,368,-39.15217391304348,25.0,142.3,0.7729101022867343
grid-2972362-m2,radiant_top1_nw_ratio,aligned,370,-0.001250016968338439,0.0026441177362641066,0.006135796900057554,0.9777992361325101
grid-2972362-m2,radiant_top1_nw_ratio,nominal,368,-0.0012333885700412282,0.002728563051049057,0.006975392767524161,0.9728344405487768
grid-2972362-m2,dire_top1_nw_ratio,aligned,370,0.000413149674610347,0.0010488387225299767,0.006197730283961938,0.8919570772781836
grid-2972362-m2,dire_top1_nw_ratio,nominal,368,0.00041088081405420677,0.0011985864652437617,0.007435908534960506,0.8855330103623886
grid-2972362-m3,radiant_nw_adv,aligned,491,-61.85132382892057,77.0,570.0,0.9851142337251079
grid-2972362-m3,radiant_nw_adv,nominal,488,-30.12909836065574,103.0,562.9000000000001,0.9803494888812985
grid-2972362-m3,radiant_nw,aligned,491,54.468431771894096,50.0,251.0,0.9995058930151058
grid-2972362-m3,radiant_nw,nominal,488,-24.1577868852459,79.0,343.60000000000014,0.9994873733794782
grid-2972362-m3,dire_nw,aligned,491,116.31975560081466,68.0,544.0,0.9995369715746202
grid-2972362-m3,dire_nw,nominal,488,5.971311475409836,154.0,495.6,0.9993751378076392
grid-2972362-m3,radiant_xp_adv,aligned,491,-17.39307535641548,0.0,580.0,0.9671228141900576
grid-2972362-m3,radiant_xp_adv,nominal,488,0.08196721311475409,0.0,780.0,0.9389432416221684
grid-2972362-m3,deaths_radiant,aligned,491,-0.006109979633401222,0.0,0.0,0.9993464410578106
grid-2972362-m3,deaths_radiant,nominal,488,-0.05942622950819672,0.0,0.0,0.9970340253322528
grid-2972362-m3,deaths_dire,aligned,491,0.002036659877800407,0.0,0.0,0.9983777109252978
grid-2972362-m3,deaths_dire,nominal,488,-0.00819672131147541,0.0,0.0,0.9935119388027813
grid-2972362-m3,top1_nw_adv,aligned,491,4.816700610997963,15.0,100.0,0.9043283071753573
grid-2972362-m3,top1_nw_adv,nominal,488,12.725409836065573,30.5,122.0,0.8948151840022646
grid-2972362-m3,radiant_top1_nw_ratio,aligned,491,-0.00038445995448058005,0.0009216372425123187,0.005511286198903731,0.7592466828547189
grid-2972362-m3,radiant_top1_nw_ratio,nominal,488,-0.00046329661866777416,0.0015155650800603993,0.005923137788353666,0.7499811265344791
grid-2972362-m3,dire_top1_nw_ratio,aligned,491,-0.0008615892188348405,0.0015170976144394666,0.007300768667876101,0.9684599481008238
grid-2972362-m3,dire_top1_nw_ratio,nominal,488,-0.0010342480300296953,0.0025660644031872126,0.008650393986610149,0.9387435588750881
grid-2972363-m1,radiant_nw_adv,aligned,332,-59.626506024096386,81.5,504.90000000000003,0.9124806184896949
grid-2972363-m1,radiant_nw_adv,nominal,333,-60.333333333333336,88.0,496.6000000000001,0.9033208895016762
grid-2972363-m1,radiant_nw,aligned,332,-6.042168674698795,105.5,323.20000000000164,0.999623741071031
grid-2972363-m1,radiant_nw,nominal,333,-71.54054054054055,134.0,345.60000000000025,0.9996227648286811
grid-2972363-m1,dire_nw,aligned,332,53.58433734939759,50.0,427.7000000000008,0.999730629395845
grid-2972363-m1,dire_nw,nominal,333,-11.207207207207206,91.0,378.8,0.9996788628056353
grid-2972363-m1,radiant_xp_adv,aligned,332,-32.65060240963855,0.0,780.0,0.7550884594588658
grid-2972363-m1,radiant_xp_adv,nominal,333,-35.73573573573574,0.0,680.0,0.7922864491588338
grid-2972363-m1,deaths_radiant,aligned,332,0.0,0.0,0.0,1.0
grid-2972363-m1,deaths_radiant,nominal,333,-0.009009009009009009,0.0,0.0,0.9914257441619231
grid-2972363-m1,deaths_dire,aligned,332,0.018072289156626505,0.0,0.0,0.991212834738383
grid-2972363-m1,deaths_dire,nominal,333,0.0,0.0,0.0,0.9941060290528562
grid-2972363-m1,top1_nw_adv,aligned,332,-6.376506024096385,14.5,55.0,0.9876015132296576
grid-2972363-m1,top1_nw_adv,nominal,333,-10.64864864864865,20.0,67.80000000000001,0.9786555781616303
grid-2972363-m1,radiant_top1_nw_ratio,aligned,332,0.0004920640688543214,0.0013205182560447198,0.006124211251284726,0.9730793474396563
grid-2972363-m1,radiant_top1_nw_ratio,nominal,333,0.00012280425036105417,0.0017840001711174058,0.006688633914609746,0.9700910819813393
grid-2972363-m1,dire_top1_nw_ratio,aligned,332,0.0003950448315985639,0.0014022345255990526,0.005879189525075803,0.9070921719535248
grid-2972363-m1,dire_top1_nw_ratio,nominal,333,0.00023834316562857638,0.0017016495416130595,0.005684406146115973,0.9029932554865836
grid-2972363-m2,radiant_nw_adv,aligned,267,17.60674157303371,81.0,229.20000000000002,0.8656164156535472
grid-2972363-m2,radiant_nw_adv,nominal,265,14.630188679245283,87.0,268.59999999999997,0.8206063560664224
grid-2972363-m2,radiant_nw,aligned,267,-43.12734082397004,109.0,280.60000000000014,0.999680660864082
grid-2972363-m2,radiant_nw,nominal,265,-100.72075471698113,113.0,332.2,0.9996418604679914
grid-2972363-m2,dire_nw,aligned,267,-60.734082397003746,105.0,219.4,0.999278762386178
grid-2972363-m2,dire_nw,nominal,265,-115.35094339622641,143.0,280.99999999999994,0.9992868019656312
grid-2972363-m2,radiant_xp_adv,aligned,267,-1.8726591760299625,0.0,580.0,0.9388113112654173
grid-2972363-m2,radiant_xp_adv,nominal,265,-28.60377358490566,0.0,780.0,0.8864258730788497
grid-2972363-m2,deaths_radiant,aligned,267,0.003745318352059925,0.0,0.0,0.9944156647418491
grid-2972363-m2,deaths_radiant,nominal,265,-0.011320754716981131,0.0,0.0,0.9828723185887205
grid-2972363-m2,deaths_dire,aligned,267,0.0,0.0,0.0,1.0
grid-2972363-m2,deaths_dire,nominal,265,-0.007547169811320755,0.0,0.0,0.9856310723287806
grid-2972363-m2,top1_nw_adv,aligned,267,80.88764044943821,50.0,290.0,0.3993087009985205
grid-2972363-m2,top1_nw_adv,nominal,265,77.88301886792453,51.0,291.0,0.3244382572046142
grid-2972363-m2,radiant_top1_nw_ratio,aligned,267,0.001069410197969166,0.0018308677083898606,0.005120213554255554,0.9555150663956562
grid-2972363-m2,radiant_top1_nw_ratio,nominal,265,0.000846888932615882,0.002041659257474876,0.007132910996371237,0.9330461788758856
grid-2972363-m2,dire_top1_nw_ratio,aligned,267,-0.0033296158874216815,0.003726095732908108,0.011383640018049822,0.7438567749926132
grid-2972363-m2,dire_top1_nw_ratio,nominal,265,-0.003402819585259811,0.004028273028173129,0.011921400966904937,0.7277729297569306
grid-2972363-m3,radiant_nw_adv,aligned,357,145.91316526610643,82.0,400.0,0.9452689294087864
grid-2972363-m3,radiant_nw_adv,nominal,354,136.0367231638418,99.5,418.4,0.9278648015349574
grid-2972363-m3,radiant_nw,aligned,357,142.72549019607843,86.0,580.0,0.9995530792640491
grid-2972363-m3,radiant_nw,nominal,354,36.932203389830505,150.0,524.4,0.9994178350608673
grid-2972363-m3,dire_nw,aligned,357,-3.1876750700280114,101.0,211.0,0.9997746952144269
grid-2972363-m3,dire_nw,nominal,354,-99.1045197740113,131.0,282.7,0.9996954846381672
grid-2972363-m3,radiant_xp_adv,aligned,357,-2.1848739495798317,0.0,680.0,0.9465763588159748
grid-2972363-m3,radiant_xp_adv,nominal,354,-4.632768361581921,0.0,880.0,0.9001447578911279
grid-2972363-m3,deaths_radiant,aligned,357,0.0,0.0,0.0,0.9976089772093426
grid-2972363-m3,deaths_radiant,nominal,354,-0.05084745762711865,0.0,0.0,0.9934861773114948
grid-2972363-m3,deaths_dire,aligned,357,-0.0028011204481792717,0.0,0.0,0.9989614432740996
grid-2972363-m3,deaths_dire,nominal,354,-0.0480225988700565,0.0,0.0,0.9929501770292233
grid-2972363-m3,top1_nw_adv,aligned,357,30.330532212885153,34.0,95.0,0.9128868266931812
grid-2972363-m3,top1_nw_adv,nominal,354,20.850282485875706,40.0,120.79999999999995,0.8991442825826633
grid-2972363-m3,radiant_top1_nw_ratio,aligned,357,-0.0009211691639335817,0.0020580486487669913,0.007055055938552641,0.8665150356243634
grid-2972363-m3,radiant_top1_nw_ratio,nominal,354,-0.0011362895768451194,0.00294455143162263,0.007868603436949825,0.8296003087087428
grid-2972363-m3,dire_top1_nw_ratio,aligned,357,-0.0010175854529103428,0.0015727615565329645,0.007361108039306187,0.9019476576353673
grid-2972363-m3,dire_top1_nw_ratio,nominal,354,-0.0007536084009374038,0.001878516904141675,0.007285694449382401,0.873340953577166
grid-2973272-m1,radiant_nw_adv,aligned,434,-60.1520737327189,53.5,360.7,0.9220011926995504
grid-2973272-m1,radiant_nw_adv,nominal,433,-49.739030023094685,76.0,402.40000000000003,0.8918858673097827
grid-2973272-m1,radiant_nw,aligned,434,-71.71658986175115,70.0,283.49999999999994,0.9997880263656588
grid-2973272-m1,radiant_nw,nominal,433,-152.9376443418014,125.0,386.40000000000003,0.9997213362645192
grid-2973272-m1,dire_nw,aligned,434,-11.564516129032258,43.5,171.7,0.9998972329012594
grid-2973272-m1,dire_nw,nominal,433,-103.1986143187067,93.0,236.40000000000003,0.9998400238201819
grid-2973272-m1,radiant_xp_adv,aligned,434,11.612903225806452,0.0,773.9999999999998,0.9184919109015226
grid-2973272-m1,radiant_xp_adv,nominal,433,52.79445727482679,0.0,760.0,0.9217334316601695
grid-2973272-m1,deaths_radiant,aligned,434,0.004608294930875576,0.0,0.0,0.995336621702882
grid-2973272-m1,deaths_radiant,nominal,433,-0.016166281755196306,0.0,0.0,0.9919179116231217
grid-2973272-m1,deaths_dire,aligned,434,0.0,0.0,0.0,1.0
grid-2973272-m1,deaths_dire,nominal,433,-0.011547344110854504,0.0,0.0,0.991553276895443
grid-2973272-m1,top1_nw_adv,aligned,434,15.47926267281106,25.0,86.59999999999991,0.9637271669386653
grid-2973272-m1,top1_nw_adv,nominal,433,16.381062355658198,25.0,90.0,0.9468111468975718
grid-2973272-m1,radiant_top1_nw_ratio,aligned,434,0.0017050315410138252,0.00168386340360345,0.005921674198481019,0.8471877559205332
grid-2973272-m1,radiant_top1_nw_ratio,nominal,433,0.0014297006083565111,0.0020253326490366486,0.007193097364209783,0.7863314157625203
grid-2973272-m1,dire_top1_nw_ratio,aligned,434,-0.00022268839635056944,0.0011745850362794436,0.004418774597835007,0.9386240022772021
grid-2973272-m1,dire_top1_nw_ratio,nominal,433,-0.0004290806923976495,0.0014023713279583128,0.005446050623417825,0.9245138326525053
grid-2973272-m2,radiant_nw_adv,aligned,377,-38.0079575596817,105.0,276.40000000000003,0.9295776299163299
grid-2973272-m2,radiant_nw_adv,nominal,377,-27.923076923076923,106.0,323.00000000000034,0.9161492515096429
grid-2973272-m2,radiant_nw,aligned,377,92.0,91.0,559.0,0.9994611940051833
grid-2973272-m2,radiant_nw,nominal,377,32.41379310344828,136.0,516.4000000000001,0.9994311550999643
grid-2973272-m2,dire_nw,aligned,377,130.0079575596817,56.0,610.0,0.9990848138692565
grid-2973272-m2,dire_nw,nominal,377,60.3368700265252,124.0,567.8000000000001,0.9990214964741353
grid-2973272-m2,radiant_xp_adv,aligned,377,1.3262599469496021,0.0,780.0,0.8649313566771254
grid-2973272-m2,radiant_xp_adv,nominal,377,6.206896551724138,0.0,580.0,0.9211693478516445
grid-2973272-m2,deaths_radiant,aligned,377,0.010610079575596816,0.0,0.0,0.9979732823297349
grid-2973272-m2,deaths_radiant,nominal,377,-0.023872679045092837,0.0,0.0,0.9970130071944153
grid-2973272-m2,deaths_dire,aligned,377,0.0,0.0,0.0,0.9994541875494167
grid-2973272-m2,deaths_dire,nominal,377,-0.021220159151193633,0.0,0.0,0.9978669814146244
grid-2973272-m2,top1_nw_adv,aligned,377,-2.726790450928382,18.0,320.0,0.765466914720416
grid-2973272-m2,top1_nw_adv,nominal,377,-2.2042440318302385,36.0,320.0,0.738897901731353
grid-2973272-m2,radiant_top1_nw_ratio,aligned,377,-0.0005293963727938201,0.0031404908452616342,0.008443629003789222,0.8946926868745441
grid-2973272-m2,radiant_top1_nw_ratio,nominal,377,-0.0007191841409827748,0.0035504365969611373,0.008743472271447873,0.8753104955274232
grid-2973272-m2,dire_top1_nw_ratio,aligned,377,-0.001213395336744943,0.0024500761852440656,0.008885103928913247,0.8353497155502437
grid-2973272-m2,dire_top1_nw_ratio,nominal,377,-0.0013728275149004034,0.0034305397001462568,0.009190837282094617,0.8240368977876653
grid-2973272-m3,radiant_nw_adv,aligned,328,-120.39024390243902,130.0,438.1000000000001,0.9727654294375381
grid-2973272-m3,radiant_nw_adv,nominal,327,-146.29969418960243,149.0,519.0000000000002,0.9647676389286944
grid-2973272-m3,radiant_nw,aligned,328,-5.527439024390244,72.5,311.0,0.9993198743845564
grid-2973272-m3,radiant_nw,nominal,327,-107.37003058103976,155.0,469.00000000000017,0.9991456283765587
grid-2973272-m3,dire_nw,aligned,328,114.86280487804878,94.0,230.50000000000006,0.9996722982174217
grid-2973272-m3,dire_nw,nominal,327,38.92966360856269,58.0,177.80000000000007,0.9996741183139001
grid-2973272-m3,radiant_xp_adv,aligned,328,20.365853658536587,0.0,704.0000000000009,0.948527947357364
grid-2973272-m3,radiant_xp_adv,nominal,327,24.831804281345565,0.0,856.0000000000014,0.9255866963455982
grid-2973272-m3,deaths_radiant,aligned,328,0.003048780487804878,0.0,0.0,0.9809683229211391
grid-2973272-m3,deaths_radiant,nominal,327,0.0,0.0,0.0,1.0
grid-2973272-m3,deaths_dire,aligned,328,-0.003048780487804878,0.0,0.0,0.9994557726525508
grid-2973272-m3,deaths_dire,nominal,327,-0.03669724770642202,0.0,0.0,0.9913989585010695
grid-2973272-m3,top1_nw_adv,aligned,328,-66.78048780487805,36.0,265.0,0.7440712291145375
grid-2973272-m3,top1_nw_adv,nominal,327,-70.26605504587155,46.0,323.00000000000017,0.7317165109513131
grid-2973272-m3,radiant_top1_nw_ratio,aligned,328,-0.0016594728894505128,0.0019686587320890403,0.010289502028554661,0.6225962007066815
grid-2973272-m3,radiant_top1_nw_ratio,nominal,327,-0.001562470196566644,0.0036267815173770535,0.01097280784544627,0.5613895900457355
grid-2973272-m3,dire_top1_nw_ratio,aligned,328,-0.0006191508184263372,0.0016493580373718036,0.005518002823446089,0.8296860239157592
grid-2973272-m3,dire_top1_nw_ratio,nominal,327,-0.0007161734928047563,0.0017099477565319376,0.005698875915602318,0.8318566792493266
grid-2973272-m4,radiant_nw_adv,aligned,339,27.227138643067846,80.0,275.2,0.9939500032347381
grid-2973272-m4,radiant_nw_adv,nominal,341,7.214076246334311,98.0,310.0,0.9909871979438061
grid-2973272-m4,radiant_nw,aligned,339,17.640117994100294,111.0,300.0,0.999699775983233
grid-2973272-m4,radiant_nw,nominal,341,-51.489736070381234,143.0,297.0,0.9996083296341879
grid-2973272-m4,dire_nw,aligned,339,-9.587020648967552,49.0,249.39999999999998,0.9997898388840794
grid-2973272-m4,dire_nw,nominal,341,-58.70381231671554,80.0,270.0,0.9997503398054526
grid-2973272-m4,radiant_xp_adv,aligned,339,-44.8377581120944,0.0,563.9999999999998,0.9781522980027341
grid-2973272-m4,radiant_xp_adv,nominal,341,-40.23460410557185,0.0,780.0,0.9507449883243784
grid-2973272-m4,deaths_radiant,aligned,339,-0.0029498525073746312,0.0,0.0,0.9914350186605346
grid-2973272-m4,deaths_radiant,nominal,341,-0.008797653958944282,0.0,0.0,0.9748029392987533
grid-2973272-m4,deaths_dire,aligned,339,-0.008849557522123894,0.0,0.0,0.9992625590953294
grid-2973272-m4,deaths_dire,nominal,341,-0.04398826979472141,0.0,0.0,0.9979012963793964
grid-2973272-m4,top1_nw_adv,aligned,339,-41.3952802359882,50.0,98.79999999999961,0.9837609919445683
grid-2973272-m4,top1_nw_adv,nominal,341,-44.40469208211144,48.0,153.0,0.9798981423603865
grid-2973272-m4,radiant_top1_nw_ratio,aligned,339,-0.0010119733998120294,0.0029656703593883005,0.007985423932817974,0.8230511901982244
grid-2973272-m4,radiant_top1_nw_ratio,nominal,341,-0.0009309323761421438,0.0026777097473381084,0.00802749068048575,0.8330095461683957
grid-2973272-m4,dire_top1_nw_ratio,aligned,339,0.0020606394527970208,0.0026352263745344495,0.006739515671200051,0.8193499851167829
grid-2973272-m4,dire_top1_nw_ratio,nominal,341,0.0020661000704946617,0.0027609511615546978,0.007129730019481362,0.8171302300423127
grid-2973273-m1,radiant_nw_adv,aligned,372,-0.7956989247311828,55.0,396.8000000000004,0.9788753947725262
grid-2973273-m1,radiant_nw_adv,nominal,369,-8.195121951219512,70.0,382.59999999999997,0.9741126102259289
grid-2973273-m1,radiant_nw,aligned,372,9.647849462365592,57.0,244.0,0.9997718778792014
grid-2973273-m1,radiant_nw,nominal,369,-73.96747967479675,129.0,247.2,0.9997367411710898
grid-2973273-m1,dire_nw,aligned,372,10.443548387096774,65.5,433.50000000000017,0.9995254876683689
grid-2973273-m1,dire_nw,nominal,369,-65.77235772357723,127.0,397.5999999999999,0.9994033890277336
grid-2973273-m1,radiant_xp_adv,aligned,372,-8.978494623655914,0.0,670.0000000000034,0.9481768766390005
grid-2973273-m1,radiant_xp_adv,nominal,369,-24.769647696476966,0.0,680.0,0.9425562198062475
grid-2973273-m1,deaths_radiant,aligned,372,0.002688172043010753,0.0,0.0,0.9957768993833269
grid-2973273-m1,deaths_radiant,nominal,369,-0.005420054200542005,0.0,0.0,0.9914108650358369
grid-2973273-m1,deaths_dire,aligned,372,0.005376344086021506,0.0,0.0,0.9973929344556971
grid-2973273-m1,deaths_dire,nominal,369,-0.013550135501355014,0.0,0.0,0.9967025799912247
grid-2973273-m1,top1_nw_adv,aligned,372,41.72849462365591,20.0,117.80000000000007,0.9651702500073808
grid-2973273-m1,top1_nw_adv,nominal,369,42.17886178861789,30.0,136.0,0.9483528101950394
grid-2973273-m1,radiant_top1_nw_ratio,aligned,372,-0.00019421500912942426,0.0008944493363051559,0.004486057209997895,0.9227629627859928
grid-2973273-m1,radiant_top1_nw_ratio,nominal,369,-0.00032623499731758383,0.0013194540215997197,0.005017746255016148,0.9470472695831192
grid-2973273-m1,dire_top1_nw_ratio,aligned,372,-0.002560897757562085,0.0022366477100591448,0.011882718053681065,0.929591209360286
grid-2973273-m1,dire_top1_nw_ratio,nominal,369,-0.0027958656389664755,0.0032326375713722655,0.01184051785490442,0.9345547303791861
grid-2973273-m2,radiant_nw_adv,aligned,465,-187.43870967741935,100.0,560.4000000000013,0.8904506396596739
grid-2973273-m2,radiant_nw_adv,nominal,465,-203.98279569892472,115.0,641.4000000000002,0.8679957384650251
grid-2973273-m2,radiant_nw,aligned,465,-124.77849462365592,63.0,395.0,0.999801826643433
grid-2973273-m2,radiant_nw,nominal,465,-218.8494623655914,156.0,492.60000000000014,0.9996751680956406
grid-2973273-m2,dire_nw,aligned,465,62.660215053763444,81.0,249.60000000000002,0.9996361187029655
grid-2973273-m2,dire_nw,nominal,465,-14.866666666666667,97.0,246.20000000000005,0.9996218988584591
grid-2973273-m2,radiant_xp_adv,aligned,465,-20.258064516129032,0.0,580.0,0.9446689343428076
grid-2973273-m2,radiant_xp_adv,nominal,465,-38.02150537634409,0.0,860.0,0.9071349845300215
grid-2973273-m2,deaths_radiant,aligned,465,0.002150537634408602,0.0,0.0,0.9983981088181215
grid-2973273-m2,deaths_radiant,nominal,465,-0.002150537634408602,0.0,0.0,0.9983815045806956
grid-2973273-m2,deaths_dire,aligned,465,-0.0064516129032258064,0.0,0.0,0.9965089330189171
grid-2973273-m2,deaths_dire,nominal,465,-0.02795698924731183,0.0,0.0,0.9850650023234172
grid-2973273-m2,top1_nw_adv,aligned,465,-19.46451612903226,30.0,77.20000000000005,0.7994026816782557
grid-2973273-m2,top1_nw_adv,nominal,465,-21.436559139784947,35.0,110.0,0.7425460069345506
grid-2973273-m2,radiant_top1_nw_ratio,aligned,465,0.0012392484981309287,0.0008741772000976644,0.0046127323539569475,0.8896441185393584
grid-2973273-m2,radiant_top1_nw_ratio,nominal,465,0.0011031519668333253,0.0016906202898135658,0.006566333572139999,0.8537976420669458
grid-2973273-m2,dire_top1_nw_ratio,aligned,465,0.00020956430810981563,0.0015284523038897324,0.006663359853320568,0.7522338119425275
grid-2973273-m2,dire_top1_nw_ratio,nominal,465,7.17042431034946e-05,0.002140320651583233,0.007683426705452543,0.7237588335572682
grid-2973273-m3,radiant_nw_adv,aligned,302,-89.86092715231788,45.5,382.30000000000024,0.9375665082959308
grid-2973273-m3,radiant_nw_adv,nominal,302,-70.55298013245033,56.0,436.50000000000017,0.9071083516551556
grid-2973273-m3,radiant_nw,aligned,302,-3.609271523178808,61.5,264.0,0.9996559524442943
grid-2973273-m3,radiant_nw,nominal,302,-85.34437086092716,105.5,290.80000000000007,0.9997117291925419
grid-2973273-m3,dire_nw,aligned,302,86.25165562913908,42.5,513.5000000000002,0.9987122912113602
grid-2973273-m3,dire_nw,nominal,302,-14.791390728476822,89.0,440.60000000000014,0.9986248896347336
grid-2973273-m3,radiant_xp_adv,aligned,302,39.271523178807946,0.0,680.0,0.9124144441832457
grid-2973273-m3,radiant_xp_adv,nominal,302,50.4635761589404,0.0,880.0,0.8267251566519055
grid-2973273-m3,deaths_radiant,aligned,302,0.0,0.0,0.0,0.997291325766329
grid-2973273-m3,deaths_radiant,nominal,302,-0.039735099337748346,0.0,0.0,0.9922692735187087
grid-2973273-m3,deaths_dire,aligned,302,-0.0033112582781456954,0.0,0.0,0.9883631840749089
grid-2973273-m3,deaths_dire,nominal,302,-0.013245033112582781,0.0,0.0,0.9538926845487483
grid-2973273-m3,top1_nw_adv,aligned,302,-27.9635761589404,13.0,65.0,0.7293722478317689
grid-2973273-m3,top1_nw_adv,nominal,302,-24.311258278145694,23.0,79.0,0.7133973285023575
grid-2973273-m3,radiant_top1_nw_ratio,aligned,302,-0.00027091054780509693,0.0013625959193655224,0.0067209969944606405,0.7756616037018793
grid-2973273-m3,radiant_top1_nw_ratio,nominal,302,-0.0004617141119975531,0.0019762958282107806,0.0069756549968988816,0.7601708554819507
grid-2973273-m3,dire_top1_nw_ratio,aligned,302,-1.2804055611485338e-05,0.0013794904624187948,0.0066579268832057895,0.6653999783216601
grid-2973273-m3,dire_top1_nw_ratio,nominal,302,-0.00018040271280338167,0.0014960328210961021,0.006859512715822884,0.6716692466504873
grid-2973273-m4,radiant_nw_adv,aligned,305,-130.8327868852459,115.0,272.0000000000001,0.995375028180967
grid-2973273-m4,radiant_nw_adv,nominal,304,-128.0921052631579,123.0,268.7,0.9946049924931054
grid-2973273-m4,radiant_nw,aligned,305,-165.37377049180327,106.0,526.2,0.9996418410306082
grid-2973273-m4,radiant_nw,nominal,304,-191.3453947368421,129.0,553.8,0.9996465383763897
grid-2973273-m4,dire_nw,aligned,305,-34.540983606557376,80.0,311.20000000000005,0.9997166920679821
grid-2973273-m4,dire_nw,nominal,304,-63.25328947368421,69.0,349.4,0.9996911131638363
grid-2973273-m4,radiant_xp_adv,aligned,305,2.4262295081967213,0.0,728.0000000000018,0.9487996481095061
grid-2973273-m4,radiant_xp_adv,nominal,304,-6.381578947368421,0.0,580.0,0.9624177504768374
grid-2973273-m4,deaths_radiant,aligned,305,0.0,0.0,0.0,1.0
grid-2973273-m4,deaths_radiant,nominal,304,-0.003289473684210526,0.0,0.0,0.992702034218179
grid-2973273-m4,deaths_dire,aligned,305,-0.003278688524590164,0.0,0.0,0.9927479278422172
grid-2973273-m4,deaths_dire,nominal,304,-0.006578947368421052,0.0,0.0,0.9854905685717645
grid-2973273-m4,top1_nw_adv,aligned,305,-26.908196721311477,15.0,75.60000000000014,0.9554840433023142
grid-2973273-m4,top1_nw_adv,nominal,304,-24.12828947368421,20.0,85.39999999999998,0.9466664283386492
grid-2973273-m4,radiant_top1_nw_ratio,aligned,305,0.0014662712714498198,0.0014425862276855328,0.0059813928015305445,0.9539892664214977
grid-2973273-m4,radiant_top1_nw_ratio,nominal,304,0.0015408447440764077,0.0016833912897509101,0.0061147674030676,0.9482163181751829
grid-2973273-m4,dire_top1_nw_ratio,aligned,305,0.00046192166846783286,0.0025614364124991185,0.009077518614630454,0.8615660709022738
grid-2973273-m4,dire_top1_nw_ratio,nominal,304,0.0002787742713442739,0.002660253183345923,0.009666859792734938,0.8356169869265287
grid-2973274-m1,radiant_nw_adv,aligned,328,57.51829268292683,80.0,504.3,0.8705039646898521
grid-2973274-m1,radiant_nw_adv,nominal,329,37.36474164133739,90.0,504.0,0.8607195977792769
grid-2973274-m1,radiant_nw,aligned,328,144.2560975609756,50.0,599.0,0.999066622494547
grid-2973274-m1,radiant_nw,nominal,329,45.349544072948326,96.0,532.5999999999999,0.9990417218618903
grid-2973274-m1,dire_nw,aligned,328,86.73780487804878,75.0,256.7000000000016,0.9991381972053475
grid-2973274-m1,dire_nw,nominal,329,7.984802431610942,80.0,317.99999999999994,0.9990813756939122
grid-2973274-m1,radiant_xp_adv,aligned,328,-4.146341463414634,0.0,780.0,0.919783611262981
grid-2973274-m1,radiant_xp_adv,nominal,329,17.142857142857142,0.0,799.9999999999989,0.8820855346946834
grid-2973274-m1,deaths_radiant,aligned,328,0.003048780487804878,0.0,0.0,0.9922369364527349
grid-2973274-m1,deaths_radiant,nominal,329,-0.0060790273556231,0.0,0.0,0.9846061879467924
grid-2973274-m1,deaths_dire,aligned,328,0.006097560975609756,0.0,0.0,0.9951928500880252
grid-2973274-m1,deaths_dire,nominal,329,-0.02735562310030395,0.0,0.0,0.9898353047338349
grid-2973274-m1,top1_nw_adv,aligned,328,24.448170731707318,55.0,272.1000000000001,0.7780747931923342
grid-2973274-m1,top1_nw_adv,nominal,329,12.74164133738602,61.0,278.0,0.7742072011964171
grid-2973274-m1,radiant_top1_nw_ratio,aligned,328,0.0007182431664471404,0.0018003225339479068,0.008352536278351894,0.9468034753713938
grid-2973274-m1,radiant_top1_nw_ratio,nominal,329,0.0006852050611548209,0.0021650711984332605,0.008755317536891209,0.9462134256966697
grid-2973274-m1,dire_top1_nw_ratio,aligned,328,0.0008391638351027762,0.0024127284990100722,0.007122510241005889,0.6209929009700178
grid-2973274-m1,dire_top1_nw_ratio,nominal,329,0.0011701621091975024,0.0026644261620660803,0.007064467692163773,0.6226770747958978
grid-2973274-m2,radiant_nw_adv,aligned,355,16.67042253521127,75.0,385.6,0.8928523064603885
grid-2973274-m2,radiant_nw_adv,nominal,355,12.025352112676057,84.0,465.4000000000001,0.8702394751219169
grid-2973274-m2,radiant_nw,aligned,355,80.2450704225352,60.0,538.6,0.9995083954424536
grid-2973274-m2,radiant_nw,nominal,355,-18.132394366197182,120.0,441.0000000000001,0.999500143628264
grid-2973274-m2,dire_nw,aligned,355,63.57464788732394,81.0,281.0,0.9997370784657279
grid-2973274-m2,dire_nw,nominal,355,-30.15774647887324,130.0,243.60000000000002,0.9997029256376726
grid-2973274-m2,radiant_xp_adv,aligned,355,47.66197183098591,0.0,780.0,0.9534376811331966
grid-2973274-m2,radiant_xp_adv,nominal,355,21.633802816901408,0.0,680.0,0.9469775043733906
grid-2973274-m2,deaths_radiant,aligned,355,0.008450704225352112,0.0,0.0,0.9960375151355512
grid-2973274-m2,deaths_radiant,nominal,355,-0.01971830985915493,0.0,0.0,0.9910793883593177
grid-2973274-m2,deaths_dire,aligned,355,0.011267605633802818,0.0,0.0,0.9971890427279141
grid-2973274-m2,deaths_dire,nominal,355,-0.030985915492957747,0.0,0.0,0.9923885719979928
grid-2973274-m2,top1_nw_adv,aligned,355,7.174647887323943,50.0,287.4000000000001,0.8280360077783715
grid-2973274-m2,top1_nw_adv,nominal,355,2.5380281690140847,50.0,304.6,0.7982022390337823
grid-2973274-m2,radiant_top1_nw_ratio,aligned,355,-0.0016808863559084816,0.002183349937583845,0.009288403246944521,0.9335383516634178
grid-2973274-m2,radiant_top1_nw_ratio,nominal,355,-0.0022653913545282512,0.0024673886143074253,0.010006216705642168,0.8991671484198899
grid-2973274-m2,dire_top1_nw_ratio,aligned,355,-6.94490059008729e-05,0.002446212204998577,0.0061557605360176865,0.9701471940386017
grid-2973274-m2,dire_top1_nw_ratio,nominal,355,5.6198970016712285e-05,0.0027112588747175703,0.008572336938271315,0.9810578136729213
grid-2973274-m3,radiant_nw_adv,aligned,321,-138.9595015576324,86.0,586.0,0.9823893459538992
grid-2973274-m3,radiant_nw_adv,nominal,317,-161.18611987381703,117.0,622.6000000000004,0.9768327736190898
grid-2973274-m3,radiant_nw,aligned,321,-74.51090342679127,61.0,475.0,0.9996527186334273
grid-2973274-m3,radiant_nw,nominal,317,-203.21451104100947,132.0,552.2,0.9996220348407648
grid-2973274-m3,dire_nw,aligned,321,64.44859813084112,80.0,174.0,0.9996134483788055
grid-2973274-m3,dire_nw,nominal,317,-42.02839116719243,84.0,332.00000000000034,0.9994834471263141
grid-2973274-m3,radiant_xp_adv,aligned,321,1.2461059190031152,0.0,680.0,0.9624667774861504
grid-2973274-m3,radiant_xp_adv,nominal,317,-53.375394321766564,0.0,880.0,0.9300130968563256
grid-2973274-m3,deaths_radiant,aligned,321,-0.003115264797507788,0.0,0.0,0.9973312649877961
grid-2973274-m3,deaths_radiant,nominal,317,-0.01892744479495268,0.0,0.0,0.9840731817430459
grid-2973274-m3,deaths_dire,aligned,321,0.006230529595015576,0.0,0.0,0.9989297837999196
grid-2973274-m3,deaths_dire,nominal,317,-0.04416403785488959,0.0,0.0,0.9926234347847896
grid-2973274-m3,top1_nw_adv,aligned,321,-9.791277258566979,14.0,91.0,0.9877194333622659
grid-2973274-m3,top1_nw_adv,nominal,317,-18.709779179810724,39.0,139.40000000000038,0.9662906227968208
grid-2973274-m3,radiant_top1_nw_ratio,aligned,321,0.0006838674409525077,0.0018848453874474036,0.006468593194823652,0.8838312217410503
grid-2973274-m3,radiant_top1_nw_ratio,nominal,317,0.0003093580361193476,0.002800485433058608,0.00866257348178554,0.7450057967542405
grid-2973274-m3,dire_top1_nw_ratio,aligned,321,-0.0008100129270291403,0.0017700294426335195,0.005683773752872101,0.8918354742458988
grid-2973274-m3,dire_top1_nw_ratio,nominal,317,-0.0011183685847608647,0.0018118724849647272,0.00767985688675092,0.8372915914014959
grid-2973274-m4,radiant_nw_adv,aligned,447,-150.5324384787472,81.0,592.4000000000001,0.9430351299629447
grid-2973274-m4,radiant_nw_adv,nominal,447,-151.14317673378076,90.0,574.8000000000001,0.9413241423974252
grid-2973274-m4,radiant_nw,aligned,447,-25.37807606263982,60.0,222.60000000000014,0.9998372330435269
grid-2973274-m4,radiant_nw,nominal,447,-85.87248322147651,95.0,254.40000000000003,0.9998057090608213
grid-2973274-m4,dire_nw,aligned,447,125.15436241610739,45.0,527.4000000000001,0.9996187721750192
grid-2973274-m4,dire_nw,nominal,447,65.27069351230425,77.0,468.0,0.9996196603861833
grid-2973274-m4,radiant_xp_adv,aligned,447,-26.39821029082774,0.0,580.0,0.9326364524437748
grid-2973274-m4,radiant_xp_adv,nominal,447,-28.993288590604028,0.0,620.0000000000034,0.9108920020229869
grid-2973274-m4,deaths_radiant,aligned,447,0.0022371364653243847,0.0,0.0,0.9989062655737414
grid-2973274-m4,deaths_radiant,nominal,447,-0.020134228187919462,0.0,0.0,0.9986266638091654
grid-2973274-m4,deaths_dire,aligned,447,0.0,0.0,0.0,0.9992438967520645
grid-2973274-m4,deaths_dire,nominal,447,-0.026845637583892617,0.0,0.0,0.9977912298792825
grid-2973274-m4,top1_nw_adv,aligned,447,-48.11856823266219,19.0,295.0,0.761949557754861
grid-2973274-m4,top1_nw_adv,nominal,447,-50.18120805369127,30.0,295.0,0.7746273248426209
grid-2973274-m4,radiant_top1_nw_ratio,aligned,447,-0.00010940270154363488,0.0014043965325419294,0.00364454778553335,0.9254497340684706
grid-2973274-m4,radiant_top1_nw_ratio,nominal,447,-0.00029345728227114825,0.0013733412188298155,0.00559865526346058,0.9001445747799063
grid-2973274-m4,dire_top1_nw_ratio,aligned,447,0.0005186578546723986,0.0029272428736776823,0.00863106470008073,0.8112007535452636
grid-2973274-m4,dire_top1_nw_ratio,nominal,447,0.0005855848537921968,0.0029714627716166675,0.008669275362847157,0.8284512839102723
grid-2974335-m1,radiant_nw_adv,aligned,358,1.4162011173184357,100.0,311.80000000000007,0.8283559173395811
grid-2974335-m1,radiant_nw_adv,nominal,355,1.419718309859155,116.0,368.6,0.8057439677640884
grid-2974335-m1,radiant_nw,aligned,358,136.0223463687151,80.0,611.9000000000001,0.9993973998779022
grid-2974335-m1,radiant_nw,nominal,355,45.540845070422534,106.0,533.0,0.9994796706446735
grid-2974335-m1,dire_nw,aligned,358,134.60614525139664,60.5,562.9000000000001,0.9994864894095179
grid-2974335-m1,dire_nw,nominal,355,44.12112676056338,127.0,512.6,0.9994039759161312
grid-2974335-m1,radiant_xp_adv,aligned,358,-2.346368715083799,0.0,780.0,0.9139439719017177
grid-2974335-m1,radiant_xp_adv,nominal,355,-7.943661971830986,0.0,864.0000000000009,0.8707479824611352
grid-2974335-m1,deaths_radiant,aligned,358,0.0,0.0,0.0,0.9975232674161975
grid-2974335-m1,deaths_radiant,nominal,355,-0.030985915492957747,0.0,0.0,0.9933525816500882
grid-2974335-m1,deaths_dire,aligned,358,0.002793296089385475,0.0,0.0,0.9967753335366889
grid-2974335-m1,deaths_dire,nominal,355,-0.016901408450704224,0.0,0.0,0.993518940058904
grid-2974335-m1,top1_nw_adv,aligned,358,-28.54189944134078,39.0,304.0,0.7461365224986066
grid-2974335-m1,top1_nw_adv,nominal,355,-29.952112676056338,53.0,304.0,0.7401065995018589
grid-2974335-m1,radiant_top1_nw_ratio,aligned,358,-0.00177144314637672,0.0025505210809300266,0.00811235639497583,0.8363048341429714
grid-2974335-m1,radiant_top1_nw_ratio,nominal,355,-0.0019059668312665084,0.0037228722774336753,0.00911481650602612,0.7902015761038692
grid-2974335-m1,dire_top1_nw_ratio,aligned,358,0.00036024034413940475,0.0015351804778903355,0.009537859987226612,0.7793531215033432
grid-2974335-m1,dire_top1_nw_ratio,nominal,355,0.0004183115646627793,0.0017265254156920706,0.00966309976994842,0.7505490596476382
grid-2974335-m2,radiant_nw_adv,aligned,331,-130.83081570996978,71.0,419.0,0.9174982344655076
grid-2974335-m2,radiant_nw_adv,nominal,331,-135.14803625377644,96.0,495.0,0.8916740206514115
grid-2974335-m2,radiant_nw,aligned,331,9.250755287009063,60.0,234.0,0.9997363844866967
grid-2974335-m2,radiant_nw,nominal,331,-61.105740181268885,108.0,240.0,0.9996558988085287
grid-2974335-m2,dire_nw,aligned,331,140.08157099697885,80.0,547.0,0.9997299856683235
grid-2974335-m2,dire_nw,nominal,331,74.04229607250755,78.0,499.0,0.9996594787281339
grid-2974335-m2,radiant_xp_adv,aligned,331,-24.290030211480364,0.0,580.0,0.9496705732661078
grid-2974335-m2,radiant_xp_adv,nominal,331,-44.833836858006045,0.0,880.0,0.9168851133957923
grid-2974335-m2,deaths_radiant,aligned,331,-0.006042296072507553,0.0,0.0,0.9971411848848011
grid-2974335-m2,deaths_radiant,nominal,331,-0.03323262839879154,0.0,0.0,0.9924310334584092
grid-2974335-m2,deaths_dire,aligned,331,0.0030211480362537764,0.0,0.0,0.9989253911403462
grid-2974335-m2,deaths_dire,nominal,331,-0.03927492447129909,0.0,0.0,0.9973450190929577
grid-2974335-m2,top1_nw_adv,aligned,331,46.82175226586103,50.0,80.0,0.9486299044510333
grid-2974335-m2,top1_nw_adv,nominal,331,45.46223564954683,50.0,132.0,0.9108770853016462
grid-2974335-m2,radiant_top1_nw_ratio,aligned,331,0.002422680294909301,0.003406696656565039,0.007465709282794775,0.9077856579338005
grid-2974335-m2,radiant_top1_nw_ratio,nominal,331,0.002247815498336326,0.003687271716966173,0.008830563477291664,0.8796390750691964
grid-2974335-m2,dire_top1_nw_ratio,aligned,331,-0.003299102791770474,0.0027471053772297194,0.010112755649299032,0.937608636590173
grid-2974335-m2,dire_top1_nw_ratio,nominal,331,-0.0034887236491654553,0.0027471053772297194,0.010590580118233994,0.9215522874286498
grid-2974335-m3,radiant_nw_adv,aligned,301,91.3421926910299,65.0,470.0,0.9117984530243477
grid-2974335-m3,radiant_nw_adv,nominal,301,88.55481727574751,89.0,439.0,0.9199696303417993
grid-2974335-m3,radiant_nw,aligned,301,41.22923588039867,40.0,251.0,0.999692193678054
grid-2974335-m3,radiant_nw,nominal,301,-73.12292358803987,108.0,216.0,0.9996710192042094
grid-2974335-m3,dire_nw,aligned,301,-50.11295681063123,75.0,260.0,0.9996117448603988
grid-2974335-m3,dire_nw,nominal,301,-161.67774086378736,160.0,352.0,0.999566076136173
grid-2974335-m3,radiant_xp_adv,aligned,301,-8.172757475083056,280.0,980.0,0.7627519093649019
grid-2974335-m3,radiant_xp_adv,nominal,301,-28.571428571428573,0.0,680.0,0.8969589629921476
grid-2974335-m3,deaths_radiant,aligned,301,0.0,0.0,0.0,1.0
grid-2974335-m3,deaths_radiant,nominal,301,-0.006644518272425249,0.0,0.0,0.9394951155406592
grid-2974335-m3,deaths_dire,aligned,301,0.0,0.0,0.0,
grid-2974335-m3,deaths_dire,nominal,301,0.0,0.0,0.0,
grid-2974335-m3,top1_nw_adv,aligned,301,-20.511627906976745,50.0,63.0,0.8284895656263147
grid-2974335-m3,top1_nw_adv,nominal,301,-19.99003322259136,45.0,112.0,0.8155394108223741
grid-2974335-m3,radiant_top1_nw_ratio,aligned,301,0.0009693471138146619,0.0006798305882403655,0.004088890512722543,0.6851253309758584
grid-2974335-m3,radiant_top1_nw_ratio,nominal,301,0.0006735684534936939,0.0016411738080163718,0.006761510926917069,0.6288358271881256
grid-2974335-m3,dire_top1_nw_ratio,aligned,301,0.0032068345531219363,0.003822883090689011,0.006706955282236998,0.9451005562352506
grid-2974335-m3,dire_top1_nw_ratio,nominal,301,0.002904283244335511,0.0040309776773258255,0.00789733329736822,0.885080620553085
grid-2974337-m1,radiant_nw_adv,aligned,298,-19.436241610738254,75.0,280.0,0.9489809484462637
grid-2974337-m1,radiant_nw_adv,nominal,296,-27.4527027027027,102.5,322.0,0.868418999444949
grid-2974337-m1,radiant_nw,aligned,298,-2.7550335570469797,60.5,253.3,0.9996719248368179
grid-2974337-m1,radiant_nw,nominal,296,-127.34121621621621,108.0,340.0,0.9992988003982876
grid-2974337-m1,dire_nw,aligned,298,16.681208053691275,66.5,165.20000000000005,0.9997893445417543
grid-2974337-m1,dire_nw,nominal,296,-99.88851351351352,111.5,277.0,0.9996407164170321
grid-2974337-m1,radiant_xp_adv,aligned,298,9.59731543624161,0.0,910.0000000000011,0.8578585395515941
grid-2974337-m1,radiant_xp_adv,nominal,296,43.17567567567568,0.0,960.0,0.8715629907343385
grid-2974337-m1,deaths_radiant,aligned,298,0.0,0.0,0.0,1.0
grid-2974337-m1,deaths_radiant,nominal,296,-0.013513513513513514,0.0,0.0,0.6501696886858167
grid-2974337-m1,deaths_dire,aligned,298,-0.003355704697986577,0.0,0.0,0.9964216687828131
grid-2974337-m1,deaths_dire,nominal,296,-0.030405405405405407,0.0,0.0,0.9479144005787868
grid-2974337-m1,top1_nw_adv,aligned,298,0.7785234899328859,12.0,90.0,0.8843354742238557
grid-2974337-m1,top1_nw_adv,nominal,296,-0.8277027027027027,30.0,135.0,0.749760665257147
grid-2974337-m1,radiant_top1_nw_ratio,aligned,298,0.00019096736954692545,0.0014315998638572969,0.006977355565293486,0.9417025418366949
grid-2974337-m1,radiant_top1_nw_ratio,nominal,296,-4.964745361016621e-05,0.001641057191089576,0.007120093517961529,0.9229517286489466
grid-2974337-m1,dire_top1_nw_ratio,aligned,298,0.00010707417082316162,0.0014138240451057743,0.0058022115722154155,0.8295975345821388
grid-2974337-m1,dire_top1_nw_ratio,nominal,296,-0.0004926095186710476,0.0014893306427511965,0.008349933058845224,0.7253601541355607
grid-2974337-m2,radiant_nw_adv,aligned,370,-46.97837837837838,55.0,419.0,0.8644800663434072
grid-2974337-m2,radiant_nw_adv,nominal,368,-47.27173913043478,89.0,421.6,0.8518759965146485
grid-2974337-m2,radiant_nw,aligned,370,0.002702702702702703,97.0,216.5000000000001,0.9992763315139825
grid-2974337-m2,radiant_nw,nominal,368,-105.72554347826087,134.0,309.50000000000006,0.9992087029952407
grid-2974337-m2,dire_nw,aligned,370,46.98108108108108,100.0,319.0,0.9996490895010574
grid-2974337-m2,dire_nw,nominal,368,-58.453804347826086,121.0,343.50000000000006,0.9996260056001176
grid-2974337-m2,radiant_xp_adv,aligned,370,-14.432432432432432,0.0,580.0,0.9179831960138688
grid-2974337-m2,radiant_xp_adv,nominal,368,-31.793478260869566,0.0,880.0,0.8454752313111629
grid-2974337-m2,deaths_radiant,aligned,370,0.016216216216216217,0.0,0.0,0.998384748221716
grid-2974337-m2,deaths_radiant,nominal,368,-0.03804347826086957,0.0,0.0,0.9971868643354044
grid-2974337-m2,deaths_dire,aligned,370,0.008108108108108109,0.0,0.0,0.9981416118154585
grid-2974337-m2,deaths_dire,nominal,368,-0.035326086956521736,0.0,0.0,0.9953086000417608
grid-2974337-m2,top1_nw_adv,aligned,370,-18.87027027027027,25.0,300.0,0.8051791231713765
grid-2974337-m2,top1_nw_adv,nominal,368,-16.85326086956522,40.0,295.0,0.801358388269635
grid-2974337-m2,radiant_top1_nw_ratio,aligned,370,0.000938074704416119,0.0013307585263641758,0.004586631587388796,0.9628230462152613
grid-2974337-m2,radiant_top1_nw_ratio,nominal,368,0.0009080723754809266,0.001714562386098517,0.005833839675238231,0.950397552144153
grid-2974337-m2,dire_top1_nw_ratio,aligned,370,0.0015084763263745226,0.0019961347099596294,0.01095142602115128,0.8417193665423042
grid-2974337-m2,dire_top1_nw_ratio,nominal,368,0.0010685862090434146,0.0024550903067877966,0.01183070083958431,0.7868499290647675
grid-2974337-m3,radiant_nw_adv,aligned,443,72.81489841986456,57.0,222.80000000000007,0.9816784322954779
grid-2974337-m3,radiant_nw_adv,nominal,440,66.50227272727273,77.0,341.0000000000002,0.9601421661714282
grid-2974337-m3,radiant_nw,aligned,443,-15.98645598194131,50.0,290.6000000000003,0.9997416580443669
grid-2974337-m3,radiant_nw,nominal,440,-108.39772727272727,96.5,415.0,0.9996375235967379
grid-2974337-m3,dire_nw,aligned,443,-88.80135440180587,47.0,259.6000000000001,0.9996985348035646
grid-2974337-m3,dire_nw,nominal,440,-174.9,119.5,449.1,0.9996034368542943
grid-2974337-m3,radiant_xp_adv,aligned,443,-3.9729119638826185,0.0,580.0,0.9218567275700957
grid-2974337-m3,radiant_xp_adv,nominal,440,27.318181818181817,0.0,880.0,0.8345879264828456
grid-2974337-m3,deaths_radiant,aligned,443,0.004514672686230248,0.0,0.0,0.9981578464185312
grid-2974337-m3,deaths_radiant,nominal,440,-0.029545454545454545,0.0,0.0,0.9942979485204854
grid-2974337-m3,deaths_dire,aligned,443,0.006772009029345372,0.0,0.0,0.998984650310115
grid-2974337-m3,deaths_dire,nominal,440,-0.031818181818181815,0.0,0.0,0.9952469103228891
grid-2974337-m3,top1_nw_adv,aligned,443,-1.5304740406320543,6.0,80.0,0.9771344690875148
grid-2974337-m3,top1_nw_adv,nominal,440,-2.3772727272727274,25.0,95.10000000000002,0.9443095431905577
grid-2974337-m3,radiant_top1_nw_ratio,aligned,443,-0.0004535768638394099,0.0011539465952862815,0.004919407461244091,0.8856025413983678
grid-2974337-m3,radiant_top1_nw_ratio,nominal,440,-0.0005531823994137035,0.0015927093104148166,0.005758587785587538,0.8490592660027203
grid-2974337-m3,dire_top1_nw_ratio,aligned,443,0.0005776162066496574,0.0007241186217099571,0.004883350125309572,0.9003152880686458
grid-2974337-m3,dire_top1_nw_ratio,nominal,440,0.0004928297166040007,0.0013646222758248033,0.005389530379445695,0.8511007603289454
grid-2975625-m1,radiant_nw_adv,aligned,343,-75.56559766763849,83.0,396.8,0.8987188198704369
grid-2975625-m1,radiant_nw_adv,nominal,340,-71.68823529411765,92.5,426.10000000000025,0.8945950026622924
grid-2975625-m1,radiant_nw,aligned,343,6.501457725947522,61.0,288.6000000000001,0.9994376085020804
grid-2975625-m1,radiant_nw,nominal,340,-93.18823529411765,135.0,341.0,0.999374713979324
grid-2975625-m1,dire_nw,aligned,343,82.067055393586,110.0,360.0,0.9994818575008957
grid-2975625-m1,dire_nw,nominal,340,-21.5,128.0,295.20000000000005,0.9994771633685219
grid-2975625-m1,radiant_xp_adv,aligned,343,-0.23323615160349853,0.0,780.0,0.9085288081065244
grid-2975625-m1,radiant_xp_adv,nominal,340,6.352941176470588,0.0,862.0000000000005,0.8904995224950695
grid-2975625-m1,deaths_radiant,aligned,343,0.01749271137026239,0.0,0.0,0.9988546143675483
grid-2975625-m1,deaths_radiant,nominal,340,-0.03529411764705882,0.0,0.0,0.9976958384330021
grid-2975625-m1,deaths_dire,aligned,343,-0.0029154518950437317,0.0,0.0,0.9979911615656056
grid-2975625-m1,deaths_dire,nominal,340,-0.026470588235294117,0.0,0.0,0.9940226968619468
grid-2975625-m1,top1_nw_adv,aligned,343,-45.61516034985423,10.0,300.0,0.7972652765789566
grid-2975625-m1,top1_nw_adv,nominal,340,-51.45,40.0,300.0,0.7856251428177212
grid-2975625-m1,radiant_top1_nw_ratio,aligned,343,0.0015027035243757824,0.003987748448148143,0.010576620276638044,0.9229974720902341
grid-2975625-m1,radiant_top1_nw_ratio,nominal,340,0.000835327622230398,0.004590382869523096,0.011730571670753316,0.9002363114287241
grid-2975625-m1,dire_top1_nw_ratio,aligned,343,0.0027241767328935085,0.0036156453793388943,0.010941266696456276,0.7724184164260942
grid-2975625-m1,dire_top1_nw_ratio,nominal,340,0.002636482510444423,0.004244507906451908,0.011566835287137561,0.7720565763130977
grid-2975625-m2,radiant_nw_adv,aligned,422,95.32464454976304,83.0,321.20000000000095,0.9680864415773173
grid-2975625-m2,radiant_nw_adv,nominal,422,110.66824644549763,91.5,281.00000000000034,0.9663418233685005
grid-2975625-m2,radiant_nw,aligned,422,-6.341232227488152,100.0,432.90000000000003,0.9991203944570121
grid-2975625-m2,radiant_nw,nominal,422,-63.34123222748815,69.0,493.80000000000007,0.9990670621291047
grid-2975625-m2,dire_nw,aligned,422,-101.66587677725119,75.0,544.8000000000001,0.9991923414243161
grid-2975625-m2,dire_nw,nominal,422,-174.00947867298578,83.0,625.7,0.9991680866222964
grid-2975625-m2,radiant_xp_adv,aligned,422,10.14218009478673,0.0,480.0,0.9739786554449192
grid-2975625-m2,radiant_xp_adv,nominal,422,45.07109004739336,0.0,778.0000000000007,0.9541570450820739
grid-2975625-m2,deaths_radiant,aligned,422,0.002369668246445498,0.0,0.0,0.998613771613348
grid-2975625-m2,deaths_radiant,nominal,422,-0.035545023696682464,0.0,0.0,0.9971951443320648
grid-2975625-m2,deaths_dire,aligned,422,0.0,0.0,0.0,0.9974880451045113
grid-2975625-m2,deaths_dire,nominal,422,-0.016587677725118485,0.0,0.0,0.9957013696838647
grid-2975625-m2,top1_nw_adv,aligned,422,-0.04265402843601896,38.0,279.0,0.832271861954384
grid-2975625-m2,top1_nw_adv,nominal,422,5.225118483412322,48.0,252.0,0.8298779898869916
grid-2975625-m2,radiant_top1_nw_ratio,aligned,422,-0.0010613537137099116,0.0023829292706395583,0.008545708507367711,0.7498104059992998
grid-2975625-m2,radiant_top1_nw_ratio,nominal,422,-0.001017238194864477,0.0024323719740530353,0.008555503953550814,0.7402801444688544
grid-2975625-m2,dire_top1_nw_ratio,aligned,422,0.00027450803123121035,0.0016378455471071224,0.006929091823228074,0.7204362520049901
grid-2975625-m2,dire_top1_nw_ratio,nominal,422,0.00020011999616763914,0.0017565110586020977,0.007501525010867706,0.7050395271763797
grid-2975625-m3,radiant_nw_adv,aligned,409,91.25427872860635,153.0,291.0,0.9579290558057565
grid-2975625-m3,radiant_nw_adv,nominal,408,98.79166666666667,151.0,349.7000000000001,0.942605638366794
grid-2975625-m3,radiant_nw,aligned,409,145.66748166259168,98.0,504.0,0.99962242468201
grid-2975625-m3,radiant_nw,nominal,408,81.94362745098039,69.0,453.90000000000003,0.9995305330813657
grid-2975625-m3,dire_nw,aligned,409,54.41320293398533,135.0,265.0,0.9997055154346923
grid-2975625-m3,dire_nw,nominal,408,-16.848039215686274,156.0,254.60000000000002,0.9996814068837283
grid-2975625-m3,radiant_xp_adv,aligned,409,-7.188264058679707,0.0,680.0,0.9580319945531729
grid-2975625-m3,radiant_xp_adv,nominal,408,4.509803921568627,0.0,680.0,0.9528983789245055
grid-2975625-m3,deaths_radiant,aligned,409,0.0024449877750611247,0.0,0.0,0.999314388517783
grid-2975625-m3,deaths_radiant,nominal,408,-0.03431372549019608,0.0,0.0,0.9986762986726383
grid-2975625-m3,deaths_dire,aligned,409,-0.012224938875305624,0.0,0.0,0.9989801089531163
grid-2975625-m3,deaths_dire,nominal,408,-0.041666666666666664,0.0,0.0,0.9966220380343744
grid-2975625-m3,top1_nw_adv,aligned,409,3.858190709046455,25.0,94.0,0.9335882998880206
grid-2975625-m3,top1_nw_adv,nominal,408,4.448529411764706,30.0,108.20000000000005,0.9025064333213713
grid-2975625-m3,radiant_top1_nw_ratio,aligned,409,-0.0019571457987823376,0.002388453869843349,0.006393707547092197,0.9095005684482763
grid-2975625-m3,radiant_top1_nw_ratio,nominal,408,-0.002194425104078026,0.002374411192494444,0.006565335877553738,0.8912691113567727
grid-2975625-m3,dire_top1_nw_ratio,aligned,409,-0.0004341898768345881,0.002507704092615498,0.006116102958707431,0.9189359371509519
grid-2975625-m3,dire_top1_nw_ratio,nominal,408,-0.0005517120047001983,0.002483640477688176,0.0061797022708658415,0.9167166938687231
grid-2975625-m4,radiant_nw_adv,aligned,512,-74.4140625,55.0,295.0,0.9485669749303931
grid-2975625-m4,radiant_nw_adv,nominal,510,-65.67647058823529,59.0,337.1,0.9396346250703178
grid-2975625-m4,radiant_nw,aligned,512,-61.904296875,51.0,259.0,0.999796780968289
grid-2975625-m4,radiant_nw,nominal,510,-114.11176470588235,110.0,289.0,0.9997417850899686
grid-2975625-m4,dire_nw,aligned,512,12.509765625,79.0,260.0,0.9994552242472323
grid-2975625-m4,dire_nw,nominal,510,-48.43529411764706,101.0,267.4000000000001,0.9994201090523129
grid-2975625-m4,radiant_xp_adv,aligned,512,8.515625,0.0,580.0,0.9377199525784411
grid-2975625-m4,radiant_xp_adv,nominal,510,13.411764705882353,0.0,680.0,0.9201671561190249
grid-2975625-m4,deaths_radiant,aligned,512,0.0,0.0,0.0,0.9986086629935846
grid-2975625-m4,deaths_radiant,nominal,510,-0.025490196078431372,0.0,0.0,0.9967875741592842
grid-2975625-m4,deaths_dire,aligned,512,-0.00390625,0.0,0.0,0.9981771317025909
grid-2975625-m4,deaths_dire,nominal,510,-0.011764705882352941,0.0,0.0,0.9945521105876161
grid-2975625-m4,top1_nw_adv,aligned,512,-16.076171875,0.0,36.0,0.8321552895845579
grid-2975625-m4,top1_nw_adv,nominal,510,-15.129411764705882,7.0,65.0,0.8135339412778094
grid-2975625-m4,radiant_top1_nw_ratio,aligned,512,0.0008757555870251548,0.0010278547268946364,0.003657380006302192,0.9352180249367238
grid-2975625-m4,radiant_top1_nw_ratio,nominal,510,0.0007529630929089757,0.0016281796554784705,0.006121221896483333,0.9055723941003749
grid-2975625-m4,dire_top1_nw_ratio,aligned,512,0.00041379513883992676,0.0016942362072729505,0.0034364170380484873,0.8263453512132045
grid-2975625-m4,dire_top1_nw_ratio,nominal,510,0.00034184582781165485,0.0018834018949538262,0.004610073177252808,0.8072416300604475
grid-2975625-m5,radiant_nw_adv,aligned,422,-73.46682464454976,45.0,315.0,0.964682777195522
grid-2975625-m5,radiant_nw_adv,nominal,423,-88.50827423167848,64.0,417.2000000000002,0.962388450715056
grid-2975625-m5,radiant_nw,aligned,422,38.943127962085306,104.0,280.0,0.999545086299088
grid-2975625-m5,radiant_nw,nominal,423,120.73758865248227,137.0,328.6,0.9995957273505949
grid-2975625-m5,dire_nw,aligned,422,112.40995260663507,119.0,563.9000000000001,0.9987023769540123
grid-2975625-m5,dire_nw,nominal,423,209.24586288416074,141.0,637.0,0.9986295679065003
grid-2975625-m5,radiant_xp_adv,aligned,422,-37.58293838862559,0.0,880.0,0.967382510676552
grid-2975625-m5,radiant_xp_adv,nominal,423,-37.35224586288416,0.0,1080.0,0.9396898132113083
grid-2975625-m5,deaths_radiant,aligned,422,0.004739336492890996,0.0,0.0,0.9997096082681901
grid-2975625-m5,deaths_radiant,nominal,423,0.04491725768321513,0.0,0.0,0.996797417230883
grid-2975625-m5,deaths_dire,aligned,422,-0.02132701421800948,0.0,0.0,0.9881935291758506
grid-2975625-m5,deaths_dire,nominal,423,-0.002364066193853428,0.0,0.0,0.9929307534121758
grid-2975625-m5,top1_nw_adv,aligned,422,-37.58293838862559,10.0,121.0,0.8096251249806478
grid-2975625-m5,top1_nw_adv,nominal,423,-39.565011820330966,13.0,130.0,0.8138772086502181
grid-2975625-m5,radiant_top1_nw_ratio,aligned,422,-0.0016351801853630092,0.001709072147057053,0.007289769123800711,0.8566244455017248
grid-2975625-m5,radiant_top1_nw_ratio,nominal,423,-0.0014529385701590283,0.0018548335116286008,0.005969585428410902,0.8997448156120101
grid-2975625-m5,dire_top1_nw_ratio,aligned,422,0.00011436251941985398,0.0012186055809648155,0.007789406930378085,0.6280048769368302
grid-2975625-m5,dire_top1_nw_ratio,nominal,423,0.00020616789381017948,0.0013103993285877302,0.007498428302548061,0.6506664806777701
grid-2975627-m1,radiant_nw_adv,aligned,399,-55.22055137844612,115.0,352.2,0.9115884683247347
grid-2975627-m1,radiant_nw_adv,nominal,398,-61.82914572864322,127.5,390.6,0.912061987258166
grid-2975627-m1,radiant_nw,aligned,399,6.102756892230577,61.0,270.0,0.9995972039928748
grid-2975627-m1,radiant_nw,nominal,398,-88.33417085427136,129.0,357.0,0.9995934492181504
grid-2975627-m1,dire_nw,aligned,399,61.32330827067669,102.0,386.3999999999999,0.9993548483500262
grid-2975627-m1,dire_nw,nominal,398,-26.50502512562814,150.0,346.0,0.9993700131868204
grid-2975627-m1,radiant_xp_adv,aligned,399,7.719298245614035,0.0,699.9999999999989,0.9272264142690184
grid-2975627-m1,radiant_xp_adv,nominal,398,-24.522613065326635,0.0,780.0,0.8944249974031575
grid-2975627-m1,deaths_radiant,aligned,399,0.007518796992481203,0.0,0.0,0.997411771385132
grid-2975627-m1,deaths_radiant,nominal,398,-0.010050251256281407,0.0,0.0,0.996559758359948
grid-2975627-m1,deaths_dire,aligned,399,0.005012531328320802,0.0,0.0,0.9957432883737749
grid-2975627-m1,deaths_dire,nominal,398,-0.007537688442211055,0.0,0.0,0.993605278160467
grid-2975627-m1,top1_nw_adv,aligned,399,-29.904761904761905,50.0,305.0,0.558144027491392
grid-2975627-m1,top1_nw_adv,nominal,398,-33.947236180904525,51.0,306.0,0.5640513600338684
grid-2975627-m1,radiant_top1_nw_ratio,aligned,399,0.0016965316128249072,0.002312539134751157,0.006108373622273983,0.8242964312848473
grid-2975627-m1,radiant_top1_nw_ratio,nominal,398,0.0014984708427185822,0.0027763571357874994,0.008006235239222741,0.7916647582002491
grid-2975627-m1,dire_top1_nw_ratio,aligned,399,0.0025823645984812643,0.00454384113181025,0.012782874131232164,0.4485209636849063
grid-2975627-m1,dire_top1_nw_ratio,nominal,398,0.0023800001638933956,0.004465990196892297,0.012765957446808501,0.4284807790746595
grid-2975627-m2,radiant_nw_adv,aligned,424,-21.455188679245282,84.0,223.39999999999998,0.8824611263378418
grid-2975627-m2,radiant_nw_adv,nominal,339,-11.749262536873156,92.0,252.79999999999995,0.889428287877267
grid-2975627-m2,radiant_nw,aligned,424,-56.030660377358494,60.0,215.09999999999997,0.9997581298725469
grid-2975627-m2,radiant_nw,nominal,339,-119.9410029498525,106.0,259.0,0.9997016430072749
grid-2975627-m2,dire_nw,aligned,424,-34.575471698113205,73.0,491.6999999999999,0.9991698364408517
grid-2975627-m2,dire_nw,nominal,339,-108.19174041297936,111.0,461.99999999999943,0.9992491093664321
grid-2975627-m2,radiant_xp_adv,aligned,424,40.801886792452834,0.0,749.9999999999989,0.9166438799766345
grid-2975627-m2,radiant_xp_adv,nominal,339,25.250737463126843,0.0,680.0,0.9251403649427634
grid-2975627-m2,deaths_radiant,aligned,424,0.0023584905660377358,0.0,0.0,0.9984909856662142
grid-2975627-m2,deaths_radiant,nominal,339,-0.0029498525073746312,0.0,0.0,0.9981094136176516
grid-2975627-m2,deaths_dire,aligned,424,0.0047169811320754715,0.0,0.0,0.9951370277241618
grid-2975627-m2,deaths_dire,nominal,339,-0.0058997050147492625,0.0,0.0,0.9939249279659562
grid-2975627-m2,top1_nw_adv,aligned,424,9.044811320754716,19.0,204.0,0.7199783155229914
grid-2975627-m2,top1_nw_adv,nominal,339,14.368731563421829,24.0,199.19999999999993,0.7596704300637881
grid-2975627-m2,radiant_top1_nw_ratio,aligned,424,-0.0009394355784252357,0.0010455151528483558,0.005412472939987444,0.9155215277245049
grid-2975627-m2,radiant_top1_nw_ratio,nominal,339,-0.0010822296221209985,0.0016786775368759776,0.0056530512239826025,0.865949572923437
grid-2975627-m2,dire_top1_nw_ratio,aligned,424,-0.0016824418626661018,0.0017747833297389326,0.008058847355038617,0.6554036815946539
grid-2975627-m2,dire_top1_nw_ratio,nominal,339,-0.0018054652318514547,0.001921981650297444,0.008249554498195283,0.6757829364981844
grid-2975627-m3,radiant_nw_adv,aligned,354,7.008474576271187,94.0,263.0,0.9120858585281234
grid-2975627-m3,radiant_nw_adv,nominal,354,10.025423728813559,85.0,283.0,0.8977983028779646
grid-2975627-m3,radiant_nw,aligned,354,-73.87288135593221,80.5,235.0,0.9998541816499278
grid-2975627-m3,radiant_nw,nominal,354,-126.48870056497175,120.0,282.4,0.9998284530895045
grid-2975627-m3,dire_nw,aligned,354,-80.88135593220339,91.0,309.09999999999997,0.9995382913134314
grid-2975627-m3,dire_nw,nominal,354,-136.5141242937853,125.5,361.49999999999994,0.9994830285915168
grid-2975627-m3,radiant_xp_adv,aligned,354,-7.4576271186440675,0.0,580.0,0.9403389304071526
grid-2975627-m3,radiant_xp_adv,nominal,354,-9.152542372881356,0.0,780.0,0.9004348629506331
grid-2975627-m3,deaths_radiant,aligned,354,-0.005649717514124294,0.0,0.0,0.9963506994694581
grid-2975627-m3,deaths_radiant,nominal,354,-0.01977401129943503,0.0,0.0,0.9876023481403231
grid-2975627-m3,deaths_dire,aligned,354,0.0,0.0,0.0,0.9999999999999999
grid-2975627-m3,deaths_dire,nominal,354,-0.005649717514124294,0.0,0.0,0.9947750168622536
grid-2975627-m3,top1_nw_adv,aligned,354,-16.056497175141242,5.0,80.0,0.6563249381364838
grid-2975627-m3,top1_nw_adv,nominal,354,-13.375706214689265,19.0,85.0,0.6282247860344051
grid-2975627-m3,radiant_top1_nw_ratio,aligned,354,-0.0003026344184026548,0.0007949326770160109,0.004751062787211699,0.9055916842498264
grid-2975627-m3,radiant_top1_nw_ratio,nominal,354,-0.00039744500090551564,0.0014323615564151015,0.004776453299403097,0.8698959539498059
grid-2975627-m3,dire_top1_nw_ratio,aligned,354,0.0011778270709948686,0.0018994325062974965,0.004612749218302767,0.6765910039061249
grid-2975627-m3,dire_top1_nw_ratio,nominal,354,0.0008369612990643859,0.0019546068462338723,0.006569589686716683,0.6341029154316037
grid-2975627-m4,radiant_nw_adv,aligned,370,123.35945945945946,60.5,384.8000000000002,0.9526152774816438
grid-2975627-m4,radiant_nw_adv,nominal,369,140.17615176151762,100.0,591.9999999999999,0.9231835277141578
grid-2975627-m4,radiant_nw,aligned,370,8.95135135135135,52.5,300.0,0.9996576221083586
grid-2975627-m4,radiant_nw,nominal,369,-72.41192411924119,82.0,260.7999999999999,0.9996507664880205
grid-2975627-m4,dire_nw,aligned,370,-114.40810810810811,40.0,580.1,0.9996065430127757
grid-2975627-m4,dire_nw,nominal,369,-212.5880758807588,124.0,661.0,0.9994752958368237
grid-2975627-m4,radiant_xp_adv,aligned,370,-34.75675675675676,0.0,780.0,0.9415348041560584
grid-2975627-m4,radiant_xp_adv,nominal,369,-30.460704607046072,0.0,780.0,0.9438183059444798
grid-2975627-m4,deaths_radiant,aligned,370,-0.005405405405405406,0.0,0.0,0.9987647035968269
grid-2975627-m4,deaths_radiant,nominal,369,-0.05420054200542006,0.0,0.0,0.993495530860618
grid-2975627-m4,deaths_dire,aligned,370,0.005405405405405406,0.0,0.0,0.995380102579815
grid-2975627-m4,deaths_dire,nominal,369,-0.01084010840108401,0.0,0.0,0.9907857895321374
grid-2975627-m4,top1_nw_adv,aligned,370,21.17297297297297,6.0,205.0,0.9322350259701743
grid-2975627-m4,top1_nw_adv,nominal,369,31.712737127371273,26.0,262.2,0.9021502129603461
grid-2975627-m4,radiant_top1_nw_ratio,aligned,370,0.0012545824303121095,0.0010775183213150158,0.009688580096600456,0.8426791129502389
grid-2975627-m4,radiant_top1_nw_ratio,nominal,369,0.0010475397157379066,0.0014111700569338637,0.01218606494688377,0.8012708490124661
grid-2975627-m4,dire_top1_nw_ratio,aligned,370,0.0013361342394471558,0.000924855374091163,0.006093791127045799,0.9233094208278967
grid-2975627-m4,dire_top1_nw_ratio,nominal,369,0.0008449599866720103,0.001534455181953831,0.006891858842377974,0.8890391894924937
grid-2975628-m1,radiant_nw_adv,aligned,367,-52.71389645776567,84.0,291.40000000000003,0.9077873499441789
grid-2975628-m1,radiant_nw_adv,nominal,365,-45.79178082191781,89.0,343.0,0.8866157243512817
grid-2975628-m1,radiant_nw,aligned,367,42.68392370572207,100.0,278.80000000000007,0.999723284285608
grid-2975628-m1,radiant_nw,nominal,365,-40.76164383561644,142.0,259.0,0.9997197368282748
grid-2975628-m1,dire_nw,aligned,367,95.39782016348774,115.0,526.6000000000001,0.9994831786265315
grid-2975628-m1,dire_nw,nominal,365,5.03013698630137,152.0,460.0,0.9994379721703213
grid-2975628-m1,radiant_xp_adv,aligned,367,-1.0354223433242506,0.0,780.0,0.9382708824577536
grid-2975628-m1,radiant_xp_adv,nominal,365,9.58904109589041,0.0,780.0,0.925874058992095
grid-2975628-m1,deaths_radiant,aligned,367,0.008174386920980926,0.0,0.0,0.9986249436563654
grid-2975628-m1,deaths_radiant,nominal,365,-0.030136986301369864,0.0,0.0,0.9970091966787192
grid-2975628-m1,deaths_dire,aligned,367,0.005449591280653951,0.0,0.0,0.9979890375890178
grid-2975628-m1,deaths_dire,nominal,365,-0.019178082191780823,0.0,0.0,0.996505060006863
grid-2975628-m1,top1_nw_adv,aligned,367,-19.975476839237057,14.0,290.0,0.6953214494122572
grid-2975628-m1,top1_nw_adv,nominal,365,-19.624657534246577,40.0,265.0,0.6988202837566806
grid-2975628-m1,radiant_top1_nw_ratio,aligned,367,0.001469695986777262,0.001619202186277452,0.01004931541176681,0.8954089363866988
grid-2975628-m1,radiant_top1_nw_ratio,nominal,365,0.001163229527163825,0.002050617340692451,0.01061495434201001,0.8786219833322251
grid-2975628-m1,dire_top1_nw_ratio,aligned,367,0.0026343398560659784,0.006046682382038093,0.009555000594592617,0.6972268696207395
grid-2975628-m1,dire_top1_nw_ratio,nominal,365,0.0023161388228923317,0.005929556714866668,0.010368001726377174,0.7140271722339999
grid-2975628-m2,radiant_nw_adv,aligned,377,-54.92838196286472,115.0,312.2000000000003,0.8708819004286609
grid-2975628-m2,radiant_nw_adv,nominal,376,-64.06914893617021,134.5,307.0,0.8632499816016255
grid-2975628-m2,radiant_nw,aligned,377,-60.9973474801061,135.0,312.60000000000014,0.9996680010170561
grid-2975628-m2,radiant_nw,nominal,376,-124.94148936170212,176.0,358.0,0.9996287549959179
grid-2975628-m2,dire_nw,aligned,377,-6.068965517241379,99.0,226.4000000000002,0.9998209729829146
grid-2975628-m2,dire_nw,nominal,376,-60.87234042553192,84.0,275.5,0.9998085298774405
grid-2975628-m2,radiant_xp_adv,aligned,377,5.623342175066313,0.0,680.0,0.926496266167236
grid-2975628-m2,radiant_xp_adv,nominal,376,17.180851063829788,0.0,580.0,0.929821862100433
grid-2975628-m2,deaths_radiant,aligned,377,0.007957559681697613,0.0,0.0,0.9963763709768553
grid-2975628-m2,deaths_radiant,nominal,376,-0.007978723404255319,0.0,0.0,0.9962549269419556
grid-2975628-m2,deaths_dire,aligned,377,0.002652519893899204,0.0,0.0,0.9973874543387539
grid-2975628-m2,deaths_dire,nominal,376,-0.018617021276595744,0.0,0.0,0.9939881864699102
grid-2975628-m2,top1_nw_adv,aligned,377,51.53846153846154,40.0,211.4000000000002,0.9780679598630198
grid-2975628-m2,top1_nw_adv,nominal,376,45.952127659574465,40.0,200.0,0.98120595405024
grid-2975628-m2,radiant_top1_nw_ratio,aligned,377,0.0018272911946786991,0.0030671016848599075,0.006320560848387287,0.9740372768520406
grid-2975628-m2,radiant_top1_nw_ratio,nominal,376,0.0014877933004458959,0.0031092328540026637,0.0061064909134025125,0.9724418554647244
grid-2975628-m2,dire_top1_nw_ratio,aligned,377,-0.0024802694047004643,0.002308848531824753,0.00943611077187,0.9500089479041445
grid-2975628-m2,dire_top1_nw_ratio,nominal,376,-0.002740776078468224,0.002424152809043262,0.010201016889859527,0.9330974934925311
grid-2975628-m3,radiant_nw_adv,aligned,362,128.3646408839779,60.0,493.60000000000014,0.9609320158762462
grid-2975628-m3,radiant_nw_adv,nominal,360,138.52777777777777,77.0,501.60000000000014,0.9512117126975357
grid-2975628-m3,radiant_nw,aligned,362,23.37845303867403,72.5,260.0,0.9997733928510664
grid-2975628-m3,radiant_nw,nominal,360,-35.475,125.0,248.10000000000002,0.9997537285204545
grid-2975628-m3,dire_nw,aligned,362,-104.98618784530387,81.0,250.0,0.999881762822012
grid-2975628-m3,dire_nw,nominal,360,-174.00277777777777,138.5,315.20000000000005,0.9998588816962799
grid-2975628-m3,radiant_xp_adv,aligned,362,17.12707182320442,0.0,680.0,0.9716184232329234
grid-2975628-m3,radiant_xp_adv,nominal,360,38.72222222222222,0.0,780.0,0.9572544730812877
grid-2975628-m3,deaths_radiant,aligned,362,0.0027624309392265192,0.0,0.0,0.9982223319960151
grid-2975628-m3,deaths_radiant,nominal,360,-0.022222222222222223,0.0,0.0,0.9971659021958968
grid-2975628-m3,deaths_dire,aligned,362,0.0,0.0,0.0,0.9982306667201599
grid-2975628-m3,deaths_dire,nominal,360,-0.025,0.0,0.0,0.996081710523666
grid-2975628-m3,top1_nw_adv,aligned,362,41.23756906077348,5.5,158.90000000000003,0.9732308901857177
grid-2975628-m3,top1_nw_adv,nominal,360,51.772222222222226,22.5,247.0,0.9623181033108427
grid-2975628-m3,radiant_top1_nw_ratio,aligned,362,0.00011371412966928447,0.0021162525988951963,0.005441224139908552,0.9652325595992317
grid-2975628-m3,radiant_top1_nw_ratio,nominal,360,0.00024271608686656933,0.0024678931282313826,0.006005933267848834,0.950950689093494
grid-2975628-m3,dire_top1_nw_ratio,aligned,362,-9.886109559247236e-05,0.0015174564847428296,0.00856724518982106,0.9598442945379895
grid-2975628-m3,dire_top1_nw_ratio,nominal,360,-0.0006172195981705296,0.002367182349312935,0.009098217371432422,0.9245212324521271
grid-2975628-m4,radiant_nw_adv,aligned,469,15.656716417910447,58.0,225.0,0.9731756454164954
grid-2975628-m4,radiant_nw_adv,nominal,466,29.246781115879827,74.0,259.5,0.9521145152016595
grid-2975628-m4,radiant_nw,aligned,469,121.75053304904051,66.0,334.2,0.9997188446959332
grid-2975628-m4,radiant_nw,nominal,466,41.92489270386266,54.0,298.5,0.9996473309746041
grid-2975628-m4,dire_nw,aligned,469,106.09381663113007,50.0,539.0,0.9996771088411718
grid-2975628-m4,dire_nw,nominal,466,12.678111587982833,96.0,449.0,0.9996030282025206
grid-2975628-m4,radiant_xp_adv,aligned,469,8.315565031982942,0.0,580.0,0.9541371247486381
grid-2975628-m4,radiant_xp_adv,nominal,466,16.48068669527897,0.0,780.0,0.9176228642650313
grid-2975628-m4,deaths_radiant,aligned,469,0.0021321961620469083,0.0,0.0,0.9987325235071239
grid-2975628-m4,deaths_radiant,nominal,466,-0.034334763948497854,0.0,0.0,0.9960875040140095
grid-2975628-m4,deaths_dire,aligned,469,0.0,0.0,0.0,1.0
grid-2975628-m4,deaths_dire,nominal,466,-0.006437768240343348,0.0,0.0,0.9870272601392494
grid-2975628-m4,top1_nw_adv,aligned,469,-0.9125799573560768,50.0,240.0,0.6930715877912353
grid-2975628-m4,top1_nw_adv,nominal,466,-0.4334763948497854,50.0,235.0,0.6602074580427952
grid-2975628-m4,radiant_top1_nw_ratio,aligned,469,0.00013562320736404848,0.0011856604826335493,0.004472830574491215,0.7804523590895733
grid-2975628-m4,radiant_top1_nw_ratio,nominal,466,-3.609033050088579e-05,0.00122939707341449,0.004956563305781078,0.7112806300636836
grid-2975628-m4,dire_top1_nw_ratio,aligned,469,0.0007024858897921343,0.0012284768981526972,0.008633717685155723,0.7727297453060561
grid-2975628-m4,dire_top1_nw_ratio,nominal,466,0.0007134532414799434,0.0020116679660259207,0.00970004408934437,0.7398079020376432
grid-2975628-m5,radiant_nw_adv,aligned,328,-104.5640243902439,95.0,367.6,0.9484898955761817
grid-2975628-m5,radiant_nw_adv,nominal,326,-98.45705521472392,91.0,370.0,0.9385722844337973
grid-2975628-m5,radiant_nw,aligned,328,-24.567073170731707,52.5,259.3000000000001,0.9990732482823771
grid-2975628-m5,radiant_nw,nominal,326,-74.920245398773,81.5,323.0,0.9989994886953106
grid-2975628-m5,dire_nw,aligned,328,79.9969512195122,85.0,339.0,0.999622420772169
grid-2975628-m5,dire_nw,nominal,326,23.53680981595092,69.0,328.5,0.9996189407657129
grid-2975628-m5,radiant_xp_adv,aligned,328,-2.6219512195121952,0.0,680.0,0.9186514375298489
grid-2975628-m5,radiant_xp_adv,nominal,326,4.171779141104294,0.0,680.0,0.9103525058464577
grid-2975628-m5,deaths_radiant,aligned,328,0.0,0.0,0.0,0.9971433757076383
grid-2975628-m5,deaths_radiant,nominal,326,-0.015337423312883436,0.0,0.0,0.9976356346616774
grid-2975628-m5,deaths_dire,aligned,328,-0.006097560975609756,0.0,0.0,0.9980300127462003
grid-2975628-m5,deaths_dire,nominal,326,-0.015337423312883436,0.0,0.0,0.9950869567242947
grid-2975628-m5,top1_nw_adv,aligned,328,-45.15853658536585,45.5,138.0,0.9519923544963045
grid-2975628-m5,top1_nw_adv,nominal,326,-43.736196319018404,51.5,138.0,0.9432132789559473
grid-2975628-m5,radiant_top1_nw_ratio,aligned,328,-0.001282290214222336,0.0021970980762088255,0.008061493161375508,0.8778370324281279
grid-2975628-m5,radiant_top1_nw_ratio,nominal,326,-0.0014291339637680601,0.002487610333098758,0.008115373179529178,0.857501355454439
grid-2975628-m5,dire_top1_nw_ratio,aligned,328,-0.0005764260345762306,0.0025809172425424465,0.004302736873759219,0.9146302065225147
grid-2975628-m5,dire_top1_nw_ratio,nominal,326,-0.0006517968031566073,0.0024360646523366863,0.0049409297892277215,0.9130142289081599
grid-2975629-m1,radiant_nw_adv,aligned,349,49.77650429799427,86.0,310.0,0.9897108419098801
grid-2975629-m1,radiant_nw_adv,nominal,349,21.418338108882523,100.0,333.2,0.9886342153730826
grid-2975629-m1,radiant_nw,aligned,349,52.73352435530086,160.0,267.2,0.9995282623187309
grid-2975629-m1,radiant_nw,nominal,349,-31.32378223495702,161.0,278.4,0.9994669733709608
grid-2975629-m1,dire_nw,aligned,349,2.95702005730659,74.0,163.59999999999997,0.9997381020042241
grid-2975629-m1,dire_nw,nominal,349,-52.74212034383954,90.0,232.0,0.9997079340439365
grid-2975629-m1,radiant_xp_adv,aligned,349,2.464183381088825,0.0,580.0,0.985881465211002
grid-2975629-m1,radiant_xp_adv,nominal,349,-24.92836676217765,0.0,880.0,0.9713746650080732
grid-2975629-m1,deaths_radiant,aligned,349,0.0028653295128939827,0.0,0.0,0.999015524770171
grid-2975629-m1,deaths_radiant,nominal,349,-0.011461318051575931,0.0,0.0,0.9960888176132078
grid-2975629-m1,deaths_dire,aligned,349,0.0,0.0,0.0,0.9994929721803489
grid-2975629-m1,deaths_dire,nominal,349,-0.07449856733524356,0.0,0.0,0.9981308765642605
grid-2975629-m1,top1_nw_adv,aligned,349,107.45272206303724,44.0,306.0,0.9514666425482246
grid-2975629-m1,top1_nw_adv,nominal,349,97.07736389684814,66.0,306.0,0.9510864117944127
grid-2975629-m1,radiant_top1_nw_ratio,aligned,349,0.005054740335818559,0.0051960349403556705,0.011406010983438871,0.916545582577767
grid-2975629-m1,radiant_top1_nw_ratio,nominal,349,0.004813083518640565,0.00557867126465858,0.012004318963581794,0.9163301173695151
grid-2975629-m1,dire_top1_nw_ratio,aligned,349,0.0005379346582698771,0.001485242011548149,0.008388500442368356,0.8219877350882762
grid-2975629-m1,dire_top1_nw_ratio,nominal,349,0.000400460577206383,0.0014756527293736943,0.008626340520853237,0.7987633885599822
grid-2975629-m2,radiant_nw_adv,aligned,387,152.27131782945736,112.0,410.0,0.9799485915558533
grid-2975629-m2,radiant_nw_adv,nominal,385,136.94025974025973,131.0,414.6,0.9744243729531611
grid-2975629-m2,radiant_nw,aligned,387,132.80878552971575,70.0,599.4000000000001,0.999392611582874
grid-2975629-m2,radiant_nw,nominal,385,41.75584415584416,70.0,484.6000000000005,0.9993467783496154
grid-2975629-m2,dire_nw,aligned,387,-19.462532299741603,80.0,331.40000000000003,0.9992711321327352
grid-2975629-m2,dire_nw,nominal,385,-95.18441558441559,134.0,397.0,0.9992669299240152
grid-2975629-m2,radiant_xp_adv,aligned,387,11.421188630490956,0.0,580.0,0.9430687639542883
grid-2975629-m2,radiant_xp_adv,nominal,385,-5.090909090909091,0.0,780.0,0.9151130089083346
grid-2975629-m2,deaths_radiant,aligned,387,-0.002583979328165375,0.0,0.0,0.9967569107794881
grid-2975629-m2,deaths_radiant,nominal,385,-0.01818181818181818,0.0,0.0,0.9924939002799901
grid-2975629-m2,deaths_dire,aligned,387,0.007751937984496124,0.0,0.0,0.9994473582330348
grid-2975629-m2,deaths_dire,nominal,385,-0.02857142857142857,0.0,0.0,0.9979882264187298
grid-2975629-m2,top1_nw_adv,aligned,387,44.88113695090439,60.0,105.0,0.9755555616470105
grid-2975629-m2,top1_nw_adv,nominal,385,39.77142857142857,55.0,127.20000000000005,0.9723250921012576
grid-2975629-m2,radiant_top1_nw_ratio,aligned,387,0.0010358081620949087,0.003702390294325675,0.006255961068291738,0.9712310444994271
grid-2975629-m2,radiant_top1_nw_ratio,nominal,385,0.0008971212598531633,0.0034458910598311188,0.006979268156052854,0.9697135624879061
grid-2975629-m2,dire_top1_nw_ratio,aligned,387,0.0003510409867993216,0.0022844672432445756,0.004894678922047864,0.8447649870801345
grid-2975629-m2,dire_top1_nw_ratio,nominal,385,0.0002903931943126168,0.002558124832826747,0.00591962123787525,0.8246474041241416
grid-2975629-m3,radiant_nw_adv,aligned,341,13.425219941348974,45.0,289.0,0.9598232074284905
grid-2975629-m3,radiant_nw_adv,nominal,340,21.08823529411765,60.5,376.1,0.9541061216786498
grid-2975629-m3,radiant_nw,aligned,341,-3.5190615835777126,45.0,249.0,0.9994509915130834
grid-2975629-m3,radiant_nw,nominal,340,-62.05,87.5,258.0,0.9993971156498709
grid-2975629-m3,dire_nw,aligned,341,-16.944281524926687,70.0,279.0,0.9997193944058397
grid-2975629-m3,dire_nw,nominal,340,-83.13823529411765,103.5,296.20000000000005,0.9996815441614096
grid-2975629-m3,radiant_xp_adv,aligned,341,18.12316715542522,0.0,680.0,0.926984862676067
grid-2975629-m3,radiant_xp_adv,nominal,340,18.41176470588235,0.0,680.0,0.9192435270576139
grid-2975629-m3,deaths_radiant,aligned,341,0.008797653958944282,0.0,0.0,0.9979430242785577
grid-2975629-m3,deaths_radiant,nominal,340,-0.020588235294117647,0.0,0.0,0.9952737384245778
grid-2975629-m3,deaths_dire,aligned,341,0.0,0.0,0.0,1.0
grid-2975629-m3,deaths_dire,nominal,340,-0.01764705882352941,0.0,0.0,0.9906520848003851
grid-2975629-m3,top1_nw_adv,aligned,341,-32.847507331378296,45.0,407.0,0.6230442288955547
grid-2975629-m3,top1_nw_adv,nominal,340,-29.264705882352942,45.0,398.8000000000002,0.616333026093139
grid-2975629-m3,radiant_top1_nw_ratio,aligned,341,-0.0005063353927117538,0.0031270125766316714,0.016204605318994897,0.5993447970101575
grid-2975629-m3,radiant_top1_nw_ratio,nominal,340,-0.0005383532251153439,0.003173480257168834,0.016149347578105457,0.5920794118344477
grid-2975629-m3,dire_top1_nw_ratio,aligned,341,0.00036529292571549197,0.0019625296222998134,0.004238513321766307,0.9526388479486277
grid-2975629-m3,dire_top1_nw_ratio,nominal,340,0.00019897251706150289,0.0021163653424683404,0.00475843959126903,0.9539757909668533
grid-2976630-m1,radiant_nw_adv,aligned,452,-185.93362831858408,92.0,614.9000000000001,0.9504769268959874
grid-2976630-m1,radiant_nw_adv,nominal,452,-180.8362831858407,132.0,597.9000000000001,0.9422332697615765
grid-2976630-m1,radiant_nw,aligned,452,66.15044247787611,79.0,260.0,0.9997535164762301
grid-2976630-m1,radiant_nw,nominal,452,-22.82079646017699,104.0,232.50000000000017,0.9996838880856878
grid-2976630-m1,dire_nw,aligned,452,252.08407079646017,145.0,820.0,0.9992785523662907
grid-2976630-m1,dire_nw,nominal,452,158.01548672566372,168.0,708.0,0.9992202125721724
grid-2976630-m1,radiant_xp_adv,aligned,452,9.601769911504425,0.0,578.0000000000007,0.9676640909578393
grid-2976630-m1,radiant_xp_adv,nominal,452,36.50442477876106,0.0,880.0,0.9287290209157523
grid-2976630-m1,deaths_radiant,aligned,452,0.0022123893805309734,0.0,0.0,0.9992186053132027
grid-2976630-m1,deaths_radiant,nominal,452,-0.0420353982300885,0.0,0.0,0.9971654911309815
grid-2976630-m1,deaths_dire,aligned,452,0.00663716814159292,0.0,0.0,0.9989708758266788
grid-2976630-m1,deaths_dire,nominal,452,-0.0420353982300885,0.0,0.0,0.997314308637722
grid-2976630-m1,top1_nw_adv,aligned,452,-5.845132743362832,7.0,97.0,0.9183494235766788
grid-2976630-m1,top1_nw_adv,nominal,452,-4.896017699115045,21.0,104.60000000000014,0.89689353702342
grid-2976630-m1,radiant_top1_nw_ratio,aligned,452,-0.0008250670966112894,0.001540233330830143,0.004271178648149232,0.9377061609990351
grid-2976630-m1,radiant_top1_nw_ratio,nominal,452,-0.000986993845270265,0.001986098561666566,0.004736538256195239,0.9035530743862624
grid-2976630-m1,dire_top1_nw_ratio,aligned,452,-0.00246449025167013,0.0036085801253068622,0.008978278057428542,0.8190965768589902
grid-2976630-m1,dire_top1_nw_ratio,nominal,452,-0.0024757806963924076,0.003466133923568135,0.00943958486331817,0.8425179869169208
grid-2976630-m2,radiant_nw_adv,aligned,350,137.18285714285713,103.5,615.2,0.9428531725160791
grid-2976630-m2,radiant_nw_adv,nominal,350,153.27714285714285,117.5,637.2000000000003,0.9172438959520929
grid-2976630-m2,radiant_nw,aligned,350,155.08285714285714,154.5,620.4000000000001,0.9997302683214182
grid-2976630-m2,radiant_nw,nominal,350,103.89428571428572,187.0,592.0,0.9996987847754882
grid-2976630-m2,dire_nw,aligned,350,17.9,44.0,204.10000000000002,0.999721204042912
grid-2976630-m2,dire_nw,nominal,350,-49.38285714285714,77.0,237.0,0.999503389795184
grid-2976630-m2,radiant_xp_adv,aligned,350,13.657142857142857,0.0,562.0000000000005,0.9365324913496771
grid-2976630-m2,radiant_xp_adv,nominal,350,21.428571428571427,0.0,760.0,0.9188830046066054
grid-2976630-m2,deaths_radiant,aligned,350,0.0,0.0,0.0,0.9983662520422558
grid-2976630-m2,deaths_radiant,nominal,350,-0.03428571428571429,0.0,0.0,0.9938403317150043
grid-2976630-m2,deaths_dire,aligned,350,0.002857142857142857,0.0,0.0,0.9992085496798019
grid-2976630-m2,deaths_dire,nominal,350,-0.014285714285714285,0.0,0.0,0.99609764430444
grid-2976630-m2,top1_nw_adv,aligned,350,36.628571428571426,60.0,161.5000000000001,0.9491193440424316
grid-2976630-m2,top1_nw_adv,nominal,350,41.0,53.5,170.0,0.9213867825520954
grid-2976630-m2,radiant_top1_nw_ratio,aligned,350,0.0009805255264833607,0.0035525083909311167,0.006505043710679098,0.8955743711780155
grid-2976630-m2,radiant_top1_nw_ratio,nominal,350,0.0009547611995138381,0.0035055033782556977,0.0066765554507069065,0.8927166372390323
grid-2976630-m2,dire_top1_nw_ratio,aligned,350,-5.523195552719216e-05,0.0016464098691549578,0.006784401516444929,0.8074291077356434
grid-2976630-m2,dire_top1_nw_ratio,nominal,350,2.2074596973540147e-06,0.0019491656467551938,0.007679646553498685,0.7491131124755266
grid-2976630-m3,radiant_nw_adv,aligned,370,-87.97837837837838,67.5,566.4000000000001,0.9325655713070535
grid-2976630-m3,radiant_nw_adv,nominal,369,-93.17615176151762,103.0,541.0,0.9327627728446357
grid-2976630-m3,radiant_nw,aligned,370,110.65405405405406,75.0,495.5000000000001,0.9996609044422513
grid-2976630-m3,radiant_nw,nominal,369,13.878048780487806,130.0,434.2,0.9996704824259586
grid-2976630-m3,dire_nw,aligned,370,198.63243243243244,85.5,595.0,0.9991157712087417
grid-2976630-m3,dire_nw,nominal,369,107.05420054200542,150.0,518.8,0.9991910556340073
grid-2976630-m3,radiant_xp_adv,aligned,370,17.56756756756757,0.0,790.0000000000023,0.8983882942095265
grid-2976630-m3,radiant_xp_adv,nominal,369,21.6260162601626,0.0,780.0,0.910177878755421
grid-2976630-m3,deaths_radiant,aligned,370,0.02972972972972973,0.0,0.0,0.9988814705499243
grid-2976630-m3,deaths_radiant,nominal,369,-0.03523035230352303,0.0,0.0,0.9986859004954862
grid-2976630-m3,deaths_dire,aligned,370,0.008108108108108109,0.0,0.0,0.9968858139281727
grid-2976630-m3,deaths_dire,nominal,369,-0.02710027100271003,0.0,0.0,0.995629806532009
grid-2976630-m3,top1_nw_adv,aligned,370,-58.30810810810811,55.0,285.1,0.9293565166981614
grid-2976630-m3,top1_nw_adv,nominal,369,-60.143631436314365,55.0,286.0,0.9176617315136716
grid-2976630-m3,radiant_top1_nw_ratio,aligned,370,-0.0014498347507845265,0.002196350800960964,0.0064012577180081,0.8630030077372172
grid-2976630-m3,radiant_top1_nw_ratio,nominal,369,-0.0015434826086011732,0.0022507518736346044,0.006430406541167987,0.8558679934056292
grid-2976630-m3,dire_top1_nw_ratio,aligned,370,-0.0005260460270816368,0.0030700346884354607,0.009130540569450252,0.8683265765345793
grid-2976630-m3,dire_top1_nw_ratio,nominal,369,-0.0006985450851873976,0.0033006121462809124,0.00946712843725464,0.9494906890113675
grid-2976631-m1,radiant_nw_adv,aligned,374,-71.45187165775401,50.0,525.0,0.9623716089464978
grid-2976631-m1,radiant_nw_adv,nominal,372,-74.34139784946237,80.5,520.0,0.9502996255550046
grid-2976631-m1,radiant_nw,aligned,374,-0.5828877005347594,79.5,300.0,0.9992860680485862
grid-2976631-m1,radiant_nw,nominal,372,-64.03225806451613,125.0,341.2000000000003,0.9991829558289277
grid-2976631-m1,dire_nw,aligned,374,70.86898395721926,100.0,371.9999999999999,0.999690597018222
grid-2976631-m1,dire_nw,nominal,372,10.309139784946236,141.0,347.90000000000106,0.9996630903273194
grid-2976631-m1,radiant_xp_adv,aligned,374,7.32620320855615,0.0,680.0,0.9241352039653534
grid-2976631-m1,radiant_xp_adv,nominal,372,-7.150537634408602,0.0,778.0000000000007,0.9295614072178324
grid-2976631-m1,deaths_radiant,aligned,374,-0.00267379679144385,0.0,0.0,0.9993134510444169
grid-2976631-m1,deaths_radiant,nominal,372,-0.021505376344086023,0.0,0.0,0.9945450085530873
grid-2976631-m1,deaths_dire,aligned,374,0.0106951871657754,0.0,0.0,0.9983110936319721
grid-2976631-m1,deaths_dire,nominal,372,-0.026881720430107527,0.0,0.0,0.9971658356845431
grid-2976631-m1,top1_nw_adv,aligned,374,-82.70588235294117,50.0,368.09999999999997,0.879848030872624
grid-2976631-m1,top1_nw_adv,nominal,372,-84.98387096774194,50.0,370.0,0.8675239432829872
grid-2976631-m1,radiant_top1_nw_ratio,aligned,374,0.0021448515641195862,0.001603763950974113,0.011954715426513019,0.9007896280162403
grid-2976631-m1,radiant_top1_nw_ratio,nominal,372,0.001870666246810799,0.0026033867160750734,0.01185672091885786,0.900798524601067
grid-2976631-m1,dire_top1_nw_ratio,aligned,374,0.004282555206941131,0.0038248943395722684,0.010903221354604519,0.8801805817103373
grid-2976631-m1,dire_top1_nw_ratio,nominal,372,0.00419449504223816,0.004338391004759565,0.011344684466026714,0.8599697138582855
grid-2976631-m2,radiant_nw_adv,aligned,423,45.66193853427896,68.0,432.40000000000003,0.9187449118912548
grid-2976631-m2,radiant_nw_adv,nominal,421,34.45368171021378,94.0,428.0,0.9195539857220317
grid-2976631-m2,radiant_nw,aligned,423,-43.198581560283685,89.0,426.0,0.9991901432098417
grid-2976631-m2,radiant_nw,nominal,421,-108.54869358669833,124.0,478.0,0.9992199263901606
grid-2976631-m2,dire_nw,aligned,423,-88.86052009456264,80.0,242.40000000000003,0.9996920027096533
grid-2976631-m2,dire_nw,nominal,421,-143.0023752969121,121.0,320.0,0.9996408639787033
grid-2976631-m2,radiant_xp_adv,aligned,423,-26.57210401891253,0.0,580.0,0.9731100761033635
grid-2976631-m2,radiant_xp_adv,nominal,421,-33.06413301662708,0.0,780.0,0.9617112347171644
grid-2976631-m2,deaths_radiant,aligned,423,-0.002364066193853428,0.0,0.0,0.9960020364322115
grid-2976631-m2,deaths_radiant,nominal,421,-0.009501187648456057,0.0,0.0,0.9839330863295904
grid-2976631-m2,deaths_dire,aligned,423,0.009456264775413711,0.0,0.0,0.9976472724116084
grid-2976631-m2,deaths_dire,nominal,421,-0.009501187648456057,0.0,0.0,0.9984072792518923
grid-2976631-m2,top1_nw_adv,aligned,423,-95.09219858156028,15.0,445.0,0.8260835586532579
grid-2976631-m2,top1_nw_adv,nominal,421,-96.76484560570071,28.0,445.0,0.8342888705959618
grid-2976631-m2,radiant_top1_nw_ratio,aligned,423,-0.004230310901954293,0.00348769161066223,0.016629485879936283,0.8692946038482945
grid-2976631-m2,radiant_top1_nw_ratio,nominal,421,-0.0045325453622821026,0.0036668657493073298,0.016229742513984874,0.8898771133725966
grid-2976631-m2,dire_top1_nw_ratio,aligned,423,0.00028195177246160993,0.001568802390166768,0.003260791344666733,0.9794536682605618
grid-2976631-m2,dire_top1_nw_ratio,nominal,421,0.0002230997044894925,0.0014599671361203992,0.003909740369286152,0.9776027215819618
grid-2976631-m3,radiant_nw_adv,aligned,358,8.058659217877095,50.0,286.20000000000005,0.9548146643794136
grid-2976631-m3,radiant_nw_adv,nominal,358,13.237430167597765,69.0,317.0,0.9463593503153416
grid-2976631-m3,radiant_nw,aligned,358,19.43016759776536,50.0,290.0,0.999466903646839
grid-2976631-m3,radiant_nw,nominal,358,-39.84357541899441,94.5,315.0,0.9994060226724581
grid-2976631-m3,dire_nw,aligned,358,11.371508379888269,91.0,290.0,0.9996412950962059
grid-2976631-m3,dire_nw,nominal,358,-53.08100558659218,134.0,276.20000000000005,0.9996472863056588
grid-2976631-m3,radiant_xp_adv,aligned,358,-5.810055865921788,0.0,410.00000000000114,0.9679896616345872
grid-2976631-m3,radiant_xp_adv,nominal,358,-9.608938547486034,0.0,680.0,0.9545793634779299
grid-2976631-m3,deaths_radiant,aligned,358,0.00558659217877095,0.0,0.0,0.9990394477374236
grid-2976631-m3,deaths_radiant,nominal,358,-0.030726256983240222,0.0,0.0,0.9982939541141491
grid-2976631-m3,deaths_dire,aligned,358,0.002793296089385475,0.0,0.0,0.9986496726880582
grid-2976631-m3,deaths_dire,nominal,358,-0.025139664804469275,0.0,0.0,0.9960534840325493
grid-2976631-m3,top1_nw_adv,aligned,358,-44.25977653631285,28.0,300.0,0.9041354881616435
grid-2976631-m3,top1_nw_adv,nominal,358,-38.86871508379888,50.0,299.0,0.9032832068288207
grid-2976631-m3,radiant_top1_nw_ratio,aligned,358,4.606973343940573e-05,0.0015546834897988832,0.004421081824151728,0.8591449169044485
grid-2976631-m3,radiant_top1_nw_ratio,nominal,358,-8.729614159897538e-05,0.001726024873018192,0.005229074543811127,0.8570737501680296
grid-2976631-m3,dire_top1_nw_ratio,aligned,358,0.0025613527150897663,0.0029244699867684576,0.011713728057779637,0.8867675914718685
grid-2976631-m3,dire_top1_nw_ratio,nominal,358,0.0020944539907799984,0.003698201794798739,0.011957418623465882,0.8748855878795019
grid-2976631-m4,radiant_nw_adv,aligned,674,-169.88575667655786,59.5,770.400000000001,0.758861541205261
grid-2976631-m4,radiant_nw_adv,nominal,672,-176.61607142857142,80.0,744.4999999999994,0.7231768360761636
grid-2976631-m4,radiant_nw,aligned,674,-145.87091988130564,55.0,598.8000000000002,0.9995660226516293
grid-2976631-m4,radiant_nw,nominal,672,-227.9985119047619,124.0,689.9,0.999494534700718
grid-2976631-m4,dire_nw,aligned,674,24.014836795252226,40.0,317.10000000000014,0.9996183498595959
grid-2976631-m4,dire_nw,nominal,672,-51.382440476190474,91.0,258.0999999999998,0.9995961964324824
grid-2976631-m4,radiant_xp_adv,aligned,674,-12.01780415430267,0.0,196.00000000001273,0.9608965242946423
grid-2976631-m4,radiant_xp_adv,nominal,672,-20.952380952380953,0.0,780.0,0.8968268372421553
grid-2976631-m4,deaths_radiant,aligned,674,0.001483679525222552,0.0,0.0,0.9990701033946997
grid-2976631-m4,deaths_radiant,nominal,672,-0.00744047619047619,0.0,0.0,0.9953603733919298
grid-2976631-m4,deaths_dire,aligned,674,0.001483679525222552,0.0,0.0,0.9986353878056532
grid-2976631-m4,deaths_dire,nominal,672,-0.00744047619047619,0.0,0.0,0.9931782493335162
grid-2976631-m4,top1_nw_adv,aligned,674,-29.50593471810089,23.0,170.4000000000001,0.9708617313937135
grid-2976631-m4,top1_nw_adv,nominal,672,-28.367559523809526,33.5,209.0,0.9609879008359387
grid-2976631-m4,radiant_top1_nw_ratio,aligned,674,0.0010803596435829288,0.0011595292137231428,0.006353124743704456,0.9600380710768436
grid-2976631-m4,radiant_top1_nw_ratio,nominal,672,0.000807521210819235,0.0017806661273040009,0.0073427882904854355,0.9421630497685202
grid-2976631-m4,dire_top1_nw_ratio,aligned,674,-0.0008000272832728132,0.0017926873863570725,0.006421705624164742,0.9799473983879703
grid-2976631-m4,dire_top1_nw_ratio,nominal,672,-0.0011336144265249887,0.0019757108932376144,0.007648106758748526,0.9741824417856768
grid-2976631-m5,radiant_nw_adv,aligned,323,-218.25077399380805,140.0,759.0,0.829210732439636
grid-2976631-m5,radiant_nw_adv,nominal,324,-211.37345679012347,153.0,739.7,0.8180461610634481
grid-2976631-m5,radiant_nw,aligned,323,-128.59442724458205,125.0,225.8,0.9992735635688171
grid-2976631-m5,radiant_nw,nominal,324,-185.84876543209876,174.5,295.5999999999999,0.9992527488039804
grid-2976631-m5,dire_nw,aligned,323,89.656346749226,52.0,619.0,0.9992968370519549
grid-2976631-m5,dire_nw,nominal,324,25.52469135802469,76.0,558.5999999999999,0.9992524773663716
grid-2976631-m5,radiant_xp_adv,aligned,323,-4.953560371517028,0.0,780.0,0.9062012822774328
grid-2976631-m5,radiant_xp_adv,nominal,324,14.938271604938272,0.0,749.9999999999989,0.9025674468589459
grid-2976631-m5,deaths_radiant,aligned,323,0.0030959752321981426,0.0,0.0,0.9966152034251551
grid-2976631-m5,deaths_radiant,nominal,324,-0.015432098765432098,0.0,0.0,0.9922316350182665
grid-2976631-m5,deaths_dire,aligned,323,0.0,0.0,0.0,1.0
grid-2976631-m5,deaths_dire,nominal,324,-0.006172839506172839,0.0,0.0,0.98521681568731
grid-2976631-m5,top1_nw_adv,aligned,323,-60.85139318885449,85.0,375.0,0.37451232239597876
grid-2976631-m5,top1_nw_adv,nominal,324,-57.73148148148148,85.0,375.0,0.355899403127957
grid-2976631-m5,radiant_top1_nw_ratio,aligned,323,-0.00222213362820395,0.003518500350393,0.008445169629030882,0.6220626572024948
grid-2976631-m5,radiant_top1_nw_ratio,nominal,324,-0.0023666531077994515,0.003862106053612105,0.00860673623313484,0.6075506363720229
grid-2976631-m5,dire_top1_nw_ratio,aligned,323,-0.0001923715240346992,0.0017014091605273007,0.009686973860532522,0.8518540602875417
grid-2976631-m5,dire_top1_nw_ratio,nominal,324,-0.0004420252496172028,0.00204398706232177,0.009689763817335804,0.8417260807088187
grid-2977835-m1,radiant_nw_adv,aligned,358,-152.06703910614524,146.0,406.90000000000003,0.9761965515350429
grid-2977835-m1,radiant_nw_adv,nominal,358,-147.15642458100558,142.0,390.3,0.9720004817170566
grid-2977835-m1,radiant_nw,aligned,358,-73.43575418994413,114.0,262.3000000000001,0.9997735261042596
grid-2977835-m1,radiant_nw,nominal,358,-132.06983240223462,136.5,303.90000000000003,0.9997550103138839
grid-2977835-m1,dire_nw,aligned,358,78.63128491620111,86.5,329.0,0.9997635754702805
grid-2977835-m1,dire_nw,nominal,358,15.08659217877095,89.5,266.6,0.9997661010950963
grid-2977835-m1,radiant_xp_adv,aligned,358,-3.2402234636871508,0.0,480.0,0.9688257252689816
grid-2977835-m1,radiant_xp_adv,nominal,358,25.307262569832403,0.0,780.0,0.9410982845948556
grid-2977835-m1,deaths_radiant,aligned,358,0.0,0.0,0.0,0.9990584851600588
grid-2977835-m1,deaths_radiant,nominal,358,-0.0335195530726257,0.0,0.0,0.9972660585246578
grid-2977835-m1,deaths_dire,aligned,358,0.002793296089385475,0.0,0.0,0.9987125616895336
grid-2977835-m1,deaths_dire,nominal,358,-0.019553072625698324,0.0,0.0,0.9970529884697578
grid-2977835-m1,top1_nw_adv,aligned,358,-64.23743016759776,50.0,140.0,0.9922004159187688
grid-2977835-m1,top1_nw_adv,nominal,358,-60.64804469273743,51.0,140.0,0.9904331474186526
grid-2977835-m1,radiant_top1_nw_ratio,aligned,358,-0.0012852171400786856,0.0035999158689777877,0.006727721377048995,0.9684329929001407
grid-2977835-m1,radiant_top1_nw_ratio,nominal,358,-0.0013265197433798344,0.0034691669587880863,0.006592558443161154,0.9694172782718632
grid-2977835-m1,dire_top1_nw_ratio,aligned,358,-0.00042661744476013954,0.0019410093123184563,0.003842689543240932,0.9643482911515523
grid-2977835-m1,dire_top1_nw_ratio,nominal,358,-0.0004923071230278534,0.002134263816604226,0.0043070441074184425,0.9483158220420829
grid-2977835-m2,radiant_nw_adv,aligned,301,35.75083056478405,55.0,368.0,0.926675704239235
grid-2977835-m2,radiant_nw_adv,nominal,301,27.435215946843854,77.0,381.0,0.9062086228408784
grid-2977835-m2,radiant_nw,aligned,301,21.036544850498338,69.0,280.0,0.9996080476585474
grid-2977835-m2,radiant_nw,nominal,301,-41.02325581395349,100.0,283.0,0.9995757434657716
grid-2977835-m2,dire_nw,aligned,301,-14.714285714285714,61.0,264.0,0.9993277661775753
grid-2977835-m2,dire_nw,nominal,301,-68.45847176079734,117.0,264.0,0.9993331142840178
grid-2977835-m2,radiant_xp_adv,aligned,301,-10.365448504983389,0.0,480.0,0.9540721255282141
grid-2977835-m2,radiant_xp_adv,nominal,301,-35.68106312292359,0.0,780.0,0.9055782805486708
grid-2977835-m2,deaths_radiant,aligned,301,0.0,0.0,0.0,0.9966587204210658
grid-2977835-m2,deaths_radiant,nominal,301,-0.006644518272425249,0.0,0.0,0.9966809675094221
grid-2977835-m2,deaths_dire,aligned,301,0.006644518272425249,0.0,0.0,0.9979451270400871
grid-2977835-m2,deaths_dire,nominal,301,-0.013289036544850499,0.0,0.0,0.9959147809694212
grid-2977835-m2,top1_nw_adv,aligned,301,-11.09966777408638,16.0,45.0,0.6863434389325967
grid-2977835-m2,top1_nw_adv,nominal,301,-13.096345514950166,25.0,73.0,0.7130002603227311
grid-2977835-m2,radiant_top1_nw_ratio,aligned,301,-0.0005130144245981652,0.0019811507829092245,0.004823000596151011,0.908004090213
grid-2977835-m2,radiant_top1_nw_ratio,nominal,301,-0.0004701376045121756,0.002170441761005504,0.005616626181238538,0.9442265566506073
grid-2977835-m2,dire_top1_nw_ratio,aligned,301,0.0012097731239148128,0.0020775077452263313,0.006074789137535952,0.8486410652677283
grid-2977835-m2,dire_top1_nw_ratio,nominal,301,0.0012045819546076576,0.0022521620565042755,0.006476354286416325,0.8546517681577012
grid-2977835-m3,radiant_nw_adv,aligned,433,6.053117782909931,120.0,237.20000000000005,0.7077993452714829
grid-2977835-m3,radiant_nw_adv,nominal,431,7.756380510440835,119.0,346.0,0.648989848694743
grid-2977835-m3,radiant_nw,aligned,433,193.99076212471132,65.0,630.0,0.9990985389950418
grid-2977835-m3,radiant_nw,nominal,431,73.20185614849188,76.0,536.0,0.9990621355936818
grid-2977835-m3,dire_nw,aligned,433,187.9376443418014,71.0,516.0,0.9995407815233762
grid-2977835-m3,dire_nw,nominal,431,65.44547563805105,161.0,462.0,0.9994423903250882
grid-2977835-m3,radiant_xp_adv,aligned,433,13.02540415704388,0.0,880.0,0.8884616492398413
grid-2977835-m3,radiant_xp_adv,nominal,431,53.68909512761021,0.0,780.0,0.9046716214711831
grid-2977835-m3,deaths_radiant,aligned,433,0.004618937644341801,0.0,0.0,0.998363873585719
grid-2977835-m3,deaths_radiant,nominal,431,-0.025522041763341066,0.0,0.0,0.9955656479962854
grid-2977835-m3,deaths_dire,aligned,433,0.0,0.0,0.0,0.9990927582208018
grid-2977835-m3,deaths_dire,nominal,431,-0.030162412993039442,0.0,0.0,0.9942411353825901
grid-2977835-m3,top1_nw_adv,aligned,433,-32.07390300230947,55.0,240.0,0.6962410981540958
grid-2977835-m3,top1_nw_adv,nominal,431,-33.675174013921115,56.0,244.0,0.6712058643118294
grid-2977835-m3,radiant_top1_nw_ratio,aligned,433,0.0006246395143343643,0.002847120909742651,0.005421537696402569,0.8322605819999509
grid-2977835-m3,radiant_top1_nw_ratio,nominal,431,0.0005264430484571587,0.002741330374575246,0.005484121265096759,0.8245804426268281
grid-2977835-m3,dire_top1_nw_ratio,aligned,433,0.0028984538669561636,0.0025679107313956173,0.008666182185941246,0.8735312692708681
grid-2977835-m3,dire_top1_nw_ratio,nominal,431,0.0027691615715204117,0.0033233302615979787,0.009429765816578506,0.8535281967525667
grid-2977837-m1,radiant_nw_adv,aligned,331,-36.873111782477345,103.0,256.0,0.9491812770170076
grid-2977837-m1,radiant_nw_adv,nominal,329,-25.65045592705167,113.0,280.2,0.9280378482381815
grid-2977837-m1,radiant_nw,aligned,331,117.73413897280967,121.0,611.0,0.9996304023868273
grid-2977837-m1,radiant_nw,nominal,329,35.73252279635258,162.0,555.5999999999999,0.9996051936886023
grid-2977837-m1,dire_nw,aligned,331,154.607250755287,83.0,576.0,0.9994128959693482
grid-2977837-m1,dire_nw,nominal,329,61.38297872340426,162.0,532.2,0.9993758458366085
grid-2977837-m1,radiant_xp_adv,aligned,331,-24.048338368580062,0.0,580.0,0.9392920470042236
grid-2977837-m1,radiant_xp_adv,nominal,329,-1.2765957446808511,0.0,780.0,0.9101884884046373
grid-2977837-m1,deaths_radiant,aligned,331,0.0030211480362537764,0.0,0.0,0.9991501395260513
grid-2977837-m1,deaths_radiant,nominal,329,-0.02127659574468085,0.0,0.0,0.9941323789005339
grid-2977837-m1,deaths_dire,aligned,331,-0.0030211480362537764,0.0,0.0,0.9951137868693926
grid-2977837-m1,deaths_dire,nominal,329,-0.0182370820668693,0.0,0.0,0.9942071949370572
grid-2977837-m1,top1_nw_adv,aligned,331,31.570996978851962,19.0,305.0,0.923487199793343
grid-2977837-m1,top1_nw_adv,nominal,329,37.680851063829785,35.0,305.0,0.884935059119769
grid-2977837-m1,radiant_top1_nw_ratio,aligned,331,0.002181808896476621,0.004745500331487046,0.011442722945424921,0.8621568199349633
grid-2977837-m1,radiant_top1_nw_ratio,nominal,329,0.002251065179106206,0.005315757540977989,0.012038736539066052,0.8417916592164141
grid-2977837-m1,dire_top1_nw_ratio,aligned,331,-0.00023040766308963468,0.001281580850214209,0.0074694823877761996,0.8826106725160617
grid-2977837-m1,dire_top1_nw_ratio,nominal,329,-0.0006421268529042747,0.0021603851316331357,0.008055375505091967,0.8306731860755631
grid-2977837-m2,radiant_nw_adv,aligned,486,-22.866255144032923,45.0,555.0,0.7900756263547892
grid-2977837-m2,radiant_nw_adv,nominal,484,-18.859504132231404,63.5,541.7,0.7709024515569974
grid-2977837-m2,radiant_nw,aligned,486,120.65843621399176,61.0,559.5,0.9991957258694633
grid-2977837-m2,radiant_nw,nominal,484,64.68181818181819,100.0,522.8,0.9991762682349398
grid-2977837-m2,dire_nw,aligned,486,143.52469135802468,78.0,565.0,0.9993425739913738
grid-2977837-m2,dire_nw,nominal,484,83.54132231404958,119.5,517.0999999999999,0.9992993150081937
grid-2977837-m2,radiant_xp_adv,aligned,486,10.576131687242798,0.0,480.0,0.9724855300202475
grid-2977837-m2,radiant_xp_adv,nominal,484,19.50413223140496,0.0,649.9999999999989,0.9599578091728652
grid-2977837-m2,deaths_radiant,aligned,486,0.00411522633744856,0.0,0.0,0.999441620892276
grid-2977837-m2,deaths_radiant,nominal,484,-0.01859504132231405,0.0,0.0,0.998755927868336
grid-2977837-m2,deaths_dire,aligned,486,0.00411522633744856,0.0,0.0,0.9989718292142925
grid-2977837-m2,deaths_dire,nominal,484,-0.014462809917355372,0.0,0.0,0.9988096281395304
grid-2977837-m2,top1_nw_adv,aligned,486,34.693415637860085,50.0,225.0,0.8711847478208913
grid-2977837-m2,top1_nw_adv,nominal,484,38.02272727272727,50.0,227.79999999999995,0.8551433872311284
grid-2977837-m2,radiant_top1_nw_ratio,aligned,486,0.0013876410974122397,0.00153755039167143,0.007774278012602762,0.8737495524373734
grid-2977837-m2,radiant_top1_nw_ratio,nominal,484,0.0014142829602670603,0.0018799676037965646,0.008097425611470959,0.8657761030912743
grid-2977837-m2,dire_top1_nw_ratio,aligned,486,-0.0005785676127299987,0.002962229723613388,0.007675250842370238,0.9675981494110669
grid-2977837-m2,dire_top1_nw_ratio,nominal,484,-0.000753952724317388,0.0031001362846052316,0.007747448660411873,0.9560136034784505
grid-2977837-m3,radiant_nw_adv,aligned,408,-229.2843137254902,112.5,620.0,0.9868901738337473
grid-2977837-m3,radiant_nw_adv,nominal,406,-213.23645320197045,151.5,630.5,0.9840521215603516
grid-2977837-m3,radiant_nw,aligned,408,-41.443627450980394,68.5,239.60000000000002,0.9997649905326681
grid-2977837-m3,radiant_nw,nominal,406,-93.82512315270937,112.0,244.5,0.9996968321147209
grid-2977837-m3,dire_nw,aligned,408,187.8406862745098,119.0,584.0,0.999323178564543
grid-2977837-m3,dire_nw,nominal,406,119.41133004926108,154.5,553.0,0.9992319483575969
grid-2977837-m3,radiant_xp_adv,aligned,408,8.382352941176471,0.0,480.0,0.9732827527532164
grid-2977837-m3,radiant_xp_adv,nominal,406,8.226600985221674,0.0,680.0,0.9370158022524596
grid-2977837-m3,deaths_radiant,aligned,408,-0.007352941176470588,0.0,0.0,0.9995247968331409
grid-2977837-m3,deaths_radiant,nominal,406,-0.05665024630541872,0.0,0.0,0.9985059400705787
grid-2977837-m3,deaths_dire,aligned,408,0.0,0.0,0.0,1.0
grid-2977837-m3,deaths_dire,nominal,406,-0.009852216748768473,0.0,0.0,0.9911318656955794
grid-2977837-m3,top1_nw_adv,aligned,408,-89.31617647058823,20.0,305.0,0.8992357949162433
grid-2977837-m3,top1_nw_adv,nominal,406,-87.63054187192118,42.0,311.0,0.8939241316391942
grid-2977837-m3,radiant_top1_nw_ratio,aligned,408,-0.00015863257856151288,0.0007572207758829025,0.005428020665682535,0.8640166839450915
grid-2977837-m3,radiant_top1_nw_ratio,nominal,406,-0.00026424190298498607,0.001223510255425983,0.006054589569493007,0.8476709611408869
grid-2977837-m3,dire_top1_nw_ratio,aligned,408,0.002088462435282607,0.005626324289175588,0.008364120107111185,0.8753332138738601
grid-2977837-m3,dire_top1_nw_ratio,nominal,406,0.0020955700404171546,0.006019579984118312,0.009265164114114113,0.8565649602247257
grid-2978288-m1,radiant_nw_adv,aligned,348,246.48563218390805,261.0,415.0,0.9442785115600246
grid-2978288-m1,radiant_nw_adv,nominal,348,256.764367816092,269.0,453.0,0.9155282591576538
grid-2978288-m1,radiant_nw,aligned,348,163.99137931034483,164.0,245.0,0.999855062468063
grid-2978288-m1,radiant_nw,nominal,348,104.44827586206897,103.0,214.0,0.9998113310313251
grid-2978288-m1,dire_nw,aligned,348,-82.49425287356321,115.0,208.10000000000008,0.9997330560213407
grid-2978288-m1,dire_nw,nominal,348,-152.316091954023,162.0,282.6,0.9996500907558915
grid-2978288-m1,radiant_xp_adv,aligned,348,-13.275862068965518,0.0,680.0,0.9222354845300931
grid-2978288-m1,radiant_xp_adv,nominal,348,14.885057471264368,0.0,680.0,0.9185125841837146
grid-2978288-m1,deaths_radiant,aligned,348,-0.0028735632183908046,0.0,0.0,0.9990309620215744
grid-2978288-m1,deaths_radiant,nominal,348,-0.017241379310344827,0.0,0.0,0.9923927725414464
grid-2978288-m1,deaths_dire,aligned,348,-0.0028735632183908046,0.0,0.0,0.9980308108738211
grid-2978288-m1,deaths_dire,nominal,348,-0.014367816091954023,0.0,0.0,0.990342395725189
grid-2978288-m1,top1_nw_adv,aligned,348,21.974137931034484,45.5,86.50000000000006,0.9738255284213635
grid-2978288-m1,top1_nw_adv,nominal,348,22.439655172413794,50.0,112.60000000000002,0.939782204628531
grid-2978288-m1,radiant_top1_nw_ratio,aligned,348,-0.005213827163027879,0.003786628731792613,0.010759309921948337,0.9017231360422109
grid-2978288-m1,radiant_top1_nw_ratio,nominal,348,-0.005340500663574514,0.0035324943585602203,0.014975789376220672,0.882811747744136
grid-2978288-m1,dire_top1_nw_ratio,aligned,348,-0.00017938031013638135,0.0023308363208818794,0.006239280388327432,0.7997760920141681
grid-2978288-m1,dire_top1_nw_ratio,nominal,348,-0.00023963309718956,0.0022949520445778304,0.007152452937752657,0.7481818971915509
grid-2978288-m2,radiant_nw_adv,aligned,347,105.04899135446686,115.0,434.6000000000005,0.9495617358123937
grid-2978288-m2,radiant_nw_adv,nominal,346,100.09537572254335,133.5,437.0,0.9343371868039354
grid-2978288-m2,radiant_nw,aligned,347,57.57636887608069,63.0,329.00000000000017,0.9998152155117507
grid-2978288-m2,radiant_nw,nominal,346,-37.38728323699422,91.0,298.5,0.9996802787856951
grid-2978288-m2,dire_nw,aligned,347,-47.472622478386164,102.0,336.80000000000007,0.9997063021035058
grid-2978288-m2,dire_nw,nominal,346,-137.48265895953756,185.5,341.0,0.9996459482770498
grid-2978288-m2,radiant_xp_adv,aligned,347,-40.345821325648416,0.0,780.0,0.9525055969541684
grid-2978288-m2,radiant_xp_adv,nominal,346,-62.947976878612714,0.0,780.0,0.9434118241330401
grid-2978288-m2,deaths_radiant,aligned,347,-0.002881844380403458,0.0,0.0,0.9979743426429963
grid-2978288-m2,deaths_radiant,nominal,346,-0.02023121387283237,0.0,0.0,0.9953512545541103
grid-2978288-m2,deaths_dire,aligned,347,-0.002881844380403458,0.0,0.0,0.9994707024535557
grid-2978288-m2,deaths_dire,nominal,346,-0.028901734104046242,0.0,0.0,0.9948660349528541
grid-2978288-m2,top1_nw_adv,aligned,347,-2.043227665706052,16.0,80.0,0.98978657337392
grid-2978288-m2,top1_nw_adv,nominal,346,-1.846820809248555,28.0,100.5,0.9641535943389186
grid-2978288-m2,radiant_top1_nw_ratio,aligned,347,-0.001915489098388627,0.0015617569579009782,0.007221023995540635,0.9504676755121525
grid-2978288-m2,radiant_top1_nw_ratio,nominal,346,-0.0019387772373741043,0.002074322977609247,0.007824057275842108,0.8990949688884072
grid-2978288-m2,dire_top1_nw_ratio,aligned,347,-0.00014348431857070103,0.0021289824235593002,0.0048673007149379445,0.9767042422205033
grid-2978288-m2,dire_top1_nw_ratio,nominal,346,-0.00011019177118395189,0.002392709456451911,0.006102434874827228,0.9587022335500471
grid-2978288-m3,radiant_nw_adv,aligned,376,-113.07978723404256,99.0,270.0,0.9886592847366584
grid-2978288-m3,radiant_nw_adv,nominal,374,-126.1524064171123,112.0,320.0,0.9794461450141485
grid-2978288-m3,radiant_nw,aligned,376,-3.13031914893617,90.0,296.5,0.9997147935736254
grid-2978288-m3,radiant_nw,nominal,374,-110.44385026737967,155.0,284.4,0.9997063383667899
grid-2978288-m3,dire_nw,aligned,376,109.94946808510639,70.0,539.0,0.9996653153702016
grid-2978288-m3,dire_nw,nominal,374,15.70855614973262,63.0,457.49999999999983,0.9995704960835307
grid-2978288-m3,radiant_xp_adv,aligned,376,14.46808510638298,0.0,780.0,0.9151372063641272
grid-2978288-m3,radiant_xp_adv,nominal,374,26.737967914438503,0.0,780.0,0.9202697865668994
grid-2978288-m3,deaths_radiant,aligned,376,0.010638297872340425,0.0,0.0,0.9983559375942668
grid-2978288-m3,deaths_radiant,nominal,374,-0.029411764705882353,0.0,0.0,0.997012314286731
grid-2978288-m3,deaths_dire,aligned,376,0.007978723404255319,0.0,0.0,0.9990151206305478
grid-2978288-m3,deaths_dire,nominal,374,-0.040106951871657755,0.0,0.0,0.996372838828474
grid-2978288-m3,top1_nw_adv,aligned,376,-26.904255319148938,23.0,106.0,0.9843002928311093
grid-2978288-m3,top1_nw_adv,nominal,374,-28.39572192513369,49.0,126.39999999999998,0.9619573375883324
grid-2978288-m3,radiant_top1_nw_ratio,aligned,376,0.00032004400184233706,0.0027961881066389666,0.011054064426475135,0.8827438069780762
grid-2978288-m3,radiant_top1_nw_ratio,nominal,374,8.846091710023156e-05,0.0027753884355494057,0.011708805791857464,0.8662975635694569
grid-2978288-m3,dire_top1_nw_ratio,aligned,376,0.0004476410291996672,0.00181270435165784,0.008207476033377237,0.8801641265546587
grid-2978288-m3,dire_top1_nw_ratio,nominal,374,0.0002252242328280584,0.002006621092784322,0.010508561411194354,0.8332001743268102
grid-2980509-m1,radiant_nw_adv,aligned,336,133.72916666666666,70.5,872.5,0.8252476597042072
grid-2980509-m1,radiant_nw_adv,nominal,335,135.86865671641792,82.0,796.0000000000001,0.8197677837973829
grid-2980509-m1,radiant_nw,aligned,336,-17.735119047619047,80.0,323.5,0.9990149027885128
grid-2980509-m1,radiant_nw,nominal,335,-70.45373134328358,122.0,338.6,0.9989865994879787
grid-2980509-m1,dire_nw,aligned,336,-151.46428571428572,67.0,694.5,0.9988201644245797
grid-2980509-m1,dire_nw,nominal,335,-206.3223880597015,120.0,733.0,0.9987669697021841
grid-2980509-m1,radiant_xp_adv,aligned,336,-11.904761904761905,0.0,480.0,0.9433418269793065
grid-2980509-m1,radiant_xp_adv,nominal,335,-22.686567164179106,0.0,580.0,0.9290044768915589
grid-2980509-m1,deaths_radiant,aligned,336,0.002976190476190476,0.0,0.0,0.998301791638658
grid-2980509-m1,deaths_radiant,nominal,335,-0.011940298507462687,0.0,0.0,0.9931424231411399
grid-2980509-m1,deaths_dire,aligned,336,0.0,0.0,0.0,0.9964796001543762
grid-2980509-m1,deaths_dire,nominal,335,-0.014925373134328358,0.0,0.0,0.9912340668391402
grid-2980509-m1,top1_nw_adv,aligned,336,16.12797619047619,15.0,110.0,0.909628283235929
grid-2980509-m1,top1_nw_adv,nominal,335,15.122388059701493,20.0,110.0,0.8982752375258622
grid-2980509-m1,radiant_top1_nw_ratio,aligned,336,-0.0004781830075920065,0.001270987164224427,0.006243600924892151,0.9757069063323042
grid-2980509-m1,radiant_top1_nw_ratio,nominal,335,-0.0007889870985058396,0.0019162823755790037,0.006556188625903244,0.9732048152816632
grid-2980509-m1,dire_top1_nw_ratio,aligned,336,0.0007205264010075732,0.0014512313652129405,0.006348892919895779,0.94134873708558
grid-2980509-m1,dire_top1_nw_ratio,nominal,335,0.0006989887022096235,0.0019206645736315475,0.005964307210682197,0.966953497214007
grid-2980509-m2,radiant_nw_adv,aligned,341,15.7683284457478,59.0,228.0,0.9890201929961056
grid-2980509-m2,radiant_nw_adv,nominal,339,7.625368731563422,60.0,327.79999999999984,0.9873524989932113
grid-2980509-m2,radiant_nw,aligned,341,69.366568914956,55.0,504.0,0.9997037268284438
grid-2980509-m2,radiant_nw,nominal,339,8.265486725663717,65.0,432.7999999999997,0.9996768827107715
grid-2980509-m2,dire_nw,aligned,341,53.598240469208214,58.0,149.0,0.9998181656245261
grid-2980509-m2,dire_nw,nominal,339,0.640117994100295,40.0,139.39999999999998,0.9998208904819992
grid-2980509-m2,radiant_xp_adv,aligned,341,-7.507331378299121,0.0,780.0,0.8808922199696122
grid-2980509-m2,radiant_xp_adv,nominal,339,-14.808259587020649,0.0,580.0,0.922502222822151
grid-2980509-m2,deaths_radiant,aligned,341,0.002932551319648094,0.0,0.0,0.9936502565351818
grid-2980509-m2,deaths_radiant,nominal,339,0.0,0.0,0.0,1.0
grid-2980509-m2,deaths_dire,aligned,341,0.002932551319648094,0.0,0.0,0.9964418559513046
grid-2980509-m2,deaths_dire,nominal,339,-0.008849557522123894,0.0,0.0,0.989108807256273
grid-2980509-m2,top1_nw_adv,aligned,341,-0.6187683284457478,10.0,70.0,0.9947389214298169
grid-2980509-m2,top1_nw_adv,nominal,339,-1.6342182890855457,15.0,80.79999999999995,0.9928613835008727
grid-2980509-m2,radiant_top1_nw_ratio,aligned,341,-0.0001640338130718743,0.0021665758424786463,0.008167187124669711,0.9761814271751698
grid-2980509-m2,radiant_top1_nw_ratio,nominal,339,-0.00033445954828632113,0.002318593031115701,0.008234566096425793,0.9689138515874853
grid-2980509-m2,dire_top1_nw_ratio,aligned,341,-0.0010388052038414126,0.0014350453841721067,0.004369792496539182,0.9669388546303667
grid-2980509-m2,dire_top1_nw_ratio,nominal,339,-0.0012780371517880967,0.0012654749373103846,0.004761531600161461,0.9760808874357648
grid-2980509-m3,radiant_nw_adv,aligned,448,167.56919642857142,71.5,570.0,0.9366738884192959
grid-2980509-m3,radiant_nw_adv,nominal,447,164.3489932885906,75.0,570.0,0.9310931109361851
grid-2980509-m3,radiant_nw,aligned,448,136.49553571428572,105.0,488.0,0.999872992014794
grid-2980509-m3,radiant_nw,nominal,447,106.3579418344519,110.0,468.0,0.9998428630551867
grid-2980509-m3,dire_nw,aligned,448,-31.073660714285715,46.0,175.3,0.9997532577513392
grid-2980509-m3,dire_nw,nominal,447,-57.991051454138706,59.0,217.2000000000001,0.9997425653881866
grid-2980509-m3,radiant_xp_adv,aligned,448,24.330357142857142,0.0,410.00000000000114,0.9126261633775082
grid-2980509-m3,radiant_xp_adv,nominal,447,39.50782997762864,0.0,680.0,0.861997875719544
grid-2980509-m3,deaths_radiant,aligned,448,-0.004464285714285714,0.0,0.0,0.9908147285071699
grid-2980509-m3,deaths_radiant,nominal,447,-0.011185682326621925,0.0,0.0,0.989311598100764
grid-2980509-m3,deaths_dire,aligned,448,-0.002232142857142857,0.0,0.0,0.9991905632062007
grid-2980509-m3,deaths_dire,nominal,447,-0.015659955257270694,0.0,0.0,0.9981298138107351
grid-2980509-m3,top1_nw_adv,aligned,448,63.504464285714285,46.0,295.0,0.8943020399298405
grid-2980509-m3,top1_nw_adv,nominal,447,63.72035794183445,45.0,295.0,0.8831153423409274
grid-2980509-m3,radiant_top1_nw_ratio,aligned,448,0.0014962752912548137,0.0029553352191509785,0.011912715869580117,0.7316513003819627
grid-2980509-m3,radiant_top1_nw_ratio,nominal,447,0.0014907938723670408,0.0031337648801118556,0.011934460677625214,0.7178948472231087
grid-2980509-m3,dire_top1_nw_ratio,aligned,448,0.00019899524905973916,0.0014069543956558295,0.006066293139347058,0.9068114106738979
grid-2980509-m3,dire_top1_nw_ratio,nominal,447,0.00011510925926528816,0.0013495064371498444,0.006263070922978927,0.8933421170260698
grid-2984640-m1,radiant_nw_adv,aligned,369,-83.91327913279133,57.0,376.0,0.9566354043628528
grid-2984640-m1,radiant_nw_adv,nominal,368,-85.66032608695652,76.5,396.7000000000001,0.9499055190158121
grid-2984640-m1,radiant_nw,aligned,369,-19.794037940379404,55.0,290.2,0.9997012563069987
grid-2984640-m1,radiant_nw,nominal,368,-93.36413043478261,105.0,334.0,0.9996195504262825
grid-2984640-m1,dire_nw,aligned,369,64.11924119241192,80.0,285.0,0.9998104269625059
grid-2984640-m1,dire_nw,nominal,368,-7.703804347826087,86.0,252.0,0.9998086642833406
grid-2984640-m1,radiant_xp_adv,aligned,369,-15.609756097560975,0.0,699.9999999999989,0.9359478366905842
grid-2984640-m1,radiant_xp_adv,nominal,368,-2.5,0.0,680.0,0.9462025785817798
grid-2984640-m1,deaths_radiant,aligned,369,0.013550135501355014,0.0,0.0,0.9988044323894704
grid-2984640-m1,deaths_radiant,nominal,368,-0.005434782608695652,0.0,0.0,0.9995166249207957
grid-2984640-m1,deaths_dire,aligned,369,0.0027100271002710027,0.0,0.0,0.9981905849899392
grid-2984640-m1,deaths_dire,nominal,368,-0.029891304347826088,0.0,0.0,0.9953837015382431
grid-2984640-m1,top1_nw_adv,aligned,369,33.02439024390244,15.0,218.0,0.9620218645177591
grid-2984640-m1,top1_nw_adv,nominal,368,31.839673913043477,22.5,219.0,0.9549966161609925
grid-2984640-m1,radiant_top1_nw_ratio,aligned,369,0.002823358632650352,0.002223151922885691,0.008860919017338162,0.952807729597893
grid-2984640-m1,radiant_top1_nw_ratio,nominal,368,0.0024944780153929955,0.0027740774576761745,0.009352520727656142,0.8786224460850397
grid-2984640-m1,dire_top1_nw_ratio,aligned,369,0.0001343378607614228,0.0013959824479802818,0.006452760990809714,0.9443756288276768
grid-2984640-m1,dire_top1_nw_ratio,nominal,368,0.00010691555010752701,0.0015780209660903877,0.006602672215588773,0.9398234195032732
grid-2984640-m2,radiant_nw_adv,aligned,350,-45.294285714285714,60.0,134.0,0.9133181219149271
grid-2984640-m2,radiant_nw_adv,nominal,347,-54.67723342939481,77.0,226.0,0.8794395121923192
grid-2984640-m2,radiant_nw,aligned,350,17.731428571428573,70.0,255.5000000000001,0.9995353132252933
grid-2984640-m2,radiant_nw,nominal,347,-78.73198847262248,134.0,280.40000000000003,0.9994587150599077
grid-2984640-m2,dire_nw,aligned,350,63.02571428571429,57.0,299.1,0.9996913832295342
grid-2984640-m2,dire_nw,nominal,347,-24.054755043227665,95.0,265.0,0.9996414877442764
grid-2984640-m2,radiant_xp_adv,aligned,350,27.6,0.0,680.0,0.895206878464284
grid-2984640-m2,radiant_xp_adv,nominal,347,6.628242074927954,0.0,780.0,0.8590660561465535
grid-2984640-m2,deaths_radiant,aligned,350,0.014285714285714285,0.0,0.0,0.9960396870633914
grid-2984640-m2,deaths_radiant,nominal,347,-0.01729106628242075,0.0,0.0,0.9952105916928323
grid-2984640-m2,deaths_dire,aligned,350,0.011428571428571429,0.0,0.0,0.9981043998648215
grid-2984640-m2,deaths_dire,nominal,347,-0.025936599423631124,0.0,0.0,0.9937475326635427
grid-2984640-m2,top1_nw_adv,aligned,350,35.20285714285714,23.0,228.0,0.8906508143376541
grid-2984640-m2,top1_nw_adv,nominal,347,28.51585014409222,35.0,198.0,0.8981009467358418
grid-2984640-m2,radiant_top1_nw_ratio,aligned,350,0.0025024885584088866,0.002123417308019057,0.012184893692752842,0.9031073064938745
grid-2984640-m2,radiant_top1_nw_ratio,nominal,347,0.0022191484609119325,0.00312463121505116,0.012161935797092788,0.9053417264290218
grid-2984640-m2,dire_top1_nw_ratio,aligned,350,-1.3152653837656086e-05,0.0017162435603552267,0.006023613961529354,0.9441226791110743
grid-2984640-m2,dire_top1_nw_ratio,nominal,347,2.6121494756798118e-05,0.0017090564000968311,0.006863004355853404,0.9298772556606812
grid-2984640-m3,radiant_nw_adv,aligned,322,-157.51863354037266,78.0,520.6000000000001,0.9849682367266593
grid-2984640-m3,radiant_nw_adv,nominal,322,-159.05900621118013,95.5,536.8000000000004,0.9766873339727886
grid-2984640-m3,radiant_nw,aligned,322,-126.7639751552795,68.0,387.90000000000003,0.9995832462895565
grid-2984640-m3,radiant_nw,nominal,322,-220.06832298136646,134.0,584.4000000000002,0.9993954316025178
grid-2984640-m3,dire_nw,aligned,322,30.75465838509317,45.5,446.7000000000001,0.9996908075348133
grid-2984640-m3,dire_nw,nominal,322,-61.00931677018634,118.0,398.60000000000014,0.9996278952234031
grid-2984640-m3,radiant_xp_adv,aligned,322,32.91925465838509,0.0,680.0,0.9460210370852329
grid-2984640-m3,radiant_xp_adv,nominal,322,23.229813664596275,0.0,880.0,0.8980657573044315
grid-2984640-m3,deaths_radiant,aligned,322,0.0,0.0,0.0,0.9985067697104996
grid-2984640-m3,deaths_radiant,nominal,322,-0.021739130434782608,0.0,0.0,0.9948818022354969
grid-2984640-m3,deaths_dire,aligned,322,-0.012422360248447204,0.0,0.0,0.9683940412255986
grid-2984640-m3,deaths_dire,nominal,322,-0.031055900621118012,0.0,0.0,0.9328270069081102
grid-2984640-m3,top1_nw_adv,aligned,322,-42.68012422360248,25.0,212.90000000000242,0.9611360307880609
grid-2984640-m3,top1_nw_adv,nominal,322,-45.99068322981366,31.0,324.60000000000014,0.9449097880134671
grid-2984640-m3,radiant_top1_nw_ratio,aligned,322,-0.0011553641201785894,0.001379530746593513,0.008870096717506465,0.8779365970513324
grid-2984640-m3,radiant_top1_nw_ratio,nominal,322,-0.0014310627051416923,0.001788389782793165,0.00877731230836286,0.8615952498636388
grid-2984640-m3,dire_top1_nw_ratio,aligned,322,-0.000846694884769293,0.0006993139103067675,0.006191799549627819,0.9153827562341089
grid-2984640-m3,dire_top1_nw_ratio,nominal,322,-0.0011402956264357441,0.001499228948414047,0.006954504468257795,0.8634116931713938
grid-2984645-m1,radiant_nw_adv,aligned,401,6.259351620947631,65.0,489.0,0.9294947332912828
grid-2984645-m1,radiant_nw_adv,nominal,398,11.884422110552764,86.0,504.90000000000003,0.9202379768999139
grid-2984645-m1,radiant_nw,aligned,401,-0.7980049875311721,55.0,288.0,0.9997558425106198
grid-2984645-m1,radiant_nw,nominal,398,-83.89447236180905,134.0,274.0,0.9997328510328706
grid-2984645-m1,dire_nw,aligned,401,-7.057356608478803,75.0,509.0,0.9991911115339971
grid-2984645-m1,dire_nw,nominal,398,-95.77889447236181,151.0,497.3,0.9991360073574769
grid-2984645-m1,radiant_xp_adv,aligned,401,22.693266832917704,0.0,580.0,0.9297410124345487
grid-2984645-m1,radiant_xp_adv,nominal,398,43.36683417085427,0.0,780.0,0.8822699682530128
grid-2984645-m1,deaths_radiant,aligned,401,-0.007481296758104738,0.0,0.0,0.9985686025231225
grid-2984645-m1,deaths_radiant,nominal,398,-0.04020100502512563,0.0,0.0,0.9955230229465336
grid-2984645-m1,deaths_dire,aligned,401,0.004987531172069825,0.0,0.0,0.997066300779398
grid-2984645-m1,deaths_dire,nominal,398,-0.007537688442211055,0.0,0.0,0.9955904909063068
grid-2984645-m1,top1_nw_adv,aligned,401,36.758104738154614,20.0,277.0,0.6484677902845839
grid-2984645-m1,top1_nw_adv,nominal,398,39.57035175879397,45.5,282.0,0.6253160536902593
grid-2984645-m1,radiant_top1_nw_ratio,aligned,401,0.0014712204229958231,0.00144960950024553,0.01072846960247198,0.7507052996707007
grid-2984645-m1,radiant_top1_nw_ratio,nominal,398,0.0015915272487293296,0.0019589708424898045,0.010960765552324957,0.7304483534453403
grid-2984645-m1,dire_top1_nw_ratio,aligned,401,-0.00023239367199647077,0.001051635584293109,0.009049938940916269,0.7804247443503188
grid-2984645-m1,dire_top1_nw_ratio,nominal,398,-0.00043957117932923927,0.002754245497505206,0.009406041297348431,0.7037561487451484
grid-2984645-m2,radiant_nw_adv,aligned,400,-226.975,150.0,500.20000000000005,0.9922199984299531
grid-2984645-m2,radiant_nw_adv,nominal,398,-267.1884422110553,189.0,653.5,0.9817798086920652
grid-2984645-m2,radiant_nw,aligned,400,-204.77,100.0,581.1,0.9996191453161389
grid-2984645-m2,radiant_nw,nominal,398,-359.93718592964825,225.0,745.6,0.9992358913454786
grid-2984645-m2,dire_nw,aligned,400,22.205,90.5,300.0,0.9996057500027626
grid-2984645-m2,dire_nw,nominal,398,-92.74874371859296,160.0,270.3,0.999568490016978
grid-2984645-m2,radiant_xp_adv,aligned,400,20.4,0.0,690.0000000000023,0.976655231842029
grid-2984645-m2,radiant_xp_adv,nominal,398,-39.949748743718594,0.0,980.0,0.944961834512587
grid-2984645-m2,deaths_radiant,aligned,400,0.0075,0.0,0.0,0.9968104323305836
grid-2984645-m2,deaths_radiant,nominal,398,-0.04020100502512563,0.0,0.0,0.9926880393444293
grid-2984645-m2,deaths_dire,aligned,400,-0.015,0.0,0.0,0.9984021994992137
grid-2984645-m2,deaths_dire,nominal,398,-0.09798994974874371,0.0,0.0,0.9886153856447328
grid-2984645-m2,top1_nw_adv,aligned,400,11.7675,0.0,107.0,0.9963369838950369
grid-2984645-m2,top1_nw_adv,nominal,398,0.05527638190954774,30.0,131.0,0.9865047954379855
grid-2984645-m2,radiant_top1_nw_ratio,aligned,400,0.0029219286567066277,0.001998138214347453,0.007724314874505945,0.940436007476715
grid-2984645-m2,radiant_top1_nw_ratio,nominal,398,0.0024510485181726133,0.0037519289245252496,0.009872872110976205,0.8767484828841092
grid-2984645-m2,dire_top1_nw_ratio,aligned,400,-0.0012727714918550786,0.0017033919237401801,0.004199952473550242,0.9491354079877109
grid-2984645-m2,dire_top1_nw_ratio,nominal,398,-0.001799258735706569,0.002479264903471251,0.005355226831945832,0.9257699625268219
grid-2984646-m1,radiant_nw_adv,aligned,463,-196.8963282937365,110.0,400.8,0.966815396425474
grid-2984646-m1,radiant_nw_adv,nominal,460,-230.32608695652175,146.5,499.5000000000001,0.9626295458737666
grid-2984646-m1,radiant_nw,aligned,463,-40.61771058315335,65.0,316.0,0.9997449393659709
grid-2984646-m1,radiant_nw,nominal,460,-147.0413043478261,122.0,408.1,0.9996299037586875
grid-2984646-m1,dire_nw,aligned,463,156.27861771058315,124.0,410.6,0.9985976012613655
grid-2984646-m1,dire_nw,nominal,460,83.28478260869565,82.5,358.30000000000007,0.9985620790601951
grid-2984646-m1,radiant_xp_adv,aligned,463,-7.041036717062635,0.0,680.0,0.9683553445979934
grid-2984646-m1,radiant_xp_adv,nominal,460,-35.78260869565217,0.0,780.0,0.9505741187178441
grid-2984646-m1,deaths_radiant,aligned,463,0.0064794816414686825,0.0,0.0,0.9975388058179983
grid-2984646-m1,deaths_radiant,nominal,460,-0.013043478260869565,0.0,0.0,0.9950371928923604
grid-2984646-m1,deaths_dire,aligned,463,-0.0021598272138228943,0.0,0.0,0.9983028226883398
grid-2984646-m1,deaths_dire,nominal,460,-0.0391304347826087,0.0,0.0,0.9925903078161405
grid-2984646-m1,top1_nw_adv,aligned,463,-82.72138228941685,50.0,257.2000000000001,0.7153048487168552
grid-2984646-m1,top1_nw_adv,nominal,460,-89.92391304347827,55.0,280.0,0.6924885263917994
grid-2984646-m1,radiant_top1_nw_ratio,aligned,463,0.002410716839794078,0.002182735220487203,0.008729129781280716,0.9197744682277329
grid-2984646-m1,radiant_top1_nw_ratio,nominal,460,0.002056199111963821,0.0024029478945083727,0.007989565188725107,0.8902816217986348
grid-2984646-m1,dire_top1_nw_ratio,aligned,463,0.0027853736957444545,0.003764926351773057,0.010750974890279891,0.8456434105015903
grid-2984646-m1,dire_top1_nw_ratio,nominal,460,0.002616173854793174,0.0043832411066288685,0.011323141417864951,0.8528155481472541
grid-2984646-m2,radiant_nw_adv,aligned,369,118.34688346883469,80.0,338.4,0.9955789384237692
grid-2984646-m2,radiant_nw_adv,nominal,369,92.90785907859079,127.0,377.59999999999997,0.9913871780895569
grid-2984646-m2,radiant_nw,aligned,369,120.2059620596206,70.0,589.0,0.9996258774778768
grid-2984646-m2,radiant_nw,nominal,369,11.455284552845528,68.0,502.5999999999999,0.9994933447575972
grid-2984646-m2,dire_nw,aligned,369,1.8590785907859078,90.0,262.59999999999997,0.9996662763568109
grid-2984646-m2,dire_nw,nominal,369,-81.45257452574526,110.0,291.2,0.9996596374552599
grid-2984646-m2,radiant_xp_adv,aligned,369,3.848238482384824,0.0,780.0,0.9491732759903887
grid-2984646-m2,radiant_xp_adv,nominal,369,-12.411924119241192,0.0,799.9999999999989,0.9459588830199808
grid-2984646-m2,deaths_radiant,aligned,369,0.01084010840108401,0.0,0.0,0.9965592390552972
grid-2984646-m2,deaths_radiant,nominal,369,-0.018970189701897018,0.0,0.0,0.9940153088322098
grid-2984646-m2,deaths_dire,aligned,369,-0.0027100271002710027,0.0,0.0,0.9981675925307302
grid-2984646-m2,deaths_dire,nominal,369,-0.032520325203252036,0.0,0.0,0.9959047621260587
grid-2984646-m2,top1_nw_adv,aligned,369,50.579945799457995,5.0,300.0,0.9511813085199562
grid-2984646-m2,top1_nw_adv,nominal,369,42.327913279132794,17.0,300.0,0.94144758796548
grid-2984646-m2,radiant_top1_nw_ratio,aligned,369,0.00029588118394052054,0.0015207009897644508,0.007466457431051399,0.8469829333334165
grid-2984646-m2,radiant_top1_nw_ratio,nominal,369,0.00015592675823913874,0.00147638637060038,0.008265450845236427,0.7861730943806412
grid-2984646-m2,dire_top1_nw_ratio,aligned,369,-0.000294652303178532,0.001943115141391838,0.005869295776579818,0.9156912983379706
grid-2984646-m2,dire_top1_nw_ratio,nominal,369,-0.00046332386553988664,0.0019958439455838306,0.0068973799825076286,0.9143008923388631
grid-2987004-m1,radiant_nw_adv,aligned,329,48.47112462006079,50.0,277.4,0.7510233234683609
grid-2987004-m1,radiant_nw_adv,nominal,327,47.1651376146789,66.0,285.4000000000002,0.7498237405273847
grid-2987004-m1,radiant_nw,aligned,329,36.75987841945289,89.0,316.19999999999993,0.9990708960787502
grid-2987004-m1,radiant_nw,nominal,327,-19.853211009174313,116.0,322.2000000000001,0.9990637634291106
grid-2987004-m1,dire_nw,aligned,329,-11.711246200607903,86.0,392.9999999999999,0.9995798677450058
grid-2987004-m1,dire_nw,nominal,327,-67.01834862385321,145.0,358.0000000000007,0.9995302997172595
grid-2987004-m1,radiant_xp_adv,aligned,329,26.50455927051672,0.0,599.9999999999989,0.9610845904676708
grid-2987004-m1,radiant_xp_adv,nominal,327,24.34250764525994,0.0,680.0,0.9501983365692863
grid-2987004-m1,deaths_radiant,aligned,329,-0.00303951367781155,0.0,0.0,0.9983120285734475
grid-2987004-m1,deaths_radiant,nominal,327,-0.01529051987767584,0.0,0.0,0.9916039933069619
grid-2987004-m1,deaths_dire,aligned,329,0.00303951367781155,0.0,0.0,0.9968196561903141
grid-2987004-m1,deaths_dire,nominal,327,-0.012232415902140673,0.0,0.0,0.9957766639262309
grid-2987004-m1,top1_nw_adv,aligned,329,22.35258358662614,15.0,55.599999999999966,0.7837070483594956
grid-2987004-m1,top1_nw_adv,nominal,327,21.171253822629968,25.0,76.0,0.7801705818106203
grid-2987004-m1,radiant_top1_nw_ratio,aligned,329,-0.0002884392709258332,0.0014922045054892308,0.007879420440994489,0.9137649166245588
grid-2987004-m1,radiant_top1_nw_ratio,nominal,327,-0.0004884482747108878,0.001867531345022544,0.007679751920613312,0.9117060311621455
grid-2987004-m1,dire_top1_nw_ratio,aligned,329,-0.000777775963476445,0.0018294236785102724,0.007566242024417258,0.9369584170878184
grid-2987004-m1,dire_top1_nw_ratio,nominal,327,-0.0009158087445286465,0.0026775614681212867,0.007883723706163543,0.9232643820890956
grid-2987004-m2,radiant_nw_adv,aligned,524,105.49618320610686,68.0,555.7,0.9867475118740474
grid-2987004-m2,radiant_nw_adv,nominal,525,114.41714285714286,78.0,570.8000000000002,0.9845089827854837
grid-2987004-m2,radiant_nw,aligned,524,44.50954198473283,61.0,252.79999999999995,0.9998215080505347
grid-2987004-m2,radiant_nw,nominal,525,-11.201904761904762,112.0,236.20000000000005,0.9997513374111742
grid-2987004-m2,dire_nw,aligned,524,-60.98664122137404,87.5,333.79999999999995,0.9996275712442827
grid-2987004-m2,dire_nw,nominal,525,-125.61904761904762,121.0,410.0,0.9996005934495965
grid-2987004-m2,radiant_xp_adv,aligned,524,3.969465648854962,0.0,280.0,0.9768167381985209
grid-2987004-m2,radiant_xp_adv,nominal,525,21.295238095238094,0.0,680.0,0.9537061975425146
grid-2987004-m2,deaths_radiant,aligned,524,-0.0057251908396946565,0.0,0.0,0.9988375503783773
grid-2987004-m2,deaths_radiant,nominal,525,-0.030476190476190476,0.0,0.0,0.9974435756680136
grid-2987004-m2,deaths_dire,aligned,524,-0.0057251908396946565,0.0,0.0,0.9967092351421077
grid-2987004-m2,deaths_dire,nominal,525,-0.01904761904761905,0.0,0.0,0.9892489527773314
grid-2987004-m2,top1_nw_adv,aligned,524,18.21946564885496,50.0,140.0,0.9729572744390816
grid-2987004-m2,top1_nw_adv,nominal,525,22.92952380952381,50.0,176.20000000000005,0.9656187854029974
grid-2987004-m2,radiant_top1_nw_ratio,aligned,524,-4.217999775207637e-05,0.0012680013618441704,0.008290284127410709,0.8385832863091955
grid-2987004-m2,radiant_top1_nw_ratio,nominal,525,-0.0001671978729173302,0.0019973831899595673,0.007903744121897162,0.7824059722683948
grid-2987004-m2,dire_top1_nw_ratio,aligned,524,0.0012688215598625448,0.0020707544733851446,0.0057481597933208,0.942774473148293
grid-2987004-m2,dire_top1_nw_ratio,nominal,525,0.0010361831518098314,0.0025025727212008297,0.00638084247631533,0.9170207753805231
grid-2987004-m3,radiant_nw_adv,aligned,349,-86.26647564469914,66.0,420.1999999999999,0.9040291301498534
grid-2987004-m3,radiant_nw_adv,nominal,348,-88.23275862068965,84.5,452.6,0.8890701089842838
grid-2987004-m3,radiant_nw,aligned,349,36.74498567335244,48.0,313.9999999999998,0.9996592100110088
grid-2987004-m3,radiant_nw,nominal,348,-21.126436781609197,84.0,309.60000000000025,0.999596417382671
grid-2987004-m3,dire_nw,aligned,349,123.01146131805157,99.0,461.5999999999999,0.9994608178653599
grid-2987004-m3,dire_nw,nominal,348,67.10632183908046,146.5,441.1000000000001,0.9994152118204894
grid-2987004-m3,radiant_xp_adv,aligned,349,-12.206303724928366,0.0,599.9999999999989,0.9517969927174423
grid-2987004-m3,radiant_xp_adv,nominal,348,-27.988505747126435,0.0,780.0,0.9239984668184394
grid-2987004-m3,deaths_radiant,aligned,349,0.0057306590257879654,0.0,0.0,0.9984031254126039
grid-2987004-m3,deaths_radiant,nominal,348,-0.017241379310344827,0.0,0.0,0.9976233967240336
grid-2987004-m3,deaths_dire,aligned,349,0.0,0.0,0.0,0.9986785277803844
grid-2987004-m3,deaths_dire,nominal,348,-0.020114942528735632,0.0,0.0,0.9954592501795905
grid-2987004-m3,top1_nw_adv,aligned,349,-6.902578796561604,7.0,44.0,0.7323388460665183
grid-2987004-m3,top1_nw_adv,nominal,348,-8.083333333333334,15.0,71.0,0.7076383383393337
grid-2987004-m3,radiant_top1_nw_ratio,aligned,349,-0.0011805250248237145,0.0015689647490675085,0.007464725009412909,0.9039776095102529
grid-2987004-m3,radiant_top1_nw_ratio,nominal,348,-0.0012888228164569533,0.0016450256299291866,0.0074837814126539615,0.8837024876408027
grid-2987004-m3,dire_top1_nw_ratio,aligned,349,-0.001588026592335061,0.002330748859359022,0.007885216470285266,0.85290175706903
grid-2987004-m3,dire_top1_nw_ratio,nominal,348,-0.001693370263676065,0.003633895930036088,0.007983518800668513,0.8423957510716001
grid-2987004-m4,radiant_nw_adv,aligned,362,-62.96408839779006,62.0,335.0,0.9173585838509739
grid-2987004-m4,radiant_nw_adv,nominal,361,-69.3157894736842,70.0,309.0,0.9017122946508194
grid-2987004-m4,radiant_nw,aligned,362,41.4585635359116,66.5,300.0,0.9997007733232293
grid-2987004-m4,radiant_nw,nominal,361,-55.03601108033241,105.0,263.0,0.999692061963446
grid-2987004-m4,dire_nw,aligned,362,104.42265193370166,50.0,435.3000000000006,0.9996181570509272
grid-2987004-m4,dire_nw,nominal,361,14.279778393351801,75.0,309.0,0.9996250847942126
grid-2987004-m4,radiant_xp_adv,aligned,362,-19.944751381215468,0.0,870.0000000000034,0.8657062448940626
grid-2987004-m4,radiant_xp_adv,nominal,361,-25.650969529085874,0.0,680.0,0.9236077228182638
grid-2987004-m4,deaths_radiant,aligned,362,0.0027624309392265192,0.0,0.0,0.9962153974612434
grid-2987004-m4,deaths_radiant,nominal,361,-0.008310249307479225,0.0,0.0,0.9886817819929408
grid-2987004-m4,deaths_dire,aligned,362,0.011049723756906077,0.0,0.0,0.9953910996117032
grid-2987004-m4,deaths_dire,nominal,361,-0.01662049861495845,0.0,0.0,0.9929035830227798
grid-2987004-m4,top1_nw_adv,aligned,362,2.1464088397790055,34.0,55.0,0.9722453148338278
grid-2987004-m4,top1_nw_adv,nominal,361,-0.7534626038781164,41.0,75.0,0.9578985165602616
grid-2987004-m4,radiant_top1_nw_ratio,aligned,362,-0.0014873051397105085,0.0019674017016672457,0.00652860230707224,0.9531039301251083
grid-2987004-m4,radiant_top1_nw_ratio,nominal,361,-0.001767477715279726,0.0020510364929521296,0.00539384945968302,0.9640389976935049
grid-2987004-m4,dire_top1_nw_ratio,aligned,362,-0.0021417983423508,0.0013949263170261184,0.007495828155311711,0.9683929152739398
grid-2987004-m4,dire_top1_nw_ratio,nominal,361,-0.002106075283254561,0.0013849089962137406,0.0072822419564209095,0.9538401373552048
grid-2987005-m1,radiant_nw_adv,aligned,463,-135.8185745140389,95.0,635.0,0.5890265826789
grid-2987005-m1,radiant_nw_adv,nominal,462,-133.495670995671,95.5,627.8000000000001,0.5749655827865047
grid-2987005-m1,radiant_nw,aligned,463,-81.33261339092873,54.0,560.0,0.9995386932513669
grid-2987005-m1,radiant_nw,nominal,462,-139.1904761904762,76.0,596.9000000000001,0.99949113431731
grid-2987005-m1,dire_nw,aligned,463,54.48596112311015,74.0,528.8,0.9996031274375167
grid-2987005-m1,dire_nw,nominal,462,-5.694805194805195,109.0,473.30000000000024,0.9995082329931733
grid-2987005-m1,radiant_xp_adv,aligned,463,-13.86609071274298,0.0,544.0000000000009,0.9464507919614625
grid-2987005-m1,radiant_xp_adv,nominal,462,2.034632034632035,0.0,778.0000000000007,0.9025040687596322
grid-2987005-m1,deaths_radiant,aligned,463,-0.0021598272138228943,0.0,0.0,0.9990815148556177
grid-2987005-m1,deaths_radiant,nominal,462,-0.01948051948051948,0.0,0.0,0.9900967673273054
grid-2987005-m1,deaths_dire,aligned,463,0.0,0.0,0.0,0.9999999999999998
grid-2987005-m1,deaths_dire,nominal,462,-0.004329004329004329,0.0,0.0,0.992179976072086
grid-2987005-m1,top1_nw_adv,aligned,463,-27.317494600431967,24.0,256.6,0.5441717711785914
grid-2987005-m1,top1_nw_adv,nominal,462,-26.48701298701299,35.0,261.90000000000003,0.5206193985122891
grid-2987005-m1,radiant_top1_nw_ratio,aligned,463,0.00042927027003219,0.0013132752509194545,0.005756727494025624,0.7674003368541975
grid-2987005-m1,radiant_top1_nw_ratio,nominal,462,0.00032876297663253956,0.0016035500395362723,0.007031302839429582,0.7276977564992076
grid-2987005-m1,dire_top1_nw_ratio,aligned,463,0.0009306066080898474,0.0018414250526600229,0.008374604453184909,0.7227332318630677
grid-2987005-m1,dire_top1_nw_ratio,nominal,462,0.0008216478246771829,0.0022654336774941136,0.008600041177238622,0.6927042977781529
grid-2987005-m2,radiant_nw_adv,aligned,356,-6.112359550561798,64.0,221.0,0.9786087382217876
grid-2987005-m2,radiant_nw_adv,nominal,356,-5.252808988764045,72.5,235.0,0.9680270175293166
grid-2987005-m2,radiant_nw,aligned,356,49.14325842696629,74.0,252.0,0.9997853093535988
grid-2987005-m2,radiant_nw,nominal,356,-10.876404494382022,79.5,259.0,0.9997562555864982
grid-2987005-m2,dire_nw,aligned,356,55.25561797752809,45.5,255.0,0.9997843155467191
grid-2987005-m2,dire_nw,nominal,356,-5.623595505617978,45.5,239.5,0.9997268314964813
grid-2987005-m2,radiant_xp_adv,aligned,356,9.55056179775281,0.0,570.0,0.9131186720640447
grid-2987005-m2,radiant_xp_adv,nominal,356,29.662921348314608,0.0,630.0,0.9031069709322318
grid-2987005-m2,deaths_radiant,aligned,356,-0.0028089887640449437,0.0,0.0,0.993049777162343
grid-2987005-m2,deaths_radiant,nominal,356,-0.008426966292134831,0.0,0.0,0.9792928602322051
grid-2987005-m2,deaths_dire,aligned,356,-0.0028089887640449437,0.0,0.0,0.9977439135726919
grid-2987005-m2,deaths_dire,nominal,356,-0.014044943820224719,0.0,0.0,0.9888367472608708
grid-2987005-m2,top1_nw_adv,aligned,356,-37.56741573033708,50.0,102.5,0.9497258495692172
grid-2987005-m2,top1_nw_adv,nominal,356,-34.03089887640449,53.0,106.0,0.9233062714431558
grid-2987005-m2,radiant_top1_nw_ratio,aligned,356,9.083251820033918e-05,0.0016336250898118798,0.00713937411812382,0.9327240545276984
grid-2987005-m2,radiant_top1_nw_ratio,nominal,356,-6.593008324222204e-06,0.001658213716832807,0.007246801459896174,0.9176060092793108
grid-2987005-m2,dire_top1_nw_ratio,aligned,356,0.0024069272302580016,0.005199598016889087,0.009645447862549617,0.8334923658727912
grid-2987005-m2,dire_top1_nw_ratio,nominal,356,0.0021651152598974907,0.005268849393115713,0.010331240650504947,0.8219287875276731
grid-2987005-m3,radiant_nw_adv,aligned,330,212.24848484848485,99.5,505.20000000000005,0.9392884311474089
grid-2987005-m3,radiant_nw_adv,nominal,330,198.4151515151515,136.0,534.8000000000002,0.9190323599731973
grid-2987005-m3,radiant_nw,aligned,330,165.33939393939394,110.0,640.0,0.9995768469314904
grid-2987005-m3,radiant_nw,nominal,330,60.52424242424242,89.0,577.1,0.9994228378857798
grid-2987005-m3,dire_nw,aligned,330,-46.90909090909091,81.0,306.0,0.9997469225388631
grid-2987005-m3,dire_nw,nominal,330,-137.8909090909091,116.5,369.70000000000016,0.9997551332579551
grid-2987005-m3,radiant_xp_adv,aligned,330,37.63636363636363,0.0,780.0,0.946207523613251
grid-2987005-m3,radiant_xp_adv,nominal,330,18.303030303030305,0.0,880.0,0.9420642518082429
grid-2987005-m3,deaths_radiant,aligned,330,0.0,0.0,0.0,0.9982520144069627
grid-2987005-m3,deaths_radiant,nominal,330,-0.03939393939393939,0.0,0.0,0.9945133677860972
grid-2987005-m3,deaths_dire,aligned,330,0.006060606060606061,0.0,0.0,0.9987885433074604
grid-2987005-m3,deaths_dire,nominal,330,-0.04242424242424243,0.0,0.0,0.989670842086909
grid-2987005-m3,top1_nw_adv,aligned,330,40.336363636363636,50.0,330.0,0.8052512359872341
grid-2987005-m3,top1_nw_adv,nominal,330,31.006060606060608,70.0,342.0,0.725258120854391
grid-2987005-m3,radiant_top1_nw_ratio,aligned,330,0.0005357368989049532,0.003116545203782073,0.008623458268186616,0.8919965115751359
grid-2987005-m3,radiant_top1_nw_ratio,nominal,330,-8.635175527358121e-05,0.004290361531247094,0.010925248171801207,0.924640109933289
grid-2987005-m3,dire_top1_nw_ratio,aligned,330,0.0005004651652782369,0.0016014564959252464,0.006748197151896884,0.9029724857293296
grid-2987005-m3,dire_top1_nw_ratio,nominal,330,0.00011552679467947228,0.002270439762575044,0.007695561434291499,0.8384256929594434
grid-2987005-m4,radiant_nw_adv,aligned,326,31.87730061349693,55.0,322.5,0.9220303963572204
grid-2987005-m4,radiant_nw_adv,nominal,326,46.36503067484663,76.0,329.0,0.9155322088850438
grid-2987005-m4,radiant_nw,aligned,326,-42.263803680981596,50.0,196.0,0.9998739894989498
grid-2987005-m4,radiant_nw,nominal,326,-131.03374233128835,108.5,281.5,0.9997737656911094
grid-2987005-m4,dire_nw,aligned,326,-74.14110429447852,60.0,489.0,0.9991538548825617
grid-2987005-m4,dire_nw,nominal,326,-177.39877300613497,116.5,546.5,0.9990931800793662
grid-2987005-m4,radiant_xp_adv,aligned,326,20.552147239263803,0.0,780.0,0.9301829823020623
grid-2987005-m4,radiant_xp_adv,nominal,326,35.58282208588957,0.0,680.0,0.9243802824653926
grid-2987005-m4,deaths_radiant,aligned,326,-0.009202453987730062,0.0,0.0,0.9960701989935429
grid-2987005-m4,deaths_radiant,nominal,326,-0.03067484662576687,0.0,0.0,0.9876447315235
grid-2987005-m4,deaths_dire,aligned,326,0.0,0.0,0.0,1.0
grid-2987005-m4,deaths_dire,nominal,326,-0.009202453987730062,0.0,0.0,0.9499960644301124
grid-2987005-m4,top1_nw_adv,aligned,326,-45.97546012269939,50.0,75.0,0.7816429016122777
grid-2987005-m4,top1_nw_adv,nominal,326,-44.32515337423313,50.0,122.0,0.7531890222373331
grid-2987005-m4,radiant_top1_nw_ratio,aligned,326,0.0004972059282876111,0.00111414422090296,0.006391278275227272,0.9464371650333245
grid-2987005-m4,radiant_top1_nw_ratio,nominal,326,3.621613477852257e-05,0.001718722033617226,0.00993123533350676,0.909411351395268
grid-2987005-m4,dire_top1_nw_ratio,aligned,326,0.00323803877206664,0.002774820501840136,0.006233972550978573,0.6732956916778486
grid-2987005-m4,dire_top1_nw_ratio,nominal,326,0.0029233769878114634,0.0032548219586187588,0.007103981917519639,0.6052893627945566
grid-2987006-m1,radiant_nw_adv,aligned,320,22.125,35.0,162.20000000000005,0.8197083726732645
grid-2987006-m1,radiant_nw_adv,nominal,319,19.031347962382444,64.0,295.79999999999995,0.7807438821883461
grid-2987006-m1,radiant_nw,aligned,320,59.640625,69.0,455.7000000000004,0.9984978765561906
grid-2987006-m1,radiant_nw,nominal,319,-33.874608150470216,127.0,434.9999999999999,0.9983624901338926
grid-2987006-m1,dire_nw,aligned,320,37.515625,62.5,509.1,0.9996132979512575
grid-2987006-m1,dire_nw,nominal,319,-52.905956112852664,116.0,414.79999999999995,0.999532226380175
grid-2987006-m1,radiant_xp_adv,aligned,320,-30.75,0.0,780.0,0.921993650550272
grid-2987006-m1,radiant_xp_adv,nominal,319,-42.19435736677116,0.0,780.0,0.9137785117615473
grid-2987006-m1,deaths_radiant,aligned,320,0.0,0.0,0.0,0.9969742232064154
grid-2987006-m1,deaths_radiant,nominal,319,-0.0219435736677116,0.0,0.0,0.9895483737513203
grid-2987006-m1,deaths_dire,aligned,320,0.00625,0.0,0.0,0.9971604766913214
grid-2987006-m1,deaths_dire,nominal,319,-0.018808777429467086,0.0,0.0,0.9918167003425431
grid-2987006-m1,top1_nw_adv,aligned,320,17.91875,10.0,59.0,0.7239759952124393
grid-2987006-m1,top1_nw_adv,nominal,319,10.579937304075235,15.0,90.19999999999999,0.6658861790648357
grid-2987006-m1,radiant_top1_nw_ratio,aligned,320,-5.5472660373796255e-05,0.001409098985078558,0.007177720601928386,0.8652336165013798
grid-2987006-m1,radiant_top1_nw_ratio,nominal,319,-0.00046637196862122943,0.0020942156148410773,0.00924712599608694,0.8149084691106455
grid-2987006-m1,dire_top1_nw_ratio,aligned,320,-0.0011363786360307597,0.0009444530085802039,0.006816328842408174,0.928729186095985
grid-2987006-m1,dire_top1_nw_ratio,nominal,319,-0.0012519321479154283,0.0014489400261255558,0.0072098686102210485,0.8820003084848393
grid-2987006-m2,radiant_nw_adv,aligned,425,257.8305882352941,133.0,657.8000000000001,0.6909585419445713
grid-2987006-m2,radiant_nw_adv,nominal,425,254.49411764705883,154.0,677.2,0.6648839275752658
grid-2987006-m2,radiant_nw,aligned,425,97.35058823529411,59.0,529.0,0.9995438523386877
grid-2987006-m2,radiant_nw,nominal,425,42.548235294117646,77.0,472.20000000000005,0.9995108836238069
grid-2987006-m2,dire_nw,aligned,425,-160.48,103.0,555.0,0.9992570774526026
grid-2987006-m2,dire_nw,nominal,425,-211.94588235294117,154.0,608.2,0.9991927167390464
grid-2987006-m2,radiant_xp_adv,aligned,425,25.08235294117647,0.0,480.0,0.9513471632945966
grid-2987006-m2,radiant_xp_adv,nominal,425,43.43529411764706,0.0,728.0000000000018,0.923350766393809
grid-2987006-m2,deaths_radiant,aligned,425,0.0,0.0,0.0,0.999027127866409
grid-2987006-m2,deaths_radiant,nominal,425,-0.007058823529411765,0.0,0.0,0.9985672086154401
grid-2987006-m2,deaths_dire,aligned,425,-0.002352941176470588,0.0,0.0,0.9983604786323905
grid-2987006-m2,deaths_dire,nominal,425,-0.01647058823529412,0.0,0.0,0.9940377856914332
grid-2987006-m2,top1_nw_adv,aligned,425,-3.9529411764705884,15.0,63.0,0.8523415266063489
grid-2987006-m2,top1_nw_adv,nominal,425,-6.990588235294117,24.0,79.60000000000002,0.8399952680909002
grid-2987006-m2,radiant_top1_nw_ratio,aligned,425,-0.0019445221149200203,0.002154922447290236,0.00835042809259623,0.8872337842466241
grid-2987006-m2,radiant_top1_nw_ratio,nominal,425,-0.0021386425485140246,0.0023184848163222693,0.00895570648065895,0.8567458829848765
grid-2987006-m2,dire_top1_nw_ratio,aligned,425,0.0016444295187617232,0.0009543513463107778,0.0055018402032399275,0.9523503497108182
grid-2987006-m2,dire_top1_nw_ratio,nominal,425,0.0016518583853105482,0.0013221949917635034,0.006045019809512606,0.9478850924456912
grid-2987006-m3,radiant_nw_adv,aligned,321,-37.11526479750779,60.0,389.0,0.95707127969006
grid-2987006-m3,radiant_nw_adv,nominal,320,-30.221875,79.0,427.8000000000002,0.9464687966949316
grid-2987006-m3,radiant_nw,aligned,321,-116.35202492211837,110.0,416.0,0.9997183726906916
grid-2987006-m3,radiant_nw,nominal,320,-202.328125,170.5,506.1,0.999697747615984
grid-2987006-m3,dire_nw,aligned,321,-79.2367601246106,85.0,206.0,0.9998748285226515
grid-2987006-m3,dire_nw,nominal,320,-172.10625,154.0,270.30000000000007,0.9998160447899492
grid-2987006-m3,radiant_xp_adv,aligned,321,-21.43302180685358,0.0,780.0,0.9216501699553584
grid-2987006-m3,radiant_xp_adv,nominal,320,-15.75,0.0,880.0,0.8984999850977542
grid-2987006-m3,deaths_radiant,aligned,321,0.006230529595015576,0.0,0.0,0.9955866782432093
grid-2987006-m3,deaths_radiant,nominal,320,-0.025,0.0,0.0,0.9918468505427219
grid-2987006-m3,deaths_dire,aligned,321,0.009345794392523364,0.0,0.0,0.9955631976240292
grid-2987006-m3,deaths_dire,nominal,320,-0.015625,0.0,0.0,0.9925848994821306
grid-2987006-m3,top1_nw_adv,aligned,321,-8.090342679127726,25.0,125.0,0.9893264793993543
grid-2987006-m3,top1_nw_adv,nominal,320,-0.29375,36.0,126.20000000000005,0.9841852433550136
grid-2987006-m3,radiant_top1_nw_ratio,aligned,321,0.0007497647834454618,0.0020232473740759704,0.00543365768128351,0.838755124134648
grid-2987006-m3,radiant_top1_nw_ratio,nominal,320,0.0005158344598885148,0.0022664661312551265,0.006392815019054349,0.7976548946161852
grid-2987006-m3,dire_top1_nw_ratio,aligned,321,0.0014083582733753234,0.001834729662094664,0.005609481304129471,0.9798206716042188
grid-2987006-m3,dire_top1_nw_ratio,nominal,320,0.0009019571330699374,0.002202008364786956,0.006456439239541305,0.9710059138863152
grid-2987006-m4,radiant_nw_adv,aligned,366,-31.721311475409838,73.0,360.0,0.7630693273715577
grid-2987006-m4,radiant_nw_adv,nominal,364,-30.09065934065934,80.5,393.7,0.7308436011680041
grid-2987006-m4,radiant_nw,aligned,366,12.221311475409836,49.0,252.5,0.9993350788447019
grid-2987006-m4,radiant_nw,nominal,364,-45.239010989010985,76.5,274.5999999999999,0.9992406290202689
grid-2987006-m4,dire_nw,aligned,366,43.942622950819676,51.0,174.0,0.9991420911393942
grid-2987006-m4,dire_nw,nominal,364,-15.148351648351648,81.0,202.0,0.9990547220160726
grid-2987006-m4,radiant_xp_adv,aligned,366,15.846994535519126,0.0,580.0,0.9224305448113779
grid-2987006-m4,radiant_xp_adv,nominal,364,6.153846153846154,0.0,580.0,0.9034383992371284
grid-2987006-m4,deaths_radiant,aligned,366,0.0,0.0,0.0,1.0
grid-2987006-m4,deaths_radiant,nominal,364,-0.013736263736263736,0.0,0.0,0.9871772547582128
grid-2987006-m4,deaths_dire,aligned,366,-0.00819672131147541,0.0,0.0,0.990314880563514
grid-2987006-m4,deaths_dire,nominal,364,-0.016483516483516484,0.0,0.0,0.980640940484026
grid-2987006-m4,top1_nw_adv,aligned,366,14.248633879781421,17.0,43.0,0.7539032165081276
grid-2987006-m4,top1_nw_adv,nominal,364,11.277472527472527,25.0,65.0,0.7277616059604813
grid-2987006-m4,radiant_top1_nw_ratio,aligned,366,0.00031638607717010715,0.0015259300341964321,0.004735426052423775,0.849604670569482
grid-2987006-m4,radiant_top1_nw_ratio,nominal,364,5.310475167580754e-05,0.0018266385528643153,0.005668585691732266,0.8313152209857606
grid-2987006-m4,dire_top1_nw_ratio,aligned,366,-0.000631672631940923,0.0012421960913337055,0.004891312851452029,0.7140971234878946
grid-2987006-m4,dire_top1_nw_ratio,nominal,364,-0.0006476420580185546,0.0014785454221549754,0.0060000170236164845,0.6900544872864438
grid-2987017-m1,radiant_nw_adv,aligned,310,13.080645161290322,70.0,324.60000000000014,0.9771479982262753
grid-2987017-m1,radiant_nw_adv,nominal,308,24.574675324675326,97.5,370.6,0.9504234210523946
grid-2987017-m1,radiant_nw,aligned,310,30.374193548387098,80.0,269.0,0.999790316640549
grid-2987017-m1,radiant_nw,nominal,308,-87.71103896103897,167.5,279.6,0.9997213252042547
grid-2987017-m1,dire_nw,aligned,310,17.293548387096774,82.0,310.0,0.9996474645526267
grid-2987017-m1,dire_nw,nominal,308,-112.28571428571429,135.0,362.3000000000001,0.9994958438401231
grid-2987017-m1,radiant_xp_adv,aligned,310,-1.8064516129032258,0.0,780.0,0.8835634195088734
grid-2987017-m1,radiant_xp_adv,nominal,308,-37.532467532467535,0.0,966.0000000000002,0.7869810159851747
grid-2987017-m1,deaths_radiant,aligned,310,0.0,0.0,0.0,0.9985941928708812
grid-2987017-m1,deaths_radiant,nominal,308,-0.05194805194805195,0.0,0.0,0.9865265263156638
grid-2987017-m1,deaths_dire,aligned,310,0.0064516129032258064,0.0,0.0,0.995317376120237
grid-2987017-m1,deaths_dire,nominal,308,-0.00974025974025974,0.0,0.0,0.9929668868207318
grid-2987017-m1,top1_nw_adv,aligned,310,-24.27741935483871,19.0,119.10000000000002,0.9307351258641272
grid-2987017-m1,top1_nw_adv,nominal,308,-15.9512987012987,25.5,126.0,0.8678506144535147
grid-2987017-m1,radiant_top1_nw_ratio,aligned,310,-0.0002412081715048512,0.001605340964828339,0.007373295424950416,0.9309437149675809
grid-2987017-m1,radiant_top1_nw_ratio,nominal,308,-0.0002690252020802324,0.002495729986226214,0.00834269639921173,0.9167927516338001
grid-2987017-m1,dire_top1_nw_ratio,aligned,310,0.0009832525989751126,0.0023310048597840055,0.010110009810544222,0.9657602404625081
grid-2987017-m1,dire_top1_nw_ratio,nominal,308,0.0004845713079547655,0.002358880304956873,0.01110408509800279,0.9389955072944915
grid-2987017-m2,radiant_nw_adv,aligned,412,33.10679611650485,29.0,311.2000000000003,0.9679895509765757
grid-2987017-m2,radiant_nw_adv,nominal,410,42.297560975609755,53.5,293.30000000000007,0.9608204757821996
grid-2987017-m2,radiant_nw,aligned,412,-71.30339805825243,45.0,210.0,0.9998746318925672
grid-2987017-m2,radiant_nw,nominal,410,-151.0951219512195,118.5,300.1,0.9998564791496035
grid-2987017-m2,dire_nw,aligned,412,-104.41019417475728,40.0,505.0,0.9998165121784697
grid-2987017-m2,dire_nw,nominal,410,-193.39268292682928,121.0,575.2,0.9997220913045994
grid-2987017-m2,radiant_xp_adv,aligned,412,3.2524271844660193,0.0,780.0,0.8836003757054223
grid-2987017-m2,radiant_xp_adv,nominal,410,18.682926829268293,0.0,780.0,0.8776948458970699
grid-2987017-m2,deaths_radiant,aligned,412,0.0,0.0,0.0,1.0
grid-2987017-m2,deaths_radiant,nominal,410,-0.014634146341463415,0.0,0.0,0.9822511592414872
grid-2987017-m2,deaths_dire,aligned,412,0.0,0.0,0.0,
grid-2987017-m2,deaths_dire,nominal,410,0.0,0.0,0.0,
grid-2987017-m2,top1_nw_adv,aligned,412,7.771844660194175,15.0,34.0,0.9743638863226853
grid-2987017-m2,top1_nw_adv,nominal,410,11.96829268292683,15.0,67.0,0.9346554054770367
grid-2987017-m2,radiant_top1_nw_ratio,aligned,412,0.0010041691868632316,0.0012779075620123898,0.0032095192620489577,0.9236992765033171
grid-2987017-m2,radiant_top1_nw_ratio,nominal,410,0.0009877177992674334,0.0017772634792635605,0.004455865878275346,0.8982781486388339
grid-2987017-m2,dire_top1_nw_ratio,aligned,412,0.0009236199485439377,0.0003847486256922522,0.004964185711179715,0.9519629357450733
grid-2987017-m2,dire_top1_nw_ratio,nominal,410,0.0007610481240805034,0.0015284115272994475,0.00543680261783188,0.8925869716225456
grid-2987017-m3,radiant_nw_adv,aligned,325,120.20307692307692,112.0,417.4000000000002,0.9411489990752556
grid-2987017-m3,radiant_nw_adv,nominal,324,122.67901234567901,113.0,426.19999999999993,0.9371771731040723
grid-2987017-m3,radiant_nw,aligned,325,24.344615384615384,65.0,307.20000000000016,0.9997237347288985
grid-2987017-m3,radiant_nw,nominal,324,0.06481481481481481,71.0,312.7,0.9997080606793952
grid-2987017-m3,dire_nw,aligned,325,-95.85846153846154,101.0,306.2000000000004,0.9990993227309182
grid-2987017-m3,dire_nw,nominal,324,-122.6141975308642,126.0,344.4,0.9990483534310782
grid-2987017-m3,radiant_xp_adv,aligned,325,24.861538461538462,0.0,480.0,0.9144810483369088
grid-2987017-m3,radiant_xp_adv,nominal,324,33.58024691358025,0.0,780.0,0.8670789228879846
grid-2987017-m3,deaths_radiant,aligned,325,0.0,0.0,0.0,0.9999999999999999
grid-2987017-m3,deaths_radiant,nominal,324,-0.0030864197530864196,0.0,0.0,0.9875235776781368
grid-2987017-m3,deaths_dire,aligned,325,0.0,0.0,0.0,1.0
grid-2987017-m3,deaths_dire,nominal,324,0.0,0.0,0.0,1.0
grid-2987017-m3,top1_nw_adv,aligned,325,39.815384615384616,55.0,124.0,0.8036443431581171
grid-2987017-m3,top1_nw_adv,nominal,324,41.69444444444444,55.0,128.19999999999993,0.7949108650961907
grid-2987017-m3,radiant_top1_nw_ratio,aligned,325,0.002150793566639599,0.0028720619450378626,0.007111920949779577,0.9512785299632027
grid-2987017-m3,radiant_top1_nw_ratio,nominal,324,0.0022031359462321926,0.002986798679440253,0.007380711084827537,0.9491419843409311
grid-2987017-m3,dire_top1_nw_ratio,aligned,325,0.0005933902131392106,0.0010476306033444793,0.006043500489972909,0.9381819751524709
grid-2987017-m3,dire_top1_nw_ratio,nominal,324,0.0005478542773139628,0.00120087857231993,0.007112918775536083,0.9330474849384104
grid-2987018-m1,radiant_nw_adv,aligned,445,83.3438202247191,64.0,351.0,0.9455847928295134
grid-2987018-m1,radiant_nw_adv,nominal,445,85.06966292134831,88.0,381.20000000000005,0.925549280598607
grid-2987018-m1,radiant_nw,aligned,445,135.71011235955055,100.0,500.0,0.9997090732902296
grid-2987018-m1,radiant_nw,nominal,445,77.21573033707865,151.0,478.6,0.9996297164694149
grid-2987018-m1,dire_nw,aligned,445,52.36629213483146,69.0,470.6,0.999686241787638
grid-2987018-m1,dire_nw,nominal,445,-7.853932584269663,95.0,405.80000000000007,0.9996456853707046
grid-2987018-m1,radiant_xp_adv,aligned,445,-1.8876404494382022,0.0,480.0,0.970315763389006
grid-2987018-m1,radiant_xp_adv,nominal,445,12.539325842696629,0.0,780.0,0.9568710714551043
grid-2987018-m1,deaths_radiant,aligned,445,0.0,0.0,0.0,0.9990657794235699
grid-2987018-m1,deaths_radiant,nominal,445,-0.017977528089887642,0.0,0.0,0.9981845594557947
grid-2987018-m1,deaths_dire,aligned,445,-0.006741573033707865,0.0,0.0,0.9987055896605419
grid-2987018-m1,deaths_dire,nominal,445,-0.029213483146067417,0.0,0.0,0.9967196186017215
grid-2987018-m1,top1_nw_adv,aligned,445,-30.042696629213484,55.0,305.0,0.903512560414795
grid-2987018-m1,top1_nw_adv,nominal,445,-33.41348314606741,61.0,305.0,0.8827693760303407
grid-2987018-m1,radiant_top1_nw_ratio,aligned,445,-0.0015708886381123478,0.00528014099507268,0.008961449201710148,0.9658864764274215
grid-2987018-m1,radiant_top1_nw_ratio,nominal,445,-0.001859001185887675,0.005250626047278051,0.009167854985137048,0.960368731887222
grid-2987018-m1,dire_top1_nw_ratio,aligned,445,0.0012443941635718366,0.0031310420197195876,0.010539026954924813,0.8605885288327421
grid-2987018-m1,dire_top1_nw_ratio,nominal,445,0.0011450717113332962,0.004521800965353928,0.012702044934616092,0.8533308275310885
grid-2987018-m2,radiant_nw_adv,aligned,453,-114.0176600441501,85.0,721.8000000000001,0.9617961694709931
grid-2987018-m2,radiant_nw_adv,nominal,450,-123.84666666666666,103.5,710.1,0.9575236221748648
grid-2987018-m2,radiant_nw,aligned,453,-49.58940397350993,94.0,311.0,0.9997153906481794
grid-2987018-m2,radiant_nw,nominal,450,-139.0222222222222,115.0,412.20000000000005,0.9996433542130668
grid-2987018-m2,dire_nw,aligned,453,64.42825607064017,50.0,448.8,0.999624796947186
grid-2987018-m2,dire_nw,nominal,450,-15.175555555555556,115.0,385.30000000000007,0.999603241370249
grid-2987018-m2,radiant_xp_adv,aligned,453,-23.664459161147903,0.0,460.00000000000114,0.9802382783325944
grid-2987018-m2,radiant_xp_adv,nominal,450,-63.022222222222226,0.0,880.0,0.949236634166868
grid-2987018-m2,deaths_radiant,aligned,453,-0.002207505518763797,0.0,0.0,0.9938809256405539
grid-2987018-m2,deaths_radiant,nominal,450,-0.008888888888888889,0.0,0.0,0.9754590585509477
grid-2987018-m2,deaths_dire,aligned,453,0.002207505518763797,0.0,0.0,0.9989865973739327
grid-2987018-m2,deaths_dire,nominal,450,-0.03333333333333333,0.0,0.0,0.9970227047582975
grid-2987018-m2,top1_nw_adv,aligned,453,4.381898454746137,20.0,50.0,0.9912559894039391
grid-2987018-m2,top1_nw_adv,nominal,450,4.066666666666666,32.0,84.0,0.9785520016719561
grid-2987018-m2,radiant_top1_nw_ratio,aligned,453,-0.0002933597269897344,0.0018067005633634892,0.00396265080646347,0.9512136931626468
grid-2987018-m2,radiant_top1_nw_ratio,nominal,450,-0.0004025220107708966,0.0017512866654993409,0.006545537475067571,0.9061326181515321
grid-2987018-m2,dire_top1_nw_ratio,aligned,453,-0.0022904424031871856,0.002820997974570305,0.008010411884634035,0.944797400747839
grid-2987018-m2,dire_top1_nw_ratio,nominal,450,-0.0023965378686040327,0.002976762927270754,0.0077814474805631435,0.9202909215880124
grid-2987018-m4,radiant_nw_adv,aligned,376,32.244680851063826,110.0,394.5,0.9955022117476091
grid-2987018-m4,radiant_nw_adv,nominal,373,52.16890080428954,131.0,461.80000000000007,0.9916890777168161
grid-2987018-m4,radiant_nw,aligned,376,134.62234042553192,67.5,573.0,0.9996446807500852
grid-2987018-m4,radiant_nw,nominal,373,44.52278820375335,142.0,517.6000000000001,0.9994740697529317
grid-2987018-m4,dire_nw,aligned,376,102.37765957446808,100.0,352.5,0.999745493821821
grid-2987018-m4,dire_nw,nominal,373,-7.646112600536193,69.0,348.0,0.9996443999899658
grid-2987018-m4,radiant_xp_adv,aligned,376,41.11702127659574,0.0,580.0,0.982440555395982
grid-2987018-m4,radiant_xp_adv,nominal,373,41.983914209115284,0.0,780.0,0.9631015198567564
grid-2987018-m4,deaths_radiant,aligned,376,0.005319148936170213,0.0,0.0,0.9992882257113387
grid-2987018-m4,deaths_radiant,nominal,373,-0.06702412868632708,0.0,0.0,0.9969808905218425
grid-2987018-m4,deaths_dire,aligned,376,0.0026595744680851063,0.0,0.0,0.9966070609830355
grid-2987018-m4,deaths_dire,nominal,373,-0.02680965147453083,0.0,0.0,0.9873959620421678
grid-2987018-m4,top1_nw_adv,aligned,376,0.09042553191489362,15.0,69.0,0.9912449790219106
grid-2987018-m4,top1_nw_adv,nominal,373,9.431635388739947,24.0,92.0,0.9802410746999531
grid-2987018-m4,radiant_top1_nw_ratio,aligned,376,-0.0013521045029032594,0.0024116471718669957,0.007825355261994363,0.7595772783746989
grid-2987018-m4,radiant_top1_nw_ratio,nominal,373,-0.0011829897656433124,0.003200710941799939,0.007684874731833835,0.6744985979903296
grid-2987018-m4,dire_top1_nw_ratio,aligned,376,-0.0023012183268912006,0.0019101133182178043,0.006183391853824063,0.8779009905877875
grid-2987018-m4,dire_top1_nw_ratio,nominal,373,-0.002453201476515612,0.002152865918055219,0.007226100860445324,0.8294269024553274
grid-2987018-m5,radiant_nw_adv,aligned,321,119.35202492211837,65.0,788.0,0.9438159234966693
grid-2987018-m5,radiant_nw_adv,nominal,319,120.20689655172414,77.0,800.3999999999999,0.9344771382106428
grid-2987018-m5,radiant_nw,aligned,321,42.258566978193144,64.0,499.0,0.9997101408434509
grid-2987018-m5,radiant_nw,nominal,319,-51.73667711598746,137.0,426.4,0.9995533465595635
grid-2987018-m5,dire_nw,aligned,321,-77.09345794392523,85.0,341.0,0.9997372010348069
grid-2987018-m5,dire_nw,nominal,319,-171.9435736677116,143.0,427.2,0.999707890252171
grid-2987018-m5,radiant_xp_adv,aligned,321,2.6791277258566977,0.0,580.0,0.9464444102979608
grid-2987018-m5,radiant_xp_adv,nominal,319,-0.18808777429467086,0.0,980.0,0.8523705829316993
grid-2987018-m5,deaths_radiant,aligned,321,0.0,0.0,0.0,0.9982930529826946
grid-2987018-m5,deaths_radiant,nominal,319,-0.05329153605015674,0.0,0.0,0.994785281882889
grid-2987018-m5,deaths_dire,aligned,321,0.0,0.0,0.0,0.9990253839634305
grid-2987018-m5,deaths_dire,nominal,319,-0.03761755485893417,0.0,0.0,0.991226316094057
grid-2987018-m5,top1_nw_adv,aligned,321,29.05919003115265,12.0,122.0,0.9000241049639226
grid-2987018-m5,top1_nw_adv,nominal,319,28.87460815047022,26.0,117.19999999999993,0.8951002151414921
grid-2987018-m5,radiant_top1_nw_ratio,aligned,321,-0.0007337724083465082,0.0012790100281273864,0.00649030325018235,0.9005294501064026
grid-2987018-m5,radiant_top1_nw_ratio,nominal,319,-0.0008616032950916679,0.0021860552779245646,0.006959764521766642,0.8779317220166923
grid-2987018-m5,dire_top1_nw_ratio,aligned,321,-0.0008447730607303538,0.0021936745648536427,0.008087541883062127,0.8883521452588854
grid-2987018-m5,dire_top1_nw_ratio,nominal,319,-0.0009270742060613382,0.0024380612417798098,0.009994295599795111,0.8784126379503634
grid-2987019-m1,radiant_nw_adv,aligned,378,73.07936507936508,80.0,371.50000000000006,0.809543274897607
grid-2987019-m1,radiant_nw_adv,nominal,375,83.77333333333333,82.0,400.60000000000014,0.7928060031398421
grid-2987019-m1,radiant_nw,aligned,378,140.6931216931217,79.0,620.0,0.9994309674992811
grid-2987019-m1,radiant_nw,nominal,375,58.690666666666665,83.0,525.0000000000001,0.9994621375306695
grid-2987019-m1,dire_nw,aligned,378,67.6137566137566,115.0,304.0,0.9997243131316572
grid-2987019-m1,dire_nw,nominal,375,-25.082666666666668,95.0,274.6,0.9996302200267667
grid-2987019-m1,radiant_xp_adv,aligned,378,3.5978835978835977,0.0,680.0,0.8743628624431127
grid-2987019-m1,radiant_xp_adv,nominal,375,-9.44,0.0,780.0,0.8695132213340929
grid-2987019-m1,deaths_radiant,aligned,378,-0.0026455026455026454,0.0,0.0,0.9995736753465011
grid-2987019-m1,deaths_radiant,nominal,375,-0.034666666666666665,0.0,0.0,0.9937291962171637
grid-2987019-m1,deaths_dire,aligned,378,0.007936507936507936,0.0,0.0,0.9976719427287328
grid-2987019-m1,deaths_dire,nominal,375,-0.013333333333333334,0.0,0.0,0.9961100464400459
grid-2987019-m1,top1_nw_adv,aligned,378,-18.373015873015873,23.5,97.0,0.9518849372882485
grid-2987019-m1,top1_nw_adv,nominal,375,-15.973333333333333,30.0,114.20000000000005,0.937460780425627
grid-2987019-m1,radiant_top1_nw_ratio,aligned,378,-0.0011010985552852132,0.0016361725204906696,0.0070006158693735445,0.9152189700359811
grid-2987019-m1,radiant_top1_nw_ratio,nominal,375,-0.0012067823778928316,0.002052693143809542,0.008260085975372238,0.8781299792414404
grid-2987019-m1,dire_top1_nw_ratio,aligned,378,0.0006506211558863706,0.0018692842789777703,0.004708514623704843,0.9262488310432894
grid-2987019-m1,dire_top1_nw_ratio,nominal,375,0.0005095078079433807,0.0021270470082428994,0.0060174396978146865,0.8756286400031257
grid-2987019-m2,radiant_nw_adv,aligned,195,-169.8923076923077,145.0,509.2,0.9264397851980685
grid-2987019-m2,radiant_nw_adv,nominal,193,-161.70466321243524,207.0,485.20000000000005,0.9247379731553264
grid-2987019-m2,radiant_nw,aligned,195,-32.62051282051282,111.0,311.6,0.99655536080632
grid-2987019-m2,radiant_nw,nominal,193,-120.36269430051813,148.0,422.2000000000001,0.9965456892025796
grid-2987019-m2,dire_nw,aligned,195,137.27179487179487,85.0,570.0,0.9991576585238585
grid-2987019-m2,dire_nw,nominal,193,41.3419689119171,98.0,498.6,0.9990698371740564
grid-2987019-m2,radiant_xp_adv,aligned,195,-6.051282051282051,0.0,980.0,0.9132763110758549
grid-2987019-m2,radiant_xp_adv,nominal,193,22.694300518134714,0.0,880.0,0.9571774047853172
grid-2987019-m2,deaths_radiant,aligned,195,0.005128205128205128,0.0,0.0,0.9970365206041197
grid-2987019-m2,deaths_radiant,nominal,193,-0.015544041450777202,0.0,0.0,0.9910304770663394
grid-2987019-m2,deaths_dire,aligned,195,0.0,0.0,0.0,0.9999999999999999
grid-2987019-m2,deaths_dire,nominal,193,0.0,0.0,0.0,1.0
grid-2987019-m2,top1_nw_adv,aligned,195,4.897435897435898,45.0,95.0,0.7253228990389352
grid-2987019-m2,top1_nw_adv,nominal,193,7.124352331606218,45.0,103.2000000000001,0.7514571347048666
grid-2987019-m2,radiant_top1_nw_ratio,aligned,195,0.0016201055623177335,0.0014224212051042184,0.0043986480260566055,0.4649009639402489
grid-2987019-m2,radiant_top1_nw_ratio,nominal,193,0.0015373476607441784,0.002069789952211548,0.006285519886763301,0.5111773393843655
grid-2987019-m2,dire_top1_nw_ratio,aligned,195,-0.0008234110390635206,0.0017620195540261618,0.006671397595935494,0.9416735835334238
grid-2987019-m2,dire_top1_nw_ratio,nominal,193,-0.001004176034427419,0.001613727685881916,0.006862910766315168,0.9279926637289068
grid-2987019-m3,radiant_nw_adv,aligned,373,175.12600536193028,90.0,680.0,0.9930363006806151
grid-2987019-m3,radiant_nw_adv,nominal,372,159.9784946236559,102.5,693.8000000000001,0.9914156846370658
grid-2987019-m3,radiant_nw,aligned,373,126.16353887399464,100.0,615.0,0.9996884506783675
grid-2987019-m3,radiant_nw,nominal,372,62.086021505376344,105.5,587.3000000000002,0.9996658130546482
grid-2987019-m3,dire_nw,aligned,373,-48.96246648793566,50.0,145.20000000000005,0.9996873992978035
grid-2987019-m3,dire_nw,nominal,372,-97.89247311827957,66.5,216.30000000000024,0.9996550758168515
grid-2987019-m3,radiant_xp_adv,aligned,373,10.026809651474531,0.0,680.0,0.9713017826143211
grid-2987019-m3,radiant_xp_adv,nominal,372,13.279569892473118,0.0,780.0,0.9644909868211259
grid-2987019-m3,deaths_radiant,aligned,373,-0.002680965147453083,0.0,0.0,0.9977082496265334
grid-2987019-m3,deaths_radiant,nominal,372,-0.013440860215053764,0.0,0.0,0.9887200056384873
grid-2987019-m3,deaths_dire,aligned,373,-0.002680965147453083,0.0,0.0,0.9962228606396732
grid-2987019-m3,deaths_dire,nominal,372,-0.024193548387096774,0.0,0.0,0.9952604453437135
grid-2987019-m3,top1_nw_adv,aligned,373,20.10455764075067,36.0,80.0,0.9950753849686693
grid-2987019-m3,top1_nw_adv,nominal,372,12.720430107526882,43.5,86.0,0.9937659600378217
grid-2987019-m3,radiant_top1_nw_ratio,aligned,373,-0.0008580733076205766,0.0029570895779606476,0.006839541754535184,0.9474338418803988
grid-2987019-m3,radiant_top1_nw_ratio,nominal,372,-0.001038716895231032,0.0034938062509961287,0.007009833513396132,0.9548226476166461
grid-2987019-m3,dire_top1_nw_ratio,aligned,373,0.00032981922424142157,0.001023774682997164,0.005394928418060291,0.9125181394016149
grid-2987019-m3,dire_top1_nw_ratio,nominal,372,0.0002959628218453499,0.001108758649100594,0.005784107048816412,0.8957506207464687
grid-2987019-m4,radiant_nw_adv,aligned,319,-57.29780564263323,75.0,466.9999999999999,0.9764681731408417
grid-2987019-m4,radiant_nw_adv,nominal,319,-53.03448275862069,89.0,496.99999999999994,0.9703780661030694
grid-2987019-m4,radiant_nw,aligned,319,-37.27272727272727,52.0,200.0,0.999829008452735
grid-2987019-m4,radiant_nw,nominal,319,-103.75235109717869,80.0,267.59999999999997,0.9998168300876172
grid-2987019-m4,dire_nw,aligned,319,20.025078369905955,50.0,221.9999999999999,0.9997837537455265
grid-2987019-m4,dire_nw,nominal,319,-50.71786833855799,69.0,288.1999999999998,0.9997374930981257
grid-2987019-m4,radiant_xp_adv,aligned,319,24.57680250783699,0.0,763.9999999999998,0.9470197032933944
grid-2987019-m4,radiant_xp_adv,nominal,319,14.670846394984325,0.0,763.9999999999998,0.9463277262510136
grid-2987019-m4,deaths_radiant,aligned,319,0.0,0.0,0.0,0.9959771999293802
grid-2987019-m4,deaths_radiant,nominal,319,-0.025078369905956112,0.0,0.0,0.99485688126001
grid-2987019-m4,deaths_dire,aligned,319,0.003134796238244514,0.0,0.0,0.9972781431498412
grid-2987019-m4,deaths_dire,nominal,319,-0.018808777429467086,0.0,0.0,0.9946367913686458
grid-2987019-m4,top1_nw_adv,aligned,319,-12.341692789968652,31.0,77.59999999999997,0.9868692156414939
grid-2987019-m4,top1_nw_adv,nominal,319,-10.341692789968652,37.0,108.39999999999998,0.9798714362231871
grid-2987019-m4,radiant_top1_nw_ratio,aligned,319,0.0003171930454063475,0.001111630210603315,0.005461075865493456,0.955269482721309
grid-2987019-m4,radiant_top1_nw_ratio,nominal,319,8.49354808719841e-05,0.0012115840186351645,0.006764664136413584,0.9481601510504856
grid-2987019-m4,dire_top1_nw_ratio,aligned,319,2.922167749464036e-05,0.0018030098868451194,0.0042420752045783106,0.9303540197604939
grid-2987019-m4,dire_top1_nw_ratio,nominal,319,-0.00020521879397736762,0.0020636533111881017,0.005094663092126084,0.9786842071118687
grid-2987019-m5,radiant_nw_adv,aligned,314,35.42356687898089,45.0,297.5999999999999,0.9667652080299153
grid-2987019-m5,radiant_nw_adv,nominal,312,33.29807692307692,62.5,346.80000000000075,0.9585993007245039
grid-2987019-m5,radiant_nw,aligned,314,-28.5,59.5,296.0,0.9996326465237412
grid-2987019-m5,radiant_nw,nominal,312,-112.34615384615384,116.0,341.4000000000002,0.9996426568631235
grid-2987019-m5,dire_nw,aligned,314,-63.92356687898089,56.0,249.7,0.9995623216246402
grid-2987019-m5,dire_nw,nominal,312,-145.64423076923077,112.5,336.2000000000003,0.9995490224665728
grid-2987019-m5,radiant_xp_adv,aligned,314,-9.299363057324841,0.0,780.0,0.9514177596624673
grid-2987019-m5,radiant_xp_adv,nominal,312,-45.833333333333336,0.0,880.0,0.9348135387888383
grid-2987019-m5,deaths_radiant,aligned,314,0.0031847133757961785,0.0,0.0,0.9987480481355866
grid-2987019-m5,deaths_radiant,nominal,312,-0.022435897435897436,0.0,0.0,0.9912700570642787
grid-2987019-m5,deaths_dire,aligned,314,0.009554140127388535,0.0,0.0,0.9955377586496114
grid-2987019-m5,deaths_dire,nominal,312,-0.00641025641025641,0.0,0.0,0.9969887871559393
grid-2987019-m5,top1_nw_adv,aligned,314,53.51910828025478,11.5,240.7,0.8099572733584463
grid-2987019-m5,top1_nw_adv,nominal,312,54.88782051282051,26.0,222.1000000000003,0.793625918519126
grid-2987019-m5,radiant_top1_nw_ratio,aligned,314,0.0011275662528983782,0.0012699526055522103,0.005691104890300716,0.9355194129588623
grid-2987019-m5,radiant_top1_nw_ratio,nominal,312,0.001187582593912112,0.0018469196980196168,0.005340343404116821,0.9528395789625262
grid-2987019-m5,dire_top1_nw_ratio,aligned,314,-0.001316299419264624,0.0020603942459106045,0.011214239357698715,0.818005544361151
grid-2987019-m5,dire_top1_nw_ratio,nominal,312,-0.0015309990088556663,0.0025989988386429103,0.010937519264886997,0.7845740489876624
grid-2987020-m1,radiant_nw_adv,aligned,378,12.224867724867725,41.0,162.3,0.9164359871748027
grid-2987020-m1,radiant_nw_adv,nominal,378,14.346560846560847,59.5,203.90000000000003,0.869796184305048
grid-2987020-m1,radiant_nw,aligned,378,65.4021164021164,39.0,393.0000000000001,0.9997190812544282
grid-2987020-m1,radiant_nw,nominal,378,12.013227513227513,66.0,364.0000000000001,0.9996830006076913
grid-2987020-m1,dire_nw,aligned,378,53.17724867724868,50.0,461.80000000000007,0.9996933557482715
grid-2987020-m1,dire_nw,nominal,378,-2.3333333333333335,89.5,432.4000000000001,0.9996294648202879
grid-2987020-m1,radiant_xp_adv,aligned,378,-26.825396825396826,0.0,580.0,0.9360238877295278
grid-2987020-m1,radiant_xp_adv,nominal,378,-37.301587301587304,0.0,780.0,0.8873973628965374
grid-2987020-m1,deaths_radiant,aligned,378,-0.0026455026455026454,0.0,0.0,0.9986258829460715
grid-2987020-m1,deaths_radiant,nominal,378,-0.013227513227513227,0.0,0.0,0.9932135778295669
grid-2987020-m1,deaths_dire,aligned,378,0.0,0.0,0.0,0.9977219960364241
grid-2987020-m1,deaths_dire,nominal,378,-0.013227513227513227,0.0,0.0,0.9897754764989841
grid-2987020-m1,top1_nw_adv,aligned,378,-24.436507936507937,40.0,68.30000000000001,0.8717946899428002
grid-2987020-m1,top1_nw_adv,nominal,378,-24.095238095238095,40.0,90.60000000000002,0.8411540212163717
grid-2987020-m1,radiant_top1_nw_ratio,aligned,378,-0.0017552610202136588,0.0017023536335772638,0.008174464891057815,0.9300001945794693
grid-2987020-m1,radiant_top1_nw_ratio,nominal,378,-0.0018286924041309143,0.002031738189754023,0.008437088198543505,0.9284807210563454
grid-2987020-m1,dire_top1_nw_ratio,aligned,378,0.0007607933237421599,0.002911777785359615,0.006688029379054253,0.8393584423519628
grid-2987020-m1,dire_top1_nw_ratio,nominal,378,0.0006942102983876576,0.0029463083636302456,0.007301529393632185,0.822691700788253
grid-2987020-m2,radiant_nw_adv,aligned,309,38.433656957928804,80.0,363.9999999999997,0.9564703408625448
grid-2987020-m2,radiant_nw_adv,nominal,308,33.422077922077925,91.5,408.0,0.9433524801602254
grid-2987020-m2,radiant_nw,aligned,309,12.802588996763754,91.0,401.9999999999999,0.999718900581385
grid-2987020-m2,radiant_nw,nominal,308,-42.73376623376623,139.0,373.90000000000003,0.999662568629119
grid-2987020-m2,dire_nw,aligned,309,-25.631067961165048,56.0,253.99999999999994,0.999712058413566
grid-2987020-m2,dire_nw,nominal,308,-76.15584415584415,104.5,313.90000000000003,0.9996662290752514
grid-2987020-m2,radiant_xp_adv,aligned,309,3.559870550161812,0.0,760.0,0.9541070524967258
grid-2987020-m2,radiant_xp_adv,nominal,308,15.64935064935065,0.0,880.0,0.9174521099582397
grid-2987020-m2,deaths_radiant,aligned,309,0.003236245954692557,0.0,0.0,0.9924510628487092
grid-2987020-m2,deaths_radiant,nominal,308,0.0,0.0,0.0,1.0
grid-2987020-m2,deaths_dire,aligned,309,-0.006472491909385114,0.0,0.0,0.9941577152403194
grid-2987020-m2,deaths_dire,nominal,308,-0.016233766233766232,0.0,0.0,0.9854806784507887
grid-2987020-m2,top1_nw_adv,aligned,309,-16.236245954692556,11.0,65.39999999999998,0.9861051441674444
grid-2987020-m2,top1_nw_adv,nominal,308,-15.652597402597403,25.0,76.0,0.9782209991711458
grid-2987020-m2,radiant_top1_nw_ratio,aligned,309,-0.0006518992965784264,0.0016927727670389414,0.007396199344467824,0.9574716814637936
grid-2987020-m2,radiant_top1_nw_ratio,nominal,308,-0.0004903530007526834,0.002069657803207489,0.007261258288090625,0.9485046997779911
grid-2987020-m2,dire_top1_nw_ratio,aligned,309,0.00016955383160172853,0.0011467285896407386,0.007482730904050866,0.9074729313131421
grid-2987020-m2,dire_top1_nw_ratio,nominal,308,9.249447874538493e-05,0.0013864255053059882,0.007790361572700202,0.8820867496974757
grid-2987020-m3,radiant_nw_adv,aligned,339,46.0,50.0,214.59999999999997,0.9858557670753296
grid-2987020-m3,radiant_nw_adv,nominal,340,65.4,75.0,317.30000000000007,0.9746904270788521
grid-2987020-m3,radiant_nw,aligned,339,-45.65191740412979,60.0,255.2,0.999775479269911
grid-2987020-m3,radiant_nw,nominal,340,-134.61470588235295,131.5,312.8000000000002,0.9996914026738044
grid-2987020-m3,dire_nw,aligned,339,-91.65191740412979,55.0,416.0,0.9997444468723103
grid-2987020-m3,dire_nw,nominal,340,-200.01470588235293,133.0,507.0,0.9995380420455163
grid-2987020-m3,radiant_xp_adv,aligned,339,28.377581120943955,0.0,880.0,0.9592649443169758
grid-2987020-m3,radiant_xp_adv,nominal,340,54.588235294117645,0.0,780.0,0.9565681480133141
grid-2987020-m3,deaths_radiant,aligned,339,-0.0058997050147492625,0.0,0.0,0.9973708956920626
grid-2987020-m3,deaths_radiant,nominal,340,-0.058823529411764705,0.0,0.0,0.9893576653903042
grid-2987020-m3,deaths_dire,aligned,339,0.0,0.0,0.0,1.0
grid-2987020-m3,deaths_dire,nominal,340,-0.023529411764705882,0.0,0.0,0.9842178440659889
grid-2987020-m3,top1_nw_adv,aligned,339,-62.61946902654867,20.0,327.0,0.9455410737927948
grid-2987020-m3,top1_nw_adv,nominal,340,-52.15588235294118,30.0,356.90000000000043,0.9352257022677809
grid-2987020-m3,radiant_top1_nw_ratio,aligned,339,-0.0014599325189522312,0.001400427086769962,0.017661806495323274,0.7263834995696796
grid-2987020-m3,radiant_top1_nw_ratio,nominal,340,-0.0016147078021606772,0.0023832431899454137,0.014993629252195143,0.7140096083811208
grid-2987020-m3,dire_top1_nw_ratio,aligned,339,0.0011853889236410956,0.0012166155330314843,0.004030147622971797,0.9535583886339878
grid-2987020-m3,dire_top1_nw_ratio,nominal,340,0.0009460959745434155,0.0022560344703767277,0.006120328180927952,0.9254037395544249
grid-2987020-m4,radiant_nw_adv,aligned,358,23.06983240223464,69.0,386.50000000000006,0.9722356374259192
grid-2987020-m4,radiant_nw_adv,nominal,356,10.25,103.5,438.0,0.9668125684694945
grid-2987020-m4,radiant_nw,aligned,358,17.78491620111732,84.5,278.2000000000003,0.9997237160160658
grid-2987020-m4,radiant_nw,nominal,356,-50.95505617977528,114.0,399.5,0.9996183674870595
grid-2987020-m4,dire_nw,aligned,358,-5.284916201117318,78.0,264.0,0.9991557377720993
grid-2987020-m4,dire_nw,nominal,356,-61.20505617977528,115.0,262.0,0.9991171452948622
grid-2987020-m4,radiant_xp_adv,aligned,358,18.93854748603352,0.0,580.0,0.9537967173396755
grid-2987020-m4,radiant_xp_adv,nominal,356,2.134831460674157,0.0,730.0,0.9453173306134394
grid-2987020-m4,deaths_radiant,aligned,358,0.002793296089385475,0.0,0.0,0.9979705392796667
grid-2987020-m4,deaths_radiant,nominal,356,-0.011235955056179775,0.0,0.0,0.9918108462295302
grid-2987020-m4,deaths_dire,aligned,358,-0.01675977653631285,0.0,0.0,0.996657092090469
grid-2987020-m4,deaths_dire,nominal,356,-0.03932584269662921,0.0,0.0,0.9911666836199496
grid-2987020-m4,top1_nw_adv,aligned,358,-71.34078212290503,40.0,300.0,0.927224591581234
grid-2987020-m4,top1_nw_adv,nominal,356,-75.19101123595506,49.0,300.0,0.9248463011620193
grid-2987020-m4,radiant_top1_nw_ratio,aligned,358,-0.0022472336149944607,0.002280418960031866,0.008043222012644041,0.9709596850111346
grid-2987020-m4,radiant_top1_nw_ratio,nominal,356,-0.002273908021432464,0.002626060980781428,0.008134760390830123,0.9655162275868494
grid-2987020-m4,dire_top1_nw_ratio,aligned,358,0.0028191662227671868,0.0014413081932915378,0.011408627025961932,0.8508299684369428
grid-2987020-m4,dire_top1_nw_ratio,nominal,356,0.002593960379758777,0.002189485906592431,0.011387430723760764,0.8196833219268491
grid-2987021-m1,radiant_nw_adv,aligned,492,-41.603658536585364,56.0,295.0,0.8949038194571002
grid-2987021-m1,radiant_nw_adv,nominal,489,-35.9161554192229,69.0,313.59999999999997,0.8503161489547998
grid-2987021-m1,radiant_nw,aligned,492,-111.49186991869918,65.0,631.0,0.9993320044648388
grid-2987021-m1,radiant_nw,nominal,489,-188.68098159509202,84.0,683.2,0.999197332079058
grid-2987021-m1,dire_nw,aligned,492,-69.88821138211382,56.5,405.90000000000003,0.9995770244194555
grid-2987021-m1,dire_nw,nominal,489,-152.76482617586913,121.0,497.0,0.9995352891594105
grid-2987021-m1,radiant_xp_adv,aligned,492,4.430894308943089,0.0,580.0,0.9265807248392333
grid-2987021-m1,radiant_xp_adv,nominal,489,-5.807770961145194,0.0,680.0,0.8818446365833923
grid-2987021-m1,deaths_radiant,aligned,492,-0.0020325203252032522,0.0,0.0,0.9957444000985556
grid-2987021-m1,deaths_radiant,nominal,489,-0.022494887525562373,0.0,0.0,0.9907148839138187
grid-2987021-m1,deaths_dire,aligned,492,-0.0040650406504065045,0.0,0.0,0.9927474661411666
grid-2987021-m1,deaths_dire,nominal,489,-0.014314928425357873,0.0,0.0,0.9516850717009959
grid-2987021-m1,top1_nw_adv,aligned,492,53.43292682926829,40.0,130.0,0.9771598784690381
grid-2987021-m1,top1_nw_adv,nominal,489,50.147239263803684,49.0,145.0,0.9410769310313836
grid-2987021-m1,radiant_top1_nw_ratio,aligned,492,0.002495789982819903,0.0023265602752263054,0.006568356504401771,0.9484112516273842
grid-2987021-m1,radiant_top1_nw_ratio,nominal,489,0.002131143945829759,0.0030754379160262135,0.007070781105553691,0.9086498655865969
grid-2987021-m1,dire_top1_nw_ratio,aligned,492,-0.0010635699436567332,0.0019451714149651272,0.005901620846964613,0.9472297768360272
grid-2987021-m1,dire_top1_nw_ratio,nominal,489,-0.0012305286707585857,0.0021536146229946818,0.006516805792948426,0.9259258940436473
grid-2987021-m2,radiant_nw_adv,aligned,341,25.724340175953078,65.0,279.0,0.993083512220599
grid-2987021-m2,radiant_nw_adv,nominal,340,8.985294117647058,90.0,304.1,0.9779368004299958
grid-2987021-m2,radiant_nw,aligned,341,-98.13782991202346,60.0,266.0,0.9998481348879471
grid-2987021-m2,radiant_nw,nominal,340,-203.01470588235293,144.0,381.9000000000002,0.9995884070615582
grid-2987021-m2,dire_nw,aligned,341,-123.86217008797654,54.0,540.0,0.9996240934273191
grid-2987021-m2,dire_nw,nominal,340,-212.0,118.0,624.2,0.9995208631776908
grid-2987021-m2,radiant_xp_adv,aligned,341,22.873900293255133,0.0,880.0,0.9587302646457463
grid-2987021-m2,radiant_xp_adv,nominal,340,-2.1176470588235294,0.0,780.0,0.9669921693425684
grid-2987021-m2,deaths_radiant,aligned,341,0.0,0.0,0.0,1.0
grid-2987021-m2,deaths_radiant,nominal,340,-0.026470588235294117,0.0,0.0,0.9885153631185245
grid-2987021-m2,deaths_dire,aligned,341,-0.008797653958944282,0.0,0.0,0.9969815297152658
grid-2987021-m2,deaths_dire,nominal,340,-0.05588235294117647,0.0,0.0,0.9838515930778902
grid-2987021-m2,top1_nw_adv,aligned,341,88.47214076246334,10.0,460.0,0.9404354382475546
grid-2987021-m2,top1_nw_adv,nominal,340,90.08529411764705,40.0,455.4000000000001,0.9332762734017882
grid-2987021-m2,radiant_top1_nw_ratio,aligned,341,0.0011005752578646044,0.0009796132902520072,0.006204311822607028,0.930007091343733
grid-2987021-m2,radiant_top1_nw_ratio,nominal,340,0.0008666814037755384,0.0016102725658036082,0.007269722495135292,0.8833819588199678
grid-2987021-m2,dire_top1_nw_ratio,aligned,341,-0.0027206285431382363,0.0016958497847350262,0.014783713549631788,0.9486663649442503
grid-2987021-m2,dire_top1_nw_ratio,nominal,340,-0.0033819248782130497,0.0022242007642432615,0.015133985914264087,0.9158067022603195
grid-2987021-m3,radiant_nw_adv,aligned,313,60.3961661341853,90.0,335.0,0.9336903576770494
grid-2987021-m3,radiant_nw_adv,nominal,311,51.91961414790997,86.0,368.0,0.9225304808955017
grid-2987021-m3,radiant_nw,aligned,313,-34.364217252396166,100.0,241.0,0.9996384410778746
grid-2987021-m3,radiant_nw,nominal,311,-89.84565916398714,135.0,277.0,0.9995782550359451
grid-2987021-m3,dire_nw,aligned,313,-94.76038338658147,113.0,365.80000000000007,0.9992777078464546
grid-2987021-m3,dire_nw,nominal,311,-141.76527331189712,151.0,417.0,0.999271470840545
grid-2987021-m3,radiant_xp_adv,aligned,313,-41.46964856230032,0.0,580.0,0.9293349861176858
grid-2987021-m3,radiant_xp_adv,nominal,311,-59.48553054662379,0.0,880.0,0.8848928137382813
grid-2987021-m3,deaths_radiant,aligned,313,0.0,0.0,0.0,0.9999999999999999
grid-2987021-m3,deaths_radiant,nominal,311,-0.006430868167202572,0.0,0.0,0.9831738916832332
grid-2987021-m3,deaths_dire,aligned,313,0.0,0.0,0.0,0.9999999999999999
grid-2987021-m3,deaths_dire,nominal,311,-0.012861736334405145,0.0,0.0,0.9894584021200588
grid-2987021-m3,top1_nw_adv,aligned,313,11.415335463258787,21.0,82.0,0.7554596024255397
grid-2987021-m3,top1_nw_adv,nominal,311,9.440514469453376,29.0,96.0,0.7477007909541002
grid-2987021-m3,radiant_top1_nw_ratio,aligned,313,0.001507110363659772,0.0023353069292481876,0.006309872885800916,0.8468587394864465
grid-2987021-m3,radiant_top1_nw_ratio,nominal,311,0.0014839934748504477,0.002619247902978461,0.007497629978648029,0.814870300839381
grid-2987021-m3,dire_top1_nw_ratio,aligned,313,0.002365365096777563,0.0022705677504999966,0.007505780306042695,0.7617760930692212
grid-2987021-m3,dire_top1_nw_ratio,nominal,311,0.0023293824791650176,0.0027102000477420007,0.007987711213517656,0.7397338673945573
grid-2987021-m4,radiant_nw_adv,aligned,436,-16.321100917431192,115.0,324.0,0.9503343043908209
grid-2987021-m4,radiant_nw_adv,nominal,354,-24.353107344632768,143.5,370.4,0.9261622074495872
grid-2987021-m4,radiant_nw,aligned,436,20.392201834862384,43.5,293.0,0.9997106901719672
grid-2987021-m4,radiant_nw,nominal,354,-65.58474576271186,105.0,361.8999999999997,0.9996477168609553
grid-2987021-m4,dire_nw,aligned,436,36.71330275229358,116.5,270.0,0.9996720078722593
grid-2987021-m4,dire_nw,nominal,354,-41.23163841807909,144.5,314.4,0.9995172696885222
grid-2987021-m4,radiant_xp_adv,aligned,436,6.284403669724771,0.0,630.0,0.9393133711577702
grid-2987021-m4,radiant_xp_adv,nominal,354,-19.03954802259887,0.0,780.0,0.910771688936545
grid-2987021-m4,deaths_radiant,aligned,436,0.0022935779816513763,0.0,0.0,0.9998753820924262
grid-2987021-m4,deaths_radiant,nominal,354,-0.0480225988700565,0.0,0.0,0.9975076981886648
grid-2987021-m4,deaths_dire,aligned,436,0.0045871559633027525,0.0,0.0,0.9993377820088272
grid-2987021-m4,deaths_dire,nominal,354,-0.03672316384180791,0.0,0.0,0.9969894625981885
grid-2987021-m4,top1_nw_adv,aligned,436,10.779816513761467,10.0,53.5,0.961625133973753
grid-2987021-m4,top1_nw_adv,nominal,354,7.6440677966101696,24.0,77.39999999999998,0.921832332901197
grid-2987021-m4,radiant_top1_nw_ratio,aligned,436,-0.00020413025205221662,0.0010109671836822792,0.006334362275226532,0.9393115972076796
grid-2987021-m4,radiant_top1_nw_ratio,nominal,354,-0.00037451657062345114,0.0013650921047371478,0.006431727349371324,0.9317658775588399
grid-2987021-m4,dire_top1_nw_ratio,aligned,436,-0.0013227032453947303,0.002772624778587515,0.004842822415813283,0.9721748060231115
grid-2987021-m4,dire_top1_nw_ratio,nominal,354,-0.001407117404118092,0.0034849751946103014,0.0058198133812588666,0.9517168743203227
grid-2991209-m2,radiant_nw_adv,aligned,416,-16.66346153846154,73.0,314.5,0.9780246615996883
grid-2991209-m2,radiant_nw_adv,nominal,413,-22.072639225181597,82.0,345.00000000000006,0.9701064744904712
grid-2991209-m2,radiant_nw,aligned,416,41.90865384615385,135.5,368.0,0.9996354048945351
grid-2991209-m2,radiant_nw,nominal,413,-58.8910411622276,106.0,410.6,0.9996405992159207
grid-2991209-m2,dire_nw,aligned,416,58.57211538461539,53.0,275.0,0.9997291468704741
grid-2991209-m2,dire_nw,nominal,413,-36.818401937046005,113.0,244.0,0.9996313834572967
grid-2991209-m2,radiant_xp_adv,aligned,416,37.16346153846154,0.0,580.0,0.9631357921209912
grid-2991209-m2,radiant_xp_adv,nominal,413,48.280871670702176,0.0,780.0,0.9265818300917468
grid-2991209-m2,deaths_radiant,aligned,416,0.009615384615384616,0.0,0.0,0.9989045362015548
grid-2991209-m2,deaths_radiant,nominal,413,-0.0387409200968523,0.0,0.0,0.9975879876032813
grid-2991209-m2,deaths_dire,aligned,416,0.014423076923076924,0.0,0.0,0.9992777603293417
grid-2991209-m2,deaths_dire,nominal,413,-0.03631961259079903,0.0,0.0,0.9986644368464427
grid-2991209-m2,top1_nw_adv,aligned,416,-108.06490384615384,40.0,385.0,0.7534291823279432
grid-2991209-m2,top1_nw_adv,nominal,413,-111.08716707021792,66.0,397.6000000000001,0.7465364458006447
grid-2991209-m2,radiant_top1_nw_ratio,aligned,416,-0.0015923540144950647,0.002552279252713452,0.008045222902848342,0.8672277858056173
grid-2991209-m2,radiant_top1_nw_ratio,nominal,413,-0.0018178395099022742,0.003866920617169617,0.008898339059123595,0.8558467348455707
grid-2991209-m2,dire_top1_nw_ratio,aligned,416,0.002818660455621256,0.002478148386956036,0.012052397489209193,0.8675248124252907
grid-2991209-m2,dire_top1_nw_ratio,nominal,413,0.00263036141157017,0.0028659794421558304,0.01277770793633013,0.8471397510399543
grid-2991210-m1,radiant_nw_adv,aligned,361,-168.65927977839334,120.0,555.0,0.9495672825348824
grid-2991210-m1,radiant_nw_adv,nominal,359,-170.6267409470752,158.0,592.4,0.9324946985571432
grid-2991210-m1,radiant_nw,aligned,361,-5.2354570637119116,71.0,253.0,0.9998231284724577
grid-2991210-m1,radiant_nw,nominal,359,-100.25905292479109,138.0,244.59999999999997,0.9997175199575474
grid-2991210-m1,dire_nw,aligned,361,163.42382271468145,119.0,569.0,0.999450645840019
grid-2991210-m1,dire_nw,nominal,359,70.36768802228413,117.0,492.19999999999993,0.9993718494412791
grid-2991210-m1,radiant_xp_adv,aligned,361,-27.479224376731302,0.0,680.0,0.9695028627848198
grid-2991210-m1,radiant_xp_adv,nominal,359,-17.158774373259053,0.0,880.0,0.9600130585663819
grid-2991210-m1,deaths_radiant,aligned,361,0.008310249307479225,0.0,0.0,0.999051157322103
grid-2991210-m1,deaths_radiant,nominal,359,-0.033426183844011144,0.0,0.0,0.9984148450197134
grid-2991210-m1,deaths_dire,aligned,361,0.008310249307479225,0.0,0.0,0.9987722849500954
grid-2991210-m1,deaths_dire,nominal,359,-0.025069637883008356,0.0,0.0,0.9963475475849052
grid-2991210-m1,top1_nw_adv,aligned,361,-31.709141274238227,55.0,295.0,0.8602487605379967
grid-2991210-m1,top1_nw_adv,nominal,359,-38.76601671309192,60.0,317.0,0.8230048087157937
grid-2991210-m1,radiant_top1_nw_ratio,aligned,361,0.0013656412031343899,0.002865849922400465,0.005516564742808261,0.9876243404624598
grid-2991210-m1,radiant_top1_nw_ratio,nominal,359,0.0008993478128784982,0.0034820003374736452,0.008596501065468514,0.9805256419467081
grid-2991210-m1,dire_top1_nw_ratio,aligned,361,0.000631049461989932,0.0046480944737068985,0.009012566174823156,0.8183659186655311
grid-2991210-m1,dire_top1_nw_ratio,nominal,359,0.00042768894742390454,0.004537471844568597,0.009337173871542542,0.8119832892762403
grid-2991210-m2,radiant_nw_adv,aligned,477,53.471698113207545,66.0,443.0,0.9893504421209579
grid-2991210-m2,radiant_nw_adv,nominal,475,68.18315789473684,86.0,467.6,0.9882626172421748
grid-2991210-m2,radiant_nw,aligned,477,-32.20545073375262,93.0,180.0,0.9996539658597638
grid-2991210-m2,radiant_nw,nominal,475,-82.79368421052632,113.0,245.20000000000005,0.9996592627377139
grid-2991210-m2,dire_nw,aligned,477,-85.67714884696016,123.0,322.80000000000007,0.9997492108368783
grid-2991210-m2,dire_nw,nominal,475,-150.97684210526316,141.0,409.6,0.9997157792056706
grid-2991210-m2,radiant_xp_adv,aligned,477,-5.828092243186583,0.0,380.0,0.9878411346474845
grid-2991210-m2,radiant_xp_adv,nominal,475,-13.263157894736842,0.0,816.0000000000014,0.9725018395852002
grid-2991210-m2,deaths_radiant,aligned,477,-0.0041928721174004195,0.0,0.0,0.9993714654644141
grid-2991210-m2,deaths_radiant,nominal,475,-0.031578947368421054,0.0,0.0,0.9984639582708045
grid-2991210-m2,deaths_dire,aligned,477,0.0020964360587002098,0.0,0.0,0.9947141465877266
grid-2991210-m2,deaths_dire,nominal,475,0.0,0.0,0.0,1.0
grid-2991210-m2,top1_nw_adv,aligned,477,62.123689727463315,30.0,373.0,0.9213963244083474
grid-2991210-m2,top1_nw_adv,nominal,475,67.47157894736841,50.0,373.0,0.9213735314914595
grid-2991210-m2,radiant_top1_nw_ratio,aligned,477,-0.0010832926687057856,0.0031632453567937424,0.006939412533231161,0.7665426263791636
grid-2991210-m2,radiant_top1_nw_ratio,nominal,475,-0.0011449704868015873,0.0034807276725443426,0.007278255222686153,0.7652251718171528
grid-2991210-m2,dire_top1_nw_ratio,aligned,477,-0.0022781063761110718,0.002862637233011389,0.014412139302553228,0.9018175672867702
grid-2991210-m2,dire_top1_nw_ratio,nominal,475,-0.002498457116548764,0.003082134006235554,0.014469178561635257,0.8921111655317447
grid-2991210-m3,radiant_nw_adv,aligned,385,263.72467532467533,65.0,788.6000000000001,0.9525384134348466
grid-2991210-m3,radiant_nw_adv,nominal,382,277.9712041884817,110.0,922.4000000000002,0.9371642021619332
grid-2991210-m3,radiant_nw,aligned,385,36.31428571428572,42.0,280.0,0.9991166924743984
grid-2991210-m3,radiant_nw,nominal,382,-66.63874345549738,120.5,280.90000000000003,0.998684269110693
grid-2991210-m3,dire_nw,aligned,385,-227.41038961038961,70.0,735.6,0.9997322014189184
grid-2991210-m3,dire_nw,nominal,382,-344.60994764397907,170.5,853.9000000000001,0.9996205118932688
grid-2991210-m3,radiant_xp_adv,aligned,385,6.961038961038961,0.0,840.0000000000023,0.946673704550316
grid-2991210-m3,radiant_xp_adv,nominal,382,24.659685863874344,0.0,780.0,0.9609666895973545
grid-2991210-m3,deaths_radiant,aligned,385,0.01038961038961039,0.0,0.0,0.9986004139855138
grid-2991210-m3,deaths_radiant,nominal,382,-0.05759162303664921,0.0,0.0,0.9955566967485734
grid-2991210-m3,deaths_dire,aligned,385,-0.0025974025974025974,0.0,0.0,0.998345358606798
grid-2991210-m3,deaths_dire,nominal,382,-0.049738219895287955,0.0,0.0,0.985832906634172
grid-2991210-m3,top1_nw_adv,aligned,385,69.98961038961039,10.0,228.0,0.8120023860392023
grid-2991210-m3,top1_nw_adv,nominal,382,73.85340314136126,20.0,287.7000000000001,0.7778157065140676
grid-2991210-m3,radiant_top1_nw_ratio,aligned,385,7.561077674931679e-05,0.0007608287836621541,0.0038240405181434343,0.9338835631303907
grid-2991210-m3,radiant_top1_nw_ratio,nominal,382,-1.848787426195492e-05,0.00200386532468666,0.005767135767854909,0.8772275756468797
grid-2991210-m3,dire_top1_nw_ratio,aligned,385,-3.0456059351220896e-05,0.0010244071196390536,0.0072089833072251355,0.8124019766136324
grid-2991210-m3,dire_top1_nw_ratio,nominal,382,-0.0001077446738894226,0.0017253292020473071,0.0077296753380792236,0.8038106645530411
grid-2991212-m1,radiant_nw_adv,aligned,336,-149.1875,104.5,590.0,0.7350620354992369
grid-2991212-m1,radiant_nw_adv,nominal,334,-157.11077844311376,137.5,574.6999999999998,0.6936849421976542
grid-2991212-m1,radiant_nw,aligned,336,-50.81547619047619,36.0,176.5,0.9994386261326064
grid-2991212-m1,radiant_nw,nominal,334,-117.84730538922156,84.0,376.99999999999886,0.9993545726986571
grid-2991212-m1,dire_nw,aligned,336,98.37202380952381,69.0,365.5,0.9997213092017696
grid-2991212-m1,dire_nw,nominal,334,39.26347305389221,82.0,391.1999999999996,0.9996733490965445
grid-2991212-m1,radiant_xp_adv,aligned,336,-20.714285714285715,0.0,680.0,0.9445918452372322
grid-2991212-m1,radiant_xp_adv,nominal,334,-29.760479041916167,0.0,680.0,0.9296815145088454
grid-2991212-m1,deaths_radiant,aligned,336,0.0,0.0,0.0,0.9983506231896119
grid-2991212-m1,deaths_radiant,nominal,334,-0.023952095808383235,0.0,0.0,0.9978354442032744
grid-2991212-m1,deaths_dire,aligned,336,-0.002976190476190476,0.0,0.0,0.9989885851123204
grid-2991212-m1,deaths_dire,nominal,334,-0.04491017964071856,0.0,0.0,0.9970681852352343
grid-2991212-m1,top1_nw_adv,aligned,336,-11.976190476190476,5.0,63.5,0.9678453476041365
grid-2991212-m1,top1_nw_adv,nominal,334,-14.964071856287426,13.5,89.39999999999998,0.9389468389489766
grid-2991212-m1,radiant_top1_nw_ratio,aligned,336,0.00025613552813527873,0.0005001894202485979,0.00493784500432537,0.9828079758032991
grid-2991212-m1,radiant_top1_nw_ratio,nominal,334,4.066866626200808e-05,0.0009530599624583136,0.006772743053272763,0.9660075534990492
grid-2991212-m1,dire_top1_nw_ratio,aligned,336,-0.0005764271213963374,0.0032766923407001325,0.0076958680736857465,0.9423627629090834
grid-2991212-m1,dire_top1_nw_ratio,nominal,334,-0.0007621870680146176,0.003459667666138616,0.007747707814090535,0.944816807197122
grid-2991212-m2,radiant_nw_adv,aligned,380,187.71052631578948,105.0,747.0,0.982161153303398
grid-2991212-m2,radiant_nw_adv,nominal,379,209.32189973614777,135.0,770.0,0.9796215644606205
grid-2991212-m2,radiant_nw,aligned,380,146.19736842105263,95.5,485.0,0.9997309250471463
grid-2991212-m2,radiant_nw,nominal,379,95.45382585751979,122.0,449.4,0.999729593355835
grid-2991212-m2,dire_nw,aligned,380,-41.51315789473684,150.0,319.0,0.9995885862606516
grid-2991212-m2,dire_nw,nominal,379,-113.86807387862797,180.0,381.2,0.9995586077665681
grid-2991212-m2,radiant_xp_adv,aligned,380,-27.57894736842105,0.0,480.0,0.9815917720908163
grid-2991212-m2,radiant_xp_adv,nominal,379,-23.7467018469657,0.0,763.9999999999998,0.9751594788189545
grid-2991212-m2,deaths_radiant,aligned,380,-0.005263157894736842,0.0,0.0,0.9994537220347546
grid-2991212-m2,deaths_radiant,nominal,379,-0.06068601583113457,0.0,0.0,0.9983804261886822
grid-2991212-m2,deaths_dire,aligned,380,0.002631578947368421,0.0,0.0,0.9984202501271447
grid-2991212-m2,deaths_dire,nominal,379,-0.018469656992084433,0.0,0.0,0.9978075905943609
grid-2991212-m2,top1_nw_adv,aligned,380,224.67105263157896,34.5,709.4000000000005,0.9667221554898008
grid-2991212-m2,top1_nw_adv,nominal,379,232.27440633245382,54.0,708.4,0.9639609157229952
grid-2991212-m2,radiant_top1_nw_ratio,aligned,380,0.003288509322713415,0.0015936529090490453,0.010034179982233802,0.822694929850586
grid-2991212-m2,radiant_top1_nw_ratio,nominal,379,0.0032635074530782157,0.0020143382395315934,0.010257250647012096,0.8051296362696918
grid-2991212-m2,dire_top1_nw_ratio,aligned,380,-0.005031675717587216,0.0035753358414867265,0.015997937525416252,0.9055678133225632
grid-2991212-m2,dire_top1_nw_ratio,nominal,379,-0.005203243884909004,0.003709157907269056,0.01564037749046031,0.9004592444988271
grid-2991212-m3,radiant_nw_adv,aligned,353,-13.490084985835693,69.0,400.0,0.9903673365674055
grid-2991212-m3,radiant_nw_adv,nominal,353,-48.858356940509914,80.0,475.8,0.9855149554520902
grid-2991212-m3,radiant_nw,aligned,353,1.5637393767705383,115.0,294.0,0.999401177282418
grid-2991212-m3,radiant_nw,nominal,353,-120.54957507082153,158.0,436.40000000000003,0.9993118034920734
grid-2991212-m3,dire_nw,aligned,353,15.053824362606232,58.0,260.0,0.9997454051937751
grid-2991212-m3,dire_nw,nominal,353,-71.69121813031161,112.0,326.80000000000007,0.9996265656207403
grid-2991212-m3,radiant_xp_adv,aligned,353,-14.61756373937677,0.0,780.0,0.9827049884422141
grid-2991212-m3,radiant_xp_adv,nominal,353,-15.637393767705383,0.0,880.0,0.9757749490743421
grid-2991212-m3,deaths_radiant,aligned,353,0.0,0.0,0.0,1.0
grid-2991212-m3,deaths_radiant,nominal,353,-0.0226628895184136,0.0,0.0,0.9950367112638696
grid-2991212-m3,deaths_dire,aligned,353,0.036827195467422094,0.0,0.0,0.9990199128642161
grid-2991212-m3,deaths_dire,nominal,353,-0.056657223796033995,0.0,0.0,0.9986864940252985
grid-2991212-m3,top1_nw_adv,aligned,353,-36.47308781869688,51.0,310.0,0.9594855397275858
grid-2991212-m3,top1_nw_adv,nominal,353,-51.55807365439094,59.0,311.8,0.9547147275562832
grid-2991212-m3,radiant_top1_nw_ratio,aligned,353,9.360230787775162e-05,0.0014163470389099708,0.004328516077049439,0.9267283698380623
grid-2991212-m3,radiant_top1_nw_ratio,nominal,353,-0.0004461376552889733,0.0019073644644008736,0.006973784594383714,0.9116343803772461
grid-2991212-m3,dire_top1_nw_ratio,aligned,353,0.002060741346129665,0.0014621951794726862,0.012198566047575089,0.7861916677957224
grid-2991212-m3,dire_top1_nw_ratio,nominal,353,0.0017813085163606776,0.0021152753539956937,0.012518068319994736,0.7244946311134682
grid-2991213-m1,radiant_nw_adv,aligned,379,-214.3905013192612,57.0,796.0,0.9833438463251628
grid-2991213-m1,radiant_nw_adv,nominal,378,-238.44179894179894,73.5,820.4000000000001,0.9793679378489292
grid-2991213-m1,radiant_nw,aligned,379,-176.83641160949867,61.0,570.5999999999999,0.9996993901847392
grid-2991213-m1,radiant_nw,nominal,378,-291.8624338624339,143.0,708.2,0.9996345095241618
grid-2991213-m1,dire_nw,aligned,379,37.554089709762536,80.0,228.0,0.9998704765690886
grid-2991213-m1,dire_nw,nominal,378,-53.42063492063492,111.0,219.0,0.999761900906853
grid-2991213-m1,radiant_xp_adv,aligned,379,-6.279683377308707,0.0,780.0,0.9810227046522034
grid-2991213-m1,radiant_xp_adv,nominal,378,-35.87301587301587,0.0,880.0,0.9691246775120321
grid-2991213-m1,deaths_radiant,aligned,379,0.010554089709762533,0.0,0.0,0.9983639177434562
grid-2991213-m1,deaths_radiant,nominal,378,-0.031746031746031744,0.0,0.0,0.9951121373897073
grid-2991213-m1,deaths_dire,aligned,379,0.0,0.0,0.0,0.9990069433852845
grid-2991213-m1,deaths_dire,nominal,378,-0.06613756613756613,0.0,0.0,0.9977041005228763
grid-2991213-m1,top1_nw_adv,aligned,379,-17.24802110817942,10.0,90.0,0.9940879874698073
grid-2991213-m1,top1_nw_adv,nominal,378,-22.47089947089947,20.0,92.0,0.980837224725718
grid-2991213-m1,radiant_top1_nw_ratio,aligned,379,0.0021101068704075725,0.001740170563741178,0.006240719296449737,0.9595695657660996
grid-2991213-m1,radiant_top1_nw_ratio,nominal,378,0.0018708494747827458,0.0022310942032683218,0.007559189442257352,0.9483500754346517
grid-2991213-m1,dire_top1_nw_ratio,aligned,379,0.0006651774093154608,0.0007334290961314716,0.005241085754271551,0.9592431342488738
grid-2991213-m1,dire_top1_nw_ratio,nominal,378,0.00032416120741726755,0.001302581940048786,0.0058429843199749336,0.901950432297074
grid-2991213-m2,radiant_nw_adv,aligned,404,-46.210396039603964,76.0,450.7,0.9949116415157293
grid-2991213-m2,radiant_nw_adv,nominal,404,-88.06930693069307,113.5,559.8,0.994105743739025
grid-2991213-m2,radiant_nw,aligned,404,-110.62623762376238,115.0,502.19999999999993,0.9992096786596976
grid-2991213-m2,radiant_nw,nominal,404,-199.78960396039605,161.0,632.5,0.9991070986289934
grid-2991213-m2,dire_nw,aligned,404,-64.41584158415841,56.0,125.39999999999998,0.9999406326681773
grid-2991213-m2,dire_nw,nominal,404,-111.72029702970298,94.0,185.09999999999997,0.9999198964796043
grid-2991213-m2,radiant_xp_adv,aligned,404,-7.079207920792079,0.0,480.0,0.9945987728987937
grid-2991213-m2,radiant_xp_adv,nominal,404,-30.544554455445546,0.0,680.0,0.9914076700183115
grid-2991213-m2,deaths_radiant,aligned,404,0.0049504950495049506,0.0,0.0,0.9973718136091441
grid-2991213-m2,deaths_radiant,nominal,404,-0.007425742574257425,0.0,0.0,0.996026953969328
grid-2991213-m2,deaths_dire,aligned,404,-0.024752475247524754,0.0,0.0,0.999378281088522
grid-2991213-m2,deaths_dire,nominal,404,-0.0891089108910891,0.0,0.0,0.998457363452848
grid-2991213-m2,top1_nw_adv,aligned,404,17.96039603960396,5.0,90.69999999999999,0.9770132299068229
grid-2991213-m2,top1_nw_adv,nominal,404,4.2549504950495045,10.5,108.69999999999999,0.9736006245434071
grid-2991213-m2,radiant_top1_nw_ratio,aligned,404,0.001042992377990522,0.0016410898295174114,0.0053065691399336095,0.8934142724585206
grid-2991213-m2,radiant_top1_nw_ratio,nominal,404,0.000777722037903579,0.0021080186477215046,0.007663273094048967,0.8344165174758995
grid-2991213-m2,dire_top1_nw_ratio,aligned,404,0.00025231145619545177,0.0005827210759319496,0.0037139507333199704,0.9853539168831505
grid-2991213-m2,dire_top1_nw_ratio,nominal,404,0.0001020967380189823,0.0009931847425751067,0.004633408188642426,0.9801833089521533
grid-2991214-m1,radiant_nw_adv,aligned,487,78.54620123203286,50.0,300.40000000000003,0.9482199821378767
grid-2991214-m1,radiant_nw_adv,nominal,484,79.46487603305785,84.5,425.79999999999995,0.9278062923953707
grid-2991214-m1,radiant_nw,aligned,487,79.75359342915812,62.0,290.0,0.9997489396183048
grid-2991214-m1,radiant_nw,nominal,484,-6.181818181818182,125.5,324.79999999999995,0.9996962775570162
grid-2991214-m1,dire_nw,aligned,487,1.2073921971252566,81.0,279.0,0.9997102213586697
grid-2991214-m1,dire_nw,nominal,484,-85.64669421487604,157.5,275.0,0.9996425823207116
grid-2991214-m1,radiant_xp_adv,aligned,487,-14.004106776180699,0.0,512.0000000000027,0.9678971613103954
grid-2991214-m1,radiant_xp_adv,nominal,484,-23.305785123966942,0.0,780.0,0.9399701873517966
grid-2991214-m1,deaths_radiant,aligned,487,0.0,0.0,0.0,1.0
grid-2991214-m1,deaths_radiant,nominal,484,-0.02066115702479339,0.0,0.0,0.9949008928338308
grid-2991214-m1,deaths_dire,aligned,487,0.0,0.0,0.0,0.9987756816205
grid-2991214-m1,deaths_dire,nominal,484,-0.03305785123966942,0.0,0.0,0.996818812801439
grid-2991214-m1,top1_nw_adv,aligned,487,2.4455852156057496,10.0,31.400000000000034,0.9885579289157128
grid-2991214-m1,top1_nw_adv,nominal,484,-1.1446280991735538,10.0,69.39999999999998,0.9616185218147195
grid-2991214-m1,radiant_top1_nw_ratio,aligned,487,-0.0009156846135346993,0.0018738406254407147,0.0058362218061153385,0.9655135269515097
grid-2991214-m1,radiant_top1_nw_ratio,nominal,484,-0.0012075412810724731,0.0026744018345276344,0.006636024434801392,0.9440763575273554
grid-2991214-m1,dire_top1_nw_ratio,aligned,487,2.683720491567074e-05,0.0012062509886928419,0.004485534936125146,0.952769194527508
grid-2991214-m1,dire_top1_nw_ratio,nominal,484,3.509328717561276e-05,0.0018491604828437813,0.006070374472258304,0.9373115142150745
grid-2991214-m2,radiant_nw_adv,aligned,362,-32.47513812154696,89.0,305.0,0.9786352481878415
grid-2991214-m2,radiant_nw_adv,nominal,362,-15.696132596685082,103.0,377.7000000000001,0.9710879047761726
grid-2991214-m2,radiant_nw,aligned,362,31.781767955801104,131.0,265.0,0.9991345569329899
grid-2991214-m2,radiant_nw,nominal,362,-27.795580110497237,151.5,262.80000000000007,0.9990597407100531
grid-2991214-m2,dire_nw,aligned,362,64.25690607734806,57.5,494.50000000000017,0.9996355873216348
grid-2991214-m2,dire_nw,nominal,362,-12.099447513812155,111.5,447.80000000000007,0.9994985427689315
grid-2991214-m2,radiant_xp_adv,aligned,362,6.0220994475138125,0.0,580.0,0.969557056443235
grid-2991214-m2,radiant_xp_adv,nominal,362,31.325966850828728,0.0,778.0000000000007,0.9521191831780137
grid-2991214-m2,deaths_radiant,aligned,362,-0.013812154696132596,0.0,0.0,0.9990882152473406
grid-2991214-m2,deaths_radiant,nominal,362,-0.058011049723756904,0.0,0.0,0.9953746046155031
grid-2991214-m2,deaths_dire,aligned,362,-0.008287292817679558,0.0,0.0,0.9980295561428832
grid-2991214-m2,deaths_dire,nominal,362,-0.03314917127071823,0.0,0.0,0.9950436447243475
grid-2991214-m2,top1_nw_adv,aligned,362,101.24033149171271,50.0,315.0,0.946259091817329
grid-2991214-m2,top1_nw_adv,nominal,362,113.16298342541437,66.0,349.60000000000014,0.9383555647248981
grid-2991214-m2,radiant_top1_nw_ratio,aligned,362,0.004239926918383254,0.004957487268465566,0.012341884583405256,0.8122946560851991
grid-2991214-m2,radiant_top1_nw_ratio,nominal,362,0.004104031291359793,0.0050791957080089795,0.012977986043617119,0.7905348486042613
grid-2991214-m2,dire_top1_nw_ratio,aligned,362,-0.0019084277260957192,0.0013871073274547008,0.007945255333999252,0.9496896464894848
grid-2991214-m2,dire_top1_nw_ratio,nominal,362,-0.002284335740630026,0.0020504436482180477,0.009264718828017972,0.9323382345585106
grid-2991214-m3,radiant_nw_adv,aligned,374,-31.200534759358288,109.5,310.7,0.9761889335346329
grid-2991214-m3,radiant_nw_adv,nominal,371,-8.79245283018868,112.0,467.0,0.9668049630701593
grid-2991214-m3,radiant_nw,aligned,374,48.037433155080215,69.0,207.0,0.9996312803644265
grid-2991214-m3,radiant_nw,nominal,371,-64.44474393530997,69.0,231.0,0.9994821486635393
grid-2991214-m3,dire_nw,aligned,374,79.2379679144385,50.0,454.19999999999993,0.9996769826889373
grid-2991214-m3,dire_nw,nominal,371,-55.65229110512129,117.0,464.0,0.9995335572789805
grid-2991214-m3,radiant_xp_adv,aligned,374,9.679144385026738,0.0,835.9999999999991,0.894732430803632
grid-2991214-m3,radiant_xp_adv,nominal,371,38.706199460916444,0.0,880.0,0.8767121026904863
grid-2991214-m3,deaths_radiant,aligned,374,0.016042780748663103,0.0,0.0,0.9988073530279699
grid-2991214-m3,deaths_radiant,nominal,371,-0.0646900269541779,0.0,0.0,0.9953932745287043
grid-2991214-m3,deaths_dire,aligned,374,-0.00267379679144385,0.0,0.0,0.9899191517766894
grid-2991214-m3,deaths_dire,nominal,371,-0.013477088948787063,0.0,0.0,0.9491143506343801
grid-2991214-m3,top1_nw_adv,aligned,374,5.614973262032086,84.0,205.0,0.9432875906966321
grid-2991214-m3,top1_nw_adv,nominal,371,8.981132075471699,95.0,264.0,0.9157640087697312
grid-2991214-m3,radiant_top1_nw_ratio,aligned,374,0.0008565789897845477,0.0021613127702780482,0.006134976510110145,0.940139925085999
grid-2991214-m3,radiant_top1_nw_ratio,nominal,371,0.00042072750728693227,0.0021582749640713383,0.007659829074446511,0.8916501758969412
grid-2991214-m3,dire_top1_nw_ratio,aligned,374,0.0005222699270538238,0.002360147029858914,0.008490184364178055,0.9544009006319143
grid-2991214-m3,dire_top1_nw_ratio,nominal,371,-2.497254026426386e-05,0.002970438291855282,0.011039933010340675,0.9352455789540782
grid-2991216-m1,radiant_nw_adv,aligned,440,205.67954545454546,89.5,817.2,0.8299695865058825
grid-2991216-m1,radiant_nw_adv,nominal,356,204.33988764044943,104.0,804.5,0.7969002447036696
grid-2991216-m1,radiant_nw,aligned,440,268.80454545454546,99.0,904.9000000000002,0.9993842011884442
grid-2991216-m1,radiant_nw,nominal,356,184.86516853932585,79.0,838.5,0.9992286346813796
grid-2991216-m1,dire_nw,aligned,440,63.125,70.5,440.10000000000025,0.9996889020445942
grid-2991216-m1,dire_nw,nominal,356,-19.474719101123597,64.0,390.0,0.9996147331910289
grid-2991216-m1,radiant_xp_adv,aligned,440,-11.0,0.0,680.0,0.8764352570697124
grid-2991216-m1,radiant_xp_adv,nominal,356,-33.87640449438202,0.0,780.0,0.8661934957130031
grid-2991216-m1,deaths_radiant,aligned,440,0.0022727272727272726,0.0,0.0,0.9949959370264955
grid-2991216-m1,deaths_radiant,nominal,356,-0.014044943820224719,0.0,0.0,0.9897077801860377
grid-2991216-m1,deaths_dire,aligned,440,0.004545454545454545,0.0,0.0,0.9987946350337548
grid-2991216-m1,deaths_dire,nominal,356,-0.025280898876404494,0.0,0.0,0.9935239424731594
grid-2991216-m1,top1_nw_adv,aligned,440,19.579545454545453,55.0,156.4000000000001,0.8298243499472536
grid-2991216-m1,top1_nw_adv,nominal,356,19.24438202247191,55.0,168.5,0.7547438841683144
grid-2991216-m1,radiant_top1_nw_ratio,aligned,440,0.00025398361988754613,0.004879662512950092,0.009911401371536508,0.7519933124803186
grid-2991216-m1,radiant_top1_nw_ratio,nominal,356,0.00016340521912651474,0.004558302498688022,0.011592473512943471,0.7198836072191884
grid-2991216-m1,dire_top1_nw_ratio,aligned,440,0.0011332236889952832,0.0015122728246877992,0.008646813077309684,0.8207878149535947
grid-2991216-m1,dire_top1_nw_ratio,nominal,356,0.0008558577833227183,0.001639502418681743,0.008775844230857144,0.7984377533949272
grid-2991216-m2,radiant_nw_adv,aligned,315,-70.19047619047619,75.0,234.20000000000005,0.9869634513386765
grid-2991216-m2,radiant_nw_adv,nominal,312,-54.93269230769231,90.0,239.0,0.9800818732549013
grid-2991216-m2,radiant_nw,aligned,315,93.37142857142857,89.0,218.0000000000001,0.9997679295916294
grid-2991216-m2,radiant_nw,nominal,312,17.641025641025642,63.5,168.80000000000007,0.9997698846536337
grid-2991216-m2,dire_nw,aligned,315,163.56190476190477,119.0,622.8000000000005,0.9996675351528859
grid-2991216-m2,dire_nw,nominal,312,72.57371794871794,73.0,504.4000000000002,0.9996143105723392
grid-2991216-m2,radiant_xp_adv,aligned,315,5.396825396825397,0.0,728.0000000000018,0.909505388616326
grid-2991216-m2,radiant_xp_adv,nominal,312,10.128205128205128,0.0,780.0,0.8706482713275326
grid-2991216-m2,deaths_radiant,aligned,315,0.0,0.0,0.0,1.0
grid-2991216-m2,deaths_radiant,nominal,312,-0.016025641025641024,0.0,0.0,0.9845625371161102
grid-2991216-m2,deaths_dire,aligned,315,0.0,0.0,0.0,
grid-2991216-m2,deaths_dire,nominal,312,0.0,0.0,0.0,
grid-2991216-m2,top1_nw_adv,aligned,315,-96.4920634920635,45.0,389.0000000000001,0.9827175525158219
grid-2991216-m2,top1_nw_adv,nominal,312,-85.93910256410257,46.0,362.80000000000007,0.9694249348053728
grid-2991216-m2,radiant_top1_nw_ratio,aligned,315,-0.0026092144809521786,0.003183812114320478,0.009075794488197527,0.7208514239350704
grid-2991216-m2,radiant_top1_nw_ratio,nominal,312,-0.0028672851752054745,0.0031333003572006912,0.009936850587355436,0.6357005491433654
grid-2991216-m2,dire_top1_nw_ratio,aligned,315,0.003530665364844973,0.0038336782665138736,0.01118033406457242,0.92993037289387
grid-2991216-m2,dire_top1_nw_ratio,nominal,312,0.0030704997966595595,0.003757117852423761,0.011741092690047146,0.8990515649542149
grid-2991216-m3,radiant_nw_adv,aligned,370,118.8,76.0,396.20000000000005,0.9257767529324349
grid-2991216-m3,radiant_nw_adv,nominal,370,105.45135135135135,85.0,386.20000000000005,0.9238039577262508
grid-2991216-m3,radiant_nw,aligned,370,28.92972972972973,61.0,275.0,0.9997139207809961
grid-2991216-m3,radiant_nw,nominal,370,-73.14054054054054,112.5,268.1,0.999632203469975
grid-2991216-m3,dire_nw,aligned,370,-89.87027027027027,70.0,510.0,0.9992956515296777
grid-2991216-m3,dire_nw,nominal,370,-178.5918918918919,134.0,555.2,0.9993243848997875
grid-2991216-m3,radiant_xp_adv,aligned,370,-33.891891891891895,0.0,780.0,0.9115173559594293
grid-2991216-m3,radiant_xp_adv,nominal,370,-34.0,0.0,680.0,0.91779188828417
grid-2991216-m3,deaths_radiant,aligned,370,0.010810810810810811,0.0,0.0,0.9989676135098906
grid-2991216-m3,deaths_radiant,nominal,370,-0.03513513513513514,0.0,0.0,0.9978162439876138
grid-2991216-m3,deaths_dire,aligned,370,0.013513513513513514,0.0,0.0,0.9969634520114922
grid-2991216-m3,deaths_dire,nominal,370,-0.02702702702702703,0.0,0.0,0.9941295261628049
grid-2991216-m3,top1_nw_adv,aligned,370,21.405405405405407,50.0,105.80000000000018,0.9628186129046183
grid-2991216-m3,top1_nw_adv,nominal,370,17.764864864864865,50.0,115.0,0.9639870690815415
grid-2991216-m3,radiant_top1_nw_ratio,aligned,370,-0.0014768650244775733,0.0018246356446986606,0.007641442999809551,0.9822272598062537
grid-2991216-m3,radiant_top1_nw_ratio,nominal,370,-0.001622530278649611,0.0021126387897754256,0.006530799403729937,0.9425249478148447
grid-2991216-m3,dire_top1_nw_ratio,aligned,370,0.00040943615470448284,0.0024356004361026085,0.004192160942224977,0.9507834446175762
grid-2991216-m3,dire_top1_nw_ratio,nominal,370,0.00014779994174897074,0.0023716591778012164,0.005354661862471307,0.9638212511561249
grid-2991217-m1,radiant_nw_adv,aligned,396,18.404040404040405,129.0,310.0,0.997022738409439
grid-2991217-m1,radiant_nw_adv,nominal,395,48.96708860759494,140.0,330.0,0.9964747428756396
grid-2991217-m1,radiant_nw,aligned,396,-37.01767676767677,119.0,301.0,0.9994336071190508
grid-2991217-m1,radiant_nw,nominal,395,-82.53417721518987,141.0,329.8000000000002,0.9993854047183824
grid-2991217-m1,dire_nw,aligned,396,-55.42171717171717,134.0,411.5,0.9997096653575609
grid-2991217-m1,dire_nw,nominal,395,-131.5012658227848,179.0,372.80000000000007,0.9997044759134185
grid-2991217-m1,radiant_xp_adv,aligned,396,-4.242424242424242,0.0,480.0,0.9926256797479537
grid-2991217-m1,radiant_xp_adv,nominal,395,7.7974683544303796,0.0,780.0,0.9845794440218882
grid-2991217-m1,deaths_radiant,aligned,396,-0.005050505050505051,0.0,0.0,0.9992166297629916
grid-2991217-m1,deaths_radiant,nominal,395,-0.04050632911392405,0.0,0.0,0.9979938381743245
grid-2991217-m1,deaths_dire,aligned,396,-0.005050505050505051,0.0,0.0,0.9972457322543117
grid-2991217-m1,deaths_dire,nominal,395,-0.012658227848101266,0.0,0.0,0.9931405038867362
grid-2991217-m1,top1_nw_adv,aligned,396,59.967171717171716,60.0,310.5,0.9710061103616494
grid-2991217-m1,top1_nw_adv,nominal,395,66.50632911392405,72.0,302.0000000000002,0.9689908553058062
grid-2991217-m1,radiant_top1_nw_ratio,aligned,396,0.003730939655566813,0.0035513557906476645,0.015199765652046934,0.5901019999186626
grid-2991217-m1,radiant_top1_nw_ratio,nominal,395,0.0036418156805207796,0.003603446580124542,0.015259932774341085,0.5592176308056778
grid-2991217-m1,dire_top1_nw_ratio,aligned,396,0.0004432824535366672,0.002098483346141447,0.00922912555168294,0.8144208005598259
grid-2991217-m1,dire_top1_nw_ratio,nominal,395,0.0004491375975094809,0.002273672900789503,0.009748593504377552,0.7878391859644237
grid-2991217-m2,radiant_nw_adv,aligned,427,-38.222482435597186,55.0,346.2000000000001,0.8342273888090778
grid-2991217-m2,radiant_nw_adv,nominal,342,-45.89473684210526,72.0,388.0,0.822791637691505
grid-2991217-m2,radiant_nw,aligned,427,-49.80327868852459,63.0,251.0,0.9993227953713053
grid-2991217-m2,radiant_nw,nominal,342,-129.17251461988303,117.0,326.0,0.9993348244577247
grid-2991217-m2,dire_nw,aligned,427,-11.580796252927401,53.0,258.40000000000003,0.9997762851548773
grid-2991217-m2,dire_nw,nominal,342,-83.27777777777777,119.0,247.0,0.9997368005524377
grid-2991217-m2,radiant_xp_adv,aligned,427,10.725995316159251,0.0,780.0,0.864459770717031
grid-2991217-m2,radiant_xp_adv,nominal,342,24.210526315789473,0.0,778.0000000000007,0.8604647505261152
grid-2991217-m2,deaths_radiant,aligned,427,0.00936768149882904,0.0,0.0,0.9979090890308252
grid-2991217-m2,deaths_radiant,nominal,342,-0.017543859649122806,0.0,0.0,0.9961472867759374
grid-2991217-m2,deaths_dire,aligned,427,-0.00234192037470726,0.0,0.0,0.9976124758971362
grid-2991217-m2,deaths_dire,nominal,342,-0.023391812865497075,0.0,0.0,0.9768625719105654
grid-2991217-m2,top1_nw_adv,aligned,427,-28.320843091334893,5.0,300.0,0.7667363599123398
grid-2991217-m2,top1_nw_adv,nominal,342,-30.698830409356724,20.0,299.0,0.7618129741676252
grid-2991217-m2,radiant_top1_nw_ratio,aligned,427,0.0012091834576071882,0.0012816444418305428,0.0048427604650100155,0.8686594994824811
grid-2991217-m2,radiant_top1_nw_ratio,nominal,342,0.0009895849437616283,0.0015936429237181776,0.005738439555179432,0.8287964615291498
grid-2991217-m2,dire_top1_nw_ratio,aligned,427,0.0018793816306349603,0.0008259451593203293,0.012020941207394444,0.9406212647905573
grid-2991217-m2,dire_top1_nw_ratio,nominal,342,0.001786563178175226,0.002242417783861167,0.012315721417909493,0.932815417902846
grid-2991218-m1,radiant_nw_adv,aligned,349,237.20630372492838,83.0,885.0,0.9376954975718633
grid-2991218-m1,radiant_nw_adv,nominal,348,233.55172413793105,119.5,877.0,0.9324228176587342
grid-2991218-m1,radiant_nw,aligned,349,75.93123209169055,75.0,301.79999999999995,0.999754579821974
grid-2991218-m1,radiant_nw,nominal,348,-23.229885057471265,143.0,259.0,0.9996083330485086
grid-2991218-m1,dire_nw,aligned,349,-161.27507163323781,63.0,606.4,0.9994754638097862
grid-2991218-m1,dire_nw,nominal,348,-256.7816091954023,148.5,695.6,0.9994471765379959
grid-2991218-m1,radiant_xp_adv,aligned,349,-3.2091690544412605,0.0,880.0,0.9121585393001289
grid-2991218-m1,radiant_xp_adv,nominal,348,-46.14942528735632,0.0,780.0,0.928689326566733
grid-2991218-m1,deaths_radiant,aligned,349,0.0028653295128939827,0.0,0.0,0.9996682145035771
grid-2991218-m1,deaths_radiant,nominal,348,-0.04597701149425287,0.0,0.0,0.9976487306959491
grid-2991218-m1,deaths_dire,aligned,349,0.0057306590257879654,0.0,0.0,0.9993453285031165
grid-2991218-m1,deaths_dire,nominal,348,-0.04310344827586207,0.0,0.0,0.9976437167463653
grid-2991218-m1,top1_nw_adv,aligned,349,186.29799426934096,60.0,671.0,0.6949239348394742
grid-2991218-m1,top1_nw_adv,nominal,348,182.51724137931035,75.0,664.0,0.6931146247521557
grid-2991218-m1,radiant_top1_nw_ratio,aligned,349,0.0034397633081402388,0.0018870555331511607,0.0131292613711811,0.9119714327386478
grid-2991218-m1,radiant_top1_nw_ratio,nominal,348,0.0031352676059883673,0.0035536407199544956,0.01368914771638558,0.8627805688093649
grid-2991218-m1,dire_top1_nw_ratio,aligned,349,-0.002202454489620239,0.001206302602174858,0.01286922501152033,0.8915187713751849
grid-2991218-m1,dire_top1_nw_ratio,nominal,348,-0.0023969650399917977,0.002258974554905674,0.012834133206493912,0.8807432016799592
grid-2991218-m2,radiant_nw_adv,aligned,412,-32.601941747572816,68.5,483.90000000000003,0.9404643009594038
grid-2991218-m2,radiant_nw_adv,nominal,334,-17.251497005988025,75.5,546.0,0.9255830562599832
grid-2991218-m2,radiant_nw,aligned,412,-109.71116504854369,96.0,369.00000000000034,0.9987750442507196
grid-2991218-m2,radiant_nw,nominal,334,-180.23652694610777,162.0,483.6999999999999,0.9985156437021478
grid-2991218-m2,dire_nw,aligned,412,-77.10922330097087,121.0,273.7000000000001,0.9997568830300252
grid-2991218-m2,dire_nw,nominal,334,-162.98502994011977,177.5,329.7,0.9997093563397069
grid-2991218-m2,radiant_xp_adv,aligned,412,-33.00970873786408,0.0,780.0,0.9233288955819341
grid-2991218-m2,radiant_xp_adv,nominal,334,-30.35928143712575,0.0,849.9999999999989,0.9137981074919059
grid-2991218-m2,deaths_radiant,aligned,412,0.012135922330097087,0.0,0.0,0.9986195414325874
grid-2991218-m2,deaths_radiant,nominal,334,-0.020958083832335328,0.0,0.0,0.9976333093369596
grid-2991218-m2,deaths_dire,aligned,412,0.0,0.0,0.0,0.9977936648191287
grid-2991218-m2,deaths_dire,nominal,334,-0.029940119760479042,0.0,0.0,0.9967397451427258
grid-2991218-m2,top1_nw_adv,aligned,412,101.16747572815534,45.0,465.0,0.8492626565537976
grid-2991218-m2,top1_nw_adv,nominal,334,111.53892215568862,49.0,465.0,0.8160665770621877
grid-2991218-m2,radiant_top1_nw_ratio,aligned,412,9.56756909436734e-07,0.002822885001416156,0.007271335536170568,0.6112671635112995
grid-2991218-m2,radiant_top1_nw_ratio,nominal,334,-0.0002150816174539177,0.002986214289181638,0.009446241302130657,0.5469906046057783
grid-2991218-m2,dire_top1_nw_ratio,aligned,412,-0.0029301592194595012,0.004199714989466585,0.01903662032497913,0.7588259837114882
grid-2991218-m2,dire_top1_nw_ratio,nominal,334,-0.003509741672223109,0.0041710020996600095,0.01916116618308389,0.747299983795483
grid-2994622-m1,radiant_nw_adv,aligned,322,-55.11801242236025,92.5,268.0,0.9724710446969226
grid-2994622-m1,radiant_nw_adv,nominal,321,-46.4392523364486,108.0,310.0,0.9698961517584279
grid-2994622-m1,radiant_nw,aligned,322,89.30745341614907,88.5,559.0,0.9996207536381645
grid-2994622-m1,radiant_nw,nominal,321,5.330218068535825,132.0,502.0,0.9995685298677098
grid-2994622-m1,dire_nw,aligned,322,144.42546583850933,79.0,592.0000000000003,0.9996316226885036
grid-2994622-m1,dire_nw,nominal,321,51.769470404984425,55.0,509.0,0.9995681629311082
grid-2994622-m1,radiant_xp_adv,aligned,322,-24.099378881987576,0.0,780.0,0.9512190251045358
grid-2994622-m1,radiant_xp_adv,nominal,321,-27.97507788161994,0.0,880.0,0.9273271298308514
grid-2994622-m1,deaths_radiant,aligned,322,0.0,0.0,0.0,0.9979280145939842
grid-2994622-m1,deaths_radiant,nominal,321,-0.037383177570093455,0.0,0.0,0.9940055564579506
grid-2994622-m1,deaths_dire,aligned,322,0.006211180124223602,0.0,0.0,0.980335339168065
grid-2994622-m1,deaths_dire,nominal,321,-0.012461059190031152,0.0,0.0,0.9802765560965205
grid-2994622-m1,top1_nw_adv,aligned,322,-15.906832298136646,20.5,69.50000000000017,0.9582491424537584
grid-2994622-m1,top1_nw_adv,nominal,321,-14.221183800623052,30.0,84.0,0.9387978592673447
grid-2994622-m1,radiant_top1_nw_ratio,aligned,322,-0.001285363376432421,0.002486310434986705,0.008256011797569098,0.8425650009710652
grid-2994622-m1,radiant_top1_nw_ratio,nominal,321,-0.00130703955227255,0.0025684742982213238,0.008383381461066541,0.9190418455235665
grid-2994622-m1,dire_top1_nw_ratio,aligned,322,-0.00200270112747744,0.001955719290788485,0.0057195543565622875,0.9167704721402623
grid-2994622-m1,dire_top1_nw_ratio,nominal,321,-0.0019928166050217438,0.0020567913105248303,0.006526581198600612,0.8824360115634365
grid-2994622-m2,radiant_nw_adv,aligned,355,122.63661971830986,118.0,649.0,0.7528427150972812
grid-2994622-m2,radiant_nw_adv,nominal,353,123.44475920679886,129.0,646.8,0.7568261399294577
grid-2994622-m2,radiant_nw,aligned,355,-39.2056338028169,111.0,267.0000000000001,0.9997687787482196
grid-2994622-m2,radiant_nw,nominal,353,-94.54674220963173,157.0,298.6,0.9997583749052156
grid-2994622-m2,dire_nw,aligned,355,-161.84225352112676,118.0,551.0,0.9995385005344501
grid-2994622-m2,dire_nw,nominal,353,-217.9915014164306,160.0,588.8000000000001,0.9995436042090995
grid-2994622-m2,radiant_xp_adv,aligned,355,-8.225352112676056,0.0,680.0,0.870045113968843
grid-2994622-m2,radiant_xp_adv,nominal,353,25.495750708215297,0.0,840.0,0.7960136371546987
grid-2994622-m2,deaths_radiant,aligned,355,0.0028169014084507044,0.0,0.0,0.9970258082224609
grid-2994622-m2,deaths_radiant,nominal,353,-0.0113314447592068,0.0,0.0,0.9880846500686213
grid-2994622-m2,deaths_dire,aligned,355,0.0,0.0,0.0,1.0
grid-2994622-m2,deaths_dire,nominal,353,-0.0056657223796034,0.0,0.0,0.9954905275151437
grid-2994622-m2,top1_nw_adv,aligned,355,-3.5605633802816903,30.0,87.60000000000014,0.9845460493320964
grid-2994622-m2,top1_nw_adv,nominal,353,-2.8045325779036827,30.0,110.0,0.9766748753104606
grid-2994622-m2,radiant_top1_nw_ratio,aligned,355,0.0004663459622293468,0.0015369239180461902,0.006888993124527285,0.9094364961087346
grid-2994622-m2,radiant_top1_nw_ratio,nominal,353,0.0003051814487425485,0.001893747853340566,0.00669180982455655,0.89406149186416
grid-2994622-m2,dire_top1_nw_ratio,aligned,355,0.0028151990433196304,0.0023804633332674685,0.006194053042969384,0.9625278014560384
grid-2994622-m2,dire_top1_nw_ratio,nominal,353,0.0027177894168885913,0.002897043186783993,0.007079332023476918,0.9585145524887955
grid-2996948-m1,radiant_nw_adv,aligned,322,-56.75776397515528,45.0,143.60000000000014,0.921635906320016
grid-2996948-m1,radiant_nw_adv,nominal,322,-52.267080745341616,60.0,205.4000000000002,0.9098572358279678
grid-2996948-m1,radiant_nw,aligned,322,-3.549689440993789,66.0,209.90000000000003,0.9998219166485974
grid-2996948-m1,radiant_nw,nominal,322,-56.559006211180126,96.5,228.90000000000003,0.9998067028716067
grid-2996948-m1,dire_nw,aligned,322,53.20807453416149,63.5,517.7,0.9994037367991396
grid-2996948-m1,dire_nw,nominal,322,-4.291925465838509,98.0,456.80000000000007,0.9993599891066184
grid-2996948-m1,radiant_xp_adv,aligned,322,-10.993788819875776,0.0,680.0,0.9331799048126536
grid-2996948-m1,radiant_xp_adv,nominal,322,-8.633540372670808,0.0,780.0,0.9229613934458772
grid-2996948-m1,deaths_radiant,aligned,322,0.0,0.0,0.0,1.0
grid-2996948-m1,deaths_radiant,nominal,322,-0.012422360248447204,0.0,0.0,0.9921779157591979
grid-2996948-m1,deaths_dire,aligned,322,0.0,0.0,0.0,0.9999999999999999
grid-2996948-m1,deaths_dire,nominal,322,-0.003105590062111801,0.0,0.0,0.9935936312105822
grid-2996948-m1,top1_nw_adv,aligned,322,-8.56832298136646,3.0,40.0,0.8388179049411358
grid-2996948-m1,top1_nw_adv,nominal,322,-6.0062111801242235,6.0,59.7000000000001,0.8202919528658974
grid-2996948-m1,radiant_top1_nw_ratio,aligned,322,0.0005769699801877231,0.0012400485000084865,0.006860952986430807,0.9113495923101257
grid-2996948-m1,radiant_top1_nw_ratio,nominal,322,0.0006459799850630114,0.0013888870711231127,0.00635906394410655,0.894561032522895
grid-2996948-m1,dire_top1_nw_ratio,aligned,322,-5.14638578527423e-05,0.001522645965920555,0.0069725369014947795,0.728424445196487
grid-2996948-m1,dire_top1_nw_ratio,nominal,322,6.453031971847807e-05,0.0017434327702357116,0.00720144715885481,0.671745485277038
grid-2996948-m2,radiant_nw_adv,aligned,451,-46.813747228381374,51.0,171.0,0.9899622212563471
grid-2996948-m2,radiant_nw_adv,nominal,449,-45.605790645879736,64.0,192.39999999999998,0.978191975882958
grid-2996948-m2,radiant_nw,aligned,451,7.022172949002218,56.0,319.0,0.9995929135704676
grid-2996948-m2,radiant_nw,nominal,449,-49.073496659242764,84.0,353.3999999999999,0.9995251550757303
grid-2996948-m2,dire_nw,aligned,451,53.83592017738359,34.0,339.0,0.999687567948538
grid-2996948-m2,dire_nw,nominal,449,-3.467706013363029,54.0,420.5999999999999,0.9996446295633228
grid-2996948-m2,radiant_xp_adv,aligned,451,0.17738359201773837,0.0,580.0,0.9402250541303983
grid-2996948-m2,radiant_xp_adv,nominal,449,-5.968819599109131,0.0,680.0,0.9030351211908969
grid-2996948-m2,deaths_radiant,aligned,451,0.0022172949002217295,0.0,0.0,0.9984756485188597
grid-2996948-m2,deaths_radiant,nominal,449,-0.008908685968819599,0.0,0.0,0.9939006694932623
grid-2996948-m2,deaths_dire,aligned,451,0.0022172949002217295,0.0,0.0,0.9986518929796473
grid-2996948-m2,deaths_dire,nominal,449,-0.008908685968819599,0.0,0.0,0.9945793354224316
grid-2996948-m2,top1_nw_adv,aligned,451,0.057649667405764965,5.0,203.0,0.947114955374531
grid-2996948-m2,top1_nw_adv,nominal,449,0.2561247216035635,23.0,219.2,0.9364965623085612
grid-2996948-m2,radiant_top1_nw_ratio,aligned,451,3.58710916192923e-05,0.0016507268864975055,0.010117803038664969,0.7012268908662438
grid-2996948-m2,radiant_top1_nw_ratio,nominal,449,-9.976929329532145e-05,0.00189333530184288,0.010342615642189685,0.6714681036533842
grid-2996948-m2,dire_top1_nw_ratio,aligned,451,-0.000875389977562654,0.0008147414326682423,0.004312159704505353,0.9724185032366863
grid-2996948-m2,dire_top1_nw_ratio,nominal,449,-0.0008397948170692928,0.0009520088316649911,0.005331495516119843,0.9552404567030565
grid-2996948-m3,radiant_nw_adv,aligned,348,151.51724137931035,100.5,341.50000000000006,0.9362574537368682
grid-2996948-m3,radiant_nw_adv,nominal,348,161.60632183908046,123.0,459.0,0.9156746008836034
grid-2996948-m3,radiant_nw,aligned,348,97.71551724137932,65.0,479.6,0.9996111102161584
grid-2996948-m3,radiant_nw,nominal,348,11.350574712643677,94.0,400.4000000000001,0.9996086537241256
grid-2996948-m3,dire_nw,aligned,348,-53.80172413793103,60.5,272.3,0.9997688109753535
grid-2996948-m3,dire_nw,nominal,348,-150.25574712643677,153.0,311.3,0.9996403446319273
grid-2996948-m3,radiant_xp_adv,aligned,348,15.862068965517242,0.0,780.0,0.9061867581767196
grid-2996948-m3,radiant_xp_adv,nominal,348,37.87356321839081,0.0,860.0,0.8809700846909797
grid-2996948-m3,deaths_radiant,aligned,348,-0.011494252873563218,0.0,0.0,0.9978914261809371
grid-2996948-m3,deaths_radiant,nominal,348,-0.04597701149425287,0.0,0.0,0.9919443310955207
grid-2996948-m3,deaths_dire,aligned,348,0.014367816091954023,0.0,0.0,0.9974298529557083
grid-2996948-m3,deaths_dire,nominal,348,-0.014367816091954023,0.0,0.0,0.9974139140882555
grid-2996948-m3,top1_nw_adv,aligned,348,13.804597701149426,50.0,90.0,0.9240733300671558
grid-2996948-m3,top1_nw_adv,nominal,348,14.152298850574713,50.0,114.0,0.9086434466177006
grid-2996948-m3,radiant_top1_nw_ratio,aligned,348,8.118824216827322e-05,0.004437927822460427,0.01067942271262404,0.8723907156470712
grid-2996948-m3,radiant_top1_nw_ratio,nominal,348,-0.00018048584208784266,0.004286792549239027,0.010463589647970452,0.8697284515168106
grid-2996948-m3,dire_top1_nw_ratio,aligned,348,2.7962413993863446e-05,0.0011246080869870695,0.004453182992028767,0.8872318995798082
grid-2996948-m3,dire_top1_nw_ratio,nominal,348,-0.00022301222608161887,0.0019955876354714602,0.006635204371411599,0.7923994796897434
grid-2996948-m4,radiant_nw_adv,aligned,370,-65.7945945945946,90.5,368.20000000000005,0.9339882635673507
grid-2996948-m4,radiant_nw_adv,nominal,369,-65.48509485094851,109.0,417.0,0.917198009303175
grid-2996948-m4,radiant_nw,aligned,370,-58.42972972972973,71.0,239.4000000000001,0.9996940354910365
grid-2996948-m4,radiant_nw,nominal,369,-119.78861788617886,113.0,285.2,0.9995582775294753
grid-2996948-m4,dire_nw,aligned,370,7.364864864864865,82.0,286.0000000000002,0.9995492424131881
grid-2996948-m4,dire_nw,nominal,369,-54.303523035230356,132.0,335.19999999999993,0.9995218328481605
grid-2996948-m4,radiant_xp_adv,aligned,370,-13.135135135135135,0.0,580.0,0.9552409360877026
grid-2996948-m4,radiant_xp_adv,nominal,369,-6.178861788617886,0.0,880.0,0.9205212025157676
grid-2996948-m4,deaths_radiant,aligned,370,-0.002702702702702703,0.0,0.0,0.9983811600161814
grid-2996948-m4,deaths_radiant,nominal,369,-0.024390243902439025,0.0,0.0,0.9971352059998354
grid-2996948-m4,deaths_dire,aligned,370,-0.010810810810810811,0.0,0.0,0.9895569534094633
grid-2996948-m4,deaths_dire,nominal,369,-0.02981029810298103,0.0,0.0,0.9692346607563259
grid-2996948-m4,top1_nw_adv,aligned,370,-2.343243243243243,5.0,80.40000000000009,0.9726155929451202
grid-2996948-m4,top1_nw_adv,nominal,369,-5.2710027100271,20.0,102.0,0.9493138222143667
grid-2996948-m4,radiant_top1_nw_ratio,aligned,370,0.0004236309808241951,0.001783469261623219,0.006985452085602127,0.9022816485105428
grid-2996948-m4,radiant_top1_nw_ratio,nominal,369,0.0003802523005726576,0.0018746299234798647,0.008244135056251333,0.8785501590538072
grid-2996948-m4,dire_top1_nw_ratio,aligned,370,1.4541284941315184e-05,0.001403033343564522,0.006584793847216373,0.953979043104651
grid-2996948-m4,dire_top1_nw_ratio,nominal,369,3.3647142510574046e-05,0.0017723023306580321,0.006677377169891063,0.9314867707795067
grid-2996948-m5,radiant_nw_adv,aligned,305,10.672131147540984,69.0,330.0,0.8003984897129027
grid-2996948-m5,radiant_nw_adv,nominal,304,23.088815789473685,91.0,435.4,0.75644366590926
grid-2996948-m5,radiant_nw,aligned,305,32.622950819672134,90.0,410.0,0.9996485393446279
grid-2996948-m5,radiant_nw,nominal,304,-45.91776315789474,142.0,315.9999999999999,0.9996361539800229
grid-2996948-m5,dire_nw,aligned,305,21.950819672131146,50.0,273.4000000000001,0.9988826684254948
grid-2996948-m5,dire_nw,nominal,304,-69.00657894736842,119.5,279.9999999999999,0.9986947214979648
grid-2996948-m5,radiant_xp_adv,aligned,305,9.114754098360656,0.0,980.0,0.8110086544578418
grid-2996948-m5,radiant_xp_adv,nominal,304,18.026315789473685,0.0,749.9999999999989,0.8910238075049449
grid-2996948-m5,deaths_radiant,aligned,305,-0.003278688524590164,0.0,0.0,0.9981762125895631
grid-2996948-m5,deaths_radiant,nominal,304,-0.023026315789473683,0.0,0.0,0.9838477945350275
grid-2996948-m5,deaths_dire,aligned,305,-0.003278688524590164,0.0,0.0,0.9925939952922984
grid-2996948-m5,deaths_dire,nominal,304,-0.006578947368421052,0.0,0.0,0.9950962899523998
grid-2996948-m5,top1_nw_adv,aligned,305,-11.918032786885245,15.0,87.40000000000009,0.8902838833562488
grid-2996948-m5,top1_nw_adv,nominal,304,-4.542763157894737,31.0,122.79999999999995,0.8762657536677023
grid-2996948-m5,radiant_top1_nw_ratio,aligned,305,0.0011665763127861873,0.0016555506121370134,0.00853261339836477,0.9083222791313583
grid-2996948-m5,radiant_top1_nw_ratio,nominal,304,0.0013697824973959317,0.002818598368486011,0.010599614862472932,0.888503777588002
grid-2996948-m5,dire_top1_nw_ratio,aligned,305,0.0008918539557902994,0.0018599930218543004,0.004861893942291144,0.8888038753351835
grid-2996948-m5,dire_top1_nw_ratio,nominal,304,0.000684923138120037,0.002499201697995862,0.007158155058362852,0.8704314948372117
grid-2996949-m1,radiant_nw_adv,aligned,370,-51.84054054054054,54.0,360.5000000000001,0.8923256811302445
grid-2996949-m1,radiant_nw_adv,nominal,369,-44.13821138211382,64.0,430.1999999999999,0.8924815278615095
grid-2996949-m1,radiant_nw,aligned,370,110.13513513513513,80.0,407.1,0.9993886586727571
grid-2996949-m1,radiant_nw,nominal,369,54.6449864498645,126.0,370.0,0.9994302817848244
grid-2996949-m1,dire_nw,aligned,370,161.9756756756757,87.0,531.9000000000004,0.9990713991135143
grid-2996949-m1,dire_nw,nominal,369,98.78319783197831,135.0,481.99999999999994,0.999067341097803
grid-2996949-m1,radiant_xp_adv,aligned,370,-25.027027027027028,0.0,980.0,0.8381248115951035
grid-2996949-m1,radiant_xp_adv,nominal,369,-15.176151761517616,0.0,980.0,0.8682548812417007
grid-2996949-m1,deaths_radiant,aligned,370,0.051351351351351354,0.0,0.0,0.9972265740045319
grid-2996949-m1,deaths_radiant,nominal,369,0.024390243902439025,0.0,0.0,0.9970889346900217
grid-2996949-m1,deaths_dire,aligned,370,0.021621621621621623,0.0,0.0,0.9958852955897622
grid-2996949-m1,deaths_dire,nominal,369,0.0027100271002710027,0.0,0.0,0.9966021629995614
grid-2996949-m1,top1_nw_adv,aligned,370,-83.83783783783784,32.0,350.2000000000003,0.9436336530959974
grid-2996949-m1,top1_nw_adv,nominal,369,-78.05420054200542,45.0,348.2,0.9376050503708581
grid-2996949-m1,radiant_top1_nw_ratio,aligned,370,-0.0019690061388600005,0.0021303524911853167,0.011791756465705298,0.9269724819055809
grid-2996949-m1,radiant_top1_nw_ratio,nominal,369,-0.0018032484040973696,0.0028387042026085663,0.0117947046738752,0.9165546875734017
grid-2996949-m1,dire_top1_nw_ratio,aligned,370,0.001344751085165716,0.0019290902020317607,0.0096525805303172,0.9395062631117433
grid-2996949-m1,dire_top1_nw_ratio,nominal,369,0.0010237217058484196,0.0027349361345321566,0.011276066399191507,0.9287256116531272
grid-2996949-m2,radiant_nw_adv,aligned,399,13.829573934837093,49.0,140.99999999999994,0.9728559581632926
grid-2996949-m2,radiant_nw_adv,nominal,397,8.664987405541561,60.0,204.0,0.9635134004894541
grid-2996949-m2,radiant_nw,aligned,399,102.41353383458646,50.0,525.8,0.9993639685744137
grid-2996949-m2,radiant_nw,nominal,397,34.62972292191436,88.0,461.6000000000005,0.9992655130133885
grid-2996949-m2,dire_nw,aligned,399,88.58395989974937,84.0,584.8,0.9996644175626815
grid-2996949-m2,dire_nw,nominal,397,25.964735516372794,97.0,506.2000000000001,0.999550654746406
grid-2996949-m2,radiant_xp_adv,aligned,399,-12.882205513784461,0.0,480.0,0.9476744891099705
grid-2996949-m2,radiant_xp_adv,nominal,397,-4.38287153652393,0.0,780.0,0.9112466592317825
grid-2996949-m2,deaths_radiant,aligned,399,-0.007518796992481203,0.0,0.0,0.9970310781710873
grid-2996949-m2,deaths_radiant,nominal,397,-0.027707808564231738,0.0,0.0,0.9934808470081723
grid-2996949-m2,deaths_dire,aligned,399,0.0,0.0,0.0,0.9992040759339201
grid-2996949-m2,deaths_dire,nominal,397,-0.037783375314861464,0.0,0.0,0.9970670660382027
grid-2996949-m2,top1_nw_adv,aligned,399,-18.899749373433583,10.0,290.0,0.8910606049949934
grid-2996949-m2,top1_nw_adv,nominal,397,-15.314861460957179,20.0,294.0,0.8761899424814579
grid-2996949-m2,radiant_top1_nw_ratio,aligned,399,-0.00047869997828172924,0.0017349846276218384,0.007191223312882478,0.6555209006215311
grid-2996949-m2,radiant_top1_nw_ratio,nominal,397,-0.00043035636805363565,0.001880636681346276,0.007137272363026548,0.6486838352282107
grid-2996949-m2,dire_top1_nw_ratio,aligned,399,0.00013035715494830153,0.0018879443335491353,0.007681283233151132,0.9012001831490148
grid-2996949-m2,dire_top1_nw_ratio,nominal,397,3.88331047822416e-06,0.0020198311743741815,0.007976457730623993,0.8666019817936751
grid-2996949-m4,radiant_nw_adv,aligned,425,-131.31764705882352,80.0,449.20000000000016,0.9470995006626064
grid-2996949-m4,radiant_nw_adv,nominal,426,-153.94835680751174,153.5,508.0,0.9338135224464716
grid-2996949-m4,radiant_nw,aligned,425,-22.209411764705884,51.0,257.20000000000005,0.9994619005553763
grid-2996949-m4,radiant_nw,nominal,426,151.11737089201878,122.0,406.0,0.9993218443247815
grid-2996949-m4,dire_nw,aligned,425,109.10823529411765,55.0,522.0,0.9995001544526094
grid-2996949-m4,dire_nw,nominal,426,305.0657276995305,186.5,695.5,0.9993594450814174
grid-2996949-m4,radiant_xp_adv,aligned,425,18.11764705882353,0.0,580.0,0.9625042826726435
grid-2996949-m4,radiant_xp_adv,nominal,426,-74.46009389671362,0.0,1080.0,0.8196529477076944
grid-2996949-m4,deaths_radiant,aligned,425,0.0,0.0,0.0,0.9977390683646108
grid-2996949-m4,deaths_radiant,nominal,426,0.07981220657276995,0.0,0.0,0.9888993135164089
grid-2996949-m4,deaths_dire,aligned,425,-0.004705882352941176,0.0,0.0,0.9990360394053222
grid-2996949-m4,deaths_dire,nominal,426,0.03990610328638498,0.0,0.0,0.9921053057516769
grid-2996949-m4,top1_nw_adv,aligned,425,-36.94117647058823,6.0,242.0,0.9571949904353831
grid-2996949-m4,top1_nw_adv,nominal,426,-48.220657276995304,34.0,279.0,0.9471565825627188
grid-2996949-m4,radiant_top1_nw_ratio,aligned,425,-1.144439273933667e-05,0.0007396974447175797,0.003478346530764565,0.9741489726068367
grid-2996949-m4,radiant_top1_nw_ratio,nominal,426,0.0001216526534783074,0.001885120077437366,0.0062994033339321825,0.9217672690324931
grid-2996949-m4,dire_top1_nw_ratio,aligned,425,0.00046210024550182916,0.0008744710867964189,0.008570740050983705,0.8721519761231881
grid-2996949-m4,dire_top1_nw_ratio,nominal,426,0.0010293035779659237,0.0029346719832153284,0.010364734314169455,0.7574404923034429
grid-2998724-m3,radiant_nw_adv,aligned,464,-165.11422413793105,71.0,535.0999999999999,0.9805999537240823
grid-2998724-m3,radiant_nw_adv,nominal,464,-174.5948275862069,116.0,609.4,0.9702676028145186
grid-2998724-m3,radiant_nw,aligned,464,-147.03663793103448,63.0,414.79999999999995,0.9997709028687563
grid-2998724-m3,radiant_nw,nominal,464,-240.73491379310346,159.0,543.7999999999998,0.999717362917151
grid-2998724-m3,dire_nw,aligned,464,18.07758620689655,46.5,200.7,0.999850183254395
grid-2998724-m3,dire_nw,nominal,464,-66.14008620689656,101.5,255.0,0.9997905169402506
grid-2998724-m3,radiant_xp_adv,aligned,464,9.482758620689655,0.0,480.0,0.9727743899167042
grid-2998724-m3,radiant_xp_adv,nominal,464,28.405172413793103,0.0,921.9999999999993,0.9372098866550004
grid-2998724-m3,deaths_radiant,aligned,464,0.0,0.0,0.0,0.9988413370949284
grid-2998724-m3,deaths_radiant,nominal,464,-0.028017241379310345,0.0,0.0,0.9957603788404515
grid-2998724-m3,deaths_dire,aligned,464,0.0021551724137931034,0.0,0.0,0.9991832836177337
grid-2998724-m3,deaths_dire,nominal,464,-0.03017241379310345,0.0,0.0,0.9957719204036292
grid-2998724-m3,top1_nw_adv,aligned,464,-53.38577586206897,14.0,300.0,0.9784764373366591
grid-2998724-m3,top1_nw_adv,nominal,464,-59.310344827586206,37.0,301.0,0.9723734584692472
grid-2998724-m3,radiant_top1_nw_ratio,aligned,464,0.0020877047816588415,0.001323109155154406,0.007209828764295542,0.9828975837966957
grid-2998724-m3,radiant_top1_nw_ratio,nominal,464,0.001825999154553604,0.002469651585922064,0.008333333333333331,0.9749074334764358
grid-2998724-m3,dire_top1_nw_ratio,aligned,464,0.0025800389819916076,0.0008691413419099764,0.012861425708533278,0.9315013528423196
grid-2998724-m3,dire_top1_nw_ratio,nominal,464,0.0022410523387053475,0.0019117484514837024,0.013299412435354133,0.9197264791263369
grid-2998724-m4,radiant_nw_adv,aligned,403,21.826302729528535,50.0,188.00000000000023,0.9618107518724195
grid-2998724-m4,radiant_nw_adv,nominal,404,20.376237623762375,64.5,271.7,0.9451479663682826
grid-2998724-m4,radiant_nw,aligned,403,-16.032258064516128,56.0,229.0,0.9997178722552013
grid-2998724-m4,radiant_nw,nominal,404,-106.94554455445545,119.5,278.0,0.9996101225523972
grid-2998724-m4,dire_nw,aligned,403,-37.858560794044664,85.0,245.8,0.999773615742794
grid-2998724-m4,dire_nw,nominal,404,-127.32178217821782,146.0,305.0,0.9996691055759285
grid-2998724-m4,radiant_xp_adv,aligned,403,-5.905707196029777,0.0,660.0000000000011,0.9084530783159266
grid-2998724-m4,radiant_xp_adv,nominal,404,-23.663366336633665,0.0,880.0,0.8500468965593811
grid-2998724-m4,deaths_radiant,aligned,403,-0.004962779156327543,0.0,0.0,0.9970906568251814
grid-2998724-m4,deaths_radiant,nominal,404,-0.024752475247524754,0.0,0.0,0.9862170411379982
grid-2998724-m4,deaths_dire,aligned,403,0.0024813895781637717,0.0,0.0,0.9872482195250895
grid-2998724-m4,deaths_dire,nominal,404,-0.007425742574257425,0.0,0.0,0.987518196585033
grid-2998724-m4,top1_nw_adv,aligned,403,16.09181141439206,23.0,59.80000000000001,0.9428853309114179
grid-2998724-m4,top1_nw_adv,nominal,404,14.393564356435643,37.0,90.0,0.8932102743649536
grid-2998724-m4,radiant_top1_nw_ratio,aligned,403,0.0013429246458943808,0.0027050026510197223,0.004880851098021821,0.920589073627925
grid-2998724-m4,radiant_top1_nw_ratio,nominal,404,0.0009897281491225837,0.002909468655075853,0.006056391352673615,0.9008910856194765
grid-2998724-m4,dire_top1_nw_ratio,aligned,403,0.0007166625012117619,0.0014882974941231308,0.005565617960185032,0.9412234477815549
grid-2998724-m4,dire_top1_nw_ratio,nominal,404,0.0002932722660117121,0.0018955171612029115,0.006483615507617221,0.91360653855054
grid-2999024-m1,radiant_nw_adv,aligned,385,-30.353246753246754,71.0,615.0,0.7214949248256658
grid-2999024-m1,radiant_nw_adv,nominal,382,-21.75392670157068,99.0,600.8000000000001,0.658252758708349
grid-2999024-m1,radiant_nw,aligned,385,90.36363636363636,45.0,545.0,0.9996065353192157
grid-2999024-m1,radiant_nw,nominal,382,-7.225130890052356,75.0,460.90000000000003,0.9995604729980004
grid-2999024-m1,dire_nw,aligned,385,120.71688311688311,70.0,619.0,0.9994771964922295
grid-2999024-m1,dire_nw,nominal,382,14.528795811518325,142.5,544.2000000000003,0.9993602150401601
grid-2999024-m1,radiant_xp_adv,aligned,385,20.051948051948052,0.0,780.0,0.914795808913677
grid-2999024-m1,radiant_xp_adv,nominal,382,34.659685863874344,0.0,880.0,0.8428575658982648
grid-2999024-m1,deaths_radiant,aligned,385,0.0025974025974025974,0.0,0.0,0.9989542684259658
grid-2999024-m1,deaths_radiant,nominal,382,-0.049738219895287955,0.0,0.0,0.997315264281456
grid-2999024-m1,deaths_dire,aligned,385,0.012987012987012988,0.0,0.0,0.998476874585927
grid-2999024-m1,deaths_dire,nominal,382,-0.020942408376963352,0.0,0.0,0.9975149193971202
grid-2999024-m1,top1_nw_adv,aligned,385,-73.45194805194805,14.0,300.0,0.647735130113702
grid-2999024-m1,top1_nw_adv,nominal,382,-66.11256544502618,42.5,300.0,0.6102814055222061
grid-2999024-m1,radiant_top1_nw_ratio,aligned,385,-0.0011393360180452122,0.000860512634351912,0.006101731751123485,0.8474038482630287
grid-2999024-m1,radiant_top1_nw_ratio,nominal,382,-0.0011758527110893265,0.0010752978896581,0.006226702591444802,0.8082959895852054
grid-2999024-m1,dire_top1_nw_ratio,aligned,385,0.0026431288609368997,0.0016976043801015528,0.009123730771240806,0.887065186337608
grid-2999024-m1,dire_top1_nw_ratio,nominal,382,0.0022963128720067377,0.002825652613453175,0.010251859980510746,0.8593922711971007
grid-2999024-m2,radiant_nw_adv,aligned,553,74.57323688969258,94.0,550.0,0.9949975896507128
grid-2999024-m2,radiant_nw_adv,nominal,551,93.84392014519057,103.0,593.0,0.9926180949871795
grid-2999024-m2,radiant_nw,aligned,553,4.054249547920434,150.0,324.8,0.9995232554613233
grid-2999024-m2,radiant_nw,nominal,551,-50.936479128856625,191.0,301.0,0.9993450583987221
grid-2999024-m2,dire_nw,aligned,553,-70.51898734177215,74.0,259.8,0.9998723690107143
grid-2999024-m2,dire_nw,nominal,551,-144.7803992740472,128.0,343.0,0.9998385455455413
grid-2999024-m2,radiant_xp_adv,aligned,553,8.752260397830018,0.0,480.0,0.994563376280777
grid-2999024-m2,radiant_xp_adv,nominal,551,42.43194192377496,0.0,880.0,0.9873734542070279
grid-2999024-m2,deaths_radiant,aligned,553,-0.0018083182640144665,0.0,0.0,0.9997746633214498
grid-2999024-m2,deaths_radiant,nominal,551,-0.047186932849364795,0.0,0.0,0.9991948415457976
grid-2999024-m2,deaths_dire,aligned,553,-0.009041591320072333,0.0,0.0,0.9976455166394929
grid-2999024-m2,deaths_dire,nominal,551,-0.030852994555353903,0.0,0.0,0.9930168712121544
grid-2999024-m2,top1_nw_adv,aligned,553,48.66365280289331,50.0,305.0,0.9339975766648865
grid-2999024-m2,top1_nw_adv,nominal,551,50.70780399274047,51.0,305.0,0.9121309290545674
grid-2999024-m2,radiant_top1_nw_ratio,aligned,553,0.0030660131731696447,0.004981043535487922,0.011880435026948943,0.9527813911447377
grid-2999024-m2,radiant_top1_nw_ratio,nominal,551,0.00292176927691518,0.0052051283548026905,0.012210024894794003,0.9397851648137066
grid-2999024-m2,dire_top1_nw_ratio,aligned,553,0.001287883673352771,0.0010372568883912914,0.005794899524774301,0.9801378093910352
grid-2999024-m2,dire_top1_nw_ratio,nominal,551,0.001300913339755887,0.0016334141264833235,0.006175486434087218,0.9680259159850021
grid-2999024-m4,radiant_nw_adv,aligned,373,-70.12868632707774,99.0,309.00000000000006,0.9976907118264654
grid-2999024-m4,radiant_nw_adv,nominal,372,-41.61021505376344,99.0,319.7000000000001,0.9971004766494824
grid-2999024-m4,radiant_nw,aligned,373,-37.520107238605895,96.0,263.20000000000005,0.9996764865695227
grid-2999024-m4,radiant_nw,nominal,372,-86.71236559139786,126.0,269.90000000000003,0.9997321834782996
grid-2999024-m4,dire_nw,aligned,373,32.60857908847185,94.0,452.2000000000001,0.9997474274217992
grid-2999024-m4,dire_nw,nominal,372,-45.10215053763441,129.5,385.80000000000007,0.999737230026003
grid-2999024-m4,radiant_xp_adv,aligned,373,21.28686327077748,0.0,580.0,0.9850502963644244
grid-2999024-m4,radiant_xp_adv,nominal,372,43.38709677419355,0.0,770.0000000000034,0.9783337870746356
grid-2999024-m4,deaths_radiant,aligned,373,0.005361930294906166,0.0,0.0,0.9992637420636453
grid-2999024-m4,deaths_radiant,nominal,372,-0.03494623655913978,0.0,0.0,0.9984550350998685
grid-2999024-m4,deaths_dire,aligned,373,0.002680965147453083,0.0,0.0,0.9972619242019188
grid-2999024-m4,deaths_dire,nominal,372,-0.013440860215053764,0.0,0.0,0.997273093096896
grid-2999024-m4,top1_nw_adv,aligned,373,72.39678284182305,50.0,290.8,0.9780306076829232
grid-2999024-m4,top1_nw_adv,nominal,372,79.15322580645162,54.5,299.1000000000003,0.9779985231149694
grid-2999024-m4,radiant_top1_nw_ratio,aligned,373,0.0027883608157000537,0.0019012711864818677,0.01184620438924459,0.8170351242369556
grid-2999024-m4,radiant_top1_nw_ratio,nominal,372,0.002871962612961048,0.002100686928703674,0.012022528923860649,0.8185455785338179
grid-2999024-m4,dire_top1_nw_ratio,aligned,373,-0.002065019837496811,0.003516270302285629,0.008789883135284282,0.9515580437626113
grid-2999024-m4,dire_top1_nw_ratio,nominal,372,-0.0021794032869373345,0.003385129761222405,0.009181632492500695,0.9477674217682447
grid-2999024-m5,radiant_nw_adv,aligned,327,263.6085626911315,102.0,869.0,0.954340572606454
grid-2999024-m5,radiant_nw_adv,nominal,326,244.1564417177914,108.0,867.0,0.9535061719679934
grid-2999024-m5,radiant_nw,aligned,327,153.954128440367,79.0,386.0,0.9993528858225054
grid-2999024-m5,radiant_nw,nominal,326,58.23312883435583,123.0,341.0,0.999277382430495
grid-2999024-m5,dire_nw,aligned,327,-109.65443425076452,71.0,495.0,0.9996133135295063
grid-2999024-m5,dire_nw,nominal,326,-185.92331288343559,141.0,538.0,0.999675439056323
grid-2999024-m5,radiant_xp_adv,aligned,327,36.14678899082569,0.0,780.0,0.8809222935992442
grid-2999024-m5,radiant_xp_adv,nominal,326,4.110429447852761,0.0,830.0,0.8725313858863155
grid-2999024-m5,deaths_radiant,aligned,327,0.01529051987767584,0.0,0.0,0.9955321969208706
grid-2999024-m5,deaths_radiant,nominal,326,-0.006134969325153374,0.0,0.0,0.99819727582613
grid-2999024-m5,deaths_dire,aligned,327,0.009174311926605505,0.0,0.0,0.9971188888602877
grid-2999024-m5,deaths_dire,nominal,326,-0.03067484662576687,0.0,0.0,0.9911061336107839
grid-2999024-m5,top1_nw_adv,aligned,327,65.40978593272172,50.0,300.0,0.7638435473428445
grid-2999024-m5,top1_nw_adv,nominal,326,65.56441717791411,55.0,293.0,0.7888597501504998
grid-2999024-m5,radiant_top1_nw_ratio,aligned,327,0.0023373223874547863,0.0038460665274357986,0.012699463378722565,0.8827487826872642
grid-2999024-m5,radiant_top1_nw_ratio,nominal,326,0.002325324360307144,0.0038809551537005577,0.012783345610999405,0.8828197312277549
grid-2999024-m5,dire_top1_nw_ratio,aligned,327,0.0012035873085286773,0.0022329858482788567,0.006537002409938375,0.8762954094266453
grid-2999024-m5,dire_top1_nw_ratio,nominal,326,0.0008369934164370569,0.002400910414433119,0.006806442553627459,0.8769811939773455
grid-3000371-m1,radiant_nw_adv,aligned,347,-110.97694524495677,85.0,455.40000000000003,0.9253968985696015
grid-3000371-m1,radiant_nw_adv,nominal,345,-106.6231884057971,109.0,454.4000000000001,0.9029606548487898
grid-3000371-m1,radiant_nw,aligned,347,-64.71469740634005,95.0,346.0,0.9996769089139749
grid-3000371-m1,radiant_nw,nominal,345,-154.0144927536232,138.0,438.80000000000007,0.9995236803441592
grid-3000371-m1,dire_nw,aligned,347,46.262247838616716,45.0,160.0,0.9997584916643659
grid-3000371-m1,dire_nw,nominal,345,-47.391304347826086,79.0,393.6000000000005,0.9996300415785255
grid-3000371-m1,radiant_xp_adv,aligned,347,10.778097982708934,0.0,780.0,0.9295049261894933
grid-3000371-m1,radiant_xp_adv,nominal,345,38.26086956521739,0.0,780.0,0.9260082468806983
grid-3000371-m1,deaths_radiant,aligned,347,0.0,0.0,0.0,0.9970466889561178
grid-3000371-m1,deaths_radiant,nominal,345,-0.03768115942028986,0.0,0.0,0.9907801394495199
grid-3000371-m1,deaths_dire,aligned,347,-0.002881844380403458,0.0,0.0,0.9984321453616635
grid-3000371-m1,deaths_dire,nominal,345,-0.028985507246376812,0.0,0.0,0.9844953687800738
grid-3000371-m1,top1_nw_adv,aligned,347,-56.429394812680115,50.0,130.0,0.9811122468967134
grid-3000371-m1,top1_nw_adv,nominal,345,-57.666666666666664,55.0,143.00000000000023,0.9588201768873343
grid-3000371-m1,radiant_top1_nw_ratio,aligned,347,-0.0019297890685940013,0.002132546836705246,0.008240895249881638,0.956868887770032
grid-3000371-m1,radiant_top1_nw_ratio,nominal,345,-0.0023399284533154974,0.0035927375376916537,0.00965276711420789,0.9242741232635382
grid-3000371-m1,dire_top1_nw_ratio,aligned,347,-0.0005675622478780987,0.0011347902221008344,0.0057389258587959915,0.9020973241044673
grid-3000371-m1,dire_top1_nw_ratio,nominal,345,-0.0008181191402918118,0.0015616998795379977,0.006795934915080545,0.844155973505053
grid-3000371-m2,radiant_nw_adv,aligned,531,-23.19020715630885,70.0,320.0,0.9324756359100925
grid-3000371-m2,radiant_nw_adv,nominal,439,-29.21640091116173,84.0,350.2,0.932197830751803
grid-3000371-m2,radiant_nw,aligned,531,-66.2768361581921,81.0,505.0,0.9988183743262958
grid-3000371-m2,radiant_nw,nominal,439,-167.9362186788155,150.0,591.2,0.9988475082761967
grid-3000371-m2,dire_nw,aligned,531,-43.08662900188324,55.0,225.0,0.9997586340273573
grid-3000371-m2,dire_nw,nominal,439,-138.71981776765375,122.0,312.0,0.9996371218074944
grid-3000371-m2,radiant_xp_adv,aligned,531,3.1638418079096047,0.0,780.0,0.9292732651413091
grid-3000371-m2,radiant_xp_adv,nominal,439,-3.507972665148064,0.0,680.0,0.9479471184398214
grid-3000371-m2,deaths_radiant,aligned,531,0.0018832391713747645,0.0,0.0,0.9841947281580455
grid-3000371-m2,deaths_radiant,nominal,439,-0.00683371298405467,0.0,0.0,0.9452230434885449
grid-3000371-m2,deaths_dire,aligned,531,0.0018832391713747645,0.0,0.0,0.9955421982570518
grid-3000371-m2,deaths_dire,nominal,439,-0.009111617312072893,0.0,0.0,0.9957714372881253
grid-3000371-m2,top1_nw_adv,aligned,531,62.01129943502825,55.0,113.0,0.9324111115334787
grid-3000371-m2,top1_nw_adv,nominal,439,61.571753986332574,57.0,114.19999999999993,0.9341436133654549
grid-3000371-m2,radiant_top1_nw_ratio,aligned,531,0.003930130724384469,0.0038641124070696864,0.0067855062602332206,0.9493133629650876
grid-3000371-m2,radiant_top1_nw_ratio,nominal,439,0.003931790562103981,0.004368903557022352,0.0073646497497131475,0.9556341376481272
grid-3000371-m2,dire_top1_nw_ratio,aligned,531,-0.0010894595603332463,0.0029003124256591906,0.007365127678899547,0.7580236518274442
grid-3000371-m2,dire_top1_nw_ratio,nominal,439,-0.0012994428916507643,0.003044803535132007,0.008147352370167952,0.7363211607256729
grid-3000371-m3,radiant_nw_adv,aligned,317,-83.17981072555204,67.0,484.6000000000003,0.949281727601037
grid-3000371-m3,radiant_nw_adv,nominal,316,-78.14873417721519,87.5,499.0,0.9388522333292023
grid-3000371-m3,radiant_nw,aligned,317,-72.95583596214512,80.0,246.0,0.9998177682210609
grid-3000371-m3,radiant_nw,nominal,316,-129.51898734177215,120.0,304.0,0.999795466496336
grid-3000371-m3,dire_nw,aligned,317,10.22397476340694,92.0,421.8000000000016,0.9995827088400658
grid-3000371-m3,dire_nw,nominal,316,-51.370253164556964,127.0,325.0,0.9996032070582198
grid-3000371-m3,radiant_xp_adv,aligned,317,44.16403785488959,0.0,780.0,0.9200323135300317
grid-3000371-m3,radiant_xp_adv,nominal,316,22.72151898734177,0.0,680.0,0.9377591056422582
grid-3000371-m3,deaths_radiant,aligned,317,0.0031545741324921135,0.0,0.0,0.9963726233302879
grid-3000371-m3,deaths_radiant,nominal,316,-0.012658227848101266,0.0,0.0,0.9951770563342616
grid-3000371-m3,deaths_dire,aligned,317,0.0,0.0,0.0,0.9942992836786096
grid-3000371-m3,deaths_dire,nominal,316,-0.00949367088607595,0.0,0.0,0.9915207772087379
grid-3000371-m3,top1_nw_adv,aligned,317,18.561514195583594,21.0,105.0,0.9425915678611478
grid-3000371-m3,top1_nw_adv,nominal,316,16.882911392405063,34.0,107.5,0.9383552336381809
grid-3000371-m3,radiant_top1_nw_ratio,aligned,317,0.00081665770314371,0.002377678226037905,0.006145165861679722,0.946887151041012
grid-3000371-m3,radiant_top1_nw_ratio,nominal,316,0.0005707767495285275,0.002510742601416066,0.006972031454186886,0.9416424334525232
grid-3000371-m3,dire_top1_nw_ratio,aligned,317,-0.0008727502608509968,0.0021383888455072386,0.006879528160192772,0.9309327758368046
grid-3000371-m3,dire_top1_nw_ratio,nominal,316,-0.0008879992875365272,0.0025572428876448616,0.007234377885777729,0.9153040996536721
grid-3000372-m1,radiant_nw_adv,aligned,326,-15.54601226993865,65.0,138.0,0.9107044170726051
grid-3000372-m1,radiant_nw_adv,nominal,325,-11.732307692307693,75.0,167.60000000000002,0.8809077671825274
grid-3000372-m1,radiant_nw,aligned,326,8.858895705521473,61.0,200.0,0.9999246388322875
grid-3000372-m1,radiant_nw,nominal,325,-44.036923076923074,78.0,212.80000000000007,0.9999199128840208
grid-3000372-m1,dire_nw,aligned,326,24.404907975460123,40.5,153.5,0.9997310226514154
grid-3000372-m1,dire_nw,nominal,325,-32.30461538461538,59.0,173.4000000000001,0.9996859397153643
grid-3000372-m1,radiant_xp_adv,aligned,326,-14.355828220858896,0.0,780.0,0.9197775325038188
grid-3000372-m1,radiant_xp_adv,nominal,325,-3.4461538461538463,0.0,680.0,0.9144684305641805
grid-3000372-m1,deaths_radiant,aligned,326,0.0,0.0,0.0,
grid-3000372-m1,deaths_radiant,nominal,325,0.0,0.0,0.0,
grid-3000372-m1,deaths_dire,aligned,326,0.0,0.0,0.0,
grid-3000372-m1,deaths_dire,nominal,325,0.0,0.0,0.0,
grid-3000372-m1,top1_nw_adv,aligned,326,10.93558282208589,30.0,68.5,0.9695659671973066
grid-3000372-m1,top1_nw_adv,nominal,325,12.338461538461539,31.0,84.0,0.9580802036099865
grid-3000372-m1,radiant_top1_nw_ratio,aligned,326,0.00027357931734765497,0.0016863759572109116,0.006879519984709703,0.8479198650146003
grid-3000372-m1,radiant_top1_nw_ratio,nominal,325,0.00017731974932301797,0.0017185287381955294,0.006891156880102518,0.8290640658019438
grid-3000372-m1,dire_top1_nw_ratio,aligned,326,-0.001336793591223611,0.0014843295445853416,0.004762519241127722,0.940598516443712
grid-3000372-m1,dire_top1_nw_ratio,nominal,325,-0.0014213746355865356,0.001472279282789618,0.005640646473223488,0.9188208916883018
grid-3000372-m2,radiant_nw_adv,aligned,317,110.95583596214512,74.0,376.40000000000055,0.9634377478654352
grid-3000372-m2,radiant_nw_adv,nominal,316,117.56012658227849,75.5,466.5,0.9539911576754666
grid-3000372-m2,radiant_nw,aligned,317,131.602523659306,83.0,587.8000000000004,0.9991878807860023
grid-3000372-m2,radiant_nw,nominal,316,69.20569620253164,75.0,551.5,0.9991500487205087
grid-3000372-m2,dire_nw,aligned,317,20.646687697160882,60.0,256.00000000000017,0.9997552588031736
grid-3000372-m2,dire_nw,nominal,316,-48.35443037974684,81.0,261.0,0.9997795679238668
grid-3000372-m2,radiant_xp_adv,aligned,317,-10.031545741324921,0.0,780.0,0.9520662582989842
grid-3000372-m2,radiant_xp_adv,nominal,316,2.088607594936709,0.0,680.0,0.9616847780929129
grid-3000372-m2,deaths_radiant,aligned,317,0.006309148264984227,0.0,0.0,0.9961951986822897
grid-3000372-m2,deaths_radiant,nominal,316,-0.012658227848101266,0.0,0.0,0.9923740875874997
grid-3000372-m2,deaths_dire,aligned,317,0.012618296529968454,0.0,0.0,0.9984555877696376
grid-3000372-m2,deaths_dire,nominal,316,-0.015822784810126583,0.0,0.0,0.9980692202192463
grid-3000372-m2,top1_nw_adv,aligned,317,21.378548895899055,50.0,166.60000000000048,0.8257438365224473
grid-3000372-m2,top1_nw_adv,nominal,316,23.924050632911392,50.0,225.0,0.8222944652169263
grid-3000372-m2,radiant_top1_nw_ratio,aligned,317,0.0005688650014363296,0.0019753598863983535,0.006893421672361568,0.7001736188102049
grid-3000372-m2,radiant_top1_nw_ratio,nominal,316,0.00046793077032141383,0.002107462816064304,0.006896763919615911,0.7040758471835226
grid-3000372-m2,dire_top1_nw_ratio,aligned,317,0.0008326099170901572,0.0016554892014395417,0.008267344184192272,0.8929598644623897
grid-3000372-m2,dire_top1_nw_ratio,nominal,316,0.0007422629608894865,0.0021873490840876725,0.00859088093917211,0.8839991317151259
grid-3000372-m3,radiant_nw_adv,aligned,409,-36.71149144254279,61.0,290.0,0.8796172668978209
grid-3000372-m3,radiant_nw_adv,nominal,407,-48.616707616707615,84.0,297.2000000000001,0.8636706930186352
grid-3000372-m3,radiant_nw,aligned,409,37.354523227383865,67.0,133.2,0.9995711489340731
grid-3000372-m3,radiant_nw,nominal,407,-46.96805896805897,57.0,188.40000000000003,0.9995635866917029
grid-3000372-m3,dire_nw,aligned,409,74.06601466992664,115.0,344.0,0.9995845389989166
grid-3000372-m3,dire_nw,nominal,407,1.6486486486486487,74.0,292.80000000000007,0.9995792915599313
grid-3000372-m3,radiant_xp_adv,aligned,409,17.31051344743276,0.0,880.0,0.8890658197537925
grid-3000372-m3,radiant_xp_adv,nominal,407,-21.13022113022113,0.0,560.0,0.9536979917125658
grid-3000372-m3,deaths_radiant,aligned,409,0.0,0.0,0.0,
grid-3000372-m3,deaths_radiant,nominal,407,0.0,0.0,0.0,
grid-3000372-m3,deaths_dire,aligned,409,0.0,0.0,0.0,
grid-3000372-m3,deaths_dire,nominal,407,0.0,0.0,0.0,
grid-3000372-m3,top1_nw_adv,aligned,409,8.569682151589243,5.0,51.0,0.6474376274184959
grid-3000372-m3,top1_nw_adv,nominal,407,4.808353808353808,20.0,73.80000000000007,0.6167842198809796
grid-3000372-m3,radiant_top1_nw_ratio,aligned,409,0.000483085938005815,0.0011307915138504543,0.005358554522429595,0.7523641322658108
grid-3000372-m3,radiant_top1_nw_ratio,nominal,407,0.0002458634757121293,0.00131479418967273,0.006478862187752019,0.7220210946615794
grid-3000372-m3,dire_top1_nw_ratio,aligned,409,-0.0002423674954440838,0.002124801115493541,0.004425717623824987,0.882979547900251
grid-3000372-m3,dire_top1_nw_ratio,nominal,407,-0.0004738809809086203,0.0020558048664393036,0.006313181811432498,0.8679706441447408
grid-3000372-m4,radiant_nw_adv,aligned,286,-2.520979020979021,81.5,305.0,0.9454942100759871
grid-3000372-m4,radiant_nw_adv,nominal,284,-13.05281690140845,84.5,321.80000000000007,0.9344347720946188
grid-3000372-m4,radiant_nw,aligned,286,-136.6013986013986,94.0,425.0,0.9984061861633056
grid-3000372-m4,radiant_nw,nominal,284,-197.26408450704224,139.0,475.00000000000017,0.9983552908738774
grid-3000372-m4,dire_nw,aligned,286,-134.08041958041957,95.0,264.0,0.9980593236955594
grid-3000372-m4,dire_nw,nominal,284,-184.2112676056338,148.0,317.80000000000007,0.9980126441410916
grid-3000372-m4,radiant_xp_adv,aligned,286,830.6993006993007,880.0,1380.0,0.8454495974153909
grid-3000372-m4,radiant_xp_adv,nominal,284,825.4929577464789,880.0,1380.0,0.816917341365809
grid-3000372-m4,deaths_radiant,aligned,286,0.0,0.0,0.0,
grid-3000372-m4,deaths_radiant,nominal,284,0.0,0.0,0.0,
grid-3000372-m4,deaths_dire,aligned,286,0.0034965034965034965,0.0,0.0,0.9962152422501396
grid-3000372-m4,deaths_dire,nominal,284,-0.01056338028169014,0.0,0.0,0.9962520181661562
grid-3000372-m4,top1_nw_adv,aligned,286,-108.6048951048951,40.0,466.0,0.43498037055425215
grid-3000372-m4,top1_nw_adv,nominal,284,-109.95774647887323,40.0,463.60000000000014,0.39233879553265655
grid-3000372-m4,radiant_top1_nw_ratio,aligned,286,-0.005034803605380985,0.0018581918079994958,0.020015297859267075,0.4583391328968831
grid-3000372-m4,radiant_top1_nw_ratio,nominal,284,-0.005096376106125284,0.0028569818229432636,0.019405383442195886,0.43509066452673395
grid-3000372-m4,dire_top1_nw_ratio,aligned,286,0.0008615898748138539,0.001335545942749497,0.006738662797120085,0.934710259821671
grid-3000372-m4,dire_top1_nw_ratio,nominal,284,0.0008547743238509022,0.001885398841600383,0.0067762902533787615,0.9203920722360829
grid-3000375-m1,radiant_nw_adv,aligned,405,-45.81975308641975,65.0,282.0,0.9799526464316063
grid-3000375-m1,radiant_nw_adv,nominal,323,-27.557275541795665,82.0,247.00000000000034,0.9812512608502745
grid-3000375-m1,radiant_nw,aligned,405,0.39012345679012345,63.0,211.60000000000002,0.9992381283140066
grid-3000375-m1,radiant_nw,nominal,323,-65.86687306501548,118.0,274.40000000000003,0.9992620533336646
grid-3000375-m1,dire_nw,aligned,405,46.20987654320987,102.0,503.0000000000001,0.9996840093770666
grid-3000375-m1,dire_nw,nominal,323,-38.309597523219814,129.0,348.0000000000001,0.9997110882344258
grid-3000375-m1,radiant_xp_adv,aligned,405,-2.962962962962963,0.0,780.0,0.9265220097363631
grid-3000375-m1,radiant_xp_adv,nominal,323,-18.88544891640867,0.0,680.0,0.9479114982979338
grid-3000375-m1,deaths_radiant,aligned,405,0.014814814814814815,0.0,0.0,0.9946906957992573
grid-3000375-m1,deaths_radiant,nominal,323,0.0,0.0,0.0,0.9999999999999998
grid-3000375-m1,deaths_dire,aligned,405,-0.0024691358024691358,0.0,0.0,0.994978113892112
grid-3000375-m1,deaths_dire,nominal,323,-0.006191950464396285,0.0,0.0,0.9875113505607723
grid-3000375-m1,top1_nw_adv,aligned,405,14.51604938271605,25.0,121.40000000000043,0.8662770640489177
grid-3000375-m1,top1_nw_adv,nominal,323,17.60061919504644,31.0,143.60000000000014,0.8748519727426234
grid-3000375-m1,radiant_top1_nw_ratio,aligned,405,0.002808067994522171,0.0012884553396094178,0.00998168663398581,0.5234439384424779
grid-3000375-m1,radiant_top1_nw_ratio,nominal,323,0.0027347289945261503,0.0016684828440632071,0.010288960209450904,0.5052570198928804
grid-3000375-m1,dire_top1_nw_ratio,aligned,405,0.0018883300358159057,0.003082180811392693,0.010194758049489007,0.8852966168307976
grid-3000375-m1,dire_top1_nw_ratio,nominal,323,0.001950342148836928,0.0038390411951626513,0.010062242071900391,0.897404506499069
grid-3000375-m2,radiant_nw_adv,aligned,309,-20.326860841423947,101.0,328.7999999999999,0.9456019257208397
grid-3000375-m2,radiant_nw_adv,nominal,311,-12.868167202572348,100.0,338.0,0.9472723484333634
grid-3000375-m2,radiant_nw,aligned,309,-125.68608414239482,141.0,289.2,0.9998069516642688
grid-3000375-m2,radiant_nw,nominal,311,-75.83279742765274,93.0,235.0,0.9998225822423008
grid-3000375-m2,dire_nw,aligned,309,-105.35922330097087,161.0,345.7999999999998,0.9992289943137156
grid-3000375-m2,dire_nw,nominal,311,-62.964630225080384,121.0,298.0,0.9992711394957151
grid-3000375-m2,radiant_xp_adv,aligned,309,-29.967637540453076,0.0,880.0,0.9013696720705549
grid-3000375-m2,radiant_xp_adv,nominal,311,-17.170418006430868,0.0,680.0,0.9467728378922377
grid-3000375-m2,deaths_radiant,aligned,309,0.0,0.0,0.0,
grid-3000375-m2,deaths_radiant,nominal,311,0.0,0.0,0.0,
grid-3000375-m2,deaths_dire,aligned,309,0.0,0.0,0.0,1.0
grid-3000375-m2,deaths_dire,nominal,311,0.0,0.0,0.0,1.0
grid-3000375-m2,top1_nw_adv,aligned,309,-43.37864077669903,29.0,103.19999999999999,0.37876546554338664
grid-3000375-m2,top1_nw_adv,nominal,311,-38.12861736334405,25.0,87.0,0.412703476756579
grid-3000375-m2,radiant_top1_nw_ratio,aligned,309,-0.0005577643487057541,0.0017786989799630504,0.008017283864962371,0.9118669313819391
grid-3000375-m2,radiant_top1_nw_ratio,nominal,311,-0.0003073694186221923,0.0014569062199275562,0.006920124642252057,0.934674996398964
grid-3000375-m2,dire_top1_nw_ratio,aligned,309,0.002958712309807384,0.003123622555918859,0.009467044176438405,0.813660224773322
grid-3000375-m2,dire_top1_nw_ratio,nominal,311,0.0028933820100792273,0.002871681299810941,0.00841219114839764,0.8205552040232749
grid-3000375-m3,radiant_nw_adv,aligned,381,-7.238845144356955,100.0,279.0,0.9464062593309535
grid-3000375-m3,radiant_nw_adv,nominal,381,-8.994750656167978,98.0,419.0,0.9382786247767427
grid-3000375-m3,radiant_nw,aligned,381,93.37007874015748,49.0,453.0,0.9990707382307118
grid-3000375-m3,radiant_nw,nominal,381,33.83464566929134,85.0,411.0,0.99899844566991
grid-3000375-m3,dire_nw,aligned,381,100.60892388451444,61.0,324.0,0.9993290735077558
grid-3000375-m3,dire_nw,nominal,381,42.82939632545932,52.0,303.0,0.9991516307757089
grid-3000375-m3,radiant_xp_adv,aligned,381,30.026246719160106,0.0,580.0,0.9659025290195742
grid-3000375-m3,radiant_xp_adv,nominal,381,25.721784776902886,0.0,780.0,0.9307315989775117
grid-3000375-m3,deaths_radiant,aligned,381,-0.0026246719160104987,0.0,0.0,0.9963699498378851
grid-3000375-m3,deaths_radiant,nominal,381,-0.01837270341207349,0.0,0.0,0.9769192923010271
grid-3000375-m3,deaths_dire,aligned,381,-0.005249343832020997,0.0,0.0,0.9990743490401256
grid-3000375-m3,deaths_dire,nominal,381,-0.026246719160104987,0.0,0.0,0.9954722249583424
grid-3000375-m3,top1_nw_adv,aligned,381,-42.72178477690289,40.0,204.0,0.7366490809866528
grid-3000375-m3,top1_nw_adv,nominal,381,-40.04724409448819,40.0,273.0,0.7134799930105261
grid-3000375-m3,radiant_top1_nw_ratio,aligned,381,-0.000764322615194951,0.002836912271203834,0.007749137193365563,0.7256234082583833
grid-3000375-m3,radiant_top1_nw_ratio,nominal,381,-0.0008153264465729562,0.0027093191936208294,0.008400093404916403,0.707390213955179
grid-3000375-m3,dire_top1_nw_ratio,aligned,381,0.0013485188969547905,0.0016289840051678106,0.007320656335874087,0.7327703394598938
grid-3000375-m3,dire_top1_nw_ratio,nominal,381,0.0011239186469753036,0.0017242894790952257,0.007519231293511314,0.7321740749603464
grid-3000375-m4,radiant_nw_adv,aligned,644,180.41770186335404,90.0,629.5000000000002,0.9269902350306063
grid-3000375-m4,radiant_nw_adv,nominal,643,179.20217729393468,100.0,585.0,0.9212040640438731
grid-3000375-m4,radiant_nw,aligned,644,161.30745341614906,55.5,544.7,0.9994707572110538
grid-3000375-m4,radiant_nw,nominal,643,106.950233281493,68.0,513.8000000000001,0.9994516089248325
grid-3000375-m4,dire_nw,aligned,644,-19.11024844720497,60.0,246.70000000000005,0.9997044849745014
grid-3000375-m4,dire_nw,nominal,643,-72.25194401244168,102.0,243.0,0.9996742322374416
grid-3000375-m4,radiant_xp_adv,aligned,644,4.53416149068323,0.0,0.0,0.9633831035392035
grid-3000375-m4,radiant_xp_adv,nominal,643,4.2612752721617415,0.0,580.0,0.9237656338543947
grid-3000375-m4,deaths_radiant,aligned,644,0.0015527950310559005,0.0,0.0,0.9994656720463477
grid-3000375-m4,deaths_radiant,nominal,643,-0.006220839813374806,0.0,0.0,0.9978734169308853
grid-3000375-m4,deaths_dire,aligned,644,0.003105590062111801,0.0,0.0,0.9992468648334731
grid-3000375-m4,deaths_dire,nominal,643,-0.01088646967340591,0.0,0.0,0.9986923737677371
grid-3000375-m4,top1_nw_adv,aligned,644,72.7748447204969,20.0,305.0,0.9300623129634015
grid-3000375-m4,top1_nw_adv,nominal,643,73.2239502332815,30.0,305.0,0.930437619269156
grid-3000375-m4,radiant_top1_nw_ratio,aligned,644,0.0013557117801562798,0.001965540595760179,0.00903581312611798,0.9264358393122317
grid-3000375-m4,radiant_top1_nw_ratio,nominal,643,0.0013382842812497003,0.0029087825563454406,0.009777931588151972,0.919313011898773
grid-3000375-m4,dire_top1_nw_ratio,aligned,644,0.000558411624059042,0.0009863024874466608,0.0037822711737789407,0.947314869565179
grid-3000375-m4,dire_top1_nw_ratio,nominal,643,0.0004911601793485109,0.001196932525287131,0.00490083285080651,0.9353272021390446
grid-3000375-m5,radiant_nw_adv,aligned,304,27.80592105263158,95.0,230.7,0.927862687215653
grid-3000375-m5,radiant_nw_adv,nominal,304,48.96052631578947,95.0,241.19999999999993,0.9307171729619128
grid-3000375-m5,radiant_nw,aligned,304,22.44407894736842,85.0,189.7,0.9997954794985159
grid-3000375-m5,radiant_nw,nominal,304,-81.42105263157895,56.0,300.4,0.999788344439504
grid-3000375-m5,dire_nw,aligned,304,-5.3618421052631575,70.0,162.0,0.9997671314856181
grid-3000375-m5,dire_nw,nominal,304,-130.3815789473684,124.5,264.0,0.9997788741855205
grid-3000375-m5,radiant_xp_adv,aligned,304,20.789473684210527,430.0,1080.0,0.7791820113713303
grid-3000375-m5,radiant_xp_adv,nominal,304,57.5,0.0,735.9999999999991,0.92416367666784
grid-3000375-m5,deaths_radiant,aligned,304,0.006578947368421052,0.0,0.0,0.9703666560787344
grid-3000375-m5,deaths_radiant,nominal,304,-0.006578947368421052,0.0,0.0,0.9703666560787344
grid-3000375-m5,deaths_dire,aligned,304,0.0,0.0,0.0,
grid-3000375-m5,deaths_dire,nominal,304,0.0,0.0,0.0,
grid-3000375-m5,top1_nw_adv,aligned,304,22.529605263157894,12.5,225.0,0.6396689998347578
grid-3000375-m5,top1_nw_adv,nominal,304,27.95394736842105,35.0,162.89999999999947,0.6394376773430664
grid-3000375-m5,radiant_top1_nw_ratio,aligned,304,-8.625471371579842e-05,0.0019526773060386804,0.0038465974136868515,0.9215061396468702
grid-3000375-m5,radiant_top1_nw_ratio,nominal,304,-0.0004397555906737887,0.0017874487683601642,0.005748001210291609,0.9070180337341
grid-3000375-m5,dire_top1_nw_ratio,aligned,304,0.00032392347922982476,0.002185988601782124,0.00940250706233859,0.4363670269659701
grid-3000375-m5,dire_top1_nw_ratio,nominal,304,2.1958858591071513e-05,0.0024491138819450753,0.009783349805215627,0.4543720199670166
grid-3002597-m1,radiant_nw_adv,aligned,363,-106.43250688705234,53.0,379.00000000000006,0.9578898394746838
grid-3002597-m1,radiant_nw_adv,nominal,363,-89.10743801652893,81.0,389.20000000000005,0.9435719715008033
grid-3002597-m1,radiant_nw,aligned,363,49.22865013774105,55.0,213.00000000000017,0.999724793960757
grid-3002597-m1,radiant_nw,nominal,363,-34.15426997245179,77.0,338.4000000000001,0.9996691817033169
grid-3002597-m1,dire_nw,aligned,363,155.6611570247934,60.0,675.2,0.9996313694869758
grid-3002597-m1,dire_nw,nominal,363,54.95316804407714,119.0,509.8000000000011,0.9995720787607659
grid-3002597-m1,radiant_xp_adv,aligned,363,12.176308539944904,0.0,780.0,0.9080063471373173
grid-3002597-m1,radiant_xp_adv,nominal,363,8.81542699724518,0.0,680.0,0.8905917257616213
grid-3002597-m1,deaths_radiant,aligned,363,-0.0027548209366391185,0.0,0.0,0.9983327081341625
grid-3002597-m1,deaths_radiant,nominal,363,-0.03581267217630854,0.0,0.0,0.9930758158209897
grid-3002597-m1,deaths_dire,aligned,363,-0.0027548209366391185,0.0,0.0,0.9930576629846721
grid-3002597-m1,deaths_dire,nominal,363,-0.008264462809917356,0.0,0.0,0.9794450137843816
grid-3002597-m1,top1_nw_adv,aligned,363,-25.8099173553719,42.0,173.20000000000016,0.8191694295748859
grid-3002597-m1,top1_nw_adv,nominal,363,-23.322314049586776,50.0,168.4000000000001,0.7762429728283161
grid-3002597-m1,radiant_top1_nw_ratio,aligned,363,-0.0016162121837422444,0.001385278559404013,0.006339214232815188,0.9659373128749297
grid-3002597-m1,radiant_top1_nw_ratio,nominal,363,-0.0019074964428142246,0.001226291908934779,0.006976931802946641,0.928586366034605
grid-3002597-m1,dire_top1_nw_ratio,aligned,363,-0.0004206929276889986,0.0026991608159517844,0.0078591355120399,0.8637376625094104
grid-3002597-m1,dire_top1_nw_ratio,nominal,363,-0.00032431431145602864,0.003627500255888094,0.00864569365376654,0.8431934871749474
grid-3002597-m2,radiant_nw_adv,aligned,332,120.57228915662651,124.5,340.80000000000007,0.7374518516739201
grid-3002597-m2,radiant_nw_adv,nominal,332,125.4487951807229,129.0,375.2000000000003,0.7358834566234694
grid-3002597-m2,radiant_nw,aligned,332,133.50301204819277,68.5,564.9000000000001,0.9992806641130572
grid-3002597-m2,radiant_nw,nominal,332,73.71084337349397,70.0,507.00000000000034,0.999286049105456
grid-3002597-m2,dire_nw,aligned,332,12.930722891566266,100.0,250.0,0.9997531048025059
grid-3002597-m2,dire_nw,nominal,332,-51.73795180722892,131.5,236.90000000000003,0.9997320120817297
grid-3002597-m2,radiant_xp_adv,aligned,332,-3.4939759036144578,0.0,680.0,0.9464203219566332
grid-3002597-m2,radiant_xp_adv,nominal,332,-5.903614457831325,0.0,680.0,0.9434507921712747
grid-3002597-m2,deaths_radiant,aligned,332,0.0030120481927710845,0.0,0.0,0.9979030922477503
grid-3002597-m2,deaths_radiant,nominal,332,-0.02710843373493976,0.0,0.0,0.997358134258754
grid-3002597-m2,deaths_dire,aligned,332,0.0030120481927710845,0.0,0.0,0.9968855204913296
grid-3002597-m2,deaths_dire,nominal,332,-0.015060240963855422,0.0,0.0,0.9948478024319501
grid-3002597-m2,top1_nw_adv,aligned,332,22.5,6.0,96.80000000000041,0.9773625127230595
grid-3002597-m2,top1_nw_adv,nominal,332,22.03614457831325,19.0,101.0,0.9689602904146969
grid-3002597-m2,radiant_top1_nw_ratio,aligned,332,-0.0009462428858576889,0.0020189929225692543,0.00710577652724834,0.9495870438286761
grid-3002597-m2,radiant_top1_nw_ratio,nominal,332,-0.0009959848284931058,0.0019263888125604367,0.0072919233697773915,0.9578279740017828
grid-3002597-m2,dire_top1_nw_ratio,aligned,332,-0.001497011261104069,0.0028824825350524386,0.007010380714104569,0.9614482866263193
grid-3002597-m2,dire_top1_nw_ratio,nominal,332,-0.0014256079892226684,0.002836572566601872,0.007880724036739842,0.9667461645334142
grid-3002597-m3,radiant_nw_adv,aligned,385,1.8987012987012988,49.0,180.0,0.9495256257186387
grid-3002597-m3,radiant_nw_adv,nominal,384,-6.018229166666667,60.0,258.0,0.9170314007014189
grid-3002597-m3,radiant_nw,aligned,385,26.74805194805195,38.0,170.0,0.9997905651949204
grid-3002597-m3,radiant_nw,nominal,384,-40.375,71.0,245.99999999999977,0.9997125598699277
grid-3002597-m3,dire_nw,aligned,385,24.84935064935065,69.0,247.60000000000002,0.9997380872818619
grid-3002597-m3,dire_nw,nominal,384,-34.356770833333336,89.5,263.7,0.9997043522986454
grid-3002597-m3,radiant_xp_adv,aligned,385,-17.61038961038961,0.0,580.0,0.9277422320529757
grid-3002597-m3,radiant_xp_adv,nominal,384,-40.364583333333336,0.0,780.0,0.8915374252582612
grid-3002597-m3,deaths_radiant,aligned,385,0.005194805194805195,0.0,0.0,0.9988696659405828
grid-3002597-m3,deaths_radiant,nominal,384,-0.0234375,0.0,0.0,0.9974821271757067
grid-3002597-m3,deaths_dire,aligned,385,-0.005194805194805195,0.0,0.0,0.9986480074680306
grid-3002597-m3,deaths_dire,nominal,384,-0.0390625,0.0,0.0,0.9951750326523955
grid-3002597-m3,top1_nw_adv,aligned,385,3.9246753246753245,20.0,72.20000000000005,0.9451722893440463
grid-3002597-m3,top1_nw_adv,nominal,384,0.7760416666666666,30.0,84.0,0.9175008499796937
grid-3002597-m3,radiant_top1_nw_ratio,aligned,385,-0.00011818990831522664,0.0014745884776449503,0.005101750400825162,0.8837588791397448
grid-3002597-m3,radiant_top1_nw_ratio,nominal,384,-0.0002798507992647534,0.001543794341333421,0.0066724208744815385,0.8351269971072708
grid-3002597-m3,dire_top1_nw_ratio,aligned,385,0.0003738117401872023,0.0013842805291170712,0.006185231428217753,0.937016951519047
grid-3002597-m3,dire_top1_nw_ratio,nominal,384,0.00028130322979282485,0.0018388604556402038,0.006817155433139468,0.918206923716938
grid-3002598-m1,radiant_nw_adv,aligned,517,-35.04255319148936,76.0,300.0,0.9868449243103409
grid-3002598-m1,radiant_nw_adv,nominal,517,-49.23597678916828,99.0,330.80000000000007,0.9838843984179239
grid-3002598-m1,radiant_nw,aligned,517,10.11605415860735,132.0,270.0,0.9996300175531792
grid-3002598-m1,radiant_nw,nominal,517,-55.560928433268856,155.0,259.80000000000007,0.9995891502056801
grid-3002598-m1,dire_nw,aligned,517,45.15860735009671,44.0,480.0,0.9995785708369789
grid-3002598-m1,dire_nw,nominal,517,-6.32495164410058,66.0,440.2000000000001,0.9994956127582371
grid-3002598-m1,radiant_xp_adv,aligned,517,-1.0444874274661509,0.0,380.0,0.9539326298156253
grid-3002598-m1,radiant_xp_adv,nominal,517,-0.5029013539651838,0.0,680.0,0.918445575659693
grid-3002598-m1,deaths_radiant,aligned,517,-0.0019342359767891683,0.0,0.0,0.9990281828597787
grid-3002598-m1,deaths_radiant,nominal,517,-0.009671179883945842,0.0,0.0,0.9912857782596259
grid-3002598-m1,deaths_dire,aligned,517,0.0038684719535783366,0.0,0.0,0.9985252239022978
grid-3002598-m1,deaths_dire,nominal,517,-0.01160541586073501,0.0,0.0,0.997804321166723
grid-3002598-m1,top1_nw_adv,aligned,517,36.499032882011605,20.0,126.0,0.9351402148406597
grid-3002598-m1,top1_nw_adv,nominal,517,34.07930367504836,30.0,128.0,0.9303597913661324
grid-3002598-m1,radiant_top1_nw_ratio,aligned,517,0.0011334547666538377,0.00136963448065211,0.00476372358733449,0.8393354232393802
grid-3002598-m1,radiant_top1_nw_ratio,nominal,517,0.0010163372753394322,0.0017571840677524375,0.00567723692409003,0.823741435156398
grid-3002598-m1,dire_top1_nw_ratio,aligned,517,-0.0012182353761329508,0.0026313217394361432,0.0075998979445318585,0.7834338152837125
grid-3002598-m1,dire_top1_nw_ratio,nominal,517,-0.0013266408689842854,0.002807181863936442,0.00781943962022056,0.7446581061280966
grid-3002598-m2,radiant_nw_adv,aligned,346,46.52601156069364,50.5,439.0,0.9680205360910801
grid-3002598-m2,radiant_nw_adv,nominal,344,50.21511627906977,69.0,441.0,0.9526870733212022
grid-3002598-m2,radiant_nw,aligned,346,-13.439306358381502,79.5,259.0,0.9997761497359917
grid-3002598-m2,radiant_nw,nominal,344,-72.84011627906976,132.5,249.0,0.9997888604901634
grid-3002598-m2,dire_nw,aligned,346,-59.96531791907515,77.5,280.0,0.9997077726209558
grid-3002598-m2,dire_nw,nominal,344,-123.05523255813954,139.5,338.4,0.9995911662598757
grid-3002598-m2,radiant_xp_adv,aligned,346,-31.734104046242773,0.0,580.0,0.946972838199609
grid-3002598-m2,radiant_xp_adv,nominal,344,-33.43023255813954,0.0,580.0,0.9388659527158174
grid-3002598-m2,deaths_radiant,aligned,346,-0.005780346820809248,0.0,0.0,0.998557253702496
grid-3002598-m2,deaths_radiant,nominal,344,-0.029069767441860465,0.0,0.0,0.9929217635495989
grid-3002598-m2,deaths_dire,aligned,346,0.011560693641618497,0.0,0.0,0.9973196930594171
grid-3002598-m2,deaths_dire,nominal,344,-0.005813953488372093,0.0,0.0,0.9986277470461604
grid-3002598-m2,top1_nw_adv,aligned,346,-26.604046242774565,8.0,292.0,0.9414469472857401
grid-3002598-m2,top1_nw_adv,nominal,344,-23.36627906976744,20.0,294.0,0.9259854378345755
grid-3002598-m2,radiant_top1_nw_ratio,aligned,346,0.0005624778965176261,0.001145471431805864,0.004645515518013815,0.8988300099514698
grid-3002598-m2,radiant_top1_nw_ratio,nominal,344,0.0005358019928531887,0.0015835352445164458,0.005057383648072005,0.8926825180804873
grid-3002598-m2,dire_top1_nw_ratio,aligned,346,0.0023716416308842735,0.0013448509561789779,0.011583209346336873,0.820501094510618
grid-3002598-m2,dire_top1_nw_ratio,nominal,344,0.002222572744922158,0.002034861306363378,0.012050880897054127,0.7749684818986566
grid-3002598-m3,radiant_nw_adv,aligned,327,-88.28134556574923,99.0,389.4000000000004,0.9873002556667866
grid-3002598-m3,radiant_nw_adv,nominal,326,-64.56748466257669,91.0,382.0,0.9857068283864028
grid-3002598-m3,radiant_nw,aligned,327,-33.71253822629969,60.0,184.40000000000003,0.9997451644346703
grid-3002598-m3,radiant_nw,nominal,326,-108.61042944785277,135.0,252.0,0.9997561825061302
grid-3002598-m3,dire_nw,aligned,327,54.56880733944954,50.0,279.0,0.9998234308624647
grid-3002598-m3,dire_nw,nominal,326,-44.04294478527607,55.0,221.0,0.9997786790889341
grid-3002598-m3,radiant_xp_adv,aligned,327,6.055045871559633,0.0,780.0,0.9417370818932995
grid-3002598-m3,radiant_xp_adv,nominal,326,54.7239263803681,0.0,880.0,0.9352794473390725
grid-3002598-m3,deaths_radiant,aligned,327,-0.0030581039755351682,0.0,0.0,0.9914731801145081
grid-3002598-m3,deaths_radiant,nominal,326,-0.03067484662576687,0.0,0.0,0.9838062518526706
grid-3002598-m3,deaths_dire,aligned,327,0.0,0.0,0.0,
grid-3002598-m3,deaths_dire,nominal,326,0.0,0.0,0.0,
grid-3002598-m3,top1_nw_adv,aligned,327,-17.275229357798164,10.0,81.40000000000003,0.9392006936959777
grid-3002598-m3,top1_nw_adv,nominal,326,-9.558282208588958,25.5,85.0,0.9414999905302346
grid-3002598-m3,radiant_top1_nw_ratio,aligned,327,0.0007182235682053852,0.0010951769008055445,0.005048397783683533,0.9430258566843297
grid-3002598-m3,radiant_top1_nw_ratio,nominal,326,0.000539842629269796,0.001432084256679747,0.005207745137016828,0.9360275590808761
grid-3002598-m3,dire_top1_nw_ratio,aligned,327,-0.00041782256729952966,0.0014018248833244096,0.0052597075192462655,0.9162632442059836
grid-3002598-m3,dire_top1_nw_ratio,nominal,326,-0.0007214832036104206,0.0013643664758822283,0.00650583422906216,0.8949800149552732
grid-3002598-m4,radiant_nw_adv,aligned,363,-7.639118457300276,115.0,270.0,0.9922236570320191
grid-3002598-m4,radiant_nw_adv,nominal,362,-22.174033149171272,128.5,336.0,0.9870016983044331
grid-3002598-m4,radiant_nw,aligned,363,-59.15151515151515,163.0,262.6,0.9996937878160596
grid-3002598-m4,radiant_nw,nominal,362,-134.01933701657458,196.5,330.90000000000003,0.9995487388444045
grid-3002598-m4,dire_nw,aligned,363,-51.51239669421488,53.0,375.0,0.9995725268094664
grid-3002598-m4,dire_nw,nominal,362,-111.84530386740332,59.5,407.0,0.9994267213206212
grid-3002598-m4,radiant_xp_adv,aligned,363,-17.520661157024794,0.0,680.0,0.9692886812945669
grid-3002598-m4,radiant_xp_adv,nominal,362,-39.28176795580111,0.0,752.0000000000027,0.9661120117994585
grid-3002598-m4,deaths_radiant,aligned,363,0.0,0.0,0.0,0.998410179972502
grid-3002598-m4,deaths_radiant,nominal,362,-0.022099447513812154,0.0,0.0,0.9937858490900604
grid-3002598-m4,deaths_dire,aligned,363,-0.005509641873278237,0.0,0.0,0.9993912046947117
grid-3002598-m4,deaths_dire,nominal,362,-0.04696132596685083,0.0,0.0,0.9966240882549621
grid-3002598-m4,top1_nw_adv,aligned,363,-16.27548209366391,47.0,203.4000000000001,0.9736015985224122
grid-3002598-m4,top1_nw_adv,nominal,362,-20.886740331491712,50.0,226.80000000000007,0.9674309947485847
grid-3002598-m4,radiant_top1_nw_ratio,aligned,363,0.00038086555720776445,0.0013965360630229517,0.005411720518686059,0.936670898192899
grid-3002598-m4,radiant_top1_nw_ratio,nominal,362,0.000234850933893501,0.001556926489924948,0.006649007599112331,0.9213729290549049
grid-3002598-m4,dire_top1_nw_ratio,aligned,363,0.0010597772224173435,0.0019007374241484243,0.01217476070072498,0.8294836410894921
grid-3002598-m4,dire_top1_nw_ratio,nominal,362,0.0009624506369190003,0.0022051824094079797,0.011992037418819984,0.8111963773241765
grid-3002599-m1,radiant_nw_adv,aligned,508,-36.169291338582674,55.0,253.90000000000003,0.8596778411976218
grid-3002599-m1,radiant_nw_adv,nominal,505,-39.364356435643565,64.0,287.6,0.8234807873699178
grid-3002599-m1,radiant_nw,aligned,508,14.866141732283465,46.0,308.3,0.9997497967771436
grid-3002599-m1,radiant_nw,nominal,505,-72.33663366336634,109.0,284.0,0.9997016750016937
grid-3002599-m1,dire_nw,aligned,508,51.03543307086614,55.0,240.0,0.9996964483803897
grid-3002599-m1,dire_nw,nominal,505,-32.97227722772277,110.0,210.60000000000002,0.999681327623609
grid-3002599-m1,radiant_xp_adv,aligned,508,15.078740157480315,0.0,480.0,0.9676962822647018
grid-3002599-m1,radiant_xp_adv,nominal,505,9.782178217821782,0.0,880.0,0.9214199812351734
grid-3002599-m1,deaths_radiant,aligned,508,0.007874015748031496,0.0,0.0,0.9984619598431222
grid-3002599-m1,deaths_radiant,nominal,505,-0.009900990099009901,0.0,0.0,0.9980771828994797
grid-3002599-m1,deaths_dire,aligned,508,0.0,0.0,0.0,0.998748950275699
grid-3002599-m1,deaths_dire,nominal,505,-0.01782178217821782,0.0,0.0,0.9944377396877193
grid-3002599-m1,top1_nw_adv,aligned,508,24.076771653543307,20.0,259.0,0.7301507022919084
grid-3002599-m1,top1_nw_adv,nominal,505,22.914851485148514,30.0,243.0,0.7178714505515706
grid-3002599-m1,radiant_top1_nw_ratio,aligned,508,0.001832390570031169,0.0013168349276325708,0.009765657801851197,0.86661417303583
grid-3002599-m1,radiant_top1_nw_ratio,nominal,505,0.001773432698837026,0.0021107744274329876,0.009968222334018617,0.8316475939989497
grid-3002599-m1,dire_top1_nw_ratio,aligned,508,0.00013592433840344084,0.0019402823424060217,0.004879790309773072,0.7895358751868269
grid-3002599-m1,dire_top1_nw_ratio,nominal,505,-1.9843831101056922e-05,0.002479238993641414,0.006216239971764095,0.7564867769637459
grid-3002599-m2,radiant_nw_adv,aligned,307,95.00325732899023,68.0,535.0,0.7778331757528926
grid-3002599-m2,radiant_nw_adv,nominal,305,88.16065573770491,86.0,538.0,0.7531844633806133
grid-3002599-m2,radiant_nw,aligned,307,48.355048859934854,105.0,505.80000000000007,0.9994252614888853
grid-3002599-m2,radiant_nw,nominal,305,-16.452459016393444,156.0,452.4000000000001,0.9994080079586745
grid-3002599-m2,dire_nw,aligned,307,-46.648208469055376,51.0,157.2000000000001,0.9998572832015924
grid-3002599-m2,dire_nw,nominal,305,-104.61311475409836,102.0,229.60000000000014,0.9998124270485367
grid-3002599-m2,radiant_xp_adv,aligned,307,-5.14657980456026,0.0,512.0000000000027,0.9317399686303298
grid-3002599-m2,radiant_xp_adv,nominal,305,-4.065573770491803,0.0,780.0,0.8660164878527282
grid-3002599-m2,deaths_radiant,aligned,307,-0.003257328990228013,0.0,0.0,0.9941721239490915
grid-3002599-m2,deaths_radiant,nominal,305,-0.019672131147540985,0.0,0.0,0.9882319427794729
grid-3002599-m2,deaths_dire,aligned,307,0.0,0.0,0.0,0.9985402477419921
grid-3002599-m2,deaths_dire,nominal,305,-0.029508196721311476,0.0,0.0,0.9934044773532522
grid-3002599-m2,top1_nw_adv,aligned,307,38.123778501628664,35.0,189.0,0.880766347714433
grid-3002599-m2,top1_nw_adv,nominal,305,29.990163934426228,65.0,254.0,0.8548435813055058
grid-3002599-m2,radiant_top1_nw_ratio,aligned,307,-0.0009224766734616037,0.002287299556920891,0.01040405840762077,0.9097812578871138
grid-3002599-m2,radiant_top1_nw_ratio,nominal,305,-0.0014631699431604652,0.003345540270070113,0.010464245135813288,0.8766887390579846
grid-3002599-m2,dire_top1_nw_ratio,aligned,307,-0.0015793648107006446,0.0013500141509466546,0.007855087712474817,0.7891220241143628
grid-3002599-m2,dire_top1_nw_ratio,nominal,305,-0.0017644220093634207,0.0018615540773856132,0.008844454687251474,0.7027223737748383
grid-3002599-m3,radiant_nw_adv,aligned,303,109.07920792079207,95.0,632.0,0.7341373285945181
grid-3002599-m3,radiant_nw_adv,nominal,303,109.07920792079207,95.0,632.0,0.7341373285945181
grid-3002599-m3,radiant_nw,aligned,303,-22.88118811881188,81.0,403.6,0.9996261839827953
grid-3002599-m3,radiant_nw,nominal,303,-22.88118811881188,81.0,403.6,0.9996261839827953
grid-3002599-m3,dire_nw,aligned,303,-131.96039603960395,64.0,568.8,0.9995171319965758
grid-3002599-m3,dire_nw,nominal,303,-131.96039603960395,64.0,568.8,0.9995171319965758
grid-3002599-m3,radiant_xp_adv,aligned,303,29.10891089108911,0.0,780.0,0.853200239667715
grid-3002599-m3,radiant_xp_adv,nominal,303,29.10891089108911,0.0,780.0,0.853200239667715
grid-3002599-m3,deaths_radiant,aligned,303,-0.0033003300330033004,0.0,0.0,0.9921204360515785
grid-3002599-m3,deaths_radiant,nominal,303,-0.0033003300330033004,0.0,0.0,0.9921204360515785
grid-3002599-m3,deaths_dire,aligned,303,0.0,0.0,0.0,
grid-3002599-m3,deaths_dire,nominal,303,0.0,0.0,0.0,
grid-3002599-m3,top1_nw_adv,aligned,303,87.72937293729373,36.0,395.0,0.681774527952349
grid-3002599-m3,top1_nw_adv,nominal,303,87.72937293729373,36.0,395.0,0.681774527952349
grid-3002599-m3,radiant_top1_nw_ratio,aligned,303,0.0011560401137420179,0.0034303135999793066,0.007898963388013625,0.3347867290848131
grid-3002599-m3,radiant_top1_nw_ratio,nominal,303,0.0011560401137420179,0.0034303135999793066,0.007898963388013625,0.3347867290848131
grid-3002599-m3,dire_top1_nw_ratio,aligned,303,-0.0029340336690316386,0.0019917928267770835,0.013740006389033345,0.8242978717904968
grid-3002599-m3,dire_top1_nw_ratio,nominal,303,-0.0029340336690316386,0.0019917928267770835,0.013740006389033345,0.8242978717904968
grid-3002599-m4,radiant_nw_adv,aligned,406,95.15517241379311,51.0,448.0,0.9605096673107933
grid-3002599-m4,radiant_nw_adv,nominal,329,93.46200607902736,71.0,456.59999999999997,0.95623056588528
grid-3002599-m4,radiant_nw,aligned,406,-38.63054187192118,54.5,244.5,0.9998059060088568
grid-3002599-m4,radiant_nw,nominal,329,-107.57446808510639,105.0,274.99999999999994,0.9997952323107
grid-3002599-m4,dire_nw,aligned,406,-133.78571428571428,74.0,506.0,0.9996158816205539
grid-3002599-m4,dire_nw,nominal,329,-201.03647416413375,132.0,556.0,0.9996565549797332
grid-3002599-m4,radiant_xp_adv,aligned,406,5.665024630541872,0.0,780.0,0.9220687074125643
grid-3002599-m4,radiant_xp_adv,nominal,329,2.7963525835866263,0.0,780.0,0.9265470150817688
grid-3002599-m4,deaths_radiant,aligned,406,0.0049261083743842365,0.0,0.0,0.997148753468414
grid-3002599-m4,deaths_radiant,nominal,329,-0.0121580547112462,0.0,0.0,0.9964941773297592
grid-3002599-m4,deaths_dire,aligned,406,0.0049261083743842365,0.0,0.0,0.9984696446421197
grid-3002599-m4,deaths_dire,nominal,329,-0.0121580547112462,0.0,0.0,0.9962318569456927
grid-3002599-m4,top1_nw_adv,aligned,406,11.724137931034482,5.0,75.0,0.9207220862934025
grid-3002599-m4,top1_nw_adv,nominal,329,7.756838905775076,9.0,85.0,0.9145958975427712
grid-3002599-m4,radiant_top1_nw_ratio,aligned,406,0.00040688151032254735,0.0006828763749612693,0.004039349831172892,0.958931020286419
grid-3002599-m4,radiant_top1_nw_ratio,nominal,329,0.00010960176435956319,0.001130943459582423,0.004296160584600432,0.9451036188813488
grid-3002599-m4,dire_top1_nw_ratio,aligned,406,0.0010620606079508087,0.0011817278380693852,0.006383669611505438,0.9145945521388389
grid-3002599-m4,dire_top1_nw_ratio,nominal,329,0.0010853088947820543,0.0017230890400321552,0.006154183004587255,0.8826597532825502
grid-3002600-m1,radiant_nw_adv,aligned,401,145.66334164588528,90.0,469.0,0.940211853806472
grid-3002600-m1,radiant_nw_adv,nominal,400,153.275,130.0,469.1,0.9308903353585741
grid-3002600-m1,radiant_nw,aligned,401,117.93266832917706,100.0,324.0,0.9997153600713571
grid-3002600-m1,radiant_nw,nominal,400,30.53,60.5,271.20000000000005,0.9996797867093119
grid-3002600-m1,dire_nw,aligned,401,-27.73067331670823,100.0,278.0,0.999509746447822
grid-3002600-m1,dire_nw,nominal,400,-122.745,158.0,317.0,0.9995169658691857
grid-3002600-m1,radiant_xp_adv,aligned,401,19.950124688279303,0.0,580.0,0.9530239548038936
grid-3002600-m1,radiant_xp_adv,nominal,400,42.95,0.0,980.0,0.8666412785321175
grid-3002600-m1,deaths_radiant,aligned,401,0.0024937655860349127,0.0,0.0,0.9993504424328506
grid-3002600-m1,deaths_radiant,nominal,400,-0.025,0.0,0.0,0.9936825258891481
grid-3002600-m1,deaths_dire,aligned,401,0.0024937655860349127,0.0,0.0,0.9987086152715495
grid-3002600-m1,deaths_dire,nominal,400,-0.015,0.0,0.0,0.9923546104809428
grid-3002600-m1,top1_nw_adv,aligned,401,-6.783042394014963,20.0,59.0,0.9038139499786266
grid-3002600-m1,top1_nw_adv,nominal,400,-1.635,25.0,99.0,0.8973332007182826
grid-3002600-m1,radiant_top1_nw_ratio,aligned,401,0.0015858980105508786,0.002989546152927902,0.005910721402299174,0.9047865290821535
grid-3002600-m1,radiant_top1_nw_ratio,nominal,400,0.0014964948153875107,0.0032082436144651727,0.0065067087971475155,0.9093994391426667
grid-3002600-m1,dire_top1_nw_ratio,aligned,401,0.004882457337788415,0.003041751029822737,0.014663159111459767,0.7544099127187488
grid-3002600-m1,dire_top1_nw_ratio,nominal,400,0.004616277487530502,0.0031480203149412828,0.012853940470580893,0.7397724595379797
grid-3002600-m2,radiant_nw_adv,aligned,391,8.841432225063938,64.0,325.0,0.9245472162618528
grid-3002600-m2,radiant_nw_adv,nominal,317,9.883280757097792,70.0,324.60000000000014,0.9220377685759866
grid-3002600-m2,radiant_nw,aligned,391,50.54219948849105,66.0,244.0,0.9997382689077029
grid-3002600-m2,radiant_nw,nominal,317,-24.28391167192429,94.0,225.0,0.9997330360748887
grid-3002600-m2,dire_nw,aligned,391,41.70076726342711,51.0,450.0,0.9996588630637434
grid-3002600-m2,dire_nw,nominal,317,-34.16719242902208,97.0,334.60000000000116,0.9996601269365736
grid-3002600-m2,radiant_xp_adv,aligned,391,-15.754475703324808,0.0,880.0,0.8745283740013188
grid-3002600-m2,radiant_xp_adv,nominal,317,-22.082018927444796,0.0,680.0,0.9081061625748134
grid-3002600-m2,deaths_radiant,aligned,391,0.0,0.0,0.0,0.9959233296286931
grid-3002600-m2,deaths_radiant,nominal,317,-0.022082018927444796,0.0,0.0,0.9913353127174523
grid-3002600-m2,deaths_dire,aligned,391,0.0025575447570332483,0.0,0.0,0.9947752410203713
grid-3002600-m2,deaths_dire,nominal,317,-0.0031545741324921135,0.0,0.0,0.9935233405500147
grid-3002600-m2,top1_nw_adv,aligned,391,-8.767263427109974,60.0,218.0,0.7853283349980593
grid-3002600-m2,top1_nw_adv,nominal,317,-7.091482649842272,53.0,196.40000000000003,0.8001671627223383
grid-3002600-m2,radiant_top1_nw_ratio,aligned,391,0.0001252315445361463,0.0032818995263346196,0.006056938877778001,0.9334865950653981
grid-3002600-m2,radiant_top1_nw_ratio,nominal,317,4.2784459506651854e-05,0.0035659517795369744,0.006709138583857511,0.910061546626731
grid-3002600-m2,dire_top1_nw_ratio,aligned,391,0.0006680584635473146,0.001095027810931376,0.008487028316206235,0.8456401628604223
grid-3002600-m2,dire_top1_nw_ratio,nominal,317,0.0003867641493812891,0.001718253695748656,0.008469406029365979,0.832146004532883
grid-3002600-m3,radiant_nw_adv,aligned,369,90.27371273712737,74.0,245.19999999999993,0.9840046134054271
grid-3002600-m3,radiant_nw_adv,nominal,368,89.0570652173913,85.0,271.0,0.978896356794989
grid-3002600-m3,radiant_nw,aligned,369,-25.506775067750677,119.0,275.0,0.9995538575851673
grid-3002600-m3,radiant_nw,nominal,368,-88.31521739130434,131.0,349.90000000000003,0.9995228757856632
grid-3002600-m3,dire_nw,aligned,369,-115.78048780487805,57.0,415.0,0.9998161882684112
grid-3002600-m3,dire_nw,nominal,368,-177.37228260869566,116.0,486.0,0.9997495727160538
grid-3002600-m3,radiant_xp_adv,aligned,369,-14.579945799457995,0.0,680.0,0.9432489228484128
grid-3002600-m3,radiant_xp_adv,nominal,368,-24.891304347826086,0.0,680.0,0.9448328112281446
grid-3002600-m3,deaths_radiant,aligned,369,-0.0027100271002710027,0.0,0.0,0.9994521848092649
grid-3002600-m3,deaths_radiant,nominal,368,-0.024456521739130436,0.0,0.0,0.9951646938971667
grid-3002600-m3,deaths_dire,aligned,369,-0.005420054200542005,0.0,0.0,0.9993423256347742
grid-3002600-m3,deaths_dire,nominal,368,-0.03260869565217391,0.0,0.0,0.9980783390419152
grid-3002600-m3,top1_nw_adv,aligned,369,116.94850948509485,25.0,479.39999999999975,0.9696772143406813
grid-3002600-m3,top1_nw_adv,nominal,368,113.2663043478261,35.0,496.3,0.968137143806652
grid-3002600-m3,radiant_top1_nw_ratio,aligned,369,0.0034702017652696576,0.004125946445387774,0.012200661488099217,0.93964404822788
grid-3002600-m3,radiant_top1_nw_ratio,nominal,368,0.0030736063262167667,0.004023880082352105,0.01251665781740912,0.93425027044036
grid-3002600-m3,dire_top1_nw_ratio,aligned,369,-0.0013838595447032385,0.002001910768216736,0.01090539922119878,0.7845629784646557
grid-3002600-m3,dire_top1_nw_ratio,nominal,368,-0.001470252655925859,0.002713948085058121,0.011440164653165878,0.7630820449149668
grid-3002600-m4,radiant_nw_adv,aligned,356,53.151685393258425,53.0,132.0,0.8977835361619545
grid-3002600-m4,radiant_nw_adv,nominal,355,62.115492957746476,74.0,239.20000000000016,0.7958423229350553
grid-3002600-m4,radiant_nw,aligned,356,16.103932584269664,89.0,260.5,0.9995375673037155
grid-3002600-m4,radiant_nw,nominal,355,-71.49295774647888,116.0,337.4000000000002,0.9995030971871448
grid-3002600-m4,dire_nw,aligned,356,-37.04775280898876,116.5,252.5,0.9997145319972951
grid-3002600-m4,dire_nw,nominal,355,-133.60845070422536,165.0,338.20000000000005,0.9996412814980046
grid-3002600-m4,radiant_xp_adv,aligned,356,0.2247191011235955,0.0,780.0,0.902594889197887
grid-3002600-m4,radiant_xp_adv,nominal,355,0.7887323943661971,0.0,780.0,0.8951207428920356
grid-3002600-m4,deaths_radiant,aligned,356,-0.0028089887640449437,0.0,0.0,0.9989616963384164
grid-3002600-m4,deaths_radiant,nominal,355,-0.03380281690140845,0.0,0.0,0.9878985398804262
grid-3002600-m4,deaths_dire,aligned,356,0.0028089887640449437,0.0,0.0,0.9990838432514098
grid-3002600-m4,deaths_dire,nominal,355,-0.01971830985915493,0.0,0.0,0.9936680867825214
grid-3002600-m4,top1_nw_adv,aligned,356,-22.52247191011236,22.5,295.0,0.7886388747387661
grid-3002600-m4,top1_nw_adv,nominal,355,-15.07887323943662,38.0,300.0000000000001,0.7595510496219262
grid-3002600-m4,radiant_top1_nw_ratio,aligned,356,0.00045680400316755183,0.0012737654635345125,0.005436467699177078,0.7112312157194041
grid-3002600-m4,radiant_top1_nw_ratio,nominal,355,0.0002912597320375707,0.0014722250623434574,0.00554844841783067,0.6815275940526772
grid-3002600-m4,dire_top1_nw_ratio,aligned,356,0.0030069987599642372,0.003650450883779993,0.0122162764343247,0.9168537532441629
grid-3002600-m4,dire_top1_nw_ratio,nominal,355,0.0024480244759044483,0.003649512765613122,0.012458346513260965,0.87811371491165
grid-3002600-m5,radiant_nw_adv,aligned,349,-87.37535816618912,38.0,455.4,0.940080561141889
grid-3002600-m5,radiant_nw_adv,nominal,346,-94.08381502890174,68.5,473.5,0.9122874995949415
grid-3002600-m5,radiant_nw,aligned,349,-36.07736389684814,70.0,275.0,0.999712328232194
grid-3002600-m5,radiant_nw,nominal,346,-129.79479768786126,93.0,382.0,0.9995988980008922
grid-3002600-m5,dire_nw,aligned,349,51.297994269340975,51.0,347.79999999999995,0.9995383374042489
grid-3002600-m5,dire_nw,nominal,346,-35.71098265895954,82.0,375.0,0.9995590139273332
grid-3002600-m5,radiant_xp_adv,aligned,349,-9.398280802292264,0.0,780.0,0.9034332862507165
grid-3002600-m5,radiant_xp_adv,nominal,346,10.578034682080926,0.0,580.0,0.9508424594311347
grid-3002600-m5,deaths_radiant,aligned,349,0.0028653295128939827,0.0,0.0,0.9844419602530485
grid-3002600-m5,deaths_radiant,nominal,346,-0.005780346820809248,0.0,0.0,0.9679010778880792
grid-3002600-m5,deaths_dire,aligned,349,-0.0028653295128939827,0.0,0.0,0.9945839065093435
grid-3002600-m5,deaths_dire,nominal,346,-0.03468208092485549,0.0,0.0,0.9844791312063592
grid-3002600-m5,top1_nw_adv,aligned,349,44.808022922636106,43.0,230.0,0.8113279599827589
grid-3002600-m5,top1_nw_adv,nominal,346,43.82658959537572,45.0,230.0,0.7525245229563379
grid-3002600-m5,radiant_top1_nw_ratio,aligned,349,0.0009684323648577895,0.0013989755184440344,0.007556628261855065,0.8855562213519617
grid-3002600-m5,radiant_top1_nw_ratio,nominal,346,0.0007833567917822213,0.0013966763813182959,0.00786004963110909,0.8677069925681465
grid-3002600-m5,dire_top1_nw_ratio,aligned,349,-0.00271158964958948,0.001916345821233012,0.010607330324303353,0.9286201083984823
grid-3002600-m5,dire_top1_nw_ratio,nominal,346,-0.0028739095087068167,0.002462223102848757,0.015683358174166856,0.9021117005136373
grid-3002601-m2,radiant_nw_adv,aligned,336,-125.99404761904762,115.0,354.0,0.9575596380682779
grid-3002601-m2,radiant_nw_adv,nominal,338,-132.801775147929,115.5,290.20000000000005,0.9616924651319793
grid-3002601-m2,radiant_nw,aligned,336,-140.17559523809524,145.5,313.0,0.9996729295221616
grid-3002601-m2,radiant_nw,nominal,338,-88.68639053254438,102.5,287.50000000000006,0.9996742263748151
grid-3002601-m2,dire_nw,aligned,336,-14.181547619047619,68.0,304.5,0.9993823890576291
grid-3002601-m2,dire_nw,nominal,338,44.11538461538461,90.0,297.6,0.9994300551469242
grid-3002601-m2,radiant_xp_adv,aligned,336,22.5,0.0,770.0,0.91871764101874
grid-3002601-m2,radiant_xp_adv,nominal,338,-7.455621301775148,0.0,480.0,0.9597619721173959
grid-3002601-m2,deaths_radiant,aligned,336,-0.011904761904761904,0.0,0.0,0.9906070386460547
grid-3002601-m2,deaths_radiant,nominal,338,-0.0029585798816568047,0.0,0.0,0.9976473516598732
grid-3002601-m2,deaths_dire,aligned,336,0.0,0.0,0.0,
grid-3002601-m2,deaths_dire,nominal,338,0.0,0.0,0.0,
grid-3002601-m2,top1_nw_adv,aligned,336,2.181547619047619,45.0,317.0,0.9327586890207694
grid-3002601-m2,top1_nw_adv,nominal,338,3.3727810650887573,40.0,281.0000000000001,0.9449046191114676
grid-3002601-m2,radiant_top1_nw_ratio,aligned,336,0.0006239181543503394,0.0016818265252862563,0.006927887027770668,0.9543598762704313
grid-3002601-m2,radiant_top1_nw_ratio,nominal,338,0.0008238599472431574,0.0011455147996835557,0.007079750297559598,0.9648308421592067
grid-3002601-m2,dire_top1_nw_ratio,aligned,336,-0.0016110968364993503,0.002215136841218296,0.012255146719303292,0.9184255706766911
grid-3002601-m2,dire_top1_nw_ratio,nominal,338,-0.0015454727207147028,0.0020777715762010096,0.012073278830511633,0.9324908505181274
grid-3002601-m3,radiant_nw_adv,aligned,448,3.140625,40.0,337.3,0.9697336340468474
grid-3002601-m3,radiant_nw_adv,nominal,447,10.04026845637584,67.0,387.40000000000003,0.961553284610278
grid-3002601-m3,radiant_nw,aligned,448,-30.203125,60.0,239.0,0.9997542363435045
grid-3002601-m3,radiant_nw,nominal,447,-85.7158836689038,107.0,243.0,0.9997132962469308
grid-3002601-m3,dire_nw,aligned,448,-33.34375,86.5,265.0,0.9996705887970666
grid-3002601-m3,dire_nw,nominal,447,-95.75615212527964,135.0,292.40000000000003,0.9996250982456978
grid-3002601-m3,radiant_xp_adv,aligned,448,11.205357142857142,0.0,480.0,0.9782656755963435
grid-3002601-m3,radiant_xp_adv,nominal,447,32.25950782997763,0.0,780.0,0.9535213963108393
grid-3002601-m3,deaths_radiant,aligned,448,0.004464285714285714,0.0,0.0,0.9990427755393022
grid-3002601-m3,deaths_radiant,nominal,447,-0.03803131991051454,0.0,0.0,0.9975956895544651
grid-3002601-m3,deaths_dire,aligned,448,0.004464285714285714,0.0,0.0,0.9986669834748638
grid-3002601-m3,deaths_dire,nominal,447,-0.013422818791946308,0.0,0.0,0.9960358604633581
grid-3002601-m3,top1_nw_adv,aligned,448,-38.267857142857146,17.5,305.0,0.7807192101748198
grid-3002601-m3,top1_nw_adv,nominal,447,-35.369127516778526,31.0,295.0,0.7736249603460824
grid-3002601-m3,radiant_top1_nw_ratio,aligned,448,0.00046275186837348164,0.0010577801311330015,0.004179617496620645,0.919864382532735
grid-3002601-m3,radiant_top1_nw_ratio,nominal,447,0.00034010447857502063,0.0016015133742008913,0.005147676960749395,0.9233453811666049
grid-3002601-m3,dire_top1_nw_ratio,aligned,448,0.00280176638830495,0.0012116865235659718,0.012765957446808501,0.7412104891321534
grid-3002601-m3,dire_top1_nw_ratio,nominal,447,0.002446668413465537,0.002202953602596258,0.012721382143886665,0.8735775856680316
grid-3002601-m4,radiant_nw_adv,aligned,320,-93.375,62.0,425.0,0.9602817761579854
grid-3002601-m4,radiant_nw_adv,nominal,318,-90.5503144654088,64.0,401.80000000000007,0.9522733629389989
grid-3002601-m4,radiant_nw,aligned,320,-107.359375,90.0,366.20000000000005,0.9997473492316212
grid-3002601-m4,radiant_nw,nominal,318,-162.00943396226415,123.0,417.6,0.9997030724051453
grid-3002601-m4,dire_nw,aligned,320,-13.984375,53.0,200.0,0.9998607936084081
grid-3002601-m4,dire_nw,nominal,318,-71.45911949685535,92.0,223.0,0.9998284579790858
grid-3002601-m4,radiant_xp_adv,aligned,320,1.25,0.0,480.0,0.9539407209185262
grid-3002601-m4,radiant_xp_adv,nominal,318,-30.37735849056604,0.0,680.0,0.9038223735276575
grid-3002601-m4,deaths_radiant,aligned,320,0.0,0.0,0.0,1.0
grid-3002601-m4,deaths_radiant,nominal,318,0.0,0.0,0.0,0.9999999999999998
grid-3002601-m4,deaths_dire,aligned,320,0.00625,0.0,0.0,0.9943460252469264
grid-3002601-m4,deaths_dire,nominal,318,-0.006289308176100629,0.0,0.0,0.9942126533342599
grid-3002601-m4,top1_nw_adv,aligned,320,-8.16875,6.0,95.0,0.9753924690320122
grid-3002601-m4,top1_nw_adv,nominal,318,-6.185534591194968,23.0,110.0,0.9728168962711757
grid-3002601-m4,radiant_top1_nw_ratio,aligned,320,0.0012746631078129026,0.0008317384283684087,0.011929038091932966,0.7664352420519647
grid-3002601-m4,radiant_top1_nw_ratio,nominal,318,0.0010509707777980725,0.0011329498789906106,0.008689892134236049,0.8012675217129778
grid-3002601-m4,dire_top1_nw_ratio,aligned,320,0.0007105975713577522,0.0009766575184462778,0.008515919269078907,0.9442915274609999
grid-3002601-m4,dire_top1_nw_ratio,nominal,318,0.0005161333256837142,0.001414936549223214,0.010678356750440288,0.9250966751211467
grid-3002601-m5,radiant_nw_adv,aligned,409,-142.12958435207824,60.0,655.0,0.9684230720789216
grid-3002601-m5,radiant_nw_adv,nominal,407,-129.56756756756758,73.0,629.2000000000005,0.9608080973970401
grid-3002601-m5,radiant_nw,aligned,409,-78.119804400978,40.0,216.9999999999999,0.9996365807325593
grid-3002601-m5,radiant_nw,nominal,407,-131.86240786240785,73.0,273.8000000000006,0.9996375898948732
grid-3002601-m5,dire_nw,aligned,409,64.00977995110024,40.0,324.0,0.9997617972782955
grid-3002601-m5,dire_nw,nominal,407,-2.294840294840295,66.0,293.0,0.9997073400246792
grid-3002601-m5,radiant_xp_adv,aligned,409,-4.938875305623472,0.0,480.0,0.9368017248771403
grid-3002601-m5,radiant_xp_adv,nominal,407,10.073710073710073,0.0,580.0,0.9190344012892812
grid-3002601-m5,deaths_radiant,aligned,409,0.0,0.0,0.0,0.9992819454265361
grid-3002601-m5,deaths_radiant,nominal,407,-0.02702702702702703,0.0,0.0,0.9939267156844053
grid-3002601-m5,deaths_dire,aligned,409,0.0,0.0,0.0,0.995755186599133
grid-3002601-m5,deaths_dire,nominal,407,-0.014742014742014743,0.0,0.0,0.9958209876875201
grid-3002601-m5,top1_nw_adv,aligned,409,-56.525672371638144,20.0,310.3999999999999,0.9522715873203965
grid-3002601-m5,top1_nw_adv,nominal,407,-54.05159705159705,25.0,296.00000000000034,0.9425877070044206
grid-3002601-m5,radiant_top1_nw_ratio,aligned,409,0.00026697833283918445,0.0007029183668390837,0.00559557122233053,0.9166500614943383
grid-3002601-m5,radiant_top1_nw_ratio,nominal,407,0.0001194588951851807,0.0011381051087141492,0.0057065588168085084,0.8883642340567218
grid-3002601-m5,dire_top1_nw_ratio,aligned,409,0.001951099178002243,0.00092484212480623,0.011497341326994042,0.7993224399880198
grid-3002601-m5,dire_top1_nw_ratio,nominal,407,0.0016924242107950337,0.0013824255804988639,0.011603174885744293,0.7732697814059499
grid-3002602-m1,radiant_nw_adv,aligned,308,-35.18181818181818,50.0,256.0000000000001,0.9138957877088068
grid-3002602-m1,radiant_nw_adv,nominal,308,-34.493506493506494,65.0,262.20000000000005,0.8977047208222725
grid-3002602-m1,radiant_nw,aligned,308,-106.23376623376623,50.0,516.5,0.9996633316537048
grid-3002602-m1,radiant_nw,nominal,308,-192.1883116883117,101.0,577.9000000000001,0.999614695500012
grid-3002602-m1,dire_nw,aligned,308,-71.05194805194805,50.0,300.0,0.999688188730172
grid-3002602-m1,dire_nw,nominal,308,-157.69480519480518,131.0,353.6,0.9997021360977258
grid-3002602-m1,radiant_xp_adv,aligned,308,1.4935064935064934,0.0,880.0,0.8417153793716726
grid-3002602-m1,radiant_xp_adv,nominal,308,-22.01298701298701,0.0,610.0000000000011,0.9229977458707185
grid-3002602-m1,deaths_radiant,aligned,308,0.003246753246753247,0.0,0.0,0.9923507544170972
grid-3002602-m1,deaths_radiant,nominal,308,-0.006493506493506494,0.0,0.0,0.984893687828279
grid-3002602-m1,deaths_dire,aligned,308,0.0,0.0,0.0,0.9999999999999998
grid-3002602-m1,deaths_dire,nominal,308,-0.00974025974025974,0.0,0.0,0.7866459694094406
grid-3002602-m1,top1_nw_adv,aligned,308,-48.87987012987013,22.0,255.0,0.3917392598760137
grid-3002602-m1,top1_nw_adv,nominal,308,-51.074675324675326,42.0,256.90000000000003,0.33836498486367916
grid-3002602-m1,radiant_top1_nw_ratio,aligned,308,-0.001167039033134514,0.0024323555540735203,0.010847897607962929,0.8279831223067753
grid-3002602-m1,radiant_top1_nw_ratio,nominal,308,-0.0017296925459085015,0.003171047083960793,0.010863420147622337,0.8072626032790609
grid-3002602-m1,dire_top1_nw_ratio,aligned,308,0.0006225813617593767,0.0013752647574925558,0.005212541021198925,0.9209902857423758
grid-3002602-m1,dire_top1_nw_ratio,nominal,308,0.0005718880941076355,0.0022604289394376476,0.006094616653031707,0.9100968943327158
grid-3002602-m2,radiant_nw_adv,aligned,480,31.59375,54.0,570.0,0.9795238313736967
grid-3002602-m2,radiant_nw_adv,nominal,478,16.253138075313807,76.5,577.3,0.9770393131933973
grid-3002602-m2,radiant_nw,aligned,480,57.96666666666667,67.0,519.4000000000001,0.9995765392486364
grid-3002602-m2,radiant_nw,nominal,478,-11.416317991631798,99.5,497.0,0.9994917957760852
grid-3002602-m2,dire_nw,aligned,480,26.372916666666665,45.0,154.0,0.9997648954963747
grid-3002602-m2,dire_nw,nominal,478,-27.669456066945607,76.0,170.3,0.999711195704503
grid-3002602-m2,radiant_xp_adv,aligned,480,-17.875,0.0,480.0,0.9687425856073313
grid-3002602-m2,radiant_xp_adv,nominal,478,-24.01673640167364,0.0,580.0,0.9591182123497122
grid-3002602-m2,deaths_radiant,aligned,480,-0.0020833333333333333,0.0,0.0,0.9976160202467889
grid-3002602-m2,deaths_radiant,nominal,478,-0.010460251046025104,0.0,0.0,0.9881194824551387
grid-3002602-m2,deaths_dire,aligned,480,-0.008333333333333333,0.0,0.0,0.9985046956024024
grid-3002602-m2,deaths_dire,nominal,478,-0.04184100418410042,0.0,0.0,0.9968398528962669
grid-3002602-m2,top1_nw_adv,aligned,480,25.44375,24.0,294.0,0.9452572799405
grid-3002602-m2,top1_nw_adv,nominal,478,19.972803347280333,26.0,293.0,0.938002272869296
grid-3002602-m2,radiant_top1_nw_ratio,aligned,480,0.001062890860377394,0.0010190538790251086,0.008420880031669287,0.9090717750670276
grid-3002602-m2,radiant_top1_nw_ratio,nominal,478,0.0008534112745768272,0.001688613336028516,0.008545568524817086,0.8937222967619941
grid-3002602-m2,dire_top1_nw_ratio,aligned,480,0.000363044913706937,0.0012480671690410922,0.005644109541911431,0.7726629862413521
grid-3002602-m2,dire_top1_nw_ratio,nominal,478,0.00031157584683212365,0.0015010163664525983,0.00612273720770094,0.7523523112907479
grid-3002602-m3,radiant_nw_adv,aligned,396,25.825757575757574,50.0,114.0,0.9886818294555096
grid-3002602-m3,radiant_nw_adv,nominal,394,23.860406091370557,55.5,141.0,0.978643628908294
grid-3002602-m3,radiant_nw,aligned,396,7.661616161616162,60.0,304.5,0.9996155553468958
grid-3002602-m3,radiant_nw,nominal,394,-47.890862944162436,100.0,292.4,0.9995910107117082
grid-3002602-m3,dire_nw,aligned,396,-18.164141414141415,98.0,267.5,0.9996612081864539
grid-3002602-m3,dire_nw,nominal,394,-71.751269035533,140.5,264.0,0.9996084762293286
grid-3002602-m3,radiant_xp_adv,aligned,396,22.727272727272727,0.0,560.0,0.9434648690728944
grid-3002602-m3,radiant_xp_adv,nominal,394,26.85279187817259,0.0,773.9999999999998,0.8963674574205688
grid-3002602-m3,deaths_radiant,aligned,396,0.0025252525252525255,0.0,0.0,0.9989997022479644
grid-3002602-m3,deaths_radiant,nominal,394,-0.01015228426395939,0.0,0.0,0.9959976804678164
grid-3002602-m3,deaths_dire,aligned,396,-0.0025252525252525255,0.0,0.0,0.9987171591711146
grid-3002602-m3,deaths_dire,nominal,394,-0.02284263959390863,0.0,0.0,0.9961912594307372
grid-3002602-m3,top1_nw_adv,aligned,396,-44.57070707070707,15.0,154.0,0.9282241912821858
grid-3002602-m3,top1_nw_adv,nominal,394,-46.6243654822335,28.0,162.49999999999994,0.9170351524368943
grid-3002602-m3,radiant_top1_nw_ratio,aligned,396,-0.001932297114621125,0.002052201920769603,0.0052821090823800265,0.9258654523769005
grid-3002602-m3,radiant_top1_nw_ratio,nominal,394,-0.0020444675865596658,0.0027707151445332256,0.007311146102476636,0.8925413080390716
grid-3002602-m3,dire_top1_nw_ratio,aligned,396,0.0014408696380706287,0.001246570111638659,0.006583844013337822,0.8040703011383568
grid-3002602-m3,dire_top1_nw_ratio,nominal,394,0.001537025578698311,0.0015651845650748314,0.006900247565137734,0.7735348809572915
grid-3002602-m4,radiant_nw_adv,aligned,488,-129.81147540983608,69.5,350.0,0.9638419272883566
grid-3002602-m4,radiant_nw_adv,nominal,404,-120.04455445544555,92.5,380.7,0.9491159618223379
grid-3002602-m4,radiant_nw,aligned,488,-158.86680327868854,97.0,540.3,0.9996921523017828
grid-3002602-m4,radiant_nw,nominal,404,-227.33168316831683,162.0,599.1999999999999,0.9996565843019979
grid-3002602-m4,dire_nw,aligned,488,-29.05532786885246,144.5,312.50000000000006,0.9994315434874312
grid-3002602-m4,dire_nw,nominal,404,-107.2871287128713,176.0,379.19999999999993,0.9994088277758756
grid-3002602-m4,radiant_xp_adv,aligned,488,3.8524590163934427,0.0,510.00000000000114,0.965979119666728
grid-3002602-m4,radiant_xp_adv,nominal,404,16.336633663366335,0.0,780.0,0.9478006438496023
grid-3002602-m4,deaths_radiant,aligned,488,-0.0020491803278688526,0.0,0.0,0.9990013084965981
grid-3002602-m4,deaths_radiant,nominal,404,-0.024752475247524754,0.0,0.0,0.9960759110393699
grid-3002602-m4,deaths_dire,aligned,488,0.0020491803278688526,0.0,0.0,0.9986862680260435
grid-3002602-m4,deaths_dire,nominal,404,-0.009900990099009901,0.0,0.0,0.9935951650746903
grid-3002602-m4,top1_nw_adv,aligned,488,-2.8401639344262297,20.0,80.0,0.8526792827900265
grid-3002602-m4,top1_nw_adv,nominal,404,-4.487623762376238,36.5,91.69999999999999,0.8093322202853496
grid-3002602-m4,radiant_top1_nw_ratio,aligned,488,0.0014246172048274022,0.0010794011324680441,0.0056062707823221454,0.9759964528126532
grid-3002602-m4,radiant_top1_nw_ratio,nominal,404,0.0011286434275649612,0.0019887586088463555,0.006137062329275014,0.9612765667381521
grid-3002602-m4,dire_top1_nw_ratio,aligned,488,-0.0006106647046881321,0.001422998117274199,0.004674455187997051,0.9700608396663332
grid-3002602-m4,dire_top1_nw_ratio,nominal,404,-0.0006801455219058532,0.0019627156394451534,0.005715233420597696,0.9643541657107998
grid-3002603-m1,radiant_nw_adv,aligned,427,8.503512880562061,90.0,340.2000000000001,0.9800313718860818
grid-3002603-m1,radiant_nw_adv,nominal,425,14.124705882352941,89.0,382.0,0.9749178911389597
grid-3002603-m1,radiant_nw,aligned,427,31.892271662763466,56.0,272.0,0.9997896044834299
grid-3002603-m1,radiant_nw,nominal,425,-28.181176470588234,70.0,248.60000000000002,0.9997595158551458
grid-3002603-m1,dire_nw,aligned,427,23.388758782201407,40.0,383.8000000000004,0.9997465226164881
grid-3002603-m1,dire_nw,nominal,425,-42.305882352941175,79.0,340.0,0.9996936142139176
grid-3002603-m1,radiant_xp_adv,aligned,427,-4.402810304449648,0.0,780.0,0.9023328198636104
grid-3002603-m1,radiant_xp_adv,nominal,425,-2.211764705882353,0.0,572.0000000000005,0.919151008978416
grid-3002603-m1,deaths_radiant,aligned,427,-0.00234192037470726,0.0,0.0,0.9995416056061274
grid-3002603-m1,deaths_radiant,nominal,425,-0.021176470588235293,0.0,0.0,0.9959260600724095
grid-3002603-m1,deaths_dire,aligned,427,0.00234192037470726,0.0,0.0,0.9958624251029008
grid-3002603-m1,deaths_dire,nominal,425,-0.007058823529411765,0.0,0.0,0.9874235626015362
grid-3002603-m1,top1_nw_adv,aligned,427,-4.629976580796253,55.0,92.00000000000017,0.9283099060420124
grid-3002603-m1,top1_nw_adv,nominal,425,-6.171764705882353,55.0,124.60000000000002,0.8995713777755454
grid-3002603-m1,radiant_top1_nw_ratio,aligned,427,-0.0007835443857487521,0.00182617210020386,0.0051738350153410365,0.949063413258156
grid-3002603-m1,radiant_top1_nw_ratio,nominal,425,-0.0010713024707847487,0.0017330503671833253,0.006231569123926446,0.9312286264615823
grid-3002603-m1,dire_top1_nw_ratio,aligned,427,0.0001184795494814143,0.00391417463730126,0.009221128602826412,0.7841757446326667
grid-3002603-m1,dire_top1_nw_ratio,nominal,425,2.209211285463057e-06,0.00394480744138867,0.009261941070826464,0.7561530572934207
grid-3002603-m2,radiant_nw_adv,aligned,380,38.61578947368421,75.0,226.0,0.987661140033751
grid-3002603-m2,radiant_nw_adv,nominal,377,54.52254641909814,81.0,302.0,0.9847545234309103
grid-3002603-m2,radiant_nw,aligned,380,-9.123684210526315,61.0,260.1,0.9996807927268101
grid-3002603-m2,radiant_nw,nominal,377,-79.61007957559681,116.0,283.0,0.9996587055714585
grid-3002603-m2,dire_nw,aligned,380,-47.73947368421052,84.0,290.5000000000001,0.999672944439605
grid-3002603-m2,dire_nw,nominal,377,-134.13262599469496,154.0,362.0,0.9996267671071688
grid-3002603-m2,radiant_xp_adv,aligned,380,6.105263157894737,0.0,780.0,0.9088879083083468
grid-3002603-m2,radiant_xp_adv,nominal,377,10.185676392572944,0.0,880.0,0.8632548702694937
grid-3002603-m2,deaths_radiant,aligned,380,0.0,0.0,0.0,0.9958629822404336
grid-3002603-m2,deaths_radiant,nominal,377,-0.015915119363395226,0.0,0.0,0.9876224991311348
grid-3002603-m2,deaths_dire,aligned,380,0.0,0.0,0.0,
grid-3002603-m2,deaths_dire,nominal,377,0.0,0.0,0.0,
grid-3002603-m2,top1_nw_adv,aligned,380,32.31842105263158,50.0,140.0,0.9604738778605816
grid-3002603-m2,top1_nw_adv,nominal,377,34.80901856763926,50.0,140.0,0.9436428652503774
grid-3002603-m2,radiant_top1_nw_ratio,aligned,380,0.0027301158037881055,0.0030664981917151585,0.006090652695311639,0.9221606636748191
grid-3002603-m2,radiant_top1_nw_ratio,nominal,377,0.002565547233549679,0.003265128859287647,0.0062830757294351945,0.8964366727453618
grid-3002603-m2,dire_top1_nw_ratio,aligned,380,0.0009847786756691896,0.0011736222031778765,0.005938164084203545,0.9182242372970595
grid-3002603-m2,dire_top1_nw_ratio,nominal,377,0.0008440569678671296,0.002067800727769492,0.007709436146146688,0.8670191223238588
grid-3002603-m3,radiant_nw_adv,aligned,474,-321.5717299578059,130.0,1007.8999999999999,0.9551602361168271
grid-3002603-m3,radiant_nw_adv,nominal,384,-334.7109375,135.0,1036.8999999999999,0.9438710046083265
grid-3002603-m3,radiant_nw,aligned,474,-143.23628691983123,85.5,557.9999999999999,0.9994677677109847
grid-3002603-m3,radiant_nw,nominal,384,-226.92708333333334,146.0,609.7,0.9993923216616107
grid-3002603-m3,dire_nw,aligned,474,178.33544303797467,119.5,469.7,0.9997583713501573
grid-3002603-m3,dire_nw,nominal,384,107.78385416666667,89.0,431.7,0.9997012603078371
grid-3002603-m3,radiant_xp_adv,aligned,474,5.189873417721519,0.0,680.0,0.9759927189092449
grid-3002603-m3,radiant_xp_adv,nominal,384,-8.59375,0.0,780.0,0.9646863264849367
grid-3002603-m3,deaths_radiant,aligned,474,0.0,0.0,0.0,0.9999999999999998
grid-3002603-m3,deaths_radiant,nominal,384,-0.0078125,0.0,0.0,0.958536997914566
grid-3002603-m3,deaths_dire,aligned,474,0.0,0.0,0.0,0.9980553403812131
grid-3002603-m3,deaths_dire,nominal,384,-0.028645833333333332,0.0,0.0,0.9937054944409474
grid-3002603-m3,top1_nw_adv,aligned,474,-89.5210970464135,40.0,455.7,0.9216131801836904
grid-3002603-m3,top1_nw_adv,nominal,384,-96.26302083333333,41.0,456.0,0.9154398647121093
grid-3002603-m3,radiant_top1_nw_ratio,aligned,474,-0.0005400115144100269,0.0028303325054869766,0.015286938451091532,0.7517748098325765
grid-3002603-m3,radiant_top1_nw_ratio,nominal,384,-0.0007742770691556913,0.004113418889120868,0.015078620456289108,0.7396930181789761
grid-3002603-m3,dire_top1_nw_ratio,aligned,474,-0.0014381232586426448,0.0032483033124348637,0.008108782923178784,0.9529538529154485
grid-3002603-m3,dire_top1_nw_ratio,nominal,384,-0.0015489604956780707,0.003276773271314856,0.010343380776824557,0.9017788528386937
grid-3004386-m1,radiant_nw_adv,aligned,340,-5.020588235294118,46.0,153.20000000000005,0.9927265898991635
grid-3004386-m1,radiant_nw_adv,nominal,340,18.83823529411765,69.0,267.1,0.989181016126057
grid-3004386-m1,radiant_nw,aligned,340,-21.870588235294118,147.0,269.0,0.99954757790748
grid-3004386-m1,radiant_nw,nominal,340,-75.52058823529411,180.0,278.0,0.9994985115009659
grid-3004386-m1,dire_nw,aligned,340,-16.85,89.0,264.5000000000001,0.999793636774648
grid-3004386-m1,dire_nw,nominal,340,-94.35882352941177,137.5,263.1,0.9997732249906869
grid-3004386-m1,radiant_xp_adv,aligned,340,-18.235294117647058,0.0,480.0,0.9697622177524555
grid-3004386-m1,radiant_xp_adv,nominal,340,-8.235294117647058,0.0,880.0,0.9354805145119696
grid-3004386-m1,deaths_radiant,aligned,340,-0.0029411764705882353,0.0,0.0,0.9988722175995277
grid-3004386-m1,deaths_radiant,nominal,340,-0.047058823529411764,0.0,0.0,0.997517544061443
grid-3004386-m1,deaths_dire,aligned,340,0.0029411764705882353,0.0,0.0,0.9989249085857258
grid-3004386-m1,deaths_dire,nominal,340,-0.011764705882352941,0.0,0.0,0.9957536907085788
grid-3004386-m1,top1_nw_adv,aligned,340,18.023529411764706,15.0,147.70000000000016,0.968124939728022
grid-3004386-m1,top1_nw_adv,nominal,340,26.91764705882353,25.0,157.0,0.9586197564902887
grid-3004386-m1,radiant_top1_nw_ratio,aligned,340,0.0018620255301418107,0.003131897732345748,0.010411757425252915,0.6440270356685707
grid-3004386-m1,radiant_top1_nw_ratio,nominal,340,0.0018556961540645775,0.0028176947900780402,0.01061698845234538,0.6670366329086915
grid-3004386-m1,dire_top1_nw_ratio,aligned,340,0.00019940548226343087,0.0018423809639608185,0.006500917704963417,0.9007580576851547
grid-3004386-m1,dire_top1_nw_ratio,nominal,340,-3.2662164450718945e-05,0.0021794632677616665,0.007869347068436667,0.8792901895328246
grid-3004386-m2,radiant_nw_adv,aligned,305,18.58032786885246,98.0,246.60000000000025,0.8188739646875262
grid-3004386-m2,radiant_nw_adv,nominal,303,7.782178217821782,90.0,324.40000000000003,0.7728004391660521
grid-3004386-m2,radiant_nw,aligned,305,0.8819672131147541,71.0,277.0,0.9995886726191594
grid-3004386-m2,radiant_nw,nominal,303,-66.12211221122112,88.0,281.00000000000006,0.999475579824002
grid-3004386-m2,dire_nw,aligned,305,-17.698360655737705,45.0,129.0,0.9994291910825371
grid-3004386-m2,dire_nw,nominal,303,-73.9042904290429,90.0,194.40000000000003,0.9994024498510297
grid-3004386-m2,radiant_xp_adv,aligned,305,18.688524590163933,0.0,680.0,0.8955383107518977
grid-3004386-m2,radiant_xp_adv,nominal,303,4.224422442244224,0.0,860.0000000000011,0.8775102274982699
grid-3004386-m2,deaths_radiant,aligned,305,0.0,0.0,0.0,0.9999999999999999
grid-3004386-m2,deaths_radiant,nominal,303,-0.006600660066006601,0.0,0.0,0.9858829600692205
grid-3004386-m2,deaths_dire,aligned,305,-0.003278688524590164,0.0,0.0,0.9972709281507154
grid-3004386-m2,deaths_dire,nominal,303,-0.0231023102310231,0.0,0.0,0.9807479062073816
grid-3004386-m2,top1_nw_adv,aligned,305,25.58360655737705,47.0,219.8000000000003,0.7322120320238688
grid-3004386-m2,top1_nw_adv,nominal,303,20.933993399339933,45.0,173.0000000000001,0.7230073291250827
grid-3004386-m2,radiant_top1_nw_ratio,aligned,305,0.0011031265799144082,0.001987273440816284,0.00873235086123992,0.8985672369840505
grid-3004386-m2,radiant_top1_nw_ratio,nominal,303,0.0010001535879883073,0.0021588126947974795,0.008797224951854398,0.8844714740117893
grid-3004386-m2,dire_top1_nw_ratio,aligned,305,0.00010469261824573124,0.0008577431186126971,0.005251319028098863,0.7172319570096927
grid-3004386-m2,dire_top1_nw_ratio,nominal,303,0.00014335622040368353,0.0017645083952571583,0.006090960872786302,0.7046076319136467
grid-3004386-m3,radiant_nw_adv,aligned,352,-115.0653409090909,67.0,532.5000000000005,0.9955585629793243
grid-3004386-m3,radiant_nw_adv,nominal,353,-68.41926345609065,86.0,428.6,0.9961078245348743
grid-3004386-m3,radiant_nw,aligned,352,33.03693181818182,45.0,150.0,0.9997094616938584
grid-3004386-m3,radiant_nw,nominal,353,-38.991501416430594,77.0,238.8,0.9996867927019292
grid-3004386-m3,dire_nw,aligned,352,148.10227272727272,91.5,559.0,0.9996601566487997
grid-3004386-m3,dire_nw,nominal,353,29.427762039660056,153.0,468.6,0.9996454113366869
grid-3004386-m3,radiant_xp_adv,aligned,352,-8.068181818181818,0.0,680.0,0.9904945605513329
grid-3004386-m3,radiant_xp_adv,nominal,353,43.56940509915014,0.0,980.0,0.9809746589726274
grid-3004386-m3,deaths_radiant,aligned,352,0.008522727272727272,0.0,0.0,0.9995789201722741
grid-3004386-m3,deaths_radiant,nominal,353,-0.0708215297450425,0.0,0.0,0.9974517312185893
grid-3004386-m3,deaths_dire,aligned,352,0.0,0.0,0.0,
grid-3004386-m3,deaths_dire,nominal,353,0.0,0.0,0.0,
grid-3004386-m3,top1_nw_adv,aligned,352,-31.048295454545453,14.0,140.90000000000003,0.964940308153772
grid-3004386-m3,top1_nw_adv,nominal,353,-21.348441926345608,40.0,167.0,0.9620097061539193
grid-3004386-m3,radiant_top1_nw_ratio,aligned,352,-0.0016274499035109078,0.0009803511000392034,0.006469627377680816,0.978347519168036
grid-3004386-m3,radiant_top1_nw_ratio,nominal,353,-0.0017843873143286075,0.001287855084049383,0.008207949668948411,0.9668201491565981
grid-3004386-m3,dire_top1_nw_ratio,aligned,352,0.00022093840921385684,0.0041622324883657524,0.006931717921536131,0.5793993310938438
grid-3004386-m3,dire_top1_nw_ratio,nominal,353,-2.307941534890696e-05,0.004221331023063046,0.00822916701496963,0.5495459715394257
grid-3004386-m4,radiant_nw_adv,aligned,355,137.12112676056339,118.0,516.4000000000002,0.9926352716386954
grid-3004386-m4,radiant_nw_adv,nominal,355,95.04225352112677,110.0,466.60000000000025,0.9911666043713135
grid-3004386-m4,radiant_nw,aligned,355,209.9830985915493,121.0,573.8000000000001,0.9997538055385455
grid-3004386-m4,radiant_nw,nominal,355,81.36901408450704,174.0,467.6,0.9996739713227755
grid-3004386-m4,dire_nw,aligned,355,72.86197183098592,56.0,293.6,0.999465646461139
grid-3004386-m4,dire_nw,nominal,355,-13.673239436619719,114.0,256.0000000000001,0.9994481278812399
grid-3004386-m4,radiant_xp_adv,aligned,355,0.5070422535211268,0.0,740.0000000000023,0.9562768534186485
grid-3004386-m4,radiant_xp_adv,nominal,355,-40.901408450704224,0.0,680.0,0.9675958828102955
grid-3004386-m4,deaths_radiant,aligned,355,0.005633802816901409,0.0,0.0,0.9991210197436102
grid-3004386-m4,deaths_radiant,nominal,355,-0.022535211267605635,0.0,0.0,0.9965618360993475
grid-3004386-m4,deaths_dire,aligned,355,0.02535211267605634,0.0,0.0,0.9991434207178863
grid-3004386-m4,deaths_dire,nominal,355,-0.07042253521126761,0.0,0.0,0.9982020229115387
grid-3004386-m4,top1_nw_adv,aligned,355,-38.70422535211268,20.0,192.60000000000025,0.9285176023420906
grid-3004386-m4,top1_nw_adv,nominal,355,-45.74084507042254,25.0,199.4000000000001,0.9305994983365414
grid-3004386-m4,radiant_top1_nw_ratio,aligned,355,-0.0014662695988241026,0.0036064564390629883,0.009014688910103232,0.8920134182015326
grid-3004386-m4,radiant_top1_nw_ratio,nominal,355,-0.0014692012192907059,0.003716938571921069,0.00913105090259791,0.8921723393940652
grid-3004386-m4,dire_top1_nw_ratio,aligned,355,0.0013825615048223576,0.0012386173277268153,0.007128295517861056,0.8403680280656355
grid-3004386-m4,dire_top1_nw_ratio,nominal,355,0.0013308121588085588,0.0020728482047744634,0.007693550984907977,0.8393981939625448
grid-3004388-m1,radiant_nw_adv,aligned,330,-10.866666666666667,70.0,345.9000000000002,0.9454439736039243
grid-3004388-m1,radiant_nw_adv,nominal,329,-17.908814589665653,78.0,382.79999999999995,0.9414952078232609
grid-3004388-m1,radiant_nw,aligned,330,51.09090909090909,63.0,504.1,0.9996043716338128
grid-3004388-m1,radiant_nw,nominal,329,16.78723404255319,85.0,478.2,0.9995758978540902
grid-3004388-m1,dire_nw,aligned,330,61.95757575757576,51.5,504.4000000000001,0.9991582869526876
grid-3004388-m1,dire_nw,nominal,329,34.69604863221885,55.0,492.4,0.999120239285903
grid-3004388-m1,radiant_xp_adv,aligned,330,19.87878787878788,0.0,580.0,0.9325073573642073
grid-3004388-m1,radiant_xp_adv,nominal,329,38.78419452887538,0.0,760.0,0.9022962983431262
grid-3004388-m1,deaths_radiant,aligned,330,-0.0030303030303030303,0.0,0.0,0.9957162944903983
grid-3004388-m1,deaths_radiant,nominal,329,-0.00911854103343465,0.0,0.0,0.9956987359141861
grid-3004388-m1,deaths_dire,aligned,330,-0.012121212121212121,0.0,0.0,0.9968129245343437
grid-3004388-m1,deaths_dire,nominal,329,-0.02735562310030395,0.0,0.0,0.9952939620048041
grid-3004388-m1,top1_nw_adv,aligned,330,-3.824242424242424,10.0,84.60000000000014,0.8328592742108788
grid-3004388-m1,top1_nw_adv,nominal,329,-4.772036474164134,15.0,94.19999999999993,0.8359750542224769
grid-3004388-m1,radiant_top1_nw_ratio,aligned,330,-0.0004973896706668555,0.0011738983785192225,0.0066227404174248605,0.9566328242733895
grid-3004388-m1,radiant_top1_nw_ratio,nominal,329,-0.00047734743471747494,0.0015166015512111941,0.006863392039166099,0.9499957544076661
grid-3004388-m1,dire_top1_nw_ratio,aligned,330,-0.0008055937711631432,0.001460345078309097,0.00771345499720432,0.91566688841031
grid-3004388-m1,dire_top1_nw_ratio,nominal,329,-0.0009159255600936659,0.0014772412705496285,0.007658625170985795,0.9130269967529647
grid-3004388-m2,radiant_nw_adv,aligned,348,58.73275862068966,70.0,345.90000000000003,0.9614542846842726
grid-3004388-m2,radiant_nw_adv,nominal,347,71.87896253602305,90.0,423.2000000000006,0.9450658510900918
grid-3004388-m2,radiant_nw,aligned,348,105.17528735632185,100.0,599.0000000000001,0.999599925571113
grid-3004388-m2,radiant_nw,nominal,347,22.786743515850144,124.0,519.4000000000002,0.9995540478800958
grid-3004388-m2,dire_nw,aligned,348,46.44252873563219,84.5,309.0,0.9996186071364795
grid-3004388-m2,dire_nw,nominal,347,-49.09221902017291,144.0,296.40000000000003,0.9995162371101618
grid-3004388-m2,radiant_xp_adv,aligned,348,-12.183908045977011,0.0,710.0000000000011,0.8780312377476439
grid-3004388-m2,radiant_xp_adv,nominal,347,-5.014409221902017,0.0,780.0,0.8973800005528211
grid-3004388-m2,deaths_radiant,aligned,348,0.008620689655172414,0.0,0.0,0.9988568917273019
grid-3004388-m2,deaths_radiant,nominal,347,-0.043227665706051875,0.0,0.0,0.9976395579214462
grid-3004388-m2,deaths_dire,aligned,348,0.008620689655172414,0.0,0.0,0.9969047160070703
grid-3004388-m2,deaths_dire,nominal,347,-0.01729106628242075,0.0,0.0,0.9938363293446566
grid-3004388-m2,top1_nw_adv,aligned,348,6.801724137931035,14.5,54.30000000000001,0.9584117599618842
grid-3004388-m2,top1_nw_adv,nominal,347,18.256484149855908,28.0,80.0,0.9435028085149865
grid-3004388-m2,radiant_top1_nw_ratio,aligned,348,0.0005994452149226392,0.003534236967614887,0.008321678916457402,0.9374518998106455
grid-3004388-m2,radiant_top1_nw_ratio,nominal,347,0.000614092252686123,0.004000366863738336,0.009917071166246771,0.9204713379619844
grid-3004388-m2,dire_top1_nw_ratio,aligned,348,-7.9462638303245e-06,0.002189162292546787,0.005063310737344292,0.9227721076792477
grid-3004388-m2,dire_top1_nw_ratio,nominal,347,-0.0005174913057199949,0.002796277021380439,0.007372403547245106,0.8902557301835335
grid-3004388-m3,radiant_nw_adv,aligned,431,46.327146171693734,60.0,250.0,0.9220301848268919
grid-3004388-m3,radiant_nw_adv,nominal,348,44.11206896551724,72.0,298.0,0.895620488964088
grid-3004388-m3,radiant_nw,aligned,431,45.74709976798144,63.0,291.0,0.9997409695078668
grid-3004388-m3,radiant_nw,nominal,348,-36.525862068965516,97.0,307.50000000000006,0.9996986849968897
grid-3004388-m3,dire_nw,aligned,431,-0.580046403712297,110.0,315.0,0.9991810814405746
grid-3004388-m3,dire_nw,nominal,348,-80.63793103448276,169.5,283.0,0.9991790467271079
grid-3004388-m3,radiant_xp_adv,aligned,431,-15.174013921113689,0.0,780.0,0.9240947927923024
grid-3004388-m3,radiant_xp_adv,nominal,348,-9.022988505747126,0.0,880.0,0.9192938482160155
grid-3004388-m3,deaths_radiant,aligned,431,0.009280742459396751,0.0,0.0,0.9970554747254708
grid-3004388-m3,deaths_radiant,nominal,348,-0.014367816091954023,0.0,0.0,0.9955395954187907
grid-3004388-m3,deaths_dire,aligned,431,0.0,0.0,0.0,0.9991640194288387
grid-3004388-m3,deaths_dire,nominal,348,-0.02586206896551724,0.0,0.0,0.9954348964007225
grid-3004388-m3,top1_nw_adv,aligned,431,-13.675174013921113,7.0,79.0,0.706605762385954
grid-3004388-m3,top1_nw_adv,nominal,348,-15.454022988505747,22.0,92.90000000000003,0.7039118340168538
grid-3004388-m3,radiant_top1_nw_ratio,aligned,431,-0.000793355524987494,0.0013662921806291695,0.0072271498200031925,0.9757184839322571
grid-3004388-m3,radiant_top1_nw_ratio,nominal,348,-0.0009719358756262047,0.001364253888295336,0.00774881987609668,0.9707789451599174
grid-3004388-m3,dire_top1_nw_ratio,aligned,431,0.0009621460706755638,0.002818648187755818,0.006592709643394423,0.8640057349007646
grid-3004388-m3,dire_top1_nw_ratio,nominal,348,0.0007292542381164131,0.002866961613921637,0.007207022707302104,0.8583833605176123
grid-3004388-m4,radiant_nw_adv,aligned,344,206.0610465116279,99.5,599.7,0.8550662026143236
grid-3004388-m4,radiant_nw_adv,nominal,346,197.5722543352601,96.0,593.5,0.8557196685265004
grid-3004388-m4,radiant_nw,aligned,344,129.42441860465115,210.5,560.0,0.999760800725061
grid-3004388-m4,radiant_nw,nominal,346,191.14739884393063,181.0,602.0,0.999719615448609
grid-3004388-m4,dire_nw,aligned,344,-76.63662790697674,110.5,285.7,0.9997187874626553
grid-3004388-m4,dire_nw,nominal,346,-6.42485549132948,83.5,303.0,0.9997353540572521
grid-3004388-m4,radiant_xp_adv,aligned,344,7.267441860465116,0.0,773.9999999999998,0.9285895994489579
grid-3004388-m4,radiant_xp_adv,nominal,346,-4.104046242774566,0.0,980.0,0.8539967327061193
grid-3004388-m4,deaths_radiant,aligned,344,0.0,0.0,0.0,0.9967550313561168
grid-3004388-m4,deaths_radiant,nominal,346,0.02023121387283237,0.0,0.0,0.9946055657335183
grid-3004388-m4,deaths_dire,aligned,344,-0.005813953488372093,0.0,0.0,0.9988595765828876
grid-3004388-m4,deaths_dire,nominal,346,0.023121387283236993,0.0,0.0,0.9972542102807934
grid-3004388-m4,top1_nw_adv,aligned,344,-12.55232558139535,20.0,93.0,0.8949274109179672
grid-3004388-m4,top1_nw_adv,nominal,346,-11.589595375722544,15.0,91.5,0.8929206688047892
grid-3004388-m4,radiant_top1_nw_ratio,aligned,344,-0.0016437432539794,0.004026570113296685,0.007787746595925564,0.9273057863624334
grid-3004388-m4,radiant_top1_nw_ratio,nominal,346,-0.001601447772985306,0.003170305987282268,0.0071791119067096815,0.9346008704763584
grid-3004388-m4,dire_top1_nw_ratio,aligned,344,0.0016083405525975985,0.0011814125672216513,0.007832287486120488,0.9152801496738793
grid-3004388-m4,dire_top1_nw_ratio,nominal,346,0.0015441101230918375,0.0011302475673146267,0.0076794497371553555,0.9315959571169377
grid-3004388-m5,radiant_nw_adv,aligned,445,-55.93707865168539,58.0,465.00000000000057,0.9377788749653875
grid-3004388-m5,radiant_nw_adv,nominal,445,-48.31460674157304,76.0,504.6,0.9164820702787455
grid-3004388-m5,radiant_nw,aligned,445,-58.975280898876406,30.0,172.80000000000007,0.9997947942400872
grid-3004388-m5,radiant_nw,nominal,445,-115.27640449438202,62.0,313.0000000000001,0.9997297991124907
grid-3004388-m5,dire_nw,aligned,445,-3.0382022471910113,65.0,194.20000000000005,0.9998661757737771
grid-3004388-m5,dire_nw,nominal,445,-66.96179775280899,94.0,236.20000000000005,0.999811658281608
grid-3004388-m5,radiant_xp_adv,aligned,445,-3.056179775280899,0.0,580.0,0.9713036793398563
grid-3004388-m5,radiant_xp_adv,nominal,445,2.157303370786517,0.0,780.0,0.9534603331137365
grid-3004388-m5,deaths_radiant,aligned,445,-0.0044943820224719105,0.0,0.0,0.9983632906176113
grid-3004388-m5,deaths_radiant,nominal,445,-0.024719101123595506,0.0,0.0,0.9956105256856684
grid-3004388-m5,deaths_dire,aligned,445,-0.0022471910112359553,0.0,0.0,0.9994666934195459
grid-3004388-m5,deaths_dire,nominal,445,-0.024719101123595506,0.0,0.0,0.9980932878455934
grid-3004388-m5,top1_nw_adv,aligned,445,36.9191011235955,50.0,70.0,0.9932392540242607
grid-3004388-m5,top1_nw_adv,nominal,445,41.48988764044944,50.0,105.0,0.9775987614790317
grid-3004388-m5,radiant_top1_nw_ratio,aligned,445,0.002725147345644428,0.002867291242789227,0.0054984749236861585,0.9732487388068185
grid-3004388-m5,radiant_top1_nw_ratio,nominal,445,0.0025819954933254917,0.0032754398253266315,0.006877172077723355,0.9316186860836347
grid-3004388-m5,dire_top1_nw_ratio,aligned,445,-0.000468935713781262,0.001264832322189241,0.006045503414737569,0.9755141467492049
grid-3004388-m5,dire_top1_nw_ratio,nominal,445,-0.0007376438380508118,0.0015942184759286382,0.007613566401594743,0.9576337157907319
grid-3005559-m1,radiant_nw_adv,aligned,447,342.13422818791946,248.0,686.0,0.972678723703435
grid-3005559-m1,radiant_nw_adv,nominal,447,364.3199105145414,298.0,762.2,0.9702697869601381
grid-3005559-m1,radiant_nw,aligned,447,408.3020134228188,350.0,956.0,0.9989359655041781
grid-3005559-m1,radiant_nw,nominal,447,322.38255033557044,279.0,900.0,0.9989648907340997
grid-3005559-m1,dire_nw,aligned,447,66.16778523489933,100.0,301.40000000000003,0.9997185600304214
grid-3005559-m1,dire_nw,nominal,447,-41.93736017897092,153.0,268.0,0.9997404245138016
grid-3005559-m1,radiant_xp_adv,aligned,447,3.131991051454139,0.0,780.0,0.9786589130680783
grid-3005559-m1,radiant_xp_adv,nominal,447,33.4675615212528,0.0,620.0000000000034,0.9759648682849141
grid-3005559-m1,deaths_radiant,aligned,447,0.020134228187919462,0.0,0.0,0.9984487537955903
grid-3005559-m1,deaths_radiant,nominal,447,-0.026845637583892617,0.0,0.0,0.9981013152265301
grid-3005559-m1,deaths_dire,aligned,447,0.008948545861297539,0.0,0.0,0.9981643441812678
grid-3005559-m1,deaths_dire,nominal,447,-0.017897091722595078,0.0,0.0,0.9975804314666111
grid-3005559-m1,top1_nw_adv,aligned,447,197.9798657718121,100.0,350.0,0.9316328822361776
grid-3005559-m1,top1_nw_adv,nominal,447,208.5525727069351,115.0,388.0,0.927129245672957
grid-3005559-m1,radiant_top1_nw_ratio,aligned,447,0.006612121101631876,0.006200473975083665,0.012111577148700642,0.6864738569030019
grid-3005559-m1,radiant_top1_nw_ratio,nominal,447,0.006509051528045902,0.006503549672043668,0.01223148406687058,0.673609320093053
grid-3005559-m1,dire_top1_nw_ratio,aligned,447,-0.0002156776356819458,0.0013950035542377448,0.004555353504127826,0.970838537685277
grid-3005559-m1,dire_top1_nw_ratio,nominal,447,-0.0004445769823733882,0.0019830751878034125,0.00550914826002616,0.9766235300078238
grid-3005559-m2,radiant_nw_adv,aligned,189,-4946.005291005291,4939.0,7011.6,0.7456589343246999
grid-3005559-m2,radiant_nw_adv,nominal,65,378.8,344.0,715.4,0.9418290944603822
grid-3005559-m2,radiant_nw,aligned,189,4897.259259259259,5347.0,5906.200000000001,0.3279039300494731
grid-3005559-m2,radiant_nw,nominal,65,146.63076923076923,119.0,499.40000000000003,0.958686516779851
grid-3005559-m2,dire_nw,aligned,189,9843.26455026455,10594.0,11777.800000000001,0.5497253261448181
grid-3005559-m2,dire_nw,nominal,65,-232.16923076923078,178.0,624.8,0.9914910332204706
grid-3005559-m2,radiant_xp_adv,aligned,189,-4510.05291005291,4820.0,6700.0,0.6051526008390404
grid-3005559-m2,radiant_xp_adv,nominal,65,71.07692307692308,0.0,1080.0,0.8348682342053758
grid-3005559-m2,deaths_radiant,aligned,189,7.587301587301587,8.0,11.0,0.7185922772598167
grid-3005559-m2,deaths_radiant,nominal,65,-0.16923076923076924,0.0,1.0,0.9607025904927365
grid-3005559-m2,deaths_dire,aligned,189,1.9312169312169312,2.0,3.0,0.22394603360809878
grid-3005559-m2,deaths_dire,nominal,65,-0.07692307692307693,0.0,0.0,0.9362080979696965
grid-3005559-m2,top1_nw_adv,aligned,189,-1896.5608465608466,1818.0,2577.600000000001,0.7550548245027489
grid-3005559-m2,top1_nw_adv,nominal,65,13.8,150.0,300.0,0.8733694172035553
grid-3005559-m2,radiant_top1_nw_ratio,aligned,189,-0.009768429459506931,0.005399243083102662,0.012776871242490957,-0.04728389375349206
grid-3005559-m2,radiant_top1_nw_ratio,nominal,65,-0.004226290093432815,0.00804222917240055,0.00874630131920654,-0.008932715834765095
grid-3005559-m2,dire_top1_nw_ratio,aligned,189,0.00843823232786434,0.012255050200217943,0.024331411779305912,-0.010408738258380085
grid-3005559-m2,dire_top1_nw_ratio,nominal,65,-0.0004228571993944629,0.0008634602650868239,0.003794586873181261,0.8630970086586223
grid-3005559-m3,radiant_nw_adv,aligned,379,-11.184696569920844,115.0,351.99999999999994,0.9742059802300825
grid-3005559-m3,radiant_nw_adv,nominal,378,-1.6957671957671958,121.5,385.4000000000001,0.9709035439532453
grid-3005559-m3,radiant_nw,aligned,379,181.54353562005278,51.0,592.4,0.9996481284191222
grid-3005559-m3,radiant_nw,nominal,378,89.23015873015873,119.0,534.6,0.9995922446492782
grid-3005559-m3,dire_nw,aligned,379,192.72823218997362,115.0,566.9999999999999,0.9997101000126747
grid-3005559-m3,dire_nw,nominal,378,90.92592592592592,84.0,441.3000000000001,0.9996333196643588
grid-3005559-m3,radiant_xp_adv,aligned,379,4.696569920844327,0.0,780.0,0.966844974386642
grid-3005559-m3,radiant_xp_adv,nominal,378,-4.603174603174603,0.0,780.0,0.9551059292600768
grid-3005559-m3,deaths_radiant,aligned,379,0.010554089709762533,0.0,0.0,0.9990687239182672
grid-3005559-m3,deaths_radiant,nominal,378,-0.023809523809523808,0.0,0.0,0.9979376293559605
grid-3005559-m3,deaths_dire,aligned,379,0.010554089709762533,0.0,0.0,0.9988079479698004
grid-3005559-m3,deaths_dire,nominal,378,-0.026455026455026454,0.0,0.0,0.9970809619578738
grid-3005559-m3,top1_nw_adv,aligned,379,81.58575197889182,20.0,300.0,0.8829717845853787
grid-3005559-m3,top1_nw_adv,nominal,378,87.55291005291005,40.0,300.0,0.8690780668412623
grid-3005559-m3,radiant_top1_nw_ratio,aligned,379,0.0024579464128487195,0.0015484200157826478,0.008405447043206416,0.9159330947786196
grid-3005559-m3,radiant_top1_nw_ratio,nominal,378,0.002458112002798425,0.0028049877889054914,0.009113871545310194,0.8856137781981204
grid-3005559-m3,dire_top1_nw_ratio,aligned,379,-0.003063812354063179,0.0026907041490027706,0.00812901487434604,0.9467078327117292
grid-3005559-m3,dire_top1_nw_ratio,nominal,378,-0.0033798507679948667,0.002663093973241104,0.009077563451138186,0.925198557828018
grid-3005560-m1,radiant_nw_adv,aligned,487,-11.328542094455852,135.0,285.0,0.970506374639472
grid-3005560-m1,radiant_nw_adv,nominal,485,-19.136082474226804,137.0,341.20000000000005,0.96115725842931
grid-3005560-m1,radiant_nw,aligned,487,-45.52361396303901,142.0,275.0,0.9995078970325534
grid-3005560-m1,radiant_nw,nominal,485,-108.940206185567,161.0,326.20000000000005,0.9994363435277022
grid-3005560-m1,dire_nw,aligned,487,-34.19507186858316,98.0,376.0,0.9992449181568583
grid-3005560-m1,dire_nw,nominal,485,-89.80412371134021,83.0,429.60000000000014,0.9992101730086629
grid-3005560-m1,radiant_xp_adv,aligned,487,7.515400410677618,0.0,480.0,0.9794861178865674
grid-3005560-m1,radiant_xp_adv,nominal,485,-3.216494845360825,0.0,680.0,0.966679077287921
grid-3005560-m1,deaths_radiant,aligned,487,0.0,0.0,0.0,0.9984322502362836
grid-3005560-m1,deaths_radiant,nominal,485,-0.01443298969072165,0.0,0.0,0.9972958118829265
grid-3005560-m1,deaths_dire,aligned,487,-0.008213552361396304,0.0,0.0,0.9985998823134887
grid-3005560-m1,deaths_dire,nominal,485,-0.03917525773195876,0.0,0.0,0.9967633601527663
grid-3005560-m1,top1_nw_adv,aligned,487,-12.73305954825462,50.0,255.0,0.7195694615657343
grid-3005560-m1,top1_nw_adv,nominal,485,-13.039175257731959,55.0,266.0000000000002,0.6770493680695852
grid-3005560-m1,radiant_top1_nw_ratio,aligned,487,0.0022861542607722977,0.0021654889779353925,0.012765957446808501,0.701125996880122
grid-3005560-m1,radiant_top1_nw_ratio,nominal,485,0.0022434177088181103,0.0029508080106940837,0.013113134919676616,0.6809516299727153
grid-3005560-m1,dire_top1_nw_ratio,aligned,487,0.0025792283177174624,0.0016798145448515822,0.0072830219059200185,0.880195011209823
grid-3005560-m1,dire_top1_nw_ratio,nominal,485,0.0024295327238060397,0.002027250129693403,0.007876614371816231,0.8547692512370998
grid-3005560-m2,radiant_nw_adv,aligned,357,114.38375350140056,90.0,510.0,0.9895794980681722
grid-3005560-m2,radiant_nw_adv,nominal,356,89.80898876404494,97.0,514.5,0.9863020192613539
grid-3005560-m2,radiant_nw,aligned,357,65.43417366946778,71.0,469.80000000000007,0.9995142778176493
grid-3005560-m2,radiant_nw,nominal,356,-40.42134831460674,139.5,400.0,0.9994197815603251
grid-3005560-m2,dire_nw,aligned,357,-48.94957983193277,57.0,230.80000000000007,0.9997869226475287
grid-3005560-m2,dire_nw,nominal,356,-130.23033707865167,130.5,270.5,0.9996913655762926
grid-3005560-m2,radiant_xp_adv,aligned,357,-36.86274509803921,0.0,680.0,0.9870620890634152
grid-3005560-m2,radiant_xp_adv,nominal,356,-56.51685393258427,0.0,780.0,0.9788043295629634
grid-3005560-m2,deaths_radiant,aligned,357,0.0,0.0,0.0,
grid-3005560-m2,deaths_radiant,nominal,356,0.0,0.0,0.0,
grid-3005560-m2,deaths_dire,aligned,357,0.01680672268907563,0.0,0.0,0.9992457858880065
grid-3005560-m2,deaths_dire,nominal,356,-0.03932584269662921,0.0,0.0,0.9982882863758555
grid-3005560-m2,top1_nw_adv,aligned,357,10.322128851540617,51.0,310.0,0.8833300815031637
grid-3005560-m2,top1_nw_adv,nominal,356,6.353932584269663,65.0,310.0,0.8763668603927878
grid-3005560-m2,radiant_top1_nw_ratio,aligned,357,0.0003091867539650657,0.004513491719391971,0.009971869049991235,0.8080386130265654
grid-3005560-m2,radiant_top1_nw_ratio,nominal,356,0.00028668355618822653,0.004774100111064494,0.010181067750483774,0.7983799860594688
grid-3005560-m2,dire_top1_nw_ratio,aligned,357,0.0008646039775675293,0.00097422861924501,0.004745605179401227,0.9181841928583949
grid-3005560-m2,dire_top1_nw_ratio,nominal,356,0.0007297382098824971,0.001520257323205279,0.007604696514176099,0.8534859796816084
grid-3005560-m3,radiant_nw_adv,aligned,368,-126.73913043478261,94.0,355.0,0.9563047114214468
grid-3005560-m3,radiant_nw_adv,nominal,368,-129.6576086956522,96.0,421.3,0.9367292227519649
grid-3005560-m3,radiant_nw,aligned,368,-44.90489130434783,90.0,185.60000000000002,0.9998440297112396
grid-3005560-m3,radiant_nw,nominal,368,-148.27445652173913,147.0,315.4000000000001,0.999729976854431
grid-3005560-m3,dire_nw,aligned,368,81.83423913043478,91.0,274.0,0.9995924166883942
grid-3005560-m3,dire_nw,nominal,368,-18.616847826086957,140.5,252.0,0.9994940474545584
grid-3005560-m3,radiant_xp_adv,aligned,368,-6.576086956521739,0.0,680.0,0.9673150257343412
grid-3005560-m3,radiant_xp_adv,nominal,368,23.641304347826086,0.0,780.0,0.9527215655796656
grid-3005560-m3,deaths_radiant,aligned,368,0.008152173913043478,0.0,0.0,0.9984333051657234
grid-3005560-m3,deaths_radiant,nominal,368,-0.04891304347826087,0.0,0.0,0.9961895270381231
grid-3005560-m3,deaths_dire,aligned,368,-0.008152173913043478,0.0,0.0,0.9992045151781095
grid-3005560-m3,deaths_dire,nominal,368,-0.05434782608695652,0.0,0.0,0.9970345222066186
grid-3005560-m3,top1_nw_adv,aligned,368,-52.58152173913044,1.0,155.0,0.7861596152954039
grid-3005560-m3,top1_nw_adv,nominal,368,-50.125,35.0,189.3,0.7544174944232104
grid-3005560-m3,radiant_top1_nw_ratio,aligned,368,-0.0010519166420028326,0.001915658510740284,0.007043299389676891,0.864889957007517
grid-3005560-m3,radiant_top1_nw_ratio,nominal,368,-0.0011906533422992138,0.002755558981045153,0.007653526219087711,0.8226323434926555
grid-3005560-m3,dire_top1_nw_ratio,aligned,368,3.1424052073811454e-07,0.0015238069722618708,0.003816509200914281,0.9081592517428504
grid-3005560-m3,dire_top1_nw_ratio,nominal,368,-0.0005758407544222976,0.002220540919773903,0.005091226415865233,0.8757402813184889
grid-3005562-m1,radiant_nw_adv,aligned,348,-158.70402298850576,139.5,505.0,0.991708986807679
grid-3005562-m1,radiant_nw_adv,nominal,346,-139.135838150289,118.0,447.0,0.9918680949256815
grid-3005562-m1,radiant_nw,aligned,348,-64.50862068965517,101.0,296.3,0.9991766820026182
grid-3005562-m1,radiant_nw,nominal,346,-113.27167630057804,134.0,334.5,0.9991803378156328
grid-3005562-m1,dire_nw,aligned,348,94.19540229885058,102.5,464.0,0.9996501251804768
grid-3005562-m1,dire_nw,nominal,346,25.86416184971098,131.5,418.0,0.9996774810840857
grid-3005562-m1,radiant_xp_adv,aligned,348,16.264367816091955,0.0,680.0,0.9840756233557617
grid-3005562-m1,radiant_xp_adv,nominal,346,36.70520231213873,0.0,780.0,0.9789213463092952
grid-3005562-m1,deaths_radiant,aligned,348,0.020114942528735632,0.0,0.0,0.9990461690443986
grid-3005562-m1,deaths_radiant,nominal,346,-0.02023121387283237,0.0,0.0,0.9992504788435447
grid-3005562-m1,deaths_dire,aligned,348,0.0028735632183908046,0.0,0.0,0.9921524967561225
grid-3005562-m1,deaths_dire,nominal,346,0.0,0.0,0.0,1.0
grid-3005562-m1,top1_nw_adv,aligned,348,-21.729885057471265,5.0,199.4000000000001,0.9658938230652695
grid-3005562-m1,top1_nw_adv,nominal,346,-11.8121387283237,20.0,201.0,0.9673270539785296
grid-3005562-m1,radiant_top1_nw_ratio,aligned,348,-0.00010582557321423327,0.0016870845584905508,0.010396393973230424,0.6212516759235367
grid-3005562-m1,radiant_top1_nw_ratio,nominal,346,-7.029360284288882e-05,0.0022490666306241025,0.010838681368119135,0.6216683452117966
grid-3005562-m1,dire_top1_nw_ratio,aligned,348,-0.0007022237202881426,0.003216026218241186,0.007738591521159042,0.8928050006275773
grid-3005562-m1,dire_top1_nw_ratio,nominal,346,-0.0011059797690204693,0.0036886965021226403,0.007865638795105573,0.9239086505164483
grid-3005562-m2,radiant_nw_adv,aligned,370,-80.8108108108108,74.5,450.4000000000001,0.9169390083283911
grid-3005562-m2,radiant_nw_adv,nominal,370,-81.0027027027027,94.0,388.1,0.9209167743389277
grid-3005562-m2,radiant_nw,aligned,370,3.4783783783783786,100.0,365.30000000000007,0.999473693862045
grid-3005562-m2,radiant_nw,nominal,370,-98.34324324324324,126.5,437.2000000000003,0.9995192632276362
grid-3005562-m2,dire_nw,aligned,370,84.28918918918919,97.5,295.0,0.9996745135605632
grid-3005562-m2,dire_nw,nominal,370,-17.34054054054054,104.5,274.1,0.9996617362685527
grid-3005562-m2,radiant_xp_adv,aligned,370,22.864864864864863,0.0,690.0000000000023,0.8985067053111216
grid-3005562-m2,radiant_xp_adv,nominal,370,22.37837837837838,0.0,780.0,0.9010786329037098
grid-3005562-m2,deaths_radiant,aligned,370,0.016216216216216217,0.0,0.0,0.9987762192540067
grid-3005562-m2,deaths_radiant,nominal,370,-0.04864864864864865,0.0,0.0,0.9978959762645714
grid-3005562-m2,deaths_dire,aligned,370,0.013513513513513514,0.0,0.0,0.9987937801678377
grid-3005562-m2,deaths_dire,nominal,370,-0.04864864864864865,0.0,0.0,0.998139223990472
grid-3005562-m2,top1_nw_adv,aligned,370,10.613513513513514,5.0,250.0,0.9400422043780254
grid-3005562-m2,top1_nw_adv,nominal,370,7.945945945945946,20.0,249.0,0.9402452329835425
grid-3005562-m2,radiant_top1_nw_ratio,aligned,370,0.0019067835535664498,0.0017544530440228578,0.009815548805534813,0.9440955311020529
grid-3005562-m2,radiant_top1_nw_ratio,nominal,370,0.0015211142824645347,0.002069460602315179,0.010627861441772347,0.9309238993105575
grid-3005562-m2,dire_top1_nw_ratio,aligned,370,0.00018327866574984977,0.0017828168576179831,0.007607676907394477,0.6594647689654206
grid-3005562-m2,dire_top1_nw_ratio,nominal,370,-2.9820035904163424e-05,0.0019297911388288236,0.009618135425036948,0.5945369358693756
grid-3005562-m3,radiant_nw_adv,aligned,388,26.38659793814433,70.0,301.0,0.9806981966042272
grid-3005562-m3,radiant_nw_adv,nominal,388,7.68298969072165,90.0,401.0,0.9709468001376013
grid-3005562-m3,radiant_nw,aligned,388,94.97164948453609,56.5,464.0,0.9997534895663184
grid-3005562-m3,radiant_nw,nominal,388,-13.170103092783505,105.5,428.3,0.9996064603112962
grid-3005562-m3,dire_nw,aligned,388,68.58505154639175,66.5,378.10000000000076,0.9996836553901304
grid-3005562-m3,dire_nw,nominal,388,-20.853092783505154,106.0,421.90000000000015,0.9995880475169171
grid-3005562-m3,radiant_xp_adv,aligned,388,-14.845360824742269,0.0,780.0,0.9280700288550618
grid-3005562-m3,radiant_xp_adv,nominal,388,-20.103092783505154,0.0,780.0,0.9279777682999417
grid-3005562-m3,deaths_radiant,aligned,388,-0.007731958762886598,0.0,0.0,0.9957200608720645
grid-3005562-m3,deaths_radiant,nominal,388,-0.020618556701030927,0.0,0.0,0.9887664803486547
grid-3005562-m3,deaths_dire,aligned,388,-0.007731958762886598,0.0,0.0,0.9991558569635653
grid-3005562-m3,deaths_dire,nominal,388,-0.059278350515463915,0.0,0.0,0.9963761558967711
grid-3005562-m3,top1_nw_adv,aligned,388,49.19845360824742,19.0,315.0,0.7648957529348783
grid-3005562-m3,top1_nw_adv,nominal,388,43.891752577319586,49.0,315.0,0.7151000732109143
grid-3005562-m3,radiant_top1_nw_ratio,aligned,388,0.001244983925610136,0.0015722912319607596,0.009285549067318155,0.9054746652989615
grid-3005562-m3,radiant_top1_nw_ratio,nominal,388,0.0007778797957233377,0.003271689391925431,0.010624488942340046,0.8737932924606524
grid-3005562-m3,dire_top1_nw_ratio,aligned,388,-0.0011022344909734103,0.0015691485607157996,0.006942152444182354,0.9543443306414391
grid-3005562-m3,dire_top1_nw_ratio,nominal,388,-0.0014123388487967535,0.002895578128626758,0.0071973870744031524,0.9172079162820966
grid-3005563-m1,radiant_nw_adv,aligned,386,30.883419689119172,62.0,368.0,0.940466062416594
grid-3005563-m1,radiant_nw_adv,nominal,384,39.9765625,81.0,445.2999999999999,0.9183891188049141
grid-3005563-m1,radiant_nw,aligned,386,-35.4119170984456,85.0,250.0,0.9997762663677262
grid-3005563-m1,radiant_nw,nominal,384,-85.72916666666667,126.0,257.7,0.9997491772517909
grid-3005563-m1,dire_nw,aligned,386,-66.29533678756476,92.0,254.0,0.9997472330746846
grid-3005563-m1,dire_nw,nominal,384,-125.70572916666667,141.0,313.7,0.9996916125585812
grid-3005563-m1,radiant_xp_adv,aligned,386,7.253886010362694,0.0,480.0,0.9334368962142755
grid-3005563-m1,radiant_xp_adv,nominal,384,8.541666666666666,0.0,580.0,0.9129542657586365
grid-3005563-m1,deaths_radiant,aligned,386,-0.012953367875647668,0.0,0.0,0.9985714370105161
grid-3005563-m1,deaths_radiant,nominal,384,-0.046875,0.0,0.0,0.9963800210217317
grid-3005563-m1,deaths_dire,aligned,386,0.0,0.0,0.0,0.9991230200949909
grid-3005563-m1,deaths_dire,nominal,384,-0.013020833333333334,0.0,0.0,0.9978332899787644
grid-3005563-m1,top1_nw_adv,aligned,386,-9.243523316062177,19.0,67.0,0.9869791255460153
grid-3005563-m1,top1_nw_adv,nominal,384,-5.9296875,22.0,89.0,0.979244425172838
grid-3005563-m1,radiant_top1_nw_ratio,aligned,386,0.00019492263275375555,0.0013536164661957506,0.005208550143157645,0.94625089545995
grid-3005563-m1,radiant_top1_nw_ratio,nominal,384,0.00014318957459941517,0.0016962204384265989,0.006327503533505707,0.9204162792031791
grid-3005563-m1,dire_top1_nw_ratio,aligned,386,0.0009994795946142668,0.0018269293866574332,0.004776320681613572,0.9764245431762781
grid-3005563-m1,dire_top1_nw_ratio,nominal,384,0.0007480615742507402,0.002285380674129006,0.005804799810769535,0.93680532580738
grid-3005563-m2,radiant_nw_adv,aligned,386,-196.37305699481865,155.0,515.0,0.9632709652295286
grid-3005563-m2,radiant_nw_adv,nominal,386,-189.54145077720207,163.5,589.5,0.951120291045553
grid-3005563-m2,radiant_nw,aligned,386,-95.11917098445596,95.0,440.0,0.9995965431544822
grid-3005563-m2,radiant_nw,nominal,386,-154.35492227979276,103.5,481.5,0.9995126064784307
grid-3005563-m2,dire_nw,aligned,386,101.25388601036269,63.0,458.5,0.9996725641325113
grid-3005563-m2,dire_nw,nominal,386,35.18652849740933,91.0,406.5,0.9996659162819377
grid-3005563-m2,radiant_xp_adv,aligned,386,6.994818652849741,0.0,680.0,0.9569577339930769
grid-3005563-m2,radiant_xp_adv,nominal,386,22.694300518134714,0.0,830.0,0.9214757991222324
grid-3005563-m2,deaths_radiant,aligned,386,-0.0051813471502590676,0.0,0.0,0.9985665672975854
grid-3005563-m2,deaths_radiant,nominal,386,-0.05181347150259067,0.0,0.0,0.9978009738911906
grid-3005563-m2,deaths_dire,aligned,386,-0.007772020725388601,0.0,0.0,0.9975948715721137
grid-3005563-m2,deaths_dire,nominal,386,-0.03367875647668394,0.0,0.0,0.994004780706987
grid-3005563-m2,top1_nw_adv,aligned,386,-94.51813471502591,45.0,305.0,0.9264593685205121
grid-3005563-m2,top1_nw_adv,nominal,386,-92.0440414507772,51.0,305.0,0.9167774205494936
grid-3005563-m2,radiant_top1_nw_ratio,aligned,386,0.002053636233261098,0.0016665731045568954,0.006982871889353523,0.8970324723350116
grid-3005563-m2,radiant_top1_nw_ratio,nominal,386,0.0018458522114887443,0.0020521236938269016,0.007714902259564782,0.8761966865009172
grid-3005563-m2,dire_top1_nw_ratio,aligned,386,0.0029869125485934007,0.0022999251805985166,0.011533222135849855,0.812549884553043
grid-3005563-m2,dire_top1_nw_ratio,nominal,386,0.0027465583049184933,0.0019890883527168,0.011520438313127712,0.8582426685603695
grid-3005563-m3,radiant_nw_adv,aligned,401,-77.34663341645886,124.0,364.0,0.9628739538528587
grid-3005563-m3,radiant_nw_adv,nominal,399,-70.10025062656642,115.0,356.99999999999994,0.9605606508259245
grid-3005563-m3,radiant_nw,aligned,401,30.658354114713216,59.0,174.0,0.9998454380295971
grid-3005563-m3,radiant_nw,nominal,399,-32.37593984962406,71.0,198.2,0.9998179674356685
grid-3005563-m3,dire_nw,aligned,401,108.00498753117208,90.0,325.0,0.9998714121780773
grid-3005563-m3,dire_nw,nominal,399,37.72431077694235,73.0,280.1999999999999,0.9998437846618293
grid-3005563-m3,radiant_xp_adv,aligned,401,5.985037406483791,0.0,380.0,0.9344656383676939
grid-3005563-m3,radiant_xp_adv,nominal,399,20.50125313283208,0.0,699.9999999999989,0.8798677970899372
grid-3005563-m3,deaths_radiant,aligned,401,0.007481296758104738,0.0,0.0,0.9985562433400395
grid-3005563-m3,deaths_radiant,nominal,399,-0.02756892230576441,0.0,0.0,0.9978534684371927
grid-3005563-m3,deaths_dire,aligned,401,-0.0024937655860349127,0.0,0.0,0.9988199097007274
grid-3005563-m3,deaths_dire,nominal,399,-0.040100250626566414,0.0,0.0,0.997386668561725
grid-3005563-m3,top1_nw_adv,aligned,401,-9.11221945137157,50.0,245.0,0.9289163949795377
grid-3005563-m3,top1_nw_adv,nominal,399,-4.809523809523809,55.0,245.0,0.915682587646234
grid-3005563-m3,radiant_top1_nw_ratio,aligned,401,2.74943956992916e-05,0.0045080521343209,0.013780252308305097,0.8976279352278852
grid-3005563-m3,radiant_top1_nw_ratio,nominal,399,1.8418672094434264e-05,0.004772793444710599,0.013956114505641846,0.8875447359933508
grid-3005563-m3,dire_top1_nw_ratio,aligned,401,0.00011485079699558253,0.0022027068234012903,0.008209451024700276,0.9524075003430418
grid-3005563-m3,dire_top1_nw_ratio,nominal,399,-0.00014329179330253798,0.0024935885977909467,0.008390331764445536,0.9530804523507578
grid-3005563-m4,radiant_nw_adv,aligned,466,-123.8412017167382,115.0,236.5,0.9470200636862389
grid-3005563-m4,radiant_nw_adv,nominal,464,-124.44396551724138,134.0,380.0,0.9351125670676941
grid-3005563-m4,radiant_nw,aligned,466,-66.31974248927038,45.0,455.0,0.9994884341449788
grid-3005563-m4,radiant_nw,nominal,464,-164.8448275862069,112.0,512.8,0.9994336895384169
grid-3005563-m4,dire_nw,aligned,466,57.52145922746781,105.0,365.0,0.9996289427881104
grid-3005563-m4,dire_nw,nominal,464,-40.400862068965516,55.0,421.0,0.9995581925488676
grid-3005563-m4,radiant_xp_adv,aligned,466,6.008583690987124,0.0,580.0,0.934594281306038
grid-3005563-m4,radiant_xp_adv,nominal,464,16.120689655172413,0.0,680.0,0.9103330092984605
grid-3005563-m4,deaths_radiant,aligned,466,0.008583690987124463,0.0,0.0,0.9992292576425483
grid-3005563-m4,deaths_radiant,nominal,464,-0.04310344827586207,0.0,0.0,0.9975155424480773
grid-3005563-m4,deaths_dire,aligned,466,0.02145922746781116,0.0,0.0,0.9987442992724597
grid-3005563-m4,deaths_dire,nominal,464,-0.03879310344827586,0.0,0.0,0.9976912136917313
grid-3005563-m4,top1_nw_adv,aligned,466,-0.3261802575107296,31.5,95.5,0.8150116762530746
grid-3005563-m4,top1_nw_adv,nominal,464,-1.8879310344827587,44.0,171.09999999999997,0.7965186513237942
grid-3005563-m4,radiant_top1_nw_ratio,aligned,466,0.0019356409828966505,0.0012131926149905603,0.005719363334497518,0.9390709828329924
grid-3005563-m4,radiant_top1_nw_ratio,nominal,464,0.0016446854012927795,0.0017207851230482824,0.006187854784491739,0.9315987944539085
grid-3005563-m4,dire_top1_nw_ratio,aligned,466,-0.0004088383375143655,0.003583595656425978,0.007876341490585068,0.8405723939746075
grid-3005563-m4,dire_top1_nw_ratio,nominal,464,-0.0007741183195592812,0.0032948645016240563,0.008303084565677767,0.8161031052204973
grid-3005569-m1,radiant_nw_adv,aligned,427,-141.18032786885246,60.0,402.8000000000004,0.9664874895121162
grid-3005569-m1,radiant_nw_adv,nominal,338,-134.69526627218934,84.5,438.7000000000001,0.959575710667139
grid-3005569-m1,radiant_nw,aligned,427,-24.868852459016395,60.0,255.0,0.9997202550712011
grid-3005569-m1,radiant_nw,nominal,338,-94.74556213017752,124.5,273.0,0.9997046485601031
grid-3005569-m1,dire_nw,aligned,427,116.31147540983606,60.0,559.0,0.999602296060267
grid-3005569-m1,dire_nw,nominal,338,39.94970414201183,108.0,507.0,0.9995213267874026
grid-3005569-m1,radiant_xp_adv,aligned,427,-6.791569086651054,0.0,780.0,0.935943820160103
grid-3005569-m1,radiant_xp_adv,nominal,338,1.5976331360946745,0.0,680.0,0.9396446741857456
grid-3005569-m1,deaths_radiant,aligned,427,0.00234192037470726,0.0,0.0,0.9995417935017064
grid-3005569-m1,deaths_radiant,nominal,338,-0.020710059171597635,0.0,0.0,0.9959742198949842
grid-3005569-m1,deaths_dire,aligned,427,-0.00234192037470726,0.0,0.0,0.9943661065108607
grid-3005569-m1,deaths_dire,nominal,338,-0.005917159763313609,0.0,0.0,0.9952297265223522
grid-3005569-m1,top1_nw_adv,aligned,427,-9.295081967213115,5.0,58.2000000000001,0.9856409914950663
grid-3005569-m1,top1_nw_adv,nominal,338,-13.29585798816568,20.0,85.80000000000007,0.9686977756474368
grid-3005569-m1,radiant_top1_nw_ratio,aligned,427,-0.0003816438617291927,0.000914662738276173,0.004245233734274784,0.9751755702086302
grid-3005569-m1,radiant_top1_nw_ratio,nominal,338,-0.0007164556150432965,0.0016642176591720875,0.004880312778389084,0.9626416368427559
grid-3005569-m1,dire_top1_nw_ratio,aligned,427,-0.0012823513547412847,0.002081958966103359,0.007869483371909299,0.9405545795630267
grid-3005569-m1,dire_top1_nw_ratio,nominal,338,-0.00124329877075851,0.0026419032867220915,0.008608172340891881,0.8987063807129518
grid-3005569-m2,radiant_nw_adv,aligned,361,-110.73130193905817,88.0,395.0,0.9777906286731016
grid-3005569-m2,radiant_nw_adv,nominal,361,-103.61772853185596,107.0,361.0,0.9779515423688718
grid-3005569-m2,radiant_nw,aligned,361,-15.645429362880886,135.0,489.0,0.999577306357703
grid-3005569-m2,radiant_nw,nominal,361,-71.00831024930748,171.0,420.0,0.9995852210664627
grid-3005569-m2,dire_nw,aligned,361,95.08587257617728,72.0,545.0,0.9996381929256031
grid-3005569-m2,dire_nw,nominal,361,32.609418282548475,106.0,502.0,0.9996036791513611
grid-3005569-m2,radiant_xp_adv,aligned,361,-7.756232686980609,0.0,580.0,0.9437063439217188
grid-3005569-m2,radiant_xp_adv,nominal,361,-7.590027700831025,0.0,680.0,0.9320048361136894
grid-3005569-m2,deaths_radiant,aligned,361,0.0,0.0,0.0,0.9985204355162647
grid-3005569-m2,deaths_radiant,nominal,361,-0.030470914127423823,0.0,0.0,0.9960963155691788
grid-3005569-m2,deaths_dire,aligned,361,0.002770083102493075,0.0,0.0,0.9966434366246029
grid-3005569-m2,deaths_dire,nominal,361,-0.013850415512465374,0.0,0.0,0.996690516564726
grid-3005569-m2,top1_nw_adv,aligned,361,-20.8393351800554,25.0,100.0,0.9758735312974995
grid-3005569-m2,top1_nw_adv,nominal,361,-23.753462603878116,34.0,100.0,0.964452732677643
grid-3005569-m2,radiant_top1_nw_ratio,aligned,361,-0.0004917428200879489,0.001979267154732345,0.00790071570386644,0.952730491443266
grid-3005569-m2,radiant_top1_nw_ratio,nominal,361,-0.0008541126684515237,0.0020428776824220063,0.00876670824957651,0.9407671238730683
grid-3005569-m2,dire_top1_nw_ratio,aligned,361,-0.0002822624945978699,0.0034635711007159897,0.00747978651450501,0.8798444091374402
grid-3005569-m2,dire_top1_nw_ratio,nominal,361,-0.00022551768809982376,0.0037169305905291883,0.008034513116909892,0.8624913486033545
grid-3005569-m3,radiant_nw_adv,aligned,484,-41.05785123966942,220.5,515.0,0.9890282565493567
grid-3005569-m3,radiant_nw_adv,nominal,481,7.415800415800415,256.0,591.0,0.9840897323593926
grid-3005569-m3,radiant_nw,aligned,484,125.85537190082644,82.0,310.7,0.9996233959929283
grid-3005569-m3,radiant_nw,nominal,481,37.771309771309774,144.0,270.0,0.999485639458971
grid-3005569-m3,dire_nw,aligned,484,166.91322314049586,136.0,565.7,0.9994545575062197
grid-3005569-m3,dire_nw,nominal,481,30.355509355509355,233.0,540.0,0.9992297367795735
grid-3005569-m3,radiant_xp_adv,aligned,484,22.56198347107438,0.0,480.0,0.9908375481237638
grid-3005569-m3,radiant_xp_adv,nominal,481,37.21413721413722,0.0,880.0,0.9758078143276814
grid-3005569-m3,deaths_radiant,aligned,484,0.004132231404958678,0.0,0.0,0.9996374285477513
grid-3005569-m3,deaths_radiant,nominal,481,-0.12266112266112267,0.0,1.0,0.9985471186318524
grid-3005569-m3,deaths_dire,aligned,484,0.002066115702479339,0.0,0.0,0.9996650172085988
grid-3005569-m3,deaths_dire,nominal,481,-0.02702702702702703,0.0,0.0,0.9956774390155014
grid-3005569-m3,top1_nw_adv,aligned,484,-27.460743801652892,69.5,300.0,0.9816112660512091
grid-3005569-m3,top1_nw_adv,nominal,481,-5.232848232848233,100.0,310.0,0.9747195872656751
grid-3005569-m3,radiant_top1_nw_ratio,aligned,484,1.9951829937781523e-05,0.00135474586672156,0.006514228790599652,0.8312047137922721
grid-3005569-m3,radiant_top1_nw_ratio,nominal,481,-0.00025238188291356174,0.0020158454857861496,0.007621168867957717,0.7871885738562227
grid-3005569-m3,dire_top1_nw_ratio,aligned,484,0.0009852998639562644,0.00316046471313966,0.008823173591796213,0.9608265422148399
grid-3005569-m3,dire_top1_nw_ratio,nominal,481,0.0004363871174496364,0.004933818401926193,0.010168988500528442,0.9407306162595008
grid-3005570-m1,radiant_nw_adv,aligned,378,-20.875661375661377,60.0,371.50000000000006,0.9977617360171265
grid-3005570-m1,radiant_nw_adv,nominal,378,-50.94444444444444,74.5,364.90000000000003,0.9974098561611023
grid-3005570-m1,radiant_nw,aligned,378,36.66931216931217,152.5,285.0,0.9996480278540162
grid-3005570-m1,radiant_nw,nominal,378,-44.23015873015873,175.0,307.3,0.9996430688618706
grid-3005570-m1,dire_nw,aligned,378,57.544973544973544,107.5,285.0,0.9996798482309146
grid-3005570-m1,dire_nw,nominal,378,6.714285714285714,128.0,264.0,0.9996185886021961
grid-3005570-m1,radiant_xp_adv,aligned,378,1.3756613756613756,0.0,680.0,0.9858421532837348
grid-3005570-m1,radiant_xp_adv,nominal,378,-11.26984126984127,0.0,680.0,0.9844549779660065
grid-3005570-m1,deaths_radiant,aligned,378,0.0,0.0,0.0,0.9978184651343981
grid-3005570-m1,deaths_radiant,nominal,378,-0.013227513227513227,0.0,0.0,0.9973099309509755
grid-3005570-m1,deaths_dire,aligned,378,0.010582010582010581,0.0,0.0,0.9995328746572376
grid-3005570-m1,deaths_dire,nominal,378,-0.042328042328042326,0.0,0.0,0.9991893881164415
grid-3005570-m1,top1_nw_adv,aligned,378,5.73015873015873,56.0,295.0,0.989619772203187
grid-3005570-m1,top1_nw_adv,nominal,378,-5.611111111111111,57.0,280.0,0.9888784816588517
grid-3005570-m1,radiant_top1_nw_ratio,aligned,378,0.0005014122472288523,0.0027430198651652443,0.01120219632142412,0.9433316113674493
grid-3005570-m1,radiant_top1_nw_ratio,nominal,378,0.00019510234136548281,0.002860704983984469,0.011544712613883635,0.9366596909002091
grid-3005570-m1,dire_top1_nw_ratio,aligned,378,0.00035771421444042546,0.0014046761188184348,0.005402739845153751,0.9526220610882157
grid-3005570-m1,dire_top1_nw_ratio,nominal,378,0.0002568738053742711,0.0016310596355561396,0.005969099067212652,0.9377831634789557
grid-3005570-m2,radiant_nw_adv,aligned,337,-115.08308605341246,69.0,380.20000000000044,0.9755608514629002
grid-3005570-m2,radiant_nw_adv,nominal,335,-129.355223880597,86.0,533.6000000000001,0.9656138484267515
grid-3005570-m2,radiant_nw,aligned,337,-115.86053412462908,61.0,560.0,0.9996373919644825
grid-3005570-m2,radiant_nw,nominal,335,-187.04179104477612,91.0,636.4000000000001,0.9995760280948351
grid-3005570-m2,dire_nw,aligned,337,-0.7774480712166172,56.0,316.60000000000014,0.9995589176332583
grid-3005570-m2,dire_nw,nominal,335,-57.6865671641791,105.0,305.0,0.9994361066058733
grid-3005570-m2,radiant_xp_adv,aligned,337,9.198813056379821,0.0,480.0,0.9672326819474792
grid-3005570-m2,radiant_xp_adv,nominal,335,-12.238805970149254,0.0,780.0,0.9408550268356414
grid-3005570-m2,deaths_radiant,aligned,337,-0.01483679525222552,0.0,0.0,0.9985642147466017
grid-3005570-m2,deaths_radiant,nominal,335,-0.041791044776119404,0.0,0.0,0.9960382494633953
grid-3005570-m2,deaths_dire,aligned,337,0.005934718100890208,0.0,0.0,0.9993079782412854
grid-3005570-m2,deaths_dire,nominal,335,-0.023880597014925373,0.0,0.0,0.9986389435361793
grid-3005570-m2,top1_nw_adv,aligned,337,-62.718100890207715,39.0,465.0,0.8593591587490474
grid-3005570-m2,top1_nw_adv,nominal,335,-61.69253731343284,41.0,465.0,0.8447226798655116
grid-3005570-m2,radiant_top1_nw_ratio,aligned,337,-0.001713444402063055,0.002070977490039816,0.011779577085425097,0.902861966774239
grid-3005570-m2,radiant_top1_nw_ratio,nominal,335,-0.0016212288540797934,0.0024604496080234406,0.01144552755644558,0.8975369493827875
grid-3005570-m2,dire_top1_nw_ratio,aligned,337,-6.324034078550006e-05,0.001388508018707879,0.005181610634713535,0.9727286159586609
grid-3005570-m2,dire_top1_nw_ratio,nominal,335,-0.0002161336071111086,0.0018816822944501266,0.005392077567046019,0.9648901808304984
grid-3005570-m3,radiant_nw_adv,aligned,450,35.873333333333335,85.5,435.0,0.978169079123088
grid-3005570-m3,radiant_nw_adv,nominal,448,47.325892857142854,127.0,513.9000000000001,0.9735745011488015
grid-3005570-m3,radiant_nw,aligned,450,50.37555555555556,100.5,460.30000000000007,0.9992635543346905
grid-3005570-m3,radiant_nw,nominal,448,-8.875,138.0,425.6,0.9992860006914744
grid-3005570-m3,dire_nw,aligned,450,14.502222222222223,121.5,470.0,0.9994307479939368
grid-3005570-m3,dire_nw,nominal,448,-56.200892857142854,126.0,513.3,0.9993954688977136
grid-3005570-m3,radiant_xp_adv,aligned,450,32.31111111111111,0.0,580.0,0.9546307076339091
grid-3005570-m3,radiant_xp_adv,nominal,448,28.4375,0.0,780.0,0.9296950998946476
grid-3005570-m3,deaths_radiant,aligned,450,-0.0022222222222222222,0.0,0.0,0.999144351752737
grid-3005570-m3,deaths_radiant,nominal,448,-0.04241071428571429,0.0,0.0,0.9978790878970443
grid-3005570-m3,deaths_dire,aligned,450,0.0022222222222222222,0.0,0.0,0.997431382450652
grid-3005570-m3,deaths_dire,nominal,448,-0.022321428571428572,0.0,0.0,0.9971789725340217
grid-3005570-m3,top1_nw_adv,aligned,450,109.19777777777777,19.0,336.1,0.9923838637389455
grid-3005570-m3,top1_nw_adv,nominal,448,121.65625,30.0,458.0,0.9898654267510382
grid-3005570-m3,radiant_top1_nw_ratio,aligned,450,0.0026635485698058917,0.0013144607910711426,0.00958955140661768,0.8172133085322815
grid-3005570-m3,radiant_top1_nw_ratio,nominal,448,0.002766603904481534,0.0018613763142832224,0.009888388934829625,0.8170264311805017
grid-3005570-m3,dire_top1_nw_ratio,aligned,450,-0.002484279001748986,0.0028331173525007053,0.005395258224030153,0.994448868419941
grid-3005570-m3,dire_top1_nw_ratio,nominal,448,-0.002932425044139409,0.002842011118501367,0.006630546612088323,0.9911720733037286
grid-3005570-m4,radiant_nw_adv,aligned,442,207.3733031674208,112.5,715.9000000000001,0.9891939207791328
grid-3005570-m4,radiant_nw_adv,nominal,441,190.8639455782313,136.0,722.0,0.9861383557058802
grid-3005570-m4,radiant_nw,aligned,442,61.81221719457014,68.5,267.0,0.9998478220499497
grid-3005570-m4,radiant_nw,nominal,441,-8.757369614512472,98.0,245.0,0.9998184999589619
grid-3005570-m4,dire_nw,aligned,442,-145.5610859728507,83.5,551.0,0.9995749171334505
grid-3005570-m4,dire_nw,nominal,441,-199.62131519274377,129.0,605.0,0.9995198029448218
grid-3005570-m4,radiant_xp_adv,aligned,442,11.312217194570136,0.0,470.0000000000034,0.9698873431271996
grid-3005570-m4,radiant_xp_adv,nominal,441,19.86394557823129,0.0,680.0,0.9384532655544263
grid-3005570-m4,deaths_radiant,aligned,442,-0.006787330316742082,0.0,0.0,0.9984803185690727
grid-3005570-m4,deaths_radiant,nominal,441,-0.015873015873015872,0.0,0.0,0.9964792704150409
grid-3005570-m4,deaths_dire,aligned,442,0.006787330316742082,0.0,0.0,0.9994956619161621
grid-3005570-m4,deaths_dire,nominal,441,-0.036281179138321996,0.0,0.0,0.9988910648820105
grid-3005570-m4,top1_nw_adv,aligned,442,21.20135746606335,20.5,130.80000000000007,0.9853950024858079
grid-3005570-m4,top1_nw_adv,nominal,441,14.421768707482993,35.0,139.0,0.9810227532034678
grid-3005570-m4,radiant_top1_nw_ratio,aligned,442,-0.00022861717535391192,0.001889204117069443,0.006950338734476072,0.9230160618798239
grid-3005570-m4,radiant_top1_nw_ratio,nominal,441,-0.0004962393842845814,0.0020318949543559617,0.007557425954478558,0.8936246899326669
grid-3005570-m4,dire_top1_nw_ratio,aligned,442,0.001781938817239146,0.0021194586679506716,0.005754813307150168,0.8567762252494996
grid-3005570-m4,dire_top1_nw_ratio,nominal,441,0.001731665456661181,0.002165591100484199,0.006353386902118563,0.8319880752676884
