[2026-10-08 07:26:26,279] selected: 20 | matches still missing: 20
[2026-10-08 07:26:33,747] signals: 20 archive-schedule + 0 grid-v1 matches
[2026-10-08 07:26:33,769] loaded market terms /Users/dimabytes/work/polymarket/dota_2_bot/esports-trader/data/backtests/market_terms.json: {'sports_fees_v2': 156, 'sports_fees_v3': 692}
[2026-10-08 07:26:33,769] replay 20 matches (0 already done)
[2026-10-08 07:26:33,770] source tree 1/20: match 8989511448 (strip grid-2996033-m1)
[2026-10-08 07:26:33,778] source tree 2/20: match 8992034384 (strip grid-3006669-m1)
[2026-10-08 07:26:33,783] source tree 3/20: match 9007618767 (strip 9007618767)
[2026-10-08 07:26:33,787] source tree 4/20: match 9009358839 (strip grid-3007273-m1)
[2026-10-08 07:26:33,791] source tree 5/20: match 9009368871 (strip 9009368871)
[2026-10-08 07:26:33,794] source tree 6/20: match 9010793762 (strip 9010793762)
[2026-10-08 07:26:33,798] source tree 7/20: match 9011525353 (strip grid-3008660-m1)
[2026-10-08 07:26:33,802] source tree 8/20: match 9013623742 (strip 9013623742)
[2026-10-08 07:26:33,805] source tree 9/20: match 9015368144 (strip grid-3010626-m1)
[2026-10-08 07:26:33,808] source tree 10/20: match 9018837779 (strip 9018837779)
[2026-10-08 07:26:33,812] source tree 11/20: match 9021540875 (strip grid-3011799-m1)
[2026-10-08 07:26:33,816] source tree 12/20: match 9021972530 (strip grid-3011800-m1)
[2026-10-08 07:26:33,819] source tree 13/20: match 9023195630 (strip grid-3011807-m2)
[2026-10-08 07:26:33,823] source tree 14/20: match 9024383111 (strip grid-3011809-m1)
[2026-10-08 07:26:33,827] source tree 15/20: match 9026055399 (strip grid-3011815-m1)
[2026-10-08 07:26:33,831] source tree 16/20: match 9027799260 (strip grid-3011814-m1)
[2026-10-08 07:26:33,834] source tree 17/20: match 8989644322 (strip grid-2996033-m3)
[2026-10-08 07:26:33,838] source tree 18/20: match 8990197396 (strip grid-2996035-m1)
[2026-10-08 07:26:33,841] source tree 19/20: match 8990285196 (strip grid-2996035-m2)
[2026-10-08 07:26:33,844] source tree 20/20: match 8990366825 (strip grid-2996035-m3)
[2026-10-08 07:26:33,847] batch 1/20: 1 matches, secondsDelay=1
2026-10-08T05:26:33.855902000Z [INFO] _prediction_market_backtest._load_sims_async: Telonex book source: explicit priority (cache -> local /var/folders/6y/4qkrc5td55s6xkknyl__chdh0000gn/T/telonex-local-3069tws2)
2026-10-08T05:26:33.868656000Z [INFO] _prediction_market_backtest._load_sims_async: Telonex trade source: explicit priority (local /var/folders/6y/4qkrc5td55s6xkknyl__chdh0000gn/T/telonex-local-3069tws2 -> polymarket fallback disabled)
2026-10-08T05:26:33.869021000Z [INFO] _prediction_market_backtest._load_sims_async: Loading 2 replay(s) with 2 worker(s) (BACKTEST_REPLAY_LOAD_WORKERS=1 restores sequential loading)
2026-10-08T05:26:33.869263000Z [INFO] replay_adapters._emit_book_replay_start: Loading Telonex Polymarket market dota2-mouz-gl-2026-09-08-game1 (token_index=0, window_start=2026-09-08T20:47:05+00:00, window_end=2026-09-08T21:38:31+00:00)...
2026-10-08T05:26:33.869304000Z [INFO] replay_adapters._emit_book_replay_start: Loading Telonex Polymarket market dota2-mouz-gl-2026-09-08-game1 (token_index=1, window_start=2026-09-08T20:47:05+00:00, window_end=2026-09-08T21:38:31+00:00)...
2026-10-08T05:26:33.870527000Z [INFO] loaders._read_metadata_disk_cache: Polymarket metadata cache hit (7.8 KB) cache /Users/dimabytes/.cache/nautilus_trader/polymarket_metadata/v1/gamma-market/ee927f5069512d5dd969500d49b9e5a009491883a35310c1dadc25c951587846.json
2026-10-08T05:26:33.871155000Z [INFO] loaders._read_metadata_disk_cache: Polymarket metadata cache hit (2.8 KB) cache /Users/dimabytes/.cache/nautilus_trader/polymarket_metadata/v1/clob-market/b1a0724453716bf976540be4a9b9fcf76fe06434546ffa966d66745a41d2093c.json
2026-10-08T05:26:33.871546000Z [INFO] loaders._get_market_by_slug: Polymarket metadata discover cache hit memory metadata-cache
2026-10-08T05:26:33.871627000Z [INFO] loaders._get_market_details: Polymarket metadata discover cache hit memory metadata-cache
2026-10-08T05:26:33.878689000Z [INFO] telonex._day_progress: Telonex book start 2026-09-08
2026-10-08T05:26:33.878951000Z [INFO] telonex._day_progress: Telonex book start 2026-09-08
2026-10-08T05:26:34.000349000Z [INFO] telonex._day_progress: Telonex book cache hit 2026-09-08 (113,004 rows) cache /Users/dimabytes/.cache/nautilus_trader/telonex/book-deltas-v1/polymarket/book_snapshot_full/dota2-mouz-gl-2026-09-08-game1/outcome=GamerLegion/instrument=648a7aad739c6d3b/2026-09-08.1788900425000000000-1788903511000000000.parquet
2026-10-08T05:26:34.096565000Z [INFO] telonex._day_progress: Telonex book cache hit 2026-09-08 (113,045 rows) cache /Users/dimabytes/.cache/nautilus_trader/telonex/book-deltas-v1/polymarket/book_snapshot_full/dota2-mouz-gl-2026-09-08-game1/outcome=MOUZ/instrument=4e23f65dc11f3375/2026-09-08.1788900425000000000-1788903511000000000.parquet
2026-10-08T05:26:34.097544000Z [INFO] replay_adapters._print_trade_progress_header: Loading Polymarket trade ticks for execution dota2-mouz-gl-2026-09-08-game1 (window_start=2026-09-08T20:47:05+00:00, window_end=2026-09-08T21:38:31+00:00)...
2026-10-08T05:26:34.097804000Z [INFO] replay_adapters._print_trade_progress_header: Loading Polymarket trade ticks for execution dota2-mouz-gl-2026-09-08-game1 (window_start=2026-09-08T20:47:05+00:00, window_end=2026-09-08T21:38:31+00:00)...
2026-10-08T05:26:34.106417000Z [INFO] replay_adapters._print_trade_progress_line: Polymarket trades 2026-09-08 (0.009s) (2,112 rows) telonex onchain_fills cache 2026-09-08.1788825600000000000-1788903511000000000.parquet
2026-10-08T05:26:34.107249000Z [INFO] replay_adapters._print_trade_progress_line: Polymarket trades 2026-09-08 (0.009s) (2,112 rows) telonex onchain_fills cache 2026-09-08.1788825600000000000-1788903511000000000.parquet
[1m2026-09-08T20:47:05.001000000Z[0m [1;33m[WARN] TRADER-000.nautilus_common::clock: Timer 'SIGNAL:8989511448:1788900415836816128' alert time 2026-09-08T20:47:05.001+00:00 was in the past, adjusted to current time for immediate firing[0m
[1m2026-09-08T20:47:05.001000000Z[0m [1;33m[WARN] TRADER-000.nautilus_common::clock: Timer 'SIGNAL:8989511448:1788900422640084992' alert time 2026-09-08T20:47:05.001+00:00 was in the past, adjusted to current time for immediate firing[0m
[1m2026-09-08T21:16:25.170000000Z[0m [1;33m[WARN] TRADER-000.TwoSidedMakerStrategy: <--[EVT] OrderRejected(instrument_id=0xa81fcca45abe2bfa9cdcd8ac4d42e62e96cf9966e52f99790f88c57c373e97d7-87807644568818119646860771061153891560742697598126962372535251703512113182910.POLYMARKET, client_order_id=O-20260908-211624-001-8989511448-719, account_id=POLYMARKET-001, reason='POST_ONLY LIMIT BUY order limit px of 0.210 would have been a TAKER: bid=0.160, ask=0.170', due_post_only=True, ts_event=1788902185170000000)[0m
[1m2026-09-08T22:42:48.000000000Z[0m [1;33m[WARN] TRADER-000.TwoSidedMakerStrategy: The `Strategy.on_stop` handler was called when not overridden. It's expected that any actions required when stopping the strategy occur here, such as unsubscribing from data[0m
[1m2026-10-08T05:26:36.199267000Z[0m [1;33m[WARN] TRADER-000.TwoSidedMakerStrategy: The `Strategy.on_reset` handler was called when not overridden. It's expected that any actions required when resetting the strategy occur here, such as resetting indicators and other state[0m
[2026-10-08 07:26:36,212] 0xa81fcca45abe2bfa9cdcd8ac4d42e62e96cf9966e52f99790f88c57c373e97d7-87807644568818119646860771061153891560742697598126962372535251703512113182910.POLYMARKET: Replay selection is explicitly curated from named markets and may exclude cancelled, delisted, or zero-liquidity markets.
[2026-10-08 07:26:36,212] 0xa81fcca45abe2bfa9cdcd8ac4d42e62e96cf9966e52f99790f88c57c373e97d7-87807644568818119646860771061153891560742697598126962372535251703512113182910.POLYMARKET: No portfolio-level drawdown or daily-loss circuit breaker is configured for this run.
[2026-10-08 07:26:36,236] batch 2/20: 1 matches, secondsDelay=1
2026-10-08T05:26:36.246198000Z [INFO] _prediction_market_backtest._load_sims_async: Telonex book source: explicit priority (cache -> local /var/folders/6y/4qkrc5td55s6xkknyl__chdh0000gn/T/telonex-local-3069tws2)
2026-10-08T05:26:36.246258000Z [INFO] _prediction_market_backtest._load_sims_async: Telonex trade source: explicit priority (local /var/folders/6y/4qkrc5td55s6xkknyl__chdh0000gn/T/telonex-local-3069tws2 -> polymarket fallback disabled)
2026-10-08T05:26:36.246295000Z [INFO] _prediction_market_backtest._load_sims_async: Loading 2 replay(s) with 2 worker(s) (BACKTEST_REPLAY_LOAD_WORKERS=1 restores sequential loading)
2026-10-08T05:26:36.246356000Z [INFO] replay_adapters._emit_book_replay_start: Loading Telonex Polymarket market dota2-navi-ks-2026-09-10-game1 (token_index=0, window_start=2026-09-10T16:25:08+00:00, window_end=2026-09-10T17:18:55+00:00)...
2026-10-08T05:26:36.246387000Z [INFO] replay_adapters._emit_book_replay_start: Loading Telonex Polymarket market dota2-navi-ks-2026-09-10-game1 (token_index=1, window_start=2026-09-10T16:25:08+00:00, window_end=2026-09-10T17:18:55+00:00)...
2026-10-08T05:26:36.247369000Z [INFO] loaders._read_metadata_disk_cache: Polymarket metadata cache hit (7.8 KB) cache /Users/dimabytes/.cache/nautilus_trader/polymarket_metadata/v1/gamma-market/3ea1e242438adfae0aa9e0a044164e4bf86c5d8d94c14ae789c8f8f302dc3483.json
2026-10-08T05:26:36.248046000Z [INFO] loaders._read_metadata_disk_cache: Polymarket metadata cache hit (2.8 KB) cache /Users/dimabytes/.cache/nautilus_trader/polymarket_metadata/v1/clob-market/8b657d07008af531193cbabeb08ffdc1ebb9ce2324eb1d78318c56b894da4028.json
2026-10-08T05:26:36.248252000Z [INFO] loaders._get_market_by_slug: Polymarket metadata discover cache hit memory metadata-cache
2026-10-08T05:26:36.248334000Z [INFO] loaders._get_market_details: Polymarket metadata discover cache hit memory metadata-cache
2026-10-08T05:26:36.249324000Z [INFO] telonex._day_progress: Telonex book start 2026-09-10
2026-10-08T05:26:36.249496000Z [INFO] telonex._day_progress: Telonex book start 2026-09-10
2026-10-08T05:26:36.375954000Z [INFO] telonex._day_progress: Telonex book cache hit 2026-09-10 (77,342 rows) cache /Users/dimabytes/.cache/nautilus_trader/telonex/book-deltas-v1/polymarket/book_snapshot_full/dota2-navi-ks-2026-09-10-game1/outcome=Natus%20Vincere/instrument=2d9b7b710bd3652d/2026-09-10.1789057508000000000-1789060735000000000.parquet
2026-10-08T05:26:36.393522000Z [INFO] telonex._day_progress: Telonex book cache hit 2026-09-10 (77,609 rows) cache /Users/dimabytes/.cache/nautilus_trader/telonex/book-deltas-v1/polymarket/book_snapshot_full/dota2-navi-ks-2026-09-10-game1/outcome=Klim%20Sani4/instrument=6ea253678433dbde/2026-09-10.1789057508000000000-1789060735000000000.parquet
2026-10-08T05:26:36.394030000Z [INFO] replay_adapters._print_trade_progress_header: Loading Polymarket trade ticks for execution dota2-navi-ks-2026-09-10-game1 (window_start=2026-09-10T16:25:08+00:00, window_end=2026-09-10T17:18:55+00:00)...
2026-10-08T05:26:36.394214000Z [INFO] replay_adapters._print_trade_progress_header: Loading Polymarket trade ticks for execution dota2-navi-ks-2026-09-10-game1 (window_start=2026-09-10T16:25:08+00:00, window_end=2026-09-10T17:18:55+00:00)...
2026-10-08T05:26:36.402055000Z [INFO] replay_adapters._print_trade_progress_line: Polymarket trades 2026-09-10 (0.008s) (2,855 rows) telonex onchain_fills cache 2026-09-10.1788998400000000000-1789060735000000000.parquet
2026-10-08T05:26:36.403093000Z [INFO] replay_adapters._print_trade_progress_line: Polymarket trades 2026-09-10 (0.009s) (2,855 rows) telonex onchain_fills cache 2026-09-10.1788998400000000000-1789060735000000000.parquet
[1m2026-09-10T16:25:08.001000000Z[0m [1;33m[WARN] TRADER-000.nautilus_common::clock: Timer 'SIGNAL:8992034384:1789057115369095168' alert time 2026-09-10T16:25:08.001+00:00 was in the past, adjusted to current time for immediate firing[0m
[1m2026-09-10T16:25:08.001000000Z[0m [1;33m[WARN] TRADER-000.nautilus_common::clock: Timer 'SIGNAL:8992034384:1789057142095653120' alert time 2026-09-10T16:25:08.001+00:00 was in the past, adjusted to current time for immediate firing[0m
[1m2026-09-10T16:47:23.044000000Z[0m [1;33m[WARN] TRADER-000.TwoSidedMakerStrategy: <--[EVT] OrderRejected(instrument_id=0x97a4d760aaa24a28c6e6d9978cd2367cd68b5c6411d773e423d5dc675228901f-99490507173610686981344013297612626820413653383201296220593282946133015714070.POLYMARKET, client_order_id=O-20260910-164722-001-8992034384-446, account_id=POLYMARKET-001, reason='POST_ONLY LIMIT BUY order limit px of 0.500 would have been a TAKER: bid=0.460, ask=0.470', due_post_only=True, ts_event=1789058843044000000)[0m
[1m2026-09-10T16:49:35.976000000Z[0m [1;33m[WARN] TRADER-000.TwoSidedMakerStrategy: <--[EVT] OrderRejected(instrument_id=0x97a4d760aaa24a28c6e6d9978cd2367cd68b5c6411d773e423d5dc675228901f-10629460470909795737689538974554449309564226438752529815663017926540440405309.POLYMARKET, client_order_id=O-20260910-164935-001-8992034384-593, account_id=POLYMARKET-001, reason='POST_ONLY LIMIT BUY order limit px of 0.260 would have been a TAKER: bid=0.200, ask=0.220', due_post_only=True, ts_event=1789058975976000000)[0m
[1m2026-09-10T16:55:59.141000000Z[0m [1;33m[WARN] TRADER-000.TwoSidedMakerStrategy: <--[EVT] OrderRejected(instrument_id=0x97a4d760aaa24a28c6e6d9978cd2367cd68b5c6411d773e423d5dc675228901f-10629460470909795737689538974554449309564226438752529815663017926540440405309.POLYMARKET, client_order_id=O-20260910-165558-001-8992034384-846, account_id=POLYMARKET-001, reason='POST_ONLY LIMIT BUY order limit px of 0.230 would have been a TAKER: bid=0.140, ask=0.150', due_post_only=True, ts_event=1789059359141000000)[0m
[1m2026-09-10T16:56:02.170000000Z[0m [1;33m[WARN] TRADER-000.TwoSidedMakerStrategy: <--[EVT] OrderRejected(instrument_id=0x97a4d760aaa24a28c6e6d9978cd2367cd68b5c6411d773e423d5dc675228901f-10629460470909795737689538974554449309564226438752529815663017926540440405309.POLYMARKET, client_order_id=O-20260910-165601-001-8992034384-853, account_id=POLYMARKET-001, reason='POST_ONLY LIMIT BUY order limit px of 0.160 would have been a TAKER: bid=0.110, ask=0.120', due_post_only=True, ts_event=1789059362170000000)[0m
[1m2026-09-10T16:56:17.327000000Z[0m [1;33m[WARN] TRADER-000.TwoSidedMakerStrategy: <--[EVT] OrderRejected(instrument_id=0x97a4d760aaa24a28c6e6d9978cd2367cd68b5c6411d773e423d5dc675228901f-99490507173610686981344013297612626820413653383201296220593282946133015714070.POLYMARKET, client_order_id=O-20260910-165617-001-8992034384-873, account_id=POLYMARKET-001, reason='POST_ONLY LIMIT BUY order limit px of 0.690 would have been a TAKER: bid=0.650, ask=0.670', due_post_only=True, ts_event=1789059377327000000)[0m
[1m2026-09-10T17:05:34.035000000Z[0m [1;33m[WARN] TRADER-000.TwoSidedMakerStrategy: <--[EVT] OrderRejected(instrument_id=0x97a4d760aaa24a28c6e6d9978cd2367cd68b5c6411d773e423d5dc675228901f-10629460470909795737689538974554449309564226438752529815663017926540440405309.POLYMARKET, client_order_id=O-20260910-170533-001-8992034384-1260, account_id=POLYMARKET-001, reason='POST_ONLY LIMIT BUY order limit px of 0.250 would have been a TAKER: bid=0.200, ask=0.220', due_post_only=True, ts_event=1789059934035000000)[0m
[1m2026-09-10T17:12:14.169000000Z[0m [1;33m[WARN] TRADER-000.TwoSidedMakerStrategy: <--[EVT] OrderRejected(instrument_id=0x97a4d760aaa24a28c6e6d9978cd2367cd68b5c6411d773e423d5dc675228901f-99490507173610686981344013297612626820413653383201296220593282946133015714070.POLYMARKET, client_order_id=O-20260910-171213-001-8992034384-1475, account_id=POLYMARKET-001, reason='POST_ONLY LIMIT BUY order limit px of 0.650 would have been a TAKER: bid=0.620, ask=0.630', due_post_only=True, ts_event=1789060334169000000)[0m
[1m2026-09-10T17:12:26.130001000Z[0m [1;33m[WARN] TRADER-000.TwoSidedMakerStrategy: <--[EVT] OrderRejected(instrument_id=0x97a4d760aaa24a28c6e6d9978cd2367cd68b5c6411d773e423d5dc675228901f-99490507173610686981344013297612626820413653383201296220593282946133015714070.POLYMARKET, client_order_id=O-20260910-171225-001-8992034384-1481, account_id=POLYMARKET-001, reason='POST_ONLY LIMIT BUY order limit px of 0.640 would have been a TAKER: bid=0.620, ask=0.640', due_post_only=True, ts_event=1789060346130001000)[0m
[1m2026-09-10T17:17:07.267000000Z[0m [1;33m[WARN] TRADER-000.TwoSidedMakerStrategy: <--[EVT] OrderRejected(instrument_id=0x97a4d760aaa24a28c6e6d9978cd2367cd68b5c6411d773e423d5dc675228901f-10629460470909795737689538974554449309564226438752529815663017926540440405309.POLYMARKET, client_order_id=O-20260910-171707-001-8992034384-1677, account_id=POLYMARKET-001, reason='POST_ONLY LIMIT BUY order limit px of 0.440 would have been a TAKER: bid=0.360, ask=0.420', due_post_only=True, ts_event=1789060627267000000)[0m
[1m2026-09-10T18:22:07.000000000Z[0m [1;33m[WARN] TRADER-000.TwoSidedMakerStrategy: The `Strategy.on_stop` handler was called when not overridden. It's expected that any actions required when stopping the strategy occur here, such as unsubscribing from data[0m
[1m2026-10-08T05:26:38.216433000Z[0m [1;33m[WARN] TRADER-000.TwoSidedMakerStrategy: The `Strategy.on_reset` handler was called when not overridden. It's expected that any actions required when resetting the strategy occur here, such as resetting indicators and other state[0m
[2026-10-08 07:26:38,226] 0x97a4d760aaa24a28c6e6d9978cd2367cd68b5c6411d773e423d5dc675228901f-10629460470909795737689538974554449309564226438752529815663017926540440405309.POLYMARKET: Replay selection is explicitly curated from named markets and may exclude cancelled, delisted, or zero-liquidity markets.
[2026-10-08 07:26:38,226] 0x97a4d760aaa24a28c6e6d9978cd2367cd68b5c6411d773e423d5dc675228901f-10629460470909795737689538974554449309564226438752529815663017926540440405309.POLYMARKET: No portfolio-level drawdown or daily-loss circuit breaker is configured for this run.
[2026-10-08 07:26:38,260] batch 3/20: 1 matches, secondsDelay=1
2026-10-08T05:26:38.308599000Z [INFO] _prediction_market_backtest._load_sims_async: Telonex book source: explicit priority (cache -> local /var/folders/6y/4qkrc5td55s6xkknyl__chdh0000gn/T/telonex-local-3069tws2)
2026-10-08T05:26:38.308666000Z [INFO] _prediction_market_backtest._load_sims_async: Telonex trade source: explicit priority (local /var/folders/6y/4qkrc5td55s6xkknyl__chdh0000gn/T/telonex-local-3069tws2 -> polymarket fallback disabled)
2026-10-08T05:26:38.308704000Z [INFO] _prediction_market_backtest._load_sims_async: Loading 2 replay(s) with 2 worker(s) (BACKTEST_REPLAY_LOAD_WORKERS=1 restores sequential loading)
2026-10-08T05:26:38.308776000Z [INFO] replay_adapters._emit_book_replay_start: Loading Telonex Polymarket market dota2-playti-tc4-2026-09-20-game1 (token_index=0, window_start=2026-09-20T07:15:03+00:00, window_end=2026-09-20T08:24:23+00:00)...
2026-10-08T05:26:38.308808000Z [INFO] replay_adapters._emit_book_replay_start: Loading Telonex Polymarket market dota2-playti-tc4-2026-09-20-game1 (token_index=1, window_start=2026-09-20T07:15:03+00:00, window_end=2026-09-20T08:24:23+00:00)...
2026-10-08T05:26:38.309624000Z [INFO] loaders._read_metadata_disk_cache: Polymarket metadata cache hit (7.9 KB) cache /Users/dimabytes/.cache/nautilus_trader/polymarket_metadata/v1/gamma-market/20e6a628788aaa8fa77b1159acd4faa9aa0380446da4466f9f1e408118750908.json
2026-10-08T05:26:38.310237000Z [INFO] loaders._read_metadata_disk_cache: Polymarket metadata cache hit (2.8 KB) cache /Users/dimabytes/.cache/nautilus_trader/polymarket_metadata/v1/clob-market/a3f38c92de58aff7cf4947c52520271eb8549905619955d6e9beeccc8e4dd6eb.json
2026-10-08T05:26:38.310443000Z [INFO] loaders._get_market_by_slug: Polymarket metadata discover cache hit memory metadata-cache
2026-10-08T05:26:38.310522000Z [INFO] loaders._get_market_details: Polymarket metadata discover cache hit memory metadata-cache
2026-10-08T05:26:38.311254000Z [INFO] telonex._day_progress: Telonex book start 2026-09-20
2026-10-08T05:26:38.311481000Z [INFO] telonex._day_progress: Telonex book start 2026-09-20
2026-10-08T05:26:38.469074000Z [INFO] telonex._day_progress: Telonex book cache hit 2026-09-20 (135,843 rows) cache /Users/dimabytes/.cache/nautilus_trader/telonex/book-deltas-v1/polymarket/book_snapshot_full/dota2-playti-tc4-2026-09-20-game1/outcome=PlayTime/instrument=f9a5c425abb9e67a/2026-09-20.1789888503000000000-1789892663000000000.parquet
2026-10-08T05:26:38.563002000Z [INFO] telonex._day_progress: Telonex book cache hit 2026-09-20 (135,864 rows) cache /Users/dimabytes/.cache/nautilus_trader/telonex/book-deltas-v1/polymarket/book_snapshot_full/dota2-playti-tc4-2026-09-20-game1/outcome=Team%20Cobra/instrument=a321793da6b84a99/2026-09-20.1789888503000000000-1789892663000000000.parquet
2026-10-08T05:26:38.564122000Z [INFO] replay_adapters._print_trade_progress_header: Loading Polymarket trade ticks for execution dota2-playti-tc4-2026-09-20-game1 (window_start=2026-09-20T07:15:03+00:00, window_end=2026-09-20T08:24:23+00:00)...
2026-10-08T05:26:38.564340000Z [INFO] replay_adapters._print_trade_progress_header: Loading Polymarket trade ticks for execution dota2-playti-tc4-2026-09-20-game1 (window_start=2026-09-20T07:15:03+00:00, window_end=2026-09-20T08:24:23+00:00)...
2026-10-08T05:26:38.569104000Z [INFO] replay_adapters._print_trade_progress_line: Polymarket trades 2026-09-20 (0.005s) (0 rows) telonex onchain_fills empty
2026-10-08T05:26:38.569211000Z [INFO] replay_adapters._print_trade_progress_line: Polymarket trades 2026-09-20 (0.005s) (0 rows) telonex onchain_fills empty
[1m2026-09-20T07:15:03.014000000Z[0m [1;33m[WARN] TRADER-000.nautilus_common::clock: Timer 'SIGNAL:9007618767:1789887739331838976' alert time 2026-09-20T07:15:03.014+00:00 was in the past, adjusted to current time for immediate firing[0m
[1m2026-09-20T07:15:03.014000000Z[0m [1;33m[WARN] TRADER-000.nautilus_common::clock: Timer 'SIGNAL:9007618767:1789887739673757952' alert time 2026-09-20T07:15:03.014+00:00 was in the past, adjusted to current time for immediate firing[0m
[1m2026-09-20T07:15:03.014000000Z[0m [1;33m[WARN] TRADER-000.nautilus_common::clock: Timer 'SIGNAL:9007618767:1789887740672553984' alert time 2026-09-20T07:15:03.014+00:00 was in the past, adjusted to current time for immediate firing[0m
[1m2026-09-20T07:15:03.014000000Z[0m [1;33m[WARN] TRADER-000.nautilus_common::clock: Timer 'SIGNAL:9007618767:1789887741673198080' alert time 2026-09-20T07:15:03.014+00:00 was in the past, adjusted to current time for immediate firing[0m
[1m2026-09-20T07:15:03.014000000Z[0m [1;33m[WARN] TRADER-000.nautilus_common::clock: Timer 'SIGNAL:9007618767:1789887742673437184' alert time 2026-09-20T07:15:03.014+00:00 was in the past, adjusted to current time for immediate firing[0m
[1m2026-09-20T07:15:03.014000000Z[0m [1;33m[WARN] TRADER-000.nautilus_common::clock: Timer 'SIGNAL:9007618767:1789887743674743808' alert time 2026-09-20T07:15:03.014+00:00 was in the past, adjusted to current time for immediate firing[0m
[1m2026-09-20T07:15:03.014000000Z[0m [1;33m[WARN] TRADER-000.nautilus_common::clock: Timer 'SIGNAL:9007618767:1789887744672514816' alert time 2026-09-20T07:15:03.014+00:00 was in the past, adjusted to current time for immediate firing[0m
[1m2026-09-20T07:15:03.014000000Z[0m [1;33m[WARN] TRADER-000.nautilus_common::clock: Timer 'SIGNAL:9007618767:1789887745673168896' alert time 2026-09-20T07:15:03.014+00:00 was in the past, adjusted to current time for immediate firing[0m
[1m2026-09-20T07:15:03.014000000Z[0m [1;33m[WARN] TRADER-000.nautilus_common::clock: Timer 'SIGNAL:9007618767:1789887746674449920' alert time 2026-09-20T07:15:03.014+00:00 was in the past, adjusted to current time for immediate firing[0m
[1m2026-09-20T07:15:03.014000000Z[0m [1;33m[WARN] TRADER-000.nautilus_common::clock: Timer 'SIGNAL:9007618767:1789887747175073024' alert time 2026-09-20T07:15:03.014+00:00 was in the past, adjusted to current time for immediate firing[0m
[1m2026-09-20T07:15:03.014000000Z[0m [1;33m[WARN] TRADER-000.nautilus_common::clock: Timer 'SIGNAL:9007618767:1789887748273472000' alert time 2026-09-20T07:15:03.014+00:00 was in the past, adjusted to current time for immediate firing[0m
[1m2026-09-20T07:15:03.014000000Z[0m [1;33m[WARN] TRADER-000.nautilus_common::clock: Timer 'SIGNAL:9007618767:1789887749273113856' alert time 2026-09-20T07:15:03.014+00:00 was in the past, adjusted to current time for immediate firing[0m
[1m2026-09-20T07:15:03.014000000Z[0m [1;33m[WARN] TRADER-000.nautilus_common::clock: Timer 'SIGNAL:9007618767:1789887750172584960' alert time 2026-09-20T07:15:03.014+00:00 was in the past, adjusted to current time for immediate firing[0m
[1m2026-09-20T07:15:03.014000000Z[0m [1;33m[WARN] TRADER-000.nautilus_common::clock: Timer 'SIGNAL:9007618767:1789887751173062912' alert time 2026-09-20T07:15:03.014+00:00 was in the past, adjusted to current time for immediate firing[0m
[1m2026-09-20T07:15:03.014000000Z[0m [1;33m[WARN] TRADER-000.nautilus_common::clock: Timer 'SIGNAL:9007618767:1789887752172688128' alert time 2026-09-20T07:15:03.014+00:00 was in the past, adjusted to current time for immediate firing[0m
[1m2026-09-20T07:15:03.014000000Z[0m [1;33m[WARN] TRADER-000.nautilus_common::clock: Timer 'SIGNAL:9007618767:1789887752872884992' alert time 2026-09-20T07:15:03.014+00:00 was in the past, adjusted to current time for immediate firing[0m
[1m2026-09-20T07:15:03.014000000Z[0m [1;33m[WARN] TRADER-000.nautilus_common::clock: Timer 'SIGNAL:9007618767:1789887754673137920' alert time 2026-09-20T07:15:03.014+00:00 was in the past, adjusted to current time for immediate firing[0m
[1m2026-09-20T07:15:03.014000000Z[0m [1;33m[WARN] TRADER-000.nautilus_common::clock: Timer 'SIGNAL:9007618767:1789887755673476864' alert time 2026-09-20T07:15:03.014+00:00 was in the past, adjusted to current time for immediate firing[0m
[1m2026-09-20T07:15:03.014000000Z[0m [1;33m[WARN] TRADER-000.nautilus_common::clock: Timer 'SIGNAL:9007618767:1789887756574690048' alert time 2026-09-20T07:15:03.014+00:00 was in the past, adjusted to current time for immediate firing[0m
[1m2026-09-20T07:15:03.014000000Z[0m [1;33m[WARN] TRADER-000.nautilus_common::clock: Timer 'SIGNAL:9007618767:1789887757672717056' alert time 2026-09-20T07:15:03.014+00:00 was in the past, adjusted to current time for immediate firing[0m
[1m2026-09-20T07:15:03.014000000Z[0m [1;33m[WARN] TRADER-000.nautilus_common::clock: Timer 'SIGNAL:9007618767:1789887758673824000' alert time 2026-09-20T07:15:03.014+00:00 was in the past, adjusted to current time for immediate firing[0m
[1m2026-09-20T07:15:03.014000000Z[0m [1;33m[WARN] TRADER-000.nautilus_common::clock: Timer 'SIGNAL:9007618767:1789887759676960000' alert time 2026-09-20T07:15:03.014+00:00 was in the past, adjusted to current time for immediate firing[0m
[1m2026-09-20T07:15:03.014000000Z[0m [1;33m[WARN] TRADER-000.nautilus_common::clock: Timer 'SIGNAL:9007618767:1789887760675639040' alert time 2026-09-20T07:15:03.014+00:00 was in the past, adjusted to current time for immediate firing[0m
[1m2026-09-20T07:15:03.014000000Z[0m [1;33m[WARN] TRADER-000.nautilus_common::clock: Timer 'SIGNAL:9007618767:1789887761673538816' alert time 2026-09-20T07:15:03.014+00:00 was in the past, adjusted to current time for immediate firing[0m
[1m2026-09-20T07:15:03.014000000Z[0m [1;33m[WARN] TRADER-000.nautilus_common::clock: Timer 'SIGNAL:9007618767:1789887762676356096' alert time 2026-09-20T07:15:03.014+00:00 was in the past, adjusted to current time for immediate firing[0m
[1m2026-09-20T07:15:03.014000000Z[0m [1;33m[WARN] TRADER-000.nautilus_common::clock: Timer 'SIGNAL:9007618767:1789887763675923968' alert time 2026-09-20T07:15:03.014+00:00 was in the past, adjusted to current time for immediate firing[0m
[1m2026-09-20T07:15:03.014000000Z[0m [1;33m[WARN] TRADER-000.nautilus_common::clock: Timer 'SIGNAL:9007618767:1789887764776355072' alert time 2026-09-20T07:15:03.014+00:00 was in the past, adjusted to current time for immediate firing[0m
[1m2026-09-20T07:15:03.014000000Z[0m [1;33m[WARN] TRADER-000.nautilus_common::clock: Timer 'SIGNAL:9007618767:1789887765672823040' alert time 2026-09-20T07:15:03.014+00:00 was in the past, adjusted to current time for immediate firing[0m
[1m2026-09-20T07:15:03.014000000Z[0m [1;33m[WARN] TRADER-000.nautilus_common::clock: Timer 'SIGNAL:9007618767:1789887766682153984' alert time 2026-09-20T07:15:03.014+00:00 was in the past, adjusted to current time for immediate firing[0m
[1m2026-09-20T07:15:03.014000000Z[0m [1;33m[WARN] TRADER-000.nautilus_common::clock: Timer 'SIGNAL:9007618767:1789887767677644032' alert time 2026-09-20T07:15:03.014+00:00 was in the past, adjusted to current time for immediate firing[0m
[1m2026-09-20T07:15:03.014000000Z[0m [1;33m[WARN] TRADER-000.nautilus_common::clock: Timer 'SIGNAL:9007618767:1789887768673574912' alert time 2026-09-20T07:15:03.014+00:00 was in the past, adjusted to current time for immediate firing[0m
[1m2026-09-20T07:15:03.014000000Z[0m [1;33m[WARN] TRADER-000.nautilus_common::clock: Timer 'SIGNAL:9007618767:1789887769673664000' alert time 2026-09-20T07:15:03.014+00:00 was in the past, adjusted to current time for immediate firing[0m
[1m2026-09-20T07:15:03.014000000Z[0m [1;33m[WARN] TRADER-000.nautilus_common::clock: Timer 'SIGNAL:9007618767:1789887770674298880' alert time 2026-09-20T07:15:03.014+00:00 was in the past, adjusted to current time for immediate firing[0m
[1m2026-09-20T07:15:03.014000000Z[0m [1;33m[WARN] TRADER-000.nautilus_common::clock: Timer 'SIGNAL:9007618767:1789887771673367040' alert time 2026-09-20T07:15:03.014+00:00 was in the past, adjusted to current time for immediate firing[0m
[1m2026-09-20T07:15:03.014000000Z[0m [1;33m[WARN] TRADER-000.nautilus_common::clock: Timer 'SIGNAL:9007618767:1789887772676763904' alert time 2026-09-20T07:15:03.014+00:00 was in the past, adjusted to current time for immediate firing[0m
[1m2026-09-20T07:15:03.014000000Z[0m [1;33m[WARN] TRADER-000.nautilus_common::clock: Timer 'SIGNAL:9007618767:1789887773676858880' alert time 2026-09-20T07:15:03.014+00:00 was in the past, adjusted to current time for immediate firing[0m
[1m2026-09-20T07:15:03.014000000Z[0m [1;33m[WARN] TRADER-000.nautilus_common::clock: Timer 'SIGNAL:9007618767:1789887774673304064' alert time 2026-09-20T07:15:03.014+00:00 was in the past, adjusted to current time for immediate firing[0m
[1m2026-09-20T07:15:03.014000000Z[0m [1;33m[WARN] TRADER-000.nautilus_common::clock: Timer 'SIGNAL:9007618767:1789887775673755904' alert time 2026-09-20T07:15:03.014+00:00 was in the past, adjusted to current time for immediate firing[0m
[1m2026-09-20T07:15:03.014000000Z[0m [1;33m[WARN] TRADER-000.nautilus_common::clock: Timer 'SIGNAL:9007618767:1789887776674534144' alert time 2026-09-20T07:15:03.014+00:00 was in the past, adjusted to current time for immediate firing[0m
[1m2026-09-20T07:15:03.014000000Z[0m [1;33m[WARN] TRADER-000.nautilus_common::clock: Timer 'SIGNAL:9007618767:1789887777377517824' alert time 2026-09-20T07:15:03.014+00:00 was in the past, adjusted to current time for immediate firing[0m
[1m2026-09-20T07:15:03.014000000Z[0m [1;33m[WARN] TRADER-000.nautilus_common::clock: Timer 'SIGNAL:9007618767:1789887778278675200' alert time 2026-09-20T07:15:03.014+00:00 was in the past, adjusted to current time for immediate firing[0m
[1m2026-09-20T07:15:03.014000000Z[0m [1;33m[WARN] TRADER-000.nautilus_common::clock: Timer 'SIGNAL:9007618767:1789887779673881088' alert time 2026-09-20T07:15:03.014+00:00 was in the past, adjusted to current time for immediate firing[0m
[1m2026-09-20T07:15:03.014000000Z[0m [1;33m[WARN] TRADER-000.nautilus_common::clock: Timer 'SIGNAL:9007618767:1789887780273724160' alert time 2026-09-20T07:15:03.014+00:00 was in the past, adjusted to current time for immediate firing[0m
[1m2026-09-20T07:15:03.014000000Z[0m [1;33m[WARN] TRADER-000.nautilus_common::clock: Timer 'SIGNAL:9007618767:1789887781277308928' alert time 2026-09-20T07:15:03.014+00:00 was in the past, adjusted to current time for immediate firing[0m
[1m2026-09-20T07:15:03.014000000Z[0m [1;33m[WARN] TRADER-000.nautilus_common::clock: Timer 'SIGNAL:9007618767:1789887782278168832' alert time 2026-09-20T07:15:03.014+00:00 was in the past, adjusted to current time for immediate firing[0m
[1m2026-09-20T07:15:03.014000000Z[0m [1;33m[WARN] TRADER-000.nautilus_common::clock: Timer 'SIGNAL:9007618767:1789887783277846016' alert time 2026-09-20T07:15:03.014+00:00 was in the past, adjusted to current time for immediate firing[0m
[1m2026-09-20T07:15:03.014000000Z[0m [1;33m[WARN] TRADER-000.nautilus_common::clock: Timer 'SIGNAL:9007618767:1789887784276424960' alert time 2026-09-20T07:15:03.014+00:00 was in the past, adjusted to current time for immediate firing[0m
[1m2026-09-20T07:15:03.014000000Z[0m [1;33m[WARN] TRADER-000.nautilus_common::clock: Timer 'SIGNAL:9007618767:1789887785277480960' alert time 2026-09-20T07:15:03.014+00:00 was in the past, adjusted to current time for immediate firing[0m
[1m2026-09-20T07:15:03.014000000Z[0m [1;33m[WARN] TRADER-000.nautilus_common::clock: Timer 'SIGNAL:9007618767:1789887786277815040' alert time 2026-09-20T07:15:03.014+00:00 was in the past, adjusted to current time for immediate firing[0m
[1m2026-09-20T07:15:03.014000000Z[0m [1;33m[WARN] TRADER-000.nautilus_common::clock: Timer 'SIGNAL:9007618767:1789887787374219008' alert time 2026-09-20T07:15:03.014+00:00 was in the past, adjusted to current time for immediate firing[0m
[1m2026-09-20T07:15:03.014000000Z[0m [1;33m[WARN] TRADER-000.nautilus_common::clock: Timer 'SIGNAL:9007618767:1789887788273922816' alert time 2026-09-20T07:15:03.014+00:00 was in the past, adjusted to current time for immediate firing[0m
[1m2026-09-20T07:15:03.014000000Z[0m [1;33m[WARN] TRADER-000.nautilus_common::clock: Timer 'SIGNAL:9007618767:1789887789275116800' alert time 2026-09-20T07:15:03.014+00:00 was in the past, adjusted to current time for immediate firing[0m
[1m2026-09-20T07:15:03.014000000Z[0m [1;33m[WARN] TRADER-000.nautilus_common::clock: Timer 'SIGNAL:9007618767:1789887790274121984' alert time 2026-09-20T07:15:03.014+00:00 was in the past, adjusted to current time for immediate firing[0m
[1m2026-09-20T07:15:03.014000000Z[0m [1;33m[WARN] TRADER-000.nautilus_common::clock: Timer 'SIGNAL:9007618767:1789887791277312000' alert time 2026-09-20T07:15:03.014+00:00 was in the past, adjusted to current time for immediate firing[0m
[1m2026-09-20T07:15:03.014000000Z[0m [1;33m[WARN] TRADER-000.nautilus_common::clock: Timer 'SIGNAL:9007618767:1789887792274943232' alert time 2026-09-20T07:15:03.014+00:00 was in the past, adjusted to current time for immediate firing[0m
[1m2026-09-20T07:15:03.014000000Z[0m [1;33m[WARN] TRADER-000.nautilus_common::clock: Timer 'SIGNAL:9007618767:1789887793276331008' alert time 2026-09-20T07:15:03.014+00:00 was in the past, adjusted to current time for immediate firing[0m
[1m2026-09-20T07:15:03.014000000Z[0m [1;33m[WARN] TRADER-000.nautilus_common::clock: Timer 'SIGNAL:9007618767:1789887794277914880' alert time 2026-09-20T07:15:03.014+00:00 was in the past, adjusted to current time for immediate firing[0m
[1m2026-09-20T07:15:03.014000000Z[0m [1;33m[WARN] TRADER-000.nautilus_common::clock: Timer 'SIGNAL:9007618767:1789887795277851136' alert time 2026-09-20T07:15:03.014+00:00 was in the past, adjusted to current time for immediate firing[0m
[1m2026-09-20T07:15:03.014000000Z[0m [1;33m[WARN] TRADER-000.nautilus_common::clock: Timer 'SIGNAL:9007618767:1789887796278039040' alert time 2026-09-20T07:15:03.014+00:00 was in the past, adjusted to current time for immediate firing[0m
[1m2026-09-20T07:15:03.014000000Z[0m [1;33m[WARN] TRADER-000.nautilus_common::clock: Timer 'SIGNAL:9007618767:1789887797278921984' alert time 2026-09-20T07:15:03.014+00:00 was in the past, adjusted to current time for immediate firing[0m
[1m2026-09-20T07:15:03.014000000Z[0m [1;33m[WARN] TRADER-000.nautilus_common::clock: Timer 'SIGNAL:9007618767:1789887798277126912' alert time 2026-09-20T07:15:03.014+00:00 was in the past, adjusted to current time for immediate firing[0m
[1m2026-09-20T07:15:03.014000000Z[0m [1;33m[WARN] TRADER-000.nautilus_common::clock: Timer 'SIGNAL:9007618767:1789887799280275968' alert time 2026-09-20T07:15:03.014+00:00 was in the past, adjusted to current time for immediate firing[0m
[1m2026-09-20T07:15:03.014000000Z[0m [1;33m[WARN] TRADER-000.nautilus_common::clock: Timer 'SIGNAL:9007618767:1789887800273963008' alert time 2026-09-20T07:15:03.014+00:00 was in the past, adjusted to current time for immediate firing[0m
[1m2026-09-20T07:15:03.014000000Z[0m [1;33m[WARN] TRADER-000.nautilus_common::clock: Timer 'SIGNAL:9007618767:1789887801273785088' alert time 2026-09-20T07:15:03.014+00:00 was in the past, adjusted to current time for immediate firing[0m
[1m2026-09-20T07:15:03.014000000Z[0m [1;33m[WARN] TRADER-000.nautilus_common::clock: Timer 'SIGNAL:9007618767:1789887802279758848' alert time 2026-09-20T07:15:03.014+00:00 was in the past, adjusted to current time for immediate firing[0m
[1m2026-09-20T07:15:03.014000000Z[0m [1;33m[WARN] TRADER-000.nautilus_common::clock: Timer 'SIGNAL:9007618767:1789887803272967936' alert time 2026-09-20T07:15:03.014+00:00 was in the past, adjusted to current time for immediate firing[0m
[1m2026-09-20T07:15:03.014000000Z[0m [1;33m[WARN] TRADER-000.nautilus_common::clock: Timer 'SIGNAL:9007618767:1789887804277645056' alert time 2026-09-20T07:15:03.014+00:00 was in the past, adjusted to current time for immediate firing[0m
[1m2026-09-20T07:15:03.014000000Z[0m [1;33m[WARN] TRADER-000.nautilus_common::clock: Timer 'SIGNAL:9007618767:1789887805275183872' alert time 2026-09-20T07:15:03.014+00:00 was in the past, adjusted to current time for immediate firing[0m
[1m2026-09-20T07:15:03.014000000Z[0m [1;33m[WARN] TRADER-000.nautilus_common::clock: Timer 'SIGNAL:9007618767:1789887806280935936' alert time 2026-09-20T07:15:03.014+00:00 was in the past, adjusted to current time for immediate firing[0m
[1m2026-09-20T07:15:03.014000000Z[0m [1;33m[WARN] TRADER-000.nautilus_common::clock: Timer 'SIGNAL:9007618767:1789887807277885952' alert time 2026-09-20T07:15:03.014+00:00 was in the past, adjusted to current time for immediate firing[0m
[1m2026-09-20T07:15:03.014000000Z[0m [1;33m[WARN] TRADER-000.nautilus_common::clock: Timer 'SIGNAL:9007618767:1789887808274148864' alert time 2026-09-20T07:15:03.014+00:00 was in the past, adjusted to current time for immediate firing[0m
[1m2026-09-20T07:15:03.014000000Z[0m [1;33m[WARN] TRADER-000.nautilus_common::clock: Timer 'SIGNAL:9007618767:1789887809274913024' alert time 2026-09-20T07:15:03.014+00:00 was in the past, adjusted to current time for immediate firing[0m
[1m2026-09-20T07:15:03.014000000Z[0m [1;33m[WARN] TRADER-000.nautilus_common::clock: Timer 'SIGNAL:9007618767:1789887810274161152' alert time 2026-09-20T07:15:03.014+00:00 was in the past, adjusted to current time for immediate firing[0m
[1m2026-09-20T07:15:03.014000000Z[0m [1;33m[WARN] TRADER-000.nautilus_common::clock: Timer 'SIGNAL:9007618767:1789887811291037184' alert time 2026-09-20T07:15:03.014+00:00 was in the past, adjusted to current time for immediate firing[0m
[1m2026-09-20T07:15:03.014000000Z[0m [1;33m[WARN] TRADER-000.nautilus_common::clock: Timer 'SIGNAL:9007618767:1789887812280379136' alert time 2026-09-20T07:15:03.014+00:00 was in the past, adjusted to current time for immediate firing[0m
[1m2026-09-20T07:15:03.014000000Z[0m [1;33m[WARN] TRADER-000.nautilus_common::clock: Timer 'SIGNAL:9007618767:1789887813277026816' alert time 2026-09-20T07:15:03.014+00:00 was in the past, adjusted to current time for immediate firing[0m
[1m2026-09-20T07:15:03.014000000Z[0m [1;33m[WARN] TRADER-000.nautilus_common::clock: Timer 'SIGNAL:9007618767:1789887814278525952' alert time 2026-09-20T07:15:03.014+00:00 was in the past, adjusted to current time for immediate firing[0m
[1m2026-09-20T07:15:03.014000000Z[0m [1;33m[WARN] TRADER-000.nautilus_common::clock: Timer 'SIGNAL:9007618767:1789887815284729088' alert time 2026-09-20T07:15:03.014+00:00 was in the past, adjusted to current time for immediate firing[0m
[1m2026-09-20T07:15:03.014000000Z[0m [1;33m[WARN] TRADER-000.nautilus_common::clock: Timer 'SIGNAL:9007618767:1789887816273401088' alert time 2026-09-20T07:15:03.014+00:00 was in the past, adjusted to current time for immediate firing[0m
[1m2026-09-20T07:15:03.014000000Z[0m [1;33m[WARN] TRADER-000.nautilus_common::clock: Timer 'SIGNAL:9007618767:1789887817276698112' alert time 2026-09-20T07:15:03.014+00:00 was in the past, adjusted to current time for immediate firing[0m
[1m2026-09-20T07:15:03.014000000Z[0m [1;33m[WARN] TRADER-000.nautilus_common::clock: Timer 'SIGNAL:9007618767:1789887818277510912' alert time 2026-09-20T07:15:03.014+00:00 was in the past, adjusted to current time for immediate firing[0m
[1m2026-09-20T07:15:03.014000000Z[0m [1;33m[WARN] TRADER-000.nautilus_common::clock: Timer 'SIGNAL:9007618767:1789887819274158848' alert time 2026-09-20T07:15:03.014+00:00 was in the past, adjusted to current time for immediate firing[0m
[1m2026-09-20T07:15:03.014000000Z[0m [1;33m[WARN] TRADER-000.nautilus_common::clock: Timer 'SIGNAL:9007618767:1789887820275630080' alert time 2026-09-20T07:15:03.014+00:00 was in the past, adjusted to current time for immediate firing[0m
[1m2026-09-20T07:15:03.014000000Z[0m [1;33m[WARN] TRADER-000.nautilus_common::clock: Timer 'SIGNAL:9007618767:1789887821377074944' alert time 2026-09-20T07:15:03.014+00:00 was in the past, adjusted to current time for immediate firing[0m
[1m2026-09-20T07:15:03.014000000Z[0m [1;33m[WARN] TRADER-000.nautilus_common::clock: Timer 'SIGNAL:9007618767:1789887822275636992' alert time 2026-09-20T07:15:03.014+00:00 was in the past, adjusted to current time for immediate firing[0m
[1m2026-09-20T07:15:03.014000000Z[0m [1;33m[WARN] TRADER-000.nautilus_common::clock: Timer 'SIGNAL:9007618767:1789887823278177024' alert time 2026-09-20T07:15:03.014+00:00 was in the past, adjusted to current time for immediate firing[0m
[1m2026-09-20T07:15:03.014000000Z[0m [1;33m[WARN] TRADER-000.nautilus_common::clock: Timer 'SIGNAL:9007618767:1789887824280556032' alert time 2026-09-20T07:15:03.014+00:00 was in the past, adjusted to current time for immediate firing[0m
[1m2026-09-20T07:15:03.014000000Z[0m [1;33m[WARN] TRADER-000.nautilus_common::clock: Timer 'SIGNAL:9007618767:1789887825277491968' alert time 2026-09-20T07:15:03.014+00:00 was in the past, adjusted to current time for immediate firing[0m
[1m2026-09-20T07:15:03.014000000Z[0m [1;33m[WARN] TRADER-000.nautilus_common::clock: Timer 'SIGNAL:9007618767:1789887826374092032' alert time 2026-09-20T07:15:03.014+00:00 was in the past, adjusted to current time for immediate firing[0m
[1m2026-09-20T07:15:03.014000000Z[0m [1;33m[WARN] TRADER-000.nautilus_common::clock: Timer 'SIGNAL:9007618767:1789887827277352192' alert time 2026-09-20T07:15:03.014+00:00 was in the past, adjusted to current time for immediate firing[0m
[1m2026-09-20T07:15:03.014000000Z[0m [1;33m[WARN] TRADER-000.nautilus_common::clock: Timer 'SIGNAL:9007618767:1789887828274155008' alert time 2026-09-20T07:15:03.014+00:00 was in the past, adjusted to current time for immediate firing[0m
[1m2026-09-20T07:15:03.014000000Z[0m [1;33m[WARN] TRADER-000.nautilus_common::clock: Timer 'SIGNAL:9007618767:1789887829274358016' alert time 2026-09-20T07:15:03.014+00:00 was in the past, adjusted to current time for immediate firing[0m
[1m2026-09-20T07:15:03.014000000Z[0m [1;33m[WARN] TRADER-000.nautilus_common::clock: Timer 'SIGNAL:9007618767:1789887830373595904' alert time 2026-09-20T07:15:03.014+00:00 was in the past, adjusted to current time for immediate firing[0m
[1m2026-09-20T07:15:03.014000000Z[0m [1;33m[WARN] TRADER-000.nautilus_common::clock: Timer 'SIGNAL:9007618767:1789887831273915904' alert time 2026-09-20T07:15:03.014+00:00 was in the past, adjusted to current time for immediate firing[0m
[1m2026-09-20T07:15:03.014000000Z[0m [1;33m[WARN] TRADER-000.nautilus_common::clock: Timer 'SIGNAL:9007618767:1789887832278372096' alert time 2026-09-20T07:15:03.014+00:00 was in the past, adjusted to current time for immediate firing[0m
[1m2026-09-20T07:15:03.014000000Z[0m [1;33m[WARN] TRADER-000.nautilus_common::clock: Timer 'SIGNAL:9007618767:1789887833275165952' alert time 2026-09-20T07:15:03.014+00:00 was in the past, adjusted to current time for immediate firing[0m
[1m2026-09-20T07:15:03.014000000Z[0m [1;33m[WARN] TRADER-000.nautilus_common::clock: Timer 'SIGNAL:9007618767:1789887834277744896' alert time 2026-09-20T07:15:03.014+00:00 was in the past, adjusted to current time for immediate firing[0m
[1m2026-09-20T07:15:03.014000000Z[0m [1;33m[WARN] TRADER-000.nautilus_common::clock: Timer 'SIGNAL:9007618767:1789887835476568064' alert time 2026-09-20T07:15:03.014+00:00 was in the past, adjusted to current time for immediate firing[0m
[1m2026-09-20T07:15:03.014000000Z[0m [1;33m[WARN] TRADER-000.nautilus_common::clock: Timer 'SIGNAL:9007618767:1789887836478019840' alert time 2026-09-20T07:15:03.014+00:00 was in the past, adjusted to current time for immediate firing[0m
[1m2026-09-20T07:15:03.014000000Z[0m [1;33m[WARN] TRADER-000.nautilus_common::clock: Timer 'SIGNAL:9007618767:1789887837474981120' alert time 2026-09-20T07:15:03.014+00:00 was in the past, adjusted to current time for immediate firing[0m
[1m2026-09-20T07:15:03.014000000Z[0m [1;33m[WARN] TRADER-000.nautilus_common::clock: Timer 'SIGNAL:9007618767:1789887838478173952' alert time 2026-09-20T07:15:03.014+00:00 was in the past, adjusted to current time for immediate firing[0m
[1m2026-09-20T07:15:03.014000000Z[0m [1;33m[WARN] TRADER-000.nautilus_common::clock: Timer 'SIGNAL:9007618767:1789887839479682816' alert time 2026-09-20T07:15:03.014+00:00 was in the past, adjusted to current time for immediate firing[0m
[1m2026-09-20T07:15:03.014000000Z[0m [1;33m[WARN] TRADER-000.nautilus_common::clock: Timer 'SIGNAL:9007618767:1789887840473603840' alert time 2026-09-20T07:15:03.014+00:00 was in the past, adjusted to current time for immediate firing[0m
[1m2026-09-20T07:15:03.014000000Z[0m [1;33m[WARN] TRADER-000.nautilus_common::clock: Timer 'SIGNAL:9007618767:1789887841510648064' alert time 2026-09-20T07:15:03.014+00:00 was in the past, adjusted to current time for immediate firing[0m
[1m2026-09-20T07:15:03.014000000Z[0m [1;33m[WARN] TRADER-000.nautilus_common::clock: Timer 'SIGNAL:9007618767:1789887842473319936' alert time 2026-09-20T07:15:03.014+00:00 was in the past, adjusted to current time for immediate firing[0m
[1m2026-09-20T07:15:03.014000000Z[0m [1;33m[WARN] TRADER-000.nautilus_common::clock: Timer 'SIGNAL:9007618767:1789887843473879040' alert time 2026-09-20T07:15:03.014+00:00 was in the past, adjusted to current time for immediate firing[0m
[1m2026-09-20T07:15:03.014000000Z[0m [1;33m[WARN] TRADER-000.nautilus_common::clock: Timer 'SIGNAL:9007618767:1789887844474483968' alert time 2026-09-20T07:15:03.014+00:00 was in the past, adjusted to current time for immediate firing[0m
[1m2026-09-20T07:15:03.014000000Z[0m [1;33m[WARN] TRADER-000.nautilus_common::clock: Timer 'SIGNAL:9007618767:1789887845473901056' alert time 2026-09-20T07:15:03.014+00:00 was in the past, adjusted to current time for immediate firing[0m
[1m2026-09-20T07:15:03.014000000Z[0m [1;33m[WARN] TRADER-000.nautilus_common::clock: Timer 'SIGNAL:9007618767:1789887846473980928' alert time 2026-09-20T07:15:03.014+00:00 was in the past, adjusted to current time for immediate firing[0m
[1m2026-09-20T07:15:03.014000000Z[0m [1;33m[WARN] TRADER-000.nautilus_common::clock: Timer 'SIGNAL:9007618767:1789887847474976000' alert time 2026-09-20T07:15:03.014+00:00 was in the past, adjusted to current time for immediate firing[0m
[1m2026-09-20T07:15:03.014000000Z[0m [1;33m[WARN] TRADER-000.nautilus_common::clock: Timer 'SIGNAL:9007618767:1789887848478689792' alert time 2026-09-20T07:15:03.014+00:00 was in the past, adjusted to current time for immediate firing[0m
[1m2026-09-20T07:15:03.014000000Z[0m [1;33m[WARN] TRADER-000.nautilus_common::clock: Timer 'SIGNAL:9007618767:1789887849474917888' alert time 2026-09-20T07:15:03.014+00:00 was in the past, adjusted to current time for immediate firing[0m
[1m2026-09-20T07:15:03.014000000Z[0m [1;33m[WARN] TRADER-000.nautilus_common::clock: Timer 'SIGNAL:9007618767:1789887850674470912' alert time 2026-09-20T07:15:03.014+00:00 was in the past, adjusted to current time for immediate firing[0m
[1m2026-09-20T07:15:03.014000000Z[0m [1;33m[WARN] TRADER-000.nautilus_common::clock: Timer 'SIGNAL:9007618767:1789887851677033984' alert time 2026-09-20T07:15:03.014+00:00 was in the past, adjusted to current time for immediate firing[0m
[1m2026-09-20T07:15:03.014000000Z[0m [1;33m[WARN] TRADER-000.nautilus_common::clock: Timer 'SIGNAL:9007618767:1789887852776602880' alert time 2026-09-20T07:15:03.014+00:00 was in the past, adjusted to current time for immediate firing[0m
[1m2026-09-20T07:15:03.014000000Z[0m [1;33m[WARN] TRADER-000.nautilus_common::clock: Timer 'SIGNAL:9007618767:1789887853674699008' alert time 2026-09-20T07:15:03.014+00:00 was in the past, adjusted to current time for immediate firing[0m
[1m2026-09-20T07:15:03.014000000Z[0m [1;33m[WARN] TRADER-000.nautilus_common::clock: Timer 'SIGNAL:9007618767:1789887854687627008' alert time 2026-09-20T07:15:03.014+00:00 was in the past, adjusted to current time for immediate firing[0m
[1m2026-09-20T07:15:03.014000000Z[0m [1;33m[WARN] TRADER-000.nautilus_common::clock: Timer 'SIGNAL:9007618767:1789887855675062016' alert time 2026-09-20T07:15:03.014+00:00 was in the past, adjusted to current time for immediate firing[0m
[1m2026-09-20T07:15:03.014000000Z[0m [1;33m[WARN] TRADER-000.nautilus_common::clock: Timer 'SIGNAL:9007618767:1789887856674766080' alert time 2026-09-20T07:15:03.014+00:00 was in the past, adjusted to current time for immediate firing[0m
[1m2026-09-20T07:15:03.014000000Z[0m [1;33m[WARN] TRADER-000.nautilus_common::clock: Timer 'SIGNAL:9007618767:1789887857674760960' alert time 2026-09-20T07:15:03.014+00:00 was in the past, adjusted to current time for immediate firing[0m
[1m2026-09-20T07:15:03.014000000Z[0m [1;33m[WARN] TRADER-000.nautilus_common::clock: Timer 'SIGNAL:9007618767:1789887858677748992' alert time 2026-09-20T07:15:03.014+00:00 was in the past, adjusted to current time for immediate firing[0m
[1m2026-09-20T07:15:03.014000000Z[0m [1;33m[WARN] TRADER-000.nautilus_common::clock: Timer 'SIGNAL:9007618767:1789887859680161024' alert time 2026-09-20T07:15:03.014+00:00 was in the past, adjusted to current time for immediate firing[0m
[1m2026-09-20T07:15:03.014000000Z[0m [1;33m[WARN] TRADER-000.nautilus_common::clock: Timer 'SIGNAL:9007618767:1789887860675132160' alert time 2026-09-20T07:15:03.014+00:00 was in the past, adjusted to current time for immediate firing[0m
[1m2026-09-20T07:15:03.014000000Z[0m [1;33m[WARN] TRADER-000.nautilus_common::clock: Timer 'SIGNAL:9007618767:1789887861672907008' alert time 2026-09-20T07:15:03.014+00:00 was in the past, adjusted to current time for immediate firing[0m
[1m2026-09-20T07:15:03.014000000Z[0m [1;33m[WARN] TRADER-000.nautilus_common::clock: Timer 'SIGNAL:9007618767:1789887862674731008' alert time 2026-09-20T07:15:03.014+00:00 was in the past, adjusted to current time for immediate firing[0m
[1m2026-09-20T07:15:03.014000000Z[0m [1;33m[WARN] TRADER-000.nautilus_common::clock: Timer 'SIGNAL:9007618767:1789887863677944064' alert time 2026-09-20T07:15:03.014+00:00 was in the past, adjusted to current time for immediate firing[0m
[1m2026-09-20T07:15:03.014000000Z[0m [1;33m[WARN] TRADER-000.nautilus_common::clock: Timer 'SIGNAL:9007618767:1789887864673338880' alert time 2026-09-20T07:15:03.014+00:00 was in the past, adjusted to current time for immediate firing[0m
[1m2026-09-20T07:15:03.014000000Z[0m [1;33m[WARN] TRADER-000.nautilus_common::clock: Timer 'SIGNAL:9007618767:1789887865674530048' alert time 2026-09-20T07:15:03.014+00:00 was in the past, adjusted to current time for immediate firing[0m
[1m2026-09-20T07:15:03.014000000Z[0m [1;33m[WARN] TRADER-000.nautilus_common::clock: Timer 'SIGNAL:9007618767:1789887866680825088' alert time 2026-09-20T07:15:03.014+00:00 was in the past, adjusted to current time for immediate firing[0m
[1m2026-09-20T07:15:03.014000000Z[0m [1;33m[WARN] TRADER-000.nautilus_common::clock: Timer 'SIGNAL:9007618767:1789887867673871104' alert time 2026-09-20T07:15:03.014+00:00 was in the past, adjusted to current time for immediate firing[0m
[1m2026-09-20T07:15:03.014000000Z[0m [1;33m[WARN] TRADER-000.nautilus_common::clock: Timer 'SIGNAL:9007618767:1789887868673501952' alert time 2026-09-20T07:15:03.014+00:00 was in the past, adjusted to current time for immediate firing[0m
[1m2026-09-20T07:15:03.014000000Z[0m [1;33m[WARN] TRADER-000.nautilus_common::clock: Timer 'SIGNAL:9007618767:1789887869675132928' alert time 2026-09-20T07:15:03.014+00:00 was in the past, adjusted to current time for immediate firing[0m
[1m2026-09-20T07:15:03.014000000Z[0m [1;33m[WARN] TRADER-000.nautilus_common::clock: Timer 'SIGNAL:9007618767:1789887870679076864' alert time 2026-09-20T07:15:03.014+00:00 was in the past, adjusted to current time for immediate firing[0m
[1m2026-09-20T07:15:03.014000000Z[0m [1;33m[WARN] TRADER-000.nautilus_common::clock: Timer 'SIGNAL:9007618767:1789887871677082112' alert time 2026-09-20T07:15:03.014+00:00 was in the past, adjusted to current time for immediate firing[0m
[1m2026-09-20T07:15:03.014000000Z[0m [1;33m[WARN] TRADER-000.nautilus_common::clock: Timer 'SIGNAL:9007618767:1789887872673726976' alert time 2026-09-20T07:15:03.014+00:00 was in the past, adjusted to current time for immediate firing[0m
[1m2026-09-20T07:15:03.014000000Z[0m [1;33m[WARN] TRADER-000.nautilus_common::clock: Timer 'SIGNAL:9007618767:1789887873677833984' alert time 2026-09-20T07:15:03.014+00:00 was in the past, adjusted to current time for immediate firing[0m
[1m2026-09-20T07:15:03.014000000Z[0m [1;33m[WARN] TRADER-000.nautilus_common::clock: Timer 'SIGNAL:9007618767:1789887874676520960' alert time 2026-09-20T07:15:03.014+00:00 was in the past, adjusted to current time for immediate firing[0m
[1m2026-09-20T07:15:03.014000000Z[0m [1;33m[WARN] TRADER-000.nautilus_common::clock: Timer 'SIGNAL:9007618767:1789887875680996864' alert time 2026-09-20T07:15:03.014+00:00 was in the past, adjusted to current time for immediate firing[0m
[1m2026-09-20T07:15:03.014000000Z[0m [1;33m[WARN] TRADER-000.nautilus_common::clock: Timer 'SIGNAL:9007618767:1789887876674778880' alert time 2026-09-20T07:15:03.014+00:00 was in the past, adjusted to current time for immediate firing[0m
[1m2026-09-20T07:15:03.014000000Z[0m [1;33m[WARN] TRADER-000.nautilus_common::clock: Timer 'SIGNAL:9007618767:1789887877678166016' alert time 2026-09-20T07:15:03.014+00:00 was in the past, adjusted to current time for immediate firing[0m
[1m2026-09-20T07:15:03.014000000Z[0m [1;33m[WARN] TRADER-000.nautilus_common::clock: Timer 'SIGNAL:9007618767:1789887878678009088' alert time 2026-09-20T07:15:03.014+00:00 was in the past, adjusted to current time for immediate firing[0m
[1m2026-09-20T07:15:03.014000000Z[0m [1;33m[WARN] TRADER-000.nautilus_common::clock: Timer 'SIGNAL:9007618767:1789887879673460992' alert time 2026-09-20T07:15:03.014+00:00 was in the past, adjusted to current time for immediate firing[0m
[1m2026-09-20T07:15:03.014000000Z[0m [1;33m[WARN] TRADER-000.nautilus_common::clock: Timer 'SIGNAL:9007618767:1789887880474353152' alert time 2026-09-20T07:15:03.014+00:00 was in the past, adjusted to current time for immediate firing[0m
[1m2026-09-20T07:15:03.014000000Z[0m [1;33m[WARN] TRADER-000.nautilus_common::clock: Timer 'SIGNAL:9007618767:1789887881478569984' alert time 2026-09-20T07:15:03.014+00:00 was in the past, adjusted to current time for immediate firing[0m
[1m2026-09-20T07:15:03.014000000Z[0m [1;33m[WARN] TRADER-000.nautilus_common::clock: Timer 'SIGNAL:9007618767:1789887882573316096' alert time 2026-09-20T07:15:03.014+00:00 was in the past, adjusted to current time for immediate firing[0m
[1m2026-09-20T07:15:03.014000000Z[0m [1;33m[WARN] TRADER-000.nautilus_common::clock: Timer 'SIGNAL:9007618767:1789887883578733824' alert time 2026-09-20T07:15:03.014+00:00 was in the past, adjusted to current time for immediate firing[0m
[1m2026-09-20T07:15:03.014000000Z[0m [1;33m[WARN] TRADER-000.nautilus_common::clock: Timer 'SIGNAL:9007618767:1789887884575168000' alert time 2026-09-20T07:15:03.014+00:00 was in the past, adjusted to current time for immediate firing[0m
[1m2026-09-20T07:15:03.014000000Z[0m [1;33m[WARN] TRADER-000.nautilus_common::clock: Timer 'SIGNAL:9007618767:1789887885577641984' alert time 2026-09-20T07:15:03.014+00:00 was in the past, adjusted to current time for immediate firing[0m
[1m2026-09-20T07:15:03.014000000Z[0m [1;33m[WARN] TRADER-000.nautilus_common::clock: Timer 'SIGNAL:9007618767:1789887886477762816' alert time 2026-09-20T07:15:03.014+00:00 was in the past, adjusted to current time for immediate firing[0m
[1m2026-09-20T07:15:03.014000000Z[0m [1;33m[WARN] TRADER-000.nautilus_common::clock: Timer 'SIGNAL:9007618767:1789887887577431808' alert time 2026-09-20T07:15:03.014+00:00 was in the past, adjusted to current time for immediate firing[0m
[1m2026-09-20T07:15:03.014000000Z[0m [1;33m[WARN] TRADER-000.nautilus_common::clock: Timer 'SIGNAL:9007618767:1789887888474564096' alert time 2026-09-20T07:15:03.014+00:00 was in the past, adjusted to current time for immediate firing[0m
[1m2026-09-20T07:15:03.014000000Z[0m [1;33m[WARN] TRADER-000.nautilus_common::clock: Timer 'SIGNAL:9007618767:1789887889473989120' alert time 2026-09-20T07:15:03.014+00:00 was in the past, adjusted to current time for immediate firing[0m
[1m2026-09-20T07:15:03.014000000Z[0m [1;33m[WARN] TRADER-000.nautilus_common::clock: Timer 'SIGNAL:9007618767:1789887890575236096' alert time 2026-09-20T07:15:03.014+00:00 was in the past, adjusted to current time for immediate firing[0m
[1m2026-09-20T07:15:03.014000000Z[0m [1;33m[WARN] TRADER-000.nautilus_common::clock: Timer 'SIGNAL:9007618767:1789887891475687936' alert time 2026-09-20T07:15:03.014+00:00 was in the past, adjusted to current time for immediate firing[0m
[1m2026-09-20T07:15:03.014000000Z[0m [1;33m[WARN] TRADER-000.nautilus_common::clock: Timer 'SIGNAL:9007618767:1789887892482720000' alert time 2026-09-20T07:15:03.014+00:00 was in the past, adjusted to current time for immediate firing[0m
[1m2026-09-20T07:15:03.014000000Z[0m [1;33m[WARN] TRADER-000.nautilus_common::clock: Timer 'SIGNAL:9007618767:1789887893476591104' alert time 2026-09-20T07:15:03.014+00:00 was in the past, adjusted to current time for immediate firing[0m
[1m2026-09-20T07:15:03.014000000Z[0m [1;33m[WARN] TRADER-000.nautilus_common::clock: Timer 'SIGNAL:9007618767:1789887894574096896' alert time 2026-09-20T07:15:03.014+00:00 was in the past, adjusted to current time for immediate firing[0m
[1m2026-09-20T07:15:03.014000000Z[0m [1;33m[WARN] TRADER-000.nautilus_common::clock: Timer 'SIGNAL:9007618767:1789887895573700864' alert time 2026-09-20T07:15:03.014+00:00 was in the past, adjusted to current time for immediate firing[0m
[1m2026-09-20T07:15:03.014000000Z[0m [1;33m[WARN] TRADER-000.nautilus_common::clock: Timer 'SIGNAL:9007618767:1789887896478694912' alert time 2026-09-20T07:15:03.014+00:00 was in the past, adjusted to current time for immediate firing[0m
[1m2026-09-20T07:15:03.014000000Z[0m [1;33m[WARN] TRADER-000.nautilus_common::clock: Timer 'SIGNAL:9007618767:1789887897573385984' alert time 2026-09-20T07:15:03.014+00:00 was in the past, adjusted to current time for immediate firing[0m
[1m2026-09-20T07:15:03.014000000Z[0m [1;33m[WARN] TRADER-000.nautilus_common::clock: Timer 'SIGNAL:9007618767:1789887898474199040' alert time 2026-09-20T07:15:03.014+00:00 was in the past, adjusted to current time for immediate firing[0m
[1m2026-09-20T07:15:03.014000000Z[0m [1;33m[WARN] TRADER-000.nautilus_common::clock: Timer 'SIGNAL:9007618767:1789887899583162112' alert time 2026-09-20T07:15:03.014+00:00 was in the past, adjusted to current time for immediate firing[0m
[1m2026-09-20T07:15:03.014000000Z[0m [1;33m[WARN] TRADER-000.nautilus_common::clock: Timer 'SIGNAL:9007618767:1789887900578480896' alert time 2026-09-20T07:15:03.014+00:00 was in the past, adjusted to current time for immediate firing[0m
[1m2026-09-20T07:15:03.014000000Z[0m [1;33m[WARN] TRADER-000.nautilus_common::clock: Timer 'SIGNAL:9007618767:1789887901574112768' alert time 2026-09-20T07:15:03.014+00:00 was in the past, adjusted to current time for immediate firing[0m
[1m2026-09-20T07:15:03.014000000Z[0m [1;33m[WARN] TRADER-000.nautilus_common::clock: Timer 'SIGNAL:9007618767:1789887902477188096' alert time 2026-09-20T07:15:03.014+00:00 was in the past, adjusted to current time for immediate firing[0m
[1m2026-09-20T07:15:03.014000000Z[0m [1;33m[WARN] TRADER-000.nautilus_common::clock: Timer 'SIGNAL:9007618767:1789887903475276032' alert time 2026-09-20T07:15:03.014+00:00 was in the past, adjusted to current time for immediate firing[0m
[1m2026-09-20T07:15:03.014000000Z[0m [1;33m[WARN] TRADER-000.nautilus_common::clock: Timer 'SIGNAL:9007618767:1789887904479988224' alert time 2026-09-20T07:15:03.014+00:00 was in the past, adjusted to current time for immediate firing[0m
[1m2026-09-20T07:15:03.014000000Z[0m [1;33m[WARN] TRADER-000.nautilus_common::clock: Timer 'SIGNAL:9007618767:1789887905478943232' alert time 2026-09-20T07:15:03.014+00:00 was in the past, adjusted to current time for immediate firing[0m
[1m2026-09-20T07:15:03.014000000Z[0m [1;33m[WARN] TRADER-000.nautilus_common::clock: Timer 'SIGNAL:9007618767:1789887906474045952' alert time 2026-09-20T07:15:03.014+00:00 was in the past, adjusted to current time for immediate firing[0m
[1m2026-09-20T07:15:03.014000000Z[0m [1;33m[WARN] TRADER-000.nautilus_common::clock: Timer 'SIGNAL:9007618767:1789887907475033088' alert time 2026-09-20T07:15:03.014+00:00 was in the past, adjusted to current time for immediate firing[0m
[1m2026-09-20T07:15:03.014000000Z[0m [1;33m[WARN] TRADER-000.nautilus_common::clock: Timer 'SIGNAL:9007618767:1789887908479293184' alert time 2026-09-20T07:15:03.014+00:00 was in the past, adjusted to current time for immediate firing[0m
[1m2026-09-20T07:15:03.014000000Z[0m [1;33m[WARN] TRADER-000.nautilus_common::clock: Timer 'SIGNAL:9007618767:1789887910479686144' alert time 2026-09-20T07:15:03.014+00:00 was in the past, adjusted to current time for immediate firing[0m
[1m2026-09-20T07:15:03.014000000Z[0m [1;33m[WARN] TRADER-000.nautilus_common::clock: Timer 'SIGNAL:9007618767:1789887911478468864' alert time 2026-09-20T07:15:03.014+00:00 was in the past, adjusted to current time for immediate firing[0m
[1m2026-09-20T07:15:03.014000000Z[0m [1;33m[WARN] TRADER-000.nautilus_common::clock: Timer 'SIGNAL:9007618767:1789887912474402048' alert time 2026-09-20T07:15:03.014+00:00 was in the past, adjusted to current time for immediate firing[0m
[1m2026-09-20T07:15:03.014000000Z[0m [1;33m[WARN] TRADER-000.nautilus_common::clock: Timer 'SIGNAL:9007618767:1789887913476028928' alert time 2026-09-20T07:15:03.014+00:00 was in the past, adjusted to current time for immediate firing[0m
[1m2026-09-20T07:15:03.014000000Z[0m [1;33m[WARN] TRADER-000.nautilus_common::clock: Timer 'SIGNAL:9007618767:1789887914473510144' alert time 2026-09-20T07:15:03.014+00:00 was in the past, adjusted to current time for immediate firing[0m
[1m2026-09-20T07:15:03.014000000Z[0m [1;33m[WARN] TRADER-000.nautilus_common::clock: Timer 'SIGNAL:9007618767:1789887915479897088' alert time 2026-09-20T07:15:03.014+00:00 was in the past, adjusted to current time for immediate firing[0m
[1m2026-09-20T07:15:03.014000000Z[0m [1;33m[WARN] TRADER-000.nautilus_common::clock: Timer 'SIGNAL:9007618767:1789887916474989056' alert time 2026-09-20T07:15:03.014+00:00 was in the past, adjusted to current time for immediate firing[0m
[1m2026-09-20T07:15:03.014000000Z[0m [1;33m[WARN] TRADER-000.nautilus_common::clock: Timer 'SIGNAL:9007618767:1789887917478507008' alert time 2026-09-20T07:15:03.014+00:00 was in the past, adjusted to current time for immediate firing[0m
[1m2026-09-20T07:15:03.014000000Z[0m [1;33m[WARN] TRADER-000.nautilus_common::clock: Timer 'SIGNAL:9007618767:1789887918476156928' alert time 2026-09-20T07:15:03.014+00:00 was in the past, adjusted to current time for immediate firing[0m
[1m2026-09-20T07:15:03.014000000Z[0m [1;33m[WARN] TRADER-000.nautilus_common::clock: Timer 'SIGNAL:9007618767:1789887919484779008' alert time 2026-09-20T07:15:03.014+00:00 was in the past, adjusted to current time for immediate firing[0m
[1m2026-09-20T07:15:03.014000000Z[0m [1;33m[WARN] TRADER-000.nautilus_common::clock: Timer 'SIGNAL:9007618767:1789887920478157056' alert time 2026-09-20T07:15:03.014+00:00 was in the past, adjusted to current time for immediate firing[0m
[1m2026-09-20T07:15:03.014000000Z[0m [1;33m[WARN] TRADER-000.nautilus_common::clock: Timer 'SIGNAL:9007618767:1789887921476270848' alert time 2026-09-20T07:15:03.014+00:00 was in the past, adjusted to current time for immediate firing[0m
[1m2026-09-20T07:15:03.014000000Z[0m [1;33m[WARN] TRADER-000.nautilus_common::clock: Timer 'SIGNAL:9007618767:1789887922579976960' alert time 2026-09-20T07:15:03.014+00:00 was in the past, adjusted to current time for immediate firing[0m
[1m2026-09-20T07:15:03.014000000Z[0m [1;33m[WARN] TRADER-000.nautilus_common::clock: Timer 'SIGNAL:9007618767:1789887923476289024' alert time 2026-09-20T07:15:03.014+00:00 was in the past, adjusted to current time for immediate firing[0m
[1m2026-09-20T07:15:03.014000000Z[0m [1;33m[WARN] TRADER-000.nautilus_common::clock: Timer 'SIGNAL:9007618767:1789887924476325120' alert time 2026-09-20T07:15:03.014+00:00 was in the past, adjusted to current time for immediate firing[0m
[1m2026-09-20T07:15:03.014000000Z[0m [1;33m[WARN] TRADER-000.nautilus_common::clock: Timer 'SIGNAL:9007618767:1789887925476392960' alert time 2026-09-20T07:15:03.014+00:00 was in the past, adjusted to current time for immediate firing[0m
[1m2026-09-20T07:15:03.014000000Z[0m [1;33m[WARN] TRADER-000.nautilus_common::clock: Timer 'SIGNAL:9007618767:1789887926476973056' alert time 2026-09-20T07:15:03.014+00:00 was in the past, adjusted to current time for immediate firing[0m
[1m2026-09-20T07:15:03.014000000Z[0m [1;33m[WARN] TRADER-000.nautilus_common::clock: Timer 'SIGNAL:9007618767:1789887927474304000' alert time 2026-09-20T07:15:03.014+00:00 was in the past, adjusted to current time for immediate firing[0m
[1m2026-09-20T07:15:03.014000000Z[0m [1;33m[WARN] TRADER-000.nautilus_common::clock: Timer 'SIGNAL:9007618767:1789887928480658176' alert time 2026-09-20T07:15:03.014+00:00 was in the past, adjusted to current time for immediate firing[0m
[1m2026-09-20T07:15:03.014000000Z[0m [1;33m[WARN] TRADER-000.nautilus_common::clock: Timer 'SIGNAL:9007618767:1789887929478488832' alert time 2026-09-20T07:15:03.014+00:00 was in the past, adjusted to current time for immediate firing[0m
[1m2026-09-20T07:15:03.014000000Z[0m [1;33m[WARN] TRADER-000.nautilus_common::clock: Timer 'SIGNAL:9007618767:1789887930477122048' alert time 2026-09-20T07:15:03.014+00:00 was in the past, adjusted to current time for immediate firing[0m
[1m2026-09-20T07:15:03.014000000Z[0m [1;33m[WARN] TRADER-000.nautilus_common::clock: Timer 'SIGNAL:9007618767:1789887931477506048' alert time 2026-09-20T07:15:03.014+00:00 was in the past, adjusted to current time for immediate firing[0m
[1m2026-09-20T07:15:03.014000000Z[0m [1;33m[WARN] TRADER-000.nautilus_common::clock: Timer 'SIGNAL:9007618767:1789887932679208960' alert time 2026-09-20T07:15:03.014+00:00 was in the past, adjusted to current time for immediate firing[0m
[1m2026-09-20T07:15:03.014000000Z[0m [1;33m[WARN] TRADER-000.nautilus_common::clock: Timer 'SIGNAL:9007618767:1789887933676105984' alert time 2026-09-20T07:15:03.014+00:00 was in the past, adjusted to current time for immediate firing[0m
[1m2026-09-20T07:15:03.014000000Z[0m [1;33m[WARN] TRADER-000.nautilus_common::clock: Timer 'SIGNAL:9007618767:1789887934681859072' alert time 2026-09-20T07:15:03.014+00:00 was in the past, adjusted to current time for immediate firing[0m
[1m2026-09-20T07:15:03.014000000Z[0m [1;33m[WARN] TRADER-000.nautilus_common::clock: Timer 'SIGNAL:9007618767:1789887935681655808' alert time 2026-09-20T07:15:03.014+00:00 was in the past, adjusted to current time for immediate firing[0m
[1m2026-09-20T07:15:03.014000000Z[0m [1;33m[WARN] TRADER-000.nautilus_common::clock: Timer 'SIGNAL:9007618767:1789887936680229888' alert time 2026-09-20T07:15:03.014+00:00 was in the past, adjusted to current time for immediate firing[0m
[1m2026-09-20T07:15:03.014000000Z[0m [1;33m[WARN] TRADER-000.nautilus_common::clock: Timer 'SIGNAL:9007618767:1789887937673608960' alert time 2026-09-20T07:15:03.014+00:00 was in the past, adjusted to current time for immediate firing[0m
[1m2026-09-20T07:15:03.014000000Z[0m [1;33m[WARN] TRADER-000.nautilus_common::clock: Timer 'SIGNAL:9007618767:1789887938680844032' alert time 2026-09-20T07:15:03.014+00:00 was in the past, adjusted to current time for immediate firing[0m
[1m2026-09-20T07:15:03.014000000Z[0m [1;33m[WARN] TRADER-000.nautilus_common::clock: Timer 'SIGNAL:9007618767:1789887939681037824' alert time 2026-09-20T07:15:03.014+00:00 was in the past, adjusted to current time for immediate firing[0m
[1m2026-09-20T07:15:03.014000000Z[0m [1;33m[WARN] TRADER-000.nautilus_common::clock: Timer 'SIGNAL:9007618767:1789887940687459072' alert time 2026-09-20T07:15:03.014+00:00 was in the past, adjusted to current time for immediate firing[0m
[1m2026-09-20T07:15:03.014000000Z[0m [1;33m[WARN] TRADER-000.nautilus_common::clock: Timer 'SIGNAL:9007618767:1789887941676937216' alert time 2026-09-20T07:15:03.014+00:00 was in the past, adjusted to current time for immediate firing[0m
[1m2026-09-20T07:15:03.014000000Z[0m [1;33m[WARN] TRADER-000.nautilus_common::clock: Timer 'SIGNAL:9007618767:1789887942676435968' alert time 2026-09-20T07:15:03.014+00:00 was in the past, adjusted to current time for immediate firing[0m
[1m2026-09-20T07:15:03.014000000Z[0m [1;33m[WARN] TRADER-000.nautilus_common::clock: Timer 'SIGNAL:9007618767:1789887944674298112' alert time 2026-09-20T07:15:03.014+00:00 was in the past, adjusted to current time for immediate firing[0m
[1m2026-09-20T07:15:03.014000000Z[0m [1;33m[WARN] TRADER-000.nautilus_common::clock: Timer 'SIGNAL:9007618767:1789887945675183104' alert time 2026-09-20T07:15:03.014+00:00 was in the past, adjusted to current time for immediate firing[0m
[1m2026-09-20T07:15:03.014000000Z[0m [1;33m[WARN] TRADER-000.nautilus_common::clock: Timer 'SIGNAL:9007618767:1789887946678199040' alert time 2026-09-20T07:15:03.014+00:00 was in the past, adjusted to current time for immediate firing[0m
[1m2026-09-20T07:15:03.014000000Z[0m [1;33m[WARN] TRADER-000.nautilus_common::clock: Timer 'SIGNAL:9007618767:1789887947676393984' alert time 2026-09-20T07:15:03.014+00:00 was in the past, adjusted to current time for immediate firing[0m
[1m2026-09-20T07:15:03.014000000Z[0m [1;33m[WARN] TRADER-000.nautilus_common::clock: Timer 'SIGNAL:9007618767:1789887948675995136' alert time 2026-09-20T07:15:03.014+00:00 was in the past, adjusted to current time for immediate firing[0m
[1m2026-09-20T07:15:03.014000000Z[0m [1;33m[WARN] TRADER-000.nautilus_common::clock: Timer 'SIGNAL:9007618767:1789887950679567104' alert time 2026-09-20T07:15:03.014+00:00 was in the past, adjusted to current time for immediate firing[0m
[1m2026-09-20T07:15:03.014000000Z[0m [1;33m[WARN] TRADER-000.nautilus_common::clock: Timer 'SIGNAL:9007618767:1789887951678068992' alert time 2026-09-20T07:15:03.014+00:00 was in the past, adjusted to current time for immediate firing[0m
[1m2026-09-20T07:15:03.014000000Z[0m [1;33m[WARN] TRADER-000.nautilus_common::clock: Timer 'SIGNAL:9007618767:1789887952687817984' alert time 2026-09-20T07:15:03.014+00:00 was in the past, adjusted to current time for immediate firing[0m
[1m2026-09-20T07:15:03.014000000Z[0m [1;33m[WARN] TRADER-000.nautilus_common::clock: Timer 'SIGNAL:9007618767:1789887953677576192' alert time 2026-09-20T07:15:03.014+00:00 was in the past, adjusted to current time for immediate firing[0m
[1m2026-09-20T07:15:03.014000000Z[0m [1;33m[WARN] TRADER-000.nautilus_common::clock: Timer 'SIGNAL:9007618767:1789887954678319872' alert time 2026-09-20T07:15:03.014+00:00 was in the past, adjusted to current time for immediate firing[0m
[1m2026-09-20T07:15:03.014000000Z[0m [1;33m[WARN] TRADER-000.nautilus_common::clock: Timer 'SIGNAL:9007618767:1789887955680165888' alert time 2026-09-20T07:15:03.014+00:00 was in the past, adjusted to current time for immediate firing[0m
[1m2026-09-20T07:15:03.014000000Z[0m [1;33m[WARN] TRADER-000.nautilus_common::clock: Timer 'SIGNAL:9007618767:1789887956678315008' alert time 2026-09-20T07:15:03.014+00:00 was in the past, adjusted to current time for immediate firing[0m
[1m2026-09-20T07:15:03.014000000Z[0m [1;33m[WARN] TRADER-000.nautilus_common::clock: Timer 'SIGNAL:9007618767:1789887958676763904' alert time 2026-09-20T07:15:03.014+00:00 was in the past, adjusted to current time for immediate firing[0m
[1m2026-09-20T07:15:03.014000000Z[0m [1;33m[WARN] TRADER-000.nautilus_common::clock: Timer 'SIGNAL:9007618767:1789887960685807104' alert time 2026-09-20T07:15:03.014+00:00 was in the past, adjusted to current time for immediate firing[0m
[1m2026-09-20T07:15:03.014000000Z[0m [1;33m[WARN] TRADER-000.nautilus_common::clock: Timer 'SIGNAL:9007618767:1789887961673134080' alert time 2026-09-20T07:15:03.014+00:00 was in the past, adjusted to current time for immediate firing[0m
[1m2026-09-20T07:15:03.014000000Z[0m [1;33m[WARN] TRADER-000.nautilus_common::clock: Timer 'SIGNAL:9007618767:1789887962679555840' alert time 2026-09-20T07:15:03.014+00:00 was in the past, adjusted to current time for immediate firing[0m
[1m2026-09-20T07:15:03.014000000Z[0m [1;33m[WARN] TRADER-000.nautilus_common::clock: Timer 'SIGNAL:9007618767:1789887963678913024' alert time 2026-09-20T07:15:03.014+00:00 was in the past, adjusted to current time for immediate firing[0m
[1m2026-09-20T07:15:03.014000000Z[0m [1;33m[WARN] TRADER-000.nautilus_common::clock: Timer 'SIGNAL:9007618767:1789887965703386112' alert time 2026-09-20T07:15:03.014+00:00 was in the past, adjusted to current time for immediate firing[0m
[1m2026-09-20T07:15:03.014000000Z[0m [1;33m[WARN] TRADER-000.nautilus_common::clock: Timer 'SIGNAL:9007618767:1789887966683560960' alert time 2026-09-20T07:15:03.014+00:00 was in the past, adjusted to current time for immediate firing[0m
[1m2026-09-20T07:15:03.014000000Z[0m [1;33m[WARN] TRADER-000.nautilus_common::clock: Timer 'SIGNAL:9007618767:1789887967680176896' alert time 2026-09-20T07:15:03.014+00:00 was in the past, adjusted to current time for immediate firing[0m
[1m2026-09-20T07:15:03.014000000Z[0m [1;33m[WARN] TRADER-000.nautilus_common::clock: Timer 'SIGNAL:9007618767:1789887968676445952' alert time 2026-09-20T07:15:03.014+00:00 was in the past, adjusted to current time for immediate firing[0m
[1m2026-09-20T07:15:03.014000000Z[0m [1;33m[WARN] TRADER-000.nautilus_common::clock: Timer 'SIGNAL:9007618767:1789887969721999872' alert time 2026-09-20T07:15:03.014+00:00 was in the past, adjusted to current time for immediate firing[0m
[1m2026-09-20T07:15:03.014000000Z[0m [1;33m[WARN] TRADER-000.nautilus_common::clock: Timer 'SIGNAL:9007618767:1789887970681704960' alert time 2026-09-20T07:15:03.014+00:00 was in the past, adjusted to current time for immediate firing[0m
[1m2026-09-20T07:15:03.014000000Z[0m [1;33m[WARN] TRADER-000.nautilus_common::clock: Timer 'SIGNAL:9007618767:1789887972776838912' alert time 2026-09-20T07:15:03.014+00:00 was in the past, adjusted to current time for immediate firing[0m
[1m2026-09-20T07:15:03.014000000Z[0m [1;33m[WARN] TRADER-000.nautilus_common::clock: Timer 'SIGNAL:9007618767:1789887973703748096' alert time 2026-09-20T07:15:03.014+00:00 was in the past, adjusted to current time for immediate firing[0m
[1m2026-09-20T07:15:03.014000000Z[0m [1;33m[WARN] TRADER-000.nautilus_common::clock: Timer 'SIGNAL:9007618767:1789887974680564992' alert time 2026-09-20T07:15:03.014+00:00 was in the past, adjusted to current time for immediate firing[0m
[1m2026-09-20T07:15:03.014000000Z[0m [1;33m[WARN] TRADER-000.nautilus_common::clock: Timer 'SIGNAL:9007618767:1789887975681284864' alert time 2026-09-20T07:15:03.014+00:00 was in the past, adjusted to current time for immediate firing[0m
[1m2026-09-20T07:15:03.014000000Z[0m [1;33m[WARN] TRADER-000.nautilus_common::clock: Timer 'SIGNAL:9007618767:1789887977173944064' alert time 2026-09-20T07:15:03.014+00:00 was in the past, adjusted to current time for immediate firing[0m
[1m2026-09-20T07:15:03.014000000Z[0m [1;33m[WARN] TRADER-000.nautilus_common::clock: Timer 'SIGNAL:9007618767:1789887977754648064' alert time 2026-09-20T07:15:03.014+00:00 was in the past, adjusted to current time for immediate firing[0m
[1m2026-09-20T07:15:03.014000000Z[0m [1;33m[WARN] TRADER-000.nautilus_common::clock: Timer 'SIGNAL:9007618767:1789887978677794048' alert time 2026-09-20T07:15:03.014+00:00 was in the past, adjusted to current time for immediate firing[0m
[1m2026-09-20T07:15:03.014000000Z[0m [1;33m[WARN] TRADER-000.nautilus_common::clock: Timer 'SIGNAL:9007618767:1789887979679172096' alert time 2026-09-20T07:15:03.014+00:00 was in the past, adjusted to current time for immediate firing[0m
[1m2026-09-20T07:15:03.014000000Z[0m [1;33m[WARN] TRADER-000.nautilus_common::clock: Timer 'SIGNAL:9007618767:1789887980776882944' alert time 2026-09-20T07:15:03.014+00:00 was in the past, adjusted to current time for immediate firing[0m
[1m2026-09-20T07:15:03.014000000Z[0m [1;33m[WARN] TRADER-000.nautilus_common::clock: Timer 'SIGNAL:9007618767:1789887981683666944' alert time 2026-09-20T07:15:03.014+00:00 was in the past, adjusted to current time for immediate firing[0m
[1m2026-09-20T07:15:03.014000000Z[0m [1;33m[WARN] TRADER-000.nautilus_common::clock: Timer 'SIGNAL:9007618767:1789887982679991040' alert time 2026-09-20T07:15:03.014+00:00 was in the past, adjusted to current time for immediate firing[0m
[1m2026-09-20T07:15:03.014000000Z[0m [1;33m[WARN] TRADER-000.nautilus_common::clock: Timer 'SIGNAL:9007618767:1789887983681075200' alert time 2026-09-20T07:15:03.014+00:00 was in the past, adjusted to current time for immediate firing[0m
[1m2026-09-20T07:15:03.014000000Z[0m [1;33m[WARN] TRADER-000.nautilus_common::clock: Timer 'SIGNAL:9007618767:1789887984776783104' alert time 2026-09-20T07:15:03.014+00:00 was in the past, adjusted to current time for immediate firing[0m
[1m2026-09-20T07:15:03.014000000Z[0m [1;33m[WARN] TRADER-000.nautilus_common::clock: Timer 'SIGNAL:9007618767:1789887985673103104' alert time 2026-09-20T07:15:03.014+00:00 was in the past, adjusted to current time for immediate firing[0m
[1m2026-09-20T07:15:03.014000000Z[0m [1;33m[WARN] TRADER-000.nautilus_common::clock: Timer 'SIGNAL:9007618767:1789887986676829184' alert time 2026-09-20T07:15:03.014+00:00 was in the past, adjusted to current time for immediate firing[0m
[1m2026-09-20T07:15:03.014000000Z[0m [1;33m[WARN] TRADER-000.nautilus_common::clock: Timer 'SIGNAL:9007618767:1789887987675003136' alert time 2026-09-20T07:15:03.014+00:00 was in the past, adjusted to current time for immediate firing[0m
[1m2026-09-20T07:15:03.014000000Z[0m [1;33m[WARN] TRADER-000.nautilus_common::clock: Timer 'SIGNAL:9007618767:1789887988780303104' alert time 2026-09-20T07:15:03.014+00:00 was in the past, adjusted to current time for immediate firing[0m
[1m2026-09-20T07:15:03.014000000Z[0m [1;33m[WARN] TRADER-000.nautilus_common::clock: Timer 'SIGNAL:9007618767:1789887989680721920' alert time 2026-09-20T07:15:03.014+00:00 was in the past, adjusted to current time for immediate firing[0m
[1m2026-09-20T07:15:03.014000000Z[0m [1;33m[WARN] TRADER-000.nautilus_common::clock: Timer 'SIGNAL:9007618767:1789887990685051904' alert time 2026-09-20T07:15:03.014+00:00 was in the past, adjusted to current time for immediate firing[0m
[1m2026-09-20T07:15:03.014000000Z[0m [1;33m[WARN] TRADER-000.nautilus_common::clock: Timer 'SIGNAL:9007618767:1789887991681474816' alert time 2026-09-20T07:15:03.014+00:00 was in the past, adjusted to current time for immediate firing[0m
[1m2026-09-20T07:15:03.014000000Z[0m [1;33m[WARN] TRADER-000.nautilus_common::clock: Timer 'SIGNAL:9007618767:1789887992779501056' alert time 2026-09-20T07:15:03.014+00:00 was in the past, adjusted to current time for immediate firing[0m
[1m2026-09-20T07:15:03.014000000Z[0m [1;33m[WARN] TRADER-000.nautilus_common::clock: Timer 'SIGNAL:9007618767:1789887993679133952' alert time 2026-09-20T07:15:03.014+00:00 was in the past, adjusted to current time for immediate firing[0m
[1m2026-09-20T07:15:03.014000000Z[0m [1;33m[WARN] TRADER-000.nautilus_common::clock: Timer 'SIGNAL:9007618767:1789887994676930816' alert time 2026-09-20T07:15:03.014+00:00 was in the past, adjusted to current time for immediate firing[0m
[1m2026-09-20T07:15:03.014000000Z[0m [1;33m[WARN] TRADER-000.nautilus_common::clock: Timer 'SIGNAL:9007618767:1789887995678600960' alert time 2026-09-20T07:15:03.014+00:00 was in the past, adjusted to current time for immediate firing[0m
[1m2026-09-20T07:15:03.014000000Z[0m [1;33m[WARN] TRADER-000.nautilus_common::clock: Timer 'SIGNAL:9007618767:1789887996680905216' alert time 2026-09-20T07:15:03.014+00:00 was in the past, adjusted to current time for immediate firing[0m
[1m2026-09-20T07:15:03.014000000Z[0m [1;33m[WARN] TRADER-000.nautilus_common::clock: Timer 'SIGNAL:9007618767:1789887997673527040' alert time 2026-09-20T07:15:03.014+00:00 was in the past, adjusted to current time for immediate firing[0m
[1m2026-09-20T07:15:03.014000000Z[0m [1;33m[WARN] TRADER-000.nautilus_common::clock: Timer 'SIGNAL:9007618767:1789887998375436032' alert time 2026-09-20T07:15:03.014+00:00 was in the past, adjusted to current time for immediate firing[0m
[1m2026-09-20T07:15:03.014000000Z[0m [1;33m[WARN] TRADER-000.nautilus_common::clock: Timer 'SIGNAL:9007618767:1789887999176755968' alert time 2026-09-20T07:15:03.014+00:00 was in the past, adjusted to current time for immediate firing[0m
[1m2026-09-20T07:15:03.014000000Z[0m [1;33m[WARN] TRADER-000.nautilus_common::clock: Timer 'SIGNAL:9007618767:1789888000676186112' alert time 2026-09-20T07:15:03.014+00:00 was in the past, adjusted to current time for immediate firing[0m
[1m2026-09-20T07:15:03.014000000Z[0m [1;33m[WARN] TRADER-000.nautilus_common::clock: Timer 'SIGNAL:9007618767:1789888001674993152' alert time 2026-09-20T07:15:03.014+00:00 was in the past, adjusted to current time for immediate firing[0m
[1m2026-09-20T07:15:03.014000000Z[0m [1;33m[WARN] TRADER-000.nautilus_common::clock: Timer 'SIGNAL:9007618767:1789888002779539200' alert time 2026-09-20T07:15:03.014+00:00 was in the past, adjusted to current time for immediate firing[0m
[1m2026-09-20T07:15:03.014000000Z[0m [1;33m[WARN] TRADER-000.nautilus_common::clock: Timer 'SIGNAL:9007618767:1789888003682200064' alert time 2026-09-20T07:15:03.014+00:00 was in the past, adjusted to current time for immediate firing[0m
[1m2026-09-20T07:15:03.014000000Z[0m [1;33m[WARN] TRADER-000.nautilus_common::clock: Timer 'SIGNAL:9007618767:1789888004678219008' alert time 2026-09-20T07:15:03.014+00:00 was in the past, adjusted to current time for immediate firing[0m
[1m2026-09-20T07:15:03.014000000Z[0m [1;33m[WARN] TRADER-000.nautilus_common::clock: Timer 'SIGNAL:9007618767:1789888005675026944' alert time 2026-09-20T07:15:03.014+00:00 was in the past, adjusted to current time for immediate firing[0m
[1m2026-09-20T07:15:03.014000000Z[0m [1;33m[WARN] TRADER-000.nautilus_common::clock: Timer 'SIGNAL:9007618767:1789888006682679808' alert time 2026-09-20T07:15:03.014+00:00 was in the past, adjusted to current time for immediate firing[0m
[1m2026-09-20T07:15:03.014000000Z[0m [1;33m[WARN] TRADER-000.nautilus_common::clock: Timer 'SIGNAL:9007618767:1789888007674151936' alert time 2026-09-20T07:15:03.014+00:00 was in the past, adjusted to current time for immediate firing[0m
[1m2026-09-20T07:15:03.014000000Z[0m [1;33m[WARN] TRADER-000.nautilus_common::clock: Timer 'SIGNAL:9007618767:1789888008675203072' alert time 2026-09-20T07:15:03.014+00:00 was in the past, adjusted to current time for immediate firing[0m
[1m2026-09-20T07:15:03.014000000Z[0m [1;33m[WARN] TRADER-000.nautilus_common::clock: Timer 'SIGNAL:9007618767:1789888009678752000' alert time 2026-09-20T07:15:03.014+00:00 was in the past, adjusted to current time for immediate firing[0m
[1m2026-09-20T07:15:03.014000000Z[0m [1;33m[WARN] TRADER-000.nautilus_common::clock: Timer 'SIGNAL:9007618767:1789888010674686976' alert time 2026-09-20T07:15:03.014+00:00 was in the past, adjusted to current time for immediate firing[0m
[1m2026-09-20T07:15:03.014000000Z[0m [1;33m[WARN] TRADER-000.nautilus_common::clock: Timer 'SIGNAL:9007618767:1789888011711778048' alert time 2026-09-20T07:15:03.014+00:00 was in the past, adjusted to current time for immediate firing[0m
[1m2026-09-20T07:15:03.014000000Z[0m [1;33m[WARN] TRADER-000.nautilus_common::clock: Timer 'SIGNAL:9007618767:1789888012675051008' alert time 2026-09-20T07:15:03.014+00:00 was in the past, adjusted to current time for immediate firing[0m
[1m2026-09-20T07:15:03.014000000Z[0m [1;33m[WARN] TRADER-000.nautilus_common::clock: Timer 'SIGNAL:9007618767:1789888013674760192' alert time 2026-09-20T07:15:03.014+00:00 was in the past, adjusted to current time for immediate firing[0m
[1m2026-09-20T07:15:03.014000000Z[0m [1;33m[WARN] TRADER-000.nautilus_common::clock: Timer 'SIGNAL:9007618767:1789888014679002112' alert time 2026-09-20T07:15:03.014+00:00 was in the past, adjusted to current time for immediate firing[0m
[1m2026-09-20T07:15:03.014000000Z[0m [1;33m[WARN] TRADER-000.nautilus_common::clock: Timer 'SIGNAL:9007618767:1789888015713424896' alert time 2026-09-20T07:15:03.014+00:00 was in the past, adjusted to current time for immediate firing[0m
[1m2026-09-20T07:15:03.014000000Z[0m [1;33m[WARN] TRADER-000.nautilus_common::clock: Timer 'SIGNAL:9007618767:1789888016676676096' alert time 2026-09-20T07:15:03.014+00:00 was in the past, adjusted to current time for immediate firing[0m
[1m2026-09-20T07:15:03.014000000Z[0m [1;33m[WARN] TRADER-000.nautilus_common::clock: Timer 'SIGNAL:9007618767:1789888017776488960' alert time 2026-09-20T07:15:03.014+00:00 was in the past, adjusted to current time for immediate firing[0m
[1m2026-09-20T07:15:03.014000000Z[0m [1;33m[WARN] TRADER-000.nautilus_common::clock: Timer 'SIGNAL:9007618767:1789888018675906816' alert time 2026-09-20T07:15:03.014+00:00 was in the past, adjusted to current time for immediate firing[0m
[1m2026-09-20T07:15:03.014000000Z[0m [1;33m[WARN] TRADER-000.nautilus_common::clock: Timer 'SIGNAL:9007618767:1789888019673374976' alert time 2026-09-20T07:15:03.014+00:00 was in the past, adjusted to current time for immediate firing[0m
[1m2026-09-20T07:15:03.014000000Z[0m [1;33m[WARN] TRADER-000.nautilus_common::clock: Timer 'SIGNAL:9007618767:1789888020688848896' alert time 2026-09-20T07:15:03.014+00:00 was in the past, adjusted to current time for immediate firing[0m
[1m2026-09-20T07:15:03.014000000Z[0m [1;33m[WARN] TRADER-000.nautilus_common::clock: Timer 'SIGNAL:9007618767:1789888021680190976' alert time 2026-09-20T07:15:03.014+00:00 was in the past, adjusted to current time for immediate firing[0m
[1m2026-09-20T07:15:03.014000000Z[0m [1;33m[WARN] TRADER-000.nautilus_common::clock: Timer 'SIGNAL:9007618767:1789888022675101952' alert time 2026-09-20T07:15:03.014+00:00 was in the past, adjusted to current time for immediate firing[0m
[1m2026-09-20T07:15:03.014000000Z[0m [1;33m[WARN] TRADER-000.nautilus_common::clock: Timer 'SIGNAL:9007618767:1789888023707642112' alert time 2026-09-20T07:15:03.014+00:00 was in the past, adjusted to current time for immediate firing[0m
[1m2026-09-20T07:15:03.014000000Z[0m [1;33m[WARN] TRADER-000.nautilus_common::clock: Timer 'SIGNAL:9007618767:1789888024779077120' alert time 2026-09-20T07:15:03.014+00:00 was in the past, adjusted to current time for immediate firing[0m
[1m2026-09-20T07:15:03.014000000Z[0m [1;33m[WARN] TRADER-000.nautilus_common::clock: Timer 'SIGNAL:9007618767:1789888025676536064' alert time 2026-09-20T07:15:03.014+00:00 was in the past, adjusted to current time for immediate firing[0m
[1m2026-09-20T07:15:03.014000000Z[0m [1;33m[WARN] TRADER-000.nautilus_common::clock: Timer 'SIGNAL:9007618767:1789888026680208896' alert time 2026-09-20T07:15:03.014+00:00 was in the past, adjusted to current time for immediate firing[0m
[1m2026-09-20T07:15:03.014000000Z[0m [1;33m[WARN] TRADER-000.nautilus_common::clock: Timer 'SIGNAL:9007618767:1789888027708162048' alert time 2026-09-20T07:15:03.014+00:00 was in the past, adjusted to current time for immediate firing[0m
[1m2026-09-20T07:15:03.014000000Z[0m [1;33m[WARN] TRADER-000.nautilus_common::clock: Timer 'SIGNAL:9007618767:1789888029681847040' alert time 2026-09-20T07:15:03.014+00:00 was in the past, adjusted to current time for immediate firing[0m
[1m2026-09-20T07:15:03.014000000Z[0m [1;33m[WARN] TRADER-000.nautilus_common::clock: Timer 'SIGNAL:9007618767:1789888030779318016' alert time 2026-09-20T07:15:03.014+00:00 was in the past, adjusted to current time for immediate firing[0m
[1m2026-09-20T07:15:03.014000000Z[0m [1;33m[WARN] TRADER-000.nautilus_common::clock: Timer 'SIGNAL:9007618767:1789888031689852928' alert time 2026-09-20T07:15:03.014+00:00 was in the past, adjusted to current time for immediate firing[0m
[1m2026-09-20T07:15:03.014000000Z[0m [1;33m[WARN] TRADER-000.nautilus_common::clock: Timer 'SIGNAL:9007618767:1789888032676395776' alert time 2026-09-20T07:15:03.014+00:00 was in the past, adjusted to current time for immediate firing[0m
[1m2026-09-20T07:15:03.014000000Z[0m [1;33m[WARN] TRADER-000.nautilus_common::clock: Timer 'SIGNAL:9007618767:1789888033682620160' alert time 2026-09-20T07:15:03.014+00:00 was in the past, adjusted to current time for immediate firing[0m
[1m2026-09-20T07:15:03.014000000Z[0m [1;33m[WARN] TRADER-000.nautilus_common::clock: Timer 'SIGNAL:9007618767:1789888034682140160' alert time 2026-09-20T07:15:03.014+00:00 was in the past, adjusted to current time for immediate firing[0m
[1m2026-09-20T07:15:03.014000000Z[0m [1;33m[WARN] TRADER-000.nautilus_common::clock: Timer 'SIGNAL:9007618767:1789888035795005184' alert time 2026-09-20T07:15:03.014+00:00 was in the past, adjusted to current time for immediate firing[0m
[1m2026-09-20T07:15:03.014000000Z[0m [1;33m[WARN] TRADER-000.nautilus_common::clock: Timer 'SIGNAL:9007618767:1789888036882488064' alert time 2026-09-20T07:15:03.014+00:00 was in the past, adjusted to current time for immediate firing[0m
[1m2026-09-20T07:15:03.014000000Z[0m [1;33m[WARN] TRADER-000.nautilus_common::clock: Timer 'SIGNAL:9007618767:1789888037684278016' alert time 2026-09-20T07:15:03.014+00:00 was in the past, adjusted to current time for immediate firing[0m
[1m2026-09-20T07:15:03.014000000Z[0m [1;33m[WARN] TRADER-000.nautilus_common::clock: Timer 'SIGNAL:9007618767:1789888038774710016' alert time 2026-09-20T07:15:03.014+00:00 was in the past, adjusted to current time for immediate firing[0m
[1m2026-09-20T07:15:03.014000000Z[0m [1;33m[WARN] TRADER-000.nautilus_common::clock: Timer 'SIGNAL:9007618767:1789888039684654080' alert time 2026-09-20T07:15:03.014+00:00 was in the past, adjusted to current time for immediate firing[0m
[1m2026-09-20T07:15:03.014000000Z[0m [1;33m[WARN] TRADER-000.nautilus_common::clock: Timer 'SIGNAL:9007618767:1789888040682707968' alert time 2026-09-20T07:15:03.014+00:00 was in the past, adjusted to current time for immediate firing[0m
[1m2026-09-20T07:15:03.014000000Z[0m [1;33m[WARN] TRADER-000.nautilus_common::clock: Timer 'SIGNAL:9007618767:1789888041675270912' alert time 2026-09-20T07:15:03.014+00:00 was in the past, adjusted to current time for immediate firing[0m
[1m2026-09-20T07:15:03.014000000Z[0m [1;33m[WARN] TRADER-000.nautilus_common::clock: Timer 'SIGNAL:9007618767:1789888042774774016' alert time 2026-09-20T07:15:03.014+00:00 was in the past, adjusted to current time for immediate firing[0m
[1m2026-09-20T07:15:03.014000000Z[0m [1;33m[WARN] TRADER-000.nautilus_common::clock: Timer 'SIGNAL:9007618767:1789888043591579904' alert time 2026-09-20T07:15:03.014+00:00 was in the past, adjusted to current time for immediate firing[0m
[1m2026-09-20T07:15:03.014000000Z[0m [1;33m[WARN] TRADER-000.nautilus_common::clock: Timer 'SIGNAL:9007618767:1789888044682857984' alert time 2026-09-20T07:15:03.014+00:00 was in the past, adjusted to current time for immediate firing[0m
[1m2026-09-20T07:15:03.014000000Z[0m [1;33m[WARN] TRADER-000.nautilus_common::clock: Timer 'SIGNAL:9007618767:1789888045674563840' alert time 2026-09-20T07:15:03.014+00:00 was in the past, adjusted to current time for immediate firing[0m
[1m2026-09-20T07:15:03.014000000Z[0m [1;33m[WARN] TRADER-000.nautilus_common::clock: Timer 'SIGNAL:9007618767:1789888046783302144' alert time 2026-09-20T07:15:03.014+00:00 was in the past, adjusted to current time for immediate firing[0m
[1m2026-09-20T07:15:03.014000000Z[0m [1;33m[WARN] TRADER-000.nautilus_common::clock: Timer 'SIGNAL:9007618767:1789888047693468928' alert time 2026-09-20T07:15:03.014+00:00 was in the past, adjusted to current time for immediate firing[0m
[1m2026-09-20T07:15:03.014000000Z[0m [1;33m[WARN] TRADER-000.nautilus_common::clock: Timer 'SIGNAL:9007618767:1789888048683069952' alert time 2026-09-20T07:15:03.014+00:00 was in the past, adjusted to current time for immediate firing[0m
[1m2026-09-20T07:15:03.014000000Z[0m [1;33m[WARN] TRADER-000.nautilus_common::clock: Timer 'SIGNAL:9007618767:1789888049674462208' alert time 2026-09-20T07:15:03.014+00:00 was in the past, adjusted to current time for immediate firing[0m
[1m2026-09-20T07:15:03.014000000Z[0m [1;33m[WARN] TRADER-000.nautilus_common::clock: Timer 'SIGNAL:9007618767:1789888050674283008' alert time 2026-09-20T07:15:03.014+00:00 was in the past, adjusted to current time for immediate firing[0m
[1m2026-09-20T07:15:03.014000000Z[0m [1;33m[WARN] TRADER-000.nautilus_common::clock: Timer 'SIGNAL:9007618767:1789888051767087872' alert time 2026-09-20T07:15:03.014+00:00 was in the past, adjusted to current time for immediate firing[0m
[1m2026-09-20T07:15:03.014000000Z[0m [1;33m[WARN] TRADER-000.nautilus_common::clock: Timer 'SIGNAL:9007618767:1789888052674988032' alert time 2026-09-20T07:15:03.014+00:00 was in the past, adjusted to current time for immediate firing[0m
[1m2026-09-20T07:15:03.014000000Z[0m [1;33m[WARN] TRADER-000.nautilus_common::clock: Timer 'SIGNAL:9007618767:1789888053686317056' alert time 2026-09-20T07:15:03.014+00:00 was in the past, adjusted to current time for immediate firing[0m
[1m2026-09-20T07:15:03.014000000Z[0m [1;33m[WARN] TRADER-000.nautilus_common::clock: Timer 'SIGNAL:9007618767:1789888054674525952' alert time 2026-09-20T07:15:03.014+00:00 was in the past, adjusted to current time for immediate firing[0m
[1m2026-09-20T07:15:03.014000000Z[0m [1;33m[WARN] TRADER-000.nautilus_common::clock: Timer 'SIGNAL:9007618767:1789888055683126016' alert time 2026-09-20T07:15:03.014+00:00 was in the past, adjusted to current time for immediate firing[0m
[1m2026-09-20T07:15:03.014000000Z[0m [1;33m[WARN] TRADER-000.nautilus_common::clock: Timer 'SIGNAL:9007618767:1789888056681825024' alert time 2026-09-20T07:15:03.014+00:00 was in the past, adjusted to current time for immediate firing[0m
[1m2026-09-20T07:15:03.014000000Z[0m [1;33m[WARN] TRADER-000.nautilus_common::clock: Timer 'SIGNAL:9007618767:1789888057683695104' alert time 2026-09-20T07:15:03.014+00:00 was in the past, adjusted to current time for immediate firing[0m
[1m2026-09-20T07:15:03.014000000Z[0m [1;33m[WARN] TRADER-000.nautilus_common::clock: Timer 'SIGNAL:9007618767:1789888058681325824' alert time 2026-09-20T07:15:03.014+00:00 was in the past, adjusted to current time for immediate firing[0m
[1m2026-09-20T07:15:03.014000000Z[0m [1;33m[WARN] TRADER-000.nautilus_common::clock: Timer 'SIGNAL:9007618767:1789888059691660800' alert time 2026-09-20T07:15:03.014+00:00 was in the past, adjusted to current time for immediate firing[0m
[1m2026-09-20T07:15:03.014000000Z[0m [1;33m[WARN] TRADER-000.nautilus_common::clock: Timer 'SIGNAL:9007618767:1789888060689185024' alert time 2026-09-20T07:15:03.014+00:00 was in the past, adjusted to current time for immediate firing[0m
[1m2026-09-20T07:15:03.014000000Z[0m [1;33m[WARN] TRADER-000.nautilus_common::clock: Timer 'SIGNAL:9007618767:1789888061674326016' alert time 2026-09-20T07:15:03.014+00:00 was in the past, adjusted to current time for immediate firing[0m
[1m2026-09-20T07:15:03.014000000Z[0m [1;33m[WARN] TRADER-000.nautilus_common::clock: Timer 'SIGNAL:9007618767:1789888062674319104' alert time 2026-09-20T07:15:03.014+00:00 was in the past, adjusted to current time for immediate firing[0m
[1m2026-09-20T07:15:03.014000000Z[0m [1;33m[WARN] TRADER-000.nautilus_common::clock: Timer 'SIGNAL:9007618767:1789888063675172096' alert time 2026-09-20T07:15:03.014+00:00 was in the past, adjusted to current time for immediate firing[0m
[1m2026-09-20T07:15:03.014000000Z[0m [1;33m[WARN] TRADER-000.nautilus_common::clock: Timer 'SIGNAL:9007618767:1789888065676075008' alert time 2026-09-20T07:15:03.014+00:00 was in the past, adjusted to current time for immediate firing[0m
[1m2026-09-20T07:15:03.014000000Z[0m [1;33m[WARN] TRADER-000.nautilus_common::clock: Timer 'SIGNAL:9007618767:1789888066775415040' alert time 2026-09-20T07:15:03.014+00:00 was in the past, adjusted to current time for immediate firing[0m
[1m2026-09-20T07:15:03.014000000Z[0m [1;33m[WARN] TRADER-000.nautilus_common::clock: Timer 'SIGNAL:9007618767:1789888067700353024' alert time 2026-09-20T07:15:03.014+00:00 was in the past, adjusted to current time for immediate firing[0m
[1m2026-09-20T07:15:03.014000000Z[0m [1;33m[WARN] TRADER-000.nautilus_common::clock: Timer 'SIGNAL:9007618767:1789888068676107008' alert time 2026-09-20T07:15:03.014+00:00 was in the past, adjusted to current time for immediate firing[0m
[1m2026-09-20T07:15:03.014000000Z[0m [1;33m[WARN] TRADER-000.nautilus_common::clock: Timer 'SIGNAL:9007618767:1789888069677392128' alert time 2026-09-20T07:15:03.014+00:00 was in the past, adjusted to current time for immediate firing[0m
[1m2026-09-20T07:15:03.014000000Z[0m [1;33m[WARN] TRADER-000.nautilus_common::clock: Timer 'SIGNAL:9007618767:1789888070674117120' alert time 2026-09-20T07:15:03.014+00:00 was in the past, adjusted to current time for immediate firing[0m
[1m2026-09-20T07:15:03.014000000Z[0m [1;33m[WARN] TRADER-000.nautilus_common::clock: Timer 'SIGNAL:9007618767:1789888071674941184' alert time 2026-09-20T07:15:03.014+00:00 was in the past, adjusted to current time for immediate firing[0m
[1m2026-09-20T07:15:03.014000000Z[0m [1;33m[WARN] TRADER-000.nautilus_common::clock: Timer 'SIGNAL:9007618767:1789888072674678016' alert time 2026-09-20T07:15:03.014+00:00 was in the past, adjusted to current time for immediate firing[0m
[1m2026-09-20T07:15:03.014000000Z[0m [1;33m[WARN] TRADER-000.nautilus_common::clock: Timer 'SIGNAL:9007618767:1789888073683038976' alert time 2026-09-20T07:15:03.014+00:00 was in the past, adjusted to current time for immediate firing[0m
[1m2026-09-20T07:15:03.014000000Z[0m [1;33m[WARN] TRADER-000.nautilus_common::clock: Timer 'SIGNAL:9007618767:1789888074775422976' alert time 2026-09-20T07:15:03.014+00:00 was in the past, adjusted to current time for immediate firing[0m
[1m2026-09-20T07:15:03.014000000Z[0m [1;33m[WARN] TRADER-000.nautilus_common::clock: Timer 'SIGNAL:9007618767:1789888075685187072' alert time 2026-09-20T07:15:03.014+00:00 was in the past, adjusted to current time for immediate firing[0m
[1m2026-09-20T07:15:03.014000000Z[0m [1;33m[WARN] TRADER-000.nautilus_common::clock: Timer 'SIGNAL:9007618767:1789888076684312064' alert time 2026-09-20T07:15:03.014+00:00 was in the past, adjusted to current time for immediate firing[0m
[1m2026-09-20T07:15:03.014000000Z[0m [1;33m[WARN] TRADER-000.nautilus_common::clock: Timer 'SIGNAL:9007618767:1789888077675991040' alert time 2026-09-20T07:15:03.014+00:00 was in the past, adjusted to current time for immediate firing[0m
[1m2026-09-20T07:15:03.014000000Z[0m [1;33m[WARN] TRADER-000.nautilus_common::clock: Timer 'SIGNAL:9007618767:1789888078684081920' alert time 2026-09-20T07:15:03.014+00:00 was in the past, adjusted to current time for immediate firing[0m
[1m2026-09-20T07:15:03.014000000Z[0m [1;33m[WARN] TRADER-000.nautilus_common::clock: Timer 'SIGNAL:9007618767:1789888079675883008' alert time 2026-09-20T07:15:03.014+00:00 was in the past, adjusted to current time for immediate firing[0m
[1m2026-09-20T07:15:03.014000000Z[0m [1;33m[WARN] TRADER-000.nautilus_common::clock: Timer 'SIGNAL:9007618767:1789888080675083008' alert time 2026-09-20T07:15:03.014+00:00 was in the past, adjusted to current time for immediate firing[0m
[1m2026-09-20T07:15:03.014000000Z[0m [1;33m[WARN] TRADER-000.nautilus_common::clock: Timer 'SIGNAL:9007618767:1789888081684215040' alert time 2026-09-20T07:15:03.014+00:00 was in the past, adjusted to current time for immediate firing[0m
[1m2026-09-20T07:15:03.014000000Z[0m [1;33m[WARN] TRADER-000.nautilus_common::clock: Timer 'SIGNAL:9007618767:1789888082784056064' alert time 2026-09-20T07:15:03.014+00:00 was in the past, adjusted to current time for immediate firing[0m
[1m2026-09-20T07:15:03.014000000Z[0m [1;33m[WARN] TRADER-000.nautilus_common::clock: Timer 'SIGNAL:9007618767:1789888083686813184' alert time 2026-09-20T07:15:03.014+00:00 was in the past, adjusted to current time for immediate firing[0m
[1m2026-09-20T07:15:03.014000000Z[0m [1;33m[WARN] TRADER-000.nautilus_common::clock: Timer 'SIGNAL:9007618767:1789888084689049856' alert time 2026-09-20T07:15:03.014+00:00 was in the past, adjusted to current time for immediate firing[0m
[1m2026-09-20T07:15:03.014000000Z[0m [1;33m[WARN] TRADER-000.nautilus_common::clock: Timer 'SIGNAL:9007618767:1789888085676078080' alert time 2026-09-20T07:15:03.014+00:00 was in the past, adjusted to current time for immediate firing[0m
[1m2026-09-20T07:15:03.014000000Z[0m [1;33m[WARN] TRADER-000.nautilus_common::clock: Timer 'SIGNAL:9007618767:1789888086682952960' alert time 2026-09-20T07:15:03.014+00:00 was in the past, adjusted to current time for immediate firing[0m
[1m2026-09-20T07:15:03.014000000Z[0m [1;33m[WARN] TRADER-000.nautilus_common::clock: Timer 'SIGNAL:9007618767:1789888087675774208' alert time 2026-09-20T07:15:03.014+00:00 was in the past, adjusted to current time for immediate firing[0m
[1m2026-09-20T07:15:03.014000000Z[0m [1;33m[WARN] TRADER-000.nautilus_common::clock: Timer 'SIGNAL:9007618767:1789888088691703040' alert time 2026-09-20T07:15:03.014+00:00 was in the past, adjusted to current time for immediate firing[0m
[1m2026-09-20T07:15:03.014000000Z[0m [1;33m[WARN] TRADER-000.nautilus_common::clock: Timer 'SIGNAL:9007618767:1789888089673528832' alert time 2026-09-20T07:15:03.014+00:00 was in the past, adjusted to current time for immediate firing[0m
[1m2026-09-20T07:15:03.014000000Z[0m [1;33m[WARN] TRADER-000.nautilus_common::clock: Timer 'SIGNAL:9007618767:1789888090683351040' alert time 2026-09-20T07:15:03.014+00:00 was in the past, adjusted to current time for immediate firing[0m
[1m2026-09-20T07:15:03.014000000Z[0m [1;33m[WARN] TRADER-000.nautilus_common::clock: Timer 'SIGNAL:9007618767:1789888091683689984' alert time 2026-09-20T07:15:03.014+00:00 was in the past, adjusted to current time for immediate firing[0m
[1m2026-09-20T07:15:03.014000000Z[0m [1;33m[WARN] TRADER-000.nautilus_common::clock: Timer 'SIGNAL:9007618767:1789888092696593920' alert time 2026-09-20T07:15:03.014+00:00 was in the past, adjusted to current time for immediate firing[0m
[1m2026-09-20T07:15:03.014000000Z[0m [1;33m[WARN] TRADER-000.nautilus_common::clock: Timer 'SIGNAL:9007618767:1789888093676484096' alert time 2026-09-20T07:15:03.014+00:00 was in the past, adjusted to current time for immediate firing[0m
[1m2026-09-20T07:15:03.014000000Z[0m [1;33m[WARN] TRADER-000.nautilus_common::clock: Timer 'SIGNAL:9007618767:1789888094683012096' alert time 2026-09-20T07:15:03.014+00:00 was in the past, adjusted to current time for immediate firing[0m
[1m2026-09-20T07:15:03.014000000Z[0m [1;33m[WARN] TRADER-000.nautilus_common::clock: Timer 'SIGNAL:9007618767:1789888095775254016' alert time 2026-09-20T07:15:03.014+00:00 was in the past, adjusted to current time for immediate firing[0m
[1m2026-09-20T07:15:03.014000000Z[0m [1;33m[WARN] TRADER-000.nautilus_common::clock: Timer 'SIGNAL:9007618767:1789888096674861824' alert time 2026-09-20T07:15:03.014+00:00 was in the past, adjusted to current time for immediate firing[0m
[1m2026-09-20T07:15:03.014000000Z[0m [1;33m[WARN] TRADER-000.nautilus_common::clock: Timer 'SIGNAL:9007618767:1789888097683224064' alert time 2026-09-20T07:15:03.014+00:00 was in the past, adjusted to current time for immediate firing[0m
[1m2026-09-20T07:15:03.014000000Z[0m [1;33m[WARN] TRADER-000.nautilus_common::clock: Timer 'SIGNAL:9007618767:1789888098676204032' alert time 2026-09-20T07:15:03.014+00:00 was in the past, adjusted to current time for immediate firing[0m
[1m2026-09-20T07:15:03.014000000Z[0m [1;33m[WARN] TRADER-000.nautilus_common::clock: Timer 'SIGNAL:9007618767:1789888099682418176' alert time 2026-09-20T07:15:03.014+00:00 was in the past, adjusted to current time for immediate firing[0m
[1m2026-09-20T07:15:03.014000000Z[0m [1;33m[WARN] TRADER-000.nautilus_common::clock: Timer 'SIGNAL:9007618767:1789888100677041920' alert time 2026-09-20T07:15:03.014+00:00 was in the past, adjusted to current time for immediate firing[0m
[1m2026-09-20T07:15:03.014000000Z[0m [1;33m[WARN] TRADER-000.nautilus_common::clock: Timer 'SIGNAL:9007618767:1789888101777439232' alert time 2026-09-20T07:15:03.014+00:00 was in the past, adjusted to current time for immediate firing[0m
[1m2026-09-20T07:15:03.014000000Z[0m [1;33m[WARN] TRADER-000.nautilus_common::clock: Timer 'SIGNAL:9007618767:1789888102678895104' alert time 2026-09-20T07:15:03.014+00:00 was in the past, adjusted to current time for immediate firing[0m
[1m2026-09-20T07:15:03.014000000Z[0m [1;33m[WARN] TRADER-000.nautilus_common::clock: Timer 'SIGNAL:9007618767:1789888103776315904' alert time 2026-09-20T07:15:03.014+00:00 was in the past, adjusted to current time for immediate firing[0m
[1m2026-09-20T07:15:03.014000000Z[0m [1;33m[WARN] TRADER-000.nautilus_common::clock: Timer 'SIGNAL:9007618767:1789888104675913216' alert time 2026-09-20T07:15:03.014+00:00 was in the past, adjusted to current time for immediate firing[0m
[1m2026-09-20T07:15:03.014000000Z[0m [1;33m[WARN] TRADER-000.nautilus_common::clock: Timer 'SIGNAL:9007618767:1789888105675139840' alert time 2026-09-20T07:15:03.014+00:00 was in the past, adjusted to current time for immediate firing[0m
[1m2026-09-20T07:15:03.014000000Z[0m [1;33m[WARN] TRADER-000.nautilus_common::clock: Timer 'SIGNAL:9007618767:1789888106684456192' alert time 2026-09-20T07:15:03.014+00:00 was in the past, adjusted to current time for immediate firing[0m
[1m2026-09-20T07:15:03.014000000Z[0m [1;33m[WARN] TRADER-000.nautilus_common::clock: Timer 'SIGNAL:9007618767:1789888107675430144' alert time 2026-09-20T07:15:03.014+00:00 was in the past, adjusted to current time for immediate firing[0m
[1m2026-09-20T07:15:03.014000000Z[0m [1;33m[WARN] TRADER-000.nautilus_common::clock: Timer 'SIGNAL:9007618767:1789888108674614016' alert time 2026-09-20T07:15:03.014+00:00 was in the past, adjusted to current time for immediate firing[0m
[1m2026-09-20T07:15:03.014000000Z[0m [1;33m[WARN] TRADER-000.nautilus_common::clock: Timer 'SIGNAL:9007618767:1789888109685206016' alert time 2026-09-20T07:15:03.014+00:00 was in the past, adjusted to current time for immediate firing[0m
[1m2026-09-20T07:15:03.014000000Z[0m [1;33m[WARN] TRADER-000.nautilus_common::clock: Timer 'SIGNAL:9007618767:1789888110700107008' alert time 2026-09-20T07:15:03.014+00:00 was in the past, adjusted to current time for immediate firing[0m
[1m2026-09-20T07:15:03.014000000Z[0m [1;33m[WARN] TRADER-000.nautilus_common::clock: Timer 'SIGNAL:9007618767:1789888111674448896' alert time 2026-09-20T07:15:03.014+00:00 was in the past, adjusted to current time for immediate firing[0m
[1m2026-09-20T07:15:03.014000000Z[0m [1;33m[WARN] TRADER-000.nautilus_common::clock: Timer 'SIGNAL:9007618767:1789888112779900928' alert time 2026-09-20T07:15:03.014+00:00 was in the past, adjusted to current time for immediate firing[0m
[1m2026-09-20T07:15:03.014000000Z[0m [1;33m[WARN] TRADER-000.nautilus_common::clock: Timer 'SIGNAL:9007618767:1789888113677810944' alert time 2026-09-20T07:15:03.014+00:00 was in the past, adjusted to current time for immediate firing[0m
[1m2026-09-20T07:15:03.014000000Z[0m [1;33m[WARN] TRADER-000.nautilus_common::clock: Timer 'SIGNAL:9007618767:1789888114673824000' alert time 2026-09-20T07:15:03.014+00:00 was in the past, adjusted to current time for immediate firing[0m
[1m2026-09-20T07:15:03.014000000Z[0m [1;33m[WARN] TRADER-000.nautilus_common::clock: Timer 'SIGNAL:9007618767:1789888115692198912' alert time 2026-09-20T07:15:03.014+00:00 was in the past, adjusted to current time for immediate firing[0m
[1m2026-09-20T07:15:03.014000000Z[0m [1;33m[WARN] TRADER-000.nautilus_common::clock: Timer 'SIGNAL:9007618767:1789888116686162944' alert time 2026-09-20T07:15:03.014+00:00 was in the past, adjusted to current time for immediate firing[0m
[1m2026-09-20T07:15:03.014000000Z[0m [1;33m[WARN] TRADER-000.nautilus_common::clock: Timer 'SIGNAL:9007618767:1789888117678052864' alert time 2026-09-20T07:15:03.014+00:00 was in the past, adjusted to current time for immediate firing[0m
[1m2026-09-20T07:15:03.014000000Z[0m [1;33m[WARN] TRADER-000.nautilus_common::clock: Timer 'SIGNAL:9007618767:1789888118676487936' alert time 2026-09-20T07:15:03.014+00:00 was in the past, adjusted to current time for immediate firing[0m
[1m2026-09-20T07:15:03.014000000Z[0m [1;33m[WARN] TRADER-000.nautilus_common::clock: Timer 'SIGNAL:9007618767:1789888119674501888' alert time 2026-09-20T07:15:03.014+00:00 was in the past, adjusted to current time for immediate firing[0m
[1m2026-09-20T07:15:03.014000000Z[0m [1;33m[WARN] TRADER-000.nautilus_common::clock: Timer 'SIGNAL:9007618767:1789888120692396032' alert time 2026-09-20T07:15:03.014+00:00 was in the past, adjusted to current time for immediate firing[0m
[1m2026-09-20T07:15:03.014000000Z[0m [1;33m[WARN] TRADER-000.nautilus_common::clock: Timer 'SIGNAL:9007618767:1789888121674074880' alert time 2026-09-20T07:15:03.014+00:00 was in the past, adjusted to current time for immediate firing[0m
[1m2026-09-20T07:15:03.014000000Z[0m [1;33m[WARN] TRADER-000.nautilus_common::clock: Timer 'SIGNAL:9007618767:1789888122678283008' alert time 2026-09-20T07:15:03.014+00:00 was in the past, adjusted to current time for immediate firing[0m
[1m2026-09-20T07:15:03.014000000Z[0m [1;33m[WARN] TRADER-000.nautilus_common::clock: Timer 'SIGNAL:9007618767:1789888123676079872' alert time 2026-09-20T07:15:03.014+00:00 was in the past, adjusted to current time for immediate firing[0m
[1m2026-09-20T07:15:03.014000000Z[0m [1;33m[WARN] TRADER-000.nautilus_common::clock: Timer 'SIGNAL:9007618767:1789888124674834944' alert time 2026-09-20T07:15:03.014+00:00 was in the past, adjusted to current time for immediate firing[0m
[1m2026-09-20T07:15:03.014000000Z[0m [1;33m[WARN] TRADER-000.nautilus_common::clock: Timer 'SIGNAL:9007618767:1789888125695620096' alert time 2026-09-20T07:15:03.014+00:00 was in the past, adjusted to current time for immediate firing[0m
[1m2026-09-20T07:15:03.014000000Z[0m [1;33m[WARN] TRADER-000.nautilus_common::clock: Timer 'SIGNAL:9007618767:1789888126684621056' alert time 2026-09-20T07:15:03.014+00:00 was in the past, adjusted to current time for immediate firing[0m
[1m2026-09-20T07:15:03.014000000Z[0m [1;33m[WARN] TRADER-000.nautilus_common::clock: Timer 'SIGNAL:9007618767:1789888127685103872' alert time 2026-09-20T07:15:03.014+00:00 was in the past, adjusted to current time for immediate firing[0m
[1m2026-09-20T07:15:03.014000000Z[0m [1;33m[WARN] TRADER-000.nautilus_common::clock: Timer 'SIGNAL:9007618767:1789888128675090176' alert time 2026-09-20T07:15:03.014+00:00 was in the past, adjusted to current time for immediate firing[0m
[1m2026-09-20T07:15:03.014000000Z[0m [1;33m[WARN] TRADER-000.nautilus_common::clock: Timer 'SIGNAL:9007618767:1789888129677777152' alert time 2026-09-20T07:15:03.014+00:00 was in the past, adjusted to current time for immediate firing[0m
[1m2026-09-20T07:15:03.014000000Z[0m [1;33m[WARN] TRADER-000.nautilus_common::clock: Timer 'SIGNAL:9007618767:1789888130693903872' alert time 2026-09-20T07:15:03.014+00:00 was in the past, adjusted to current time for immediate firing[0m
[1m2026-09-20T07:15:03.014000000Z[0m [1;33m[WARN] TRADER-000.nautilus_common::clock: Timer 'SIGNAL:9007618767:1789888131685646080' alert time 2026-09-20T07:15:03.014+00:00 was in the past, adjusted to current time for immediate firing[0m
[1m2026-09-20T07:15:03.014000000Z[0m [1;33m[WARN] TRADER-000.nautilus_common::clock: Timer 'SIGNAL:9007618767:1789888132686265088' alert time 2026-09-20T07:15:03.014+00:00 was in the past, adjusted to current time for immediate firing[0m
[1m2026-09-20T07:15:03.014000000Z[0m [1;33m[WARN] TRADER-000.nautilus_common::clock: Timer 'SIGNAL:9007618767:1789888133675781888' alert time 2026-09-20T07:15:03.014+00:00 was in the past, adjusted to current time for immediate firing[0m
[1m2026-09-20T07:15:03.014000000Z[0m [1;33m[WARN] TRADER-000.nautilus_common::clock: Timer 'SIGNAL:9007618767:1789888134681277952' alert time 2026-09-20T07:15:03.014+00:00 was in the past, adjusted to current time for immediate firing[0m
[1m2026-09-20T07:15:03.014000000Z[0m [1;33m[WARN] TRADER-000.nautilus_common::clock: Timer 'SIGNAL:9007618767:1789888135715706112' alert time 2026-09-20T07:15:03.014+00:00 was in the past, adjusted to current time for immediate firing[0m
[1m2026-09-20T07:15:03.014000000Z[0m [1;33m[WARN] TRADER-000.nautilus_common::clock: Timer 'SIGNAL:9007618767:1789888136677017088' alert time 2026-09-20T07:15:03.014+00:00 was in the past, adjusted to current time for immediate firing[0m
[1m2026-09-20T07:15:03.014000000Z[0m [1;33m[WARN] TRADER-000.nautilus_common::clock: Timer 'SIGNAL:9007618767:1789888137679794944' alert time 2026-09-20T07:15:03.014+00:00 was in the past, adjusted to current time for immediate firing[0m
[1m2026-09-20T07:15:03.014000000Z[0m [1;33m[WARN] TRADER-000.nautilus_common::clock: Timer 'SIGNAL:9007618767:1789888138680583936' alert time 2026-09-20T07:15:03.014+00:00 was in the past, adjusted to current time for immediate firing[0m
[1m2026-09-20T07:15:03.014000000Z[0m [1;33m[WARN] TRADER-000.nautilus_common::clock: Timer 'SIGNAL:9007618767:1789888139795736064' alert time 2026-09-20T07:15:03.014+00:00 was in the past, adjusted to current time for immediate firing[0m
[1m2026-09-20T07:15:03.014000000Z[0m [1;33m[WARN] TRADER-000.nautilus_common::clock: Timer 'SIGNAL:9007618767:1789888140781480960' alert time 2026-09-20T07:15:03.014+00:00 was in the past, adjusted to current time for immediate firing[0m
[1m2026-09-20T07:15:03.014000000Z[0m [1;33m[WARN] TRADER-000.nautilus_common::clock: Timer 'SIGNAL:9007618767:1789888141685508096' alert time 2026-09-20T07:15:03.014+00:00 was in the past, adjusted to current time for immediate firing[0m
[1m2026-09-20T07:15:03.014000000Z[0m [1;33m[WARN] TRADER-000.nautilus_common::clock: Timer 'SIGNAL:9007618767:1789888142676229888' alert time 2026-09-20T07:15:03.014+00:00 was in the past, adjusted to current time for immediate firing[0m
[1m2026-09-20T07:15:03.014000000Z[0m [1;33m[WARN] TRADER-000.nautilus_common::clock: Timer 'SIGNAL:9007618767:1789888143680217856' alert time 2026-09-20T07:15:03.014+00:00 was in the past, adjusted to current time for immediate firing[0m
[1m2026-09-20T07:15:03.014000000Z[0m [1;33m[WARN] TRADER-000.nautilus_common::clock: Timer 'SIGNAL:9007618767:1789888144677551104' alert time 2026-09-20T07:15:03.014+00:00 was in the past, adjusted to current time for immediate firing[0m
[1m2026-09-20T07:15:03.014000000Z[0m [1;33m[WARN] TRADER-000.nautilus_common::clock: Timer 'SIGNAL:9007618767:1789888145678976000' alert time 2026-09-20T07:15:03.014+00:00 was in the past, adjusted to current time for immediate firing[0m
[1m2026-09-20T07:15:03.014000000Z[0m [1;33m[WARN] TRADER-000.nautilus_common::clock: Timer 'SIGNAL:9007618767:1789888146676143872' alert time 2026-09-20T07:15:03.014+00:00 was in the past, adjusted to current time for immediate firing[0m
[1m2026-09-20T07:15:03.014000000Z[0m [1;33m[WARN] TRADER-000.nautilus_common::clock: Timer 'SIGNAL:9007618767:1789888147714124032' alert time 2026-09-20T07:15:03.014+00:00 was in the past, adjusted to current time for immediate firing[0m
[1m2026-09-20T07:15:03.014000000Z[0m [1;33m[WARN] TRADER-000.nautilus_common::clock: Timer 'SIGNAL:9007618767:1789888148690368768' alert time 2026-09-20T07:15:03.014+00:00 was in the past, adjusted to current time for immediate firing[0m
[1m2026-09-20T07:15:03.014000000Z[0m [1;33m[WARN] TRADER-000.nautilus_common::clock: Timer 'SIGNAL:9007618767:1789888149684966144' alert time 2026-09-20T07:15:03.014+00:00 was in the past, adjusted to current time for immediate firing[0m
[1m2026-09-20T07:15:03.014000000Z[0m [1;33m[WARN] TRADER-000.nautilus_common::clock: Timer 'SIGNAL:9007618767:1789888150786509056' alert time 2026-09-20T07:15:03.014+00:00 was in the past, adjusted to current time for immediate firing[0m
[1m2026-09-20T07:15:03.014000000Z[0m [1;33m[WARN] TRADER-000.nautilus_common::clock: Timer 'SIGNAL:9007618767:1789888151723408896' alert time 2026-09-20T07:15:03.014+00:00 was in the past, adjusted to current time for immediate firing[0m
[1m2026-09-20T07:15:03.014000000Z[0m [1;33m[WARN] TRADER-000.nautilus_common::clock: Timer 'SIGNAL:9007618767:1789888152685558016' alert time 2026-09-20T07:15:03.014+00:00 was in the past, adjusted to current time for immediate firing[0m
[1m2026-09-20T07:15:03.014000000Z[0m [1;33m[WARN] TRADER-000.nautilus_common::clock: Timer 'SIGNAL:9007618767:1789888153682004992' alert time 2026-09-20T07:15:03.014+00:00 was in the past, adjusted to current time for immediate firing[0m
[1m2026-09-20T07:15:03.014000000Z[0m [1;33m[WARN] TRADER-000.nautilus_common::clock: Timer 'SIGNAL:9007618767:1789888154678932992' alert time 2026-09-20T07:15:03.014+00:00 was in the past, adjusted to current time for immediate firing[0m
[1m2026-09-20T07:15:03.014000000Z[0m [1;33m[WARN] TRADER-000.nautilus_common::clock: Timer 'SIGNAL:9007618767:1789888155674484992' alert time 2026-09-20T07:15:03.014+00:00 was in the past, adjusted to current time for immediate firing[0m
[1m2026-09-20T07:15:03.014000000Z[0m [1;33m[WARN] TRADER-000.nautilus_common::clock: Timer 'SIGNAL:9007618767:1789888156675177984' alert time 2026-09-20T07:15:03.014+00:00 was in the past, adjusted to current time for immediate firing[0m
[1m2026-09-20T07:15:03.014000000Z[0m [1;33m[WARN] TRADER-000.nautilus_common::clock: Timer 'SIGNAL:9007618767:1789888157678843136' alert time 2026-09-20T07:15:03.014+00:00 was in the past, adjusted to current time for immediate firing[0m
[1m2026-09-20T07:15:03.014000000Z[0m [1;33m[WARN] TRADER-000.nautilus_common::clock: Timer 'SIGNAL:9007618767:1789888158686723072' alert time 2026-09-20T07:15:03.014+00:00 was in the past, adjusted to current time for immediate firing[0m
[1m2026-09-20T07:15:03.014000000Z[0m [1;33m[WARN] TRADER-000.nautilus_common::clock: Timer 'SIGNAL:9007618767:1789888159780230912' alert time 2026-09-20T07:15:03.014+00:00 was in the past, adjusted to current time for immediate firing[0m
[1m2026-09-20T07:15:03.014000000Z[0m [1;33m[WARN] TRADER-000.nautilus_common::clock: Timer 'SIGNAL:9007618767:1789888160685844992' alert time 2026-09-20T07:15:03.014+00:00 was in the past, adjusted to current time for immediate firing[0m
[1m2026-09-20T07:15:03.014000000Z[0m [1;33m[WARN] TRADER-000.nautilus_common::clock: Timer 'SIGNAL:9007618767:1789888161680840960' alert time 2026-09-20T07:15:03.014+00:00 was in the past, adjusted to current time for immediate firing[0m
[1m2026-09-20T07:15:03.014000000Z[0m [1;33m[WARN] TRADER-000.nautilus_common::clock: Timer 'SIGNAL:9007618767:1789888162780164096' alert time 2026-09-20T07:15:03.014+00:00 was in the past, adjusted to current time for immediate firing[0m
[1m2026-09-20T07:15:03.014000000Z[0m [1;33m[WARN] TRADER-000.nautilus_common::clock: Timer 'SIGNAL:9007618767:1789888163680037888' alert time 2026-09-20T07:15:03.014+00:00 was in the past, adjusted to current time for immediate firing[0m
[1m2026-09-20T07:15:03.014000000Z[0m [1;33m[WARN] TRADER-000.nautilus_common::clock: Timer 'SIGNAL:9007618767:1789888164680062976' alert time 2026-09-20T07:15:03.014+00:00 was in the past, adjusted to current time for immediate firing[0m
[1m2026-09-20T07:15:03.014000000Z[0m [1;33m[WARN] TRADER-000.nautilus_common::clock: Timer 'SIGNAL:9007618767:1789888165680979968' alert time 2026-09-20T07:15:03.014+00:00 was in the past, adjusted to current time for immediate firing[0m
[1m2026-09-20T07:15:03.014000000Z[0m [1;33m[WARN] TRADER-000.nautilus_common::clock: Timer 'SIGNAL:9007618767:1789888166778045952' alert time 2026-09-20T07:15:03.014+00:00 was in the past, adjusted to current time for immediate firing[0m
[1m2026-09-20T07:15:03.014000000Z[0m [1;33m[WARN] TRADER-000.nautilus_common::clock: Timer 'SIGNAL:9007618767:1789888167681665024' alert time 2026-09-20T07:15:03.014+00:00 was in the past, adjusted to current time for immediate firing[0m
[1m2026-09-20T07:15:03.014000000Z[0m [1;33m[WARN] TRADER-000.nautilus_common::clock: Timer 'SIGNAL:9007618767:1789888168675666176' alert time 2026-09-20T07:15:03.014+00:00 was in the past, adjusted to current time for immediate firing[0m
[1m2026-09-20T07:15:03.014000000Z[0m [1;33m[WARN] TRADER-000.nautilus_common::clock: Timer 'SIGNAL:9007618767:1789888169680335104' alert time 2026-09-20T07:15:03.014+00:00 was in the past, adjusted to current time for immediate firing[0m
[1m2026-09-20T07:15:03.014000000Z[0m [1;33m[WARN] TRADER-000.nautilus_common::clock: Timer 'SIGNAL:9007618767:1789888170683382016' alert time 2026-09-20T07:15:03.014+00:00 was in the past, adjusted to current time for immediate firing[0m
[1m2026-09-20T07:15:03.014000000Z[0m [1;33m[WARN] TRADER-000.nautilus_common::clock: Timer 'SIGNAL:9007618767:1789888171284305152' alert time 2026-09-20T07:15:03.014+00:00 was in the past, adjusted to current time for immediate firing[0m
[1m2026-09-20T07:15:03.014000000Z[0m [1;33m[WARN] TRADER-000.nautilus_common::clock: Timer 'SIGNAL:9007618767:1789888172282675968' alert time 2026-09-20T07:15:03.014+00:00 was in the past, adjusted to current time for immediate firing[0m
[1m2026-09-20T07:15:03.014000000Z[0m [1;33m[WARN] TRADER-000.nautilus_common::clock: Timer 'SIGNAL:9007618767:1789888173682443008' alert time 2026-09-20T07:15:03.014+00:00 was in the past, adjusted to current time for immediate firing[0m
[1m2026-09-20T07:15:03.014000000Z[0m [1;33m[WARN] TRADER-000.nautilus_common::clock: Timer 'SIGNAL:9007618767:1789888174278685952' alert time 2026-09-20T07:15:03.014+00:00 was in the past, adjusted to current time for immediate firing[0m
[1m2026-09-20T07:15:03.014000000Z[0m [1;33m[WARN] TRADER-000.nautilus_common::clock: Timer 'SIGNAL:9007618767:1789888175278667008' alert time 2026-09-20T07:15:03.014+00:00 was in the past, adjusted to current time for immediate firing[0m
[1m2026-09-20T07:15:03.014000000Z[0m [1;33m[WARN] TRADER-000.nautilus_common::clock: Timer 'SIGNAL:9007618767:1789888176274554880' alert time 2026-09-20T07:15:03.014+00:00 was in the past, adjusted to current time for immediate firing[0m
[1m2026-09-20T07:15:03.014000000Z[0m [1;33m[WARN] TRADER-000.nautilus_common::clock: Timer 'SIGNAL:9007618767:1789888177186012928' alert time 2026-09-20T07:15:03.014+00:00 was in the past, adjusted to current time for immediate firing[0m
[1m2026-09-20T07:15:03.014000000Z[0m [1;33m[WARN] TRADER-000.nautilus_common::clock: Timer 'SIGNAL:9007618767:1789888178285810944' alert time 2026-09-20T07:15:03.014+00:00 was in the past, adjusted to current time for immediate firing[0m
[1m2026-09-20T07:15:03.014000000Z[0m [1;33m[WARN] TRADER-000.nautilus_common::clock: Timer 'SIGNAL:9007618767:1789888179283190016' alert time 2026-09-20T07:15:03.014+00:00 was in the past, adjusted to current time for immediate firing[0m
[1m2026-09-20T07:15:03.014000000Z[0m [1;33m[WARN] TRADER-000.nautilus_common::clock: Timer 'SIGNAL:9007618767:1789888180574498048' alert time 2026-09-20T07:15:03.014+00:00 was in the past, adjusted to current time for immediate firing[0m
[1m2026-09-20T07:15:03.014000000Z[0m [1;33m[WARN] TRADER-000.nautilus_common::clock: Timer 'SIGNAL:9007618767:1789888181287913984' alert time 2026-09-20T07:15:03.014+00:00 was in the past, adjusted to current time for immediate firing[0m
[1m2026-09-20T07:15:03.014000000Z[0m [1;33m[WARN] TRADER-000.nautilus_common::clock: Timer 'SIGNAL:9007618767:1789888182181209088' alert time 2026-09-20T07:15:03.014+00:00 was in the past, adjusted to current time for immediate firing[0m
[1m2026-09-20T07:15:03.014000000Z[0m [1;33m[WARN] TRADER-000.nautilus_common::clock: Timer 'SIGNAL:9007618767:1789888183289784064' alert time 2026-09-20T07:15:03.014+00:00 was in the past, adjusted to current time for immediate firing[0m
[1m2026-09-20T07:15:03.014000000Z[0m [1;33m[WARN] TRADER-000.nautilus_common::clock: Timer 'SIGNAL:9007618767:1789888184183439104' alert time 2026-09-20T07:15:03.014+00:00 was in the past, adjusted to current time for immediate firing[0m
[1m2026-09-20T07:15:03.014000000Z[0m [1;33m[WARN] TRADER-000.nautilus_common::clock: Timer 'SIGNAL:9007618767:1789888185274341120' alert time 2026-09-20T07:15:03.014+00:00 was in the past, adjusted to current time for immediate firing[0m
[1m2026-09-20T07:15:03.014000000Z[0m [1;33m[WARN] TRADER-000.nautilus_common::clock: Timer 'SIGNAL:9007618767:1789888186279511040' alert time 2026-09-20T07:15:03.014+00:00 was in the past, adjusted to current time for immediate firing[0m
[1m2026-09-20T07:15:03.014000000Z[0m [1;33m[WARN] TRADER-000.nautilus_common::clock: Timer 'SIGNAL:9007618767:1789888187188396032' alert time 2026-09-20T07:15:03.014+00:00 was in the past, adjusted to current time for immediate firing[0m
[1m2026-09-20T07:15:03.014000000Z[0m [1;33m[WARN] TRADER-000.nautilus_common::clock: Timer 'SIGNAL:9007618767:1789888188292965888' alert time 2026-09-20T07:15:03.014+00:00 was in the past, adjusted to current time for immediate firing[0m
[1m2026-09-20T07:15:03.014000000Z[0m [1;33m[WARN] TRADER-000.nautilus_common::clock: Timer 'SIGNAL:9007618767:1789888189275161088' alert time 2026-09-20T07:15:03.014+00:00 was in the past, adjusted to current time for immediate firing[0m
[1m2026-09-20T07:15:03.014000000Z[0m [1;33m[WARN] TRADER-000.nautilus_common::clock: Timer 'SIGNAL:9007618767:1789888190282381056' alert time 2026-09-20T07:15:03.014+00:00 was in the past, adjusted to current time for immediate firing[0m
[1m2026-09-20T07:15:03.014000000Z[0m [1;33m[WARN] TRADER-000.nautilus_common::clock: Timer 'SIGNAL:9007618767:1789888191284642816' alert time 2026-09-20T07:15:03.014+00:00 was in the past, adjusted to current time for immediate firing[0m
[1m2026-09-20T07:15:03.014000000Z[0m [1;33m[WARN] TRADER-000.nautilus_common::clock: Timer 'SIGNAL:9007618767:1789888192284663808' alert time 2026-09-20T07:15:03.014+00:00 was in the past, adjusted to current time for immediate firing[0m
[1m2026-09-20T07:15:03.014000000Z[0m [1;33m[WARN] TRADER-000.nautilus_common::clock: Timer 'SIGNAL:9007618767:1789888193287916800' alert time 2026-09-20T07:15:03.014+00:00 was in the past, adjusted to current time for immediate firing[0m
[1m2026-09-20T07:15:03.014000000Z[0m [1;33m[WARN] TRADER-000.nautilus_common::clock: Timer 'SIGNAL:9007618767:1789888194279629824' alert time 2026-09-20T07:15:03.014+00:00 was in the past, adjusted to current time for immediate firing[0m
[1m2026-09-20T07:15:03.014000000Z[0m [1;33m[WARN] TRADER-000.nautilus_common::clock: Timer 'SIGNAL:9007618767:1789888195210784000' alert time 2026-09-20T07:15:03.014+00:00 was in the past, adjusted to current time for immediate firing[0m
[1m2026-09-20T07:15:03.014000000Z[0m [1;33m[WARN] TRADER-000.nautilus_common::clock: Timer 'SIGNAL:9007618767:1789888196189035008' alert time 2026-09-20T07:15:03.014+00:00 was in the past, adjusted to current time for immediate firing[0m
[1m2026-09-20T07:15:03.014000000Z[0m [1;33m[WARN] TRADER-000.nautilus_common::clock: Timer 'SIGNAL:9007618767:1789888197286051072' alert time 2026-09-20T07:15:03.014+00:00 was in the past, adjusted to current time for immediate firing[0m
[1m2026-09-20T07:15:03.014000000Z[0m [1;33m[WARN] TRADER-000.nautilus_common::clock: Timer 'SIGNAL:9007618767:1789888198285784064' alert time 2026-09-20T07:15:03.014+00:00 was in the past, adjusted to current time for immediate firing[0m
[1m2026-09-20T07:15:03.014000000Z[0m [1;33m[WARN] TRADER-000.nautilus_common::clock: Timer 'SIGNAL:9007618767:1789888199175913984' alert time 2026-09-20T07:15:03.014+00:00 was in the past, adjusted to current time for immediate firing[0m
[1m2026-09-20T07:15:03.014000000Z[0m [1;33m[WARN] TRADER-000.nautilus_common::clock: Timer 'SIGNAL:9007618767:1789888200288999936' alert time 2026-09-20T07:15:03.014+00:00 was in the past, adjusted to current time for immediate firing[0m
[1m2026-09-20T07:15:03.014000000Z[0m [1;33m[WARN] TRADER-000.nautilus_common::clock: Timer 'SIGNAL:9007618767:1789888202684057088' alert time 2026-09-20T07:15:03.014+00:00 was in the past, adjusted to current time for immediate firing[0m
[1m2026-09-20T07:15:03.014000000Z[0m [1;33m[WARN] TRADER-000.nautilus_common::clock: Timer 'SIGNAL:9007618767:1789888203721210112' alert time 2026-09-20T07:15:03.014+00:00 was in the past, adjusted to current time for immediate firing[0m
[1m2026-09-20T07:15:03.014000000Z[0m [1;33m[WARN] TRADER-000.nautilus_common::clock: Timer 'SIGNAL:9007618767:1789888204682134016' alert time 2026-09-20T07:15:03.014+00:00 was in the past, adjusted to current time for immediate firing[0m
[1m2026-09-20T07:15:03.014000000Z[0m [1;33m[WARN] TRADER-000.nautilus_common::clock: Timer 'SIGNAL:9007618767:1789888205690500864' alert time 2026-09-20T07:15:03.014+00:00 was in the past, adjusted to current time for immediate firing[0m
[1m2026-09-20T07:15:03.014000000Z[0m [1;33m[WARN] TRADER-000.nautilus_common::clock: Timer 'SIGNAL:9007618767:1789888206690040064' alert time 2026-09-20T07:15:03.014+00:00 was in the past, adjusted to current time for immediate firing[0m
[1m2026-09-20T07:15:03.014000000Z[0m [1;33m[WARN] TRADER-000.nautilus_common::clock: Timer 'SIGNAL:9007618767:1789888207685129984' alert time 2026-09-20T07:15:03.014+00:00 was in the past, adjusted to current time for immediate firing[0m
[1m2026-09-20T07:15:03.014000000Z[0m [1;33m[WARN] TRADER-000.nautilus_common::clock: Timer 'SIGNAL:9007618767:1789888208675833088' alert time 2026-09-20T07:15:03.014+00:00 was in the past, adjusted to current time for immediate firing[0m
[1m2026-09-20T07:15:03.014000000Z[0m [1;33m[WARN] TRADER-000.nautilus_common::clock: Timer 'SIGNAL:9007618767:1789888209679697920' alert time 2026-09-20T07:15:03.014+00:00 was in the past, adjusted to current time for immediate firing[0m
[1m2026-09-20T07:15:03.014000000Z[0m [1;33m[WARN] TRADER-000.nautilus_common::clock: Timer 'SIGNAL:9007618767:1789888210691017984' alert time 2026-09-20T07:15:03.014+00:00 was in the past, adjusted to current time for immediate firing[0m
[1m2026-09-20T07:15:03.014000000Z[0m [1;33m[WARN] TRADER-000.nautilus_common::clock: Timer 'SIGNAL:9007618767:1789888211707771136' alert time 2026-09-20T07:15:03.014+00:00 was in the past, adjusted to current time for immediate firing[0m
[1m2026-09-20T07:15:03.014000000Z[0m [1;33m[WARN] TRADER-000.nautilus_common::clock: Timer 'SIGNAL:9007618767:1789888212689945856' alert time 2026-09-20T07:15:03.014+00:00 was in the past, adjusted to current time for immediate firing[0m
[1m2026-09-20T07:15:03.014000000Z[0m [1;33m[WARN] TRADER-000.nautilus_common::clock: Timer 'SIGNAL:9007618767:1789888213691490048' alert time 2026-09-20T07:15:03.014+00:00 was in the past, adjusted to current time for immediate firing[0m
[1m2026-09-20T07:15:03.014000000Z[0m [1;33m[WARN] TRADER-000.nautilus_common::clock: Timer 'SIGNAL:9007618767:1789888214675107840' alert time 2026-09-20T07:15:03.014+00:00 was in the past, adjusted to current time for immediate firing[0m
[1m2026-09-20T07:15:03.014000000Z[0m [1;33m[WARN] TRADER-000.nautilus_common::clock: Timer 'SIGNAL:9007618767:1789888215687820800' alert time 2026-09-20T07:15:03.014+00:00 was in the past, adjusted to current time for immediate firing[0m
[1m2026-09-20T07:15:03.014000000Z[0m [1;33m[WARN] TRADER-000.nautilus_common::clock: Timer 'SIGNAL:9007618767:1789888216675019008' alert time 2026-09-20T07:15:03.014+00:00 was in the past, adjusted to current time for immediate firing[0m
[1m2026-09-20T07:15:03.014000000Z[0m [1;33m[WARN] TRADER-000.nautilus_common::clock: Timer 'SIGNAL:9007618767:1789888217692965888' alert time 2026-09-20T07:15:03.014+00:00 was in the past, adjusted to current time for immediate firing[0m
[1m2026-09-20T07:15:03.014000000Z[0m [1;33m[WARN] TRADER-000.nautilus_common::clock: Timer 'SIGNAL:9007618767:1789888218792728064' alert time 2026-09-20T07:15:03.014+00:00 was in the past, adjusted to current time for immediate firing[0m
[1m2026-09-20T07:15:03.014000000Z[0m [1;33m[WARN] TRADER-000.nautilus_common::clock: Timer 'SIGNAL:9007618767:1789888219674619904' alert time 2026-09-20T07:15:03.014+00:00 was in the past, adjusted to current time for immediate firing[0m
[1m2026-09-20T07:15:03.014000000Z[0m [1;33m[WARN] TRADER-000.nautilus_common::clock: Timer 'SIGNAL:9007618767:1789888220693916928' alert time 2026-09-20T07:15:03.014+00:00 was in the past, adjusted to current time for immediate firing[0m
[1m2026-09-20T07:15:03.014000000Z[0m [1;33m[WARN] TRADER-000.nautilus_common::clock: Timer 'SIGNAL:9007618767:1789888221682917120' alert time 2026-09-20T07:15:03.014+00:00 was in the past, adjusted to current time for immediate firing[0m
[1m2026-09-20T07:15:03.014000000Z[0m [1;33m[WARN] TRADER-000.nautilus_common::clock: Timer 'SIGNAL:9007618767:1789888222677480960' alert time 2026-09-20T07:15:03.014+00:00 was in the past, adjusted to current time for immediate firing[0m
[1m2026-09-20T07:15:03.014000000Z[0m [1;33m[WARN] TRADER-000.nautilus_common::clock: Timer 'SIGNAL:9007618767:1789888223681821184' alert time 2026-09-20T07:15:03.014+00:00 was in the past, adjusted to current time for immediate firing[0m
[1m2026-09-20T07:15:03.014000000Z[0m [1;33m[WARN] TRADER-000.nautilus_common::clock: Timer 'SIGNAL:9007618767:1789888224692148992' alert time 2026-09-20T07:15:03.014+00:00 was in the past, adjusted to current time for immediate firing[0m
[1m2026-09-20T07:15:03.014000000Z[0m [1;33m[WARN] TRADER-000.nautilus_common::clock: Timer 'SIGNAL:9007618767:1789888225717426944' alert time 2026-09-20T07:15:03.014+00:00 was in the past, adjusted to current time for immediate firing[0m
[1m2026-09-20T07:15:03.014000000Z[0m [1;33m[WARN] TRADER-000.nautilus_common::clock: Timer 'SIGNAL:9007618767:1789888226783824896' alert time 2026-09-20T07:15:03.014+00:00 was in the past, adjusted to current time for immediate firing[0m
[1m2026-09-20T07:15:03.014000000Z[0m [1;33m[WARN] TRADER-000.nautilus_common::clock: Timer 'SIGNAL:9007618767:1789888227680124160' alert time 2026-09-20T07:15:03.014+00:00 was in the past, adjusted to current time for immediate firing[0m
[1m2026-09-20T07:15:03.014000000Z[0m [1;33m[WARN] TRADER-000.nautilus_common::clock: Timer 'SIGNAL:9007618767:1789888228679966976' alert time 2026-09-20T07:15:03.014+00:00 was in the past, adjusted to current time for immediate firing[0m
[1m2026-09-20T07:15:03.014000000Z[0m [1;33m[WARN] TRADER-000.nautilus_common::clock: Timer 'SIGNAL:9007618767:1789888229680413952' alert time 2026-09-20T07:15:03.014+00:00 was in the past, adjusted to current time for immediate firing[0m
[1m2026-09-20T07:15:03.014000000Z[0m [1;33m[WARN] TRADER-000.nautilus_common::clock: Timer 'SIGNAL:9007618767:1789888230714958848' alert time 2026-09-20T07:15:03.014+00:00 was in the past, adjusted to current time for immediate firing[0m
[1m2026-09-20T07:15:03.014000000Z[0m [1;33m[WARN] TRADER-000.nautilus_common::clock: Timer 'SIGNAL:9007618767:1789888231682363904' alert time 2026-09-20T07:15:03.014+00:00 was in the past, adjusted to current time for immediate firing[0m
[1m2026-09-20T07:15:03.014000000Z[0m [1;33m[WARN] TRADER-000.nautilus_common::clock: Timer 'SIGNAL:9007618767:1789888232689608960' alert time 2026-09-20T07:15:03.014+00:00 was in the past, adjusted to current time for immediate firing[0m
[1m2026-09-20T07:15:03.014000000Z[0m [1;33m[WARN] TRADER-000.nautilus_common::clock: Timer 'SIGNAL:9007618767:1789888233682298880' alert time 2026-09-20T07:15:03.014+00:00 was in the past, adjusted to current time for immediate firing[0m
[1m2026-09-20T07:15:03.014000000Z[0m [1;33m[WARN] TRADER-000.nautilus_common::clock: Timer 'SIGNAL:9007618767:1789888234692687104' alert time 2026-09-20T07:15:03.014+00:00 was in the past, adjusted to current time for immediate firing[0m
[1m2026-09-20T07:15:03.014000000Z[0m [1;33m[WARN] TRADER-000.nautilus_common::clock: Timer 'SIGNAL:9007618767:1789888235690871040' alert time 2026-09-20T07:15:03.014+00:00 was in the past, adjusted to current time for immediate firing[0m
[1m2026-09-20T07:15:03.014000000Z[0m [1;33m[WARN] TRADER-000.nautilus_common::clock: Timer 'SIGNAL:9007618767:1789888236581965056' alert time 2026-09-20T07:15:03.014+00:00 was in the past, adjusted to current time for immediate firing[0m
[1m2026-09-20T07:15:03.014000000Z[0m [1;33m[WARN] TRADER-000.nautilus_common::clock: Timer 'SIGNAL:9007618767:1789888237686737920' alert time 2026-09-20T07:15:03.014+00:00 was in the past, adjusted to current time for immediate firing[0m
[1m2026-09-20T07:15:03.014000000Z[0m [1;33m[WARN] TRADER-000.nautilus_common::clock: Timer 'SIGNAL:9007618767:1789888238685870848' alert time 2026-09-20T07:15:03.014+00:00 was in the past, adjusted to current time for immediate firing[0m
[1m2026-09-20T07:15:03.014000000Z[0m [1;33m[WARN] TRADER-000.nautilus_common::clock: Timer 'SIGNAL:9007618767:1789888239694608896' alert time 2026-09-20T07:15:03.014+00:00 was in the past, adjusted to current time for immediate firing[0m
[1m2026-09-20T07:15:03.014000000Z[0m [1;33m[WARN] TRADER-000.nautilus_common::clock: Timer 'SIGNAL:9007618767:1789888240683012096' alert time 2026-09-20T07:15:03.014+00:00 was in the past, adjusted to current time for immediate firing[0m
[1m2026-09-20T07:15:03.014000000Z[0m [1;33m[WARN] TRADER-000.nautilus_common::clock: Timer 'SIGNAL:9007618767:1789888241680759040' alert time 2026-09-20T07:15:03.014+00:00 was in the past, adjusted to current time for immediate firing[0m
[1m2026-09-20T07:15:03.014000000Z[0m [1;33m[WARN] TRADER-000.nautilus_common::clock: Timer 'SIGNAL:9007618767:1789888242685051904' alert time 2026-09-20T07:15:03.014+00:00 was in the past, adjusted to current time for immediate firing[0m
[1m2026-09-20T07:15:03.014000000Z[0m [1;33m[WARN] TRADER-000.nautilus_common::clock: Timer 'SIGNAL:9007618767:1789888243589686016' alert time 2026-09-20T07:15:03.014+00:00 was in the past, adjusted to current time for immediate firing[0m
[1m2026-09-20T07:15:03.014000000Z[0m [1;33m[WARN] TRADER-000.nautilus_common::clock: Timer 'SIGNAL:9007618767:1789888244588630016' alert time 2026-09-20T07:15:03.014+00:00 was in the past, adjusted to current time for immediate firing[0m
[1m2026-09-20T07:15:03.014000000Z[0m [1;33m[WARN] TRADER-000.nautilus_common::clock: Timer 'SIGNAL:9007618767:1789888245687254016' alert time 2026-09-20T07:15:03.014+00:00 was in the past, adjusted to current time for immediate firing[0m
[1m2026-09-20T07:15:03.014000000Z[0m [1;33m[WARN] TRADER-000.nautilus_common::clock: Timer 'SIGNAL:9007618767:1789888246681500928' alert time 2026-09-20T07:15:03.014+00:00 was in the past, adjusted to current time for immediate firing[0m
[1m2026-09-20T07:15:03.014000000Z[0m [1;33m[WARN] TRADER-000.nautilus_common::clock: Timer 'SIGNAL:9007618767:1789888247681260032' alert time 2026-09-20T07:15:03.014+00:00 was in the past, adjusted to current time for immediate firing[0m
[1m2026-09-20T07:15:03.014000000Z[0m [1;33m[WARN] TRADER-000.nautilus_common::clock: Timer 'SIGNAL:9007618767:1789888248681554176' alert time 2026-09-20T07:15:03.014+00:00 was in the past, adjusted to current time for immediate firing[0m
[1m2026-09-20T07:15:03.014000000Z[0m [1;33m[WARN] TRADER-000.nautilus_common::clock: Timer 'SIGNAL:9007618767:1789888249680859136' alert time 2026-09-20T07:15:03.014+00:00 was in the past, adjusted to current time for immediate firing[0m
[1m2026-09-20T07:15:03.014000000Z[0m [1;33m[WARN] TRADER-000.nautilus_common::clock: Timer 'SIGNAL:9007618767:1789888250692867072' alert time 2026-09-20T07:15:03.014+00:00 was in the past, adjusted to current time for immediate firing[0m
[1m2026-09-20T07:15:03.014000000Z[0m [1;33m[WARN] TRADER-000.nautilus_common::clock: Timer 'SIGNAL:9007618767:1789888251675080960' alert time 2026-09-20T07:15:03.014+00:00 was in the past, adjusted to current time for immediate firing[0m
[1m2026-09-20T07:15:03.014000000Z[0m [1;33m[WARN] TRADER-000.nautilus_common::clock: Timer 'SIGNAL:9007618767:1789888252681814016' alert time 2026-09-20T07:15:03.014+00:00 was in the past, adjusted to current time for immediate firing[0m
[1m2026-09-20T07:15:03.014000000Z[0m [1;33m[WARN] TRADER-000.nautilus_common::clock: Timer 'SIGNAL:9007618767:1789888253679933184' alert time 2026-09-20T07:15:03.014+00:00 was in the past, adjusted to current time for immediate firing[0m
[1m2026-09-20T07:15:03.014000000Z[0m [1;33m[WARN] TRADER-000.nautilus_common::clock: Timer 'SIGNAL:9007618767:1789888254677949952' alert time 2026-09-20T07:15:03.014+00:00 was in the past, adjusted to current time for immediate firing[0m
[1m2026-09-20T07:15:03.014000000Z[0m [1;33m[WARN] TRADER-000.nautilus_common::clock: Timer 'SIGNAL:9007618767:1789888255691421952' alert time 2026-09-20T07:15:03.014+00:00 was in the past, adjusted to current time for immediate firing[0m
[1m2026-09-20T07:15:03.014000000Z[0m [1;33m[WARN] TRADER-000.nautilus_common::clock: Timer 'SIGNAL:9007618767:1789888256685223168' alert time 2026-09-20T07:15:03.014+00:00 was in the past, adjusted to current time for immediate firing[0m
[1m2026-09-20T07:15:03.014000000Z[0m [1;33m[WARN] TRADER-000.nautilus_common::clock: Timer 'SIGNAL:9007618767:1789888258774216960' alert time 2026-09-20T07:15:03.014+00:00 was in the past, adjusted to current time for immediate firing[0m
[1m2026-09-20T07:15:03.014000000Z[0m [1;33m[WARN] TRADER-000.nautilus_common::clock: Timer 'SIGNAL:9007618767:1789888259589026048' alert time 2026-09-20T07:15:03.014+00:00 was in the past, adjusted to current time for immediate firing[0m
[1m2026-09-20T07:15:03.014000000Z[0m [1;33m[WARN] TRADER-000.nautilus_common::clock: Timer 'SIGNAL:9007618767:1789888260687310848' alert time 2026-09-20T07:15:03.014+00:00 was in the past, adjusted to current time for immediate firing[0m
[1m2026-09-20T07:15:03.014000000Z[0m [1;33m[WARN] TRADER-000.nautilus_common::clock: Timer 'SIGNAL:9007618767:1789888261703480064' alert time 2026-09-20T07:15:03.014+00:00 was in the past, adjusted to current time for immediate firing[0m
[1m2026-09-20T07:15:03.014000000Z[0m [1;33m[WARN] TRADER-000.nautilus_common::clock: Timer 'SIGNAL:9007618767:1789888262688289024' alert time 2026-09-20T07:15:03.014+00:00 was in the past, adjusted to current time for immediate firing[0m
[1m2026-09-20T07:15:03.014000000Z[0m [1;33m[WARN] TRADER-000.nautilus_common::clock: Timer 'SIGNAL:9007618767:1789888263574600960' alert time 2026-09-20T07:15:03.014+00:00 was in the past, adjusted to current time for immediate firing[0m
[1m2026-09-20T07:15:03.014000000Z[0m [1;33m[WARN] TRADER-000.nautilus_common::clock: Timer 'SIGNAL:9007618767:1789888264687315968' alert time 2026-09-20T07:15:03.014+00:00 was in the past, adjusted to current time for immediate firing[0m
[1m2026-09-20T07:15:03.014000000Z[0m [1;33m[WARN] TRADER-000.nautilus_common::clock: Timer 'SIGNAL:9007618767:1789888265686074112' alert time 2026-09-20T07:15:03.014+00:00 was in the past, adjusted to current time for immediate firing[0m
[1m2026-09-20T07:15:03.014000000Z[0m [1;33m[WARN] TRADER-000.nautilus_common::clock: Timer 'SIGNAL:9007618767:1789888266675868160' alert time 2026-09-20T07:15:03.014+00:00 was in the past, adjusted to current time for immediate firing[0m
[1m2026-09-20T07:15:03.014000000Z[0m [1;33m[WARN] TRADER-000.nautilus_common::clock: Timer 'SIGNAL:9007618767:1789888267682764032' alert time 2026-09-20T07:15:03.014+00:00 was in the past, adjusted to current time for immediate firing[0m
[1m2026-09-20T07:15:03.014000000Z[0m [1;33m[WARN] TRADER-000.nautilus_common::clock: Timer 'SIGNAL:9007618767:1789888268686780928' alert time 2026-09-20T07:15:03.014+00:00 was in the past, adjusted to current time for immediate firing[0m
[1m2026-09-20T07:15:03.014000000Z[0m [1;33m[WARN] TRADER-000.nautilus_common::clock: Timer 'SIGNAL:9007618767:1789888269682932992' alert time 2026-09-20T07:15:03.014+00:00 was in the past, adjusted to current time for immediate firing[0m
[1m2026-09-20T07:15:03.014000000Z[0m [1;33m[WARN] TRADER-000.nautilus_common::clock: Timer 'SIGNAL:9007618767:1789888270674546944' alert time 2026-09-20T07:15:03.014+00:00 was in the past, adjusted to current time for immediate firing[0m
[1m2026-09-20T07:15:03.014000000Z[0m [1;33m[WARN] TRADER-000.nautilus_common::clock: Timer 'SIGNAL:9007618767:1789888271682853888' alert time 2026-09-20T07:15:03.014+00:00 was in the past, adjusted to current time for immediate firing[0m
[1m2026-09-20T07:15:03.014000000Z[0m [1;33m[WARN] TRADER-000.nautilus_common::clock: Timer 'SIGNAL:9007618767:1789888272683710208' alert time 2026-09-20T07:15:03.014+00:00 was in the past, adjusted to current time for immediate firing[0m
[1m2026-09-20T07:15:03.014000000Z[0m [1;33m[WARN] TRADER-000.nautilus_common::clock: Timer 'SIGNAL:9007618767:1789888273690528000' alert time 2026-09-20T07:15:03.014+00:00 was in the past, adjusted to current time for immediate firing[0m
[1m2026-09-20T07:15:03.014000000Z[0m [1;33m[WARN] TRADER-000.nautilus_common::clock: Timer 'SIGNAL:9007618767:1789888274690722048' alert time 2026-09-20T07:15:03.014+00:00 was in the past, adjusted to current time for immediate firing[0m
[1m2026-09-20T07:15:03.014000000Z[0m [1;33m[WARN] TRADER-000.nautilus_common::clock: Timer 'SIGNAL:9007618767:1789888275789028864' alert time 2026-09-20T07:15:03.014+00:00 was in the past, adjusted to current time for immediate firing[0m
[1m2026-09-20T07:15:03.014000000Z[0m [1;33m[WARN] TRADER-000.nautilus_common::clock: Timer 'SIGNAL:9007618767:1789888276693180928' alert time 2026-09-20T07:15:03.014+00:00 was in the past, adjusted to current time for immediate firing[0m
[1m2026-09-20T07:15:03.014000000Z[0m [1;33m[WARN] TRADER-000.nautilus_common::clock: Timer 'SIGNAL:9007618767:1789888277676549888' alert time 2026-09-20T07:15:03.014+00:00 was in the past, adjusted to current time for immediate firing[0m
[1m2026-09-20T07:15:03.014000000Z[0m [1;33m[WARN] TRADER-000.nautilus_common::clock: Timer 'SIGNAL:9007618767:1789888278693961984' alert time 2026-09-20T07:15:03.014+00:00 was in the past, adjusted to current time for immediate firing[0m
[1m2026-09-20T07:15:03.014000000Z[0m [1;33m[WARN] TRADER-000.nautilus_common::clock: Timer 'SIGNAL:9007618767:1789888279576004096' alert time 2026-09-20T07:15:03.014+00:00 was in the past, adjusted to current time for immediate firing[0m
[1m2026-09-20T07:15:03.014000000Z[0m [1;33m[WARN] TRADER-000.nautilus_common::clock: Timer 'SIGNAL:9007618767:1789888280630042112' alert time 2026-09-20T07:15:03.014+00:00 was in the past, adjusted to current time for immediate firing[0m
[1m2026-09-20T07:15:03.014000000Z[0m [1;33m[WARN] TRADER-000.nautilus_common::clock: Timer 'SIGNAL:9007618767:1789888281675367168' alert time 2026-09-20T07:15:03.014+00:00 was in the past, adjusted to current time for immediate firing[0m
[1m2026-09-20T07:15:03.014000000Z[0m [1;33m[WARN] TRADER-000.nautilus_common::clock: Timer 'SIGNAL:9007618767:1789888282389437952' alert time 2026-09-20T07:15:03.014+00:00 was in the past, adjusted to current time for immediate firing[0m
[1m2026-09-20T07:15:03.014000000Z[0m [1;33m[WARN] TRADER-000.nautilus_common::clock: Timer 'SIGNAL:9007618767:1789888283380718848' alert time 2026-09-20T07:15:03.014+00:00 was in the past, adjusted to current time for immediate firing[0m
[1m2026-09-20T07:15:03.014000000Z[0m [1;33m[WARN] TRADER-000.nautilus_common::clock: Timer 'SIGNAL:9007618767:1789888284387069952' alert time 2026-09-20T07:15:03.014+00:00 was in the past, adjusted to current time for immediate firing[0m
[1m2026-09-20T07:15:03.014000000Z[0m [1;33m[WARN] TRADER-000.nautilus_common::clock: Timer 'SIGNAL:9007618767:1789888285390439936' alert time 2026-09-20T07:15:03.014+00:00 was in the past, adjusted to current time for immediate firing[0m
[1m2026-09-20T07:15:03.014000000Z[0m [1;33m[WARN] TRADER-000.nautilus_common::clock: Timer 'SIGNAL:9007618767:1789888286482171904' alert time 2026-09-20T07:15:03.014+00:00 was in the past, adjusted to current time for immediate firing[0m
[1m2026-09-20T07:15:03.014000000Z[0m [1;33m[WARN] TRADER-000.nautilus_common::clock: Timer 'SIGNAL:9007618767:1789888287381761024' alert time 2026-09-20T07:15:03.014+00:00 was in the past, adjusted to current time for immediate firing[0m
[1m2026-09-20T07:15:03.014000000Z[0m [1;33m[WARN] TRADER-000.nautilus_common::clock: Timer 'SIGNAL:9007618767:1789888288382409216' alert time 2026-09-20T07:15:03.014+00:00 was in the past, adjusted to current time for immediate firing[0m
[1m2026-09-20T07:15:03.014000000Z[0m [1;33m[WARN] TRADER-000.nautilus_common::clock: Timer 'SIGNAL:9007618767:1789888289386696192' alert time 2026-09-20T07:15:03.014+00:00 was in the past, adjusted to current time for immediate firing[0m
[1m2026-09-20T07:15:03.014000000Z[0m [1;33m[WARN] TRADER-000.nautilus_common::clock: Timer 'SIGNAL:9007618767:1789888290381107200' alert time 2026-09-20T07:15:03.014+00:00 was in the past, adjusted to current time for immediate firing[0m
[1m2026-09-20T07:15:03.014000000Z[0m [1;33m[WARN] TRADER-000.nautilus_common::clock: Timer 'SIGNAL:9007618767:1789888291391751168' alert time 2026-09-20T07:15:03.014+00:00 was in the past, adjusted to current time for immediate firing[0m
[1m2026-09-20T07:15:03.014000000Z[0m [1;33m[WARN] TRADER-000.nautilus_common::clock: Timer 'SIGNAL:9007618767:1789888292474440192' alert time 2026-09-20T07:15:03.014+00:00 was in the past, adjusted to current time for immediate firing[0m
[1m2026-09-20T07:15:03.014000000Z[0m [1;33m[WARN] TRADER-000.nautilus_common::clock: Timer 'SIGNAL:9007618767:1789888293382332928' alert time 2026-09-20T07:15:03.014+00:00 was in the past, adjusted to current time for immediate firing[0m
[1m2026-09-20T07:15:03.014000000Z[0m [1;33m[WARN] TRADER-000.nautilus_common::clock: Timer 'SIGNAL:9007618767:1789888294386255872' alert time 2026-09-20T07:15:03.014+00:00 was in the past, adjusted to current time for immediate firing[0m
[1m2026-09-20T07:15:03.014000000Z[0m [1;33m[WARN] TRADER-000.nautilus_common::clock: Timer 'SIGNAL:9007618767:1789888295382155008' alert time 2026-09-20T07:15:03.014+00:00 was in the past, adjusted to current time for immediate firing[0m
[1m2026-09-20T07:15:03.014000000Z[0m [1;33m[WARN] TRADER-000.nautilus_common::clock: Timer 'SIGNAL:9007618767:1789888296385788928' alert time 2026-09-20T07:15:03.014+00:00 was in the past, adjusted to current time for immediate firing[0m
[1m2026-09-20T07:15:03.014000000Z[0m [1;33m[WARN] TRADER-000.nautilus_common::clock: Timer 'SIGNAL:9007618767:1789888297375076096' alert time 2026-09-20T07:15:03.014+00:00 was in the past, adjusted to current time for immediate firing[0m
[1m2026-09-20T07:15:03.014000000Z[0m [1;33m[WARN] TRADER-000.nautilus_common::clock: Timer 'SIGNAL:9007618767:1789888298393245952' alert time 2026-09-20T07:15:03.014+00:00 was in the past, adjusted to current time for immediate firing[0m
[1m2026-09-20T07:15:03.014000000Z[0m [1;33m[WARN] TRADER-000.nautilus_common::clock: Timer 'SIGNAL:9007618767:1789888299385415168' alert time 2026-09-20T07:15:03.014+00:00 was in the past, adjusted to current time for immediate firing[0m
[1m2026-09-20T07:15:03.014000000Z[0m [1;33m[WARN] TRADER-000.nautilus_common::clock: Timer 'SIGNAL:9007618767:1789888300382088960' alert time 2026-09-20T07:15:03.014+00:00 was in the past, adjusted to current time for immediate firing[0m
[1m2026-09-20T07:15:03.014000000Z[0m [1;33m[WARN] TRADER-000.nautilus_common::clock: Timer 'SIGNAL:9007618767:1789888302285228032' alert time 2026-09-20T07:15:03.014+00:00 was in the past, adjusted to current time for immediate firing[0m
[1m2026-09-20T07:15:03.014000000Z[0m [1;33m[WARN] TRADER-000.nautilus_common::clock: Timer 'SIGNAL:9007618767:1789888303391710976' alert time 2026-09-20T07:15:03.014+00:00 was in the past, adjusted to current time for immediate firing[0m
[1m2026-09-20T07:15:03.014000000Z[0m [1;33m[WARN] TRADER-000.nautilus_common::clock: Timer 'SIGNAL:9007618767:1789888304383072000' alert time 2026-09-20T07:15:03.014+00:00 was in the past, adjusted to current time for immediate firing[0m
[1m2026-09-20T07:15:03.014000000Z[0m [1;33m[WARN] TRADER-000.nautilus_common::clock: Timer 'SIGNAL:9007618767:1789888305482866944' alert time 2026-09-20T07:15:03.014+00:00 was in the past, adjusted to current time for immediate firing[0m
[1m2026-09-20T07:15:03.014000000Z[0m [1;33m[WARN] TRADER-000.nautilus_common::clock: Timer 'SIGNAL:9007618767:1789888306391236096' alert time 2026-09-20T07:15:03.014+00:00 was in the past, adjusted to current time for immediate firing[0m
[1m2026-09-20T07:15:03.014000000Z[0m [1;33m[WARN] TRADER-000.nautilus_common::clock: Timer 'SIGNAL:9007618767:1789888307374350080' alert time 2026-09-20T07:15:03.014+00:00 was in the past, adjusted to current time for immediate firing[0m
[1m2026-09-20T07:15:03.014000000Z[0m [1;33m[WARN] TRADER-000.nautilus_common::clock: Timer 'SIGNAL:9007618767:1789888308388790016' alert time 2026-09-20T07:15:03.014+00:00 was in the past, adjusted to current time for immediate firing[0m
[1m2026-09-20T07:15:03.014000000Z[0m [1;33m[WARN] TRADER-000.nautilus_common::clock: Timer 'SIGNAL:9007618767:1789888309393527040' alert time 2026-09-20T07:15:03.014+00:00 was in the past, adjusted to current time for immediate firing[0m
[1m2026-09-20T07:15:03.014000000Z[0m [1;33m[WARN] TRADER-000.nautilus_common::clock: Timer 'SIGNAL:9007618767:1789888310385345024' alert time 2026-09-20T07:15:03.014+00:00 was in the past, adjusted to current time for immediate firing[0m
[1m2026-09-20T07:15:03.014000000Z[0m [1;33m[WARN] TRADER-000.nautilus_common::clock: Timer 'SIGNAL:9007618767:1789888311396864768' alert time 2026-09-20T07:15:03.014+00:00 was in the past, adjusted to current time for immediate firing[0m
[1m2026-09-20T07:15:03.014000000Z[0m [1;33m[WARN] TRADER-000.nautilus_common::clock: Timer 'SIGNAL:9007618767:1789888313283219968' alert time 2026-09-20T07:15:03.014+00:00 was in the past, adjusted to current time for immediate firing[0m
[1m2026-09-20T07:15:03.014000000Z[0m [1;33m[WARN] TRADER-000.nautilus_common::clock: Timer 'SIGNAL:9007618767:1789888314288378880' alert time 2026-09-20T07:15:03.014+00:00 was in the past, adjusted to current time for immediate firing[0m
[1m2026-09-20T07:15:03.014000000Z[0m [1;33m[WARN] TRADER-000.nautilus_common::clock: Timer 'SIGNAL:9007618767:1789888315287944192' alert time 2026-09-20T07:15:03.014+00:00 was in the past, adjusted to current time for immediate firing[0m
[1m2026-09-20T07:15:03.014000000Z[0m [1;33m[WARN] TRADER-000.nautilus_common::clock: Timer 'SIGNAL:9007618767:1789888316288049920' alert time 2026-09-20T07:15:03.014+00:00 was in the past, adjusted to current time for immediate firing[0m
[1m2026-09-20T07:15:03.014000000Z[0m [1;33m[WARN] TRADER-000.nautilus_common::clock: Timer 'SIGNAL:9007618767:1789888317285389824' alert time 2026-09-20T07:15:03.014+00:00 was in the past, adjusted to current time for immediate firing[0m
[1m2026-09-20T07:15:03.014000000Z[0m [1;33m[WARN] TRADER-000.nautilus_common::clock: Timer 'SIGNAL:9007618767:1789888318284948992' alert time 2026-09-20T07:15:03.014+00:00 was in the past, adjusted to current time for immediate firing[0m
[1m2026-09-20T07:15:03.014000000Z[0m [1;33m[WARN] TRADER-000.nautilus_common::clock: Timer 'SIGNAL:9007618767:1789888319290317056' alert time 2026-09-20T07:15:03.014+00:00 was in the past, adjusted to current time for immediate firing[0m
[1m2026-09-20T07:15:03.014000000Z[0m [1;33m[WARN] TRADER-000.nautilus_common::clock: Timer 'SIGNAL:9007618767:1789888320384002816' alert time 2026-09-20T07:15:03.014+00:00 was in the past, adjusted to current time for immediate firing[0m
[1m2026-09-20T07:15:03.014000000Z[0m [1;33m[WARN] TRADER-000.nautilus_common::clock: Timer 'SIGNAL:9007618767:1789888321289858048' alert time 2026-09-20T07:15:03.014+00:00 was in the past, adjusted to current time for immediate firing[0m
[1m2026-09-20T07:15:03.014000000Z[0m [1;33m[WARN] TRADER-000.nautilus_common::clock: Timer 'SIGNAL:9007618767:1789888322692210944' alert time 2026-09-20T07:15:03.014+00:00 was in the past, adjusted to current time for immediate firing[0m
[1m2026-09-20T07:15:03.014000000Z[0m [1;33m[WARN] TRADER-000.nautilus_common::clock: Timer 'SIGNAL:9007618767:1789888323688410112' alert time 2026-09-20T07:15:03.014+00:00 was in the past, adjusted to current time for immediate firing[0m
[1m2026-09-20T07:15:03.014000000Z[0m [1;33m[WARN] TRADER-000.nautilus_common::clock: Timer 'SIGNAL:9007618767:1789888324674354944' alert time 2026-09-20T07:15:03.014+00:00 was in the past, adjusted to current time for immediate firing[0m
[1m2026-09-20T07:15:03.014000000Z[0m [1;33m[WARN] TRADER-000.nautilus_common::clock: Timer 'SIGNAL:9007618767:1789888325686157824' alert time 2026-09-20T07:15:03.014+00:00 was in the past, adjusted to current time for immediate firing[0m
[1m2026-09-20T07:15:03.014000000Z[0m [1;33m[WARN] TRADER-000.nautilus_common::clock: Timer 'SIGNAL:9007618767:1789888326690049792' alert time 2026-09-20T07:15:03.014+00:00 was in the past, adjusted to current time for immediate firing[0m
[1m2026-09-20T07:15:03.014000000Z[0m [1;33m[WARN] TRADER-000.nautilus_common::clock: Timer 'SIGNAL:9007618767:1789888327689076992' alert time 2026-09-20T07:15:03.014+00:00 was in the past, adjusted to current time for immediate firing[0m
[1m2026-09-20T07:15:03.014000000Z[0m [1;33m[WARN] TRADER-000.nautilus_common::clock: Timer 'SIGNAL:9007618767:1789888328688695808' alert time 2026-09-20T07:15:03.014+00:00 was in the past, adjusted to current time for immediate firing[0m
[1m2026-09-20T07:15:03.014000000Z[0m [1;33m[WARN] TRADER-000.nautilus_common::clock: Timer 'SIGNAL:9007618767:1789888329684061952' alert time 2026-09-20T07:15:03.014+00:00 was in the past, adjusted to current time for immediate firing[0m
[1m2026-09-20T07:15:03.014000000Z[0m [1;33m[WARN] TRADER-000.nautilus_common::clock: Timer 'SIGNAL:9007618767:1789888330691132928' alert time 2026-09-20T07:15:03.014+00:00 was in the past, adjusted to current time for immediate firing[0m
[1m2026-09-20T07:15:03.014000000Z[0m [1;33m[WARN] TRADER-000.nautilus_common::clock: Timer 'SIGNAL:9007618767:1789888331692429056' alert time 2026-09-20T07:15:03.014+00:00 was in the past, adjusted to current time for immediate firing[0m
[1m2026-09-20T07:15:03.014000000Z[0m [1;33m[WARN] TRADER-000.nautilus_common::clock: Timer 'SIGNAL:9007618767:1789888332792707072' alert time 2026-09-20T07:15:03.014+00:00 was in the past, adjusted to current time for immediate firing[0m
[1m2026-09-20T07:15:03.014000000Z[0m [1;33m[WARN] TRADER-000.nautilus_common::clock: Timer 'SIGNAL:9007618767:1789888333687939840' alert time 2026-09-20T07:15:03.014+00:00 was in the past, adjusted to current time for immediate firing[0m
[1m2026-09-20T07:15:03.014000000Z[0m [1;33m[WARN] TRADER-000.nautilus_common::clock: Timer 'SIGNAL:9007618767:1789888334686567936' alert time 2026-09-20T07:15:03.014+00:00 was in the past, adjusted to current time for immediate firing[0m
[1m2026-09-20T07:15:03.014000000Z[0m [1;33m[WARN] TRADER-000.nautilus_common::clock: Timer 'SIGNAL:9007618767:1789888335685381888' alert time 2026-09-20T07:15:03.014+00:00 was in the past, adjusted to current time for immediate firing[0m
[1m2026-09-20T07:15:03.014000000Z[0m [1;33m[WARN] TRADER-000.nautilus_common::clock: Timer 'SIGNAL:9007618767:1789888336674772992' alert time 2026-09-20T07:15:03.014+00:00 was in the past, adjusted to current time for immediate firing[0m
[1m2026-09-20T07:15:03.014000000Z[0m [1;33m[WARN] TRADER-000.nautilus_common::clock: Timer 'SIGNAL:9007618767:1789888337685533952' alert time 2026-09-20T07:15:03.014+00:00 was in the past, adjusted to current time for immediate firing[0m
[1m2026-09-20T07:15:03.014000000Z[0m [1;33m[WARN] TRADER-000.nautilus_common::clock: Timer 'SIGNAL:9007618767:1789888338680349952' alert time 2026-09-20T07:15:03.014+00:00 was in the past, adjusted to current time for immediate firing[0m
[1m2026-09-20T07:15:03.014000000Z[0m [1;33m[WARN] TRADER-000.nautilus_common::clock: Timer 'SIGNAL:9007618767:1789888339677926912' alert time 2026-09-20T07:15:03.014+00:00 was in the past, adjusted to current time for immediate firing[0m
[1m2026-09-20T07:15:03.014000000Z[0m [1;33m[WARN] TRADER-000.nautilus_common::clock: Timer 'SIGNAL:9007618767:1789888340685004032' alert time 2026-09-20T07:15:03.014+00:00 was in the past, adjusted to current time for immediate firing[0m
[1m2026-09-20T07:15:03.014000000Z[0m [1;33m[WARN] TRADER-000.nautilus_common::clock: Timer 'SIGNAL:9007618767:1789888341715431936' alert time 2026-09-20T07:15:03.014+00:00 was in the past, adjusted to current time for immediate firing[0m
[1m2026-09-20T07:15:03.014000000Z[0m [1;33m[WARN] TRADER-000.nautilus_common::clock: Timer 'SIGNAL:9007618767:1789888342684844032' alert time 2026-09-20T07:15:03.014+00:00 was in the past, adjusted to current time for immediate firing[0m
[1m2026-09-20T07:15:03.014000000Z[0m [1;33m[WARN] TRADER-000.nautilus_common::clock: Timer 'SIGNAL:9007618767:1789888343757882112' alert time 2026-09-20T07:15:03.014+00:00 was in the past, adjusted to current time for immediate firing[0m
[1m2026-09-20T07:15:03.014000000Z[0m [1;33m[WARN] TRADER-000.nautilus_common::clock: Timer 'SIGNAL:9007618767:1789888344685923072' alert time 2026-09-20T07:15:03.014+00:00 was in the past, adjusted to current time for immediate firing[0m
[1m2026-09-20T07:15:03.014000000Z[0m [1;33m[WARN] TRADER-000.nautilus_common::clock: Timer 'SIGNAL:9007618767:1789888345688571904' alert time 2026-09-20T07:15:03.014+00:00 was in the past, adjusted to current time for immediate firing[0m
[1m2026-09-20T07:15:03.014000000Z[0m [1;33m[WARN] TRADER-000.nautilus_common::clock: Timer 'SIGNAL:9007618767:1789888346694973952' alert time 2026-09-20T07:15:03.014+00:00 was in the past, adjusted to current time for immediate firing[0m
[1m2026-09-20T07:15:03.014000000Z[0m [1;33m[WARN] TRADER-000.nautilus_common::clock: Timer 'SIGNAL:9007618767:1789888347682991872' alert time 2026-09-20T07:15:03.014+00:00 was in the past, adjusted to current time for immediate firing[0m
[1m2026-09-20T07:15:03.014000000Z[0m [1;33m[WARN] TRADER-000.nautilus_common::clock: Timer 'SIGNAL:9007618767:1789888348690576128' alert time 2026-09-20T07:15:03.014+00:00 was in the past, adjusted to current time for immediate firing[0m
[1m2026-09-20T07:15:03.014000000Z[0m [1;33m[WARN] TRADER-000.nautilus_common::clock: Timer 'SIGNAL:9007618767:1789888349583033088' alert time 2026-09-20T07:15:03.014+00:00 was in the past, adjusted to current time for immediate firing[0m
[1m2026-09-20T07:15:03.014000000Z[0m [1;33m[WARN] TRADER-000.nautilus_common::clock: Timer 'SIGNAL:9007618767:1789888350694639872' alert time 2026-09-20T07:15:03.014+00:00 was in the past, adjusted to current time for immediate firing[0m
[1m2026-09-20T07:15:03.014000000Z[0m [1;33m[WARN] TRADER-000.nautilus_common::clock: Timer 'SIGNAL:9007618767:1789888351689848064' alert time 2026-09-20T07:15:03.014+00:00 was in the past, adjusted to current time for immediate firing[0m
[1m2026-09-20T07:15:03.014000000Z[0m [1;33m[WARN] TRADER-000.nautilus_common::clock: Timer 'SIGNAL:9007618767:1789888352694541824' alert time 2026-09-20T07:15:03.014+00:00 was in the past, adjusted to current time for immediate firing[0m
[1m2026-09-20T07:15:03.014000000Z[0m [1;33m[WARN] TRADER-000.nautilus_common::clock: Timer 'SIGNAL:9007618767:1789888353707321856' alert time 2026-09-20T07:15:03.014+00:00 was in the past, adjusted to current time for immediate firing[0m
[1m2026-09-20T07:15:03.014000000Z[0m [1;33m[WARN] TRADER-000.nautilus_common::clock: Timer 'SIGNAL:9007618767:1789888354687220992' alert time 2026-09-20T07:15:03.014+00:00 was in the past, adjusted to current time for immediate firing[0m
[1m2026-09-20T07:15:03.014000000Z[0m [1;33m[WARN] TRADER-000.nautilus_common::clock: Timer 'SIGNAL:9007618767:1789888355689287936' alert time 2026-09-20T07:15:03.014+00:00 was in the past, adjusted to current time for immediate firing[0m
[1m2026-09-20T07:15:03.014000000Z[0m [1;33m[WARN] TRADER-000.nautilus_common::clock: Timer 'SIGNAL:9007618767:1789888356675170816' alert time 2026-09-20T07:15:03.014+00:00 was in the past, adjusted to current time for immediate firing[0m
[1m2026-09-20T07:15:03.014000000Z[0m [1;33m[WARN] TRADER-000.nautilus_common::clock: Timer 'SIGNAL:9007618767:1789888357686568960' alert time 2026-09-20T07:15:03.014+00:00 was in the past, adjusted to current time for immediate firing[0m
[1m2026-09-20T07:15:03.014000000Z[0m [1;33m[WARN] TRADER-000.nautilus_common::clock: Timer 'SIGNAL:9007618767:1789888358888104960' alert time 2026-09-20T07:15:03.014+00:00 was in the past, adjusted to current time for immediate firing[0m
[1m2026-09-20T07:15:03.014000000Z[0m [1;33m[WARN] TRADER-000.nautilus_common::clock: Timer 'SIGNAL:9007618767:1789888359675513088' alert time 2026-09-20T07:15:03.014+00:00 was in the past, adjusted to current time for immediate firing[0m
[1m2026-09-20T07:15:03.014000000Z[0m [1;33m[WARN] TRADER-000.nautilus_common::clock: Timer 'SIGNAL:9007618767:1789888360684005888' alert time 2026-09-20T07:15:03.014+00:00 was in the past, adjusted to current time for immediate firing[0m
[1m2026-09-20T07:15:03.014000000Z[0m [1;33m[WARN] TRADER-000.nautilus_common::clock: Timer 'SIGNAL:9007618767:1789888361698157056' alert time 2026-09-20T07:15:03.014+00:00 was in the past, adjusted to current time for immediate firing[0m
[1m2026-09-20T07:15:03.014000000Z[0m [1;33m[WARN] TRADER-000.nautilus_common::clock: Timer 'SIGNAL:9007618767:1789888362712060928' alert time 2026-09-20T07:15:03.014+00:00 was in the past, adjusted to current time for immediate firing[0m
[1m2026-09-20T07:15:03.014000000Z[0m [1;33m[WARN] TRADER-000.nautilus_common::clock: Timer 'SIGNAL:9007618767:1789888363688410112' alert time 2026-09-20T07:15:03.014+00:00 was in the past, adjusted to current time for immediate firing[0m
[1m2026-09-20T07:15:03.014000000Z[0m [1;33m[WARN] TRADER-000.nautilus_common::clock: Timer 'SIGNAL:9007618767:1789888364688699904' alert time 2026-09-20T07:15:03.014+00:00 was in the past, adjusted to current time for immediate firing[0m
[1m2026-09-20T07:15:03.014000000Z[0m [1;33m[WARN] TRADER-000.nautilus_common::clock: Timer 'SIGNAL:9007618767:1789888365689857024' alert time 2026-09-20T07:15:03.014+00:00 was in the past, adjusted to current time for immediate firing[0m
[1m2026-09-20T07:15:03.014000000Z[0m [1;33m[WARN] TRADER-000.nautilus_common::clock: Timer 'SIGNAL:9007618767:1789888366685961984' alert time 2026-09-20T07:15:03.014+00:00 was in the past, adjusted to current time for immediate firing[0m
[1m2026-09-20T07:15:03.014000000Z[0m [1;33m[WARN] TRADER-000.nautilus_common::clock: Timer 'SIGNAL:9007618767:1789888367685076992' alert time 2026-09-20T07:15:03.014+00:00 was in the past, adjusted to current time for immediate firing[0m
[1m2026-09-20T07:15:03.014000000Z[0m [1;33m[WARN] TRADER-000.nautilus_common::clock: Timer 'SIGNAL:9007618767:1789888368792090880' alert time 2026-09-20T07:15:03.014+00:00 was in the past, adjusted to current time for immediate firing[0m
[1m2026-09-20T07:15:03.014000000Z[0m [1;33m[WARN] TRADER-000.nautilus_common::clock: Timer 'SIGNAL:9007618767:1789888369692257792' alert time 2026-09-20T07:15:03.014+00:00 was in the past, adjusted to current time for immediate firing[0m
[1m2026-09-20T07:15:03.014000000Z[0m [1;33m[WARN] TRADER-000.nautilus_common::clock: Timer 'SIGNAL:9007618767:1789888370683526144' alert time 2026-09-20T07:15:03.014+00:00 was in the past, adjusted to current time for immediate firing[0m
[1m2026-09-20T07:15:03.014000000Z[0m [1;33m[WARN] TRADER-000.nautilus_common::clock: Timer 'SIGNAL:9007618767:1789888371691034112' alert time 2026-09-20T07:15:03.014+00:00 was in the past, adjusted to current time for immediate firing[0m
[1m2026-09-20T07:15:03.014000000Z[0m [1;33m[WARN] TRADER-000.nautilus_common::clock: Timer 'SIGNAL:9007618767:1789888372711371008' alert time 2026-09-20T07:15:03.014+00:00 was in the past, adjusted to current time for immediate firing[0m
[1m2026-09-20T07:15:03.014000000Z[0m [1;33m[WARN] TRADER-000.nautilus_common::clock: Timer 'SIGNAL:9007618767:1789888373696791808' alert time 2026-09-20T07:15:03.014+00:00 was in the past, adjusted to current time for immediate firing[0m
[1m2026-09-20T07:15:03.014000000Z[0m [1;33m[WARN] TRADER-000.nautilus_common::clock: Timer 'SIGNAL:9007618767:1789888374675398144' alert time 2026-09-20T07:15:03.014+00:00 was in the past, adjusted to current time for immediate firing[0m
[1m2026-09-20T07:15:03.014000000Z[0m [1;33m[WARN] TRADER-000.nautilus_common::clock: Timer 'SIGNAL:9007618767:1789888375689891072' alert time 2026-09-20T07:15:03.014+00:00 was in the past, adjusted to current time for immediate firing[0m
[1m2026-09-20T07:15:03.014000000Z[0m [1;33m[WARN] TRADER-000.nautilus_common::clock: Timer 'SIGNAL:9007618767:1789888376690011904' alert time 2026-09-20T07:15:03.014+00:00 was in the past, adjusted to current time for immediate firing[0m
[1m2026-09-20T07:15:03.014000000Z[0m [1;33m[WARN] TRADER-000.nautilus_common::clock: Timer 'SIGNAL:9007618767:1789888377683904000' alert time 2026-09-20T07:15:03.014+00:00 was in the past, adjusted to current time for immediate firing[0m
[1m2026-09-20T07:15:03.014000000Z[0m [1;33m[WARN] TRADER-000.nautilus_common::clock: Timer 'SIGNAL:9007618767:1789888378697225216' alert time 2026-09-20T07:15:03.014+00:00 was in the past, adjusted to current time for immediate firing[0m
[1m2026-09-20T07:15:03.014000000Z[0m [1;33m[WARN] TRADER-000.nautilus_common::clock: Timer 'SIGNAL:9007618767:1789888380293099008' alert time 2026-09-20T07:15:03.014+00:00 was in the past, adjusted to current time for immediate firing[0m
[1m2026-09-20T07:15:03.014000000Z[0m [1;33m[WARN] TRADER-000.nautilus_common::clock: Timer 'SIGNAL:9007618767:1789888381287069952' alert time 2026-09-20T07:15:03.014+00:00 was in the past, adjusted to current time for immediate firing[0m
[1m2026-09-20T07:15:03.014000000Z[0m [1;33m[WARN] TRADER-000.nautilus_common::clock: Timer 'SIGNAL:9007618767:1789888382295556096' alert time 2026-09-20T07:15:03.014+00:00 was in the past, adjusted to current time for immediate firing[0m
[1m2026-09-20T07:15:03.014000000Z[0m [1;33m[WARN] TRADER-000.nautilus_common::clock: Timer 'SIGNAL:9007618767:1789888383288544000' alert time 2026-09-20T07:15:03.014+00:00 was in the past, adjusted to current time for immediate firing[0m
[1m2026-09-20T07:15:03.014000000Z[0m [1;33m[WARN] TRADER-000.nautilus_common::clock: Timer 'SIGNAL:9007618767:1789888384284950016' alert time 2026-09-20T07:15:03.014+00:00 was in the past, adjusted to current time for immediate firing[0m
[1m2026-09-20T07:15:03.014000000Z[0m [1;33m[WARN] TRADER-000.nautilus_common::clock: Timer 'SIGNAL:9007618767:1789888385294095872' alert time 2026-09-20T07:15:03.014+00:00 was in the past, adjusted to current time for immediate firing[0m
[1m2026-09-20T07:15:03.014000000Z[0m [1;33m[WARN] TRADER-000.nautilus_common::clock: Timer 'SIGNAL:9007618767:1789888386290402816' alert time 2026-09-20T07:15:03.014+00:00 was in the past, adjusted to current time for immediate firing[0m
[1m2026-09-20T07:15:03.014000000Z[0m [1;33m[WARN] TRADER-000.nautilus_common::clock: Timer 'SIGNAL:9007618767:1789888387292476928' alert time 2026-09-20T07:15:03.014+00:00 was in the past, adjusted to current time for immediate firing[0m
[1m2026-09-20T07:15:03.014000000Z[0m [1;33m[WARN] TRADER-000.nautilus_common::clock: Timer 'SIGNAL:9007618767:1789888388389650944' alert time 2026-09-20T07:15:03.014+00:00 was in the past, adjusted to current time for immediate firing[0m
[1m2026-09-20T07:15:03.014000000Z[0m [1;33m[WARN] TRADER-000.nautilus_common::clock: Timer 'SIGNAL:9007618767:1789888389286729984' alert time 2026-09-20T07:15:03.014+00:00 was in the past, adjusted to current time for immediate firing[0m
[1m2026-09-20T07:15:03.014000000Z[0m [1;33m[WARN] TRADER-000.nautilus_common::clock: Timer 'SIGNAL:9007618767:1789888390285378816' alert time 2026-09-20T07:15:03.014+00:00 was in the past, adjusted to current time for immediate firing[0m
[1m2026-09-20T07:15:03.014000000Z[0m [1;33m[WARN] TRADER-000.nautilus_common::clock: Timer 'SIGNAL:9007618767:1789888391490973952' alert time 2026-09-20T07:15:03.014+00:00 was in the past, adjusted to current time for immediate firing[0m
[1m2026-09-20T07:15:03.014000000Z[0m [1;33m[WARN] TRADER-000.nautilus_common::clock: Timer 'SIGNAL:9007618767:1789888392490866944' alert time 2026-09-20T07:15:03.014+00:00 was in the past, adjusted to current time for immediate firing[0m
[1m2026-09-20T07:15:03.014000000Z[0m [1;33m[WARN] TRADER-000.nautilus_common::clock: Timer 'SIGNAL:9007618767:1789888393495592192' alert time 2026-09-20T07:15:03.014+00:00 was in the past, adjusted to current time for immediate firing[0m
[1m2026-09-20T07:15:03.014000000Z[0m [1;33m[WARN] TRADER-000.nautilus_common::clock: Timer 'SIGNAL:9007618767:1789888394486077184' alert time 2026-09-20T07:15:03.014+00:00 was in the past, adjusted to current time for immediate firing[0m
[1m2026-09-20T07:15:03.014000000Z[0m [1;33m[WARN] TRADER-000.nautilus_common::clock: Timer 'SIGNAL:9007618767:1789888395601555968' alert time 2026-09-20T07:15:03.014+00:00 was in the past, adjusted to current time for immediate firing[0m
[1m2026-09-20T07:15:03.014000000Z[0m [1;33m[WARN] TRADER-000.nautilus_common::clock: Timer 'SIGNAL:9007618767:1789888396494756096' alert time 2026-09-20T07:15:03.014+00:00 was in the past, adjusted to current time for immediate firing[0m
[1m2026-09-20T07:15:03.014000000Z[0m [1;33m[WARN] TRADER-000.nautilus_common::clock: Timer 'SIGNAL:9007618767:1789888397496833024' alert time 2026-09-20T07:15:03.014+00:00 was in the past, adjusted to current time for immediate firing[0m
[1m2026-09-20T07:15:03.014000000Z[0m [1;33m[WARN] TRADER-000.nautilus_common::clock: Timer 'SIGNAL:9007618767:1789888398490451968' alert time 2026-09-20T07:15:03.014+00:00 was in the past, adjusted to current time for immediate firing[0m
[1m2026-09-20T07:15:03.014000000Z[0m [1;33m[WARN] TRADER-000.nautilus_common::clock: Timer 'SIGNAL:9007618767:1789888399396508928' alert time 2026-09-20T07:15:03.014+00:00 was in the past, adjusted to current time for immediate firing[0m
[1m2026-09-20T07:15:03.014000000Z[0m [1;33m[WARN] TRADER-000.nautilus_common::clock: Timer 'SIGNAL:9007618767:1789888400489233920' alert time 2026-09-20T07:15:03.014+00:00 was in the past, adjusted to current time for immediate firing[0m
[1m2026-09-20T07:15:03.014000000Z[0m [1;33m[WARN] TRADER-000.nautilus_common::clock: Timer 'SIGNAL:9007618767:1789888401497782016' alert time 2026-09-20T07:15:03.014+00:00 was in the past, adjusted to current time for immediate firing[0m
[1m2026-09-20T07:15:03.014000000Z[0m [1;33m[WARN] TRADER-000.nautilus_common::clock: Timer 'SIGNAL:9007618767:1789888402486028032' alert time 2026-09-20T07:15:03.014+00:00 was in the past, adjusted to current time for immediate firing[0m
[1m2026-09-20T07:15:03.014000000Z[0m [1;33m[WARN] TRADER-000.nautilus_common::clock: Timer 'SIGNAL:9007618767:1789888403397211136' alert time 2026-09-20T07:15:03.014+00:00 was in the past, adjusted to current time for immediate firing[0m
[1m2026-09-20T07:15:03.014000000Z[0m [1;33m[WARN] TRADER-000.nautilus_common::clock: Timer 'SIGNAL:9007618767:1789888404487940096' alert time 2026-09-20T07:15:03.014+00:00 was in the past, adjusted to current time for immediate firing[0m
[1m2026-09-20T07:15:03.014000000Z[0m [1;33m[WARN] TRADER-000.nautilus_common::clock: Timer 'SIGNAL:9007618767:1789888405497582080' alert time 2026-09-20T07:15:03.014+00:00 was in the past, adjusted to current time for immediate firing[0m
[1m2026-09-20T07:15:03.014000000Z[0m [1;33m[WARN] TRADER-000.nautilus_common::clock: Timer 'SIGNAL:9007618767:1789888406389442816' alert time 2026-09-20T07:15:03.014+00:00 was in the past, adjusted to current time for immediate firing[0m
[1m2026-09-20T07:15:03.014000000Z[0m [1;33m[WARN] TRADER-000.nautilus_common::clock: Timer 'SIGNAL:9007618767:1789888407482960896' alert time 2026-09-20T07:15:03.014+00:00 was in the past, adjusted to current time for immediate firing[0m
[1m2026-09-20T07:15:03.014000000Z[0m [1;33m[WARN] TRADER-000.nautilus_common::clock: Timer 'SIGNAL:9007618767:1789888408490819840' alert time 2026-09-20T07:15:03.014+00:00 was in the past, adjusted to current time for immediate firing[0m
[1m2026-09-20T07:15:03.014000000Z[0m [1;33m[WARN] TRADER-000.nautilus_common::clock: Timer 'SIGNAL:9007618767:1789888409491360000' alert time 2026-09-20T07:15:03.014+00:00 was in the past, adjusted to current time for immediate firing[0m
[1m2026-09-20T07:15:03.014000000Z[0m [1;33m[WARN] TRADER-000.nautilus_common::clock: Timer 'SIGNAL:9007618767:1789888410489437184' alert time 2026-09-20T07:15:03.014+00:00 was in the past, adjusted to current time for immediate firing[0m
[1m2026-09-20T07:15:03.014000000Z[0m [1;33m[WARN] TRADER-000.nautilus_common::clock: Timer 'SIGNAL:9007618767:1789888411490972928' alert time 2026-09-20T07:15:03.014+00:00 was in the past, adjusted to current time for immediate firing[0m
[1m2026-09-20T07:15:03.014000000Z[0m [1;33m[WARN] TRADER-000.nautilus_common::clock: Timer 'SIGNAL:9007618767:1789888412496416000' alert time 2026-09-20T07:15:03.014+00:00 was in the past, adjusted to current time for immediate firing[0m
[1m2026-09-20T07:15:03.014000000Z[0m [1;33m[WARN] TRADER-000.nautilus_common::clock: Timer 'SIGNAL:9007618767:1789888413375229952' alert time 2026-09-20T07:15:03.014+00:00 was in the past, adjusted to current time for immediate firing[0m
[1m2026-09-20T07:15:03.014000000Z[0m [1;33m[WARN] TRADER-000.nautilus_common::clock: Timer 'SIGNAL:9007618767:1789888414397826816' alert time 2026-09-20T07:15:03.014+00:00 was in the past, adjusted to current time for immediate firing[0m
[1m2026-09-20T07:15:03.014000000Z[0m [1;33m[WARN] TRADER-000.nautilus_common::clock: Timer 'SIGNAL:9007618767:1789888415477964032' alert time 2026-09-20T07:15:03.014+00:00 was in the past, adjusted to current time for immediate firing[0m
[1m2026-09-20T07:15:03.014000000Z[0m [1;33m[WARN] TRADER-000.nautilus_common::clock: Timer 'SIGNAL:9007618767:1789888416498928896' alert time 2026-09-20T07:15:03.014+00:00 was in the past, adjusted to current time for immediate firing[0m
[1m2026-09-20T07:15:03.014000000Z[0m [1;33m[WARN] TRADER-000.nautilus_common::clock: Timer 'SIGNAL:9007618767:1789888417497942016' alert time 2026-09-20T07:15:03.014+00:00 was in the past, adjusted to current time for immediate firing[0m
[1m2026-09-20T07:15:03.014000000Z[0m [1;33m[WARN] TRADER-000.nautilus_common::clock: Timer 'SIGNAL:9007618767:1789888418399388928' alert time 2026-09-20T07:15:03.014+00:00 was in the past, adjusted to current time for immediate firing[0m
[1m2026-09-20T07:15:03.014000000Z[0m [1;33m[WARN] TRADER-000.nautilus_common::clock: Timer 'SIGNAL:9007618767:1789888419395366912' alert time 2026-09-20T07:15:03.014+00:00 was in the past, adjusted to current time for immediate firing[0m
[1m2026-09-20T07:15:03.014000000Z[0m [1;33m[WARN] TRADER-000.nautilus_common::clock: Timer 'SIGNAL:9007618767:1789888421610279936' alert time 2026-09-20T07:15:03.014+00:00 was in the past, adjusted to current time for immediate firing[0m
[1m2026-09-20T07:15:03.014000000Z[0m [1;33m[WARN] TRADER-000.nautilus_common::clock: Timer 'SIGNAL:9007618767:1789888422691740928' alert time 2026-09-20T07:15:03.014+00:00 was in the past, adjusted to current time for immediate firing[0m
[1m2026-09-20T07:15:03.014000000Z[0m [1;33m[WARN] TRADER-000.nautilus_common::clock: Timer 'SIGNAL:9007618767:1789888423698060032' alert time 2026-09-20T07:15:03.014+00:00 was in the past, adjusted to current time for immediate firing[0m
[1m2026-09-20T07:15:03.014000000Z[0m [1;33m[WARN] TRADER-000.nautilus_common::clock: Timer 'SIGNAL:9007618767:1789888424694714112' alert time 2026-09-20T07:15:03.014+00:00 was in the past, adjusted to current time for immediate firing[0m
[1m2026-09-20T07:15:03.014000000Z[0m [1;33m[WARN] TRADER-000.nautilus_common::clock: Timer 'SIGNAL:9007618767:1789888425688483840' alert time 2026-09-20T07:15:03.014+00:00 was in the past, adjusted to current time for immediate firing[0m
[1m2026-09-20T07:15:03.014000000Z[0m [1;33m[WARN] TRADER-000.nautilus_common::clock: Timer 'SIGNAL:9007618767:1789888426698398208' alert time 2026-09-20T07:15:03.014+00:00 was in the past, adjusted to current time for immediate firing[0m
[1m2026-09-20T07:15:03.014000000Z[0m [1;33m[WARN] TRADER-000.nautilus_common::clock: Timer 'SIGNAL:9007618767:1789888427694552064' alert time 2026-09-20T07:15:03.014+00:00 was in the past, adjusted to current time for immediate firing[0m
[1m2026-09-20T07:15:03.014000000Z[0m [1;33m[WARN] TRADER-000.nautilus_common::clock: Timer 'SIGNAL:9007618767:1789888428701703936' alert time 2026-09-20T07:15:03.014+00:00 was in the past, adjusted to current time for immediate firing[0m
[1m2026-09-20T07:15:03.014000000Z[0m [1;33m[WARN] TRADER-000.nautilus_common::clock: Timer 'SIGNAL:9007618767:1789888429712147968' alert time 2026-09-20T07:15:03.014+00:00 was in the past, adjusted to current time for immediate firing[0m
[1m2026-09-20T07:15:03.014000000Z[0m [1;33m[WARN] TRADER-000.nautilus_common::clock: Timer 'SIGNAL:9007618767:1789888430687685888' alert time 2026-09-20T07:15:03.014+00:00 was in the past, adjusted to current time for immediate firing[0m
[1m2026-09-20T07:15:03.014000000Z[0m [1;33m[WARN] TRADER-000.nautilus_common::clock: Timer 'SIGNAL:9007618767:1789888431696304128' alert time 2026-09-20T07:15:03.014+00:00 was in the past, adjusted to current time for immediate firing[0m
[1m2026-09-20T07:15:03.014000000Z[0m [1;33m[WARN] TRADER-000.nautilus_common::clock: Timer 'SIGNAL:9007618767:1789888432684582912' alert time 2026-09-20T07:15:03.014+00:00 was in the past, adjusted to current time for immediate firing[0m
[1m2026-09-20T07:15:03.014000000Z[0m [1;33m[WARN] TRADER-000.nautilus_common::clock: Timer 'SIGNAL:9007618767:1789888433696249088' alert time 2026-09-20T07:15:03.014+00:00 was in the past, adjusted to current time for immediate firing[0m
[1m2026-09-20T07:15:03.014000000Z[0m [1;33m[WARN] TRADER-000.nautilus_common::clock: Timer 'SIGNAL:9007618767:1789888434697915136' alert time 2026-09-20T07:15:03.014+00:00 was in the past, adjusted to current time for immediate firing[0m
[1m2026-09-20T07:15:03.014000000Z[0m [1;33m[WARN] TRADER-000.nautilus_common::clock: Timer 'SIGNAL:9007618767:1789888435692342016' alert time 2026-09-20T07:15:03.014+00:00 was in the past, adjusted to current time for immediate firing[0m
[1m2026-09-20T07:15:03.014000000Z[0m [1;33m[WARN] TRADER-000.nautilus_common::clock: Timer 'SIGNAL:9007618767:1789888436791898880' alert time 2026-09-20T07:15:03.014+00:00 was in the past, adjusted to current time for immediate firing[0m
[1m2026-09-20T07:15:03.014000000Z[0m [1;33m[WARN] TRADER-000.nautilus_common::clock: Timer 'SIGNAL:9007618767:1789888437675514880' alert time 2026-09-20T07:15:03.014+00:00 was in the past, adjusted to current time for immediate firing[0m
[1m2026-09-20T07:15:03.014000000Z[0m [1;33m[WARN] TRADER-000.nautilus_common::clock: Timer 'SIGNAL:9007618767:1789888438705988864' alert time 2026-09-20T07:15:03.014+00:00 was in the past, adjusted to current time for immediate firing[0m
[1m2026-09-20T07:15:03.014000000Z[0m [1;33m[WARN] TRADER-000.nautilus_common::clock: Timer 'SIGNAL:9007618767:1789888439690537984' alert time 2026-09-20T07:15:03.014+00:00 was in the past, adjusted to current time for immediate firing[0m
[1m2026-09-20T07:15:03.014000000Z[0m [1;33m[WARN] TRADER-000.nautilus_common::clock: Timer 'SIGNAL:9007618767:1789888440678536960' alert time 2026-09-20T07:15:03.014+00:00 was in the past, adjusted to current time for immediate firing[0m
[1m2026-09-20T07:15:03.014000000Z[0m [1;33m[WARN] TRADER-000.nautilus_common::clock: Timer 'SIGNAL:9007618767:1789888441693636864' alert time 2026-09-20T07:15:03.014+00:00 was in the past, adjusted to current time for immediate firing[0m
[1m2026-09-20T07:15:03.014000000Z[0m [1;33m[WARN] TRADER-000.nautilus_common::clock: Timer 'SIGNAL:9007618767:1789888442693392896' alert time 2026-09-20T07:15:03.014+00:00 was in the past, adjusted to current time for immediate firing[0m
[1m2026-09-20T07:15:03.014000000Z[0m [1;33m[WARN] TRADER-000.nautilus_common::clock: Timer 'SIGNAL:9007618767:1789888443694689024' alert time 2026-09-20T07:15:03.014+00:00 was in the past, adjusted to current time for immediate firing[0m
[1m2026-09-20T07:15:03.014000000Z[0m [1;33m[WARN] TRADER-000.nautilus_common::clock: Timer 'SIGNAL:9007618767:1789888444695416064' alert time 2026-09-20T07:15:03.014+00:00 was in the past, adjusted to current time for immediate firing[0m
[1m2026-09-20T07:15:03.014000000Z[0m [1;33m[WARN] TRADER-000.nautilus_common::clock: Timer 'SIGNAL:9007618767:1789888445710388992' alert time 2026-09-20T07:15:03.014+00:00 was in the past, adjusted to current time for immediate firing[0m
[1m2026-09-20T07:15:03.014000000Z[0m [1;33m[WARN] TRADER-000.nautilus_common::clock: Timer 'SIGNAL:9007618767:1789888446693833216' alert time 2026-09-20T07:15:03.014+00:00 was in the past, adjusted to current time for immediate firing[0m
[1m2026-09-20T07:15:03.014000000Z[0m [1;33m[WARN] TRADER-000.nautilus_common::clock: Timer 'SIGNAL:9007618767:1789888447744518144' alert time 2026-09-20T07:15:03.014+00:00 was in the past, adjusted to current time for immediate firing[0m
[1m2026-09-20T07:15:03.014000000Z[0m [1;33m[WARN] TRADER-000.nautilus_common::clock: Timer 'SIGNAL:9007618767:1789888448693896960' alert time 2026-09-20T07:15:03.014+00:00 was in the past, adjusted to current time for immediate firing[0m
[1m2026-09-20T07:15:03.014000000Z[0m [1;33m[WARN] TRADER-000.nautilus_common::clock: Timer 'SIGNAL:9007618767:1789888449697284096' alert time 2026-09-20T07:15:03.014+00:00 was in the past, adjusted to current time for immediate firing[0m
[1m2026-09-20T07:15:03.014000000Z[0m [1;33m[WARN] TRADER-000.nautilus_common::clock: Timer 'SIGNAL:9007618767:1789888450688404992' alert time 2026-09-20T07:15:03.014+00:00 was in the past, adjusted to current time for immediate firing[0m
[1m2026-09-20T07:15:03.014000000Z[0m [1;33m[WARN] TRADER-000.nautilus_common::clock: Timer 'SIGNAL:9007618767:1789888451705861120' alert time 2026-09-20T07:15:03.014+00:00 was in the past, adjusted to current time for immediate firing[0m
[1m2026-09-20T07:15:03.014000000Z[0m [1;33m[WARN] TRADER-000.nautilus_common::clock: Timer 'SIGNAL:9007618767:1789888452693177856' alert time 2026-09-20T07:15:03.014+00:00 was in the past, adjusted to current time for immediate firing[0m
[1m2026-09-20T07:15:03.014000000Z[0m [1;33m[WARN] TRADER-000.nautilus_common::clock: Timer 'SIGNAL:9007618767:1789888453698394112' alert time 2026-09-20T07:15:03.014+00:00 was in the past, adjusted to current time for immediate firing[0m
[1m2026-09-20T07:15:03.014000000Z[0m [1;33m[WARN] TRADER-000.nautilus_common::clock: Timer 'SIGNAL:9007618767:1789888454691651072' alert time 2026-09-20T07:15:03.014+00:00 was in the past, adjusted to current time for immediate firing[0m
[1m2026-09-20T07:15:03.014000000Z[0m [1;33m[WARN] TRADER-000.nautilus_common::clock: Timer 'SIGNAL:9007618767:1789888455293323008' alert time 2026-09-20T07:15:03.014+00:00 was in the past, adjusted to current time for immediate firing[0m
[1m2026-09-20T07:15:03.014000000Z[0m [1;33m[WARN] TRADER-000.nautilus_common::clock: Timer 'SIGNAL:9007618767:1789888460987035136' alert time 2026-09-20T07:15:03.014+00:00 was in the past, adjusted to current time for immediate firing[0m
[1m2026-09-20T07:47:31.049000000Z[0m [1;33m[WARN] TRADER-000.TwoSidedMakerStrategy: <--[EVT] OrderRejected(instrument_id=0xc559c183fc44b4c65c026d926b8337628917ffce8bc4681210bedc9c41d51ced-81784648280225832333036882582375215340379882612468720019028220694642547617966.POLYMARKET, client_order_id=O-20260920-074730-001-9007618767-430, account_id=POLYMARKET-001, reason='POST_ONLY LIMIT BUY order limit px of 0.650 would have been a TAKER: bid=0.640, ask=0.650', due_post_only=True, ts_event=1789890451049000000)[0m
[1m2026-09-20T08:11:59.727000000Z[0m [1;33m[WARN] TRADER-000.TwoSidedMakerStrategy: <--[EVT] OrderRejected(instrument_id=0xc559c183fc44b4c65c026d926b8337628917ffce8bc4681210bedc9c41d51ced-81784648280225832333036882582375215340379882612468720019028220694642547617966.POLYMARKET, client_order_id=O-20260920-081159-001-9007618767-1223, account_id=POLYMARKET-001, reason='POST_ONLY LIMIT BUY order limit px of 0.790 would have been a TAKER: bid=0.780, ask=0.790', due_post_only=True, ts_event=1789891919727000000)[0m
[1m2026-09-20T08:22:06.386000000Z[0m [1;33m[WARN] TRADER-000.TwoSidedMakerStrategy: <--[EVT] OrderRejected(instrument_id=0xc559c183fc44b4c65c026d926b8337628917ffce8bc4681210bedc9c41d51ced-34723609712787194736234542273610518001577309850594063290671469572639906799668.POLYMARKET, client_order_id=O-20260920-082206-001-9007618767-1451, account_id=POLYMARKET-001, reason='POST_ONLY LIMIT BUY order limit px of 0.140 would have been a TAKER: bid=0.130, ask=0.140', due_post_only=True, ts_event=1789892526386000000)[0m
[1m2026-09-20T08:55:54.000000000Z[0m [1;33m[WARN] TRADER-000.TwoSidedMakerStrategy: The `Strategy.on_stop` handler was called when not overridden. It's expected that any actions required when stopping the strategy occur here, such as unsubscribing from data[0m
[1m2026-10-08T05:26:47.826356000Z[0m [1;33m[WARN] TRADER-000.TwoSidedMakerStrategy: The `Strategy.on_reset` handler was called when not overridden. It's expected that any actions required when resetting the strategy occur here, such as resetting indicators and other state[0m
[2026-10-08 07:26:47,842] 0xc559c183fc44b4c65c026d926b8337628917ffce8bc4681210bedc9c41d51ced-81784648280225832333036882582375215340379882612468720019028220694642547617966.POLYMARKET: Replay selection is explicitly curated from named markets and may exclude cancelled, delisted, or zero-liquidity markets.
[2026-10-08 07:26:47,842] 0xc559c183fc44b4c65c026d926b8337628917ffce8bc4681210bedc9c41d51ced-81784648280225832333036882582375215340379882612468720019028220694642547617966.POLYMARKET: No portfolio-level drawdown or daily-loss circuit breaker is configured for this run.
[2026-10-08 07:26:47,876] batch 4/20: 1 matches, secondsDelay=1
2026-10-08T05:26:47.885395000Z [INFO] _prediction_market_backtest._load_sims_async: Telonex book source: explicit priority (cache -> local /var/folders/6y/4qkrc5td55s6xkknyl__chdh0000gn/T/telonex-local-3069tws2)
2026-10-08T05:26:47.885463000Z [INFO] _prediction_market_backtest._load_sims_async: Telonex trade source: explicit priority (local /var/folders/6y/4qkrc5td55s6xkknyl__chdh0000gn/T/telonex-local-3069tws2 -> polymarket fallback disabled)
2026-10-08T05:26:47.885501000Z [INFO] _prediction_market_backtest._load_sims_async: Loading 2 replay(s) with 2 worker(s) (BACKTEST_REPLAY_LOAD_WORKERS=1 restores sequential loading)
2026-10-08T05:26:47.885571000Z [INFO] replay_adapters._emit_book_replay_start: Loading Telonex Polymarket market dota2-nemiga-kalmy-2026-09-21-game1 (token_index=0, window_start=2026-09-21T09:17:57+00:00, window_end=2026-09-21T10:04:23+00:00)...
2026-10-08T05:26:47.885607000Z [INFO] replay_adapters._emit_book_replay_start: Loading Telonex Polymarket market dota2-nemiga-kalmy-2026-09-21-game1 (token_index=1, window_start=2026-09-21T09:17:57+00:00, window_end=2026-09-21T10:04:23+00:00)...
2026-10-08T05:26:47.886465000Z [INFO] loaders._read_metadata_disk_cache: Polymarket metadata cache hit (7.9 KB) cache /Users/dimabytes/.cache/nautilus_trader/polymarket_metadata/v1/gamma-market/73e5c80dd82f31f71d42f95610bb7d2db51cd4951a11f37076df5cca09e54b3e.json
2026-10-08T05:26:47.887171000Z [INFO] loaders._read_metadata_disk_cache: Polymarket metadata cache hit (2.8 KB) cache /Users/dimabytes/.cache/nautilus_trader/polymarket_metadata/v1/clob-market/6ff82a29f3aae10c7aeff98661120d01edda698325d483dce75c34cc8e40759e.json
2026-10-08T05:26:47.887388000Z [INFO] loaders._get_market_by_slug: Polymarket metadata discover cache hit memory metadata-cache
2026-10-08T05:26:47.887469000Z [INFO] loaders._get_market_details: Polymarket metadata discover cache hit memory metadata-cache
2026-10-08T05:26:47.888138000Z [INFO] telonex._day_progress: Telonex book start 2026-09-21
2026-10-08T05:26:47.888295000Z [INFO] telonex._day_progress: Telonex book start 2026-09-21
2026-10-08T05:26:48.112607000Z [INFO] telonex._day_progress: Telonex book cache hit 2026-09-21 (170,138 rows) cache /Users/dimabytes/.cache/nautilus_trader/telonex/book-deltas-v1/polymarket/book_snapshot_full/dota2-nemiga-kalmy-2026-09-21-game1/outcome=Nemiga%20Gaming/instrument=8705f97da201551e/2026-09-21.1789982277000000000-1789985063000000000.parquet
2026-10-08T05:26:48.207507000Z [INFO] telonex._day_progress: Telonex book cache hit 2026-09-21 (170,128 rows) cache /Users/dimabytes/.cache/nautilus_trader/telonex/book-deltas-v1/polymarket/book_snapshot_full/dota2-nemiga-kalmy-2026-09-21-game1/outcome=Kalmychata/instrument=5657f8903298154d/2026-09-21.1789982277000000000-1789985063000000000.parquet
2026-10-08T05:26:48.208769000Z [INFO] replay_adapters._print_trade_progress_header: Loading Polymarket trade ticks for execution dota2-nemiga-kalmy-2026-09-21-game1 (window_start=2026-09-21T09:17:57+00:00, window_end=2026-09-21T10:04:23+00:00)...
2026-10-08T05:26:48.209021000Z [INFO] replay_adapters._print_trade_progress_header: Loading Polymarket trade ticks for execution dota2-nemiga-kalmy-2026-09-21-game1 (window_start=2026-09-21T09:17:57+00:00, window_end=2026-09-21T10:04:23+00:00)...
2026-10-08T05:26:48.213941000Z [INFO] replay_adapters._print_trade_progress_line: Polymarket trades 2026-09-21 (0.005s) (547 rows) telonex onchain_fills cache 2026-09-21.1789948800000000000-1789985063000000000.parquet
2026-10-08T05:26:48.214283000Z [INFO] replay_adapters._print_trade_progress_line: Polymarket trades 2026-09-21 (0.005s) (547 rows) telonex onchain_fills cache 2026-09-21.1789948800000000000-1789985063000000000.parquet
[1m2026-09-21T09:31:06.101000000Z[0m [1;33m[WARN] TRADER-000.TwoSidedMakerStrategy: <--[EVT] OrderRejected(instrument_id=0x944436bf9b6418a6197ff82a969a6c9d023b273d94470f1d3735a0b20cd61744-34842280056190206372825816031645296927274316903426594644835532267117359951618.POLYMARKET, client_order_id=O-20260921-093105-001-9009358839-440, account_id=POLYMARKET-001, reason='POST_ONLY LIMIT BUY order limit px of 0.450 would have been a TAKER: bid=0.410, ask=0.420', due_post_only=True, ts_event=1789983066101000000)[0m
[1m2026-09-21T09:32:41.291000000Z[0m [1;33m[WARN] TRADER-000.TwoSidedMakerStrategy: <--[EVT] OrderRejected(instrument_id=0x944436bf9b6418a6197ff82a969a6c9d023b273d94470f1d3735a0b20cd61744-3503535145786142238870860934391678803862328505706930739367032004708615387989.POLYMARKET, client_order_id=O-20260921-093241-001-9009358839-571, account_id=POLYMARKET-001, reason='POST_ONLY LIMIT BUY order limit px of 0.540 would have been a TAKER: bid=0.480, ask=0.490', due_post_only=True, ts_event=1789983161291000000)[0m
[1m2026-09-21T09:36:21.271000000Z[0m [1;33m[WARN] TRADER-000.TwoSidedMakerStrategy: <--[EVT] OrderRejected(instrument_id=0x944436bf9b6418a6197ff82a969a6c9d023b273d94470f1d3735a0b20cd61744-3503535145786142238870860934391678803862328505706930739367032004708615387989.POLYMARKET, client_order_id=O-20260921-093621-001-9009358839-734, account_id=POLYMARKET-001, reason='POST_ONLY LIMIT BUY order limit px of 0.500 would have been a TAKER: bid=0.490, ask=0.500', due_post_only=True, ts_event=1789983381271000000)[0m
[1m2026-09-21T09:49:54.074000000Z[0m [1;33m[WARN] TRADER-000.TwoSidedMakerStrategy: <--[EVT] OrderRejected(instrument_id=0x944436bf9b6418a6197ff82a969a6c9d023b273d94470f1d3735a0b20cd61744-34842280056190206372825816031645296927274316903426594644835532267117359951618.POLYMARKET, client_order_id=O-20260921-094953-001-9009358839-1528, account_id=POLYMARKET-001, reason='POST_ONLY LIMIT BUY order limit px of 0.800 would have been a TAKER: bid=0.740, ask=0.790', due_post_only=True, ts_event=1789984194074000000)[0m
[1m2026-09-21T12:06:30.000000000Z[0m [1;33m[WARN] TRADER-000.TwoSidedMakerStrategy: The `Strategy.on_stop` handler was called when not overridden. It's expected that any actions required when stopping the strategy occur here, such as unsubscribing from data[0m
[1m2026-10-08T05:26:51.484795000Z[0m [1;33m[WARN] TRADER-000.TwoSidedMakerStrategy: The `Strategy.on_reset` handler was called when not overridden. It's expected that any actions required when resetting the strategy occur here, such as resetting indicators and other state[0m
[2026-10-08 07:26:51,505] 0x944436bf9b6418a6197ff82a969a6c9d023b273d94470f1d3735a0b20cd61744-3503535145786142238870860934391678803862328505706930739367032004708615387989.POLYMARKET: Replay selection is explicitly curated from named markets and may exclude cancelled, delisted, or zero-liquidity markets.
[2026-10-08 07:26:51,505] 0x944436bf9b6418a6197ff82a969a6c9d023b273d94470f1d3735a0b20cd61744-3503535145786142238870860934391678803862328505706930739367032004708615387989.POLYMARKET: No portfolio-level drawdown or daily-loss circuit breaker is configured for this run.
[2026-10-08 07:26:51,551] batch 5/20: 1 matches, secondsDelay=1
2026-10-08T05:26:51.581472000Z [INFO] _prediction_market_backtest._load_sims_async: Telonex book source: explicit priority (cache -> local /var/folders/6y/4qkrc5td55s6xkknyl__chdh0000gn/T/telonex-local-3069tws2)
2026-10-08T05:26:51.581540000Z [INFO] _prediction_market_backtest._load_sims_async: Telonex trade source: explicit priority (local /var/folders/6y/4qkrc5td55s6xkknyl__chdh0000gn/T/telonex-local-3069tws2 -> polymarket fallback disabled)
2026-10-08T05:26:51.581576000Z [INFO] _prediction_market_backtest._load_sims_async: Loading 2 replay(s) with 2 worker(s) (BACKTEST_REPLAY_LOAD_WORKERS=1 restores sequential loading)
2026-10-08T05:26:51.581642000Z [INFO] replay_adapters._emit_book_replay_start: Loading Telonex Polymarket market dota2-cs-1win-2026-09-21-game1 (token_index=0, window_start=2026-09-21T09:36:20+00:00, window_end=2026-09-21T10:16:20+00:00)...
2026-10-08T05:26:51.581675000Z [INFO] replay_adapters._emit_book_replay_start: Loading Telonex Polymarket market dota2-cs-1win-2026-09-21-game1 (token_index=1, window_start=2026-09-21T09:36:20+00:00, window_end=2026-09-21T10:16:20+00:00)...
2026-10-08T05:26:51.582753000Z [INFO] loaders._read_metadata_disk_cache: Polymarket metadata cache hit (7.8 KB) cache /Users/dimabytes/.cache/nautilus_trader/polymarket_metadata/v1/gamma-market/daf35e9de42afd53daadbb5c56f58944ae16b690dfacd2056aedb75e9c28c7ab.json
2026-10-08T05:26:51.583445000Z [INFO] loaders._read_metadata_disk_cache: Polymarket metadata cache hit (2.8 KB) cache /Users/dimabytes/.cache/nautilus_trader/polymarket_metadata/v1/clob-market/a688dfcd7bcfbdfbd6bd88254b59705c54471f08cd85bafa723914989a18f58a.json
2026-10-08T05:26:51.583666000Z [INFO] loaders._get_market_by_slug: Polymarket metadata discover cache hit memory metadata-cache
2026-10-08T05:26:51.583745000Z [INFO] loaders._get_market_details: Polymarket metadata discover cache hit memory metadata-cache
2026-10-08T05:26:51.584414000Z [INFO] telonex._day_progress: Telonex book start 2026-09-21
2026-10-08T05:26:51.584631000Z [INFO] telonex._day_progress: Telonex book start 2026-09-21
2026-10-08T05:26:51.684184000Z [INFO] telonex._day_progress: Telonex book cache hit 2026-09-21 (97,008 rows) cache /Users/dimabytes/.cache/nautilus_trader/telonex/book-deltas-v1/polymarket/book_snapshot_full/dota2-cs-1win-2026-09-21-game1/outcome=1win/instrument=288466fa6b2d3ce5/2026-09-21.1789983380000000000-1789985780000000000.parquet
2026-10-08T05:26:51.766808000Z [INFO] telonex._day_progress: Telonex book cache hit 2026-09-21 (97,013 rows) cache /Users/dimabytes/.cache/nautilus_trader/telonex/book-deltas-v1/polymarket/book_snapshot_full/dota2-cs-1win-2026-09-21-game1/outcome=Conventus%20Stellarum/instrument=e5147d7bbaf18bfa/2026-09-21.1789983380000000000-1789985780000000000.parquet
2026-10-08T05:26:51.768009000Z [INFO] replay_adapters._print_trade_progress_header: Loading Polymarket trade ticks for execution dota2-cs-1win-2026-09-21-game1 (window_start=2026-09-21T09:36:20+00:00, window_end=2026-09-21T10:16:20+00:00)...
2026-10-08T05:26:51.768248000Z [INFO] replay_adapters._print_trade_progress_header: Loading Polymarket trade ticks for execution dota2-cs-1win-2026-09-21-game1 (window_start=2026-09-21T09:36:20+00:00, window_end=2026-09-21T10:16:20+00:00)...
2026-10-08T05:26:51.778356000Z [INFO] replay_adapters._print_trade_progress_line: Polymarket trades 2026-09-21 (0.010s) (2,861 rows) telonex onchain_fills cache 2026-09-21.1789948800000000000-1789985780000000000.parquet
2026-10-08T05:26:51.779511000Z [INFO] replay_adapters._print_trade_progress_line: Polymarket trades 2026-09-21 (0.011s) (2,861 rows) telonex onchain_fills cache 2026-09-21.1789948800000000000-1789985780000000000.parquet
[1m2026-09-21T09:36:20.000000000Z[0m [1;33m[WARN] TRADER-000.nautilus_common::clock: Timer 'SIGNAL:9009368871:1789982493622386944' alert time 2026-09-21T09:36:20+00:00 was in the past, adjusted to current time for immediate firing[0m
[1m2026-09-21T09:36:20.000000000Z[0m [1;33m[WARN] TRADER-000.nautilus_common::clock: Timer 'SIGNAL:9009368871:1789982494023083008' alert time 2026-09-21T09:36:20+00:00 was in the past, adjusted to current time for immediate firing[0m
[1m2026-09-21T09:36:20.000000000Z[0m [1;33m[WARN] TRADER-000.nautilus_common::clock: Timer 'SIGNAL:9009368871:1789982495020025856' alert time 2026-09-21T09:36:20+00:00 was in the past, adjusted to current time for immediate firing[0m
[1m2026-09-21T09:36:20.000000000Z[0m [1;33m[WARN] TRADER-000.nautilus_common::clock: Timer 'SIGNAL:9009368871:1789982496021761792' alert time 2026-09-21T09:36:20+00:00 was in the past, adjusted to current time for immediate firing[0m
[1m2026-09-21T09:36:20.000000000Z[0m [1;33m[WARN] TRADER-000.nautilus_common::clock: Timer 'SIGNAL:9009368871:1789982496520018944' alert time 2026-09-21T09:36:20+00:00 was in the past, adjusted to current time for immediate firing[0m
[1m2026-09-21T09:36:20.000000000Z[0m [1;33m[WARN] TRADER-000.nautilus_common::clock: Timer 'SIGNAL:9009368871:1789982497519632128' alert time 2026-09-21T09:36:20+00:00 was in the past, adjusted to current time for immediate firing[0m
[1m2026-09-21T09:36:20.000000000Z[0m [1;33m[WARN] TRADER-000.nautilus_common::clock: Timer 'SIGNAL:9009368871:1789982498519206144' alert time 2026-09-21T09:36:20+00:00 was in the past, adjusted to current time for immediate firing[0m
[1m2026-09-21T09:36:20.000000000Z[0m [1;33m[WARN] TRADER-000.nautilus_common::clock: Timer 'SIGNAL:9009368871:1789982499520116992' alert time 2026-09-21T09:36:20+00:00 was in the past, adjusted to current time for immediate firing[0m
[1m2026-09-21T09:36:20.000000000Z[0m [1;33m[WARN] TRADER-000.nautilus_common::clock: Timer 'SIGNAL:9009368871:1789982500519130112' alert time 2026-09-21T09:36:20+00:00 was in the past, adjusted to current time for immediate firing[0m
[1m2026-09-21T09:36:20.000000000Z[0m [1;33m[WARN] TRADER-000.nautilus_common::clock: Timer 'SIGNAL:9009368871:1789982501519671808' alert time 2026-09-21T09:36:20+00:00 was in the past, adjusted to current time for immediate firing[0m
[1m2026-09-21T09:36:20.000000000Z[0m [1;33m[WARN] TRADER-000.nautilus_common::clock: Timer 'SIGNAL:9009368871:1789982503020214016' alert time 2026-09-21T09:36:20+00:00 was in the past, adjusted to current time for immediate firing[0m
[1m2026-09-21T09:36:20.000000000Z[0m [1;33m[WARN] TRADER-000.nautilus_common::clock: Timer 'SIGNAL:9009368871:1789982504019237120' alert time 2026-09-21T09:36:20+00:00 was in the past, adjusted to current time for immediate firing[0m
[1m2026-09-21T09:36:20.000000000Z[0m [1;33m[WARN] TRADER-000.nautilus_common::clock: Timer 'SIGNAL:9009368871:1789982505023448064' alert time 2026-09-21T09:36:20+00:00 was in the past, adjusted to current time for immediate firing[0m
[1m2026-09-21T09:36:20.000000000Z[0m [1;33m[WARN] TRADER-000.nautilus_common::clock: Timer 'SIGNAL:9009368871:1789982506114049024' alert time 2026-09-21T09:36:20+00:00 was in the past, adjusted to current time for immediate firing[0m
[1m2026-09-21T09:36:20.000000000Z[0m [1;33m[WARN] TRADER-000.nautilus_common::clock: Timer 'SIGNAL:9009368871:1789982507021892096' alert time 2026-09-21T09:36:20+00:00 was in the past, adjusted to current time for immediate firing[0m
[1m2026-09-21T09:36:20.000000000Z[0m [1;33m[WARN] TRADER-000.nautilus_common::clock: Timer 'SIGNAL:9009368871:1789982508022435072' alert time 2026-09-21T09:36:20+00:00 was in the past, adjusted to current time for immediate firing[0m
[1m2026-09-21T09:36:20.000000000Z[0m [1;33m[WARN] TRADER-000.nautilus_common::clock: Timer 'SIGNAL:9009368871:1789982509020698112' alert time 2026-09-21T09:36:20+00:00 was in the past, adjusted to current time for immediate firing[0m
[1m2026-09-21T09:36:20.000000000Z[0m [1;33m[WARN] TRADER-000.nautilus_common::clock: Timer 'SIGNAL:9009368871:1789982510021886208' alert time 2026-09-21T09:36:20+00:00 was in the past, adjusted to current time for immediate firing[0m
[1m2026-09-21T09:36:20.000000000Z[0m [1;33m[WARN] TRADER-000.nautilus_common::clock: Timer 'SIGNAL:9009368871:1789982511023206912' alert time 2026-09-21T09:36:20+00:00 was in the past, adjusted to current time for immediate firing[0m
[1m2026-09-21T09:36:20.000000000Z[0m [1;33m[WARN] TRADER-000.nautilus_common::clock: Timer 'SIGNAL:9009368871:1789982512020973056' alert time 2026-09-21T09:36:20+00:00 was in the past, adjusted to current time for immediate firing[0m
[1m2026-09-21T09:36:20.000000000Z[0m [1;33m[WARN] TRADER-000.nautilus_common::clock: Timer 'SIGNAL:9009368871:1789982513023340032' alert time 2026-09-21T09:36:20+00:00 was in the past, adjusted to current time for immediate firing[0m
[1m2026-09-21T09:36:20.000000000Z[0m [1;33m[WARN] TRADER-000.nautilus_common::clock: Timer 'SIGNAL:9009368871:1789982514021435136' alert time 2026-09-21T09:36:20+00:00 was in the past, adjusted to current time for immediate firing[0m
[1m2026-09-21T09:36:20.000000000Z[0m [1;33m[WARN] TRADER-000.nautilus_common::clock: Timer 'SIGNAL:9009368871:1789982515020165888' alert time 2026-09-21T09:36:20+00:00 was in the past, adjusted to current time for immediate firing[0m
[1m2026-09-21T09:36:20.000000000Z[0m [1;33m[WARN] TRADER-000.nautilus_common::clock: Timer 'SIGNAL:9009368871:1789982516023158016' alert time 2026-09-21T09:36:20+00:00 was in the past, adjusted to current time for immediate firing[0m
[1m2026-09-21T09:36:20.000000000Z[0m [1;33m[WARN] TRADER-000.nautilus_common::clock: Timer 'SIGNAL:9009368871:1789982517030113024' alert time 2026-09-21T09:36:20+00:00 was in the past, adjusted to current time for immediate firing[0m
[1m2026-09-21T09:36:20.000000000Z[0m [1;33m[WARN] TRADER-000.nautilus_common::clock: Timer 'SIGNAL:9009368871:1789982518035040000' alert time 2026-09-21T09:36:20+00:00 was in the past, adjusted to current time for immediate firing[0m
[1m2026-09-21T09:36:20.000000000Z[0m [1;33m[WARN] TRADER-000.nautilus_common::clock: Timer 'SIGNAL:9009368871:1789982519028269056' alert time 2026-09-21T09:36:20+00:00 was in the past, adjusted to current time for immediate firing[0m
[1m2026-09-21T09:36:20.000000000Z[0m [1;33m[WARN] TRADER-000.nautilus_common::clock: Timer 'SIGNAL:9009368871:1789982520021586944' alert time 2026-09-21T09:36:20+00:00 was in the past, adjusted to current time for immediate firing[0m
[1m2026-09-21T09:36:20.000000000Z[0m [1;33m[WARN] TRADER-000.nautilus_common::clock: Timer 'SIGNAL:9009368871:1789982521021200896' alert time 2026-09-21T09:36:20+00:00 was in the past, adjusted to current time for immediate firing[0m
[1m2026-09-21T09:36:20.000000000Z[0m [1;33m[WARN] TRADER-000.nautilus_common::clock: Timer 'SIGNAL:9009368871:1789982523025453056' alert time 2026-09-21T09:36:20+00:00 was in the past, adjusted to current time for immediate firing[0m
[1m2026-09-21T09:36:20.000000000Z[0m [1;33m[WARN] TRADER-000.nautilus_common::clock: Timer 'SIGNAL:9009368871:1789982524021190912' alert time 2026-09-21T09:36:20+00:00 was in the past, adjusted to current time for immediate firing[0m
[1m2026-09-21T09:36:20.000000000Z[0m [1;33m[WARN] TRADER-000.nautilus_common::clock: Timer 'SIGNAL:9009368871:1789982525023387904' alert time 2026-09-21T09:36:20+00:00 was in the past, adjusted to current time for immediate firing[0m
[1m2026-09-21T09:36:20.000000000Z[0m [1;33m[WARN] TRADER-000.nautilus_common::clock: Timer 'SIGNAL:9009368871:1789982526023003136' alert time 2026-09-21T09:36:20+00:00 was in the past, adjusted to current time for immediate firing[0m
[1m2026-09-21T09:36:20.000000000Z[0m [1;33m[WARN] TRADER-000.nautilus_common::clock: Timer 'SIGNAL:9009368871:1789982527023417856' alert time 2026-09-21T09:36:20+00:00 was in the past, adjusted to current time for immediate firing[0m
[1m2026-09-21T09:36:20.000000000Z[0m [1;33m[WARN] TRADER-000.nautilus_common::clock: Timer 'SIGNAL:9009368871:1789982528024450048' alert time 2026-09-21T09:36:20+00:00 was in the past, adjusted to current time for immediate firing[0m
[1m2026-09-21T09:36:20.000000000Z[0m [1;33m[WARN] TRADER-000.nautilus_common::clock: Timer 'SIGNAL:9009368871:1789982529030884096' alert time 2026-09-21T09:36:20+00:00 was in the past, adjusted to current time for immediate firing[0m
[1m2026-09-21T09:36:20.000000000Z[0m [1;33m[WARN] TRADER-000.nautilus_common::clock: Timer 'SIGNAL:9009368871:1789982530024871168' alert time 2026-09-21T09:36:20+00:00 was in the past, adjusted to current time for immediate firing[0m
[1m2026-09-21T09:36:20.000000000Z[0m [1;33m[WARN] TRADER-000.nautilus_common::clock: Timer 'SIGNAL:9009368871:1789982530924002048' alert time 2026-09-21T09:36:20+00:00 was in the past, adjusted to current time for immediate firing[0m
[1m2026-09-21T09:36:20.000000000Z[0m [1;33m[WARN] TRADER-000.nautilus_common::clock: Timer 'SIGNAL:9009368871:1789982532024171008' alert time 2026-09-21T09:36:20+00:00 was in the past, adjusted to current time for immediate firing[0m
[1m2026-09-21T09:36:20.000000000Z[0m [1;33m[WARN] TRADER-000.nautilus_common::clock: Timer 'SIGNAL:9009368871:1789982533022775040' alert time 2026-09-21T09:36:20+00:00 was in the past, adjusted to current time for immediate firing[0m
[1m2026-09-21T09:36:20.000000000Z[0m [1;33m[WARN] TRADER-000.nautilus_common::clock: Timer 'SIGNAL:9009368871:1789982534028214016' alert time 2026-09-21T09:36:20+00:00 was in the past, adjusted to current time for immediate firing[0m
[1m2026-09-21T09:36:20.000000000Z[0m [1;33m[WARN] TRADER-000.nautilus_common::clock: Timer 'SIGNAL:9009368871:1789982535026525952' alert time 2026-09-21T09:36:20+00:00 was in the past, adjusted to current time for immediate firing[0m
[1m2026-09-21T09:36:20.000000000Z[0m [1;33m[WARN] TRADER-000.nautilus_common::clock: Timer 'SIGNAL:9009368871:1789982536027780096' alert time 2026-09-21T09:36:20+00:00 was in the past, adjusted to current time for immediate firing[0m
[1m2026-09-21T09:36:20.000000000Z[0m [1;33m[WARN] TRADER-000.nautilus_common::clock: Timer 'SIGNAL:9009368871:1789982537026232064' alert time 2026-09-21T09:36:20+00:00 was in the past, adjusted to current time for immediate firing[0m
[1m2026-09-21T09:36:20.000000000Z[0m [1;33m[WARN] TRADER-000.nautilus_common::clock: Timer 'SIGNAL:9009368871:1789982538026056960' alert time 2026-09-21T09:36:20+00:00 was in the past, adjusted to current time for immediate firing[0m
[1m2026-09-21T09:36:20.000000000Z[0m [1;33m[WARN] TRADER-000.nautilus_common::clock: Timer 'SIGNAL:9009368871:1789982539021712896' alert time 2026-09-21T09:36:20+00:00 was in the past, adjusted to current time for immediate firing[0m
[1m2026-09-21T09:36:20.000000000Z[0m [1;33m[WARN] TRADER-000.nautilus_common::clock: Timer 'SIGNAL:9009368871:1789982541026423808' alert time 2026-09-21T09:36:20+00:00 was in the past, adjusted to current time for immediate firing[0m
[1m2026-09-21T09:36:20.000000000Z[0m [1;33m[WARN] TRADER-000.nautilus_common::clock: Timer 'SIGNAL:9009368871:1789982542026611968' alert time 2026-09-21T09:36:20+00:00 was in the past, adjusted to current time for immediate firing[0m
[1m2026-09-21T09:36:20.000000000Z[0m [1;33m[WARN] TRADER-000.nautilus_common::clock: Timer 'SIGNAL:9009368871:1789982543026496000' alert time 2026-09-21T09:36:20+00:00 was in the past, adjusted to current time for immediate firing[0m
[1m2026-09-21T09:36:20.000000000Z[0m [1;33m[WARN] TRADER-000.nautilus_common::clock: Timer 'SIGNAL:9009368871:1789982544021457920' alert time 2026-09-21T09:36:20+00:00 was in the past, adjusted to current time for immediate firing[0m
[1m2026-09-21T09:36:20.000000000Z[0m [1;33m[WARN] TRADER-000.nautilus_common::clock: Timer 'SIGNAL:9009368871:1789982545031580928' alert time 2026-09-21T09:36:20+00:00 was in the past, adjusted to current time for immediate firing[0m
[1m2026-09-21T09:36:20.000000000Z[0m [1;33m[WARN] TRADER-000.nautilus_common::clock: Timer 'SIGNAL:9009368871:1789982546029662976' alert time 2026-09-21T09:36:20+00:00 was in the past, adjusted to current time for immediate firing[0m
[1m2026-09-21T09:36:20.000000000Z[0m [1;33m[WARN] TRADER-000.nautilus_common::clock: Timer 'SIGNAL:9009368871:1789982547031235840' alert time 2026-09-21T09:36:20+00:00 was in the past, adjusted to current time for immediate firing[0m
[1m2026-09-21T09:36:20.000000000Z[0m [1;33m[WARN] TRADER-000.nautilus_common::clock: Timer 'SIGNAL:9009368871:1789982548020643840' alert time 2026-09-21T09:36:20+00:00 was in the past, adjusted to current time for immediate firing[0m
[1m2026-09-21T09:36:20.000000000Z[0m [1;33m[WARN] TRADER-000.nautilus_common::clock: Timer 'SIGNAL:9009368871:1789982549024220928' alert time 2026-09-21T09:36:20+00:00 was in the past, adjusted to current time for immediate firing[0m
[1m2026-09-21T09:36:20.000000000Z[0m [1;33m[WARN] TRADER-000.nautilus_common::clock: Timer 'SIGNAL:9009368871:1789982550042905088' alert time 2026-09-21T09:36:20+00:00 was in the past, adjusted to current time for immediate firing[0m
[1m2026-09-21T09:36:20.000000000Z[0m [1;33m[WARN] TRADER-000.nautilus_common::clock: Timer 'SIGNAL:9009368871:1789982551021431808' alert time 2026-09-21T09:36:20+00:00 was in the past, adjusted to current time for immediate firing[0m
[1m2026-09-21T09:36:20.000000000Z[0m [1;33m[WARN] TRADER-000.nautilus_common::clock: Timer 'SIGNAL:9009368871:1789982552020560128' alert time 2026-09-21T09:36:20+00:00 was in the past, adjusted to current time for immediate firing[0m
[1m2026-09-21T09:36:20.000000000Z[0m [1;33m[WARN] TRADER-000.nautilus_common::clock: Timer 'SIGNAL:9009368871:1789982553031059968' alert time 2026-09-21T09:36:20+00:00 was in the past, adjusted to current time for immediate firing[0m
[1m2026-09-21T09:36:20.000000000Z[0m [1;33m[WARN] TRADER-000.nautilus_common::clock: Timer 'SIGNAL:9009368871:1789982554024086016' alert time 2026-09-21T09:36:20+00:00 was in the past, adjusted to current time for immediate firing[0m
[1m2026-09-21T09:36:20.000000000Z[0m [1;33m[WARN] TRADER-000.nautilus_common::clock: Timer 'SIGNAL:9009368871:1789982555022234880' alert time 2026-09-21T09:36:20+00:00 was in the past, adjusted to current time for immediate firing[0m
[1m2026-09-21T09:36:20.000000000Z[0m [1;33m[WARN] TRADER-000.nautilus_common::clock: Timer 'SIGNAL:9009368871:1789982555924758016' alert time 2026-09-21T09:36:20+00:00 was in the past, adjusted to current time for immediate firing[0m
[1m2026-09-21T09:36:20.000000000Z[0m [1;33m[WARN] TRADER-000.nautilus_common::clock: Timer 'SIGNAL:9009368871:1789982557025408000' alert time 2026-09-21T09:36:20+00:00 was in the past, adjusted to current time for immediate firing[0m
[1m2026-09-21T09:36:20.000000000Z[0m [1;33m[WARN] TRADER-000.nautilus_common::clock: Timer 'SIGNAL:9009368871:1789982558021101056' alert time 2026-09-21T09:36:20+00:00 was in the past, adjusted to current time for immediate firing[0m
[1m2026-09-21T09:36:20.000000000Z[0m [1;33m[WARN] TRADER-000.nautilus_common::clock: Timer 'SIGNAL:9009368871:1789982558927117056' alert time 2026-09-21T09:36:20+00:00 was in the past, adjusted to current time for immediate firing[0m
[1m2026-09-21T09:36:20.000000000Z[0m [1;33m[WARN] TRADER-000.nautilus_common::clock: Timer 'SIGNAL:9009368871:1789982560026832128' alert time 2026-09-21T09:36:20+00:00 was in the past, adjusted to current time for immediate firing[0m
[1m2026-09-21T09:36:20.000000000Z[0m [1;33m[WARN] TRADER-000.nautilus_common::clock: Timer 'SIGNAL:9009368871:1789982561020484864' alert time 2026-09-21T09:36:20+00:00 was in the past, adjusted to current time for immediate firing[0m
[1m2026-09-21T09:36:20.000000000Z[0m [1;33m[WARN] TRADER-000.nautilus_common::clock: Timer 'SIGNAL:9009368871:1789982562022862848' alert time 2026-09-21T09:36:20+00:00 was in the past, adjusted to current time for immediate firing[0m
[1m2026-09-21T09:36:20.000000000Z[0m [1;33m[WARN] TRADER-000.nautilus_common::clock: Timer 'SIGNAL:9009368871:1789982562982774016' alert time 2026-09-21T09:36:20+00:00 was in the past, adjusted to current time for immediate firing[0m
[1m2026-09-21T09:36:20.000000000Z[0m [1;33m[WARN] TRADER-000.nautilus_common::clock: Timer 'SIGNAL:9009368871:1789982564021512960' alert time 2026-09-21T09:36:20+00:00 was in the past, adjusted to current time for immediate firing[0m
[1m2026-09-21T09:36:20.000000000Z[0m [1;33m[WARN] TRADER-000.nautilus_common::clock: Timer 'SIGNAL:9009368871:1789982565024965888' alert time 2026-09-21T09:36:20+00:00 was in the past, adjusted to current time for immediate firing[0m
[1m2026-09-21T09:36:20.000000000Z[0m [1;33m[WARN] TRADER-000.nautilus_common::clock: Timer 'SIGNAL:9009368871:1789982565938679040' alert time 2026-09-21T09:36:20+00:00 was in the past, adjusted to current time for immediate firing[0m
[1m2026-09-21T09:36:20.000000000Z[0m [1;33m[WARN] TRADER-000.nautilus_common::clock: Timer 'SIGNAL:9009368871:1789982567023053824' alert time 2026-09-21T09:36:20+00:00 was in the past, adjusted to current time for immediate firing[0m
[1m2026-09-21T09:36:20.000000000Z[0m [1;33m[WARN] TRADER-000.nautilus_common::clock: Timer 'SIGNAL:9009368871:1789982568020858112' alert time 2026-09-21T09:36:20+00:00 was in the past, adjusted to current time for immediate firing[0m
[1m2026-09-21T09:36:20.000000000Z[0m [1;33m[WARN] TRADER-000.nautilus_common::clock: Timer 'SIGNAL:9009368871:1789982569022196992' alert time 2026-09-21T09:36:20+00:00 was in the past, adjusted to current time for immediate firing[0m
[1m2026-09-21T09:36:20.000000000Z[0m [1;33m[WARN] TRADER-000.nautilus_common::clock: Timer 'SIGNAL:9009368871:1789982570027531008' alert time 2026-09-21T09:36:20+00:00 was in the past, adjusted to current time for immediate firing[0m
[1m2026-09-21T09:36:20.000000000Z[0m [1;33m[WARN] TRADER-000.nautilus_common::clock: Timer 'SIGNAL:9009368871:1789982571025829120' alert time 2026-09-21T09:36:20+00:00 was in the past, adjusted to current time for immediate firing[0m
[1m2026-09-21T09:36:20.000000000Z[0m [1;33m[WARN] TRADER-000.nautilus_common::clock: Timer 'SIGNAL:9009368871:1789982572021323008' alert time 2026-09-21T09:36:20+00:00 was in the past, adjusted to current time for immediate firing[0m
[1m2026-09-21T09:36:20.000000000Z[0m [1;33m[WARN] TRADER-000.nautilus_common::clock: Timer 'SIGNAL:9009368871:1789982573024299008' alert time 2026-09-21T09:36:20+00:00 was in the past, adjusted to current time for immediate firing[0m
[1m2026-09-21T09:36:20.000000000Z[0m [1;33m[WARN] TRADER-000.nautilus_common::clock: Timer 'SIGNAL:9009368871:1789982574024934144' alert time 2026-09-21T09:36:20+00:00 was in the past, adjusted to current time for immediate firing[0m
[1m2026-09-21T09:36:20.000000000Z[0m [1;33m[WARN] TRADER-000.nautilus_common::clock: Timer 'SIGNAL:9009368871:1789982575020775936' alert time 2026-09-21T09:36:20+00:00 was in the past, adjusted to current time for immediate firing[0m
[1m2026-09-21T09:36:20.000000000Z[0m [1;33m[WARN] TRADER-000.nautilus_common::clock: Timer 'SIGNAL:9009368871:1789982576029346816' alert time 2026-09-21T09:36:20+00:00 was in the past, adjusted to current time for immediate firing[0m
[1m2026-09-21T09:36:20.000000000Z[0m [1;33m[WARN] TRADER-000.nautilus_common::clock: Timer 'SIGNAL:9009368871:1789982577023591936' alert time 2026-09-21T09:36:20+00:00 was in the past, adjusted to current time for immediate firing[0m
[1m2026-09-21T09:36:20.000000000Z[0m [1;33m[WARN] TRADER-000.nautilus_common::clock: Timer 'SIGNAL:9009368871:1789982578021758976' alert time 2026-09-21T09:36:20+00:00 was in the past, adjusted to current time for immediate firing[0m
[1m2026-09-21T09:36:20.000000000Z[0m [1;33m[WARN] TRADER-000.nautilus_common::clock: Timer 'SIGNAL:9009368871:1789982579022535936' alert time 2026-09-21T09:36:20+00:00 was in the past, adjusted to current time for immediate firing[0m
[1m2026-09-21T09:36:20.000000000Z[0m [1;33m[WARN] TRADER-000.nautilus_common::clock: Timer 'SIGNAL:9009368871:1789982580025335040' alert time 2026-09-21T09:36:20+00:00 was in the past, adjusted to current time for immediate firing[0m
[1m2026-09-21T09:36:20.000000000Z[0m [1;33m[WARN] TRADER-000.nautilus_common::clock: Timer 'SIGNAL:9009368871:1789982581033914112' alert time 2026-09-21T09:36:20+00:00 was in the past, adjusted to current time for immediate firing[0m
[1m2026-09-21T09:36:20.000000000Z[0m [1;33m[WARN] TRADER-000.nautilus_common::clock: Timer 'SIGNAL:9009368871:1789982582020610048' alert time 2026-09-21T09:36:20+00:00 was in the past, adjusted to current time for immediate firing[0m
[1m2026-09-21T09:36:20.000000000Z[0m [1;33m[WARN] TRADER-000.nautilus_common::clock: Timer 'SIGNAL:9009368871:1789982583031283968' alert time 2026-09-21T09:36:20+00:00 was in the past, adjusted to current time for immediate firing[0m
[1m2026-09-21T09:36:20.000000000Z[0m [1;33m[WARN] TRADER-000.nautilus_common::clock: Timer 'SIGNAL:9009368871:1789982584022427136' alert time 2026-09-21T09:36:20+00:00 was in the past, adjusted to current time for immediate firing[0m
[1m2026-09-21T09:36:20.000000000Z[0m [1;33m[WARN] TRADER-000.nautilus_common::clock: Timer 'SIGNAL:9009368871:1789982585027427072' alert time 2026-09-21T09:36:20+00:00 was in the past, adjusted to current time for immediate firing[0m
[1m2026-09-21T09:36:20.000000000Z[0m [1;33m[WARN] TRADER-000.nautilus_common::clock: Timer 'SIGNAL:9009368871:1789982586024008960' alert time 2026-09-21T09:36:20+00:00 was in the past, adjusted to current time for immediate firing[0m
[1m2026-09-21T09:36:20.000000000Z[0m [1;33m[WARN] TRADER-000.nautilus_common::clock: Timer 'SIGNAL:9009368871:1789982587022615808' alert time 2026-09-21T09:36:20+00:00 was in the past, adjusted to current time for immediate firing[0m
[1m2026-09-21T09:36:20.000000000Z[0m [1;33m[WARN] TRADER-000.nautilus_common::clock: Timer 'SIGNAL:9009368871:1789982588027084032' alert time 2026-09-21T09:36:20+00:00 was in the past, adjusted to current time for immediate firing[0m
[1m2026-09-21T09:36:20.000000000Z[0m [1;33m[WARN] TRADER-000.nautilus_common::clock: Timer 'SIGNAL:9009368871:1789982589053893120' alert time 2026-09-21T09:36:20+00:00 was in the past, adjusted to current time for immediate firing[0m
[1m2026-09-21T09:36:20.000000000Z[0m [1;33m[WARN] TRADER-000.nautilus_common::clock: Timer 'SIGNAL:9009368871:1789982590025923840' alert time 2026-09-21T09:36:20+00:00 was in the past, adjusted to current time for immediate firing[0m
[1m2026-09-21T09:36:20.000000000Z[0m [1;33m[WARN] TRADER-000.nautilus_common::clock: Timer 'SIGNAL:9009368871:1789982591023323904' alert time 2026-09-21T09:36:20+00:00 was in the past, adjusted to current time for immediate firing[0m
[1m2026-09-21T09:36:20.000000000Z[0m [1;33m[WARN] TRADER-000.nautilus_common::clock: Timer 'SIGNAL:9009368871:1789982592032471040' alert time 2026-09-21T09:36:20+00:00 was in the past, adjusted to current time for immediate firing[0m
[1m2026-09-21T09:36:20.000000000Z[0m [1;33m[WARN] TRADER-000.nautilus_common::clock: Timer 'SIGNAL:9009368871:1789982593021897984' alert time 2026-09-21T09:36:20+00:00 was in the past, adjusted to current time for immediate firing[0m
[1m2026-09-21T09:36:20.000000000Z[0m [1;33m[WARN] TRADER-000.nautilus_common::clock: Timer 'SIGNAL:9009368871:1789982594045661952' alert time 2026-09-21T09:36:20+00:00 was in the past, adjusted to current time for immediate firing[0m
[1m2026-09-21T09:36:20.000000000Z[0m [1;33m[WARN] TRADER-000.nautilus_common::clock: Timer 'SIGNAL:9009368871:1789982594532265984' alert time 2026-09-21T09:36:20+00:00 was in the past, adjusted to current time for immediate firing[0m
[1m2026-09-21T09:36:20.000000000Z[0m [1;33m[WARN] TRADER-000.nautilus_common::clock: Timer 'SIGNAL:9009368871:1789982595526576896' alert time 2026-09-21T09:36:20+00:00 was in the past, adjusted to current time for immediate firing[0m
[1m2026-09-21T09:36:20.000000000Z[0m [1;33m[WARN] TRADER-000.nautilus_common::clock: Timer 'SIGNAL:9009368871:1789982597021944064' alert time 2026-09-21T09:36:20+00:00 was in the past, adjusted to current time for immediate firing[0m
[1m2026-09-21T09:36:20.000000000Z[0m [1;33m[WARN] TRADER-000.nautilus_common::clock: Timer 'SIGNAL:9009368871:1789982598034366976' alert time 2026-09-21T09:36:20+00:00 was in the past, adjusted to current time for immediate firing[0m
[1m2026-09-21T09:36:20.000000000Z[0m [1;33m[WARN] TRADER-000.nautilus_common::clock: Timer 'SIGNAL:9009368871:1789982598519834112' alert time 2026-09-21T09:36:20+00:00 was in the past, adjusted to current time for immediate firing[0m
[1m2026-09-21T09:36:20.000000000Z[0m [1;33m[WARN] TRADER-000.nautilus_common::clock: Timer 'SIGNAL:9009368871:1789982600027270912' alert time 2026-09-21T09:36:20+00:00 was in the past, adjusted to current time for immediate firing[0m
[1m2026-09-21T09:36:20.000000000Z[0m [1;33m[WARN] TRADER-000.nautilus_common::clock: Timer 'SIGNAL:9009368871:1789982601023691008' alert time 2026-09-21T09:36:20+00:00 was in the past, adjusted to current time for immediate firing[0m
[1m2026-09-21T09:36:20.000000000Z[0m [1;33m[WARN] TRADER-000.nautilus_common::clock: Timer 'SIGNAL:9009368871:1789982601521260032' alert time 2026-09-21T09:36:20+00:00 was in the past, adjusted to current time for immediate firing[0m
[1m2026-09-21T09:36:20.000000000Z[0m [1;33m[WARN] TRADER-000.nautilus_common::clock: Timer 'SIGNAL:9009368871:1789982602522592000' alert time 2026-09-21T09:36:20+00:00 was in the past, adjusted to current time for immediate firing[0m
[1m2026-09-21T09:36:20.000000000Z[0m [1;33m[WARN] TRADER-000.nautilus_common::clock: Timer 'SIGNAL:9009368871:1789982603520417024' alert time 2026-09-21T09:36:20+00:00 was in the past, adjusted to current time for immediate firing[0m
[1m2026-09-21T09:36:20.000000000Z[0m [1;33m[WARN] TRADER-000.nautilus_common::clock: Timer 'SIGNAL:9009368871:1789982605026535936' alert time 2026-09-21T09:36:20+00:00 was in the past, adjusted to current time for immediate firing[0m
[1m2026-09-21T09:36:20.000000000Z[0m [1;33m[WARN] TRADER-000.nautilus_common::clock: Timer 'SIGNAL:9009368871:1789982606027373056' alert time 2026-09-21T09:36:20+00:00 was in the past, adjusted to current time for immediate firing[0m
[1m2026-09-21T09:36:20.000000000Z[0m [1;33m[WARN] TRADER-000.nautilus_common::clock: Timer 'SIGNAL:9009368871:1789982607120440064' alert time 2026-09-21T09:36:20+00:00 was in the past, adjusted to current time for immediate firing[0m
[1m2026-09-21T09:36:20.000000000Z[0m [1;33m[WARN] TRADER-000.nautilus_common::clock: Timer 'SIGNAL:9009368871:1789982608120345088' alert time 2026-09-21T09:36:20+00:00 was in the past, adjusted to current time for immediate firing[0m
[1m2026-09-21T09:36:20.000000000Z[0m [1;33m[WARN] TRADER-000.nautilus_common::clock: Timer 'SIGNAL:9009368871:1789982609029319168' alert time 2026-09-21T09:36:20+00:00 was in the past, adjusted to current time for immediate firing[0m
[1m2026-09-21T09:36:20.000000000Z[0m [1;33m[WARN] TRADER-000.nautilus_common::clock: Timer 'SIGNAL:9009368871:1789982609520827136' alert time 2026-09-21T09:36:20+00:00 was in the past, adjusted to current time for immediate firing[0m
[1m2026-09-21T09:36:20.000000000Z[0m [1;33m[WARN] TRADER-000.nautilus_common::clock: Timer 'SIGNAL:9009368871:1789982610520615936' alert time 2026-09-21T09:36:20+00:00 was in the past, adjusted to current time for immediate firing[0m
[1m2026-09-21T09:36:20.000000000Z[0m [1;33m[WARN] TRADER-000.nautilus_common::clock: Timer 'SIGNAL:9009368871:1789982611523101184' alert time 2026-09-21T09:36:20+00:00 was in the past, adjusted to current time for immediate firing[0m
[1m2026-09-21T09:36:20.000000000Z[0m [1;33m[WARN] TRADER-000.nautilus_common::clock: Timer 'SIGNAL:9009368871:1789982612543212032' alert time 2026-09-21T09:36:20+00:00 was in the past, adjusted to current time for immediate firing[0m
[1m2026-09-21T09:36:20.000000000Z[0m [1;33m[WARN] TRADER-000.nautilus_common::clock: Timer 'SIGNAL:9009368871:1789982613522245888' alert time 2026-09-21T09:36:20+00:00 was in the past, adjusted to current time for immediate firing[0m
[1m2026-09-21T09:36:20.000000000Z[0m [1;33m[WARN] TRADER-000.nautilus_common::clock: Timer 'SIGNAL:9009368871:1789982614527169024' alert time 2026-09-21T09:36:20+00:00 was in the past, adjusted to current time for immediate firing[0m
[1m2026-09-21T09:36:20.000000000Z[0m [1;33m[WARN] TRADER-000.nautilus_common::clock: Timer 'SIGNAL:9009368871:1789982615540446976' alert time 2026-09-21T09:36:20+00:00 was in the past, adjusted to current time for immediate firing[0m
[1m2026-09-21T09:36:20.000000000Z[0m [1;33m[WARN] TRADER-000.nautilus_common::clock: Timer 'SIGNAL:9009368871:1789982616526948096' alert time 2026-09-21T09:36:20+00:00 was in the past, adjusted to current time for immediate firing[0m
[1m2026-09-21T09:36:20.000000000Z[0m [1;33m[WARN] TRADER-000.nautilus_common::clock: Timer 'SIGNAL:9009368871:1789982617531591936' alert time 2026-09-21T09:36:20+00:00 was in the past, adjusted to current time for immediate firing[0m
[1m2026-09-21T09:36:20.000000000Z[0m [1;33m[WARN] TRADER-000.nautilus_common::clock: Timer 'SIGNAL:9009368871:1789982619021511168' alert time 2026-09-21T09:36:20+00:00 was in the past, adjusted to current time for immediate firing[0m
[1m2026-09-21T09:36:20.000000000Z[0m [1;33m[WARN] TRADER-000.nautilus_common::clock: Timer 'SIGNAL:9009368871:1789982620021515008' alert time 2026-09-21T09:36:20+00:00 was in the past, adjusted to current time for immediate firing[0m
[1m2026-09-21T09:36:20.000000000Z[0m [1;33m[WARN] TRADER-000.nautilus_common::clock: Timer 'SIGNAL:9009368871:1789982620525219840' alert time 2026-09-21T09:36:20+00:00 was in the past, adjusted to current time for immediate firing[0m
[1m2026-09-21T09:36:20.000000000Z[0m [1;33m[WARN] TRADER-000.nautilus_common::clock: Timer 'SIGNAL:9009368871:1789982621827013888' alert time 2026-09-21T09:36:20+00:00 was in the past, adjusted to current time for immediate firing[0m
[1m2026-09-21T09:36:20.000000000Z[0m [1;33m[WARN] TRADER-000.nautilus_common::clock: Timer 'SIGNAL:9009368871:1789982623022754816' alert time 2026-09-21T09:36:20+00:00 was in the past, adjusted to current time for immediate firing[0m
[1m2026-09-21T09:36:20.000000000Z[0m [1;33m[WARN] TRADER-000.nautilus_common::clock: Timer 'SIGNAL:9009368871:1789982623822885888' alert time 2026-09-21T09:36:20+00:00 was in the past, adjusted to current time for immediate firing[0m
[1m2026-09-21T09:36:20.000000000Z[0m [1;33m[WARN] TRADER-000.nautilus_common::clock: Timer 'SIGNAL:9009368871:1789982624849710848' alert time 2026-09-21T09:36:20+00:00 was in the past, adjusted to current time for immediate firing[0m
[1m2026-09-21T09:36:20.000000000Z[0m [1;33m[WARN] TRADER-000.nautilus_common::clock: Timer 'SIGNAL:9009368871:1789982625820936960' alert time 2026-09-21T09:36:20+00:00 was in the past, adjusted to current time for immediate firing[0m
[1m2026-09-21T09:36:20.000000000Z[0m [1;33m[WARN] TRADER-000.nautilus_common::clock: Timer 'SIGNAL:9009368871:1789982626821250816' alert time 2026-09-21T09:36:20+00:00 was in the past, adjusted to current time for immediate firing[0m
[1m2026-09-21T09:36:20.000000000Z[0m [1;33m[WARN] TRADER-000.nautilus_common::clock: Timer 'SIGNAL:9009368871:1789982627820965888' alert time 2026-09-21T09:36:20+00:00 was in the past, adjusted to current time for immediate firing[0m
[1m2026-09-21T09:36:20.000000000Z[0m [1;33m[WARN] TRADER-000.nautilus_common::clock: Timer 'SIGNAL:9009368871:1789982628836626176' alert time 2026-09-21T09:36:20+00:00 was in the past, adjusted to current time for immediate firing[0m
[1m2026-09-21T09:36:20.000000000Z[0m [1;33m[WARN] TRADER-000.nautilus_common::clock: Timer 'SIGNAL:9009368871:1789982629825739008' alert time 2026-09-21T09:36:20+00:00 was in the past, adjusted to current time for immediate firing[0m
[1m2026-09-21T09:36:20.000000000Z[0m [1;33m[WARN] TRADER-000.nautilus_common::clock: Timer 'SIGNAL:9009368871:1789982630825819904' alert time 2026-09-21T09:36:20+00:00 was in the past, adjusted to current time for immediate firing[0m
[1m2026-09-21T09:36:20.000000000Z[0m [1;33m[WARN] TRADER-000.nautilus_common::clock: Timer 'SIGNAL:9009368871:1789982631837004800' alert time 2026-09-21T09:36:20+00:00 was in the past, adjusted to current time for immediate firing[0m
[1m2026-09-21T09:36:20.000000000Z[0m [1;33m[WARN] TRADER-000.nautilus_common::clock: Timer 'SIGNAL:9009368871:1789982632828176896' alert time 2026-09-21T09:36:20+00:00 was in the past, adjusted to current time for immediate firing[0m
[1m2026-09-21T09:36:20.000000000Z[0m [1;33m[WARN] TRADER-000.nautilus_common::clock: Timer 'SIGNAL:9009368871:1789982633822489856' alert time 2026-09-21T09:36:20+00:00 was in the past, adjusted to current time for immediate firing[0m
[1m2026-09-21T09:36:20.000000000Z[0m [1;33m[WARN] TRADER-000.nautilus_common::clock: Timer 'SIGNAL:9009368871:1789982634821598976' alert time 2026-09-21T09:36:20+00:00 was in the past, adjusted to current time for immediate firing[0m
[1m2026-09-21T09:36:20.000000000Z[0m [1;33m[WARN] TRADER-000.nautilus_common::clock: Timer 'SIGNAL:9009368871:1789982635823635200' alert time 2026-09-21T09:36:20+00:00 was in the past, adjusted to current time for immediate firing[0m
[1m2026-09-21T09:36:20.000000000Z[0m [1;33m[WARN] TRADER-000.nautilus_common::clock: Timer 'SIGNAL:9009368871:1789982636822145024' alert time 2026-09-21T09:36:20+00:00 was in the past, adjusted to current time for immediate firing[0m
[1m2026-09-21T09:36:20.000000000Z[0m [1;33m[WARN] TRADER-000.nautilus_common::clock: Timer 'SIGNAL:9009368871:1789982637826626048' alert time 2026-09-21T09:36:20+00:00 was in the past, adjusted to current time for immediate firing[0m
[1m2026-09-21T09:36:20.000000000Z[0m [1;33m[WARN] TRADER-000.nautilus_common::clock: Timer 'SIGNAL:9009368871:1789982638823918080' alert time 2026-09-21T09:36:20+00:00 was in the past, adjusted to current time for immediate firing[0m
[1m2026-09-21T09:36:20.000000000Z[0m [1;33m[WARN] TRADER-000.nautilus_common::clock: Timer 'SIGNAL:9009368871:1789982639831321856' alert time 2026-09-21T09:36:20+00:00 was in the past, adjusted to current time for immediate firing[0m
[1m2026-09-21T09:36:20.000000000Z[0m [1;33m[WARN] TRADER-000.nautilus_common::clock: Timer 'SIGNAL:9009368871:1789982640824263936' alert time 2026-09-21T09:36:20+00:00 was in the past, adjusted to current time for immediate firing[0m
[1m2026-09-21T09:36:20.000000000Z[0m [1;33m[WARN] TRADER-000.nautilus_common::clock: Timer 'SIGNAL:9009368871:1789982641834475008' alert time 2026-09-21T09:36:20+00:00 was in the past, adjusted to current time for immediate firing[0m
[1m2026-09-21T09:36:20.000000000Z[0m [1;33m[WARN] TRADER-000.nautilus_common::clock: Timer 'SIGNAL:9009368871:1789982642820961024' alert time 2026-09-21T09:36:20+00:00 was in the past, adjusted to current time for immediate firing[0m
[1m2026-09-21T09:36:20.000000000Z[0m [1;33m[WARN] TRADER-000.nautilus_common::clock: Timer 'SIGNAL:9009368871:1789982643830900992' alert time 2026-09-21T09:36:20+00:00 was in the past, adjusted to current time for immediate firing[0m
[1m2026-09-21T09:36:20.000000000Z[0m [1;33m[WARN] TRADER-000.nautilus_common::clock: Timer 'SIGNAL:9009368871:1789982644828854016' alert time 2026-09-21T09:36:20+00:00 was in the past, adjusted to current time for immediate firing[0m
[1m2026-09-21T09:36:20.000000000Z[0m [1;33m[WARN] TRADER-000.nautilus_common::clock: Timer 'SIGNAL:9009368871:1789982645836056832' alert time 2026-09-21T09:36:20+00:00 was in the past, adjusted to current time for immediate firing[0m
[1m2026-09-21T09:36:20.000000000Z[0m [1;33m[WARN] TRADER-000.nautilus_common::clock: Timer 'SIGNAL:9009368871:1789982646825469952' alert time 2026-09-21T09:36:20+00:00 was in the past, adjusted to current time for immediate firing[0m
[1m2026-09-21T09:36:20.000000000Z[0m [1;33m[WARN] TRADER-000.nautilus_common::clock: Timer 'SIGNAL:9009368871:1789982647854319104' alert time 2026-09-21T09:36:20+00:00 was in the past, adjusted to current time for immediate firing[0m
[1m2026-09-21T09:36:20.000000000Z[0m [1;33m[WARN] TRADER-000.nautilus_common::clock: Timer 'SIGNAL:9009368871:1789982648820600064' alert time 2026-09-21T09:36:20+00:00 was in the past, adjusted to current time for immediate firing[0m
[1m2026-09-21T09:36:20.000000000Z[0m [1;33m[WARN] TRADER-000.nautilus_common::clock: Timer 'SIGNAL:9009368871:1789982649828830976' alert time 2026-09-21T09:36:20+00:00 was in the past, adjusted to current time for immediate firing[0m
[1m2026-09-21T09:36:20.000000000Z[0m [1;33m[WARN] TRADER-000.nautilus_common::clock: Timer 'SIGNAL:9009368871:1789982650930561024' alert time 2026-09-21T09:36:20+00:00 was in the past, adjusted to current time for immediate firing[0m
[1m2026-09-21T09:36:20.000000000Z[0m [1;33m[WARN] TRADER-000.nautilus_common::clock: Timer 'SIGNAL:9009368871:1789982651828224000' alert time 2026-09-21T09:36:20+00:00 was in the past, adjusted to current time for immediate firing[0m
[1m2026-09-21T09:36:20.000000000Z[0m [1;33m[WARN] TRADER-000.nautilus_common::clock: Timer 'SIGNAL:9009368871:1789982652924860928' alert time 2026-09-21T09:36:20+00:00 was in the past, adjusted to current time for immediate firing[0m
[1m2026-09-21T09:36:20.000000000Z[0m [1;33m[WARN] TRADER-000.nautilus_common::clock: Timer 'SIGNAL:9009368871:1789982653825895168' alert time 2026-09-21T09:36:20+00:00 was in the past, adjusted to current time for immediate firing[0m
[1m2026-09-21T09:36:20.000000000Z[0m [1;33m[WARN] TRADER-000.nautilus_common::clock: Timer 'SIGNAL:9009368871:1789982654924343040' alert time 2026-09-21T09:36:20+00:00 was in the past, adjusted to current time for immediate firing[0m
[1m2026-09-21T09:36:20.000000000Z[0m [1;33m[WARN] TRADER-000.nautilus_common::clock: Timer 'SIGNAL:9009368871:1789982655929107968' alert time 2026-09-21T09:36:20+00:00 was in the past, adjusted to current time for immediate firing[0m
[1m2026-09-21T09:36:20.000000000Z[0m [1;33m[WARN] TRADER-000.nautilus_common::clock: Timer 'SIGNAL:9009368871:1789982656929347072' alert time 2026-09-21T09:36:20+00:00 was in the past, adjusted to current time for immediate firing[0m
[1m2026-09-21T09:36:20.000000000Z[0m [1;33m[WARN] TRADER-000.nautilus_common::clock: Timer 'SIGNAL:9009368871:1789982657930845952' alert time 2026-09-21T09:36:20+00:00 was in the past, adjusted to current time for immediate firing[0m
[1m2026-09-21T09:36:20.000000000Z[0m [1;33m[WARN] TRADER-000.nautilus_common::clock: Timer 'SIGNAL:9009368871:1789982658824687104' alert time 2026-09-21T09:36:20+00:00 was in the past, adjusted to current time for immediate firing[0m
[1m2026-09-21T09:36:20.000000000Z[0m [1;33m[WARN] TRADER-000.nautilus_common::clock: Timer 'SIGNAL:9009368871:1789982659829722880' alert time 2026-09-21T09:36:20+00:00 was in the past, adjusted to current time for immediate firing[0m
[1m2026-09-21T09:36:20.000000000Z[0m [1;33m[WARN] TRADER-000.nautilus_common::clock: Timer 'SIGNAL:9009368871:1789982660824180992' alert time 2026-09-21T09:36:20+00:00 was in the past, adjusted to current time for immediate firing[0m
[1m2026-09-21T09:36:20.000000000Z[0m [1;33m[WARN] TRADER-000.nautilus_common::clock: Timer 'SIGNAL:9009368871:1789982661927290880' alert time 2026-09-21T09:36:20+00:00 was in the past, adjusted to current time for immediate firing[0m
[1m2026-09-21T09:36:20.000000000Z[0m [1;33m[WARN] TRADER-000.nautilus_common::clock: Timer 'SIGNAL:9009368871:1789982663024662016' alert time 2026-09-21T09:36:20+00:00 was in the past, adjusted to current time for immediate firing[0m
[1m2026-09-21T09:36:20.000000000Z[0m [1;33m[WARN] TRADER-000.nautilus_common::clock: Timer 'SIGNAL:9009368871:1789982663620798976' alert time 2026-09-21T09:36:20+00:00 was in the past, adjusted to current time for immediate firing[0m
[1m2026-09-21T09:36:20.000000000Z[0m [1;33m[WARN] TRADER-000.nautilus_common::clock: Timer 'SIGNAL:9009368871:1789982664640407040' alert time 2026-09-21T09:36:20+00:00 was in the past, adjusted to current time for immediate firing[0m
[1m2026-09-21T09:36:20.000000000Z[0m [1;33m[WARN] TRADER-000.nautilus_common::clock: Timer 'SIGNAL:9009368871:1789982665630862080' alert time 2026-09-21T09:36:20+00:00 was in the past, adjusted to current time for immediate firing[0m
[1m2026-09-21T09:36:20.000000000Z[0m [1;33m[WARN] TRADER-000.nautilus_common::clock: Timer 'SIGNAL:9009368871:1789982666624905216' alert time 2026-09-21T09:36:20+00:00 was in the past, adjusted to current time for immediate firing[0m
[1m2026-09-21T09:36:20.000000000Z[0m [1;33m[WARN] TRADER-000.nautilus_common::clock: Timer 'SIGNAL:9009368871:1789982667627655936' alert time 2026-09-21T09:36:20+00:00 was in the past, adjusted to current time for immediate firing[0m
[1m2026-09-21T09:36:20.000000000Z[0m [1;33m[WARN] TRADER-000.nautilus_common::clock: Timer 'SIGNAL:9009368871:1789982668628748032' alert time 2026-09-21T09:36:20+00:00 was in the past, adjusted to current time for immediate firing[0m
[1m2026-09-21T09:36:20.000000000Z[0m [1;33m[WARN] TRADER-000.nautilus_common::clock: Timer 'SIGNAL:9009368871:1789982669635129088' alert time 2026-09-21T09:36:20+00:00 was in the past, adjusted to current time for immediate firing[0m
[1m2026-09-21T09:36:20.000000000Z[0m [1;33m[WARN] TRADER-000.nautilus_common::clock: Timer 'SIGNAL:9009368871:1789982670623693824' alert time 2026-09-21T09:36:20+00:00 was in the past, adjusted to current time for immediate firing[0m
[1m2026-09-21T09:36:20.000000000Z[0m [1;33m[WARN] TRADER-000.nautilus_common::clock: Timer 'SIGNAL:9009368871:1789982671626100992' alert time 2026-09-21T09:36:20+00:00 was in the past, adjusted to current time for immediate firing[0m
[1m2026-09-21T09:36:20.000000000Z[0m [1;33m[WARN] TRADER-000.nautilus_common::clock: Timer 'SIGNAL:9009368871:1789982672629998080' alert time 2026-09-21T09:36:20+00:00 was in the past, adjusted to current time for immediate firing[0m
[1m2026-09-21T09:36:20.000000000Z[0m [1;33m[WARN] TRADER-000.nautilus_common::clock: Timer 'SIGNAL:9009368871:1789982673625739008' alert time 2026-09-21T09:36:20+00:00 was in the past, adjusted to current time for immediate firing[0m
[1m2026-09-21T09:36:20.000000000Z[0m [1;33m[WARN] TRADER-000.nautilus_common::clock: Timer 'SIGNAL:9009368871:1789982674627612160' alert time 2026-09-21T09:36:20+00:00 was in the past, adjusted to current time for immediate firing[0m
[1m2026-09-21T09:36:20.000000000Z[0m [1;33m[WARN] TRADER-000.nautilus_common::clock: Timer 'SIGNAL:9009368871:1789982675624517888' alert time 2026-09-21T09:36:20+00:00 was in the past, adjusted to current time for immediate firing[0m
[1m2026-09-21T09:36:20.000000000Z[0m [1;33m[WARN] TRADER-000.nautilus_common::clock: Timer 'SIGNAL:9009368871:1789982676622430976' alert time 2026-09-21T09:36:20+00:00 was in the past, adjusted to current time for immediate firing[0m
[1m2026-09-21T09:36:20.000000000Z[0m [1;33m[WARN] TRADER-000.nautilus_common::clock: Timer 'SIGNAL:9009368871:1789982677625096192' alert time 2026-09-21T09:36:20+00:00 was in the past, adjusted to current time for immediate firing[0m
[1m2026-09-21T09:36:20.000000000Z[0m [1;33m[WARN] TRADER-000.nautilus_common::clock: Timer 'SIGNAL:9009368871:1789982678620210944' alert time 2026-09-21T09:36:20+00:00 was in the past, adjusted to current time for immediate firing[0m
[1m2026-09-21T09:36:20.000000000Z[0m [1;33m[WARN] TRADER-000.nautilus_common::clock: Timer 'SIGNAL:9009368871:1789982679641608960' alert time 2026-09-21T09:36:20+00:00 was in the past, adjusted to current time for immediate firing[0m
[1m2026-09-21T09:36:20.000000000Z[0m [1;33m[WARN] TRADER-000.nautilus_common::clock: Timer 'SIGNAL:9009368871:1789982680623303936' alert time 2026-09-21T09:36:20+00:00 was in the past, adjusted to current time for immediate firing[0m
[1m2026-09-21T09:36:20.000000000Z[0m [1;33m[WARN] TRADER-000.nautilus_common::clock: Timer 'SIGNAL:9009368871:1789982681635165952' alert time 2026-09-21T09:36:20+00:00 was in the past, adjusted to current time for immediate firing[0m
[1m2026-09-21T09:36:20.000000000Z[0m [1;33m[WARN] TRADER-000.nautilus_common::clock: Timer 'SIGNAL:9009368871:1789982682631237120' alert time 2026-09-21T09:36:20+00:00 was in the past, adjusted to current time for immediate firing[0m
[1m2026-09-21T09:36:20.000000000Z[0m [1;33m[WARN] TRADER-000.nautilus_common::clock: Timer 'SIGNAL:9009368871:1789982683624211200' alert time 2026-09-21T09:36:20+00:00 was in the past, adjusted to current time for immediate firing[0m
[1m2026-09-21T09:36:20.000000000Z[0m [1;33m[WARN] TRADER-000.nautilus_common::clock: Timer 'SIGNAL:9009368871:1789982684629140992' alert time 2026-09-21T09:36:20+00:00 was in the past, adjusted to current time for immediate firing[0m
[1m2026-09-21T09:36:20.000000000Z[0m [1;33m[WARN] TRADER-000.nautilus_common::clock: Timer 'SIGNAL:9009368871:1789982685637046016' alert time 2026-09-21T09:36:20+00:00 was in the past, adjusted to current time for immediate firing[0m
[1m2026-09-21T09:36:20.000000000Z[0m [1;33m[WARN] TRADER-000.nautilus_common::clock: Timer 'SIGNAL:9009368871:1789982686559205888' alert time 2026-09-21T09:36:20+00:00 was in the past, adjusted to current time for immediate firing[0m
[1m2026-09-21T09:36:20.000000000Z[0m [1;33m[WARN] TRADER-000.nautilus_common::clock: Timer 'SIGNAL:9009368871:1789982687621694208' alert time 2026-09-21T09:36:20+00:00 was in the past, adjusted to current time for immediate firing[0m
[1m2026-09-21T09:36:20.000000000Z[0m [1;33m[WARN] TRADER-000.nautilus_common::clock: Timer 'SIGNAL:9009368871:1789982688620315136' alert time 2026-09-21T09:36:20+00:00 was in the past, adjusted to current time for immediate firing[0m
[1m2026-09-21T09:36:20.000000000Z[0m [1;33m[WARN] TRADER-000.nautilus_common::clock: Timer 'SIGNAL:9009368871:1789982689631088896' alert time 2026-09-21T09:36:20+00:00 was in the past, adjusted to current time for immediate firing[0m
[1m2026-09-21T09:36:20.000000000Z[0m [1;33m[WARN] TRADER-000.nautilus_common::clock: Timer 'SIGNAL:9009368871:1789982690626801920' alert time 2026-09-21T09:36:20+00:00 was in the past, adjusted to current time for immediate firing[0m
[1m2026-09-21T09:36:20.000000000Z[0m [1;33m[WARN] TRADER-000.nautilus_common::clock: Timer 'SIGNAL:9009368871:1789982691621291008' alert time 2026-09-21T09:36:20+00:00 was in the past, adjusted to current time for immediate firing[0m
[1m2026-09-21T09:36:20.000000000Z[0m [1;33m[WARN] TRADER-000.nautilus_common::clock: Timer 'SIGNAL:9009368871:1789982692621967104' alert time 2026-09-21T09:36:20+00:00 was in the past, adjusted to current time for immediate firing[0m
[1m2026-09-21T09:36:20.000000000Z[0m [1;33m[WARN] TRADER-000.nautilus_common::clock: Timer 'SIGNAL:9009368871:1789982695041100032' alert time 2026-09-21T09:36:20+00:00 was in the past, adjusted to current time for immediate firing[0m
[1m2026-09-21T09:36:20.000000000Z[0m [1;33m[WARN] TRADER-000.nautilus_common::clock: Timer 'SIGNAL:9009368871:1789982696030930944' alert time 2026-09-21T09:36:20+00:00 was in the past, adjusted to current time for immediate firing[0m
[1m2026-09-21T09:36:20.000000000Z[0m [1;33m[WARN] TRADER-000.nautilus_common::clock: Timer 'SIGNAL:9009368871:1789982697027126016' alert time 2026-09-21T09:36:20+00:00 was in the past, adjusted to current time for immediate firing[0m
[1m2026-09-21T09:36:20.000000000Z[0m [1;33m[WARN] TRADER-000.nautilus_common::clock: Timer 'SIGNAL:9009368871:1789982698046264832' alert time 2026-09-21T09:36:20+00:00 was in the past, adjusted to current time for immediate firing[0m
[1m2026-09-21T09:36:20.000000000Z[0m [1;33m[WARN] TRADER-000.nautilus_common::clock: Timer 'SIGNAL:9009368871:1789982699043187968' alert time 2026-09-21T09:36:20+00:00 was in the past, adjusted to current time for immediate firing[0m
[1m2026-09-21T09:36:20.000000000Z[0m [1;33m[WARN] TRADER-000.nautilus_common::clock: Timer 'SIGNAL:9009368871:1789982700035272960' alert time 2026-09-21T09:36:20+00:00 was in the past, adjusted to current time for immediate firing[0m
[1m2026-09-21T09:36:20.000000000Z[0m [1;33m[WARN] TRADER-000.nautilus_common::clock: Timer 'SIGNAL:9009368871:1789982701039439872' alert time 2026-09-21T09:36:20+00:00 was in the past, adjusted to current time for immediate firing[0m
[1m2026-09-21T09:36:20.000000000Z[0m [1;33m[WARN] TRADER-000.nautilus_common::clock: Timer 'SIGNAL:9009368871:1789982702030354944' alert time 2026-09-21T09:36:20+00:00 was in the past, adjusted to current time for immediate firing[0m
[1m2026-09-21T09:36:20.000000000Z[0m [1;33m[WARN] TRADER-000.nautilus_common::clock: Timer 'SIGNAL:9009368871:1789982703031589120' alert time 2026-09-21T09:36:20+00:00 was in the past, adjusted to current time for immediate firing[0m
[1m2026-09-21T09:36:20.000000000Z[0m [1;33m[WARN] TRADER-000.nautilus_common::clock: Timer 'SIGNAL:9009368871:1789982704026455040' alert time 2026-09-21T09:36:20+00:00 was in the past, adjusted to current time for immediate firing[0m
[1m2026-09-21T09:36:20.000000000Z[0m [1;33m[WARN] TRADER-000.nautilus_common::clock: Timer 'SIGNAL:9009368871:1789982705028845056' alert time 2026-09-21T09:36:20+00:00 was in the past, adjusted to current time for immediate firing[0m
[1m2026-09-21T09:36:20.000000000Z[0m [1;33m[WARN] TRADER-000.nautilus_common::clock: Timer 'SIGNAL:9009368871:1789982706027003136' alert time 2026-09-21T09:36:20+00:00 was in the past, adjusted to current time for immediate firing[0m
[1m2026-09-21T09:36:20.000000000Z[0m [1;33m[WARN] TRADER-000.nautilus_common::clock: Timer 'SIGNAL:9009368871:1789982707030062080' alert time 2026-09-21T09:36:20+00:00 was in the past, adjusted to current time for immediate firing[0m
[1m2026-09-21T09:36:20.000000000Z[0m [1;33m[WARN] TRADER-000.nautilus_common::clock: Timer 'SIGNAL:9009368871:1789982708033780224' alert time 2026-09-21T09:36:20+00:00 was in the past, adjusted to current time for immediate firing[0m
[1m2026-09-21T09:36:20.000000000Z[0m [1;33m[WARN] TRADER-000.nautilus_common::clock: Timer 'SIGNAL:9009368871:1789982709038968064' alert time 2026-09-21T09:36:20+00:00 was in the past, adjusted to current time for immediate firing[0m
[1m2026-09-21T09:36:20.000000000Z[0m [1;33m[WARN] TRADER-000.nautilus_common::clock: Timer 'SIGNAL:9009368871:1789982711337779968' alert time 2026-09-21T09:36:20+00:00 was in the past, adjusted to current time for immediate firing[0m
[1m2026-09-21T09:36:20.000000000Z[0m [1;33m[WARN] TRADER-000.nautilus_common::clock: Timer 'SIGNAL:9009368871:1789982711434438912' alert time 2026-09-21T09:36:20+00:00 was in the past, adjusted to current time for immediate firing[0m
[1m2026-09-21T09:36:20.000000000Z[0m [1;33m[WARN] TRADER-000.nautilus_common::clock: Timer 'SIGNAL:9009368871:1789982712026208000' alert time 2026-09-21T09:36:20+00:00 was in the past, adjusted to current time for immediate firing[0m
[1m2026-09-21T09:36:20.000000000Z[0m [1;33m[WARN] TRADER-000.nautilus_common::clock: Timer 'SIGNAL:9009368871:1789982713050086912' alert time 2026-09-21T09:36:20+00:00 was in the past, adjusted to current time for immediate firing[0m
[1m2026-09-21T09:36:20.000000000Z[0m [1;33m[WARN] TRADER-000.nautilus_common::clock: Timer 'SIGNAL:9009368871:1789982714627894016' alert time 2026-09-21T09:36:20+00:00 was in the past, adjusted to current time for immediate firing[0m
[1m2026-09-21T09:36:20.000000000Z[0m [1;33m[WARN] TRADER-000.nautilus_common::clock: Timer 'SIGNAL:9009368871:1789982715037273856' alert time 2026-09-21T09:36:20+00:00 was in the past, adjusted to current time for immediate firing[0m
[1m2026-09-21T09:36:20.000000000Z[0m [1;33m[WARN] TRADER-000.nautilus_common::clock: Timer 'SIGNAL:9009368871:1789982716028450048' alert time 2026-09-21T09:36:20+00:00 was in the past, adjusted to current time for immediate firing[0m
[1m2026-09-21T09:36:20.000000000Z[0m [1;33m[WARN] TRADER-000.nautilus_common::clock: Timer 'SIGNAL:9009368871:1789982717028692992' alert time 2026-09-21T09:36:20+00:00 was in the past, adjusted to current time for immediate firing[0m
[1m2026-09-21T09:36:20.000000000Z[0m [1;33m[WARN] TRADER-000.nautilus_common::clock: Timer 'SIGNAL:9009368871:1789982718029294848' alert time 2026-09-21T09:36:20+00:00 was in the past, adjusted to current time for immediate firing[0m
[1m2026-09-21T09:36:20.000000000Z[0m [1;33m[WARN] TRADER-000.nautilus_common::clock: Timer 'SIGNAL:9009368871:1789982719027184128' alert time 2026-09-21T09:36:20+00:00 was in the past, adjusted to current time for immediate firing[0m
[1m2026-09-21T09:36:20.000000000Z[0m [1;33m[WARN] TRADER-000.nautilus_common::clock: Timer 'SIGNAL:9009368871:1789982720048798976' alert time 2026-09-21T09:36:20+00:00 was in the past, adjusted to current time for immediate firing[0m
[1m2026-09-21T09:36:20.000000000Z[0m [1;33m[WARN] TRADER-000.nautilus_common::clock: Timer 'SIGNAL:9009368871:1789982721056293888' alert time 2026-09-21T09:36:20+00:00 was in the past, adjusted to current time for immediate firing[0m
[1m2026-09-21T09:36:20.000000000Z[0m [1;33m[WARN] TRADER-000.nautilus_common::clock: Timer 'SIGNAL:9009368871:1789982722048058880' alert time 2026-09-21T09:36:20+00:00 was in the past, adjusted to current time for immediate firing[0m
[1m2026-09-21T09:36:20.000000000Z[0m [1;33m[WARN] TRADER-000.nautilus_common::clock: Timer 'SIGNAL:9009368871:1789982723032217856' alert time 2026-09-21T09:36:20+00:00 was in the past, adjusted to current time for immediate firing[0m
[1m2026-09-21T09:36:20.000000000Z[0m [1;33m[WARN] TRADER-000.nautilus_common::clock: Timer 'SIGNAL:9009368871:1789982724029027840' alert time 2026-09-21T09:36:20+00:00 was in the past, adjusted to current time for immediate firing[0m
[1m2026-09-21T09:36:20.000000000Z[0m [1;33m[WARN] TRADER-000.nautilus_common::clock: Timer 'SIGNAL:9009368871:1789982725027630080' alert time 2026-09-21T09:36:20+00:00 was in the past, adjusted to current time for immediate firing[0m
[1m2026-09-21T09:36:20.000000000Z[0m [1;33m[WARN] TRADER-000.nautilus_common::clock: Timer 'SIGNAL:9009368871:1789982726029331968' alert time 2026-09-21T09:36:20+00:00 was in the past, adjusted to current time for immediate firing[0m
[1m2026-09-21T09:36:20.000000000Z[0m [1;33m[WARN] TRADER-000.nautilus_common::clock: Timer 'SIGNAL:9009368871:1789982727034547968' alert time 2026-09-21T09:36:20+00:00 was in the past, adjusted to current time for immediate firing[0m
[1m2026-09-21T09:36:20.000000000Z[0m [1;33m[WARN] TRADER-000.nautilus_common::clock: Timer 'SIGNAL:9009368871:1789982728033054976' alert time 2026-09-21T09:36:20+00:00 was in the past, adjusted to current time for immediate firing[0m
[1m2026-09-21T09:36:20.000000000Z[0m [1;33m[WARN] TRADER-000.nautilus_common::clock: Timer 'SIGNAL:9009368871:1789982729035270912' alert time 2026-09-21T09:36:20+00:00 was in the past, adjusted to current time for immediate firing[0m
[1m2026-09-21T09:36:20.000000000Z[0m [1;33m[WARN] TRADER-000.nautilus_common::clock: Timer 'SIGNAL:9009368871:1789982730033488128' alert time 2026-09-21T09:36:20+00:00 was in the past, adjusted to current time for immediate firing[0m
[1m2026-09-21T09:36:20.000000000Z[0m [1;33m[WARN] TRADER-000.nautilus_common::clock: Timer 'SIGNAL:9009368871:1789982731021730816' alert time 2026-09-21T09:36:20+00:00 was in the past, adjusted to current time for immediate firing[0m
[1m2026-09-21T09:36:20.000000000Z[0m [1;33m[WARN] TRADER-000.nautilus_common::clock: Timer 'SIGNAL:9009368871:1789982732033319936' alert time 2026-09-21T09:36:20+00:00 was in the past, adjusted to current time for immediate firing[0m
[1m2026-09-21T09:36:20.000000000Z[0m [1;33m[WARN] TRADER-000.nautilus_common::clock: Timer 'SIGNAL:9009368871:1789982733035633152' alert time 2026-09-21T09:36:20+00:00 was in the past, adjusted to current time for immediate firing[0m
[1m2026-09-21T09:36:20.000000000Z[0m [1;33m[WARN] TRADER-000.nautilus_common::clock: Timer 'SIGNAL:9009368871:1789982734050499840' alert time 2026-09-21T09:36:20+00:00 was in the past, adjusted to current time for immediate firing[0m
[1m2026-09-21T09:36:20.000000000Z[0m [1;33m[WARN] TRADER-000.nautilus_common::clock: Timer 'SIGNAL:9009368871:1789982735035387136' alert time 2026-09-21T09:36:20+00:00 was in the past, adjusted to current time for immediate firing[0m
[1m2026-09-21T09:36:20.000000000Z[0m [1;33m[WARN] TRADER-000.nautilus_common::clock: Timer 'SIGNAL:9009368871:1789982736030994944' alert time 2026-09-21T09:36:20+00:00 was in the past, adjusted to current time for immediate firing[0m
[1m2026-09-21T09:36:20.000000000Z[0m [1;33m[WARN] TRADER-000.nautilus_common::clock: Timer 'SIGNAL:9009368871:1789982737031318016' alert time 2026-09-21T09:36:20+00:00 was in the past, adjusted to current time for immediate firing[0m
[1m2026-09-21T09:36:20.000000000Z[0m [1;33m[WARN] TRADER-000.nautilus_common::clock: Timer 'SIGNAL:9009368871:1789982738061037056' alert time 2026-09-21T09:36:20+00:00 was in the past, adjusted to current time for immediate firing[0m
[1m2026-09-21T09:36:20.000000000Z[0m [1;33m[WARN] TRADER-000.nautilus_common::clock: Timer 'SIGNAL:9009368871:1789982739025260032' alert time 2026-09-21T09:36:20+00:00 was in the past, adjusted to current time for immediate firing[0m
[1m2026-09-21T09:36:20.000000000Z[0m [1;33m[WARN] TRADER-000.nautilus_common::clock: Timer 'SIGNAL:9009368871:1789982740021122816' alert time 2026-09-21T09:36:20+00:00 was in the past, adjusted to current time for immediate firing[0m
[1m2026-09-21T09:36:20.000000000Z[0m [1;33m[WARN] TRADER-000.nautilus_common::clock: Timer 'SIGNAL:9009368871:1789982741038571008' alert time 2026-09-21T09:36:20+00:00 was in the past, adjusted to current time for immediate firing[0m
[1m2026-09-21T09:36:20.000000000Z[0m [1;33m[WARN] TRADER-000.nautilus_common::clock: Timer 'SIGNAL:9009368871:1789982742035446016' alert time 2026-09-21T09:36:20+00:00 was in the past, adjusted to current time for immediate firing[0m
[1m2026-09-21T09:36:20.000000000Z[0m [1;33m[WARN] TRADER-000.nautilus_common::clock: Timer 'SIGNAL:9009368871:1789982743031929088' alert time 2026-09-21T09:36:20+00:00 was in the past, adjusted to current time for immediate firing[0m
[1m2026-09-21T09:36:20.000000000Z[0m [1;33m[WARN] TRADER-000.nautilus_common::clock: Timer 'SIGNAL:9009368871:1789982744048988160' alert time 2026-09-21T09:36:20+00:00 was in the past, adjusted to current time for immediate firing[0m
[1m2026-09-21T09:36:20.000000000Z[0m [1;33m[WARN] TRADER-000.nautilus_common::clock: Timer 'SIGNAL:9009368871:1789982745033016064' alert time 2026-09-21T09:36:20+00:00 was in the past, adjusted to current time for immediate firing[0m
[1m2026-09-21T09:36:20.000000000Z[0m [1;33m[WARN] TRADER-000.nautilus_common::clock: Timer 'SIGNAL:9009368871:1789982746533047040' alert time 2026-09-21T09:36:20+00:00 was in the past, adjusted to current time for immediate firing[0m
[1m2026-09-21T09:36:20.000000000Z[0m [1;33m[WARN] TRADER-000.nautilus_common::clock: Timer 'SIGNAL:9009368871:1789982747028652032' alert time 2026-09-21T09:36:20+00:00 was in the past, adjusted to current time for immediate firing[0m
[1m2026-09-21T09:36:20.000000000Z[0m [1;33m[WARN] TRADER-000.nautilus_common::clock: Timer 'SIGNAL:9009368871:1789982748217915136' alert time 2026-09-21T09:36:20+00:00 was in the past, adjusted to current time for immediate firing[0m
[1m2026-09-21T09:36:20.000000000Z[0m [1;33m[WARN] TRADER-000.nautilus_common::clock: Timer 'SIGNAL:9009368871:1789982749027357184' alert time 2026-09-21T09:36:20+00:00 was in the past, adjusted to current time for immediate firing[0m
[1m2026-09-21T09:36:20.000000000Z[0m [1;33m[WARN] TRADER-000.nautilus_common::clock: Timer 'SIGNAL:9009368871:1789982750036017920' alert time 2026-09-21T09:36:20+00:00 was in the past, adjusted to current time for immediate firing[0m
[1m2026-09-21T09:36:20.000000000Z[0m [1;33m[WARN] TRADER-000.nautilus_common::clock: Timer 'SIGNAL:9009368871:1789982751037605120' alert time 2026-09-21T09:36:20+00:00 was in the past, adjusted to current time for immediate firing[0m
[1m2026-09-21T09:36:20.000000000Z[0m [1;33m[WARN] TRADER-000.nautilus_common::clock: Timer 'SIGNAL:9009368871:1789982752039331072' alert time 2026-09-21T09:36:20+00:00 was in the past, adjusted to current time for immediate firing[0m
[1m2026-09-21T09:36:20.000000000Z[0m [1;33m[WARN] TRADER-000.nautilus_common::clock: Timer 'SIGNAL:9009368871:1789982753050059008' alert time 2026-09-21T09:36:20+00:00 was in the past, adjusted to current time for immediate firing[0m
[1m2026-09-21T09:36:20.000000000Z[0m [1;33m[WARN] TRADER-000.nautilus_common::clock: Timer 'SIGNAL:9009368871:1789982754029601024' alert time 2026-09-21T09:36:20+00:00 was in the past, adjusted to current time for immediate firing[0m
[1m2026-09-21T09:36:20.000000000Z[0m [1;33m[WARN] TRADER-000.nautilus_common::clock: Timer 'SIGNAL:9009368871:1789982755037187072' alert time 2026-09-21T09:36:20+00:00 was in the past, adjusted to current time for immediate firing[0m
[1m2026-09-21T09:36:20.000000000Z[0m [1;33m[WARN] TRADER-000.nautilus_common::clock: Timer 'SIGNAL:9009368871:1789982756037554944' alert time 2026-09-21T09:36:20+00:00 was in the past, adjusted to current time for immediate firing[0m
[1m2026-09-21T09:36:20.000000000Z[0m [1;33m[WARN] TRADER-000.nautilus_common::clock: Timer 'SIGNAL:9009368871:1789982757029339904' alert time 2026-09-21T09:36:20+00:00 was in the past, adjusted to current time for immediate firing[0m
[1m2026-09-21T09:36:20.000000000Z[0m [1;33m[WARN] TRADER-000.nautilus_common::clock: Timer 'SIGNAL:9009368871:1789982758431032064' alert time 2026-09-21T09:36:20+00:00 was in the past, adjusted to current time for immediate firing[0m
[1m2026-09-21T09:36:20.000000000Z[0m [1;33m[WARN] TRADER-000.nautilus_common::clock: Timer 'SIGNAL:9009368871:1789982759027342080' alert time 2026-09-21T09:36:20+00:00 was in the past, adjusted to current time for immediate firing[0m
[1m2026-09-21T09:36:20.000000000Z[0m [1;33m[WARN] TRADER-000.nautilus_common::clock: Timer 'SIGNAL:9009368871:1789982760032782080' alert time 2026-09-21T09:36:20+00:00 was in the past, adjusted to current time for immediate firing[0m
[1m2026-09-21T09:36:20.000000000Z[0m [1;33m[WARN] TRADER-000.nautilus_common::clock: Timer 'SIGNAL:9009368871:1789982761043464960' alert time 2026-09-21T09:36:20+00:00 was in the past, adjusted to current time for immediate firing[0m
[1m2026-09-21T09:36:20.000000000Z[0m [1;33m[WARN] TRADER-000.nautilus_common::clock: Timer 'SIGNAL:9009368871:1789982762035595776' alert time 2026-09-21T09:36:20+00:00 was in the past, adjusted to current time for immediate firing[0m
[1m2026-09-21T09:36:20.000000000Z[0m [1;33m[WARN] TRADER-000.nautilus_common::clock: Timer 'SIGNAL:9009368871:1789982763024480000' alert time 2026-09-21T09:36:20+00:00 was in the past, adjusted to current time for immediate firing[0m
[1m2026-09-21T09:36:20.000000000Z[0m [1;33m[WARN] TRADER-000.nautilus_common::clock: Timer 'SIGNAL:9009368871:1789982764031728128' alert time 2026-09-21T09:36:20+00:00 was in the past, adjusted to current time for immediate firing[0m
[1m2026-09-21T09:36:20.000000000Z[0m [1;33m[WARN] TRADER-000.nautilus_common::clock: Timer 'SIGNAL:9009368871:1789982765033217792' alert time 2026-09-21T09:36:20+00:00 was in the past, adjusted to current time for immediate firing[0m
[1m2026-09-21T09:36:20.000000000Z[0m [1;33m[WARN] TRADER-000.nautilus_common::clock: Timer 'SIGNAL:9009368871:1789982766023011072' alert time 2026-09-21T09:36:20+00:00 was in the past, adjusted to current time for immediate firing[0m
[1m2026-09-21T09:36:20.000000000Z[0m [1;33m[WARN] TRADER-000.nautilus_common::clock: Timer 'SIGNAL:9009368871:1789982767033572864' alert time 2026-09-21T09:36:20+00:00 was in the past, adjusted to current time for immediate firing[0m
[1m2026-09-21T09:36:20.000000000Z[0m [1;33m[WARN] TRADER-000.nautilus_common::clock: Timer 'SIGNAL:9009368871:1789982768051830016' alert time 2026-09-21T09:36:20+00:00 was in the past, adjusted to current time for immediate firing[0m
[1m2026-09-21T09:36:20.000000000Z[0m [1;33m[WARN] TRADER-000.nautilus_common::clock: Timer 'SIGNAL:9009368871:1789982769036500992' alert time 2026-09-21T09:36:20+00:00 was in the past, adjusted to current time for immediate firing[0m
[1m2026-09-21T09:36:20.000000000Z[0m [1;33m[WARN] TRADER-000.nautilus_common::clock: Timer 'SIGNAL:9009368871:1789982770040185856' alert time 2026-09-21T09:36:20+00:00 was in the past, adjusted to current time for immediate firing[0m
[1m2026-09-21T09:36:20.000000000Z[0m [1;33m[WARN] TRADER-000.nautilus_common::clock: Timer 'SIGNAL:9009368871:1789982770937204992' alert time 2026-09-21T09:36:20+00:00 was in the past, adjusted to current time for immediate firing[0m
[1m2026-09-21T09:36:20.000000000Z[0m [1;33m[WARN] TRADER-000.nautilus_common::clock: Timer 'SIGNAL:9009368871:1789982771940642048' alert time 2026-09-21T09:36:20+00:00 was in the past, adjusted to current time for immediate firing[0m
[1m2026-09-21T09:36:20.000000000Z[0m [1;33m[WARN] TRADER-000.nautilus_common::clock: Timer 'SIGNAL:9009368871:1789982774039267072' alert time 2026-09-21T09:36:20+00:00 was in the past, adjusted to current time for immediate firing[0m
[1m2026-09-21T09:36:20.000000000Z[0m [1;33m[WARN] TRADER-000.nautilus_common::clock: Timer 'SIGNAL:9009368871:1789982775052155904' alert time 2026-09-21T09:36:20+00:00 was in the past, adjusted to current time for immediate firing[0m
[1m2026-09-21T09:36:20.000000000Z[0m [1;33m[WARN] TRADER-000.nautilus_common::clock: Timer 'SIGNAL:9009368871:1789982776043101184' alert time 2026-09-21T09:36:20+00:00 was in the past, adjusted to current time for immediate firing[0m
[1m2026-09-21T09:36:20.000000000Z[0m [1;33m[WARN] TRADER-000.nautilus_common::clock: Timer 'SIGNAL:9009368871:1789982777044893952' alert time 2026-09-21T09:36:20+00:00 was in the past, adjusted to current time for immediate firing[0m
[1m2026-09-21T09:36:20.000000000Z[0m [1;33m[WARN] TRADER-000.nautilus_common::clock: Timer 'SIGNAL:9009368871:1789982778035788032' alert time 2026-09-21T09:36:20+00:00 was in the past, adjusted to current time for immediate firing[0m
[1m2026-09-21T09:36:20.000000000Z[0m [1;33m[WARN] TRADER-000.nautilus_common::clock: Timer 'SIGNAL:9009368871:1789982778927004928' alert time 2026-09-21T09:36:20+00:00 was in the past, adjusted to current time for immediate firing[0m
[1m2026-09-21T09:36:20.000000000Z[0m [1;33m[WARN] TRADER-000.nautilus_common::clock: Timer 'SIGNAL:9009368871:1789982780068476928' alert time 2026-09-21T09:36:20+00:00 was in the past, adjusted to current time for immediate firing[0m
[1m2026-09-21T09:36:20.000000000Z[0m [1;33m[WARN] TRADER-000.nautilus_common::clock: Timer 'SIGNAL:9009368871:1789982780936939008' alert time 2026-09-21T09:36:20+00:00 was in the past, adjusted to current time for immediate firing[0m
[1m2026-09-21T09:36:20.000000000Z[0m [1;33m[WARN] TRADER-000.nautilus_common::clock: Timer 'SIGNAL:9009368871:1789982782035387136' alert time 2026-09-21T09:36:20+00:00 was in the past, adjusted to current time for immediate firing[0m
[1m2026-09-21T09:36:20.000000000Z[0m [1;33m[WARN] TRADER-000.nautilus_common::clock: Timer 'SIGNAL:9009368871:1789982783035700992' alert time 2026-09-21T09:36:20+00:00 was in the past, adjusted to current time for immediate firing[0m
[1m2026-09-21T09:36:20.000000000Z[0m [1;33m[WARN] TRADER-000.nautilus_common::clock: Timer 'SIGNAL:9009368871:1789982784039251968' alert time 2026-09-21T09:36:20+00:00 was in the past, adjusted to current time for immediate firing[0m
[1m2026-09-21T09:36:20.000000000Z[0m [1;33m[WARN] TRADER-000.nautilus_common::clock: Timer 'SIGNAL:9009368871:1789982785037626880' alert time 2026-09-21T09:36:20+00:00 was in the past, adjusted to current time for immediate firing[0m
[1m2026-09-21T09:36:20.000000000Z[0m [1;33m[WARN] TRADER-000.nautilus_common::clock: Timer 'SIGNAL:9009368871:1789982786033871872' alert time 2026-09-21T09:36:20+00:00 was in the past, adjusted to current time for immediate firing[0m
[1m2026-09-21T09:36:20.000000000Z[0m [1;33m[WARN] TRADER-000.nautilus_common::clock: Timer 'SIGNAL:9009368871:1789982787034779136' alert time 2026-09-21T09:36:20+00:00 was in the past, adjusted to current time for immediate firing[0m
[1m2026-09-21T09:36:20.000000000Z[0m [1;33m[WARN] TRADER-000.nautilus_common::clock: Timer 'SIGNAL:9009368871:1789982788029409024' alert time 2026-09-21T09:36:20+00:00 was in the past, adjusted to current time for immediate firing[0m
[1m2026-09-21T09:36:20.000000000Z[0m [1;33m[WARN] TRADER-000.nautilus_common::clock: Timer 'SIGNAL:9009368871:1789982789038614016' alert time 2026-09-21T09:36:20+00:00 was in the past, adjusted to current time for immediate firing[0m
[1m2026-09-21T09:36:20.000000000Z[0m [1;33m[WARN] TRADER-000.nautilus_common::clock: Timer 'SIGNAL:9009368871:1789982790034814976' alert time 2026-09-21T09:36:20+00:00 was in the past, adjusted to current time for immediate firing[0m
[1m2026-09-21T09:36:20.000000000Z[0m [1;33m[WARN] TRADER-000.nautilus_common::clock: Timer 'SIGNAL:9009368871:1789982791647401216' alert time 2026-09-21T09:36:20+00:00 was in the past, adjusted to current time for immediate firing[0m
[1m2026-09-21T09:36:20.000000000Z[0m [1;33m[WARN] TRADER-000.nautilus_common::clock: Timer 'SIGNAL:9009368871:1789982792037584128' alert time 2026-09-21T09:36:20+00:00 was in the past, adjusted to current time for immediate firing[0m
[1m2026-09-21T09:36:20.000000000Z[0m [1;33m[WARN] TRADER-000.nautilus_common::clock: Timer 'SIGNAL:9009368871:1789982793037536000' alert time 2026-09-21T09:36:20+00:00 was in the past, adjusted to current time for immediate firing[0m
[1m2026-09-21T09:36:20.000000000Z[0m [1;33m[WARN] TRADER-000.nautilus_common::clock: Timer 'SIGNAL:9009368871:1789982794033474048' alert time 2026-09-21T09:36:20+00:00 was in the past, adjusted to current time for immediate firing[0m
[1m2026-09-21T09:36:20.000000000Z[0m [1;33m[WARN] TRADER-000.nautilus_common::clock: Timer 'SIGNAL:9009368871:1789982795043555072' alert time 2026-09-21T09:36:20+00:00 was in the past, adjusted to current time for immediate firing[0m
[1m2026-09-21T09:36:20.000000000Z[0m [1;33m[WARN] TRADER-000.nautilus_common::clock: Timer 'SIGNAL:9009368871:1789982795938909952' alert time 2026-09-21T09:36:20+00:00 was in the past, adjusted to current time for immediate firing[0m
[1m2026-09-21T09:36:20.000000000Z[0m [1;33m[WARN] TRADER-000.nautilus_common::clock: Timer 'SIGNAL:9009368871:1789982797926649088' alert time 2026-09-21T09:36:20+00:00 was in the past, adjusted to current time for immediate firing[0m
[1m2026-09-21T09:36:20.000000000Z[0m [1;33m[WARN] TRADER-000.nautilus_common::clock: Timer 'SIGNAL:9009368871:1789982799058487040' alert time 2026-09-21T09:36:20+00:00 was in the past, adjusted to current time for immediate firing[0m
[1m2026-09-21T09:36:20.000000000Z[0m [1;33m[WARN] TRADER-000.nautilus_common::clock: Timer 'SIGNAL:9009368871:1789982799943977216' alert time 2026-09-21T09:36:20+00:00 was in the past, adjusted to current time for immediate firing[0m
[1m2026-09-21T09:36:20.000000000Z[0m [1;33m[WARN] TRADER-000.nautilus_common::clock: Timer 'SIGNAL:9009368871:1789982801533799936' alert time 2026-09-21T09:36:20+00:00 was in the past, adjusted to current time for immediate firing[0m
[1m2026-09-21T09:36:20.000000000Z[0m [1;33m[WARN] TRADER-000.nautilus_common::clock: Timer 'SIGNAL:9009368871:1789982802535633920' alert time 2026-09-21T09:36:20+00:00 was in the past, adjusted to current time for immediate firing[0m
[1m2026-09-21T09:36:20.000000000Z[0m [1;33m[WARN] TRADER-000.nautilus_common::clock: Timer 'SIGNAL:9009368871:1789982803540473088' alert time 2026-09-21T09:36:20+00:00 was in the past, adjusted to current time for immediate firing[0m
[1m2026-09-21T09:36:20.000000000Z[0m [1;33m[WARN] TRADER-000.nautilus_common::clock: Timer 'SIGNAL:9009368871:1789982804535650048' alert time 2026-09-21T09:36:20+00:00 was in the past, adjusted to current time for immediate firing[0m
[1m2026-09-21T09:36:20.000000000Z[0m [1;33m[WARN] TRADER-000.nautilus_common::clock: Timer 'SIGNAL:9009368871:1789982805533096960' alert time 2026-09-21T09:36:20+00:00 was in the past, adjusted to current time for immediate firing[0m
[1m2026-09-21T09:36:20.000000000Z[0m [1;33m[WARN] TRADER-000.nautilus_common::clock: Timer 'SIGNAL:9009368871:1789982806537342976' alert time 2026-09-21T09:36:20+00:00 was in the past, adjusted to current time for immediate firing[0m
[1m2026-09-21T09:36:20.000000000Z[0m [1;33m[WARN] TRADER-000.nautilus_common::clock: Timer 'SIGNAL:9009368871:1789982807522371072' alert time 2026-09-21T09:36:20+00:00 was in the past, adjusted to current time for immediate firing[0m
[1m2026-09-21T09:36:20.000000000Z[0m [1;33m[WARN] TRADER-000.nautilus_common::clock: Timer 'SIGNAL:9009368871:1789982808521624064' alert time 2026-09-21T09:36:20+00:00 was in the past, adjusted to current time for immediate firing[0m
[1m2026-09-21T09:36:20.000000000Z[0m [1;33m[WARN] TRADER-000.nautilus_common::clock: Timer 'SIGNAL:9009368871:1789982809534696960' alert time 2026-09-21T09:36:20+00:00 was in the past, adjusted to current time for immediate firing[0m
[1m2026-09-21T09:36:20.000000000Z[0m [1;33m[WARN] TRADER-000.nautilus_common::clock: Timer 'SIGNAL:9009368871:1789982810532794112' alert time 2026-09-21T09:36:20+00:00 was in the past, adjusted to current time for immediate firing[0m
[1m2026-09-21T09:36:20.000000000Z[0m [1;33m[WARN] TRADER-000.nautilus_common::clock: Timer 'SIGNAL:9009368871:1789982811525364992' alert time 2026-09-21T09:36:20+00:00 was in the past, adjusted to current time for immediate firing[0m
[1m2026-09-21T09:36:20.000000000Z[0m [1;33m[WARN] TRADER-000.nautilus_common::clock: Timer 'SIGNAL:9009368871:1789982812533550080' alert time 2026-09-21T09:36:20+00:00 was in the past, adjusted to current time for immediate firing[0m
[1m2026-09-21T09:36:20.000000000Z[0m [1;33m[WARN] TRADER-000.nautilus_common::clock: Timer 'SIGNAL:9009368871:1789982813531749888' alert time 2026-09-21T09:36:20+00:00 was in the past, adjusted to current time for immediate firing[0m
[1m2026-09-21T09:36:20.000000000Z[0m [1;33m[WARN] TRADER-000.nautilus_common::clock: Timer 'SIGNAL:9009368871:1789982814537526016' alert time 2026-09-21T09:36:20+00:00 was in the past, adjusted to current time for immediate firing[0m
[1m2026-09-21T09:36:20.000000000Z[0m [1;33m[WARN] TRADER-000.nautilus_common::clock: Timer 'SIGNAL:9009368871:1789982815533828096' alert time 2026-09-21T09:36:20+00:00 was in the past, adjusted to current time for immediate firing[0m
[1m2026-09-21T09:36:20.000000000Z[0m [1;33m[WARN] TRADER-000.nautilus_common::clock: Timer 'SIGNAL:9009368871:1789982816533946880' alert time 2026-09-21T09:36:20+00:00 was in the past, adjusted to current time for immediate firing[0m
[1m2026-09-21T09:36:20.000000000Z[0m [1;33m[WARN] TRADER-000.nautilus_common::clock: Timer 'SIGNAL:9009368871:1789982817526190080' alert time 2026-09-21T09:36:20+00:00 was in the past, adjusted to current time for immediate firing[0m
[1m2026-09-21T09:36:20.000000000Z[0m [1;33m[WARN] TRADER-000.nautilus_common::clock: Timer 'SIGNAL:9009368871:1789982818535460864' alert time 2026-09-21T09:36:20+00:00 was in the past, adjusted to current time for immediate firing[0m
[1m2026-09-21T09:36:20.000000000Z[0m [1;33m[WARN] TRADER-000.nautilus_common::clock: Timer 'SIGNAL:9009368871:1789982819643474944' alert time 2026-09-21T09:36:20+00:00 was in the past, adjusted to current time for immediate firing[0m
[1m2026-09-21T09:36:20.000000000Z[0m [1;33m[WARN] TRADER-000.nautilus_common::clock: Timer 'SIGNAL:9009368871:1789982821076400128' alert time 2026-09-21T09:36:20+00:00 was in the past, adjusted to current time for immediate firing[0m
[1m2026-09-21T09:36:20.000000000Z[0m [1;33m[WARN] TRADER-000.nautilus_common::clock: Timer 'SIGNAL:9009368871:1789982821636293888' alert time 2026-09-21T09:36:20+00:00 was in the past, adjusted to current time for immediate firing[0m
[1m2026-09-21T09:36:20.000000000Z[0m [1;33m[WARN] TRADER-000.nautilus_common::clock: Timer 'SIGNAL:9009368871:1789982822740387072' alert time 2026-09-21T09:36:20+00:00 was in the past, adjusted to current time for immediate firing[0m
[1m2026-09-21T09:36:20.000000000Z[0m [1;33m[WARN] TRADER-000.nautilus_common::clock: Timer 'SIGNAL:9009368871:1789982823735549952' alert time 2026-09-21T09:36:20+00:00 was in the past, adjusted to current time for immediate firing[0m
[1m2026-09-21T09:36:20.000000000Z[0m [1;33m[WARN] TRADER-000.nautilus_common::clock: Timer 'SIGNAL:9009368871:1789982824631150080' alert time 2026-09-21T09:36:20+00:00 was in the past, adjusted to current time for immediate firing[0m
[1m2026-09-21T09:36:20.000000000Z[0m [1;33m[WARN] TRADER-000.nautilus_common::clock: Timer 'SIGNAL:9009368871:1789982825646039040' alert time 2026-09-21T09:36:20+00:00 was in the past, adjusted to current time for immediate firing[0m
[1m2026-09-21T09:36:20.000000000Z[0m [1;33m[WARN] TRADER-000.nautilus_common::clock: Timer 'SIGNAL:9009368871:1789982826632061952' alert time 2026-09-21T09:36:20+00:00 was in the past, adjusted to current time for immediate firing[0m
[1m2026-09-21T09:36:20.000000000Z[0m [1;33m[WARN] TRADER-000.nautilus_common::clock: Timer 'SIGNAL:9009368871:1789982827639188992' alert time 2026-09-21T09:36:20+00:00 was in the past, adjusted to current time for immediate firing[0m
[1m2026-09-21T09:36:20.000000000Z[0m [1;33m[WARN] TRADER-000.nautilus_common::clock: Timer 'SIGNAL:9009368871:1789982828727633920' alert time 2026-09-21T09:36:20+00:00 was in the past, adjusted to current time for immediate firing[0m
[1m2026-09-21T09:36:20.000000000Z[0m [1;33m[WARN] TRADER-000.nautilus_common::clock: Timer 'SIGNAL:9009368871:1789982829634716928' alert time 2026-09-21T09:36:20+00:00 was in the past, adjusted to current time for immediate firing[0m
[1m2026-09-21T09:36:20.000000000Z[0m [1;33m[WARN] TRADER-000.nautilus_common::clock: Timer 'SIGNAL:9009368871:1789982830640541184' alert time 2026-09-21T09:36:20+00:00 was in the past, adjusted to current time for immediate firing[0m
[1m2026-09-21T09:36:20.000000000Z[0m [1;33m[WARN] TRADER-000.nautilus_common::clock: Timer 'SIGNAL:9009368871:1789982831633608960' alert time 2026-09-21T09:36:20+00:00 was in the past, adjusted to current time for immediate firing[0m
[1m2026-09-21T09:36:20.000000000Z[0m [1;33m[WARN] TRADER-000.nautilus_common::clock: Timer 'SIGNAL:9009368871:1789982832644828928' alert time 2026-09-21T09:36:20+00:00 was in the past, adjusted to current time for immediate firing[0m
[1m2026-09-21T09:36:20.000000000Z[0m [1;33m[WARN] TRADER-000.nautilus_common::clock: Timer 'SIGNAL:9009368871:1789982833640305920' alert time 2026-09-21T09:36:20+00:00 was in the past, adjusted to current time for immediate firing[0m
[1m2026-09-21T09:36:20.000000000Z[0m [1;33m[WARN] TRADER-000.nautilus_common::clock: Timer 'SIGNAL:9009368871:1789982834738991872' alert time 2026-09-21T09:36:20+00:00 was in the past, adjusted to current time for immediate firing[0m
[1m2026-09-21T09:36:20.000000000Z[0m [1;33m[WARN] TRADER-000.nautilus_common::clock: Timer 'SIGNAL:9009368871:1789982835636143872' alert time 2026-09-21T09:36:20+00:00 was in the past, adjusted to current time for immediate firing[0m
[1m2026-09-21T09:36:20.000000000Z[0m [1;33m[WARN] TRADER-000.nautilus_common::clock: Timer 'SIGNAL:9009368871:1789982836637739008' alert time 2026-09-21T09:36:20+00:00 was in the past, adjusted to current time for immediate firing[0m
[1m2026-09-21T09:36:20.000000000Z[0m [1;33m[WARN] TRADER-000.nautilus_common::clock: Timer 'SIGNAL:9009368871:1789982837739150080' alert time 2026-09-21T09:36:20+00:00 was in the past, adjusted to current time for immediate firing[0m
[1m2026-09-21T09:36:20.000000000Z[0m [1;33m[WARN] TRADER-000.nautilus_common::clock: Timer 'SIGNAL:9009368871:1789982838721321216' alert time 2026-09-21T09:36:20+00:00 was in the past, adjusted to current time for immediate firing[0m
[1m2026-09-21T09:36:20.000000000Z[0m [1;33m[WARN] TRADER-000.nautilus_common::clock: Timer 'SIGNAL:9009368871:1789982839637950976' alert time 2026-09-21T09:36:20+00:00 was in the past, adjusted to current time for immediate firing[0m
[1m2026-09-21T09:36:20.000000000Z[0m [1;33m[WARN] TRADER-000.nautilus_common::clock: Timer 'SIGNAL:9009368871:1789982840640759040' alert time 2026-09-21T09:36:20+00:00 was in the past, adjusted to current time for immediate firing[0m
[1m2026-09-21T09:36:20.000000000Z[0m [1;33m[WARN] TRADER-000.nautilus_common::clock: Timer 'SIGNAL:9009368871:1789982841653754880' alert time 2026-09-21T09:36:20+00:00 was in the past, adjusted to current time for immediate firing[0m
[1m2026-09-21T09:36:20.000000000Z[0m [1;33m[WARN] TRADER-000.nautilus_common::clock: Timer 'SIGNAL:9009368871:1789982842640350208' alert time 2026-09-21T09:36:20+00:00 was in the past, adjusted to current time for immediate firing[0m
[1m2026-09-21T09:36:20.000000000Z[0m [1;33m[WARN] TRADER-000.nautilus_common::clock: Timer 'SIGNAL:9009368871:1789982843637316864' alert time 2026-09-21T09:36:20+00:00 was in the past, adjusted to current time for immediate firing[0m
[1m2026-09-21T09:36:20.000000000Z[0m [1;33m[WARN] TRADER-000.nautilus_common::clock: Timer 'SIGNAL:9009368871:1789982844646009856' alert time 2026-09-21T09:36:20+00:00 was in the past, adjusted to current time for immediate firing[0m
[1m2026-09-21T09:36:20.000000000Z[0m [1;33m[WARN] TRADER-000.nautilus_common::clock: Timer 'SIGNAL:9009368871:1789982845652002048' alert time 2026-09-21T09:36:20+00:00 was in the past, adjusted to current time for immediate firing[0m
[1m2026-09-21T09:36:20.000000000Z[0m [1;33m[WARN] TRADER-000.nautilus_common::clock: Timer 'SIGNAL:9009368871:1789982846638973952' alert time 2026-09-21T09:36:20+00:00 was in the past, adjusted to current time for immediate firing[0m
[1m2026-09-21T09:36:20.000000000Z[0m [1;33m[WARN] TRADER-000.nautilus_common::clock: Timer 'SIGNAL:9009368871:1789982847741394944' alert time 2026-09-21T09:36:20+00:00 was in the past, adjusted to current time for immediate firing[0m
[1m2026-09-21T09:36:20.000000000Z[0m [1;33m[WARN] TRADER-000.nautilus_common::clock: Timer 'SIGNAL:9009368871:1789982849640841984' alert time 2026-09-21T09:36:20+00:00 was in the past, adjusted to current time for immediate firing[0m
[1m2026-09-21T09:36:20.000000000Z[0m [1;33m[WARN] TRADER-000.nautilus_common::clock: Timer 'SIGNAL:9009368871:1789982850637289984' alert time 2026-09-21T09:36:20+00:00 was in the past, adjusted to current time for immediate firing[0m
[1m2026-09-21T09:36:20.000000000Z[0m [1;33m[WARN] TRADER-000.nautilus_common::clock: Timer 'SIGNAL:9009368871:1789982851633202176' alert time 2026-09-21T09:36:20+00:00 was in the past, adjusted to current time for immediate firing[0m
[1m2026-09-21T09:36:20.000000000Z[0m [1;33m[WARN] TRADER-000.nautilus_common::clock: Timer 'SIGNAL:9009368871:1789982852538386176' alert time 2026-09-21T09:36:20+00:00 was in the past, adjusted to current time for immediate firing[0m
[1m2026-09-21T09:36:20.000000000Z[0m [1;33m[WARN] TRADER-000.nautilus_common::clock: Timer 'SIGNAL:9009368871:1789982853638734080' alert time 2026-09-21T09:36:20+00:00 was in the past, adjusted to current time for immediate firing[0m
[1m2026-09-21T09:36:20.000000000Z[0m [1;33m[WARN] TRADER-000.nautilus_common::clock: Timer 'SIGNAL:9009368871:1789982854563034112' alert time 2026-09-21T09:36:20+00:00 was in the past, adjusted to current time for immediate firing[0m
[1m2026-09-21T09:36:20.000000000Z[0m [1;33m[WARN] TRADER-000.nautilus_common::clock: Timer 'SIGNAL:9009368871:1789982855536318976' alert time 2026-09-21T09:36:20+00:00 was in the past, adjusted to current time for immediate firing[0m
[1m2026-09-21T09:36:20.000000000Z[0m [1;33m[WARN] TRADER-000.nautilus_common::clock: Timer 'SIGNAL:9009368871:1789982856536700928' alert time 2026-09-21T09:36:20+00:00 was in the past, adjusted to current time for immediate firing[0m
[1m2026-09-21T09:36:20.000000000Z[0m [1;33m[WARN] TRADER-000.nautilus_common::clock: Timer 'SIGNAL:9009368871:1789982857539952896' alert time 2026-09-21T09:36:20+00:00 was in the past, adjusted to current time for immediate firing[0m
[1m2026-09-21T09:36:20.000000000Z[0m [1;33m[WARN] TRADER-000.nautilus_common::clock: Timer 'SIGNAL:9009368871:1789982858539587072' alert time 2026-09-21T09:36:20+00:00 was in the past, adjusted to current time for immediate firing[0m
[1m2026-09-21T09:36:20.000000000Z[0m [1;33m[WARN] TRADER-000.nautilus_common::clock: Timer 'SIGNAL:9009368871:1789982859639936000' alert time 2026-09-21T09:36:20+00:00 was in the past, adjusted to current time for immediate firing[0m
[1m2026-09-21T09:36:20.000000000Z[0m [1;33m[WARN] TRADER-000.nautilus_common::clock: Timer 'SIGNAL:9009368871:1789982860543246080' alert time 2026-09-21T09:36:20+00:00 was in the past, adjusted to current time for immediate firing[0m
[1m2026-09-21T09:36:20.000000000Z[0m [1;33m[WARN] TRADER-000.nautilus_common::clock: Timer 'SIGNAL:9009368871:1789982861605436928' alert time 2026-09-21T09:36:20+00:00 was in the past, adjusted to current time for immediate firing[0m
[1m2026-09-21T09:36:20.000000000Z[0m [1;33m[WARN] TRADER-000.nautilus_common::clock: Timer 'SIGNAL:9009368871:1789982862542365952' alert time 2026-09-21T09:36:20+00:00 was in the past, adjusted to current time for immediate firing[0m
[1m2026-09-21T09:36:20.000000000Z[0m [1;33m[WARN] TRADER-000.nautilus_common::clock: Timer 'SIGNAL:9009368871:1789982863692858880' alert time 2026-09-21T09:36:20+00:00 was in the past, adjusted to current time for immediate firing[0m
[1m2026-09-21T09:36:20.000000000Z[0m [1;33m[WARN] TRADER-000.nautilus_common::clock: Timer 'SIGNAL:9009368871:1789982864556532992' alert time 2026-09-21T09:36:20+00:00 was in the past, adjusted to current time for immediate firing[0m
[1m2026-09-21T09:36:20.000000000Z[0m [1;33m[WARN] TRADER-000.nautilus_common::clock: Timer 'SIGNAL:9009368871:1789982865547126016' alert time 2026-09-21T09:36:20+00:00 was in the past, adjusted to current time for immediate firing[0m
[1m2026-09-21T09:36:20.000000000Z[0m [1;33m[WARN] TRADER-000.nautilus_common::clock: Timer 'SIGNAL:9009368871:1789982866621402112' alert time 2026-09-21T09:36:20+00:00 was in the past, adjusted to current time for immediate firing[0m
[1m2026-09-21T09:36:20.000000000Z[0m [1;33m[WARN] TRADER-000.nautilus_common::clock: Timer 'SIGNAL:9009368871:1789982867787823872' alert time 2026-09-21T09:36:20+00:00 was in the past, adjusted to current time for immediate firing[0m
[1m2026-09-21T09:36:20.000000000Z[0m [1;33m[WARN] TRADER-000.nautilus_common::clock: Timer 'SIGNAL:9009368871:1789982868636123904' alert time 2026-09-21T09:36:20+00:00 was in the past, adjusted to current time for immediate firing[0m
[1m2026-09-21T09:36:20.000000000Z[0m [1;33m[WARN] TRADER-000.nautilus_common::clock: Timer 'SIGNAL:9009368871:1789982869645562880' alert time 2026-09-21T09:36:20+00:00 was in the past, adjusted to current time for immediate firing[0m
[1m2026-09-21T09:36:20.000000000Z[0m [1;33m[WARN] TRADER-000.nautilus_common::clock: Timer 'SIGNAL:9009368871:1789982870621011968' alert time 2026-09-21T09:36:20+00:00 was in the past, adjusted to current time for immediate firing[0m
[1m2026-09-21T09:36:20.000000000Z[0m [1;33m[WARN] TRADER-000.nautilus_common::clock: Timer 'SIGNAL:9009368871:1789982871540493056' alert time 2026-09-21T09:36:20+00:00 was in the past, adjusted to current time for immediate firing[0m
[1m2026-09-21T09:36:20.000000000Z[0m [1;33m[WARN] TRADER-000.nautilus_common::clock: Timer 'SIGNAL:9009368871:1789982872536196864' alert time 2026-09-21T09:36:20+00:00 was in the past, adjusted to current time for immediate firing[0m
[1m2026-09-21T09:36:20.000000000Z[0m [1;33m[WARN] TRADER-000.nautilus_common::clock: Timer 'SIGNAL:9009368871:1789982873620736000' alert time 2026-09-21T09:36:20+00:00 was in the past, adjusted to current time for immediate firing[0m
[1m2026-09-21T09:36:20.000000000Z[0m [1;33m[WARN] TRADER-000.nautilus_common::clock: Timer 'SIGNAL:9009368871:1789982874637895936' alert time 2026-09-21T09:36:20+00:00 was in the past, adjusted to current time for immediate firing[0m
[1m2026-09-21T09:36:20.000000000Z[0m [1;33m[WARN] TRADER-000.nautilus_common::clock: Timer 'SIGNAL:9009368871:1789982875642776064' alert time 2026-09-21T09:36:20+00:00 was in the past, adjusted to current time for immediate firing[0m
[1m2026-09-21T09:36:20.000000000Z[0m [1;33m[WARN] TRADER-000.nautilus_common::clock: Timer 'SIGNAL:9009368871:1789982876641299968' alert time 2026-09-21T09:36:20+00:00 was in the past, adjusted to current time for immediate firing[0m
[1m2026-09-21T09:36:20.000000000Z[0m [1;33m[WARN] TRADER-000.nautilus_common::clock: Timer 'SIGNAL:9009368871:1789982877627288064' alert time 2026-09-21T09:36:20+00:00 was in the past, adjusted to current time for immediate firing[0m
[1m2026-09-21T09:36:20.000000000Z[0m [1;33m[WARN] TRADER-000.nautilus_common::clock: Timer 'SIGNAL:9009368871:1789982878647372032' alert time 2026-09-21T09:36:20+00:00 was in the past, adjusted to current time for immediate firing[0m
[1m2026-09-21T09:36:20.000000000Z[0m [1;33m[WARN] TRADER-000.nautilus_common::clock: Timer 'SIGNAL:9009368871:1789982879632167936' alert time 2026-09-21T09:36:20+00:00 was in the past, adjusted to current time for immediate firing[0m
[1m2026-09-21T09:36:20.000000000Z[0m [1;33m[WARN] TRADER-000.nautilus_common::clock: Timer 'SIGNAL:9009368871:1789982880555198976' alert time 2026-09-21T09:36:20+00:00 was in the past, adjusted to current time for immediate firing[0m
[1m2026-09-21T09:36:20.000000000Z[0m [1;33m[WARN] TRADER-000.nautilus_common::clock: Timer 'SIGNAL:9009368871:1789982881657291776' alert time 2026-09-21T09:36:20+00:00 was in the past, adjusted to current time for immediate firing[0m
[1m2026-09-21T09:36:20.000000000Z[0m [1;33m[WARN] TRADER-000.nautilus_common::clock: Timer 'SIGNAL:9009368871:1789982882540193024' alert time 2026-09-21T09:36:20+00:00 was in the past, adjusted to current time for immediate firing[0m
[1m2026-09-21T09:36:20.000000000Z[0m [1;33m[WARN] TRADER-000.nautilus_common::clock: Timer 'SIGNAL:9009368871:1789982883654191872' alert time 2026-09-21T09:36:20+00:00 was in the past, adjusted to current time for immediate firing[0m
[1m2026-09-21T09:36:20.000000000Z[0m [1;33m[WARN] TRADER-000.nautilus_common::clock: Timer 'SIGNAL:9009368871:1789982884521676032' alert time 2026-09-21T09:36:20+00:00 was in the past, adjusted to current time for immediate firing[0m
[1m2026-09-21T09:36:20.000000000Z[0m [1;33m[WARN] TRADER-000.nautilus_common::clock: Timer 'SIGNAL:9009368871:1789982885544436992' alert time 2026-09-21T09:36:20+00:00 was in the past, adjusted to current time for immediate firing[0m
[1m2026-09-21T09:36:20.000000000Z[0m [1;33m[WARN] TRADER-000.nautilus_common::clock: Timer 'SIGNAL:9009368871:1789982886660013824' alert time 2026-09-21T09:36:20+00:00 was in the past, adjusted to current time for immediate firing[0m
[1m2026-09-21T09:36:20.000000000Z[0m [1;33m[WARN] TRADER-000.nautilus_common::clock: Timer 'SIGNAL:9009368871:1789982887631644928' alert time 2026-09-21T09:36:20+00:00 was in the past, adjusted to current time for immediate firing[0m
[1m2026-09-21T09:36:20.000000000Z[0m [1;33m[WARN] TRADER-000.nautilus_common::clock: Timer 'SIGNAL:9009368871:1789982888527857920' alert time 2026-09-21T09:36:20+00:00 was in the past, adjusted to current time for immediate firing[0m
[1m2026-09-21T09:36:20.000000000Z[0m [1;33m[WARN] TRADER-000.nautilus_common::clock: Timer 'SIGNAL:9009368871:1789982889640419840' alert time 2026-09-21T09:36:20+00:00 was in the past, adjusted to current time for immediate firing[0m
[1m2026-09-21T09:36:20.000000000Z[0m [1;33m[WARN] TRADER-000.nautilus_common::clock: Timer 'SIGNAL:9009368871:1789982890540456960' alert time 2026-09-21T09:36:20+00:00 was in the past, adjusted to current time for immediate firing[0m
[1m2026-09-21T09:36:20.000000000Z[0m [1;33m[WARN] TRADER-000.nautilus_common::clock: Timer 'SIGNAL:9009368871:1789982891521369856' alert time 2026-09-21T09:36:20+00:00 was in the past, adjusted to current time for immediate firing[0m
[1m2026-09-21T09:36:20.000000000Z[0m [1;33m[WARN] TRADER-000.nautilus_common::clock: Timer 'SIGNAL:9009368871:1789982892533419008' alert time 2026-09-21T09:36:20+00:00 was in the past, adjusted to current time for immediate firing[0m
[1m2026-09-21T09:36:20.000000000Z[0m [1;33m[WARN] TRADER-000.nautilus_common::clock: Timer 'SIGNAL:9009368871:1789982893329925120' alert time 2026-09-21T09:36:20+00:00 was in the past, adjusted to current time for immediate firing[0m
[1m2026-09-21T09:36:20.000000000Z[0m [1;33m[WARN] TRADER-000.nautilus_common::clock: Timer 'SIGNAL:9009368871:1789982894842003200' alert time 2026-09-21T09:36:20+00:00 was in the past, adjusted to current time for immediate firing[0m
[1m2026-09-21T09:36:20.000000000Z[0m [1;33m[WARN] TRADER-000.nautilus_common::clock: Timer 'SIGNAL:9009368871:1789982896036397056' alert time 2026-09-21T09:36:20+00:00 was in the past, adjusted to current time for immediate firing[0m
[1m2026-09-21T09:36:20.000000000Z[0m [1;33m[WARN] TRADER-000.nautilus_common::clock: Timer 'SIGNAL:9009368871:1789982896937670912' alert time 2026-09-21T09:36:20+00:00 was in the past, adjusted to current time for immediate firing[0m
[1m2026-09-21T09:36:20.000000000Z[0m [1;33m[WARN] TRADER-000.nautilus_common::clock: Timer 'SIGNAL:9009368871:1789982898043677184' alert time 2026-09-21T09:36:20+00:00 was in the past, adjusted to current time for immediate firing[0m
[1m2026-09-21T09:36:20.000000000Z[0m [1;33m[WARN] TRADER-000.nautilus_common::clock: Timer 'SIGNAL:9009368871:1789982899039767040' alert time 2026-09-21T09:36:20+00:00 was in the past, adjusted to current time for immediate firing[0m
[1m2026-09-21T09:36:20.000000000Z[0m [1;33m[WARN] TRADER-000.nautilus_common::clock: Timer 'SIGNAL:9009368871:1789982900035057152' alert time 2026-09-21T09:36:20+00:00 was in the past, adjusted to current time for immediate firing[0m
[1m2026-09-21T09:36:20.000000000Z[0m [1;33m[WARN] TRADER-000.nautilus_common::clock: Timer 'SIGNAL:9009368871:1789982901040009984' alert time 2026-09-21T09:36:20+00:00 was in the past, adjusted to current time for immediate firing[0m
[1m2026-09-21T09:36:20.000000000Z[0m [1;33m[WARN] TRADER-000.nautilus_common::clock: Timer 'SIGNAL:9009368871:1789982902053922048' alert time 2026-09-21T09:36:20+00:00 was in the past, adjusted to current time for immediate firing[0m
[1m2026-09-21T09:36:20.000000000Z[0m [1;33m[WARN] TRADER-000.nautilus_common::clock: Timer 'SIGNAL:9009368871:1789982903041006080' alert time 2026-09-21T09:36:20+00:00 was in the past, adjusted to current time for immediate firing[0m
[1m2026-09-21T09:36:20.000000000Z[0m [1;33m[WARN] TRADER-000.nautilus_common::clock: Timer 'SIGNAL:9009368871:1789982904022273024' alert time 2026-09-21T09:36:20+00:00 was in the past, adjusted to current time for immediate firing[0m
[1m2026-09-21T09:36:20.000000000Z[0m [1;33m[WARN] TRADER-000.nautilus_common::clock: Timer 'SIGNAL:9009368871:1789982905033724928' alert time 2026-09-21T09:36:20+00:00 was in the past, adjusted to current time for immediate firing[0m
[1m2026-09-21T09:36:20.000000000Z[0m [1;33m[WARN] TRADER-000.nautilus_common::clock: Timer 'SIGNAL:9009368871:1789982906034870016' alert time 2026-09-21T09:36:20+00:00 was in the past, adjusted to current time for immediate firing[0m
[1m2026-09-21T09:36:20.000000000Z[0m [1;33m[WARN] TRADER-000.nautilus_common::clock: Timer 'SIGNAL:9009368871:1789982907042272000' alert time 2026-09-21T09:36:20+00:00 was in the past, adjusted to current time for immediate firing[0m
[1m2026-09-21T09:36:20.000000000Z[0m [1;33m[WARN] TRADER-000.nautilus_common::clock: Timer 'SIGNAL:9009368871:1789982908143613952' alert time 2026-09-21T09:36:20+00:00 was in the past, adjusted to current time for immediate firing[0m
[1m2026-09-21T09:36:20.000000000Z[0m [1;33m[WARN] TRADER-000.nautilus_common::clock: Timer 'SIGNAL:9009368871:1789982909042329088' alert time 2026-09-21T09:36:20+00:00 was in the past, adjusted to current time for immediate firing[0m
[1m2026-09-21T09:36:20.000000000Z[0m [1;33m[WARN] TRADER-000.nautilus_common::clock: Timer 'SIGNAL:9009368871:1789982910034342912' alert time 2026-09-21T09:36:20+00:00 was in the past, adjusted to current time for immediate firing[0m
[1m2026-09-21T09:36:20.000000000Z[0m [1;33m[WARN] TRADER-000.nautilus_common::clock: Timer 'SIGNAL:9009368871:1789982911038822912' alert time 2026-09-21T09:36:20+00:00 was in the past, adjusted to current time for immediate firing[0m
[1m2026-09-21T09:36:20.000000000Z[0m [1;33m[WARN] TRADER-000.nautilus_common::clock: Timer 'SIGNAL:9009368871:1789982912052171008' alert time 2026-09-21T09:36:20+00:00 was in the past, adjusted to current time for immediate firing[0m
[1m2026-09-21T09:36:20.000000000Z[0m [1;33m[WARN] TRADER-000.nautilus_common::clock: Timer 'SIGNAL:9009368871:1789982913036050176' alert time 2026-09-21T09:36:20+00:00 was in the past, adjusted to current time for immediate firing[0m
[1m2026-09-21T09:36:20.000000000Z[0m [1;33m[WARN] TRADER-000.nautilus_common::clock: Timer 'SIGNAL:9009368871:1789982914041788928' alert time 2026-09-21T09:36:20+00:00 was in the past, adjusted to current time for immediate firing[0m
[1m2026-09-21T09:36:20.000000000Z[0m [1;33m[WARN] TRADER-000.nautilus_common::clock: Timer 'SIGNAL:9009368871:1789982915033895936' alert time 2026-09-21T09:36:20+00:00 was in the past, adjusted to current time for immediate firing[0m
[1m2026-09-21T09:36:20.000000000Z[0m [1;33m[WARN] TRADER-000.nautilus_common::clock: Timer 'SIGNAL:9009368871:1789982916041950976' alert time 2026-09-21T09:36:20+00:00 was in the past, adjusted to current time for immediate firing[0m
[1m2026-09-21T09:36:20.000000000Z[0m [1;33m[WARN] TRADER-000.nautilus_common::clock: Timer 'SIGNAL:9009368871:1789982917037211904' alert time 2026-09-21T09:36:20+00:00 was in the past, adjusted to current time for immediate firing[0m
[1m2026-09-21T09:36:20.000000000Z[0m [1;33m[WARN] TRADER-000.nautilus_common::clock: Timer 'SIGNAL:9009368871:1789982918030023936' alert time 2026-09-21T09:36:20+00:00 was in the past, adjusted to current time for immediate firing[0m
[1m2026-09-21T09:36:20.000000000Z[0m [1;33m[WARN] TRADER-000.nautilus_common::clock: Timer 'SIGNAL:9009368871:1789982919033577984' alert time 2026-09-21T09:36:20+00:00 was in the past, adjusted to current time for immediate firing[0m
[1m2026-09-21T09:36:20.000000000Z[0m [1;33m[WARN] TRADER-000.nautilus_common::clock: Timer 'SIGNAL:9009368871:1789982920055247104' alert time 2026-09-21T09:36:20+00:00 was in the past, adjusted to current time for immediate firing[0m
[1m2026-09-21T09:36:20.000000000Z[0m [1;33m[WARN] TRADER-000.nautilus_common::clock: Timer 'SIGNAL:9009368871:1789982921040792064' alert time 2026-09-21T09:36:20+00:00 was in the past, adjusted to current time for immediate firing[0m
[1m2026-09-21T09:36:20.000000000Z[0m [1;33m[WARN] TRADER-000.nautilus_common::clock: Timer 'SIGNAL:9009368871:1789982922039273984' alert time 2026-09-21T09:36:20+00:00 was in the past, adjusted to current time for immediate firing[0m
[1m2026-09-21T09:36:20.000000000Z[0m [1;33m[WARN] TRADER-000.nautilus_common::clock: Timer 'SIGNAL:9009368871:1789982923041084160' alert time 2026-09-21T09:36:20+00:00 was in the past, adjusted to current time for immediate firing[0m
[1m2026-09-21T09:36:20.000000000Z[0m [1;33m[WARN] TRADER-000.nautilus_common::clock: Timer 'SIGNAL:9009368871:1789982923707554048' alert time 2026-09-21T09:36:20+00:00 was in the past, adjusted to current time for immediate firing[0m
[1m2026-09-21T09:36:20.000000000Z[0m [1;33m[WARN] TRADER-000.nautilus_common::clock: Timer 'SIGNAL:9009368871:1789982924636434176' alert time 2026-09-21T09:36:20+00:00 was in the past, adjusted to current time for immediate firing[0m
[1m2026-09-21T09:36:20.000000000Z[0m [1;33m[WARN] TRADER-000.nautilus_common::clock: Timer 'SIGNAL:9009368871:1789982925630084864' alert time 2026-09-21T09:36:20+00:00 was in the past, adjusted to current time for immediate firing[0m
[1m2026-09-21T09:36:20.000000000Z[0m [1;33m[WARN] TRADER-000.nautilus_common::clock: Timer 'SIGNAL:9009368871:1789982926634676992' alert time 2026-09-21T09:36:20+00:00 was in the past, adjusted to current time for immediate firing[0m
[1m2026-09-21T09:36:20.000000000Z[0m [1;33m[WARN] TRADER-000.nautilus_common::clock: Timer 'SIGNAL:9009368871:1789982927637367040' alert time 2026-09-21T09:36:20+00:00 was in the past, adjusted to current time for immediate firing[0m
[1m2026-09-21T09:36:20.000000000Z[0m [1;33m[WARN] TRADER-000.nautilus_common::clock: Timer 'SIGNAL:9009368871:1789982928635220992' alert time 2026-09-21T09:36:20+00:00 was in the past, adjusted to current time for immediate firing[0m
[1m2026-09-21T09:36:20.000000000Z[0m [1;33m[WARN] TRADER-000.nautilus_common::clock: Timer 'SIGNAL:9009368871:1789982929645240064' alert time 2026-09-21T09:36:20+00:00 was in the past, adjusted to current time for immediate firing[0m
[1m2026-09-21T09:36:20.000000000Z[0m [1;33m[WARN] TRADER-000.nautilus_common::clock: Timer 'SIGNAL:9009368871:1789982930750161920' alert time 2026-09-21T09:36:20+00:00 was in the past, adjusted to current time for immediate firing[0m
[1m2026-09-21T09:36:20.000000000Z[0m [1;33m[WARN] TRADER-000.nautilus_common::clock: Timer 'SIGNAL:9009368871:1789982931742681856' alert time 2026-09-21T09:36:20+00:00 was in the past, adjusted to current time for immediate firing[0m
[1m2026-09-21T09:36:20.000000000Z[0m [1;33m[WARN] TRADER-000.nautilus_common::clock: Timer 'SIGNAL:9009368871:1789982932638083840' alert time 2026-09-21T09:36:20+00:00 was in the past, adjusted to current time for immediate firing[0m
[1m2026-09-21T09:36:20.000000000Z[0m [1;33m[WARN] TRADER-000.nautilus_common::clock: Timer 'SIGNAL:9009368871:1789982933734162176' alert time 2026-09-21T09:36:20+00:00 was in the past, adjusted to current time for immediate firing[0m
[1m2026-09-21T09:36:20.000000000Z[0m [1;33m[WARN] TRADER-000.nautilus_common::clock: Timer 'SIGNAL:9009368871:1789982934734659840' alert time 2026-09-21T09:36:20+00:00 was in the past, adjusted to current time for immediate firing[0m
[1m2026-09-21T09:36:20.000000000Z[0m [1;33m[WARN] TRADER-000.nautilus_common::clock: Timer 'SIGNAL:9009368871:1789982935752659200' alert time 2026-09-21T09:36:20+00:00 was in the past, adjusted to current time for immediate firing[0m
[1m2026-09-21T09:36:20.000000000Z[0m [1;33m[WARN] TRADER-000.nautilus_common::clock: Timer 'SIGNAL:9009368871:1789982936720856064' alert time 2026-09-21T09:36:20+00:00 was in the past, adjusted to current time for immediate firing[0m
[1m2026-09-21T09:36:20.000000000Z[0m [1;33m[WARN] TRADER-000.nautilus_common::clock: Timer 'SIGNAL:9009368871:1789982937644161024' alert time 2026-09-21T09:36:20+00:00 was in the past, adjusted to current time for immediate firing[0m
[1m2026-09-21T09:36:20.000000000Z[0m [1;33m[WARN] TRADER-000.nautilus_common::clock: Timer 'SIGNAL:9009368871:1789982938738799104' alert time 2026-09-21T09:36:20+00:00 was in the past, adjusted to current time for immediate firing[0m
[1m2026-09-21T09:36:20.000000000Z[0m [1;33m[WARN] TRADER-000.nautilus_common::clock: Timer 'SIGNAL:9009368871:1789982939663491072' alert time 2026-09-21T09:36:20+00:00 was in the past, adjusted to current time for immediate firing[0m
[1m2026-09-21T09:36:20.000000000Z[0m [1;33m[WARN] TRADER-000.nautilus_common::clock: Timer 'SIGNAL:9009368871:1789982940645818112' alert time 2026-09-21T09:36:20+00:00 was in the past, adjusted to current time for immediate firing[0m
[1m2026-09-21T09:36:20.000000000Z[0m [1;33m[WARN] TRADER-000.nautilus_common::clock: Timer 'SIGNAL:9009368871:1789982941726223104' alert time 2026-09-21T09:36:20+00:00 was in the past, adjusted to current time for immediate firing[0m
[1m2026-09-21T09:36:20.000000000Z[0m [1;33m[WARN] TRADER-000.nautilus_common::clock: Timer 'SIGNAL:9009368871:1789982942636257792' alert time 2026-09-21T09:36:20+00:00 was in the past, adjusted to current time for immediate firing[0m
[1m2026-09-21T09:36:20.000000000Z[0m [1;33m[WARN] TRADER-000.nautilus_common::clock: Timer 'SIGNAL:9009368871:1789982943656332032' alert time 2026-09-21T09:36:20+00:00 was in the past, adjusted to current time for immediate firing[0m
[1m2026-09-21T09:36:20.000000000Z[0m [1;33m[WARN] TRADER-000.nautilus_common::clock: Timer 'SIGNAL:9009368871:1789982944621943040' alert time 2026-09-21T09:36:20+00:00 was in the past, adjusted to current time for immediate firing[0m
[1m2026-09-21T09:36:20.000000000Z[0m [1;33m[WARN] TRADER-000.nautilus_common::clock: Timer 'SIGNAL:9009368871:1789982945621708032' alert time 2026-09-21T09:36:20+00:00 was in the past, adjusted to current time for immediate firing[0m
[1m2026-09-21T09:36:20.000000000Z[0m [1;33m[WARN] TRADER-000.nautilus_common::clock: Timer 'SIGNAL:9009368871:1789982946733075968' alert time 2026-09-21T09:36:20+00:00 was in the past, adjusted to current time for immediate firing[0m
[1m2026-09-21T09:36:20.000000000Z[0m [1;33m[WARN] TRADER-000.nautilus_common::clock: Timer 'SIGNAL:9009368871:1789982947643213056' alert time 2026-09-21T09:36:20+00:00 was in the past, adjusted to current time for immediate firing[0m
[1m2026-09-21T09:36:20.000000000Z[0m [1;33m[WARN] TRADER-000.nautilus_common::clock: Timer 'SIGNAL:9009368871:1789982948321531904' alert time 2026-09-21T09:36:20+00:00 was in the past, adjusted to current time for immediate firing[0m
[1m2026-09-21T09:36:20.000000000Z[0m [1;33m[WARN] TRADER-000.nautilus_common::clock: Timer 'SIGNAL:9009368871:1789982950024007168' alert time 2026-09-21T09:36:20+00:00 was in the past, adjusted to current time for immediate firing[0m
[1m2026-09-21T09:36:20.000000000Z[0m [1;33m[WARN] TRADER-000.nautilus_common::clock: Timer 'SIGNAL:9009368871:1789982951029889024' alert time 2026-09-21T09:36:20+00:00 was in the past, adjusted to current time for immediate firing[0m
[1m2026-09-21T09:36:20.000000000Z[0m [1;33m[WARN] TRADER-000.nautilus_common::clock: Timer 'SIGNAL:9009368871:1789982952024493056' alert time 2026-09-21T09:36:20+00:00 was in the past, adjusted to current time for immediate firing[0m
[1m2026-09-21T09:36:20.000000000Z[0m [1;33m[WARN] TRADER-000.nautilus_common::clock: Timer 'SIGNAL:9009368871:1789982953054627840' alert time 2026-09-21T09:36:20+00:00 was in the past, adjusted to current time for immediate firing[0m
[1m2026-09-21T09:36:20.000000000Z[0m [1;33m[WARN] TRADER-000.nautilus_common::clock: Timer 'SIGNAL:9009368871:1789982954026917888' alert time 2026-09-21T09:36:20+00:00 was in the past, adjusted to current time for immediate firing[0m
[1m2026-09-21T09:36:20.000000000Z[0m [1;33m[WARN] TRADER-000.nautilus_common::clock: Timer 'SIGNAL:9009368871:1789982955039202816' alert time 2026-09-21T09:36:20+00:00 was in the past, adjusted to current time for immediate firing[0m
[1m2026-09-21T09:36:20.000000000Z[0m [1;33m[WARN] TRADER-000.nautilus_common::clock: Timer 'SIGNAL:9009368871:1789982956037702912' alert time 2026-09-21T09:36:20+00:00 was in the past, adjusted to current time for immediate firing[0m
[1m2026-09-21T09:36:20.000000000Z[0m [1;33m[WARN] TRADER-000.nautilus_common::clock: Timer 'SIGNAL:9009368871:1789982957043139840' alert time 2026-09-21T09:36:20+00:00 was in the past, adjusted to current time for immediate firing[0m
[1m2026-09-21T09:36:20.000000000Z[0m [1;33m[WARN] TRADER-000.nautilus_common::clock: Timer 'SIGNAL:9009368871:1789982958042601216' alert time 2026-09-21T09:36:20+00:00 was in the past, adjusted to current time for immediate firing[0m
[1m2026-09-21T09:36:20.000000000Z[0m [1;33m[WARN] TRADER-000.nautilus_common::clock: Timer 'SIGNAL:9009368871:1789982959039536896' alert time 2026-09-21T09:36:20+00:00 was in the past, adjusted to current time for immediate firing[0m
[1m2026-09-21T09:36:20.000000000Z[0m [1;33m[WARN] TRADER-000.nautilus_common::clock: Timer 'SIGNAL:9009368871:1789982960037796864' alert time 2026-09-21T09:36:20+00:00 was in the past, adjusted to current time for immediate firing[0m
[1m2026-09-21T09:36:20.000000000Z[0m [1;33m[WARN] TRADER-000.nautilus_common::clock: Timer 'SIGNAL:9009368871:1789982961036286208' alert time 2026-09-21T09:36:20+00:00 was in the past, adjusted to current time for immediate firing[0m
[1m2026-09-21T09:36:20.000000000Z[0m [1;33m[WARN] TRADER-000.nautilus_common::clock: Timer 'SIGNAL:9009368871:1789982962041281024' alert time 2026-09-21T09:36:20+00:00 was in the past, adjusted to current time for immediate firing[0m
[1m2026-09-21T09:36:20.000000000Z[0m [1;33m[WARN] TRADER-000.nautilus_common::clock: Timer 'SIGNAL:9009368871:1789982963028167936' alert time 2026-09-21T09:36:20+00:00 was in the past, adjusted to current time for immediate firing[0m
[1m2026-09-21T09:36:20.000000000Z[0m [1;33m[WARN] TRADER-000.nautilus_common::clock: Timer 'SIGNAL:9009368871:1789982964029326080' alert time 2026-09-21T09:36:20+00:00 was in the past, adjusted to current time for immediate firing[0m
[1m2026-09-21T09:36:20.000000000Z[0m [1;33m[WARN] TRADER-000.nautilus_common::clock: Timer 'SIGNAL:9009368871:1789982965027811072' alert time 2026-09-21T09:36:20+00:00 was in the past, adjusted to current time for immediate firing[0m
[1m2026-09-21T09:36:20.000000000Z[0m [1;33m[WARN] TRADER-000.nautilus_common::clock: Timer 'SIGNAL:9009368871:1789982966039339008' alert time 2026-09-21T09:36:20+00:00 was in the past, adjusted to current time for immediate firing[0m
[1m2026-09-21T09:36:20.000000000Z[0m [1;33m[WARN] TRADER-000.nautilus_common::clock: Timer 'SIGNAL:9009368871:1789982966727122176' alert time 2026-09-21T09:36:20+00:00 was in the past, adjusted to current time for immediate firing[0m
[1m2026-09-21T09:36:20.000000000Z[0m [1;33m[WARN] TRADER-000.nautilus_common::clock: Timer 'SIGNAL:9009368871:1789982968031568128' alert time 2026-09-21T09:36:20+00:00 was in the past, adjusted to current time for immediate firing[0m
[1m2026-09-21T09:36:20.000000000Z[0m [1;33m[WARN] TRADER-000.nautilus_common::clock: Timer 'SIGNAL:9009368871:1789982969154859008' alert time 2026-09-21T09:36:20+00:00 was in the past, adjusted to current time for immediate firing[0m
[1m2026-09-21T09:36:20.000000000Z[0m [1;33m[WARN] TRADER-000.nautilus_common::clock: Timer 'SIGNAL:9009368871:1789982970026656000' alert time 2026-09-21T09:36:20+00:00 was in the past, adjusted to current time for immediate firing[0m
[1m2026-09-21T09:36:20.000000000Z[0m [1;33m[WARN] TRADER-000.nautilus_common::clock: Timer 'SIGNAL:9009368871:1789982971039006976' alert time 2026-09-21T09:36:20+00:00 was in the past, adjusted to current time for immediate firing[0m
[1m2026-09-21T09:36:20.000000000Z[0m [1;33m[WARN] TRADER-000.nautilus_common::clock: Timer 'SIGNAL:9009368871:1789982972039052032' alert time 2026-09-21T09:36:20+00:00 was in the past, adjusted to current time for immediate firing[0m
[1m2026-09-21T09:36:20.000000000Z[0m [1;33m[WARN] TRADER-000.nautilus_common::clock: Timer 'SIGNAL:9009368871:1789982973040263936' alert time 2026-09-21T09:36:20+00:00 was in the past, adjusted to current time for immediate firing[0m
[1m2026-09-21T09:36:20.000000000Z[0m [1;33m[WARN] TRADER-000.nautilus_common::clock: Timer 'SIGNAL:9009368871:1789982974041253120' alert time 2026-09-21T09:36:20+00:00 was in the past, adjusted to current time for immediate firing[0m
[1m2026-09-21T09:36:20.000000000Z[0m [1;33m[WARN] TRADER-000.nautilus_common::clock: Timer 'SIGNAL:9009368871:1789982975040189952' alert time 2026-09-21T09:36:20+00:00 was in the past, adjusted to current time for immediate firing[0m
[1m2026-09-21T09:36:20.000000000Z[0m [1;33m[WARN] TRADER-000.nautilus_common::clock: Timer 'SIGNAL:9009368871:1789982976044006144' alert time 2026-09-21T09:36:20+00:00 was in the past, adjusted to current time for immediate firing[0m
[1m2026-09-21T09:36:20.000000000Z[0m [1;33m[WARN] TRADER-000.nautilus_common::clock: Timer 'SIGNAL:9009368871:1789982977117530112' alert time 2026-09-21T09:36:20+00:00 was in the past, adjusted to current time for immediate firing[0m
[1m2026-09-21T09:36:20.000000000Z[0m [1;33m[WARN] TRADER-000.nautilus_common::clock: Timer 'SIGNAL:9009368871:1789982978423932928' alert time 2026-09-21T09:36:20+00:00 was in the past, adjusted to current time for immediate firing[0m
[1m2026-09-21T09:36:20.000000000Z[0m [1;33m[WARN] TRADER-000.nautilus_common::clock: Timer 'SIGNAL:9009368871:1789982979039209984' alert time 2026-09-21T09:36:20+00:00 was in the past, adjusted to current time for immediate firing[0m
[1m2026-09-21T09:36:20.000000000Z[0m [1;33m[WARN] TRADER-000.nautilus_common::clock: Timer 'SIGNAL:9009368871:1789982980041408000' alert time 2026-09-21T09:36:20+00:00 was in the past, adjusted to current time for immediate firing[0m
[1m2026-09-21T09:36:20.000000000Z[0m [1;33m[WARN] TRADER-000.nautilus_common::clock: Timer 'SIGNAL:9009368871:1789982981064719872' alert time 2026-09-21T09:36:20+00:00 was in the past, adjusted to current time for immediate firing[0m
[1m2026-09-21T09:36:20.000000000Z[0m [1;33m[WARN] TRADER-000.nautilus_common::clock: Timer 'SIGNAL:9009368871:1789982982050470144' alert time 2026-09-21T09:36:20+00:00 was in the past, adjusted to current time for immediate firing[0m
[1m2026-09-21T09:36:20.000000000Z[0m [1;33m[WARN] TRADER-000.nautilus_common::clock: Timer 'SIGNAL:9009368871:1789982983037607936' alert time 2026-09-21T09:36:20+00:00 was in the past, adjusted to current time for immediate firing[0m
[1m2026-09-21T09:36:20.000000000Z[0m [1;33m[WARN] TRADER-000.nautilus_common::clock: Timer 'SIGNAL:9009368871:1789982984041798144' alert time 2026-09-21T09:36:20+00:00 was in the past, adjusted to current time for immediate firing[0m
[1m2026-09-21T09:36:20.000000000Z[0m [1;33m[WARN] TRADER-000.nautilus_common::clock: Timer 'SIGNAL:9009368871:1789982985047902976' alert time 2026-09-21T09:36:20+00:00 was in the past, adjusted to current time for immediate firing[0m
[1m2026-09-21T09:36:20.000000000Z[0m [1;33m[WARN] TRADER-000.nautilus_common::clock: Timer 'SIGNAL:9009368871:1789982986041264896' alert time 2026-09-21T09:36:20+00:00 was in the past, adjusted to current time for immediate firing[0m
[1m2026-09-21T09:36:20.000000000Z[0m [1;33m[WARN] TRADER-000.nautilus_common::clock: Timer 'SIGNAL:9009368871:1789982987050008064' alert time 2026-09-21T09:36:20+00:00 was in the past, adjusted to current time for immediate firing[0m
[1m2026-09-21T09:36:20.000000000Z[0m [1;33m[WARN] TRADER-000.nautilus_common::clock: Timer 'SIGNAL:9009368871:1789982988041351936' alert time 2026-09-21T09:36:20+00:00 was in the past, adjusted to current time for immediate firing[0m
[1m2026-09-21T09:36:20.000000000Z[0m [1;33m[WARN] TRADER-000.nautilus_common::clock: Timer 'SIGNAL:9009368871:1789982989036616960' alert time 2026-09-21T09:36:20+00:00 was in the past, adjusted to current time for immediate firing[0m
[1m2026-09-21T09:36:20.000000000Z[0m [1;33m[WARN] TRADER-000.nautilus_common::clock: Timer 'SIGNAL:9009368871:1789982990050139904' alert time 2026-09-21T09:36:20+00:00 was in the past, adjusted to current time for immediate firing[0m
[1m2026-09-21T09:36:20.000000000Z[0m [1;33m[WARN] TRADER-000.nautilus_common::clock: Timer 'SIGNAL:9009368871:1789982991044238080' alert time 2026-09-21T09:36:20+00:00 was in the past, adjusted to current time for immediate firing[0m
[1m2026-09-21T09:36:20.000000000Z[0m [1;33m[WARN] TRADER-000.nautilus_common::clock: Timer 'SIGNAL:9009368871:1789982992039431936' alert time 2026-09-21T09:36:20+00:00 was in the past, adjusted to current time for immediate firing[0m
[1m2026-09-21T09:36:20.000000000Z[0m [1;33m[WARN] TRADER-000.nautilus_common::clock: Timer 'SIGNAL:9009368871:1789982993046430976' alert time 2026-09-21T09:36:20+00:00 was in the past, adjusted to current time for immediate firing[0m
[1m2026-09-21T09:36:20.000000000Z[0m [1;33m[WARN] TRADER-000.nautilus_common::clock: Timer 'SIGNAL:9009368871:1789982994048409088' alert time 2026-09-21T09:36:20+00:00 was in the past, adjusted to current time for immediate firing[0m
[1m2026-09-21T09:36:20.000000000Z[0m [1;33m[WARN] TRADER-000.nautilus_common::clock: Timer 'SIGNAL:9009368871:1789982995042161920' alert time 2026-09-21T09:36:20+00:00 was in the past, adjusted to current time for immediate firing[0m
[1m2026-09-21T09:36:20.000000000Z[0m [1;33m[WARN] TRADER-000.nautilus_common::clock: Timer 'SIGNAL:9009368871:1789982995554332928' alert time 2026-09-21T09:36:20+00:00 was in the past, adjusted to current time for immediate firing[0m
[1m2026-09-21T09:36:20.000000000Z[0m [1;33m[WARN] TRADER-000.nautilus_common::clock: Timer 'SIGNAL:9009368871:1789982996547245056' alert time 2026-09-21T09:36:20+00:00 was in the past, adjusted to current time for immediate firing[0m
[1m2026-09-21T09:36:20.000000000Z[0m [1;33m[WARN] TRADER-000.nautilus_common::clock: Timer 'SIGNAL:9009368871:1789982997566149888' alert time 2026-09-21T09:36:20+00:00 was in the past, adjusted to current time for immediate firing[0m
[1m2026-09-21T09:36:20.000000000Z[0m [1;33m[WARN] TRADER-000.nautilus_common::clock: Timer 'SIGNAL:9009368871:1789982998547590912' alert time 2026-09-21T09:36:20+00:00 was in the past, adjusted to current time for immediate firing[0m
[1m2026-09-21T09:36:20.000000000Z[0m [1;33m[WARN] TRADER-000.nautilus_common::clock: Timer 'SIGNAL:9009368871:1789982999575741952' alert time 2026-09-21T09:36:20+00:00 was in the past, adjusted to current time for immediate firing[0m
[1m2026-09-21T09:36:20.000000000Z[0m [1;33m[WARN] TRADER-000.nautilus_common::clock: Timer 'SIGNAL:9009368871:1789983000553244160' alert time 2026-09-21T09:36:20+00:00 was in the past, adjusted to current time for immediate firing[0m
[1m2026-09-21T09:36:20.000000000Z[0m [1;33m[WARN] TRADER-000.nautilus_common::clock: Timer 'SIGNAL:9009368871:1789983001545958144' alert time 2026-09-21T09:36:20+00:00 was in the past, adjusted to current time for immediate firing[0m
[1m2026-09-21T09:36:20.000000000Z[0m [1;33m[WARN] TRADER-000.nautilus_common::clock: Timer 'SIGNAL:9009368871:1789983002541997824' alert time 2026-09-21T09:36:20+00:00 was in the past, adjusted to current time for immediate firing[0m
[1m2026-09-21T09:36:20.000000000Z[0m [1;33m[WARN] TRADER-000.nautilus_common::clock: Timer 'SIGNAL:9009368871:1789983003702116864' alert time 2026-09-21T09:36:20+00:00 was in the past, adjusted to current time for immediate firing[0m
[1m2026-09-21T09:36:20.000000000Z[0m [1;33m[WARN] TRADER-000.nautilus_common::clock: Timer 'SIGNAL:9009368871:1789983004534012160' alert time 2026-09-21T09:36:20+00:00 was in the past, adjusted to current time for immediate firing[0m
[1m2026-09-21T09:36:20.000000000Z[0m [1;33m[WARN] TRADER-000.nautilus_common::clock: Timer 'SIGNAL:9009368871:1789983005538525184' alert time 2026-09-21T09:36:20+00:00 was in the past, adjusted to current time for immediate firing[0m
[1m2026-09-21T09:36:20.000000000Z[0m [1;33m[WARN] TRADER-000.nautilus_common::clock: Timer 'SIGNAL:9009368871:1789983006539084800' alert time 2026-09-21T09:36:20+00:00 was in the past, adjusted to current time for immediate firing[0m
[1m2026-09-21T09:36:20.000000000Z[0m [1;33m[WARN] TRADER-000.nautilus_common::clock: Timer 'SIGNAL:9009368871:1789983007582673920' alert time 2026-09-21T09:36:20+00:00 was in the past, adjusted to current time for immediate firing[0m
[1m2026-09-21T09:36:20.000000000Z[0m [1;33m[WARN] TRADER-000.nautilus_common::clock: Timer 'SIGNAL:9009368871:1789983008536071168' alert time 2026-09-21T09:36:20+00:00 was in the past, adjusted to current time for immediate firing[0m
[1m2026-09-21T09:36:20.000000000Z[0m [1;33m[WARN] TRADER-000.nautilus_common::clock: Timer 'SIGNAL:9009368871:1789983009536968960' alert time 2026-09-21T09:36:20+00:00 was in the past, adjusted to current time for immediate firing[0m
[1m2026-09-21T09:36:20.000000000Z[0m [1;33m[WARN] TRADER-000.nautilus_common::clock: Timer 'SIGNAL:9009368871:1789983010542351872' alert time 2026-09-21T09:36:20+00:00 was in the past, adjusted to current time for immediate firing[0m
[1m2026-09-21T09:36:20.000000000Z[0m [1;33m[WARN] TRADER-000.nautilus_common::clock: Timer 'SIGNAL:9009368871:1789983011651832064' alert time 2026-09-21T09:36:20+00:00 was in the past, adjusted to current time for immediate firing[0m
[1m2026-09-21T09:36:20.000000000Z[0m [1;33m[WARN] TRADER-000.nautilus_common::clock: Timer 'SIGNAL:9009368871:1789983012537473024' alert time 2026-09-21T09:36:20+00:00 was in the past, adjusted to current time for immediate firing[0m
[1m2026-09-21T09:36:20.000000000Z[0m [1;33m[WARN] TRADER-000.nautilus_common::clock: Timer 'SIGNAL:9009368871:1789983013538000128' alert time 2026-09-21T09:36:20+00:00 was in the past, adjusted to current time for immediate firing[0m
[1m2026-09-21T09:36:20.000000000Z[0m [1;33m[WARN] TRADER-000.nautilus_common::clock: Timer 'SIGNAL:9009368871:1789983014642481152' alert time 2026-09-21T09:36:20+00:00 was in the past, adjusted to current time for immediate firing[0m
[1m2026-09-21T09:36:20.000000000Z[0m [1;33m[WARN] TRADER-000.nautilus_common::clock: Timer 'SIGNAL:9009368871:1789983015648771072' alert time 2026-09-21T09:36:20+00:00 was in the past, adjusted to current time for immediate firing[0m
[1m2026-09-21T09:36:20.000000000Z[0m [1;33m[WARN] TRADER-000.nautilus_common::clock: Timer 'SIGNAL:9009368871:1789983016553265152' alert time 2026-09-21T09:36:20+00:00 was in the past, adjusted to current time for immediate firing[0m
[1m2026-09-21T09:36:20.000000000Z[0m [1;33m[WARN] TRADER-000.nautilus_common::clock: Timer 'SIGNAL:9009368871:1789983017555133952' alert time 2026-09-21T09:36:20+00:00 was in the past, adjusted to current time for immediate firing[0m
[1m2026-09-21T09:36:20.000000000Z[0m [1;33m[WARN] TRADER-000.nautilus_common::clock: Timer 'SIGNAL:9009368871:1789983018540971008' alert time 2026-09-21T09:36:20+00:00 was in the past, adjusted to current time for immediate firing[0m
[1m2026-09-21T09:36:20.000000000Z[0m [1;33m[WARN] TRADER-000.nautilus_common::clock: Timer 'SIGNAL:9009368871:1789983019538723072' alert time 2026-09-21T09:36:20+00:00 was in the past, adjusted to current time for immediate firing[0m
[1m2026-09-21T09:36:20.000000000Z[0m [1;33m[WARN] TRADER-000.nautilus_common::clock: Timer 'SIGNAL:9009368871:1789983020520870912' alert time 2026-09-21T09:36:20+00:00 was in the past, adjusted to current time for immediate firing[0m
[1m2026-09-21T09:36:20.000000000Z[0m [1;33m[WARN] TRADER-000.nautilus_common::clock: Timer 'SIGNAL:9009368871:1789983021542386944' alert time 2026-09-21T09:36:20+00:00 was in the past, adjusted to current time for immediate firing[0m
[1m2026-09-21T09:36:20.000000000Z[0m [1;33m[WARN] TRADER-000.nautilus_common::clock: Timer 'SIGNAL:9009368871:1789983022550467072' alert time 2026-09-21T09:36:20+00:00 was in the past, adjusted to current time for immediate firing[0m
[1m2026-09-21T09:36:20.000000000Z[0m [1;33m[WARN] TRADER-000.nautilus_common::clock: Timer 'SIGNAL:9009368871:1789983023520972032' alert time 2026-09-21T09:36:20+00:00 was in the past, adjusted to current time for immediate firing[0m
[1m2026-09-21T09:36:20.000000000Z[0m [1;33m[WARN] TRADER-000.nautilus_common::clock: Timer 'SIGNAL:9009368871:1789983024543542016' alert time 2026-09-21T09:36:20+00:00 was in the past, adjusted to current time for immediate firing[0m
[1m2026-09-21T09:36:20.000000000Z[0m [1;33m[WARN] TRADER-000.nautilus_common::clock: Timer 'SIGNAL:9009368871:1789983025522908928' alert time 2026-09-21T09:36:20+00:00 was in the past, adjusted to current time for immediate firing[0m
[1m2026-09-21T09:36:20.000000000Z[0m [1;33m[WARN] TRADER-000.nautilus_common::clock: Timer 'SIGNAL:9009368871:1789983026629178880' alert time 2026-09-21T09:36:20+00:00 was in the past, adjusted to current time for immediate firing[0m
[1m2026-09-21T09:36:20.000000000Z[0m [1;33m[WARN] TRADER-000.nautilus_common::clock: Timer 'SIGNAL:9009368871:1789983027553800192' alert time 2026-09-21T09:36:20+00:00 was in the past, adjusted to current time for immediate firing[0m
[1m2026-09-21T09:36:20.000000000Z[0m [1;33m[WARN] TRADER-000.nautilus_common::clock: Timer 'SIGNAL:9009368871:1789983028642479872' alert time 2026-09-21T09:36:20+00:00 was in the past, adjusted to current time for immediate firing[0m
[1m2026-09-21T09:36:20.000000000Z[0m [1;33m[WARN] TRADER-000.nautilus_common::clock: Timer 'SIGNAL:9009368871:1789983029541852928' alert time 2026-09-21T09:36:20+00:00 was in the past, adjusted to current time for immediate firing[0m
[1m2026-09-21T09:36:20.000000000Z[0m [1;33m[WARN] TRADER-000.nautilus_common::clock: Timer 'SIGNAL:9009368871:1789983030622440960' alert time 2026-09-21T09:36:20+00:00 was in the past, adjusted to current time for immediate firing[0m
[1m2026-09-21T09:36:20.000000000Z[0m [1;33m[WARN] TRADER-000.nautilus_common::clock: Timer 'SIGNAL:9009368871:1789983031546799872' alert time 2026-09-21T09:36:20+00:00 was in the past, adjusted to current time for immediate firing[0m
[1m2026-09-21T09:36:20.000000000Z[0m [1;33m[WARN] TRADER-000.nautilus_common::clock: Timer 'SIGNAL:9009368871:1789983032523955200' alert time 2026-09-21T09:36:20+00:00 was in the past, adjusted to current time for immediate firing[0m
[1m2026-09-21T09:36:20.000000000Z[0m [1;33m[WARN] TRADER-000.nautilus_common::clock: Timer 'SIGNAL:9009368871:1789983033523389184' alert time 2026-09-21T09:36:20+00:00 was in the past, adjusted to current time for immediate firing[0m
[1m2026-09-21T09:36:20.000000000Z[0m [1;33m[WARN] TRADER-000.nautilus_common::clock: Timer 'SIGNAL:9009368871:1789983034538310144' alert time 2026-09-21T09:36:20+00:00 was in the past, adjusted to current time for immediate firing[0m
[1m2026-09-21T09:36:20.000000000Z[0m [1;33m[WARN] TRADER-000.nautilus_common::clock: Timer 'SIGNAL:9009368871:1789983035539941120' alert time 2026-09-21T09:36:20+00:00 was in the past, adjusted to current time for immediate firing[0m
[1m2026-09-21T09:36:20.000000000Z[0m [1;33m[WARN] TRADER-000.nautilus_common::clock: Timer 'SIGNAL:9009368871:1789983036585243904' alert time 2026-09-21T09:36:20+00:00 was in the past, adjusted to current time for immediate firing[0m
[1m2026-09-21T09:36:20.000000000Z[0m [1;33m[WARN] TRADER-000.nautilus_common::clock: Timer 'SIGNAL:9009368871:1789983037605947904' alert time 2026-09-21T09:36:20+00:00 was in the past, adjusted to current time for immediate firing[0m
[1m2026-09-21T09:36:20.000000000Z[0m [1;33m[WARN] TRADER-000.nautilus_common::clock: Timer 'SIGNAL:9009368871:1789983038543852032' alert time 2026-09-21T09:36:20+00:00 was in the past, adjusted to current time for immediate firing[0m
[1m2026-09-21T09:36:20.000000000Z[0m [1;33m[WARN] TRADER-000.nautilus_common::clock: Timer 'SIGNAL:9009368871:1789983039546958848' alert time 2026-09-21T09:36:20+00:00 was in the past, adjusted to current time for immediate firing[0m
[1m2026-09-21T09:36:20.000000000Z[0m [1;33m[WARN] TRADER-000.nautilus_common::clock: Timer 'SIGNAL:9009368871:1789983040539997952' alert time 2026-09-21T09:36:20+00:00 was in the past, adjusted to current time for immediate firing[0m
[1m2026-09-21T09:36:20.000000000Z[0m [1;33m[WARN] TRADER-000.nautilus_common::clock: Timer 'SIGNAL:9009368871:1789983041534213120' alert time 2026-09-21T09:36:20+00:00 was in the past, adjusted to current time for immediate firing[0m
[1m2026-09-21T09:36:20.000000000Z[0m [1;33m[WARN] TRADER-000.nautilus_common::clock: Timer 'SIGNAL:9009368871:1789983042540924928' alert time 2026-09-21T09:36:20+00:00 was in the past, adjusted to current time for immediate firing[0m
[1m2026-09-21T09:36:20.000000000Z[0m [1;33m[WARN] TRADER-000.nautilus_common::clock: Timer 'SIGNAL:9009368871:1789983043521933056' alert time 2026-09-21T09:36:20+00:00 was in the past, adjusted to current time for immediate firing[0m
[1m2026-09-21T09:36:20.000000000Z[0m [1;33m[WARN] TRADER-000.nautilus_common::clock: Timer 'SIGNAL:9009368871:1789983044546534144' alert time 2026-09-21T09:36:20+00:00 was in the past, adjusted to current time for immediate firing[0m
[1m2026-09-21T09:36:20.000000000Z[0m [1;33m[WARN] TRADER-000.nautilus_common::clock: Timer 'SIGNAL:9009368871:1789983045637913856' alert time 2026-09-21T09:36:20+00:00 was in the past, adjusted to current time for immediate firing[0m
[1m2026-09-21T09:36:20.000000000Z[0m [1;33m[WARN] TRADER-000.nautilus_common::clock: Timer 'SIGNAL:9009368871:1789983047044068096' alert time 2026-09-21T09:36:20+00:00 was in the past, adjusted to current time for immediate firing[0m
[1m2026-09-21T09:36:20.000000000Z[0m [1;33m[WARN] TRADER-000.nautilus_common::clock: Timer 'SIGNAL:9009368871:1789983047676989184' alert time 2026-09-21T09:36:20+00:00 was in the past, adjusted to current time for immediate firing[0m
[1m2026-09-21T09:36:20.000000000Z[0m [1;33m[WARN] TRADER-000.nautilus_common::clock: Timer 'SIGNAL:9009368871:1789983048691860992' alert time 2026-09-21T09:36:20+00:00 was in the past, adjusted to current time for immediate firing[0m
[1m2026-09-21T09:36:20.000000000Z[0m [1;33m[WARN] TRADER-000.nautilus_common::clock: Timer 'SIGNAL:9009368871:1789983049644419072' alert time 2026-09-21T09:36:20+00:00 was in the past, adjusted to current time for immediate firing[0m
[1m2026-09-21T09:36:20.000000000Z[0m [1;33m[WARN] TRADER-000.nautilus_common::clock: Timer 'SIGNAL:9009368871:1789983050637116928' alert time 2026-09-21T09:36:20+00:00 was in the past, adjusted to current time for immediate firing[0m
[1m2026-09-21T09:36:20.000000000Z[0m [1;33m[WARN] TRADER-000.nautilus_common::clock: Timer 'SIGNAL:9009368871:1789983051636208896' alert time 2026-09-21T09:36:20+00:00 was in the past, adjusted to current time for immediate firing[0m
[1m2026-09-21T09:36:20.000000000Z[0m [1;33m[WARN] TRADER-000.nautilus_common::clock: Timer 'SIGNAL:9009368871:1789983052634320128' alert time 2026-09-21T09:36:20+00:00 was in the past, adjusted to current time for immediate firing[0m
[1m2026-09-21T09:36:20.000000000Z[0m [1;33m[WARN] TRADER-000.nautilus_common::clock: Timer 'SIGNAL:9009368871:1789983053659152128' alert time 2026-09-21T09:36:20+00:00 was in the past, adjusted to current time for immediate firing[0m
[1m2026-09-21T09:36:20.000000000Z[0m [1;33m[WARN] TRADER-000.nautilus_common::clock: Timer 'SIGNAL:9009368871:1789983054734436864' alert time 2026-09-21T09:36:20+00:00 was in the past, adjusted to current time for immediate firing[0m
[1m2026-09-21T09:36:20.000000000Z[0m [1;33m[WARN] TRADER-000.nautilus_common::clock: Timer 'SIGNAL:9009368871:1789983055694979072' alert time 2026-09-21T09:36:20+00:00 was in the past, adjusted to current time for immediate firing[0m
[1m2026-09-21T09:36:20.000000000Z[0m [1;33m[WARN] TRADER-000.nautilus_common::clock: Timer 'SIGNAL:9009368871:1789983056682571008' alert time 2026-09-21T09:36:20+00:00 was in the past, adjusted to current time for immediate firing[0m
[1m2026-09-21T09:36:20.000000000Z[0m [1;33m[WARN] TRADER-000.nautilus_common::clock: Timer 'SIGNAL:9009368871:1789983057650106880' alert time 2026-09-21T09:36:20+00:00 was in the past, adjusted to current time for immediate firing[0m
[1m2026-09-21T09:36:20.000000000Z[0m [1;33m[WARN] TRADER-000.nautilus_common::clock: Timer 'SIGNAL:9009368871:1789983058639662080' alert time 2026-09-21T09:36:20+00:00 was in the past, adjusted to current time for immediate firing[0m
[1m2026-09-21T09:36:20.000000000Z[0m [1;33m[WARN] TRADER-000.nautilus_common::clock: Timer 'SIGNAL:9009368871:1789983059634326016' alert time 2026-09-21T09:36:20+00:00 was in the past, adjusted to current time for immediate firing[0m
[1m2026-09-21T09:36:20.000000000Z[0m [1;33m[WARN] TRADER-000.nautilus_common::clock: Timer 'SIGNAL:9009368871:1789983060640166912' alert time 2026-09-21T09:36:20+00:00 was in the past, adjusted to current time for immediate firing[0m
[1m2026-09-21T09:36:20.000000000Z[0m [1;33m[WARN] TRADER-000.nautilus_common::clock: Timer 'SIGNAL:9009368871:1789983061660933120' alert time 2026-09-21T09:36:20+00:00 was in the past, adjusted to current time for immediate firing[0m
[1m2026-09-21T09:36:20.000000000Z[0m [1;33m[WARN] TRADER-000.nautilus_common::clock: Timer 'SIGNAL:9009368871:1789983062637648128' alert time 2026-09-21T09:36:20+00:00 was in the past, adjusted to current time for immediate firing[0m
[1m2026-09-21T09:36:20.000000000Z[0m [1;33m[WARN] TRADER-000.nautilus_common::clock: Timer 'SIGNAL:9009368871:1789983063661043968' alert time 2026-09-21T09:36:20+00:00 was in the past, adjusted to current time for immediate firing[0m
[1m2026-09-21T09:36:20.000000000Z[0m [1;33m[WARN] TRADER-000.nautilus_common::clock: Timer 'SIGNAL:9009368871:1789983064642931968' alert time 2026-09-21T09:36:20+00:00 was in the past, adjusted to current time for immediate firing[0m
[1m2026-09-21T09:36:20.000000000Z[0m [1;33m[WARN] TRADER-000.nautilus_common::clock: Timer 'SIGNAL:9009368871:1789983065735688960' alert time 2026-09-21T09:36:20+00:00 was in the past, adjusted to current time for immediate firing[0m
[1m2026-09-21T09:36:20.000000000Z[0m [1;33m[WARN] TRADER-000.nautilus_common::clock: Timer 'SIGNAL:9009368871:1789983066662301184' alert time 2026-09-21T09:36:20+00:00 was in the past, adjusted to current time for immediate firing[0m
[1m2026-09-21T09:36:20.000000000Z[0m [1;33m[WARN] TRADER-000.nautilus_common::clock: Timer 'SIGNAL:9009368871:1789983067657510912' alert time 2026-09-21T09:36:20+00:00 was in the past, adjusted to current time for immediate firing[0m
[1m2026-09-21T09:36:20.000000000Z[0m [1;33m[WARN] TRADER-000.nautilus_common::clock: Timer 'SIGNAL:9009368871:1789983068640428032' alert time 2026-09-21T09:36:20+00:00 was in the past, adjusted to current time for immediate firing[0m
[1m2026-09-21T09:36:20.000000000Z[0m [1;33m[WARN] TRADER-000.nautilus_common::clock: Timer 'SIGNAL:9009368871:1789983069656712960' alert time 2026-09-21T09:36:20+00:00 was in the past, adjusted to current time for immediate firing[0m
[1m2026-09-21T09:36:20.000000000Z[0m [1;33m[WARN] TRADER-000.nautilus_common::clock: Timer 'SIGNAL:9009368871:1789983070639003904' alert time 2026-09-21T09:36:20+00:00 was in the past, adjusted to current time for immediate firing[0m
[1m2026-09-21T09:36:20.000000000Z[0m [1;33m[WARN] TRADER-000.nautilus_common::clock: Timer 'SIGNAL:9009368871:1789983071246668032' alert time 2026-09-21T09:36:20+00:00 was in the past, adjusted to current time for immediate firing[0m
[1m2026-09-21T09:36:20.000000000Z[0m [1;33m[WARN] TRADER-000.nautilus_common::clock: Timer 'SIGNAL:9009368871:1789983073041922048' alert time 2026-09-21T09:36:20+00:00 was in the past, adjusted to current time for immediate firing[0m
[1m2026-09-21T09:36:20.000000000Z[0m [1;33m[WARN] TRADER-000.nautilus_common::clock: Timer 'SIGNAL:9009368871:1789983074047440896' alert time 2026-09-21T09:36:20+00:00 was in the past, adjusted to current time for immediate firing[0m
[1m2026-09-21T09:36:20.000000000Z[0m [1;33m[WARN] TRADER-000.nautilus_common::clock: Timer 'SIGNAL:9009368871:1789983075138649088' alert time 2026-09-21T09:36:20+00:00 was in the past, adjusted to current time for immediate firing[0m
[1m2026-09-21T09:36:20.000000000Z[0m [1;33m[WARN] TRADER-000.nautilus_common::clock: Timer 'SIGNAL:9009368871:1789983076083862016' alert time 2026-09-21T09:36:20+00:00 was in the past, adjusted to current time for immediate firing[0m
[1m2026-09-21T09:36:20.000000000Z[0m [1;33m[WARN] TRADER-000.nautilus_common::clock: Timer 'SIGNAL:9009368871:1789983077037828096' alert time 2026-09-21T09:36:20+00:00 was in the past, adjusted to current time for immediate firing[0m
[1m2026-09-21T09:36:20.000000000Z[0m [1;33m[WARN] TRADER-000.nautilus_common::clock: Timer 'SIGNAL:9009368871:1789983078060726784' alert time 2026-09-21T09:36:20+00:00 was in the past, adjusted to current time for immediate firing[0m
[1m2026-09-21T09:36:20.000000000Z[0m [1;33m[WARN] TRADER-000.nautilus_common::clock: Timer 'SIGNAL:9009368871:1789983079238929152' alert time 2026-09-21T09:36:20+00:00 was in the past, adjusted to current time for immediate firing[0m
[1m2026-09-21T09:36:20.000000000Z[0m [1;33m[WARN] TRADER-000.nautilus_common::clock: Timer 'SIGNAL:9009368871:1789983080040687104' alert time 2026-09-21T09:36:20+00:00 was in the past, adjusted to current time for immediate firing[0m
[1m2026-09-21T09:36:20.000000000Z[0m [1;33m[WARN] TRADER-000.nautilus_common::clock: Timer 'SIGNAL:9009368871:1789983081052702976' alert time 2026-09-21T09:36:20+00:00 was in the past, adjusted to current time for immediate firing[0m
[1m2026-09-21T09:36:20.000000000Z[0m [1;33m[WARN] TRADER-000.nautilus_common::clock: Timer 'SIGNAL:9009368871:1789983082068339968' alert time 2026-09-21T09:36:20+00:00 was in the past, adjusted to current time for immediate firing[0m
[1m2026-09-21T09:36:20.000000000Z[0m [1;33m[WARN] TRADER-000.nautilus_common::clock: Timer 'SIGNAL:9009368871:1789983083070363136' alert time 2026-09-21T09:36:20+00:00 was in the past, adjusted to current time for immediate firing[0m
[1m2026-09-21T09:36:20.000000000Z[0m [1;33m[WARN] TRADER-000.nautilus_common::clock: Timer 'SIGNAL:9009368871:1789983084034929920' alert time 2026-09-21T09:36:20+00:00 was in the past, adjusted to current time for immediate firing[0m
[1m2026-09-21T09:36:20.000000000Z[0m [1;33m[WARN] TRADER-000.nautilus_common::clock: Timer 'SIGNAL:9009368871:1789983085039889152' alert time 2026-09-21T09:36:20+00:00 was in the past, adjusted to current time for immediate firing[0m
[1m2026-09-21T09:36:20.000000000Z[0m [1;33m[WARN] TRADER-000.nautilus_common::clock: Timer 'SIGNAL:9009368871:1789983086069662208' alert time 2026-09-21T09:36:20+00:00 was in the past, adjusted to current time for immediate firing[0m
[1m2026-09-21T09:36:20.000000000Z[0m [1;33m[WARN] TRADER-000.nautilus_common::clock: Timer 'SIGNAL:9009368871:1789983087043185920' alert time 2026-09-21T09:36:20+00:00 was in the past, adjusted to current time for immediate firing[0m
[1m2026-09-21T09:36:20.000000000Z[0m [1;33m[WARN] TRADER-000.nautilus_common::clock: Timer 'SIGNAL:9009368871:1789983088042861824' alert time 2026-09-21T09:36:20+00:00 was in the past, adjusted to current time for immediate firing[0m
[1m2026-09-21T09:36:20.000000000Z[0m [1;33m[WARN] TRADER-000.nautilus_common::clock: Timer 'SIGNAL:9009368871:1789983089033198080' alert time 2026-09-21T09:36:20+00:00 was in the past, adjusted to current time for immediate firing[0m
[1m2026-09-21T09:36:20.000000000Z[0m [1;33m[WARN] TRADER-000.nautilus_common::clock: Timer 'SIGNAL:9009368871:1789983090039814912' alert time 2026-09-21T09:36:20+00:00 was in the past, adjusted to current time for immediate firing[0m
[1m2026-09-21T09:36:20.000000000Z[0m [1;33m[WARN] TRADER-000.nautilus_common::clock: Timer 'SIGNAL:9009368871:1789983091043932928' alert time 2026-09-21T09:36:20+00:00 was in the past, adjusted to current time for immediate firing[0m
[1m2026-09-21T09:36:20.000000000Z[0m [1;33m[WARN] TRADER-000.nautilus_common::clock: Timer 'SIGNAL:9009368871:1789983092070804224' alert time 2026-09-21T09:36:20+00:00 was in the past, adjusted to current time for immediate firing[0m
[1m2026-09-21T09:36:20.000000000Z[0m [1;33m[WARN] TRADER-000.nautilus_common::clock: Timer 'SIGNAL:9009368871:1789983093143033856' alert time 2026-09-21T09:36:20+00:00 was in the past, adjusted to current time for immediate firing[0m
[1m2026-09-21T09:36:20.000000000Z[0m [1;33m[WARN] TRADER-000.nautilus_common::clock: Timer 'SIGNAL:9009368871:1789983094044838912' alert time 2026-09-21T09:36:20+00:00 was in the past, adjusted to current time for immediate firing[0m
[1m2026-09-21T09:36:20.000000000Z[0m [1;33m[WARN] TRADER-000.nautilus_common::clock: Timer 'SIGNAL:9009368871:1789983095035491840' alert time 2026-09-21T09:36:20+00:00 was in the past, adjusted to current time for immediate firing[0m
[1m2026-09-21T09:36:20.000000000Z[0m [1;33m[WARN] TRADER-000.nautilus_common::clock: Timer 'SIGNAL:9009368871:1789983096042674944' alert time 2026-09-21T09:36:20+00:00 was in the past, adjusted to current time for immediate firing[0m
[1m2026-09-21T09:36:20.000000000Z[0m [1;33m[WARN] TRADER-000.nautilus_common::clock: Timer 'SIGNAL:9009368871:1789983097037459968' alert time 2026-09-21T09:36:20+00:00 was in the past, adjusted to current time for immediate firing[0m
[1m2026-09-21T09:36:20.000000000Z[0m [1;33m[WARN] TRADER-000.nautilus_common::clock: Timer 'SIGNAL:9009368871:1789983098042910976' alert time 2026-09-21T09:36:20+00:00 was in the past, adjusted to current time for immediate firing[0m
[1m2026-09-21T09:36:20.000000000Z[0m [1;33m[WARN] TRADER-000.nautilus_common::clock: Timer 'SIGNAL:9009368871:1789983099044322048' alert time 2026-09-21T09:36:20+00:00 was in the past, adjusted to current time for immediate firing[0m
[1m2026-09-21T09:36:20.000000000Z[0m [1;33m[WARN] TRADER-000.nautilus_common::clock: Timer 'SIGNAL:9009368871:1789983100040206080' alert time 2026-09-21T09:36:20+00:00 was in the past, adjusted to current time for immediate firing[0m
[1m2026-09-21T09:36:20.000000000Z[0m [1;33m[WARN] TRADER-000.nautilus_common::clock: Timer 'SIGNAL:9009368871:1789983101043067904' alert time 2026-09-21T09:36:20+00:00 was in the past, adjusted to current time for immediate firing[0m
[1m2026-09-21T09:36:20.000000000Z[0m [1;33m[WARN] TRADER-000.nautilus_common::clock: Timer 'SIGNAL:9009368871:1789983101652738048' alert time 2026-09-21T09:36:20+00:00 was in the past, adjusted to current time for immediate firing[0m
[1m2026-09-21T09:36:20.000000000Z[0m [1;33m[WARN] TRADER-000.nautilus_common::clock: Timer 'SIGNAL:9009368871:1789983102634299136' alert time 2026-09-21T09:36:20+00:00 was in the past, adjusted to current time for immediate firing[0m
[1m2026-09-21T09:36:20.000000000Z[0m [1;33m[WARN] TRADER-000.nautilus_common::clock: Timer 'SIGNAL:9009368871:1789983103633608192' alert time 2026-09-21T09:36:20+00:00 was in the past, adjusted to current time for immediate firing[0m
[1m2026-09-21T09:36:20.000000000Z[0m [1;33m[WARN] TRADER-000.nautilus_common::clock: Timer 'SIGNAL:9009368871:1789983104647026944' alert time 2026-09-21T09:36:20+00:00 was in the past, adjusted to current time for immediate firing[0m
[1m2026-09-21T09:36:20.000000000Z[0m [1;33m[WARN] TRADER-000.nautilus_common::clock: Timer 'SIGNAL:9009368871:1789983105655867136' alert time 2026-09-21T09:36:20+00:00 was in the past, adjusted to current time for immediate firing[0m
[1m2026-09-21T09:36:20.000000000Z[0m [1;33m[WARN] TRADER-000.nautilus_common::clock: Timer 'SIGNAL:9009368871:1789983106634033920' alert time 2026-09-21T09:36:20+00:00 was in the past, adjusted to current time for immediate firing[0m
[1m2026-09-21T09:36:20.000000000Z[0m [1;33m[WARN] TRADER-000.nautilus_common::clock: Timer 'SIGNAL:9009368871:1789983107641117184' alert time 2026-09-21T09:36:20+00:00 was in the past, adjusted to current time for immediate firing[0m
[1m2026-09-21T09:36:20.000000000Z[0m [1;33m[WARN] TRADER-000.nautilus_common::clock: Timer 'SIGNAL:9009368871:1789983108643176960' alert time 2026-09-21T09:36:20+00:00 was in the past, adjusted to current time for immediate firing[0m
[1m2026-09-21T09:36:20.000000000Z[0m [1;33m[WARN] TRADER-000.nautilus_common::clock: Timer 'SIGNAL:9009368871:1789983109647869184' alert time 2026-09-21T09:36:20+00:00 was in the past, adjusted to current time for immediate firing[0m
[1m2026-09-21T09:36:20.000000000Z[0m [1;33m[WARN] TRADER-000.nautilus_common::clock: Timer 'SIGNAL:9009368871:1789983110633752064' alert time 2026-09-21T09:36:20+00:00 was in the past, adjusted to current time for immediate firing[0m
[1m2026-09-21T09:36:20.000000000Z[0m [1;33m[WARN] TRADER-000.nautilus_common::clock: Timer 'SIGNAL:9009368871:1789983111641609984' alert time 2026-09-21T09:36:20+00:00 was in the past, adjusted to current time for immediate firing[0m
[1m2026-09-21T09:36:20.000000000Z[0m [1;33m[WARN] TRADER-000.nautilus_common::clock: Timer 'SIGNAL:9009368871:1789983112653604096' alert time 2026-09-21T09:36:20+00:00 was in the past, adjusted to current time for immediate firing[0m
[1m2026-09-21T09:36:20.000000000Z[0m [1;33m[WARN] TRADER-000.nautilus_common::clock: Timer 'SIGNAL:9009368871:1789983113660674048' alert time 2026-09-21T09:36:20+00:00 was in the past, adjusted to current time for immediate firing[0m
[1m2026-09-21T09:36:20.000000000Z[0m [1;33m[WARN] TRADER-000.nautilus_common::clock: Timer 'SIGNAL:9009368871:1789983114842055936' alert time 2026-09-21T09:36:20+00:00 was in the past, adjusted to current time for immediate firing[0m
[1m2026-09-21T09:36:20.000000000Z[0m [1;33m[WARN] TRADER-000.nautilus_common::clock: Timer 'SIGNAL:9009368871:1789983115751092992' alert time 2026-09-21T09:36:20+00:00 was in the past, adjusted to current time for immediate firing[0m
[1m2026-09-21T09:36:20.000000000Z[0m [1;33m[WARN] TRADER-000.nautilus_common::clock: Timer 'SIGNAL:9009368871:1789983116643707904' alert time 2026-09-21T09:36:20+00:00 was in the past, adjusted to current time for immediate firing[0m
[1m2026-09-21T09:36:20.000000000Z[0m [1;33m[WARN] TRADER-000.nautilus_common::clock: Timer 'SIGNAL:9009368871:1789983117656488960' alert time 2026-09-21T09:36:20+00:00 was in the past, adjusted to current time for immediate firing[0m
[1m2026-09-21T09:36:20.000000000Z[0m [1;33m[WARN] TRADER-000.nautilus_common::clock: Timer 'SIGNAL:9009368871:1789983118641787904' alert time 2026-09-21T09:36:20+00:00 was in the past, adjusted to current time for immediate firing[0m
[1m2026-09-21T09:36:20.000000000Z[0m [1;33m[WARN] TRADER-000.nautilus_common::clock: Timer 'SIGNAL:9009368871:1789983119640530944' alert time 2026-09-21T09:36:20+00:00 was in the past, adjusted to current time for immediate firing[0m
[1m2026-09-21T09:36:20.000000000Z[0m [1;33m[WARN] TRADER-000.nautilus_common::clock: Timer 'SIGNAL:9009368871:1789983120349342208' alert time 2026-09-21T09:36:20+00:00 was in the past, adjusted to current time for immediate firing[0m
[1m2026-09-21T09:36:20.000000000Z[0m [1;33m[WARN] TRADER-000.nautilus_common::clock: Timer 'SIGNAL:9009368871:1789983122045305088' alert time 2026-09-21T09:36:20+00:00 was in the past, adjusted to current time for immediate firing[0m
[1m2026-09-21T09:36:20.000000000Z[0m [1;33m[WARN] TRADER-000.nautilus_common::clock: Timer 'SIGNAL:9009368871:1789983123076421888' alert time 2026-09-21T09:36:20+00:00 was in the past, adjusted to current time for immediate firing[0m
[1m2026-09-21T09:36:20.000000000Z[0m [1;33m[WARN] TRADER-000.nautilus_common::clock: Timer 'SIGNAL:9009368871:1789983124049218048' alert time 2026-09-21T09:36:20+00:00 was in the past, adjusted to current time for immediate firing[0m
[1m2026-09-21T09:36:20.000000000Z[0m [1;33m[WARN] TRADER-000.nautilus_common::clock: Timer 'SIGNAL:9009368871:1789983125053089024' alert time 2026-09-21T09:36:20+00:00 was in the past, adjusted to current time for immediate firing[0m
[1m2026-09-21T09:36:20.000000000Z[0m [1;33m[WARN] TRADER-000.nautilus_common::clock: Timer 'SIGNAL:9009368871:1789983126054620928' alert time 2026-09-21T09:36:20+00:00 was in the past, adjusted to current time for immediate firing[0m
[1m2026-09-21T09:36:20.000000000Z[0m [1;33m[WARN] TRADER-000.nautilus_common::clock: Timer 'SIGNAL:9009368871:1789983127043710976' alert time 2026-09-21T09:36:20+00:00 was in the past, adjusted to current time for immediate firing[0m
[1m2026-09-21T09:36:20.000000000Z[0m [1;33m[WARN] TRADER-000.nautilus_common::clock: Timer 'SIGNAL:9009368871:1789983128050487040' alert time 2026-09-21T09:36:20+00:00 was in the past, adjusted to current time for immediate firing[0m
[1m2026-09-21T09:36:20.000000000Z[0m [1;33m[WARN] TRADER-000.nautilus_common::clock: Timer 'SIGNAL:9009368871:1789983129042708992' alert time 2026-09-21T09:36:20+00:00 was in the past, adjusted to current time for immediate firing[0m
[1m2026-09-21T09:36:20.000000000Z[0m [1;33m[WARN] TRADER-000.nautilus_common::clock: Timer 'SIGNAL:9009368871:1789983130116316160' alert time 2026-09-21T09:36:20+00:00 was in the past, adjusted to current time for immediate firing[0m
[1m2026-09-21T09:36:20.000000000Z[0m [1;33m[WARN] TRADER-000.nautilus_common::clock: Timer 'SIGNAL:9009368871:1789983131046547968' alert time 2026-09-21T09:36:20+00:00 was in the past, adjusted to current time for immediate firing[0m
[1m2026-09-21T09:36:20.000000000Z[0m [1;33m[WARN] TRADER-000.nautilus_common::clock: Timer 'SIGNAL:9009368871:1789983132039428864' alert time 2026-09-21T09:36:20+00:00 was in the past, adjusted to current time for immediate firing[0m
[1m2026-09-21T09:36:20.000000000Z[0m [1;33m[WARN] TRADER-000.nautilus_common::clock: Timer 'SIGNAL:9009368871:1789983133059067904' alert time 2026-09-21T09:36:20+00:00 was in the past, adjusted to current time for immediate firing[0m
[1m2026-09-21T09:36:20.000000000Z[0m [1;33m[WARN] TRADER-000.nautilus_common::clock: Timer 'SIGNAL:9009368871:1789983134052128000' alert time 2026-09-21T09:36:20+00:00 was in the past, adjusted to current time for immediate firing[0m
[1m2026-09-21T09:36:20.000000000Z[0m [1;33m[WARN] TRADER-000.nautilus_common::clock: Timer 'SIGNAL:9009368871:1789983135042254848' alert time 2026-09-21T09:36:20+00:00 was in the past, adjusted to current time for immediate firing[0m
[1m2026-09-21T09:36:20.000000000Z[0m [1;33m[WARN] TRADER-000.nautilus_common::clock: Timer 'SIGNAL:9009368871:1789983136061752064' alert time 2026-09-21T09:36:20+00:00 was in the past, adjusted to current time for immediate firing[0m
[1m2026-09-21T09:36:20.000000000Z[0m [1;33m[WARN] TRADER-000.nautilus_common::clock: Timer 'SIGNAL:9009368871:1789983137042362880' alert time 2026-09-21T09:36:20+00:00 was in the past, adjusted to current time for immediate firing[0m
[1m2026-09-21T09:36:20.000000000Z[0m [1;33m[WARN] TRADER-000.nautilus_common::clock: Timer 'SIGNAL:9009368871:1789983138055921920' alert time 2026-09-21T09:36:20+00:00 was in the past, adjusted to current time for immediate firing[0m
[1m2026-09-21T09:36:20.000000000Z[0m [1;33m[WARN] TRADER-000.nautilus_common::clock: Timer 'SIGNAL:9009368871:1789983139060249088' alert time 2026-09-21T09:36:20+00:00 was in the past, adjusted to current time for immediate firing[0m
[1m2026-09-21T09:36:20.000000000Z[0m [1;33m[WARN] TRADER-000.nautilus_common::clock: Timer 'SIGNAL:9009368871:1789983140043777024' alert time 2026-09-21T09:36:20+00:00 was in the past, adjusted to current time for immediate firing[0m
[1m2026-09-21T09:36:20.000000000Z[0m [1;33m[WARN] TRADER-000.nautilus_common::clock: Timer 'SIGNAL:9009368871:1789983141055144192' alert time 2026-09-21T09:36:20+00:00 was in the past, adjusted to current time for immediate firing[0m
[1m2026-09-21T09:36:20.000000000Z[0m [1;33m[WARN] TRADER-000.nautilus_common::clock: Timer 'SIGNAL:9009368871:1789983142042920192' alert time 2026-09-21T09:36:20+00:00 was in the past, adjusted to current time for immediate firing[0m
[1m2026-09-21T09:36:20.000000000Z[0m [1;33m[WARN] TRADER-000.nautilus_common::clock: Timer 'SIGNAL:9009368871:1789983143022868992' alert time 2026-09-21T09:36:20+00:00 was in the past, adjusted to current time for immediate firing[0m
[1m2026-09-21T09:36:20.000000000Z[0m [1;33m[WARN] TRADER-000.nautilus_common::clock: Timer 'SIGNAL:9009368871:1789983144068044800' alert time 2026-09-21T09:36:20+00:00 was in the past, adjusted to current time for immediate firing[0m
[1m2026-09-21T09:36:20.000000000Z[0m [1;33m[WARN] TRADER-000.nautilus_common::clock: Timer 'SIGNAL:9009368871:1789983145058351872' alert time 2026-09-21T09:36:20+00:00 was in the past, adjusted to current time for immediate firing[0m
[1m2026-09-21T09:36:20.000000000Z[0m [1;33m[WARN] TRADER-000.nautilus_common::clock: Timer 'SIGNAL:9009368871:1789983146044118784' alert time 2026-09-21T09:36:20+00:00 was in the past, adjusted to current time for immediate firing[0m
[1m2026-09-21T09:36:20.000000000Z[0m [1;33m[WARN] TRADER-000.nautilus_common::clock: Timer 'SIGNAL:9009368871:1789983147040313856' alert time 2026-09-21T09:36:20+00:00 was in the past, adjusted to current time for immediate firing[0m
[1m2026-09-21T09:36:20.000000000Z[0m [1;33m[WARN] TRADER-000.nautilus_common::clock: Timer 'SIGNAL:9009368871:1789983148024270080' alert time 2026-09-21T09:36:20+00:00 was in the past, adjusted to current time for immediate firing[0m
[1m2026-09-21T09:36:20.000000000Z[0m [1;33m[WARN] TRADER-000.nautilus_common::clock: Timer 'SIGNAL:9009368871:1789983149093540864' alert time 2026-09-21T09:36:20+00:00 was in the past, adjusted to current time for immediate firing[0m
[1m2026-09-21T09:36:20.000000000Z[0m [1;33m[WARN] TRADER-000.nautilus_common::clock: Timer 'SIGNAL:9009368871:1789983150043482112' alert time 2026-09-21T09:36:20+00:00 was in the past, adjusted to current time for immediate firing[0m
[1m2026-09-21T09:36:20.000000000Z[0m [1;33m[WARN] TRADER-000.nautilus_common::clock: Timer 'SIGNAL:9009368871:1789983152048090880' alert time 2026-09-21T09:36:20+00:00 was in the past, adjusted to current time for immediate firing[0m
[1m2026-09-21T09:36:20.000000000Z[0m [1;33m[WARN] TRADER-000.nautilus_common::clock: Timer 'SIGNAL:9009368871:1789983153058376192' alert time 2026-09-21T09:36:20+00:00 was in the past, adjusted to current time for immediate firing[0m
[1m2026-09-21T09:36:20.000000000Z[0m [1;33m[WARN] TRADER-000.nautilus_common::clock: Timer 'SIGNAL:9009368871:1789983154028909056' alert time 2026-09-21T09:36:20+00:00 was in the past, adjusted to current time for immediate firing[0m
[1m2026-09-21T09:36:20.000000000Z[0m [1;33m[WARN] TRADER-000.nautilus_common::clock: Timer 'SIGNAL:9009368871:1789983155063710976' alert time 2026-09-21T09:36:20+00:00 was in the past, adjusted to current time for immediate firing[0m
[1m2026-09-21T09:36:20.000000000Z[0m [1;33m[WARN] TRADER-000.nautilus_common::clock: Timer 'SIGNAL:9009368871:1789983156044923136' alert time 2026-09-21T09:36:20+00:00 was in the past, adjusted to current time for immediate firing[0m
[1m2026-09-21T09:36:20.000000000Z[0m [1;33m[WARN] TRADER-000.nautilus_common::clock: Timer 'SIGNAL:9009368871:1789983157025875968' alert time 2026-09-21T09:36:20+00:00 was in the past, adjusted to current time for immediate firing[0m
[1m2026-09-21T09:36:20.000000000Z[0m [1;33m[WARN] TRADER-000.nautilus_common::clock: Timer 'SIGNAL:9009368871:1789983158040051968' alert time 2026-09-21T09:36:20+00:00 was in the past, adjusted to current time for immediate firing[0m
[1m2026-09-21T09:36:20.000000000Z[0m [1;33m[WARN] TRADER-000.nautilus_common::clock: Timer 'SIGNAL:9009368871:1789983159048798208' alert time 2026-09-21T09:36:20+00:00 was in the past, adjusted to current time for immediate firing[0m
[1m2026-09-21T09:36:20.000000000Z[0m [1;33m[WARN] TRADER-000.nautilus_common::clock: Timer 'SIGNAL:9009368871:1789983160053594112' alert time 2026-09-21T09:36:20+00:00 was in the past, adjusted to current time for immediate firing[0m
[1m2026-09-21T09:36:20.000000000Z[0m [1;33m[WARN] TRADER-000.nautilus_common::clock: Timer 'SIGNAL:9009368871:1789983161022530048' alert time 2026-09-21T09:36:20+00:00 was in the past, adjusted to current time for immediate firing[0m
[1m2026-09-21T09:36:20.000000000Z[0m [1;33m[WARN] TRADER-000.nautilus_common::clock: Timer 'SIGNAL:9009368871:1789983162039414784' alert time 2026-09-21T09:36:20+00:00 was in the past, adjusted to current time for immediate firing[0m
[1m2026-09-21T09:36:20.000000000Z[0m [1;33m[WARN] TRADER-000.nautilus_common::clock: Timer 'SIGNAL:9009368871:1789983163082160896' alert time 2026-09-21T09:36:20+00:00 was in the past, adjusted to current time for immediate firing[0m
[1m2026-09-21T09:36:20.000000000Z[0m [1;33m[WARN] TRADER-000.nautilus_common::clock: Timer 'SIGNAL:9009368871:1789983164046278912' alert time 2026-09-21T09:36:20+00:00 was in the past, adjusted to current time for immediate firing[0m
[1m2026-09-21T09:36:20.000000000Z[0m [1;33m[WARN] TRADER-000.nautilus_common::clock: Timer 'SIGNAL:9009368871:1789983165036572928' alert time 2026-09-21T09:36:20+00:00 was in the past, adjusted to current time for immediate firing[0m
[1m2026-09-21T09:36:20.000000000Z[0m [1;33m[WARN] TRADER-000.nautilus_common::clock: Timer 'SIGNAL:9009368871:1789983166033867008' alert time 2026-09-21T09:36:20+00:00 was in the past, adjusted to current time for immediate firing[0m
[1m2026-09-21T09:36:20.000000000Z[0m [1;33m[WARN] TRADER-000.nautilus_common::clock: Timer 'SIGNAL:9009368871:1789983167041699840' alert time 2026-09-21T09:36:20+00:00 was in the past, adjusted to current time for immediate firing[0m
[1m2026-09-21T09:36:20.000000000Z[0m [1;33m[WARN] TRADER-000.nautilus_common::clock: Timer 'SIGNAL:9009368871:1789983168052182016' alert time 2026-09-21T09:36:20+00:00 was in the past, adjusted to current time for immediate firing[0m
[1m2026-09-21T09:36:20.000000000Z[0m [1;33m[WARN] TRADER-000.nautilus_common::clock: Timer 'SIGNAL:9009368871:1789983169042966016' alert time 2026-09-21T09:36:20+00:00 was in the past, adjusted to current time for immediate firing[0m
[1m2026-09-21T09:36:20.000000000Z[0m [1;33m[WARN] TRADER-000.nautilus_common::clock: Timer 'SIGNAL:9009368871:1789983170021779968' alert time 2026-09-21T09:36:20+00:00 was in the past, adjusted to current time for immediate firing[0m
[1m2026-09-21T09:36:20.000000000Z[0m [1;33m[WARN] TRADER-000.nautilus_common::clock: Timer 'SIGNAL:9009368871:1789983171043597824' alert time 2026-09-21T09:36:20+00:00 was in the past, adjusted to current time for immediate firing[0m
[1m2026-09-21T09:36:20.000000000Z[0m [1;33m[WARN] TRADER-000.nautilus_common::clock: Timer 'SIGNAL:9009368871:1789983172023492096' alert time 2026-09-21T09:36:20+00:00 was in the past, adjusted to current time for immediate firing[0m
[1m2026-09-21T09:36:20.000000000Z[0m [1;33m[WARN] TRADER-000.nautilus_common::clock: Timer 'SIGNAL:9009368871:1789983173042953984' alert time 2026-09-21T09:36:20+00:00 was in the past, adjusted to current time for immediate firing[0m
[1m2026-09-21T09:36:20.000000000Z[0m [1;33m[WARN] TRADER-000.nautilus_common::clock: Timer 'SIGNAL:9009368871:1789983174037505024' alert time 2026-09-21T09:36:20+00:00 was in the past, adjusted to current time for immediate firing[0m
[1m2026-09-21T09:36:20.000000000Z[0m [1;33m[WARN] TRADER-000.nautilus_common::clock: Timer 'SIGNAL:9009368871:1789983175056168192' alert time 2026-09-21T09:36:20+00:00 was in the past, adjusted to current time for immediate firing[0m
[1m2026-09-21T09:36:20.000000000Z[0m [1;33m[WARN] TRADER-000.nautilus_common::clock: Timer 'SIGNAL:9009368871:1789983176049251072' alert time 2026-09-21T09:36:20+00:00 was in the past, adjusted to current time for immediate firing[0m
[1m2026-09-21T09:36:20.000000000Z[0m [1;33m[WARN] TRADER-000.nautilus_common::clock: Timer 'SIGNAL:9009368871:1789983177046020864' alert time 2026-09-21T09:36:20+00:00 was in the past, adjusted to current time for immediate firing[0m
[1m2026-09-21T09:36:20.000000000Z[0m [1;33m[WARN] TRADER-000.nautilus_common::clock: Timer 'SIGNAL:9009368871:1789983178030458880' alert time 2026-09-21T09:36:20+00:00 was in the past, adjusted to current time for immediate firing[0m
[1m2026-09-21T09:36:20.000000000Z[0m [1;33m[WARN] TRADER-000.nautilus_common::clock: Timer 'SIGNAL:9009368871:1789983179060940032' alert time 2026-09-21T09:36:20+00:00 was in the past, adjusted to current time for immediate firing[0m
[1m2026-09-21T09:36:20.000000000Z[0m [1;33m[WARN] TRADER-000.nautilus_common::clock: Timer 'SIGNAL:9009368871:1789983180046070016' alert time 2026-09-21T09:36:20+00:00 was in the past, adjusted to current time for immediate firing[0m
[1m2026-09-21T09:36:20.000000000Z[0m [1;33m[WARN] TRADER-000.nautilus_common::clock: Timer 'SIGNAL:9009368871:1789983181103401984' alert time 2026-09-21T09:36:20+00:00 was in the past, adjusted to current time for immediate firing[0m
[1m2026-09-21T09:36:20.000000000Z[0m [1;33m[WARN] TRADER-000.nautilus_common::clock: Timer 'SIGNAL:9009368871:1789983182023307008' alert time 2026-09-21T09:36:20+00:00 was in the past, adjusted to current time for immediate firing[0m
[1m2026-09-21T09:36:20.000000000Z[0m [1;33m[WARN] TRADER-000.nautilus_common::clock: Timer 'SIGNAL:9009368871:1789983183046785024' alert time 2026-09-21T09:36:20+00:00 was in the past, adjusted to current time for immediate firing[0m
[1m2026-09-21T09:36:20.000000000Z[0m [1;33m[WARN] TRADER-000.nautilus_common::clock: Timer 'SIGNAL:9009368871:1789983184065881088' alert time 2026-09-21T09:36:20+00:00 was in the past, adjusted to current time for immediate firing[0m
[1m2026-09-21T09:36:20.000000000Z[0m [1;33m[WARN] TRADER-000.nautilus_common::clock: Timer 'SIGNAL:9009368871:1789983185045751040' alert time 2026-09-21T09:36:20+00:00 was in the past, adjusted to current time for immediate firing[0m
[1m2026-09-21T09:36:20.000000000Z[0m [1;33m[WARN] TRADER-000.nautilus_common::clock: Timer 'SIGNAL:9009368871:1789983186062936064' alert time 2026-09-21T09:36:20+00:00 was in the past, adjusted to current time for immediate firing[0m
[1m2026-09-21T09:36:20.000000000Z[0m [1;33m[WARN] TRADER-000.nautilus_common::clock: Timer 'SIGNAL:9009368871:1789983187039166976' alert time 2026-09-21T09:36:20+00:00 was in the past, adjusted to current time for immediate firing[0m
[1m2026-09-21T09:36:20.000000000Z[0m [1;33m[WARN] TRADER-000.nautilus_common::clock: Timer 'SIGNAL:9009368871:1789983188043767808' alert time 2026-09-21T09:36:20+00:00 was in the past, adjusted to current time for immediate firing[0m
[1m2026-09-21T09:36:20.000000000Z[0m [1;33m[WARN] TRADER-000.nautilus_common::clock: Timer 'SIGNAL:9009368871:1789983189049003008' alert time 2026-09-21T09:36:20+00:00 was in the past, adjusted to current time for immediate firing[0m
[1m2026-09-21T09:36:20.000000000Z[0m [1;33m[WARN] TRADER-000.nautilus_common::clock: Timer 'SIGNAL:9009368871:1789983190037230080' alert time 2026-09-21T09:36:20+00:00 was in the past, adjusted to current time for immediate firing[0m
[1m2026-09-21T09:36:20.000000000Z[0m [1;33m[WARN] TRADER-000.nautilus_common::clock: Timer 'SIGNAL:9009368871:1789983191022746112' alert time 2026-09-21T09:36:20+00:00 was in the past, adjusted to current time for immediate firing[0m
[1m2026-09-21T09:36:20.000000000Z[0m [1;33m[WARN] TRADER-000.nautilus_common::clock: Timer 'SIGNAL:9009368871:1789983192045132032' alert time 2026-09-21T09:36:20+00:00 was in the past, adjusted to current time for immediate firing[0m
[1m2026-09-21T09:36:20.000000000Z[0m [1;33m[WARN] TRADER-000.nautilus_common::clock: Timer 'SIGNAL:9009368871:1789983194026443008' alert time 2026-09-21T09:36:20+00:00 was in the past, adjusted to current time for immediate firing[0m
[1m2026-09-21T09:36:20.000000000Z[0m [1;33m[WARN] TRADER-000.nautilus_common::clock: Timer 'SIGNAL:9009368871:1789983194923232000' alert time 2026-09-21T09:36:20+00:00 was in the past, adjusted to current time for immediate firing[0m
[1m2026-09-21T09:36:20.000000000Z[0m [1;33m[WARN] TRADER-000.nautilus_common::clock: Timer 'SIGNAL:9009368871:1789983196041966080' alert time 2026-09-21T09:36:20+00:00 was in the past, adjusted to current time for immediate firing[0m
[1m2026-09-21T09:36:20.000000000Z[0m [1;33m[WARN] TRADER-000.nautilus_common::clock: Timer 'SIGNAL:9009368871:1789983197043929088' alert time 2026-09-21T09:36:20+00:00 was in the past, adjusted to current time for immediate firing[0m
[1m2026-09-21T09:36:20.000000000Z[0m [1;33m[WARN] TRADER-000.nautilus_common::clock: Timer 'SIGNAL:9009368871:1789983198040577792' alert time 2026-09-21T09:36:20+00:00 was in the past, adjusted to current time for immediate firing[0m
[1m2026-09-21T09:36:20.000000000Z[0m [1;33m[WARN] TRADER-000.nautilus_common::clock: Timer 'SIGNAL:9009368871:1789983199034894848' alert time 2026-09-21T09:36:20+00:00 was in the past, adjusted to current time for immediate firing[0m
[1m2026-09-21T09:36:20.000000000Z[0m [1;33m[WARN] TRADER-000.nautilus_common::clock: Timer 'SIGNAL:9009368871:1789983200041464064' alert time 2026-09-21T09:36:20+00:00 was in the past, adjusted to current time for immediate firing[0m
[1m2026-09-21T09:36:20.000000000Z[0m [1;33m[WARN] TRADER-000.nautilus_common::clock: Timer 'SIGNAL:9009368871:1789983201064801024' alert time 2026-09-21T09:36:20+00:00 was in the past, adjusted to current time for immediate firing[0m
[1m2026-09-21T09:36:20.000000000Z[0m [1;33m[WARN] TRADER-000.nautilus_common::clock: Timer 'SIGNAL:9009368871:1789983202259452160' alert time 2026-09-21T09:36:20+00:00 was in the past, adjusted to current time for immediate firing[0m
[1m2026-09-21T09:36:20.000000000Z[0m [1;33m[WARN] TRADER-000.nautilus_common::clock: Timer 'SIGNAL:9009368871:1789983203143239936' alert time 2026-09-21T09:36:20+00:00 was in the past, adjusted to current time for immediate firing[0m
[1m2026-09-21T09:36:20.000000000Z[0m [1;33m[WARN] TRADER-000.nautilus_common::clock: Timer 'SIGNAL:9009368871:1789983209028390912' alert time 2026-09-21T09:36:20+00:00 was in the past, adjusted to current time for immediate firing[0m
[1m2026-09-21T09:36:20.000000000Z[0m [1;33m[WARN] TRADER-000.nautilus_common::clock: Timer 'SIGNAL:9009368871:1789983210051309056' alert time 2026-09-21T09:36:20+00:00 was in the past, adjusted to current time for immediate firing[0m
[1m2026-09-21T09:36:20.000000000Z[0m [1;33m[WARN] TRADER-000.nautilus_common::clock: Timer 'SIGNAL:9009368871:1789983225384335104' alert time 2026-09-21T09:36:20+00:00 was in the past, adjusted to current time for immediate firing[0m
[1m2026-09-21T09:36:20.000000000Z[0m [1;33m[WARN] TRADER-000.nautilus_common::clock: Timer 'SIGNAL:9009368871:1789983252721383936' alert time 2026-09-21T09:36:20+00:00 was in the past, adjusted to current time for immediate firing[0m
[1m2026-09-21T09:36:20.000000000Z[0m [1;33m[WARN] TRADER-000.nautilus_common::clock: Timer 'SIGNAL:9009368871:1789983334748508928' alert time 2026-09-21T09:36:20+00:00 was in the past, adjusted to current time for immediate firing[0m
[1m2026-09-21T09:36:20.000000000Z[0m [1;33m[WARN] TRADER-000.nautilus_common::clock: Timer 'SIGNAL:9009368871:1789983335343864064' alert time 2026-09-21T09:36:20+00:00 was in the past, adjusted to current time for immediate firing[0m
[1m2026-09-21T09:36:20.000000000Z[0m [1;33m[WARN] TRADER-000.nautilus_common::clock: Timer 'SIGNAL:9009368871:1789983335946422016' alert time 2026-09-21T09:36:20+00:00 was in the past, adjusted to current time for immediate firing[0m
[1m2026-09-21T09:36:20.000000000Z[0m [1;33m[WARN] TRADER-000.nautilus_common::clock: Timer 'SIGNAL:9009368871:1789983337046145792' alert time 2026-09-21T09:36:20+00:00 was in the past, adjusted to current time for immediate firing[0m
[1m2026-09-21T09:36:20.000000000Z[0m [1;33m[WARN] TRADER-000.nautilus_common::clock: Timer 'SIGNAL:9009368871:1789983338157159168' alert time 2026-09-21T09:36:20+00:00 was in the past, adjusted to current time for immediate firing[0m
[1m2026-09-21T09:36:20.000000000Z[0m [1;33m[WARN] TRADER-000.nautilus_common::clock: Timer 'SIGNAL:9009368871:1789983338745388032' alert time 2026-09-21T09:36:20+00:00 was in the past, adjusted to current time for immediate firing[0m
[1m2026-09-21T09:36:20.000000000Z[0m [1;33m[WARN] TRADER-000.nautilus_common::clock: Timer 'SIGNAL:9009368871:1789983339845873152' alert time 2026-09-21T09:36:20+00:00 was in the past, adjusted to current time for immediate firing[0m
[1m2026-09-21T09:36:20.000000000Z[0m [1;33m[WARN] TRADER-000.nautilus_common::clock: Timer 'SIGNAL:9009368871:1789983340851270912' alert time 2026-09-21T09:36:20+00:00 was in the past, adjusted to current time for immediate firing[0m
[1m2026-09-21T09:36:20.000000000Z[0m [1;33m[WARN] TRADER-000.nautilus_common::clock: Timer 'SIGNAL:9009368871:1789983341931927040' alert time 2026-09-21T09:36:20+00:00 was in the past, adjusted to current time for immediate firing[0m
[1m2026-09-21T09:36:20.000000000Z[0m [1;33m[WARN] TRADER-000.nautilus_common::clock: Timer 'SIGNAL:9009368871:1789983342922342912' alert time 2026-09-21T09:36:20+00:00 was in the past, adjusted to current time for immediate firing[0m
[1m2026-09-21T09:36:20.000000000Z[0m [1;33m[WARN] TRADER-000.nautilus_common::clock: Timer 'SIGNAL:9009368871:1789983343945638912' alert time 2026-09-21T09:36:20+00:00 was in the past, adjusted to current time for immediate firing[0m
[1m2026-09-21T09:36:20.000000000Z[0m [1;33m[WARN] TRADER-000.nautilus_common::clock: Timer 'SIGNAL:9009368871:1789983345047390976' alert time 2026-09-21T09:36:20+00:00 was in the past, adjusted to current time for immediate firing[0m
[1m2026-09-21T09:36:20.000000000Z[0m [1;33m[WARN] TRADER-000.nautilus_common::clock: Timer 'SIGNAL:9009368871:1789983346145632000' alert time 2026-09-21T09:36:20+00:00 was in the past, adjusted to current time for immediate firing[0m
[1m2026-09-21T09:36:20.000000000Z[0m [1;33m[WARN] TRADER-000.nautilus_common::clock: Timer 'SIGNAL:9009368871:1789983347153351168' alert time 2026-09-21T09:36:20+00:00 was in the past, adjusted to current time for immediate firing[0m
[1m2026-09-21T09:36:20.000000000Z[0m [1;33m[WARN] TRADER-000.nautilus_common::clock: Timer 'SIGNAL:9009368871:1789983347767555840' alert time 2026-09-21T09:36:20+00:00 was in the past, adjusted to current time for immediate firing[0m
[1m2026-09-21T09:36:20.000000000Z[0m [1;33m[WARN] TRADER-000.nautilus_common::clock: Timer 'SIGNAL:9009368871:1789983348945424128' alert time 2026-09-21T09:36:20+00:00 was in the past, adjusted to current time for immediate firing[0m
[1m2026-09-21T09:36:20.000000000Z[0m [1;33m[WARN] TRADER-000.nautilus_common::clock: Timer 'SIGNAL:9009368871:1789983349869257984' alert time 2026-09-21T09:36:20+00:00 was in the past, adjusted to current time for immediate firing[0m
[1m2026-09-21T09:36:20.000000000Z[0m [1;33m[WARN] TRADER-000.nautilus_common::clock: Timer 'SIGNAL:9009368871:1789983350941891840' alert time 2026-09-21T09:36:20+00:00 was in the past, adjusted to current time for immediate firing[0m
[1m2026-09-21T09:36:20.000000000Z[0m [1;33m[WARN] TRADER-000.nautilus_common::clock: Timer 'SIGNAL:9009368871:1789983352202515968' alert time 2026-09-21T09:36:20+00:00 was in the past, adjusted to current time for immediate firing[0m
[1m2026-09-21T09:36:20.000000000Z[0m [1;33m[WARN] TRADER-000.nautilus_common::clock: Timer 'SIGNAL:9009368871:1789983353241414144' alert time 2026-09-21T09:36:20+00:00 was in the past, adjusted to current time for immediate firing[0m
[1m2026-09-21T09:36:20.000000000Z[0m [1;33m[WARN] TRADER-000.nautilus_common::clock: Timer 'SIGNAL:9009368871:1789983353748397056' alert time 2026-09-21T09:36:20+00:00 was in the past, adjusted to current time for immediate firing[0m
[1m2026-09-21T09:36:20.000000000Z[0m [1;33m[WARN] TRADER-000.nautilus_common::clock: Timer 'SIGNAL:9009368871:1789983354873708032' alert time 2026-09-21T09:36:20+00:00 was in the past, adjusted to current time for immediate firing[0m
[1m2026-09-21T09:36:20.000000000Z[0m [1;33m[WARN] TRADER-000.nautilus_common::clock: Timer 'SIGNAL:9009368871:1789983355971692032' alert time 2026-09-21T09:36:20+00:00 was in the past, adjusted to current time for immediate firing[0m
[1m2026-09-21T09:36:20.000000000Z[0m [1;33m[WARN] TRADER-000.nautilus_common::clock: Timer 'SIGNAL:9009368871:1789983357235003904' alert time 2026-09-21T09:36:20+00:00 was in the past, adjusted to current time for immediate firing[0m
[1m2026-09-21T09:36:20.000000000Z[0m [1;33m[WARN] TRADER-000.nautilus_common::clock: Timer 'SIGNAL:9009368871:1789983358291919872' alert time 2026-09-21T09:36:20+00:00 was in the past, adjusted to current time for immediate firing[0m
[1m2026-09-21T09:36:20.000000000Z[0m [1;33m[WARN] TRADER-000.nautilus_common::clock: Timer 'SIGNAL:9009368871:1789983358850841088' alert time 2026-09-21T09:36:20+00:00 was in the past, adjusted to current time for immediate firing[0m
[1m2026-09-21T09:36:20.000000000Z[0m [1;33m[WARN] TRADER-000.nautilus_common::clock: Timer 'SIGNAL:9009368871:1789983359837670144' alert time 2026-09-21T09:36:20+00:00 was in the past, adjusted to current time for immediate firing[0m
[1m2026-09-21T09:36:20.000000000Z[0m [1;33m[WARN] TRADER-000.nautilus_common::clock: Timer 'SIGNAL:9009368871:1789983360977698048' alert time 2026-09-21T09:36:20+00:00 was in the past, adjusted to current time for immediate firing[0m
[1m2026-09-21T09:36:20.000000000Z[0m [1;33m[WARN] TRADER-000.nautilus_common::clock: Timer 'SIGNAL:9009368871:1789983362188759040' alert time 2026-09-21T09:36:20+00:00 was in the past, adjusted to current time for immediate firing[0m
[1m2026-09-21T09:36:20.000000000Z[0m [1;33m[WARN] TRADER-000.nautilus_common::clock: Timer 'SIGNAL:9009368871:1789983363411624960' alert time 2026-09-21T09:36:20+00:00 was in the past, adjusted to current time for immediate firing[0m
[1m2026-09-21T09:36:20.000000000Z[0m [1;33m[WARN] TRADER-000.nautilus_common::clock: Timer 'SIGNAL:9009368871:1789983363944833024' alert time 2026-09-21T09:36:20+00:00 was in the past, adjusted to current time for immediate firing[0m
[1m2026-09-21T09:36:20.000000000Z[0m [1;33m[WARN] TRADER-000.nautilus_common::clock: Timer 'SIGNAL:9009368871:1789983365121985024' alert time 2026-09-21T09:36:20+00:00 was in the past, adjusted to current time for immediate firing[0m
[1m2026-09-21T09:36:20.000000000Z[0m [1;33m[WARN] TRADER-000.nautilus_common::clock: Timer 'SIGNAL:9009368871:1789983366245774080' alert time 2026-09-21T09:36:20+00:00 was in the past, adjusted to current time for immediate firing[0m
[1m2026-09-21T09:36:20.000000000Z[0m [1;33m[WARN] TRADER-000.nautilus_common::clock: Timer 'SIGNAL:9009368871:1789983366822468096' alert time 2026-09-21T09:36:20+00:00 was in the past, adjusted to current time for immediate firing[0m
[1m2026-09-21T09:36:20.000000000Z[0m [1;33m[WARN] TRADER-000.nautilus_common::clock: Timer 'SIGNAL:9009368871:1789983367922522112' alert time 2026-09-21T09:36:20+00:00 was in the past, adjusted to current time for immediate firing[0m
[1m2026-09-21T09:36:20.000000000Z[0m [1;33m[WARN] TRADER-000.nautilus_common::clock: Timer 'SIGNAL:9009368871:1789983369031516160' alert time 2026-09-21T09:36:20+00:00 was in the past, adjusted to current time for immediate firing[0m
[1m2026-09-21T09:36:20.000000000Z[0m [1;33m[WARN] TRADER-000.nautilus_common::clock: Timer 'SIGNAL:9009368871:1789983370076385024' alert time 2026-09-21T09:36:20+00:00 was in the past, adjusted to current time for immediate firing[0m
[1m2026-09-21T09:36:20.000000000Z[0m [1;33m[WARN] TRADER-000.nautilus_common::clock: Timer 'SIGNAL:9009368871:1789983371222821120' alert time 2026-09-21T09:36:20+00:00 was in the past, adjusted to current time for immediate firing[0m
[1m2026-09-21T09:36:20.000000000Z[0m [1;33m[WARN] TRADER-000.nautilus_common::clock: Timer 'SIGNAL:9009368871:1789983371721796096' alert time 2026-09-21T09:36:20+00:00 was in the past, adjusted to current time for immediate firing[0m
[1m2026-09-21T09:36:20.000000000Z[0m [1;33m[WARN] TRADER-000.nautilus_common::clock: Timer 'SIGNAL:9009368871:1789983372845324032' alert time 2026-09-21T09:36:20+00:00 was in the past, adjusted to current time for immediate firing[0m
[1m2026-09-21T09:36:20.000000000Z[0m [1;33m[WARN] TRADER-000.nautilus_common::clock: Timer 'SIGNAL:9009368871:1789983373833199104' alert time 2026-09-21T09:36:20+00:00 was in the past, adjusted to current time for immediate firing[0m
[1m2026-09-21T09:36:20.000000000Z[0m [1;33m[WARN] TRADER-000.nautilus_common::clock: Timer 'SIGNAL:9009368871:1789983374922573056' alert time 2026-09-21T09:36:20+00:00 was in the past, adjusted to current time for immediate firing[0m
[1m2026-09-21T09:36:20.000000000Z[0m [1;33m[WARN] TRADER-000.nautilus_common::clock: Timer 'SIGNAL:9009368871:1789983376060601088' alert time 2026-09-21T09:36:20+00:00 was in the past, adjusted to current time for immediate firing[0m
[1m2026-09-21T09:36:20.000000000Z[0m [1;33m[WARN] TRADER-000.nautilus_common::clock: Timer 'SIGNAL:9009368871:1789983377123267840' alert time 2026-09-21T09:36:20+00:00 was in the past, adjusted to current time for immediate firing[0m
[1m2026-09-21T09:36:20.000000000Z[0m [1;33m[WARN] TRADER-000.nautilus_common::clock: Timer 'SIGNAL:9009368871:1789983378432744960' alert time 2026-09-21T09:36:20+00:00 was in the past, adjusted to current time for immediate firing[0m
[1m2026-09-21T09:36:20.000000000Z[0m [1;33m[WARN] TRADER-000.nautilus_common::clock: Timer 'SIGNAL:9009368871:1789983378742487808' alert time 2026-09-21T09:36:20+00:00 was in the past, adjusted to current time for immediate firing[0m
[1m2026-09-21T09:36:20.000000000Z[0m [1;33m[WARN] TRADER-000.nautilus_common::clock: Timer 'SIGNAL:9009368871:1789983379760477184' alert time 2026-09-21T09:36:20+00:00 was in the past, adjusted to current time for immediate firing[0m
[1m2026-09-21T09:55:59.162000000Z[0m [1;33m[WARN] TRADER-000.TwoSidedMakerStrategy: <--[EVT] OrderRejected(instrument_id=0x593aa92e2bc48f617dadeab9ca61717e9f20a39f5fc3336dae6b7f95b31dea36-60676914513384176841655797750601760248738925502108556408392237750832229374098.POLYMARKET, client_order_id=O-20260921-095558-001-9009368871-429, account_id=POLYMARKET-001, reason='POST_ONLY LIMIT BUY order limit px of 0.220 would have been a TAKER: bid=0.210, ask=0.220', due_post_only=True, ts_event=1789984559162000000)[0m
[1m2026-09-21T10:00:45.243000000Z[0m [1;33m[WARN] TRADER-000.TwoSidedMakerStrategy: <--[EVT] OrderRejected(instrument_id=0x593aa92e2bc48f617dadeab9ca61717e9f20a39f5fc3336dae6b7f95b31dea36-107239132879379601920715470902042464840341018706946505402433604519024296075488.POLYMARKET, client_order_id=O-20260921-100045-001-9009368871-586, account_id=POLYMARKET-001, reason='POST_ONLY LIMIT BUY order limit px of 0.720 would have been a TAKER: bid=0.710, ask=0.720', due_post_only=True, ts_event=1789984845243000000)[0m
[1m2026-09-21T10:00:48.273000000Z[0m [1;33m[WARN] TRADER-000.TwoSidedMakerStrategy: <--[EVT] OrderRejected(instrument_id=0x593aa92e2bc48f617dadeab9ca61717e9f20a39f5fc3336dae6b7f95b31dea36-107239132879379601920715470902042464840341018706946505402433604519024296075488.POLYMARKET, client_order_id=O-20260921-100048-001-9009368871-590, account_id=POLYMARKET-001, reason='POST_ONLY LIMIT BUY order limit px of 0.720 would have been a TAKER: bid=0.710, ask=0.720', due_post_only=True, ts_event=1789984848273000000)[0m
[1m2026-09-21T10:48:32.000000000Z[0m [1;33m[WARN] TRADER-000.TwoSidedMakerStrategy: The `Strategy.on_stop` handler was called when not overridden. It's expected that any actions required when stopping the strategy occur here, such as unsubscribing from data[0m
[1m2026-10-08T05:26:56.204508000Z[0m [1;33m[WARN] TRADER-000.TwoSidedMakerStrategy: The `Strategy.on_reset` handler was called when not overridden. It's expected that any actions required when resetting the strategy occur here, such as resetting indicators and other state[0m
[2026-10-08 07:26:56,216] 0x593aa92e2bc48f617dadeab9ca61717e9f20a39f5fc3336dae6b7f95b31dea36-60676914513384176841655797750601760248738925502108556408392237750832229374098.POLYMARKET: Replay selection is explicitly curated from named markets and may exclude cancelled, delisted, or zero-liquidity markets.
[2026-10-08 07:26:56,216] 0x593aa92e2bc48f617dadeab9ca61717e9f20a39f5fc3336dae6b7f95b31dea36-60676914513384176841655797750601760248738925502108556408392237750832229374098.POLYMARKET: No portfolio-level drawdown or daily-loss circuit breaker is configured for this run.
[2026-10-08 07:26:56,241] batch 6/20: 1 matches, secondsDelay=1
2026-10-08T05:26:56.270587000Z [INFO] _prediction_market_backtest._load_sims_async: Telonex book source: explicit priority (cache -> local /var/folders/6y/4qkrc5td55s6xkknyl__chdh0000gn/T/telonex-local-3069tws2)
2026-10-08T05:26:56.270653000Z [INFO] _prediction_market_backtest._load_sims_async: Telonex trade source: explicit priority (local /var/folders/6y/4qkrc5td55s6xkknyl__chdh0000gn/T/telonex-local-3069tws2 -> polymarket fallback disabled)
2026-10-08T05:26:56.270689000Z [INFO] _prediction_market_backtest._load_sims_async: Loading 2 replay(s) with 2 worker(s) (BACKTEST_REPLAY_LOAD_WORKERS=1 restores sequential loading)
2026-10-08T05:26:56.270755000Z [INFO] replay_adapters._emit_book_replay_start: Loading Telonex Polymarket market dota2-pi-tc4-2026-09-22-game1 (token_index=0, window_start=2026-09-22T09:27:36+00:00, window_end=2026-09-22T10:06:48+00:00)...
2026-10-08T05:26:56.270789000Z [INFO] replay_adapters._emit_book_replay_start: Loading Telonex Polymarket market dota2-pi-tc4-2026-09-22-game1 (token_index=1, window_start=2026-09-22T09:27:36+00:00, window_end=2026-09-22T10:06:48+00:00)...
2026-10-08T05:26:56.271673000Z [INFO] loaders._read_metadata_disk_cache: Polymarket metadata cache hit (7.8 KB) cache /Users/dimabytes/.cache/nautilus_trader/polymarket_metadata/v1/gamma-market/c15daa65fbda5012b81304642e2a8e4a4ba26bc53a7250ef6bae679aa194465a.json
2026-10-08T05:26:56.272389000Z [INFO] loaders._read_metadata_disk_cache: Polymarket metadata cache hit (2.8 KB) cache /Users/dimabytes/.cache/nautilus_trader/polymarket_metadata/v1/clob-market/e367d07b4deb55b0a5b6b7b1b851dfb409554942aa37e5a03397ba4971ae28b9.json
2026-10-08T05:26:56.272601000Z [INFO] loaders._get_market_by_slug: Polymarket metadata discover cache hit memory metadata-cache
2026-10-08T05:26:56.272680000Z [INFO] loaders._get_market_details: Polymarket metadata discover cache hit memory metadata-cache
2026-10-08T05:26:56.273333000Z [INFO] telonex._day_progress: Telonex book start 2026-09-22
2026-10-08T05:26:56.273455000Z [INFO] telonex._day_progress: Telonex book start 2026-09-22
2026-10-08T05:26:56.373997000Z [INFO] telonex._day_progress: Telonex book cache hit 2026-09-22 (53,938 rows) cache /Users/dimabytes/.cache/nautilus_trader/telonex/book-deltas-v1/polymarket/book_snapshot_full/dota2-pi-tc4-2026-09-22-game1/outcome=%20Pipsqueak%2B4/instrument=96927b4c9469e659/2026-09-22.1790069256000000000-1790071608000000000.parquet
2026-10-08T05:26:56.374317000Z [INFO] telonex._day_progress: Telonex book cache hit 2026-09-22 (53,986 rows) cache /Users/dimabytes/.cache/nautilus_trader/telonex/book-deltas-v1/polymarket/book_snapshot_full/dota2-pi-tc4-2026-09-22-game1/outcome=Team%20Cobra/instrument=d52e4410e9730f34/2026-09-22.1790069256000000000-1790071608000000000.parquet
2026-10-08T05:26:56.374950000Z [INFO] replay_adapters._print_trade_progress_header: Loading Polymarket trade ticks for execution dota2-pi-tc4-2026-09-22-game1 (window_start=2026-09-22T09:27:36+00:00, window_end=2026-09-22T10:06:48+00:00)...
2026-10-08T05:26:56.375125000Z [INFO] replay_adapters._print_trade_progress_header: Loading Polymarket trade ticks for execution dota2-pi-tc4-2026-09-22-game1 (window_start=2026-09-22T09:27:36+00:00, window_end=2026-09-22T10:06:48+00:00)...
2026-10-08T05:26:56.381469000Z [INFO] replay_adapters._print_trade_progress_line: Polymarket trades 2026-09-22 (0.006s) (1,238 rows) telonex onchain_fills cache 2026-09-22.1790035200000000000-1790071608000000000.parquet
2026-10-08T05:26:56.393209000Z [INFO] replay_adapters._print_trade_progress_line: Polymarket trades 2026-09-22 (0.018s) (1,238 rows) telonex onchain_fills cache 2026-09-22.1790035200000000000-1790071608000000000.parquet
[1m2026-09-22T09:27:36.084000000Z[0m [1;33m[WARN] TRADER-000.nautilus_common::clock: Timer 'SIGNAL:9010793762:1790068648829230080' alert time 2026-09-22T09:27:36.084+00:00 was in the past, adjusted to current time for immediate firing[0m
[1m2026-09-22T09:27:36.084000000Z[0m [1;33m[WARN] TRADER-000.nautilus_common::clock: Timer 'SIGNAL:9010793762:1790068649199016192' alert time 2026-09-22T09:27:36.084+00:00 was in the past, adjusted to current time for immediate firing[0m
[1m2026-09-22T09:27:36.084000000Z[0m [1;33m[WARN] TRADER-000.nautilus_common::clock: Timer 'SIGNAL:9010793762:1790068650298504192' alert time 2026-09-22T09:27:36.084+00:00 was in the past, adjusted to current time for immediate firing[0m
[1m2026-09-22T09:27:36.084000000Z[0m [1;33m[WARN] TRADER-000.nautilus_common::clock: Timer 'SIGNAL:9010793762:1790068651200325888' alert time 2026-09-22T09:27:36.084+00:00 was in the past, adjusted to current time for immediate firing[0m
[1m2026-09-22T09:27:36.084000000Z[0m [1;33m[WARN] TRADER-000.nautilus_common::clock: Timer 'SIGNAL:9010793762:1790068652199441920' alert time 2026-09-22T09:27:36.084+00:00 was in the past, adjusted to current time for immediate firing[0m
[1m2026-09-22T09:27:36.084000000Z[0m [1;33m[WARN] TRADER-000.nautilus_common::clock: Timer 'SIGNAL:9010793762:1790068653198616064' alert time 2026-09-22T09:27:36.084+00:00 was in the past, adjusted to current time for immediate firing[0m
[1m2026-09-22T09:27:36.084000000Z[0m [1;33m[WARN] TRADER-000.nautilus_common::clock: Timer 'SIGNAL:9010793762:1790068654199361024' alert time 2026-09-22T09:27:36.084+00:00 was in the past, adjusted to current time for immediate firing[0m
[1m2026-09-22T09:27:36.084000000Z[0m [1;33m[WARN] TRADER-000.nautilus_common::clock: Timer 'SIGNAL:9010793762:1790068655199974912' alert time 2026-09-22T09:27:36.084+00:00 was in the past, adjusted to current time for immediate firing[0m
[1m2026-09-22T09:27:36.084000000Z[0m [1;33m[WARN] TRADER-000.nautilus_common::clock: Timer 'SIGNAL:9010793762:1790068656205248000' alert time 2026-09-22T09:27:36.084+00:00 was in the past, adjusted to current time for immediate firing[0m
[1m2026-09-22T09:27:36.084000000Z[0m [1;33m[WARN] TRADER-000.nautilus_common::clock: Timer 'SIGNAL:9010793762:1790068657199162880' alert time 2026-09-22T09:27:36.084+00:00 was in the past, adjusted to current time for immediate firing[0m
[1m2026-09-22T09:27:36.084000000Z[0m [1;33m[WARN] TRADER-000.nautilus_common::clock: Timer 'SIGNAL:9010793762:1790068658198944000' alert time 2026-09-22T09:27:36.084+00:00 was in the past, adjusted to current time for immediate firing[0m
[1m2026-09-22T09:27:36.084000000Z[0m [1;33m[WARN] TRADER-000.nautilus_common::clock: Timer 'SIGNAL:9010793762:1790068659199170048' alert time 2026-09-22T09:27:36.084+00:00 was in the past, adjusted to current time for immediate firing[0m
[1m2026-09-22T09:27:36.084000000Z[0m [1;33m[WARN] TRADER-000.nautilus_common::clock: Timer 'SIGNAL:9010793762:1790068660199202048' alert time 2026-09-22T09:27:36.084+00:00 was in the past, adjusted to current time for immediate firing[0m
[1m2026-09-22T09:27:36.084000000Z[0m [1;33m[WARN] TRADER-000.nautilus_common::clock: Timer 'SIGNAL:9010793762:1790068661302639872' alert time 2026-09-22T09:27:36.084+00:00 was in the past, adjusted to current time for immediate firing[0m
[1m2026-09-22T09:27:36.084000000Z[0m [1;33m[WARN] TRADER-000.nautilus_common::clock: Timer 'SIGNAL:9010793762:1790068662199032064' alert time 2026-09-22T09:27:36.084+00:00 was in the past, adjusted to current time for immediate firing[0m
[1m2026-09-22T09:27:36.084000000Z[0m [1;33m[WARN] TRADER-000.nautilus_common::clock: Timer 'SIGNAL:9010793762:1790068663200933888' alert time 2026-09-22T09:27:36.084+00:00 was in the past, adjusted to current time for immediate firing[0m
[1m2026-09-22T09:27:36.084000000Z[0m [1;33m[WARN] TRADER-000.nautilus_common::clock: Timer 'SIGNAL:9010793762:1790068664203461888' alert time 2026-09-22T09:27:36.084+00:00 was in the past, adjusted to current time for immediate firing[0m
[1m2026-09-22T09:27:36.084000000Z[0m [1;33m[WARN] TRADER-000.nautilus_common::clock: Timer 'SIGNAL:9010793762:1790068665203325952' alert time 2026-09-22T09:27:36.084+00:00 was in the past, adjusted to current time for immediate firing[0m
[1m2026-09-22T09:27:36.084000000Z[0m [1;33m[WARN] TRADER-000.nautilus_common::clock: Timer 'SIGNAL:9010793762:1790068666098368000' alert time 2026-09-22T09:27:36.084+00:00 was in the past, adjusted to current time for immediate firing[0m
[1m2026-09-22T09:27:36.084000000Z[0m [1;33m[WARN] TRADER-000.nautilus_common::clock: Timer 'SIGNAL:9010793762:1790068667103212032' alert time 2026-09-22T09:27:36.084+00:00 was in the past, adjusted to current time for immediate firing[0m
[1m2026-09-22T09:27:36.084000000Z[0m [1;33m[WARN] TRADER-000.nautilus_common::clock: Timer 'SIGNAL:9010793762:1790068668198096896' alert time 2026-09-22T09:27:36.084+00:00 was in the past, adjusted to current time for immediate firing[0m
[1m2026-09-22T09:27:36.084000000Z[0m [1;33m[WARN] TRADER-000.nautilus_common::clock: Timer 'SIGNAL:9010793762:1790068669197716992' alert time 2026-09-22T09:27:36.084+00:00 was in the past, adjusted to current time for immediate firing[0m
[1m2026-09-22T09:27:36.084000000Z[0m [1;33m[WARN] TRADER-000.nautilus_common::clock: Timer 'SIGNAL:9010793762:1790068670204035072' alert time 2026-09-22T09:27:36.084+00:00 was in the past, adjusted to current time for immediate firing[0m
[1m2026-09-22T09:27:36.084000000Z[0m [1;33m[WARN] TRADER-000.nautilus_common::clock: Timer 'SIGNAL:9010793762:1790068671214263040' alert time 2026-09-22T09:27:36.084+00:00 was in the past, adjusted to current time for immediate firing[0m
[1m2026-09-22T09:27:36.084000000Z[0m [1;33m[WARN] TRADER-000.nautilus_common::clock: Timer 'SIGNAL:9010793762:1790068672201873920' alert time 2026-09-22T09:27:36.084+00:00 was in the past, adjusted to current time for immediate firing[0m
[1m2026-09-22T09:27:36.084000000Z[0m [1;33m[WARN] TRADER-000.nautilus_common::clock: Timer 'SIGNAL:9010793762:1790068673203000064' alert time 2026-09-22T09:27:36.084+00:00 was in the past, adjusted to current time for immediate firing[0m
[1m2026-09-22T09:27:36.084000000Z[0m [1;33m[WARN] TRADER-000.nautilus_common::clock: Timer 'SIGNAL:9010793762:1790068674199256832' alert time 2026-09-22T09:27:36.084+00:00 was in the past, adjusted to current time for immediate firing[0m
[1m2026-09-22T09:27:36.084000000Z[0m [1;33m[WARN] TRADER-000.nautilus_common::clock: Timer 'SIGNAL:9010793762:1790068675201172992' alert time 2026-09-22T09:27:36.084+00:00 was in the past, adjusted to current time for immediate firing[0m
[1m2026-09-22T09:27:36.084000000Z[0m [1;33m[WARN] TRADER-000.nautilus_common::clock: Timer 'SIGNAL:9010793762:1790068676204804864' alert time 2026-09-22T09:27:36.084+00:00 was in the past, adjusted to current time for immediate firing[0m
[1m2026-09-22T09:27:36.084000000Z[0m [1;33m[WARN] TRADER-000.nautilus_common::clock: Timer 'SIGNAL:9010793762:1790068677202300160' alert time 2026-09-22T09:27:36.084+00:00 was in the past, adjusted to current time for immediate firing[0m
[1m2026-09-22T09:27:36.084000000Z[0m [1;33m[WARN] TRADER-000.nautilus_common::clock: Timer 'SIGNAL:9010793762:1790068678201592064' alert time 2026-09-22T09:27:36.084+00:00 was in the past, adjusted to current time for immediate firing[0m
[1m2026-09-22T09:27:36.084000000Z[0m [1;33m[WARN] TRADER-000.nautilus_common::clock: Timer 'SIGNAL:9010793762:1790068679206307840' alert time 2026-09-22T09:27:36.084+00:00 was in the past, adjusted to current time for immediate firing[0m
[1m2026-09-22T09:27:36.084000000Z[0m [1;33m[WARN] TRADER-000.nautilus_common::clock: Timer 'SIGNAL:9010793762:1790068680202349056' alert time 2026-09-22T09:27:36.084+00:00 was in the past, adjusted to current time for immediate firing[0m
[1m2026-09-22T09:27:36.084000000Z[0m [1;33m[WARN] TRADER-000.nautilus_common::clock: Timer 'SIGNAL:9010793762:1790068681198322176' alert time 2026-09-22T09:27:36.084+00:00 was in the past, adjusted to current time for immediate firing[0m
[1m2026-09-22T09:27:36.084000000Z[0m [1;33m[WARN] TRADER-000.nautilus_common::clock: Timer 'SIGNAL:9010793762:1790068682203126016' alert time 2026-09-22T09:27:36.084+00:00 was in the past, adjusted to current time for immediate firing[0m
[1m2026-09-22T09:27:36.084000000Z[0m [1;33m[WARN] TRADER-000.nautilus_common::clock: Timer 'SIGNAL:9010793762:1790068683202644224' alert time 2026-09-22T09:27:36.084+00:00 was in the past, adjusted to current time for immediate firing[0m
[1m2026-09-22T09:27:36.084000000Z[0m [1;33m[WARN] TRADER-000.nautilus_common::clock: Timer 'SIGNAL:9010793762:1790068684204608000' alert time 2026-09-22T09:27:36.084+00:00 was in the past, adjusted to current time for immediate firing[0m
[1m2026-09-22T09:27:36.084000000Z[0m [1;33m[WARN] TRADER-000.nautilus_common::clock: Timer 'SIGNAL:9010793762:1790068685298075904' alert time 2026-09-22T09:27:36.084+00:00 was in the past, adjusted to current time for immediate firing[0m
[1m2026-09-22T09:27:36.084000000Z[0m [1;33m[WARN] TRADER-000.nautilus_common::clock: Timer 'SIGNAL:9010793762:1790068686204435968' alert time 2026-09-22T09:27:36.084+00:00 was in the past, adjusted to current time for immediate firing[0m
[1m2026-09-22T09:27:36.084000000Z[0m [1;33m[WARN] TRADER-000.nautilus_common::clock: Timer 'SIGNAL:9010793762:1790068687203907072' alert time 2026-09-22T09:27:36.084+00:00 was in the past, adjusted to current time for immediate firing[0m
[1m2026-09-22T09:27:36.084000000Z[0m [1;33m[WARN] TRADER-000.nautilus_common::clock: Timer 'SIGNAL:9010793762:1790068688103468032' alert time 2026-09-22T09:27:36.084+00:00 was in the past, adjusted to current time for immediate firing[0m
[1m2026-09-22T09:27:36.084000000Z[0m [1;33m[WARN] TRADER-000.nautilus_common::clock: Timer 'SIGNAL:9010793762:1790068689199374848' alert time 2026-09-22T09:27:36.084+00:00 was in the past, adjusted to current time for immediate firing[0m
[1m2026-09-22T09:27:36.084000000Z[0m [1;33m[WARN] TRADER-000.nautilus_common::clock: Timer 'SIGNAL:9010793762:1790068690208599040' alert time 2026-09-22T09:27:36.084+00:00 was in the past, adjusted to current time for immediate firing[0m
[1m2026-09-22T09:27:36.084000000Z[0m [1;33m[WARN] TRADER-000.nautilus_common::clock: Timer 'SIGNAL:9010793762:1790068691099534080' alert time 2026-09-22T09:27:36.084+00:00 was in the past, adjusted to current time for immediate firing[0m
[1m2026-09-22T09:27:36.084000000Z[0m [1;33m[WARN] TRADER-000.nautilus_common::clock: Timer 'SIGNAL:9010793762:1790068692204838144' alert time 2026-09-22T09:27:36.084+00:00 was in the past, adjusted to current time for immediate firing[0m
[1m2026-09-22T09:27:36.084000000Z[0m [1;33m[WARN] TRADER-000.nautilus_common::clock: Timer 'SIGNAL:9010793762:1790068694198486016' alert time 2026-09-22T09:27:36.084+00:00 was in the past, adjusted to current time for immediate firing[0m
[1m2026-09-22T09:27:36.084000000Z[0m [1;33m[WARN] TRADER-000.nautilus_common::clock: Timer 'SIGNAL:9010793762:1790068694797741056' alert time 2026-09-22T09:27:36.084+00:00 was in the past, adjusted to current time for immediate firing[0m
[1m2026-09-22T09:27:36.084000000Z[0m [1;33m[WARN] TRADER-000.nautilus_common::clock: Timer 'SIGNAL:9010793762:1790068695797148928' alert time 2026-09-22T09:27:36.084+00:00 was in the past, adjusted to current time for immediate firing[0m
[1m2026-09-22T09:27:36.084000000Z[0m [1;33m[WARN] TRADER-000.nautilus_common::clock: Timer 'SIGNAL:9010793762:1790068696707101952' alert time 2026-09-22T09:27:36.084+00:00 was in the past, adjusted to current time for immediate firing[0m
[1m2026-09-22T09:27:36.084000000Z[0m [1;33m[WARN] TRADER-000.nautilus_common::clock: Timer 'SIGNAL:9010793762:1790068697803751936' alert time 2026-09-22T09:27:36.084+00:00 was in the past, adjusted to current time for immediate firing[0m
[1m2026-09-22T09:27:36.084000000Z[0m [1;33m[WARN] TRADER-000.nautilus_common::clock: Timer 'SIGNAL:9010793762:1790068698798065920' alert time 2026-09-22T09:27:36.084+00:00 was in the past, adjusted to current time for immediate firing[0m
[1m2026-09-22T09:27:36.084000000Z[0m [1;33m[WARN] TRADER-000.nautilus_common::clock: Timer 'SIGNAL:9010793762:1790068699797889024' alert time 2026-09-22T09:27:36.084+00:00 was in the past, adjusted to current time for immediate firing[0m
[1m2026-09-22T09:27:36.084000000Z[0m [1;33m[WARN] TRADER-000.nautilus_common::clock: Timer 'SIGNAL:9010793762:1790068700798561024' alert time 2026-09-22T09:27:36.084+00:00 was in the past, adjusted to current time for immediate firing[0m
[1m2026-09-22T09:27:36.084000000Z[0m [1;33m[WARN] TRADER-000.nautilus_common::clock: Timer 'SIGNAL:9010793762:1790068701797825024' alert time 2026-09-22T09:27:36.084+00:00 was in the past, adjusted to current time for immediate firing[0m
[1m2026-09-22T09:27:36.084000000Z[0m [1;33m[WARN] TRADER-000.nautilus_common::clock: Timer 'SIGNAL:9010793762:1790068702806778880' alert time 2026-09-22T09:27:36.084+00:00 was in the past, adjusted to current time for immediate firing[0m
[1m2026-09-22T09:27:36.084000000Z[0m [1;33m[WARN] TRADER-000.nautilus_common::clock: Timer 'SIGNAL:9010793762:1790068703802752000' alert time 2026-09-22T09:27:36.084+00:00 was in the past, adjusted to current time for immediate firing[0m
[1m2026-09-22T09:27:36.084000000Z[0m [1;33m[WARN] TRADER-000.nautilus_common::clock: Timer 'SIGNAL:9010793762:1790068704800772864' alert time 2026-09-22T09:27:36.084+00:00 was in the past, adjusted to current time for immediate firing[0m
[1m2026-09-22T09:27:36.084000000Z[0m [1;33m[WARN] TRADER-000.nautilus_common::clock: Timer 'SIGNAL:9010793762:1790068705708154880' alert time 2026-09-22T09:27:36.084+00:00 was in the past, adjusted to current time for immediate firing[0m
[1m2026-09-22T09:27:36.084000000Z[0m [1;33m[WARN] TRADER-000.nautilus_common::clock: Timer 'SIGNAL:9010793762:1790068706802403072' alert time 2026-09-22T09:27:36.084+00:00 was in the past, adjusted to current time for immediate firing[0m
[1m2026-09-22T09:27:36.084000000Z[0m [1;33m[WARN] TRADER-000.nautilus_common::clock: Timer 'SIGNAL:9010793762:1790068707801933056' alert time 2026-09-22T09:27:36.084+00:00 was in the past, adjusted to current time for immediate firing[0m
[1m2026-09-22T09:27:36.084000000Z[0m [1;33m[WARN] TRADER-000.nautilus_common::clock: Timer 'SIGNAL:9010793762:1790068708806878976' alert time 2026-09-22T09:27:36.084+00:00 was in the past, adjusted to current time for immediate firing[0m
[1m2026-09-22T09:27:36.084000000Z[0m [1;33m[WARN] TRADER-000.nautilus_common::clock: Timer 'SIGNAL:9010793762:1790068709701879040' alert time 2026-09-22T09:27:36.084+00:00 was in the past, adjusted to current time for immediate firing[0m
[1m2026-09-22T09:27:36.084000000Z[0m [1;33m[WARN] TRADER-000.nautilus_common::clock: Timer 'SIGNAL:9010793762:1790068710803678976' alert time 2026-09-22T09:27:36.084+00:00 was in the past, adjusted to current time for immediate firing[0m
[1m2026-09-22T09:27:36.084000000Z[0m [1;33m[WARN] TRADER-000.nautilus_common::clock: Timer 'SIGNAL:9010793762:1790068711707943936' alert time 2026-09-22T09:27:36.084+00:00 was in the past, adjusted to current time for immediate firing[0m
[1m2026-09-22T09:27:36.084000000Z[0m [1;33m[WARN] TRADER-000.nautilus_common::clock: Timer 'SIGNAL:9010793762:1790068712697576960' alert time 2026-09-22T09:27:36.084+00:00 was in the past, adjusted to current time for immediate firing[0m
[1m2026-09-22T09:27:36.084000000Z[0m [1;33m[WARN] TRADER-000.nautilus_common::clock: Timer 'SIGNAL:9010793762:1790068713803633920' alert time 2026-09-22T09:27:36.084+00:00 was in the past, adjusted to current time for immediate firing[0m
[1m2026-09-22T09:27:36.084000000Z[0m [1;33m[WARN] TRADER-000.nautilus_common::clock: Timer 'SIGNAL:9010793762:1790068714797876992' alert time 2026-09-22T09:27:36.084+00:00 was in the past, adjusted to current time for immediate firing[0m
[1m2026-09-22T09:27:36.084000000Z[0m [1;33m[WARN] TRADER-000.nautilus_common::clock: Timer 'SIGNAL:9010793762:1790068715806025984' alert time 2026-09-22T09:27:36.084+00:00 was in the past, adjusted to current time for immediate firing[0m
[1m2026-09-22T09:27:36.084000000Z[0m [1;33m[WARN] TRADER-000.nautilus_common::clock: Timer 'SIGNAL:9010793762:1790068716804840960' alert time 2026-09-22T09:27:36.084+00:00 was in the past, adjusted to current time for immediate firing[0m
[1m2026-09-22T09:27:36.084000000Z[0m [1;33m[WARN] TRADER-000.nautilus_common::clock: Timer 'SIGNAL:9010793762:1790068717806833920' alert time 2026-09-22T09:27:36.084+00:00 was in the past, adjusted to current time for immediate firing[0m
[1m2026-09-22T09:27:36.084000000Z[0m [1;33m[WARN] TRADER-000.nautilus_common::clock: Timer 'SIGNAL:9010793762:1790068718803844864' alert time 2026-09-22T09:27:36.084+00:00 was in the past, adjusted to current time for immediate firing[0m
[1m2026-09-22T09:27:36.084000000Z[0m [1;33m[WARN] TRADER-000.nautilus_common::clock: Timer 'SIGNAL:9010793762:1790068719806971904' alert time 2026-09-22T09:27:36.084+00:00 was in the past, adjusted to current time for immediate firing[0m
[1m2026-09-22T09:27:36.084000000Z[0m [1;33m[WARN] TRADER-000.nautilus_common::clock: Timer 'SIGNAL:9010793762:1790068720808207872' alert time 2026-09-22T09:27:36.084+00:00 was in the past, adjusted to current time for immediate firing[0m
[1m2026-09-22T09:27:36.084000000Z[0m [1;33m[WARN] TRADER-000.nautilus_common::clock: Timer 'SIGNAL:9010793762:1790068721803833088' alert time 2026-09-22T09:27:36.084+00:00 was in the past, adjusted to current time for immediate firing[0m
[1m2026-09-22T09:27:36.084000000Z[0m [1;33m[WARN] TRADER-000.nautilus_common::clock: Timer 'SIGNAL:9010793762:1790068722804619008' alert time 2026-09-22T09:27:36.084+00:00 was in the past, adjusted to current time for immediate firing[0m
[1m2026-09-22T09:27:36.084000000Z[0m [1;33m[WARN] TRADER-000.nautilus_common::clock: Timer 'SIGNAL:9010793762:1790068723807037952' alert time 2026-09-22T09:27:36.084+00:00 was in the past, adjusted to current time for immediate firing[0m
[1m2026-09-22T09:27:36.084000000Z[0m [1;33m[WARN] TRADER-000.nautilus_common::clock: Timer 'SIGNAL:9010793762:1790068725203960832' alert time 2026-09-22T09:27:36.084+00:00 was in the past, adjusted to current time for immediate firing[0m
[1m2026-09-22T09:27:36.084000000Z[0m [1;33m[WARN] TRADER-000.nautilus_common::clock: Timer 'SIGNAL:9010793762:1790068726099668992' alert time 2026-09-22T09:27:36.084+00:00 was in the past, adjusted to current time for immediate firing[0m
[1m2026-09-22T09:27:36.084000000Z[0m [1;33m[WARN] TRADER-000.nautilus_common::clock: Timer 'SIGNAL:9010793762:1790068727098714112' alert time 2026-09-22T09:27:36.084+00:00 was in the past, adjusted to current time for immediate firing[0m
[1m2026-09-22T09:27:36.084000000Z[0m [1;33m[WARN] TRADER-000.nautilus_common::clock: Timer 'SIGNAL:9010793762:1790068728201262080' alert time 2026-09-22T09:27:36.084+00:00 was in the past, adjusted to current time for immediate firing[0m
[1m2026-09-22T09:27:36.084000000Z[0m [1;33m[WARN] TRADER-000.nautilus_common::clock: Timer 'SIGNAL:9010793762:1790068729103665152' alert time 2026-09-22T09:27:36.084+00:00 was in the past, adjusted to current time for immediate firing[0m
[1m2026-09-22T09:27:36.084000000Z[0m [1;33m[WARN] TRADER-000.nautilus_common::clock: Timer 'SIGNAL:9010793762:1790068730198839040' alert time 2026-09-22T09:27:36.084+00:00 was in the past, adjusted to current time for immediate firing[0m
[1m2026-09-22T09:27:36.084000000Z[0m [1;33m[WARN] TRADER-000.nautilus_common::clock: Timer 'SIGNAL:9010793762:1790068731205327104' alert time 2026-09-22T09:27:36.084+00:00 was in the past, adjusted to current time for immediate firing[0m
[1m2026-09-22T09:27:36.084000000Z[0m [1;33m[WARN] TRADER-000.nautilus_common::clock: Timer 'SIGNAL:9010793762:1790068732098424832' alert time 2026-09-22T09:27:36.084+00:00 was in the past, adjusted to current time for immediate firing[0m
[1m2026-09-22T09:27:36.084000000Z[0m [1;33m[WARN] TRADER-000.nautilus_common::clock: Timer 'SIGNAL:9010793762:1790068733216929024' alert time 2026-09-22T09:27:36.084+00:00 was in the past, adjusted to current time for immediate firing[0m
[1m2026-09-22T09:27:36.084000000Z[0m [1;33m[WARN] TRADER-000.nautilus_common::clock: Timer 'SIGNAL:9010793762:1790068734201547008' alert time 2026-09-22T09:27:36.084+00:00 was in the past, adjusted to current time for immediate firing[0m
[1m2026-09-22T09:27:36.084000000Z[0m [1;33m[WARN] TRADER-000.nautilus_common::clock: Timer 'SIGNAL:9010793762:1790068735209989120' alert time 2026-09-22T09:27:36.084+00:00 was in the past, adjusted to current time for immediate firing[0m
[1m2026-09-22T09:27:36.084000000Z[0m [1;33m[WARN] TRADER-000.nautilus_common::clock: Timer 'SIGNAL:9010793762:1790068736098661888' alert time 2026-09-22T09:27:36.084+00:00 was in the past, adjusted to current time for immediate firing[0m
[1m2026-09-22T09:27:36.084000000Z[0m [1;33m[WARN] TRADER-000.nautilus_common::clock: Timer 'SIGNAL:9010793762:1790068737109006848' alert time 2026-09-22T09:27:36.084+00:00 was in the past, adjusted to current time for immediate firing[0m
[1m2026-09-22T09:27:36.084000000Z[0m [1;33m[WARN] TRADER-000.nautilus_common::clock: Timer 'SIGNAL:9010793762:1790068738204399104' alert time 2026-09-22T09:27:36.084+00:00 was in the past, adjusted to current time for immediate firing[0m
[1m2026-09-22T09:27:36.084000000Z[0m [1;33m[WARN] TRADER-000.nautilus_common::clock: Timer 'SIGNAL:9010793762:1790068739098468096' alert time 2026-09-22T09:27:36.084+00:00 was in the past, adjusted to current time for immediate firing[0m
[1m2026-09-22T09:27:36.084000000Z[0m [1;33m[WARN] TRADER-000.nautilus_common::clock: Timer 'SIGNAL:9010793762:1790068740098566144' alert time 2026-09-22T09:27:36.084+00:00 was in the past, adjusted to current time for immediate firing[0m
[1m2026-09-22T09:27:36.084000000Z[0m [1;33m[WARN] TRADER-000.nautilus_common::clock: Timer 'SIGNAL:9010793762:1790068741107897088' alert time 2026-09-22T09:27:36.084+00:00 was in the past, adjusted to current time for immediate firing[0m
[1m2026-09-22T09:27:36.084000000Z[0m [1;33m[WARN] TRADER-000.nautilus_common::clock: Timer 'SIGNAL:9010793762:1790068742207313152' alert time 2026-09-22T09:27:36.084+00:00 was in the past, adjusted to current time for immediate firing[0m
[1m2026-09-22T09:27:36.084000000Z[0m [1;33m[WARN] TRADER-000.nautilus_common::clock: Timer 'SIGNAL:9010793762:1790068743208409088' alert time 2026-09-22T09:27:36.084+00:00 was in the past, adjusted to current time for immediate firing[0m
[1m2026-09-22T09:27:36.084000000Z[0m [1;33m[WARN] TRADER-000.nautilus_common::clock: Timer 'SIGNAL:9010793762:1790068743902642944' alert time 2026-09-22T09:27:36.084+00:00 was in the past, adjusted to current time for immediate firing[0m
[1m2026-09-22T09:27:36.084000000Z[0m [1;33m[WARN] TRADER-000.nautilus_common::clock: Timer 'SIGNAL:9010793762:1790068744905175040' alert time 2026-09-22T09:27:36.084+00:00 was in the past, adjusted to current time for immediate firing[0m
[1m2026-09-22T09:27:36.084000000Z[0m [1;33m[WARN] TRADER-000.nautilus_common::clock: Timer 'SIGNAL:9010793762:1790068746198992896' alert time 2026-09-22T09:27:36.084+00:00 was in the past, adjusted to current time for immediate firing[0m
[1m2026-09-22T09:27:36.084000000Z[0m [1;33m[WARN] TRADER-000.nautilus_common::clock: Timer 'SIGNAL:9010793762:1790068746911073024' alert time 2026-09-22T09:27:36.084+00:00 was in the past, adjusted to current time for immediate firing[0m
[1m2026-09-22T09:27:36.084000000Z[0m [1;33m[WARN] TRADER-000.nautilus_common::clock: Timer 'SIGNAL:9010793762:1790068747901947904' alert time 2026-09-22T09:27:36.084+00:00 was in the past, adjusted to current time for immediate firing[0m
[1m2026-09-22T09:27:36.084000000Z[0m [1;33m[WARN] TRADER-000.nautilus_common::clock: Timer 'SIGNAL:9010793762:1790068749019109120' alert time 2026-09-22T09:27:36.084+00:00 was in the past, adjusted to current time for immediate firing[0m
[1m2026-09-22T09:27:36.084000000Z[0m [1;33m[WARN] TRADER-000.nautilus_common::clock: Timer 'SIGNAL:9010793762:1790068749799195904' alert time 2026-09-22T09:27:36.084+00:00 was in the past, adjusted to current time for immediate firing[0m
[1m2026-09-22T09:27:36.084000000Z[0m [1;33m[WARN] TRADER-000.nautilus_common::clock: Timer 'SIGNAL:9010793762:1790068750909094144' alert time 2026-09-22T09:27:36.084+00:00 was in the past, adjusted to current time for immediate firing[0m
[1m2026-09-22T09:27:36.084000000Z[0m [1;33m[WARN] TRADER-000.nautilus_common::clock: Timer 'SIGNAL:9010793762:1790068751937553920' alert time 2026-09-22T09:27:36.084+00:00 was in the past, adjusted to current time for immediate firing[0m
[1m2026-09-22T09:27:36.084000000Z[0m [1;33m[WARN] TRADER-000.nautilus_common::clock: Timer 'SIGNAL:9010793762:1790068752906557952' alert time 2026-09-22T09:27:36.084+00:00 was in the past, adjusted to current time for immediate firing[0m
[1m2026-09-22T09:27:36.084000000Z[0m [1;33m[WARN] TRADER-000.nautilus_common::clock: Timer 'SIGNAL:9010793762:1790068753909912064' alert time 2026-09-22T09:27:36.084+00:00 was in the past, adjusted to current time for immediate firing[0m
[1m2026-09-22T09:27:36.084000000Z[0m [1;33m[WARN] TRADER-000.nautilus_common::clock: Timer 'SIGNAL:9010793762:1790068754898144000' alert time 2026-09-22T09:27:36.084+00:00 was in the past, adjusted to current time for immediate firing[0m
[1m2026-09-22T09:27:36.084000000Z[0m [1;33m[WARN] TRADER-000.nautilus_common::clock: Timer 'SIGNAL:9010793762:1790068755905594112' alert time 2026-09-22T09:27:36.084+00:00 was in the past, adjusted to current time for immediate firing[0m
[1m2026-09-22T09:27:36.084000000Z[0m [1;33m[WARN] TRADER-000.nautilus_common::clock: Timer 'SIGNAL:9010793762:1790068756898597888' alert time 2026-09-22T09:27:36.084+00:00 was in the past, adjusted to current time for immediate firing[0m
[1m2026-09-22T09:27:36.084000000Z[0m [1;33m[WARN] TRADER-000.nautilus_common::clock: Timer 'SIGNAL:9010793762:1790068757812562944' alert time 2026-09-22T09:27:36.084+00:00 was in the past, adjusted to current time for immediate firing[0m
[1m2026-09-22T09:27:36.084000000Z[0m [1;33m[WARN] TRADER-000.nautilus_common::clock: Timer 'SIGNAL:9010793762:1790068758811814144' alert time 2026-09-22T09:27:36.084+00:00 was in the past, adjusted to current time for immediate firing[0m
[1m2026-09-22T09:27:36.084000000Z[0m [1;33m[WARN] TRADER-000.nautilus_common::clock: Timer 'SIGNAL:9010793762:1790068759799218944' alert time 2026-09-22T09:27:36.084+00:00 was in the past, adjusted to current time for immediate firing[0m
[1m2026-09-22T09:27:36.084000000Z[0m [1;33m[WARN] TRADER-000.nautilus_common::clock: Timer 'SIGNAL:9010793762:1790068760808470016' alert time 2026-09-22T09:27:36.084+00:00 was in the past, adjusted to current time for immediate firing[0m
[1m2026-09-22T09:27:36.084000000Z[0m [1;33m[WARN] TRADER-000.nautilus_common::clock: Timer 'SIGNAL:9010793762:1790068761802295808' alert time 2026-09-22T09:27:36.084+00:00 was in the past, adjusted to current time for immediate firing[0m
[1m2026-09-22T09:27:36.084000000Z[0m [1;33m[WARN] TRADER-000.nautilus_common::clock: Timer 'SIGNAL:9010793762:1790068762808353024' alert time 2026-09-22T09:27:36.084+00:00 was in the past, adjusted to current time for immediate firing[0m
[1m2026-09-22T09:27:36.084000000Z[0m [1;33m[WARN] TRADER-000.nautilus_common::clock: Timer 'SIGNAL:9010793762:1790068763898365952' alert time 2026-09-22T09:27:36.084+00:00 was in the past, adjusted to current time for immediate firing[0m
[1m2026-09-22T09:27:36.084000000Z[0m [1;33m[WARN] TRADER-000.nautilus_common::clock: Timer 'SIGNAL:9010793762:1790068764908529152' alert time 2026-09-22T09:27:36.084+00:00 was in the past, adjusted to current time for immediate firing[0m
[1m2026-09-22T09:27:36.084000000Z[0m [1;33m[WARN] TRADER-000.nautilus_common::clock: Timer 'SIGNAL:9010793762:1790068765900669184' alert time 2026-09-22T09:27:36.084+00:00 was in the past, adjusted to current time for immediate firing[0m
[1m2026-09-22T09:27:36.084000000Z[0m [1;33m[WARN] TRADER-000.nautilus_common::clock: Timer 'SIGNAL:9010793762:1790068766899506176' alert time 2026-09-22T09:27:36.084+00:00 was in the past, adjusted to current time for immediate firing[0m
[1m2026-09-22T09:27:36.084000000Z[0m [1;33m[WARN] TRADER-000.nautilus_common::clock: Timer 'SIGNAL:9010793762:1790068767809928960' alert time 2026-09-22T09:27:36.084+00:00 was in the past, adjusted to current time for immediate firing[0m
[1m2026-09-22T09:27:36.084000000Z[0m [1;33m[WARN] TRADER-000.nautilus_common::clock: Timer 'SIGNAL:9010793762:1790068768811790848' alert time 2026-09-22T09:27:36.084+00:00 was in the past, adjusted to current time for immediate firing[0m
[1m2026-09-22T09:27:36.084000000Z[0m [1;33m[WARN] TRADER-000.nautilus_common::clock: Timer 'SIGNAL:9010793762:1790068769908240128' alert time 2026-09-22T09:27:36.084+00:00 was in the past, adjusted to current time for immediate firing[0m
[1m2026-09-22T09:27:36.084000000Z[0m [1;33m[WARN] TRADER-000.nautilus_common::clock: Timer 'SIGNAL:9010793762:1790068770810754048' alert time 2026-09-22T09:27:36.084+00:00 was in the past, adjusted to current time for immediate firing[0m
[1m2026-09-22T09:27:36.084000000Z[0m [1;33m[WARN] TRADER-000.nautilus_common::clock: Timer 'SIGNAL:9010793762:1790068771810342912' alert time 2026-09-22T09:27:36.084+00:00 was in the past, adjusted to current time for immediate firing[0m
[1m2026-09-22T09:27:36.084000000Z[0m [1;33m[WARN] TRADER-000.nautilus_common::clock: Timer 'SIGNAL:9010793762:1790068772799783936' alert time 2026-09-22T09:27:36.084+00:00 was in the past, adjusted to current time for immediate firing[0m
[1m2026-09-22T09:27:36.084000000Z[0m [1;33m[WARN] TRADER-000.nautilus_common::clock: Timer 'SIGNAL:9010793762:1790068774910445824' alert time 2026-09-22T09:27:36.084+00:00 was in the past, adjusted to current time for immediate firing[0m
[1m2026-09-22T09:27:36.084000000Z[0m [1;33m[WARN] TRADER-000.nautilus_common::clock: Timer 'SIGNAL:9010793762:1790068775911396864' alert time 2026-09-22T09:27:36.084+00:00 was in the past, adjusted to current time for immediate firing[0m
[1m2026-09-22T09:27:36.084000000Z[0m [1;33m[WARN] TRADER-000.nautilus_common::clock: Timer 'SIGNAL:9010793762:1790068776812084992' alert time 2026-09-22T09:27:36.084+00:00 was in the past, adjusted to current time for immediate firing[0m
[1m2026-09-22T09:27:36.084000000Z[0m [1;33m[WARN] TRADER-000.nautilus_common::clock: Timer 'SIGNAL:9010793762:1790068777807424000' alert time 2026-09-22T09:27:36.084+00:00 was in the past, adjusted to current time for immediate firing[0m
[1m2026-09-22T09:27:36.084000000Z[0m [1;33m[WARN] TRADER-000.nautilus_common::clock: Timer 'SIGNAL:9010793762:1790068778805704960' alert time 2026-09-22T09:27:36.084+00:00 was in the past, adjusted to current time for immediate firing[0m
[1m2026-09-22T09:27:36.084000000Z[0m [1;33m[WARN] TRADER-000.nautilus_common::clock: Timer 'SIGNAL:9010793762:1790068779808152832' alert time 2026-09-22T09:27:36.084+00:00 was in the past, adjusted to current time for immediate firing[0m
[1m2026-09-22T09:27:36.084000000Z[0m [1;33m[WARN] TRADER-000.nautilus_common::clock: Timer 'SIGNAL:9010793762:1790068780801320192' alert time 2026-09-22T09:27:36.084+00:00 was in the past, adjusted to current time for immediate firing[0m
[1m2026-09-22T09:27:36.084000000Z[0m [1;33m[WARN] TRADER-000.nautilus_common::clock: Timer 'SIGNAL:9010793762:1790068781902220032' alert time 2026-09-22T09:27:36.084+00:00 was in the past, adjusted to current time for immediate firing[0m
[1m2026-09-22T09:27:36.084000000Z[0m [1;33m[WARN] TRADER-000.nautilus_common::clock: Timer 'SIGNAL:9010793762:1790068782804257024' alert time 2026-09-22T09:27:36.084+00:00 was in the past, adjusted to current time for immediate firing[0m
[1m2026-09-22T09:27:36.084000000Z[0m [1;33m[WARN] TRADER-000.nautilus_common::clock: Timer 'SIGNAL:9010793762:1790068783809734144' alert time 2026-09-22T09:27:36.084+00:00 was in the past, adjusted to current time for immediate firing[0m
[1m2026-09-22T09:27:36.084000000Z[0m [1;33m[WARN] TRADER-000.nautilus_common::clock: Timer 'SIGNAL:9010793762:1790068784904815872' alert time 2026-09-22T09:27:36.084+00:00 was in the past, adjusted to current time for immediate firing[0m
[1m2026-09-22T09:27:36.084000000Z[0m [1;33m[WARN] TRADER-000.nautilus_common::clock: Timer 'SIGNAL:9010793762:1790068785797389056' alert time 2026-09-22T09:27:36.084+00:00 was in the past, adjusted to current time for immediate firing[0m
[1m2026-09-22T09:27:36.084000000Z[0m [1;33m[WARN] TRADER-000.nautilus_common::clock: Timer 'SIGNAL:9010793762:1790068786798365184' alert time 2026-09-22T09:27:36.084+00:00 was in the past, adjusted to current time for immediate firing[0m
[1m2026-09-22T09:27:36.084000000Z[0m [1;33m[WARN] TRADER-000.nautilus_common::clock: Timer 'SIGNAL:9010793762:1790068787798695168' alert time 2026-09-22T09:27:36.084+00:00 was in the past, adjusted to current time for immediate firing[0m
[1m2026-09-22T09:27:36.084000000Z[0m [1;33m[WARN] TRADER-000.nautilus_common::clock: Timer 'SIGNAL:9010793762:1790068788697761024' alert time 2026-09-22T09:27:36.084+00:00 was in the past, adjusted to current time for immediate firing[0m
[1m2026-09-22T09:27:36.084000000Z[0m [1;33m[WARN] TRADER-000.nautilus_common::clock: Timer 'SIGNAL:9010793762:1790068789802550016' alert time 2026-09-22T09:27:36.084+00:00 was in the past, adjusted to current time for immediate firing[0m
[1m2026-09-22T09:27:36.084000000Z[0m [1;33m[WARN] TRADER-000.nautilus_common::clock: Timer 'SIGNAL:9010793762:1790068791201998080' alert time 2026-09-22T09:27:36.084+00:00 was in the past, adjusted to current time for immediate firing[0m
[1m2026-09-22T09:27:36.084000000Z[0m [1;33m[WARN] TRADER-000.nautilus_common::clock: Timer 'SIGNAL:9010793762:1790068791801174016' alert time 2026-09-22T09:27:36.084+00:00 was in the past, adjusted to current time for immediate firing[0m
[1m2026-09-22T09:27:36.084000000Z[0m [1;33m[WARN] TRADER-000.nautilus_common::clock: Timer 'SIGNAL:9010793762:1790068792698394112' alert time 2026-09-22T09:27:36.084+00:00 was in the past, adjusted to current time for immediate firing[0m
[1m2026-09-22T09:27:36.084000000Z[0m [1;33m[WARN] TRADER-000.nautilus_common::clock: Timer 'SIGNAL:9010793762:1790068793819983104' alert time 2026-09-22T09:27:36.084+00:00 was in the past, adjusted to current time for immediate firing[0m
[1m2026-09-22T09:27:36.084000000Z[0m [1;33m[WARN] TRADER-000.nautilus_common::clock: Timer 'SIGNAL:9010793762:1790068794809093120' alert time 2026-09-22T09:27:36.084+00:00 was in the past, adjusted to current time for immediate firing[0m
[1m2026-09-22T09:27:36.084000000Z[0m [1;33m[WARN] TRADER-000.nautilus_common::clock: Timer 'SIGNAL:9010793762:1790068795811060992' alert time 2026-09-22T09:27:36.084+00:00 was in the past, adjusted to current time for immediate firing[0m
[1m2026-09-22T09:27:36.084000000Z[0m [1;33m[WARN] TRADER-000.nautilus_common::clock: Timer 'SIGNAL:9010793762:1790068796808374016' alert time 2026-09-22T09:27:36.084+00:00 was in the past, adjusted to current time for immediate firing[0m
[1m2026-09-22T09:27:36.084000000Z[0m [1;33m[WARN] TRADER-000.nautilus_common::clock: Timer 'SIGNAL:9010793762:1790068797799101184' alert time 2026-09-22T09:27:36.084+00:00 was in the past, adjusted to current time for immediate firing[0m
[1m2026-09-22T09:27:36.084000000Z[0m [1;33m[WARN] TRADER-000.nautilus_common::clock: Timer 'SIGNAL:9010793762:1790068798809542912' alert time 2026-09-22T09:27:36.084+00:00 was in the past, adjusted to current time for immediate firing[0m
[1m2026-09-22T09:27:36.084000000Z[0m [1;33m[WARN] TRADER-000.nautilus_common::clock: Timer 'SIGNAL:9010793762:1790068799808016896' alert time 2026-09-22T09:27:36.084+00:00 was in the past, adjusted to current time for immediate firing[0m
[1m2026-09-22T09:27:36.084000000Z[0m [1;33m[WARN] TRADER-000.nautilus_common::clock: Timer 'SIGNAL:9010793762:1790068800800738048' alert time 2026-09-22T09:27:36.084+00:00 was in the past, adjusted to current time for immediate firing[0m
[1m2026-09-22T09:27:36.084000000Z[0m [1;33m[WARN] TRADER-000.nautilus_common::clock: Timer 'SIGNAL:9010793762:1790068801800748032' alert time 2026-09-22T09:27:36.084+00:00 was in the past, adjusted to current time for immediate firing[0m
[1m2026-09-22T09:27:36.084000000Z[0m [1;33m[WARN] TRADER-000.nautilus_common::clock: Timer 'SIGNAL:9010793762:1790068802800734976' alert time 2026-09-22T09:27:36.084+00:00 was in the past, adjusted to current time for immediate firing[0m
[1m2026-09-22T09:27:36.084000000Z[0m [1;33m[WARN] TRADER-000.nautilus_common::clock: Timer 'SIGNAL:9010793762:1790068804304781824' alert time 2026-09-22T09:27:36.084+00:00 was in the past, adjusted to current time for immediate firing[0m
[1m2026-09-22T09:27:36.084000000Z[0m [1;33m[WARN] TRADER-000.nautilus_common::clock: Timer 'SIGNAL:9010793762:1790068804808841984' alert time 2026-09-22T09:27:36.084+00:00 was in the past, adjusted to current time for immediate firing[0m
[1m2026-09-22T09:27:36.084000000Z[0m [1;33m[WARN] TRADER-000.nautilus_common::clock: Timer 'SIGNAL:9010793762:1790068805714353152' alert time 2026-09-22T09:27:36.084+00:00 was in the past, adjusted to current time for immediate firing[0m
[1m2026-09-22T09:27:36.084000000Z[0m [1;33m[WARN] TRADER-000.nautilus_common::clock: Timer 'SIGNAL:9010793762:1790068806901228800' alert time 2026-09-22T09:27:36.084+00:00 was in the past, adjusted to current time for immediate firing[0m
[1m2026-09-22T09:27:36.084000000Z[0m [1;33m[WARN] TRADER-000.nautilus_common::clock: Timer 'SIGNAL:9010793762:1790068807819308032' alert time 2026-09-22T09:27:36.084+00:00 was in the past, adjusted to current time for immediate firing[0m
[1m2026-09-22T09:27:36.084000000Z[0m [1;33m[WARN] TRADER-000.nautilus_common::clock: Timer 'SIGNAL:9010793762:1790068808797730048' alert time 2026-09-22T09:27:36.084+00:00 was in the past, adjusted to current time for immediate firing[0m
[1m2026-09-22T09:27:36.084000000Z[0m [1;33m[WARN] TRADER-000.nautilus_common::clock: Timer 'SIGNAL:9010793762:1790068809799271168' alert time 2026-09-22T09:27:36.084+00:00 was in the past, adjusted to current time for immediate firing[0m
[1m2026-09-22T09:27:36.084000000Z[0m [1;33m[WARN] TRADER-000.nautilus_common::clock: Timer 'SIGNAL:9010793762:1790068810725744128' alert time 2026-09-22T09:27:36.084+00:00 was in the past, adjusted to current time for immediate firing[0m
[1m2026-09-22T09:27:36.084000000Z[0m [1;33m[WARN] TRADER-000.nautilus_common::clock: Timer 'SIGNAL:9010793762:1790068811703821824' alert time 2026-09-22T09:27:36.084+00:00 was in the past, adjusted to current time for immediate firing[0m
[1m2026-09-22T09:27:36.084000000Z[0m [1;33m[WARN] TRADER-000.nautilus_common::clock: Timer 'SIGNAL:9010793762:1790068812806699008' alert time 2026-09-22T09:27:36.084+00:00 was in the past, adjusted to current time for immediate firing[0m
[1m2026-09-22T09:27:36.084000000Z[0m [1;33m[WARN] TRADER-000.nautilus_common::clock: Timer 'SIGNAL:9010793762:1790068813810776064' alert time 2026-09-22T09:27:36.084+00:00 was in the past, adjusted to current time for immediate firing[0m
[1m2026-09-22T09:27:36.084000000Z[0m [1;33m[WARN] TRADER-000.nautilus_common::clock: Timer 'SIGNAL:9010793762:1790068814798765824' alert time 2026-09-22T09:27:36.084+00:00 was in the past, adjusted to current time for immediate firing[0m
[1m2026-09-22T09:27:36.084000000Z[0m [1;33m[WARN] TRADER-000.nautilus_common::clock: Timer 'SIGNAL:9010793762:1790068815698797824' alert time 2026-09-22T09:27:36.084+00:00 was in the past, adjusted to current time for immediate firing[0m
[1m2026-09-22T09:27:36.084000000Z[0m [1;33m[WARN] TRADER-000.nautilus_common::clock: Timer 'SIGNAL:9010793762:1790068816799122944' alert time 2026-09-22T09:27:36.084+00:00 was in the past, adjusted to current time for immediate firing[0m
[1m2026-09-22T09:27:36.084000000Z[0m [1;33m[WARN] TRADER-000.nautilus_common::clock: Timer 'SIGNAL:9010793762:1790068817815484160' alert time 2026-09-22T09:27:36.084+00:00 was in the past, adjusted to current time for immediate firing[0m
[1m2026-09-22T09:27:36.084000000Z[0m [1;33m[WARN] TRADER-000.nautilus_common::clock: Timer 'SIGNAL:9010793762:1790068818898230016' alert time 2026-09-22T09:27:36.084+00:00 was in the past, adjusted to current time for immediate firing[0m
[1m2026-09-22T09:27:36.084000000Z[0m [1;33m[WARN] TRADER-000.nautilus_common::clock: Timer 'SIGNAL:9010793762:1790068819899533056' alert time 2026-09-22T09:27:36.084+00:00 was in the past, adjusted to current time for immediate firing[0m
[1m2026-09-22T09:27:36.084000000Z[0m [1;33m[WARN] TRADER-000.nautilus_common::clock: Timer 'SIGNAL:9010793762:1790068820899533056' alert time 2026-09-22T09:27:36.084+00:00 was in the past, adjusted to current time for immediate firing[0m
[1m2026-09-22T09:27:36.084000000Z[0m [1;33m[WARN] TRADER-000.nautilus_common::clock: Timer 'SIGNAL:9010793762:1790068821903928064' alert time 2026-09-22T09:27:36.084+00:00 was in the past, adjusted to current time for immediate firing[0m
[1m2026-09-22T09:27:36.084000000Z[0m [1;33m[WARN] TRADER-000.nautilus_common::clock: Timer 'SIGNAL:9010793762:1790068822910393088' alert time 2026-09-22T09:27:36.084+00:00 was in the past, adjusted to current time for immediate firing[0m
[1m2026-09-22T09:27:36.084000000Z[0m [1;33m[WARN] TRADER-000.nautilus_common::clock: Timer 'SIGNAL:9010793762:1790068823899898112' alert time 2026-09-22T09:27:36.084+00:00 was in the past, adjusted to current time for immediate firing[0m
[1m2026-09-22T09:27:36.084000000Z[0m [1;33m[WARN] TRADER-000.nautilus_common::clock: Timer 'SIGNAL:9010793762:1790068824998775040' alert time 2026-09-22T09:27:36.084+00:00 was in the past, adjusted to current time for immediate firing[0m
[1m2026-09-22T09:27:36.084000000Z[0m [1;33m[WARN] TRADER-000.nautilus_common::clock: Timer 'SIGNAL:9010793762:1790068825907284992' alert time 2026-09-22T09:27:36.084+00:00 was in the past, adjusted to current time for immediate firing[0m
[1m2026-09-22T09:27:36.084000000Z[0m [1;33m[WARN] TRADER-000.nautilus_common::clock: Timer 'SIGNAL:9010793762:1790068826898622976' alert time 2026-09-22T09:27:36.084+00:00 was in the past, adjusted to current time for immediate firing[0m
[1m2026-09-22T09:27:36.084000000Z[0m [1;33m[WARN] TRADER-000.nautilus_common::clock: Timer 'SIGNAL:9010793762:1790068827900651008' alert time 2026-09-22T09:27:36.084+00:00 was in the past, adjusted to current time for immediate firing[0m
[1m2026-09-22T09:27:36.084000000Z[0m [1;33m[WARN] TRADER-000.nautilus_common::clock: Timer 'SIGNAL:9010793762:1790068828899097088' alert time 2026-09-22T09:27:36.084+00:00 was in the past, adjusted to current time for immediate firing[0m
[1m2026-09-22T09:27:36.084000000Z[0m [1;33m[WARN] TRADER-000.nautilus_common::clock: Timer 'SIGNAL:9010793762:1790068829899197952' alert time 2026-09-22T09:27:36.084+00:00 was in the past, adjusted to current time for immediate firing[0m
[1m2026-09-22T09:27:36.084000000Z[0m [1;33m[WARN] TRADER-000.nautilus_common::clock: Timer 'SIGNAL:9010793762:1790068830898025984' alert time 2026-09-22T09:27:36.084+00:00 was in the past, adjusted to current time for immediate firing[0m
[1m2026-09-22T09:27:36.084000000Z[0m [1;33m[WARN] TRADER-000.nautilus_common::clock: Timer 'SIGNAL:9010793762:1790068831912081920' alert time 2026-09-22T09:27:36.084+00:00 was in the past, adjusted to current time for immediate firing[0m
[1m2026-09-22T09:27:36.084000000Z[0m [1;33m[WARN] TRADER-000.nautilus_common::clock: Timer 'SIGNAL:9010793762:1790068832905297152' alert time 2026-09-22T09:27:36.084+00:00 was in the past, adjusted to current time for immediate firing[0m
[1m2026-09-22T09:27:36.084000000Z[0m [1;33m[WARN] TRADER-000.nautilus_common::clock: Timer 'SIGNAL:9010793762:1790068833912407040' alert time 2026-09-22T09:27:36.084+00:00 was in the past, adjusted to current time for immediate firing[0m
[1m2026-09-22T09:27:36.084000000Z[0m [1;33m[WARN] TRADER-000.nautilus_common::clock: Timer 'SIGNAL:9010793762:1790068834900509184' alert time 2026-09-22T09:27:36.084+00:00 was in the past, adjusted to current time for immediate firing[0m
[1m2026-09-22T09:27:36.084000000Z[0m [1;33m[WARN] TRADER-000.nautilus_common::clock: Timer 'SIGNAL:9010793762:1790068835728378112' alert time 2026-09-22T09:27:36.084+00:00 was in the past, adjusted to current time for immediate firing[0m
[1m2026-09-22T09:27:36.084000000Z[0m [1;33m[WARN] TRADER-000.nautilus_common::clock: Timer 'SIGNAL:9010793762:1790068836827164928' alert time 2026-09-22T09:27:36.084+00:00 was in the past, adjusted to current time for immediate firing[0m
[1m2026-09-22T09:27:36.084000000Z[0m [1;33m[WARN] TRADER-000.nautilus_common::clock: Timer 'SIGNAL:9010793762:1790068838199224832' alert time 2026-09-22T09:27:36.084+00:00 was in the past, adjusted to current time for immediate firing[0m
[1m2026-09-22T09:27:36.084000000Z[0m [1;33m[WARN] TRADER-000.nautilus_common::clock: Timer 'SIGNAL:9010793762:1790068838798913024' alert time 2026-09-22T09:27:36.084+00:00 was in the past, adjusted to current time for immediate firing[0m
[1m2026-09-22T09:27:36.084000000Z[0m [1;33m[WARN] TRADER-000.nautilus_common::clock: Timer 'SIGNAL:9010793762:1790068839798723072' alert time 2026-09-22T09:27:36.084+00:00 was in the past, adjusted to current time for immediate firing[0m
[1m2026-09-22T09:27:36.084000000Z[0m [1;33m[WARN] TRADER-000.nautilus_common::clock: Timer 'SIGNAL:9010793762:1790068840902708992' alert time 2026-09-22T09:27:36.084+00:00 was in the past, adjusted to current time for immediate firing[0m
[1m2026-09-22T09:27:36.084000000Z[0m [1;33m[WARN] TRADER-000.nautilus_common::clock: Timer 'SIGNAL:9010793762:1790068841818672896' alert time 2026-09-22T09:27:36.084+00:00 was in the past, adjusted to current time for immediate firing[0m
[1m2026-09-22T09:27:36.084000000Z[0m [1;33m[WARN] TRADER-000.nautilus_common::clock: Timer 'SIGNAL:9010793762:1790068842715215872' alert time 2026-09-22T09:27:36.084+00:00 was in the past, adjusted to current time for immediate firing[0m
[1m2026-09-22T09:27:36.084000000Z[0m [1;33m[WARN] TRADER-000.nautilus_common::clock: Timer 'SIGNAL:9010793762:1790068843723958016' alert time 2026-09-22T09:27:36.084+00:00 was in the past, adjusted to current time for immediate firing[0m
[1m2026-09-22T09:27:36.084000000Z[0m [1;33m[WARN] TRADER-000.nautilus_common::clock: Timer 'SIGNAL:9010793762:1790068844811799040' alert time 2026-09-22T09:27:36.084+00:00 was in the past, adjusted to current time for immediate firing[0m
[1m2026-09-22T09:27:36.084000000Z[0m [1;33m[WARN] TRADER-000.nautilus_common::clock: Timer 'SIGNAL:9010793762:1790068845812135936' alert time 2026-09-22T09:27:36.084+00:00 was in the past, adjusted to current time for immediate firing[0m
[1m2026-09-22T09:27:36.084000000Z[0m [1;33m[WARN] TRADER-000.nautilus_common::clock: Timer 'SIGNAL:9010793762:1790068846812908032' alert time 2026-09-22T09:27:36.084+00:00 was in the past, adjusted to current time for immediate firing[0m
[1m2026-09-22T09:27:36.084000000Z[0m [1;33m[WARN] TRADER-000.nautilus_common::clock: Timer 'SIGNAL:9010793762:1790068847746979072' alert time 2026-09-22T09:27:36.084+00:00 was in the past, adjusted to current time for immediate firing[0m
[1m2026-09-22T09:27:36.084000000Z[0m [1;33m[WARN] TRADER-000.nautilus_common::clock: Timer 'SIGNAL:9010793762:1790068848922276864' alert time 2026-09-22T09:27:36.084+00:00 was in the past, adjusted to current time for immediate firing[0m
[1m2026-09-22T09:27:36.084000000Z[0m [1;33m[WARN] TRADER-000.nautilus_common::clock: Timer 'SIGNAL:9010793762:1790068849806750976' alert time 2026-09-22T09:27:36.084+00:00 was in the past, adjusted to current time for immediate firing[0m
[1m2026-09-22T09:27:36.084000000Z[0m [1;33m[WARN] TRADER-000.nautilus_common::clock: Timer 'SIGNAL:9010793762:1790068850799629056' alert time 2026-09-22T09:27:36.084+00:00 was in the past, adjusted to current time for immediate firing[0m
[1m2026-09-22T09:27:36.084000000Z[0m [1;33m[WARN] TRADER-000.nautilus_common::clock: Timer 'SIGNAL:9010793762:1790068851730830848' alert time 2026-09-22T09:27:36.084+00:00 was in the past, adjusted to current time for immediate firing[0m
[1m2026-09-22T09:27:36.084000000Z[0m [1;33m[WARN] TRADER-000.nautilus_common::clock: Timer 'SIGNAL:9010793762:1790068852823395840' alert time 2026-09-22T09:27:36.084+00:00 was in the past, adjusted to current time for immediate firing[0m
[1m2026-09-22T09:27:36.084000000Z[0m [1;33m[WARN] TRADER-000.nautilus_common::clock: Timer 'SIGNAL:9010793762:1790068853745368064' alert time 2026-09-22T09:27:36.084+00:00 was in the past, adjusted to current time for immediate firing[0m
[1m2026-09-22T09:27:36.084000000Z[0m [1;33m[WARN] TRADER-000.nautilus_common::clock: Timer 'SIGNAL:9010793762:1790068854723062016' alert time 2026-09-22T09:27:36.084+00:00 was in the past, adjusted to current time for immediate firing[0m
[1m2026-09-22T09:27:36.084000000Z[0m [1;33m[WARN] TRADER-000.nautilus_common::clock: Timer 'SIGNAL:9010793762:1790068855709945856' alert time 2026-09-22T09:27:36.084+00:00 was in the past, adjusted to current time for immediate firing[0m
[1m2026-09-22T09:27:36.084000000Z[0m [1;33m[WARN] TRADER-000.nautilus_common::clock: Timer 'SIGNAL:9010793762:1790068856799225088' alert time 2026-09-22T09:27:36.084+00:00 was in the past, adjusted to current time for immediate firing[0m
[1m2026-09-22T09:27:36.084000000Z[0m [1;33m[WARN] TRADER-000.nautilus_common::clock: Timer 'SIGNAL:9010793762:1790068857742526976' alert time 2026-09-22T09:27:36.084+00:00 was in the past, adjusted to current time for immediate firing[0m
[1m2026-09-22T09:27:36.084000000Z[0m [1;33m[WARN] TRADER-000.nautilus_common::clock: Timer 'SIGNAL:9010793762:1790068858803063040' alert time 2026-09-22T09:27:36.084+00:00 was in the past, adjusted to current time for immediate firing[0m
[1m2026-09-22T09:27:36.084000000Z[0m [1;33m[WARN] TRADER-000.nautilus_common::clock: Timer 'SIGNAL:9010793762:1790068859811453184' alert time 2026-09-22T09:27:36.084+00:00 was in the past, adjusted to current time for immediate firing[0m
[1m2026-09-22T09:27:36.084000000Z[0m [1;33m[WARN] TRADER-000.nautilus_common::clock: Timer 'SIGNAL:9010793762:1790068860902888960' alert time 2026-09-22T09:27:36.084+00:00 was in the past, adjusted to current time for immediate firing[0m
[1m2026-09-22T09:27:36.084000000Z[0m [1;33m[WARN] TRADER-000.nautilus_common::clock: Timer 'SIGNAL:9010793762:1790068861804218112' alert time 2026-09-22T09:27:36.084+00:00 was in the past, adjusted to current time for immediate firing[0m
[1m2026-09-22T09:27:36.084000000Z[0m [1;33m[WARN] TRADER-000.nautilus_common::clock: Timer 'SIGNAL:9010793762:1790068862798962176' alert time 2026-09-22T09:27:36.084+00:00 was in the past, adjusted to current time for immediate firing[0m
[1m2026-09-22T09:27:36.084000000Z[0m [1;33m[WARN] TRADER-000.nautilus_common::clock: Timer 'SIGNAL:9010793762:1790068863813137920' alert time 2026-09-22T09:27:36.084+00:00 was in the past, adjusted to current time for immediate firing[0m
[1m2026-09-22T09:27:36.084000000Z[0m [1;33m[WARN] TRADER-000.nautilus_common::clock: Timer 'SIGNAL:9010793762:1790068864902836992' alert time 2026-09-22T09:27:36.084+00:00 was in the past, adjusted to current time for immediate firing[0m
[1m2026-09-22T09:27:36.084000000Z[0m [1;33m[WARN] TRADER-000.nautilus_common::clock: Timer 'SIGNAL:9010793762:1790068866213949952' alert time 2026-09-22T09:27:36.084+00:00 was in the past, adjusted to current time for immediate firing[0m
[1m2026-09-22T09:27:36.084000000Z[0m [1;33m[WARN] TRADER-000.nautilus_common::clock: Timer 'SIGNAL:9010793762:1790068866913608960' alert time 2026-09-22T09:27:36.084+00:00 was in the past, adjusted to current time for immediate firing[0m
[1m2026-09-22T09:27:36.084000000Z[0m [1;33m[WARN] TRADER-000.nautilus_common::clock: Timer 'SIGNAL:9010793762:1790068867812115968' alert time 2026-09-22T09:27:36.084+00:00 was in the past, adjusted to current time for immediate firing[0m
[1m2026-09-22T09:27:36.084000000Z[0m [1;33m[WARN] TRADER-000.nautilus_common::clock: Timer 'SIGNAL:9010793762:1790068868922923008' alert time 2026-09-22T09:27:36.084+00:00 was in the past, adjusted to current time for immediate firing[0m
[1m2026-09-22T09:27:36.084000000Z[0m [1;33m[WARN] TRADER-000.nautilus_common::clock: Timer 'SIGNAL:9010793762:1790068869799150848' alert time 2026-09-22T09:27:36.084+00:00 was in the past, adjusted to current time for immediate firing[0m
[1m2026-09-22T09:27:36.084000000Z[0m [1;33m[WARN] TRADER-000.nautilus_common::clock: Timer 'SIGNAL:9010793762:1790068870802903040' alert time 2026-09-22T09:27:36.084+00:00 was in the past, adjusted to current time for immediate firing[0m
[1m2026-09-22T09:27:36.084000000Z[0m [1;33m[WARN] TRADER-000.nautilus_common::clock: Timer 'SIGNAL:9010793762:1790068871812969984' alert time 2026-09-22T09:27:36.084+00:00 was in the past, adjusted to current time for immediate firing[0m
[1m2026-09-22T09:27:36.084000000Z[0m [1;33m[WARN] TRADER-000.nautilus_common::clock: Timer 'SIGNAL:9010793762:1790068872814284032' alert time 2026-09-22T09:27:36.084+00:00 was in the past, adjusted to current time for immediate firing[0m
[1m2026-09-22T09:27:36.084000000Z[0m [1;33m[WARN] TRADER-000.nautilus_common::clock: Timer 'SIGNAL:9010793762:1790068873804049920' alert time 2026-09-22T09:27:36.084+00:00 was in the past, adjusted to current time for immediate firing[0m
[1m2026-09-22T09:27:36.084000000Z[0m [1;33m[WARN] TRADER-000.nautilus_common::clock: Timer 'SIGNAL:9010793762:1790068874799501056' alert time 2026-09-22T09:27:36.084+00:00 was in the past, adjusted to current time for immediate firing[0m
[1m2026-09-22T09:27:36.084000000Z[0m [1;33m[WARN] TRADER-000.nautilus_common::clock: Timer 'SIGNAL:9010793762:1790068875816590080' alert time 2026-09-22T09:27:36.084+00:00 was in the past, adjusted to current time for immediate firing[0m
[1m2026-09-22T09:27:36.084000000Z[0m [1;33m[WARN] TRADER-000.nautilus_common::clock: Timer 'SIGNAL:9010793762:1790068876814088960' alert time 2026-09-22T09:27:36.084+00:00 was in the past, adjusted to current time for immediate firing[0m
[1m2026-09-22T09:27:36.084000000Z[0m [1;33m[WARN] TRADER-000.nautilus_common::clock: Timer 'SIGNAL:9010793762:1790068877310544128' alert time 2026-09-22T09:27:36.084+00:00 was in the past, adjusted to current time for immediate firing[0m
[1m2026-09-22T09:27:36.084000000Z[0m [1;33m[WARN] TRADER-000.nautilus_common::clock: Timer 'SIGNAL:9010793762:1790068878924133120' alert time 2026-09-22T09:27:36.084+00:00 was in the past, adjusted to current time for immediate firing[0m
[1m2026-09-22T09:27:36.084000000Z[0m [1;33m[WARN] TRADER-000.nautilus_common::clock: Timer 'SIGNAL:9010793762:1790068880203727872' alert time 2026-09-22T09:27:36.084+00:00 was in the past, adjusted to current time for immediate firing[0m
[1m2026-09-22T09:27:36.084000000Z[0m [1;33m[WARN] TRADER-000.nautilus_common::clock: Timer 'SIGNAL:9010793762:1790068881198936832' alert time 2026-09-22T09:27:36.084+00:00 was in the past, adjusted to current time for immediate firing[0m
[1m2026-09-22T09:27:36.084000000Z[0m [1;33m[WARN] TRADER-000.nautilus_common::clock: Timer 'SIGNAL:9010793762:1790068882216075776' alert time 2026-09-22T09:27:36.084+00:00 was in the past, adjusted to current time for immediate firing[0m
[1m2026-09-22T09:27:36.084000000Z[0m [1;33m[WARN] TRADER-000.nautilus_common::clock: Timer 'SIGNAL:9010793762:1790068883203183872' alert time 2026-09-22T09:27:36.084+00:00 was in the past, adjusted to current time for immediate firing[0m
[1m2026-09-22T09:27:36.084000000Z[0m [1;33m[WARN] TRADER-000.nautilus_common::clock: Timer 'SIGNAL:9010793762:1790068884207639040' alert time 2026-09-22T09:27:36.084+00:00 was in the past, adjusted to current time for immediate firing[0m
[1m2026-09-22T09:27:36.084000000Z[0m [1;33m[WARN] TRADER-000.nautilus_common::clock: Timer 'SIGNAL:9010793762:1790068885399835136' alert time 2026-09-22T09:27:36.084+00:00 was in the past, adjusted to current time for immediate firing[0m
[1m2026-09-22T09:27:36.084000000Z[0m [1;33m[WARN] TRADER-000.nautilus_common::clock: Timer 'SIGNAL:9010793762:1790068886208261888' alert time 2026-09-22T09:27:36.084+00:00 was in the past, adjusted to current time for immediate firing[0m
[1m2026-09-22T09:27:36.084000000Z[0m [1;33m[WARN] TRADER-000.nautilus_common::clock: Timer 'SIGNAL:9010793762:1790068888212115968' alert time 2026-09-22T09:27:36.084+00:00 was in the past, adjusted to current time for immediate firing[0m
[1m2026-09-22T09:27:36.084000000Z[0m [1;33m[WARN] TRADER-000.nautilus_common::clock: Timer 'SIGNAL:9010793762:1790068889205534976' alert time 2026-09-22T09:27:36.084+00:00 was in the past, adjusted to current time for immediate firing[0m
[1m2026-09-22T09:27:36.084000000Z[0m [1;33m[WARN] TRADER-000.nautilus_common::clock: Timer 'SIGNAL:9010793762:1790068890211368192' alert time 2026-09-22T09:27:36.084+00:00 was in the past, adjusted to current time for immediate firing[0m
[1m2026-09-22T09:27:36.084000000Z[0m [1;33m[WARN] TRADER-000.nautilus_common::clock: Timer 'SIGNAL:9010793762:1790068891217052928' alert time 2026-09-22T09:27:36.084+00:00 was in the past, adjusted to current time for immediate firing[0m
[1m2026-09-22T09:27:36.084000000Z[0m [1;33m[WARN] TRADER-000.nautilus_common::clock: Timer 'SIGNAL:9010793762:1790068892215574016' alert time 2026-09-22T09:27:36.084+00:00 was in the past, adjusted to current time for immediate firing[0m
[1m2026-09-22T09:27:36.084000000Z[0m [1;33m[WARN] TRADER-000.nautilus_common::clock: Timer 'SIGNAL:9010793762:1790068893206041088' alert time 2026-09-22T09:27:36.084+00:00 was in the past, adjusted to current time for immediate firing[0m
[1m2026-09-22T09:27:36.084000000Z[0m [1;33m[WARN] TRADER-000.nautilus_common::clock: Timer 'SIGNAL:9010793762:1790068894209217024' alert time 2026-09-22T09:27:36.084+00:00 was in the past, adjusted to current time for immediate firing[0m
[1m2026-09-22T09:27:36.084000000Z[0m [1;33m[WARN] TRADER-000.nautilus_common::clock: Timer 'SIGNAL:9010793762:1790068895209047040' alert time 2026-09-22T09:27:36.084+00:00 was in the past, adjusted to current time for immediate firing[0m
[1m2026-09-22T09:27:36.084000000Z[0m [1;33m[WARN] TRADER-000.nautilus_common::clock: Timer 'SIGNAL:9010793762:1790068896207035904' alert time 2026-09-22T09:27:36.084+00:00 was in the past, adjusted to current time for immediate firing[0m
[1m2026-09-22T09:27:36.084000000Z[0m [1;33m[WARN] TRADER-000.nautilus_common::clock: Timer 'SIGNAL:9010793762:1790068897216813056' alert time 2026-09-22T09:27:36.084+00:00 was in the past, adjusted to current time for immediate firing[0m
[1m2026-09-22T09:27:36.084000000Z[0m [1;33m[WARN] TRADER-000.nautilus_common::clock: Timer 'SIGNAL:9010793762:1790068898198540800' alert time 2026-09-22T09:27:36.084+00:00 was in the past, adjusted to current time for immediate firing[0m
[1m2026-09-22T09:27:36.084000000Z[0m [1;33m[WARN] TRADER-000.nautilus_common::clock: Timer 'SIGNAL:9010793762:1790068899199286016' alert time 2026-09-22T09:27:36.084+00:00 was in the past, adjusted to current time for immediate firing[0m
[1m2026-09-22T09:27:36.084000000Z[0m [1;33m[WARN] TRADER-000.nautilus_common::clock: Timer 'SIGNAL:9010793762:1790068900199222016' alert time 2026-09-22T09:27:36.084+00:00 was in the past, adjusted to current time for immediate firing[0m
[1m2026-09-22T09:27:36.084000000Z[0m [1;33m[WARN] TRADER-000.nautilus_common::clock: Timer 'SIGNAL:9010793762:1790068901217307136' alert time 2026-09-22T09:27:36.084+00:00 was in the past, adjusted to current time for immediate firing[0m
[1m2026-09-22T09:27:36.084000000Z[0m [1;33m[WARN] TRADER-000.nautilus_common::clock: Timer 'SIGNAL:9010793762:1790068902209039872' alert time 2026-09-22T09:27:36.084+00:00 was in the past, adjusted to current time for immediate firing[0m
[1m2026-09-22T09:27:36.084000000Z[0m [1;33m[WARN] TRADER-000.nautilus_common::clock: Timer 'SIGNAL:9010793762:1790068903213967104' alert time 2026-09-22T09:27:36.084+00:00 was in the past, adjusted to current time for immediate firing[0m
[1m2026-09-22T09:27:36.084000000Z[0m [1;33m[WARN] TRADER-000.nautilus_common::clock: Timer 'SIGNAL:9010793762:1790068904233139968' alert time 2026-09-22T09:27:36.084+00:00 was in the past, adjusted to current time for immediate firing[0m
[1m2026-09-22T09:27:36.084000000Z[0m [1;33m[WARN] TRADER-000.nautilus_common::clock: Timer 'SIGNAL:9010793762:1790068905213453056' alert time 2026-09-22T09:27:36.084+00:00 was in the past, adjusted to current time for immediate firing[0m
[1m2026-09-22T09:27:36.084000000Z[0m [1;33m[WARN] TRADER-000.nautilus_common::clock: Timer 'SIGNAL:9010793762:1790068906215256064' alert time 2026-09-22T09:27:36.084+00:00 was in the past, adjusted to current time for immediate firing[0m
[1m2026-09-22T09:27:36.084000000Z[0m [1;33m[WARN] TRADER-000.nautilus_common::clock: Timer 'SIGNAL:9010793762:1790068907207360000' alert time 2026-09-22T09:27:36.084+00:00 was in the past, adjusted to current time for immediate firing[0m
[1m2026-09-22T09:27:36.084000000Z[0m [1;33m[WARN] TRADER-000.nautilus_common::clock: Timer 'SIGNAL:9010793762:1790068908208715008' alert time 2026-09-22T09:27:36.084+00:00 was in the past, adjusted to current time for immediate firing[0m
[1m2026-09-22T09:27:36.084000000Z[0m [1;33m[WARN] TRADER-000.nautilus_common::clock: Timer 'SIGNAL:9010793762:1790068909215544064' alert time 2026-09-22T09:27:36.084+00:00 was in the past, adjusted to current time for immediate firing[0m
[1m2026-09-22T09:27:36.084000000Z[0m [1;33m[WARN] TRADER-000.nautilus_common::clock: Timer 'SIGNAL:9010793762:1790068910213223936' alert time 2026-09-22T09:27:36.084+00:00 was in the past, adjusted to current time for immediate firing[0m
[1m2026-09-22T09:27:36.084000000Z[0m [1;33m[WARN] TRADER-000.nautilus_common::clock: Timer 'SIGNAL:9010793762:1790068911214880000' alert time 2026-09-22T09:27:36.084+00:00 was in the past, adjusted to current time for immediate firing[0m
[1m2026-09-22T09:27:36.084000000Z[0m [1;33m[WARN] TRADER-000.nautilus_common::clock: Timer 'SIGNAL:9010793762:1790068912201505792' alert time 2026-09-22T09:27:36.084+00:00 was in the past, adjusted to current time for immediate firing[0m
[1m2026-09-22T09:27:36.084000000Z[0m [1;33m[WARN] TRADER-000.nautilus_common::clock: Timer 'SIGNAL:9010793762:1790068913210635008' alert time 2026-09-22T09:27:36.084+00:00 was in the past, adjusted to current time for immediate firing[0m
[1m2026-09-22T09:27:36.084000000Z[0m [1;33m[WARN] TRADER-000.nautilus_common::clock: Timer 'SIGNAL:9010793762:1790068914214750976' alert time 2026-09-22T09:27:36.084+00:00 was in the past, adjusted to current time for immediate firing[0m
[1m2026-09-22T09:27:36.084000000Z[0m [1;33m[WARN] TRADER-000.nautilus_common::clock: Timer 'SIGNAL:9010793762:1790068916204657920' alert time 2026-09-22T09:27:36.084+00:00 was in the past, adjusted to current time for immediate firing[0m
[1m2026-09-22T09:27:36.084000000Z[0m [1;33m[WARN] TRADER-000.nautilus_common::clock: Timer 'SIGNAL:9010793762:1790068917121882880' alert time 2026-09-22T09:27:36.084+00:00 was in the past, adjusted to current time for immediate firing[0m
[1m2026-09-22T09:27:36.084000000Z[0m [1;33m[WARN] TRADER-000.nautilus_common::clock: Timer 'SIGNAL:9010793762:1790068918216754944' alert time 2026-09-22T09:27:36.084+00:00 was in the past, adjusted to current time for immediate firing[0m
[1m2026-09-22T09:27:36.084000000Z[0m [1;33m[WARN] TRADER-000.nautilus_common::clock: Timer 'SIGNAL:9010793762:1790068919215918080' alert time 2026-09-22T09:27:36.084+00:00 was in the past, adjusted to current time for immediate firing[0m
[1m2026-09-22T09:27:36.084000000Z[0m [1;33m[WARN] TRADER-000.nautilus_common::clock: Timer 'SIGNAL:9010793762:1790068920208229120' alert time 2026-09-22T09:27:36.084+00:00 was in the past, adjusted to current time for immediate firing[0m
[1m2026-09-22T09:27:36.084000000Z[0m [1;33m[WARN] TRADER-000.nautilus_common::clock: Timer 'SIGNAL:9010793762:1790068921212392192' alert time 2026-09-22T09:27:36.084+00:00 was in the past, adjusted to current time for immediate firing[0m
[1m2026-09-22T09:27:36.084000000Z[0m [1;33m[WARN] TRADER-000.nautilus_common::clock: Timer 'SIGNAL:9010793762:1790068922252475136' alert time 2026-09-22T09:27:36.084+00:00 was in the past, adjusted to current time for immediate firing[0m
[1m2026-09-22T09:27:36.084000000Z[0m [1;33m[WARN] TRADER-000.nautilus_common::clock: Timer 'SIGNAL:9010793762:1790068923208928000' alert time 2026-09-22T09:27:36.084+00:00 was in the past, adjusted to current time for immediate firing[0m
[1m2026-09-22T09:27:36.084000000Z[0m [1;33m[WARN] TRADER-000.nautilus_common::clock: Timer 'SIGNAL:9010793762:1790068924208183040' alert time 2026-09-22T09:27:36.084+00:00 was in the past, adjusted to current time for immediate firing[0m
[1m2026-09-22T09:27:36.084000000Z[0m [1;33m[WARN] TRADER-000.nautilus_common::clock: Timer 'SIGNAL:9010793762:1790068925199709952' alert time 2026-09-22T09:27:36.084+00:00 was in the past, adjusted to current time for immediate firing[0m
[1m2026-09-22T09:27:36.084000000Z[0m [1;33m[WARN] TRADER-000.nautilus_common::clock: Timer 'SIGNAL:9010793762:1790068926200370176' alert time 2026-09-22T09:27:36.084+00:00 was in the past, adjusted to current time for immediate firing[0m
[1m2026-09-22T09:27:36.084000000Z[0m [1;33m[WARN] TRADER-000.nautilus_common::clock: Timer 'SIGNAL:9010793762:1790068927199158016' alert time 2026-09-22T09:27:36.084+00:00 was in the past, adjusted to current time for immediate firing[0m
[1m2026-09-22T09:27:36.084000000Z[0m [1;33m[WARN] TRADER-000.nautilus_common::clock: Timer 'SIGNAL:9010793762:1790068928218105088' alert time 2026-09-22T09:27:36.084+00:00 was in the past, adjusted to current time for immediate firing[0m
[1m2026-09-22T09:27:36.084000000Z[0m [1;33m[WARN] TRADER-000.nautilus_common::clock: Timer 'SIGNAL:9010793762:1790068929213742848' alert time 2026-09-22T09:27:36.084+00:00 was in the past, adjusted to current time for immediate firing[0m
[1m2026-09-22T09:27:36.084000000Z[0m [1;33m[WARN] TRADER-000.nautilus_common::clock: Timer 'SIGNAL:9010793762:1790068930214193152' alert time 2026-09-22T09:27:36.084+00:00 was in the past, adjusted to current time for immediate firing[0m
[1m2026-09-22T09:27:36.084000000Z[0m [1;33m[WARN] TRADER-000.nautilus_common::clock: Timer 'SIGNAL:9010793762:1790068931218415872' alert time 2026-09-22T09:27:36.084+00:00 was in the past, adjusted to current time for immediate firing[0m
[1m2026-09-22T09:27:36.084000000Z[0m [1;33m[WARN] TRADER-000.nautilus_common::clock: Timer 'SIGNAL:9010793762:1790068932203628032' alert time 2026-09-22T09:27:36.084+00:00 was in the past, adjusted to current time for immediate firing[0m
[1m2026-09-22T09:27:36.084000000Z[0m [1;33m[WARN] TRADER-000.nautilus_common::clock: Timer 'SIGNAL:9010793762:1790068933209863936' alert time 2026-09-22T09:27:36.084+00:00 was in the past, adjusted to current time for immediate firing[0m
[1m2026-09-22T09:27:36.084000000Z[0m [1;33m[WARN] TRADER-000.nautilus_common::clock: Timer 'SIGNAL:9010793762:1790068934213031168' alert time 2026-09-22T09:27:36.084+00:00 was in the past, adjusted to current time for immediate firing[0m
[1m2026-09-22T09:27:36.084000000Z[0m [1;33m[WARN] TRADER-000.nautilus_common::clock: Timer 'SIGNAL:9010793762:1790068935215784960' alert time 2026-09-22T09:27:36.084+00:00 was in the past, adjusted to current time for immediate firing[0m
[1m2026-09-22T09:27:36.084000000Z[0m [1;33m[WARN] TRADER-000.nautilus_common::clock: Timer 'SIGNAL:9010793762:1790068936219584000' alert time 2026-09-22T09:27:36.084+00:00 was in the past, adjusted to current time for immediate firing[0m
[1m2026-09-22T09:27:36.084000000Z[0m [1;33m[WARN] TRADER-000.nautilus_common::clock: Timer 'SIGNAL:9010793762:1790068937209171968' alert time 2026-09-22T09:27:36.084+00:00 was in the past, adjusted to current time for immediate firing[0m
[1m2026-09-22T09:27:36.084000000Z[0m [1;33m[WARN] TRADER-000.nautilus_common::clock: Timer 'SIGNAL:9010793762:1790068938212363008' alert time 2026-09-22T09:27:36.084+00:00 was in the past, adjusted to current time for immediate firing[0m
[1m2026-09-22T09:27:36.084000000Z[0m [1;33m[WARN] TRADER-000.nautilus_common::clock: Timer 'SIGNAL:9010793762:1790068939216957184' alert time 2026-09-22T09:27:36.084+00:00 was in the past, adjusted to current time for immediate firing[0m
[1m2026-09-22T09:27:36.084000000Z[0m [1;33m[WARN] TRADER-000.nautilus_common::clock: Timer 'SIGNAL:9010793762:1790068940206433024' alert time 2026-09-22T09:27:36.084+00:00 was in the past, adjusted to current time for immediate firing[0m
[1m2026-09-22T09:27:36.084000000Z[0m [1;33m[WARN] TRADER-000.nautilus_common::clock: Timer 'SIGNAL:9010793762:1790068941214176768' alert time 2026-09-22T09:27:36.084+00:00 was in the past, adjusted to current time for immediate firing[0m
[1m2026-09-22T09:27:36.084000000Z[0m [1;33m[WARN] TRADER-000.nautilus_common::clock: Timer 'SIGNAL:9010793762:1790068942209836032' alert time 2026-09-22T09:27:36.084+00:00 was in the past, adjusted to current time for immediate firing[0m
[1m2026-09-22T09:27:36.084000000Z[0m [1;33m[WARN] TRADER-000.nautilus_common::clock: Timer 'SIGNAL:9010793762:1790068943214654976' alert time 2026-09-22T09:27:36.084+00:00 was in the past, adjusted to current time for immediate firing[0m
[1m2026-09-22T09:27:36.084000000Z[0m [1;33m[WARN] TRADER-000.nautilus_common::clock: Timer 'SIGNAL:9010793762:1790068944213126912' alert time 2026-09-22T09:27:36.084+00:00 was in the past, adjusted to current time for immediate firing[0m
[1m2026-09-22T09:27:36.084000000Z[0m [1;33m[WARN] TRADER-000.nautilus_common::clock: Timer 'SIGNAL:9010793762:1790068945209910016' alert time 2026-09-22T09:27:36.084+00:00 was in the past, adjusted to current time for immediate firing[0m
[1m2026-09-22T09:27:36.084000000Z[0m [1;33m[WARN] TRADER-000.nautilus_common::clock: Timer 'SIGNAL:9010793762:1790068946209225984' alert time 2026-09-22T09:27:36.084+00:00 was in the past, adjusted to current time for immediate firing[0m
[1m2026-09-22T09:27:36.084000000Z[0m [1;33m[WARN] TRADER-000.nautilus_common::clock: Timer 'SIGNAL:9010793762:1790068947208182016' alert time 2026-09-22T09:27:36.084+00:00 was in the past, adjusted to current time for immediate firing[0m
[1m2026-09-22T09:27:36.084000000Z[0m [1;33m[WARN] TRADER-000.nautilus_common::clock: Timer 'SIGNAL:9010793762:1790068947914575104' alert time 2026-09-22T09:27:36.084+00:00 was in the past, adjusted to current time for immediate firing[0m
[1m2026-09-22T09:27:36.084000000Z[0m [1;33m[WARN] TRADER-000.nautilus_common::clock: Timer 'SIGNAL:9010793762:1790068948905595136' alert time 2026-09-22T09:27:36.084+00:00 was in the past, adjusted to current time for immediate firing[0m
[1m2026-09-22T09:27:36.084000000Z[0m [1;33m[WARN] TRADER-000.nautilus_common::clock: Timer 'SIGNAL:9010793762:1790068949914753792' alert time 2026-09-22T09:27:36.084+00:00 was in the past, adjusted to current time for immediate firing[0m
[1m2026-09-22T09:27:36.084000000Z[0m [1;33m[WARN] TRADER-000.nautilus_common::clock: Timer 'SIGNAL:9010793762:1790068950801611008' alert time 2026-09-22T09:27:36.084+00:00 was in the past, adjusted to current time for immediate firing[0m
[1m2026-09-22T09:27:36.084000000Z[0m [1;33m[WARN] TRADER-000.nautilus_common::clock: Timer 'SIGNAL:9010793762:1790068951909849856' alert time 2026-09-22T09:27:36.084+00:00 was in the past, adjusted to current time for immediate firing[0m
[1m2026-09-22T09:27:36.084000000Z[0m [1;33m[WARN] TRADER-000.nautilus_common::clock: Timer 'SIGNAL:9010793762:1790068952808886016' alert time 2026-09-22T09:27:36.084+00:00 was in the past, adjusted to current time for immediate firing[0m
[1m2026-09-22T09:27:36.084000000Z[0m [1;33m[WARN] TRADER-000.nautilus_common::clock: Timer 'SIGNAL:9010793762:1790068953815094016' alert time 2026-09-22T09:27:36.084+00:00 was in the past, adjusted to current time for immediate firing[0m
[1m2026-09-22T09:27:36.084000000Z[0m [1;33m[WARN] TRADER-000.nautilus_common::clock: Timer 'SIGNAL:9010793762:1790068954914163968' alert time 2026-09-22T09:27:36.084+00:00 was in the past, adjusted to current time for immediate firing[0m
[1m2026-09-22T09:27:36.084000000Z[0m [1;33m[WARN] TRADER-000.nautilus_common::clock: Timer 'SIGNAL:9010793762:1790068955913431040' alert time 2026-09-22T09:27:36.084+00:00 was in the past, adjusted to current time for immediate firing[0m
[1m2026-09-22T09:27:36.084000000Z[0m [1;33m[WARN] TRADER-000.nautilus_common::clock: Timer 'SIGNAL:9010793762:1790068956816557056' alert time 2026-09-22T09:27:36.084+00:00 was in the past, adjusted to current time for immediate firing[0m
[1m2026-09-22T09:27:36.084000000Z[0m [1;33m[WARN] TRADER-000.nautilus_common::clock: Timer 'SIGNAL:9010793762:1790068957913113088' alert time 2026-09-22T09:27:36.084+00:00 was in the past, adjusted to current time for immediate firing[0m
[1m2026-09-22T09:27:36.084000000Z[0m [1;33m[WARN] TRADER-000.nautilus_common::clock: Timer 'SIGNAL:9010793762:1790068958924182016' alert time 2026-09-22T09:27:36.084+00:00 was in the past, adjusted to current time for immediate firing[0m
[1m2026-09-22T09:27:36.084000000Z[0m [1;33m[WARN] TRADER-000.nautilus_common::clock: Timer 'SIGNAL:9010793762:1790068959814630144' alert time 2026-09-22T09:27:36.084+00:00 was in the past, adjusted to current time for immediate firing[0m
[1m2026-09-22T09:27:36.084000000Z[0m [1;33m[WARN] TRADER-000.nautilus_common::clock: Timer 'SIGNAL:9010793762:1790068960812315904' alert time 2026-09-22T09:27:36.084+00:00 was in the past, adjusted to current time for immediate firing[0m
[1m2026-09-22T09:27:36.084000000Z[0m [1;33m[WARN] TRADER-000.nautilus_common::clock: Timer 'SIGNAL:9010793762:1790068961910404864' alert time 2026-09-22T09:27:36.084+00:00 was in the past, adjusted to current time for immediate firing[0m
[1m2026-09-22T09:27:36.084000000Z[0m [1;33m[WARN] TRADER-000.nautilus_common::clock: Timer 'SIGNAL:9010793762:1790068962812077056' alert time 2026-09-22T09:27:36.084+00:00 was in the past, adjusted to current time for immediate firing[0m
[1m2026-09-22T09:27:36.084000000Z[0m [1;33m[WARN] TRADER-000.nautilus_common::clock: Timer 'SIGNAL:9010793762:1790068963898590976' alert time 2026-09-22T09:27:36.084+00:00 was in the past, adjusted to current time for immediate firing[0m
[1m2026-09-22T09:27:36.084000000Z[0m [1;33m[WARN] TRADER-000.nautilus_common::clock: Timer 'SIGNAL:9010793762:1790068964810009088' alert time 2026-09-22T09:27:36.084+00:00 was in the past, adjusted to current time for immediate firing[0m
[1m2026-09-22T09:27:36.084000000Z[0m [1;33m[WARN] TRADER-000.nautilus_common::clock: Timer 'SIGNAL:9010793762:1790068965810429952' alert time 2026-09-22T09:27:36.084+00:00 was in the past, adjusted to current time for immediate firing[0m
[1m2026-09-22T09:27:36.084000000Z[0m [1;33m[WARN] TRADER-000.nautilus_common::clock: Timer 'SIGNAL:9010793762:1790068966828272128' alert time 2026-09-22T09:27:36.084+00:00 was in the past, adjusted to current time for immediate firing[0m
[1m2026-09-22T09:27:36.084000000Z[0m [1;33m[WARN] TRADER-000.nautilus_common::clock: Timer 'SIGNAL:9010793762:1790068967815064832' alert time 2026-09-22T09:27:36.084+00:00 was in the past, adjusted to current time for immediate firing[0m
[1m2026-09-22T09:27:36.084000000Z[0m [1;33m[WARN] TRADER-000.nautilus_common::clock: Timer 'SIGNAL:9010793762:1790068968916179968' alert time 2026-09-22T09:27:36.084+00:00 was in the past, adjusted to current time for immediate firing[0m
[1m2026-09-22T09:27:36.084000000Z[0m [1;33m[WARN] TRADER-000.nautilus_common::clock: Timer 'SIGNAL:9010793762:1790068969915555072' alert time 2026-09-22T09:27:36.084+00:00 was in the past, adjusted to current time for immediate firing[0m
[1m2026-09-22T09:27:36.084000000Z[0m [1;33m[WARN] TRADER-000.nautilus_common::clock: Timer 'SIGNAL:9010793762:1790068970808880128' alert time 2026-09-22T09:27:36.084+00:00 was in the past, adjusted to current time for immediate firing[0m
[1m2026-09-22T09:27:36.084000000Z[0m [1;33m[WARN] TRADER-000.nautilus_common::clock: Timer 'SIGNAL:9010793762:1790068971899430912' alert time 2026-09-22T09:27:36.084+00:00 was in the past, adjusted to current time for immediate firing[0m
[1m2026-09-22T09:27:36.084000000Z[0m [1;33m[WARN] TRADER-000.nautilus_common::clock: Timer 'SIGNAL:9010793762:1790068972915597824' alert time 2026-09-22T09:27:36.084+00:00 was in the past, adjusted to current time for immediate firing[0m
[1m2026-09-22T09:27:36.084000000Z[0m [1;33m[WARN] TRADER-000.nautilus_common::clock: Timer 'SIGNAL:9010793762:1790068973908327936' alert time 2026-09-22T09:27:36.084+00:00 was in the past, adjusted to current time for immediate firing[0m
[1m2026-09-22T09:27:36.084000000Z[0m [1;33m[WARN] TRADER-000.nautilus_common::clock: Timer 'SIGNAL:9010793762:1790068974808381952' alert time 2026-09-22T09:27:36.084+00:00 was in the past, adjusted to current time for immediate firing[0m
[1m2026-09-22T09:27:36.084000000Z[0m [1;33m[WARN] TRADER-000.nautilus_common::clock: Timer 'SIGNAL:9010793762:1790068975819389184' alert time 2026-09-22T09:27:36.084+00:00 was in the past, adjusted to current time for immediate firing[0m
[1m2026-09-22T09:27:36.084000000Z[0m [1;33m[WARN] TRADER-000.nautilus_common::clock: Timer 'SIGNAL:9010793762:1790068976816481024' alert time 2026-09-22T09:27:36.084+00:00 was in the past, adjusted to current time for immediate firing[0m
[1m2026-09-22T09:27:36.084000000Z[0m [1;33m[WARN] TRADER-000.nautilus_common::clock: Timer 'SIGNAL:9010793762:1790068977937935104' alert time 2026-09-22T09:27:36.084+00:00 was in the past, adjusted to current time for immediate firing[0m
[1m2026-09-22T09:27:36.084000000Z[0m [1;33m[WARN] TRADER-000.nautilus_common::clock: Timer 'SIGNAL:9010793762:1790068978910356992' alert time 2026-09-22T09:27:36.084+00:00 was in the past, adjusted to current time for immediate firing[0m
[1m2026-09-22T09:27:36.084000000Z[0m [1;33m[WARN] TRADER-000.nautilus_common::clock: Timer 'SIGNAL:9010793762:1790068979911740160' alert time 2026-09-22T09:27:36.084+00:00 was in the past, adjusted to current time for immediate firing[0m
[1m2026-09-22T09:27:36.084000000Z[0m [1;33m[WARN] TRADER-000.nautilus_common::clock: Timer 'SIGNAL:9010793762:1790068980909646080' alert time 2026-09-22T09:27:36.084+00:00 was in the past, adjusted to current time for immediate firing[0m
[1m2026-09-22T09:27:36.084000000Z[0m [1;33m[WARN] TRADER-000.nautilus_common::clock: Timer 'SIGNAL:9010793762:1790068981929563904' alert time 2026-09-22T09:27:36.084+00:00 was in the past, adjusted to current time for immediate firing[0m
[1m2026-09-22T09:27:36.084000000Z[0m [1;33m[WARN] TRADER-000.nautilus_common::clock: Timer 'SIGNAL:9010793762:1790068982918072064' alert time 2026-09-22T09:27:36.084+00:00 was in the past, adjusted to current time for immediate firing[0m
[1m2026-09-22T09:27:36.084000000Z[0m [1;33m[WARN] TRADER-000.nautilus_common::clock: Timer 'SIGNAL:9010793762:1790068983916930048' alert time 2026-09-22T09:27:36.084+00:00 was in the past, adjusted to current time for immediate firing[0m
[1m2026-09-22T09:27:36.084000000Z[0m [1;33m[WARN] TRADER-000.nautilus_common::clock: Timer 'SIGNAL:9010793762:1790068984924929024' alert time 2026-09-22T09:27:36.084+00:00 was in the past, adjusted to current time for immediate firing[0m
[1m2026-09-22T09:27:36.084000000Z[0m [1;33m[WARN] TRADER-000.nautilus_common::clock: Timer 'SIGNAL:9010793762:1790068985913126912' alert time 2026-09-22T09:27:36.084+00:00 was in the past, adjusted to current time for immediate firing[0m
[1m2026-09-22T09:27:36.084000000Z[0m [1;33m[WARN] TRADER-000.nautilus_common::clock: Timer 'SIGNAL:9010793762:1790068986918256896' alert time 2026-09-22T09:27:36.084+00:00 was in the past, adjusted to current time for immediate firing[0m
[1m2026-09-22T09:27:36.084000000Z[0m [1;33m[WARN] TRADER-000.nautilus_common::clock: Timer 'SIGNAL:9010793762:1790068987914416128' alert time 2026-09-22T09:27:36.084+00:00 was in the past, adjusted to current time for immediate firing[0m
[1m2026-09-22T09:27:36.084000000Z[0m [1;33m[WARN] TRADER-000.nautilus_common::clock: Timer 'SIGNAL:9010793762:1790068988947312128' alert time 2026-09-22T09:27:36.084+00:00 was in the past, adjusted to current time for immediate firing[0m
[1m2026-09-22T09:27:36.084000000Z[0m [1;33m[WARN] TRADER-000.nautilus_common::clock: Timer 'SIGNAL:9010793762:1790068989918520064' alert time 2026-09-22T09:27:36.084+00:00 was in the past, adjusted to current time for immediate firing[0m
[1m2026-09-22T09:27:36.084000000Z[0m [1;33m[WARN] TRADER-000.nautilus_common::clock: Timer 'SIGNAL:9010793762:1790068990914020096' alert time 2026-09-22T09:27:36.084+00:00 was in the past, adjusted to current time for immediate firing[0m
[1m2026-09-22T09:27:36.084000000Z[0m [1;33m[WARN] TRADER-000.nautilus_common::clock: Timer 'SIGNAL:9010793762:1790068991921658880' alert time 2026-09-22T09:27:36.084+00:00 was in the past, adjusted to current time for immediate firing[0m
[1m2026-09-22T09:27:36.084000000Z[0m [1;33m[WARN] TRADER-000.nautilus_common::clock: Timer 'SIGNAL:9010793762:1790068992916672000' alert time 2026-09-22T09:27:36.084+00:00 was in the past, adjusted to current time for immediate firing[0m
[1m2026-09-22T09:27:36.084000000Z[0m [1;33m[WARN] TRADER-000.nautilus_common::clock: Timer 'SIGNAL:9010793762:1790068993912913920' alert time 2026-09-22T09:27:36.084+00:00 was in the past, adjusted to current time for immediate firing[0m
[1m2026-09-22T09:27:36.084000000Z[0m [1;33m[WARN] TRADER-000.nautilus_common::clock: Timer 'SIGNAL:9010793762:1790068994966988032' alert time 2026-09-22T09:27:36.084+00:00 was in the past, adjusted to current time for immediate firing[0m
[1m2026-09-22T09:27:36.084000000Z[0m [1;33m[WARN] TRADER-000.nautilus_common::clock: Timer 'SIGNAL:9010793762:1790068995915873024' alert time 2026-09-22T09:27:36.084+00:00 was in the past, adjusted to current time for immediate firing[0m
[1m2026-09-22T09:27:36.084000000Z[0m [1;33m[WARN] TRADER-000.nautilus_common::clock: Timer 'SIGNAL:9010793762:1790068996914094848' alert time 2026-09-22T09:27:36.084+00:00 was in the past, adjusted to current time for immediate firing[0m
[1m2026-09-22T09:27:36.084000000Z[0m [1;33m[WARN] TRADER-000.nautilus_common::clock: Timer 'SIGNAL:9010793762:1790068997918782976' alert time 2026-09-22T09:27:36.084+00:00 was in the past, adjusted to current time for immediate firing[0m
[1m2026-09-22T09:27:36.084000000Z[0m [1;33m[WARN] TRADER-000.nautilus_common::clock: Timer 'SIGNAL:9010793762:1790068998926114048' alert time 2026-09-22T09:27:36.084+00:00 was in the past, adjusted to current time for immediate firing[0m
[1m2026-09-22T09:27:36.084000000Z[0m [1;33m[WARN] TRADER-000.nautilus_common::clock: Timer 'SIGNAL:9010793762:1790068999917155072' alert time 2026-09-22T09:27:36.084+00:00 was in the past, adjusted to current time for immediate firing[0m
[1m2026-09-22T09:27:36.084000000Z[0m [1;33m[WARN] TRADER-000.nautilus_common::clock: Timer 'SIGNAL:9010793762:1790069000922348032' alert time 2026-09-22T09:27:36.084+00:00 was in the past, adjusted to current time for immediate firing[0m
[1m2026-09-22T09:27:36.084000000Z[0m [1;33m[WARN] TRADER-000.nautilus_common::clock: Timer 'SIGNAL:9010793762:1790069001911150080' alert time 2026-09-22T09:27:36.084+00:00 was in the past, adjusted to current time for immediate firing[0m
[1m2026-09-22T09:27:36.084000000Z[0m [1;33m[WARN] TRADER-000.nautilus_common::clock: Timer 'SIGNAL:9010793762:1790069002924496896' alert time 2026-09-22T09:27:36.084+00:00 was in the past, adjusted to current time for immediate firing[0m
[1m2026-09-22T09:27:36.084000000Z[0m [1;33m[WARN] TRADER-000.nautilus_common::clock: Timer 'SIGNAL:9010793762:1790069003918526976' alert time 2026-09-22T09:27:36.084+00:00 was in the past, adjusted to current time for immediate firing[0m
[1m2026-09-22T09:27:36.084000000Z[0m [1;33m[WARN] TRADER-000.nautilus_common::clock: Timer 'SIGNAL:9010793762:1790069004917331968' alert time 2026-09-22T09:27:36.084+00:00 was in the past, adjusted to current time for immediate firing[0m
[1m2026-09-22T09:27:36.084000000Z[0m [1;33m[WARN] TRADER-000.nautilus_common::clock: Timer 'SIGNAL:9010793762:1790069005912584192' alert time 2026-09-22T09:27:36.084+00:00 was in the past, adjusted to current time for immediate firing[0m
[1m2026-09-22T09:27:36.084000000Z[0m [1;33m[WARN] TRADER-000.nautilus_common::clock: Timer 'SIGNAL:9010793762:1790069006913953024' alert time 2026-09-22T09:27:36.084+00:00 was in the past, adjusted to current time for immediate firing[0m
[1m2026-09-22T09:27:36.084000000Z[0m [1;33m[WARN] TRADER-000.nautilus_common::clock: Timer 'SIGNAL:9010793762:1790069007926682880' alert time 2026-09-22T09:27:36.084+00:00 was in the past, adjusted to current time for immediate firing[0m
[1m2026-09-22T09:27:36.084000000Z[0m [1;33m[WARN] TRADER-000.nautilus_common::clock: Timer 'SIGNAL:9010793762:1790069008900360960' alert time 2026-09-22T09:27:36.084+00:00 was in the past, adjusted to current time for immediate firing[0m
[1m2026-09-22T09:27:36.084000000Z[0m [1;33m[WARN] TRADER-000.nautilus_common::clock: Timer 'SIGNAL:9010793762:1790069009911483136' alert time 2026-09-22T09:27:36.084+00:00 was in the past, adjusted to current time for immediate firing[0m
[1m2026-09-22T09:27:36.084000000Z[0m [1;33m[WARN] TRADER-000.nautilus_common::clock: Timer 'SIGNAL:9010793762:1790069010911735040' alert time 2026-09-22T09:27:36.084+00:00 was in the past, adjusted to current time for immediate firing[0m
[1m2026-09-22T09:27:36.084000000Z[0m [1;33m[WARN] TRADER-000.nautilus_common::clock: Timer 'SIGNAL:9010793762:1790069011912761088' alert time 2026-09-22T09:27:36.084+00:00 was in the past, adjusted to current time for immediate firing[0m
[1m2026-09-22T09:27:36.084000000Z[0m [1;33m[WARN] TRADER-000.nautilus_common::clock: Timer 'SIGNAL:9010793762:1790069012920801024' alert time 2026-09-22T09:27:36.084+00:00 was in the past, adjusted to current time for immediate firing[0m
[1m2026-09-22T09:27:36.084000000Z[0m [1;33m[WARN] TRADER-000.nautilus_common::clock: Timer 'SIGNAL:9010793762:1790069013931761152' alert time 2026-09-22T09:27:36.084+00:00 was in the past, adjusted to current time for immediate firing[0m
[1m2026-09-22T09:27:36.084000000Z[0m [1;33m[WARN] TRADER-000.nautilus_common::clock: Timer 'SIGNAL:9010793762:1790069014920736000' alert time 2026-09-22T09:27:36.084+00:00 was in the past, adjusted to current time for immediate firing[0m
[1m2026-09-22T09:27:36.084000000Z[0m [1;33m[WARN] TRADER-000.nautilus_common::clock: Timer 'SIGNAL:9010793762:1790069015910497792' alert time 2026-09-22T09:27:36.084+00:00 was in the past, adjusted to current time for immediate firing[0m
[1m2026-09-22T09:27:36.084000000Z[0m [1;33m[WARN] TRADER-000.nautilus_common::clock: Timer 'SIGNAL:9010793762:1790069016917468928' alert time 2026-09-22T09:27:36.084+00:00 was in the past, adjusted to current time for immediate firing[0m
[1m2026-09-22T09:27:36.084000000Z[0m [1;33m[WARN] TRADER-000.nautilus_common::clock: Timer 'SIGNAL:9010793762:1790069017921523968' alert time 2026-09-22T09:27:36.084+00:00 was in the past, adjusted to current time for immediate firing[0m
[1m2026-09-22T09:27:36.084000000Z[0m [1;33m[WARN] TRADER-000.nautilus_common::clock: Timer 'SIGNAL:9010793762:1790069018919329024' alert time 2026-09-22T09:27:36.084+00:00 was in the past, adjusted to current time for immediate firing[0m
[1m2026-09-22T09:27:36.084000000Z[0m [1;33m[WARN] TRADER-000.nautilus_common::clock: Timer 'SIGNAL:9010793762:1790069019920241152' alert time 2026-09-22T09:27:36.084+00:00 was in the past, adjusted to current time for immediate firing[0m
[1m2026-09-22T09:27:36.084000000Z[0m [1;33m[WARN] TRADER-000.nautilus_common::clock: Timer 'SIGNAL:9010793762:1790069020917764864' alert time 2026-09-22T09:27:36.084+00:00 was in the past, adjusted to current time for immediate firing[0m
[1m2026-09-22T09:27:36.084000000Z[0m [1;33m[WARN] TRADER-000.nautilus_common::clock: Timer 'SIGNAL:9010793762:1790069021922787072' alert time 2026-09-22T09:27:36.084+00:00 was in the past, adjusted to current time for immediate firing[0m
[1m2026-09-22T09:27:36.084000000Z[0m [1;33m[WARN] TRADER-000.nautilus_common::clock: Timer 'SIGNAL:9010793762:1790069022924155904' alert time 2026-09-22T09:27:36.084+00:00 was in the past, adjusted to current time for immediate firing[0m
[1m2026-09-22T09:27:36.084000000Z[0m [1;33m[WARN] TRADER-000.nautilus_common::clock: Timer 'SIGNAL:9010793762:1790069023917453056' alert time 2026-09-22T09:27:36.084+00:00 was in the past, adjusted to current time for immediate firing[0m
[1m2026-09-22T09:27:36.084000000Z[0m [1;33m[WARN] TRADER-000.nautilus_common::clock: Timer 'SIGNAL:9010793762:1790069024919950848' alert time 2026-09-22T09:27:36.084+00:00 was in the past, adjusted to current time for immediate firing[0m
[1m2026-09-22T09:27:36.084000000Z[0m [1;33m[WARN] TRADER-000.nautilus_common::clock: Timer 'SIGNAL:9010793762:1790069025818622208' alert time 2026-09-22T09:27:36.084+00:00 was in the past, adjusted to current time for immediate firing[0m
[1m2026-09-22T09:27:36.084000000Z[0m [1;33m[WARN] TRADER-000.nautilus_common::clock: Timer 'SIGNAL:9010793762:1790069026917831936' alert time 2026-09-22T09:27:36.084+00:00 was in the past, adjusted to current time for immediate firing[0m
[1m2026-09-22T09:27:36.084000000Z[0m [1;33m[WARN] TRADER-000.nautilus_common::clock: Timer 'SIGNAL:9010793762:1790069027919219968' alert time 2026-09-22T09:27:36.084+00:00 was in the past, adjusted to current time for immediate firing[0m
[1m2026-09-22T09:27:36.084000000Z[0m [1;33m[WARN] TRADER-000.nautilus_common::clock: Timer 'SIGNAL:9010793762:1790069028918418944' alert time 2026-09-22T09:27:36.084+00:00 was in the past, adjusted to current time for immediate firing[0m
[1m2026-09-22T09:27:36.084000000Z[0m [1;33m[WARN] TRADER-000.nautilus_common::clock: Timer 'SIGNAL:9010793762:1790069029919454208' alert time 2026-09-22T09:27:36.084+00:00 was in the past, adjusted to current time for immediate firing[0m
[1m2026-09-22T09:27:36.084000000Z[0m [1;33m[WARN] TRADER-000.nautilus_common::clock: Timer 'SIGNAL:9010793762:1790069030910439936' alert time 2026-09-22T09:27:36.084+00:00 was in the past, adjusted to current time for immediate firing[0m
[1m2026-09-22T09:27:36.084000000Z[0m [1;33m[WARN] TRADER-000.nautilus_common::clock: Timer 'SIGNAL:9010793762:1790069031920057088' alert time 2026-09-22T09:27:36.084+00:00 was in the past, adjusted to current time for immediate firing[0m
[1m2026-09-22T09:27:36.084000000Z[0m [1;33m[WARN] TRADER-000.nautilus_common::clock: Timer 'SIGNAL:9010793762:1790069032919936768' alert time 2026-09-22T09:27:36.084+00:00 was in the past, adjusted to current time for immediate firing[0m
[1m2026-09-22T09:27:36.084000000Z[0m [1;33m[WARN] TRADER-000.nautilus_common::clock: Timer 'SIGNAL:9010793762:1790069033912030976' alert time 2026-09-22T09:27:36.084+00:00 was in the past, adjusted to current time for immediate firing[0m
[1m2026-09-22T09:27:36.084000000Z[0m [1;33m[WARN] TRADER-000.nautilus_common::clock: Timer 'SIGNAL:9010793762:1790069034917131776' alert time 2026-09-22T09:27:36.084+00:00 was in the past, adjusted to current time for immediate firing[0m
[1m2026-09-22T09:27:36.084000000Z[0m [1;33m[WARN] TRADER-000.nautilus_common::clock: Timer 'SIGNAL:9010793762:1790069035916125184' alert time 2026-09-22T09:27:36.084+00:00 was in the past, adjusted to current time for immediate firing[0m
[1m2026-09-22T09:27:36.084000000Z[0m [1;33m[WARN] TRADER-000.nautilus_common::clock: Timer 'SIGNAL:9010793762:1790069036917541888' alert time 2026-09-22T09:27:36.084+00:00 was in the past, adjusted to current time for immediate firing[0m
[1m2026-09-22T09:27:36.084000000Z[0m [1;33m[WARN] TRADER-000.nautilus_common::clock: Timer 'SIGNAL:9010793762:1790069037923901952' alert time 2026-09-22T09:27:36.084+00:00 was in the past, adjusted to current time for immediate firing[0m
[1m2026-09-22T09:27:36.084000000Z[0m [1;33m[WARN] TRADER-000.nautilus_common::clock: Timer 'SIGNAL:9010793762:1790069038920180992' alert time 2026-09-22T09:27:36.084+00:00 was in the past, adjusted to current time for immediate firing[0m
[1m2026-09-22T09:27:36.084000000Z[0m [1;33m[WARN] TRADER-000.nautilus_common::clock: Timer 'SIGNAL:9010793762:1790069039912455168' alert time 2026-09-22T09:27:36.084+00:00 was in the past, adjusted to current time for immediate firing[0m
[1m2026-09-22T09:27:36.084000000Z[0m [1;33m[WARN] TRADER-000.nautilus_common::clock: Timer 'SIGNAL:9010793762:1790069040918692096' alert time 2026-09-22T09:27:36.084+00:00 was in the past, adjusted to current time for immediate firing[0m
[1m2026-09-22T09:27:36.084000000Z[0m [1;33m[WARN] TRADER-000.nautilus_common::clock: Timer 'SIGNAL:9010793762:1790069041929261056' alert time 2026-09-22T09:27:36.084+00:00 was in the past, adjusted to current time for immediate firing[0m
[1m2026-09-22T09:27:36.084000000Z[0m [1;33m[WARN] TRADER-000.nautilus_common::clock: Timer 'SIGNAL:9010793762:1790069042923625984' alert time 2026-09-22T09:27:36.084+00:00 was in the past, adjusted to current time for immediate firing[0m
[1m2026-09-22T09:27:36.084000000Z[0m [1;33m[WARN] TRADER-000.nautilus_common::clock: Timer 'SIGNAL:9010793762:1790069043931273984' alert time 2026-09-22T09:27:36.084+00:00 was in the past, adjusted to current time for immediate firing[0m
[1m2026-09-22T09:27:36.084000000Z[0m [1;33m[WARN] TRADER-000.nautilus_common::clock: Timer 'SIGNAL:9010793762:1790069044920139008' alert time 2026-09-22T09:27:36.084+00:00 was in the past, adjusted to current time for immediate firing[0m
[1m2026-09-22T09:27:36.084000000Z[0m [1;33m[WARN] TRADER-000.nautilus_common::clock: Timer 'SIGNAL:9010793762:1790069045912643840' alert time 2026-09-22T09:27:36.084+00:00 was in the past, adjusted to current time for immediate firing[0m
[1m2026-09-22T09:27:36.084000000Z[0m [1;33m[WARN] TRADER-000.nautilus_common::clock: Timer 'SIGNAL:9010793762:1790069046899076864' alert time 2026-09-22T09:27:36.084+00:00 was in the past, adjusted to current time for immediate firing[0m
[1m2026-09-22T09:27:36.084000000Z[0m [1;33m[WARN] TRADER-000.nautilus_common::clock: Timer 'SIGNAL:9010793762:1790069047912945920' alert time 2026-09-22T09:27:36.084+00:00 was in the past, adjusted to current time for immediate firing[0m
[1m2026-09-22T09:27:36.084000000Z[0m [1;33m[WARN] TRADER-000.nautilus_common::clock: Timer 'SIGNAL:9010793762:1790069048932660224' alert time 2026-09-22T09:27:36.084+00:00 was in the past, adjusted to current time for immediate firing[0m
[1m2026-09-22T09:27:36.084000000Z[0m [1;33m[WARN] TRADER-000.nautilus_common::clock: Timer 'SIGNAL:9010793762:1790069049919704832' alert time 2026-09-22T09:27:36.084+00:00 was in the past, adjusted to current time for immediate firing[0m
[1m2026-09-22T09:27:36.084000000Z[0m [1;33m[WARN] TRADER-000.nautilus_common::clock: Timer 'SIGNAL:9010793762:1790069050921298944' alert time 2026-09-22T09:27:36.084+00:00 was in the past, adjusted to current time for immediate firing[0m
[1m2026-09-22T09:27:36.084000000Z[0m [1;33m[WARN] TRADER-000.nautilus_common::clock: Timer 'SIGNAL:9010793762:1790069051899631104' alert time 2026-09-22T09:27:36.084+00:00 was in the past, adjusted to current time for immediate firing[0m
[1m2026-09-22T09:27:36.084000000Z[0m [1;33m[WARN] TRADER-000.nautilus_common::clock: Timer 'SIGNAL:9010793762:1790069052914231040' alert time 2026-09-22T09:27:36.084+00:00 was in the past, adjusted to current time for immediate firing[0m
[1m2026-09-22T09:27:36.084000000Z[0m [1;33m[WARN] TRADER-000.nautilus_common::clock: Timer 'SIGNAL:9010793762:1790069053917826048' alert time 2026-09-22T09:27:36.084+00:00 was in the past, adjusted to current time for immediate firing[0m
[1m2026-09-22T09:27:36.084000000Z[0m [1;33m[WARN] TRADER-000.nautilus_common::clock: Timer 'SIGNAL:9010793762:1790069054917551104' alert time 2026-09-22T09:27:36.084+00:00 was in the past, adjusted to current time for immediate firing[0m
[1m2026-09-22T09:27:36.084000000Z[0m [1;33m[WARN] TRADER-000.nautilus_common::clock: Timer 'SIGNAL:9010793762:1790069055919019008' alert time 2026-09-22T09:27:36.084+00:00 was in the past, adjusted to current time for immediate firing[0m
[1m2026-09-22T09:27:36.084000000Z[0m [1;33m[WARN] TRADER-000.nautilus_common::clock: Timer 'SIGNAL:9010793762:1790069056926767104' alert time 2026-09-22T09:27:36.084+00:00 was in the past, adjusted to current time for immediate firing[0m
[1m2026-09-22T09:27:36.084000000Z[0m [1;33m[WARN] TRADER-000.nautilus_common::clock: Timer 'SIGNAL:9010793762:1790069057913038848' alert time 2026-09-22T09:27:36.084+00:00 was in the past, adjusted to current time for immediate firing[0m
[1m2026-09-22T09:27:36.084000000Z[0m [1;33m[WARN] TRADER-000.nautilus_common::clock: Timer 'SIGNAL:9010793762:1790069058911554048' alert time 2026-09-22T09:27:36.084+00:00 was in the past, adjusted to current time for immediate firing[0m
[1m2026-09-22T09:27:36.084000000Z[0m [1;33m[WARN] TRADER-000.nautilus_common::clock: Timer 'SIGNAL:9010793762:1790069060122754048' alert time 2026-09-22T09:27:36.084+00:00 was in the past, adjusted to current time for immediate firing[0m
[1m2026-09-22T09:27:36.084000000Z[0m [1;33m[WARN] TRADER-000.nautilus_common::clock: Timer 'SIGNAL:9010793762:1790069061123333888' alert time 2026-09-22T09:27:36.084+00:00 was in the past, adjusted to current time for immediate firing[0m
[1m2026-09-22T09:27:36.084000000Z[0m [1;33m[WARN] TRADER-000.nautilus_common::clock: Timer 'SIGNAL:9010793762:1790069062107086848' alert time 2026-09-22T09:27:36.084+00:00 was in the past, adjusted to current time for immediate firing[0m
[1m2026-09-22T09:27:36.084000000Z[0m [1;33m[WARN] TRADER-000.nautilus_common::clock: Timer 'SIGNAL:9010793762:1790069063117074944' alert time 2026-09-22T09:27:36.084+00:00 was in the past, adjusted to current time for immediate firing[0m
[1m2026-09-22T09:27:36.084000000Z[0m [1;33m[WARN] TRADER-000.nautilus_common::clock: Timer 'SIGNAL:9010793762:1790069064111083008' alert time 2026-09-22T09:27:36.084+00:00 was in the past, adjusted to current time for immediate firing[0m
[1m2026-09-22T09:27:36.084000000Z[0m [1;33m[WARN] TRADER-000.nautilus_common::clock: Timer 'SIGNAL:9010793762:1790069065115219968' alert time 2026-09-22T09:27:36.084+00:00 was in the past, adjusted to current time for immediate firing[0m
[1m2026-09-22T09:27:36.084000000Z[0m [1;33m[WARN] TRADER-000.nautilus_common::clock: Timer 'SIGNAL:9010793762:1790069066112980992' alert time 2026-09-22T09:27:36.084+00:00 was in the past, adjusted to current time for immediate firing[0m
[1m2026-09-22T09:27:36.084000000Z[0m [1;33m[WARN] TRADER-000.nautilus_common::clock: Timer 'SIGNAL:9010793762:1790069067116153856' alert time 2026-09-22T09:27:36.084+00:00 was in the past, adjusted to current time for immediate firing[0m
[1m2026-09-22T09:27:36.084000000Z[0m [1;33m[WARN] TRADER-000.nautilus_common::clock: Timer 'SIGNAL:9010793762:1790069068118323200' alert time 2026-09-22T09:27:36.084+00:00 was in the past, adjusted to current time for immediate firing[0m
[1m2026-09-22T09:27:36.084000000Z[0m [1;33m[WARN] TRADER-000.nautilus_common::clock: Timer 'SIGNAL:9010793762:1790069069121361920' alert time 2026-09-22T09:27:36.084+00:00 was in the past, adjusted to current time for immediate firing[0m
[1m2026-09-22T09:27:36.084000000Z[0m [1;33m[WARN] TRADER-000.nautilus_common::clock: Timer 'SIGNAL:9010793762:1790069070112278016' alert time 2026-09-22T09:27:36.084+00:00 was in the past, adjusted to current time for immediate firing[0m
[1m2026-09-22T09:27:36.084000000Z[0m [1;33m[WARN] TRADER-000.nautilus_common::clock: Timer 'SIGNAL:9010793762:1790069071101698048' alert time 2026-09-22T09:27:36.084+00:00 was in the past, adjusted to current time for immediate firing[0m
[1m2026-09-22T09:27:36.084000000Z[0m [1;33m[WARN] TRADER-000.nautilus_common::clock: Timer 'SIGNAL:9010793762:1790069072116907008' alert time 2026-09-22T09:27:36.084+00:00 was in the past, adjusted to current time for immediate firing[0m
[1m2026-09-22T09:27:36.084000000Z[0m [1;33m[WARN] TRADER-000.nautilus_common::clock: Timer 'SIGNAL:9010793762:1790069073113063168' alert time 2026-09-22T09:27:36.084+00:00 was in the past, adjusted to current time for immediate firing[0m
[1m2026-09-22T09:27:36.084000000Z[0m [1;33m[WARN] TRADER-000.nautilus_common::clock: Timer 'SIGNAL:9010793762:1790069074122672128' alert time 2026-09-22T09:27:36.084+00:00 was in the past, adjusted to current time for immediate firing[0m
[1m2026-09-22T09:27:36.084000000Z[0m [1;33m[WARN] TRADER-000.nautilus_common::clock: Timer 'SIGNAL:9010793762:1790069075120112896' alert time 2026-09-22T09:27:36.084+00:00 was in the past, adjusted to current time for immediate firing[0m
[1m2026-09-22T09:27:36.084000000Z[0m [1;33m[WARN] TRADER-000.nautilus_common::clock: Timer 'SIGNAL:9010793762:1790069076111943936' alert time 2026-09-22T09:27:36.084+00:00 was in the past, adjusted to current time for immediate firing[0m
[1m2026-09-22T09:27:36.084000000Z[0m [1;33m[WARN] TRADER-000.nautilus_common::clock: Timer 'SIGNAL:9010793762:1790069077124707072' alert time 2026-09-22T09:27:36.084+00:00 was in the past, adjusted to current time for immediate firing[0m
[1m2026-09-22T09:27:36.084000000Z[0m [1;33m[WARN] TRADER-000.nautilus_common::clock: Timer 'SIGNAL:9010793762:1790069078117917184' alert time 2026-09-22T09:27:36.084+00:00 was in the past, adjusted to current time for immediate firing[0m
[1m2026-09-22T09:27:36.084000000Z[0m [1;33m[WARN] TRADER-000.nautilus_common::clock: Timer 'SIGNAL:9010793762:1790069079100344064' alert time 2026-09-22T09:27:36.084+00:00 was in the past, adjusted to current time for immediate firing[0m
[1m2026-09-22T09:27:36.084000000Z[0m [1;33m[WARN] TRADER-000.nautilus_common::clock: Timer 'SIGNAL:9010793762:1790069080112567040' alert time 2026-09-22T09:27:36.084+00:00 was in the past, adjusted to current time for immediate firing[0m
[1m2026-09-22T09:27:36.084000000Z[0m [1;33m[WARN] TRADER-000.nautilus_common::clock: Timer 'SIGNAL:9010793762:1790069081114598912' alert time 2026-09-22T09:27:36.084+00:00 was in the past, adjusted to current time for immediate firing[0m
[1m2026-09-22T09:27:36.084000000Z[0m [1;33m[WARN] TRADER-000.nautilus_common::clock: Timer 'SIGNAL:9010793762:1790069082463288064' alert time 2026-09-22T09:27:36.084+00:00 was in the past, adjusted to current time for immediate firing[0m
[1m2026-09-22T09:27:36.084000000Z[0m [1;33m[WARN] TRADER-000.nautilus_common::clock: Timer 'SIGNAL:9010793762:1790069083113528064' alert time 2026-09-22T09:27:36.084+00:00 was in the past, adjusted to current time for immediate firing[0m
[1m2026-09-22T09:27:36.084000000Z[0m [1;33m[WARN] TRADER-000.nautilus_common::clock: Timer 'SIGNAL:9010793762:1790069084113627904' alert time 2026-09-22T09:27:36.084+00:00 was in the past, adjusted to current time for immediate firing[0m
[1m2026-09-22T09:27:36.084000000Z[0m [1;33m[WARN] TRADER-000.nautilus_common::clock: Timer 'SIGNAL:9010793762:1790069085107835136' alert time 2026-09-22T09:27:36.084+00:00 was in the past, adjusted to current time for immediate firing[0m
[1m2026-09-22T09:27:36.084000000Z[0m [1;33m[WARN] TRADER-000.nautilus_common::clock: Timer 'SIGNAL:9010793762:1790069086129620992' alert time 2026-09-22T09:27:36.084+00:00 was in the past, adjusted to current time for immediate firing[0m
[1m2026-09-22T09:27:36.084000000Z[0m [1;33m[WARN] TRADER-000.nautilus_common::clock: Timer 'SIGNAL:9010793762:1790069087121801984' alert time 2026-09-22T09:27:36.084+00:00 was in the past, adjusted to current time for immediate firing[0m
[1m2026-09-22T09:27:36.084000000Z[0m [1;33m[WARN] TRADER-000.nautilus_common::clock: Timer 'SIGNAL:9010793762:1790069088112556032' alert time 2026-09-22T09:27:36.084+00:00 was in the past, adjusted to current time for immediate firing[0m
[1m2026-09-22T09:27:36.084000000Z[0m [1;33m[WARN] TRADER-000.nautilus_common::clock: Timer 'SIGNAL:9010793762:1790069090119767808' alert time 2026-09-22T09:27:36.084+00:00 was in the past, adjusted to current time for immediate firing[0m
[1m2026-09-22T09:27:36.084000000Z[0m [1;33m[WARN] TRADER-000.nautilus_common::clock: Timer 'SIGNAL:9010793762:1790069091220797952' alert time 2026-09-22T09:27:36.084+00:00 was in the past, adjusted to current time for immediate firing[0m
[1m2026-09-22T09:27:36.084000000Z[0m [1;33m[WARN] TRADER-000.nautilus_common::clock: Timer 'SIGNAL:9010793762:1790069092618076928' alert time 2026-09-22T09:27:36.084+00:00 was in the past, adjusted to current time for immediate firing[0m
[1m2026-09-22T09:27:36.084000000Z[0m [1;33m[WARN] TRADER-000.nautilus_common::clock: Timer 'SIGNAL:9010793762:1790069093147105024' alert time 2026-09-22T09:27:36.084+00:00 was in the past, adjusted to current time for immediate firing[0m
[1m2026-09-22T09:27:36.084000000Z[0m [1;33m[WARN] TRADER-000.nautilus_common::clock: Timer 'SIGNAL:9010793762:1790069094114034944' alert time 2026-09-22T09:27:36.084+00:00 was in the past, adjusted to current time for immediate firing[0m
[1m2026-09-22T09:27:36.084000000Z[0m [1;33m[WARN] TRADER-000.nautilus_common::clock: Timer 'SIGNAL:9010793762:1790069095109890048' alert time 2026-09-22T09:27:36.084+00:00 was in the past, adjusted to current time for immediate firing[0m
[1m2026-09-22T09:27:36.084000000Z[0m [1;33m[WARN] TRADER-000.nautilus_common::clock: Timer 'SIGNAL:9010793762:1790069096117972992' alert time 2026-09-22T09:27:36.084+00:00 was in the past, adjusted to current time for immediate firing[0m
[1m2026-09-22T09:27:36.084000000Z[0m [1;33m[WARN] TRADER-000.nautilus_common::clock: Timer 'SIGNAL:9010793762:1790069097119008000' alert time 2026-09-22T09:27:36.084+00:00 was in the past, adjusted to current time for immediate firing[0m
[1m2026-09-22T09:27:36.084000000Z[0m [1;33m[WARN] TRADER-000.nautilus_common::clock: Timer 'SIGNAL:9010793762:1790069098214904064' alert time 2026-09-22T09:27:36.084+00:00 was in the past, adjusted to current time for immediate firing[0m
[1m2026-09-22T09:27:36.084000000Z[0m [1;33m[WARN] TRADER-000.nautilus_common::clock: Timer 'SIGNAL:9010793762:1790069099219172864' alert time 2026-09-22T09:27:36.084+00:00 was in the past, adjusted to current time for immediate firing[0m
[1m2026-09-22T09:27:36.084000000Z[0m [1;33m[WARN] TRADER-000.nautilus_common::clock: Timer 'SIGNAL:9010793762:1790069100215256064' alert time 2026-09-22T09:27:36.084+00:00 was in the past, adjusted to current time for immediate firing[0m
[1m2026-09-22T09:27:36.084000000Z[0m [1;33m[WARN] TRADER-000.nautilus_common::clock: Timer 'SIGNAL:9010793762:1790069101222614016' alert time 2026-09-22T09:27:36.084+00:00 was in the past, adjusted to current time for immediate firing[0m
[1m2026-09-22T09:27:36.084000000Z[0m [1;33m[WARN] TRADER-000.nautilus_common::clock: Timer 'SIGNAL:9010793762:1790069102209306880' alert time 2026-09-22T09:27:36.084+00:00 was in the past, adjusted to current time for immediate firing[0m
[1m2026-09-22T09:27:36.084000000Z[0m [1;33m[WARN] TRADER-000.nautilus_common::clock: Timer 'SIGNAL:9010793762:1790069103211247872' alert time 2026-09-22T09:27:36.084+00:00 was in the past, adjusted to current time for immediate firing[0m
[1m2026-09-22T09:27:36.084000000Z[0m [1;33m[WARN] TRADER-000.nautilus_common::clock: Timer 'SIGNAL:9010793762:1790069104209381120' alert time 2026-09-22T09:27:36.084+00:00 was in the past, adjusted to current time for immediate firing[0m
[1m2026-09-22T09:27:36.084000000Z[0m [1;33m[WARN] TRADER-000.nautilus_common::clock: Timer 'SIGNAL:9010793762:1790069105250611968' alert time 2026-09-22T09:27:36.084+00:00 was in the past, adjusted to current time for immediate firing[0m
[1m2026-09-22T09:27:36.084000000Z[0m [1;33m[WARN] TRADER-000.nautilus_common::clock: Timer 'SIGNAL:9010793762:1790069106236086016' alert time 2026-09-22T09:27:36.084+00:00 was in the past, adjusted to current time for immediate firing[0m
[1m2026-09-22T09:27:36.084000000Z[0m [1;33m[WARN] TRADER-000.nautilus_common::clock: Timer 'SIGNAL:9010793762:1790069107224257024' alert time 2026-09-22T09:27:36.084+00:00 was in the past, adjusted to current time for immediate firing[0m
[1m2026-09-22T09:27:36.084000000Z[0m [1;33m[WARN] TRADER-000.nautilus_common::clock: Timer 'SIGNAL:9010793762:1790069108218491904' alert time 2026-09-22T09:27:36.084+00:00 was in the past, adjusted to current time for immediate firing[0m
[1m2026-09-22T09:27:36.084000000Z[0m [1;33m[WARN] TRADER-000.nautilus_common::clock: Timer 'SIGNAL:9010793762:1790069109208401920' alert time 2026-09-22T09:27:36.084+00:00 was in the past, adjusted to current time for immediate firing[0m
[1m2026-09-22T09:27:36.084000000Z[0m [1;33m[WARN] TRADER-000.nautilus_common::clock: Timer 'SIGNAL:9010793762:1790069110226627072' alert time 2026-09-22T09:27:36.084+00:00 was in the past, adjusted to current time for immediate firing[0m
[1m2026-09-22T09:27:36.084000000Z[0m [1;33m[WARN] TRADER-000.nautilus_common::clock: Timer 'SIGNAL:9010793762:1790069111209104128' alert time 2026-09-22T09:27:36.084+00:00 was in the past, adjusted to current time for immediate firing[0m
[1m2026-09-22T09:27:36.084000000Z[0m [1;33m[WARN] TRADER-000.nautilus_common::clock: Timer 'SIGNAL:9010793762:1790069112222752000' alert time 2026-09-22T09:27:36.084+00:00 was in the past, adjusted to current time for immediate firing[0m
[1m2026-09-22T09:27:36.084000000Z[0m [1;33m[WARN] TRADER-000.nautilus_common::clock: Timer 'SIGNAL:9010793762:1790069113312809984' alert time 2026-09-22T09:27:36.084+00:00 was in the past, adjusted to current time for immediate firing[0m
[1m2026-09-22T09:27:36.084000000Z[0m [1;33m[WARN] TRADER-000.nautilus_common::clock: Timer 'SIGNAL:9010793762:1790069114223095808' alert time 2026-09-22T09:27:36.084+00:00 was in the past, adjusted to current time for immediate firing[0m
[1m2026-09-22T09:27:36.084000000Z[0m [1;33m[WARN] TRADER-000.nautilus_common::clock: Timer 'SIGNAL:9010793762:1790069115211569152' alert time 2026-09-22T09:27:36.084+00:00 was in the past, adjusted to current time for immediate firing[0m
[1m2026-09-22T09:27:36.084000000Z[0m [1;33m[WARN] TRADER-000.nautilus_common::clock: Timer 'SIGNAL:9010793762:1790069116224400128' alert time 2026-09-22T09:27:36.084+00:00 was in the past, adjusted to current time for immediate firing[0m
[1m2026-09-22T09:27:36.084000000Z[0m [1;33m[WARN] TRADER-000.nautilus_common::clock: Timer 'SIGNAL:9010793762:1790069117210288128' alert time 2026-09-22T09:27:36.084+00:00 was in the past, adjusted to current time for immediate firing[0m
[1m2026-09-22T09:27:36.084000000Z[0m [1;33m[WARN] TRADER-000.nautilus_common::clock: Timer 'SIGNAL:9010793762:1790069118229700096' alert time 2026-09-22T09:27:36.084+00:00 was in the past, adjusted to current time for immediate firing[0m
[1m2026-09-22T09:27:36.084000000Z[0m [1;33m[WARN] TRADER-000.nautilus_common::clock: Timer 'SIGNAL:9010793762:1790069119210544128' alert time 2026-09-22T09:27:36.084+00:00 was in the past, adjusted to current time for immediate firing[0m
[1m2026-09-22T09:27:36.084000000Z[0m [1;33m[WARN] TRADER-000.nautilus_common::clock: Timer 'SIGNAL:9010793762:1790069120231185920' alert time 2026-09-22T09:27:36.084+00:00 was in the past, adjusted to current time for immediate firing[0m
[1m2026-09-22T09:27:36.084000000Z[0m [1;33m[WARN] TRADER-000.nautilus_common::clock: Timer 'SIGNAL:9010793762:1790069121209528832' alert time 2026-09-22T09:27:36.084+00:00 was in the past, adjusted to current time for immediate firing[0m
[1m2026-09-22T09:27:36.084000000Z[0m [1;33m[WARN] TRADER-000.nautilus_common::clock: Timer 'SIGNAL:9010793762:1790069122208411904' alert time 2026-09-22T09:27:36.084+00:00 was in the past, adjusted to current time for immediate firing[0m
[1m2026-09-22T09:27:36.084000000Z[0m [1;33m[WARN] TRADER-000.nautilus_common::clock: Timer 'SIGNAL:9010793762:1790069123222546176' alert time 2026-09-22T09:27:36.084+00:00 was in the past, adjusted to current time for immediate firing[0m
[1m2026-09-22T09:27:36.084000000Z[0m [1;33m[WARN] TRADER-000.nautilus_common::clock: Timer 'SIGNAL:9010793762:1790069124121992960' alert time 2026-09-22T09:27:36.084+00:00 was in the past, adjusted to current time for immediate firing[0m
[1m2026-09-22T09:27:36.084000000Z[0m [1;33m[WARN] TRADER-000.nautilus_common::clock: Timer 'SIGNAL:9010793762:1790069125219481088' alert time 2026-09-22T09:27:36.084+00:00 was in the past, adjusted to current time for immediate firing[0m
[1m2026-09-22T09:27:36.084000000Z[0m [1;33m[WARN] TRADER-000.nautilus_common::clock: Timer 'SIGNAL:9010793762:1790069126211475968' alert time 2026-09-22T09:27:36.084+00:00 was in the past, adjusted to current time for immediate firing[0m
[1m2026-09-22T09:27:36.084000000Z[0m [1;33m[WARN] TRADER-000.nautilus_common::clock: Timer 'SIGNAL:9010793762:1790069127217477120' alert time 2026-09-22T09:27:36.084+00:00 was in the past, adjusted to current time for immediate firing[0m
[1m2026-09-22T09:27:36.084000000Z[0m [1;33m[WARN] TRADER-000.nautilus_common::clock: Timer 'SIGNAL:9010793762:1790069129232230912' alert time 2026-09-22T09:27:36.084+00:00 was in the past, adjusted to current time for immediate firing[0m
[1m2026-09-22T09:27:36.084000000Z[0m [1;33m[WARN] TRADER-000.nautilus_common::clock: Timer 'SIGNAL:9010793762:1790069130212280064' alert time 2026-09-22T09:27:36.084+00:00 was in the past, adjusted to current time for immediate firing[0m
[1m2026-09-22T09:27:36.084000000Z[0m [1;33m[WARN] TRADER-000.nautilus_common::clock: Timer 'SIGNAL:9010793762:1790069131214257920' alert time 2026-09-22T09:27:36.084+00:00 was in the past, adjusted to current time for immediate firing[0m
[1m2026-09-22T09:27:36.084000000Z[0m [1;33m[WARN] TRADER-000.nautilus_common::clock: Timer 'SIGNAL:9010793762:1790069132209733120' alert time 2026-09-22T09:27:36.084+00:00 was in the past, adjusted to current time for immediate firing[0m
[1m2026-09-22T09:27:36.084000000Z[0m [1;33m[WARN] TRADER-000.nautilus_common::clock: Timer 'SIGNAL:9010793762:1790069133215076096' alert time 2026-09-22T09:27:36.084+00:00 was in the past, adjusted to current time for immediate firing[0m
[1m2026-09-22T09:27:36.084000000Z[0m [1;33m[WARN] TRADER-000.nautilus_common::clock: Timer 'SIGNAL:9010793762:1790069134213350144' alert time 2026-09-22T09:27:36.084+00:00 was in the past, adjusted to current time for immediate firing[0m
[1m2026-09-22T09:27:36.084000000Z[0m [1;33m[WARN] TRADER-000.nautilus_common::clock: Timer 'SIGNAL:9010793762:1790069135214194944' alert time 2026-09-22T09:27:36.084+00:00 was in the past, adjusted to current time for immediate firing[0m
[1m2026-09-22T09:27:36.084000000Z[0m [1;33m[WARN] TRADER-000.nautilus_common::clock: Timer 'SIGNAL:9010793762:1790069137234402816' alert time 2026-09-22T09:27:36.084+00:00 was in the past, adjusted to current time for immediate firing[0m
[1m2026-09-22T09:27:36.084000000Z[0m [1;33m[WARN] TRADER-000.nautilus_common::clock: Timer 'SIGNAL:9010793762:1790069138231645952' alert time 2026-09-22T09:27:36.084+00:00 was in the past, adjusted to current time for immediate firing[0m
[1m2026-09-22T09:27:36.084000000Z[0m [1;33m[WARN] TRADER-000.nautilus_common::clock: Timer 'SIGNAL:9010793762:1790069139200304896' alert time 2026-09-22T09:27:36.084+00:00 was in the past, adjusted to current time for immediate firing[0m
[1m2026-09-22T09:27:36.084000000Z[0m [1;33m[WARN] TRADER-000.nautilus_common::clock: Timer 'SIGNAL:9010793762:1790069140199814144' alert time 2026-09-22T09:27:36.084+00:00 was in the past, adjusted to current time for immediate firing[0m
[1m2026-09-22T09:27:36.084000000Z[0m [1;33m[WARN] TRADER-000.nautilus_common::clock: Timer 'SIGNAL:9010793762:1790069141233189120' alert time 2026-09-22T09:27:36.084+00:00 was in the past, adjusted to current time for immediate firing[0m
[1m2026-09-22T09:27:36.084000000Z[0m [1;33m[WARN] TRADER-000.nautilus_common::clock: Timer 'SIGNAL:9010793762:1790069142215037952' alert time 2026-09-22T09:27:36.084+00:00 was in the past, adjusted to current time for immediate firing[0m
[1m2026-09-22T09:27:36.084000000Z[0m [1;33m[WARN] TRADER-000.nautilus_common::clock: Timer 'SIGNAL:9010793762:1790069143230171904' alert time 2026-09-22T09:27:36.084+00:00 was in the past, adjusted to current time for immediate firing[0m
[1m2026-09-22T09:27:36.084000000Z[0m [1;33m[WARN] TRADER-000.nautilus_common::clock: Timer 'SIGNAL:9010793762:1790069144213259008' alert time 2026-09-22T09:27:36.084+00:00 was in the past, adjusted to current time for immediate firing[0m
[1m2026-09-22T09:27:36.084000000Z[0m [1;33m[WARN] TRADER-000.nautilus_common::clock: Timer 'SIGNAL:9010793762:1790069145215666944' alert time 2026-09-22T09:27:36.084+00:00 was in the past, adjusted to current time for immediate firing[0m
[1m2026-09-22T09:27:36.084000000Z[0m [1;33m[WARN] TRADER-000.nautilus_common::clock: Timer 'SIGNAL:9010793762:1790069146237158912' alert time 2026-09-22T09:27:36.084+00:00 was in the past, adjusted to current time for immediate firing[0m
[1m2026-09-22T09:27:36.084000000Z[0m [1;33m[WARN] TRADER-000.nautilus_common::clock: Timer 'SIGNAL:9010793762:1790069147219307776' alert time 2026-09-22T09:27:36.084+00:00 was in the past, adjusted to current time for immediate firing[0m
[1m2026-09-22T09:27:36.084000000Z[0m [1;33m[WARN] TRADER-000.nautilus_common::clock: Timer 'SIGNAL:9010793762:1790069148202182912' alert time 2026-09-22T09:27:36.084+00:00 was in the past, adjusted to current time for immediate firing[0m
[1m2026-09-22T09:27:36.084000000Z[0m [1;33m[WARN] TRADER-000.nautilus_common::clock: Timer 'SIGNAL:9010793762:1790069149206275072' alert time 2026-09-22T09:27:36.084+00:00 was in the past, adjusted to current time for immediate firing[0m
[1m2026-09-22T09:27:36.084000000Z[0m [1;33m[WARN] TRADER-000.nautilus_common::clock: Timer 'SIGNAL:9010793762:1790069150215013120' alert time 2026-09-22T09:27:36.084+00:00 was in the past, adjusted to current time for immediate firing[0m
[1m2026-09-22T09:27:36.084000000Z[0m [1;33m[WARN] TRADER-000.nautilus_common::clock: Timer 'SIGNAL:9010793762:1790069151219592960' alert time 2026-09-22T09:27:36.084+00:00 was in the past, adjusted to current time for immediate firing[0m
[1m2026-09-22T09:27:36.084000000Z[0m [1;33m[WARN] TRADER-000.nautilus_common::clock: Timer 'SIGNAL:9010793762:1790069152204613888' alert time 2026-09-22T09:27:36.084+00:00 was in the past, adjusted to current time for immediate firing[0m
[1m2026-09-22T09:27:36.084000000Z[0m [1;33m[WARN] TRADER-000.nautilus_common::clock: Timer 'SIGNAL:9010793762:1790069153236965888' alert time 2026-09-22T09:27:36.084+00:00 was in the past, adjusted to current time for immediate firing[0m
[1m2026-09-22T09:27:36.084000000Z[0m [1;33m[WARN] TRADER-000.nautilus_common::clock: Timer 'SIGNAL:9010793762:1790069154219383040' alert time 2026-09-22T09:27:36.084+00:00 was in the past, adjusted to current time for immediate firing[0m
[1m2026-09-22T09:27:36.084000000Z[0m [1;33m[WARN] TRADER-000.nautilus_common::clock: Timer 'SIGNAL:9010793762:1790069155235446016' alert time 2026-09-22T09:27:36.084+00:00 was in the past, adjusted to current time for immediate firing[0m
[1m2026-09-22T09:27:36.084000000Z[0m [1;33m[WARN] TRADER-000.nautilus_common::clock: Timer 'SIGNAL:9010793762:1790069156225337088' alert time 2026-09-22T09:27:36.084+00:00 was in the past, adjusted to current time for immediate firing[0m
[1m2026-09-22T09:27:36.084000000Z[0m [1;33m[WARN] TRADER-000.nautilus_common::clock: Timer 'SIGNAL:9010793762:1790069157199805952' alert time 2026-09-22T09:27:36.084+00:00 was in the past, adjusted to current time for immediate firing[0m
[1m2026-09-22T09:27:36.084000000Z[0m [1;33m[WARN] TRADER-000.nautilus_common::clock: Timer 'SIGNAL:9010793762:1790069158227356928' alert time 2026-09-22T09:27:36.084+00:00 was in the past, adjusted to current time for immediate firing[0m
[1m2026-09-22T09:27:36.084000000Z[0m [1;33m[WARN] TRADER-000.nautilus_common::clock: Timer 'SIGNAL:9010793762:1790069159216945920' alert time 2026-09-22T09:27:36.084+00:00 was in the past, adjusted to current time for immediate firing[0m
[1m2026-09-22T09:27:36.084000000Z[0m [1;33m[WARN] TRADER-000.nautilus_common::clock: Timer 'SIGNAL:9010793762:1790069160234187008' alert time 2026-09-22T09:27:36.084+00:00 was in the past, adjusted to current time for immediate firing[0m
[1m2026-09-22T09:27:36.084000000Z[0m [1;33m[WARN] TRADER-000.nautilus_common::clock: Timer 'SIGNAL:9010793762:1790069161227086080' alert time 2026-09-22T09:27:36.084+00:00 was in the past, adjusted to current time for immediate firing[0m
[1m2026-09-22T09:27:36.084000000Z[0m [1;33m[WARN] TRADER-000.nautilus_common::clock: Timer 'SIGNAL:9010793762:1790069162235002112' alert time 2026-09-22T09:27:36.084+00:00 was in the past, adjusted to current time for immediate firing[0m
[1m2026-09-22T09:27:36.084000000Z[0m [1;33m[WARN] TRADER-000.nautilus_common::clock: Timer 'SIGNAL:9010793762:1790069163212955904' alert time 2026-09-22T09:27:36.084+00:00 was in the past, adjusted to current time for immediate firing[0m
[1m2026-09-22T09:27:36.084000000Z[0m [1;33m[WARN] TRADER-000.nautilus_common::clock: Timer 'SIGNAL:9010793762:1790069164826991104' alert time 2026-09-22T09:27:36.084+00:00 was in the past, adjusted to current time for immediate firing[0m
[1m2026-09-22T09:27:36.084000000Z[0m [1;33m[WARN] TRADER-000.nautilus_common::clock: Timer 'SIGNAL:9010793762:1790069165821962240' alert time 2026-09-22T09:27:36.084+00:00 was in the past, adjusted to current time for immediate firing[0m
[1m2026-09-22T09:27:36.084000000Z[0m [1;33m[WARN] TRADER-000.nautilus_common::clock: Timer 'SIGNAL:9010793762:1790069166936546048' alert time 2026-09-22T09:27:36.084+00:00 was in the past, adjusted to current time for immediate firing[0m
[1m2026-09-22T09:27:36.084000000Z[0m [1;33m[WARN] TRADER-000.nautilus_common::clock: Timer 'SIGNAL:9010793762:1790069167842706944' alert time 2026-09-22T09:27:36.084+00:00 was in the past, adjusted to current time for immediate firing[0m
[1m2026-09-22T09:27:36.084000000Z[0m [1;33m[WARN] TRADER-000.nautilus_common::clock: Timer 'SIGNAL:9010793762:1790069168832696832' alert time 2026-09-22T09:27:36.084+00:00 was in the past, adjusted to current time for immediate firing[0m
[1m2026-09-22T09:27:36.084000000Z[0m [1;33m[WARN] TRADER-000.nautilus_common::clock: Timer 'SIGNAL:9010793762:1790069169874671104' alert time 2026-09-22T09:27:36.084+00:00 was in the past, adjusted to current time for immediate firing[0m
[1m2026-09-22T09:27:36.084000000Z[0m [1;33m[WARN] TRADER-000.nautilus_common::clock: Timer 'SIGNAL:9010793762:1790069170833873920' alert time 2026-09-22T09:27:36.084+00:00 was in the past, adjusted to current time for immediate firing[0m
[1m2026-09-22T09:27:36.084000000Z[0m [1;33m[WARN] TRADER-000.nautilus_common::clock: Timer 'SIGNAL:9010793762:1790069171834845184' alert time 2026-09-22T09:27:36.084+00:00 was in the past, adjusted to current time for immediate firing[0m
[1m2026-09-22T09:27:36.084000000Z[0m [1;33m[WARN] TRADER-000.nautilus_common::clock: Timer 'SIGNAL:9010793762:1790069172814414080' alert time 2026-09-22T09:27:36.084+00:00 was in the past, adjusted to current time for immediate firing[0m
[1m2026-09-22T09:27:36.084000000Z[0m [1;33m[WARN] TRADER-000.nautilus_common::clock: Timer 'SIGNAL:9010793762:1790069173844568064' alert time 2026-09-22T09:27:36.084+00:00 was in the past, adjusted to current time for immediate firing[0m
[1m2026-09-22T09:27:36.084000000Z[0m [1;33m[WARN] TRADER-000.nautilus_common::clock: Timer 'SIGNAL:9010793762:1790069174624401152' alert time 2026-09-22T09:27:36.084+00:00 was in the past, adjusted to current time for immediate firing[0m
[1m2026-09-22T09:27:36.084000000Z[0m [1;33m[WARN] TRADER-000.nautilus_common::clock: Timer 'SIGNAL:9010793762:1790069178098692864' alert time 2026-09-22T09:27:36.084+00:00 was in the past, adjusted to current time for immediate firing[0m
[1m2026-09-22T09:27:36.084000000Z[0m [1;33m[WARN] TRADER-000.nautilus_common::clock: Timer 'SIGNAL:9010793762:1790069178599405056' alert time 2026-09-22T09:27:36.084+00:00 was in the past, adjusted to current time for immediate firing[0m
[1m2026-09-22T09:27:36.084000000Z[0m [1;33m[WARN] TRADER-000.nautilus_common::clock: Timer 'SIGNAL:9010793762:1790069179200503040' alert time 2026-09-22T09:27:36.084+00:00 was in the past, adjusted to current time for immediate firing[0m
[1m2026-09-22T09:27:36.084000000Z[0m [1;33m[WARN] TRADER-000.nautilus_common::clock: Timer 'SIGNAL:9010793762:1790069179918669056' alert time 2026-09-22T09:27:36.084+00:00 was in the past, adjusted to current time for immediate firing[0m
[1m2026-09-22T09:27:36.084000000Z[0m [1;33m[WARN] TRADER-000.nautilus_common::clock: Timer 'SIGNAL:9010793762:1790069194999275008' alert time 2026-09-22T09:27:36.084+00:00 was in the past, adjusted to current time for immediate firing[0m
[1m2026-09-22T09:27:36.084000000Z[0m [1;33m[WARN] TRADER-000.nautilus_common::clock: Timer 'SIGNAL:9010793762:1790069199818712832' alert time 2026-09-22T09:27:36.084+00:00 was in the past, adjusted to current time for immediate firing[0m
[1m2026-09-22T09:27:36.084000000Z[0m [1;33m[WARN] TRADER-000.nautilus_common::clock: Timer 'SIGNAL:9010793762:1790069220800001024' alert time 2026-09-22T09:27:36.084+00:00 was in the past, adjusted to current time for immediate firing[0m
[1m2026-09-22T10:38:33.000000000Z[0m [1;33m[WARN] TRADER-000.TwoSidedMakerStrategy: The `Strategy.on_stop` handler was called when not overridden. It's expected that any actions required when stopping the strategy occur here, such as unsubscribing from data[0m
[1m2026-10-08T05:26:59.525818000Z[0m [1;33m[WARN] TRADER-000.TwoSidedMakerStrategy: The `Strategy.on_reset` handler was called when not overridden. It's expected that any actions required when resetting the strategy occur here, such as resetting indicators and other state[0m
[2026-10-08 07:26:59,533] 0x6a76b415c1f2d1f9579a38dbf7a4fd6a1e4bf67d8f559d0cd863d04ef2226bfa-80770323779964517883358688992660621882772801534799399375184990487193589966918.POLYMARKET: Replay selection is explicitly curated from named markets and may exclude cancelled, delisted, or zero-liquidity markets.
[2026-10-08 07:26:59,533] 0x6a76b415c1f2d1f9579a38dbf7a4fd6a1e4bf67d8f559d0cd863d04ef2226bfa-80770323779964517883358688992660621882772801534799399375184990487193589966918.POLYMARKET: No portfolio-level drawdown or daily-loss circuit breaker is configured for this run.
[2026-10-08 07:26:59,554] batch 7/20: 1 matches, secondsDelay=1
2026-10-08T05:26:59.562504000Z [INFO] _prediction_market_backtest._load_sims_async: Telonex book source: explicit priority (cache -> local /var/folders/6y/4qkrc5td55s6xkknyl__chdh0000gn/T/telonex-local-3069tws2)
2026-10-08T05:26:59.562563000Z [INFO] _prediction_market_backtest._load_sims_async: Telonex trade source: explicit priority (local /var/folders/6y/4qkrc5td55s6xkknyl__chdh0000gn/T/telonex-local-3069tws2 -> polymarket fallback disabled)
2026-10-08T05:26:59.562598000Z [INFO] _prediction_market_backtest._load_sims_async: Loading 2 replay(s) with 2 worker(s) (BACKTEST_REPLAY_LOAD_WORKERS=1 restores sequential loading)
2026-10-08T05:26:59.562664000Z [INFO] replay_adapters._emit_book_replay_start: Loading Telonex Polymarket market dota2-synaps-kalmy-2026-09-22-game1 (token_index=0, window_start=2026-09-22T18:20:11+00:00, window_end=2026-09-22T19:00:39+00:00)...
2026-10-08T05:26:59.562696000Z [INFO] replay_adapters._emit_book_replay_start: Loading Telonex Polymarket market dota2-synaps-kalmy-2026-09-22-game1 (token_index=1, window_start=2026-09-22T18:20:11+00:00, window_end=2026-09-22T19:00:39+00:00)...
2026-10-08T05:26:59.563436000Z [INFO] loaders._read_metadata_disk_cache: Polymarket metadata cache hit (7.8 KB) cache /Users/dimabytes/.cache/nautilus_trader/polymarket_metadata/v1/gamma-market/4f84fa999836c0fa6ad696e0478d89b0c2f0bdef832b7e97f3f8c9ae9902e02f.json
2026-10-08T05:26:59.564055000Z [INFO] loaders._read_metadata_disk_cache: Polymarket metadata cache hit (2.8 KB) cache /Users/dimabytes/.cache/nautilus_trader/polymarket_metadata/v1/clob-market/07c968e9db845aad8c7d6b5fa700bbc304ccde28eb8689267d35ef459253a049.json
2026-10-08T05:26:59.564279000Z [INFO] loaders._get_market_by_slug: Polymarket metadata discover cache hit memory metadata-cache
2026-10-08T05:26:59.564370000Z [INFO] loaders._get_market_details: Polymarket metadata discover cache hit memory metadata-cache
2026-10-08T05:26:59.565046000Z [INFO] telonex._day_progress: Telonex book start 2026-09-22
2026-10-08T05:26:59.565219000Z [INFO] telonex._day_progress: Telonex book start 2026-09-22
2026-10-08T05:26:59.666642000Z [INFO] telonex._day_progress: Telonex book cache hit 2026-09-22 (56,571 rows) cache /Users/dimabytes/.cache/nautilus_trader/telonex/book-deltas-v1/polymarket/book_snapshot_full/dota2-synaps-kalmy-2026-09-22-game1/outcome=Kalmychata/instrument=dc6dd5960f3b5a09/2026-09-22.1790101211000000000-1790103639000000000.parquet
2026-10-08T05:26:59.671218000Z [INFO] telonex._day_progress: Telonex book cache hit 2026-09-22 (56,635 rows) cache /Users/dimabytes/.cache/nautilus_trader/telonex/book-deltas-v1/polymarket/book_snapshot_full/dota2-synaps-kalmy-2026-09-22-game1/outcome=Team%20Synapse/instrument=797e8de927d13a60/2026-09-22.1790101211000000000-1790103639000000000.parquet
2026-10-08T05:26:59.671845000Z [INFO] replay_adapters._print_trade_progress_header: Loading Polymarket trade ticks for execution dota2-synaps-kalmy-2026-09-22-game1 (window_start=2026-09-22T18:20:11+00:00, window_end=2026-09-22T19:00:39+00:00)...
2026-10-08T05:26:59.672020000Z [INFO] replay_adapters._print_trade_progress_header: Loading Polymarket trade ticks for execution dota2-synaps-kalmy-2026-09-22-game1 (window_start=2026-09-22T18:20:11+00:00, window_end=2026-09-22T19:00:39+00:00)...
2026-10-08T05:26:59.677005000Z [INFO] replay_adapters._print_trade_progress_line: Polymarket trades 2026-09-22 (0.005s) (635 rows) telonex onchain_fills cache 2026-09-22.1790035200000000000-1790103639000000000.parquet
2026-10-08T05:26:59.677328000Z [INFO] replay_adapters._print_trade_progress_line: Polymarket trades 2026-09-22 (0.005s) (635 rows) telonex onchain_fills cache 2026-09-22.1790035200000000000-1790103639000000000.parquet
[1m2026-09-22T21:02:57.000000000Z[0m [1;33m[WARN] TRADER-000.TwoSidedMakerStrategy: The `Strategy.on_stop` handler was called when not overridden. It's expected that any actions required when stopping the strategy occur here, such as unsubscribing from data[0m
[1m2026-10-08T05:27:00.703310000Z[0m [1;33m[WARN] TRADER-000.TwoSidedMakerStrategy: The `Strategy.on_reset` handler was called when not overridden. It's expected that any actions required when resetting the strategy occur here, such as resetting indicators and other state[0m
[2026-10-08 07:27:00,710] 0x5e4e133ac4313bf1405498f0315316947d8d92a0dcb0adedb1a812f26af3890a-107119627148313420639926083339227750330811358328448803935827808971693745370033.POLYMARKET: Replay selection is explicitly curated from named markets and may exclude cancelled, delisted, or zero-liquidity markets.
[2026-10-08 07:27:00,711] 0x5e4e133ac4313bf1405498f0315316947d8d92a0dcb0adedb1a812f26af3890a-107119627148313420639926083339227750330811358328448803935827808971693745370033.POLYMARKET: No portfolio-level drawdown or daily-loss circuit breaker is configured for this run.
[2026-10-08 07:27:00,731] batch 8/20: 1 matches, secondsDelay=1
2026-10-08T05:27:00.757719000Z [INFO] _prediction_market_backtest._load_sims_async: Telonex book source: explicit priority (cache -> local /var/folders/6y/4qkrc5td55s6xkknyl__chdh0000gn/T/telonex-local-3069tws2)
2026-10-08T05:27:00.757788000Z [INFO] _prediction_market_backtest._load_sims_async: Telonex trade source: explicit priority (local /var/folders/6y/4qkrc5td55s6xkknyl__chdh0000gn/T/telonex-local-3069tws2 -> polymarket fallback disabled)
2026-10-08T05:27:00.757828000Z [INFO] _prediction_market_backtest._load_sims_async: Loading 2 replay(s) with 2 worker(s) (BACKTEST_REPLAY_LOAD_WORKERS=1 restores sequential loading)
2026-10-08T05:27:00.757903000Z [INFO] replay_adapters._emit_book_replay_start: Loading Telonex Polymarket market dota2-navi-lgd-2026-09-24-game1 (token_index=0, window_start=2026-09-24T09:34:33+00:00, window_end=2026-09-24T10:11:36+00:00)...
2026-10-08T05:27:00.757938000Z [INFO] replay_adapters._emit_book_replay_start: Loading Telonex Polymarket market dota2-navi-lgd-2026-09-24-game1 (token_index=1, window_start=2026-09-24T09:34:33+00:00, window_end=2026-09-24T10:11:36+00:00)...
2026-10-08T05:27:00.758861000Z [INFO] loaders._read_metadata_disk_cache: Polymarket metadata cache hit (7.9 KB) cache /Users/dimabytes/.cache/nautilus_trader/polymarket_metadata/v1/gamma-market/89a0e9d5eaead3088de6cee62fb341e18f61b4a14ce229781c67f8d631ff9897.json
2026-10-08T05:27:00.759726000Z [INFO] loaders._read_metadata_disk_cache: Polymarket metadata cache hit (2.8 KB) cache /Users/dimabytes/.cache/nautilus_trader/polymarket_metadata/v1/clob-market/0eb04b8e964270773e8d42c0294de86f058864a4a16421845cc5753235915357.json
2026-10-08T05:27:00.759927000Z [INFO] loaders._get_market_by_slug: Polymarket metadata discover cache hit memory metadata-cache
2026-10-08T05:27:00.760004000Z [INFO] loaders._get_market_details: Polymarket metadata discover cache hit memory metadata-cache
2026-10-08T05:27:00.760662000Z [INFO] telonex._day_progress: Telonex book start 2026-09-24
2026-10-08T05:27:00.760858000Z [INFO] telonex._day_progress: Telonex book start 2026-09-24
2026-10-08T05:27:00.846727000Z [INFO] telonex._day_progress: Telonex book cache hit 2026-09-24 (67,491 rows) cache /Users/dimabytes/.cache/nautilus_trader/telonex/book-deltas-v1/polymarket/book_snapshot_full/dota2-navi-lgd-2026-09-24-game1/outcome=Natus%20Vincere/instrument=1bdaf79c74323c71/2026-09-24.1790242473000000000-1790244696000000000.parquet
2026-10-08T05:27:00.887649000Z [INFO] telonex._day_progress: Telonex book cache hit 2026-09-24 (67,503 rows) cache /Users/dimabytes/.cache/nautilus_trader/telonex/book-deltas-v1/polymarket/book_snapshot_full/dota2-navi-lgd-2026-09-24-game1/outcome=LGD%20Gaming/instrument=3e4ec9169cb321ed/2026-09-24.1790242473000000000-1790244696000000000.parquet
2026-10-08T05:27:00.888357000Z [INFO] replay_adapters._print_trade_progress_header: Loading Polymarket trade ticks for execution dota2-navi-lgd-2026-09-24-game1 (window_start=2026-09-24T09:34:33+00:00, window_end=2026-09-24T10:11:36+00:00)...
2026-10-08T05:27:00.888556000Z [INFO] replay_adapters._print_trade_progress_header: Loading Polymarket trade ticks for execution dota2-navi-lgd-2026-09-24-game1 (window_start=2026-09-24T09:34:33+00:00, window_end=2026-09-24T10:11:36+00:00)...
2026-10-08T05:27:00.894842000Z [INFO] replay_adapters._print_trade_progress_line: Polymarket trades 2026-09-24 (0.006s) (2,375 rows) telonex onchain_fills cache 2026-09-24.1790208000000000000-1790244696000000000.parquet
2026-10-08T05:27:00.918540000Z [INFO] replay_adapters._print_trade_progress_line: Polymarket trades 2026-09-24 (0.030s) (2,375 rows) telonex onchain_fills cache 2026-09-24.1790208000000000000-1790244696000000000.parquet
[1m2026-09-24T09:34:33.000000000Z[0m [1;33m[WARN] TRADER-000.nautilus_common::clock: Timer 'SIGNAL:9013623742:1790241912542586112' alert time 2026-09-24T09:34:33+00:00 was in the past, adjusted to current time for immediate firing[0m
[1m2026-09-24T09:34:33.000000000Z[0m [1;33m[WARN] TRADER-000.nautilus_common::clock: Timer 'SIGNAL:9013623742:1790241913229496832' alert time 2026-09-24T09:34:33+00:00 was in the past, adjusted to current time for immediate firing[0m
[1m2026-09-24T09:34:33.000000000Z[0m [1;33m[WARN] TRADER-000.nautilus_common::clock: Timer 'SIGNAL:9013623742:1790241914232144128' alert time 2026-09-24T09:34:33+00:00 was in the past, adjusted to current time for immediate firing[0m
[1m2026-09-24T09:34:33.000000000Z[0m [1;33m[WARN] TRADER-000.nautilus_common::clock: Timer 'SIGNAL:9013623742:1790241915232631808' alert time 2026-09-24T09:34:33+00:00 was in the past, adjusted to current time for immediate firing[0m
[1m2026-09-24T09:34:33.000000000Z[0m [1;33m[WARN] TRADER-000.nautilus_common::clock: Timer 'SIGNAL:9013623742:1790241916231291904' alert time 2026-09-24T09:34:33+00:00 was in the past, adjusted to current time for immediate firing[0m
[1m2026-09-24T09:34:33.000000000Z[0m [1;33m[WARN] TRADER-000.nautilus_common::clock: Timer 'SIGNAL:9013623742:1790241917236519168' alert time 2026-09-24T09:34:33+00:00 was in the past, adjusted to current time for immediate firing[0m
[1m2026-09-24T09:34:33.000000000Z[0m [1;33m[WARN] TRADER-000.nautilus_common::clock: Timer 'SIGNAL:9013623742:1790241918329426176' alert time 2026-09-24T09:34:33+00:00 was in the past, adjusted to current time for immediate firing[0m
[1m2026-09-24T09:34:33.000000000Z[0m [1;33m[WARN] TRADER-000.nautilus_common::clock: Timer 'SIGNAL:9013623742:1790241919330810112' alert time 2026-09-24T09:34:33+00:00 was in the past, adjusted to current time for immediate firing[0m
[1m2026-09-24T09:34:33.000000000Z[0m [1;33m[WARN] TRADER-000.nautilus_common::clock: Timer 'SIGNAL:9013623742:1790241920224440064' alert time 2026-09-24T09:34:33+00:00 was in the past, adjusted to current time for immediate firing[0m
[1m2026-09-24T09:34:33.000000000Z[0m [1;33m[WARN] TRADER-000.nautilus_common::clock: Timer 'SIGNAL:9013623742:1790241921231940864' alert time 2026-09-24T09:34:33+00:00 was in the past, adjusted to current time for immediate firing[0m
[1m2026-09-24T09:34:33.000000000Z[0m [1;33m[WARN] TRADER-000.nautilus_common::clock: Timer 'SIGNAL:9013623742:1790241922236438016' alert time 2026-09-24T09:34:33+00:00 was in the past, adjusted to current time for immediate firing[0m
[1m2026-09-24T09:34:33.000000000Z[0m [1;33m[WARN] TRADER-000.nautilus_common::clock: Timer 'SIGNAL:9013623742:1790241923225400832' alert time 2026-09-24T09:34:33+00:00 was in the past, adjusted to current time for immediate firing[0m
[1m2026-09-24T09:34:33.000000000Z[0m [1;33m[WARN] TRADER-000.nautilus_common::clock: Timer 'SIGNAL:9013623742:1790241924325659136' alert time 2026-09-24T09:34:33+00:00 was in the past, adjusted to current time for immediate firing[0m
[1m2026-09-24T09:34:33.000000000Z[0m [1;33m[WARN] TRADER-000.nautilus_common::clock: Timer 'SIGNAL:9013623742:1790241925326006784' alert time 2026-09-24T09:34:33+00:00 was in the past, adjusted to current time for immediate firing[0m
[1m2026-09-24T09:34:33.000000000Z[0m [1;33m[WARN] TRADER-000.nautilus_common::clock: Timer 'SIGNAL:9013623742:1790241926225801984' alert time 2026-09-24T09:34:33+00:00 was in the past, adjusted to current time for immediate firing[0m
[1m2026-09-24T09:34:33.000000000Z[0m [1;33m[WARN] TRADER-000.nautilus_common::clock: Timer 'SIGNAL:9013623742:1790241927232037120' alert time 2026-09-24T09:34:33+00:00 was in the past, adjusted to current time for immediate firing[0m
[1m2026-09-24T09:34:33.000000000Z[0m [1;33m[WARN] TRADER-000.nautilus_common::clock: Timer 'SIGNAL:9013623742:1790241928234519040' alert time 2026-09-24T09:34:33+00:00 was in the past, adjusted to current time for immediate firing[0m
[1m2026-09-24T09:34:33.000000000Z[0m [1;33m[WARN] TRADER-000.nautilus_common::clock: Timer 'SIGNAL:9013623742:1790241929235879936' alert time 2026-09-24T09:34:33+00:00 was in the past, adjusted to current time for immediate firing[0m
[1m2026-09-24T09:34:33.000000000Z[0m [1;33m[WARN] TRADER-000.nautilus_common::clock: Timer 'SIGNAL:9013623742:1790241930231291136' alert time 2026-09-24T09:34:33+00:00 was in the past, adjusted to current time for immediate firing[0m
[1m2026-09-24T09:34:33.000000000Z[0m [1;33m[WARN] TRADER-000.nautilus_common::clock: Timer 'SIGNAL:9013623742:1790241931230562816' alert time 2026-09-24T09:34:33+00:00 was in the past, adjusted to current time for immediate firing[0m
[1m2026-09-24T09:34:33.000000000Z[0m [1;33m[WARN] TRADER-000.nautilus_common::clock: Timer 'SIGNAL:9013623742:1790241932231085056' alert time 2026-09-24T09:34:33+00:00 was in the past, adjusted to current time for immediate firing[0m
[1m2026-09-24T09:34:33.000000000Z[0m [1;33m[WARN] TRADER-000.nautilus_common::clock: Timer 'SIGNAL:9013623742:1790241932855906048' alert time 2026-09-24T09:34:33+00:00 was in the past, adjusted to current time for immediate firing[0m
[1m2026-09-24T09:34:33.000000000Z[0m [1;33m[WARN] TRADER-000.nautilus_common::clock: Timer 'SIGNAL:9013623742:1790241933829974016' alert time 2026-09-24T09:34:33+00:00 was in the past, adjusted to current time for immediate firing[0m
[1m2026-09-24T09:34:33.000000000Z[0m [1;33m[WARN] TRADER-000.nautilus_common::clock: Timer 'SIGNAL:9013623742:1790241934843696128' alert time 2026-09-24T09:34:33+00:00 was in the past, adjusted to current time for immediate firing[0m
[1m2026-09-24T09:34:33.000000000Z[0m [1;33m[WARN] TRADER-000.nautilus_common::clock: Timer 'SIGNAL:9013623742:1790241935830786048' alert time 2026-09-24T09:34:33+00:00 was in the past, adjusted to current time for immediate firing[0m
[1m2026-09-24T09:34:33.000000000Z[0m [1;33m[WARN] TRADER-000.nautilus_common::clock: Timer 'SIGNAL:9013623742:1790241936830714112' alert time 2026-09-24T09:34:33+00:00 was in the past, adjusted to current time for immediate firing[0m
[1m2026-09-24T09:34:33.000000000Z[0m [1;33m[WARN] TRADER-000.nautilus_common::clock: Timer 'SIGNAL:9013623742:1790241937829160960' alert time 2026-09-24T09:34:33+00:00 was in the past, adjusted to current time for immediate firing[0m
[1m2026-09-24T09:34:33.000000000Z[0m [1;33m[WARN] TRADER-000.nautilus_common::clock: Timer 'SIGNAL:9013623742:1790241938831020032' alert time 2026-09-24T09:34:33+00:00 was in the past, adjusted to current time for immediate firing[0m
[1m2026-09-24T09:34:33.000000000Z[0m [1;33m[WARN] TRADER-000.nautilus_common::clock: Timer 'SIGNAL:9013623742:1790241939829603072' alert time 2026-09-24T09:34:33+00:00 was in the past, adjusted to current time for immediate firing[0m
[1m2026-09-24T09:34:33.000000000Z[0m [1;33m[WARN] TRADER-000.nautilus_common::clock: Timer 'SIGNAL:9013623742:1790241940733568000' alert time 2026-09-24T09:34:33+00:00 was in the past, adjusted to current time for immediate firing[0m
[1m2026-09-24T09:34:33.000000000Z[0m [1;33m[WARN] TRADER-000.nautilus_common::clock: Timer 'SIGNAL:9013623742:1790241941825896960' alert time 2026-09-24T09:34:33+00:00 was in the past, adjusted to current time for immediate firing[0m
[1m2026-09-24T09:34:33.000000000Z[0m [1;33m[WARN] TRADER-000.nautilus_common::clock: Timer 'SIGNAL:9013623742:1790241942825372928' alert time 2026-09-24T09:34:33+00:00 was in the past, adjusted to current time for immediate firing[0m
[1m2026-09-24T09:34:33.000000000Z[0m [1;33m[WARN] TRADER-000.nautilus_common::clock: Timer 'SIGNAL:9013623742:1790241943834842880' alert time 2026-09-24T09:34:33+00:00 was in the past, adjusted to current time for immediate firing[0m
[1m2026-09-24T09:34:33.000000000Z[0m [1;33m[WARN] TRADER-000.nautilus_common::clock: Timer 'SIGNAL:9013623742:1790241944831696128' alert time 2026-09-24T09:34:33+00:00 was in the past, adjusted to current time for immediate firing[0m
[1m2026-09-24T09:34:33.000000000Z[0m [1;33m[WARN] TRADER-000.nautilus_common::clock: Timer 'SIGNAL:9013623742:1790241945825281024' alert time 2026-09-24T09:34:33+00:00 was in the past, adjusted to current time for immediate firing[0m
[1m2026-09-24T09:34:33.000000000Z[0m [1;33m[WARN] TRADER-000.nautilus_common::clock: Timer 'SIGNAL:9013623742:1790241946832088064' alert time 2026-09-24T09:34:33+00:00 was in the past, adjusted to current time for immediate firing[0m
[1m2026-09-24T09:34:33.000000000Z[0m [1;33m[WARN] TRADER-000.nautilus_common::clock: Timer 'SIGNAL:9013623742:1790241947828030208' alert time 2026-09-24T09:34:33+00:00 was in the past, adjusted to current time for immediate firing[0m
[1m2026-09-24T09:34:33.000000000Z[0m [1;33m[WARN] TRADER-000.nautilus_common::clock: Timer 'SIGNAL:9013623742:1790241948840024832' alert time 2026-09-24T09:34:33+00:00 was in the past, adjusted to current time for immediate firing[0m
[1m2026-09-24T09:34:33.000000000Z[0m [1;33m[WARN] TRADER-000.nautilus_common::clock: Timer 'SIGNAL:9013623742:1790241949828691968' alert time 2026-09-24T09:34:33+00:00 was in the past, adjusted to current time for immediate firing[0m
[1m2026-09-24T09:34:33.000000000Z[0m [1;33m[WARN] TRADER-000.nautilus_common::clock: Timer 'SIGNAL:9013623742:1790241950832998912' alert time 2026-09-24T09:34:33+00:00 was in the past, adjusted to current time for immediate firing[0m
[1m2026-09-24T09:34:33.000000000Z[0m [1;33m[WARN] TRADER-000.nautilus_common::clock: Timer 'SIGNAL:9013623742:1790241951829108992' alert time 2026-09-24T09:34:33+00:00 was in the past, adjusted to current time for immediate firing[0m
[1m2026-09-24T09:34:33.000000000Z[0m [1;33m[WARN] TRADER-000.nautilus_common::clock: Timer 'SIGNAL:9013623742:1790241952833283840' alert time 2026-09-24T09:34:33+00:00 was in the past, adjusted to current time for immediate firing[0m
[1m2026-09-24T09:34:33.000000000Z[0m [1;33m[WARN] TRADER-000.nautilus_common::clock: Timer 'SIGNAL:9013623742:1790241953826383104' alert time 2026-09-24T09:34:33+00:00 was in the past, adjusted to current time for immediate firing[0m
[1m2026-09-24T09:34:33.000000000Z[0m [1;33m[WARN] TRADER-000.nautilus_common::clock: Timer 'SIGNAL:9013623742:1790241954832308992' alert time 2026-09-24T09:34:33+00:00 was in the past, adjusted to current time for immediate firing[0m
[1m2026-09-24T09:34:33.000000000Z[0m [1;33m[WARN] TRADER-000.nautilus_common::clock: Timer 'SIGNAL:9013623742:1790241955838044928' alert time 2026-09-24T09:34:33+00:00 was in the past, adjusted to current time for immediate firing[0m
[1m2026-09-24T09:34:33.000000000Z[0m [1;33m[WARN] TRADER-000.nautilus_common::clock: Timer 'SIGNAL:9013623742:1790241956830498048' alert time 2026-09-24T09:34:33+00:00 was in the past, adjusted to current time for immediate firing[0m
[1m2026-09-24T09:34:33.000000000Z[0m [1;33m[WARN] TRADER-000.nautilus_common::clock: Timer 'SIGNAL:9013623742:1790241957826631936' alert time 2026-09-24T09:34:33+00:00 was in the past, adjusted to current time for immediate firing[0m
[1m2026-09-24T09:34:33.000000000Z[0m [1;33m[WARN] TRADER-000.nautilus_common::clock: Timer 'SIGNAL:9013623742:1790241958843352064' alert time 2026-09-24T09:34:33+00:00 was in the past, adjusted to current time for immediate firing[0m
[1m2026-09-24T09:34:33.000000000Z[0m [1;33m[WARN] TRADER-000.nautilus_common::clock: Timer 'SIGNAL:9013623742:1790241959734612992' alert time 2026-09-24T09:34:33+00:00 was in the past, adjusted to current time for immediate firing[0m
[1m2026-09-24T09:34:33.000000000Z[0m [1;33m[WARN] TRADER-000.nautilus_common::clock: Timer 'SIGNAL:9013623742:1790241961138264064' alert time 2026-09-24T09:34:33+00:00 was in the past, adjusted to current time for immediate firing[0m
[1m2026-09-24T09:34:33.000000000Z[0m [1;33m[WARN] TRADER-000.nautilus_common::clock: Timer 'SIGNAL:9013623742:1790241962124775936' alert time 2026-09-24T09:34:33+00:00 was in the past, adjusted to current time for immediate firing[0m
[1m2026-09-24T09:34:33.000000000Z[0m [1;33m[WARN] TRADER-000.nautilus_common::clock: Timer 'SIGNAL:9013623742:1790241963326908160' alert time 2026-09-24T09:34:33+00:00 was in the past, adjusted to current time for immediate firing[0m
[1m2026-09-24T09:34:33.000000000Z[0m [1;33m[WARN] TRADER-000.nautilus_common::clock: Timer 'SIGNAL:9013623742:1790241964142539008' alert time 2026-09-24T09:34:33+00:00 was in the past, adjusted to current time for immediate firing[0m
[1m2026-09-24T09:34:33.000000000Z[0m [1;33m[WARN] TRADER-000.nautilus_common::clock: Timer 'SIGNAL:9013623742:1790241965127547136' alert time 2026-09-24T09:34:33+00:00 was in the past, adjusted to current time for immediate firing[0m
[1m2026-09-24T09:34:33.000000000Z[0m [1;33m[WARN] TRADER-000.nautilus_common::clock: Timer 'SIGNAL:9013623742:1790241966138915072' alert time 2026-09-24T09:34:33+00:00 was in the past, adjusted to current time for immediate firing[0m
[1m2026-09-24T09:34:33.000000000Z[0m [1;33m[WARN] TRADER-000.nautilus_common::clock: Timer 'SIGNAL:9013623742:1790241967154705152' alert time 2026-09-24T09:34:33+00:00 was in the past, adjusted to current time for immediate firing[0m
[1m2026-09-24T09:34:33.000000000Z[0m [1;33m[WARN] TRADER-000.nautilus_common::clock: Timer 'SIGNAL:9013623742:1790241968126554112' alert time 2026-09-24T09:34:33+00:00 was in the past, adjusted to current time for immediate firing[0m
[1m2026-09-24T09:34:33.000000000Z[0m [1;33m[WARN] TRADER-000.nautilus_common::clock: Timer 'SIGNAL:9013623742:1790241969126189056' alert time 2026-09-24T09:34:33+00:00 was in the past, adjusted to current time for immediate firing[0m
[1m2026-09-24T09:34:33.000000000Z[0m [1;33m[WARN] TRADER-000.nautilus_common::clock: Timer 'SIGNAL:9013623742:1790241970125519104' alert time 2026-09-24T09:34:33+00:00 was in the past, adjusted to current time for immediate firing[0m
[1m2026-09-24T09:34:33.000000000Z[0m [1;33m[WARN] TRADER-000.nautilus_common::clock: Timer 'SIGNAL:9013623742:1790241971137003008' alert time 2026-09-24T09:34:33+00:00 was in the past, adjusted to current time for immediate firing[0m
[1m2026-09-24T09:34:33.000000000Z[0m [1;33m[WARN] TRADER-000.nautilus_common::clock: Timer 'SIGNAL:9013623742:1790241972138910976' alert time 2026-09-24T09:34:33+00:00 was in the past, adjusted to current time for immediate firing[0m
[1m2026-09-24T09:34:33.000000000Z[0m [1;33m[WARN] TRADER-000.nautilus_common::clock: Timer 'SIGNAL:9013623742:1790241973127326976' alert time 2026-09-24T09:34:33+00:00 was in the past, adjusted to current time for immediate firing[0m
[1m2026-09-24T09:34:33.000000000Z[0m [1;33m[WARN] TRADER-000.nautilus_common::clock: Timer 'SIGNAL:9013623742:1790241974126411008' alert time 2026-09-24T09:34:33+00:00 was in the past, adjusted to current time for immediate firing[0m
[1m2026-09-24T09:34:33.000000000Z[0m [1;33m[WARN] TRADER-000.nautilus_common::clock: Timer 'SIGNAL:9013623742:1790241975132671232' alert time 2026-09-24T09:34:33+00:00 was in the past, adjusted to current time for immediate firing[0m
[1m2026-09-24T09:34:33.000000000Z[0m [1;33m[WARN] TRADER-000.nautilus_common::clock: Timer 'SIGNAL:9013623742:1790241976130609920' alert time 2026-09-24T09:34:33+00:00 was in the past, adjusted to current time for immediate firing[0m
[1m2026-09-24T09:34:33.000000000Z[0m [1;33m[WARN] TRADER-000.nautilus_common::clock: Timer 'SIGNAL:9013623742:1790241977130388992' alert time 2026-09-24T09:34:33+00:00 was in the past, adjusted to current time for immediate firing[0m
[1m2026-09-24T09:34:33.000000000Z[0m [1;33m[WARN] TRADER-000.nautilus_common::clock: Timer 'SIGNAL:9013623742:1790241978131595008' alert time 2026-09-24T09:34:33+00:00 was in the past, adjusted to current time for immediate firing[0m
[1m2026-09-24T09:34:33.000000000Z[0m [1;33m[WARN] TRADER-000.nautilus_common::clock: Timer 'SIGNAL:9013623742:1790241979126471168' alert time 2026-09-24T09:34:33+00:00 was in the past, adjusted to current time for immediate firing[0m
[1m2026-09-24T09:34:33.000000000Z[0m [1;33m[WARN] TRADER-000.nautilus_common::clock: Timer 'SIGNAL:9013623742:1790241980130768128' alert time 2026-09-24T09:34:33+00:00 was in the past, adjusted to current time for immediate firing[0m
[1m2026-09-24T09:34:33.000000000Z[0m [1;33m[WARN] TRADER-000.nautilus_common::clock: Timer 'SIGNAL:9013623742:1790241981143153920' alert time 2026-09-24T09:34:33+00:00 was in the past, adjusted to current time for immediate firing[0m
[1m2026-09-24T09:34:33.000000000Z[0m [1;33m[WARN] TRADER-000.nautilus_common::clock: Timer 'SIGNAL:9013623742:1790241982126523904' alert time 2026-09-24T09:34:33+00:00 was in the past, adjusted to current time for immediate firing[0m
[1m2026-09-24T09:34:33.000000000Z[0m [1;33m[WARN] TRADER-000.nautilus_common::clock: Timer 'SIGNAL:9013623742:1790241983130690048' alert time 2026-09-24T09:34:33+00:00 was in the past, adjusted to current time for immediate firing[0m
[1m2026-09-24T09:34:33.000000000Z[0m [1;33m[WARN] TRADER-000.nautilus_common::clock: Timer 'SIGNAL:9013623742:1790241984129019904' alert time 2026-09-24T09:34:33+00:00 was in the past, adjusted to current time for immediate firing[0m
[1m2026-09-24T09:34:33.000000000Z[0m [1;33m[WARN] TRADER-000.nautilus_common::clock: Timer 'SIGNAL:9013623742:1790241985129565952' alert time 2026-09-24T09:34:33+00:00 was in the past, adjusted to current time for immediate firing[0m
[1m2026-09-24T09:34:33.000000000Z[0m [1;33m[WARN] TRADER-000.nautilus_common::clock: Timer 'SIGNAL:9013623742:1790241986143120896' alert time 2026-09-24T09:34:33+00:00 was in the past, adjusted to current time for immediate firing[0m
[1m2026-09-24T09:34:33.000000000Z[0m [1;33m[WARN] TRADER-000.nautilus_common::clock: Timer 'SIGNAL:9013623742:1790241987131422976' alert time 2026-09-24T09:34:33+00:00 was in the past, adjusted to current time for immediate firing[0m
[1m2026-09-24T09:34:33.000000000Z[0m [1;33m[WARN] TRADER-000.nautilus_common::clock: Timer 'SIGNAL:9013623742:1790241988127703040' alert time 2026-09-24T09:34:33+00:00 was in the past, adjusted to current time for immediate firing[0m
[1m2026-09-24T09:34:33.000000000Z[0m [1;33m[WARN] TRADER-000.nautilus_common::clock: Timer 'SIGNAL:9013623742:1790241989127365120' alert time 2026-09-24T09:34:33+00:00 was in the past, adjusted to current time for immediate firing[0m
[1m2026-09-24T09:34:33.000000000Z[0m [1;33m[WARN] TRADER-000.nautilus_common::clock: Timer 'SIGNAL:9013623742:1790241990130813952' alert time 2026-09-24T09:34:33+00:00 was in the past, adjusted to current time for immediate firing[0m
[1m2026-09-24T09:34:33.000000000Z[0m [1;33m[WARN] TRADER-000.nautilus_common::clock: Timer 'SIGNAL:9013623742:1790241992027666944' alert time 2026-09-24T09:34:33+00:00 was in the past, adjusted to current time for immediate firing[0m
[1m2026-09-24T09:34:33.000000000Z[0m [1;33m[WARN] TRADER-000.nautilus_common::clock: Timer 'SIGNAL:9013623742:1790241993040261888' alert time 2026-09-24T09:34:33+00:00 was in the past, adjusted to current time for immediate firing[0m
[1m2026-09-24T09:34:33.000000000Z[0m [1;33m[WARN] TRADER-000.nautilus_common::clock: Timer 'SIGNAL:9013623742:1790241994026544128' alert time 2026-09-24T09:34:33+00:00 was in the past, adjusted to current time for immediate firing[0m
[1m2026-09-24T09:34:33.000000000Z[0m [1;33m[WARN] TRADER-000.nautilus_common::clock: Timer 'SIGNAL:9013623742:1790241995028307968' alert time 2026-09-24T09:34:33+00:00 was in the past, adjusted to current time for immediate firing[0m
[1m2026-09-24T09:34:33.000000000Z[0m [1;33m[WARN] TRADER-000.nautilus_common::clock: Timer 'SIGNAL:9013623742:1790241996040026880' alert time 2026-09-24T09:34:33+00:00 was in the past, adjusted to current time for immediate firing[0m
[1m2026-09-24T09:34:33.000000000Z[0m [1;33m[WARN] TRADER-000.nautilus_common::clock: Timer 'SIGNAL:9013623742:1790241997026987008' alert time 2026-09-24T09:34:33+00:00 was in the past, adjusted to current time for immediate firing[0m
[1m2026-09-24T09:34:33.000000000Z[0m [1;33m[WARN] TRADER-000.nautilus_common::clock: Timer 'SIGNAL:9013623742:1790241998027900928' alert time 2026-09-24T09:34:33+00:00 was in the past, adjusted to current time for immediate firing[0m
[1m2026-09-24T09:34:33.000000000Z[0m [1;33m[WARN] TRADER-000.nautilus_common::clock: Timer 'SIGNAL:9013623742:1790241999027535872' alert time 2026-09-24T09:34:33+00:00 was in the past, adjusted to current time for immediate firing[0m
[1m2026-09-24T09:34:33.000000000Z[0m [1;33m[WARN] TRADER-000.nautilus_common::clock: Timer 'SIGNAL:9013623742:1790242000027053056' alert time 2026-09-24T09:34:33+00:00 was in the past, adjusted to current time for immediate firing[0m
[1m2026-09-24T09:34:33.000000000Z[0m [1;33m[WARN] TRADER-000.nautilus_common::clock: Timer 'SIGNAL:9013623742:1790242001028043008' alert time 2026-09-24T09:34:33+00:00 was in the past, adjusted to current time for immediate firing[0m
[1m2026-09-24T09:34:33.000000000Z[0m [1;33m[WARN] TRADER-000.nautilus_common::clock: Timer 'SIGNAL:9013623742:1790242002028524032' alert time 2026-09-24T09:34:33+00:00 was in the past, adjusted to current time for immediate firing[0m
[1m2026-09-24T09:34:33.000000000Z[0m [1;33m[WARN] TRADER-000.nautilus_common::clock: Timer 'SIGNAL:9013623742:1790242003027677952' alert time 2026-09-24T09:34:33+00:00 was in the past, adjusted to current time for immediate firing[0m
[1m2026-09-24T09:34:33.000000000Z[0m [1;33m[WARN] TRADER-000.nautilus_common::clock: Timer 'SIGNAL:9013623742:1790242004081294080' alert time 2026-09-24T09:34:33+00:00 was in the past, adjusted to current time for immediate firing[0m
[1m2026-09-24T09:34:33.000000000Z[0m [1;33m[WARN] TRADER-000.nautilus_common::clock: Timer 'SIGNAL:9013623742:1790242005029353984' alert time 2026-09-24T09:34:33+00:00 was in the past, adjusted to current time for immediate firing[0m
[1m2026-09-24T09:34:33.000000000Z[0m [1;33m[WARN] TRADER-000.nautilus_common::clock: Timer 'SIGNAL:9013623742:1790242006030564096' alert time 2026-09-24T09:34:33+00:00 was in the past, adjusted to current time for immediate firing[0m
[1m2026-09-24T09:34:33.000000000Z[0m [1;33m[WARN] TRADER-000.nautilus_common::clock: Timer 'SIGNAL:9013623742:1790242007231571968' alert time 2026-09-24T09:34:33+00:00 was in the past, adjusted to current time for immediate firing[0m
[1m2026-09-24T09:34:33.000000000Z[0m [1;33m[WARN] TRADER-000.nautilus_common::clock: Timer 'SIGNAL:9013623742:1790242008039115008' alert time 2026-09-24T09:34:33+00:00 was in the past, adjusted to current time for immediate firing[0m
[1m2026-09-24T09:34:33.000000000Z[0m [1;33m[WARN] TRADER-000.nautilus_common::clock: Timer 'SIGNAL:9013623742:1790242009226738944' alert time 2026-09-24T09:34:33+00:00 was in the past, adjusted to current time for immediate firing[0m
[1m2026-09-24T09:34:33.000000000Z[0m [1;33m[WARN] TRADER-000.nautilus_common::clock: Timer 'SIGNAL:9013623742:1790242010270419968' alert time 2026-09-24T09:34:33+00:00 was in the past, adjusted to current time for immediate firing[0m
[1m2026-09-24T09:34:33.000000000Z[0m [1;33m[WARN] TRADER-000.nautilus_common::clock: Timer 'SIGNAL:9013623742:1790242011241314816' alert time 2026-09-24T09:34:33+00:00 was in the past, adjusted to current time for immediate firing[0m
[1m2026-09-24T09:34:33.000000000Z[0m [1;33m[WARN] TRADER-000.nautilus_common::clock: Timer 'SIGNAL:9013623742:1790242012239331840' alert time 2026-09-24T09:34:33+00:00 was in the past, adjusted to current time for immediate firing[0m
[1m2026-09-24T09:34:33.000000000Z[0m [1;33m[WARN] TRADER-000.nautilus_common::clock: Timer 'SIGNAL:9013623742:1790242013240890112' alert time 2026-09-24T09:34:33+00:00 was in the past, adjusted to current time for immediate firing[0m
[1m2026-09-24T09:34:33.000000000Z[0m [1;33m[WARN] TRADER-000.nautilus_common::clock: Timer 'SIGNAL:9013623742:1790242014226457088' alert time 2026-09-24T09:34:33+00:00 was in the past, adjusted to current time for immediate firing[0m
[1m2026-09-24T09:34:33.000000000Z[0m [1;33m[WARN] TRADER-000.nautilus_common::clock: Timer 'SIGNAL:9013623742:1790242015232230912' alert time 2026-09-24T09:34:33+00:00 was in the past, adjusted to current time for immediate firing[0m
[1m2026-09-24T09:34:33.000000000Z[0m [1;33m[WARN] TRADER-000.nautilus_common::clock: Timer 'SIGNAL:9013623742:1790242016268167936' alert time 2026-09-24T09:34:33+00:00 was in the past, adjusted to current time for immediate firing[0m
[1m2026-09-24T09:34:33.000000000Z[0m [1;33m[WARN] TRADER-000.nautilus_common::clock: Timer 'SIGNAL:9013623742:1790242017232737024' alert time 2026-09-24T09:34:33+00:00 was in the past, adjusted to current time for immediate firing[0m
[1m2026-09-24T09:34:33.000000000Z[0m [1;33m[WARN] TRADER-000.nautilus_common::clock: Timer 'SIGNAL:9013623742:1790242018232800000' alert time 2026-09-24T09:34:33+00:00 was in the past, adjusted to current time for immediate firing[0m
[1m2026-09-24T09:34:33.000000000Z[0m [1;33m[WARN] TRADER-000.nautilus_common::clock: Timer 'SIGNAL:9013623742:1790242018925793024' alert time 2026-09-24T09:34:33+00:00 was in the past, adjusted to current time for immediate firing[0m
[1m2026-09-24T09:34:33.000000000Z[0m [1;33m[WARN] TRADER-000.nautilus_common::clock: Timer 'SIGNAL:9013623742:1790242019827363072' alert time 2026-09-24T09:34:33+00:00 was in the past, adjusted to current time for immediate firing[0m
[1m2026-09-24T09:34:33.000000000Z[0m [1;33m[WARN] TRADER-000.nautilus_common::clock: Timer 'SIGNAL:9013623742:1790242021432512000' alert time 2026-09-24T09:34:33+00:00 was in the past, adjusted to current time for immediate firing[0m
[1m2026-09-24T09:34:33.000000000Z[0m [1;33m[WARN] TRADER-000.nautilus_common::clock: Timer 'SIGNAL:9013623742:1790242021846395136' alert time 2026-09-24T09:34:33+00:00 was in the past, adjusted to current time for immediate firing[0m
[1m2026-09-24T09:34:33.000000000Z[0m [1;33m[WARN] TRADER-000.nautilus_common::clock: Timer 'SIGNAL:9013623742:1790242022826031872' alert time 2026-09-24T09:34:33+00:00 was in the past, adjusted to current time for immediate firing[0m
[1m2026-09-24T09:34:33.000000000Z[0m [1;33m[WARN] TRADER-000.nautilus_common::clock: Timer 'SIGNAL:9013623742:1790242023834014976' alert time 2026-09-24T09:34:33+00:00 was in the past, adjusted to current time for immediate firing[0m
[1m2026-09-24T09:34:33.000000000Z[0m [1;33m[WARN] TRADER-000.nautilus_common::clock: Timer 'SIGNAL:9013623742:1790242024834824192' alert time 2026-09-24T09:34:33+00:00 was in the past, adjusted to current time for immediate firing[0m
[1m2026-09-24T09:34:33.000000000Z[0m [1;33m[WARN] TRADER-000.nautilus_common::clock: Timer 'SIGNAL:9013623742:1790242025843066880' alert time 2026-09-24T09:34:33+00:00 was in the past, adjusted to current time for immediate firing[0m
[1m2026-09-24T09:34:33.000000000Z[0m [1;33m[WARN] TRADER-000.nautilus_common::clock: Timer 'SIGNAL:9013623742:1790242026838169088' alert time 2026-09-24T09:34:33+00:00 was in the past, adjusted to current time for immediate firing[0m
[1m2026-09-24T09:34:33.000000000Z[0m [1;33m[WARN] TRADER-000.nautilus_common::clock: Timer 'SIGNAL:9013623742:1790242027852752896' alert time 2026-09-24T09:34:33+00:00 was in the past, adjusted to current time for immediate firing[0m
[1m2026-09-24T09:34:33.000000000Z[0m [1;33m[WARN] TRADER-000.nautilus_common::clock: Timer 'SIGNAL:9013623742:1790242028832904960' alert time 2026-09-24T09:34:33+00:00 was in the past, adjusted to current time for immediate firing[0m
[1m2026-09-24T09:34:33.000000000Z[0m [1;33m[WARN] TRADER-000.nautilus_common::clock: Timer 'SIGNAL:9013623742:1790242029951265024' alert time 2026-09-24T09:34:33+00:00 was in the past, adjusted to current time for immediate firing[0m
[1m2026-09-24T09:34:33.000000000Z[0m [1;33m[WARN] TRADER-000.nautilus_common::clock: Timer 'SIGNAL:9013623742:1790242030834322944' alert time 2026-09-24T09:34:33+00:00 was in the past, adjusted to current time for immediate firing[0m
[1m2026-09-24T09:34:33.000000000Z[0m [1;33m[WARN] TRADER-000.nautilus_common::clock: Timer 'SIGNAL:9013623742:1790242031827140096' alert time 2026-09-24T09:34:33+00:00 was in the past, adjusted to current time for immediate firing[0m
[1m2026-09-24T09:34:33.000000000Z[0m [1;33m[WARN] TRADER-000.nautilus_common::clock: Timer 'SIGNAL:9013623742:1790242032826008064' alert time 2026-09-24T09:34:33+00:00 was in the past, adjusted to current time for immediate firing[0m
[1m2026-09-24T09:34:33.000000000Z[0m [1;33m[WARN] TRADER-000.nautilus_common::clock: Timer 'SIGNAL:9013623742:1790242033832340992' alert time 2026-09-24T09:34:33+00:00 was in the past, adjusted to current time for immediate firing[0m
[1m2026-09-24T09:34:33.000000000Z[0m [1;33m[WARN] TRADER-000.nautilus_common::clock: Timer 'SIGNAL:9013623742:1790242034840764928' alert time 2026-09-24T09:34:33+00:00 was in the past, adjusted to current time for immediate firing[0m
[1m2026-09-24T09:34:33.000000000Z[0m [1;33m[WARN] TRADER-000.nautilus_common::clock: Timer 'SIGNAL:9013623742:1790242035833638912' alert time 2026-09-24T09:34:33+00:00 was in the past, adjusted to current time for immediate firing[0m
[1m2026-09-24T09:34:33.000000000Z[0m [1;33m[WARN] TRADER-000.nautilus_common::clock: Timer 'SIGNAL:9013623742:1790242036835319040' alert time 2026-09-24T09:34:33+00:00 was in the past, adjusted to current time for immediate firing[0m
[1m2026-09-24T09:34:33.000000000Z[0m [1;33m[WARN] TRADER-000.nautilus_common::clock: Timer 'SIGNAL:9013623742:1790242037836891904' alert time 2026-09-24T09:34:33+00:00 was in the past, adjusted to current time for immediate firing[0m
[1m2026-09-24T09:34:33.000000000Z[0m [1;33m[WARN] TRADER-000.nautilus_common::clock: Timer 'SIGNAL:9013623742:1790242038837168896' alert time 2026-09-24T09:34:33+00:00 was in the past, adjusted to current time for immediate firing[0m
[1m2026-09-24T09:34:33.000000000Z[0m [1;33m[WARN] TRADER-000.nautilus_common::clock: Timer 'SIGNAL:9013623742:1790242039833256960' alert time 2026-09-24T09:34:33+00:00 was in the past, adjusted to current time for immediate firing[0m
[1m2026-09-24T09:34:33.000000000Z[0m [1;33m[WARN] TRADER-000.nautilus_common::clock: Timer 'SIGNAL:9013623742:1790242040833278976' alert time 2026-09-24T09:34:33+00:00 was in the past, adjusted to current time for immediate firing[0m
[1m2026-09-24T09:34:33.000000000Z[0m [1;33m[WARN] TRADER-000.nautilus_common::clock: Timer 'SIGNAL:9013623742:1790242041825829888' alert time 2026-09-24T09:34:33+00:00 was in the past, adjusted to current time for immediate firing[0m
[1m2026-09-24T09:34:33.000000000Z[0m [1;33m[WARN] TRADER-000.nautilus_common::clock: Timer 'SIGNAL:9013623742:1790242042832911104' alert time 2026-09-24T09:34:33+00:00 was in the past, adjusted to current time for immediate firing[0m
[1m2026-09-24T09:34:33.000000000Z[0m [1;33m[WARN] TRADER-000.nautilus_common::clock: Timer 'SIGNAL:9013623742:1790242043837176064' alert time 2026-09-24T09:34:33+00:00 was in the past, adjusted to current time for immediate firing[0m
[1m2026-09-24T09:34:33.000000000Z[0m [1;33m[WARN] TRADER-000.nautilus_common::clock: Timer 'SIGNAL:9013623742:1790242044836164096' alert time 2026-09-24T09:34:33+00:00 was in the past, adjusted to current time for immediate firing[0m
[1m2026-09-24T09:34:33.000000000Z[0m [1;33m[WARN] TRADER-000.nautilus_common::clock: Timer 'SIGNAL:9013623742:1790242045840792064' alert time 2026-09-24T09:34:33+00:00 was in the past, adjusted to current time for immediate firing[0m
[1m2026-09-24T09:34:33.000000000Z[0m [1;33m[WARN] TRADER-000.nautilus_common::clock: Timer 'SIGNAL:9013623742:1790242046837236992' alert time 2026-09-24T09:34:33+00:00 was in the past, adjusted to current time for immediate firing[0m
[1m2026-09-24T09:34:33.000000000Z[0m [1;33m[WARN] TRADER-000.nautilus_common::clock: Timer 'SIGNAL:9013623742:1790242047833165824' alert time 2026-09-24T09:34:33+00:00 was in the past, adjusted to current time for immediate firing[0m
[1m2026-09-24T09:34:33.000000000Z[0m [1;33m[WARN] TRADER-000.nautilus_common::clock: Timer 'SIGNAL:9013623742:1790242049039695104' alert time 2026-09-24T09:34:33+00:00 was in the past, adjusted to current time for immediate firing[0m
[1m2026-09-24T09:34:33.000000000Z[0m [1;33m[WARN] TRADER-000.nautilus_common::clock: Timer 'SIGNAL:9013623742:1790242050075976960' alert time 2026-09-24T09:34:33+00:00 was in the past, adjusted to current time for immediate firing[0m
[1m2026-09-24T09:34:33.000000000Z[0m [1;33m[WARN] TRADER-000.nautilus_common::clock: Timer 'SIGNAL:9013623742:1790242051031490048' alert time 2026-09-24T09:34:33+00:00 was in the past, adjusted to current time for immediate firing[0m
[1m2026-09-24T09:34:33.000000000Z[0m [1;33m[WARN] TRADER-000.nautilus_common::clock: Timer 'SIGNAL:9013623742:1790242052035408128' alert time 2026-09-24T09:34:33+00:00 was in the past, adjusted to current time for immediate firing[0m
[1m2026-09-24T09:34:33.000000000Z[0m [1;33m[WARN] TRADER-000.nautilus_common::clock: Timer 'SIGNAL:9013623742:1790242053038237952' alert time 2026-09-24T09:34:33+00:00 was in the past, adjusted to current time for immediate firing[0m
[1m2026-09-24T09:34:33.000000000Z[0m [1;33m[WARN] TRADER-000.nautilus_common::clock: Timer 'SIGNAL:9013623742:1790242054041260032' alert time 2026-09-24T09:34:33+00:00 was in the past, adjusted to current time for immediate firing[0m
[1m2026-09-24T09:34:33.000000000Z[0m [1;33m[WARN] TRADER-000.nautilus_common::clock: Timer 'SIGNAL:9013623742:1790242055040431104' alert time 2026-09-24T09:34:33+00:00 was in the past, adjusted to current time for immediate firing[0m
[1m2026-09-24T09:34:33.000000000Z[0m [1;33m[WARN] TRADER-000.nautilus_common::clock: Timer 'SIGNAL:9013623742:1790242056043003136' alert time 2026-09-24T09:34:33+00:00 was in the past, adjusted to current time for immediate firing[0m
[1m2026-09-24T09:34:33.000000000Z[0m [1;33m[WARN] TRADER-000.nautilus_common::clock: Timer 'SIGNAL:9013623742:1790242057027512064' alert time 2026-09-24T09:34:33+00:00 was in the past, adjusted to current time for immediate firing[0m
[1m2026-09-24T09:34:33.000000000Z[0m [1;33m[WARN] TRADER-000.nautilus_common::clock: Timer 'SIGNAL:9013623742:1790242058039922944' alert time 2026-09-24T09:34:33+00:00 was in the past, adjusted to current time for immediate firing[0m
[1m2026-09-24T09:34:33.000000000Z[0m [1;33m[WARN] TRADER-000.nautilus_common::clock: Timer 'SIGNAL:9013623742:1790242059090949888' alert time 2026-09-24T09:34:33+00:00 was in the past, adjusted to current time for immediate firing[0m
[1m2026-09-24T09:34:33.000000000Z[0m [1;33m[WARN] TRADER-000.nautilus_common::clock: Timer 'SIGNAL:9013623742:1790242060047115008' alert time 2026-09-24T09:34:33+00:00 was in the past, adjusted to current time for immediate firing[0m
[1m2026-09-24T09:34:33.000000000Z[0m [1;33m[WARN] TRADER-000.nautilus_common::clock: Timer 'SIGNAL:9013623742:1790242061032784896' alert time 2026-09-24T09:34:33+00:00 was in the past, adjusted to current time for immediate firing[0m
[1m2026-09-24T09:34:33.000000000Z[0m [1;33m[WARN] TRADER-000.nautilus_common::clock: Timer 'SIGNAL:9013623742:1790242062041261056' alert time 2026-09-24T09:34:33+00:00 was in the past, adjusted to current time for immediate firing[0m
[1m2026-09-24T09:34:33.000000000Z[0m [1;33m[WARN] TRADER-000.nautilus_common::clock: Timer 'SIGNAL:9013623742:1790242063038505984' alert time 2026-09-24T09:34:33+00:00 was in the past, adjusted to current time for immediate firing[0m
[1m2026-09-24T09:34:33.000000000Z[0m [1;33m[WARN] TRADER-000.nautilus_common::clock: Timer 'SIGNAL:9013623742:1790242064035522816' alert time 2026-09-24T09:34:33+00:00 was in the past, adjusted to current time for immediate firing[0m
[1m2026-09-24T09:34:33.000000000Z[0m [1;33m[WARN] TRADER-000.nautilus_common::clock: Timer 'SIGNAL:9013623742:1790242065040232960' alert time 2026-09-24T09:34:33+00:00 was in the past, adjusted to current time for immediate firing[0m
[1m2026-09-24T09:34:33.000000000Z[0m [1;33m[WARN] TRADER-000.nautilus_common::clock: Timer 'SIGNAL:9013623742:1790242066026896896' alert time 2026-09-24T09:34:33+00:00 was in the past, adjusted to current time for immediate firing[0m
[1m2026-09-24T09:34:33.000000000Z[0m [1;33m[WARN] TRADER-000.nautilus_common::clock: Timer 'SIGNAL:9013623742:1790242067039561984' alert time 2026-09-24T09:34:33+00:00 was in the past, adjusted to current time for immediate firing[0m
[1m2026-09-24T09:34:33.000000000Z[0m [1;33m[WARN] TRADER-000.nautilus_common::clock: Timer 'SIGNAL:9013623742:1790242068031523072' alert time 2026-09-24T09:34:33+00:00 was in the past, adjusted to current time for immediate firing[0m
[1m2026-09-24T09:34:33.000000000Z[0m [1;33m[WARN] TRADER-000.nautilus_common::clock: Timer 'SIGNAL:9013623742:1790242069040380928' alert time 2026-09-24T09:34:33+00:00 was in the past, adjusted to current time for immediate firing[0m
[1m2026-09-24T09:34:33.000000000Z[0m [1;33m[WARN] TRADER-000.nautilus_common::clock: Timer 'SIGNAL:9013623742:1790242070044167936' alert time 2026-09-24T09:34:33+00:00 was in the past, adjusted to current time for immediate firing[0m
[1m2026-09-24T09:34:33.000000000Z[0m [1;33m[WARN] TRADER-000.nautilus_common::clock: Timer 'SIGNAL:9013623742:1790242071048855040' alert time 2026-09-24T09:34:33+00:00 was in the past, adjusted to current time for immediate firing[0m
[1m2026-09-24T09:34:33.000000000Z[0m [1;33m[WARN] TRADER-000.nautilus_common::clock: Timer 'SIGNAL:9013623742:1790242072036190976' alert time 2026-09-24T09:34:33+00:00 was in the past, adjusted to current time for immediate firing[0m
[1m2026-09-24T09:34:33.000000000Z[0m [1;33m[WARN] TRADER-000.nautilus_common::clock: Timer 'SIGNAL:9013623742:1790242073025810944' alert time 2026-09-24T09:34:33+00:00 was in the past, adjusted to current time for immediate firing[0m
[1m2026-09-24T09:34:33.000000000Z[0m [1;33m[WARN] TRADER-000.nautilus_common::clock: Timer 'SIGNAL:9013623742:1790242074037018112' alert time 2026-09-24T09:34:33+00:00 was in the past, adjusted to current time for immediate firing[0m
[1m2026-09-24T09:34:33.000000000Z[0m [1;33m[WARN] TRADER-000.nautilus_common::clock: Timer 'SIGNAL:9013623742:1790242075048634112' alert time 2026-09-24T09:34:33+00:00 was in the past, adjusted to current time for immediate firing[0m
[1m2026-09-24T09:34:33.000000000Z[0m [1;33m[WARN] TRADER-000.nautilus_common::clock: Timer 'SIGNAL:9013623742:1790242076038825984' alert time 2026-09-24T09:34:33+00:00 was in the past, adjusted to current time for immediate firing[0m
[1m2026-09-24T09:34:33.000000000Z[0m [1;33m[WARN] TRADER-000.nautilus_common::clock: Timer 'SIGNAL:9013623742:1790242077045157888' alert time 2026-09-24T09:34:33+00:00 was in the past, adjusted to current time for immediate firing[0m
[1m2026-09-24T09:34:33.000000000Z[0m [1;33m[WARN] TRADER-000.nautilus_common::clock: Timer 'SIGNAL:9013623742:1790242078050606080' alert time 2026-09-24T09:34:33+00:00 was in the past, adjusted to current time for immediate firing[0m
[1m2026-09-24T09:34:33.000000000Z[0m [1;33m[WARN] TRADER-000.nautilus_common::clock: Timer 'SIGNAL:9013623742:1790242079037248000' alert time 2026-09-24T09:34:33+00:00 was in the past, adjusted to current time for immediate firing[0m
[1m2026-09-24T09:34:33.000000000Z[0m [1;33m[WARN] TRADER-000.nautilus_common::clock: Timer 'SIGNAL:9013623742:1790242080042077184' alert time 2026-09-24T09:34:33+00:00 was in the past, adjusted to current time for immediate firing[0m
[1m2026-09-24T09:34:33.000000000Z[0m [1;33m[WARN] TRADER-000.nautilus_common::clock: Timer 'SIGNAL:9013623742:1790242081046500864' alert time 2026-09-24T09:34:33+00:00 was in the past, adjusted to current time for immediate firing[0m
[1m2026-09-24T09:34:33.000000000Z[0m [1;33m[WARN] TRADER-000.nautilus_common::clock: Timer 'SIGNAL:9013623742:1790242082046812160' alert time 2026-09-24T09:34:33+00:00 was in the past, adjusted to current time for immediate firing[0m
[1m2026-09-24T09:34:33.000000000Z[0m [1;33m[WARN] TRADER-000.nautilus_common::clock: Timer 'SIGNAL:9013623742:1790242083038876160' alert time 2026-09-24T09:34:33+00:00 was in the past, adjusted to current time for immediate firing[0m
[1m2026-09-24T09:34:33.000000000Z[0m [1;33m[WARN] TRADER-000.nautilus_common::clock: Timer 'SIGNAL:9013623742:1790242084042970880' alert time 2026-09-24T09:34:33+00:00 was in the past, adjusted to current time for immediate firing[0m
[1m2026-09-24T09:34:33.000000000Z[0m [1;33m[WARN] TRADER-000.nautilus_common::clock: Timer 'SIGNAL:9013623742:1790242085038260992' alert time 2026-09-24T09:34:33+00:00 was in the past, adjusted to current time for immediate firing[0m
[1m2026-09-24T09:34:33.000000000Z[0m [1;33m[WARN] TRADER-000.nautilus_common::clock: Timer 'SIGNAL:9013623742:1790242086038023936' alert time 2026-09-24T09:34:33+00:00 was in the past, adjusted to current time for immediate firing[0m
[1m2026-09-24T09:34:33.000000000Z[0m [1;33m[WARN] TRADER-000.nautilus_common::clock: Timer 'SIGNAL:9013623742:1790242087036720896' alert time 2026-09-24T09:34:33+00:00 was in the past, adjusted to current time for immediate firing[0m
[1m2026-09-24T09:34:33.000000000Z[0m [1;33m[WARN] TRADER-000.nautilus_common::clock: Timer 'SIGNAL:9013623742:1790242088039776000' alert time 2026-09-24T09:34:33+00:00 was in the past, adjusted to current time for immediate firing[0m
[1m2026-09-24T09:34:33.000000000Z[0m [1;33m[WARN] TRADER-000.nautilus_common::clock: Timer 'SIGNAL:9013623742:1790242089052751104' alert time 2026-09-24T09:34:33+00:00 was in the past, adjusted to current time for immediate firing[0m
[1m2026-09-24T09:34:33.000000000Z[0m [1;33m[WARN] TRADER-000.nautilus_common::clock: Timer 'SIGNAL:9013623742:1790242090125484032' alert time 2026-09-24T09:34:33+00:00 was in the past, adjusted to current time for immediate firing[0m
[1m2026-09-24T09:34:33.000000000Z[0m [1;33m[WARN] TRADER-000.nautilus_common::clock: Timer 'SIGNAL:9013623742:1790242091044188928' alert time 2026-09-24T09:34:33+00:00 was in the past, adjusted to current time for immediate firing[0m
[1m2026-09-24T09:34:33.000000000Z[0m [1;33m[WARN] TRADER-000.nautilus_common::clock: Timer 'SIGNAL:9013623742:1790242092045794048' alert time 2026-09-24T09:34:33+00:00 was in the past, adjusted to current time for immediate firing[0m
[1m2026-09-24T09:34:33.000000000Z[0m [1;33m[WARN] TRADER-000.nautilus_common::clock: Timer 'SIGNAL:9013623742:1790242093044640000' alert time 2026-09-24T09:34:33+00:00 was in the past, adjusted to current time for immediate firing[0m
[1m2026-09-24T09:34:33.000000000Z[0m [1;33m[WARN] TRADER-000.nautilus_common::clock: Timer 'SIGNAL:9013623742:1790242094043706880' alert time 2026-09-24T09:34:33+00:00 was in the past, adjusted to current time for immediate firing[0m
[1m2026-09-24T09:34:33.000000000Z[0m [1;33m[WARN] TRADER-000.nautilus_common::clock: Timer 'SIGNAL:9013623742:1790242095139311104' alert time 2026-09-24T09:34:33+00:00 was in the past, adjusted to current time for immediate firing[0m
[1m2026-09-24T09:34:33.000000000Z[0m [1;33m[WARN] TRADER-000.nautilus_common::clock: Timer 'SIGNAL:9013623742:1790242095849575936' alert time 2026-09-24T09:34:33+00:00 was in the past, adjusted to current time for immediate firing[0m
[1m2026-09-24T09:34:33.000000000Z[0m [1;33m[WARN] TRADER-000.nautilus_common::clock: Timer 'SIGNAL:9013623742:1790242096730971136' alert time 2026-09-24T09:34:33+00:00 was in the past, adjusted to current time for immediate firing[0m
[1m2026-09-24T09:34:33.000000000Z[0m [1;33m[WARN] TRADER-000.nautilus_common::clock: Timer 'SIGNAL:9013623742:1790242098237402880' alert time 2026-09-24T09:34:33+00:00 was in the past, adjusted to current time for immediate firing[0m
[1m2026-09-24T09:34:33.000000000Z[0m [1;33m[WARN] TRADER-000.nautilus_common::clock: Timer 'SIGNAL:9013623742:1790242099243778048' alert time 2026-09-24T09:34:33+00:00 was in the past, adjusted to current time for immediate firing[0m
[1m2026-09-24T09:34:33.000000000Z[0m [1;33m[WARN] TRADER-000.nautilus_common::clock: Timer 'SIGNAL:9013623742:1790242100354994944' alert time 2026-09-24T09:34:33+00:00 was in the past, adjusted to current time for immediate firing[0m
[1m2026-09-24T09:34:33.000000000Z[0m [1;33m[WARN] TRADER-000.nautilus_common::clock: Timer 'SIGNAL:9013623742:1790242101238953216' alert time 2026-09-24T09:34:33+00:00 was in the past, adjusted to current time for immediate firing[0m
[1m2026-09-24T09:34:33.000000000Z[0m [1;33m[WARN] TRADER-000.nautilus_common::clock: Timer 'SIGNAL:9013623742:1790242102236993024' alert time 2026-09-24T09:34:33+00:00 was in the past, adjusted to current time for immediate firing[0m
[1m2026-09-24T09:34:33.000000000Z[0m [1;33m[WARN] TRADER-000.nautilus_common::clock: Timer 'SIGNAL:9013623742:1790242103246475008' alert time 2026-09-24T09:34:33+00:00 was in the past, adjusted to current time for immediate firing[0m
[1m2026-09-24T09:34:33.000000000Z[0m [1;33m[WARN] TRADER-000.nautilus_common::clock: Timer 'SIGNAL:9013623742:1790242104242917888' alert time 2026-09-24T09:34:33+00:00 was in the past, adjusted to current time for immediate firing[0m
[1m2026-09-24T09:34:33.000000000Z[0m [1;33m[WARN] TRADER-000.nautilus_common::clock: Timer 'SIGNAL:9013623742:1790242105369786880' alert time 2026-09-24T09:34:33+00:00 was in the past, adjusted to current time for immediate firing[0m
[1m2026-09-24T09:34:33.000000000Z[0m [1;33m[WARN] TRADER-000.nautilus_common::clock: Timer 'SIGNAL:9013623742:1790242106244896768' alert time 2026-09-24T09:34:33+00:00 was in the past, adjusted to current time for immediate firing[0m
[1m2026-09-24T09:34:33.000000000Z[0m [1;33m[WARN] TRADER-000.nautilus_common::clock: Timer 'SIGNAL:9013623742:1790242107253182976' alert time 2026-09-24T09:34:33+00:00 was in the past, adjusted to current time for immediate firing[0m
[1m2026-09-24T09:34:33.000000000Z[0m [1;33m[WARN] TRADER-000.nautilus_common::clock: Timer 'SIGNAL:9013623742:1790242108242563840' alert time 2026-09-24T09:34:33+00:00 was in the past, adjusted to current time for immediate firing[0m
[1m2026-09-24T09:34:33.000000000Z[0m [1;33m[WARN] TRADER-000.nautilus_common::clock: Timer 'SIGNAL:9013623742:1790242109241916928' alert time 2026-09-24T09:34:33+00:00 was in the past, adjusted to current time for immediate firing[0m
[1m2026-09-24T09:34:33.000000000Z[0m [1;33m[WARN] TRADER-000.nautilus_common::clock: Timer 'SIGNAL:9013623742:1790242110245811968' alert time 2026-09-24T09:34:33+00:00 was in the past, adjusted to current time for immediate firing[0m
[1m2026-09-24T09:34:33.000000000Z[0m [1;33m[WARN] TRADER-000.nautilus_common::clock: Timer 'SIGNAL:9013623742:1790242111243654912' alert time 2026-09-24T09:34:33+00:00 was in the past, adjusted to current time for immediate firing[0m
[1m2026-09-24T09:34:33.000000000Z[0m [1;33m[WARN] TRADER-000.nautilus_common::clock: Timer 'SIGNAL:9013623742:1790242112238713856' alert time 2026-09-24T09:34:33+00:00 was in the past, adjusted to current time for immediate firing[0m
[1m2026-09-24T09:34:33.000000000Z[0m [1;33m[WARN] TRADER-000.nautilus_common::clock: Timer 'SIGNAL:9013623742:1790242113236466944' alert time 2026-09-24T09:34:33+00:00 was in the past, adjusted to current time for immediate firing[0m
[1m2026-09-24T09:34:33.000000000Z[0m [1;33m[WARN] TRADER-000.nautilus_common::clock: Timer 'SIGNAL:9013623742:1790242114248954112' alert time 2026-09-24T09:34:33+00:00 was in the past, adjusted to current time for immediate firing[0m
[1m2026-09-24T09:34:33.000000000Z[0m [1;33m[WARN] TRADER-000.nautilus_common::clock: Timer 'SIGNAL:9013623742:1790242115245852928' alert time 2026-09-24T09:34:33+00:00 was in the past, adjusted to current time for immediate firing[0m
[1m2026-09-24T09:34:33.000000000Z[0m [1;33m[WARN] TRADER-000.nautilus_common::clock: Timer 'SIGNAL:9013623742:1790242116245361920' alert time 2026-09-24T09:34:33+00:00 was in the past, adjusted to current time for immediate firing[0m
[1m2026-09-24T09:34:33.000000000Z[0m [1;33m[WARN] TRADER-000.nautilus_common::clock: Timer 'SIGNAL:9013623742:1790242117271467008' alert time 2026-09-24T09:34:33+00:00 was in the past, adjusted to current time for immediate firing[0m
[1m2026-09-24T09:34:33.000000000Z[0m [1;33m[WARN] TRADER-000.nautilus_common::clock: Timer 'SIGNAL:9013623742:1790242118238946048' alert time 2026-09-24T09:34:33+00:00 was in the past, adjusted to current time for immediate firing[0m
[1m2026-09-24T09:34:33.000000000Z[0m [1;33m[WARN] TRADER-000.nautilus_common::clock: Timer 'SIGNAL:9013623742:1790242119241712128' alert time 2026-09-24T09:34:33+00:00 was in the past, adjusted to current time for immediate firing[0m
[1m2026-09-24T09:34:33.000000000Z[0m [1;33m[WARN] TRADER-000.nautilus_common::clock: Timer 'SIGNAL:9013623742:1790242120236278016' alert time 2026-09-24T09:34:33+00:00 was in the past, adjusted to current time for immediate firing[0m
[1m2026-09-24T09:34:33.000000000Z[0m [1;33m[WARN] TRADER-000.nautilus_common::clock: Timer 'SIGNAL:9013623742:1790242121237848064' alert time 2026-09-24T09:34:33+00:00 was in the past, adjusted to current time for immediate firing[0m
[1m2026-09-24T09:34:33.000000000Z[0m [1;33m[WARN] TRADER-000.nautilus_common::clock: Timer 'SIGNAL:9013623742:1790242122338285824' alert time 2026-09-24T09:34:33+00:00 was in the past, adjusted to current time for immediate firing[0m
[1m2026-09-24T09:34:33.000000000Z[0m [1;33m[WARN] TRADER-000.nautilus_common::clock: Timer 'SIGNAL:9013623742:1790242123239567872' alert time 2026-09-24T09:34:33+00:00 was in the past, adjusted to current time for immediate firing[0m
[1m2026-09-24T09:34:33.000000000Z[0m [1;33m[WARN] TRADER-000.nautilus_common::clock: Timer 'SIGNAL:9013623742:1790242124339013120' alert time 2026-09-24T09:34:33+00:00 was in the past, adjusted to current time for immediate firing[0m
[1m2026-09-24T09:34:33.000000000Z[0m [1;33m[WARN] TRADER-000.nautilus_common::clock: Timer 'SIGNAL:9013623742:1790242125242584832' alert time 2026-09-24T09:34:33+00:00 was in the past, adjusted to current time for immediate firing[0m
[1m2026-09-24T09:34:33.000000000Z[0m [1;33m[WARN] TRADER-000.nautilus_common::clock: Timer 'SIGNAL:9013623742:1790242126243865856' alert time 2026-09-24T09:34:33+00:00 was in the past, adjusted to current time for immediate firing[0m
[1m2026-09-24T09:34:33.000000000Z[0m [1;33m[WARN] TRADER-000.nautilus_common::clock: Timer 'SIGNAL:9013623742:1790242127242077952' alert time 2026-09-24T09:34:33+00:00 was in the past, adjusted to current time for immediate firing[0m
[1m2026-09-24T09:34:33.000000000Z[0m [1;33m[WARN] TRADER-000.nautilus_common::clock: Timer 'SIGNAL:9013623742:1790242128238049024' alert time 2026-09-24T09:34:33+00:00 was in the past, adjusted to current time for immediate firing[0m
[1m2026-09-24T09:34:33.000000000Z[0m [1;33m[WARN] TRADER-000.nautilus_common::clock: Timer 'SIGNAL:9013623742:1790242129247177984' alert time 2026-09-24T09:34:33+00:00 was in the past, adjusted to current time for immediate firing[0m
[1m2026-09-24T09:34:33.000000000Z[0m [1;33m[WARN] TRADER-000.nautilus_common::clock: Timer 'SIGNAL:9013623742:1790242130288878848' alert time 2026-09-24T09:34:33+00:00 was in the past, adjusted to current time for immediate firing[0m
[1m2026-09-24T09:34:33.000000000Z[0m [1;33m[WARN] TRADER-000.nautilus_common::clock: Timer 'SIGNAL:9013623742:1790242132241203968' alert time 2026-09-24T09:34:33+00:00 was in the past, adjusted to current time for immediate firing[0m
[1m2026-09-24T09:34:33.000000000Z[0m [1;33m[WARN] TRADER-000.nautilus_common::clock: Timer 'SIGNAL:9013623742:1790242133261463040' alert time 2026-09-24T09:34:33+00:00 was in the past, adjusted to current time for immediate firing[0m
[1m2026-09-24T09:34:33.000000000Z[0m [1;33m[WARN] TRADER-000.nautilus_common::clock: Timer 'SIGNAL:9013623742:1790242134339385088' alert time 2026-09-24T09:34:33+00:00 was in the past, adjusted to current time for immediate firing[0m
[1m2026-09-24T09:34:33.000000000Z[0m [1;33m[WARN] TRADER-000.nautilus_common::clock: Timer 'SIGNAL:9013623742:1790242135338841856' alert time 2026-09-24T09:34:33+00:00 was in the past, adjusted to current time for immediate firing[0m
[1m2026-09-24T09:34:33.000000000Z[0m [1;33m[WARN] TRADER-000.nautilus_common::clock: Timer 'SIGNAL:9013623742:1790242136239777024' alert time 2026-09-24T09:34:33+00:00 was in the past, adjusted to current time for immediate firing[0m
[1m2026-09-24T09:34:33.000000000Z[0m [1;33m[WARN] TRADER-000.nautilus_common::clock: Timer 'SIGNAL:9013623742:1790242138248145152' alert time 2026-09-24T09:34:33+00:00 was in the past, adjusted to current time for immediate firing[0m
[1m2026-09-24T09:34:33.000000000Z[0m [1;33m[WARN] TRADER-000.nautilus_common::clock: Timer 'SIGNAL:9013623742:1790242139247364096' alert time 2026-09-24T09:34:33+00:00 was in the past, adjusted to current time for immediate firing[0m
[1m2026-09-24T09:34:33.000000000Z[0m [1;33m[WARN] TRADER-000.nautilus_common::clock: Timer 'SIGNAL:9013623742:1790242140340830208' alert time 2026-09-24T09:34:33+00:00 was in the past, adjusted to current time for immediate firing[0m
[1m2026-09-24T09:34:33.000000000Z[0m [1;33m[WARN] TRADER-000.nautilus_common::clock: Timer 'SIGNAL:9013623742:1790242141437999872' alert time 2026-09-24T09:34:33+00:00 was in the past, adjusted to current time for immediate firing[0m
[1m2026-09-24T09:34:33.000000000Z[0m [1;33m[WARN] TRADER-000.nautilus_common::clock: Timer 'SIGNAL:9013623742:1790242142347981056' alert time 2026-09-24T09:34:33+00:00 was in the past, adjusted to current time for immediate firing[0m
[1m2026-09-24T09:34:33.000000000Z[0m [1;33m[WARN] TRADER-000.nautilus_common::clock: Timer 'SIGNAL:9013623742:1790242143338232064' alert time 2026-09-24T09:34:33+00:00 was in the past, adjusted to current time for immediate firing[0m
[1m2026-09-24T09:34:33.000000000Z[0m [1;33m[WARN] TRADER-000.nautilus_common::clock: Timer 'SIGNAL:9013623742:1790242144249133056' alert time 2026-09-24T09:34:33+00:00 was in the past, adjusted to current time for immediate firing[0m
[1m2026-09-24T09:34:33.000000000Z[0m [1;33m[WARN] TRADER-000.nautilus_common::clock: Timer 'SIGNAL:9013623742:1790242146348649984' alert time 2026-09-24T09:34:33+00:00 was in the past, adjusted to current time for immediate firing[0m
[1m2026-09-24T09:34:33.000000000Z[0m [1;33m[WARN] TRADER-000.nautilus_common::clock: Timer 'SIGNAL:9013623742:1790242147342742016' alert time 2026-09-24T09:34:33+00:00 was in the past, adjusted to current time for immediate firing[0m
[1m2026-09-24T09:34:33.000000000Z[0m [1;33m[WARN] TRADER-000.nautilus_common::clock: Timer 'SIGNAL:9013623742:1790242148975259904' alert time 2026-09-24T09:34:33+00:00 was in the past, adjusted to current time for immediate firing[0m
[1m2026-09-24T09:34:33.000000000Z[0m [1;33m[WARN] TRADER-000.nautilus_common::clock: Timer 'SIGNAL:9013623742:1790242149938278912' alert time 2026-09-24T09:34:33+00:00 was in the past, adjusted to current time for immediate firing[0m
[1m2026-09-24T09:34:33.000000000Z[0m [1;33m[WARN] TRADER-000.nautilus_common::clock: Timer 'SIGNAL:9013623742:1790242151249302016' alert time 2026-09-24T09:34:33+00:00 was in the past, adjusted to current time for immediate firing[0m
[1m2026-09-24T09:34:33.000000000Z[0m [1;33m[WARN] TRADER-000.nautilus_common::clock: Timer 'SIGNAL:9013623742:1790242151935627008' alert time 2026-09-24T09:34:33+00:00 was in the past, adjusted to current time for immediate firing[0m
[1m2026-09-24T09:34:33.000000000Z[0m [1;33m[WARN] TRADER-000.nautilus_common::clock: Timer 'SIGNAL:9013623742:1790242152947942144' alert time 2026-09-24T09:34:33+00:00 was in the past, adjusted to current time for immediate firing[0m
[1m2026-09-24T09:34:33.000000000Z[0m [1;33m[WARN] TRADER-000.nautilus_common::clock: Timer 'SIGNAL:9013623742:1790242153937993984' alert time 2026-09-24T09:34:33+00:00 was in the past, adjusted to current time for immediate firing[0m
[1m2026-09-24T09:34:33.000000000Z[0m [1;33m[WARN] TRADER-000.nautilus_common::clock: Timer 'SIGNAL:9013623742:1790242154940711936' alert time 2026-09-24T09:34:33+00:00 was in the past, adjusted to current time for immediate firing[0m
[1m2026-09-24T09:34:33.000000000Z[0m [1;33m[WARN] TRADER-000.nautilus_common::clock: Timer 'SIGNAL:9013623742:1790242155950830848' alert time 2026-09-24T09:34:33+00:00 was in the past, adjusted to current time for immediate firing[0m
[1m2026-09-24T09:34:33.000000000Z[0m [1;33m[WARN] TRADER-000.nautilus_common::clock: Timer 'SIGNAL:9013623742:1790242156940673024' alert time 2026-09-24T09:34:33+00:00 was in the past, adjusted to current time for immediate firing[0m
[1m2026-09-24T09:34:33.000000000Z[0m [1;33m[WARN] TRADER-000.nautilus_common::clock: Timer 'SIGNAL:9013623742:1790242157955228928' alert time 2026-09-24T09:34:33+00:00 was in the past, adjusted to current time for immediate firing[0m
[1m2026-09-24T09:34:33.000000000Z[0m [1;33m[WARN] TRADER-000.nautilus_common::clock: Timer 'SIGNAL:9013623742:1790242158939099904' alert time 2026-09-24T09:34:33+00:00 was in the past, adjusted to current time for immediate firing[0m
[1m2026-09-24T09:34:33.000000000Z[0m [1;33m[WARN] TRADER-000.nautilus_common::clock: Timer 'SIGNAL:9013623742:1790242159950965760' alert time 2026-09-24T09:34:33+00:00 was in the past, adjusted to current time for immediate firing[0m
[1m2026-09-24T09:34:33.000000000Z[0m [1;33m[WARN] TRADER-000.nautilus_common::clock: Timer 'SIGNAL:9013623742:1790242160941142016' alert time 2026-09-24T09:34:33+00:00 was in the past, adjusted to current time for immediate firing[0m
[1m2026-09-24T09:34:33.000000000Z[0m [1;33m[WARN] TRADER-000.nautilus_common::clock: Timer 'SIGNAL:9013623742:1790242161947911936' alert time 2026-09-24T09:34:33+00:00 was in the past, adjusted to current time for immediate firing[0m
[1m2026-09-24T09:34:33.000000000Z[0m [1;33m[WARN] TRADER-000.nautilus_common::clock: Timer 'SIGNAL:9013623742:1790242162943264000' alert time 2026-09-24T09:34:33+00:00 was in the past, adjusted to current time for immediate firing[0m
[1m2026-09-24T09:34:33.000000000Z[0m [1;33m[WARN] TRADER-000.nautilus_common::clock: Timer 'SIGNAL:9013623742:1790242163952840192' alert time 2026-09-24T09:34:33+00:00 was in the past, adjusted to current time for immediate firing[0m
[1m2026-09-24T09:34:33.000000000Z[0m [1;33m[WARN] TRADER-000.nautilus_common::clock: Timer 'SIGNAL:9013623742:1790242164995312896' alert time 2026-09-24T09:34:33+00:00 was in the past, adjusted to current time for immediate firing[0m
[1m2026-09-24T09:34:33.000000000Z[0m [1;33m[WARN] TRADER-000.nautilus_common::clock: Timer 'SIGNAL:9013623742:1790242165951226880' alert time 2026-09-24T09:34:33+00:00 was in the past, adjusted to current time for immediate firing[0m
[1m2026-09-24T09:34:33.000000000Z[0m [1;33m[WARN] TRADER-000.nautilus_common::clock: Timer 'SIGNAL:9013623742:1790242166940912128' alert time 2026-09-24T09:34:33+00:00 was in the past, adjusted to current time for immediate firing[0m
[1m2026-09-24T09:34:33.000000000Z[0m [1;33m[WARN] TRADER-000.nautilus_common::clock: Timer 'SIGNAL:9013623742:1790242167940270848' alert time 2026-09-24T09:34:33+00:00 was in the past, adjusted to current time for immediate firing[0m
[1m2026-09-24T09:34:33.000000000Z[0m [1;33m[WARN] TRADER-000.nautilus_common::clock: Timer 'SIGNAL:9013623742:1790242168990603008' alert time 2026-09-24T09:34:33+00:00 was in the past, adjusted to current time for immediate firing[0m
[1m2026-09-24T09:34:33.000000000Z[0m [1;33m[WARN] TRADER-000.nautilus_common::clock: Timer 'SIGNAL:9013623742:1790242169950802944' alert time 2026-09-24T09:34:33+00:00 was in the past, adjusted to current time for immediate firing[0m
[1m2026-09-24T09:34:33.000000000Z[0m [1;33m[WARN] TRADER-000.nautilus_common::clock: Timer 'SIGNAL:9013623742:1790242170939058176' alert time 2026-09-24T09:34:33+00:00 was in the past, adjusted to current time for immediate firing[0m
[1m2026-09-24T09:34:33.000000000Z[0m [1;33m[WARN] TRADER-000.nautilus_common::clock: Timer 'SIGNAL:9013623742:1790242171941004032' alert time 2026-09-24T09:34:33+00:00 was in the past, adjusted to current time for immediate firing[0m
[1m2026-09-24T09:34:33.000000000Z[0m [1;33m[WARN] TRADER-000.nautilus_common::clock: Timer 'SIGNAL:9013623742:1790242174193804032' alert time 2026-09-24T09:34:33+00:00 was in the past, adjusted to current time for immediate firing[0m
[1m2026-09-24T09:34:33.000000000Z[0m [1;33m[WARN] TRADER-000.nautilus_common::clock: Timer 'SIGNAL:9013623742:1790242174356299008' alert time 2026-09-24T09:34:33+00:00 was in the past, adjusted to current time for immediate firing[0m
[1m2026-09-24T09:34:33.000000000Z[0m [1;33m[WARN] TRADER-000.nautilus_common::clock: Timer 'SIGNAL:9013623742:1790242174940891136' alert time 2026-09-24T09:34:33+00:00 was in the past, adjusted to current time for immediate firing[0m
[1m2026-09-24T09:34:33.000000000Z[0m [1;33m[WARN] TRADER-000.nautilus_common::clock: Timer 'SIGNAL:9013623742:1790242175939582208' alert time 2026-09-24T09:34:33+00:00 was in the past, adjusted to current time for immediate firing[0m
[1m2026-09-24T09:34:33.000000000Z[0m [1;33m[WARN] TRADER-000.nautilus_common::clock: Timer 'SIGNAL:9013623742:1790242176940460800' alert time 2026-09-24T09:34:33+00:00 was in the past, adjusted to current time for immediate firing[0m
[1m2026-09-24T09:34:33.000000000Z[0m [1;33m[WARN] TRADER-000.nautilus_common::clock: Timer 'SIGNAL:9013623742:1790242177939642880' alert time 2026-09-24T09:34:33+00:00 was in the past, adjusted to current time for immediate firing[0m
[1m2026-09-24T09:34:33.000000000Z[0m [1;33m[WARN] TRADER-000.nautilus_common::clock: Timer 'SIGNAL:9013623742:1790242180244930048' alert time 2026-09-24T09:34:33+00:00 was in the past, adjusted to current time for immediate firing[0m
[1m2026-09-24T09:34:33.000000000Z[0m [1;33m[WARN] TRADER-000.nautilus_common::clock: Timer 'SIGNAL:9013623742:1790242181250127104' alert time 2026-09-24T09:34:33+00:00 was in the past, adjusted to current time for immediate firing[0m
[1m2026-09-24T09:34:33.000000000Z[0m [1;33m[WARN] TRADER-000.nautilus_common::clock: Timer 'SIGNAL:9013623742:1790242182243639040' alert time 2026-09-24T09:34:33+00:00 was in the past, adjusted to current time for immediate firing[0m
[1m2026-09-24T09:34:33.000000000Z[0m [1;33m[WARN] TRADER-000.nautilus_common::clock: Timer 'SIGNAL:9013623742:1790242183544893952' alert time 2026-09-24T09:34:33+00:00 was in the past, adjusted to current time for immediate firing[0m
[1m2026-09-24T09:34:33.000000000Z[0m [1;33m[WARN] TRADER-000.nautilus_common::clock: Timer 'SIGNAL:9013623742:1790242184242268928' alert time 2026-09-24T09:34:33+00:00 was in the past, adjusted to current time for immediate firing[0m
[1m2026-09-24T09:34:33.000000000Z[0m [1;33m[WARN] TRADER-000.nautilus_common::clock: Timer 'SIGNAL:9013623742:1790242185343170816' alert time 2026-09-24T09:34:33+00:00 was in the past, adjusted to current time for immediate firing[0m
[1m2026-09-24T09:34:33.000000000Z[0m [1;33m[WARN] TRADER-000.nautilus_common::clock: Timer 'SIGNAL:9013623742:1790242186239038976' alert time 2026-09-24T09:34:33+00:00 was in the past, adjusted to current time for immediate firing[0m
[1m2026-09-24T09:34:33.000000000Z[0m [1;33m[WARN] TRADER-000.nautilus_common::clock: Timer 'SIGNAL:9013623742:1790242187339900928' alert time 2026-09-24T09:34:33+00:00 was in the past, adjusted to current time for immediate firing[0m
[1m2026-09-24T09:34:33.000000000Z[0m [1;33m[WARN] TRADER-000.nautilus_common::clock: Timer 'SIGNAL:9013623742:1790242188240267008' alert time 2026-09-24T09:34:33+00:00 was in the past, adjusted to current time for immediate firing[0m
[1m2026-09-24T09:34:33.000000000Z[0m [1;33m[WARN] TRADER-000.nautilus_common::clock: Timer 'SIGNAL:9013623742:1790242189063549952' alert time 2026-09-24T09:34:33+00:00 was in the past, adjusted to current time for immediate firing[0m
[1m2026-09-24T09:34:33.000000000Z[0m [1;33m[WARN] TRADER-000.nautilus_common::clock: Timer 'SIGNAL:9013623742:1790242190051203840' alert time 2026-09-24T09:34:33+00:00 was in the past, adjusted to current time for immediate firing[0m
[1m2026-09-24T09:34:33.000000000Z[0m [1;33m[WARN] TRADER-000.nautilus_common::clock: Timer 'SIGNAL:9013623742:1790242191045146880' alert time 2026-09-24T09:34:33+00:00 was in the past, adjusted to current time for immediate firing[0m
[1m2026-09-24T09:34:33.000000000Z[0m [1;33m[WARN] TRADER-000.nautilus_common::clock: Timer 'SIGNAL:9013623742:1790242192050833920' alert time 2026-09-24T09:34:33+00:00 was in the past, adjusted to current time for immediate firing[0m
[1m2026-09-24T09:34:33.000000000Z[0m [1;33m[WARN] TRADER-000.nautilus_common::clock: Timer 'SIGNAL:9013623742:1790242193096764160' alert time 2026-09-24T09:34:33+00:00 was in the past, adjusted to current time for immediate firing[0m
[1m2026-09-24T09:34:33.000000000Z[0m [1;33m[WARN] TRADER-000.nautilus_common::clock: Timer 'SIGNAL:9013623742:1790242194050572032' alert time 2026-09-24T09:34:33+00:00 was in the past, adjusted to current time for immediate firing[0m
[1m2026-09-24T09:34:33.000000000Z[0m [1;33m[WARN] TRADER-000.nautilus_common::clock: Timer 'SIGNAL:9013623742:1790242195045588992' alert time 2026-09-24T09:34:33+00:00 was in the past, adjusted to current time for immediate firing[0m
[1m2026-09-24T09:34:33.000000000Z[0m [1;33m[WARN] TRADER-000.nautilus_common::clock: Timer 'SIGNAL:9013623742:1790242196047461888' alert time 2026-09-24T09:34:33+00:00 was in the past, adjusted to current time for immediate firing[0m
[1m2026-09-24T09:34:33.000000000Z[0m [1;33m[WARN] TRADER-000.nautilus_common::clock: Timer 'SIGNAL:9013623742:1790242197141850880' alert time 2026-09-24T09:34:33+00:00 was in the past, adjusted to current time for immediate firing[0m
[1m2026-09-24T09:34:33.000000000Z[0m [1;33m[WARN] TRADER-000.nautilus_common::clock: Timer 'SIGNAL:9013623742:1790242198046857216' alert time 2026-09-24T09:34:33+00:00 was in the past, adjusted to current time for immediate firing[0m
[1m2026-09-24T09:34:33.000000000Z[0m [1;33m[WARN] TRADER-000.nautilus_common::clock: Timer 'SIGNAL:9013623742:1790242199043087104' alert time 2026-09-24T09:34:33+00:00 was in the past, adjusted to current time for immediate firing[0m
[1m2026-09-24T09:34:33.000000000Z[0m [1;33m[WARN] TRADER-000.nautilus_common::clock: Timer 'SIGNAL:9013623742:1790242200053520896' alert time 2026-09-24T09:34:33+00:00 was in the past, adjusted to current time for immediate firing[0m
[1m2026-09-24T09:34:33.000000000Z[0m [1;33m[WARN] TRADER-000.nautilus_common::clock: Timer 'SIGNAL:9013623742:1790242201096318976' alert time 2026-09-24T09:34:33+00:00 was in the past, adjusted to current time for immediate firing[0m
[1m2026-09-24T09:34:33.000000000Z[0m [1;33m[WARN] TRADER-000.nautilus_common::clock: Timer 'SIGNAL:9013623742:1790242202044732928' alert time 2026-09-24T09:34:33+00:00 was in the past, adjusted to current time for immediate firing[0m
[1m2026-09-24T09:34:33.000000000Z[0m [1;33m[WARN] TRADER-000.nautilus_common::clock: Timer 'SIGNAL:9013623742:1790242203046518016' alert time 2026-09-24T09:34:33+00:00 was in the past, adjusted to current time for immediate firing[0m
[1m2026-09-24T09:34:33.000000000Z[0m [1;33m[WARN] TRADER-000.nautilus_common::clock: Timer 'SIGNAL:9013623742:1790242204046102016' alert time 2026-09-24T09:34:33+00:00 was in the past, adjusted to current time for immediate firing[0m
[1m2026-09-24T09:34:33.000000000Z[0m [1;33m[WARN] TRADER-000.nautilus_common::clock: Timer 'SIGNAL:9013623742:1790242205114438144' alert time 2026-09-24T09:34:33+00:00 was in the past, adjusted to current time for immediate firing[0m
[1m2026-09-24T09:34:33.000000000Z[0m [1;33m[WARN] TRADER-000.nautilus_common::clock: Timer 'SIGNAL:9013623742:1790242206056616960' alert time 2026-09-24T09:34:33+00:00 was in the past, adjusted to current time for immediate firing[0m
[1m2026-09-24T09:34:33.000000000Z[0m [1;33m[WARN] TRADER-000.nautilus_common::clock: Timer 'SIGNAL:9013623742:1790242207045895168' alert time 2026-09-24T09:34:33+00:00 was in the past, adjusted to current time for immediate firing[0m
[1m2026-09-24T09:34:33.000000000Z[0m [1;33m[WARN] TRADER-000.nautilus_common::clock: Timer 'SIGNAL:9013623742:1790242208061452032' alert time 2026-09-24T09:34:33+00:00 was in the past, adjusted to current time for immediate firing[0m
[1m2026-09-24T09:34:33.000000000Z[0m [1;33m[WARN] TRADER-000.nautilus_common::clock: Timer 'SIGNAL:9013623742:1790242209137722880' alert time 2026-09-24T09:34:33+00:00 was in the past, adjusted to current time for immediate firing[0m
[1m2026-09-24T09:34:33.000000000Z[0m [1;33m[WARN] TRADER-000.nautilus_common::clock: Timer 'SIGNAL:9013623742:1790242210164663040' alert time 2026-09-24T09:34:33+00:00 was in the past, adjusted to current time for immediate firing[0m
[1m2026-09-24T09:34:33.000000000Z[0m [1;33m[WARN] TRADER-000.nautilus_common::clock: Timer 'SIGNAL:9013623742:1790242211163422208' alert time 2026-09-24T09:34:33+00:00 was in the past, adjusted to current time for immediate firing[0m
[1m2026-09-24T09:34:33.000000000Z[0m [1;33m[WARN] TRADER-000.nautilus_common::clock: Timer 'SIGNAL:9013623742:1790242212046446080' alert time 2026-09-24T09:34:33+00:00 was in the past, adjusted to current time for immediate firing[0m
[1m2026-09-24T09:34:33.000000000Z[0m [1;33m[WARN] TRADER-000.nautilus_common::clock: Timer 'SIGNAL:9013623742:1790242213095542784' alert time 2026-09-24T09:34:33+00:00 was in the past, adjusted to current time for immediate firing[0m
[1m2026-09-24T09:34:33.000000000Z[0m [1;33m[WARN] TRADER-000.nautilus_common::clock: Timer 'SIGNAL:9013623742:1790242214051401984' alert time 2026-09-24T09:34:33+00:00 was in the past, adjusted to current time for immediate firing[0m
[1m2026-09-24T09:34:33.000000000Z[0m [1;33m[WARN] TRADER-000.nautilus_common::clock: Timer 'SIGNAL:9013623742:1790242215041018880' alert time 2026-09-24T09:34:33+00:00 was in the past, adjusted to current time for immediate firing[0m
[1m2026-09-24T09:34:33.000000000Z[0m [1;33m[WARN] TRADER-000.nautilus_common::clock: Timer 'SIGNAL:9013623742:1790242216045512960' alert time 2026-09-24T09:34:33+00:00 was in the past, adjusted to current time for immediate firing[0m
[1m2026-09-24T09:34:33.000000000Z[0m [1;33m[WARN] TRADER-000.nautilus_common::clock: Timer 'SIGNAL:9013623742:1790242217040407808' alert time 2026-09-24T09:34:33+00:00 was in the past, adjusted to current time for immediate firing[0m
[1m2026-09-24T09:34:33.000000000Z[0m [1;33m[WARN] TRADER-000.nautilus_common::clock: Timer 'SIGNAL:9013623742:1790242218046013184' alert time 2026-09-24T09:34:33+00:00 was in the past, adjusted to current time for immediate firing[0m
[1m2026-09-24T09:34:33.000000000Z[0m [1;33m[WARN] TRADER-000.nautilus_common::clock: Timer 'SIGNAL:9013623742:1790242219361725184' alert time 2026-09-24T09:34:33+00:00 was in the past, adjusted to current time for immediate firing[0m
[1m2026-09-24T09:34:33.000000000Z[0m [1;33m[WARN] TRADER-000.nautilus_common::clock: Timer 'SIGNAL:9013623742:1790242220261308928' alert time 2026-09-24T09:34:33+00:00 was in the past, adjusted to current time for immediate firing[0m
[1m2026-09-24T09:34:33.000000000Z[0m [1;33m[WARN] TRADER-000.nautilus_common::clock: Timer 'SIGNAL:9013623742:1790242221253783040' alert time 2026-09-24T09:34:33+00:00 was in the past, adjusted to current time for immediate firing[0m
[1m2026-09-24T09:34:33.000000000Z[0m [1;33m[WARN] TRADER-000.nautilus_common::clock: Timer 'SIGNAL:9013623742:1790242222243980032' alert time 2026-09-24T09:34:33+00:00 was in the past, adjusted to current time for immediate firing[0m
[1m2026-09-24T09:34:33.000000000Z[0m [1;33m[WARN] TRADER-000.nautilus_common::clock: Timer 'SIGNAL:9013623742:1790242223379453952' alert time 2026-09-24T09:34:33+00:00 was in the past, adjusted to current time for immediate firing[0m
[1m2026-09-24T09:34:33.000000000Z[0m [1;33m[WARN] TRADER-000.nautilus_common::clock: Timer 'SIGNAL:9013623742:1790242224242870016' alert time 2026-09-24T09:34:33+00:00 was in the past, adjusted to current time for immediate firing[0m
[1m2026-09-24T09:34:33.000000000Z[0m [1;33m[WARN] TRADER-000.nautilus_common::clock: Timer 'SIGNAL:9013623742:1790242225240244992' alert time 2026-09-24T09:34:33+00:00 was in the past, adjusted to current time for immediate firing[0m
[1m2026-09-24T09:34:33.000000000Z[0m [1;33m[WARN] TRADER-000.nautilus_common::clock: Timer 'SIGNAL:9013623742:1790242226366126080' alert time 2026-09-24T09:34:33+00:00 was in the past, adjusted to current time for immediate firing[0m
[1m2026-09-24T09:34:33.000000000Z[0m [1;33m[WARN] TRADER-000.nautilus_common::clock: Timer 'SIGNAL:9013623742:1790242227263737088' alert time 2026-09-24T09:34:33+00:00 was in the past, adjusted to current time for immediate firing[0m
[1m2026-09-24T09:34:33.000000000Z[0m [1;33m[WARN] TRADER-000.nautilus_common::clock: Timer 'SIGNAL:9013623742:1790242228244292864' alert time 2026-09-24T09:34:33+00:00 was in the past, adjusted to current time for immediate firing[0m
[1m2026-09-24T09:34:33.000000000Z[0m [1;33m[WARN] TRADER-000.nautilus_common::clock: Timer 'SIGNAL:9013623742:1790242229243483904' alert time 2026-09-24T09:34:33+00:00 was in the past, adjusted to current time for immediate firing[0m
[1m2026-09-24T09:34:33.000000000Z[0m [1;33m[WARN] TRADER-000.nautilus_common::clock: Timer 'SIGNAL:9013623742:1790242230305188864' alert time 2026-09-24T09:34:33+00:00 was in the past, adjusted to current time for immediate firing[0m
[1m2026-09-24T09:34:33.000000000Z[0m [1;33m[WARN] TRADER-000.nautilus_common::clock: Timer 'SIGNAL:9013623742:1790242231343107840' alert time 2026-09-24T09:34:33+00:00 was in the past, adjusted to current time for immediate firing[0m
[1m2026-09-24T09:34:33.000000000Z[0m [1;33m[WARN] TRADER-000.nautilus_common::clock: Timer 'SIGNAL:9013623742:1790242232248166144' alert time 2026-09-24T09:34:33+00:00 was in the past, adjusted to current time for immediate firing[0m
[1m2026-09-24T09:34:33.000000000Z[0m [1;33m[WARN] TRADER-000.nautilus_common::clock: Timer 'SIGNAL:9013623742:1790242233247493120' alert time 2026-09-24T09:34:33+00:00 was in the past, adjusted to current time for immediate firing[0m
[1m2026-09-24T09:34:33.000000000Z[0m [1;33m[WARN] TRADER-000.nautilus_common::clock: Timer 'SIGNAL:9013623742:1790242234395222784' alert time 2026-09-24T09:34:33+00:00 was in the past, adjusted to current time for immediate firing[0m
[1m2026-09-24T09:34:33.000000000Z[0m [1;33m[WARN] TRADER-000.nautilus_common::clock: Timer 'SIGNAL:9013623742:1790242235242055936' alert time 2026-09-24T09:34:33+00:00 was in the past, adjusted to current time for immediate firing[0m
[1m2026-09-24T09:34:33.000000000Z[0m [1;33m[WARN] TRADER-000.nautilus_common::clock: Timer 'SIGNAL:9013623742:1790242236346964992' alert time 2026-09-24T09:34:33+00:00 was in the past, adjusted to current time for immediate firing[0m
[1m2026-09-24T09:34:33.000000000Z[0m [1;33m[WARN] TRADER-000.nautilus_common::clock: Timer 'SIGNAL:9013623742:1790242237242048000' alert time 2026-09-24T09:34:33+00:00 was in the past, adjusted to current time for immediate firing[0m
[1m2026-09-24T09:34:33.000000000Z[0m [1;33m[WARN] TRADER-000.nautilus_common::clock: Timer 'SIGNAL:9013623742:1790242238261625088' alert time 2026-09-24T09:34:33+00:00 was in the past, adjusted to current time for immediate firing[0m
[1m2026-09-24T09:34:33.000000000Z[0m [1;33m[WARN] TRADER-000.nautilus_common::clock: Timer 'SIGNAL:9013623742:1790242239247410944' alert time 2026-09-24T09:34:33+00:00 was in the past, adjusted to current time for immediate firing[0m
[1m2026-09-24T09:34:33.000000000Z[0m [1;33m[WARN] TRADER-000.nautilus_common::clock: Timer 'SIGNAL:9013623742:1790242240244489984' alert time 2026-09-24T09:34:33+00:00 was in the past, adjusted to current time for immediate firing[0m
[1m2026-09-24T09:34:33.000000000Z[0m [1;33m[WARN] TRADER-000.nautilus_common::clock: Timer 'SIGNAL:9013623742:1790242241263365888' alert time 2026-09-24T09:34:33+00:00 was in the past, adjusted to current time for immediate firing[0m
[1m2026-09-24T09:34:33.000000000Z[0m [1;33m[WARN] TRADER-000.nautilus_common::clock: Timer 'SIGNAL:9013623742:1790242242260553984' alert time 2026-09-24T09:34:33+00:00 was in the past, adjusted to current time for immediate firing[0m
[1m2026-09-24T09:34:33.000000000Z[0m [1;33m[WARN] TRADER-000.nautilus_common::clock: Timer 'SIGNAL:9013623742:1790242243242585856' alert time 2026-09-24T09:34:33+00:00 was in the past, adjusted to current time for immediate firing[0m
[1m2026-09-24T09:34:33.000000000Z[0m [1;33m[WARN] TRADER-000.nautilus_common::clock: Timer 'SIGNAL:9013623742:1790242244248590080' alert time 2026-09-24T09:34:33+00:00 was in the past, adjusted to current time for immediate firing[0m
[1m2026-09-24T09:34:33.000000000Z[0m [1;33m[WARN] TRADER-000.nautilus_common::clock: Timer 'SIGNAL:9013623742:1790242245242394880' alert time 2026-09-24T09:34:33+00:00 was in the past, adjusted to current time for immediate firing[0m
[1m2026-09-24T09:34:33.000000000Z[0m [1;33m[WARN] TRADER-000.nautilus_common::clock: Timer 'SIGNAL:9013623742:1790242246353789184' alert time 2026-09-24T09:34:33+00:00 was in the past, adjusted to current time for immediate firing[0m
[1m2026-09-24T09:34:33.000000000Z[0m [1;33m[WARN] TRADER-000.nautilus_common::clock: Timer 'SIGNAL:9013623742:1790242247330957056' alert time 2026-09-24T09:34:33+00:00 was in the past, adjusted to current time for immediate firing[0m
[1m2026-09-24T09:34:33.000000000Z[0m [1;33m[WARN] TRADER-000.nautilus_common::clock: Timer 'SIGNAL:9013623742:1790242248243127040' alert time 2026-09-24T09:34:33+00:00 was in the past, adjusted to current time for immediate firing[0m
[1m2026-09-24T09:34:33.000000000Z[0m [1;33m[WARN] TRADER-000.nautilus_common::clock: Timer 'SIGNAL:9013623742:1790242249348634112' alert time 2026-09-24T09:34:33+00:00 was in the past, adjusted to current time for immediate firing[0m
[1m2026-09-24T09:34:33.000000000Z[0m [1;33m[WARN] TRADER-000.nautilus_common::clock: Timer 'SIGNAL:9013623742:1790242250247785984' alert time 2026-09-24T09:34:33+00:00 was in the past, adjusted to current time for immediate firing[0m
[1m2026-09-24T09:34:33.000000000Z[0m [1;33m[WARN] TRADER-000.nautilus_common::clock: Timer 'SIGNAL:9013623742:1790242251341381120' alert time 2026-09-24T09:34:33+00:00 was in the past, adjusted to current time for immediate firing[0m
[1m2026-09-24T09:34:33.000000000Z[0m [1;33m[WARN] TRADER-000.nautilus_common::clock: Timer 'SIGNAL:9013623742:1790242252249027072' alert time 2026-09-24T09:34:33+00:00 was in the past, adjusted to current time for immediate firing[0m
[1m2026-09-24T09:34:33.000000000Z[0m [1;33m[WARN] TRADER-000.nautilus_common::clock: Timer 'SIGNAL:9013623742:1790242253243784960' alert time 2026-09-24T09:34:33+00:00 was in the past, adjusted to current time for immediate firing[0m
[1m2026-09-24T09:34:33.000000000Z[0m [1;33m[WARN] TRADER-000.nautilus_common::clock: Timer 'SIGNAL:9013623742:1790242254340104192' alert time 2026-09-24T09:34:33+00:00 was in the past, adjusted to current time for immediate firing[0m
[1m2026-09-24T09:34:33.000000000Z[0m [1;33m[WARN] TRADER-000.nautilus_common::clock: Timer 'SIGNAL:9013623742:1790242255237470976' alert time 2026-09-24T09:34:33+00:00 was in the past, adjusted to current time for immediate firing[0m
[1m2026-09-24T09:34:33.000000000Z[0m [1;33m[WARN] TRADER-000.nautilus_common::clock: Timer 'SIGNAL:9013623742:1790242256287785984' alert time 2026-09-24T09:34:33+00:00 was in the past, adjusted to current time for immediate firing[0m
[1m2026-09-24T09:34:33.000000000Z[0m [1;33m[WARN] TRADER-000.nautilus_common::clock: Timer 'SIGNAL:9013623742:1790242257243083008' alert time 2026-09-24T09:34:33+00:00 was in the past, adjusted to current time for immediate firing[0m
[1m2026-09-24T09:34:33.000000000Z[0m [1;33m[WARN] TRADER-000.nautilus_common::clock: Timer 'SIGNAL:9013623742:1790242258242896128' alert time 2026-09-24T09:34:33+00:00 was in the past, adjusted to current time for immediate firing[0m
[1m2026-09-24T09:34:33.000000000Z[0m [1;33m[WARN] TRADER-000.nautilus_common::clock: Timer 'SIGNAL:9013623742:1790242259243545088' alert time 2026-09-24T09:34:33+00:00 was in the past, adjusted to current time for immediate firing[0m
[1m2026-09-24T09:34:33.000000000Z[0m [1;33m[WARN] TRADER-000.nautilus_common::clock: Timer 'SIGNAL:9013623742:1790242260243895040' alert time 2026-09-24T09:34:33+00:00 was in the past, adjusted to current time for immediate firing[0m
[1m2026-09-24T09:34:33.000000000Z[0m [1;33m[WARN] TRADER-000.nautilus_common::clock: Timer 'SIGNAL:9013623742:1790242261447312128' alert time 2026-09-24T09:34:33+00:00 was in the past, adjusted to current time for immediate firing[0m
[1m2026-09-24T09:34:33.000000000Z[0m [1;33m[WARN] TRADER-000.nautilus_common::clock: Timer 'SIGNAL:9013623742:1790242262236787968' alert time 2026-09-24T09:34:33+00:00 was in the past, adjusted to current time for immediate firing[0m
[1m2026-09-24T09:34:33.000000000Z[0m [1;33m[WARN] TRADER-000.nautilus_common::clock: Timer 'SIGNAL:9013623742:1790242263254569984' alert time 2026-09-24T09:34:33+00:00 was in the past, adjusted to current time for immediate firing[0m
[1m2026-09-24T09:34:33.000000000Z[0m [1;33m[WARN] TRADER-000.nautilus_common::clock: Timer 'SIGNAL:9013623742:1790242264304802816' alert time 2026-09-24T09:34:33+00:00 was in the past, adjusted to current time for immediate firing[0m
[1m2026-09-24T09:34:33.000000000Z[0m [1;33m[WARN] TRADER-000.nautilus_common::clock: Timer 'SIGNAL:9013623742:1790242265240328960' alert time 2026-09-24T09:34:33+00:00 was in the past, adjusted to current time for immediate firing[0m
[1m2026-09-24T09:34:33.000000000Z[0m [1;33m[WARN] TRADER-000.nautilus_common::clock: Timer 'SIGNAL:9013623742:1790242266365433856' alert time 2026-09-24T09:34:33+00:00 was in the past, adjusted to current time for immediate firing[0m
[1m2026-09-24T09:34:33.000000000Z[0m [1;33m[WARN] TRADER-000.nautilus_common::clock: Timer 'SIGNAL:9013623742:1790242267245946880' alert time 2026-09-24T09:34:33+00:00 was in the past, adjusted to current time for immediate firing[0m
[1m2026-09-24T09:34:33.000000000Z[0m [1;33m[WARN] TRADER-000.nautilus_common::clock: Timer 'SIGNAL:9013623742:1790242268244316928' alert time 2026-09-24T09:34:33+00:00 was in the past, adjusted to current time for immediate firing[0m
[1m2026-09-24T09:34:33.000000000Z[0m [1;33m[WARN] TRADER-000.nautilus_common::clock: Timer 'SIGNAL:9013623742:1790242269250232832' alert time 2026-09-24T09:34:33+00:00 was in the past, adjusted to current time for immediate firing[0m
[1m2026-09-24T09:34:33.000000000Z[0m [1;33m[WARN] TRADER-000.nautilus_common::clock: Timer 'SIGNAL:9013623742:1790242270228393984' alert time 2026-09-24T09:34:33+00:00 was in the past, adjusted to current time for immediate firing[0m
[1m2026-09-24T09:34:33.000000000Z[0m [1;33m[WARN] TRADER-000.nautilus_common::clock: Timer 'SIGNAL:9013623742:1790242271245264128' alert time 2026-09-24T09:34:33+00:00 was in the past, adjusted to current time for immediate firing[0m
[1m2026-09-24T09:34:33.000000000Z[0m [1;33m[WARN] TRADER-000.nautilus_common::clock: Timer 'SIGNAL:9013623742:1790242272228826880' alert time 2026-09-24T09:34:33+00:00 was in the past, adjusted to current time for immediate firing[0m
[1m2026-09-24T09:34:33.000000000Z[0m [1;33m[WARN] TRADER-000.nautilus_common::clock: Timer 'SIGNAL:9013623742:1790242273265531136' alert time 2026-09-24T09:34:33+00:00 was in the past, adjusted to current time for immediate firing[0m
[1m2026-09-24T09:34:33.000000000Z[0m [1;33m[WARN] TRADER-000.nautilus_common::clock: Timer 'SIGNAL:9013623742:1790242274261658880' alert time 2026-09-24T09:34:33+00:00 was in the past, adjusted to current time for immediate firing[0m
[1m2026-09-24T09:34:33.000000000Z[0m [1;33m[WARN] TRADER-000.nautilus_common::clock: Timer 'SIGNAL:9013623742:1790242275241112832' alert time 2026-09-24T09:34:33+00:00 was in the past, adjusted to current time for immediate firing[0m
[1m2026-09-24T09:34:33.000000000Z[0m [1;33m[WARN] TRADER-000.nautilus_common::clock: Timer 'SIGNAL:9013623742:1790242276246324992' alert time 2026-09-24T09:34:33+00:00 was in the past, adjusted to current time for immediate firing[0m
[1m2026-09-24T09:34:33.000000000Z[0m [1;33m[WARN] TRADER-000.nautilus_common::clock: Timer 'SIGNAL:9013623742:1790242277350280960' alert time 2026-09-24T09:34:33+00:00 was in the past, adjusted to current time for immediate firing[0m
[1m2026-09-24T09:34:33.000000000Z[0m [1;33m[WARN] TRADER-000.nautilus_common::clock: Timer 'SIGNAL:9013623742:1790242278266417152' alert time 2026-09-24T09:34:33+00:00 was in the past, adjusted to current time for immediate firing[0m
[1m2026-09-24T09:34:33.000000000Z[0m [1;33m[WARN] TRADER-000.nautilus_common::clock: Timer 'SIGNAL:9013623742:1790242279339258880' alert time 2026-09-24T09:34:33+00:00 was in the past, adjusted to current time for immediate firing[0m
[1m2026-09-24T09:34:33.000000000Z[0m [1;33m[WARN] TRADER-000.nautilus_common::clock: Timer 'SIGNAL:9013623742:1790242280341934080' alert time 2026-09-24T09:34:33+00:00 was in the past, adjusted to current time for immediate firing[0m
[1m2026-09-24T09:34:33.000000000Z[0m [1;33m[WARN] TRADER-000.nautilus_common::clock: Timer 'SIGNAL:9013623742:1790242281352343040' alert time 2026-09-24T09:34:33+00:00 was in the past, adjusted to current time for immediate firing[0m
[1m2026-09-24T09:34:33.000000000Z[0m [1;33m[WARN] TRADER-000.nautilus_common::clock: Timer 'SIGNAL:9013623742:1790242282363651072' alert time 2026-09-24T09:34:33+00:00 was in the past, adjusted to current time for immediate firing[0m
[1m2026-09-24T09:34:33.000000000Z[0m [1;33m[WARN] TRADER-000.nautilus_common::clock: Timer 'SIGNAL:9013623742:1790242283239026944' alert time 2026-09-24T09:34:33+00:00 was in the past, adjusted to current time for immediate firing[0m
[1m2026-09-24T09:34:33.000000000Z[0m [1;33m[WARN] TRADER-000.nautilus_common::clock: Timer 'SIGNAL:9013623742:1790242284249437952' alert time 2026-09-24T09:34:33+00:00 was in the past, adjusted to current time for immediate firing[0m
[1m2026-09-24T09:34:33.000000000Z[0m [1;33m[WARN] TRADER-000.nautilus_common::clock: Timer 'SIGNAL:9013623742:1790242285242091776' alert time 2026-09-24T09:34:33+00:00 was in the past, adjusted to current time for immediate firing[0m
[1m2026-09-24T09:34:33.000000000Z[0m [1;33m[WARN] TRADER-000.nautilus_common::clock: Timer 'SIGNAL:9013623742:1790242286247405056' alert time 2026-09-24T09:34:33+00:00 was in the past, adjusted to current time for immediate firing[0m
[1m2026-09-24T09:34:33.000000000Z[0m [1;33m[WARN] TRADER-000.nautilus_common::clock: Timer 'SIGNAL:9013623742:1790242287401166848' alert time 2026-09-24T09:34:33+00:00 was in the past, adjusted to current time for immediate firing[0m
[1m2026-09-24T09:34:33.000000000Z[0m [1;33m[WARN] TRADER-000.nautilus_common::clock: Timer 'SIGNAL:9013623742:1790242288243397888' alert time 2026-09-24T09:34:33+00:00 was in the past, adjusted to current time for immediate firing[0m
[1m2026-09-24T09:34:33.000000000Z[0m [1;33m[WARN] TRADER-000.nautilus_common::clock: Timer 'SIGNAL:9013623742:1790242289249847808' alert time 2026-09-24T09:34:33+00:00 was in the past, adjusted to current time for immediate firing[0m
[1m2026-09-24T09:34:33.000000000Z[0m [1;33m[WARN] TRADER-000.nautilus_common::clock: Timer 'SIGNAL:9013623742:1790242290241818880' alert time 2026-09-24T09:34:33+00:00 was in the past, adjusted to current time for immediate firing[0m
[1m2026-09-24T09:34:33.000000000Z[0m [1;33m[WARN] TRADER-000.nautilus_common::clock: Timer 'SIGNAL:9013623742:1790242291253241088' alert time 2026-09-24T09:34:33+00:00 was in the past, adjusted to current time for immediate firing[0m
[1m2026-09-24T09:34:33.000000000Z[0m [1;33m[WARN] TRADER-000.nautilus_common::clock: Timer 'SIGNAL:9013623742:1790242292344649984' alert time 2026-09-24T09:34:33+00:00 was in the past, adjusted to current time for immediate firing[0m
[1m2026-09-24T09:34:33.000000000Z[0m [1;33m[WARN] TRADER-000.nautilus_common::clock: Timer 'SIGNAL:9013623742:1790242293244414976' alert time 2026-09-24T09:34:33+00:00 was in the past, adjusted to current time for immediate firing[0m
[1m2026-09-24T09:34:33.000000000Z[0m [1;33m[WARN] TRADER-000.nautilus_common::clock: Timer 'SIGNAL:9013623742:1790242294245378048' alert time 2026-09-24T09:34:33+00:00 was in the past, adjusted to current time for immediate firing[0m
[1m2026-09-24T09:34:33.000000000Z[0m [1;33m[WARN] TRADER-000.nautilus_common::clock: Timer 'SIGNAL:9013623742:1790242295243712000' alert time 2026-09-24T09:34:33+00:00 was in the past, adjusted to current time for immediate firing[0m
[1m2026-09-24T09:34:33.000000000Z[0m [1;33m[WARN] TRADER-000.nautilus_common::clock: Timer 'SIGNAL:9013623742:1790242296342899200' alert time 2026-09-24T09:34:33+00:00 was in the past, adjusted to current time for immediate firing[0m
[1m2026-09-24T09:34:33.000000000Z[0m [1;33m[WARN] TRADER-000.nautilus_common::clock: Timer 'SIGNAL:9013623742:1790242297347016960' alert time 2026-09-24T09:34:33+00:00 was in the past, adjusted to current time for immediate firing[0m
[1m2026-09-24T09:34:33.000000000Z[0m [1;33m[WARN] TRADER-000.nautilus_common::clock: Timer 'SIGNAL:9013623742:1790242298240771072' alert time 2026-09-24T09:34:33+00:00 was in the past, adjusted to current time for immediate firing[0m
[1m2026-09-24T09:34:33.000000000Z[0m [1;33m[WARN] TRADER-000.nautilus_common::clock: Timer 'SIGNAL:9013623742:1790242299318810112' alert time 2026-09-24T09:34:33+00:00 was in the past, adjusted to current time for immediate firing[0m
[1m2026-09-24T09:34:33.000000000Z[0m [1;33m[WARN] TRADER-000.nautilus_common::clock: Timer 'SIGNAL:9013623742:1790242300270098944' alert time 2026-09-24T09:34:33+00:00 was in the past, adjusted to current time for immediate firing[0m
[1m2026-09-24T09:34:33.000000000Z[0m [1;33m[WARN] TRADER-000.nautilus_common::clock: Timer 'SIGNAL:9013623742:1790242301270740992' alert time 2026-09-24T09:34:33+00:00 was in the past, adjusted to current time for immediate firing[0m
[1m2026-09-24T09:34:33.000000000Z[0m [1;33m[WARN] TRADER-000.nautilus_common::clock: Timer 'SIGNAL:9013623742:1790242302263129856' alert time 2026-09-24T09:34:33+00:00 was in the past, adjusted to current time for immediate firing[0m
[1m2026-09-24T09:34:33.000000000Z[0m [1;33m[WARN] TRADER-000.nautilus_common::clock: Timer 'SIGNAL:9013623742:1790242303250929152' alert time 2026-09-24T09:34:33+00:00 was in the past, adjusted to current time for immediate firing[0m
[1m2026-09-24T09:34:33.000000000Z[0m [1;33m[WARN] TRADER-000.nautilus_common::clock: Timer 'SIGNAL:9013623742:1790242304241655040' alert time 2026-09-24T09:34:33+00:00 was in the past, adjusted to current time for immediate firing[0m
[1m2026-09-24T09:34:33.000000000Z[0m [1;33m[WARN] TRADER-000.nautilus_common::clock: Timer 'SIGNAL:9013623742:1790242305328890112' alert time 2026-09-24T09:34:33+00:00 was in the past, adjusted to current time for immediate firing[0m
[1m2026-09-24T09:34:33.000000000Z[0m [1;33m[WARN] TRADER-000.nautilus_common::clock: Timer 'SIGNAL:9013623742:1790242306277456128' alert time 2026-09-24T09:34:33+00:00 was in the past, adjusted to current time for immediate firing[0m
[1m2026-09-24T09:34:33.000000000Z[0m [1;33m[WARN] TRADER-000.nautilus_common::clock: Timer 'SIGNAL:9013623742:1790242308366370048' alert time 2026-09-24T09:34:33+00:00 was in the past, adjusted to current time for immediate firing[0m
[1m2026-09-24T09:34:33.000000000Z[0m [1;33m[WARN] TRADER-000.nautilus_common::clock: Timer 'SIGNAL:9013623742:1790242309300931840' alert time 2026-09-24T09:34:33+00:00 was in the past, adjusted to current time for immediate firing[0m
[1m2026-09-24T09:34:33.000000000Z[0m [1;33m[WARN] TRADER-000.nautilus_common::clock: Timer 'SIGNAL:9013623742:1790242310381127168' alert time 2026-09-24T09:34:33+00:00 was in the past, adjusted to current time for immediate firing[0m
[1m2026-09-24T09:34:33.000000000Z[0m [1;33m[WARN] TRADER-000.nautilus_common::clock: Timer 'SIGNAL:9013623742:1790242311273174016' alert time 2026-09-24T09:34:33+00:00 was in the past, adjusted to current time for immediate firing[0m
[1m2026-09-24T09:34:33.000000000Z[0m [1;33m[WARN] TRADER-000.nautilus_common::clock: Timer 'SIGNAL:9013623742:1790242312300523008' alert time 2026-09-24T09:34:33+00:00 was in the past, adjusted to current time for immediate firing[0m
[1m2026-09-24T09:34:33.000000000Z[0m [1;33m[WARN] TRADER-000.nautilus_common::clock: Timer 'SIGNAL:9013623742:1790242313249779968' alert time 2026-09-24T09:34:33+00:00 was in the past, adjusted to current time for immediate firing[0m
[1m2026-09-24T09:34:33.000000000Z[0m [1;33m[WARN] TRADER-000.nautilus_common::clock: Timer 'SIGNAL:9013623742:1790242314255991808' alert time 2026-09-24T09:34:33+00:00 was in the past, adjusted to current time for immediate firing[0m
[1m2026-09-24T09:34:33.000000000Z[0m [1;33m[WARN] TRADER-000.nautilus_common::clock: Timer 'SIGNAL:9013623742:1790242315347151104' alert time 2026-09-24T09:34:33+00:00 was in the past, adjusted to current time for immediate firing[0m
[1m2026-09-24T09:34:33.000000000Z[0m [1;33m[WARN] TRADER-000.nautilus_common::clock: Timer 'SIGNAL:9013623742:1790242316276784896' alert time 2026-09-24T09:34:33+00:00 was in the past, adjusted to current time for immediate firing[0m
[1m2026-09-24T09:34:33.000000000Z[0m [1;33m[WARN] TRADER-000.nautilus_common::clock: Timer 'SIGNAL:9013623742:1790242317252342016' alert time 2026-09-24T09:34:33+00:00 was in the past, adjusted to current time for immediate firing[0m
[1m2026-09-24T09:34:33.000000000Z[0m [1;33m[WARN] TRADER-000.nautilus_common::clock: Timer 'SIGNAL:9013623742:1790242318171809792' alert time 2026-09-24T09:34:33+00:00 was in the past, adjusted to current time for immediate firing[0m
[1m2026-09-24T09:34:33.000000000Z[0m [1;33m[WARN] TRADER-000.nautilus_common::clock: Timer 'SIGNAL:9013623742:1790242318646172160' alert time 2026-09-24T09:34:33+00:00 was in the past, adjusted to current time for immediate firing[0m
[1m2026-09-24T09:34:33.000000000Z[0m [1;33m[WARN] TRADER-000.nautilus_common::clock: Timer 'SIGNAL:9013623742:1790242320347564032' alert time 2026-09-24T09:34:33+00:00 was in the past, adjusted to current time for immediate firing[0m
[1m2026-09-24T09:34:33.000000000Z[0m [1;33m[WARN] TRADER-000.nautilus_common::clock: Timer 'SIGNAL:9013623742:1790242321555095040' alert time 2026-09-24T09:34:33+00:00 was in the past, adjusted to current time for immediate firing[0m
[1m2026-09-24T09:34:33.000000000Z[0m [1;33m[WARN] TRADER-000.nautilus_common::clock: Timer 'SIGNAL:9013623742:1790242322302299136' alert time 2026-09-24T09:34:33+00:00 was in the past, adjusted to current time for immediate firing[0m
[1m2026-09-24T09:34:33.000000000Z[0m [1;33m[WARN] TRADER-000.nautilus_common::clock: Timer 'SIGNAL:9013623742:1790242323242887936' alert time 2026-09-24T09:34:33+00:00 was in the past, adjusted to current time for immediate firing[0m
[1m2026-09-24T09:34:33.000000000Z[0m [1;33m[WARN] TRADER-000.nautilus_common::clock: Timer 'SIGNAL:9013623742:1790242324413218048' alert time 2026-09-24T09:34:33+00:00 was in the past, adjusted to current time for immediate firing[0m
[1m2026-09-24T09:34:33.000000000Z[0m [1;33m[WARN] TRADER-000.nautilus_common::clock: Timer 'SIGNAL:9013623742:1790242325283035904' alert time 2026-09-24T09:34:33+00:00 was in the past, adjusted to current time for immediate firing[0m
[1m2026-09-24T09:34:33.000000000Z[0m [1;33m[WARN] TRADER-000.nautilus_common::clock: Timer 'SIGNAL:9013623742:1790242326348761088' alert time 2026-09-24T09:34:33+00:00 was in the past, adjusted to current time for immediate firing[0m
[1m2026-09-24T09:34:33.000000000Z[0m [1;33m[WARN] TRADER-000.nautilus_common::clock: Timer 'SIGNAL:9013623742:1790242327249083136' alert time 2026-09-24T09:34:33+00:00 was in the past, adjusted to current time for immediate firing[0m
[1m2026-09-24T09:34:33.000000000Z[0m [1;33m[WARN] TRADER-000.nautilus_common::clock: Timer 'SIGNAL:9013623742:1790242328354435840' alert time 2026-09-24T09:34:33+00:00 was in the past, adjusted to current time for immediate firing[0m
[1m2026-09-24T09:34:33.000000000Z[0m [1;33m[WARN] TRADER-000.nautilus_common::clock: Timer 'SIGNAL:9013623742:1790242329274897152' alert time 2026-09-24T09:34:33+00:00 was in the past, adjusted to current time for immediate firing[0m
[1m2026-09-24T09:34:33.000000000Z[0m [1;33m[WARN] TRADER-000.nautilus_common::clock: Timer 'SIGNAL:9013623742:1790242330252307968' alert time 2026-09-24T09:34:33+00:00 was in the past, adjusted to current time for immediate firing[0m
[1m2026-09-24T09:34:33.000000000Z[0m [1;33m[WARN] TRADER-000.nautilus_common::clock: Timer 'SIGNAL:9013623742:1790242331243761920' alert time 2026-09-24T09:34:33+00:00 was in the past, adjusted to current time for immediate firing[0m
[1m2026-09-24T09:34:33.000000000Z[0m [1;33m[WARN] TRADER-000.nautilus_common::clock: Timer 'SIGNAL:9013623742:1790242332289065984' alert time 2026-09-24T09:34:33+00:00 was in the past, adjusted to current time for immediate firing[0m
[1m2026-09-24T09:34:33.000000000Z[0m [1;33m[WARN] TRADER-000.nautilus_common::clock: Timer 'SIGNAL:9013623742:1790242333242171904' alert time 2026-09-24T09:34:33+00:00 was in the past, adjusted to current time for immediate firing[0m
[1m2026-09-24T09:34:33.000000000Z[0m [1;33m[WARN] TRADER-000.nautilus_common::clock: Timer 'SIGNAL:9013623742:1790242334247257856' alert time 2026-09-24T09:34:33+00:00 was in the past, adjusted to current time for immediate firing[0m
[1m2026-09-24T09:34:33.000000000Z[0m [1;33m[WARN] TRADER-000.nautilus_common::clock: Timer 'SIGNAL:9013623742:1790242335342670080' alert time 2026-09-24T09:34:33+00:00 was in the past, adjusted to current time for immediate firing[0m
[1m2026-09-24T09:34:33.000000000Z[0m [1;33m[WARN] TRADER-000.nautilus_common::clock: Timer 'SIGNAL:9013623742:1790242336249830912' alert time 2026-09-24T09:34:33+00:00 was in the past, adjusted to current time for immediate firing[0m
[1m2026-09-24T09:34:33.000000000Z[0m [1;33m[WARN] TRADER-000.nautilus_common::clock: Timer 'SIGNAL:9013623742:1790242337472944896' alert time 2026-09-24T09:34:33+00:00 was in the past, adjusted to current time for immediate firing[0m
[1m2026-09-24T09:34:33.000000000Z[0m [1;33m[WARN] TRADER-000.nautilus_common::clock: Timer 'SIGNAL:9013623742:1790242338245966080' alert time 2026-09-24T09:34:33+00:00 was in the past, adjusted to current time for immediate firing[0m
[1m2026-09-24T09:34:33.000000000Z[0m [1;33m[WARN] TRADER-000.nautilus_common::clock: Timer 'SIGNAL:9013623742:1790242339244092928' alert time 2026-09-24T09:34:33+00:00 was in the past, adjusted to current time for immediate firing[0m
[1m2026-09-24T09:34:33.000000000Z[0m [1;33m[WARN] TRADER-000.nautilus_common::clock: Timer 'SIGNAL:9013623742:1790242340241858048' alert time 2026-09-24T09:34:33+00:00 was in the past, adjusted to current time for immediate firing[0m
[1m2026-09-24T09:34:33.000000000Z[0m [1;33m[WARN] TRADER-000.nautilus_common::clock: Timer 'SIGNAL:9013623742:1790242341372566016' alert time 2026-09-24T09:34:33+00:00 was in the past, adjusted to current time for immediate firing[0m
[1m2026-09-24T09:34:33.000000000Z[0m [1;33m[WARN] TRADER-000.nautilus_common::clock: Timer 'SIGNAL:9013623742:1790242342247621120' alert time 2026-09-24T09:34:33+00:00 was in the past, adjusted to current time for immediate firing[0m
[1m2026-09-24T09:34:33.000000000Z[0m [1;33m[WARN] TRADER-000.nautilus_common::clock: Timer 'SIGNAL:9013623742:1790242343354285056' alert time 2026-09-24T09:34:33+00:00 was in the past, adjusted to current time for immediate firing[0m
[1m2026-09-24T09:34:33.000000000Z[0m [1;33m[WARN] TRADER-000.nautilus_common::clock: Timer 'SIGNAL:9013623742:1790242344246242048' alert time 2026-09-24T09:34:33+00:00 was in the past, adjusted to current time for immediate firing[0m
[1m2026-09-24T09:34:33.000000000Z[0m [1;33m[WARN] TRADER-000.nautilus_common::clock: Timer 'SIGNAL:9013623742:1790242345273665024' alert time 2026-09-24T09:34:33+00:00 was in the past, adjusted to current time for immediate firing[0m
[1m2026-09-24T09:34:33.000000000Z[0m [1;33m[WARN] TRADER-000.nautilus_common::clock: Timer 'SIGNAL:9013623742:1790242346266113024' alert time 2026-09-24T09:34:33+00:00 was in the past, adjusted to current time for immediate firing[0m
[1m2026-09-24T09:34:33.000000000Z[0m [1;33m[WARN] TRADER-000.nautilus_common::clock: Timer 'SIGNAL:9013623742:1790242347247469824' alert time 2026-09-24T09:34:33+00:00 was in the past, adjusted to current time for immediate firing[0m
[1m2026-09-24T09:34:33.000000000Z[0m [1;33m[WARN] TRADER-000.nautilus_common::clock: Timer 'SIGNAL:9013623742:1790242348350040064' alert time 2026-09-24T09:34:33+00:00 was in the past, adjusted to current time for immediate firing[0m
[1m2026-09-24T09:34:33.000000000Z[0m [1;33m[WARN] TRADER-000.nautilus_common::clock: Timer 'SIGNAL:9013623742:1790242349250961152' alert time 2026-09-24T09:34:33+00:00 was in the past, adjusted to current time for immediate firing[0m
[1m2026-09-24T09:34:33.000000000Z[0m [1;33m[WARN] TRADER-000.nautilus_common::clock: Timer 'SIGNAL:9013623742:1790242350265420032' alert time 2026-09-24T09:34:33+00:00 was in the past, adjusted to current time for immediate firing[0m
[1m2026-09-24T09:34:33.000000000Z[0m [1;33m[WARN] TRADER-000.nautilus_common::clock: Timer 'SIGNAL:9013623742:1790242351245488896' alert time 2026-09-24T09:34:33+00:00 was in the past, adjusted to current time for immediate firing[0m
[1m2026-09-24T09:34:33.000000000Z[0m [1;33m[WARN] TRADER-000.nautilus_common::clock: Timer 'SIGNAL:9013623742:1790242352251751936' alert time 2026-09-24T09:34:33+00:00 was in the past, adjusted to current time for immediate firing[0m
[1m2026-09-24T09:34:33.000000000Z[0m [1;33m[WARN] TRADER-000.nautilus_common::clock: Timer 'SIGNAL:9013623742:1790242353252832768' alert time 2026-09-24T09:34:33+00:00 was in the past, adjusted to current time for immediate firing[0m
[1m2026-09-24T09:34:33.000000000Z[0m [1;33m[WARN] TRADER-000.nautilus_common::clock: Timer 'SIGNAL:9013623742:1790242354249395968' alert time 2026-09-24T09:34:33+00:00 was in the past, adjusted to current time for immediate firing[0m
[1m2026-09-24T09:34:33.000000000Z[0m [1;33m[WARN] TRADER-000.nautilus_common::clock: Timer 'SIGNAL:9013623742:1790242355244122880' alert time 2026-09-24T09:34:33+00:00 was in the past, adjusted to current time for immediate firing[0m
[1m2026-09-24T09:34:33.000000000Z[0m [1;33m[WARN] TRADER-000.nautilus_common::clock: Timer 'SIGNAL:9013623742:1790242356246087168' alert time 2026-09-24T09:34:33+00:00 was in the past, adjusted to current time for immediate firing[0m
[1m2026-09-24T09:34:33.000000000Z[0m [1;33m[WARN] TRADER-000.nautilus_common::clock: Timer 'SIGNAL:9013623742:1790242357346254080' alert time 2026-09-24T09:34:33+00:00 was in the past, adjusted to current time for immediate firing[0m
[1m2026-09-24T09:34:33.000000000Z[0m [1;33m[WARN] TRADER-000.nautilus_common::clock: Timer 'SIGNAL:9013623742:1790242358275474944' alert time 2026-09-24T09:34:33+00:00 was in the past, adjusted to current time for immediate firing[0m
[1m2026-09-24T09:34:33.000000000Z[0m [1;33m[WARN] TRADER-000.nautilus_common::clock: Timer 'SIGNAL:9013623742:1790242359248645120' alert time 2026-09-24T09:34:33+00:00 was in the past, adjusted to current time for immediate firing[0m
[1m2026-09-24T09:34:33.000000000Z[0m [1;33m[WARN] TRADER-000.nautilus_common::clock: Timer 'SIGNAL:9013623742:1790242360243258112' alert time 2026-09-24T09:34:33+00:00 was in the past, adjusted to current time for immediate firing[0m
[1m2026-09-24T09:34:33.000000000Z[0m [1;33m[WARN] TRADER-000.nautilus_common::clock: Timer 'SIGNAL:9013623742:1790242361243628032' alert time 2026-09-24T09:34:33+00:00 was in the past, adjusted to current time for immediate firing[0m
[1m2026-09-24T09:34:33.000000000Z[0m [1;33m[WARN] TRADER-000.nautilus_common::clock: Timer 'SIGNAL:9013623742:1790242362251780096' alert time 2026-09-24T09:34:33+00:00 was in the past, adjusted to current time for immediate firing[0m
[1m2026-09-24T09:34:33.000000000Z[0m [1;33m[WARN] TRADER-000.nautilus_common::clock: Timer 'SIGNAL:9013623742:1790242363151212032' alert time 2026-09-24T09:34:33+00:00 was in the past, adjusted to current time for immediate firing[0m
[1m2026-09-24T09:34:33.000000000Z[0m [1;33m[WARN] TRADER-000.nautilus_common::clock: Timer 'SIGNAL:9013623742:1790242364154956032' alert time 2026-09-24T09:34:33+00:00 was in the past, adjusted to current time for immediate firing[0m
[1m2026-09-24T09:34:33.000000000Z[0m [1;33m[WARN] TRADER-000.nautilus_common::clock: Timer 'SIGNAL:9013623742:1790242365175568128' alert time 2026-09-24T09:34:33+00:00 was in the past, adjusted to current time for immediate firing[0m
[1m2026-09-24T09:34:33.000000000Z[0m [1;33m[WARN] TRADER-000.nautilus_common::clock: Timer 'SIGNAL:9013623742:1790242366178369024' alert time 2026-09-24T09:34:33+00:00 was in the past, adjusted to current time for immediate firing[0m
[1m2026-09-24T09:34:33.000000000Z[0m [1;33m[WARN] TRADER-000.nautilus_common::clock: Timer 'SIGNAL:9013623742:1790242367253453056' alert time 2026-09-24T09:34:33+00:00 was in the past, adjusted to current time for immediate firing[0m
[1m2026-09-24T09:34:33.000000000Z[0m [1;33m[WARN] TRADER-000.nautilus_common::clock: Timer 'SIGNAL:9013623742:1790242368147654912' alert time 2026-09-24T09:34:33+00:00 was in the past, adjusted to current time for immediate firing[0m
[1m2026-09-24T09:34:33.000000000Z[0m [1;33m[WARN] TRADER-000.nautilus_common::clock: Timer 'SIGNAL:9013623742:1790242369149507072' alert time 2026-09-24T09:34:33+00:00 was in the past, adjusted to current time for immediate firing[0m
[1m2026-09-24T09:34:33.000000000Z[0m [1;33m[WARN] TRADER-000.nautilus_common::clock: Timer 'SIGNAL:9013623742:1790242370278177024' alert time 2026-09-24T09:34:33+00:00 was in the past, adjusted to current time for immediate firing[0m
[1m2026-09-24T09:34:33.000000000Z[0m [1;33m[WARN] TRADER-000.nautilus_common::clock: Timer 'SIGNAL:9013623742:1790242371150321920' alert time 2026-09-24T09:34:33+00:00 was in the past, adjusted to current time for immediate firing[0m
[1m2026-09-24T09:34:33.000000000Z[0m [1;33m[WARN] TRADER-000.nautilus_common::clock: Timer 'SIGNAL:9013623742:1790242372252165120' alert time 2026-09-24T09:34:33+00:00 was in the past, adjusted to current time for immediate firing[0m
[1m2026-09-24T09:34:33.000000000Z[0m [1;33m[WARN] TRADER-000.nautilus_common::clock: Timer 'SIGNAL:9013623742:1790242373146141952' alert time 2026-09-24T09:34:33+00:00 was in the past, adjusted to current time for immediate firing[0m
[1m2026-09-24T09:34:33.000000000Z[0m [1;33m[WARN] TRADER-000.nautilus_common::clock: Timer 'SIGNAL:9013623742:1790242374144912128' alert time 2026-09-24T09:34:33+00:00 was in the past, adjusted to current time for immediate firing[0m
[1m2026-09-24T09:34:33.000000000Z[0m [1;33m[WARN] TRADER-000.nautilus_common::clock: Timer 'SIGNAL:9013623742:1790242375179070976' alert time 2026-09-24T09:34:33+00:00 was in the past, adjusted to current time for immediate firing[0m
[1m2026-09-24T09:34:33.000000000Z[0m [1;33m[WARN] TRADER-000.nautilus_common::clock: Timer 'SIGNAL:9013623742:1790242376146105088' alert time 2026-09-24T09:34:33+00:00 was in the past, adjusted to current time for immediate firing[0m
[1m2026-09-24T09:34:33.000000000Z[0m [1;33m[WARN] TRADER-000.nautilus_common::clock: Timer 'SIGNAL:9013623742:1790242377141403904' alert time 2026-09-24T09:34:33+00:00 was in the past, adjusted to current time for immediate firing[0m
[1m2026-09-24T09:34:33.000000000Z[0m [1;33m[WARN] TRADER-000.nautilus_common::clock: Timer 'SIGNAL:9013623742:1790242378147522048' alert time 2026-09-24T09:34:33+00:00 was in the past, adjusted to current time for immediate firing[0m
[1m2026-09-24T09:34:33.000000000Z[0m [1;33m[WARN] TRADER-000.nautilus_common::clock: Timer 'SIGNAL:9013623742:1790242379171971072' alert time 2026-09-24T09:34:33+00:00 was in the past, adjusted to current time for immediate firing[0m
[1m2026-09-24T09:34:33.000000000Z[0m [1;33m[WARN] TRADER-000.nautilus_common::clock: Timer 'SIGNAL:9013623742:1790242380277414912' alert time 2026-09-24T09:34:33+00:00 was in the past, adjusted to current time for immediate firing[0m
[1m2026-09-24T09:34:33.000000000Z[0m [1;33m[WARN] TRADER-000.nautilus_common::clock: Timer 'SIGNAL:9013623742:1790242381277276160' alert time 2026-09-24T09:34:33+00:00 was in the past, adjusted to current time for immediate firing[0m
[1m2026-09-24T09:34:33.000000000Z[0m [1;33m[WARN] TRADER-000.nautilus_common::clock: Timer 'SIGNAL:9013623742:1790242382151340032' alert time 2026-09-24T09:34:33+00:00 was in the past, adjusted to current time for immediate firing[0m
[1m2026-09-24T09:34:33.000000000Z[0m [1;33m[WARN] TRADER-000.nautilus_common::clock: Timer 'SIGNAL:9013623742:1790242383385377792' alert time 2026-09-24T09:34:33+00:00 was in the past, adjusted to current time for immediate firing[0m
[1m2026-09-24T09:34:33.000000000Z[0m [1;33m[WARN] TRADER-000.nautilus_common::clock: Timer 'SIGNAL:9013623742:1790242387835529216' alert time 2026-09-24T09:34:33+00:00 was in the past, adjusted to current time for immediate firing[0m
[1m2026-09-24T09:34:33.000000000Z[0m [1;33m[WARN] TRADER-000.nautilus_common::clock: Timer 'SIGNAL:9013623742:1790242388526117120' alert time 2026-09-24T09:34:33+00:00 was in the past, adjusted to current time for immediate firing[0m
[1m2026-09-24T09:34:33.000000000Z[0m [1;33m[WARN] TRADER-000.nautilus_common::clock: Timer 'SIGNAL:9013623742:1790242389056390144' alert time 2026-09-24T09:34:33+00:00 was in the past, adjusted to current time for immediate firing[0m
[1m2026-09-24T09:34:33.000000000Z[0m [1;33m[WARN] TRADER-000.nautilus_common::clock: Timer 'SIGNAL:9013623742:1790242392325628928' alert time 2026-09-24T09:34:33+00:00 was in the past, adjusted to current time for immediate firing[0m
[1m2026-09-24T09:34:33.000000000Z[0m [1;33m[WARN] TRADER-000.nautilus_common::clock: Timer 'SIGNAL:9013623742:1790242396329673984' alert time 2026-09-24T09:34:33+00:00 was in the past, adjusted to current time for immediate firing[0m
[1m2026-09-24T09:34:33.000000000Z[0m [1;33m[WARN] TRADER-000.nautilus_common::clock: Timer 'SIGNAL:9013623742:1790242397330491904' alert time 2026-09-24T09:34:33+00:00 was in the past, adjusted to current time for immediate firing[0m
[1m2026-09-24T09:34:33.000000000Z[0m [1;33m[WARN] TRADER-000.nautilus_common::clock: Timer 'SIGNAL:9013623742:1790242404226721024' alert time 2026-09-24T09:34:33+00:00 was in the past, adjusted to current time for immediate firing[0m
[1m2026-09-24T09:34:33.000000000Z[0m [1;33m[WARN] TRADER-000.nautilus_common::clock: Timer 'SIGNAL:9013623742:1790242412728880896' alert time 2026-09-24T09:34:33+00:00 was in the past, adjusted to current time for immediate firing[0m
[1m2026-09-24T09:34:33.000000000Z[0m [1;33m[WARN] TRADER-000.nautilus_common::clock: Timer 'SIGNAL:9013623742:1790242443404321792' alert time 2026-09-24T09:34:33+00:00 was in the past, adjusted to current time for immediate firing[0m
[1m2026-09-24T10:43:18.000000000Z[0m [1;33m[WARN] TRADER-000.TwoSidedMakerStrategy: The `Strategy.on_stop` handler was called when not overridden. It's expected that any actions required when stopping the strategy occur here, such as unsubscribing from data[0m
[1m2026-10-08T05:27:04.301098000Z[0m [1;33m[WARN] TRADER-000.TwoSidedMakerStrategy: The `Strategy.on_reset` handler was called when not overridden. It's expected that any actions required when resetting the strategy occur here, such as resetting indicators and other state[0m
[2026-10-08 07:27:04,309] 0x1a554880f2b3d0642f0e7e1d4ab6923e02e3ab3c8a2c4edc247692ffb1d9fd63-98418609974393376044108343952839482085985520560511352764662190134004935369005.POLYMARKET: Replay selection is explicitly curated from named markets and may exclude cancelled, delisted, or zero-liquidity markets.
[2026-10-08 07:27:04,309] 0x1a554880f2b3d0642f0e7e1d4ab6923e02e3ab3c8a2c4edc247692ffb1d9fd63-98418609974393376044108343952839482085985520560511352764662190134004935369005.POLYMARKET: No portfolio-level drawdown or daily-loss circuit breaker is configured for this run.
[2026-10-08 07:27:04,329] batch 9/20: 1 matches, secondsDelay=1
2026-10-08T05:27:04.340894000Z [INFO] _prediction_market_backtest._load_sims_async: Telonex book source: explicit priority (cache -> local /var/folders/6y/4qkrc5td55s6xkknyl__chdh0000gn/T/telonex-local-3069tws2)
2026-10-08T05:27:04.340954000Z [INFO] _prediction_market_backtest._load_sims_async: Telonex trade source: explicit priority (local /var/folders/6y/4qkrc5td55s6xkknyl__chdh0000gn/T/telonex-local-3069tws2 -> polymarket fallback disabled)
2026-10-08T05:27:04.340991000Z [INFO] _prediction_market_backtest._load_sims_async: Loading 2 replay(s) with 2 worker(s) (BACKTEST_REPLAY_LOAD_WORKERS=1 restores sequential loading)
2026-10-08T05:27:04.341059000Z [INFO] replay_adapters._emit_book_replay_start: Loading Telonex Polymarket market dota2-synaps-yes-2026-09-25-game1 (token_index=0, window_start=2026-09-25T13:18:59+00:00, window_end=2026-09-25T14:04:50+00:00)...
2026-10-08T05:27:04.341092000Z [INFO] replay_adapters._emit_book_replay_start: Loading Telonex Polymarket market dota2-synaps-yes-2026-09-25-game1 (token_index=1, window_start=2026-09-25T13:18:59+00:00, window_end=2026-09-25T14:04:50+00:00)...
2026-10-08T05:27:04.342097000Z [INFO] loaders._read_metadata_disk_cache: Polymarket metadata cache hit (7.9 KB) cache /Users/dimabytes/.cache/nautilus_trader/polymarket_metadata/v1/gamma-market/6f33dfdc234fa45f80959c53be61e2a2884f374b389574e15170f6ba9909387d.json
2026-10-08T05:27:04.342779000Z [INFO] loaders._read_metadata_disk_cache: Polymarket metadata cache hit (2.8 KB) cache /Users/dimabytes/.cache/nautilus_trader/polymarket_metadata/v1/clob-market/0828212fecdfa5d837c3ff7e9c4d949c3d8f1981d4dc90e700a3280310bfc46e.json
2026-10-08T05:27:04.342992000Z [INFO] loaders._get_market_by_slug: Polymarket metadata discover cache hit memory metadata-cache
2026-10-08T05:27:04.343078000Z [INFO] loaders._get_market_details: Polymarket metadata discover cache hit memory metadata-cache
2026-10-08T05:27:04.343715000Z [INFO] telonex._day_progress: Telonex book start 2026-09-25
2026-10-08T05:27:04.343890000Z [INFO] telonex._day_progress: Telonex book start 2026-09-25
2026-10-08T05:27:04.427959000Z [INFO] telonex._day_progress: Telonex book cache hit 2026-09-25 (45,438 rows) cache /Users/dimabytes/.cache/nautilus_trader/telonex/book-deltas-v1/polymarket/book_snapshot_full/dota2-synaps-yes-2026-09-25-game1/outcome=Yellow%20Submarine/instrument=fccd1ae2bb026c13/2026-09-25.1790342339000000000-1790345090000000000.parquet
2026-10-08T05:27:04.428219000Z [INFO] telonex._day_progress: Telonex book cache hit 2026-09-25 (45,441 rows) cache /Users/dimabytes/.cache/nautilus_trader/telonex/book-deltas-v1/polymarket/book_snapshot_full/dota2-synaps-yes-2026-09-25-game1/outcome=Team%20Synapse/instrument=406a385457583c3e/2026-09-25.1790342339000000000-1790345090000000000.parquet
2026-10-08T05:27:04.428787000Z [INFO] replay_adapters._print_trade_progress_header: Loading Polymarket trade ticks for execution dota2-synaps-yes-2026-09-25-game1 (window_start=2026-09-25T13:18:59+00:00, window_end=2026-09-25T14:04:50+00:00)...
2026-10-08T05:27:04.428968000Z [INFO] replay_adapters._print_trade_progress_header: Loading Polymarket trade ticks for execution dota2-synaps-yes-2026-09-25-game1 (window_start=2026-09-25T13:18:59+00:00, window_end=2026-09-25T14:04:50+00:00)...
2026-10-08T05:27:04.433601000Z [INFO] replay_adapters._print_trade_progress_line: Polymarket trades 2026-09-25 (0.004s) (504 rows) telonex onchain_fills cache 2026-09-25.1790294400000000000-1790345090000000000.parquet
2026-10-08T05:27:04.433860000Z [INFO] replay_adapters._print_trade_progress_line: Polymarket trades 2026-09-25 (0.005s) (504 rows) telonex onchain_fills cache 2026-09-25.1790294400000000000-1790345090000000000.parquet
[1m2026-09-25T13:43:12.057000000Z[0m [1;33m[WARN] TRADER-000.TwoSidedMakerStrategy: <--[EVT] OrderRejected(instrument_id=0xf4ca131d1a041de6e4a04f37dee8c487a4f8795ec55d8eb74d70fac8c6ddf3cd-68370799530178301289589237664000834224264208549480475752601550127954436921319.POLYMARKET, client_order_id=O-20260925-134311-001-9015368144-406, account_id=POLYMARKET-001, reason='POST_ONLY LIMIT BUY order limit px of 0.090 would have been a TAKER: bid=0.070, ask=0.090', due_post_only=True, ts_event=1790343792057000000)[0m
[1m2026-09-25T16:06:45.000000000Z[0m [1;33m[WARN] TRADER-000.TwoSidedMakerStrategy: The `Strategy.on_stop` handler was called when not overridden. It's expected that any actions required when stopping the strategy occur here, such as unsubscribing from data[0m
[1m2026-10-08T05:27:05.453172000Z[0m [1;33m[WARN] TRADER-000.TwoSidedMakerStrategy: The `Strategy.on_reset` handler was called when not overridden. It's expected that any actions required when resetting the strategy occur here, such as resetting indicators and other state[0m
[2026-10-08 07:27:05,459] 0xf4ca131d1a041de6e4a04f37dee8c487a4f8795ec55d8eb74d70fac8c6ddf3cd-68370799530178301289589237664000834224264208549480475752601550127954436921319.POLYMARKET: Replay selection is explicitly curated from named markets and may exclude cancelled, delisted, or zero-liquidity markets.
[2026-10-08 07:27:05,459] 0xf4ca131d1a041de6e4a04f37dee8c487a4f8795ec55d8eb74d70fac8c6ddf3cd-68370799530178301289589237664000834224264208549480475752601550127954436921319.POLYMARKET: No portfolio-level drawdown or daily-loss circuit breaker is configured for this run.
[2026-10-08 07:27:05,484] batch 10/20: 1 matches, secondsDelay=1
2026-10-08T05:27:05.509464000Z [INFO] _prediction_market_backtest._load_sims_async: Telonex book source: explicit priority (cache -> local /var/folders/6y/4qkrc5td55s6xkknyl__chdh0000gn/T/telonex-local-3069tws2)
2026-10-08T05:27:05.509524000Z [INFO] _prediction_market_backtest._load_sims_async: Telonex trade source: explicit priority (local /var/folders/6y/4qkrc5td55s6xkknyl__chdh0000gn/T/telonex-local-3069tws2 -> polymarket fallback disabled)
2026-10-08T05:27:05.509561000Z [INFO] _prediction_market_backtest._load_sims_async: Loading 2 replay(s) with 2 worker(s) (BACKTEST_REPLAY_LOAD_WORKERS=1 restores sequential loading)
2026-10-08T05:27:05.509625000Z [INFO] replay_adapters._emit_book_replay_start: Loading Telonex Polymarket market dota2-ty-navi-2026-09-27-game2 (token_index=0, window_start=2026-09-27T14:00:41+00:00, window_end=2026-09-27T14:47:40+00:00)...
2026-10-08T05:27:05.509658000Z [INFO] replay_adapters._emit_book_replay_start: Loading Telonex Polymarket market dota2-ty-navi-2026-09-27-game2 (token_index=1, window_start=2026-09-27T14:00:41+00:00, window_end=2026-09-27T14:47:40+00:00)...
2026-10-08T05:27:05.510656000Z [INFO] loaders._read_metadata_disk_cache: Polymarket metadata cache hit (7.9 KB) cache /Users/dimabytes/.cache/nautilus_trader/polymarket_metadata/v1/gamma-market/47c22acdd9988be84bc03232825d73ebaaa6f3b7b3f658dc79c87f5eebbdfbe4.json
2026-10-08T05:27:05.511457000Z [INFO] loaders._read_metadata_disk_cache: Polymarket metadata cache hit (2.8 KB) cache /Users/dimabytes/.cache/nautilus_trader/polymarket_metadata/v1/clob-market/bd30da667e62eb39f52fcdd510f3fc20f589ec970f3479fccd32ac4f1b4aac6a.json
2026-10-08T05:27:05.511710000Z [INFO] loaders._get_market_by_slug: Polymarket metadata discover cache hit memory metadata-cache
2026-10-08T05:27:05.511806000Z [INFO] loaders._get_market_details: Polymarket metadata discover cache hit memory metadata-cache
2026-10-08T05:27:05.512502000Z [INFO] telonex._day_progress: Telonex book start 2026-09-27
2026-10-08T05:27:05.512752000Z [INFO] telonex._day_progress: Telonex book start 2026-09-27
2026-10-08T05:27:05.617808000Z [INFO] telonex._day_progress: Telonex book cache hit 2026-09-27 (93,576 rows) cache /Users/dimabytes/.cache/nautilus_trader/telonex/book-deltas-v1/polymarket/book_snapshot_full/dota2-ty-navi-2026-09-27-game2/outcome=Natus%20Vincere/instrument=740d5d8fa48644a5/2026-09-27.1790517641000000000-1790520460000000000.parquet
2026-10-08T05:27:05.685800000Z [INFO] telonex._day_progress: Telonex book cache hit 2026-09-27 (93,701 rows) cache /Users/dimabytes/.cache/nautilus_trader/telonex/book-deltas-v1/polymarket/book_snapshot_full/dota2-ty-navi-2026-09-27-game2/outcome=Team%20Yandex/instrument=56ae6b5f5c79036a/2026-09-27.1790517641000000000-1790520460000000000.parquet
2026-10-08T05:27:05.686641000Z [INFO] replay_adapters._print_trade_progress_header: Loading Polymarket trade ticks for execution dota2-ty-navi-2026-09-27-game2 (window_start=2026-09-27T14:00:41+00:00, window_end=2026-09-27T14:47:40+00:00)...
2026-10-08T05:27:05.686838000Z [INFO] replay_adapters._print_trade_progress_header: Loading Polymarket trade ticks for execution dota2-ty-navi-2026-09-27-game2 (window_start=2026-09-27T14:00:41+00:00, window_end=2026-09-27T14:47:40+00:00)...
2026-10-08T05:27:05.701533000Z [INFO] replay_adapters._print_trade_progress_line: Polymarket trades 2026-09-27 (0.015s) (6,605 rows) telonex onchain_fills cache 2026-09-27.1790467200000000000-1790520460000000000.parquet
2026-10-08T05:27:05.712648000Z [INFO] replay_adapters._print_trade_progress_line: Polymarket trades 2026-09-27 (0.026s) (6,605 rows) telonex onchain_fills cache 2026-09-27.1790467200000000000-1790520460000000000.parquet
[1m2026-09-27T14:00:41.000000000Z[0m [1;33m[WARN] TRADER-000.nautilus_common::clock: Timer 'SIGNAL:9018837779:1790516875045082112' alert time 2026-09-27T14:00:41+00:00 was in the past, adjusted to current time for immediate firing[0m
[1m2026-09-27T14:00:41.000000000Z[0m [1;33m[WARN] TRADER-000.nautilus_common::clock: Timer 'SIGNAL:9018837779:1790516875450948096' alert time 2026-09-27T14:00:41+00:00 was in the past, adjusted to current time for immediate firing[0m
[1m2026-09-27T14:00:41.000000000Z[0m [1;33m[WARN] TRADER-000.nautilus_common::clock: Timer 'SIGNAL:9018837779:1790516882304480000' alert time 2026-09-27T14:00:41+00:00 was in the past, adjusted to current time for immediate firing[0m
[1m2026-09-27T14:00:41.000000000Z[0m [1;33m[WARN] TRADER-000.nautilus_common::clock: Timer 'SIGNAL:9018837779:1790516882381849088' alert time 2026-09-27T14:00:41+00:00 was in the past, adjusted to current time for immediate firing[0m
[1m2026-09-27T14:00:41.000000000Z[0m [1;33m[WARN] TRADER-000.nautilus_common::clock: Timer 'SIGNAL:9018837779:1790516883398040064' alert time 2026-09-27T14:00:41+00:00 was in the past, adjusted to current time for immediate firing[0m
[1m2026-09-27T14:00:41.000000000Z[0m [1;33m[WARN] TRADER-000.nautilus_common::clock: Timer 'SIGNAL:9018837779:1790516884475568128' alert time 2026-09-27T14:00:41+00:00 was in the past, adjusted to current time for immediate firing[0m
[1m2026-09-27T14:00:41.000000000Z[0m [1;33m[WARN] TRADER-000.nautilus_common::clock: Timer 'SIGNAL:9018837779:1790516885444788992' alert time 2026-09-27T14:00:41+00:00 was in the past, adjusted to current time for immediate firing[0m
[1m2026-09-27T14:00:41.000000000Z[0m [1;33m[WARN] TRADER-000.nautilus_common::clock: Timer 'SIGNAL:9018837779:1790516886469588992' alert time 2026-09-27T14:00:41+00:00 was in the past, adjusted to current time for immediate firing[0m
[1m2026-09-27T14:00:41.000000000Z[0m [1;33m[WARN] TRADER-000.nautilus_common::clock: Timer 'SIGNAL:9018837779:1790516887451790080' alert time 2026-09-27T14:00:41+00:00 was in the past, adjusted to current time for immediate firing[0m
[1m2026-09-27T14:00:41.000000000Z[0m [1;33m[WARN] TRADER-000.nautilus_common::clock: Timer 'SIGNAL:9018837779:1790516888456904960' alert time 2026-09-27T14:00:41+00:00 was in the past, adjusted to current time for immediate firing[0m
[1m2026-09-27T14:00:41.000000000Z[0m [1;33m[WARN] TRADER-000.nautilus_common::clock: Timer 'SIGNAL:9018837779:1790516889470863104' alert time 2026-09-27T14:00:41+00:00 was in the past, adjusted to current time for immediate firing[0m
[1m2026-09-27T14:00:41.000000000Z[0m [1;33m[WARN] TRADER-000.nautilus_common::clock: Timer 'SIGNAL:9018837779:1790516890553332992' alert time 2026-09-27T14:00:41+00:00 was in the past, adjusted to current time for immediate firing[0m
[1m2026-09-27T14:00:41.000000000Z[0m [1;33m[WARN] TRADER-000.nautilus_common::clock: Timer 'SIGNAL:9018837779:1790516891442148864' alert time 2026-09-27T14:00:41+00:00 was in the past, adjusted to current time for immediate firing[0m
[1m2026-09-27T14:00:41.000000000Z[0m [1;33m[WARN] TRADER-000.nautilus_common::clock: Timer 'SIGNAL:9018837779:1790516892494198016' alert time 2026-09-27T14:00:41+00:00 was in the past, adjusted to current time for immediate firing[0m
[1m2026-09-27T14:00:41.000000000Z[0m [1;33m[WARN] TRADER-000.nautilus_common::clock: Timer 'SIGNAL:9018837779:1790516894265383936' alert time 2026-09-27T14:00:41+00:00 was in the past, adjusted to current time for immediate firing[0m
[1m2026-09-27T14:00:41.000000000Z[0m [1;33m[WARN] TRADER-000.nautilus_common::clock: Timer 'SIGNAL:9018837779:1790516894466629120' alert time 2026-09-27T14:00:41+00:00 was in the past, adjusted to current time for immediate firing[0m
[1m2026-09-27T14:00:41.000000000Z[0m [1;33m[WARN] TRADER-000.nautilus_common::clock: Timer 'SIGNAL:9018837779:1790516895458811136' alert time 2026-09-27T14:00:41+00:00 was in the past, adjusted to current time for immediate firing[0m
[1m2026-09-27T14:00:41.000000000Z[0m [1;33m[WARN] TRADER-000.nautilus_common::clock: Timer 'SIGNAL:9018837779:1790516901771284992' alert time 2026-09-27T14:00:41+00:00 was in the past, adjusted to current time for immediate firing[0m
[1m2026-09-27T14:00:41.000000000Z[0m [1;33m[WARN] TRADER-000.nautilus_common::clock: Timer 'SIGNAL:9018837779:1790516902448657920' alert time 2026-09-27T14:00:41+00:00 was in the past, adjusted to current time for immediate firing[0m
[1m2026-09-27T14:00:41.000000000Z[0m [1;33m[WARN] TRADER-000.nautilus_common::clock: Timer 'SIGNAL:9018837779:1790516902977828864' alert time 2026-09-27T14:00:41+00:00 was in the past, adjusted to current time for immediate firing[0m
[1m2026-09-27T14:00:41.000000000Z[0m [1;33m[WARN] TRADER-000.nautilus_common::clock: Timer 'SIGNAL:9018837779:1790516904000698112' alert time 2026-09-27T14:00:41+00:00 was in the past, adjusted to current time for immediate firing[0m
[1m2026-09-27T14:00:41.000000000Z[0m [1;33m[WARN] TRADER-000.nautilus_common::clock: Timer 'SIGNAL:9018837779:1790516905001977088' alert time 2026-09-27T14:00:41+00:00 was in the past, adjusted to current time for immediate firing[0m
[1m2026-09-27T14:00:41.000000000Z[0m [1;33m[WARN] TRADER-000.nautilus_common::clock: Timer 'SIGNAL:9018837779:1790516905980483072' alert time 2026-09-27T14:00:41+00:00 was in the past, adjusted to current time for immediate firing[0m
[1m2026-09-27T14:00:41.000000000Z[0m [1;33m[WARN] TRADER-000.nautilus_common::clock: Timer 'SIGNAL:9018837779:1790516907009687040' alert time 2026-09-27T14:00:41+00:00 was in the past, adjusted to current time for immediate firing[0m
[1m2026-09-27T14:00:41.000000000Z[0m [1;33m[WARN] TRADER-000.nautilus_common::clock: Timer 'SIGNAL:9018837779:1790516908033762816' alert time 2026-09-27T14:00:41+00:00 was in the past, adjusted to current time for immediate firing[0m
[1m2026-09-27T14:00:41.000000000Z[0m [1;33m[WARN] TRADER-000.nautilus_common::clock: Timer 'SIGNAL:9018837779:1790516909025097984' alert time 2026-09-27T14:00:41+00:00 was in the past, adjusted to current time for immediate firing[0m
[1m2026-09-27T14:00:41.000000000Z[0m [1;33m[WARN] TRADER-000.nautilus_common::clock: Timer 'SIGNAL:9018837779:1790516909990087936' alert time 2026-09-27T14:00:41+00:00 was in the past, adjusted to current time for immediate firing[0m
[1m2026-09-27T14:00:41.000000000Z[0m [1;33m[WARN] TRADER-000.nautilus_common::clock: Timer 'SIGNAL:9018837779:1790516910986115072' alert time 2026-09-27T14:00:41+00:00 was in the past, adjusted to current time for immediate firing[0m
[1m2026-09-27T14:00:41.000000000Z[0m [1;33m[WARN] TRADER-000.nautilus_common::clock: Timer 'SIGNAL:9018837779:1790516911988668928' alert time 2026-09-27T14:00:41+00:00 was in the past, adjusted to current time for immediate firing[0m
[1m2026-09-27T14:00:41.000000000Z[0m [1;33m[WARN] TRADER-000.nautilus_common::clock: Timer 'SIGNAL:9018837779:1790516912982004992' alert time 2026-09-27T14:00:41+00:00 was in the past, adjusted to current time for immediate firing[0m
[1m2026-09-27T14:00:41.000000000Z[0m [1;33m[WARN] TRADER-000.nautilus_common::clock: Timer 'SIGNAL:9018837779:1790516913974756864' alert time 2026-09-27T14:00:41+00:00 was in the past, adjusted to current time for immediate firing[0m
[1m2026-09-27T14:00:41.000000000Z[0m [1;33m[WARN] TRADER-000.nautilus_common::clock: Timer 'SIGNAL:9018837779:1790516914963556096' alert time 2026-09-27T14:00:41+00:00 was in the past, adjusted to current time for immediate firing[0m
[1m2026-09-27T14:00:41.000000000Z[0m [1;33m[WARN] TRADER-000.nautilus_common::clock: Timer 'SIGNAL:9018837779:1790516921818216960' alert time 2026-09-27T14:00:41+00:00 was in the past, adjusted to current time for immediate firing[0m
[1m2026-09-27T14:00:41.000000000Z[0m [1;33m[WARN] TRADER-000.nautilus_common::clock: Timer 'SIGNAL:9018837779:1790516921985529856' alert time 2026-09-27T14:00:41+00:00 was in the past, adjusted to current time for immediate firing[0m
[1m2026-09-27T14:00:41.000000000Z[0m [1;33m[WARN] TRADER-000.nautilus_common::clock: Timer 'SIGNAL:9018837779:1790516923172455936' alert time 2026-09-27T14:00:41+00:00 was in the past, adjusted to current time for immediate firing[0m
[1m2026-09-27T14:00:41.000000000Z[0m [1;33m[WARN] TRADER-000.nautilus_common::clock: Timer 'SIGNAL:9018837779:1790516924163677952' alert time 2026-09-27T14:00:41+00:00 was in the past, adjusted to current time for immediate firing[0m
[1m2026-09-27T14:00:41.000000000Z[0m [1;33m[WARN] TRADER-000.nautilus_common::clock: Timer 'SIGNAL:9018837779:1790516925149550080' alert time 2026-09-27T14:00:41+00:00 was in the past, adjusted to current time for immediate firing[0m
[1m2026-09-27T14:00:41.000000000Z[0m [1;33m[WARN] TRADER-000.nautilus_common::clock: Timer 'SIGNAL:9018837779:1790516926179546112' alert time 2026-09-27T14:00:41+00:00 was in the past, adjusted to current time for immediate firing[0m
[1m2026-09-27T14:00:41.000000000Z[0m [1;33m[WARN] TRADER-000.nautilus_common::clock: Timer 'SIGNAL:9018837779:1790516927192173056' alert time 2026-09-27T14:00:41+00:00 was in the past, adjusted to current time for immediate firing[0m
[1m2026-09-27T14:00:41.000000000Z[0m [1;33m[WARN] TRADER-000.nautilus_common::clock: Timer 'SIGNAL:9018837779:1790516928220606976' alert time 2026-09-27T14:00:41+00:00 was in the past, adjusted to current time for immediate firing[0m
[1m2026-09-27T14:00:41.000000000Z[0m [1;33m[WARN] TRADER-000.nautilus_common::clock: Timer 'SIGNAL:9018837779:1790516929143732992' alert time 2026-09-27T14:00:41+00:00 was in the past, adjusted to current time for immediate firing[0m
[1m2026-09-27T14:00:41.000000000Z[0m [1;33m[WARN] TRADER-000.nautilus_common::clock: Timer 'SIGNAL:9018837779:1790516930170292992' alert time 2026-09-27T14:00:41+00:00 was in the past, adjusted to current time for immediate firing[0m
[1m2026-09-27T14:00:41.000000000Z[0m [1;33m[WARN] TRADER-000.nautilus_common::clock: Timer 'SIGNAL:9018837779:1790516931166083072' alert time 2026-09-27T14:00:41+00:00 was in the past, adjusted to current time for immediate firing[0m
[1m2026-09-27T14:00:41.000000000Z[0m [1;33m[WARN] TRADER-000.nautilus_common::clock: Timer 'SIGNAL:9018837779:1790516932170733056' alert time 2026-09-27T14:00:41+00:00 was in the past, adjusted to current time for immediate firing[0m
[1m2026-09-27T14:00:41.000000000Z[0m [1;33m[WARN] TRADER-000.nautilus_common::clock: Timer 'SIGNAL:9018837779:1790516933134945024' alert time 2026-09-27T14:00:41+00:00 was in the past, adjusted to current time for immediate firing[0m
[1m2026-09-27T14:00:41.000000000Z[0m [1;33m[WARN] TRADER-000.nautilus_common::clock: Timer 'SIGNAL:9018837779:1790516934175513856' alert time 2026-09-27T14:00:41+00:00 was in the past, adjusted to current time for immediate firing[0m
[1m2026-09-27T14:00:41.000000000Z[0m [1;33m[WARN] TRADER-000.nautilus_common::clock: Timer 'SIGNAL:9018837779:1790516935137619968' alert time 2026-09-27T14:00:41+00:00 was in the past, adjusted to current time for immediate firing[0m
[1m2026-09-27T14:00:41.000000000Z[0m [1;33m[WARN] TRADER-000.nautilus_common::clock: Timer 'SIGNAL:9018837779:1790516941765515008' alert time 2026-09-27T14:00:41+00:00 was in the past, adjusted to current time for immediate firing[0m
[1m2026-09-27T14:00:41.000000000Z[0m [1;33m[WARN] TRADER-000.nautilus_common::clock: Timer 'SIGNAL:9018837779:1790516942186669056' alert time 2026-09-27T14:00:41+00:00 was in the past, adjusted to current time for immediate firing[0m
[1m2026-09-27T14:00:41.000000000Z[0m [1;33m[WARN] TRADER-000.nautilus_common::clock: Timer 'SIGNAL:9018837779:1790516943439920896' alert time 2026-09-27T14:00:41+00:00 was in the past, adjusted to current time for immediate firing[0m
[1m2026-09-27T14:00:41.000000000Z[0m [1;33m[WARN] TRADER-000.nautilus_common::clock: Timer 'SIGNAL:9018837779:1790516945468545792' alert time 2026-09-27T14:00:41+00:00 was in the past, adjusted to current time for immediate firing[0m
[1m2026-09-27T14:00:41.000000000Z[0m [1;33m[WARN] TRADER-000.nautilus_common::clock: Timer 'SIGNAL:9018837779:1790516946449508864' alert time 2026-09-27T14:00:41+00:00 was in the past, adjusted to current time for immediate firing[0m
[1m2026-09-27T14:00:41.000000000Z[0m [1;33m[WARN] TRADER-000.nautilus_common::clock: Timer 'SIGNAL:9018837779:1790516947480883968' alert time 2026-09-27T14:00:41+00:00 was in the past, adjusted to current time for immediate firing[0m
[1m2026-09-27T14:00:41.000000000Z[0m [1;33m[WARN] TRADER-000.nautilus_common::clock: Timer 'SIGNAL:9018837779:1790516948462692864' alert time 2026-09-27T14:00:41+00:00 was in the past, adjusted to current time for immediate firing[0m
[1m2026-09-27T14:00:41.000000000Z[0m [1;33m[WARN] TRADER-000.nautilus_common::clock: Timer 'SIGNAL:9018837779:1790516949459905024' alert time 2026-09-27T14:00:41+00:00 was in the past, adjusted to current time for immediate firing[0m
[1m2026-09-27T14:00:41.000000000Z[0m [1;33m[WARN] TRADER-000.nautilus_common::clock: Timer 'SIGNAL:9018837779:1790516950453541120' alert time 2026-09-27T14:00:41+00:00 was in the past, adjusted to current time for immediate firing[0m
[1m2026-09-27T14:00:41.000000000Z[0m [1;33m[WARN] TRADER-000.nautilus_common::clock: Timer 'SIGNAL:9018837779:1790516951506140928' alert time 2026-09-27T14:00:41+00:00 was in the past, adjusted to current time for immediate firing[0m
[1m2026-09-27T14:00:41.000000000Z[0m [1;33m[WARN] TRADER-000.nautilus_common::clock: Timer 'SIGNAL:9018837779:1790516952467915008' alert time 2026-09-27T14:00:41+00:00 was in the past, adjusted to current time for immediate firing[0m
[1m2026-09-27T14:00:41.000000000Z[0m [1;33m[WARN] TRADER-000.nautilus_common::clock: Timer 'SIGNAL:9018837779:1790516953614413056' alert time 2026-09-27T14:00:41+00:00 was in the past, adjusted to current time for immediate firing[0m
[1m2026-09-27T14:00:41.000000000Z[0m [1;33m[WARN] TRADER-000.nautilus_common::clock: Timer 'SIGNAL:9018837779:1790516954454312960' alert time 2026-09-27T14:00:41+00:00 was in the past, adjusted to current time for immediate firing[0m
[1m2026-09-27T14:00:41.000000000Z[0m [1;33m[WARN] TRADER-000.nautilus_common::clock: Timer 'SIGNAL:9018837779:1790516955472481024' alert time 2026-09-27T14:00:41+00:00 was in the past, adjusted to current time for immediate firing[0m
[1m2026-09-27T14:00:41.000000000Z[0m [1;33m[WARN] TRADER-000.nautilus_common::clock: Timer 'SIGNAL:9018837779:1790516961769725952' alert time 2026-09-27T14:00:41+00:00 was in the past, adjusted to current time for immediate firing[0m
[1m2026-09-27T14:00:41.000000000Z[0m [1;33m[WARN] TRADER-000.nautilus_common::clock: Timer 'SIGNAL:9018837779:1790516962469211136' alert time 2026-09-27T14:00:41+00:00 was in the past, adjusted to current time for immediate firing[0m
[1m2026-09-27T14:00:41.000000000Z[0m [1;33m[WARN] TRADER-000.nautilus_common::clock: Timer 'SIGNAL:9018837779:1790516963470903040' alert time 2026-09-27T14:00:41+00:00 was in the past, adjusted to current time for immediate firing[0m
[1m2026-09-27T14:00:41.000000000Z[0m [1;33m[WARN] TRADER-000.nautilus_common::clock: Timer 'SIGNAL:9018837779:1790516964443494144' alert time 2026-09-27T14:00:41+00:00 was in the past, adjusted to current time for immediate firing[0m
[1m2026-09-27T14:00:41.000000000Z[0m [1;33m[WARN] TRADER-000.nautilus_common::clock: Timer 'SIGNAL:9018837779:1790516965440502784' alert time 2026-09-27T14:00:41+00:00 was in the past, adjusted to current time for immediate firing[0m
[1m2026-09-27T14:00:41.000000000Z[0m [1;33m[WARN] TRADER-000.nautilus_common::clock: Timer 'SIGNAL:9018837779:1790516966452800000' alert time 2026-09-27T14:00:41+00:00 was in the past, adjusted to current time for immediate firing[0m
[1m2026-09-27T14:00:41.000000000Z[0m [1;33m[WARN] TRADER-000.nautilus_common::clock: Timer 'SIGNAL:9018837779:1790516967468035072' alert time 2026-09-27T14:00:41+00:00 was in the past, adjusted to current time for immediate firing[0m
[1m2026-09-27T14:00:41.000000000Z[0m [1;33m[WARN] TRADER-000.nautilus_common::clock: Timer 'SIGNAL:9018837779:1790516968451132928' alert time 2026-09-27T14:00:41+00:00 was in the past, adjusted to current time for immediate firing[0m
[1m2026-09-27T14:00:41.000000000Z[0m [1;33m[WARN] TRADER-000.nautilus_common::clock: Timer 'SIGNAL:9018837779:1790516969459294208' alert time 2026-09-27T14:00:41+00:00 was in the past, adjusted to current time for immediate firing[0m
[1m2026-09-27T14:00:41.000000000Z[0m [1;33m[WARN] TRADER-000.nautilus_common::clock: Timer 'SIGNAL:9018837779:1790516970445209088' alert time 2026-09-27T14:00:41+00:00 was in the past, adjusted to current time for immediate firing[0m
[1m2026-09-27T14:00:41.000000000Z[0m [1;33m[WARN] TRADER-000.nautilus_common::clock: Timer 'SIGNAL:9018837779:1790516971453538816' alert time 2026-09-27T14:00:41+00:00 was in the past, adjusted to current time for immediate firing[0m
[1m2026-09-27T14:00:41.000000000Z[0m [1;33m[WARN] TRADER-000.nautilus_common::clock: Timer 'SIGNAL:9018837779:1790516972482438144' alert time 2026-09-27T14:00:41+00:00 was in the past, adjusted to current time for immediate firing[0m
[1m2026-09-27T14:00:41.000000000Z[0m [1;33m[WARN] TRADER-000.nautilus_common::clock: Timer 'SIGNAL:9018837779:1790516973380978176' alert time 2026-09-27T14:00:41+00:00 was in the past, adjusted to current time for immediate firing[0m
[1m2026-09-27T14:00:41.000000000Z[0m [1;33m[WARN] TRADER-000.nautilus_common::clock: Timer 'SIGNAL:9018837779:1790516974496384000' alert time 2026-09-27T14:00:41+00:00 was in the past, adjusted to current time for immediate firing[0m
[1m2026-09-27T14:00:41.000000000Z[0m [1;33m[WARN] TRADER-000.nautilus_common::clock: Timer 'SIGNAL:9018837779:1790516975536775168' alert time 2026-09-27T14:00:41+00:00 was in the past, adjusted to current time for immediate firing[0m
[1m2026-09-27T14:00:41.000000000Z[0m [1;33m[WARN] TRADER-000.nautilus_common::clock: Timer 'SIGNAL:9018837779:1790516983942569984' alert time 2026-09-27T14:00:41+00:00 was in the past, adjusted to current time for immediate firing[0m
[1m2026-09-27T14:00:41.000000000Z[0m [1;33m[WARN] TRADER-000.nautilus_common::clock: Timer 'SIGNAL:9018837779:1790516984456283136' alert time 2026-09-27T14:00:41+00:00 was in the past, adjusted to current time for immediate firing[0m
[1m2026-09-27T14:00:41.000000000Z[0m [1;33m[WARN] TRADER-000.nautilus_common::clock: Timer 'SIGNAL:9018837779:1790516985478980096' alert time 2026-09-27T14:00:41+00:00 was in the past, adjusted to current time for immediate firing[0m
[1m2026-09-27T14:00:41.000000000Z[0m [1;33m[WARN] TRADER-000.nautilus_common::clock: Timer 'SIGNAL:9018837779:1790516986470926080' alert time 2026-09-27T14:00:41+00:00 was in the past, adjusted to current time for immediate firing[0m
[1m2026-09-27T14:00:41.000000000Z[0m [1;33m[WARN] TRADER-000.nautilus_common::clock: Timer 'SIGNAL:9018837779:1790516987472323840' alert time 2026-09-27T14:00:41+00:00 was in the past, adjusted to current time for immediate firing[0m
[1m2026-09-27T14:00:41.000000000Z[0m [1;33m[WARN] TRADER-000.nautilus_common::clock: Timer 'SIGNAL:9018837779:1790516988468070144' alert time 2026-09-27T14:00:41+00:00 was in the past, adjusted to current time for immediate firing[0m
[1m2026-09-27T14:00:41.000000000Z[0m [1;33m[WARN] TRADER-000.nautilus_common::clock: Timer 'SIGNAL:9018837779:1790516989473475840' alert time 2026-09-27T14:00:41+00:00 was in the past, adjusted to current time for immediate firing[0m
[1m2026-09-27T14:00:41.000000000Z[0m [1;33m[WARN] TRADER-000.nautilus_common::clock: Timer 'SIGNAL:9018837779:1790516990469729024' alert time 2026-09-27T14:00:41+00:00 was in the past, adjusted to current time for immediate firing[0m
[1m2026-09-27T14:00:41.000000000Z[0m [1;33m[WARN] TRADER-000.nautilus_common::clock: Timer 'SIGNAL:9018837779:1790516991470233088' alert time 2026-09-27T14:00:41+00:00 was in the past, adjusted to current time for immediate firing[0m
[1m2026-09-27T14:00:41.000000000Z[0m [1;33m[WARN] TRADER-000.nautilus_common::clock: Timer 'SIGNAL:9018837779:1790516992448966144' alert time 2026-09-27T14:00:41+00:00 was in the past, adjusted to current time for immediate firing[0m
[1m2026-09-27T14:00:41.000000000Z[0m [1;33m[WARN] TRADER-000.nautilus_common::clock: Timer 'SIGNAL:9018837779:1790516993456825088' alert time 2026-09-27T14:00:41+00:00 was in the past, adjusted to current time for immediate firing[0m
[1m2026-09-27T14:00:41.000000000Z[0m [1;33m[WARN] TRADER-000.nautilus_common::clock: Timer 'SIGNAL:9018837779:1790516994442481152' alert time 2026-09-27T14:00:41+00:00 was in the past, adjusted to current time for immediate firing[0m
[1m2026-09-27T14:00:41.000000000Z[0m [1;33m[WARN] TRADER-000.nautilus_common::clock: Timer 'SIGNAL:9018837779:1790516995454330880' alert time 2026-09-27T14:00:41+00:00 was in the past, adjusted to current time for immediate firing[0m
[1m2026-09-27T14:00:41.000000000Z[0m [1;33m[WARN] TRADER-000.nautilus_common::clock: Timer 'SIGNAL:9018837779:1790517002366120960' alert time 2026-09-27T14:00:41+00:00 was in the past, adjusted to current time for immediate firing[0m
[1m2026-09-27T14:00:41.000000000Z[0m [1;33m[WARN] TRADER-000.nautilus_common::clock: Timer 'SIGNAL:9018837779:1790517002459481856' alert time 2026-09-27T14:00:41+00:00 was in the past, adjusted to current time for immediate firing[0m
[1m2026-09-27T14:00:41.000000000Z[0m [1;33m[WARN] TRADER-000.nautilus_common::clock: Timer 'SIGNAL:9018837779:1790517003447699968' alert time 2026-09-27T14:00:41+00:00 was in the past, adjusted to current time for immediate firing[0m
[1m2026-09-27T14:00:41.000000000Z[0m [1;33m[WARN] TRADER-000.nautilus_common::clock: Timer 'SIGNAL:9018837779:1790517004459713024' alert time 2026-09-27T14:00:41+00:00 was in the past, adjusted to current time for immediate firing[0m
[1m2026-09-27T14:00:41.000000000Z[0m [1;33m[WARN] TRADER-000.nautilus_common::clock: Timer 'SIGNAL:9018837779:1790517005473329152' alert time 2026-09-27T14:00:41+00:00 was in the past, adjusted to current time for immediate firing[0m
[1m2026-09-27T14:00:41.000000000Z[0m [1;33m[WARN] TRADER-000.nautilus_common::clock: Timer 'SIGNAL:9018837779:1790517006491871232' alert time 2026-09-27T14:00:41+00:00 was in the past, adjusted to current time for immediate firing[0m
[1m2026-09-27T14:00:41.000000000Z[0m [1;33m[WARN] TRADER-000.nautilus_common::clock: Timer 'SIGNAL:9018837779:1790517007464518144' alert time 2026-09-27T14:00:41+00:00 was in the past, adjusted to current time for immediate firing[0m
[1m2026-09-27T14:00:41.000000000Z[0m [1;33m[WARN] TRADER-000.nautilus_common::clock: Timer 'SIGNAL:9018837779:1790517008477340928' alert time 2026-09-27T14:00:41+00:00 was in the past, adjusted to current time for immediate firing[0m
[1m2026-09-27T14:00:41.000000000Z[0m [1;33m[WARN] TRADER-000.nautilus_common::clock: Timer 'SIGNAL:9018837779:1790517009470594048' alert time 2026-09-27T14:00:41+00:00 was in the past, adjusted to current time for immediate firing[0m
[1m2026-09-27T14:00:41.000000000Z[0m [1;33m[WARN] TRADER-000.nautilus_common::clock: Timer 'SIGNAL:9018837779:1790517010464344064' alert time 2026-09-27T14:00:41+00:00 was in the past, adjusted to current time for immediate firing[0m
[1m2026-09-27T14:00:41.000000000Z[0m [1;33m[WARN] TRADER-000.nautilus_common::clock: Timer 'SIGNAL:9018837779:1790517011464900096' alert time 2026-09-27T14:00:41+00:00 was in the past, adjusted to current time for immediate firing[0m
[1m2026-09-27T14:00:41.000000000Z[0m [1;33m[WARN] TRADER-000.nautilus_common::clock: Timer 'SIGNAL:9018837779:1790517012448664832' alert time 2026-09-27T14:00:41+00:00 was in the past, adjusted to current time for immediate firing[0m
[1m2026-09-27T14:00:41.000000000Z[0m [1;33m[WARN] TRADER-000.nautilus_common::clock: Timer 'SIGNAL:9018837779:1790517013475218944' alert time 2026-09-27T14:00:41+00:00 was in the past, adjusted to current time for immediate firing[0m
[1m2026-09-27T14:00:41.000000000Z[0m [1;33m[WARN] TRADER-000.nautilus_common::clock: Timer 'SIGNAL:9018837779:1790517014452871168' alert time 2026-09-27T14:00:41+00:00 was in the past, adjusted to current time for immediate firing[0m
[1m2026-09-27T14:00:41.000000000Z[0m [1;33m[WARN] TRADER-000.nautilus_common::clock: Timer 'SIGNAL:9018837779:1790517015484380928' alert time 2026-09-27T14:00:41+00:00 was in the past, adjusted to current time for immediate firing[0m
[1m2026-09-27T14:00:41.000000000Z[0m [1;33m[WARN] TRADER-000.nautilus_common::clock: Timer 'SIGNAL:9018837779:1790517023632500992' alert time 2026-09-27T14:00:41+00:00 was in the past, adjusted to current time for immediate firing[0m
[1m2026-09-27T14:00:41.000000000Z[0m [1;33m[WARN] TRADER-000.nautilus_common::clock: Timer 'SIGNAL:9018837779:1790517024446579968' alert time 2026-09-27T14:00:41+00:00 was in the past, adjusted to current time for immediate firing[0m
[1m2026-09-27T14:00:41.000000000Z[0m [1;33m[WARN] TRADER-000.nautilus_common::clock: Timer 'SIGNAL:9018837779:1790517025471803904' alert time 2026-09-27T14:00:41+00:00 was in the past, adjusted to current time for immediate firing[0m
[1m2026-09-27T14:00:41.000000000Z[0m [1;33m[WARN] TRADER-000.nautilus_common::clock: Timer 'SIGNAL:9018837779:1790517026490701056' alert time 2026-09-27T14:00:41+00:00 was in the past, adjusted to current time for immediate firing[0m
[1m2026-09-27T14:00:41.000000000Z[0m [1;33m[WARN] TRADER-000.nautilus_common::clock: Timer 'SIGNAL:9018837779:1790517027491964928' alert time 2026-09-27T14:00:41+00:00 was in the past, adjusted to current time for immediate firing[0m
[1m2026-09-27T14:00:41.000000000Z[0m [1;33m[WARN] TRADER-000.nautilus_common::clock: Timer 'SIGNAL:9018837779:1790517028465848064' alert time 2026-09-27T14:00:41+00:00 was in the past, adjusted to current time for immediate firing[0m
[1m2026-09-27T14:00:41.000000000Z[0m [1;33m[WARN] TRADER-000.nautilus_common::clock: Timer 'SIGNAL:9018837779:1790517029644783104' alert time 2026-09-27T14:00:41+00:00 was in the past, adjusted to current time for immediate firing[0m
[1m2026-09-27T14:00:41.000000000Z[0m [1;33m[WARN] TRADER-000.nautilus_common::clock: Timer 'SIGNAL:9018837779:1790517030865953024' alert time 2026-09-27T14:00:41+00:00 was in the past, adjusted to current time for immediate firing[0m
[1m2026-09-27T14:00:41.000000000Z[0m [1;33m[WARN] TRADER-000.nautilus_common::clock: Timer 'SIGNAL:9018837779:1790517031475256064' alert time 2026-09-27T14:00:41+00:00 was in the past, adjusted to current time for immediate firing[0m
[1m2026-09-27T14:00:41.000000000Z[0m [1;33m[WARN] TRADER-000.nautilus_common::clock: Timer 'SIGNAL:9018837779:1790517032464946944' alert time 2026-09-27T14:00:41+00:00 was in the past, adjusted to current time for immediate firing[0m
[1m2026-09-27T14:00:41.000000000Z[0m [1;33m[WARN] TRADER-000.nautilus_common::clock: Timer 'SIGNAL:9018837779:1790517033559883008' alert time 2026-09-27T14:00:41+00:00 was in the past, adjusted to current time for immediate firing[0m
[1m2026-09-27T14:00:41.000000000Z[0m [1;33m[WARN] TRADER-000.nautilus_common::clock: Timer 'SIGNAL:9018837779:1790517034570868992' alert time 2026-09-27T14:00:41+00:00 was in the past, adjusted to current time for immediate firing[0m
[1m2026-09-27T14:00:41.000000000Z[0m [1;33m[WARN] TRADER-000.nautilus_common::clock: Timer 'SIGNAL:9018837779:1790517035464227840' alert time 2026-09-27T14:00:41+00:00 was in the past, adjusted to current time for immediate firing[0m
[1m2026-09-27T14:00:41.000000000Z[0m [1;33m[WARN] TRADER-000.nautilus_common::clock: Timer 'SIGNAL:9018837779:1790517042165106944' alert time 2026-09-27T14:00:41+00:00 was in the past, adjusted to current time for immediate firing[0m
[1m2026-09-27T14:00:41.000000000Z[0m [1;33m[WARN] TRADER-000.nautilus_common::clock: Timer 'SIGNAL:9018837779:1790517042480860928' alert time 2026-09-27T14:00:41+00:00 was in the past, adjusted to current time for immediate firing[0m
[1m2026-09-27T14:00:41.000000000Z[0m [1;33m[WARN] TRADER-000.nautilus_common::clock: Timer 'SIGNAL:9018837779:1790517043495148032' alert time 2026-09-27T14:00:41+00:00 was in the past, adjusted to current time for immediate firing[0m
[1m2026-09-27T14:00:41.000000000Z[0m [1;33m[WARN] TRADER-000.nautilus_common::clock: Timer 'SIGNAL:9018837779:1790517044602971136' alert time 2026-09-27T14:00:41+00:00 was in the past, adjusted to current time for immediate firing[0m
[1m2026-09-27T14:00:41.000000000Z[0m [1;33m[WARN] TRADER-000.nautilus_common::clock: Timer 'SIGNAL:9018837779:1790517046018640128' alert time 2026-09-27T14:00:41+00:00 was in the past, adjusted to current time for immediate firing[0m
[1m2026-09-27T14:00:41.000000000Z[0m [1;33m[WARN] TRADER-000.nautilus_common::clock: Timer 'SIGNAL:9018837779:1790517046466748928' alert time 2026-09-27T14:00:41+00:00 was in the past, adjusted to current time for immediate firing[0m
[1m2026-09-27T14:00:41.000000000Z[0m [1;33m[WARN] TRADER-000.nautilus_common::clock: Timer 'SIGNAL:9018837779:1790517047498040832' alert time 2026-09-27T14:00:41+00:00 was in the past, adjusted to current time for immediate firing[0m
[1m2026-09-27T14:00:41.000000000Z[0m [1;33m[WARN] TRADER-000.nautilus_common::clock: Timer 'SIGNAL:9018837779:1790517048472378880' alert time 2026-09-27T14:00:41+00:00 was in the past, adjusted to current time for immediate firing[0m
[1m2026-09-27T14:00:41.000000000Z[0m [1;33m[WARN] TRADER-000.nautilus_common::clock: Timer 'SIGNAL:9018837779:1790517049442385920' alert time 2026-09-27T14:00:41+00:00 was in the past, adjusted to current time for immediate firing[0m
[1m2026-09-27T14:00:41.000000000Z[0m [1;33m[WARN] TRADER-000.nautilus_common::clock: Timer 'SIGNAL:9018837779:1790517050469490944' alert time 2026-09-27T14:00:41+00:00 was in the past, adjusted to current time for immediate firing[0m
[1m2026-09-27T14:00:41.000000000Z[0m [1;33m[WARN] TRADER-000.nautilus_common::clock: Timer 'SIGNAL:9018837779:1790517051450028032' alert time 2026-09-27T14:00:41+00:00 was in the past, adjusted to current time for immediate firing[0m
[1m2026-09-27T14:00:41.000000000Z[0m [1;33m[WARN] TRADER-000.nautilus_common::clock: Timer 'SIGNAL:9018837779:1790517052496908032' alert time 2026-09-27T14:00:41+00:00 was in the past, adjusted to current time for immediate firing[0m
[1m2026-09-27T14:00:41.000000000Z[0m [1;33m[WARN] TRADER-000.nautilus_common::clock: Timer 'SIGNAL:9018837779:1790517053496422912' alert time 2026-09-27T14:00:41+00:00 was in the past, adjusted to current time for immediate firing[0m
[1m2026-09-27T14:00:41.000000000Z[0m [1;33m[WARN] TRADER-000.nautilus_common::clock: Timer 'SIGNAL:9018837779:1790517054508930816' alert time 2026-09-27T14:00:41+00:00 was in the past, adjusted to current time for immediate firing[0m
[1m2026-09-27T14:00:41.000000000Z[0m [1;33m[WARN] TRADER-000.nautilus_common::clock: Timer 'SIGNAL:9018837779:1790517055461138944' alert time 2026-09-27T14:00:41+00:00 was in the past, adjusted to current time for immediate firing[0m
[1m2026-09-27T14:00:41.000000000Z[0m [1;33m[WARN] TRADER-000.nautilus_common::clock: Timer 'SIGNAL:9018837779:1790517062598597120' alert time 2026-09-27T14:00:41+00:00 was in the past, adjusted to current time for immediate firing[0m
[1m2026-09-27T14:00:41.000000000Z[0m [1;33m[WARN] TRADER-000.nautilus_common::clock: Timer 'SIGNAL:9018837779:1790517062608880896' alert time 2026-09-27T14:00:41+00:00 was in the past, adjusted to current time for immediate firing[0m
[1m2026-09-27T14:00:41.000000000Z[0m [1;33m[WARN] TRADER-000.nautilus_common::clock: Timer 'SIGNAL:9018837779:1790517063454063872' alert time 2026-09-27T14:00:41+00:00 was in the past, adjusted to current time for immediate firing[0m
[1m2026-09-27T14:00:41.000000000Z[0m [1;33m[WARN] TRADER-000.nautilus_common::clock: Timer 'SIGNAL:9018837779:1790517064474266880' alert time 2026-09-27T14:00:41+00:00 was in the past, adjusted to current time for immediate firing[0m
[1m2026-09-27T14:00:41.000000000Z[0m [1;33m[WARN] TRADER-000.nautilus_common::clock: Timer 'SIGNAL:9018837779:1790517065455398144' alert time 2026-09-27T14:00:41+00:00 was in the past, adjusted to current time for immediate firing[0m
[1m2026-09-27T14:00:41.000000000Z[0m [1;33m[WARN] TRADER-000.nautilus_common::clock: Timer 'SIGNAL:9018837779:1790517066465865984' alert time 2026-09-27T14:00:41+00:00 was in the past, adjusted to current time for immediate firing[0m
[1m2026-09-27T14:00:41.000000000Z[0m [1;33m[WARN] TRADER-000.nautilus_common::clock: Timer 'SIGNAL:9018837779:1790517067470107136' alert time 2026-09-27T14:00:41+00:00 was in the past, adjusted to current time for immediate firing[0m
[1m2026-09-27T14:00:41.000000000Z[0m [1;33m[WARN] TRADER-000.nautilus_common::clock: Timer 'SIGNAL:9018837779:1790517068449073152' alert time 2026-09-27T14:00:41+00:00 was in the past, adjusted to current time for immediate firing[0m
[1m2026-09-27T14:00:41.000000000Z[0m [1;33m[WARN] TRADER-000.nautilus_common::clock: Timer 'SIGNAL:9018837779:1790517069501609984' alert time 2026-09-27T14:00:41+00:00 was in the past, adjusted to current time for immediate firing[0m
[1m2026-09-27T14:00:41.000000000Z[0m [1;33m[WARN] TRADER-000.nautilus_common::clock: Timer 'SIGNAL:9018837779:1790517070493457920' alert time 2026-09-27T14:00:41+00:00 was in the past, adjusted to current time for immediate firing[0m
[1m2026-09-27T14:00:41.000000000Z[0m [1;33m[WARN] TRADER-000.nautilus_common::clock: Timer 'SIGNAL:9018837779:1790517071503480064' alert time 2026-09-27T14:00:41+00:00 was in the past, adjusted to current time for immediate firing[0m
[1m2026-09-27T14:00:41.000000000Z[0m [1;33m[WARN] TRADER-000.nautilus_common::clock: Timer 'SIGNAL:9018837779:1790517072462973952' alert time 2026-09-27T14:00:41+00:00 was in the past, adjusted to current time for immediate firing[0m
[1m2026-09-27T14:00:41.000000000Z[0m [1;33m[WARN] TRADER-000.nautilus_common::clock: Timer 'SIGNAL:9018837779:1790517073521405952' alert time 2026-09-27T14:00:41+00:00 was in the past, adjusted to current time for immediate firing[0m
[1m2026-09-27T14:00:41.000000000Z[0m [1;33m[WARN] TRADER-000.nautilus_common::clock: Timer 'SIGNAL:9018837779:1790517074460129024' alert time 2026-09-27T14:00:41+00:00 was in the past, adjusted to current time for immediate firing[0m
[1m2026-09-27T14:00:41.000000000Z[0m [1;33m[WARN] TRADER-000.nautilus_common::clock: Timer 'SIGNAL:9018837779:1790517075458589184' alert time 2026-09-27T14:00:41+00:00 was in the past, adjusted to current time for immediate firing[0m
[1m2026-09-27T14:00:41.000000000Z[0m [1;33m[WARN] TRADER-000.nautilus_common::clock: Timer 'SIGNAL:9018837779:1790517082356372992' alert time 2026-09-27T14:00:41+00:00 was in the past, adjusted to current time for immediate firing[0m
[1m2026-09-27T14:00:41.000000000Z[0m [1;33m[WARN] TRADER-000.nautilus_common::clock: Timer 'SIGNAL:9018837779:1790517082640160000' alert time 2026-09-27T14:00:41+00:00 was in the past, adjusted to current time for immediate firing[0m
[1m2026-09-27T14:00:41.000000000Z[0m [1;33m[WARN] TRADER-000.nautilus_common::clock: Timer 'SIGNAL:9018837779:1790517083488827904' alert time 2026-09-27T14:00:41+00:00 was in the past, adjusted to current time for immediate firing[0m
[1m2026-09-27T14:00:41.000000000Z[0m [1;33m[WARN] TRADER-000.nautilus_common::clock: Timer 'SIGNAL:9018837779:1790517084480596992' alert time 2026-09-27T14:00:41+00:00 was in the past, adjusted to current time for immediate firing[0m
[1m2026-09-27T14:00:41.000000000Z[0m [1;33m[WARN] TRADER-000.nautilus_common::clock: Timer 'SIGNAL:9018837779:1790517085466841856' alert time 2026-09-27T14:00:41+00:00 was in the past, adjusted to current time for immediate firing[0m
[1m2026-09-27T14:00:41.000000000Z[0m [1;33m[WARN] TRADER-000.nautilus_common::clock: Timer 'SIGNAL:9018837779:1790517086467758848' alert time 2026-09-27T14:00:41+00:00 was in the past, adjusted to current time for immediate firing[0m
[1m2026-09-27T14:00:41.000000000Z[0m [1;33m[WARN] TRADER-000.nautilus_common::clock: Timer 'SIGNAL:9018837779:1790517087460028928' alert time 2026-09-27T14:00:41+00:00 was in the past, adjusted to current time for immediate firing[0m
[1m2026-09-27T14:00:41.000000000Z[0m [1;33m[WARN] TRADER-000.nautilus_common::clock: Timer 'SIGNAL:9018837779:1790517088493711872' alert time 2026-09-27T14:00:41+00:00 was in the past, adjusted to current time for immediate firing[0m
[1m2026-09-27T14:00:41.000000000Z[0m [1;33m[WARN] TRADER-000.nautilus_common::clock: Timer 'SIGNAL:9018837779:1790517089438966016' alert time 2026-09-27T14:00:41+00:00 was in the past, adjusted to current time for immediate firing[0m
[1m2026-09-27T14:00:41.000000000Z[0m [1;33m[WARN] TRADER-000.nautilus_common::clock: Timer 'SIGNAL:9018837779:1790517090481949184' alert time 2026-09-27T14:00:41+00:00 was in the past, adjusted to current time for immediate firing[0m
[1m2026-09-27T14:00:41.000000000Z[0m [1;33m[WARN] TRADER-000.nautilus_common::clock: Timer 'SIGNAL:9018837779:1790517091539500032' alert time 2026-09-27T14:00:41+00:00 was in the past, adjusted to current time for immediate firing[0m
[1m2026-09-27T14:00:41.000000000Z[0m [1;33m[WARN] TRADER-000.nautilus_common::clock: Timer 'SIGNAL:9018837779:1790517092448011008' alert time 2026-09-27T14:00:41+00:00 was in the past, adjusted to current time for immediate firing[0m
[1m2026-09-27T14:00:41.000000000Z[0m [1;33m[WARN] TRADER-000.nautilus_common::clock: Timer 'SIGNAL:9018837779:1790517093504205824' alert time 2026-09-27T14:00:41+00:00 was in the past, adjusted to current time for immediate firing[0m
[1m2026-09-27T14:00:41.000000000Z[0m [1;33m[WARN] TRADER-000.nautilus_common::clock: Timer 'SIGNAL:9018837779:1790517094606609152' alert time 2026-09-27T14:00:41+00:00 was in the past, adjusted to current time for immediate firing[0m
[1m2026-09-27T14:00:41.000000000Z[0m [1;33m[WARN] TRADER-000.nautilus_common::clock: Timer 'SIGNAL:9018837779:1790517095452836096' alert time 2026-09-27T14:00:41+00:00 was in the past, adjusted to current time for immediate firing[0m
[1m2026-09-27T14:00:41.000000000Z[0m [1;33m[WARN] TRADER-000.nautilus_common::clock: Timer 'SIGNAL:9018837779:1790517101818560000' alert time 2026-09-27T14:00:41+00:00 was in the past, adjusted to current time for immediate firing[0m
[1m2026-09-27T14:00:41.000000000Z[0m [1;33m[WARN] TRADER-000.nautilus_common::clock: Timer 'SIGNAL:9018837779:1790517102444803840' alert time 2026-09-27T14:00:41+00:00 was in the past, adjusted to current time for immediate firing[0m
[1m2026-09-27T14:00:41.000000000Z[0m [1;33m[WARN] TRADER-000.nautilus_common::clock: Timer 'SIGNAL:9018837779:1790517103473067008' alert time 2026-09-27T14:00:41+00:00 was in the past, adjusted to current time for immediate firing[0m
[1m2026-09-27T14:00:41.000000000Z[0m [1;33m[WARN] TRADER-000.nautilus_common::clock: Timer 'SIGNAL:9018837779:1790517104444887040' alert time 2026-09-27T14:00:41+00:00 was in the past, adjusted to current time for immediate firing[0m
[1m2026-09-27T14:00:41.000000000Z[0m [1;33m[WARN] TRADER-000.nautilus_common::clock: Timer 'SIGNAL:9018837779:1790517105486808064' alert time 2026-09-27T14:00:41+00:00 was in the past, adjusted to current time for immediate firing[0m
[1m2026-09-27T14:00:41.000000000Z[0m [1;33m[WARN] TRADER-000.nautilus_common::clock: Timer 'SIGNAL:9018837779:1790517106494318848' alert time 2026-09-27T14:00:41+00:00 was in the past, adjusted to current time for immediate firing[0m
[1m2026-09-27T14:00:41.000000000Z[0m [1;33m[WARN] TRADER-000.nautilus_common::clock: Timer 'SIGNAL:9018837779:1790517107475048192' alert time 2026-09-27T14:00:41+00:00 was in the past, adjusted to current time for immediate firing[0m
[1m2026-09-27T14:00:41.000000000Z[0m [1;33m[WARN] TRADER-000.nautilus_common::clock: Timer 'SIGNAL:9018837779:1790517108504455936' alert time 2026-09-27T14:00:41+00:00 was in the past, adjusted to current time for immediate firing[0m
[1m2026-09-27T14:00:41.000000000Z[0m [1;33m[WARN] TRADER-000.nautilus_common::clock: Timer 'SIGNAL:9018837779:1790517109471884032' alert time 2026-09-27T14:00:41+00:00 was in the past, adjusted to current time for immediate firing[0m
[1m2026-09-27T14:00:41.000000000Z[0m [1;33m[WARN] TRADER-000.nautilus_common::clock: Timer 'SIGNAL:9018837779:1790517110480436992' alert time 2026-09-27T14:00:41+00:00 was in the past, adjusted to current time for immediate firing[0m
[1m2026-09-27T14:00:41.000000000Z[0m [1;33m[WARN] TRADER-000.nautilus_common::clock: Timer 'SIGNAL:9018837779:1790517111446093056' alert time 2026-09-27T14:00:41+00:00 was in the past, adjusted to current time for immediate firing[0m
[1m2026-09-27T14:00:41.000000000Z[0m [1;33m[WARN] TRADER-000.nautilus_common::clock: Timer 'SIGNAL:9018837779:1790517112466268928' alert time 2026-09-27T14:00:41+00:00 was in the past, adjusted to current time for immediate firing[0m
[1m2026-09-27T14:00:41.000000000Z[0m [1;33m[WARN] TRADER-000.nautilus_common::clock: Timer 'SIGNAL:9018837779:1790517113480833024' alert time 2026-09-27T14:00:41+00:00 was in the past, adjusted to current time for immediate firing[0m
[1m2026-09-27T14:00:41.000000000Z[0m [1;33m[WARN] TRADER-000.nautilus_common::clock: Timer 'SIGNAL:9018837779:1790517114480503040' alert time 2026-09-27T14:00:41+00:00 was in the past, adjusted to current time for immediate firing[0m
[1m2026-09-27T14:00:41.000000000Z[0m [1;33m[WARN] TRADER-000.nautilus_common::clock: Timer 'SIGNAL:9018837779:1790517115472558080' alert time 2026-09-27T14:00:41+00:00 was in the past, adjusted to current time for immediate firing[0m
[1m2026-09-27T14:00:41.000000000Z[0m [1;33m[WARN] TRADER-000.nautilus_common::clock: Timer 'SIGNAL:9018837779:1790517122003649024' alert time 2026-09-27T14:00:41+00:00 was in the past, adjusted to current time for immediate firing[0m
[1m2026-09-27T14:00:41.000000000Z[0m [1;33m[WARN] TRADER-000.nautilus_common::clock: Timer 'SIGNAL:9018837779:1790517122484374016' alert time 2026-09-27T14:00:41+00:00 was in the past, adjusted to current time for immediate firing[0m
[1m2026-09-27T14:00:41.000000000Z[0m [1;33m[WARN] TRADER-000.nautilus_common::clock: Timer 'SIGNAL:9018837779:1790517123448951040' alert time 2026-09-27T14:00:41+00:00 was in the past, adjusted to current time for immediate firing[0m
[1m2026-09-27T14:00:41.000000000Z[0m [1;33m[WARN] TRADER-000.nautilus_common::clock: Timer 'SIGNAL:9018837779:1790517124451204096' alert time 2026-09-27T14:00:41+00:00 was in the past, adjusted to current time for immediate firing[0m
[1m2026-09-27T14:00:41.000000000Z[0m [1;33m[WARN] TRADER-000.nautilus_common::clock: Timer 'SIGNAL:9018837779:1790517125469499136' alert time 2026-09-27T14:00:41+00:00 was in the past, adjusted to current time for immediate firing[0m
[1m2026-09-27T14:00:41.000000000Z[0m [1;33m[WARN] TRADER-000.nautilus_common::clock: Timer 'SIGNAL:9018837779:1790517126479351040' alert time 2026-09-27T14:00:41+00:00 was in the past, adjusted to current time for immediate firing[0m
[1m2026-09-27T14:00:41.000000000Z[0m [1;33m[WARN] TRADER-000.nautilus_common::clock: Timer 'SIGNAL:9018837779:1790517127448323840' alert time 2026-09-27T14:00:41+00:00 was in the past, adjusted to current time for immediate firing[0m
[1m2026-09-27T14:00:41.000000000Z[0m [1;33m[WARN] TRADER-000.nautilus_common::clock: Timer 'SIGNAL:9018837779:1790517128863533056' alert time 2026-09-27T14:00:41+00:00 was in the past, adjusted to current time for immediate firing[0m
[1m2026-09-27T14:00:41.000000000Z[0m [1;33m[WARN] TRADER-000.nautilus_common::clock: Timer 'SIGNAL:9018837779:1790517129481275136' alert time 2026-09-27T14:00:41+00:00 was in the past, adjusted to current time for immediate firing[0m
[1m2026-09-27T14:00:41.000000000Z[0m [1;33m[WARN] TRADER-000.nautilus_common::clock: Timer 'SIGNAL:9018837779:1790517130585136896' alert time 2026-09-27T14:00:41+00:00 was in the past, adjusted to current time for immediate firing[0m
[1m2026-09-27T14:00:41.000000000Z[0m [1;33m[WARN] TRADER-000.nautilus_common::clock: Timer 'SIGNAL:9018837779:1790517131487759104' alert time 2026-09-27T14:00:41+00:00 was in the past, adjusted to current time for immediate firing[0m
[1m2026-09-27T14:00:41.000000000Z[0m [1;33m[WARN] TRADER-000.nautilus_common::clock: Timer 'SIGNAL:9018837779:1790517132493202944' alert time 2026-09-27T14:00:41+00:00 was in the past, adjusted to current time for immediate firing[0m
[1m2026-09-27T14:00:41.000000000Z[0m [1;33m[WARN] TRADER-000.nautilus_common::clock: Timer 'SIGNAL:9018837779:1790517133487907840' alert time 2026-09-27T14:00:41+00:00 was in the past, adjusted to current time for immediate firing[0m
[1m2026-09-27T14:00:41.000000000Z[0m [1;33m[WARN] TRADER-000.nautilus_common::clock: Timer 'SIGNAL:9018837779:1790517134452303872' alert time 2026-09-27T14:00:41+00:00 was in the past, adjusted to current time for immediate firing[0m
[1m2026-09-27T14:00:41.000000000Z[0m [1;33m[WARN] TRADER-000.nautilus_common::clock: Timer 'SIGNAL:9018837779:1790517135508109056' alert time 2026-09-27T14:00:41+00:00 was in the past, adjusted to current time for immediate firing[0m
[1m2026-09-27T14:00:41.000000000Z[0m [1;33m[WARN] TRADER-000.nautilus_common::clock: Timer 'SIGNAL:9018837779:1790517142643757056' alert time 2026-09-27T14:00:41+00:00 was in the past, adjusted to current time for immediate firing[0m
[1m2026-09-27T14:00:41.000000000Z[0m [1;33m[WARN] TRADER-000.nautilus_common::clock: Timer 'SIGNAL:9018837779:1790517144237812992' alert time 2026-09-27T14:00:41+00:00 was in the past, adjusted to current time for immediate firing[0m
[1m2026-09-27T14:00:41.000000000Z[0m [1;33m[WARN] TRADER-000.nautilus_common::clock: Timer 'SIGNAL:9018837779:1790517144469521152' alert time 2026-09-27T14:00:41+00:00 was in the past, adjusted to current time for immediate firing[0m
[1m2026-09-27T14:00:41.000000000Z[0m [1;33m[WARN] TRADER-000.nautilus_common::clock: Timer 'SIGNAL:9018837779:1790517145498494976' alert time 2026-09-27T14:00:41+00:00 was in the past, adjusted to current time for immediate firing[0m
[1m2026-09-27T14:00:41.000000000Z[0m [1;33m[WARN] TRADER-000.nautilus_common::clock: Timer 'SIGNAL:9018837779:1790517146506814976' alert time 2026-09-27T14:00:41+00:00 was in the past, adjusted to current time for immediate firing[0m
[1m2026-09-27T14:00:41.000000000Z[0m [1;33m[WARN] TRADER-000.nautilus_common::clock: Timer 'SIGNAL:9018837779:1790517147465876224' alert time 2026-09-27T14:00:41+00:00 was in the past, adjusted to current time for immediate firing[0m
[1m2026-09-27T14:00:41.000000000Z[0m [1;33m[WARN] TRADER-000.nautilus_common::clock: Timer 'SIGNAL:9018837779:1790517148487307008' alert time 2026-09-27T14:00:41+00:00 was in the past, adjusted to current time for immediate firing[0m
[1m2026-09-27T14:00:41.000000000Z[0m [1;33m[WARN] TRADER-000.nautilus_common::clock: Timer 'SIGNAL:9018837779:1790517149524476928' alert time 2026-09-27T14:00:41+00:00 was in the past, adjusted to current time for immediate firing[0m
[1m2026-09-27T14:00:41.000000000Z[0m [1;33m[WARN] TRADER-000.nautilus_common::clock: Timer 'SIGNAL:9018837779:1790517150457804032' alert time 2026-09-27T14:00:41+00:00 was in the past, adjusted to current time for immediate firing[0m
[1m2026-09-27T14:00:41.000000000Z[0m [1;33m[WARN] TRADER-000.nautilus_common::clock: Timer 'SIGNAL:9018837779:1790517151521157888' alert time 2026-09-27T14:00:41+00:00 was in the past, adjusted to current time for immediate firing[0m
[1m2026-09-27T14:00:41.000000000Z[0m [1;33m[WARN] TRADER-000.nautilus_common::clock: Timer 'SIGNAL:9018837779:1790517152488475136' alert time 2026-09-27T14:00:41+00:00 was in the past, adjusted to current time for immediate firing[0m
[1m2026-09-27T14:00:41.000000000Z[0m [1;33m[WARN] TRADER-000.nautilus_common::clock: Timer 'SIGNAL:9018837779:1790517153481751040' alert time 2026-09-27T14:00:41+00:00 was in the past, adjusted to current time for immediate firing[0m
[1m2026-09-27T14:00:41.000000000Z[0m [1;33m[WARN] TRADER-000.nautilus_common::clock: Timer 'SIGNAL:9018837779:1790517154496893952' alert time 2026-09-27T14:00:41+00:00 was in the past, adjusted to current time for immediate firing[0m
[1m2026-09-27T14:00:41.000000000Z[0m [1;33m[WARN] TRADER-000.nautilus_common::clock: Timer 'SIGNAL:9018837779:1790517155486543872' alert time 2026-09-27T14:00:41+00:00 was in the past, adjusted to current time for immediate firing[0m
[1m2026-09-27T14:00:41.000000000Z[0m [1;33m[WARN] TRADER-000.nautilus_common::clock: Timer 'SIGNAL:9018837779:1790517161852654080' alert time 2026-09-27T14:00:41+00:00 was in the past, adjusted to current time for immediate firing[0m
[1m2026-09-27T14:00:41.000000000Z[0m [1;33m[WARN] TRADER-000.nautilus_common::clock: Timer 'SIGNAL:9018837779:1790517162086353152' alert time 2026-09-27T14:00:41+00:00 was in the past, adjusted to current time for immediate firing[0m
[1m2026-09-27T14:00:41.000000000Z[0m [1;33m[WARN] TRADER-000.nautilus_common::clock: Timer 'SIGNAL:9018837779:1790517163135109888' alert time 2026-09-27T14:00:41+00:00 was in the past, adjusted to current time for immediate firing[0m
[1m2026-09-27T14:00:41.000000000Z[0m [1;33m[WARN] TRADER-000.nautilus_common::clock: Timer 'SIGNAL:9018837779:1790517164101628160' alert time 2026-09-27T14:00:41+00:00 was in the past, adjusted to current time for immediate firing[0m
[1m2026-09-27T14:00:41.000000000Z[0m [1;33m[WARN] TRADER-000.nautilus_common::clock: Timer 'SIGNAL:9018837779:1790517165104829952' alert time 2026-09-27T14:00:41+00:00 was in the past, adjusted to current time for immediate firing[0m
[1m2026-09-27T14:00:41.000000000Z[0m [1;33m[WARN] TRADER-000.nautilus_common::clock: Timer 'SIGNAL:9018837779:1790517166077725952' alert time 2026-09-27T14:00:41+00:00 was in the past, adjusted to current time for immediate firing[0m
[1m2026-09-27T14:00:41.000000000Z[0m [1;33m[WARN] TRADER-000.nautilus_common::clock: Timer 'SIGNAL:9018837779:1790517167102301952' alert time 2026-09-27T14:00:41+00:00 was in the past, adjusted to current time for immediate firing[0m
[1m2026-09-27T14:00:41.000000000Z[0m [1;33m[WARN] TRADER-000.nautilus_common::clock: Timer 'SIGNAL:9018837779:1790517168105240064' alert time 2026-09-27T14:00:41+00:00 was in the past, adjusted to current time for immediate firing[0m
[1m2026-09-27T14:00:41.000000000Z[0m [1;33m[WARN] TRADER-000.nautilus_common::clock: Timer 'SIGNAL:9018837779:1790517169491853056' alert time 2026-09-27T14:00:41+00:00 was in the past, adjusted to current time for immediate firing[0m
[1m2026-09-27T14:00:41.000000000Z[0m [1;33m[WARN] TRADER-000.nautilus_common::clock: Timer 'SIGNAL:9018837779:1790517170100826112' alert time 2026-09-27T14:00:41+00:00 was in the past, adjusted to current time for immediate firing[0m
[1m2026-09-27T14:00:41.000000000Z[0m [1;33m[WARN] TRADER-000.nautilus_common::clock: Timer 'SIGNAL:9018837779:1790517171169974016' alert time 2026-09-27T14:00:41+00:00 was in the past, adjusted to current time for immediate firing[0m
[1m2026-09-27T14:00:41.000000000Z[0m [1;33m[WARN] TRADER-000.nautilus_common::clock: Timer 'SIGNAL:9018837779:1790517172113428224' alert time 2026-09-27T14:00:41+00:00 was in the past, adjusted to current time for immediate firing[0m
[1m2026-09-27T14:00:41.000000000Z[0m [1;33m[WARN] TRADER-000.nautilus_common::clock: Timer 'SIGNAL:9018837779:1790517173097174784' alert time 2026-09-27T14:00:41+00:00 was in the past, adjusted to current time for immediate firing[0m
[1m2026-09-27T14:00:41.000000000Z[0m [1;33m[WARN] TRADER-000.nautilus_common::clock: Timer 'SIGNAL:9018837779:1790517174097868800' alert time 2026-09-27T14:00:41+00:00 was in the past, adjusted to current time for immediate firing[0m
[1m2026-09-27T14:00:41.000000000Z[0m [1;33m[WARN] TRADER-000.nautilus_common::clock: Timer 'SIGNAL:9018837779:1790517175118140928' alert time 2026-09-27T14:00:41+00:00 was in the past, adjusted to current time for immediate firing[0m
[1m2026-09-27T14:00:41.000000000Z[0m [1;33m[WARN] TRADER-000.nautilus_common::clock: Timer 'SIGNAL:9018837779:1790517182215153920' alert time 2026-09-27T14:00:41+00:00 was in the past, adjusted to current time for immediate firing[0m
[1m2026-09-27T14:00:41.000000000Z[0m [1;33m[WARN] TRADER-000.nautilus_common::clock: Timer 'SIGNAL:9018837779:1790517183105662976' alert time 2026-09-27T14:00:41+00:00 was in the past, adjusted to current time for immediate firing[0m
[1m2026-09-27T14:00:41.000000000Z[0m [1;33m[WARN] TRADER-000.nautilus_common::clock: Timer 'SIGNAL:9018837779:1790517184106359040' alert time 2026-09-27T14:00:41+00:00 was in the past, adjusted to current time for immediate firing[0m
[1m2026-09-27T14:00:41.000000000Z[0m [1;33m[WARN] TRADER-000.nautilus_common::clock: Timer 'SIGNAL:9018837779:1790517185085197056' alert time 2026-09-27T14:00:41+00:00 was in the past, adjusted to current time for immediate firing[0m
[1m2026-09-27T14:00:41.000000000Z[0m [1;33m[WARN] TRADER-000.nautilus_common::clock: Timer 'SIGNAL:9018837779:1790517186124475904' alert time 2026-09-27T14:00:41+00:00 was in the past, adjusted to current time for immediate firing[0m
[1m2026-09-27T14:00:41.000000000Z[0m [1;33m[WARN] TRADER-000.nautilus_common::clock: Timer 'SIGNAL:9018837779:1790517187109460992' alert time 2026-09-27T14:00:41+00:00 was in the past, adjusted to current time for immediate firing[0m
[1m2026-09-27T14:00:41.000000000Z[0m [1;33m[WARN] TRADER-000.nautilus_common::clock: Timer 'SIGNAL:9018837779:1790517188134710016' alert time 2026-09-27T14:00:41+00:00 was in the past, adjusted to current time for immediate firing[0m
[1m2026-09-27T14:00:41.000000000Z[0m [1;33m[WARN] TRADER-000.nautilus_common::clock: Timer 'SIGNAL:9018837779:1790517189208794112' alert time 2026-09-27T14:00:41+00:00 was in the past, adjusted to current time for immediate firing[0m
[1m2026-09-27T14:00:41.000000000Z[0m [1;33m[WARN] TRADER-000.nautilus_common::clock: Timer 'SIGNAL:9018837779:1790517190182692096' alert time 2026-09-27T14:00:41+00:00 was in the past, adjusted to current time for immediate firing[0m
[1m2026-09-27T14:00:41.000000000Z[0m [1;33m[WARN] TRADER-000.nautilus_common::clock: Timer 'SIGNAL:9018837779:1790517191168709888' alert time 2026-09-27T14:00:41+00:00 was in the past, adjusted to current time for immediate firing[0m
[1m2026-09-27T14:00:41.000000000Z[0m [1;33m[WARN] TRADER-000.nautilus_common::clock: Timer 'SIGNAL:9018837779:1790517192162880000' alert time 2026-09-27T14:00:41+00:00 was in the past, adjusted to current time for immediate firing[0m
[1m2026-09-27T14:00:41.000000000Z[0m [1;33m[WARN] TRADER-000.nautilus_common::clock: Timer 'SIGNAL:9018837779:1790517193161092096' alert time 2026-09-27T14:00:41+00:00 was in the past, adjusted to current time for immediate firing[0m
[1m2026-09-27T14:00:41.000000000Z[0m [1;33m[WARN] TRADER-000.nautilus_common::clock: Timer 'SIGNAL:9018837779:1790517194205737984' alert time 2026-09-27T14:00:41+00:00 was in the past, adjusted to current time for immediate firing[0m
[1m2026-09-27T14:00:41.000000000Z[0m [1;33m[WARN] TRADER-000.nautilus_common::clock: Timer 'SIGNAL:9018837779:1790517195159287808' alert time 2026-09-27T14:00:41+00:00 was in the past, adjusted to current time for immediate firing[0m
[1m2026-09-27T14:00:41.000000000Z[0m [1;33m[WARN] TRADER-000.nautilus_common::clock: Timer 'SIGNAL:9018837779:1790517202591854080' alert time 2026-09-27T14:00:41+00:00 was in the past, adjusted to current time for immediate firing[0m
[1m2026-09-27T14:00:41.000000000Z[0m [1;33m[WARN] TRADER-000.nautilus_common::clock: Timer 'SIGNAL:9018837779:1790517203173326080' alert time 2026-09-27T14:00:41+00:00 was in the past, adjusted to current time for immediate firing[0m
[1m2026-09-27T14:00:41.000000000Z[0m [1;33m[WARN] TRADER-000.nautilus_common::clock: Timer 'SIGNAL:9018837779:1790517204149051904' alert time 2026-09-27T14:00:41+00:00 was in the past, adjusted to current time for immediate firing[0m
[1m2026-09-27T14:00:41.000000000Z[0m [1;33m[WARN] TRADER-000.nautilus_common::clock: Timer 'SIGNAL:9018837779:1790517205173618176' alert time 2026-09-27T14:00:41+00:00 was in the past, adjusted to current time for immediate firing[0m
[1m2026-09-27T14:00:41.000000000Z[0m [1;33m[WARN] TRADER-000.nautilus_common::clock: Timer 'SIGNAL:9018837779:1790517206181952000' alert time 2026-09-27T14:00:41+00:00 was in the past, adjusted to current time for immediate firing[0m
[1m2026-09-27T14:00:41.000000000Z[0m [1;33m[WARN] TRADER-000.nautilus_common::clock: Timer 'SIGNAL:9018837779:1790517207156502016' alert time 2026-09-27T14:00:41+00:00 was in the past, adjusted to current time for immediate firing[0m
[1m2026-09-27T14:00:41.000000000Z[0m [1;33m[WARN] TRADER-000.nautilus_common::clock: Timer 'SIGNAL:9018837779:1790517208150855168' alert time 2026-09-27T14:00:41+00:00 was in the past, adjusted to current time for immediate firing[0m
[1m2026-09-27T14:00:41.000000000Z[0m [1;33m[WARN] TRADER-000.nautilus_common::clock: Timer 'SIGNAL:9018837779:1790517209503153920' alert time 2026-09-27T14:00:41+00:00 was in the past, adjusted to current time for immediate firing[0m
[1m2026-09-27T14:00:41.000000000Z[0m [1;33m[WARN] TRADER-000.nautilus_common::clock: Timer 'SIGNAL:9018837779:1790517210162460928' alert time 2026-09-27T14:00:41+00:00 was in the past, adjusted to current time for immediate firing[0m
[1m2026-09-27T14:00:41.000000000Z[0m [1;33m[WARN] TRADER-000.nautilus_common::clock: Timer 'SIGNAL:9018837779:1790517211169775872' alert time 2026-09-27T14:00:41+00:00 was in the past, adjusted to current time for immediate firing[0m
[1m2026-09-27T14:00:41.000000000Z[0m [1;33m[WARN] TRADER-000.nautilus_common::clock: Timer 'SIGNAL:9018837779:1790517212178752000' alert time 2026-09-27T14:00:41+00:00 was in the past, adjusted to current time for immediate firing[0m
[1m2026-09-27T14:00:41.000000000Z[0m [1;33m[WARN] TRADER-000.nautilus_common::clock: Timer 'SIGNAL:9018837779:1790517213206625024' alert time 2026-09-27T14:00:41+00:00 was in the past, adjusted to current time for immediate firing[0m
[1m2026-09-27T14:00:41.000000000Z[0m [1;33m[WARN] TRADER-000.nautilus_common::clock: Timer 'SIGNAL:9018837779:1790517214699032064' alert time 2026-09-27T14:00:41+00:00 was in the past, adjusted to current time for immediate firing[0m
[1m2026-09-27T14:00:41.000000000Z[0m [1;33m[WARN] TRADER-000.nautilus_common::clock: Timer 'SIGNAL:9018837779:1790517215152376832' alert time 2026-09-27T14:00:41+00:00 was in the past, adjusted to current time for immediate firing[0m
[1m2026-09-27T14:00:41.000000000Z[0m [1;33m[WARN] TRADER-000.nautilus_common::clock: Timer 'SIGNAL:9018837779:1790517221959693056' alert time 2026-09-27T14:00:41+00:00 was in the past, adjusted to current time for immediate firing[0m
[1m2026-09-27T14:00:41.000000000Z[0m [1;33m[WARN] TRADER-000.nautilus_common::clock: Timer 'SIGNAL:9018837779:1790517222498574848' alert time 2026-09-27T14:00:41+00:00 was in the past, adjusted to current time for immediate firing[0m
[1m2026-09-27T14:00:41.000000000Z[0m [1;33m[WARN] TRADER-000.nautilus_common::clock: Timer 'SIGNAL:9018837779:1790517223476238848' alert time 2026-09-27T14:00:41+00:00 was in the past, adjusted to current time for immediate firing[0m
[1m2026-09-27T14:00:41.000000000Z[0m [1;33m[WARN] TRADER-000.nautilus_common::clock: Timer 'SIGNAL:9018837779:1790517224766185984' alert time 2026-09-27T14:00:41+00:00 was in the past, adjusted to current time for immediate firing[0m
[1m2026-09-27T14:00:41.000000000Z[0m [1;33m[WARN] TRADER-000.nautilus_common::clock: Timer 'SIGNAL:9018837779:1790517225463185920' alert time 2026-09-27T14:00:41+00:00 was in the past, adjusted to current time for immediate firing[0m
[1m2026-09-27T14:00:41.000000000Z[0m [1;33m[WARN] TRADER-000.nautilus_common::clock: Timer 'SIGNAL:9018837779:1790517226500630016' alert time 2026-09-27T14:00:41+00:00 was in the past, adjusted to current time for immediate firing[0m
[1m2026-09-27T14:00:41.000000000Z[0m [1;33m[WARN] TRADER-000.nautilus_common::clock: Timer 'SIGNAL:9018837779:1790517227506059008' alert time 2026-09-27T14:00:41+00:00 was in the past, adjusted to current time for immediate firing[0m
[1m2026-09-27T14:00:41.000000000Z[0m [1;33m[WARN] TRADER-000.nautilus_common::clock: Timer 'SIGNAL:9018837779:1790517228496301056' alert time 2026-09-27T14:00:41+00:00 was in the past, adjusted to current time for immediate firing[0m
[1m2026-09-27T14:00:41.000000000Z[0m [1;33m[WARN] TRADER-000.nautilus_common::clock: Timer 'SIGNAL:9018837779:1790517229488233216' alert time 2026-09-27T14:00:41+00:00 was in the past, adjusted to current time for immediate firing[0m
[1m2026-09-27T14:00:41.000000000Z[0m [1;33m[WARN] TRADER-000.nautilus_common::clock: Timer 'SIGNAL:9018837779:1790517230475419904' alert time 2026-09-27T14:00:41+00:00 was in the past, adjusted to current time for immediate firing[0m
[1m2026-09-27T14:00:41.000000000Z[0m [1;33m[WARN] TRADER-000.nautilus_common::clock: Timer 'SIGNAL:9018837779:1790517231543088896' alert time 2026-09-27T14:00:41+00:00 was in the past, adjusted to current time for immediate firing[0m
[1m2026-09-27T14:00:41.000000000Z[0m [1;33m[WARN] TRADER-000.nautilus_common::clock: Timer 'SIGNAL:9018837779:1790517232542167040' alert time 2026-09-27T14:00:41+00:00 was in the past, adjusted to current time for immediate firing[0m
[1m2026-09-27T14:00:41.000000000Z[0m [1;33m[WARN] TRADER-000.nautilus_common::clock: Timer 'SIGNAL:9018837779:1790517233466135040' alert time 2026-09-27T14:00:41+00:00 was in the past, adjusted to current time for immediate firing[0m
[1m2026-09-27T14:00:41.000000000Z[0m [1;33m[WARN] TRADER-000.nautilus_common::clock: Timer 'SIGNAL:9018837779:1790517234454072064' alert time 2026-09-27T14:00:41+00:00 was in the past, adjusted to current time for immediate firing[0m
[1m2026-09-27T14:00:41.000000000Z[0m [1;33m[WARN] TRADER-000.nautilus_common::clock: Timer 'SIGNAL:9018837779:1790517235510588928' alert time 2026-09-27T14:00:41+00:00 was in the past, adjusted to current time for immediate firing[0m
[1m2026-09-27T14:00:41.000000000Z[0m [1;33m[WARN] TRADER-000.nautilus_common::clock: Timer 'SIGNAL:9018837779:1790517243942383104' alert time 2026-09-27T14:00:41+00:00 was in the past, adjusted to current time for immediate firing[0m
[1m2026-09-27T14:00:41.000000000Z[0m [1;33m[WARN] TRADER-000.nautilus_common::clock: Timer 'SIGNAL:9018837779:1790517244809865984' alert time 2026-09-27T14:00:41+00:00 was in the past, adjusted to current time for immediate firing[0m
[1m2026-09-27T14:00:41.000000000Z[0m [1;33m[WARN] TRADER-000.nautilus_common::clock: Timer 'SIGNAL:9018837779:1790517245444516864' alert time 2026-09-27T14:00:41+00:00 was in the past, adjusted to current time for immediate firing[0m
[1m2026-09-27T14:00:41.000000000Z[0m [1;33m[WARN] TRADER-000.nautilus_common::clock: Timer 'SIGNAL:9018837779:1790517246513607936' alert time 2026-09-27T14:00:41+00:00 was in the past, adjusted to current time for immediate firing[0m
[1m2026-09-27T14:00:41.000000000Z[0m [1;33m[WARN] TRADER-000.nautilus_common::clock: Timer 'SIGNAL:9018837779:1790517248118056960' alert time 2026-09-27T14:00:41+00:00 was in the past, adjusted to current time for immediate firing[0m
[1m2026-09-27T14:00:41.000000000Z[0m [1;33m[WARN] TRADER-000.nautilus_common::clock: Timer 'SIGNAL:9018837779:1790517248316412928' alert time 2026-09-27T14:00:41+00:00 was in the past, adjusted to current time for immediate firing[0m
[1m2026-09-27T14:00:41.000000000Z[0m [1;33m[WARN] TRADER-000.nautilus_common::clock: Timer 'SIGNAL:9018837779:1790517249211823872' alert time 2026-09-27T14:00:41+00:00 was in the past, adjusted to current time for immediate firing[0m
[1m2026-09-27T14:00:41.000000000Z[0m [1;33m[WARN] TRADER-000.nautilus_common::clock: Timer 'SIGNAL:9018837779:1790517250202831872' alert time 2026-09-27T14:00:41+00:00 was in the past, adjusted to current time for immediate firing[0m
[1m2026-09-27T14:00:41.000000000Z[0m [1;33m[WARN] TRADER-000.nautilus_common::clock: Timer 'SIGNAL:9018837779:1790517251193666816' alert time 2026-09-27T14:00:41+00:00 was in the past, adjusted to current time for immediate firing[0m
[1m2026-09-27T14:00:41.000000000Z[0m [1;33m[WARN] TRADER-000.nautilus_common::clock: Timer 'SIGNAL:9018837779:1790517252184535040' alert time 2026-09-27T14:00:41+00:00 was in the past, adjusted to current time for immediate firing[0m
[1m2026-09-27T14:00:41.000000000Z[0m [1;33m[WARN] TRADER-000.nautilus_common::clock: Timer 'SIGNAL:9018837779:1790517253202831104' alert time 2026-09-27T14:00:41+00:00 was in the past, adjusted to current time for immediate firing[0m
[1m2026-09-27T14:00:41.000000000Z[0m [1;33m[WARN] TRADER-000.nautilus_common::clock: Timer 'SIGNAL:9018837779:1790517254199849984' alert time 2026-09-27T14:00:41+00:00 was in the past, adjusted to current time for immediate firing[0m
[1m2026-09-27T14:00:41.000000000Z[0m [1;33m[WARN] TRADER-000.nautilus_common::clock: Timer 'SIGNAL:9018837779:1790517255504743168' alert time 2026-09-27T14:00:41+00:00 was in the past, adjusted to current time for immediate firing[0m
[1m2026-09-27T14:00:41.000000000Z[0m [1;33m[WARN] TRADER-000.nautilus_common::clock: Timer 'SIGNAL:9018837779:1790517262242928896' alert time 2026-09-27T14:00:41+00:00 was in the past, adjusted to current time for immediate firing[0m
[1m2026-09-27T14:00:41.000000000Z[0m [1;33m[WARN] TRADER-000.nautilus_common::clock: Timer 'SIGNAL:9018837779:1790517262465729024' alert time 2026-09-27T14:00:41+00:00 was in the past, adjusted to current time for immediate firing[0m
[1m2026-09-27T14:00:41.000000000Z[0m [1;33m[WARN] TRADER-000.nautilus_common::clock: Timer 'SIGNAL:9018837779:1790517263480824832' alert time 2026-09-27T14:00:41+00:00 was in the past, adjusted to current time for immediate firing[0m
[1m2026-09-27T14:00:41.000000000Z[0m [1;33m[WARN] TRADER-000.nautilus_common::clock: Timer 'SIGNAL:9018837779:1790517264583965184' alert time 2026-09-27T14:00:41+00:00 was in the past, adjusted to current time for immediate firing[0m
[1m2026-09-27T14:00:41.000000000Z[0m [1;33m[WARN] TRADER-000.nautilus_common::clock: Timer 'SIGNAL:9018837779:1790517265506951168' alert time 2026-09-27T14:00:41+00:00 was in the past, adjusted to current time for immediate firing[0m
[1m2026-09-27T14:00:41.000000000Z[0m [1;33m[WARN] TRADER-000.nautilus_common::clock: Timer 'SIGNAL:9018837779:1790517266860472832' alert time 2026-09-27T14:00:41+00:00 was in the past, adjusted to current time for immediate firing[0m
[1m2026-09-27T14:00:41.000000000Z[0m [1;33m[WARN] TRADER-000.nautilus_common::clock: Timer 'SIGNAL:9018837779:1790517267497012992' alert time 2026-09-27T14:00:41+00:00 was in the past, adjusted to current time for immediate firing[0m
[1m2026-09-27T14:00:41.000000000Z[0m [1;33m[WARN] TRADER-000.nautilus_common::clock: Timer 'SIGNAL:9018837779:1790517268476384000' alert time 2026-09-27T14:00:41+00:00 was in the past, adjusted to current time for immediate firing[0m
[1m2026-09-27T14:00:41.000000000Z[0m [1;33m[WARN] TRADER-000.nautilus_common::clock: Timer 'SIGNAL:9018837779:1790517269578121984' alert time 2026-09-27T14:00:41+00:00 was in the past, adjusted to current time for immediate firing[0m
[1m2026-09-27T14:00:41.000000000Z[0m [1;33m[WARN] TRADER-000.nautilus_common::clock: Timer 'SIGNAL:9018837779:1790517270568880128' alert time 2026-09-27T14:00:41+00:00 was in the past, adjusted to current time for immediate firing[0m
[1m2026-09-27T14:00:41.000000000Z[0m [1;33m[WARN] TRADER-000.nautilus_common::clock: Timer 'SIGNAL:9018837779:1790517271479480064' alert time 2026-09-27T14:00:41+00:00 was in the past, adjusted to current time for immediate firing[0m
[1m2026-09-27T14:00:41.000000000Z[0m [1;33m[WARN] TRADER-000.nautilus_common::clock: Timer 'SIGNAL:9018837779:1790517272454426880' alert time 2026-09-27T14:00:41+00:00 was in the past, adjusted to current time for immediate firing[0m
[1m2026-09-27T14:00:41.000000000Z[0m [1;33m[WARN] TRADER-000.nautilus_common::clock: Timer 'SIGNAL:9018837779:1790517273463887872' alert time 2026-09-27T14:00:41+00:00 was in the past, adjusted to current time for immediate firing[0m
[1m2026-09-27T14:00:41.000000000Z[0m [1;33m[WARN] TRADER-000.nautilus_common::clock: Timer 'SIGNAL:9018837779:1790517274182799104' alert time 2026-09-27T14:00:41+00:00 was in the past, adjusted to current time for immediate firing[0m
[1m2026-09-27T14:00:41.000000000Z[0m [1;33m[WARN] TRADER-000.nautilus_common::clock: Timer 'SIGNAL:9018837779:1790517275495453952' alert time 2026-09-27T14:00:41+00:00 was in the past, adjusted to current time for immediate firing[0m
[1m2026-09-27T14:00:41.000000000Z[0m [1;33m[WARN] TRADER-000.nautilus_common::clock: Timer 'SIGNAL:9018837779:1790517281732606976' alert time 2026-09-27T14:00:41+00:00 was in the past, adjusted to current time for immediate firing[0m
[1m2026-09-27T14:00:41.000000000Z[0m [1;33m[WARN] TRADER-000.nautilus_common::clock: Timer 'SIGNAL:9018837779:1790517282236205056' alert time 2026-09-27T14:00:41+00:00 was in the past, adjusted to current time for immediate firing[0m
[1m2026-09-27T14:00:41.000000000Z[0m [1;33m[WARN] TRADER-000.nautilus_common::clock: Timer 'SIGNAL:9018837779:1790517283204495872' alert time 2026-09-27T14:00:41+00:00 was in the past, adjusted to current time for immediate firing[0m
[1m2026-09-27T14:00:41.000000000Z[0m [1;33m[WARN] TRADER-000.nautilus_common::clock: Timer 'SIGNAL:9018837779:1790517284195748096' alert time 2026-09-27T14:00:41+00:00 was in the past, adjusted to current time for immediate firing[0m
[1m2026-09-27T14:00:41.000000000Z[0m [1;33m[WARN] TRADER-000.nautilus_common::clock: Timer 'SIGNAL:9018837779:1790517285211951104' alert time 2026-09-27T14:00:41+00:00 was in the past, adjusted to current time for immediate firing[0m
[1m2026-09-27T14:00:41.000000000Z[0m [1;33m[WARN] TRADER-000.nautilus_common::clock: Timer 'SIGNAL:9018837779:1790517286432133888' alert time 2026-09-27T14:00:41+00:00 was in the past, adjusted to current time for immediate firing[0m
[1m2026-09-27T14:00:41.000000000Z[0m [1;33m[WARN] TRADER-000.nautilus_common::clock: Timer 'SIGNAL:9018837779:1790517287196084992' alert time 2026-09-27T14:00:41+00:00 was in the past, adjusted to current time for immediate firing[0m
[1m2026-09-27T14:00:41.000000000Z[0m [1;33m[WARN] TRADER-000.nautilus_common::clock: Timer 'SIGNAL:9018837779:1790517288170665984' alert time 2026-09-27T14:00:41+00:00 was in the past, adjusted to current time for immediate firing[0m
[1m2026-09-27T14:00:41.000000000Z[0m [1;33m[WARN] TRADER-000.nautilus_common::clock: Timer 'SIGNAL:9018837779:1790517289217134848' alert time 2026-09-27T14:00:41+00:00 was in the past, adjusted to current time for immediate firing[0m
[1m2026-09-27T14:00:41.000000000Z[0m [1;33m[WARN] TRADER-000.nautilus_common::clock: Timer 'SIGNAL:9018837779:1790517290224180992' alert time 2026-09-27T14:00:41+00:00 was in the past, adjusted to current time for immediate firing[0m
[1m2026-09-27T14:00:41.000000000Z[0m [1;33m[WARN] TRADER-000.nautilus_common::clock: Timer 'SIGNAL:9018837779:1790517291197300992' alert time 2026-09-27T14:00:41+00:00 was in the past, adjusted to current time for immediate firing[0m
[1m2026-09-27T14:00:41.000000000Z[0m [1;33m[WARN] TRADER-000.nautilus_common::clock: Timer 'SIGNAL:9018837779:1790517292148216064' alert time 2026-09-27T14:00:41+00:00 was in the past, adjusted to current time for immediate firing[0m
[1m2026-09-27T14:00:41.000000000Z[0m [1;33m[WARN] TRADER-000.nautilus_common::clock: Timer 'SIGNAL:9018837779:1790517293148536064' alert time 2026-09-27T14:00:41+00:00 was in the past, adjusted to current time for immediate firing[0m
[1m2026-09-27T14:00:41.000000000Z[0m [1;33m[WARN] TRADER-000.nautilus_common::clock: Timer 'SIGNAL:9018837779:1790517294156232960' alert time 2026-09-27T14:00:41+00:00 was in the past, adjusted to current time for immediate firing[0m
[1m2026-09-27T14:00:41.000000000Z[0m [1;33m[WARN] TRADER-000.nautilus_common::clock: Timer 'SIGNAL:9018837779:1790517295138614784' alert time 2026-09-27T14:00:41+00:00 was in the past, adjusted to current time for immediate firing[0m
[1m2026-09-27T14:00:41.000000000Z[0m [1;33m[WARN] TRADER-000.nautilus_common::clock: Timer 'SIGNAL:9018837779:1790517301738131968' alert time 2026-09-27T14:00:41+00:00 was in the past, adjusted to current time for immediate firing[0m
[1m2026-09-27T14:00:41.000000000Z[0m [1;33m[WARN] TRADER-000.nautilus_common::clock: Timer 'SIGNAL:9018837779:1790517302201437952' alert time 2026-09-27T14:00:41+00:00 was in the past, adjusted to current time for immediate firing[0m
[1m2026-09-27T14:00:41.000000000Z[0m [1;33m[WARN] TRADER-000.nautilus_common::clock: Timer 'SIGNAL:9018837779:1790517303187585024' alert time 2026-09-27T14:00:41+00:00 was in the past, adjusted to current time for immediate firing[0m
[1m2026-09-27T14:00:41.000000000Z[0m [1;33m[WARN] TRADER-000.nautilus_common::clock: Timer 'SIGNAL:9018837779:1790517305497865984' alert time 2026-09-27T14:00:41+00:00 was in the past, adjusted to current time for immediate firing[0m
[1m2026-09-27T14:00:41.000000000Z[0m [1;33m[WARN] TRADER-000.nautilus_common::clock: Timer 'SIGNAL:9018837779:1790517306469583872' alert time 2026-09-27T14:00:41+00:00 was in the past, adjusted to current time for immediate firing[0m
[1m2026-09-27T14:00:41.000000000Z[0m [1;33m[WARN] TRADER-000.nautilus_common::clock: Timer 'SIGNAL:9018837779:1790517307516529152' alert time 2026-09-27T14:00:41+00:00 was in the past, adjusted to current time for immediate firing[0m
[1m2026-09-27T14:00:41.000000000Z[0m [1;33m[WARN] TRADER-000.nautilus_common::clock: Timer 'SIGNAL:9018837779:1790517308518014976' alert time 2026-09-27T14:00:41+00:00 was in the past, adjusted to current time for immediate firing[0m
[1m2026-09-27T14:00:41.000000000Z[0m [1;33m[WARN] TRADER-000.nautilus_common::clock: Timer 'SIGNAL:9018837779:1790517309594025984' alert time 2026-09-27T14:00:41+00:00 was in the past, adjusted to current time for immediate firing[0m
[1m2026-09-27T14:00:41.000000000Z[0m [1;33m[WARN] TRADER-000.nautilus_common::clock: Timer 'SIGNAL:9018837779:1790517310582674944' alert time 2026-09-27T14:00:41+00:00 was in the past, adjusted to current time for immediate firing[0m
[1m2026-09-27T14:00:41.000000000Z[0m [1;33m[WARN] TRADER-000.nautilus_common::clock: Timer 'SIGNAL:9018837779:1790517311457204224' alert time 2026-09-27T14:00:41+00:00 was in the past, adjusted to current time for immediate firing[0m
[1m2026-09-27T14:00:41.000000000Z[0m [1;33m[WARN] TRADER-000.nautilus_common::clock: Timer 'SIGNAL:9018837779:1790517312492577024' alert time 2026-09-27T14:00:41+00:00 was in the past, adjusted to current time for immediate firing[0m
[1m2026-09-27T14:00:41.000000000Z[0m [1;33m[WARN] TRADER-000.nautilus_common::clock: Timer 'SIGNAL:9018837779:1790517313638828032' alert time 2026-09-27T14:00:41+00:00 was in the past, adjusted to current time for immediate firing[0m
[1m2026-09-27T14:00:41.000000000Z[0m [1;33m[WARN] TRADER-000.nautilus_common::clock: Timer 'SIGNAL:9018837779:1790517314524184832' alert time 2026-09-27T14:00:41+00:00 was in the past, adjusted to current time for immediate firing[0m
[1m2026-09-27T14:00:41.000000000Z[0m [1;33m[WARN] TRADER-000.nautilus_common::clock: Timer 'SIGNAL:9018837779:1790517315494919936' alert time 2026-09-27T14:00:41+00:00 was in the past, adjusted to current time for immediate firing[0m
[1m2026-09-27T14:00:41.000000000Z[0m [1;33m[WARN] TRADER-000.nautilus_common::clock: Timer 'SIGNAL:9018837779:1790517323027544064' alert time 2026-09-27T14:00:41+00:00 was in the past, adjusted to current time for immediate firing[0m
[1m2026-09-27T14:00:41.000000000Z[0m [1;33m[WARN] TRADER-000.nautilus_common::clock: Timer 'SIGNAL:9018837779:1790517323495759104' alert time 2026-09-27T14:00:41+00:00 was in the past, adjusted to current time for immediate firing[0m
[1m2026-09-27T14:00:41.000000000Z[0m [1;33m[WARN] TRADER-000.nautilus_common::clock: Timer 'SIGNAL:9018837779:1790517324469633024' alert time 2026-09-27T14:00:41+00:00 was in the past, adjusted to current time for immediate firing[0m
[1m2026-09-27T14:00:41.000000000Z[0m [1;33m[WARN] TRADER-000.nautilus_common::clock: Timer 'SIGNAL:9018837779:1790517325528076800' alert time 2026-09-27T14:00:41+00:00 was in the past, adjusted to current time for immediate firing[0m
[1m2026-09-27T14:00:41.000000000Z[0m [1;33m[WARN] TRADER-000.nautilus_common::clock: Timer 'SIGNAL:9018837779:1790517326492453120' alert time 2026-09-27T14:00:41+00:00 was in the past, adjusted to current time for immediate firing[0m
[1m2026-09-27T14:00:41.000000000Z[0m [1;33m[WARN] TRADER-000.nautilus_common::clock: Timer 'SIGNAL:9018837779:1790517327497143040' alert time 2026-09-27T14:00:41+00:00 was in the past, adjusted to current time for immediate firing[0m
[1m2026-09-27T14:00:41.000000000Z[0m [1;33m[WARN] TRADER-000.nautilus_common::clock: Timer 'SIGNAL:9018837779:1790517328465683968' alert time 2026-09-27T14:00:41+00:00 was in the past, adjusted to current time for immediate firing[0m
[1m2026-09-27T14:00:41.000000000Z[0m [1;33m[WARN] TRADER-000.nautilus_common::clock: Timer 'SIGNAL:9018837779:1790517329514388992' alert time 2026-09-27T14:00:41+00:00 was in the past, adjusted to current time for immediate firing[0m
[1m2026-09-27T14:00:41.000000000Z[0m [1;33m[WARN] TRADER-000.nautilus_common::clock: Timer 'SIGNAL:9018837779:1790517330479671040' alert time 2026-09-27T14:00:41+00:00 was in the past, adjusted to current time for immediate firing[0m
[1m2026-09-27T14:00:41.000000000Z[0m [1;33m[WARN] TRADER-000.nautilus_common::clock: Timer 'SIGNAL:9018837779:1790517331488663040' alert time 2026-09-27T14:00:41+00:00 was in the past, adjusted to current time for immediate firing[0m
[1m2026-09-27T14:00:41.000000000Z[0m [1;33m[WARN] TRADER-000.nautilus_common::clock: Timer 'SIGNAL:9018837779:1790517332466641920' alert time 2026-09-27T14:00:41+00:00 was in the past, adjusted to current time for immediate firing[0m
[1m2026-09-27T14:00:41.000000000Z[0m [1;33m[WARN] TRADER-000.nautilus_common::clock: Timer 'SIGNAL:9018837779:1790517333534451968' alert time 2026-09-27T14:00:41+00:00 was in the past, adjusted to current time for immediate firing[0m
[1m2026-09-27T14:00:41.000000000Z[0m [1;33m[WARN] TRADER-000.nautilus_common::clock: Timer 'SIGNAL:9018837779:1790517334473989120' alert time 2026-09-27T14:00:41+00:00 was in the past, adjusted to current time for immediate firing[0m
[1m2026-09-27T14:00:41.000000000Z[0m [1;33m[WARN] TRADER-000.nautilus_common::clock: Timer 'SIGNAL:9018837779:1790517335552807936' alert time 2026-09-27T14:00:41+00:00 was in the past, adjusted to current time for immediate firing[0m
[1m2026-09-27T14:00:41.000000000Z[0m [1;33m[WARN] TRADER-000.nautilus_common::clock: Timer 'SIGNAL:9018837779:1790517342428523008' alert time 2026-09-27T14:00:41+00:00 was in the past, adjusted to current time for immediate firing[0m
[1m2026-09-27T14:00:41.000000000Z[0m [1;33m[WARN] TRADER-000.nautilus_common::clock: Timer 'SIGNAL:9018837779:1790517342440916992' alert time 2026-09-27T14:00:41+00:00 was in the past, adjusted to current time for immediate firing[0m
[1m2026-09-27T14:00:41.000000000Z[0m [1;33m[WARN] TRADER-000.nautilus_common::clock: Timer 'SIGNAL:9018837779:1790517343406286848' alert time 2026-09-27T14:00:41+00:00 was in the past, adjusted to current time for immediate firing[0m
[1m2026-09-27T14:00:41.000000000Z[0m [1;33m[WARN] TRADER-000.nautilus_common::clock: Timer 'SIGNAL:9018837779:1790517344692019968' alert time 2026-09-27T14:00:41+00:00 was in the past, adjusted to current time for immediate firing[0m
[1m2026-09-27T14:00:41.000000000Z[0m [1;33m[WARN] TRADER-000.nautilus_common::clock: Timer 'SIGNAL:9018837779:1790517345360777984' alert time 2026-09-27T14:00:41+00:00 was in the past, adjusted to current time for immediate firing[0m
[1m2026-09-27T14:00:41.000000000Z[0m [1;33m[WARN] TRADER-000.nautilus_common::clock: Timer 'SIGNAL:9018837779:1790517346418013184' alert time 2026-09-27T14:00:41+00:00 was in the past, adjusted to current time for immediate firing[0m
[1m2026-09-27T14:00:41.000000000Z[0m [1;33m[WARN] TRADER-000.nautilus_common::clock: Timer 'SIGNAL:9018837779:1790517347390588928' alert time 2026-09-27T14:00:41+00:00 was in the past, adjusted to current time for immediate firing[0m
[1m2026-09-27T14:00:41.000000000Z[0m [1;33m[WARN] TRADER-000.nautilus_common::clock: Timer 'SIGNAL:9018837779:1790517348375792128' alert time 2026-09-27T14:00:41+00:00 was in the past, adjusted to current time for immediate firing[0m
[1m2026-09-27T14:00:41.000000000Z[0m [1;33m[WARN] TRADER-000.nautilus_common::clock: Timer 'SIGNAL:9018837779:1790517349358988032' alert time 2026-09-27T14:00:41+00:00 was in the past, adjusted to current time for immediate firing[0m
[1m2026-09-27T14:00:41.000000000Z[0m [1;33m[WARN] TRADER-000.nautilus_common::clock: Timer 'SIGNAL:9018837779:1790517350349865984' alert time 2026-09-27T14:00:41+00:00 was in the past, adjusted to current time for immediate firing[0m
[1m2026-09-27T14:00:41.000000000Z[0m [1;33m[WARN] TRADER-000.nautilus_common::clock: Timer 'SIGNAL:9018837779:1790517351345670912' alert time 2026-09-27T14:00:41+00:00 was in the past, adjusted to current time for immediate firing[0m
[1m2026-09-27T14:00:41.000000000Z[0m [1;33m[WARN] TRADER-000.nautilus_common::clock: Timer 'SIGNAL:9018837779:1790517352352683008' alert time 2026-09-27T14:00:41+00:00 was in the past, adjusted to current time for immediate firing[0m
[1m2026-09-27T14:00:41.000000000Z[0m [1;33m[WARN] TRADER-000.nautilus_common::clock: Timer 'SIGNAL:9018837779:1790517353384502784' alert time 2026-09-27T14:00:41+00:00 was in the past, adjusted to current time for immediate firing[0m
[1m2026-09-27T14:00:41.000000000Z[0m [1;33m[WARN] TRADER-000.nautilus_common::clock: Timer 'SIGNAL:9018837779:1790517354406694912' alert time 2026-09-27T14:00:41+00:00 was in the past, adjusted to current time for immediate firing[0m
[1m2026-09-27T14:00:41.000000000Z[0m [1;33m[WARN] TRADER-000.nautilus_common::clock: Timer 'SIGNAL:9018837779:1790517355362857216' alert time 2026-09-27T14:00:41+00:00 was in the past, adjusted to current time for immediate firing[0m
[1m2026-09-27T14:00:41.000000000Z[0m [1;33m[WARN] TRADER-000.nautilus_common::clock: Timer 'SIGNAL:9018837779:1790517363745259008' alert time 2026-09-27T14:00:41+00:00 was in the past, adjusted to current time for immediate firing[0m
[1m2026-09-27T14:00:41.000000000Z[0m [1;33m[WARN] TRADER-000.nautilus_common::clock: Timer 'SIGNAL:9018837779:1790517364362832896' alert time 2026-09-27T14:00:41+00:00 was in the past, adjusted to current time for immediate firing[0m
[1m2026-09-27T14:00:41.000000000Z[0m [1;33m[WARN] TRADER-000.nautilus_common::clock: Timer 'SIGNAL:9018837779:1790517365677946112' alert time 2026-09-27T14:00:41+00:00 was in the past, adjusted to current time for immediate firing[0m
[1m2026-09-27T14:00:41.000000000Z[0m [1;33m[WARN] TRADER-000.nautilus_common::clock: Timer 'SIGNAL:9018837779:1790517366609844992' alert time 2026-09-27T14:00:41+00:00 was in the past, adjusted to current time for immediate firing[0m
[1m2026-09-27T14:00:41.000000000Z[0m [1;33m[WARN] TRADER-000.nautilus_common::clock: Timer 'SIGNAL:9018837779:1790517367358129152' alert time 2026-09-27T14:00:41+00:00 was in the past, adjusted to current time for immediate firing[0m
[1m2026-09-27T14:00:41.000000000Z[0m [1;33m[WARN] TRADER-000.nautilus_common::clock: Timer 'SIGNAL:9018837779:1790517368380820992' alert time 2026-09-27T14:00:41+00:00 was in the past, adjusted to current time for immediate firing[0m
[1m2026-09-27T14:00:41.000000000Z[0m [1;33m[WARN] TRADER-000.nautilus_common::clock: Timer 'SIGNAL:9018837779:1790517369382131200' alert time 2026-09-27T14:00:41+00:00 was in the past, adjusted to current time for immediate firing[0m
[1m2026-09-27T14:00:41.000000000Z[0m [1;33m[WARN] TRADER-000.nautilus_common::clock: Timer 'SIGNAL:9018837779:1790517370289266176' alert time 2026-09-27T14:00:41+00:00 was in the past, adjusted to current time for immediate firing[0m
[1m2026-09-27T14:00:41.000000000Z[0m [1;33m[WARN] TRADER-000.nautilus_common::clock: Timer 'SIGNAL:9018837779:1790517371313290240' alert time 2026-09-27T14:00:41+00:00 was in the past, adjusted to current time for immediate firing[0m
[1m2026-09-27T14:00:41.000000000Z[0m [1;33m[WARN] TRADER-000.nautilus_common::clock: Timer 'SIGNAL:9018837779:1790517372304876032' alert time 2026-09-27T14:00:41+00:00 was in the past, adjusted to current time for immediate firing[0m
[1m2026-09-27T14:00:41.000000000Z[0m [1;33m[WARN] TRADER-000.nautilus_common::clock: Timer 'SIGNAL:9018837779:1790517373267683072' alert time 2026-09-27T14:00:41+00:00 was in the past, adjusted to current time for immediate firing[0m
[1m2026-09-27T14:00:41.000000000Z[0m [1;33m[WARN] TRADER-000.nautilus_common::clock: Timer 'SIGNAL:9018837779:1790517374284107008' alert time 2026-09-27T14:00:41+00:00 was in the past, adjusted to current time for immediate firing[0m
[1m2026-09-27T14:00:41.000000000Z[0m [1;33m[WARN] TRADER-000.nautilus_common::clock: Timer 'SIGNAL:9018837779:1790517375236241152' alert time 2026-09-27T14:00:41+00:00 was in the past, adjusted to current time for immediate firing[0m
[1m2026-09-27T14:00:41.000000000Z[0m [1;33m[WARN] TRADER-000.nautilus_common::clock: Timer 'SIGNAL:9018837779:1790517382170230016' alert time 2026-09-27T14:00:41+00:00 was in the past, adjusted to current time for immediate firing[0m
[1m2026-09-27T14:00:41.000000000Z[0m [1;33m[WARN] TRADER-000.nautilus_common::clock: Timer 'SIGNAL:9018837779:1790517382307388928' alert time 2026-09-27T14:00:41+00:00 was in the past, adjusted to current time for immediate firing[0m
[1m2026-09-27T14:00:41.000000000Z[0m [1;33m[WARN] TRADER-000.nautilus_common::clock: Timer 'SIGNAL:9018837779:1790517383260189952' alert time 2026-09-27T14:00:41+00:00 was in the past, adjusted to current time for immediate firing[0m
[1m2026-09-27T14:00:41.000000000Z[0m [1;33m[WARN] TRADER-000.nautilus_common::clock: Timer 'SIGNAL:9018837779:1790517384280303872' alert time 2026-09-27T14:00:41+00:00 was in the past, adjusted to current time for immediate firing[0m
[1m2026-09-27T14:00:41.000000000Z[0m [1;33m[WARN] TRADER-000.nautilus_common::clock: Timer 'SIGNAL:9018837779:1790517385267379968' alert time 2026-09-27T14:00:41+00:00 was in the past, adjusted to current time for immediate firing[0m
[1m2026-09-27T14:00:41.000000000Z[0m [1;33m[WARN] TRADER-000.nautilus_common::clock: Timer 'SIGNAL:9018837779:1790517386294994176' alert time 2026-09-27T14:00:41+00:00 was in the past, adjusted to current time for immediate firing[0m
[1m2026-09-27T14:00:41.000000000Z[0m [1;33m[WARN] TRADER-000.nautilus_common::clock: Timer 'SIGNAL:9018837779:1790517387266652160' alert time 2026-09-27T14:00:41+00:00 was in the past, adjusted to current time for immediate firing[0m
[1m2026-09-27T14:00:41.000000000Z[0m [1;33m[WARN] TRADER-000.nautilus_common::clock: Timer 'SIGNAL:9018837779:1790517388281805056' alert time 2026-09-27T14:00:41+00:00 was in the past, adjusted to current time for immediate firing[0m
[1m2026-09-27T14:00:41.000000000Z[0m [1;33m[WARN] TRADER-000.nautilus_common::clock: Timer 'SIGNAL:9018837779:1790517389296027904' alert time 2026-09-27T14:00:41+00:00 was in the past, adjusted to current time for immediate firing[0m
[1m2026-09-27T14:00:41.000000000Z[0m [1;33m[WARN] TRADER-000.nautilus_common::clock: Timer 'SIGNAL:9018837779:1790517390257404928' alert time 2026-09-27T14:00:41+00:00 was in the past, adjusted to current time for immediate firing[0m
[1m2026-09-27T14:00:41.000000000Z[0m [1;33m[WARN] TRADER-000.nautilus_common::clock: Timer 'SIGNAL:9018837779:1790517391272185088' alert time 2026-09-27T14:00:41+00:00 was in the past, adjusted to current time for immediate firing[0m
[1m2026-09-27T14:00:41.000000000Z[0m [1;33m[WARN] TRADER-000.nautilus_common::clock: Timer 'SIGNAL:9018837779:1790517392426351104' alert time 2026-09-27T14:00:41+00:00 was in the past, adjusted to current time for immediate firing[0m
[1m2026-09-27T14:00:41.000000000Z[0m [1;33m[WARN] TRADER-000.nautilus_common::clock: Timer 'SIGNAL:9018837779:1790517393939121920' alert time 2026-09-27T14:00:41+00:00 was in the past, adjusted to current time for immediate firing[0m
[1m2026-09-27T14:00:41.000000000Z[0m [1;33m[WARN] TRADER-000.nautilus_common::clock: Timer 'SIGNAL:9018837779:1790517394265383936' alert time 2026-09-27T14:00:41+00:00 was in the past, adjusted to current time for immediate firing[0m
[1m2026-09-27T14:00:41.000000000Z[0m [1;33m[WARN] TRADER-000.nautilus_common::clock: Timer 'SIGNAL:9018837779:1790517395281971968' alert time 2026-09-27T14:00:41+00:00 was in the past, adjusted to current time for immediate firing[0m
[1m2026-09-27T14:00:41.000000000Z[0m [1;33m[WARN] TRADER-000.nautilus_common::clock: Timer 'SIGNAL:9018837779:1790517402606214144' alert time 2026-09-27T14:00:41+00:00 was in the past, adjusted to current time for immediate firing[0m
[1m2026-09-27T14:00:41.000000000Z[0m [1;33m[WARN] TRADER-000.nautilus_common::clock: Timer 'SIGNAL:9018837779:1790517403588891904' alert time 2026-09-27T14:00:41+00:00 was in the past, adjusted to current time for immediate firing[0m
[1m2026-09-27T14:00:41.000000000Z[0m [1;33m[WARN] TRADER-000.nautilus_common::clock: Timer 'SIGNAL:9018837779:1790517404505990912' alert time 2026-09-27T14:00:41+00:00 was in the past, adjusted to current time for immediate firing[0m
[1m2026-09-27T14:00:41.000000000Z[0m [1;33m[WARN] TRADER-000.nautilus_common::clock: Timer 'SIGNAL:9018837779:1790517405519052032' alert time 2026-09-27T14:00:41+00:00 was in the past, adjusted to current time for immediate firing[0m
[1m2026-09-27T14:00:41.000000000Z[0m [1;33m[WARN] TRADER-000.nautilus_common::clock: Timer 'SIGNAL:9018837779:1790517406497463040' alert time 2026-09-27T14:00:41+00:00 was in the past, adjusted to current time for immediate firing[0m
[1m2026-09-27T14:00:41.000000000Z[0m [1;33m[WARN] TRADER-000.nautilus_common::clock: Timer 'SIGNAL:9018837779:1790517407551478016' alert time 2026-09-27T14:00:41+00:00 was in the past, adjusted to current time for immediate firing[0m
[1m2026-09-27T14:00:41.000000000Z[0m [1;33m[WARN] TRADER-000.nautilus_common::clock: Timer 'SIGNAL:9018837779:1790517408460578816' alert time 2026-09-27T14:00:41+00:00 was in the past, adjusted to current time for immediate firing[0m
[1m2026-09-27T14:00:41.000000000Z[0m [1;33m[WARN] TRADER-000.nautilus_common::clock: Timer 'SIGNAL:9018837779:1790517409581708032' alert time 2026-09-27T14:00:41+00:00 was in the past, adjusted to current time for immediate firing[0m
[1m2026-09-27T14:00:41.000000000Z[0m [1;33m[WARN] TRADER-000.nautilus_common::clock: Timer 'SIGNAL:9018837779:1790517410461638912' alert time 2026-09-27T14:00:41+00:00 was in the past, adjusted to current time for immediate firing[0m
[1m2026-09-27T14:00:41.000000000Z[0m [1;33m[WARN] TRADER-000.nautilus_common::clock: Timer 'SIGNAL:9018837779:1790517411584163072' alert time 2026-09-27T14:00:41+00:00 was in the past, adjusted to current time for immediate firing[0m
[1m2026-09-27T14:00:41.000000000Z[0m [1;33m[WARN] TRADER-000.nautilus_common::clock: Timer 'SIGNAL:9018837779:1790517412491123968' alert time 2026-09-27T14:00:41+00:00 was in the past, adjusted to current time for immediate firing[0m
[1m2026-09-27T14:00:41.000000000Z[0m [1;33m[WARN] TRADER-000.nautilus_common::clock: Timer 'SIGNAL:9018837779:1790517413513894144' alert time 2026-09-27T14:00:41+00:00 was in the past, adjusted to current time for immediate firing[0m
[1m2026-09-27T14:00:41.000000000Z[0m [1;33m[WARN] TRADER-000.nautilus_common::clock: Timer 'SIGNAL:9018837779:1790517415220434944' alert time 2026-09-27T14:00:41+00:00 was in the past, adjusted to current time for immediate firing[0m
[1m2026-09-27T14:00:41.000000000Z[0m [1;33m[WARN] TRADER-000.nautilus_common::clock: Timer 'SIGNAL:9018837779:1790517415489298944' alert time 2026-09-27T14:00:41+00:00 was in the past, adjusted to current time for immediate firing[0m
[1m2026-09-27T14:00:41.000000000Z[0m [1;33m[WARN] TRADER-000.nautilus_common::clock: Timer 'SIGNAL:9018837779:1790517422156066816' alert time 2026-09-27T14:00:41+00:00 was in the past, adjusted to current time for immediate firing[0m
[1m2026-09-27T14:00:41.000000000Z[0m [1;33m[WARN] TRADER-000.nautilus_common::clock: Timer 'SIGNAL:9018837779:1790517422501570816' alert time 2026-09-27T14:00:41+00:00 was in the past, adjusted to current time for immediate firing[0m
[1m2026-09-27T14:00:41.000000000Z[0m [1;33m[WARN] TRADER-000.nautilus_common::clock: Timer 'SIGNAL:9018837779:1790517423594272000' alert time 2026-09-27T14:00:41+00:00 was in the past, adjusted to current time for immediate firing[0m
[1m2026-09-27T14:00:41.000000000Z[0m [1;33m[WARN] TRADER-000.nautilus_common::clock: Timer 'SIGNAL:9018837779:1790517424470896128' alert time 2026-09-27T14:00:41+00:00 was in the past, adjusted to current time for immediate firing[0m
[1m2026-09-27T14:00:41.000000000Z[0m [1;33m[WARN] TRADER-000.nautilus_common::clock: Timer 'SIGNAL:9018837779:1790517425495582976' alert time 2026-09-27T14:00:41+00:00 was in the past, adjusted to current time for immediate firing[0m
[1m2026-09-27T14:00:41.000000000Z[0m [1;33m[WARN] TRADER-000.nautilus_common::clock: Timer 'SIGNAL:9018837779:1790517426740296960' alert time 2026-09-27T14:00:41+00:00 was in the past, adjusted to current time for immediate firing[0m
[1m2026-09-27T14:00:41.000000000Z[0m [1;33m[WARN] TRADER-000.nautilus_common::clock: Timer 'SIGNAL:9018837779:1790517427456641024' alert time 2026-09-27T14:00:41+00:00 was in the past, adjusted to current time for immediate firing[0m
[1m2026-09-27T14:00:41.000000000Z[0m [1;33m[WARN] TRADER-000.nautilus_common::clock: Timer 'SIGNAL:9018837779:1790517428459079936' alert time 2026-09-27T14:00:41+00:00 was in the past, adjusted to current time for immediate firing[0m
[1m2026-09-27T14:00:41.000000000Z[0m [1;33m[WARN] TRADER-000.nautilus_common::clock: Timer 'SIGNAL:9018837779:1790517429972203008' alert time 2026-09-27T14:00:41+00:00 was in the past, adjusted to current time for immediate firing[0m
[1m2026-09-27T14:00:41.000000000Z[0m [1;33m[WARN] TRADER-000.nautilus_common::clock: Timer 'SIGNAL:9018837779:1790517430117619968' alert time 2026-09-27T14:00:41+00:00 was in the past, adjusted to current time for immediate firing[0m
[1m2026-09-27T14:00:41.000000000Z[0m [1;33m[WARN] TRADER-000.nautilus_common::clock: Timer 'SIGNAL:9018837779:1790517431110466048' alert time 2026-09-27T14:00:41+00:00 was in the past, adjusted to current time for immediate firing[0m
[1m2026-09-27T14:00:41.000000000Z[0m [1;33m[WARN] TRADER-000.nautilus_common::clock: Timer 'SIGNAL:9018837779:1790517432063281920' alert time 2026-09-27T14:00:41+00:00 was in the past, adjusted to current time for immediate firing[0m
[1m2026-09-27T14:00:41.000000000Z[0m [1;33m[WARN] TRADER-000.nautilus_common::clock: Timer 'SIGNAL:9018837779:1790517433021428992' alert time 2026-09-27T14:00:41+00:00 was in the past, adjusted to current time for immediate firing[0m
[1m2026-09-27T14:00:41.000000000Z[0m [1;33m[WARN] TRADER-000.nautilus_common::clock: Timer 'SIGNAL:9018837779:1790517434073270016' alert time 2026-09-27T14:00:41+00:00 was in the past, adjusted to current time for immediate firing[0m
[1m2026-09-27T14:00:41.000000000Z[0m [1;33m[WARN] TRADER-000.nautilus_common::clock: Timer 'SIGNAL:9018837779:1790517435049138944' alert time 2026-09-27T14:00:41+00:00 was in the past, adjusted to current time for immediate firing[0m
[1m2026-09-27T14:00:41.000000000Z[0m [1;33m[WARN] TRADER-000.nautilus_common::clock: Timer 'SIGNAL:9018837779:1790517442026376960' alert time 2026-09-27T14:00:41+00:00 was in the past, adjusted to current time for immediate firing[0m
[1m2026-09-27T14:00:41.000000000Z[0m [1;33m[WARN] TRADER-000.nautilus_common::clock: Timer 'SIGNAL:9018837779:1790517442207439872' alert time 2026-09-27T14:00:41+00:00 was in the past, adjusted to current time for immediate firing[0m
[1m2026-09-27T14:00:41.000000000Z[0m [1;33m[WARN] TRADER-000.nautilus_common::clock: Timer 'SIGNAL:9018837779:1790517442656320000' alert time 2026-09-27T14:00:41+00:00 was in the past, adjusted to current time for immediate firing[0m
[1m2026-09-27T14:00:41.000000000Z[0m [1;33m[WARN] TRADER-000.nautilus_common::clock: Timer 'SIGNAL:9018837779:1790517443605465856' alert time 2026-09-27T14:00:41+00:00 was in the past, adjusted to current time for immediate firing[0m
[1m2026-09-27T14:00:41.000000000Z[0m [1;33m[WARN] TRADER-000.nautilus_common::clock: Timer 'SIGNAL:9018837779:1790517444480619008' alert time 2026-09-27T14:00:41+00:00 was in the past, adjusted to current time for immediate firing[0m
[1m2026-09-27T14:00:41.000000000Z[0m [1;33m[WARN] TRADER-000.nautilus_common::clock: Timer 'SIGNAL:9018837779:1790517445559227904' alert time 2026-09-27T14:00:41+00:00 was in the past, adjusted to current time for immediate firing[0m
[1m2026-09-27T14:00:41.000000000Z[0m [1;33m[WARN] TRADER-000.nautilus_common::clock: Timer 'SIGNAL:9018837779:1790517446517310976' alert time 2026-09-27T14:00:41+00:00 was in the past, adjusted to current time for immediate firing[0m
[1m2026-09-27T14:00:41.000000000Z[0m [1;33m[WARN] TRADER-000.nautilus_common::clock: Timer 'SIGNAL:9018837779:1790517447497577984' alert time 2026-09-27T14:00:41+00:00 was in the past, adjusted to current time for immediate firing[0m
[1m2026-09-27T14:00:41.000000000Z[0m [1;33m[WARN] TRADER-000.nautilus_common::clock: Timer 'SIGNAL:9018837779:1790517448529495040' alert time 2026-09-27T14:00:41+00:00 was in the past, adjusted to current time for immediate firing[0m
[1m2026-09-27T14:00:41.000000000Z[0m [1;33m[WARN] TRADER-000.nautilus_common::clock: Timer 'SIGNAL:9018837779:1790517449470809088' alert time 2026-09-27T14:00:41+00:00 was in the past, adjusted to current time for immediate firing[0m
[1m2026-09-27T14:00:41.000000000Z[0m [1;33m[WARN] TRADER-000.nautilus_common::clock: Timer 'SIGNAL:9018837779:1790517450479305984' alert time 2026-09-27T14:00:41+00:00 was in the past, adjusted to current time for immediate firing[0m
[1m2026-09-27T14:00:41.000000000Z[0m [1;33m[WARN] TRADER-000.nautilus_common::clock: Timer 'SIGNAL:9018837779:1790517451477412864' alert time 2026-09-27T14:00:41+00:00 was in the past, adjusted to current time for immediate firing[0m
[1m2026-09-27T14:00:41.000000000Z[0m [1;33m[WARN] TRADER-000.nautilus_common::clock: Timer 'SIGNAL:9018837779:1790517452484005888' alert time 2026-09-27T14:00:41+00:00 was in the past, adjusted to current time for immediate firing[0m
[1m2026-09-27T14:00:41.000000000Z[0m [1;33m[WARN] TRADER-000.nautilus_common::clock: Timer 'SIGNAL:9018837779:1790517453525861888' alert time 2026-09-27T14:00:41+00:00 was in the past, adjusted to current time for immediate firing[0m
[1m2026-09-27T14:00:41.000000000Z[0m [1;33m[WARN] TRADER-000.nautilus_common::clock: Timer 'SIGNAL:9018837779:1790517454450277120' alert time 2026-09-27T14:00:41+00:00 was in the past, adjusted to current time for immediate firing[0m
[1m2026-09-27T14:00:41.000000000Z[0m [1;33m[WARN] TRADER-000.nautilus_common::clock: Timer 'SIGNAL:9018837779:1790517455480828928' alert time 2026-09-27T14:00:41+00:00 was in the past, adjusted to current time for immediate firing[0m
[1m2026-09-27T14:00:41.000000000Z[0m [1;33m[WARN] TRADER-000.nautilus_common::clock: Timer 'SIGNAL:9018837779:1790517461980921856' alert time 2026-09-27T14:00:41+00:00 was in the past, adjusted to current time for immediate firing[0m
[1m2026-09-27T14:00:41.000000000Z[0m [1;33m[WARN] TRADER-000.nautilus_common::clock: Timer 'SIGNAL:9018837779:1790517462501307904' alert time 2026-09-27T14:00:41+00:00 was in the past, adjusted to current time for immediate firing[0m
[1m2026-09-27T14:00:41.000000000Z[0m [1;33m[WARN] TRADER-000.nautilus_common::clock: Timer 'SIGNAL:9018837779:1790517463477181952' alert time 2026-09-27T14:00:41+00:00 was in the past, adjusted to current time for immediate firing[0m
[1m2026-09-27T14:00:41.000000000Z[0m [1;33m[WARN] TRADER-000.nautilus_common::clock: Timer 'SIGNAL:9018837779:1790517464685782016' alert time 2026-09-27T14:00:41+00:00 was in the past, adjusted to current time for immediate firing[0m
[1m2026-09-27T14:00:41.000000000Z[0m [1;33m[WARN] TRADER-000.nautilus_common::clock: Timer 'SIGNAL:9018837779:1790517465520947968' alert time 2026-09-27T14:00:41+00:00 was in the past, adjusted to current time for immediate firing[0m
[1m2026-09-27T14:00:41.000000000Z[0m [1;33m[WARN] TRADER-000.nautilus_common::clock: Timer 'SIGNAL:9018837779:1790517466492518912' alert time 2026-09-27T14:00:41+00:00 was in the past, adjusted to current time for immediate firing[0m
[1m2026-09-27T14:00:41.000000000Z[0m [1;33m[WARN] TRADER-000.nautilus_common::clock: Timer 'SIGNAL:9018837779:1790517467382355968' alert time 2026-09-27T14:00:41+00:00 was in the past, adjusted to current time for immediate firing[0m
[1m2026-09-27T14:00:41.000000000Z[0m [1;33m[WARN] TRADER-000.nautilus_common::clock: Timer 'SIGNAL:9018837779:1790517468036637184' alert time 2026-09-27T14:00:41+00:00 was in the past, adjusted to current time for immediate firing[0m
[1m2026-09-27T14:00:41.000000000Z[0m [1;33m[WARN] TRADER-000.nautilus_common::clock: Timer 'SIGNAL:9018837779:1790517469042445056' alert time 2026-09-27T14:00:41+00:00 was in the past, adjusted to current time for immediate firing[0m
[1m2026-09-27T14:00:41.000000000Z[0m [1;33m[WARN] TRADER-000.nautilus_common::clock: Timer 'SIGNAL:9018837779:1790517470079948032' alert time 2026-09-27T14:00:41+00:00 was in the past, adjusted to current time for immediate firing[0m
[1m2026-09-27T14:00:41.000000000Z[0m [1;33m[WARN] TRADER-000.nautilus_common::clock: Timer 'SIGNAL:9018837779:1790517471037113856' alert time 2026-09-27T14:00:41+00:00 was in the past, adjusted to current time for immediate firing[0m
[1m2026-09-27T14:00:41.000000000Z[0m [1;33m[WARN] TRADER-000.nautilus_common::clock: Timer 'SIGNAL:9018837779:1790517472071892992' alert time 2026-09-27T14:00:41+00:00 was in the past, adjusted to current time for immediate firing[0m
[1m2026-09-27T14:00:41.000000000Z[0m [1;33m[WARN] TRADER-000.nautilus_common::clock: Timer 'SIGNAL:9018837779:1790517473066871808' alert time 2026-09-27T14:00:41+00:00 was in the past, adjusted to current time for immediate firing[0m
[1m2026-09-27T14:00:41.000000000Z[0m [1;33m[WARN] TRADER-000.nautilus_common::clock: Timer 'SIGNAL:9018837779:1790517474054593024' alert time 2026-09-27T14:00:41+00:00 was in the past, adjusted to current time for immediate firing[0m
[1m2026-09-27T14:00:41.000000000Z[0m [1;33m[WARN] TRADER-000.nautilus_common::clock: Timer 'SIGNAL:9018837779:1790517475051131136' alert time 2026-09-27T14:00:41+00:00 was in the past, adjusted to current time for immediate firing[0m
[1m2026-09-27T14:00:41.000000000Z[0m [1;33m[WARN] TRADER-000.nautilus_common::clock: Timer 'SIGNAL:9018837779:1790517481804567040' alert time 2026-09-27T14:00:41+00:00 was in the past, adjusted to current time for immediate firing[0m
[1m2026-09-27T14:00:41.000000000Z[0m [1;33m[WARN] TRADER-000.nautilus_common::clock: Timer 'SIGNAL:9018837779:1790517482290725120' alert time 2026-09-27T14:00:41+00:00 was in the past, adjusted to current time for immediate firing[0m
[1m2026-09-27T14:00:41.000000000Z[0m [1;33m[WARN] TRADER-000.nautilus_common::clock: Timer 'SIGNAL:9018837779:1790517483296001792' alert time 2026-09-27T14:00:41+00:00 was in the past, adjusted to current time for immediate firing[0m
[1m2026-09-27T14:00:41.000000000Z[0m [1;33m[WARN] TRADER-000.nautilus_common::clock: Timer 'SIGNAL:9018837779:1790517484313844992' alert time 2026-09-27T14:00:41+00:00 was in the past, adjusted to current time for immediate firing[0m
[1m2026-09-27T14:00:41.000000000Z[0m [1;33m[WARN] TRADER-000.nautilus_common::clock: Timer 'SIGNAL:9018837779:1790517485510148096' alert time 2026-09-27T14:00:41+00:00 was in the past, adjusted to current time for immediate firing[0m
[1m2026-09-27T14:00:41.000000000Z[0m [1;33m[WARN] TRADER-000.nautilus_common::clock: Timer 'SIGNAL:9018837779:1790517486197690112' alert time 2026-09-27T14:00:41+00:00 was in the past, adjusted to current time for immediate firing[0m
[1m2026-09-27T14:00:41.000000000Z[0m [1;33m[WARN] TRADER-000.nautilus_common::clock: Timer 'SIGNAL:9018837779:1790517487862812160' alert time 2026-09-27T14:00:41+00:00 was in the past, adjusted to current time for immediate firing[0m
[1m2026-09-27T14:00:41.000000000Z[0m [1;33m[WARN] TRADER-000.nautilus_common::clock: Timer 'SIGNAL:9018837779:1790517488488104192' alert time 2026-09-27T14:00:41+00:00 was in the past, adjusted to current time for immediate firing[0m
[1m2026-09-27T14:00:41.000000000Z[0m [1;33m[WARN] TRADER-000.nautilus_common::clock: Timer 'SIGNAL:9018837779:1790517489558428160' alert time 2026-09-27T14:00:41+00:00 was in the past, adjusted to current time for immediate firing[0m
[1m2026-09-27T14:00:41.000000000Z[0m [1;33m[WARN] TRADER-000.nautilus_common::clock: Timer 'SIGNAL:9018837779:1790517490530617088' alert time 2026-09-27T14:00:41+00:00 was in the past, adjusted to current time for immediate firing[0m
[1m2026-09-27T14:00:41.000000000Z[0m [1;33m[WARN] TRADER-000.nautilus_common::clock: Timer 'SIGNAL:9018837779:1790517491551879936' alert time 2026-09-27T14:00:41+00:00 was in the past, adjusted to current time for immediate firing[0m
[1m2026-09-27T14:00:41.000000000Z[0m [1;33m[WARN] TRADER-000.nautilus_common::clock: Timer 'SIGNAL:9018837779:1790517492498765056' alert time 2026-09-27T14:00:41+00:00 was in the past, adjusted to current time for immediate firing[0m
[1m2026-09-27T14:00:41.000000000Z[0m [1;33m[WARN] TRADER-000.nautilus_common::clock: Timer 'SIGNAL:9018837779:1790517493887475968' alert time 2026-09-27T14:00:41+00:00 was in the past, adjusted to current time for immediate firing[0m
[1m2026-09-27T14:00:41.000000000Z[0m [1;33m[WARN] TRADER-000.nautilus_common::clock: Timer 'SIGNAL:9018837779:1790517494444561920' alert time 2026-09-27T14:00:41+00:00 was in the past, adjusted to current time for immediate firing[0m
[1m2026-09-27T14:00:41.000000000Z[0m [1;33m[WARN] TRADER-000.nautilus_common::clock: Timer 'SIGNAL:9018837779:1790517495598781952' alert time 2026-09-27T14:00:41+00:00 was in the past, adjusted to current time for immediate firing[0m
[1m2026-09-27T14:00:41.000000000Z[0m [1;33m[WARN] TRADER-000.nautilus_common::clock: Timer 'SIGNAL:9018837779:1790517501947362048' alert time 2026-09-27T14:00:41+00:00 was in the past, adjusted to current time for immediate firing[0m
[1m2026-09-27T14:00:41.000000000Z[0m [1;33m[WARN] TRADER-000.nautilus_common::clock: Timer 'SIGNAL:9018837779:1790517502457128960' alert time 2026-09-27T14:00:41+00:00 was in the past, adjusted to current time for immediate firing[0m
[1m2026-09-27T14:00:41.000000000Z[0m [1;33m[WARN] TRADER-000.nautilus_common::clock: Timer 'SIGNAL:9018837779:1790517503502258176' alert time 2026-09-27T14:00:41+00:00 was in the past, adjusted to current time for immediate firing[0m
[1m2026-09-27T14:00:41.000000000Z[0m [1;33m[WARN] TRADER-000.nautilus_common::clock: Timer 'SIGNAL:9018837779:1790517504695740928' alert time 2026-09-27T14:00:41+00:00 was in the past, adjusted to current time for immediate firing[0m
[1m2026-09-27T14:00:41.000000000Z[0m [1;33m[WARN] TRADER-000.nautilus_common::clock: Timer 'SIGNAL:9018837779:1790517505524800000' alert time 2026-09-27T14:00:41+00:00 was in the past, adjusted to current time for immediate firing[0m
[1m2026-09-27T14:00:41.000000000Z[0m [1;33m[WARN] TRADER-000.nautilus_common::clock: Timer 'SIGNAL:9018837779:1790517506479132928' alert time 2026-09-27T14:00:41+00:00 was in the past, adjusted to current time for immediate firing[0m
[1m2026-09-27T14:00:41.000000000Z[0m [1;33m[WARN] TRADER-000.nautilus_common::clock: Timer 'SIGNAL:9018837779:1790517507515269888' alert time 2026-09-27T14:00:41+00:00 was in the past, adjusted to current time for immediate firing[0m
[1m2026-09-27T14:00:41.000000000Z[0m [1;33m[WARN] TRADER-000.nautilus_common::clock: Timer 'SIGNAL:9018837779:1790517508515322880' alert time 2026-09-27T14:00:41+00:00 was in the past, adjusted to current time for immediate firing[0m
[1m2026-09-27T14:00:41.000000000Z[0m [1;33m[WARN] TRADER-000.nautilus_common::clock: Timer 'SIGNAL:9018837779:1790517509484662016' alert time 2026-09-27T14:00:41+00:00 was in the past, adjusted to current time for immediate firing[0m
[1m2026-09-27T14:00:41.000000000Z[0m [1;33m[WARN] TRADER-000.nautilus_common::clock: Timer 'SIGNAL:9018837779:1790517510469049856' alert time 2026-09-27T14:00:41+00:00 was in the past, adjusted to current time for immediate firing[0m
[1m2026-09-27T14:00:41.000000000Z[0m [1;33m[WARN] TRADER-000.nautilus_common::clock: Timer 'SIGNAL:9018837779:1790517511481808896' alert time 2026-09-27T14:00:41+00:00 was in the past, adjusted to current time for immediate firing[0m
[1m2026-09-27T14:00:41.000000000Z[0m [1;33m[WARN] TRADER-000.nautilus_common::clock: Timer 'SIGNAL:9018837779:1790517513026288128' alert time 2026-09-27T14:00:41+00:00 was in the past, adjusted to current time for immediate firing[0m
[1m2026-09-27T14:00:41.000000000Z[0m [1;33m[WARN] TRADER-000.nautilus_common::clock: Timer 'SIGNAL:9018837779:1790517513577153024' alert time 2026-09-27T14:00:41+00:00 was in the past, adjusted to current time for immediate firing[0m
[1m2026-09-27T14:00:41.000000000Z[0m [1;33m[WARN] TRADER-000.nautilus_common::clock: Timer 'SIGNAL:9018837779:1790517514513289984' alert time 2026-09-27T14:00:41+00:00 was in the past, adjusted to current time for immediate firing[0m
[1m2026-09-27T14:00:41.000000000Z[0m [1;33m[WARN] TRADER-000.nautilus_common::clock: Timer 'SIGNAL:9018837779:1790517515621088000' alert time 2026-09-27T14:00:41+00:00 was in the past, adjusted to current time for immediate firing[0m
[1m2026-09-27T14:00:41.000000000Z[0m [1;33m[WARN] TRADER-000.nautilus_common::clock: Timer 'SIGNAL:9018837779:1790517522356762880' alert time 2026-09-27T14:00:41+00:00 was in the past, adjusted to current time for immediate firing[0m
[1m2026-09-27T14:00:41.000000000Z[0m [1;33m[WARN] TRADER-000.nautilus_common::clock: Timer 'SIGNAL:9018837779:1790517522467983104' alert time 2026-09-27T14:00:41+00:00 was in the past, adjusted to current time for immediate firing[0m
[1m2026-09-27T14:00:41.000000000Z[0m [1;33m[WARN] TRADER-000.nautilus_common::clock: Timer 'SIGNAL:9018837779:1790517523461499904' alert time 2026-09-27T14:00:41+00:00 was in the past, adjusted to current time for immediate firing[0m
[1m2026-09-27T14:00:41.000000000Z[0m [1;33m[WARN] TRADER-000.nautilus_common::clock: Timer 'SIGNAL:9018837779:1790517524463175168' alert time 2026-09-27T14:00:41+00:00 was in the past, adjusted to current time for immediate firing[0m
[1m2026-09-27T14:00:41.000000000Z[0m [1;33m[WARN] TRADER-000.nautilus_common::clock: Timer 'SIGNAL:9018837779:1790517525503331840' alert time 2026-09-27T14:00:41+00:00 was in the past, adjusted to current time for immediate firing[0m
[1m2026-09-27T14:00:41.000000000Z[0m [1;33m[WARN] TRADER-000.nautilus_common::clock: Timer 'SIGNAL:9018837779:1790517526475169024' alert time 2026-09-27T14:00:41+00:00 was in the past, adjusted to current time for immediate firing[0m
[1m2026-09-27T14:00:41.000000000Z[0m [1;33m[WARN] TRADER-000.nautilus_common::clock: Timer 'SIGNAL:9018837779:1790517528153007872' alert time 2026-09-27T14:00:41+00:00 was in the past, adjusted to current time for immediate firing[0m
[1m2026-09-27T14:00:41.000000000Z[0m [1;33m[WARN] TRADER-000.nautilus_common::clock: Timer 'SIGNAL:9018837779:1790517528463664128' alert time 2026-09-27T14:00:41+00:00 was in the past, adjusted to current time for immediate firing[0m
[1m2026-09-27T14:00:41.000000000Z[0m [1;33m[WARN] TRADER-000.nautilus_common::clock: Timer 'SIGNAL:9018837779:1790517529462213888' alert time 2026-09-27T14:00:41+00:00 was in the past, adjusted to current time for immediate firing[0m
[1m2026-09-27T14:00:41.000000000Z[0m [1;33m[WARN] TRADER-000.nautilus_common::clock: Timer 'SIGNAL:9018837779:1790517530450889984' alert time 2026-09-27T14:00:41+00:00 was in the past, adjusted to current time for immediate firing[0m
[1m2026-09-27T14:00:41.000000000Z[0m [1;33m[WARN] TRADER-000.nautilus_common::clock: Timer 'SIGNAL:9018837779:1790517531452040960' alert time 2026-09-27T14:00:41+00:00 was in the past, adjusted to current time for immediate firing[0m
[1m2026-09-27T14:00:41.000000000Z[0m [1;33m[WARN] TRADER-000.nautilus_common::clock: Timer 'SIGNAL:9018837779:1790517532455791104' alert time 2026-09-27T14:00:41+00:00 was in the past, adjusted to current time for immediate firing[0m
[1m2026-09-27T14:00:41.000000000Z[0m [1;33m[WARN] TRADER-000.nautilus_common::clock: Timer 'SIGNAL:9018837779:1790517533453810944' alert time 2026-09-27T14:00:41+00:00 was in the past, adjusted to current time for immediate firing[0m
[1m2026-09-27T14:00:41.000000000Z[0m [1;33m[WARN] TRADER-000.nautilus_common::clock: Timer 'SIGNAL:9018837779:1790517534507196928' alert time 2026-09-27T14:00:41+00:00 was in the past, adjusted to current time for immediate firing[0m
[1m2026-09-27T14:00:41.000000000Z[0m [1;33m[WARN] TRADER-000.nautilus_common::clock: Timer 'SIGNAL:9018837779:1790517535480415232' alert time 2026-09-27T14:00:41+00:00 was in the past, adjusted to current time for immediate firing[0m
[1m2026-09-27T14:00:41.000000000Z[0m [1;33m[WARN] TRADER-000.nautilus_common::clock: Timer 'SIGNAL:9018837779:1790517542628201984' alert time 2026-09-27T14:00:41+00:00 was in the past, adjusted to current time for immediate firing[0m
[1m2026-09-27T14:00:41.000000000Z[0m [1;33m[WARN] TRADER-000.nautilus_common::clock: Timer 'SIGNAL:9018837779:1790517543448528896' alert time 2026-09-27T14:00:41+00:00 was in the past, adjusted to current time for immediate firing[0m
[1m2026-09-27T14:00:41.000000000Z[0m [1;33m[WARN] TRADER-000.nautilus_common::clock: Timer 'SIGNAL:9018837779:1790517544448784128' alert time 2026-09-27T14:00:41+00:00 was in the past, adjusted to current time for immediate firing[0m
[1m2026-09-27T14:00:41.000000000Z[0m [1;33m[WARN] TRADER-000.nautilus_common::clock: Timer 'SIGNAL:9018837779:1790517545459917056' alert time 2026-09-27T14:00:41+00:00 was in the past, adjusted to current time for immediate firing[0m
[1m2026-09-27T14:00:41.000000000Z[0m [1;33m[WARN] TRADER-000.nautilus_common::clock: Timer 'SIGNAL:9018837779:1790517546441957888' alert time 2026-09-27T14:00:41+00:00 was in the past, adjusted to current time for immediate firing[0m
[1m2026-09-27T14:00:41.000000000Z[0m [1;33m[WARN] TRADER-000.nautilus_common::clock: Timer 'SIGNAL:9018837779:1790517547455798016' alert time 2026-09-27T14:00:41+00:00 was in the past, adjusted to current time for immediate firing[0m
[1m2026-09-27T14:00:41.000000000Z[0m [1;33m[WARN] TRADER-000.nautilus_common::clock: Timer 'SIGNAL:9018837779:1790517548438465024' alert time 2026-09-27T14:00:41+00:00 was in the past, adjusted to current time for immediate firing[0m
[1m2026-09-27T14:00:41.000000000Z[0m [1;33m[WARN] TRADER-000.nautilus_common::clock: Timer 'SIGNAL:9018837779:1790517549445071872' alert time 2026-09-27T14:00:41+00:00 was in the past, adjusted to current time for immediate firing[0m
[1m2026-09-27T14:00:41.000000000Z[0m [1;33m[WARN] TRADER-000.nautilus_common::clock: Timer 'SIGNAL:9018837779:1790517550523934976' alert time 2026-09-27T14:00:41+00:00 was in the past, adjusted to current time for immediate firing[0m
[1m2026-09-27T14:00:41.000000000Z[0m [1;33m[WARN] TRADER-000.nautilus_common::clock: Timer 'SIGNAL:9018837779:1790517551454628096' alert time 2026-09-27T14:00:41+00:00 was in the past, adjusted to current time for immediate firing[0m
[1m2026-09-27T14:00:41.000000000Z[0m [1;33m[WARN] TRADER-000.nautilus_common::clock: Timer 'SIGNAL:9018837779:1790517552695934976' alert time 2026-09-27T14:00:41+00:00 was in the past, adjusted to current time for immediate firing[0m
[1m2026-09-27T14:00:41.000000000Z[0m [1;33m[WARN] TRADER-000.nautilus_common::clock: Timer 'SIGNAL:9018837779:1790517553447176960' alert time 2026-09-27T14:00:41+00:00 was in the past, adjusted to current time for immediate firing[0m
[1m2026-09-27T14:00:41.000000000Z[0m [1;33m[WARN] TRADER-000.nautilus_common::clock: Timer 'SIGNAL:9018837779:1790517554463994112' alert time 2026-09-27T14:00:41+00:00 was in the past, adjusted to current time for immediate firing[0m
[1m2026-09-27T14:00:41.000000000Z[0m [1;33m[WARN] TRADER-000.nautilus_common::clock: Timer 'SIGNAL:9018837779:1790517555463320064' alert time 2026-09-27T14:00:41+00:00 was in the past, adjusted to current time for immediate firing[0m
[1m2026-09-27T14:00:41.000000000Z[0m [1;33m[WARN] TRADER-000.nautilus_common::clock: Timer 'SIGNAL:9018837779:1790517561939764992' alert time 2026-09-27T14:00:41+00:00 was in the past, adjusted to current time for immediate firing[0m
[1m2026-09-27T14:00:41.000000000Z[0m [1;33m[WARN] TRADER-000.nautilus_common::clock: Timer 'SIGNAL:9018837779:1790517562441970176' alert time 2026-09-27T14:00:41+00:00 was in the past, adjusted to current time for immediate firing[0m
[1m2026-09-27T14:00:41.000000000Z[0m [1;33m[WARN] TRADER-000.nautilus_common::clock: Timer 'SIGNAL:9018837779:1790517563461880832' alert time 2026-09-27T14:00:41+00:00 was in the past, adjusted to current time for immediate firing[0m
[1m2026-09-27T14:00:41.000000000Z[0m [1;33m[WARN] TRADER-000.nautilus_common::clock: Timer 'SIGNAL:9018837779:1790517564460510976' alert time 2026-09-27T14:00:41+00:00 was in the past, adjusted to current time for immediate firing[0m
[1m2026-09-27T14:00:41.000000000Z[0m [1;33m[WARN] TRADER-000.nautilus_common::clock: Timer 'SIGNAL:9018837779:1790517565430646784' alert time 2026-09-27T14:00:41+00:00 was in the past, adjusted to current time for immediate firing[0m
[1m2026-09-27T14:00:41.000000000Z[0m [1;33m[WARN] TRADER-000.nautilus_common::clock: Timer 'SIGNAL:9018837779:1790517566456615936' alert time 2026-09-27T14:00:41+00:00 was in the past, adjusted to current time for immediate firing[0m
[1m2026-09-27T14:00:41.000000000Z[0m [1;33m[WARN] TRADER-000.nautilus_common::clock: Timer 'SIGNAL:9018837779:1790517567542004992' alert time 2026-09-27T14:00:41+00:00 was in the past, adjusted to current time for immediate firing[0m
[1m2026-09-27T14:00:41.000000000Z[0m [1;33m[WARN] TRADER-000.nautilus_common::clock: Timer 'SIGNAL:9018837779:1790517568474714112' alert time 2026-09-27T14:00:41+00:00 was in the past, adjusted to current time for immediate firing[0m
[1m2026-09-27T14:00:41.000000000Z[0m [1;33m[WARN] TRADER-000.nautilus_common::clock: Timer 'SIGNAL:9018837779:1790517569441672960' alert time 2026-09-27T14:00:41+00:00 was in the past, adjusted to current time for immediate firing[0m
[1m2026-09-27T14:00:41.000000000Z[0m [1;33m[WARN] TRADER-000.nautilus_common::clock: Timer 'SIGNAL:9018837779:1790517570407252992' alert time 2026-09-27T14:00:41+00:00 was in the past, adjusted to current time for immediate firing[0m
[1m2026-09-27T14:00:41.000000000Z[0m [1;33m[WARN] TRADER-000.nautilus_common::clock: Timer 'SIGNAL:9018837779:1790517571422252800' alert time 2026-09-27T14:00:41+00:00 was in the past, adjusted to current time for immediate firing[0m
[1m2026-09-27T14:00:41.000000000Z[0m [1;33m[WARN] TRADER-000.nautilus_common::clock: Timer 'SIGNAL:9018837779:1790517572382912000' alert time 2026-09-27T14:00:41+00:00 was in the past, adjusted to current time for immediate firing[0m
[1m2026-09-27T14:00:41.000000000Z[0m [1;33m[WARN] TRADER-000.nautilus_common::clock: Timer 'SIGNAL:9018837779:1790517578017488896' alert time 2026-09-27T14:00:41+00:00 was in the past, adjusted to current time for immediate firing[0m
[1m2026-09-27T14:00:41.000000000Z[0m [1;33m[WARN] TRADER-000.nautilus_common::clock: Timer 'SIGNAL:9018837779:1790517578738397952' alert time 2026-09-27T14:00:41+00:00 was in the past, adjusted to current time for immediate firing[0m
[1m2026-09-27T14:00:41.000000000Z[0m [1;33m[WARN] TRADER-000.nautilus_common::clock: Timer 'SIGNAL:9018837779:1790517579950787072' alert time 2026-09-27T14:00:41+00:00 was in the past, adjusted to current time for immediate firing[0m
[1m2026-09-27T14:00:41.000000000Z[0m [1;33m[WARN] TRADER-000.nautilus_common::clock: Timer 'SIGNAL:9018837779:1790517580481590016' alert time 2026-09-27T14:00:41+00:00 was in the past, adjusted to current time for immediate firing[0m
[1m2026-09-27T14:24:50.009000000Z[0m [1;33m[WARN] TRADER-000.TwoSidedMakerStrategy: <--[EVT] OrderRejected(instrument_id=0x7ab99b4fe9927ce5b9e2898dd6663958d217f35c2509e3d1c698c0cc6a5cd5da-84284203202509161918652777426036880404948875213251561023000516441929349781222.POLYMARKET, client_order_id=O-20260927-142449-001-9018837779-706, account_id=POLYMARKET-001, reason='POST_ONLY LIMIT BUY order limit px of 0.600 would have been a TAKER: bid=0.540, ask=0.550', due_post_only=True, ts_event=1790519090009000000)[0m
[1m2026-09-27T14:25:41.061000000Z[0m [1;33m[WARN] TRADER-000.TwoSidedMakerStrategy: <--[EVT] OrderRejected(instrument_id=0x7ab99b4fe9927ce5b9e2898dd6663958d217f35c2509e3d1c698c0cc6a5cd5da-84284203202509161918652777426036880404948875213251561023000516441929349781222.POLYMARKET, client_order_id=O-20260927-142540-001-9018837779-762, account_id=POLYMARKET-001, reason='POST_ONLY LIMIT BUY order limit px of 0.390 would have been a TAKER: bid=0.350, ask=0.360', due_post_only=True, ts_event=1790519141061000000)[0m
[1m2026-09-27T14:40:35.700000000Z[0m [1;33m[WARN] TRADER-000.TwoSidedMakerStrategy: <--[EVT] OrderRejected(instrument_id=0x7ab99b4fe9927ce5b9e2898dd6663958d217f35c2509e3d1c698c0cc6a5cd5da-59894966892902634538909335985751421610330535609787029237166602061867546928283.POLYMARKET, client_order_id=O-20260927-144035-001-9018837779-1434, account_id=POLYMARKET-001, reason='POST_ONLY LIMIT BUY order limit px of 0.590 would have been a TAKER: bid=0.500, ask=0.560', due_post_only=True, ts_event=1790520035700000000)[0m
[1m2026-09-27T14:40:44.260000000Z[0m [1;33m[WARN] TRADER-000.TwoSidedMakerStrategy: <--[EVT] OrderRejected(instrument_id=0x7ab99b4fe9927ce5b9e2898dd6663958d217f35c2509e3d1c698c0cc6a5cd5da-84284203202509161918652777426036880404948875213251561023000516441929349781222.POLYMARKET, client_order_id=O-20260927-144044-001-9018837779-1452, account_id=POLYMARKET-001, reason='POST_ONLY LIMIT BUY order limit px of 0.380 would have been a TAKER: bid=0.340, ask=0.360', due_post_only=True, ts_event=1790520044260000000)[0m
[1m2026-09-27T14:44:34.083000000Z[0m [1;33m[WARN] TRADER-000.TwoSidedMakerStrategy: <--[EVT] OrderRejected(instrument_id=0x7ab99b4fe9927ce5b9e2898dd6663958d217f35c2509e3d1c698c0cc6a5cd5da-84284203202509161918652777426036880404948875213251561023000516441929349781222.POLYMARKET, client_order_id=O-20260927-144433-001-9018837779-1604, account_id=POLYMARKET-001, reason='POST_ONLY LIMIT BUY order limit px of 0.100 would have been a TAKER: bid=0.080, ask=0.100', due_post_only=True, ts_event=1790520274083000000)[0m
[1m2026-09-27T15:21:48.000000000Z[0m [1;33m[WARN] TRADER-000.TwoSidedMakerStrategy: The `Strategy.on_stop` handler was called when not overridden. It's expected that any actions required when stopping the strategy occur here, such as unsubscribing from data[0m
[1m2026-10-08T05:27:09.888323000Z[0m [1;33m[WARN] TRADER-000.TwoSidedMakerStrategy: The `Strategy.on_reset` handler was called when not overridden. It's expected that any actions required when resetting the strategy occur here, such as resetting indicators and other state[0m
[2026-10-08 07:27:09,900] 0x7ab99b4fe9927ce5b9e2898dd6663958d217f35c2509e3d1c698c0cc6a5cd5da-59894966892902634538909335985751421610330535609787029237166602061867546928283.POLYMARKET: Replay selection is explicitly curated from named markets and may exclude cancelled, delisted, or zero-liquidity markets.
[2026-10-08 07:27:09,900] 0x7ab99b4fe9927ce5b9e2898dd6663958d217f35c2509e3d1c698c0cc6a5cd5da-59894966892902634538909335985751421610330535609787029237166602061867546928283.POLYMARKET: No portfolio-level drawdown or daily-loss circuit breaker is configured for this run.
[2026-10-08 07:27:09,938] batch 11/20: 1 matches, secondsDelay=1
2026-10-08T05:27:09.951976000Z [INFO] _prediction_market_backtest._load_sims_async: Telonex book source: explicit priority (cache -> local /var/folders/6y/4qkrc5td55s6xkknyl__chdh0000gn/T/telonex-local-3069tws2)
2026-10-08T05:27:09.952045000Z [INFO] _prediction_market_backtest._load_sims_async: Telonex trade source: explicit priority (local /var/folders/6y/4qkrc5td55s6xkknyl__chdh0000gn/T/telonex-local-3069tws2 -> polymarket fallback disabled)
2026-10-08T05:27:09.952082000Z [INFO] _prediction_market_backtest._load_sims_async: Loading 2 replay(s) with 2 worker(s) (BACKTEST_REPLAY_LOAD_WORKERS=1 restores sequential loading)
2026-10-08T05:27:09.952150000Z [INFO] replay_adapters._emit_book_replay_start: Loading Telonex Polymarket market dota2-1win-navi-2026-09-29-game1 (token_index=0, window_start=2026-09-29T12:28:52+00:00, window_end=2026-09-29T13:17:03+00:00)...
2026-10-08T05:27:09.952182000Z [INFO] replay_adapters._emit_book_replay_start: Loading Telonex Polymarket market dota2-1win-navi-2026-09-29-game1 (token_index=1, window_start=2026-09-29T12:28:52+00:00, window_end=2026-09-29T13:17:03+00:00)...
2026-10-08T05:27:09.952885000Z [INFO] loaders._read_metadata_disk_cache: Polymarket metadata cache hit (7.8 KB) cache /Users/dimabytes/.cache/nautilus_trader/polymarket_metadata/v1/gamma-market/41bec9ec0e44301cb5b12f5c4b582251291b71422306b4785d6c8ec11e087bb9.json
2026-10-08T05:27:09.953536000Z [INFO] loaders._read_metadata_disk_cache: Polymarket metadata cache hit (2.8 KB) cache /Users/dimabytes/.cache/nautilus_trader/polymarket_metadata/v1/clob-market/5940f6d18499335bc874831b39d50305b92259c026d7a4e6a677394f3eb3fd00.json
2026-10-08T05:27:09.953785000Z [INFO] loaders._get_market_by_slug: Polymarket metadata discover cache hit memory metadata-cache
2026-10-08T05:27:09.953878000Z [INFO] loaders._get_market_details: Polymarket metadata discover cache hit memory metadata-cache
2026-10-08T05:27:09.954560000Z [INFO] telonex._day_progress: Telonex book start 2026-09-29
2026-10-08T05:27:09.954660000Z [INFO] telonex._day_progress: Telonex book start 2026-09-29
2026-10-08T05:27:10.304792000Z [INFO] telonex._day_progress: Telonex book cache hit 2026-09-29 (201,695 rows) cache /Users/dimabytes/.cache/nautilus_trader/telonex/book-deltas-v1/polymarket/book_snapshot_full/dota2-1win-navi-2026-09-29-game1/outcome=1win/instrument=adfad02c897cfaa1/2026-09-29.1790684932000000000-1790687823000000000.parquet
2026-10-08T05:27:10.327271000Z [INFO] telonex._day_progress: Telonex book cache hit 2026-09-29 (201,697 rows) cache /Users/dimabytes/.cache/nautilus_trader/telonex/book-deltas-v1/polymarket/book_snapshot_full/dota2-1win-navi-2026-09-29-game1/outcome=Natus%20Vincere/instrument=fefa5aa3ff0c1d69/2026-09-29.1790684932000000000-1790687823000000000.parquet
2026-10-08T05:27:10.328709000Z [INFO] replay_adapters._print_trade_progress_header: Loading Polymarket trade ticks for execution dota2-1win-navi-2026-09-29-game1 (window_start=2026-09-29T12:28:52+00:00, window_end=2026-09-29T13:17:03+00:00)...
2026-10-08T05:27:10.328912000Z [INFO] replay_adapters._print_trade_progress_header: Loading Polymarket trade ticks for execution dota2-1win-navi-2026-09-29-game1 (window_start=2026-09-29T12:28:52+00:00, window_end=2026-09-29T13:17:03+00:00)...
2026-10-08T05:27:10.344199000Z [INFO] replay_adapters._print_trade_progress_line: Polymarket trades 2026-09-29 (0.015s) (5,035 rows) telonex onchain_fills cache 2026-09-29.1790640000000000000-1790687823000000000.parquet
2026-10-08T05:27:10.346368000Z [INFO] replay_adapters._print_trade_progress_line: Polymarket trades 2026-09-29 (0.017s) (5,035 rows) telonex onchain_fills cache 2026-09-29.1790640000000000000-1790687823000000000.parquet
[1m2026-09-29T12:44:16.580000000Z[0m [1;33m[WARN] TRADER-000.TwoSidedMakerStrategy: <--[EVT] OrderRejected(instrument_id=0xbfc6d5b0e47c405b8afcd87a33723c573dde432972b9ceda060c0427610b4d52-58414466159605738246879068086570742288570724923568409827572398148945978661319.POLYMARKET, client_order_id=O-20260929-124416-001-9021540875-253, account_id=POLYMARKET-001, reason='POST_ONLY LIMIT BUY order limit px of 0.210 would have been a TAKER: bid=0.190, ask=0.210', due_post_only=True, ts_event=1790685856580000000)[0m
[1m2026-09-29T12:59:30.067000000Z[0m [1;33m[WARN] TRADER-000.TwoSidedMakerStrategy: <--[EVT] OrderRejected(instrument_id=0xbfc6d5b0e47c405b8afcd87a33723c573dde432972b9ceda060c0427610b4d52-2061574585500321810346307588648626778148893763895487654682737244237488490948.POLYMARKET, client_order_id=O-20260929-125929-001-9021540875-803, account_id=POLYMARKET-001, reason='POST_ONLY LIMIT BUY order limit px of 0.460 would have been a TAKER: bid=0.430, ask=0.460', due_post_only=True, ts_event=1790686770067000000)[0m
[1m2026-09-29T13:00:38.090000000Z[0m [1;33m[WARN] TRADER-000.TwoSidedMakerStrategy: <--[EVT] OrderRejected(instrument_id=0xbfc6d5b0e47c405b8afcd87a33723c573dde432972b9ceda060c0427610b4d52-2061574585500321810346307588648626778148893763895487654682737244237488490948.POLYMARKET, client_order_id=O-20260929-130037-001-9021540875-887, account_id=POLYMARKET-001, reason='POST_ONLY LIMIT BUY order limit px of 0.650 would have been a TAKER: bid=0.620, ask=0.630', due_post_only=True, ts_event=1790686838090000000)[0m
[1m2026-09-29T13:49:48.000000000Z[0m [1;33m[WARN] TRADER-000.TwoSidedMakerStrategy: The `Strategy.on_stop` handler was called when not overridden. It's expected that any actions required when stopping the strategy occur here, such as unsubscribing from data[0m
[1m2026-10-08T05:27:14.038206000Z[0m [1;33m[WARN] TRADER-000.TwoSidedMakerStrategy: The `Strategy.on_reset` handler was called when not overridden. It's expected that any actions required when resetting the strategy occur here, such as resetting indicators and other state[0m
[2026-10-08 07:27:14,063] 0xbfc6d5b0e47c405b8afcd87a33723c573dde432972b9ceda060c0427610b4d52-58414466159605738246879068086570742288570724923568409827572398148945978661319.POLYMARKET: Replay selection is explicitly curated from named markets and may exclude cancelled, delisted, or zero-liquidity markets.
[2026-10-08 07:27:14,063] 0xbfc6d5b0e47c405b8afcd87a33723c573dde432972b9ceda060c0427610b4d52-58414466159605738246879068086570742288570724923568409827572398148945978661319.POLYMARKET: No portfolio-level drawdown or daily-loss circuit breaker is configured for this run.
[2026-10-08 07:27:14,098] batch 12/20: 1 matches, secondsDelay=1
2026-10-08T05:27:14.109736000Z [INFO] _prediction_market_backtest._load_sims_async: Telonex book source: explicit priority (cache -> local /var/folders/6y/4qkrc5td55s6xkknyl__chdh0000gn/T/telonex-local-3069tws2)
2026-10-08T05:27:14.109803000Z [INFO] _prediction_market_backtest._load_sims_async: Telonex trade source: explicit priority (local /var/folders/6y/4qkrc5td55s6xkknyl__chdh0000gn/T/telonex-local-3069tws2 -> polymarket fallback disabled)
2026-10-08T05:27:14.109843000Z [INFO] _prediction_market_backtest._load_sims_async: Loading 2 replay(s) with 2 worker(s) (BACKTEST_REPLAY_LOAD_WORKERS=1 restores sequential loading)
2026-10-08T05:27:14.109919000Z [INFO] replay_adapters._emit_book_replay_start: Loading Telonex Polymarket market dota2-liquid-yb1-2026-09-29-game1 (token_index=0, window_start=2026-09-29T17:15:39+00:00, window_end=2026-09-29T17:54:47+00:00)...
2026-10-08T05:27:14.109953000Z [INFO] replay_adapters._emit_book_replay_start: Loading Telonex Polymarket market dota2-liquid-yb1-2026-09-29-game1 (token_index=1, window_start=2026-09-29T17:15:39+00:00, window_end=2026-09-29T17:54:47+00:00)...
2026-10-08T05:27:14.110824000Z [INFO] loaders._read_metadata_disk_cache: Polymarket metadata cache hit (7.9 KB) cache /Users/dimabytes/.cache/nautilus_trader/polymarket_metadata/v1/gamma-market/41aa7354528fa9d15d02b514e38d5ed6d2c28ee685c66ae2d34425bcfc68ea54.json
2026-10-08T05:27:14.111431000Z [INFO] loaders._read_metadata_disk_cache: Polymarket metadata cache hit (2.8 KB) cache /Users/dimabytes/.cache/nautilus_trader/polymarket_metadata/v1/clob-market/0d76dbedff5c4db48202347635094ef6ca43639dca93ac05344cdf95c484abec.json
2026-10-08T05:27:14.111681000Z [INFO] loaders._get_market_by_slug: Polymarket metadata discover cache hit memory metadata-cache
2026-10-08T05:27:14.111777000Z [INFO] loaders._get_market_details: Polymarket metadata discover cache hit memory metadata-cache
2026-10-08T05:27:14.112442000Z [INFO] telonex._day_progress: Telonex book start 2026-09-29
2026-10-08T05:27:14.112628000Z [INFO] telonex._day_progress: Telonex book start 2026-09-29
2026-10-08T05:27:14.184587000Z [INFO] telonex._day_progress: Telonex book cache hit 2026-09-29 (66,307 rows) cache /Users/dimabytes/.cache/nautilus_trader/telonex/book-deltas-v1/polymarket/book_snapshot_full/dota2-liquid-yb1-2026-09-29-game1/outcome=Team%20Liquid/instrument=33c4413221104ac0/2026-09-29.1790702139000000000-1790704487000000000.parquet
2026-10-08T05:27:14.238097000Z [INFO] telonex._day_progress: Telonex book cache hit 2026-09-29 (66,326 rows) cache /Users/dimabytes/.cache/nautilus_trader/telonex/book-deltas-v1/polymarket/book_snapshot_full/dota2-liquid-yb1-2026-09-29-game1/outcome=Yakult%20Brothers/instrument=92bae1053bc38bbf/2026-09-29.1790702139000000000-1790704487000000000.parquet
2026-10-08T05:27:14.238749000Z [INFO] replay_adapters._print_trade_progress_header: Loading Polymarket trade ticks for execution dota2-liquid-yb1-2026-09-29-game1 (window_start=2026-09-29T17:15:39+00:00, window_end=2026-09-29T17:54:47+00:00)...
2026-10-08T05:27:14.238935000Z [INFO] replay_adapters._print_trade_progress_header: Loading Polymarket trade ticks for execution dota2-liquid-yb1-2026-09-29-game1 (window_start=2026-09-29T17:15:39+00:00, window_end=2026-09-29T17:54:47+00:00)...
2026-10-08T05:27:14.246196000Z [INFO] replay_adapters._print_trade_progress_line: Polymarket trades 2026-09-29 (0.007s) (1,226 rows) telonex onchain_fills cache 2026-09-29.1790640000000000000-1790704487000000000.parquet
2026-10-08T05:27:14.252142000Z [INFO] replay_adapters._print_trade_progress_line: Polymarket trades 2026-09-29 (0.013s) (1,226 rows) telonex onchain_fills cache 2026-09-29.1790640000000000000-1790704487000000000.parquet
[1m2026-09-29T17:15:39.670000000Z[0m [1;33m[WARN] TRADER-000.nautilus_common::clock: Timer 'SIGNAL:9021972530:1790702105306513152' alert time 2026-09-29T17:15:39.670+00:00 was in the past, adjusted to current time for immediate firing[0m
[1m2026-09-29T17:15:39.670000000Z[0m [1;33m[WARN] TRADER-000.nautilus_common::clock: Timer 'SIGNAL:9021972530:1790702116128200960' alert time 2026-09-29T17:15:39.670+00:00 was in the past, adjusted to current time for immediate firing[0m
[1m2026-09-29T18:26:50.000000000Z[0m [1;33m[WARN] TRADER-000.TwoSidedMakerStrategy: The `Strategy.on_stop` handler was called when not overridden. It's expected that any actions required when stopping the strategy occur here, such as unsubscribing from data[0m
[1m2026-10-08T05:27:15.432357000Z[0m [1;33m[WARN] TRADER-000.TwoSidedMakerStrategy: The `Strategy.on_reset` handler was called when not overridden. It's expected that any actions required when resetting the strategy occur here, such as resetting indicators and other state[0m
[2026-10-08 07:27:15,441] 0xf49025fb9d11f3656daf5a1a21a81c0edd180f3df806b657bc4699976d46f506-104425996417774396074033073680296275974140764740696637855292689973729157300950.POLYMARKET: Replay selection is explicitly curated from named markets and may exclude cancelled, delisted, or zero-liquidity markets.
[2026-10-08 07:27:15,441] 0xf49025fb9d11f3656daf5a1a21a81c0edd180f3df806b657bc4699976d46f506-104425996417774396074033073680296275974140764740696637855292689973729157300950.POLYMARKET: No portfolio-level drawdown or daily-loss circuit breaker is configured for this run.
[2026-10-08 07:27:15,461] batch 13/20: 1 matches, secondsDelay=1
2026-10-08T05:27:15.470312000Z [INFO] _prediction_market_backtest._load_sims_async: Telonex book source: explicit priority (cache -> local /var/folders/6y/4qkrc5td55s6xkknyl__chdh0000gn/T/telonex-local-3069tws2)
2026-10-08T05:27:15.470360000Z [INFO] _prediction_market_backtest._load_sims_async: Telonex trade source: explicit priority (local /var/folders/6y/4qkrc5td55s6xkknyl__chdh0000gn/T/telonex-local-3069tws2 -> polymarket fallback disabled)
2026-10-08T05:27:15.470395000Z [INFO] _prediction_market_backtest._load_sims_async: Loading 2 replay(s) with 2 worker(s) (BACKTEST_REPLAY_LOAD_WORKERS=1 restores sequential loading)
2026-10-08T05:27:15.470459000Z [INFO] replay_adapters._emit_book_replay_start: Loading Telonex Polymarket market dota2-nem-navi-2026-09-30-game2 (token_index=0, window_start=2026-09-30T15:38:35+00:00, window_end=2026-09-30T16:16:30+00:00)...
2026-10-08T05:27:15.470492000Z [INFO] replay_adapters._emit_book_replay_start: Loading Telonex Polymarket market dota2-nem-navi-2026-09-30-game2 (token_index=1, window_start=2026-09-30T15:38:35+00:00, window_end=2026-09-30T16:16:30+00:00)...
2026-10-08T05:27:15.471293000Z [INFO] loaders._read_metadata_disk_cache: Polymarket metadata cache hit (7.9 KB) cache /Users/dimabytes/.cache/nautilus_trader/polymarket_metadata/v1/gamma-market/674d33ef208ee78883cfb4abc03c55768b6b0f6e868cddebcc16c74d35cbad98.json
2026-10-08T05:27:15.471812000Z [INFO] loaders._read_metadata_disk_cache: Polymarket metadata cache hit (2.8 KB) cache /Users/dimabytes/.cache/nautilus_trader/polymarket_metadata/v1/clob-market/3b50cc9f05c1f88cf3bb0e2cb7d96390b621943de7d7614df1acd160ca970002.json
2026-10-08T05:27:15.472020000Z [INFO] loaders._get_market_by_slug: Polymarket metadata discover cache hit memory metadata-cache
2026-10-08T05:27:15.472103000Z [INFO] loaders._get_market_details: Polymarket metadata discover cache hit memory metadata-cache
2026-10-08T05:27:15.472802000Z [INFO] telonex._day_progress: Telonex book start 2026-09-30
2026-10-08T05:27:15.472990000Z [INFO] telonex._day_progress: Telonex book start 2026-09-30
2026-10-08T05:27:15.550105000Z [INFO] telonex._day_progress: Telonex book cache hit 2026-09-30 (74,970 rows) cache /Users/dimabytes/.cache/nautilus_trader/telonex/book-deltas-v1/polymarket/book_snapshot_full/dota2-nem-navi-2026-09-30-game2/outcome=Natus%20Vincere/instrument=849a21fcd3b21a80/2026-09-30.1790782715000000000-1790784990000000000.parquet
2026-10-08T05:27:15.613177000Z [INFO] telonex._day_progress: Telonex book cache hit 2026-09-30 (77,145 rows) cache /Users/dimabytes/.cache/nautilus_trader/telonex/book-deltas-v1/polymarket/book_snapshot_full/dota2-nem-navi-2026-09-30-game2/outcome=Team%20Nemesis/instrument=b71882d75fb0e305/2026-09-30.1790782715000000000-1790784990000000000.parquet
2026-10-08T05:27:15.613960000Z [INFO] replay_adapters._print_trade_progress_header: Loading Polymarket trade ticks for execution dota2-nem-navi-2026-09-30-game2 (window_start=2026-09-30T15:38:35+00:00, window_end=2026-09-30T16:16:30+00:00)...
2026-10-08T05:27:15.614143000Z [INFO] replay_adapters._print_trade_progress_header: Loading Polymarket trade ticks for execution dota2-nem-navi-2026-09-30-game2 (window_start=2026-09-30T15:38:35+00:00, window_end=2026-09-30T16:16:30+00:00)...
2026-10-08T05:27:15.619873000Z [INFO] replay_adapters._print_trade_progress_line: Polymarket trades 2026-09-30 (0.006s) (1,314 rows) telonex onchain_fills cache 2026-09-30.1790726400000000000-1790784990000000000.parquet
2026-10-08T05:27:15.634045000Z [INFO] replay_adapters._print_trade_progress_line: Polymarket trades 2026-09-30 (0.020s) (1,314 rows) telonex onchain_fills cache 2026-09-30.1790726400000000000-1790784990000000000.parquet
[1m2026-09-30T15:38:35.000000000Z[0m [1;33m[WARN] TRADER-000.nautilus_common::clock: Timer 'SIGNAL:9023195630:1790782691818065920' alert time 2026-09-30T15:38:35+00:00 was in the past, adjusted to current time for immediate firing[0m
[1m2026-09-30T16:47:53.000000000Z[0m [1;33m[WARN] TRADER-000.TwoSidedMakerStrategy: The `Strategy.on_stop` handler was called when not overridden. It's expected that any actions required when stopping the strategy occur here, such as unsubscribing from data[0m
[1m2026-10-08T05:27:16.888532000Z[0m [1;33m[WARN] TRADER-000.TwoSidedMakerStrategy: The `Strategy.on_reset` handler was called when not overridden. It's expected that any actions required when resetting the strategy occur here, such as resetting indicators and other state[0m
[2026-10-08 07:27:16,898] 0x98d6652a75141285ff63c4199855733856dc7f6075df77d2accbde6a6e63f11c-65274585437240389142371497601827486863410006196556655635785376881922740801139.POLYMARKET: Replay selection is explicitly curated from named markets and may exclude cancelled, delisted, or zero-liquidity markets.
[2026-10-08 07:27:16,898] 0x98d6652a75141285ff63c4199855733856dc7f6075df77d2accbde6a6e63f11c-65274585437240389142371497601827486863410006196556655635785376881922740801139.POLYMARKET: No portfolio-level drawdown or daily-loss circuit breaker is configured for this run.
[2026-10-08 07:27:16,917] batch 14/20: 1 matches, secondsDelay=1
2026-10-08T05:27:16.930575000Z [INFO] _prediction_market_backtest._load_sims_async: Telonex book source: explicit priority (cache -> local /var/folders/6y/4qkrc5td55s6xkknyl__chdh0000gn/T/telonex-local-3069tws2)
2026-10-08T05:27:16.930627000Z [INFO] _prediction_market_backtest._load_sims_async: Telonex trade source: explicit priority (local /var/folders/6y/4qkrc5td55s6xkknyl__chdh0000gn/T/telonex-local-3069tws2 -> polymarket fallback disabled)
2026-10-08T05:27:16.930661000Z [INFO] _prediction_market_backtest._load_sims_async: Loading 2 replay(s) with 2 worker(s) (BACKTEST_REPLAY_LOAD_WORKERS=1 restores sequential loading)
2026-10-08T05:27:16.930726000Z [INFO] replay_adapters._emit_book_replay_start: Loading Telonex Polymarket market dota2-mouz-og-2026-10-01-game1 (token_index=0, window_start=2026-10-01T13:10:30+00:00, window_end=2026-10-01T14:13:33+00:00)...
2026-10-08T05:27:16.930757000Z [INFO] replay_adapters._emit_book_replay_start: Loading Telonex Polymarket market dota2-mouz-og-2026-10-01-game1 (token_index=1, window_start=2026-10-01T13:10:30+00:00, window_end=2026-10-01T14:13:33+00:00)...
2026-10-08T05:27:16.931375000Z [INFO] loaders._read_metadata_disk_cache: Polymarket metadata cache hit (7.7 KB) cache /Users/dimabytes/.cache/nautilus_trader/polymarket_metadata/v1/gamma-market/013ef8ee31887254e5983645da62288b654e9ea1c010f86640bb377febe371ac.json
2026-10-08T05:27:16.931935000Z [INFO] loaders._read_metadata_disk_cache: Polymarket metadata cache hit (2.7 KB) cache /Users/dimabytes/.cache/nautilus_trader/polymarket_metadata/v1/clob-market/6272516b883351c3fb0be5f2bc4d0f047d4649838747d797c3606d3f02004013.json
2026-10-08T05:27:16.932171000Z [INFO] loaders._get_market_by_slug: Polymarket metadata discover cache hit memory metadata-cache
2026-10-08T05:27:16.932260000Z [INFO] loaders._get_market_details: Polymarket metadata discover cache hit memory metadata-cache
2026-10-08T05:27:16.932907000Z [INFO] telonex._day_progress: Telonex book start 2026-10-01
2026-10-08T05:27:16.933071000Z [INFO] telonex._day_progress: Telonex book start 2026-10-01
2026-10-08T05:27:17.606047000Z [INFO] telonex._day_progress: Telonex book cache hit 2026-10-01 (398,854 rows) cache /Users/dimabytes/.cache/nautilus_trader/telonex/book-deltas-v1/polymarket/book_snapshot_full/dota2-mouz-og-2026-10-01-game1/outcome=OG/instrument=03eae2fb3bc00050/2026-10-01.1790860230000000000-1790864013000000000.parquet
2026-10-08T05:27:17.721457000Z [INFO] telonex._day_progress: Telonex book cache hit 2026-10-01 (441,674 rows) cache /Users/dimabytes/.cache/nautilus_trader/telonex/book-deltas-v1/polymarket/book_snapshot_full/dota2-mouz-og-2026-10-01-game1/outcome=MOUZ/instrument=2ab7e61cd9762512/2026-10-01.1790860230000000000-1790864013000000000.parquet
2026-10-08T05:27:17.724315000Z [INFO] replay_adapters._print_trade_progress_header: Loading Polymarket trade ticks for execution dota2-mouz-og-2026-10-01-game1 (window_start=2026-10-01T13:10:30+00:00, window_end=2026-10-01T14:13:33+00:00)...
2026-10-08T05:27:17.724549000Z [INFO] replay_adapters._print_trade_progress_header: Loading Polymarket trade ticks for execution dota2-mouz-og-2026-10-01-game1 (window_start=2026-10-01T13:10:30+00:00, window_end=2026-10-01T14:13:33+00:00)...
2026-10-08T05:27:17.742648000Z [INFO] replay_adapters._print_trade_progress_line: Polymarket trades 2026-10-01 (0.018s) (6,917 rows) telonex onchain_fills cache 2026-10-01.1790812800000000000-1790864013000000000.parquet
2026-10-08T05:27:17.762435000Z [INFO] replay_adapters._print_trade_progress_line: Polymarket trades 2026-10-01 (0.038s) (6,917 rows) telonex onchain_fills cache 2026-10-01.1790812800000000000-1790864013000000000.parquet
[1m2026-10-01T13:36:39.201001000Z[0m [1;33m[WARN] TRADER-000.TwoSidedMakerStrategy: <--[EVT] OrderRejected(instrument_id=0x9ba652aa90f92fe18e991957d346445f3a7815ccde9eddc7cecb1ae7e2572aaf-95196908463606386396626670871087670869827856980594664454386296541741631872944.POLYMARKET, client_order_id=O-20261001-133639-001-9024383111-634, account_id=POLYMARKET-001, reason='POST_ONLY LIMIT BUY order limit px of 0.330 would have been a TAKER: bid=0.290, ask=0.310', due_post_only=True, ts_event=1790861799201001000)[0m
[1m2026-10-01T13:36:56.627000000Z[0m [1;33m[WARN] TRADER-000.TwoSidedMakerStrategy: <--[EVT] OrderRejected(instrument_id=0x9ba652aa90f92fe18e991957d346445f3a7815ccde9eddc7cecb1ae7e2572aaf-95196908463606386396626670871087670869827856980594664454386296541741631872944.POLYMARKET, client_order_id=O-20261001-133656-001-9024383111-676, account_id=POLYMARKET-001, reason='POST_ONLY LIMIT BUY order limit px of 0.410 would have been a TAKER: bid=0.370, ask=0.400', due_post_only=True, ts_event=1790861816627000000)[0m
[1m2026-10-01T13:55:45.262000000Z[0m [1;33m[WARN] TRADER-000.TwoSidedMakerStrategy: <--[EVT] OrderRejected(instrument_id=0x9ba652aa90f92fe18e991957d346445f3a7815ccde9eddc7cecb1ae7e2572aaf-114989868615721707118983840274744270837127845426982910135035831645950037344018.POLYMARKET, client_order_id=O-20261001-135545-001-9024383111-1280, account_id=POLYMARKET-001, reason='POST_ONLY LIMIT BUY order limit px of 0.800 would have been a TAKER: bid=0.790, ask=0.800', due_post_only=True, ts_event=1790862945262000000)[0m
[1m2026-10-01T13:57:47.139000000Z[0m [1;33m[WARN] TRADER-000.TwoSidedMakerStrategy: <--[EVT] OrderRejected(instrument_id=0x9ba652aa90f92fe18e991957d346445f3a7815ccde9eddc7cecb1ae7e2572aaf-114989868615721707118983840274744270837127845426982910135035831645950037344018.POLYMARKET, client_order_id=O-20261001-135746-001-9024383111-1418, account_id=POLYMARKET-001, reason='POST_ONLY LIMIT BUY order limit px of 0.640 would have been a TAKER: bid=0.610, ask=0.620', due_post_only=True, ts_event=1790863067139000000)[0m
[1m2026-10-01T14:09:16.133000000Z[0m [1;33m[WARN] TRADER-000.TwoSidedMakerStrategy: <--[EVT] OrderRejected(instrument_id=0x9ba652aa90f92fe18e991957d346445f3a7815ccde9eddc7cecb1ae7e2572aaf-114989868615721707118983840274744270837127845426982910135035831645950037344018.POLYMARKET, client_order_id=O-20261001-140915-001-9024383111-1928, account_id=POLYMARKET-001, reason='POST_ONLY LIMIT BUY order limit px of 0.660 would have been a TAKER: bid=0.620, ask=0.650', due_post_only=True, ts_event=1790863756133000000)[0m
[1m2026-10-01T14:09:19.244000000Z[0m [1;33m[WARN] TRADER-000.TwoSidedMakerStrategy: <--[EVT] OrderRejected(instrument_id=0x9ba652aa90f92fe18e991957d346445f3a7815ccde9eddc7cecb1ae7e2572aaf-114989868615721707118983840274744270837127845426982910135035831645950037344018.POLYMARKET, client_order_id=O-20261001-140919-001-9024383111-1936, account_id=POLYMARKET-001, reason='POST_ONLY LIMIT BUY order limit px of 0.560 would have been a TAKER: bid=0.530, ask=0.550', due_post_only=True, ts_event=1790863759244000000)[0m
[1m2026-10-01T14:09:23.325000000Z[0m [1;33m[WARN] TRADER-000.TwoSidedMakerStrategy: <--[EVT] OrderRejected(instrument_id=0x9ba652aa90f92fe18e991957d346445f3a7815ccde9eddc7cecb1ae7e2572aaf-114989868615721707118983840274744270837127845426982910135035831645950037344018.POLYMARKET, client_order_id=O-20261001-140923-001-9024383111-1948, account_id=POLYMARKET-001, reason='POST_ONLY LIMIT BUY order limit px of 0.330 would have been a TAKER: bid=0.150, ask=0.300', due_post_only=True, ts_event=1790863763325000000)[0m
[1m2026-10-01T14:10:04.495000000Z[0m [1;33m[WARN] TRADER-000.TwoSidedMakerStrategy: <--[EVT] OrderRejected(instrument_id=0x9ba652aa90f92fe18e991957d346445f3a7815ccde9eddc7cecb1ae7e2572aaf-95196908463606386396626670871087670869827856980594664454386296541741631872944.POLYMARKET, client_order_id=O-20261001-141004-001-9024383111-2044, account_id=POLYMARKET-001, reason='POST_ONLY LIMIT BUY order limit px of 0.600 would have been a TAKER: bid=0.530, ask=0.570', due_post_only=True, ts_event=1790863804495000000)[0m
[1m2026-10-01T14:10:20.196000000Z[0m [1;33m[WARN] TRADER-000.TwoSidedMakerStrategy: <--[EVT] OrderRejected(instrument_id=0x9ba652aa90f92fe18e991957d346445f3a7815ccde9eddc7cecb1ae7e2572aaf-114989868615721707118983840274744270837127845426982910135035831645950037344018.POLYMARKET, client_order_id=O-20261001-141019-001-9024383111-2071, account_id=POLYMARKET-001, reason='POST_ONLY LIMIT BUY order limit px of 0.500 would have been a TAKER: bid=0.490, ask=0.500', due_post_only=True, ts_event=1790863820196000000)[0m
[1m2026-10-01T14:10:57.377000000Z[0m [1;33m[WARN] TRADER-000.TwoSidedMakerStrategy: <--[EVT] OrderRejected(instrument_id=0x9ba652aa90f92fe18e991957d346445f3a7815ccde9eddc7cecb1ae7e2572aaf-114989868615721707118983840274744270837127845426982910135035831645950037344018.POLYMARKET, client_order_id=O-20261001-141057-001-9024383111-2130, account_id=POLYMARKET-001, reason='POST_ONLY LIMIT BUY order limit px of 0.300 would have been a TAKER: bid=0.230, ask=0.270', due_post_only=True, ts_event=1790863857377000000)[0m
[1m2026-10-01T14:11:25.082000000Z[0m [1;33m[WARN] TRADER-000.TwoSidedMakerStrategy: <--[EVT] OrderRejected(instrument_id=0x9ba652aa90f92fe18e991957d346445f3a7815ccde9eddc7cecb1ae7e2572aaf-114989868615721707118983840274744270837127845426982910135035831645950037344018.POLYMARKET, client_order_id=O-20261001-141124-001-9024383111-2173, account_id=POLYMARKET-001, reason='POST_ONLY LIMIT BUY order limit px of 0.750 would have been a TAKER: bid=0.620, ask=0.740', due_post_only=True, ts_event=1790863885082000000)[0m
[1m2026-10-01T14:11:27.468000000Z[0m [1;33m[WARN] TRADER-000.TwoSidedMakerStrategy: <--[EVT] OrderRejected(instrument_id=0x9ba652aa90f92fe18e991957d346445f3a7815ccde9eddc7cecb1ae7e2572aaf-95196908463606386396626670871087670869827856980594664454386296541741631872944.POLYMARKET, client_order_id=O-20261001-141127-001-9024383111-2174, account_id=POLYMARKET-001, reason='POST_ONLY LIMIT BUY order limit px of 0.140 would have been a TAKER: bid=0.100, ask=0.140', due_post_only=True, ts_event=1790863887468000000)[0m
[1m2026-10-01T14:11:30.202000000Z[0m [1;33m[WARN] TRADER-000.TwoSidedMakerStrategy: <--[EVT] OrderRejected(instrument_id=0x9ba652aa90f92fe18e991957d346445f3a7815ccde9eddc7cecb1ae7e2572aaf-95196908463606386396626670871087670869827856980594664454386296541741631872944.POLYMARKET, client_order_id=O-20261001-141130-001-9024383111-2181, account_id=POLYMARKET-001, reason='POST_ONLY LIMIT BUY order limit px of 0.260 would have been a TAKER: bid=0.190, ask=0.200', due_post_only=True, ts_event=1790863890202000000)[0m
[1m2026-10-01T14:47:00.000000000Z[0m [1;33m[WARN] TRADER-000.TwoSidedMakerStrategy: The `Strategy.on_stop` handler was called when not overridden. It's expected that any actions required when stopping the strategy occur here, such as unsubscribing from data[0m
[1m2026-10-08T05:27:24.844525000Z[0m [1;33m[WARN] TRADER-000.TwoSidedMakerStrategy: The `Strategy.on_reset` handler was called when not overridden. It's expected that any actions required when resetting the strategy occur here, such as resetting indicators and other state[0m
[2026-10-08 07:27:24,894] 0x9ba652aa90f92fe18e991957d346445f3a7815ccde9eddc7cecb1ae7e2572aaf-95196908463606386396626670871087670869827856980594664454386296541741631872944.POLYMARKET: Replay selection is explicitly curated from named markets and may exclude cancelled, delisted, or zero-liquidity markets.
[2026-10-08 07:27:24,894] 0x9ba652aa90f92fe18e991957d346445f3a7815ccde9eddc7cecb1ae7e2572aaf-95196908463606386396626670871087670869827856980594664454386296541741631872944.POLYMARKET: No portfolio-level drawdown or daily-loss circuit breaker is configured for this run.
[2026-10-08 07:27:24,942] batch 15/20: 1 matches, secondsDelay=1
2026-10-08T05:27:24.954253000Z [INFO] _prediction_market_backtest._load_sims_async: Telonex book source: explicit priority (cache -> local /var/folders/6y/4qkrc5td55s6xkknyl__chdh0000gn/T/telonex-local-3069tws2)
2026-10-08T05:27:24.954314000Z [INFO] _prediction_market_backtest._load_sims_async: Telonex trade source: explicit priority (local /var/folders/6y/4qkrc5td55s6xkknyl__chdh0000gn/T/telonex-local-3069tws2 -> polymarket fallback disabled)
2026-10-08T05:27:24.954352000Z [INFO] _prediction_market_backtest._load_sims_async: Loading 2 replay(s) with 2 worker(s) (BACKTEST_REPLAY_LOAD_WORKERS=1 restores sequential loading)
2026-10-08T05:27:24.954423000Z [INFO] replay_adapters._emit_book_replay_start: Loading Telonex Polymarket market dota2-gl-liquid-2026-10-02-game1 (token_index=0, window_start=2026-10-02T15:40:49+00:00, window_end=2026-10-02T16:26:34+00:00)...
2026-10-08T05:27:24.954456000Z [INFO] replay_adapters._emit_book_replay_start: Loading Telonex Polymarket market dota2-gl-liquid-2026-10-02-game1 (token_index=1, window_start=2026-10-02T15:40:49+00:00, window_end=2026-10-02T16:26:34+00:00)...
2026-10-08T05:27:24.955402000Z [INFO] loaders._read_metadata_disk_cache: Polymarket metadata cache hit (7.9 KB) cache /Users/dimabytes/.cache/nautilus_trader/polymarket_metadata/v1/gamma-market/bf766279e519b2252b31af1724e97fb718727a8ed8f0ccdcf53f2f94983f2419.json
2026-10-08T05:27:24.956219000Z [INFO] loaders._read_metadata_disk_cache: Polymarket metadata cache hit (2.8 KB) cache /Users/dimabytes/.cache/nautilus_trader/polymarket_metadata/v1/clob-market/d4d9f64cd37555403066f66032e0cad3a917fc4e700327d042f09453b1cd99ca.json
2026-10-08T05:27:24.956453000Z [INFO] loaders._get_market_by_slug: Polymarket metadata discover cache hit memory metadata-cache
2026-10-08T05:27:24.956544000Z [INFO] loaders._get_market_details: Polymarket metadata discover cache hit memory metadata-cache
2026-10-08T05:27:24.957484000Z [INFO] telonex._day_progress: Telonex book start 2026-10-02
2026-10-08T05:27:24.958041000Z [INFO] telonex._day_progress: Telonex book start 2026-10-02
2026-10-08T05:27:25.386183000Z [INFO] telonex._day_progress: Telonex book cache hit 2026-10-02 (238,104 rows) cache /Users/dimabytes/.cache/nautilus_trader/telonex/book-deltas-v1/polymarket/book_snapshot_full/dota2-gl-liquid-2026-10-02-game1/outcome=Team%20Liquid/instrument=3c990954d517a0ce/2026-10-02.1790955649000000000-1790958394000000000.parquet
2026-10-08T05:27:25.424502000Z [INFO] telonex._day_progress: Telonex book cache hit 2026-10-02 (258,080 rows) cache /Users/dimabytes/.cache/nautilus_trader/telonex/book-deltas-v1/polymarket/book_snapshot_full/dota2-gl-liquid-2026-10-02-game1/outcome=GamerLegion/instrument=c95e62465066e3cf/2026-10-02.1790955649000000000-1790958394000000000.parquet
2026-10-08T05:27:25.426356000Z [INFO] replay_adapters._print_trade_progress_header: Loading Polymarket trade ticks for execution dota2-gl-liquid-2026-10-02-game1 (window_start=2026-10-02T15:40:49+00:00, window_end=2026-10-02T16:26:34+00:00)...
2026-10-08T05:27:25.426557000Z [INFO] replay_adapters._print_trade_progress_header: Loading Polymarket trade ticks for execution dota2-gl-liquid-2026-10-02-game1 (window_start=2026-10-02T15:40:49+00:00, window_end=2026-10-02T16:26:34+00:00)...
2026-10-08T05:27:25.437484000Z [INFO] replay_adapters._print_trade_progress_line: Polymarket trades 2026-10-02 (0.011s) (3,752 rows) telonex onchain_fills cache 2026-10-02.1790899200000000000-1790958394000000000.parquet
2026-10-08T05:27:25.460682000Z [INFO] replay_adapters._print_trade_progress_line: Polymarket trades 2026-10-02 (0.034s) (3,752 rows) telonex onchain_fills cache 2026-10-02.1790899200000000000-1790958394000000000.parquet
[1m2026-10-02T15:54:29.065000000Z[0m [1;33m[WARN] TRADER-000.TwoSidedMakerStrategy: <--[EVT] OrderRejected(instrument_id=0x6fd024783f7b52873e7be2643f91059eeacc26ecc3f20a8f33f180696524cf69-74011459913132830258558642756736485794097418467071228692985518219050358592051.POLYMARKET, client_order_id=O-20261002-155428-001-9026055399-207, account_id=POLYMARKET-001, reason='POST_ONLY LIMIT BUY order limit px of 0.310 would have been a TAKER: bid=0.290, ask=0.310', due_post_only=True, ts_event=1790956469065000000)[0m
[1m2026-10-02T16:12:03.062000000Z[0m [1;33m[WARN] TRADER-000.TwoSidedMakerStrategy: <--[EVT] OrderRejected(instrument_id=0x6fd024783f7b52873e7be2643f91059eeacc26ecc3f20a8f33f180696524cf69-67880537006187949959295500602457985478330226627610730802496445896370961276966.POLYMARKET, client_order_id=O-20261002-161202-001-9026055399-726, account_id=POLYMARKET-001, reason='POST_ONLY LIMIT BUY order limit px of 0.320 would have been a TAKER: bid=0.230, ask=0.240', due_post_only=True, ts_event=1790957523062000000)[0m
[1m2026-10-02T16:12:59.032000000Z[0m [1;33m[WARN] TRADER-000.TwoSidedMakerStrategy: <--[EVT] OrderRejected(instrument_id=0x6fd024783f7b52873e7be2643f91059eeacc26ecc3f20a8f33f180696524cf69-67880537006187949959295500602457985478330226627610730802496445896370961276966.POLYMARKET, client_order_id=O-20261002-161258-001-9026055399-751, account_id=POLYMARKET-001, reason='POST_ONLY LIMIT BUY order limit px of 0.280 would have been a TAKER: bid=0.270, ask=0.280', due_post_only=True, ts_event=1790957579032000000)[0m
[1m2026-10-02T16:24:43.143000000Z[0m [1;33m[WARN] TRADER-000.TwoSidedMakerStrategy: <--[EVT] OrderRejected(instrument_id=0x6fd024783f7b52873e7be2643f91059eeacc26ecc3f20a8f33f180696524cf69-67880537006187949959295500602457985478330226627610730802496445896370961276966.POLYMARKET, client_order_id=O-20261002-162442-001-9026055399-1095, account_id=POLYMARKET-001, reason='POST_ONLY LIMIT BUY order limit px of 0.500 would have been a TAKER: bid=0.490, ask=0.500', due_post_only=True, ts_event=1790958283143000000)[0m
[1m2026-10-02T16:24:46.241000000Z[0m [1;33m[WARN] TRADER-000.TwoSidedMakerStrategy: <--[EVT] OrderRejected(instrument_id=0x6fd024783f7b52873e7be2643f91059eeacc26ecc3f20a8f33f180696524cf69-67880537006187949959295500602457985478330226627610730802496445896370961276966.POLYMARKET, client_order_id=O-20261002-162446-001-9026055399-1104, account_id=POLYMARKET-001, reason='POST_ONLY LIMIT BUY order limit px of 0.580 would have been a TAKER: bid=0.440, ask=0.580', due_post_only=True, ts_event=1790958286241000000)[0m
[1m2026-10-02T16:25:01.341000000Z[0m [1;33m[WARN] TRADER-000.TwoSidedMakerStrategy: <--[EVT] OrderRejected(instrument_id=0x6fd024783f7b52873e7be2643f91059eeacc26ecc3f20a8f33f180696524cf69-74011459913132830258558642756736485794097418467071228692985518219050358592051.POLYMARKET, client_order_id=O-20261002-162501-001-9026055399-1149, account_id=POLYMARKET-001, reason='POST_ONLY LIMIT BUY order limit px of 0.140 would have been a TAKER: bid=0.080, ask=0.140', due_post_only=True, ts_event=1790958301341000000)[0m
[1m2026-10-02T16:25:09.526000000Z[0m [1;33m[WARN] TRADER-000.TwoSidedMakerStrategy: <--[EVT] OrderRejected(instrument_id=0x6fd024783f7b52873e7be2643f91059eeacc26ecc3f20a8f33f180696524cf69-74011459913132830258558642756736485794097418467071228692985518219050358592051.POLYMARKET, client_order_id=O-20261002-162509-001-9026055399-1185, account_id=POLYMARKET-001, reason='POST_ONLY LIMIT BUY order limit px of 0.100 would have been a TAKER: bid=0.080, ask=0.090', due_post_only=True, ts_event=1790958309526000000)[0m
[1m2026-10-02T16:25:14.255000000Z[0m [1;33m[WARN] TRADER-000.TwoSidedMakerStrategy: <--[EVT] OrderRejected(instrument_id=0x6fd024783f7b52873e7be2643f91059eeacc26ecc3f20a8f33f180696524cf69-67880537006187949959295500602457985478330226627610730802496445896370961276966.POLYMARKET, client_order_id=O-20261002-162514-001-9026055399-1194, account_id=POLYMARKET-001, reason='POST_ONLY LIMIT BUY order limit px of 0.750 would have been a TAKER: bid=0.730, ask=0.740', due_post_only=True, ts_event=1790958314255000000)[0m
[1m2026-10-02T16:57:57.000000000Z[0m [1;33m[WARN] TRADER-000.TwoSidedMakerStrategy: The `Strategy.on_stop` handler was called when not overridden. It's expected that any actions required when stopping the strategy occur here, such as unsubscribing from data[0m
[1m2026-10-08T05:27:29.754088000Z[0m [1;33m[WARN] TRADER-000.TwoSidedMakerStrategy: The `Strategy.on_reset` handler was called when not overridden. It's expected that any actions required when resetting the strategy occur here, such as resetting indicators and other state[0m
[2026-10-08 07:27:29,784] 0x6fd024783f7b52873e7be2643f91059eeacc26ecc3f20a8f33f180696524cf69-67880537006187949959295500602457985478330226627610730802496445896370961276966.POLYMARKET: Replay selection is explicitly curated from named markets and may exclude cancelled, delisted, or zero-liquidity markets.
[2026-10-08 07:27:29,784] 0x6fd024783f7b52873e7be2643f91059eeacc26ecc3f20a8f33f180696524cf69-67880537006187949959295500602457985478330226627610730802496445896370961276966.POLYMARKET: No portfolio-level drawdown or daily-loss circuit breaker is configured for this run.
[2026-10-08 07:27:29,821] batch 16/20: 1 matches, secondsDelay=1
2026-10-08T05:27:29.828472000Z [INFO] _prediction_market_backtest._load_sims_async: Telonex book source: explicit priority (cache -> local /var/folders/6y/4qkrc5td55s6xkknyl__chdh0000gn/T/telonex-local-3069tws2)
2026-10-08T05:27:29.828521000Z [INFO] _prediction_market_backtest._load_sims_async: Telonex trade source: explicit priority (local /var/folders/6y/4qkrc5td55s6xkknyl__chdh0000gn/T/telonex-local-3069tws2 -> polymarket fallback disabled)
2026-10-08T05:27:29.828557000Z [INFO] _prediction_market_backtest._load_sims_async: Loading 2 replay(s) with 2 worker(s) (BACKTEST_REPLAY_LOAD_WORKERS=1 restores sequential loading)
2026-10-08T05:27:29.828627000Z [INFO] replay_adapters._emit_book_replay_start: Loading Telonex Polymarket market dota2-ts8-ty-2026-10-03-game1 (token_index=0, window_start=2026-10-03T17:06:40+00:00, window_end=2026-10-03T17:46:15+00:00)...
2026-10-08T05:27:29.828659000Z [INFO] replay_adapters._emit_book_replay_start: Loading Telonex Polymarket market dota2-ts8-ty-2026-10-03-game1 (token_index=1, window_start=2026-10-03T17:06:40+00:00, window_end=2026-10-03T17:46:15+00:00)...
2026-10-08T05:27:29.829315000Z [INFO] loaders._read_metadata_disk_cache: Polymarket metadata cache hit (7.9 KB) cache /Users/dimabytes/.cache/nautilus_trader/polymarket_metadata/v1/gamma-market/8882bb6b03ceebecd0d8502ba0bdc05cc66486da1fdcfdc53dc64d41bf201f6a.json
2026-10-08T05:27:29.829887000Z [INFO] loaders._read_metadata_disk_cache: Polymarket metadata cache hit (2.8 KB) cache /Users/dimabytes/.cache/nautilus_trader/polymarket_metadata/v1/clob-market/e14eb0b8a1498b0b0065da01db4dd8a7f8ce9ba533de410bd68544ab7dc65c30.json
2026-10-08T05:27:29.830130000Z [INFO] loaders._get_market_by_slug: Polymarket metadata discover cache hit memory metadata-cache
2026-10-08T05:27:29.830227000Z [INFO] loaders._get_market_details: Polymarket metadata discover cache hit memory metadata-cache
2026-10-08T05:27:29.830968000Z [INFO] telonex._day_progress: Telonex book start 2026-10-03
2026-10-08T05:27:29.831163000Z [INFO] telonex._day_progress: Telonex book start 2026-10-03
2026-10-08T05:27:29.937141000Z [INFO] telonex._day_progress: Telonex book cache hit 2026-10-03 (102,635 rows) cache /Users/dimabytes/.cache/nautilus_trader/telonex/book-deltas-v1/polymarket/book_snapshot_full/dota2-ts8-ty-2026-10-03-game1/outcome=Team%20Spirit/instrument=3913aa6870aa7800/2026-10-03.1791047200000000000-1791049575000000000.parquet
2026-10-08T05:27:30.016824000Z [INFO] telonex._day_progress: Telonex book cache hit 2026-10-03 (95,622 rows) cache /Users/dimabytes/.cache/nautilus_trader/telonex/book-deltas-v1/polymarket/book_snapshot_full/dota2-ts8-ty-2026-10-03-game1/outcome=Team%20Yandex/instrument=ce03bd74d9378ee3/2026-10-03.1791047200000000000-1791049575000000000.parquet
2026-10-08T05:27:30.017578000Z [INFO] replay_adapters._print_trade_progress_header: Loading Polymarket trade ticks for execution dota2-ts8-ty-2026-10-03-game1 (window_start=2026-10-03T17:06:40+00:00, window_end=2026-10-03T17:46:15+00:00)...
2026-10-08T05:27:30.017768000Z [INFO] replay_adapters._print_trade_progress_header: Loading Polymarket trade ticks for execution dota2-ts8-ty-2026-10-03-game1 (window_start=2026-10-03T17:06:40+00:00, window_end=2026-10-03T17:46:15+00:00)...
2026-10-08T05:27:30.026203000Z [INFO] replay_adapters._print_trade_progress_line: Polymarket trades 2026-10-03 (0.008s) (3,998 rows) telonex onchain_fills cache 2026-10-03.1790985600000000000-1791049575000000000.parquet
2026-10-08T05:27:30.049722000Z [INFO] replay_adapters._print_trade_progress_line: Polymarket trades 2026-10-03 (0.032s) (3,998 rows) telonex onchain_fills cache 2026-10-03.1790985600000000000-1791049575000000000.parquet
[1m2026-10-03T18:18:14.000000000Z[0m [1;33m[WARN] TRADER-000.TwoSidedMakerStrategy: The `Strategy.on_stop` handler was called when not overridden. It's expected that any actions required when stopping the strategy occur here, such as unsubscribing from data[0m
[1m2026-10-08T05:27:31.774239000Z[0m [1;33m[WARN] TRADER-000.TwoSidedMakerStrategy: The `Strategy.on_reset` handler was called when not overridden. It's expected that any actions required when resetting the strategy occur here, such as resetting indicators and other state[0m
[2026-10-08 07:27:31,787] 0xd62e0fb61828ec967e3b82bfe490f468bb0796a0ece53758616051003ee36df7-70816580653962405351884694170293441806258670086960079765989972340553573820736.POLYMARKET: Replay selection is explicitly curated from named markets and may exclude cancelled, delisted, or zero-liquidity markets.
[2026-10-08 07:27:31,787] 0xd62e0fb61828ec967e3b82bfe490f468bb0796a0ece53758616051003ee36df7-70816580653962405351884694170293441806258670086960079765989972340553573820736.POLYMARKET: No portfolio-level drawdown or daily-loss circuit breaker is configured for this run.
[2026-10-08 07:27:31,817] batch 17/20: 1 matches, secondsDelay=1
2026-10-08T05:27:31.830238000Z [INFO] _prediction_market_backtest._load_sims_async: Telonex book source: explicit priority (cache -> local /var/folders/6y/4qkrc5td55s6xkknyl__chdh0000gn/T/telonex-local-3069tws2)
2026-10-08T05:27:31.830290000Z [INFO] _prediction_market_backtest._load_sims_async: Telonex trade source: explicit priority (local /var/folders/6y/4qkrc5td55s6xkknyl__chdh0000gn/T/telonex-local-3069tws2 -> polymarket fallback disabled)
2026-10-08T05:27:31.830325000Z [INFO] _prediction_market_backtest._load_sims_async: Loading 2 replay(s) with 2 worker(s) (BACKTEST_REPLAY_LOAD_WORKERS=1 restores sequential loading)
2026-10-08T05:27:31.830390000Z [INFO] replay_adapters._emit_book_replay_start: Loading Telonex Polymarket market dota2-mouz-gl-2026-09-08 (token_index=0, window_start=2026-09-08T23:41:19+00:00, window_end=2026-09-09T00:25:39+00:00)...
2026-10-08T05:27:31.830420000Z [INFO] replay_adapters._emit_book_replay_start: Loading Telonex Polymarket market dota2-mouz-gl-2026-09-08 (token_index=1, window_start=2026-09-08T23:41:19+00:00, window_end=2026-09-09T00:25:39+00:00)...
2026-10-08T05:27:31.831162000Z [INFO] loaders._read_metadata_disk_cache: Polymarket metadata cache hit (8.7 KB) cache /Users/dimabytes/.cache/nautilus_trader/polymarket_metadata/v1/gamma-market/3c98960ef31f98ac73dc7b9672df96915bffc5050d649a17357588a7965c295d.json
2026-10-08T05:27:31.831686000Z [INFO] loaders._read_metadata_disk_cache: Polymarket metadata cache hit (3.7 KB) cache /Users/dimabytes/.cache/nautilus_trader/polymarket_metadata/v1/clob-market/7369da2158f049f65a115f7fbb4a06a95617481cdb36f5dcf866ad1e1493c408.json
2026-10-08T05:27:31.831884000Z [INFO] loaders._get_market_by_slug: Polymarket metadata discover cache hit memory metadata-cache
2026-10-08T05:27:31.831963000Z [INFO] loaders._get_market_details: Polymarket metadata discover cache hit memory metadata-cache
2026-10-08T05:27:31.833098000Z [INFO] telonex._day_progress: Telonex book start 2026-09-08
2026-10-08T05:27:31.833201000Z [INFO] telonex._day_progress: Telonex book start 2026-09-09
2026-10-08T05:27:31.833540000Z [INFO] telonex._day_progress: Telonex book start 2026-09-08
2026-10-08T05:27:31.833659000Z [INFO] telonex._day_progress: Telonex book start 2026-09-09
2026-10-08T05:27:31.858024000Z [INFO] telonex._day_progress: Telonex book cache hit 2026-09-09 (24,454 rows) cache /Users/dimabytes/.cache/nautilus_trader/telonex/book-deltas-v1/polymarket/book_snapshot_full/dota2-mouz-gl-2026-09-08/outcome=MOUZ/instrument=a7fc833e8a4b076e/2026-09-09.1788912000000000000-1788913539000000000.parquet
2026-10-08T05:27:31.910673000Z [INFO] telonex._day_progress: Telonex book cache hit 2026-09-08 (34,689 rows) cache /Users/dimabytes/.cache/nautilus_trader/telonex/book-deltas-v1/polymarket/book_snapshot_full/dota2-mouz-gl-2026-09-08/outcome=GamerLegion/instrument=392b6446dcef7bc9/2026-09-08.1788910879000000000-1788911999999999999.parquet
2026-10-08T05:27:31.910786000Z [INFO] telonex._day_progress: Telonex book cache hit 2026-09-09 (24,454 rows) cache /Users/dimabytes/.cache/nautilus_trader/telonex/book-deltas-v1/polymarket/book_snapshot_full/dota2-mouz-gl-2026-09-08/outcome=GamerLegion/instrument=392b6446dcef7bc9/2026-09-09.1788912000000000000-1788913539000000000.parquet
2026-10-08T05:27:31.942820000Z [INFO] telonex._day_progress: Telonex book cache hit 2026-09-08 (34,623 rows) cache /Users/dimabytes/.cache/nautilus_trader/telonex/book-deltas-v1/polymarket/book_snapshot_full/dota2-mouz-gl-2026-09-08/outcome=MOUZ/instrument=a7fc833e8a4b076e/2026-09-08.1788910879000000000-1788911999999999999.parquet
2026-10-08T05:27:31.943480000Z [INFO] replay_adapters._print_trade_progress_header: Loading Polymarket trade ticks for execution dota2-mouz-gl-2026-09-08 (window_start=2026-09-08T23:41:19+00:00, window_end=2026-09-09T00:25:39+00:00)...
2026-10-08T05:27:31.943659000Z [INFO] replay_adapters._print_trade_progress_header: Loading Polymarket trade ticks for execution dota2-mouz-gl-2026-09-08 (window_start=2026-09-08T23:41:19+00:00, window_end=2026-09-09T00:25:39+00:00)...
2026-10-08T05:27:31.950569000Z [INFO] replay_adapters._print_trade_progress_line: Polymarket trades 2026-09-08 (0.007s) (1,600 rows) telonex onchain_fills cache 2026-09-08.1788825600000000000-1788911999999999999.parquet
2026-10-08T05:27:31.951101000Z [INFO] replay_adapters._print_trade_progress_line: Polymarket trades 2026-09-08 (0.007s) (1,600 rows) telonex onchain_fills cache 2026-09-08.1788825600000000000-1788911999999999999.parquet
2026-10-08T05:27:31.953628000Z [INFO] replay_adapters._print_trade_progress_line: Polymarket trades 2026-09-09 (0.002s) (454 rows) telonex onchain_fills cache 2026-09-09.1788912000000000000-1788913539000000000.parquet
2026-10-08T05:27:31.974384000Z [INFO] replay_adapters._print_trade_progress_line: Polymarket trades 2026-09-09 (0.024s) (454 rows) telonex onchain_fills cache 2026-09-09.1788912000000000000-1788913539000000000.parquet
[1m2026-09-08T23:41:19.004000000Z[0m [1;33m[WARN] TRADER-000.nautilus_common::clock: Timer 'SIGNAL:8989644322:1788910869357835008' alert time 2026-09-08T23:41:19.004+00:00 was in the past, adjusted to current time for immediate firing[0m
[1m2026-09-09T05:30:31.000000000Z[0m [1;33m[WARN] TRADER-000.TwoSidedMakerStrategy: The `Strategy.on_stop` handler was called when not overridden. It's expected that any actions required when stopping the strategy occur here, such as unsubscribing from data[0m
[1m2026-10-08T05:27:33.166767000Z[0m [1;33m[WARN] TRADER-000.TwoSidedMakerStrategy: The `Strategy.on_reset` handler was called when not overridden. It's expected that any actions required when resetting the strategy occur here, such as resetting indicators and other state[0m
[2026-10-08 07:27:33,174] 0xdfbc939f55f1a47654b8a48c9f9dacf7cfb22f4e2f8621d673767f28876c74f7-76681879227640137506055621571794310384379245222256474229007916883146785681429.POLYMARKET: Replay selection is explicitly curated from named markets and may exclude cancelled, delisted, or zero-liquidity markets.
[2026-10-08 07:27:33,174] 0xdfbc939f55f1a47654b8a48c9f9dacf7cfb22f4e2f8621d673767f28876c74f7-76681879227640137506055621571794310384379245222256474229007916883146785681429.POLYMARKET: No portfolio-level drawdown or daily-loss circuit breaker is configured for this run.
[2026-10-08 07:27:33,201] batch 18/20: 1 matches, secondsDelay=1
2026-10-08T05:27:33.207052000Z [INFO] _prediction_market_backtest._load_sims_async: Telonex book source: explicit priority (cache -> local /var/folders/6y/4qkrc5td55s6xkknyl__chdh0000gn/T/telonex-local-3069tws2)
2026-10-08T05:27:33.207107000Z [INFO] _prediction_market_backtest._load_sims_async: Telonex trade source: explicit priority (local /var/folders/6y/4qkrc5td55s6xkknyl__chdh0000gn/T/telonex-local-3069tws2 -> polymarket fallback disabled)
2026-10-08T05:27:33.207144000Z [INFO] _prediction_market_backtest._load_sims_async: Loading 2 replay(s) with 2 worker(s) (BACKTEST_REPLAY_LOAD_WORKERS=1 restores sequential loading)
2026-10-08T05:27:33.207214000Z [INFO] replay_adapters._emit_book_replay_start: Loading Telonex Polymarket market dota2-mouz-huliga-2026-09-09-game1 (token_index=0, window_start=2026-09-09T12:16:05+00:00, window_end=2026-09-09T12:50:19+00:00)...
2026-10-08T05:27:33.207246000Z [INFO] replay_adapters._emit_book_replay_start: Loading Telonex Polymarket market dota2-mouz-huliga-2026-09-09-game1 (token_index=1, window_start=2026-09-09T12:16:05+00:00, window_end=2026-09-09T12:50:19+00:00)...
2026-10-08T05:27:33.207798000Z [INFO] loaders._read_metadata_disk_cache: Polymarket metadata cache hit (7.7 KB) cache /Users/dimabytes/.cache/nautilus_trader/polymarket_metadata/v1/gamma-market/10c761315d96906b1e259a018820b8e8a6828e10354ebec497df521c79a64b68.json
2026-10-08T05:27:33.208324000Z [INFO] loaders._read_metadata_disk_cache: Polymarket metadata cache hit (2.8 KB) cache /Users/dimabytes/.cache/nautilus_trader/polymarket_metadata/v1/clob-market/997b34063ef88baa457e4ac6a263c4862acfe9f8d8522489d846073f5e604192.json
2026-10-08T05:27:33.208532000Z [INFO] loaders._get_market_by_slug: Polymarket metadata discover cache hit memory metadata-cache
2026-10-08T05:27:33.208611000Z [INFO] loaders._get_market_details: Polymarket metadata discover cache hit memory metadata-cache
2026-10-08T05:27:33.209687000Z [INFO] telonex._day_progress: Telonex book start 2026-09-09
2026-10-08T05:27:33.209788000Z [INFO] telonex._day_progress: Telonex book start 2026-09-09
2026-10-08T05:27:33.328551000Z [INFO] telonex._day_progress: Telonex book cache hit 2026-09-09 (64,350 rows) cache /Users/dimabytes/.cache/nautilus_trader/telonex/book-deltas-v1/polymarket/book_snapshot_full/dota2-mouz-huliga-2026-09-09-game1/outcome=HULIGANI/instrument=1f06049f19e14665/2026-09-09.1788956165000000000-1788958219000000000.parquet
2026-10-08T05:27:33.330579000Z [INFO] telonex._day_progress: Telonex book cache hit 2026-09-09 (64,330 rows) cache /Users/dimabytes/.cache/nautilus_trader/telonex/book-deltas-v1/polymarket/book_snapshot_full/dota2-mouz-huliga-2026-09-09-game1/outcome=MOUZ/instrument=1aeed25346197917/2026-09-09.1788956165000000000-1788958219000000000.parquet
2026-10-08T05:27:33.331412000Z [INFO] replay_adapters._print_trade_progress_header: Loading Polymarket trade ticks for execution dota2-mouz-huliga-2026-09-09-game1 (window_start=2026-09-09T12:16:05+00:00, window_end=2026-09-09T12:50:19+00:00)...
2026-10-08T05:27:33.331588000Z [INFO] replay_adapters._print_trade_progress_header: Loading Polymarket trade ticks for execution dota2-mouz-huliga-2026-09-09-game1 (window_start=2026-09-09T12:16:05+00:00, window_end=2026-09-09T12:50:19+00:00)...
2026-10-08T05:27:33.336514000Z [INFO] replay_adapters._print_trade_progress_line: Polymarket trades 2026-09-09 (0.005s) (1,019 rows) telonex onchain_fills cache 2026-09-09.1788912000000000000-1788958219000000000.parquet
2026-10-08T05:27:33.359177000Z [INFO] replay_adapters._print_trade_progress_line: Polymarket trades 2026-09-09 (0.027s) (1,019 rows) telonex onchain_fills cache 2026-09-09.1788912000000000000-1788958219000000000.parquet
[1m2026-09-09T14:15:16.000000000Z[0m [1;33m[WARN] TRADER-000.TwoSidedMakerStrategy: The `Strategy.on_stop` handler was called when not overridden. It's expected that any actions required when stopping the strategy occur here, such as unsubscribing from data[0m
[1m2026-10-08T05:27:34.489747000Z[0m [1;33m[WARN] TRADER-000.TwoSidedMakerStrategy: The `Strategy.on_reset` handler was called when not overridden. It's expected that any actions required when resetting the strategy occur here, such as resetting indicators and other state[0m
[2026-10-08 07:27:34,498] 0x236772986a7ea74d058571b6a63f10609c802f03f8340bbb0f830716571fd7df-36566663721674333173005992526801504593972499674940329539303004826351239505014.POLYMARKET: Replay selection is explicitly curated from named markets and may exclude cancelled, delisted, or zero-liquidity markets.
[2026-10-08 07:27:34,498] 0x236772986a7ea74d058571b6a63f10609c802f03f8340bbb0f830716571fd7df-36566663721674333173005992526801504593972499674940329539303004826351239505014.POLYMARKET: No portfolio-level drawdown or daily-loss circuit breaker is configured for this run.
[2026-10-08 07:27:34,526] batch 19/20: 1 matches, secondsDelay=1
2026-10-08T05:27:34.534581000Z [INFO] _prediction_market_backtest._load_sims_async: Telonex book source: explicit priority (cache -> local /var/folders/6y/4qkrc5td55s6xkknyl__chdh0000gn/T/telonex-local-3069tws2)
2026-10-08T05:27:34.534631000Z [INFO] _prediction_market_backtest._load_sims_async: Telonex trade source: explicit priority (local /var/folders/6y/4qkrc5td55s6xkknyl__chdh0000gn/T/telonex-local-3069tws2 -> polymarket fallback disabled)
2026-10-08T05:27:34.534666000Z [INFO] _prediction_market_backtest._load_sims_async: Loading 2 replay(s) with 2 worker(s) (BACKTEST_REPLAY_LOAD_WORKERS=1 restores sequential loading)
2026-10-08T05:27:34.534733000Z [INFO] replay_adapters._emit_book_replay_start: Loading Telonex Polymarket market dota2-mouz-huliga-2026-09-09-game2 (token_index=0, window_start=2026-09-09T13:15:01+00:00, window_end=2026-09-09T13:41:53+00:00)...
2026-10-08T05:27:34.534765000Z [INFO] replay_adapters._emit_book_replay_start: Loading Telonex Polymarket market dota2-mouz-huliga-2026-09-09-game2 (token_index=1, window_start=2026-09-09T13:15:01+00:00, window_end=2026-09-09T13:41:53+00:00)...
2026-10-08T05:27:34.535237000Z [INFO] loaders._read_metadata_disk_cache: Polymarket metadata cache hit (7.7 KB) cache /Users/dimabytes/.cache/nautilus_trader/polymarket_metadata/v1/gamma-market/5409c013760b753a7196a5049925468bc3c688898ee4953f631bf1603cec9a8d.json
2026-10-08T05:27:34.535702000Z [INFO] loaders._read_metadata_disk_cache: Polymarket metadata cache hit (2.8 KB) cache /Users/dimabytes/.cache/nautilus_trader/polymarket_metadata/v1/clob-market/399f3f419d0b2b86e8c5bc4a008c623d72ed0fd5333ca4e2c4ec3896371c7b30.json
2026-10-08T05:27:34.535910000Z [INFO] loaders._get_market_by_slug: Polymarket metadata discover cache hit memory metadata-cache
2026-10-08T05:27:34.535997000Z [INFO] loaders._get_market_details: Polymarket metadata discover cache hit memory metadata-cache
2026-10-08T05:27:34.536774000Z [INFO] telonex._day_progress: Telonex book start 2026-09-09
2026-10-08T05:27:34.536871000Z [INFO] telonex._day_progress: Telonex book start 2026-09-09
2026-10-08T05:27:34.604770000Z [INFO] telonex._day_progress: Telonex book cache hit 2026-09-09 (38,943 rows) cache /Users/dimabytes/.cache/nautilus_trader/telonex/book-deltas-v1/polymarket/book_snapshot_full/dota2-mouz-huliga-2026-09-09-game2/outcome=HULIGANI/instrument=51ec377206e31ba3/2026-09-09.1788959701000000000-1788961313000000000.parquet
2026-10-08T05:27:34.609379000Z [INFO] telonex._day_progress: Telonex book cache hit 2026-09-09 (38,850 rows) cache /Users/dimabytes/.cache/nautilus_trader/telonex/book-deltas-v1/polymarket/book_snapshot_full/dota2-mouz-huliga-2026-09-09-game2/outcome=MOUZ/instrument=75fb28f32bcbcdc7/2026-09-09.1788959701000000000-1788961313000000000.parquet
2026-10-08T05:27:34.609811000Z [INFO] replay_adapters._print_trade_progress_header: Loading Polymarket trade ticks for execution dota2-mouz-huliga-2026-09-09-game2 (window_start=2026-09-09T13:15:01+00:00, window_end=2026-09-09T13:41:53+00:00)...
2026-10-08T05:27:34.609967000Z [INFO] replay_adapters._print_trade_progress_header: Loading Polymarket trade ticks for execution dota2-mouz-huliga-2026-09-09-game2 (window_start=2026-09-09T13:15:01+00:00, window_end=2026-09-09T13:41:53+00:00)...
2026-10-08T05:27:34.615750000Z [INFO] replay_adapters._print_trade_progress_line: Polymarket trades 2026-09-09 (0.006s) (1,015 rows) telonex onchain_fills cache 2026-09-09.1788912000000000000-1788961313000000000.parquet
2026-10-08T05:27:34.616142000Z [INFO] replay_adapters._print_trade_progress_line: Polymarket trades 2026-09-09 (0.006s) (1,015 rows) telonex onchain_fills cache 2026-09-09.1788912000000000000-1788961313000000000.parquet
[1m2026-09-09T14:44:18.000000000Z[0m [1;33m[WARN] TRADER-000.TwoSidedMakerStrategy: The `Strategy.on_stop` handler was called when not overridden. It's expected that any actions required when stopping the strategy occur here, such as unsubscribing from data[0m
[1m2026-10-08T05:27:35.377757000Z[0m [1;33m[WARN] TRADER-000.TwoSidedMakerStrategy: The `Strategy.on_reset` handler was called when not overridden. It's expected that any actions required when resetting the strategy occur here, such as resetting indicators and other state[0m
[2026-10-08 07:27:35,383] 0xa3f46e2ca19366466190fb17c1cb4be6344702581b7db71fb137497f0c4987b5-75839613524394447058852524550164083705297188083296350463246774008646802412294.POLYMARKET: Replay selection is explicitly curated from named markets and may exclude cancelled, delisted, or zero-liquidity markets.
[2026-10-08 07:27:35,383] 0xa3f46e2ca19366466190fb17c1cb4be6344702581b7db71fb137497f0c4987b5-75839613524394447058852524550164083705297188083296350463246774008646802412294.POLYMARKET: No portfolio-level drawdown or daily-loss circuit breaker is configured for this run.
[2026-10-08 07:27:35,408] batch 20/20: 1 matches, secondsDelay=1
2026-10-08T05:27:35.431326000Z [INFO] _prediction_market_backtest._load_sims_async: Telonex book source: explicit priority (cache -> local /var/folders/6y/4qkrc5td55s6xkknyl__chdh0000gn/T/telonex-local-3069tws2)
2026-10-08T05:27:35.431385000Z [INFO] _prediction_market_backtest._load_sims_async: Telonex trade source: explicit priority (local /var/folders/6y/4qkrc5td55s6xkknyl__chdh0000gn/T/telonex-local-3069tws2 -> polymarket fallback disabled)
2026-10-08T05:27:35.431424000Z [INFO] _prediction_market_backtest._load_sims_async: Loading 2 replay(s) with 2 worker(s) (BACKTEST_REPLAY_LOAD_WORKERS=1 restores sequential loading)
2026-10-08T05:27:35.431487000Z [INFO] replay_adapters._emit_book_replay_start: Loading Telonex Polymarket market dota2-mouz-huliga-2026-09-09 (token_index=0, window_start=2026-09-09T14:06:12+00:00, window_end=2026-09-09T15:31:23+00:00)...
2026-10-08T05:27:35.431520000Z [INFO] replay_adapters._emit_book_replay_start: Loading Telonex Polymarket market dota2-mouz-huliga-2026-09-09 (token_index=1, window_start=2026-09-09T14:06:12+00:00, window_end=2026-09-09T15:31:23+00:00)...
2026-10-08T05:27:35.432425000Z [INFO] loaders._read_metadata_disk_cache: Polymarket metadata cache hit (8.6 KB) cache /Users/dimabytes/.cache/nautilus_trader/polymarket_metadata/v1/gamma-market/84dc99053dcb485a4f44b49a817ac2caec9b4e80dd9fffd66d9fde19cace7ce4.json
2026-10-08T05:27:35.432955000Z [INFO] loaders._read_metadata_disk_cache: Polymarket metadata cache hit (3.7 KB) cache /Users/dimabytes/.cache/nautilus_trader/polymarket_metadata/v1/clob-market/87ee21374aee6b2ff452f8b6f28019f9c0dfa24402e2cf8163cc4c482ab5fcbd.json
2026-10-08T05:27:35.433181000Z [INFO] loaders._get_market_by_slug: Polymarket metadata discover cache hit memory metadata-cache
2026-10-08T05:27:35.433263000Z [INFO] loaders._get_market_details: Polymarket metadata discover cache hit memory metadata-cache
2026-10-08T05:27:35.434331000Z [INFO] telonex._day_progress: Telonex book start 2026-09-09
2026-10-08T05:27:35.434549000Z [INFO] telonex._day_progress: Telonex book start 2026-09-09
2026-10-08T05:27:35.927788000Z [INFO] telonex._day_progress: Telonex book cache hit 2026-09-09 (309,958 rows) cache /Users/dimabytes/.cache/nautilus_trader/telonex/book-deltas-v1/polymarket/book_snapshot_full/dota2-mouz-huliga-2026-09-09/outcome=HULIGANI/instrument=9f488e78268cc2ed/2026-09-09.1788962772000000000-1788967883000000000.parquet
2026-10-08T05:27:36.013318000Z [INFO] telonex._day_progress: Telonex book cache hit 2026-09-09 (309,985 rows) cache /Users/dimabytes/.cache/nautilus_trader/telonex/book-deltas-v1/polymarket/book_snapshot_full/dota2-mouz-huliga-2026-09-09/outcome=MOUZ/instrument=fcb4249cfbb89aa5/2026-09-09.1788962772000000000-1788967883000000000.parquet
2026-10-08T05:27:36.015690000Z [INFO] replay_adapters._print_trade_progress_header: Loading Polymarket trade ticks for execution dota2-mouz-huliga-2026-09-09 (window_start=2026-09-09T14:06:12+00:00, window_end=2026-09-09T15:31:23+00:00)...
2026-10-08T05:27:36.015959000Z [INFO] replay_adapters._print_trade_progress_header: Loading Polymarket trade ticks for execution dota2-mouz-huliga-2026-09-09 (window_start=2026-09-09T14:06:12+00:00, window_end=2026-09-09T15:31:23+00:00)...
2026-10-08T05:27:36.033320000Z [INFO] replay_adapters._print_trade_progress_line: Polymarket trades 2026-09-09 (0.017s) (5,677 rows) telonex onchain_fills cache 2026-09-09.1788912000000000000-1788967883000000000.parquet
2026-10-08T05:27:36.035630000Z [INFO] replay_adapters._print_trade_progress_line: Polymarket trades 2026-09-09 (0.019s) (5,677 rows) telonex onchain_fills cache 2026-09-09.1788912000000000000-1788967883000000000.parquet
[1m2026-09-09T14:06:12.006000000Z[0m [1;33m[WARN] TRADER-000.nautilus_common::clock: Timer 'SIGNAL:8990366825:1788962758637842944' alert time 2026-09-09T14:06:12.006+00:00 was in the past, adjusted to current time for immediate firing[0m
[1m2026-09-09T14:20:03.153000000Z[0m [1;33m[WARN] TRADER-000.TwoSidedMakerStrategy: <--[EVT] OrderRejected(instrument_id=0x3229fd7d7353c510c76c6dedc0039fd73302a2b4c0f3b6a519a1bbb848f4dbf8-98545176639454627332627590849273787615330612191305534597097154907454219126271.POLYMARKET, client_order_id=O-20260909-142002-001-8990366825-270, account_id=POLYMARKET-001, reason='POST_ONLY LIMIT BUY order limit px of 0.520 would have been a TAKER: bid=0.510, ask=0.520', due_post_only=True, ts_event=1788963603153000000)[0m
[1m2026-09-09T14:38:30.005000000Z[0m [1;33m[WARN] TRADER-000.TwoSidedMakerStrategy: <--[EVT] OrderRejected(instrument_id=0x3229fd7d7353c510c76c6dedc0039fd73302a2b4c0f3b6a519a1bbb848f4dbf8-98545176639454627332627590849273787615330612191305534597097154907454219126271.POLYMARKET, client_order_id=O-20260909-143829-001-8990366825-722, account_id=POLYMARKET-001, reason='POST_ONLY LIMIT BUY order limit px of 0.650 would have been a TAKER: bid=0.660, ask=0.650', due_post_only=True, ts_event=1788964710005000000)[0m
[1m2026-09-09T14:51:41.671000000Z[0m [1;33m[WARN] TRADER-000.TwoSidedMakerStrategy: <--[EVT] OrderRejected(instrument_id=0x3229fd7d7353c510c76c6dedc0039fd73302a2b4c0f3b6a519a1bbb848f4dbf8-98545176639454627332627590849273787615330612191305534597097154907454219126271.POLYMARKET, client_order_id=O-20260909-145141-001-8990366825-1205, account_id=POLYMARKET-001, reason='POST_ONLY LIMIT BUY order limit px of 0.380 would have been a TAKER: bid=0.360, ask=0.380', due_post_only=True, ts_event=1788965501671000000)[0m
[1m2026-09-09T14:59:18.076000000Z[0m [1;33m[WARN] TRADER-000.TwoSidedMakerStrategy: <--[EVT] OrderRejected(instrument_id=0x3229fd7d7353c510c76c6dedc0039fd73302a2b4c0f3b6a519a1bbb848f4dbf8-18831085318774897698216820310269456316304530710628082789717529120820588766474.POLYMARKET, client_order_id=O-20260909-145917-001-8990366825-1507, account_id=POLYMARKET-001, reason='POST_ONLY LIMIT BUY order limit px of 0.740 would have been a TAKER: bid=0.720, ask=0.730', due_post_only=True, ts_event=1788965958076000000)[0m
[1m2026-09-09T14:59:31.256000000Z[0m [1;33m[WARN] TRADER-000.TwoSidedMakerStrategy: <--[EVT] OrderRejected(instrument_id=0x3229fd7d7353c510c76c6dedc0039fd73302a2b4c0f3b6a519a1bbb848f4dbf8-18831085318774897698216820310269456316304530710628082789717529120820588766474.POLYMARKET, client_order_id=O-20260909-145931-001-8990366825-1534, account_id=POLYMARKET-001, reason='POST_ONLY LIMIT BUY order limit px of 0.540 would have been a TAKER: bid=0.480, ask=0.490', due_post_only=True, ts_event=1788965971256000000)[0m
[1m2026-09-09T15:28:11.353000000Z[0m [1;33m[WARN] TRADER-000.TwoSidedMakerStrategy: <--[EVT] OrderRejected(instrument_id=0x3229fd7d7353c510c76c6dedc0039fd73302a2b4c0f3b6a519a1bbb848f4dbf8-18831085318774897698216820310269456316304530710628082789717529120820588766474.POLYMARKET, client_order_id=O-20260909-152811-001-8990366825-2247, account_id=POLYMARKET-001, reason='POST_ONLY LIMIT BUY order limit px of 0.180 would have been a TAKER: bid=0.160, ask=0.180', due_post_only=True, ts_event=1788967691353000000)[0m
[1m2026-09-09T16:38:00.000000000Z[0m [1;33m[WARN] TRADER-000.TwoSidedMakerStrategy: The `Strategy.on_stop` handler was called when not overridden. It's expected that any actions required when stopping the strategy occur here, such as unsubscribing from data[0m
[1m2026-10-08T05:27:42.477213000Z[0m [1;33m[WARN] TRADER-000.TwoSidedMakerStrategy: The `Strategy.on_reset` handler was called when not overridden. It's expected that any actions required when resetting the strategy occur here, such as resetting indicators and other state[0m
[2026-10-08 07:27:42,518] 0x3229fd7d7353c510c76c6dedc0039fd73302a2b4c0f3b6a519a1bbb848f4dbf8-98545176639454627332627590849273787615330612191305534597097154907454219126271.POLYMARKET: Replay selection is explicitly curated from named markets and may exclude cancelled, delisted, or zero-liquidity markets.
[2026-10-08 07:27:42,518] 0x3229fd7d7353c510c76c6dedc0039fd73302a2b4c0f3b6a519a1bbb848f4dbf8-98545176639454627332627590849273787615330612191305534597097154907454219126271.POLYMARKET: No portfolio-level drawdown or daily-loss circuit breaker is configured for this run.
[2026-10-08 07:27:42,590] saved: /Users/dimabytes/work/polymarket/dota_2_bot/esports-trader/data/backtests/dota_maker/validation_join_delta02_x015_cut480_p45_ts-regress-final/seed0
Starting dota_maker with 2 sims and 1 strategy config(s)...
Starting dota_maker with 2 sims and 1 strategy config(s)...
Starting dota_maker with 2 sims and 1 strategy config(s)...
Starting dota_maker with 2 sims and 1 strategy config(s)...
Starting dota_maker with 2 sims and 1 strategy config(s)...
Starting dota_maker with 2 sims and 1 strategy config(s)...
Starting dota_maker with 2 sims and 1 strategy config(s)...
Starting dota_maker with 2 sims and 1 strategy config(s)...
Starting dota_maker with 2 sims and 1 strategy config(s)...
Starting dota_maker with 2 sims and 1 strategy config(s)...
Starting dota_maker with 2 sims and 1 strategy config(s)...
Starting dota_maker with 2 sims and 1 strategy config(s)...
Starting dota_maker with 2 sims and 1 strategy config(s)...
Starting dota_maker with 2 sims and 1 strategy config(s)...
Starting dota_maker with 2 sims and 1 strategy config(s)...
Starting dota_maker with 2 sims and 1 strategy config(s)...
Starting dota_maker with 2 sims and 1 strategy config(s)...
Starting dota_maker with 2 sims and 1 strategy config(s)...
Starting dota_maker with 2 sims and 1 strategy config(s)...
Starting dota_maker with 2 sims and 1 strategy config(s)...
join/queue

  model                     20261005T081730Z
  trainlag                  10s
  btlag                     10s
  seed                      0
  h                         3 t
  size                      20 sh
  band                      [0.10, 0.90]
  spike                     off
  queue                     on

RUN
  eligible                  n/a
  selected                  20
  completed                 20
  terminated                0
  traded matches            20
  no-trade                  0
  traded + no-trade         20
  buy fills                 1349  (67.5 / traded)
  sell fills                0
  turnover                  $8038.00
  median clip               $7.80
  fill rate                 4.9%

SIGNALS
  schedule:grid             15
  schedule:oddin            5
  excluded                  0
  model research            15
  model research-noxp       5

PNL
  span                      25d
  cash est (fills only)     $35.45
  deposit w/ reserves       $49.99
  deposit w/ res @close     $49.99
  peak reserved             $37.74
  pnl before rebate         $160.03
  ROI before rebate         451%
  rebate                    $26.24
  taker fee                 $0.00
  merge usdc                $8052.40
  leftover settlement       $145.63
  pnl with rebate           $186.27
  final balance with rebate $221.72
  ROI with rebate           525%
  net / deposit w/ reserves 3.726
  pnl per match             $8.001
  pnl per match with rebate $9.313
  median match pnl          $7.781
  pnl per share             0.953¢
  pnl per share with rebate 1.110¢
  maps at once              2

BALANCE
    202.93 ┤                                                                                                  ╭─
    198.52 ┤                                                                                              ╭───╯ 
    194.12 ┤                                                                                              │     
    189.71 ┤                                                                                              │     
    185.30 ┤                                                                                          ╭───╯     
    180.89 ┤                                                                                          │         
    176.49 ┤                                                                                          │         
    172.08 ┤                                                                                          │         
    167.67 ┤                                                                                          │         
    163.27 ┤                                                                                          │         
    158.86 ┤                                                                                          │         
    154.45 ┤                                                                                          │         
    150.04 ┤                                                                                          │         
    145.64 ┤                                                                                  ╭───╮   │         
    141.23 ┤                                                                                  │   ╰───╯         
    136.82 ┤       ╭─────────────────────────────────────╮                                    │                 
    132.41 ┤       │                                     │                            ╭───────╯                 
    128.01 ┤       │                                     ╰───╮                        │                         
    123.60 ┤   ╭───╯                                         │                        │                         
    119.19 ┤   │                                             ╰───╮                    │                         
    114.79 ┤   │                                                 ╰─╮                  │                         
    110.38 ┤   │                                                   │                  │                         
    105.97 ┤   │                                                   │                  │                         
    101.56 ┤   │                                                   ╰─────╮            │                         
     97.16 ┤   │                                                         │            │                         
     92.75 ┤  ╭╯                                                         │    ╭───────╯                         
     88.34 ┤  │                                                          ╰────╯                                 
     83.93 ┤  │                                                                                                 
     79.53 ┤  │                                                                                                 
     75.12 ┤  │                                                                                                 
     70.71 ┤  │                                                                                                 
     66.31 ┤  │                                                                                                 
     61.90 ┤  │                                                                                                 
     57.49 ┤  │                                                                                                 
     53.08 ┤ ╭╯                                                                                                 
     48.68 ┤ │                                                                                                  
     44.27 ┤ │                                                                                                  
     39.86 ┤ │                                                                                                  
     35.45 ┼╮│──────────────────────────────────────────────────────────────────────────────────────────────────
     31.05 ┤╰╯                                                                                                  

FILLS
                     est    95% CI
  buy  30s        0.712¢    [  0.310,   1.071]
  buy 300s        1.287¢    [  0.514,   1.944]
  sell 30s           n/a
  sell 300s          n/a

BOARD FILLS <=10s
  fills                     396  (29.4% of fills)
  buy 300s        0.287¢    [ -0.808,   1.576]
  sell 300s          n/a

HOLD
  hold                      n/a

RISK
  loss rate                 45.0%
  CVaR 5%                   -$17.663
  worst match               -$17.663
  lowest capital point      $31.92
[2026-10-08 07:27:48,411] saved: /Users/dimabytes/work/polymarket/dota_2_bot/esports-trader/data/backtests/dota_maker/validation_join_delta02_x015_cut480_p45_ts-regress-final/seed0
[2026-10-08 07:27:48,413] removed /Users/dimabytes/work/polymarket/dota_2_bot/esports-trader/data/backtests/dota_maker/validation_join_delta02_x015_cut480_p45_ts-regress-final/seed0/quote_event_parts
